# OBJ written from F:\Redframe Studio\GMC\MIGRACIONES\temporales\agosto\25 Agosto\bookmark-005\bookmark-005.obj
# Units	meters

o bookmark-005
v -0.0225 0.00708333 0
v -0.015 0.00708333 0
v -0.0075 0.00708333 0
v 0 0.00708333 0
v 0.0075 0.00708333 0
v 0.015 0.00708333 0
v 0.0225 0.00708333 0
v -0.0225 0.0141667 0
v -0.015 0.0141667 0
v -0.0075 0.0141667 0
v 0 0.0141667 0
v 0.0075 0.0141667 0
v 0.015 0.0141667 0
v 0.0225 0.0141667 0
v -0.0225 0.02125 0
v -0.015 0.02125 0
v -0.0075 0.02125 0
v 0 0.02125 0
v 0.0075 0.02125 0
v 0.015 0.02125 0
v 0.0225 0.02125 0
v -0.0225 0.0283333 0
v -0.015 0.0283333 0
v -0.0075 0.0283333 0
v 0 0.0283333 0
v 0.0075 0.0283333 0
v 0.015 0.0283333 0
v 0.0225 0.0283333 0
v -0.0225 0.0354167 0
v -0.015 0.0354167 0
v -0.0075 0.0354167 0
v 0 0.0354167 0
v 0.0075 0.0354167 0
v 0.015 0.0354167 0
v 0.0225 0.0354167 0
v -0.0225 0.0425 0
v -0.015 0.0425 0
v -0.0075 0.0425 0
v 0 0.0425 0
v 0.0075 0.0425 0
v 0.015 0.0425 0
v 0.0225 0.0425 0
v -0.0225 0.0495833 0
v -0.015 0.0495833 0
v -0.0075 0.0495833 0
v 0 0.0495833 0
v 0.0075 0.0495833 0
v 0.015 0.0495833 0
v 0.0225 0.0495833 0
v -0.0225 0.0566667 0
v -0.015 0.0566667 0
v -0.0075 0.0566667 0
v 0 0.0566667 0
v 0.0075 0.0566667 0
v 0.015 0.0566667 0
v 0.0225 0.0566667 0
v -0.0225 0.06375 0
v -0.015 0.06375 0
v -0.0075 0.06375 0
v 0 0.06375 0
v 0.0075 0.06375 0
v 0.015 0.06375 0
v 0.0225 0.06375 0
v -0.0225 0.0708333 0
v -0.015 0.0708333 0
v -0.0075 0.0708333 0
v 0 0.0708333 0
v 0.0075 0.0708333 0
v 0.015 0.0708333 0
v 0.0225 0.0708333 0
v -0.0225 0.0779167 0
v -0.015 0.0779167 0
v -0.0075 0.0779167 0
v 0 0.0779167 0
v 0.0075 0.0779167 0
v 0.015 0.0779167 0
v 0.0225 0.0779167 0
v -0.0225 0.085 0
v -0.015 0.085 0
v -0.0075 0.085 0
v 0 0.085 0
v 0.0075 0.085 0
v 0.015 0.085 0
v 0.0225 0.085 0
v -0.0225 0.0920833 0
v -0.015 0.0920833 0
v -0.0075 0.0920833 0
v 0 0.0920833 0
v 0.0075 0.0920833 0
v 0.015 0.0920833 0
v 0.0225 0.0920833 0
v -0.0225 0.0991667 0
v -0.015 0.0991667 0
v -0.0075 0.0991667 0
v 0 0.0991667 0
v 0.0075 0.0991667 0
v 0.015 0.0991667 0
v 0.0225 0.0991667 0
v -0.0225 0.10625 0
v -0.015 0.10625 0
v -0.0075 0.10625 0
v 0 0.10625 0
v 0.0075 0.10625 0
v 0.015 0.10625 0
v 0.0225 0.10625 0
v -0.0225 0.113333 0
v -0.015 0.113333 0
v -0.0075 0.113333 0
v 0 0.113333 0
v 0.0075 0.113333 0
v 0.015 0.113333 0
v 0.0225 0.113333 0
v -0.0225 0.120417 0
v -0.015 0.120417 0
v -0.0075 0.120417 0
v 0 0.120417 0
v 0.0075 0.120417 0
v 0.015 0.120417 0
v 0.0225 0.120417 0
v -0.0225 0.1275 0
v -0.015 0.1275 0
v -0.0075 0.1275 0
v 0 0.1275 0
v 0.0075 0.1275 0
v 0.015 0.1275 0
v 0.0225 0.1275 0
v -0.0225 0.134583 0
v -0.015 0.134583 0
v -0.0075 0.134583 0
v 0 0.134583 0
v 0.0075 0.134583 0
v 0.015 0.134583 0
v 0.0225 0.134583 0
v -0.0225 0.141667 0
v -0.015 0.141667 0
v -0.0075 0.141667 0
v 0 0.141667 0
v 0.0075 0.141667 0
v 0.015 0.141667 0
v 0.0225 0.141667 0
v -0.0225 0.14875 0
v -0.015 0.14875 0
v -0.0075 0.14875 0
v 0 0.14875 0
v 0.0075 0.14875 0
v 0.015 0.14875 0
v 0.0225 0.14875 0
v -0.0225 0.155833 0
v -0.015 0.155833 0
v -0.00749565 0.155838 0
v 0 0.155728 0
v 0.00749565 0.155838 0
v 0.015 0.155833 0
v 0.0225 0.155833 0
v -0.0225 0.162917 0
v -0.015 0.162917 0
v -0.00759438 0.162922 0
v 0.00759438 0.162922 0
v 0.015 0.162917 0
v 0.0225 0.162917 0
v -0.0225 0.00354167 0
v -0.02625 0.00708333 0
v -0.0262353 0.0035555 0
v -0.015 0.00354167 0
v -0.01875 0.00708333 0
v -0.01875 0.00354167 0
v -0.0075 0.00354167 0
v -0.01125 0.00708333 0
v -0.01125 0.00354167 0
v 0 0.00354167 0
v -0.00375 0.00708333 0
v -0.00375 0.00354167 0
v 0.0075 0.00354167 0
v 0.00375 0.00708333 0
v 0.00375 0.00354167 0
v 0.015 0.00354167 0
v 0.01125 0.00708333 0
v 0.01125 0.00354167 0
v 0.0225 0.00354167 0
v 0.01875 0.00708333 0
v 0.01875 0.00354167 0
v 0.02625 0.00708333 0
v 0.0262353 0.0035555 0
v -0.0225 0.010625 0
v -0.02625 0.0141667 0
v -0.02625 0.010625 0
v -0.015 0.010625 0
v -0.01875 0.0141667 0
v -0.01875 0.010625 0
v -0.0075 0.010625 0
v -0.01125 0.0141667 0
v -0.01125 0.010625 0
v 0 0.010625 0
v -0.00375 0.0141667 0
v -0.00375 0.010625 0
v 0.0075 0.010625 0
v 0.00375 0.0141667 0
v 0.00375 0.010625 0
v 0.015 0.010625 0
v 0.01125 0.0141667 0
v 0.01125 0.010625 0
v 0.0225 0.010625 0
v 0.01875 0.0141667 0
v 0.01875 0.010625 0
v 0.02625 0.0141667 0
v 0.02625 0.010625 0
v -0.0225 0.0177083 0
v -0.02625 0.02125 0
v -0.02625 0.0177083 0
v -0.015 0.0177083 0
v -0.01875 0.02125 0
v -0.01875 0.0177083 0
v -0.0075 0.0177083 0
v -0.01125 0.02125 0
v -0.01125 0.0177083 0
v 0 0.0177083 0
v -0.00375 0.02125 0
v -0.00375 0.0177083 0
v 0.0075 0.0177083 0
v 0.00375 0.02125 0
v 0.00375 0.0177083 0
v 0.015 0.0177083 0
v 0.01125 0.02125 0
v 0.01125 0.0177083 0
v 0.0225 0.0177083 0
v 0.01875 0.02125 0
v 0.01875 0.0177083 0
v 0.02625 0.02125 0
v 0.02625 0.0177083 0
v -0.0225 0.0247917 0
v -0.02625 0.0283333 0
v -0.02625 0.0247917 0
v -0.015 0.0247917 0
v -0.01875 0.0283333 0
v -0.01875 0.0247917 0
v -0.0075 0.0247917 0
v -0.01125 0.0283333 0
v -0.01125 0.0247917 0
v 0 0.0247917 0
v -0.00375 0.0283333 0
v -0.00375 0.0247917 0
v 0.0075 0.0247917 0
v 0.00375 0.0283333 0
v 0.00375 0.0247917 0
v 0.015 0.0247917 0
v 0.01125 0.0283333 0
v 0.01125 0.0247917 0
v 0.0225 0.0247917 0
v 0.01875 0.0283333 0
v 0.01875 0.0247917 0
v 0.02625 0.0283333 0
v 0.02625 0.0247917 0
v -0.0225 0.031875 0
v -0.02625 0.0354167 0
v -0.02625 0.031875 0
v -0.015 0.031875 0
v -0.01875 0.0354167 0
v -0.01875 0.031875 0
v -0.0075 0.031875 0
v -0.01125 0.0354167 0
v -0.01125 0.031875 0
v 0 0.031875 0
v -0.00375 0.0354167 0
v -0.00375 0.031875 0
v 0.0075 0.031875 0
v 0.00375 0.0354167 0
v 0.00375 0.031875 0
v 0.015 0.031875 0
v 0.01125 0.0354167 0
v 0.01125 0.031875 0
v 0.0225 0.031875 0
v 0.01875 0.0354167 0
v 0.01875 0.031875 0
v 0.02625 0.0354167 0
v 0.02625 0.031875 0
v -0.0225 0.0389583 0
v -0.02625 0.0425 0
v -0.02625 0.0389583 0
v -0.015 0.0389583 0
v -0.01875 0.0425 0
v -0.01875 0.0389583 0
v -0.0075 0.0389583 0
v -0.01125 0.0425 0
v -0.01125 0.0389583 0
v 0 0.0389583 0
v -0.00375 0.0425 0
v -0.00375 0.0389583 0
v 0.0075 0.0389583 0
v 0.00375 0.0425 0
v 0.00375 0.0389583 0
v 0.015 0.0389583 0
v 0.01125 0.0425 0
v 0.01125 0.0389583 0
v 0.0225 0.0389583 0
v 0.01875 0.0425 0
v 0.01875 0.0389583 0
v 0.02625 0.0425 0
v 0.02625 0.0389583 0
v -0.0225 0.0460417 0
v -0.02625 0.0495833 0
v -0.02625 0.0460417 0
v -0.015 0.0460417 0
v -0.01875 0.0495833 0
v -0.01875 0.0460417 0
v -0.0075 0.0460417 0
v -0.01125 0.0495833 0
v -0.01125 0.0460417 0
v 0 0.0460417 0
v -0.00375 0.0495833 0
v -0.00375 0.0460417 0
v 0.0075 0.0460417 0
v 0.00375 0.0495833 0
v 0.00375 0.0460417 0
v 0.015 0.0460417 0
v 0.01125 0.0495833 0
v 0.01125 0.0460417 0
v 0.0225 0.0460417 0
v 0.01875 0.0495833 0
v 0.01875 0.0460417 0
v 0.02625 0.0495833 0
v 0.02625 0.0460417 0
v -0.0225 0.053125 0
v -0.02625 0.0566667 0
v -0.02625 0.053125 0
v -0.015 0.053125 0
v -0.01875 0.0566667 0
v -0.01875 0.053125 0
v -0.0075 0.053125 0
v -0.01125 0.0566667 0
v -0.01125 0.053125 0
v 0 0.053125 0
v -0.00375 0.0566667 0
v -0.00375 0.053125 0
v 0.0075 0.053125 0
v 0.00375 0.0566667 0
v 0.00375 0.053125 0
v 0.015 0.053125 0
v 0.01125 0.0566667 0
v 0.01125 0.053125 0
v 0.0225 0.053125 0
v 0.01875 0.0566667 0
v 0.01875 0.053125 0
v 0.02625 0.0566667 0
v 0.02625 0.053125 0
v -0.0225 0.0602083 0
v -0.02625 0.06375 0
v -0.02625 0.0602083 0
v -0.015 0.0602083 0
v -0.01875 0.06375 0
v -0.01875 0.0602083 0
v -0.0075 0.0602083 0
v -0.01125 0.06375 0
v -0.01125 0.0602083 0
v 0 0.0602083 0
v -0.00375 0.06375 0
v -0.00375 0.0602083 0
v 0.0075 0.0602083 0
v 0.00375 0.06375 0
v 0.00375 0.0602083 0
v 0.015 0.0602083 0
v 0.01125 0.06375 0
v 0.01125 0.0602083 0
v 0.0225 0.0602083 0
v 0.01875 0.06375 0
v 0.01875 0.0602083 0
v 0.02625 0.06375 0
v 0.02625 0.0602083 0
v -0.0225 0.0672917 0
v -0.02625 0.0708333 0
v -0.02625 0.0672917 0
v -0.015 0.0672917 0
v -0.01875 0.0708333 0
v -0.01875 0.0672917 0
v -0.0075 0.0672917 0
v -0.01125 0.0708333 0
v -0.01125 0.0672917 0
v 0 0.0672917 0
v -0.00375 0.0708333 0
v -0.00375 0.0672917 0
v 0.0075 0.0672917 0
v 0.00375 0.0708333 0
v 0.00375 0.0672917 0
v 0.015 0.0672917 0
v 0.01125 0.0708333 0
v 0.01125 0.0672917 0
v 0.0225 0.0672917 0
v 0.01875 0.0708333 0
v 0.01875 0.0672917 0
v 0.02625 0.0708333 0
v 0.02625 0.0672917 0
v -0.0225 0.074375 0
v -0.02625 0.0779167 0
v -0.02625 0.074375 0
v -0.015 0.074375 0
v -0.01875 0.0779167 0
v -0.01875 0.074375 0
v -0.0075 0.074375 0
v -0.01125 0.0779167 0
v -0.01125 0.074375 0
v 0 0.074375 0
v -0.00375 0.0779167 0
v -0.00375 0.074375 0
v 0.0075 0.074375 0
v 0.00375 0.0779167 0
v 0.00375 0.074375 0
v 0.015 0.074375 0
v 0.01125 0.0779167 0
v 0.01125 0.074375 0
v 0.0225 0.074375 0
v 0.01875 0.0779167 0
v 0.01875 0.074375 0
v 0.02625 0.0779167 0
v 0.02625 0.074375 0
v -0.0225 0.0814583 0
v -0.02625 0.085 0
v -0.02625 0.0814583 0
v -0.015 0.0814583 0
v -0.01875 0.085 0
v -0.01875 0.0814583 0
v -0.0075 0.0814583 0
v -0.01125 0.085 0
v -0.01125 0.0814583 0
v 0 0.0814583 0
v -0.00375 0.085 0
v -0.00375 0.0814583 0
v 0.0075 0.0814583 0
v 0.00375 0.085 0
v 0.00375 0.0814583 0
v 0.015 0.0814583 0
v 0.01125 0.085 0
v 0.01125 0.0814583 0
v 0.0225 0.0814583 0
v 0.01875 0.085 0
v 0.01875 0.0814583 0
v 0.02625 0.085 0
v 0.02625 0.0814583 0
v -0.0225 0.0885417 0
v -0.02625 0.0920833 0
v -0.02625 0.0885417 0
v -0.015 0.0885417 0
v -0.01875 0.0920833 0
v -0.01875 0.0885417 0
v -0.0075 0.0885417 0
v -0.01125 0.0920833 0
v -0.01125 0.0885417 0
v 0 0.0885417 0
v -0.00375 0.0920833 0
v -0.00375 0.0885417 0
v 0.0075 0.0885417 0
v 0.00375 0.0920833 0
v 0.00375 0.0885417 0
v 0.015 0.0885417 0
v 0.01125 0.0920833 0
v 0.01125 0.0885417 0
v 0.0225 0.0885417 0
v 0.01875 0.0920833 0
v 0.01875 0.0885417 0
v 0.02625 0.0920833 0
v 0.02625 0.0885417 0
v -0.0225 0.095625 0
v -0.02625 0.0991667 0
v -0.02625 0.095625 0
v -0.015 0.095625 0
v -0.01875 0.0991667 0
v -0.01875 0.095625 0
v -0.0075 0.095625 0
v -0.01125 0.0991667 0
v -0.01125 0.095625 0
v 0 0.095625 0
v -0.00375 0.0991667 0
v -0.00375 0.095625 0
v 0.0075 0.095625 0
v 0.00375 0.0991667 0
v 0.00375 0.095625 0
v 0.015 0.095625 0
v 0.01125 0.0991667 0
v 0.01125 0.095625 0
v 0.0225 0.095625 0
v 0.01875 0.0991667 0
v 0.01875 0.095625 0
v 0.02625 0.0991667 0
v 0.02625 0.095625 0
v -0.0225 0.102708 0
v -0.02625 0.10625 0
v -0.02625 0.102708 0
v -0.015 0.102708 0
v -0.01875 0.10625 0
v -0.01875 0.102708 0
v -0.0075 0.102708 0
v -0.01125 0.10625 0
v -0.01125 0.102708 0
v 0 0.102708 0
v -0.00375 0.10625 0
v -0.00375 0.102708 0
v 0.0075 0.102708 0
v 0.00375 0.10625 0
v 0.00375 0.102708 0
v 0.015 0.102708 0
v 0.01125 0.10625 0
v 0.01125 0.102708 0
v 0.0225 0.102708 0
v 0.01875 0.10625 0
v 0.01875 0.102708 0
v 0.02625 0.10625 0
v 0.02625 0.102708 0
v -0.0225 0.109792 0
v -0.02625 0.113333 0
v -0.02625 0.109792 0
v -0.015 0.109792 0
v -0.01875 0.113333 0
v -0.01875 0.109792 0
v -0.0075 0.109792 0
v -0.01125 0.113333 0
v -0.01125 0.109792 0
v 0 0.109792 0
v -0.00375 0.113333 0
v -0.00375 0.109792 0
v 0.0075 0.109792 0
v 0.00375 0.113333 0
v 0.00375 0.109792 0
v 0.015 0.109792 0
v 0.01125 0.113333 0
v 0.01125 0.109792 0
v 0.0225 0.109792 0
v 0.01875 0.113333 0
v 0.01875 0.109792 0
v 0.02625 0.113333 0
v 0.02625 0.109792 0
v -0.0225 0.116875 0
v -0.02625 0.120417 0
v -0.02625 0.116875 0
v -0.015 0.116875 0
v -0.01875 0.120417 0
v -0.01875 0.116875 0
v -0.0075 0.116875 0
v -0.01125 0.120417 0
v -0.01125 0.116875 0
v 0 0.116875 0
v -0.00375 0.120417 0
v -0.00375 0.116875 0
v 0.0075 0.116875 0
v 0.00375 0.120417 0
v 0.00375 0.116875 0
v 0.015 0.116875 0
v 0.01125 0.120417 0
v 0.01125 0.116875 0
v 0.0225 0.116875 0
v 0.01875 0.120417 0
v 0.01875 0.116875 0
v 0.02625 0.120417 0
v 0.02625 0.116875 0
v -0.0225 0.123958 0
v -0.02625 0.1275 0
v -0.02625 0.123958 0
v -0.015 0.123958 0
v -0.01875 0.1275 0
v -0.01875 0.123958 0
v -0.0075 0.123958 0
v -0.01125 0.1275 0
v -0.01125 0.123958 0
v 0 0.123958 0
v -0.00375 0.1275 0
v -0.00375 0.123958 0
v 0.0075 0.123958 0
v 0.00375 0.1275 0
v 0.00375 0.123958 0
v 0.015 0.123958 0
v 0.01125 0.1275 0
v 0.01125 0.123958 0
v 0.0225 0.123958 0
v 0.01875 0.1275 0
v 0.01875 0.123958 0
v 0.02625 0.1275 0
v 0.02625 0.123958 0
v -0.0225 0.131042 0
v -0.02625 0.134583 0
v -0.02625 0.131042 0
v -0.015 0.131042 0
v -0.01875 0.134583 0
v -0.01875 0.131042 0
v -0.0075 0.131042 0
v -0.01125 0.134583 0
v -0.01125 0.131042 0
v 0 0.131042 0
v -0.00375 0.134583 0
v -0.00375 0.131042 0
v 0.0075 0.131042 0
v 0.00375 0.134583 0
v 0.00375 0.131042 0
v 0.015 0.131042 0
v 0.01125 0.134583 0
v 0.01125 0.131042 0
v 0.0225 0.131042 0
v 0.01875 0.134583 0
v 0.01875 0.131042 0
v 0.02625 0.134583 0
v 0.02625 0.131042 0
v -0.0225 0.138125 0
v -0.02625 0.141667 0
v -0.02625 0.138125 0
v -0.015 0.138125 0
v -0.01875 0.141667 0
v -0.01875 0.138125 0
v -0.0075 0.138125 0
v -0.01125 0.141667 0
v -0.01125 0.138125 0
v 0 0.138125 0
v -0.00375 0.141667 0
v -0.00375 0.138125 0
v 0.0075 0.138125 0
v 0.00375 0.141667 0
v 0.00375 0.138125 0
v 0.015 0.138125 0
v 0.01125 0.141667 0
v 0.01125 0.138125 0
v 0.0225 0.138125 0
v 0.01875 0.141667 0
v 0.01875 0.138125 0
v 0.02625 0.141667 0
v 0.02625 0.138125 0
v -0.0225 0.145208 0
v -0.02625 0.14875 0
v -0.02625 0.145208 0
v -0.015 0.145208 0
v -0.01875 0.14875 0
v -0.01875 0.145208 0
v -0.0075 0.145208 0
v -0.01125 0.14875 0
v -0.01125 0.145208 0
v 0 0.145208 0
v -0.00375 0.14875 0
v -0.00375 0.145208 0
v 0.0075 0.145208 0
v 0.00375 0.14875 0
v 0.00375 0.145208 0
v 0.015 0.145208 0
v 0.01125 0.14875 0
v 0.01125 0.145208 0
v 0.0225 0.145208 0
v 0.01875 0.14875 0
v 0.01875 0.145208 0
v 0.02625 0.14875 0
v 0.02625 0.145208 0
v -0.0225 0.152292 0
v -0.02625 0.155833 0
v -0.02625 0.152292 0
v -0.015 0.152292 0
v -0.01875 0.155833 0
v -0.01875 0.152292 0
v -0.0075 0.152292 0
v -0.01125 0.155833 0
v -0.01125 0.152292 0
v 0 0.152292 0
v -0.00372391 0.155841 0
v -0.00375 0.152292 0
v 0.0075 0.152292 0
v 0.00372391 0.155841 0
v 0.00375 0.152292 0
v 0.015 0.152292 0
v 0.01125 0.155833 0
v 0.01125 0.152292 0
v 0.0225 0.152292 0
v 0.01875 0.155833 0
v 0.01875 0.152292 0
v 0.02625 0.155833 0
v 0.02625 0.152292 0
v -0.0225 0.159375 0
v -0.02625 0.162917 0
v -0.02625 0.159375 0
v -0.015 0.159375 0
v -0.01875 0.162917 0
v -0.01875 0.159375 0
v -0.00749083 0.159403 0
v -0.01125 0.162917 0
v -0.01125 0.159375 0
v 0.00749083 0.159403 0
v 0.015 0.159375 0
v 0.01125 0.162917 0
v 0.01125 0.159375 0
v 0.0225 0.159375 0
v 0.01875 0.162917 0
v 0.01875 0.159375 0
v 0.02625 0.162917 0
v 0.02625 0.159375 0
v -0.0225 0.166458 0
v -0.0262353 0.166444 0
v -0.015 0.166458 0
v -0.01875 0.166458 0
v -0.00750026 0.16644 0
v -0.01125 0.166458 0
v 0.00750026 0.16644 0
v 0.015 0.166458 0
v 0.01125 0.166458 0
v 0.0225 0.166458 0
v 0.01875 0.166458 0
v 0.0262353 0.166444 0
v -0.0261914 0.00182617 0
v -0.0280664 0.00359701 0
v -0.0278906 0.00199219 0
v -0.0225 0.00177083 0
v -0.024375 0.00354167 0
v -0.024375 0.00177083 0
v -0.0225 0.0053125 0
v -0.024375 0.00708333 0
v -0.02625 0.0053125 0
v -0.024375 0.0053125 0
v -0.028125 0.00708333 0
v -0.028125 0.0053125 0
v -0.01875 0.00177083 0
v -0.020625 0.00354167 0
v -0.020625 0.00177083 0
v -0.015 0.00177083 0
v -0.016875 0.00354167 0
v -0.016875 0.00177083 0
v -0.015 0.0053125 0
v -0.016875 0.00708333 0
v -0.01875 0.0053125 0
v -0.016875 0.0053125 0
v -0.020625 0.00708333 0
v -0.020625 0.0053125 0
v -0.01125 0.00177083 0
v -0.013125 0.00354167 0
v -0.013125 0.00177083 0
v -0.0075 0.00177083 0
v -0.009375 0.00354167 0
v -0.009375 0.00177083 0
v -0.0075 0.0053125 0
v -0.009375 0.00708333 0
v -0.01125 0.0053125 0
v -0.009375 0.0053125 0
v -0.013125 0.00708333 0
v -0.013125 0.0053125 0
v -0.00375 0.00177083 0
v -0.005625 0.00354167 0
v -0.005625 0.00177083 0
v 0 0.00177083 0
v -0.001875 0.00354167 0
v -0.001875 0.00177083 0
v 0 0.0053125 0
v -0.001875 0.00708333 0
v -0.00375 0.0053125 0
v -0.001875 0.0053125 0
v -0.005625 0.00708333 0
v -0.005625 0.0053125 0
v 0.00375 0.00177083 0
v 0.001875 0.00354167 0
v 0.001875 0.00177083 0
v 0.0075 0.00177083 0
v 0.005625 0.00354167 0
v 0.005625 0.00177083 0
v 0.0075 0.0053125 0
v 0.005625 0.00708333 0
v 0.00375 0.0053125 0
v 0.005625 0.0053125 0
v 0.001875 0.00708333 0
v 0.001875 0.0053125 0
v 0.01125 0.00177083 0
v 0.009375 0.00354167 0
v 0.009375 0.00177083 0
v 0.015 0.00177083 0
v 0.013125 0.00354167 0
v 0.013125 0.00177083 0
v 0.015 0.0053125 0
v 0.013125 0.00708333 0
v 0.01125 0.0053125 0
v 0.013125 0.0053125 0
v 0.009375 0.00708333 0
v 0.009375 0.0053125 0
v 0.01875 0.00177083 0
v 0.016875 0.00354167 0
v 0.016875 0.00177083 0
v 0.0225 0.00177083 0
v 0.020625 0.00354167 0
v 0.020625 0.00177083 0
v 0.0225 0.0053125 0
v 0.020625 0.00708333 0
v 0.01875 0.0053125 0
v 0.020625 0.0053125 0
v 0.016875 0.00708333 0
v 0.016875 0.0053125 0
v 0.0261914 0.00182617 0
v 0.024375 0.00354167 0
v 0.024375 0.00177083 0
v 0.0280664 0.00359701 0
v 0.0278906 0.00199219 0
v 0.028125 0.00708333 0
v 0.02625 0.0053125 0
v 0.028125 0.0053125 0
v 0.024375 0.00708333 0
v 0.024375 0.0053125 0
v -0.02625 0.00885417 0
v -0.028125 0.010625 0
v -0.028125 0.00885417 0
v -0.0225 0.00885417 0
v -0.024375 0.010625 0
v -0.024375 0.00885417 0
v -0.0225 0.0123958 0
v -0.024375 0.0141667 0
v -0.02625 0.0123958 0
v -0.024375 0.0123958 0
v -0.028125 0.0141667 0
v -0.028125 0.0123958 0
v -0.01875 0.00885417 0
v -0.020625 0.010625 0
v -0.020625 0.00885417 0
v -0.015 0.00885417 0
v -0.016875 0.010625 0
v -0.016875 0.00885417 0
v -0.015 0.0123958 0
v -0.016875 0.0141667 0
v -0.01875 0.0123958 0
v -0.016875 0.0123958 0
v -0.020625 0.0141667 0
v -0.020625 0.0123958 0
v -0.01125 0.00885417 0
v -0.013125 0.010625 0
v -0.013125 0.00885417 0
v -0.0075 0.00885417 0
v -0.009375 0.010625 0
v -0.009375 0.00885417 0
v -0.0075 0.0123958 0
v -0.009375 0.0141667 0
v -0.01125 0.0123958 0
v -0.009375 0.0123958 0
v -0.013125 0.0141667 0
v -0.013125 0.0123958 0
v -0.00375 0.00885417 0
v -0.005625 0.010625 0
v -0.005625 0.00885417 0
v 0 0.00885417 0
v -0.001875 0.010625 0
v -0.001875 0.00885417 0
v 0 0.0123958 0
v -0.001875 0.0141667 0
v -0.00375 0.0123958 0
v -0.001875 0.0123958 0
v -0.005625 0.0141667 0
v -0.005625 0.0123958 0
v 0.00375 0.00885417 0
v 0.001875 0.010625 0
v 0.001875 0.00885417 0
v 0.0075 0.00885417 0
v 0.005625 0.010625 0
v 0.005625 0.00885417 0
v 0.0075 0.0123958 0
v 0.005625 0.0141667 0
v 0.00375 0.0123958 0
v 0.005625 0.0123958 0
v 0.001875 0.0141667 0
v 0.001875 0.0123958 0
v 0.01125 0.00885417 0
v 0.009375 0.010625 0
v 0.009375 0.00885417 0
v 0.015 0.00885417 0
v 0.013125 0.010625 0
v 0.013125 0.00885417 0
v 0.015 0.0123958 0
v 0.013125 0.0141667 0
v 0.01125 0.0123958 0
v 0.013125 0.0123958 0
v 0.009375 0.0141667 0
v 0.009375 0.0123958 0
v 0.01875 0.00885417 0
v 0.016875 0.010625 0
v 0.016875 0.00885417 0
v 0.0225 0.00885417 0
v 0.020625 0.010625 0
v 0.020625 0.00885417 0
v 0.0225 0.0123958 0
v 0.020625 0.0141667 0
v 0.01875 0.0123958 0
v 0.020625 0.0123958 0
v 0.016875 0.0141667 0
v 0.016875 0.0123958 0
v 0.02625 0.00885417 0
v 0.024375 0.010625 0
v 0.024375 0.00885417 0
v 0.028125 0.010625 0
v 0.028125 0.00885417 0
v 0.028125 0.0141667 0
v 0.02625 0.0123958 0
v 0.028125 0.0123958 0
v 0.024375 0.0141667 0
v 0.024375 0.0123958 0
v -0.02625 0.0159375 0
v -0.028125 0.0177083 0
v -0.028125 0.0159375 0
v -0.0225 0.0159375 0
v -0.024375 0.0177083 0
v -0.024375 0.0159375 0
v -0.0225 0.0194792 0
v -0.024375 0.02125 0
v -0.02625 0.0194792 0
v -0.024375 0.0194792 0
v -0.028125 0.02125 0
v -0.028125 0.0194792 0
v -0.01875 0.0159375 0
v -0.020625 0.0177083 0
v -0.020625 0.0159375 0
v -0.015 0.0159375 0
v -0.016875 0.0177083 0
v -0.016875 0.0159375 0
v -0.015 0.0194792 0
v -0.016875 0.02125 0
v -0.01875 0.0194792 0
v -0.016875 0.0194792 0
v -0.020625 0.02125 0
v -0.020625 0.0194792 0
v -0.01125 0.0159375 0
v -0.013125 0.0177083 0
v -0.013125 0.0159375 0
v -0.0075 0.0159375 0
v -0.009375 0.0177083 0
v -0.009375 0.0159375 0
v -0.0075 0.0194792 0
v -0.009375 0.02125 0
v -0.01125 0.0194792 0
v -0.009375 0.0194792 0
v -0.013125 0.02125 0
v -0.013125 0.0194792 0
v -0.00375 0.0159375 0
v -0.005625 0.0177083 0
v -0.005625 0.0159375 0
v 0 0.0159375 0
v -0.001875 0.0177083 0
v -0.001875 0.0159375 0
v 0 0.0194792 0
v -0.001875 0.02125 0
v -0.00375 0.0194792 0
v -0.001875 0.0194792 0
v -0.005625 0.02125 0
v -0.005625 0.0194792 0
v 0.00375 0.0159375 0
v 0.001875 0.0177083 0
v 0.001875 0.0159375 0
v 0.0075 0.0159375 0
v 0.005625 0.0177083 0
v 0.005625 0.0159375 0
v 0.0075 0.0194792 0
v 0.005625 0.02125 0
v 0.00375 0.0194792 0
v 0.005625 0.0194792 0
v 0.001875 0.02125 0
v 0.001875 0.0194792 0
v 0.01125 0.0159375 0
v 0.009375 0.0177083 0
v 0.009375 0.0159375 0
v 0.015 0.0159375 0
v 0.013125 0.0177083 0
v 0.013125 0.0159375 0
v 0.015 0.0194792 0
v 0.013125 0.02125 0
v 0.01125 0.0194792 0
v 0.013125 0.0194792 0
v 0.009375 0.02125 0
v 0.009375 0.0194792 0
v 0.01875 0.0159375 0
v 0.016875 0.0177083 0
v 0.016875 0.0159375 0
v 0.0225 0.0159375 0
v 0.020625 0.0177083 0
v 0.020625 0.0159375 0
v 0.0225 0.0194792 0
v 0.020625 0.02125 0
v 0.01875 0.0194792 0
v 0.020625 0.0194792 0
v 0.016875 0.02125 0
v 0.016875 0.0194792 0
v 0.02625 0.0159375 0
v 0.024375 0.0177083 0
v 0.024375 0.0159375 0
v 0.028125 0.0177083 0
v 0.028125 0.0159375 0
v 0.028125 0.02125 0
v 0.02625 0.0194792 0
v 0.028125 0.0194792 0
v 0.024375 0.02125 0
v 0.024375 0.0194792 0
v -0.02625 0.0230208 0
v -0.028125 0.0247917 0
v -0.028125 0.0230208 0
v -0.0225 0.0230208 0
v -0.024375 0.0247917 0
v -0.024375 0.0230208 0
v -0.0225 0.0265625 0
v -0.024375 0.0283333 0
v -0.02625 0.0265625 0
v -0.024375 0.0265625 0
v -0.028125 0.0283333 0
v -0.028125 0.0265625 0
v -0.01875 0.0230208 0
v -0.020625 0.0247917 0
v -0.020625 0.0230208 0
v -0.015 0.0230208 0
v -0.016875 0.0247917 0
v -0.016875 0.0230208 0
v -0.015 0.0265625 0
v -0.016875 0.0283333 0
v -0.01875 0.0265625 0
v -0.016875 0.0265625 0
v -0.020625 0.0283333 0
v -0.020625 0.0265625 0
v -0.01125 0.0230208 0
v -0.013125 0.0247917 0
v -0.013125 0.0230208 0
v -0.0075 0.0230208 0
v -0.009375 0.0247917 0
v -0.009375 0.0230208 0
v -0.0075 0.0265625 0
v -0.009375 0.0283333 0
v -0.01125 0.0265625 0
v -0.009375 0.0265625 0
v -0.013125 0.0283333 0
v -0.013125 0.0265625 0
v -0.00375 0.0230208 0
v -0.005625 0.0247917 0
v -0.005625 0.0230208 0
v 0 0.0230208 0
v -0.001875 0.0247917 0
v -0.001875 0.0230208 0
v 0 0.0265625 0
v -0.001875 0.0283333 0
v -0.00375 0.0265625 0
v -0.001875 0.0265625 0
v -0.005625 0.0283333 0
v -0.005625 0.0265625 0
v 0.00375 0.0230208 0
v 0.001875 0.0247917 0
v 0.001875 0.0230208 0
v 0.0075 0.0230208 0
v 0.005625 0.0247917 0
v 0.005625 0.0230208 0
v 0.0075 0.0265625 0
v 0.005625 0.0283333 0
v 0.00375 0.0265625 0
v 0.005625 0.0265625 0
v 0.001875 0.0283333 0
v 0.001875 0.0265625 0
v 0.01125 0.0230208 0
v 0.009375 0.0247917 0
v 0.009375 0.0230208 0
v 0.015 0.0230208 0
v 0.013125 0.0247917 0
v 0.013125 0.0230208 0
v 0.015 0.0265625 0
v 0.013125 0.0283333 0
v 0.01125 0.0265625 0
v 0.013125 0.0265625 0
v 0.009375 0.0283333 0
v 0.009375 0.0265625 0
v 0.01875 0.0230208 0
v 0.016875 0.0247917 0
v 0.016875 0.0230208 0
v 0.0225 0.0230208 0
v 0.020625 0.0247917 0
v 0.020625 0.0230208 0
v 0.0225 0.0265625 0
v 0.020625 0.0283333 0
v 0.01875 0.0265625 0
v 0.020625 0.0265625 0
v 0.016875 0.0283333 0
v 0.016875 0.0265625 0
v 0.02625 0.0230208 0
v 0.024375 0.0247917 0
v 0.024375 0.0230208 0
v 0.028125 0.0247917 0
v 0.028125 0.0230208 0
v 0.028125 0.0283333 0
v 0.02625 0.0265625 0
v 0.028125 0.0265625 0
v 0.024375 0.0283333 0
v 0.024375 0.0265625 0
v -0.02625 0.0301042 0
v -0.028125 0.031875 0
v -0.028125 0.0301042 0
v -0.0225 0.0301042 0
v -0.024375 0.031875 0
v -0.024375 0.0301042 0
v -0.0225 0.0336458 0
v -0.024375 0.0354167 0
v -0.02625 0.0336458 0
v -0.024375 0.0336458 0
v -0.028125 0.0354167 0
v -0.028125 0.0336458 0
v -0.01875 0.0301042 0
v -0.020625 0.031875 0
v -0.020625 0.0301042 0
v -0.015 0.0301042 0
v -0.016875 0.031875 0
v -0.016875 0.0301042 0
v -0.015 0.0336458 0
v -0.016875 0.0354167 0
v -0.01875 0.0336458 0
v -0.016875 0.0336458 0
v -0.020625 0.0354167 0
v -0.020625 0.0336458 0
v -0.01125 0.0301042 0
v -0.013125 0.031875 0
v -0.013125 0.0301042 0
v -0.0075 0.0301042 0
v -0.009375 0.031875 0
v -0.009375 0.0301042 0
v -0.0075 0.0336458 0
v -0.009375 0.0354167 0
v -0.01125 0.0336458 0
v -0.009375 0.0336458 0
v -0.013125 0.0354167 0
v -0.013125 0.0336458 0
v -0.00375 0.0301042 0
v -0.005625 0.031875 0
v -0.005625 0.0301042 0
v 0 0.0301042 0
v -0.001875 0.031875 0
v -0.001875 0.0301042 0
v 0 0.0336458 0
v -0.001875 0.0354167 0
v -0.00375 0.0336458 0
v -0.001875 0.0336458 0
v -0.005625 0.0354167 0
v -0.005625 0.0336458 0
v 0.00375 0.0301042 0
v 0.001875 0.031875 0
v 0.001875 0.0301042 0
v 0.0075 0.0301042 0
v 0.005625 0.031875 0
v 0.005625 0.0301042 0
v 0.0075 0.0336458 0
v 0.005625 0.0354167 0
v 0.00375 0.0336458 0
v 0.005625 0.0336458 0
v 0.001875 0.0354167 0
v 0.001875 0.0336458 0
v 0.01125 0.0301042 0
v 0.009375 0.031875 0
v 0.009375 0.0301042 0
v 0.015 0.0301042 0
v 0.013125 0.031875 0
v 0.013125 0.0301042 0
v 0.015 0.0336458 0
v 0.013125 0.0354167 0
v 0.01125 0.0336458 0
v 0.013125 0.0336458 0
v 0.009375 0.0354167 0
v 0.009375 0.0336458 0
v 0.01875 0.0301042 0
v 0.016875 0.031875 0
v 0.016875 0.0301042 0
v 0.0225 0.0301042 0
v 0.020625 0.031875 0
v 0.020625 0.0301042 0
v 0.0225 0.0336458 0
v 0.020625 0.0354167 0
v 0.01875 0.0336458 0
v 0.020625 0.0336458 0
v 0.016875 0.0354167 0
v 0.016875 0.0336458 0
v 0.02625 0.0301042 0
v 0.024375 0.031875 0
v 0.024375 0.0301042 0
v 0.028125 0.031875 0
v 0.028125 0.0301042 0
v 0.028125 0.0354167 0
v 0.02625 0.0336458 0
v 0.028125 0.0336458 0
v 0.024375 0.0354167 0
v 0.024375 0.0336458 0
v -0.02625 0.0371875 0
v -0.028125 0.0389583 0
v -0.028125 0.0371875 0
v -0.0225 0.0371875 0
v -0.024375 0.0389583 0
v -0.024375 0.0371875 0
v -0.0225 0.0407292 0
v -0.024375 0.0425 0
v -0.02625 0.0407292 0
v -0.024375 0.0407292 0
v -0.028125 0.0425 0
v -0.028125 0.0407292 0
v -0.01875 0.0371875 0
v -0.020625 0.0389583 0
v -0.020625 0.0371875 0
v -0.015 0.0371875 0
v -0.016875 0.0389583 0
v -0.016875 0.0371875 0
v -0.015 0.0407292 0
v -0.016875 0.0425 0
v -0.01875 0.0407292 0
v -0.016875 0.0407292 0
v -0.020625 0.0425 0
v -0.020625 0.0407292 0
v -0.01125 0.0371875 0
v -0.013125 0.0389583 0
v -0.013125 0.0371875 0
v -0.0075 0.0371875 0
v -0.009375 0.0389583 0
v -0.009375 0.0371875 0
v -0.0075 0.0407292 0
v -0.009375 0.0425 0
v -0.01125 0.0407292 0
v -0.009375 0.0407292 0
v -0.013125 0.0425 0
v -0.013125 0.0407292 0
v -0.00375 0.0371875 0
v -0.005625 0.0389583 0
v -0.005625 0.0371875 0
v 0 0.0371875 0
v -0.001875 0.0389583 0
v -0.001875 0.0371875 0
v 0 0.0407292 0
v -0.001875 0.0425 0
v -0.00375 0.0407292 0
v -0.001875 0.0407292 0
v -0.005625 0.0425 0
v -0.005625 0.0407292 0
v 0.00375 0.0371875 0
v 0.001875 0.0389583 0
v 0.001875 0.0371875 0
v 0.0075 0.0371875 0
v 0.005625 0.0389583 0
v 0.005625 0.0371875 0
v 0.0075 0.0407292 0
v 0.005625 0.0425 0
v 0.00375 0.0407292 0
v 0.005625 0.0407292 0
v 0.001875 0.0425 0
v 0.001875 0.0407292 0
v 0.01125 0.0371875 0
v 0.009375 0.0389583 0
v 0.009375 0.0371875 0
v 0.015 0.0371875 0
v 0.013125 0.0389583 0
v 0.013125 0.0371875 0
v 0.015 0.0407292 0
v 0.013125 0.0425 0
v 0.01125 0.0407292 0
v 0.013125 0.0407292 0
v 0.009375 0.0425 0
v 0.009375 0.0407292 0
v 0.01875 0.0371875 0
v 0.016875 0.0389583 0
v 0.016875 0.0371875 0
v 0.0225 0.0371875 0
v 0.020625 0.0389583 0
v 0.020625 0.0371875 0
v 0.0225 0.0407292 0
v 0.020625 0.0425 0
v 0.01875 0.0407292 0
v 0.020625 0.0407292 0
v 0.016875 0.0425 0
v 0.016875 0.0407292 0
v 0.02625 0.0371875 0
v 0.024375 0.0389583 0
v 0.024375 0.0371875 0
v 0.028125 0.0389583 0
v 0.028125 0.0371875 0
v 0.028125 0.0425 0
v 0.02625 0.0407292 0
v 0.028125 0.0407292 0
v 0.024375 0.0425 0
v 0.024375 0.0407292 0
v -0.02625 0.0442708 0
v -0.028125 0.0460417 0
v -0.028125 0.0442708 0
v -0.0225 0.0442708 0
v -0.024375 0.0460417 0
v -0.024375 0.0442708 0
v -0.0225 0.0478125 0
v -0.024375 0.0495833 0
v -0.02625 0.0478125 0
v -0.024375 0.0478125 0
v -0.028125 0.0495833 0
v -0.028125 0.0478125 0
v -0.01875 0.0442708 0
v -0.020625 0.0460417 0
v -0.020625 0.0442708 0
v -0.015 0.0442708 0
v -0.016875 0.0460417 0
v -0.016875 0.0442708 0
v -0.015 0.0478125 0
v -0.016875 0.0495833 0
v -0.01875 0.0478125 0
v -0.016875 0.0478125 0
v -0.020625 0.0495833 0
v -0.020625 0.0478125 0
v -0.01125 0.0442708 0
v -0.013125 0.0460417 0
v -0.013125 0.0442708 0
v -0.0075 0.0442708 0
v -0.009375 0.0460417 0
v -0.009375 0.0442708 0
v -0.0075 0.0478125 0
v -0.009375 0.0495833 0
v -0.01125 0.0478125 0
v -0.009375 0.0478125 0
v -0.013125 0.0495833 0
v -0.013125 0.0478125 0
v -0.00375 0.0442708 0
v -0.005625 0.0460417 0
v -0.005625 0.0442708 0
v 0 0.0442708 0
v -0.001875 0.0460417 0
v -0.001875 0.0442708 0
v 0 0.0478125 0
v -0.001875 0.0495833 0
v -0.00375 0.0478125 0
v -0.001875 0.0478125 0
v -0.005625 0.0495833 0
v -0.005625 0.0478125 0
v 0.00375 0.0442708 0
v 0.001875 0.0460417 0
v 0.001875 0.0442708 0
v 0.0075 0.0442708 0
v 0.005625 0.0460417 0
v 0.005625 0.0442708 0
v 0.0075 0.0478125 0
v 0.005625 0.0495833 0
v 0.00375 0.0478125 0
v 0.005625 0.0478125 0
v 0.001875 0.0495833 0
v 0.001875 0.0478125 0
v 0.01125 0.0442708 0
v 0.009375 0.0460417 0
v 0.009375 0.0442708 0
v 0.015 0.0442708 0
v 0.013125 0.0460417 0
v 0.013125 0.0442708 0
v 0.015 0.0478125 0
v 0.013125 0.0495833 0
v 0.01125 0.0478125 0
v 0.013125 0.0478125 0
v 0.009375 0.0495833 0
v 0.009375 0.0478125 0
v 0.01875 0.0442708 0
v 0.016875 0.0460417 0
v 0.016875 0.0442708 0
v 0.0225 0.0442708 0
v 0.020625 0.0460417 0
v 0.020625 0.0442708 0
v 0.0225 0.0478125 0
v 0.020625 0.0495833 0
v 0.01875 0.0478125 0
v 0.020625 0.0478125 0
v 0.016875 0.0495833 0
v 0.016875 0.0478125 0
v 0.02625 0.0442708 0
v 0.024375 0.0460417 0
v 0.024375 0.0442708 0
v 0.028125 0.0460417 0
v 0.028125 0.0442708 0
v 0.028125 0.0495833 0
v 0.02625 0.0478125 0
v 0.028125 0.0478125 0
v 0.024375 0.0495833 0
v 0.024375 0.0478125 0
v -0.02625 0.0513542 0
v -0.028125 0.053125 0
v -0.028125 0.0513542 0
v -0.0225 0.0513542 0
v -0.024375 0.053125 0
v -0.024375 0.0513542 0
v -0.0225 0.0548958 0
v -0.024375 0.0566667 0
v -0.02625 0.0548958 0
v -0.024375 0.0548958 0
v -0.028125 0.0566667 0
v -0.028125 0.0548958 0
v -0.01875 0.0513542 0
v -0.020625 0.053125 0
v -0.020625 0.0513542 0
v -0.015 0.0513542 0
v -0.016875 0.053125 0
v -0.016875 0.0513542 0
v -0.015 0.0548958 0
v -0.016875 0.0566667 0
v -0.01875 0.0548958 0
v -0.016875 0.0548958 0
v -0.020625 0.0566667 0
v -0.020625 0.0548958 0
v -0.01125 0.0513542 0
v -0.013125 0.053125 0
v -0.013125 0.0513542 0
v -0.0075 0.0513542 0
v -0.009375 0.053125 0
v -0.009375 0.0513542 0
v -0.0075 0.0548958 0
v -0.009375 0.0566667 0
v -0.01125 0.0548958 0
v -0.009375 0.0548958 0
v -0.013125 0.0566667 0
v -0.013125 0.0548958 0
v -0.00375 0.0513542 0
v -0.005625 0.053125 0
v -0.005625 0.0513542 0
v 0 0.0513542 0
v -0.001875 0.053125 0
v -0.001875 0.0513542 0
v 0 0.0548958 0
v -0.001875 0.0566667 0
v -0.00375 0.0548958 0
v -0.001875 0.0548958 0
v -0.005625 0.0566667 0
v -0.005625 0.0548958 0
v 0.00375 0.0513542 0
v 0.001875 0.053125 0
v 0.001875 0.0513542 0
v 0.0075 0.0513542 0
v 0.005625 0.053125 0
v 0.005625 0.0513542 0
v 0.0075 0.0548958 0
v 0.005625 0.0566667 0
v 0.00375 0.0548958 0
v 0.005625 0.0548958 0
v 0.001875 0.0566667 0
v 0.001875 0.0548958 0
v 0.01125 0.0513542 0
v 0.009375 0.053125 0
v 0.009375 0.0513542 0
v 0.015 0.0513542 0
v 0.013125 0.053125 0
v 0.013125 0.0513542 0
v 0.015 0.0548958 0
v 0.013125 0.0566667 0
v 0.01125 0.0548958 0
v 0.013125 0.0548958 0
v 0.009375 0.0566667 0
v 0.009375 0.0548958 0
v 0.01875 0.0513542 0
v 0.016875 0.053125 0
v 0.016875 0.0513542 0
v 0.0225 0.0513542 0
v 0.020625 0.053125 0
v 0.020625 0.0513542 0
v 0.0225 0.0548958 0
v 0.020625 0.0566667 0
v 0.01875 0.0548958 0
v 0.020625 0.0548958 0
v 0.016875 0.0566667 0
v 0.016875 0.0548958 0
v 0.02625 0.0513542 0
v 0.024375 0.053125 0
v 0.024375 0.0513542 0
v 0.028125 0.053125 0
v 0.028125 0.0513542 0
v 0.028125 0.0566667 0
v 0.02625 0.0548958 0
v 0.028125 0.0548958 0
v 0.024375 0.0566667 0
v 0.024375 0.0548958 0
v -0.02625 0.0584375 0
v -0.028125 0.0602083 0
v -0.028125 0.0584375 0
v -0.0225 0.0584375 0
v -0.024375 0.0602083 0
v -0.024375 0.0584375 0
v -0.0225 0.0619792 0
v -0.024375 0.06375 0
v -0.02625 0.0619792 0
v -0.024375 0.0619792 0
v -0.028125 0.06375 0
v -0.028125 0.0619792 0
v -0.01875 0.0584375 0
v -0.020625 0.0602083 0
v -0.020625 0.0584375 0
v -0.015 0.0584375 0
v -0.016875 0.0602083 0
v -0.016875 0.0584375 0
v -0.015 0.0619792 0
v -0.016875 0.06375 0
v -0.01875 0.0619792 0
v -0.016875 0.0619792 0
v -0.020625 0.06375 0
v -0.020625 0.0619792 0
v -0.01125 0.0584375 0
v -0.013125 0.0602083 0
v -0.013125 0.0584375 0
v -0.0075 0.0584375 0
v -0.009375 0.0602083 0
v -0.009375 0.0584375 0
v -0.0075 0.0619792 0
v -0.009375 0.06375 0
v -0.01125 0.0619792 0
v -0.009375 0.0619792 0
v -0.013125 0.06375 0
v -0.013125 0.0619792 0
v -0.00375 0.0584375 0
v -0.005625 0.0602083 0
v -0.005625 0.0584375 0
v 0 0.0584375 0
v -0.001875 0.0602083 0
v -0.001875 0.0584375 0
v 0 0.0619792 0
v -0.001875 0.06375 0
v -0.00375 0.0619792 0
v -0.001875 0.0619792 0
v -0.005625 0.06375 0
v -0.005625 0.0619792 0
v 0.00375 0.0584375 0
v 0.001875 0.0602083 0
v 0.001875 0.0584375 0
v 0.0075 0.0584375 0
v 0.005625 0.0602083 0
v 0.005625 0.0584375 0
v 0.0075 0.0619792 0
v 0.005625 0.06375 0
v 0.00375 0.0619792 0
v 0.005625 0.0619792 0
v 0.001875 0.06375 0
v 0.001875 0.0619792 0
v 0.01125 0.0584375 0
v 0.009375 0.0602083 0
v 0.009375 0.0584375 0
v 0.015 0.0584375 0
v 0.013125 0.0602083 0
v 0.013125 0.0584375 0
v 0.015 0.0619792 0
v 0.013125 0.06375 0
v 0.01125 0.0619792 0
v 0.013125 0.0619792 0
v 0.009375 0.06375 0
v 0.009375 0.0619792 0
v 0.01875 0.0584375 0
v 0.016875 0.0602083 0
v 0.016875 0.0584375 0
v 0.0225 0.0584375 0
v 0.020625 0.0602083 0
v 0.020625 0.0584375 0
v 0.0225 0.0619792 0
v 0.020625 0.06375 0
v 0.01875 0.0619792 0
v 0.020625 0.0619792 0
v 0.016875 0.06375 0
v 0.016875 0.0619792 0
v 0.02625 0.0584375 0
v 0.024375 0.0602083 0
v 0.024375 0.0584375 0
v 0.028125 0.0602083 0
v 0.028125 0.0584375 0
v 0.028125 0.06375 0
v 0.02625 0.0619792 0
v 0.028125 0.0619792 0
v 0.024375 0.06375 0
v 0.024375 0.0619792 0
v -0.02625 0.0655208 0
v -0.028125 0.0672917 0
v -0.028125 0.0655208 0
v -0.0225 0.0655208 0
v -0.024375 0.0672917 0
v -0.024375 0.0655208 0
v -0.0225 0.0690625 0
v -0.024375 0.0708333 0
v -0.02625 0.0690625 0
v -0.024375 0.0690625 0
v -0.028125 0.0708333 0
v -0.028125 0.0690625 0
v -0.01875 0.0655208 0
v -0.020625 0.0672917 0
v -0.020625 0.0655208 0
v -0.015 0.0655208 0
v -0.016875 0.0672917 0
v -0.016875 0.0655208 0
v -0.015 0.0690625 0
v -0.016875 0.0708333 0
v -0.01875 0.0690625 0
v -0.016875 0.0690625 0
v -0.020625 0.0708333 0
v -0.020625 0.0690625 0
v -0.01125 0.0655208 0
v -0.013125 0.0672917 0
v -0.013125 0.0655208 0
v -0.0075 0.0655208 0
v -0.009375 0.0672917 0
v -0.009375 0.0655208 0
v -0.0075 0.0690625 0
v -0.009375 0.0708333 0
v -0.01125 0.0690625 0
v -0.009375 0.0690625 0
v -0.013125 0.0708333 0
v -0.013125 0.0690625 0
v -0.00375 0.0655208 0
v -0.005625 0.0672917 0
v -0.005625 0.0655208 0
v 0 0.0655208 0
v -0.001875 0.0672917 0
v -0.001875 0.0655208 0
v 0 0.0690625 0
v -0.001875 0.0708333 0
v -0.00375 0.0690625 0
v -0.001875 0.0690625 0
v -0.005625 0.0708333 0
v -0.005625 0.0690625 0
v 0.00375 0.0655208 0
v 0.001875 0.0672917 0
v 0.001875 0.0655208 0
v 0.0075 0.0655208 0
v 0.005625 0.0672917 0
v 0.005625 0.0655208 0
v 0.0075 0.0690625 0
v 0.005625 0.0708333 0
v 0.00375 0.0690625 0
v 0.005625 0.0690625 0
v 0.001875 0.0708333 0
v 0.001875 0.0690625 0
v 0.01125 0.0655208 0
v 0.009375 0.0672917 0
v 0.009375 0.0655208 0
v 0.015 0.0655208 0
v 0.013125 0.0672917 0
v 0.013125 0.0655208 0
v 0.015 0.0690625 0
v 0.013125 0.0708333 0
v 0.01125 0.0690625 0
v 0.013125 0.0690625 0
v 0.009375 0.0708333 0
v 0.009375 0.0690625 0
v 0.01875 0.0655208 0
v 0.016875 0.0672917 0
v 0.016875 0.0655208 0
v 0.0225 0.0655208 0
v 0.020625 0.0672917 0
v 0.020625 0.0655208 0
v 0.0225 0.0690625 0
v 0.020625 0.0708333 0
v 0.01875 0.0690625 0
v 0.020625 0.0690625 0
v 0.016875 0.0708333 0
v 0.016875 0.0690625 0
v 0.02625 0.0655208 0
v 0.024375 0.0672917 0
v 0.024375 0.0655208 0
v 0.028125 0.0672917 0
v 0.028125 0.0655208 0
v 0.028125 0.0708333 0
v 0.02625 0.0690625 0
v 0.028125 0.0690625 0
v 0.024375 0.0708333 0
v 0.024375 0.0690625 0
v -0.02625 0.0726042 0
v -0.028125 0.074375 0
v -0.028125 0.0726042 0
v -0.0225 0.0726042 0
v -0.024375 0.074375 0
v -0.024375 0.0726042 0
v -0.0225 0.0761458 0
v -0.024375 0.0779167 0
v -0.02625 0.0761458 0
v -0.024375 0.0761458 0
v -0.028125 0.0779167 0
v -0.028125 0.0761458 0
v -0.01875 0.0726042 0
v -0.020625 0.074375 0
v -0.020625 0.0726042 0
v -0.015 0.0726042 0
v -0.016875 0.074375 0
v -0.016875 0.0726042 0
v -0.015 0.0761458 0
v -0.016875 0.0779167 0
v -0.01875 0.0761458 0
v -0.016875 0.0761458 0
v -0.020625 0.0779167 0
v -0.020625 0.0761458 0
v -0.01125 0.0726042 0
v -0.013125 0.074375 0
v -0.013125 0.0726042 0
v -0.0075 0.0726042 0
v -0.009375 0.074375 0
v -0.009375 0.0726042 0
v -0.0075 0.0761458 0
v -0.009375 0.0779167 0
v -0.01125 0.0761458 0
v -0.009375 0.0761458 0
v -0.013125 0.0779167 0
v -0.013125 0.0761458 0
v -0.00375 0.0726042 0
v -0.005625 0.074375 0
v -0.005625 0.0726042 0
v 0 0.0726042 0
v -0.001875 0.074375 0
v -0.001875 0.0726042 0
v 0 0.0761458 0
v -0.001875 0.0779167 0
v -0.00375 0.0761458 0
v -0.001875 0.0761458 0
v -0.005625 0.0779167 0
v -0.005625 0.0761458 0
v 0.00375 0.0726042 0
v 0.001875 0.074375 0
v 0.001875 0.0726042 0
v 0.0075 0.0726042 0
v 0.005625 0.074375 0
v 0.005625 0.0726042 0
v 0.0075 0.0761458 0
v 0.005625 0.0779167 0
v 0.00375 0.0761458 0
v 0.005625 0.0761458 0
v 0.001875 0.0779167 0
v 0.001875 0.0761458 0
v 0.01125 0.0726042 0
v 0.009375 0.074375 0
v 0.009375 0.0726042 0
v 0.015 0.0726042 0
v 0.013125 0.074375 0
v 0.013125 0.0726042 0
v 0.015 0.0761458 0
v 0.013125 0.0779167 0
v 0.01125 0.0761458 0
v 0.013125 0.0761458 0
v 0.009375 0.0779167 0
v 0.009375 0.0761458 0
v 0.01875 0.0726042 0
v 0.016875 0.074375 0
v 0.016875 0.0726042 0
v 0.0225 0.0726042 0
v 0.020625 0.074375 0
v 0.020625 0.0726042 0
v 0.0225 0.0761458 0
v 0.020625 0.0779167 0
v 0.01875 0.0761458 0
v 0.020625 0.0761458 0
v 0.016875 0.0779167 0
v 0.016875 0.0761458 0
v 0.02625 0.0726042 0
v 0.024375 0.074375 0
v 0.024375 0.0726042 0
v 0.028125 0.074375 0
v 0.028125 0.0726042 0
v 0.028125 0.0779167 0
v 0.02625 0.0761458 0
v 0.028125 0.0761458 0
v 0.024375 0.0779167 0
v 0.024375 0.0761458 0
v -0.02625 0.0796875 0
v -0.028125 0.0814583 0
v -0.028125 0.0796875 0
v -0.0225 0.0796875 0
v -0.024375 0.0814583 0
v -0.024375 0.0796875 0
v -0.0225 0.0832292 0
v -0.024375 0.085 0
v -0.02625 0.0832292 0
v -0.024375 0.0832292 0
v -0.028125 0.085 0
v -0.028125 0.0832292 0
v -0.01875 0.0796875 0
v -0.020625 0.0814583 0
v -0.020625 0.0796875 0
v -0.015 0.0796875 0
v -0.016875 0.0814583 0
v -0.016875 0.0796875 0
v -0.015 0.0832292 0
v -0.016875 0.085 0
v -0.01875 0.0832292 0
v -0.016875 0.0832292 0
v -0.020625 0.085 0
v -0.020625 0.0832292 0
v -0.01125 0.0796875 0
v -0.013125 0.0814583 0
v -0.013125 0.0796875 0
v -0.0075 0.0796875 0
v -0.009375 0.0814583 0
v -0.009375 0.0796875 0
v -0.0075 0.0832292 0
v -0.009375 0.085 0
v -0.01125 0.0832292 0
v -0.009375 0.0832292 0
v -0.013125 0.085 0
v -0.013125 0.0832292 0
v -0.00375 0.0796875 0
v -0.005625 0.0814583 0
v -0.005625 0.0796875 0
v 0 0.0796875 0
v -0.001875 0.0814583 0
v -0.001875 0.0796875 0
v 0 0.0832292 0
v -0.001875 0.085 0
v -0.00375 0.0832292 0
v -0.001875 0.0832292 0
v -0.005625 0.085 0
v -0.005625 0.0832292 0
v 0.00375 0.0796875 0
v 0.001875 0.0814583 0
v 0.001875 0.0796875 0
v 0.0075 0.0796875 0
v 0.005625 0.0814583 0
v 0.005625 0.0796875 0
v 0.0075 0.0832292 0
v 0.005625 0.085 0
v 0.00375 0.0832292 0
v 0.005625 0.0832292 0
v 0.001875 0.085 0
v 0.001875 0.0832292 0
v 0.01125 0.0796875 0
v 0.009375 0.0814583 0
v 0.009375 0.0796875 0
v 0.015 0.0796875 0
v 0.013125 0.0814583 0
v 0.013125 0.0796875 0
v 0.015 0.0832292 0
v 0.013125 0.085 0
v 0.01125 0.0832292 0
v 0.013125 0.0832292 0
v 0.009375 0.085 0
v 0.009375 0.0832292 0
v 0.01875 0.0796875 0
v 0.016875 0.0814583 0
v 0.016875 0.0796875 0
v 0.0225 0.0796875 0
v 0.020625 0.0814583 0
v 0.020625 0.0796875 0
v 0.0225 0.0832292 0
v 0.020625 0.085 0
v 0.01875 0.0832292 0
v 0.020625 0.0832292 0
v 0.016875 0.085 0
v 0.016875 0.0832292 0
v 0.02625 0.0796875 0
v 0.024375 0.0814583 0
v 0.024375 0.0796875 0
v 0.028125 0.0814583 0
v 0.028125 0.0796875 0
v 0.028125 0.085 0
v 0.02625 0.0832292 0
v 0.028125 0.0832292 0
v 0.024375 0.085 0
v 0.024375 0.0832292 0
v -0.02625 0.0867708 0
v -0.028125 0.0885417 0
v -0.028125 0.0867708 0
v -0.0225 0.0867708 0
v -0.024375 0.0885417 0
v -0.024375 0.0867708 0
v -0.0225 0.0903125 0
v -0.024375 0.0920833 0
v -0.02625 0.0903125 0
v -0.024375 0.0903125 0
v -0.028125 0.0920833 0
v -0.028125 0.0903125 0
v -0.01875 0.0867708 0
v -0.020625 0.0885417 0
v -0.020625 0.0867708 0
v -0.015 0.0867708 0
v -0.016875 0.0885417 0
v -0.016875 0.0867708 0
v -0.015 0.0903125 0
v -0.016875 0.0920833 0
v -0.01875 0.0903125 0
v -0.016875 0.0903125 0
v -0.020625 0.0920833 0
v -0.020625 0.0903125 0
v -0.01125 0.0867708 0
v -0.013125 0.0885417 0
v -0.013125 0.0867708 0
v -0.0075 0.0867708 0
v -0.009375 0.0885417 0
v -0.009375 0.0867708 0
v -0.0075 0.0903125 0
v -0.009375 0.0920833 0
v -0.01125 0.0903125 0
v -0.009375 0.0903125 0
v -0.013125 0.0920833 0
v -0.013125 0.0903125 0
v -0.00375 0.0867708 0
v -0.005625 0.0885417 0
v -0.005625 0.0867708 0
v 0 0.0867708 0
v -0.001875 0.0885417 0
v -0.001875 0.0867708 0
v 0 0.0903125 0
v -0.001875 0.0920833 0
v -0.00375 0.0903125 0
v -0.001875 0.0903125 0
v -0.005625 0.0920833 0
v -0.005625 0.0903125 0
v 0.00375 0.0867708 0
v 0.001875 0.0885417 0
v 0.001875 0.0867708 0
v 0.0075 0.0867708 0
v 0.005625 0.0885417 0
v 0.005625 0.0867708 0
v 0.0075 0.0903125 0
v 0.005625 0.0920833 0
v 0.00375 0.0903125 0
v 0.005625 0.0903125 0
v 0.001875 0.0920833 0
v 0.001875 0.0903125 0
v 0.01125 0.0867708 0
v 0.009375 0.0885417 0
v 0.009375 0.0867708 0
v 0.015 0.0867708 0
v 0.013125 0.0885417 0
v 0.013125 0.0867708 0
v 0.015 0.0903125 0
v 0.013125 0.0920833 0
v 0.01125 0.0903125 0
v 0.013125 0.0903125 0
v 0.009375 0.0920833 0
v 0.009375 0.0903125 0
v 0.01875 0.0867708 0
v 0.016875 0.0885417 0
v 0.016875 0.0867708 0
v 0.0225 0.0867708 0
v 0.020625 0.0885417 0
v 0.020625 0.0867708 0
v 0.0225 0.0903125 0
v 0.020625 0.0920833 0
v 0.01875 0.0903125 0
v 0.020625 0.0903125 0
v 0.016875 0.0920833 0
v 0.016875 0.0903125 0
v 0.02625 0.0867708 0
v 0.024375 0.0885417 0
v 0.024375 0.0867708 0
v 0.028125 0.0885417 0
v 0.028125 0.0867708 0
v 0.028125 0.0920833 0
v 0.02625 0.0903125 0
v 0.028125 0.0903125 0
v 0.024375 0.0920833 0
v 0.024375 0.0903125 0
v -0.02625 0.0938542 0
v -0.028125 0.095625 0
v -0.028125 0.0938542 0
v -0.0225 0.0938542 0
v -0.024375 0.095625 0
v -0.024375 0.0938542 0
v -0.0225 0.0973958 0
v -0.024375 0.0991667 0
v -0.02625 0.0973958 0
v -0.024375 0.0973958 0
v -0.028125 0.0991667 0
v -0.028125 0.0973958 0
v -0.01875 0.0938542 0
v -0.020625 0.095625 0
v -0.020625 0.0938542 0
v -0.015 0.0938542 0
v -0.016875 0.095625 0
v -0.016875 0.0938542 0
v -0.015 0.0973958 0
v -0.016875 0.0991667 0
v -0.01875 0.0973958 0
v -0.016875 0.0973958 0
v -0.020625 0.0991667 0
v -0.020625 0.0973958 0
v -0.01125 0.0938542 0
v -0.013125 0.095625 0
v -0.013125 0.0938542 0
v -0.0075 0.0938542 0
v -0.009375 0.095625 0
v -0.009375 0.0938542 0
v -0.0075 0.0973958 0
v -0.009375 0.0991667 0
v -0.01125 0.0973958 0
v -0.009375 0.0973958 0
v -0.013125 0.0991667 0
v -0.013125 0.0973958 0
v -0.00375 0.0938542 0
v -0.005625 0.095625 0
v -0.005625 0.0938542 0
v 0 0.0938542 0
v -0.001875 0.095625 0
v -0.001875 0.0938542 0
v 0 0.0973958 0
v -0.001875 0.0991667 0
v -0.00375 0.0973958 0
v -0.001875 0.0973958 0
v -0.005625 0.0991667 0
v -0.005625 0.0973958 0
v 0.00375 0.0938542 0
v 0.001875 0.095625 0
v 0.001875 0.0938542 0
v 0.0075 0.0938542 0
v 0.005625 0.095625 0
v 0.005625 0.0938542 0
v 0.0075 0.0973958 0
v 0.005625 0.0991667 0
v 0.00375 0.0973958 0
v 0.005625 0.0973958 0
v 0.001875 0.0991667 0
v 0.001875 0.0973958 0
v 0.01125 0.0938542 0
v 0.009375 0.095625 0
v 0.009375 0.0938542 0
v 0.015 0.0938542 0
v 0.013125 0.095625 0
v 0.013125 0.0938542 0
v 0.015 0.0973958 0
v 0.013125 0.0991667 0
v 0.01125 0.0973958 0
v 0.013125 0.0973958 0
v 0.009375 0.0991667 0
v 0.009375 0.0973958 0
v 0.01875 0.0938542 0
v 0.016875 0.095625 0
v 0.016875 0.0938542 0
v 0.0225 0.0938542 0
v 0.020625 0.095625 0
v 0.020625 0.0938542 0
v 0.0225 0.0973958 0
v 0.020625 0.0991667 0
v 0.01875 0.0973958 0
v 0.020625 0.0973958 0
v 0.016875 0.0991667 0
v 0.016875 0.0973958 0
v 0.02625 0.0938542 0
v 0.024375 0.095625 0
v 0.024375 0.0938542 0
v 0.028125 0.095625 0
v 0.028125 0.0938542 0
v 0.028125 0.0991667 0
v 0.02625 0.0973958 0
v 0.028125 0.0973958 0
v 0.024375 0.0991667 0
v 0.024375 0.0973958 0
v -0.02625 0.100938 0
v -0.028125 0.102708 0
v -0.028125 0.100938 0
v -0.0225 0.100938 0
v -0.024375 0.102708 0
v -0.024375 0.100938 0
v -0.0225 0.104479 0
v -0.024375 0.10625 0
v -0.02625 0.104479 0
v -0.024375 0.104479 0
v -0.028125 0.10625 0
v -0.028125 0.104479 0
v -0.01875 0.100938 0
v -0.020625 0.102708 0
v -0.020625 0.100938 0
v -0.015 0.100938 0
v -0.016875 0.102708 0
v -0.016875 0.100938 0
v -0.015 0.104479 0
v -0.016875 0.10625 0
v -0.01875 0.104479 0
v -0.016875 0.104479 0
v -0.020625 0.10625 0
v -0.020625 0.104479 0
v -0.01125 0.100938 0
v -0.013125 0.102708 0
v -0.013125 0.100938 0
v -0.0075 0.100938 0
v -0.009375 0.102708 0
v -0.009375 0.100938 0
v -0.0075 0.104479 0
v -0.009375 0.10625 0
v -0.01125 0.104479 0
v -0.009375 0.104479 0
v -0.013125 0.10625 0
v -0.013125 0.104479 0
v -0.00375 0.100938 0
v -0.005625 0.102708 0
v -0.005625 0.100938 0
v 0 0.100938 0
v -0.001875 0.102708 0
v -0.001875 0.100938 0
v 0 0.104479 0
v -0.001875 0.10625 0
v -0.00375 0.104479 0
v -0.001875 0.104479 0
v -0.005625 0.10625 0
v -0.005625 0.104479 0
v 0.00375 0.100938 0
v 0.001875 0.102708 0
v 0.001875 0.100938 0
v 0.0075 0.100938 0
v 0.005625 0.102708 0
v 0.005625 0.100938 0
v 0.0075 0.104479 0
v 0.005625 0.10625 0
v 0.00375 0.104479 0
v 0.005625 0.104479 0
v 0.001875 0.10625 0
v 0.001875 0.104479 0
v 0.01125 0.100938 0
v 0.009375 0.102708 0
v 0.009375 0.100938 0
v 0.015 0.100938 0
v 0.013125 0.102708 0
v 0.013125 0.100938 0
v 0.015 0.104479 0
v 0.013125 0.10625 0
v 0.01125 0.104479 0
v 0.013125 0.104479 0
v 0.009375 0.10625 0
v 0.009375 0.104479 0
v 0.01875 0.100938 0
v 0.016875 0.102708 0
v 0.016875 0.100938 0
v 0.0225 0.100938 0
v 0.020625 0.102708 0
v 0.020625 0.100938 0
v 0.0225 0.104479 0
v 0.020625 0.10625 0
v 0.01875 0.104479 0
v 0.020625 0.104479 0
v 0.016875 0.10625 0
v 0.016875 0.104479 0
v 0.02625 0.100938 0
v 0.024375 0.102708 0
v 0.024375 0.100938 0
v 0.028125 0.102708 0
v 0.028125 0.100938 0
v 0.028125 0.10625 0
v 0.02625 0.104479 0
v 0.028125 0.104479 0
v 0.024375 0.10625 0
v 0.024375 0.104479 0
v -0.02625 0.108021 0
v -0.028125 0.109792 0
v -0.028125 0.108021 0
v -0.0225 0.108021 0
v -0.024375 0.109792 0
v -0.024375 0.108021 0
v -0.0225 0.111563 0
v -0.024375 0.113333 0
v -0.02625 0.111563 0
v -0.024375 0.111563 0
v -0.028125 0.113333 0
v -0.028125 0.111563 0
v -0.01875 0.108021 0
v -0.020625 0.109792 0
v -0.020625 0.108021 0
v -0.015 0.108021 0
v -0.016875 0.109792 0
v -0.016875 0.108021 0
v -0.015 0.111563 0
v -0.016875 0.113333 0
v -0.01875 0.111563 0
v -0.016875 0.111563 0
v -0.020625 0.113333 0
v -0.020625 0.111563 0
v -0.01125 0.108021 0
v -0.013125 0.109792 0
v -0.013125 0.108021 0
v -0.0075 0.108021 0
v -0.009375 0.109792 0
v -0.009375 0.108021 0
v -0.0075 0.111563 0
v -0.009375 0.113333 0
v -0.01125 0.111563 0
v -0.009375 0.111563 0
v -0.013125 0.113333 0
v -0.013125 0.111563 0
v -0.00375 0.108021 0
v -0.005625 0.109792 0
v -0.005625 0.108021 0
v 0 0.108021 0
v -0.001875 0.109792 0
v -0.001875 0.108021 0
v 0 0.111563 0
v -0.001875 0.113333 0
v -0.00375 0.111563 0
v -0.001875 0.111563 0
v -0.005625 0.113333 0
v -0.005625 0.111563 0
v 0.00375 0.108021 0
v 0.001875 0.109792 0
v 0.001875 0.108021 0
v 0.0075 0.108021 0
v 0.005625 0.109792 0
v 0.005625 0.108021 0
v 0.0075 0.111563 0
v 0.005625 0.113333 0
v 0.00375 0.111563 0
v 0.005625 0.111563 0
v 0.001875 0.113333 0
v 0.001875 0.111563 0
v 0.01125 0.108021 0
v 0.009375 0.109792 0
v 0.009375 0.108021 0
v 0.015 0.108021 0
v 0.013125 0.109792 0
v 0.013125 0.108021 0
v 0.015 0.111563 0
v 0.013125 0.113333 0
v 0.01125 0.111563 0
v 0.013125 0.111563 0
v 0.009375 0.113333 0
v 0.009375 0.111563 0
v 0.01875 0.108021 0
v 0.016875 0.109792 0
v 0.016875 0.108021 0
v 0.0225 0.108021 0
v 0.020625 0.109792 0
v 0.020625 0.108021 0
v 0.0225 0.111563 0
v 0.020625 0.113333 0
v 0.01875 0.111563 0
v 0.020625 0.111563 0
v 0.016875 0.113333 0
v 0.016875 0.111563 0
v 0.02625 0.108021 0
v 0.024375 0.109792 0
v 0.024375 0.108021 0
v 0.028125 0.109792 0
v 0.028125 0.108021 0
v 0.028125 0.113333 0
v 0.02625 0.111563 0
v 0.028125 0.111563 0
v 0.024375 0.113333 0
v 0.024375 0.111563 0
v -0.02625 0.115104 0
v -0.028125 0.116875 0
v -0.028125 0.115104 0
v -0.0225 0.115104 0
v -0.024375 0.116875 0
v -0.024375 0.115104 0
v -0.0225 0.118646 0
v -0.024375 0.120417 0
v -0.02625 0.118646 0
v -0.024375 0.118646 0
v -0.028125 0.120417 0
v -0.028125 0.118646 0
v -0.01875 0.115104 0
v -0.020625 0.116875 0
v -0.020625 0.115104 0
v -0.015 0.115104 0
v -0.016875 0.116875 0
v -0.016875 0.115104 0
v -0.015 0.118646 0
v -0.016875 0.120417 0
v -0.01875 0.118646 0
v -0.016875 0.118646 0
v -0.020625 0.120417 0
v -0.020625 0.118646 0
v -0.01125 0.115104 0
v -0.013125 0.116875 0
v -0.013125 0.115104 0
v -0.0075 0.115104 0
v -0.009375 0.116875 0
v -0.009375 0.115104 0
v -0.0075 0.118646 0
v -0.009375 0.120417 0
v -0.01125 0.118646 0
v -0.009375 0.118646 0
v -0.013125 0.120417 0
v -0.013125 0.118646 0
v -0.00375 0.115104 0
v -0.005625 0.116875 0
v -0.005625 0.115104 0
v 0 0.115104 0
v -0.001875 0.116875 0
v -0.001875 0.115104 0
v 0 0.118646 0
v -0.001875 0.120417 0
v -0.00375 0.118646 0
v -0.001875 0.118646 0
v -0.005625 0.120417 0
v -0.005625 0.118646 0
v 0.00375 0.115104 0
v 0.001875 0.116875 0
v 0.001875 0.115104 0
v 0.0075 0.115104 0
v 0.005625 0.116875 0
v 0.005625 0.115104 0
v 0.0075 0.118646 0
v 0.005625 0.120417 0
v 0.00375 0.118646 0
v 0.005625 0.118646 0
v 0.001875 0.120417 0
v 0.001875 0.118646 0
v 0.01125 0.115104 0
v 0.009375 0.116875 0
v 0.009375 0.115104 0
v 0.015 0.115104 0
v 0.013125 0.116875 0
v 0.013125 0.115104 0
v 0.015 0.118646 0
v 0.013125 0.120417 0
v 0.01125 0.118646 0
v 0.013125 0.118646 0
v 0.009375 0.120417 0
v 0.009375 0.118646 0
v 0.01875 0.115104 0
v 0.016875 0.116875 0
v 0.016875 0.115104 0
v 0.0225 0.115104 0
v 0.020625 0.116875 0
v 0.020625 0.115104 0
v 0.0225 0.118646 0
v 0.020625 0.120417 0
v 0.01875 0.118646 0
v 0.020625 0.118646 0
v 0.016875 0.120417 0
v 0.016875 0.118646 0
v 0.02625 0.115104 0
v 0.024375 0.116875 0
v 0.024375 0.115104 0
v 0.028125 0.116875 0
v 0.028125 0.115104 0
v 0.028125 0.120417 0
v 0.02625 0.118646 0
v 0.028125 0.118646 0
v 0.024375 0.120417 0
v 0.024375 0.118646 0
v -0.02625 0.122187 0
v -0.028125 0.123958 0
v -0.028125 0.122187 0
v -0.0225 0.122187 0
v -0.024375 0.123958 0
v -0.024375 0.122187 0
v -0.0225 0.125729 0
v -0.024375 0.1275 0
v -0.02625 0.125729 0
v -0.024375 0.125729 0
v -0.028125 0.1275 0
v -0.028125 0.125729 0
v -0.01875 0.122187 0
v -0.020625 0.123958 0
v -0.020625 0.122187 0
v -0.015 0.122187 0
v -0.016875 0.123958 0
v -0.016875 0.122187 0
v -0.015 0.125729 0
v -0.016875 0.1275 0
v -0.01875 0.125729 0
v -0.016875 0.125729 0
v -0.020625 0.1275 0
v -0.020625 0.125729 0
v -0.01125 0.122187 0
v -0.013125 0.123958 0
v -0.013125 0.122187 0
v -0.0075 0.122187 0
v -0.009375 0.123958 0
v -0.009375 0.122187 0
v -0.0075 0.125729 0
v -0.009375 0.1275 0
v -0.01125 0.125729 0
v -0.009375 0.125729 0
v -0.013125 0.1275 0
v -0.013125 0.125729 0
v -0.00375 0.122187 0
v -0.005625 0.123958 0
v -0.005625 0.122187 0
v 0 0.122187 0
v -0.001875 0.123958 0
v -0.001875 0.122187 0
v 0 0.125729 0
v -0.001875 0.1275 0
v -0.00375 0.125729 0
v -0.001875 0.125729 0
v -0.005625 0.1275 0
v -0.005625 0.125729 0
v 0.00375 0.122187 0
v 0.001875 0.123958 0
v 0.001875 0.122187 0
v 0.0075 0.122187 0
v 0.005625 0.123958 0
v 0.005625 0.122187 0
v 0.0075 0.125729 0
v 0.005625 0.1275 0
v 0.00375 0.125729 0
v 0.005625 0.125729 0
v 0.001875 0.1275 0
v 0.001875 0.125729 0
v 0.01125 0.122187 0
v 0.009375 0.123958 0
v 0.009375 0.122187 0
v 0.015 0.122187 0
v 0.013125 0.123958 0
v 0.013125 0.122187 0
v 0.015 0.125729 0
v 0.013125 0.1275 0
v 0.01125 0.125729 0
v 0.013125 0.125729 0
v 0.009375 0.1275 0
v 0.009375 0.125729 0
v 0.01875 0.122187 0
v 0.016875 0.123958 0
v 0.016875 0.122187 0
v 0.0225 0.122187 0
v 0.020625 0.123958 0
v 0.020625 0.122187 0
v 0.0225 0.125729 0
v 0.020625 0.1275 0
v 0.01875 0.125729 0
v 0.020625 0.125729 0
v 0.016875 0.1275 0
v 0.016875 0.125729 0
v 0.02625 0.122187 0
v 0.024375 0.123958 0
v 0.024375 0.122187 0
v 0.028125 0.123958 0
v 0.028125 0.122187 0
v 0.028125 0.1275 0
v 0.02625 0.125729 0
v 0.028125 0.125729 0
v 0.024375 0.1275 0
v 0.024375 0.125729 0
v -0.02625 0.129271 0
v -0.028125 0.131042 0
v -0.028125 0.129271 0
v -0.0225 0.129271 0
v -0.024375 0.131042 0
v -0.024375 0.129271 0
v -0.0225 0.132813 0
v -0.024375 0.134583 0
v -0.02625 0.132813 0
v -0.024375 0.132813 0
v -0.028125 0.134583 0
v -0.028125 0.132813 0
v -0.01875 0.129271 0
v -0.020625 0.131042 0
v -0.020625 0.129271 0
v -0.015 0.129271 0
v -0.016875 0.131042 0
v -0.016875 0.129271 0
v -0.015 0.132813 0
v -0.016875 0.134583 0
v -0.01875 0.132813 0
v -0.016875 0.132813 0
v -0.020625 0.134583 0
v -0.020625 0.132813 0
v -0.01125 0.129271 0
v -0.013125 0.131042 0
v -0.013125 0.129271 0
v -0.0075 0.129271 0
v -0.009375 0.131042 0
v -0.009375 0.129271 0
v -0.0075 0.132813 0
v -0.009375 0.134583 0
v -0.01125 0.132813 0
v -0.009375 0.132813 0
v -0.013125 0.134583 0
v -0.013125 0.132813 0
v -0.00375 0.129271 0
v -0.005625 0.131042 0
v -0.005625 0.129271 0
v 0 0.129271 0
v -0.001875 0.131042 0
v -0.001875 0.129271 0
v 0 0.132813 0
v -0.001875 0.134583 0
v -0.00375 0.132813 0
v -0.001875 0.132813 0
v -0.005625 0.134583 0
v -0.005625 0.132813 0
v 0.00375 0.129271 0
v 0.001875 0.131042 0
v 0.001875 0.129271 0
v 0.0075 0.129271 0
v 0.005625 0.131042 0
v 0.005625 0.129271 0
v 0.0075 0.132813 0
v 0.005625 0.134583 0
v 0.00375 0.132813 0
v 0.005625 0.132813 0
v 0.001875 0.134583 0
v 0.001875 0.132813 0
v 0.01125 0.129271 0
v 0.009375 0.131042 0
v 0.009375 0.129271 0
v 0.015 0.129271 0
v 0.013125 0.131042 0
v 0.013125 0.129271 0
v 0.015 0.132813 0
v 0.013125 0.134583 0
v 0.01125 0.132813 0
v 0.013125 0.132813 0
v 0.009375 0.134583 0
v 0.009375 0.132813 0
v 0.01875 0.129271 0
v 0.016875 0.131042 0
v 0.016875 0.129271 0
v 0.0225 0.129271 0
v 0.020625 0.131042 0
v 0.020625 0.129271 0
v 0.0225 0.132813 0
v 0.020625 0.134583 0
v 0.01875 0.132813 0
v 0.020625 0.132813 0
v 0.016875 0.134583 0
v 0.016875 0.132813 0
v 0.02625 0.129271 0
v 0.024375 0.131042 0
v 0.024375 0.129271 0
v 0.028125 0.131042 0
v 0.028125 0.129271 0
v 0.028125 0.134583 0
v 0.02625 0.132813 0
v 0.028125 0.132813 0
v 0.024375 0.134583 0
v 0.024375 0.132813 0
v -0.02625 0.136354 0
v -0.028125 0.138125 0
v -0.028125 0.136354 0
v -0.0225 0.136354 0
v -0.024375 0.138125 0
v -0.024375 0.136354 0
v -0.0225 0.139896 0
v -0.024375 0.141667 0
v -0.02625 0.139896 0
v -0.024375 0.139896 0
v -0.028125 0.141667 0
v -0.028125 0.139896 0
v -0.01875 0.136354 0
v -0.020625 0.138125 0
v -0.020625 0.136354 0
v -0.015 0.136354 0
v -0.016875 0.138125 0
v -0.016875 0.136354 0
v -0.015 0.139896 0
v -0.016875 0.141667 0
v -0.01875 0.139896 0
v -0.016875 0.139896 0
v -0.020625 0.141667 0
v -0.020625 0.139896 0
v -0.01125 0.136354 0
v -0.013125 0.138125 0
v -0.013125 0.136354 0
v -0.0075 0.136354 0
v -0.009375 0.138125 0
v -0.009375 0.136354 0
v -0.0075 0.139896 0
v -0.009375 0.141667 0
v -0.01125 0.139896 0
v -0.009375 0.139896 0
v -0.013125 0.141667 0
v -0.013125 0.139896 0
v -0.00375 0.136354 0
v -0.005625 0.138125 0
v -0.005625 0.136354 0
v 0 0.136354 0
v -0.001875 0.138125 0
v -0.001875 0.136354 0
v 0 0.139896 0
v -0.001875 0.141667 0
v -0.00375 0.139896 0
v -0.001875 0.139896 0
v -0.005625 0.141667 0
v -0.005625 0.139896 0
v 0.00375 0.136354 0
v 0.001875 0.138125 0
v 0.001875 0.136354 0
v 0.0075 0.136354 0
v 0.005625 0.138125 0
v 0.005625 0.136354 0
v 0.0075 0.139896 0
v 0.005625 0.141667 0
v 0.00375 0.139896 0
v 0.005625 0.139896 0
v 0.001875 0.141667 0
v 0.001875 0.139896 0
v 0.01125 0.136354 0
v 0.009375 0.138125 0
v 0.009375 0.136354 0
v 0.015 0.136354 0
v 0.013125 0.138125 0
v 0.013125 0.136354 0
v 0.015 0.139896 0
v 0.013125 0.141667 0
v 0.01125 0.139896 0
v 0.013125 0.139896 0
v 0.009375 0.141667 0
v 0.009375 0.139896 0
v 0.01875 0.136354 0
v 0.016875 0.138125 0
v 0.016875 0.136354 0
v 0.0225 0.136354 0
v 0.020625 0.138125 0
v 0.020625 0.136354 0
v 0.0225 0.139896 0
v 0.020625 0.141667 0
v 0.01875 0.139896 0
v 0.020625 0.139896 0
v 0.016875 0.141667 0
v 0.016875 0.139896 0
v 0.02625 0.136354 0
v 0.024375 0.138125 0
v 0.024375 0.136354 0
v 0.028125 0.138125 0
v 0.028125 0.136354 0
v 0.028125 0.141667 0
v 0.02625 0.139896 0
v 0.028125 0.139896 0
v 0.024375 0.141667 0
v 0.024375 0.139896 0
v -0.02625 0.143438 0
v -0.028125 0.145208 0
v -0.028125 0.143438 0
v -0.0225 0.143438 0
v -0.024375 0.145208 0
v -0.024375 0.143438 0
v -0.0225 0.146979 0
v -0.024375 0.14875 0
v -0.02625 0.146979 0
v -0.024375 0.146979 0
v -0.028125 0.14875 0
v -0.028125 0.146979 0
v -0.01875 0.143438 0
v -0.020625 0.145208 0
v -0.020625 0.143438 0
v -0.015 0.143438 0
v -0.016875 0.145208 0
v -0.016875 0.143438 0
v -0.015 0.146979 0
v -0.016875 0.14875 0
v -0.01875 0.146979 0
v -0.016875 0.146979 0
v -0.020625 0.14875 0
v -0.020625 0.146979 0
v -0.01125 0.143438 0
v -0.013125 0.145208 0
v -0.013125 0.143438 0
v -0.0075 0.143438 0
v -0.009375 0.145208 0
v -0.009375 0.143438 0
v -0.0075 0.146979 0
v -0.009375 0.14875 0
v -0.01125 0.146979 0
v -0.009375 0.146979 0
v -0.013125 0.14875 0
v -0.013125 0.146979 0
v -0.00375 0.143438 0
v -0.005625 0.145208 0
v -0.005625 0.143438 0
v 0 0.143438 0
v -0.001875 0.145208 0
v -0.001875 0.143438 0
v 0 0.146979 0
v -0.001875 0.14875 0
v -0.00375 0.146979 0
v -0.001875 0.146979 0
v -0.005625 0.14875 0
v -0.005625 0.146979 0
v 0.00375 0.143438 0
v 0.001875 0.145208 0
v 0.001875 0.143438 0
v 0.0075 0.143438 0
v 0.005625 0.145208 0
v 0.005625 0.143438 0
v 0.0075 0.146979 0
v 0.005625 0.14875 0
v 0.00375 0.146979 0
v 0.005625 0.146979 0
v 0.001875 0.14875 0
v 0.001875 0.146979 0
v 0.01125 0.143438 0
v 0.009375 0.145208 0
v 0.009375 0.143438 0
v 0.015 0.143438 0
v 0.013125 0.145208 0
v 0.013125 0.143438 0
v 0.015 0.146979 0
v 0.013125 0.14875 0
v 0.01125 0.146979 0
v 0.013125 0.146979 0
v 0.009375 0.14875 0
v 0.009375 0.146979 0
v 0.01875 0.143438 0
v 0.016875 0.145208 0
v 0.016875 0.143438 0
v 0.0225 0.143438 0
v 0.020625 0.145208 0
v 0.020625 0.143438 0
v 0.0225 0.146979 0
v 0.020625 0.14875 0
v 0.01875 0.146979 0
v 0.020625 0.146979 0
v 0.016875 0.14875 0
v 0.016875 0.146979 0
v 0.02625 0.143438 0
v 0.024375 0.145208 0
v 0.024375 0.143438 0
v 0.028125 0.145208 0
v 0.028125 0.143438 0
v 0.028125 0.14875 0
v 0.02625 0.146979 0
v 0.028125 0.146979 0
v 0.024375 0.14875 0
v 0.024375 0.146979 0
v -0.02625 0.150521 0
v -0.028125 0.152292 0
v -0.028125 0.150521 0
v -0.0225 0.150521 0
v -0.024375 0.152292 0
v -0.024375 0.150521 0
v -0.0225 0.154063 0
v -0.024375 0.155833 0
v -0.02625 0.154063 0
v -0.024375 0.154063 0
v -0.028125 0.155833 0
v -0.028125 0.154063 0
v -0.01875 0.150521 0
v -0.020625 0.152292 0
v -0.020625 0.150521 0
v -0.015 0.150521 0
v -0.016875 0.152292 0
v -0.016875 0.150521 0
v -0.015 0.154063 0
v -0.016875 0.155833 0
v -0.01875 0.154063 0
v -0.016875 0.154063 0
v -0.020625 0.155833 0
v -0.020625 0.154063 0
v -0.01125 0.150521 0
v -0.013125 0.152292 0
v -0.013125 0.150521 0
v -0.0075 0.150521 0
v -0.009375 0.152292 0
v -0.009375 0.150521 0
v -0.0075 0.154063 0
v -0.009375 0.155833 0
v -0.01125 0.154063 0
v -0.009375 0.154063 0
v -0.013125 0.155833 0
v -0.013125 0.154063 0
v -0.00375 0.150521 0
v -0.005625 0.152292 0
v -0.005625 0.150521 0
v 0 0.150521 0
v -0.001875 0.152292 0
v -0.001875 0.150521 0
v 0 0.154063 0
v -0.00185761 0.155775 0
v -0.00375 0.154063 0
v -0.001875 0.154063 0
v -0.00560761 0.155852 0
v -0.005625 0.154063 0
v 0.00375 0.150521 0
v 0.001875 0.152292 0
v 0.001875 0.150521 0
v 0.0075 0.150521 0
v 0.005625 0.152292 0
v 0.005625 0.150521 0
v 0.0075 0.154063 0
v 0.00560761 0.155852 0
v 0.00375 0.154063 0
v 0.005625 0.154063 0
v 0.00185761 0.155775 0
v 0.001875 0.154063 0
v 0.01125 0.150521 0
v 0.009375 0.152292 0
v 0.009375 0.150521 0
v 0.015 0.150521 0
v 0.013125 0.152292 0
v 0.013125 0.150521 0
v 0.015 0.154063 0
v 0.013125 0.155833 0
v 0.01125 0.154063 0
v 0.013125 0.154063 0
v 0.009375 0.155833 0
v 0.009375 0.154063 0
v 0.01875 0.150521 0
v 0.016875 0.152292 0
v 0.016875 0.150521 0
v 0.0225 0.150521 0
v 0.020625 0.152292 0
v 0.020625 0.150521 0
v 0.0225 0.154063 0
v 0.020625 0.155833 0
v 0.01875 0.154063 0
v 0.020625 0.154063 0
v 0.016875 0.155833 0
v 0.016875 0.154063 0
v 0.02625 0.150521 0
v 0.024375 0.152292 0
v 0.024375 0.150521 0
v 0.028125 0.152292 0
v 0.028125 0.150521 0
v 0.028125 0.155833 0
v 0.02625 0.154063 0
v 0.028125 0.154063 0
v 0.024375 0.155833 0
v 0.024375 0.154063 0
v -0.02625 0.157604 0
v -0.028125 0.159375 0
v -0.028125 0.157604 0
v -0.0225 0.157604 0
v -0.024375 0.159375 0
v -0.024375 0.157604 0
v -0.0225 0.161146 0
v -0.024375 0.162917 0
v -0.02625 0.161146 0
v -0.024375 0.161146 0
v -0.028125 0.162917 0
v -0.028125 0.161146 0
v -0.01875 0.157604 0
v -0.020625 0.159375 0
v -0.020625 0.157604 0
v -0.015 0.157604 0
v -0.016875 0.159375 0
v -0.016875 0.157604 0
v -0.015 0.161146 0
v -0.016875 0.162917 0
v -0.01875 0.161146 0
v -0.016875 0.161146 0
v -0.020625 0.162917 0
v -0.020625 0.161146 0
v -0.01125 0.157604 0
v -0.013125 0.159375 0
v -0.013125 0.157604 0
v -0.00748261 0.157622 0
v -0.009375 0.159375 0
v -0.009375 0.157604 0
v -0.00755028 0.161167 0
v -0.009375 0.162917 0
v -0.01125 0.161146 0
v -0.009375 0.161146 0
v -0.013125 0.162917 0
v -0.013125 0.161146 0
v 0.01125 0.157604 0
v 0.009375 0.159375 0
v 0.00748261 0.157622 0
v 0.009375 0.157604 0
v 0.015 0.157604 0
v 0.013125 0.159375 0
v 0.013125 0.157604 0
v 0.015 0.161146 0
v 0.013125 0.162917 0
v 0.01125 0.161146 0
v 0.013125 0.161146 0
v 0.009375 0.162917 0
v 0.00755028 0.161167 0
v 0.009375 0.161146 0
v 0.01875 0.157604 0
v 0.016875 0.159375 0
v 0.016875 0.157604 0
v 0.0225 0.157604 0
v 0.020625 0.159375 0
v 0.020625 0.157604 0
v 0.0225 0.161146 0
v 0.020625 0.162917 0
v 0.01875 0.161146 0
v 0.020625 0.161146 0
v 0.016875 0.162917 0
v 0.016875 0.161146 0
v 0.02625 0.157604 0
v 0.024375 0.159375 0
v 0.024375 0.157604 0
v 0.028125 0.159375 0
v 0.028125 0.157604 0
v 0.028125 0.162917 0
v 0.02625 0.161146 0
v 0.028125 0.161146 0
v 0.024375 0.162917 0
v 0.024375 0.161146 0
v -0.02625 0.164687 0
v -0.0280664 0.166403 0
v -0.028125 0.164687 0
v -0.0225 0.164687 0
v -0.024375 0.166458 0
v -0.024375 0.164687 0
v -0.0225 0.168229 0
v -0.0261914 0.168174 0
v -0.024375 0.168229 0
v -0.0278906 0.168008 0
v -0.01875 0.164687 0
v -0.020625 0.166458 0
v -0.020625 0.164687 0
v -0.015 0.164687 0
v -0.016875 0.166458 0
v -0.016875 0.164687 0
v -0.015 0.168229 0
v -0.01875 0.168229 0
v -0.016875 0.168229 0
v -0.020625 0.168229 0
v -0.01125 0.164687 0
v -0.013125 0.166458 0
v -0.013125 0.164687 0
v -0.00755657 0.164677 0
v -0.009375 0.166458 0
v -0.009375 0.164687 0
v -0.00748889 0.168216 0
v -0.01125 0.168229 0
v -0.009375 0.168229 0
v -0.013125 0.168229 0
v 0.01125 0.164687 0
v 0.009375 0.166458 0
v 0.00755657 0.164677 0
v 0.009375 0.164687 0
v 0.015 0.164687 0
v 0.013125 0.166458 0
v 0.013125 0.164687 0
v 0.015 0.168229 0
v 0.01125 0.168229 0
v 0.013125 0.168229 0
v 0.00748889 0.168216 0
v 0.009375 0.168229 0
v 0.01875 0.164687 0
v 0.016875 0.166458 0
v 0.016875 0.164687 0
v 0.0225 0.164687 0
v 0.020625 0.166458 0
v 0.020625 0.164687 0
v 0.0225 0.168229 0
v 0.01875 0.168229 0
v 0.020625 0.168229 0
v 0.016875 0.168229 0
v 0.02625 0.164687 0
v 0.024375 0.166458 0
v 0.024375 0.164687 0
v 0.0280664 0.166403 0
v 0.028125 0.164687 0
v 0.0261914 0.168174 0
v 0.0278906 0.168008 0
v 0.024375 0.168229 0
v -0.00364564 0.157637 0
v -0.00558832 0.159487 0
v -0.00555543 0.157677 0
v 0.00558832 0.159487 0
v 0.00364564 0.157637 0
v 0.00555543 0.157677 0
v -0.00562604 0.166383 0
v -0.00368337 0.168238 0
v -0.00558058 0.168177 0
v 0.00562604 0.166383 0
v 0.00368337 0.168238 0
v 0.00558058 0.168177 0
v 0 0.157181 0
v -0.00180543 0.157371 0
v -0.00600253 0.162937 0
v -0.00582611 0.161229 0
v 0.00180543 0.157371 0
v 0.00600253 0.162937 0
v 0.00582611 0.161229 0
v -0.00585126 0.164646 0
v 0 0.168725 0
v -0.00183058 0.168525 0
v 0.00585126 0.164646 0
v 0.00183058 0.168525 0
v -0.0278906 0.00199219 0.0003
v -0.0261914 0.00182617 0.0003
v -0.0262353 0.0035555 0.0003
v -0.0280664 0.00359701 0.0003
v -0.024375 0.00177083 0.0003
v -0.0225 0.00177083 0.0003
v -0.0225 0.00354167 0.0003
v -0.024375 0.00354167 0.0003
v -0.024375 0.0053125 0.0003
v -0.02625 0.0053125 0.0003
v -0.0225 0.0053125 0.0003
v -0.0225 0.00708333 0.0003
v -0.024375 0.00708333 0.0003
v -0.02625 0.00708333 0.0003
v -0.028125 0.0053125 0.0003
v -0.028125 0.00708333 0.0003
v -0.020625 0.00177083 0.0003
v -0.01875 0.00177083 0.0003
v -0.01875 0.00354167 0.0003
v -0.020625 0.00354167 0.0003
v -0.016875 0.00177083 0.0003
v -0.015 0.00177083 0.0003
v -0.015 0.00354167 0.0003
v -0.016875 0.00354167 0.0003
v -0.016875 0.0053125 0.0003
v -0.01875 0.0053125 0.0003
v -0.015 0.0053125 0.0003
v -0.015 0.00708333 0.0003
v -0.016875 0.00708333 0.0003
v -0.01875 0.00708333 0.0003
v -0.020625 0.0053125 0.0003
v -0.020625 0.00708333 0.0003
v -0.013125 0.00177083 0.0003
v -0.01125 0.00177083 0.0003
v -0.01125 0.00354167 0.0003
v -0.013125 0.00354167 0.0003
v -0.009375 0.00177083 0.0003
v -0.0075 0.00177083 0.0003
v -0.0075 0.00354167 0.0003
v -0.009375 0.00354167 0.0003
v -0.009375 0.0053125 0.0003
v -0.01125 0.0053125 0.0003
v -0.0075 0.0053125 0.0003
v -0.0075 0.00708333 0.0003
v -0.009375 0.00708333 0.0003
v -0.01125 0.00708333 0.0003
v -0.013125 0.0053125 0.0003
v -0.013125 0.00708333 0.0003
v -0.005625 0.00177083 0.0003
v -0.00375 0.00177083 0.0003
v -0.00375 0.00354167 0.0003
v -0.005625 0.00354167 0.0003
v -0.001875 0.00177083 0.0003
v 0 0.00177083 0.0003
v 0 0.00354167 0.0003
v -0.001875 0.00354167 0.0003
v -0.001875 0.0053125 0.0003
v -0.00375 0.0053125 0.0003
v 0 0.0053125 0.0003
v 0 0.00708333 0.0003
v -0.001875 0.00708333 0.0003
v -0.00375 0.00708333 0.0003
v -0.005625 0.0053125 0.0003
v -0.005625 0.00708333 0.0003
v 0.001875 0.00177083 0.0003
v 0.00375 0.00177083 0.0003
v 0.00375 0.00354167 0.0003
v 0.001875 0.00354167 0.0003
v 0.005625 0.00177083 0.0003
v 0.0075 0.00177083 0.0003
v 0.0075 0.00354167 0.0003
v 0.005625 0.00354167 0.0003
v 0.005625 0.0053125 0.0003
v 0.00375 0.0053125 0.0003
v 0.0075 0.0053125 0.0003
v 0.0075 0.00708333 0.0003
v 0.005625 0.00708333 0.0003
v 0.00375 0.00708333 0.0003
v 0.001875 0.0053125 0.0003
v 0.001875 0.00708333 0.0003
v 0.009375 0.00177083 0.0003
v 0.01125 0.00177083 0.0003
v 0.01125 0.00354167 0.0003
v 0.009375 0.00354167 0.0003
v 0.013125 0.00177083 0.0003
v 0.015 0.00177083 0.0003
v 0.015 0.00354167 0.0003
v 0.013125 0.00354167 0.0003
v 0.013125 0.0053125 0.0003
v 0.01125 0.0053125 0.0003
v 0.015 0.0053125 0.0003
v 0.015 0.00708333 0.0003
v 0.013125 0.00708333 0.0003
v 0.01125 0.00708333 0.0003
v 0.009375 0.0053125 0.0003
v 0.009375 0.00708333 0.0003
v 0.016875 0.00177083 0.0003
v 0.01875 0.00177083 0.0003
v 0.01875 0.00354167 0.0003
v 0.016875 0.00354167 0.0003
v 0.020625 0.00177083 0.0003
v 0.0225 0.00177083 0.0003
v 0.0225 0.00354167 0.0003
v 0.020625 0.00354167 0.0003
v 0.020625 0.0053125 0.0003
v 0.01875 0.0053125 0.0003
v 0.0225 0.0053125 0.0003
v 0.0225 0.00708333 0.0003
v 0.020625 0.00708333 0.0003
v 0.01875 0.00708333 0.0003
v 0.016875 0.0053125 0.0003
v 0.016875 0.00708333 0.0003
v 0.024375 0.00177083 0.0003
v 0.0261914 0.00182617 0.0003
v 0.0262353 0.0035555 0.0003
v 0.024375 0.00354167 0.0003
v 0.0278906 0.00199219 0.0003
v 0.0280664 0.00359701 0.0003
v 0.028125 0.0053125 0.0003
v 0.02625 0.0053125 0.0003
v 0.028125 0.00708333 0.0003
v 0.02625 0.00708333 0.0003
v 0.024375 0.0053125 0.0003
v 0.024375 0.00708333 0.0003
v -0.028125 0.00885417 0.0003
v -0.02625 0.00885417 0.0003
v -0.02625 0.010625 0.0003
v -0.028125 0.010625 0.0003
v -0.024375 0.00885417 0.0003
v -0.0225 0.00885417 0.0003
v -0.0225 0.010625 0.0003
v -0.024375 0.010625 0.0003
v -0.024375 0.0123958 0.0003
v -0.02625 0.0123958 0.0003
v -0.0225 0.0123958 0.0003
v -0.0225 0.0141667 0.0003
v -0.024375 0.0141667 0.0003
v -0.02625 0.0141667 0.0003
v -0.028125 0.0123958 0.0003
v -0.028125 0.0141667 0.0003
v -0.020625 0.00885417 0.0003
v -0.01875 0.00885417 0.0003
v -0.01875 0.010625 0.0003
v -0.020625 0.010625 0.0003
v -0.016875 0.00885417 0.0003
v -0.015 0.00885417 0.0003
v -0.015 0.010625 0.0003
v -0.016875 0.010625 0.0003
v -0.016875 0.0123958 0.0003
v -0.01875 0.0123958 0.0003
v -0.015 0.0123958 0.0003
v -0.015 0.0141667 0.0003
v -0.016875 0.0141667 0.0003
v -0.01875 0.0141667 0.0003
v -0.020625 0.0123958 0.0003
v -0.020625 0.0141667 0.0003
v -0.013125 0.00885417 0.0003
v -0.01125 0.00885417 0.0003
v -0.01125 0.010625 0.0003
v -0.013125 0.010625 0.0003
v -0.009375 0.00885417 0.0003
v -0.0075 0.00885417 0.0003
v -0.0075 0.010625 0.0003
v -0.009375 0.010625 0.0003
v -0.009375 0.0123958 0.0003
v -0.01125 0.0123958 0.0003
v -0.0075 0.0123958 0.0003
v -0.0075 0.0141667 0.0003
v -0.009375 0.0141667 0.0003
v -0.01125 0.0141667 0.0003
v -0.013125 0.0123958 0.0003
v -0.013125 0.0141667 0.0003
v -0.005625 0.00885417 0.0003
v -0.00375 0.00885417 0.0003
v -0.00375 0.010625 0.0003
v -0.005625 0.010625 0.0003
v -0.001875 0.00885417 0.0003
v 0 0.00885417 0.0003
v 0 0.010625 0.0003
v -0.001875 0.010625 0.0003
v -0.001875 0.0123958 0.0003
v -0.00375 0.0123958 0.0003
v 0 0.0123958 0.0003
v 0 0.0141667 0.0003
v -0.001875 0.0141667 0.0003
v -0.00375 0.0141667 0.0003
v -0.005625 0.0123958 0.0003
v -0.005625 0.0141667 0.0003
v 0.001875 0.00885417 0.0003
v 0.00375 0.00885417 0.0003
v 0.00375 0.010625 0.0003
v 0.001875 0.010625 0.0003
v 0.005625 0.00885417 0.0003
v 0.0075 0.00885417 0.0003
v 0.0075 0.010625 0.0003
v 0.005625 0.010625 0.0003
v 0.005625 0.0123958 0.0003
v 0.00375 0.0123958 0.0003
v 0.0075 0.0123958 0.0003
v 0.0075 0.0141667 0.0003
v 0.005625 0.0141667 0.0003
v 0.00375 0.0141667 0.0003
v 0.001875 0.0123958 0.0003
v 0.001875 0.0141667 0.0003
v 0.009375 0.00885417 0.0003
v 0.01125 0.00885417 0.0003
v 0.01125 0.010625 0.0003
v 0.009375 0.010625 0.0003
v 0.013125 0.00885417 0.0003
v 0.015 0.00885417 0.0003
v 0.015 0.010625 0.0003
v 0.013125 0.010625 0.0003
v 0.013125 0.0123958 0.0003
v 0.01125 0.0123958 0.0003
v 0.015 0.0123958 0.0003
v 0.015 0.0141667 0.0003
v 0.013125 0.0141667 0.0003
v 0.01125 0.0141667 0.0003
v 0.009375 0.0123958 0.0003
v 0.009375 0.0141667 0.0003
v 0.016875 0.00885417 0.0003
v 0.01875 0.00885417 0.0003
v 0.01875 0.010625 0.0003
v 0.016875 0.010625 0.0003
v 0.020625 0.00885417 0.0003
v 0.0225 0.00885417 0.0003
v 0.0225 0.010625 0.0003
v 0.020625 0.010625 0.0003
v 0.020625 0.0123958 0.0003
v 0.01875 0.0123958 0.0003
v 0.0225 0.0123958 0.0003
v 0.0225 0.0141667 0.0003
v 0.020625 0.0141667 0.0003
v 0.01875 0.0141667 0.0003
v 0.016875 0.0123958 0.0003
v 0.016875 0.0141667 0.0003
v 0.024375 0.00885417 0.0003
v 0.02625 0.00885417 0.0003
v 0.02625 0.010625 0.0003
v 0.024375 0.010625 0.0003
v 0.028125 0.00885417 0.0003
v 0.028125 0.010625 0.0003
v 0.028125 0.0123958 0.0003
v 0.02625 0.0123958 0.0003
v 0.028125 0.0141667 0.0003
v 0.02625 0.0141667 0.0003
v 0.024375 0.0123958 0.0003
v 0.024375 0.0141667 0.0003
v -0.028125 0.0159375 0.0003
v -0.02625 0.0159375 0.0003
v -0.02625 0.0177083 0.0003
v -0.028125 0.0177083 0.0003
v -0.024375 0.0159375 0.0003
v -0.0225 0.0159375 0.0003
v -0.0225 0.0177083 0.0003
v -0.024375 0.0177083 0.0003
v -0.024375 0.0194792 0.0003
v -0.02625 0.0194792 0.0003
v -0.0225 0.0194792 0.0003
v -0.0225 0.02125 0.0003
v -0.024375 0.02125 0.0003
v -0.02625 0.02125 0.0003
v -0.028125 0.0194792 0.0003
v -0.028125 0.02125 0.0003
v -0.020625 0.0159375 0.0003
v -0.01875 0.0159375 0.0003
v -0.01875 0.0177083 0.0003
v -0.020625 0.0177083 0.0003
v -0.016875 0.0159375 0.0003
v -0.015 0.0159375 0.0003
v -0.015 0.0177083 0.0003
v -0.016875 0.0177083 0.0003
v -0.016875 0.0194792 0.0003
v -0.01875 0.0194792 0.0003
v -0.015 0.0194792 0.0003
v -0.015 0.02125 0.0003
v -0.016875 0.02125 0.0003
v -0.01875 0.02125 0.0003
v -0.020625 0.0194792 0.0003
v -0.020625 0.02125 0.0003
v -0.013125 0.0159375 0.0003
v -0.01125 0.0159375 0.0003
v -0.01125 0.0177083 0.0003
v -0.013125 0.0177083 0.0003
v -0.009375 0.0159375 0.0003
v -0.0075 0.0159375 0.0003
v -0.0075 0.0177083 0.0003
v -0.009375 0.0177083 0.0003
v -0.009375 0.0194792 0.0003
v -0.01125 0.0194792 0.0003
v -0.0075 0.0194792 0.0003
v -0.0075 0.02125 0.0003
v -0.009375 0.02125 0.0003
v -0.01125 0.02125 0.0003
v -0.013125 0.0194792 0.0003
v -0.013125 0.02125 0.0003
v -0.005625 0.0159375 0.0003
v -0.00375 0.0159375 0.0003
v -0.00375 0.0177083 0.0003
v -0.005625 0.0177083 0.0003
v -0.001875 0.0159375 0.0003
v 0 0.0159375 0.0003
v 0 0.0177083 0.0003
v -0.001875 0.0177083 0.0003
v -0.001875 0.0194792 0.0003
v -0.00375 0.0194792 0.0003
v 0 0.0194792 0.0003
v 0 0.02125 0.0003
v -0.001875 0.02125 0.0003
v -0.00375 0.02125 0.0003
v -0.005625 0.0194792 0.0003
v -0.005625 0.02125 0.0003
v 0.001875 0.0159375 0.0003
v 0.00375 0.0159375 0.0003
v 0.00375 0.0177083 0.0003
v 0.001875 0.0177083 0.0003
v 0.005625 0.0159375 0.0003
v 0.0075 0.0159375 0.0003
v 0.0075 0.0177083 0.0003
v 0.005625 0.0177083 0.0003
v 0.005625 0.0194792 0.0003
v 0.00375 0.0194792 0.0003
v 0.0075 0.0194792 0.0003
v 0.0075 0.02125 0.0003
v 0.005625 0.02125 0.0003
v 0.00375 0.02125 0.0003
v 0.001875 0.0194792 0.0003
v 0.001875 0.02125 0.0003
v 0.009375 0.0159375 0.0003
v 0.01125 0.0159375 0.0003
v 0.01125 0.0177083 0.0003
v 0.009375 0.0177083 0.0003
v 0.013125 0.0159375 0.0003
v 0.015 0.0159375 0.0003
v 0.015 0.0177083 0.0003
v 0.013125 0.0177083 0.0003
v 0.013125 0.0194792 0.0003
v 0.01125 0.0194792 0.0003
v 0.015 0.0194792 0.0003
v 0.015 0.02125 0.0003
v 0.013125 0.02125 0.0003
v 0.01125 0.02125 0.0003
v 0.009375 0.0194792 0.0003
v 0.009375 0.02125 0.0003
v 0.016875 0.0159375 0.0003
v 0.01875 0.0159375 0.0003
v 0.01875 0.0177083 0.0003
v 0.016875 0.0177083 0.0003
v 0.020625 0.0159375 0.0003
v 0.0225 0.0159375 0.0003
v 0.0225 0.0177083 0.0003
v 0.020625 0.0177083 0.0003
v 0.020625 0.0194792 0.0003
v 0.01875 0.0194792 0.0003
v 0.0225 0.0194792 0.0003
v 0.0225 0.02125 0.0003
v 0.020625 0.02125 0.0003
v 0.01875 0.02125 0.0003
v 0.016875 0.0194792 0.0003
v 0.016875 0.02125 0.0003
v 0.024375 0.0159375 0.0003
v 0.02625 0.0159375 0.0003
v 0.02625 0.0177083 0.0003
v 0.024375 0.0177083 0.0003
v 0.028125 0.0159375 0.0003
v 0.028125 0.0177083 0.0003
v 0.028125 0.0194792 0.0003
v 0.02625 0.0194792 0.0003
v 0.028125 0.02125 0.0003
v 0.02625 0.02125 0.0003
v 0.024375 0.0194792 0.0003
v 0.024375 0.02125 0.0003
v -0.028125 0.0230208 0.0003
v -0.02625 0.0230208 0.0003
v -0.02625 0.0247917 0.0003
v -0.028125 0.0247917 0.0003
v -0.024375 0.0230208 0.0003
v -0.0225 0.0230208 0.0003
v -0.0225 0.0247917 0.0003
v -0.024375 0.0247917 0.0003
v -0.024375 0.0265625 0.0003
v -0.02625 0.0265625 0.0003
v -0.0225 0.0265625 0.0003
v -0.0225 0.0283333 0.0003
v -0.024375 0.0283333 0.0003
v -0.02625 0.0283333 0.0003
v -0.028125 0.0265625 0.0003
v -0.028125 0.0283333 0.0003
v -0.020625 0.0230208 0.0003
v -0.01875 0.0230208 0.0003
v -0.01875 0.0247917 0.0003
v -0.020625 0.0247917 0.0003
v -0.016875 0.0230208 0.0003
v -0.015 0.0230208 0.0003
v -0.015 0.0247917 0.0003
v -0.016875 0.0247917 0.0003
v -0.016875 0.0265625 0.0003
v -0.01875 0.0265625 0.0003
v -0.015 0.0265625 0.0003
v -0.015 0.0283333 0.0003
v -0.016875 0.0283333 0.0003
v -0.01875 0.0283333 0.0003
v -0.020625 0.0265625 0.0003
v -0.020625 0.0283333 0.0003
v -0.013125 0.0230208 0.0003
v -0.01125 0.0230208 0.0003
v -0.01125 0.0247917 0.0003
v -0.013125 0.0247917 0.0003
v -0.009375 0.0230208 0.0003
v -0.0075 0.0230208 0.0003
v -0.0075 0.0247917 0.0003
v -0.009375 0.0247917 0.0003
v -0.009375 0.0265625 0.0003
v -0.01125 0.0265625 0.0003
v -0.0075 0.0265625 0.0003
v -0.0075 0.0283333 0.0003
v -0.009375 0.0283333 0.0003
v -0.01125 0.0283333 0.0003
v -0.013125 0.0265625 0.0003
v -0.013125 0.0283333 0.0003
v -0.005625 0.0230208 0.0003
v -0.00375 0.0230208 0.0003
v -0.00375 0.0247917 0.0003
v -0.005625 0.0247917 0.0003
v -0.001875 0.0230208 0.0003
v 0 0.0230208 0.0003
v 0 0.0247917 0.0003
v -0.001875 0.0247917 0.0003
v -0.001875 0.0265625 0.0003
v -0.00375 0.0265625 0.0003
v 0 0.0265625 0.0003
v 0 0.0283333 0.0003
v -0.001875 0.0283333 0.0003
v -0.00375 0.0283333 0.0003
v -0.005625 0.0265625 0.0003
v -0.005625 0.0283333 0.0003
v 0.001875 0.0230208 0.0003
v 0.00375 0.0230208 0.0003
v 0.00375 0.0247917 0.0003
v 0.001875 0.0247917 0.0003
v 0.005625 0.0230208 0.0003
v 0.0075 0.0230208 0.0003
v 0.0075 0.0247917 0.0003
v 0.005625 0.0247917 0.0003
v 0.005625 0.0265625 0.0003
v 0.00375 0.0265625 0.0003
v 0.0075 0.0265625 0.0003
v 0.0075 0.0283333 0.0003
v 0.005625 0.0283333 0.0003
v 0.00375 0.0283333 0.0003
v 0.001875 0.0265625 0.0003
v 0.001875 0.0283333 0.0003
v 0.009375 0.0230208 0.0003
v 0.01125 0.0230208 0.0003
v 0.01125 0.0247917 0.0003
v 0.009375 0.0247917 0.0003
v 0.013125 0.0230208 0.0003
v 0.015 0.0230208 0.0003
v 0.015 0.0247917 0.0003
v 0.013125 0.0247917 0.0003
v 0.013125 0.0265625 0.0003
v 0.01125 0.0265625 0.0003
v 0.015 0.0265625 0.0003
v 0.015 0.0283333 0.0003
v 0.013125 0.0283333 0.0003
v 0.01125 0.0283333 0.0003
v 0.009375 0.0265625 0.0003
v 0.009375 0.0283333 0.0003
v 0.016875 0.0230208 0.0003
v 0.01875 0.0230208 0.0003
v 0.01875 0.0247917 0.0003
v 0.016875 0.0247917 0.0003
v 0.020625 0.0230208 0.0003
v 0.0225 0.0230208 0.0003
v 0.0225 0.0247917 0.0003
v 0.020625 0.0247917 0.0003
v 0.020625 0.0265625 0.0003
v 0.01875 0.0265625 0.0003
v 0.0225 0.0265625 0.0003
v 0.0225 0.0283333 0.0003
v 0.020625 0.0283333 0.0003
v 0.01875 0.0283333 0.0003
v 0.016875 0.0265625 0.0003
v 0.016875 0.0283333 0.0003
v 0.024375 0.0230208 0.0003
v 0.02625 0.0230208 0.0003
v 0.02625 0.0247917 0.0003
v 0.024375 0.0247917 0.0003
v 0.028125 0.0230208 0.0003
v 0.028125 0.0247917 0.0003
v 0.028125 0.0265625 0.0003
v 0.02625 0.0265625 0.0003
v 0.028125 0.0283333 0.0003
v 0.02625 0.0283333 0.0003
v 0.024375 0.0265625 0.0003
v 0.024375 0.0283333 0.0003
v -0.028125 0.0301042 0.0003
v -0.02625 0.0301042 0.0003
v -0.02625 0.031875 0.0003
v -0.028125 0.031875 0.0003
v -0.024375 0.0301042 0.0003
v -0.0225 0.0301042 0.0003
v -0.0225 0.031875 0.0003
v -0.024375 0.031875 0.0003
v -0.024375 0.0336458 0.0003
v -0.02625 0.0336458 0.0003
v -0.0225 0.0336458 0.0003
v -0.0225 0.0354167 0.0003
v -0.024375 0.0354167 0.0003
v -0.02625 0.0354167 0.0003
v -0.028125 0.0336458 0.0003
v -0.028125 0.0354167 0.0003
v -0.020625 0.0301042 0.0003
v -0.01875 0.0301042 0.0003
v -0.01875 0.031875 0.0003
v -0.020625 0.031875 0.0003
v -0.016875 0.0301042 0.0003
v -0.015 0.0301042 0.0003
v -0.015 0.031875 0.0003
v -0.016875 0.031875 0.0003
v -0.016875 0.0336458 0.0003
v -0.01875 0.0336458 0.0003
v -0.015 0.0336458 0.0003
v -0.015 0.0354167 0.0003
v -0.016875 0.0354167 0.0003
v -0.01875 0.0354167 0.0003
v -0.020625 0.0336458 0.0003
v -0.020625 0.0354167 0.0003
v -0.013125 0.0301042 0.0003
v -0.01125 0.0301042 0.0003
v -0.01125 0.031875 0.0003
v -0.013125 0.031875 0.0003
v -0.009375 0.0301042 0.0003
v -0.0075 0.0301042 0.0003
v -0.0075 0.031875 0.0003
v -0.009375 0.031875 0.0003
v -0.009375 0.0336458 0.0003
v -0.01125 0.0336458 0.0003
v -0.0075 0.0336458 0.0003
v -0.0075 0.0354167 0.0003
v -0.009375 0.0354167 0.0003
v -0.01125 0.0354167 0.0003
v -0.013125 0.0336458 0.0003
v -0.013125 0.0354167 0.0003
v -0.005625 0.0301042 0.0003
v -0.00375 0.0301042 0.0003
v -0.00375 0.031875 0.0003
v -0.005625 0.031875 0.0003
v -0.001875 0.0301042 0.0003
v 0 0.0301042 0.0003
v 0 0.031875 0.0003
v -0.001875 0.031875 0.0003
v -0.001875 0.0336458 0.0003
v -0.00375 0.0336458 0.0003
v 0 0.0336458 0.0003
v 0 0.0354167 0.0003
v -0.001875 0.0354167 0.0003
v -0.00375 0.0354167 0.0003
v -0.005625 0.0336458 0.0003
v -0.005625 0.0354167 0.0003
v 0.001875 0.0301042 0.0003
v 0.00375 0.0301042 0.0003
v 0.00375 0.031875 0.0003
v 0.001875 0.031875 0.0003
v 0.005625 0.0301042 0.0003
v 0.0075 0.0301042 0.0003
v 0.0075 0.031875 0.0003
v 0.005625 0.031875 0.0003
v 0.005625 0.0336458 0.0003
v 0.00375 0.0336458 0.0003
v 0.0075 0.0336458 0.0003
v 0.0075 0.0354167 0.0003
v 0.005625 0.0354167 0.0003
v 0.00375 0.0354167 0.0003
v 0.001875 0.0336458 0.0003
v 0.001875 0.0354167 0.0003
v 0.009375 0.0301042 0.0003
v 0.01125 0.0301042 0.0003
v 0.01125 0.031875 0.0003
v 0.009375 0.031875 0.0003
v 0.013125 0.0301042 0.0003
v 0.015 0.0301042 0.0003
v 0.015 0.031875 0.0003
v 0.013125 0.031875 0.0003
v 0.013125 0.0336458 0.0003
v 0.01125 0.0336458 0.0003
v 0.015 0.0336458 0.0003
v 0.015 0.0354167 0.0003
v 0.013125 0.0354167 0.0003
v 0.01125 0.0354167 0.0003
v 0.009375 0.0336458 0.0003
v 0.009375 0.0354167 0.0003
v 0.016875 0.0301042 0.0003
v 0.01875 0.0301042 0.0003
v 0.01875 0.031875 0.0003
v 0.016875 0.031875 0.0003
v 0.020625 0.0301042 0.0003
v 0.0225 0.0301042 0.0003
v 0.0225 0.031875 0.0003
v 0.020625 0.031875 0.0003
v 0.020625 0.0336458 0.0003
v 0.01875 0.0336458 0.0003
v 0.0225 0.0336458 0.0003
v 0.0225 0.0354167 0.0003
v 0.020625 0.0354167 0.0003
v 0.01875 0.0354167 0.0003
v 0.016875 0.0336458 0.0003
v 0.016875 0.0354167 0.0003
v 0.024375 0.0301042 0.0003
v 0.02625 0.0301042 0.0003
v 0.02625 0.031875 0.0003
v 0.024375 0.031875 0.0003
v 0.028125 0.0301042 0.0003
v 0.028125 0.031875 0.0003
v 0.028125 0.0336458 0.0003
v 0.02625 0.0336458 0.0003
v 0.028125 0.0354167 0.0003
v 0.02625 0.0354167 0.0003
v 0.024375 0.0336458 0.0003
v 0.024375 0.0354167 0.0003
v -0.028125 0.0371875 0.0003
v -0.02625 0.0371875 0.0003
v -0.02625 0.0389583 0.0003
v -0.028125 0.0389583 0.0003
v -0.024375 0.0371875 0.0003
v -0.0225 0.0371875 0.0003
v -0.0225 0.0389583 0.0003
v -0.024375 0.0389583 0.0003
v -0.024375 0.0407292 0.0003
v -0.02625 0.0407292 0.0003
v -0.0225 0.0407292 0.0003
v -0.0225 0.0425 0.0003
v -0.024375 0.0425 0.0003
v -0.02625 0.0425 0.0003
v -0.028125 0.0407292 0.0003
v -0.028125 0.0425 0.0003
v -0.020625 0.0371875 0.0003
v -0.01875 0.0371875 0.0003
v -0.01875 0.0389583 0.0003
v -0.020625 0.0389583 0.0003
v -0.016875 0.0371875 0.0003
v -0.015 0.0371875 0.0003
v -0.015 0.0389583 0.0003
v -0.016875 0.0389583 0.0003
v -0.016875 0.0407292 0.0003
v -0.01875 0.0407292 0.0003
v -0.015 0.0407292 0.0003
v -0.015 0.0425 0.0003
v -0.016875 0.0425 0.0003
v -0.01875 0.0425 0.0003
v -0.020625 0.0407292 0.0003
v -0.020625 0.0425 0.0003
v -0.013125 0.0371875 0.0003
v -0.01125 0.0371875 0.0003
v -0.01125 0.0389583 0.0003
v -0.013125 0.0389583 0.0003
v -0.009375 0.0371875 0.0003
v -0.0075 0.0371875 0.0003
v -0.0075 0.0389583 0.0003
v -0.009375 0.0389583 0.0003
v -0.009375 0.0407292 0.0003
v -0.01125 0.0407292 0.0003
v -0.0075 0.0407292 0.0003
v -0.0075 0.0425 0.0003
v -0.009375 0.0425 0.0003
v -0.01125 0.0425 0.0003
v -0.013125 0.0407292 0.0003
v -0.013125 0.0425 0.0003
v -0.005625 0.0371875 0.0003
v -0.00375 0.0371875 0.0003
v -0.00375 0.0389583 0.0003
v -0.005625 0.0389583 0.0003
v -0.001875 0.0371875 0.0003
v 0 0.0371875 0.0003
v 0 0.0389583 0.0003
v -0.001875 0.0389583 0.0003
v -0.001875 0.0407292 0.0003
v -0.00375 0.0407292 0.0003
v 0 0.0407292 0.0003
v 0 0.0425 0.0003
v -0.001875 0.0425 0.0003
v -0.00375 0.0425 0.0003
v -0.005625 0.0407292 0.0003
v -0.005625 0.0425 0.0003
v 0.001875 0.0371875 0.0003
v 0.00375 0.0371875 0.0003
v 0.00375 0.0389583 0.0003
v 0.001875 0.0389583 0.0003
v 0.005625 0.0371875 0.0003
v 0.0075 0.0371875 0.0003
v 0.0075 0.0389583 0.0003
v 0.005625 0.0389583 0.0003
v 0.005625 0.0407292 0.0003
v 0.00375 0.0407292 0.0003
v 0.0075 0.0407292 0.0003
v 0.0075 0.0425 0.0003
v 0.005625 0.0425 0.0003
v 0.00375 0.0425 0.0003
v 0.001875 0.0407292 0.0003
v 0.001875 0.0425 0.0003
v 0.009375 0.0371875 0.0003
v 0.01125 0.0371875 0.0003
v 0.01125 0.0389583 0.0003
v 0.009375 0.0389583 0.0003
v 0.013125 0.0371875 0.0003
v 0.015 0.0371875 0.0003
v 0.015 0.0389583 0.0003
v 0.013125 0.0389583 0.0003
v 0.013125 0.0407292 0.0003
v 0.01125 0.0407292 0.0003
v 0.015 0.0407292 0.0003
v 0.015 0.0425 0.0003
v 0.013125 0.0425 0.0003
v 0.01125 0.0425 0.0003
v 0.009375 0.0407292 0.0003
v 0.009375 0.0425 0.0003
v 0.016875 0.0371875 0.0003
v 0.01875 0.0371875 0.0003
v 0.01875 0.0389583 0.0003
v 0.016875 0.0389583 0.0003
v 0.020625 0.0371875 0.0003
v 0.0225 0.0371875 0.0003
v 0.0225 0.0389583 0.0003
v 0.020625 0.0389583 0.0003
v 0.020625 0.0407292 0.0003
v 0.01875 0.0407292 0.0003
v 0.0225 0.0407292 0.0003
v 0.0225 0.0425 0.0003
v 0.020625 0.0425 0.0003
v 0.01875 0.0425 0.0003
v 0.016875 0.0407292 0.0003
v 0.016875 0.0425 0.0003
v 0.024375 0.0371875 0.0003
v 0.02625 0.0371875 0.0003
v 0.02625 0.0389583 0.0003
v 0.024375 0.0389583 0.0003
v 0.028125 0.0371875 0.0003
v 0.028125 0.0389583 0.0003
v 0.028125 0.0407292 0.0003
v 0.02625 0.0407292 0.0003
v 0.028125 0.0425 0.0003
v 0.02625 0.0425 0.0003
v 0.024375 0.0407292 0.0003
v 0.024375 0.0425 0.0003
v -0.028125 0.0442708 0.0003
v -0.02625 0.0442708 0.0003
v -0.02625 0.0460417 0.0003
v -0.028125 0.0460417 0.0003
v -0.024375 0.0442708 0.0003
v -0.0225 0.0442708 0.0003
v -0.0225 0.0460417 0.0003
v -0.024375 0.0460417 0.0003
v -0.024375 0.0478125 0.0003
v -0.02625 0.0478125 0.0003
v -0.0225 0.0478125 0.0003
v -0.0225 0.0495833 0.0003
v -0.024375 0.0495833 0.0003
v -0.02625 0.0495833 0.0003
v -0.028125 0.0478125 0.0003
v -0.028125 0.0495833 0.0003
v -0.020625 0.0442708 0.0003
v -0.01875 0.0442708 0.0003
v -0.01875 0.0460417 0.0003
v -0.020625 0.0460417 0.0003
v -0.016875 0.0442708 0.0003
v -0.015 0.0442708 0.0003
v -0.015 0.0460417 0.0003
v -0.016875 0.0460417 0.0003
v -0.016875 0.0478125 0.0003
v -0.01875 0.0478125 0.0003
v -0.015 0.0478125 0.0003
v -0.015 0.0495833 0.0003
v -0.016875 0.0495833 0.0003
v -0.01875 0.0495833 0.0003
v -0.020625 0.0478125 0.0003
v -0.020625 0.0495833 0.0003
v -0.013125 0.0442708 0.0003
v -0.01125 0.0442708 0.0003
v -0.01125 0.0460417 0.0003
v -0.013125 0.0460417 0.0003
v -0.009375 0.0442708 0.0003
v -0.0075 0.0442708 0.0003
v -0.0075 0.0460417 0.0003
v -0.009375 0.0460417 0.0003
v -0.009375 0.0478125 0.0003
v -0.01125 0.0478125 0.0003
v -0.0075 0.0478125 0.0003
v -0.0075 0.0495833 0.0003
v -0.009375 0.0495833 0.0003
v -0.01125 0.0495833 0.0003
v -0.013125 0.0478125 0.0003
v -0.013125 0.0495833 0.0003
v -0.005625 0.0442708 0.0003
v -0.00375 0.0442708 0.0003
v -0.00375 0.0460417 0.0003
v -0.005625 0.0460417 0.0003
v -0.001875 0.0442708 0.0003
v 0 0.0442708 0.0003
v 0 0.0460417 0.0003
v -0.001875 0.0460417 0.0003
v -0.001875 0.0478125 0.0003
v -0.00375 0.0478125 0.0003
v 0 0.0478125 0.0003
v 0 0.0495833 0.0003
v -0.001875 0.0495833 0.0003
v -0.00375 0.0495833 0.0003
v -0.005625 0.0478125 0.0003
v -0.005625 0.0495833 0.0003
v 0.001875 0.0442708 0.0003
v 0.00375 0.0442708 0.0003
v 0.00375 0.0460417 0.0003
v 0.001875 0.0460417 0.0003
v 0.005625 0.0442708 0.0003
v 0.0075 0.0442708 0.0003
v 0.0075 0.0460417 0.0003
v 0.005625 0.0460417 0.0003
v 0.005625 0.0478125 0.0003
v 0.00375 0.0478125 0.0003
v 0.0075 0.0478125 0.0003
v 0.0075 0.0495833 0.0003
v 0.005625 0.0495833 0.0003
v 0.00375 0.0495833 0.0003
v 0.001875 0.0478125 0.0003
v 0.001875 0.0495833 0.0003
v 0.009375 0.0442708 0.0003
v 0.01125 0.0442708 0.0003
v 0.01125 0.0460417 0.0003
v 0.009375 0.0460417 0.0003
v 0.013125 0.0442708 0.0003
v 0.015 0.0442708 0.0003
v 0.015 0.0460417 0.0003
v 0.013125 0.0460417 0.0003
v 0.013125 0.0478125 0.0003
v 0.01125 0.0478125 0.0003
v 0.015 0.0478125 0.0003
v 0.015 0.0495833 0.0003
v 0.013125 0.0495833 0.0003
v 0.01125 0.0495833 0.0003
v 0.009375 0.0478125 0.0003
v 0.009375 0.0495833 0.0003
v 0.016875 0.0442708 0.0003
v 0.01875 0.0442708 0.0003
v 0.01875 0.0460417 0.0003
v 0.016875 0.0460417 0.0003
v 0.020625 0.0442708 0.0003
v 0.0225 0.0442708 0.0003
v 0.0225 0.0460417 0.0003
v 0.020625 0.0460417 0.0003
v 0.020625 0.0478125 0.0003
v 0.01875 0.0478125 0.0003
v 0.0225 0.0478125 0.0003
v 0.0225 0.0495833 0.0003
v 0.020625 0.0495833 0.0003
v 0.01875 0.0495833 0.0003
v 0.016875 0.0478125 0.0003
v 0.016875 0.0495833 0.0003
v 0.024375 0.0442708 0.0003
v 0.02625 0.0442708 0.0003
v 0.02625 0.0460417 0.0003
v 0.024375 0.0460417 0.0003
v 0.028125 0.0442708 0.0003
v 0.028125 0.0460417 0.0003
v 0.028125 0.0478125 0.0003
v 0.02625 0.0478125 0.0003
v 0.028125 0.0495833 0.0003
v 0.02625 0.0495833 0.0003
v 0.024375 0.0478125 0.0003
v 0.024375 0.0495833 0.0003
v -0.028125 0.0513542 0.0003
v -0.02625 0.0513542 0.0003
v -0.02625 0.053125 0.0003
v -0.028125 0.053125 0.0003
v -0.024375 0.0513542 0.0003
v -0.0225 0.0513542 0.0003
v -0.0225 0.053125 0.0003
v -0.024375 0.053125 0.0003
v -0.024375 0.0548958 0.0003
v -0.02625 0.0548958 0.0003
v -0.0225 0.0548958 0.0003
v -0.0225 0.0566667 0.0003
v -0.024375 0.0566667 0.0003
v -0.02625 0.0566667 0.0003
v -0.028125 0.0548958 0.0003
v -0.028125 0.0566667 0.0003
v -0.020625 0.0513542 0.0003
v -0.01875 0.0513542 0.0003
v -0.01875 0.053125 0.0003
v -0.020625 0.053125 0.0003
v -0.016875 0.0513542 0.0003
v -0.015 0.0513542 0.0003
v -0.015 0.053125 0.0003
v -0.016875 0.053125 0.0003
v -0.016875 0.0548958 0.0003
v -0.01875 0.0548958 0.0003
v -0.015 0.0548958 0.0003
v -0.015 0.0566667 0.0003
v -0.016875 0.0566667 0.0003
v -0.01875 0.0566667 0.0003
v -0.020625 0.0548958 0.0003
v -0.020625 0.0566667 0.0003
v -0.013125 0.0513542 0.0003
v -0.01125 0.0513542 0.0003
v -0.01125 0.053125 0.0003
v -0.013125 0.053125 0.0003
v -0.009375 0.0513542 0.0003
v -0.0075 0.0513542 0.0003
v -0.0075 0.053125 0.0003
v -0.009375 0.053125 0.0003
v -0.009375 0.0548958 0.0003
v -0.01125 0.0548958 0.0003
v -0.0075 0.0548958 0.0003
v -0.0075 0.0566667 0.0003
v -0.009375 0.0566667 0.0003
v -0.01125 0.0566667 0.0003
v -0.013125 0.0548958 0.0003
v -0.013125 0.0566667 0.0003
v -0.005625 0.0513542 0.0003
v -0.00375 0.0513542 0.0003
v -0.00375 0.053125 0.0003
v -0.005625 0.053125 0.0003
v -0.001875 0.0513542 0.0003
v 0 0.0513542 0.0003
v 0 0.053125 0.0003
v -0.001875 0.053125 0.0003
v -0.001875 0.0548958 0.0003
v -0.00375 0.0548958 0.0003
v 0 0.0548958 0.0003
v 0 0.0566667 0.0003
v -0.001875 0.0566667 0.0003
v -0.00375 0.0566667 0.0003
v -0.005625 0.0548958 0.0003
v -0.005625 0.0566667 0.0003
v 0.001875 0.0513542 0.0003
v 0.00375 0.0513542 0.0003
v 0.00375 0.053125 0.0003
v 0.001875 0.053125 0.0003
v 0.005625 0.0513542 0.0003
v 0.0075 0.0513542 0.0003
v 0.0075 0.053125 0.0003
v 0.005625 0.053125 0.0003
v 0.005625 0.0548958 0.0003
v 0.00375 0.0548958 0.0003
v 0.0075 0.0548958 0.0003
v 0.0075 0.0566667 0.0003
v 0.005625 0.0566667 0.0003
v 0.00375 0.0566667 0.0003
v 0.001875 0.0548958 0.0003
v 0.001875 0.0566667 0.0003
v 0.009375 0.0513542 0.0003
v 0.01125 0.0513542 0.0003
v 0.01125 0.053125 0.0003
v 0.009375 0.053125 0.0003
v 0.013125 0.0513542 0.0003
v 0.015 0.0513542 0.0003
v 0.015 0.053125 0.0003
v 0.013125 0.053125 0.0003
v 0.013125 0.0548958 0.0003
v 0.01125 0.0548958 0.0003
v 0.015 0.0548958 0.0003
v 0.015 0.0566667 0.0003
v 0.013125 0.0566667 0.0003
v 0.01125 0.0566667 0.0003
v 0.009375 0.0548958 0.0003
v 0.009375 0.0566667 0.0003
v 0.016875 0.0513542 0.0003
v 0.01875 0.0513542 0.0003
v 0.01875 0.053125 0.0003
v 0.016875 0.053125 0.0003
v 0.020625 0.0513542 0.0003
v 0.0225 0.0513542 0.0003
v 0.0225 0.053125 0.0003
v 0.020625 0.053125 0.0003
v 0.020625 0.0548958 0.0003
v 0.01875 0.0548958 0.0003
v 0.0225 0.0548958 0.0003
v 0.0225 0.0566667 0.0003
v 0.020625 0.0566667 0.0003
v 0.01875 0.0566667 0.0003
v 0.016875 0.0548958 0.0003
v 0.016875 0.0566667 0.0003
v 0.024375 0.0513542 0.0003
v 0.02625 0.0513542 0.0003
v 0.02625 0.053125 0.0003
v 0.024375 0.053125 0.0003
v 0.028125 0.0513542 0.0003
v 0.028125 0.053125 0.0003
v 0.028125 0.0548958 0.0003
v 0.02625 0.0548958 0.0003
v 0.028125 0.0566667 0.0003
v 0.02625 0.0566667 0.0003
v 0.024375 0.0548958 0.0003
v 0.024375 0.0566667 0.0003
v -0.028125 0.0584375 0.0003
v -0.02625 0.0584375 0.0003
v -0.02625 0.0602083 0.0003
v -0.028125 0.0602083 0.0003
v -0.024375 0.0584375 0.0003
v -0.0225 0.0584375 0.0003
v -0.0225 0.0602083 0.0003
v -0.024375 0.0602083 0.0003
v -0.024375 0.0619792 0.0003
v -0.02625 0.0619792 0.0003
v -0.0225 0.0619792 0.0003
v -0.0225 0.06375 0.0003
v -0.024375 0.06375 0.0003
v -0.02625 0.06375 0.0003
v -0.028125 0.0619792 0.0003
v -0.028125 0.06375 0.0003
v -0.020625 0.0584375 0.0003
v -0.01875 0.0584375 0.0003
v -0.01875 0.0602083 0.0003
v -0.020625 0.0602083 0.0003
v -0.016875 0.0584375 0.0003
v -0.015 0.0584375 0.0003
v -0.015 0.0602083 0.0003
v -0.016875 0.0602083 0.0003
v -0.016875 0.0619792 0.0003
v -0.01875 0.0619792 0.0003
v -0.015 0.0619792 0.0003
v -0.015 0.06375 0.0003
v -0.016875 0.06375 0.0003
v -0.01875 0.06375 0.0003
v -0.020625 0.0619792 0.0003
v -0.020625 0.06375 0.0003
v -0.013125 0.0584375 0.0003
v -0.01125 0.0584375 0.0003
v -0.01125 0.0602083 0.0003
v -0.013125 0.0602083 0.0003
v -0.009375 0.0584375 0.0003
v -0.0075 0.0584375 0.0003
v -0.0075 0.0602083 0.0003
v -0.009375 0.0602083 0.0003
v -0.009375 0.0619792 0.0003
v -0.01125 0.0619792 0.0003
v -0.0075 0.0619792 0.0003
v -0.0075 0.06375 0.0003
v -0.009375 0.06375 0.0003
v -0.01125 0.06375 0.0003
v -0.013125 0.0619792 0.0003
v -0.013125 0.06375 0.0003
v -0.005625 0.0584375 0.0003
v -0.00375 0.0584375 0.0003
v -0.00375 0.0602083 0.0003
v -0.005625 0.0602083 0.0003
v -0.001875 0.0584375 0.0003
v 0 0.0584375 0.0003
v 0 0.0602083 0.0003
v -0.001875 0.0602083 0.0003
v -0.001875 0.0619792 0.0003
v -0.00375 0.0619792 0.0003
v 0 0.0619792 0.0003
v 0 0.06375 0.0003
v -0.001875 0.06375 0.0003
v -0.00375 0.06375 0.0003
v -0.005625 0.0619792 0.0003
v -0.005625 0.06375 0.0003
v 0.001875 0.0584375 0.0003
v 0.00375 0.0584375 0.0003
v 0.00375 0.0602083 0.0003
v 0.001875 0.0602083 0.0003
v 0.005625 0.0584375 0.0003
v 0.0075 0.0584375 0.0003
v 0.0075 0.0602083 0.0003
v 0.005625 0.0602083 0.0003
v 0.005625 0.0619792 0.0003
v 0.00375 0.0619792 0.0003
v 0.0075 0.0619792 0.0003
v 0.0075 0.06375 0.0003
v 0.005625 0.06375 0.0003
v 0.00375 0.06375 0.0003
v 0.001875 0.0619792 0.0003
v 0.001875 0.06375 0.0003
v 0.009375 0.0584375 0.0003
v 0.01125 0.0584375 0.0003
v 0.01125 0.0602083 0.0003
v 0.009375 0.0602083 0.0003
v 0.013125 0.0584375 0.0003
v 0.015 0.0584375 0.0003
v 0.015 0.0602083 0.0003
v 0.013125 0.0602083 0.0003
v 0.013125 0.0619792 0.0003
v 0.01125 0.0619792 0.0003
v 0.015 0.0619792 0.0003
v 0.015 0.06375 0.0003
v 0.013125 0.06375 0.0003
v 0.01125 0.06375 0.0003
v 0.009375 0.0619792 0.0003
v 0.009375 0.06375 0.0003
v 0.016875 0.0584375 0.0003
v 0.01875 0.0584375 0.0003
v 0.01875 0.0602083 0.0003
v 0.016875 0.0602083 0.0003
v 0.020625 0.0584375 0.0003
v 0.0225 0.0584375 0.0003
v 0.0225 0.0602083 0.0003
v 0.020625 0.0602083 0.0003
v 0.020625 0.0619792 0.0003
v 0.01875 0.0619792 0.0003
v 0.0225 0.0619792 0.0003
v 0.0225 0.06375 0.0003
v 0.020625 0.06375 0.0003
v 0.01875 0.06375 0.0003
v 0.016875 0.0619792 0.0003
v 0.016875 0.06375 0.0003
v 0.024375 0.0584375 0.0003
v 0.02625 0.0584375 0.0003
v 0.02625 0.0602083 0.0003
v 0.024375 0.0602083 0.0003
v 0.028125 0.0584375 0.0003
v 0.028125 0.0602083 0.0003
v 0.028125 0.0619792 0.0003
v 0.02625 0.0619792 0.0003
v 0.028125 0.06375 0.0003
v 0.02625 0.06375 0.0003
v 0.024375 0.0619792 0.0003
v 0.024375 0.06375 0.0003
v -0.028125 0.0655208 0.0003
v -0.02625 0.0655208 0.0003
v -0.02625 0.0672917 0.0003
v -0.028125 0.0672917 0.0003
v -0.024375 0.0655208 0.0003
v -0.0225 0.0655208 0.0003
v -0.0225 0.0672917 0.0003
v -0.024375 0.0672917 0.0003
v -0.024375 0.0690625 0.0003
v -0.02625 0.0690625 0.0003
v -0.0225 0.0690625 0.0003
v -0.0225 0.0708333 0.0003
v -0.024375 0.0708333 0.0003
v -0.02625 0.0708333 0.0003
v -0.028125 0.0690625 0.0003
v -0.028125 0.0708333 0.0003
v -0.020625 0.0655208 0.0003
v -0.01875 0.0655208 0.0003
v -0.01875 0.0672917 0.0003
v -0.020625 0.0672917 0.0003
v -0.016875 0.0655208 0.0003
v -0.015 0.0655208 0.0003
v -0.015 0.0672917 0.0003
v -0.016875 0.0672917 0.0003
v -0.016875 0.0690625 0.0003
v -0.01875 0.0690625 0.0003
v -0.015 0.0690625 0.0003
v -0.015 0.0708333 0.0003
v -0.016875 0.0708333 0.0003
v -0.01875 0.0708333 0.0003
v -0.020625 0.0690625 0.0003
v -0.020625 0.0708333 0.0003
v -0.013125 0.0655208 0.0003
v -0.01125 0.0655208 0.0003
v -0.01125 0.0672917 0.0003
v -0.013125 0.0672917 0.0003
v -0.009375 0.0655208 0.0003
v -0.0075 0.0655208 0.0003
v -0.0075 0.0672917 0.0003
v -0.009375 0.0672917 0.0003
v -0.009375 0.0690625 0.0003
v -0.01125 0.0690625 0.0003
v -0.0075 0.0690625 0.0003
v -0.0075 0.0708333 0.0003
v -0.009375 0.0708333 0.0003
v -0.01125 0.0708333 0.0003
v -0.013125 0.0690625 0.0003
v -0.013125 0.0708333 0.0003
v -0.005625 0.0655208 0.0003
v -0.00375 0.0655208 0.0003
v -0.00375 0.0672917 0.0003
v -0.005625 0.0672917 0.0003
v -0.001875 0.0655208 0.0003
v 0 0.0655208 0.0003
v 0 0.0672917 0.0003
v -0.001875 0.0672917 0.0003
v -0.001875 0.0690625 0.0003
v -0.00375 0.0690625 0.0003
v 0 0.0690625 0.0003
v 0 0.0708333 0.0003
v -0.001875 0.0708333 0.0003
v -0.00375 0.0708333 0.0003
v -0.005625 0.0690625 0.0003
v -0.005625 0.0708333 0.0003
v 0.001875 0.0655208 0.0003
v 0.00375 0.0655208 0.0003
v 0.00375 0.0672917 0.0003
v 0.001875 0.0672917 0.0003
v 0.005625 0.0655208 0.0003
v 0.0075 0.0655208 0.0003
v 0.0075 0.0672917 0.0003
v 0.005625 0.0672917 0.0003
v 0.005625 0.0690625 0.0003
v 0.00375 0.0690625 0.0003
v 0.0075 0.0690625 0.0003
v 0.0075 0.0708333 0.0003
v 0.005625 0.0708333 0.0003
v 0.00375 0.0708333 0.0003
v 0.001875 0.0690625 0.0003
v 0.001875 0.0708333 0.0003
v 0.009375 0.0655208 0.0003
v 0.01125 0.0655208 0.0003
v 0.01125 0.0672917 0.0003
v 0.009375 0.0672917 0.0003
v 0.013125 0.0655208 0.0003
v 0.015 0.0655208 0.0003
v 0.015 0.0672917 0.0003
v 0.013125 0.0672917 0.0003
v 0.013125 0.0690625 0.0003
v 0.01125 0.0690625 0.0003
v 0.015 0.0690625 0.0003
v 0.015 0.0708333 0.0003
v 0.013125 0.0708333 0.0003
v 0.01125 0.0708333 0.0003
v 0.009375 0.0690625 0.0003
v 0.009375 0.0708333 0.0003
v 0.016875 0.0655208 0.0003
v 0.01875 0.0655208 0.0003
v 0.01875 0.0672917 0.0003
v 0.016875 0.0672917 0.0003
v 0.020625 0.0655208 0.0003
v 0.0225 0.0655208 0.0003
v 0.0225 0.0672917 0.0003
v 0.020625 0.0672917 0.0003
v 0.020625 0.0690625 0.0003
v 0.01875 0.0690625 0.0003
v 0.0225 0.0690625 0.0003
v 0.0225 0.0708333 0.0003
v 0.020625 0.0708333 0.0003
v 0.01875 0.0708333 0.0003
v 0.016875 0.0690625 0.0003
v 0.016875 0.0708333 0.0003
v 0.024375 0.0655208 0.0003
v 0.02625 0.0655208 0.0003
v 0.02625 0.0672917 0.0003
v 0.024375 0.0672917 0.0003
v 0.028125 0.0655208 0.0003
v 0.028125 0.0672917 0.0003
v 0.028125 0.0690625 0.0003
v 0.02625 0.0690625 0.0003
v 0.028125 0.0708333 0.0003
v 0.02625 0.0708333 0.0003
v 0.024375 0.0690625 0.0003
v 0.024375 0.0708333 0.0003
v -0.028125 0.0726042 0.0003
v -0.02625 0.0726042 0.0003
v -0.02625 0.074375 0.0003
v -0.028125 0.074375 0.0003
v -0.024375 0.0726042 0.0003
v -0.0225 0.0726042 0.0003
v -0.0225 0.074375 0.0003
v -0.024375 0.074375 0.0003
v -0.024375 0.0761458 0.0003
v -0.02625 0.0761458 0.0003
v -0.0225 0.0761458 0.0003
v -0.0225 0.0779167 0.0003
v -0.024375 0.0779167 0.0003
v -0.02625 0.0779167 0.0003
v -0.028125 0.0761458 0.0003
v -0.028125 0.0779167 0.0003
v -0.020625 0.0726042 0.0003
v -0.01875 0.0726042 0.0003
v -0.01875 0.074375 0.0003
v -0.020625 0.074375 0.0003
v -0.016875 0.0726042 0.0003
v -0.015 0.0726042 0.0003
v -0.015 0.074375 0.0003
v -0.016875 0.074375 0.0003
v -0.016875 0.0761458 0.0003
v -0.01875 0.0761458 0.0003
v -0.015 0.0761458 0.0003
v -0.015 0.0779167 0.0003
v -0.016875 0.0779167 0.0003
v -0.01875 0.0779167 0.0003
v -0.020625 0.0761458 0.0003
v -0.020625 0.0779167 0.0003
v -0.013125 0.0726042 0.0003
v -0.01125 0.0726042 0.0003
v -0.01125 0.074375 0.0003
v -0.013125 0.074375 0.0003
v -0.009375 0.0726042 0.0003
v -0.0075 0.0726042 0.0003
v -0.0075 0.074375 0.0003
v -0.009375 0.074375 0.0003
v -0.009375 0.0761458 0.0003
v -0.01125 0.0761458 0.0003
v -0.0075 0.0761458 0.0003
v -0.0075 0.0779167 0.0003
v -0.009375 0.0779167 0.0003
v -0.01125 0.0779167 0.0003
v -0.013125 0.0761458 0.0003
v -0.013125 0.0779167 0.0003
v -0.005625 0.0726042 0.0003
v -0.00375 0.0726042 0.0003
v -0.00375 0.074375 0.0003
v -0.005625 0.074375 0.0003
v -0.001875 0.0726042 0.0003
v 0 0.0726042 0.0003
v 0 0.074375 0.0003
v -0.001875 0.074375 0.0003
v -0.001875 0.0761458 0.0003
v -0.00375 0.0761458 0.0003
v 0 0.0761458 0.0003
v 0 0.0779167 0.0003
v -0.001875 0.0779167 0.0003
v -0.00375 0.0779167 0.0003
v -0.005625 0.0761458 0.0003
v -0.005625 0.0779167 0.0003
v 0.001875 0.0726042 0.0003
v 0.00375 0.0726042 0.0003
v 0.00375 0.074375 0.0003
v 0.001875 0.074375 0.0003
v 0.005625 0.0726042 0.0003
v 0.0075 0.0726042 0.0003
v 0.0075 0.074375 0.0003
v 0.005625 0.074375 0.0003
v 0.005625 0.0761458 0.0003
v 0.00375 0.0761458 0.0003
v 0.0075 0.0761458 0.0003
v 0.0075 0.0779167 0.0003
v 0.005625 0.0779167 0.0003
v 0.00375 0.0779167 0.0003
v 0.001875 0.0761458 0.0003
v 0.001875 0.0779167 0.0003
v 0.009375 0.0726042 0.0003
v 0.01125 0.0726042 0.0003
v 0.01125 0.074375 0.0003
v 0.009375 0.074375 0.0003
v 0.013125 0.0726042 0.0003
v 0.015 0.0726042 0.0003
v 0.015 0.074375 0.0003
v 0.013125 0.074375 0.0003
v 0.013125 0.0761458 0.0003
v 0.01125 0.0761458 0.0003
v 0.015 0.0761458 0.0003
v 0.015 0.0779167 0.0003
v 0.013125 0.0779167 0.0003
v 0.01125 0.0779167 0.0003
v 0.009375 0.0761458 0.0003
v 0.009375 0.0779167 0.0003
v 0.016875 0.0726042 0.0003
v 0.01875 0.0726042 0.0003
v 0.01875 0.074375 0.0003
v 0.016875 0.074375 0.0003
v 0.020625 0.0726042 0.0003
v 0.0225 0.0726042 0.0003
v 0.0225 0.074375 0.0003
v 0.020625 0.074375 0.0003
v 0.020625 0.0761458 0.0003
v 0.01875 0.0761458 0.0003
v 0.0225 0.0761458 0.0003
v 0.0225 0.0779167 0.0003
v 0.020625 0.0779167 0.0003
v 0.01875 0.0779167 0.0003
v 0.016875 0.0761458 0.0003
v 0.016875 0.0779167 0.0003
v 0.024375 0.0726042 0.0003
v 0.02625 0.0726042 0.0003
v 0.02625 0.074375 0.0003
v 0.024375 0.074375 0.0003
v 0.028125 0.0726042 0.0003
v 0.028125 0.074375 0.0003
v 0.028125 0.0761458 0.0003
v 0.02625 0.0761458 0.0003
v 0.028125 0.0779167 0.0003
v 0.02625 0.0779167 0.0003
v 0.024375 0.0761458 0.0003
v 0.024375 0.0779167 0.0003
v -0.028125 0.0796875 0.0003
v -0.02625 0.0796875 0.0003
v -0.02625 0.0814583 0.0003
v -0.028125 0.0814583 0.0003
v -0.024375 0.0796875 0.0003
v -0.0225 0.0796875 0.0003
v -0.0225 0.0814583 0.0003
v -0.024375 0.0814583 0.0003
v -0.024375 0.0832292 0.0003
v -0.02625 0.0832292 0.0003
v -0.0225 0.0832292 0.0003
v -0.0225 0.085 0.0003
v -0.024375 0.085 0.0003
v -0.02625 0.085 0.0003
v -0.028125 0.0832292 0.0003
v -0.028125 0.085 0.0003
v -0.020625 0.0796875 0.0003
v -0.01875 0.0796875 0.0003
v -0.01875 0.0814583 0.0003
v -0.020625 0.0814583 0.0003
v -0.016875 0.0796875 0.0003
v -0.015 0.0796875 0.0003
v -0.015 0.0814583 0.0003
v -0.016875 0.0814583 0.0003
v -0.016875 0.0832292 0.0003
v -0.01875 0.0832292 0.0003
v -0.015 0.0832292 0.0003
v -0.015 0.085 0.0003
v -0.016875 0.085 0.0003
v -0.01875 0.085 0.0003
v -0.020625 0.0832292 0.0003
v -0.020625 0.085 0.0003
v -0.013125 0.0796875 0.0003
v -0.01125 0.0796875 0.0003
v -0.01125 0.0814583 0.0003
v -0.013125 0.0814583 0.0003
v -0.009375 0.0796875 0.0003
v -0.0075 0.0796875 0.0003
v -0.0075 0.0814583 0.0003
v -0.009375 0.0814583 0.0003
v -0.009375 0.0832292 0.0003
v -0.01125 0.0832292 0.0003
v -0.0075 0.0832292 0.0003
v -0.0075 0.085 0.0003
v -0.009375 0.085 0.0003
v -0.01125 0.085 0.0003
v -0.013125 0.0832292 0.0003
v -0.013125 0.085 0.0003
v -0.005625 0.0796875 0.0003
v -0.00375 0.0796875 0.0003
v -0.00375 0.0814583 0.0003
v -0.005625 0.0814583 0.0003
v -0.001875 0.0796875 0.0003
v 0 0.0796875 0.0003
v 0 0.0814583 0.0003
v -0.001875 0.0814583 0.0003
v -0.001875 0.0832292 0.0003
v -0.00375 0.0832292 0.0003
v 0 0.0832292 0.0003
v 0 0.085 0.0003
v -0.001875 0.085 0.0003
v -0.00375 0.085 0.0003
v -0.005625 0.0832292 0.0003
v -0.005625 0.085 0.0003
v 0.001875 0.0796875 0.0003
v 0.00375 0.0796875 0.0003
v 0.00375 0.0814583 0.0003
v 0.001875 0.0814583 0.0003
v 0.005625 0.0796875 0.0003
v 0.0075 0.0796875 0.0003
v 0.0075 0.0814583 0.0003
v 0.005625 0.0814583 0.0003
v 0.005625 0.0832292 0.0003
v 0.00375 0.0832292 0.0003
v 0.0075 0.0832292 0.0003
v 0.0075 0.085 0.0003
v 0.005625 0.085 0.0003
v 0.00375 0.085 0.0003
v 0.001875 0.0832292 0.0003
v 0.001875 0.085 0.0003
v 0.009375 0.0796875 0.0003
v 0.01125 0.0796875 0.0003
v 0.01125 0.0814583 0.0003
v 0.009375 0.0814583 0.0003
v 0.013125 0.0796875 0.0003
v 0.015 0.0796875 0.0003
v 0.015 0.0814583 0.0003
v 0.013125 0.0814583 0.0003
v 0.013125 0.0832292 0.0003
v 0.01125 0.0832292 0.0003
v 0.015 0.0832292 0.0003
v 0.015 0.085 0.0003
v 0.013125 0.085 0.0003
v 0.01125 0.085 0.0003
v 0.009375 0.0832292 0.0003
v 0.009375 0.085 0.0003
v 0.016875 0.0796875 0.0003
v 0.01875 0.0796875 0.0003
v 0.01875 0.0814583 0.0003
v 0.016875 0.0814583 0.0003
v 0.020625 0.0796875 0.0003
v 0.0225 0.0796875 0.0003
v 0.0225 0.0814583 0.0003
v 0.020625 0.0814583 0.0003
v 0.020625 0.0832292 0.0003
v 0.01875 0.0832292 0.0003
v 0.0225 0.0832292 0.0003
v 0.0225 0.085 0.0003
v 0.020625 0.085 0.0003
v 0.01875 0.085 0.0003
v 0.016875 0.0832292 0.0003
v 0.016875 0.085 0.0003
v 0.024375 0.0796875 0.0003
v 0.02625 0.0796875 0.0003
v 0.02625 0.0814583 0.0003
v 0.024375 0.0814583 0.0003
v 0.028125 0.0796875 0.0003
v 0.028125 0.0814583 0.0003
v 0.028125 0.0832292 0.0003
v 0.02625 0.0832292 0.0003
v 0.028125 0.085 0.0003
v 0.02625 0.085 0.0003
v 0.024375 0.0832292 0.0003
v 0.024375 0.085 0.0003
v -0.028125 0.0867708 0.0003
v -0.02625 0.0867708 0.0003
v -0.02625 0.0885417 0.0003
v -0.028125 0.0885417 0.0003
v -0.024375 0.0867708 0.0003
v -0.0225 0.0867708 0.0003
v -0.0225 0.0885417 0.0003
v -0.024375 0.0885417 0.0003
v -0.024375 0.0903125 0.0003
v -0.02625 0.0903125 0.0003
v -0.0225 0.0903125 0.0003
v -0.0225 0.0920833 0.0003
v -0.024375 0.0920833 0.0003
v -0.02625 0.0920833 0.0003
v -0.028125 0.0903125 0.0003
v -0.028125 0.0920833 0.0003
v -0.020625 0.0867708 0.0003
v -0.01875 0.0867708 0.0003
v -0.01875 0.0885417 0.0003
v -0.020625 0.0885417 0.0003
v -0.016875 0.0867708 0.0003
v -0.015 0.0867708 0.0003
v -0.015 0.0885417 0.0003
v -0.016875 0.0885417 0.0003
v -0.016875 0.0903125 0.0003
v -0.01875 0.0903125 0.0003
v -0.015 0.0903125 0.0003
v -0.015 0.0920833 0.0003
v -0.016875 0.0920833 0.0003
v -0.01875 0.0920833 0.0003
v -0.020625 0.0903125 0.0003
v -0.020625 0.0920833 0.0003
v -0.013125 0.0867708 0.0003
v -0.01125 0.0867708 0.0003
v -0.01125 0.0885417 0.0003
v -0.013125 0.0885417 0.0003
v -0.009375 0.0867708 0.0003
v -0.0075 0.0867708 0.0003
v -0.0075 0.0885417 0.0003
v -0.009375 0.0885417 0.0003
v -0.009375 0.0903125 0.0003
v -0.01125 0.0903125 0.0003
v -0.0075 0.0903125 0.0003
v -0.0075 0.0920833 0.0003
v -0.009375 0.0920833 0.0003
v -0.01125 0.0920833 0.0003
v -0.013125 0.0903125 0.0003
v -0.013125 0.0920833 0.0003
v -0.005625 0.0867708 0.0003
v -0.00375 0.0867708 0.0003
v -0.00375 0.0885417 0.0003
v -0.005625 0.0885417 0.0003
v -0.001875 0.0867708 0.0003
v 0 0.0867708 0.0003
v 0 0.0885417 0.0003
v -0.001875 0.0885417 0.0003
v -0.001875 0.0903125 0.0003
v -0.00375 0.0903125 0.0003
v 0 0.0903125 0.0003
v 0 0.0920833 0.0003
v -0.001875 0.0920833 0.0003
v -0.00375 0.0920833 0.0003
v -0.005625 0.0903125 0.0003
v -0.005625 0.0920833 0.0003
v 0.001875 0.0867708 0.0003
v 0.00375 0.0867708 0.0003
v 0.00375 0.0885417 0.0003
v 0.001875 0.0885417 0.0003
v 0.005625 0.0867708 0.0003
v 0.0075 0.0867708 0.0003
v 0.0075 0.0885417 0.0003
v 0.005625 0.0885417 0.0003
v 0.005625 0.0903125 0.0003
v 0.00375 0.0903125 0.0003
v 0.0075 0.0903125 0.0003
v 0.0075 0.0920833 0.0003
v 0.005625 0.0920833 0.0003
v 0.00375 0.0920833 0.0003
v 0.001875 0.0903125 0.0003
v 0.001875 0.0920833 0.0003
v 0.009375 0.0867708 0.0003
v 0.01125 0.0867708 0.0003
v 0.01125 0.0885417 0.0003
v 0.009375 0.0885417 0.0003
v 0.013125 0.0867708 0.0003
v 0.015 0.0867708 0.0003
v 0.015 0.0885417 0.0003
v 0.013125 0.0885417 0.0003
v 0.013125 0.0903125 0.0003
v 0.01125 0.0903125 0.0003
v 0.015 0.0903125 0.0003
v 0.015 0.0920833 0.0003
v 0.013125 0.0920833 0.0003
v 0.01125 0.0920833 0.0003
v 0.009375 0.0903125 0.0003
v 0.009375 0.0920833 0.0003
v 0.016875 0.0867708 0.0003
v 0.01875 0.0867708 0.0003
v 0.01875 0.0885417 0.0003
v 0.016875 0.0885417 0.0003
v 0.020625 0.0867708 0.0003
v 0.0225 0.0867708 0.0003
v 0.0225 0.0885417 0.0003
v 0.020625 0.0885417 0.0003
v 0.020625 0.0903125 0.0003
v 0.01875 0.0903125 0.0003
v 0.0225 0.0903125 0.0003
v 0.0225 0.0920833 0.0003
v 0.020625 0.0920833 0.0003
v 0.01875 0.0920833 0.0003
v 0.016875 0.0903125 0.0003
v 0.016875 0.0920833 0.0003
v 0.024375 0.0867708 0.0003
v 0.02625 0.0867708 0.0003
v 0.02625 0.0885417 0.0003
v 0.024375 0.0885417 0.0003
v 0.028125 0.0867708 0.0003
v 0.028125 0.0885417 0.0003
v 0.028125 0.0903125 0.0003
v 0.02625 0.0903125 0.0003
v 0.028125 0.0920833 0.0003
v 0.02625 0.0920833 0.0003
v 0.024375 0.0903125 0.0003
v 0.024375 0.0920833 0.0003
v -0.028125 0.0938542 0.0003
v -0.02625 0.0938542 0.0003
v -0.02625 0.095625 0.0003
v -0.028125 0.095625 0.0003
v -0.024375 0.0938542 0.0003
v -0.0225 0.0938542 0.0003
v -0.0225 0.095625 0.0003
v -0.024375 0.095625 0.0003
v -0.024375 0.0973958 0.0003
v -0.02625 0.0973958 0.0003
v -0.0225 0.0973958 0.0003
v -0.0225 0.0991667 0.0003
v -0.024375 0.0991667 0.0003
v -0.02625 0.0991667 0.0003
v -0.028125 0.0973958 0.0003
v -0.028125 0.0991667 0.0003
v -0.020625 0.0938542 0.0003
v -0.01875 0.0938542 0.0003
v -0.01875 0.095625 0.0003
v -0.020625 0.095625 0.0003
v -0.016875 0.0938542 0.0003
v -0.015 0.0938542 0.0003
v -0.015 0.095625 0.0003
v -0.016875 0.095625 0.0003
v -0.016875 0.0973958 0.0003
v -0.01875 0.0973958 0.0003
v -0.015 0.0973958 0.0003
v -0.015 0.0991667 0.0003
v -0.016875 0.0991667 0.0003
v -0.01875 0.0991667 0.0003
v -0.020625 0.0973958 0.0003
v -0.020625 0.0991667 0.0003
v -0.013125 0.0938542 0.0003
v -0.01125 0.0938542 0.0003
v -0.01125 0.095625 0.0003
v -0.013125 0.095625 0.0003
v -0.009375 0.0938542 0.0003
v -0.0075 0.0938542 0.0003
v -0.0075 0.095625 0.0003
v -0.009375 0.095625 0.0003
v -0.009375 0.0973958 0.0003
v -0.01125 0.0973958 0.0003
v -0.0075 0.0973958 0.0003
v -0.0075 0.0991667 0.0003
v -0.009375 0.0991667 0.0003
v -0.01125 0.0991667 0.0003
v -0.013125 0.0973958 0.0003
v -0.013125 0.0991667 0.0003
v -0.005625 0.0938542 0.0003
v -0.00375 0.0938542 0.0003
v -0.00375 0.095625 0.0003
v -0.005625 0.095625 0.0003
v -0.001875 0.0938542 0.0003
v 0 0.0938542 0.0003
v 0 0.095625 0.0003
v -0.001875 0.095625 0.0003
v -0.001875 0.0973958 0.0003
v -0.00375 0.0973958 0.0003
v 0 0.0973958 0.0003
v 0 0.0991667 0.0003
v -0.001875 0.0991667 0.0003
v -0.00375 0.0991667 0.0003
v -0.005625 0.0973958 0.0003
v -0.005625 0.0991667 0.0003
v 0.001875 0.0938542 0.0003
v 0.00375 0.0938542 0.0003
v 0.00375 0.095625 0.0003
v 0.001875 0.095625 0.0003
v 0.005625 0.0938542 0.0003
v 0.0075 0.0938542 0.0003
v 0.0075 0.095625 0.0003
v 0.005625 0.095625 0.0003
v 0.005625 0.0973958 0.0003
v 0.00375 0.0973958 0.0003
v 0.0075 0.0973958 0.0003
v 0.0075 0.0991667 0.0003
v 0.005625 0.0991667 0.0003
v 0.00375 0.0991667 0.0003
v 0.001875 0.0973958 0.0003
v 0.001875 0.0991667 0.0003
v 0.009375 0.0938542 0.0003
v 0.01125 0.0938542 0.0003
v 0.01125 0.095625 0.0003
v 0.009375 0.095625 0.0003
v 0.013125 0.0938542 0.0003
v 0.015 0.0938542 0.0003
v 0.015 0.095625 0.0003
v 0.013125 0.095625 0.0003
v 0.013125 0.0973958 0.0003
v 0.01125 0.0973958 0.0003
v 0.015 0.0973958 0.0003
v 0.015 0.0991667 0.0003
v 0.013125 0.0991667 0.0003
v 0.01125 0.0991667 0.0003
v 0.009375 0.0973958 0.0003
v 0.009375 0.0991667 0.0003
v 0.016875 0.0938542 0.0003
v 0.01875 0.0938542 0.0003
v 0.01875 0.095625 0.0003
v 0.016875 0.095625 0.0003
v 0.020625 0.0938542 0.0003
v 0.0225 0.0938542 0.0003
v 0.0225 0.095625 0.0003
v 0.020625 0.095625 0.0003
v 0.020625 0.0973958 0.0003
v 0.01875 0.0973958 0.0003
v 0.0225 0.0973958 0.0003
v 0.0225 0.0991667 0.0003
v 0.020625 0.0991667 0.0003
v 0.01875 0.0991667 0.0003
v 0.016875 0.0973958 0.0003
v 0.016875 0.0991667 0.0003
v 0.024375 0.0938542 0.0003
v 0.02625 0.0938542 0.0003
v 0.02625 0.095625 0.0003
v 0.024375 0.095625 0.0003
v 0.028125 0.0938542 0.0003
v 0.028125 0.095625 0.0003
v 0.028125 0.0973958 0.0003
v 0.02625 0.0973958 0.0003
v 0.028125 0.0991667 0.0003
v 0.02625 0.0991667 0.0003
v 0.024375 0.0973958 0.0003
v 0.024375 0.0991667 0.0003
v -0.028125 0.100938 0.0003
v -0.02625 0.100938 0.0003
v -0.02625 0.102708 0.0003
v -0.028125 0.102708 0.0003
v -0.024375 0.100938 0.0003
v -0.0225 0.100938 0.0003
v -0.0225 0.102708 0.0003
v -0.024375 0.102708 0.0003
v -0.024375 0.104479 0.0003
v -0.02625 0.104479 0.0003
v -0.0225 0.104479 0.0003
v -0.0225 0.10625 0.0003
v -0.024375 0.10625 0.0003
v -0.02625 0.10625 0.0003
v -0.028125 0.104479 0.0003
v -0.028125 0.10625 0.0003
v -0.020625 0.100938 0.0003
v -0.01875 0.100938 0.0003
v -0.01875 0.102708 0.0003
v -0.020625 0.102708 0.0003
v -0.016875 0.100938 0.0003
v -0.015 0.100938 0.0003
v -0.015 0.102708 0.0003
v -0.016875 0.102708 0.0003
v -0.016875 0.104479 0.0003
v -0.01875 0.104479 0.0003
v -0.015 0.104479 0.0003
v -0.015 0.10625 0.0003
v -0.016875 0.10625 0.0003
v -0.01875 0.10625 0.0003
v -0.020625 0.104479 0.0003
v -0.020625 0.10625 0.0003
v -0.013125 0.100938 0.0003
v -0.01125 0.100938 0.0003
v -0.01125 0.102708 0.0003
v -0.013125 0.102708 0.0003
v -0.009375 0.100938 0.0003
v -0.0075 0.100938 0.0003
v -0.0075 0.102708 0.0003
v -0.009375 0.102708 0.0003
v -0.009375 0.104479 0.0003
v -0.01125 0.104479 0.0003
v -0.0075 0.104479 0.0003
v -0.0075 0.10625 0.0003
v -0.009375 0.10625 0.0003
v -0.01125 0.10625 0.0003
v -0.013125 0.104479 0.0003
v -0.013125 0.10625 0.0003
v -0.005625 0.100938 0.0003
v -0.00375 0.100938 0.0003
v -0.00375 0.102708 0.0003
v -0.005625 0.102708 0.0003
v -0.001875 0.100938 0.0003
v 0 0.100938 0.0003
v 0 0.102708 0.0003
v -0.001875 0.102708 0.0003
v -0.001875 0.104479 0.0003
v -0.00375 0.104479 0.0003
v 0 0.104479 0.0003
v 0 0.10625 0.0003
v -0.001875 0.10625 0.0003
v -0.00375 0.10625 0.0003
v -0.005625 0.104479 0.0003
v -0.005625 0.10625 0.0003
v 0.001875 0.100938 0.0003
v 0.00375 0.100938 0.0003
v 0.00375 0.102708 0.0003
v 0.001875 0.102708 0.0003
v 0.005625 0.100938 0.0003
v 0.0075 0.100938 0.0003
v 0.0075 0.102708 0.0003
v 0.005625 0.102708 0.0003
v 0.005625 0.104479 0.0003
v 0.00375 0.104479 0.0003
v 0.0075 0.104479 0.0003
v 0.0075 0.10625 0.0003
v 0.005625 0.10625 0.0003
v 0.00375 0.10625 0.0003
v 0.001875 0.104479 0.0003
v 0.001875 0.10625 0.0003
v 0.009375 0.100938 0.0003
v 0.01125 0.100938 0.0003
v 0.01125 0.102708 0.0003
v 0.009375 0.102708 0.0003
v 0.013125 0.100938 0.0003
v 0.015 0.100938 0.0003
v 0.015 0.102708 0.0003
v 0.013125 0.102708 0.0003
v 0.013125 0.104479 0.0003
v 0.01125 0.104479 0.0003
v 0.015 0.104479 0.0003
v 0.015 0.10625 0.0003
v 0.013125 0.10625 0.0003
v 0.01125 0.10625 0.0003
v 0.009375 0.104479 0.0003
v 0.009375 0.10625 0.0003
v 0.016875 0.100938 0.0003
v 0.01875 0.100938 0.0003
v 0.01875 0.102708 0.0003
v 0.016875 0.102708 0.0003
v 0.020625 0.100938 0.0003
v 0.0225 0.100938 0.0003
v 0.0225 0.102708 0.0003
v 0.020625 0.102708 0.0003
v 0.020625 0.104479 0.0003
v 0.01875 0.104479 0.0003
v 0.0225 0.104479 0.0003
v 0.0225 0.10625 0.0003
v 0.020625 0.10625 0.0003
v 0.01875 0.10625 0.0003
v 0.016875 0.104479 0.0003
v 0.016875 0.10625 0.0003
v 0.024375 0.100938 0.0003
v 0.02625 0.100938 0.0003
v 0.02625 0.102708 0.0003
v 0.024375 0.102708 0.0003
v 0.028125 0.100938 0.0003
v 0.028125 0.102708 0.0003
v 0.028125 0.104479 0.0003
v 0.02625 0.104479 0.0003
v 0.028125 0.10625 0.0003
v 0.02625 0.10625 0.0003
v 0.024375 0.104479 0.0003
v 0.024375 0.10625 0.0003
v -0.028125 0.108021 0.0003
v -0.02625 0.108021 0.0003
v -0.02625 0.109792 0.0003
v -0.028125 0.109792 0.0003
v -0.024375 0.108021 0.0003
v -0.0225 0.108021 0.0003
v -0.0225 0.109792 0.0003
v -0.024375 0.109792 0.0003
v -0.024375 0.111563 0.0003
v -0.02625 0.111563 0.0003
v -0.0225 0.111563 0.0003
v -0.0225 0.113333 0.0003
v -0.024375 0.113333 0.0003
v -0.02625 0.113333 0.0003
v -0.028125 0.111563 0.0003
v -0.028125 0.113333 0.0003
v -0.020625 0.108021 0.0003
v -0.01875 0.108021 0.0003
v -0.01875 0.109792 0.0003
v -0.020625 0.109792 0.0003
v -0.016875 0.108021 0.0003
v -0.015 0.108021 0.0003
v -0.015 0.109792 0.0003
v -0.016875 0.109792 0.0003
v -0.016875 0.111563 0.0003
v -0.01875 0.111563 0.0003
v -0.015 0.111563 0.0003
v -0.015 0.113333 0.0003
v -0.016875 0.113333 0.0003
v -0.01875 0.113333 0.0003
v -0.020625 0.111563 0.0003
v -0.020625 0.113333 0.0003
v -0.013125 0.108021 0.0003
v -0.01125 0.108021 0.0003
v -0.01125 0.109792 0.0003
v -0.013125 0.109792 0.0003
v -0.009375 0.108021 0.0003
v -0.0075 0.108021 0.0003
v -0.0075 0.109792 0.0003
v -0.009375 0.109792 0.0003
v -0.009375 0.111563 0.0003
v -0.01125 0.111563 0.0003
v -0.0075 0.111563 0.0003
v -0.0075 0.113333 0.0003
v -0.009375 0.113333 0.0003
v -0.01125 0.113333 0.0003
v -0.013125 0.111563 0.0003
v -0.013125 0.113333 0.0003
v -0.005625 0.108021 0.0003
v -0.00375 0.108021 0.0003
v -0.00375 0.109792 0.0003
v -0.005625 0.109792 0.0003
v -0.001875 0.108021 0.0003
v 0 0.108021 0.0003
v 0 0.109792 0.0003
v -0.001875 0.109792 0.0003
v -0.001875 0.111563 0.0003
v -0.00375 0.111563 0.0003
v 0 0.111563 0.0003
v 0 0.113333 0.0003
v -0.001875 0.113333 0.0003
v -0.00375 0.113333 0.0003
v -0.005625 0.111563 0.0003
v -0.005625 0.113333 0.0003
v 0.001875 0.108021 0.0003
v 0.00375 0.108021 0.0003
v 0.00375 0.109792 0.0003
v 0.001875 0.109792 0.0003
v 0.005625 0.108021 0.0003
v 0.0075 0.108021 0.0003
v 0.0075 0.109792 0.0003
v 0.005625 0.109792 0.0003
v 0.005625 0.111563 0.0003
v 0.00375 0.111563 0.0003
v 0.0075 0.111563 0.0003
v 0.0075 0.113333 0.0003
v 0.005625 0.113333 0.0003
v 0.00375 0.113333 0.0003
v 0.001875 0.111563 0.0003
v 0.001875 0.113333 0.0003
v 0.009375 0.108021 0.0003
v 0.01125 0.108021 0.0003
v 0.01125 0.109792 0.0003
v 0.009375 0.109792 0.0003
v 0.013125 0.108021 0.0003
v 0.015 0.108021 0.0003
v 0.015 0.109792 0.0003
v 0.013125 0.109792 0.0003
v 0.013125 0.111563 0.0003
v 0.01125 0.111563 0.0003
v 0.015 0.111563 0.0003
v 0.015 0.113333 0.0003
v 0.013125 0.113333 0.0003
v 0.01125 0.113333 0.0003
v 0.009375 0.111563 0.0003
v 0.009375 0.113333 0.0003
v 0.016875 0.108021 0.0003
v 0.01875 0.108021 0.0003
v 0.01875 0.109792 0.0003
v 0.016875 0.109792 0.0003
v 0.020625 0.108021 0.0003
v 0.0225 0.108021 0.0003
v 0.0225 0.109792 0.0003
v 0.020625 0.109792 0.0003
v 0.020625 0.111563 0.0003
v 0.01875 0.111563 0.0003
v 0.0225 0.111563 0.0003
v 0.0225 0.113333 0.0003
v 0.020625 0.113333 0.0003
v 0.01875 0.113333 0.0003
v 0.016875 0.111563 0.0003
v 0.016875 0.113333 0.0003
v 0.024375 0.108021 0.0003
v 0.02625 0.108021 0.0003
v 0.02625 0.109792 0.0003
v 0.024375 0.109792 0.0003
v 0.028125 0.108021 0.0003
v 0.028125 0.109792 0.0003
v 0.028125 0.111563 0.0003
v 0.02625 0.111563 0.0003
v 0.028125 0.113333 0.0003
v 0.02625 0.113333 0.0003
v 0.024375 0.111563 0.0003
v 0.024375 0.113333 0.0003
v -0.028125 0.115104 0.0003
v -0.02625 0.115104 0.0003
v -0.02625 0.116875 0.0003
v -0.028125 0.116875 0.0003
v -0.024375 0.115104 0.0003
v -0.0225 0.115104 0.0003
v -0.0225 0.116875 0.0003
v -0.024375 0.116875 0.0003
v -0.024375 0.118646 0.0003
v -0.02625 0.118646 0.0003
v -0.0225 0.118646 0.0003
v -0.0225 0.120417 0.0003
v -0.024375 0.120417 0.0003
v -0.02625 0.120417 0.0003
v -0.028125 0.118646 0.0003
v -0.028125 0.120417 0.0003
v -0.020625 0.115104 0.0003
v -0.01875 0.115104 0.0003
v -0.01875 0.116875 0.0003
v -0.020625 0.116875 0.0003
v -0.016875 0.115104 0.0003
v -0.015 0.115104 0.0003
v -0.015 0.116875 0.0003
v -0.016875 0.116875 0.0003
v -0.016875 0.118646 0.0003
v -0.01875 0.118646 0.0003
v -0.015 0.118646 0.0003
v -0.015 0.120417 0.0003
v -0.016875 0.120417 0.0003
v -0.01875 0.120417 0.0003
v -0.020625 0.118646 0.0003
v -0.020625 0.120417 0.0003
v -0.013125 0.115104 0.0003
v -0.01125 0.115104 0.0003
v -0.01125 0.116875 0.0003
v -0.013125 0.116875 0.0003
v -0.009375 0.115104 0.0003
v -0.0075 0.115104 0.0003
v -0.0075 0.116875 0.0003
v -0.009375 0.116875 0.0003
v -0.009375 0.118646 0.0003
v -0.01125 0.118646 0.0003
v -0.0075 0.118646 0.0003
v -0.0075 0.120417 0.0003
v -0.009375 0.120417 0.0003
v -0.01125 0.120417 0.0003
v -0.013125 0.118646 0.0003
v -0.013125 0.120417 0.0003
v -0.005625 0.115104 0.0003
v -0.00375 0.115104 0.0003
v -0.00375 0.116875 0.0003
v -0.005625 0.116875 0.0003
v -0.001875 0.115104 0.0003
v 0 0.115104 0.0003
v 0 0.116875 0.0003
v -0.001875 0.116875 0.0003
v -0.001875 0.118646 0.0003
v -0.00375 0.118646 0.0003
v 0 0.118646 0.0003
v 0 0.120417 0.0003
v -0.001875 0.120417 0.0003
v -0.00375 0.120417 0.0003
v -0.005625 0.118646 0.0003
v -0.005625 0.120417 0.0003
v 0.001875 0.115104 0.0003
v 0.00375 0.115104 0.0003
v 0.00375 0.116875 0.0003
v 0.001875 0.116875 0.0003
v 0.005625 0.115104 0.0003
v 0.0075 0.115104 0.0003
v 0.0075 0.116875 0.0003
v 0.005625 0.116875 0.0003
v 0.005625 0.118646 0.0003
v 0.00375 0.118646 0.0003
v 0.0075 0.118646 0.0003
v 0.0075 0.120417 0.0003
v 0.005625 0.120417 0.0003
v 0.00375 0.120417 0.0003
v 0.001875 0.118646 0.0003
v 0.001875 0.120417 0.0003
v 0.009375 0.115104 0.0003
v 0.01125 0.115104 0.0003
v 0.01125 0.116875 0.0003
v 0.009375 0.116875 0.0003
v 0.013125 0.115104 0.0003
v 0.015 0.115104 0.0003
v 0.015 0.116875 0.0003
v 0.013125 0.116875 0.0003
v 0.013125 0.118646 0.0003
v 0.01125 0.118646 0.0003
v 0.015 0.118646 0.0003
v 0.015 0.120417 0.0003
v 0.013125 0.120417 0.0003
v 0.01125 0.120417 0.0003
v 0.009375 0.118646 0.0003
v 0.009375 0.120417 0.0003
v 0.016875 0.115104 0.0003
v 0.01875 0.115104 0.0003
v 0.01875 0.116875 0.0003
v 0.016875 0.116875 0.0003
v 0.020625 0.115104 0.0003
v 0.0225 0.115104 0.0003
v 0.0225 0.116875 0.0003
v 0.020625 0.116875 0.0003
v 0.020625 0.118646 0.0003
v 0.01875 0.118646 0.0003
v 0.0225 0.118646 0.0003
v 0.0225 0.120417 0.0003
v 0.020625 0.120417 0.0003
v 0.01875 0.120417 0.0003
v 0.016875 0.118646 0.0003
v 0.016875 0.120417 0.0003
v 0.024375 0.115104 0.0003
v 0.02625 0.115104 0.0003
v 0.02625 0.116875 0.0003
v 0.024375 0.116875 0.0003
v 0.028125 0.115104 0.0003
v 0.028125 0.116875 0.0003
v 0.028125 0.118646 0.0003
v 0.02625 0.118646 0.0003
v 0.028125 0.120417 0.0003
v 0.02625 0.120417 0.0003
v 0.024375 0.118646 0.0003
v 0.024375 0.120417 0.0003
v -0.028125 0.122187 0.0003
v -0.02625 0.122187 0.0003
v -0.02625 0.123958 0.0003
v -0.028125 0.123958 0.0003
v -0.024375 0.122187 0.0003
v -0.0225 0.122187 0.0003
v -0.0225 0.123958 0.0003
v -0.024375 0.123958 0.0003
v -0.024375 0.125729 0.0003
v -0.02625 0.125729 0.0003
v -0.0225 0.125729 0.0003
v -0.0225 0.1275 0.0003
v -0.024375 0.1275 0.0003
v -0.02625 0.1275 0.0003
v -0.028125 0.125729 0.0003
v -0.028125 0.1275 0.0003
v -0.020625 0.122187 0.0003
v -0.01875 0.122187 0.0003
v -0.01875 0.123958 0.0003
v -0.020625 0.123958 0.0003
v -0.016875 0.122187 0.0003
v -0.015 0.122187 0.0003
v -0.015 0.123958 0.0003
v -0.016875 0.123958 0.0003
v -0.016875 0.125729 0.0003
v -0.01875 0.125729 0.0003
v -0.015 0.125729 0.0003
v -0.015 0.1275 0.0003
v -0.016875 0.1275 0.0003
v -0.01875 0.1275 0.0003
v -0.020625 0.125729 0.0003
v -0.020625 0.1275 0.0003
v -0.013125 0.122187 0.0003
v -0.01125 0.122187 0.0003
v -0.01125 0.123958 0.0003
v -0.013125 0.123958 0.0003
v -0.009375 0.122187 0.0003
v -0.0075 0.122187 0.0003
v -0.0075 0.123958 0.0003
v -0.009375 0.123958 0.0003
v -0.009375 0.125729 0.0003
v -0.01125 0.125729 0.0003
v -0.0075 0.125729 0.0003
v -0.0075 0.1275 0.0003
v -0.009375 0.1275 0.0003
v -0.01125 0.1275 0.0003
v -0.013125 0.125729 0.0003
v -0.013125 0.1275 0.0003
v -0.005625 0.122187 0.0003
v -0.00375 0.122187 0.0003
v -0.00375 0.123958 0.0003
v -0.005625 0.123958 0.0003
v -0.001875 0.122187 0.0003
v 0 0.122187 0.0003
v 0 0.123958 0.0003
v -0.001875 0.123958 0.0003
v -0.001875 0.125729 0.0003
v -0.00375 0.125729 0.0003
v 0 0.125729 0.0003
v 0 0.1275 0.0003
v -0.001875 0.1275 0.0003
v -0.00375 0.1275 0.0003
v -0.005625 0.125729 0.0003
v -0.005625 0.1275 0.0003
v 0.001875 0.122187 0.0003
v 0.00375 0.122187 0.0003
v 0.00375 0.123958 0.0003
v 0.001875 0.123958 0.0003
v 0.005625 0.122187 0.0003
v 0.0075 0.122187 0.0003
v 0.0075 0.123958 0.0003
v 0.005625 0.123958 0.0003
v 0.005625 0.125729 0.0003
v 0.00375 0.125729 0.0003
v 0.0075 0.125729 0.0003
v 0.0075 0.1275 0.0003
v 0.005625 0.1275 0.0003
v 0.00375 0.1275 0.0003
v 0.001875 0.125729 0.0003
v 0.001875 0.1275 0.0003
v 0.009375 0.122187 0.0003
v 0.01125 0.122187 0.0003
v 0.01125 0.123958 0.0003
v 0.009375 0.123958 0.0003
v 0.013125 0.122187 0.0003
v 0.015 0.122187 0.0003
v 0.015 0.123958 0.0003
v 0.013125 0.123958 0.0003
v 0.013125 0.125729 0.0003
v 0.01125 0.125729 0.0003
v 0.015 0.125729 0.0003
v 0.015 0.1275 0.0003
v 0.013125 0.1275 0.0003
v 0.01125 0.1275 0.0003
v 0.009375 0.125729 0.0003
v 0.009375 0.1275 0.0003
v 0.016875 0.122187 0.0003
v 0.01875 0.122187 0.0003
v 0.01875 0.123958 0.0003
v 0.016875 0.123958 0.0003
v 0.020625 0.122187 0.0003
v 0.0225 0.122187 0.0003
v 0.0225 0.123958 0.0003
v 0.020625 0.123958 0.0003
v 0.020625 0.125729 0.0003
v 0.01875 0.125729 0.0003
v 0.0225 0.125729 0.0003
v 0.0225 0.1275 0.0003
v 0.020625 0.1275 0.0003
v 0.01875 0.1275 0.0003
v 0.016875 0.125729 0.0003
v 0.016875 0.1275 0.0003
v 0.024375 0.122187 0.0003
v 0.02625 0.122187 0.0003
v 0.02625 0.123958 0.0003
v 0.024375 0.123958 0.0003
v 0.028125 0.122187 0.0003
v 0.028125 0.123958 0.0003
v 0.028125 0.125729 0.0003
v 0.02625 0.125729 0.0003
v 0.028125 0.1275 0.0003
v 0.02625 0.1275 0.0003
v 0.024375 0.125729 0.0003
v 0.024375 0.1275 0.0003
v -0.028125 0.129271 0.0003
v -0.02625 0.129271 0.0003
v -0.02625 0.131042 0.0003
v -0.028125 0.131042 0.0003
v -0.024375 0.129271 0.0003
v -0.0225 0.129271 0.0003
v -0.0225 0.131042 0.0003
v -0.024375 0.131042 0.0003
v -0.024375 0.132813 0.0003
v -0.02625 0.132813 0.0003
v -0.0225 0.132813 0.0003
v -0.0225 0.134583 0.0003
v -0.024375 0.134583 0.0003
v -0.02625 0.134583 0.0003
v -0.028125 0.132813 0.0003
v -0.028125 0.134583 0.0003
v -0.020625 0.129271 0.0003
v -0.01875 0.129271 0.0003
v -0.01875 0.131042 0.0003
v -0.020625 0.131042 0.0003
v -0.016875 0.129271 0.0003
v -0.015 0.129271 0.0003
v -0.015 0.131042 0.0003
v -0.016875 0.131042 0.0003
v -0.016875 0.132813 0.0003
v -0.01875 0.132813 0.0003
v -0.015 0.132813 0.0003
v -0.015 0.134583 0.0003
v -0.016875 0.134583 0.0003
v -0.01875 0.134583 0.0003
v -0.020625 0.132813 0.0003
v -0.020625 0.134583 0.0003
v -0.013125 0.129271 0.0003
v -0.01125 0.129271 0.0003
v -0.01125 0.131042 0.0003
v -0.013125 0.131042 0.0003
v -0.009375 0.129271 0.0003
v -0.0075 0.129271 0.0003
v -0.0075 0.131042 0.0003
v -0.009375 0.131042 0.0003
v -0.009375 0.132813 0.0003
v -0.01125 0.132813 0.0003
v -0.0075 0.132813 0.0003
v -0.0075 0.134583 0.0003
v -0.009375 0.134583 0.0003
v -0.01125 0.134583 0.0003
v -0.013125 0.132813 0.0003
v -0.013125 0.134583 0.0003
v -0.005625 0.129271 0.0003
v -0.00375 0.129271 0.0003
v -0.00375 0.131042 0.0003
v -0.005625 0.131042 0.0003
v -0.001875 0.129271 0.0003
v 0 0.129271 0.0003
v 0 0.131042 0.0003
v -0.001875 0.131042 0.0003
v -0.001875 0.132813 0.0003
v -0.00375 0.132813 0.0003
v 0 0.132813 0.0003
v 0 0.134583 0.0003
v -0.001875 0.134583 0.0003
v -0.00375 0.134583 0.0003
v -0.005625 0.132813 0.0003
v -0.005625 0.134583 0.0003
v 0.001875 0.129271 0.0003
v 0.00375 0.129271 0.0003
v 0.00375 0.131042 0.0003
v 0.001875 0.131042 0.0003
v 0.005625 0.129271 0.0003
v 0.0075 0.129271 0.0003
v 0.0075 0.131042 0.0003
v 0.005625 0.131042 0.0003
v 0.005625 0.132813 0.0003
v 0.00375 0.132813 0.0003
v 0.0075 0.132813 0.0003
v 0.0075 0.134583 0.0003
v 0.005625 0.134583 0.0003
v 0.00375 0.134583 0.0003
v 0.001875 0.132813 0.0003
v 0.001875 0.134583 0.0003
v 0.009375 0.129271 0.0003
v 0.01125 0.129271 0.0003
v 0.01125 0.131042 0.0003
v 0.009375 0.131042 0.0003
v 0.013125 0.129271 0.0003
v 0.015 0.129271 0.0003
v 0.015 0.131042 0.0003
v 0.013125 0.131042 0.0003
v 0.013125 0.132813 0.0003
v 0.01125 0.132813 0.0003
v 0.015 0.132813 0.0003
v 0.015 0.134583 0.0003
v 0.013125 0.134583 0.0003
v 0.01125 0.134583 0.0003
v 0.009375 0.132813 0.0003
v 0.009375 0.134583 0.0003
v 0.016875 0.129271 0.0003
v 0.01875 0.129271 0.0003
v 0.01875 0.131042 0.0003
v 0.016875 0.131042 0.0003
v 0.020625 0.129271 0.0003
v 0.0225 0.129271 0.0003
v 0.0225 0.131042 0.0003
v 0.020625 0.131042 0.0003
v 0.020625 0.132813 0.0003
v 0.01875 0.132813 0.0003
v 0.0225 0.132813 0.0003
v 0.0225 0.134583 0.0003
v 0.020625 0.134583 0.0003
v 0.01875 0.134583 0.0003
v 0.016875 0.132813 0.0003
v 0.016875 0.134583 0.0003
v 0.024375 0.129271 0.0003
v 0.02625 0.129271 0.0003
v 0.02625 0.131042 0.0003
v 0.024375 0.131042 0.0003
v 0.028125 0.129271 0.0003
v 0.028125 0.131042 0.0003
v 0.028125 0.132813 0.0003
v 0.02625 0.132813 0.0003
v 0.028125 0.134583 0.0003
v 0.02625 0.134583 0.0003
v 0.024375 0.132813 0.0003
v 0.024375 0.134583 0.0003
v -0.028125 0.136354 0.0003
v -0.02625 0.136354 0.0003
v -0.02625 0.138125 0.0003
v -0.028125 0.138125 0.0003
v -0.024375 0.136354 0.0003
v -0.0225 0.136354 0.0003
v -0.0225 0.138125 0.0003
v -0.024375 0.138125 0.0003
v -0.024375 0.139896 0.0003
v -0.02625 0.139896 0.0003
v -0.0225 0.139896 0.0003
v -0.0225 0.141667 0.0003
v -0.024375 0.141667 0.0003
v -0.02625 0.141667 0.0003
v -0.028125 0.139896 0.0003
v -0.028125 0.141667 0.0003
v -0.020625 0.136354 0.0003
v -0.01875 0.136354 0.0003
v -0.01875 0.138125 0.0003
v -0.020625 0.138125 0.0003
v -0.016875 0.136354 0.0003
v -0.015 0.136354 0.0003
v -0.015 0.138125 0.0003
v -0.016875 0.138125 0.0003
v -0.016875 0.139896 0.0003
v -0.01875 0.139896 0.0003
v -0.015 0.139896 0.0003
v -0.015 0.141667 0.0003
v -0.016875 0.141667 0.0003
v -0.01875 0.141667 0.0003
v -0.020625 0.139896 0.0003
v -0.020625 0.141667 0.0003
v -0.013125 0.136354 0.0003
v -0.01125 0.136354 0.0003
v -0.01125 0.138125 0.0003
v -0.013125 0.138125 0.0003
v -0.009375 0.136354 0.0003
v -0.0075 0.136354 0.0003
v -0.0075 0.138125 0.0003
v -0.009375 0.138125 0.0003
v -0.009375 0.139896 0.0003
v -0.01125 0.139896 0.0003
v -0.0075 0.139896 0.0003
v -0.0075 0.141667 0.0003
v -0.009375 0.141667 0.0003
v -0.01125 0.141667 0.0003
v -0.013125 0.139896 0.0003
v -0.013125 0.141667 0.0003
v -0.005625 0.136354 0.0003
v -0.00375 0.136354 0.0003
v -0.00375 0.138125 0.0003
v -0.005625 0.138125 0.0003
v -0.001875 0.136354 0.0003
v 0 0.136354 0.0003
v 0 0.138125 0.0003
v -0.001875 0.138125 0.0003
v -0.001875 0.139896 0.0003
v -0.00375 0.139896 0.0003
v 0 0.139896 0.0003
v 0 0.141667 0.0003
v -0.001875 0.141667 0.0003
v -0.00375 0.141667 0.0003
v -0.005625 0.139896 0.0003
v -0.005625 0.141667 0.0003
v 0.001875 0.136354 0.0003
v 0.00375 0.136354 0.0003
v 0.00375 0.138125 0.0003
v 0.001875 0.138125 0.0003
v 0.005625 0.136354 0.0003
v 0.0075 0.136354 0.0003
v 0.0075 0.138125 0.0003
v 0.005625 0.138125 0.0003
v 0.005625 0.139896 0.0003
v 0.00375 0.139896 0.0003
v 0.0075 0.139896 0.0003
v 0.0075 0.141667 0.0003
v 0.005625 0.141667 0.0003
v 0.00375 0.141667 0.0003
v 0.001875 0.139896 0.0003
v 0.001875 0.141667 0.0003
v 0.009375 0.136354 0.0003
v 0.01125 0.136354 0.0003
v 0.01125 0.138125 0.0003
v 0.009375 0.138125 0.0003
v 0.013125 0.136354 0.0003
v 0.015 0.136354 0.0003
v 0.015 0.138125 0.0003
v 0.013125 0.138125 0.0003
v 0.013125 0.139896 0.0003
v 0.01125 0.139896 0.0003
v 0.015 0.139896 0.0003
v 0.015 0.141667 0.0003
v 0.013125 0.141667 0.0003
v 0.01125 0.141667 0.0003
v 0.009375 0.139896 0.0003
v 0.009375 0.141667 0.0003
v 0.016875 0.136354 0.0003
v 0.01875 0.136354 0.0003
v 0.01875 0.138125 0.0003
v 0.016875 0.138125 0.0003
v 0.020625 0.136354 0.0003
v 0.0225 0.136354 0.0003
v 0.0225 0.138125 0.0003
v 0.020625 0.138125 0.0003
v 0.020625 0.139896 0.0003
v 0.01875 0.139896 0.0003
v 0.0225 0.139896 0.0003
v 0.0225 0.141667 0.0003
v 0.020625 0.141667 0.0003
v 0.01875 0.141667 0.0003
v 0.016875 0.139896 0.0003
v 0.016875 0.141667 0.0003
v 0.024375 0.136354 0.0003
v 0.02625 0.136354 0.0003
v 0.02625 0.138125 0.0003
v 0.024375 0.138125 0.0003
v 0.028125 0.136354 0.0003
v 0.028125 0.138125 0.0003
v 0.028125 0.139896 0.0003
v 0.02625 0.139896 0.0003
v 0.028125 0.141667 0.0003
v 0.02625 0.141667 0.0003
v 0.024375 0.139896 0.0003
v 0.024375 0.141667 0.0003
v -0.028125 0.143438 0.0003
v -0.02625 0.143438 0.0003
v -0.02625 0.145208 0.0003
v -0.028125 0.145208 0.0003
v -0.024375 0.143438 0.0003
v -0.0225 0.143438 0.0003
v -0.0225 0.145208 0.0003
v -0.024375 0.145208 0.0003
v -0.024375 0.146979 0.0003
v -0.02625 0.146979 0.0003
v -0.0225 0.146979 0.0003
v -0.0225 0.14875 0.0003
v -0.024375 0.14875 0.0003
v -0.02625 0.14875 0.0003
v -0.028125 0.146979 0.0003
v -0.028125 0.14875 0.0003
v -0.020625 0.143438 0.0003
v -0.01875 0.143438 0.0003
v -0.01875 0.145208 0.0003
v -0.020625 0.145208 0.0003
v -0.016875 0.143438 0.0003
v -0.015 0.143438 0.0003
v -0.015 0.145208 0.0003
v -0.016875 0.145208 0.0003
v -0.016875 0.146979 0.0003
v -0.01875 0.146979 0.0003
v -0.015 0.146979 0.0003
v -0.015 0.14875 0.0003
v -0.016875 0.14875 0.0003
v -0.01875 0.14875 0.0003
v -0.020625 0.146979 0.0003
v -0.020625 0.14875 0.0003
v -0.013125 0.143438 0.0003
v -0.01125 0.143438 0.0003
v -0.01125 0.145208 0.0003
v -0.013125 0.145208 0.0003
v -0.009375 0.143438 0.0003
v -0.0075 0.143438 0.0003
v -0.0075 0.145208 0.0003
v -0.009375 0.145208 0.0003
v -0.009375 0.146979 0.0003
v -0.01125 0.146979 0.0003
v -0.0075 0.146979 0.0003
v -0.0075 0.14875 0.0003
v -0.009375 0.14875 0.0003
v -0.01125 0.14875 0.0003
v -0.013125 0.146979 0.0003
v -0.013125 0.14875 0.0003
v -0.005625 0.143438 0.0003
v -0.00375 0.143438 0.0003
v -0.00375 0.145208 0.0003
v -0.005625 0.145208 0.0003
v -0.001875 0.143438 0.0003
v 0 0.143438 0.0003
v 0 0.145208 0.0003
v -0.001875 0.145208 0.0003
v -0.001875 0.146979 0.0003
v -0.00375 0.146979 0.0003
v 0 0.146979 0.0003
v 0 0.14875 0.0003
v -0.001875 0.14875 0.0003
v -0.00375 0.14875 0.0003
v -0.005625 0.146979 0.0003
v -0.005625 0.14875 0.0003
v 0.001875 0.143438 0.0003
v 0.00375 0.143438 0.0003
v 0.00375 0.145208 0.0003
v 0.001875 0.145208 0.0003
v 0.005625 0.143438 0.0003
v 0.0075 0.143438 0.0003
v 0.0075 0.145208 0.0003
v 0.005625 0.145208 0.0003
v 0.005625 0.146979 0.0003
v 0.00375 0.146979 0.0003
v 0.0075 0.146979 0.0003
v 0.0075 0.14875 0.0003
v 0.005625 0.14875 0.0003
v 0.00375 0.14875 0.0003
v 0.001875 0.146979 0.0003
v 0.001875 0.14875 0.0003
v 0.009375 0.143438 0.0003
v 0.01125 0.143438 0.0003
v 0.01125 0.145208 0.0003
v 0.009375 0.145208 0.0003
v 0.013125 0.143438 0.0003
v 0.015 0.143438 0.0003
v 0.015 0.145208 0.0003
v 0.013125 0.145208 0.0003
v 0.013125 0.146979 0.0003
v 0.01125 0.146979 0.0003
v 0.015 0.146979 0.0003
v 0.015 0.14875 0.0003
v 0.013125 0.14875 0.0003
v 0.01125 0.14875 0.0003
v 0.009375 0.146979 0.0003
v 0.009375 0.14875 0.0003
v 0.016875 0.143438 0.0003
v 0.01875 0.143438 0.0003
v 0.01875 0.145208 0.0003
v 0.016875 0.145208 0.0003
v 0.020625 0.143438 0.0003
v 0.0225 0.143438 0.0003
v 0.0225 0.145208 0.0003
v 0.020625 0.145208 0.0003
v 0.020625 0.146979 0.0003
v 0.01875 0.146979 0.0003
v 0.0225 0.146979 0.0003
v 0.0225 0.14875 0.0003
v 0.020625 0.14875 0.0003
v 0.01875 0.14875 0.0003
v 0.016875 0.146979 0.0003
v 0.016875 0.14875 0.0003
v 0.024375 0.143438 0.0003
v 0.02625 0.143438 0.0003
v 0.02625 0.145208 0.0003
v 0.024375 0.145208 0.0003
v 0.028125 0.143438 0.0003
v 0.028125 0.145208 0.0003
v 0.028125 0.146979 0.0003
v 0.02625 0.146979 0.0003
v 0.028125 0.14875 0.0003
v 0.02625 0.14875 0.0003
v 0.024375 0.146979 0.0003
v 0.024375 0.14875 0.0003
v -0.028125 0.150521 0.0003
v -0.02625 0.150521 0.0003
v -0.02625 0.152292 0.0003
v -0.028125 0.152292 0.0003
v -0.024375 0.150521 0.0003
v -0.0225 0.150521 0.0003
v -0.0225 0.152292 0.0003
v -0.024375 0.152292 0.0003
v -0.024375 0.154063 0.0003
v -0.02625 0.154063 0.0003
v -0.0225 0.154063 0.0003
v -0.0225 0.155833 0.0003
v -0.024375 0.155833 0.0003
v -0.02625 0.155833 0.0003
v -0.028125 0.154063 0.0003
v -0.028125 0.155833 0.0003
v -0.020625 0.150521 0.0003
v -0.01875 0.150521 0.0003
v -0.01875 0.152292 0.0003
v -0.020625 0.152292 0.0003
v -0.016875 0.150521 0.0003
v -0.015 0.150521 0.0003
v -0.015 0.152292 0.0003
v -0.016875 0.152292 0.0003
v -0.016875 0.154063 0.0003
v -0.01875 0.154063 0.0003
v -0.015 0.154063 0.0003
v -0.015 0.155833 0.0003
v -0.016875 0.155833 0.0003
v -0.01875 0.155833 0.0003
v -0.020625 0.154063 0.0003
v -0.020625 0.155833 0.0003
v -0.013125 0.150521 0.0003
v -0.01125 0.150521 0.0003
v -0.01125 0.152292 0.0003
v -0.013125 0.152292 0.0003
v -0.009375 0.150521 0.0003
v -0.0075 0.150521 0.0003
v -0.0075 0.152292 0.0003
v -0.009375 0.152292 0.0003
v -0.009375 0.154063 0.0003
v -0.01125 0.154063 0.0003
v -0.0075 0.154063 0.0003
v -0.00749565 0.155838 0.0003
v -0.009375 0.155833 0.0003
v -0.01125 0.155833 0.0003
v -0.013125 0.154063 0.0003
v -0.013125 0.155833 0.0003
v -0.005625 0.150521 0.0003
v -0.00375 0.150521 0.0003
v -0.00375 0.152292 0.0003
v -0.005625 0.152292 0.0003
v -0.001875 0.150521 0.0003
v 0 0.150521 0.0003
v 0 0.152292 0.0003
v -0.001875 0.152292 0.0003
v -0.001875 0.154063 0.0003
v -0.00375 0.154063 0.0003
v 0 0.154063 0.0003
v 0 0.155728 0.0003
v -0.00185761 0.155775 0.0003
v -0.00372391 0.155841 0.0003
v -0.005625 0.154063 0.0003
v -0.00560761 0.155852 0.0003
v 0.001875 0.150521 0.0003
v 0.00375 0.150521 0.0003
v 0.00375 0.152292 0.0003
v 0.001875 0.152292 0.0003
v 0.005625 0.150521 0.0003
v 0.0075 0.150521 0.0003
v 0.0075 0.152292 0.0003
v 0.005625 0.152292 0.0003
v 0.005625 0.154063 0.0003
v 0.00375 0.154063 0.0003
v 0.0075 0.154063 0.0003
v 0.00749565 0.155838 0.0003
v 0.00560761 0.155852 0.0003
v 0.00372391 0.155841 0.0003
v 0.001875 0.154063 0.0003
v 0.00185761 0.155775 0.0003
v 0.009375 0.150521 0.0003
v 0.01125 0.150521 0.0003
v 0.01125 0.152292 0.0003
v 0.009375 0.152292 0.0003
v 0.013125 0.150521 0.0003
v 0.015 0.150521 0.0003
v 0.015 0.152292 0.0003
v 0.013125 0.152292 0.0003
v 0.013125 0.154063 0.0003
v 0.01125 0.154063 0.0003
v 0.015 0.154063 0.0003
v 0.015 0.155833 0.0003
v 0.013125 0.155833 0.0003
v 0.01125 0.155833 0.0003
v 0.009375 0.154063 0.0003
v 0.009375 0.155833 0.0003
v 0.016875 0.150521 0.0003
v 0.01875 0.150521 0.0003
v 0.01875 0.152292 0.0003
v 0.016875 0.152292 0.0003
v 0.020625 0.150521 0.0003
v 0.0225 0.150521 0.0003
v 0.0225 0.152292 0.0003
v 0.020625 0.152292 0.0003
v 0.020625 0.154063 0.0003
v 0.01875 0.154063 0.0003
v 0.0225 0.154063 0.0003
v 0.0225 0.155833 0.0003
v 0.020625 0.155833 0.0003
v 0.01875 0.155833 0.0003
v 0.016875 0.154063 0.0003
v 0.016875 0.155833 0.0003
v 0.024375 0.150521 0.0003
v 0.02625 0.150521 0.0003
v 0.02625 0.152292 0.0003
v 0.024375 0.152292 0.0003
v 0.028125 0.150521 0.0003
v 0.028125 0.152292 0.0003
v 0.028125 0.154063 0.0003
v 0.02625 0.154063 0.0003
v 0.028125 0.155833 0.0003
v 0.02625 0.155833 0.0003
v 0.024375 0.154063 0.0003
v 0.024375 0.155833 0.0003
v -0.028125 0.157604 0.0003
v -0.02625 0.157604 0.0003
v -0.02625 0.159375 0.0003
v -0.028125 0.159375 0.0003
v -0.024375 0.157604 0.0003
v -0.0225 0.157604 0.0003
v -0.0225 0.159375 0.0003
v -0.024375 0.159375 0.0003
v -0.024375 0.161146 0.0003
v -0.02625 0.161146 0.0003
v -0.0225 0.161146 0.0003
v -0.0225 0.162917 0.0003
v -0.024375 0.162917 0.0003
v -0.02625 0.162917 0.0003
v -0.028125 0.161146 0.0003
v -0.028125 0.162917 0.0003
v -0.020625 0.157604 0.0003
v -0.01875 0.157604 0.0003
v -0.01875 0.159375 0.0003
v -0.020625 0.159375 0.0003
v -0.016875 0.157604 0.0003
v -0.015 0.157604 0.0003
v -0.015 0.159375 0.0003
v -0.016875 0.159375 0.0003
v -0.016875 0.161146 0.0003
v -0.01875 0.161146 0.0003
v -0.015 0.161146 0.0003
v -0.015 0.162917 0.0003
v -0.016875 0.162917 0.0003
v -0.01875 0.162917 0.0003
v -0.020625 0.161146 0.0003
v -0.020625 0.162917 0.0003
v -0.013125 0.157604 0.0003
v -0.01125 0.157604 0.0003
v -0.01125 0.159375 0.0003
v -0.013125 0.159375 0.0003
v -0.009375 0.157604 0.0003
v -0.00748261 0.157622 0.0003
v -0.00749083 0.159403 0.0003
v -0.009375 0.159375 0.0003
v -0.009375 0.161146 0.0003
v -0.01125 0.161146 0.0003
v -0.00755028 0.161167 0.0003
v -0.00759438 0.162922 0.0003
v -0.009375 0.162917 0.0003
v -0.01125 0.162917 0.0003
v -0.013125 0.161146 0.0003
v -0.013125 0.162917 0.0003
v 0.009375 0.157604 0.0003
v 0.00748261 0.157622 0.0003
v 0.01125 0.157604 0.0003
v 0.01125 0.159375 0.0003
v 0.009375 0.159375 0.0003
v 0.00749083 0.159403 0.0003
v 0.013125 0.157604 0.0003
v 0.015 0.157604 0.0003
v 0.015 0.159375 0.0003
v 0.013125 0.159375 0.0003
v 0.013125 0.161146 0.0003
v 0.01125 0.161146 0.0003
v 0.015 0.161146 0.0003
v 0.015 0.162917 0.0003
v 0.013125 0.162917 0.0003
v 0.01125 0.162917 0.0003
v 0.009375 0.161146 0.0003
v 0.00755028 0.161167 0.0003
v 0.009375 0.162917 0.0003
v 0.00759438 0.162922 0.0003
v 0.016875 0.157604 0.0003
v 0.01875 0.157604 0.0003
v 0.01875 0.159375 0.0003
v 0.016875 0.159375 0.0003
v 0.020625 0.157604 0.0003
v 0.0225 0.157604 0.0003
v 0.0225 0.159375 0.0003
v 0.020625 0.159375 0.0003
v 0.020625 0.161146 0.0003
v 0.01875 0.161146 0.0003
v 0.0225 0.161146 0.0003
v 0.0225 0.162917 0.0003
v 0.020625 0.162917 0.0003
v 0.01875 0.162917 0.0003
v 0.016875 0.161146 0.0003
v 0.016875 0.162917 0.0003
v 0.024375 0.157604 0.0003
v 0.02625 0.157604 0.0003
v 0.02625 0.159375 0.0003
v 0.024375 0.159375 0.0003
v 0.028125 0.157604 0.0003
v 0.028125 0.159375 0.0003
v 0.028125 0.161146 0.0003
v 0.02625 0.161146 0.0003
v 0.028125 0.162917 0.0003
v 0.02625 0.162917 0.0003
v 0.024375 0.161146 0.0003
v 0.024375 0.162917 0.0003
v -0.028125 0.164687 0.0003
v -0.02625 0.164687 0.0003
v -0.0262353 0.166444 0.0003
v -0.0280664 0.166403 0.0003
v -0.024375 0.164687 0.0003
v -0.0225 0.164687 0.0003
v -0.0225 0.166458 0.0003
v -0.024375 0.166458 0.0003
v -0.024375 0.168229 0.0003
v -0.0261914 0.168174 0.0003
v -0.0225 0.168229 0.0003
v -0.0278906 0.168008 0.0003
v -0.020625 0.164687 0.0003
v -0.01875 0.164687 0.0003
v -0.01875 0.166458 0.0003
v -0.020625 0.166458 0.0003
v -0.016875 0.164687 0.0003
v -0.015 0.164687 0.0003
v -0.015 0.166458 0.0003
v -0.016875 0.166458 0.0003
v -0.016875 0.168229 0.0003
v -0.01875 0.168229 0.0003
v -0.015 0.168229 0.0003
v -0.020625 0.168229 0.0003
v -0.013125 0.164687 0.0003
v -0.01125 0.164687 0.0003
v -0.01125 0.166458 0.0003
v -0.013125 0.166458 0.0003
v -0.009375 0.164687 0.0003
v -0.00755657 0.164677 0.0003
v -0.00750026 0.16644 0.0003
v -0.009375 0.166458 0.0003
v -0.009375 0.168229 0.0003
v -0.01125 0.168229 0.0003
v -0.00748889 0.168216 0.0003
v -0.013125 0.168229 0.0003
v 0.009375 0.164687 0.0003
v 0.00755657 0.164677 0.0003
v 0.01125 0.164687 0.0003
v 0.01125 0.166458 0.0003
v 0.009375 0.166458 0.0003
v 0.00750026 0.16644 0.0003
v 0.013125 0.164687 0.0003
v 0.015 0.164687 0.0003
v 0.015 0.166458 0.0003
v 0.013125 0.166458 0.0003
v 0.013125 0.168229 0.0003
v 0.01125 0.168229 0.0003
v 0.015 0.168229 0.0003
v 0.009375 0.168229 0.0003
v 0.00748889 0.168216 0.0003
v 0.016875 0.164687 0.0003
v 0.01875 0.164687 0.0003
v 0.01875 0.166458 0.0003
v 0.016875 0.166458 0.0003
v 0.020625 0.164687 0.0003
v 0.0225 0.164687 0.0003
v 0.0225 0.166458 0.0003
v 0.020625 0.166458 0.0003
v 0.020625 0.168229 0.0003
v 0.01875 0.168229 0.0003
v 0.0225 0.168229 0.0003
v 0.016875 0.168229 0.0003
v 0.024375 0.164687 0.0003
v 0.02625 0.164687 0.0003
v 0.0262353 0.166444 0.0003
v 0.024375 0.166458 0.0003
v 0.028125 0.164687 0.0003
v 0.0280664 0.166403 0.0003
v 0.0278906 0.168008 0.0003
v 0.0261914 0.168174 0.0003
v 0.024375 0.168229 0.0003
v -0.00555543 0.157677 0.0003
v -0.00364564 0.157637 0.0003
v -0.00558832 0.159487 0.0003
v 0.00555543 0.157677 0.0003
v 0.00364564 0.157637 0.0003
v 0.00558832 0.159487 0.0003
v -0.00562604 0.166383 0.0003
v -0.00558058 0.168177 0.0003
v -0.00368337 0.168238 0.0003
v 0.00562604 0.166383 0.0003
v 0.00558058 0.168177 0.0003
v 0.00368337 0.168238 0.0003
v -0.00180543 0.157371 0.0003
v 0 0.157181 0.0003
v -0.00582611 0.161229 0.0003
v -0.00600253 0.162937 0.0003
v 0.00180543 0.157371 0.0003
v 0.00582611 0.161229 0.0003
v 0.00600253 0.162937 0.0003
v -0.00585126 0.164646 0.0003
v -0.00183058 0.168525 0.0003
v 0 0.168725 0.0003
v 0.00585126 0.164646 0.0003
v 0.00183058 0.168525 0.0003
v -0.0288281 0.00110677 5e-005
v -0.0287937 0.00114301 0
v -0.03 0.00708333 5e-005
v -0.02995 0.00708333 0
v -0.03 0.0141667 5e-005
v -0.02995 0.0141667 0
v -0.03 0.02125 5e-005
v -0.02995 0.02125 0
v -0.03 0.0283333 5e-005
v -0.02995 0.0283333 0
v -0.03 0.0354167 5e-005
v -0.02995 0.0354167 0
v -0.03 0.0425 5e-005
v -0.02995 0.0425 0
v -0.03 0.0495833 5e-005
v -0.02995 0.0495833 0
v -0.03 0.0566667 5e-005
v -0.02995 0.0566667 0
v -0.03 0.06375 5e-005
v -0.02995 0.06375 0
v -0.03 0.0708333 5e-005
v -0.02995 0.0708333 0
v -0.03 0.0779167 5e-005
v -0.02995 0.0779167 0
v -0.03 0.085 5e-005
v -0.02995 0.085 0
v -0.03 0.0920833 5e-005
v -0.02995 0.0920833 0
v -0.03 0.0991667 5e-005
v -0.02995 0.0991667 0
v -0.03 0.10625 5e-005
v -0.02995 0.10625 0
v -0.03 0.113333 5e-005
v -0.02995 0.113333 0
v -0.03 0.120417 5e-005
v -0.02995 0.120417 0
v -0.03 0.1275 5e-005
v -0.02995 0.1275 0
v -0.03 0.134583 5e-005
v -0.02995 0.134583 0
v -0.03 0.141667 5e-005
v -0.02995 0.141667 0
v -0.03 0.14875 5e-005
v -0.02995 0.14875 0
v -0.03 0.155833 5e-005
v -0.02995 0.155833 0
v -0.03 0.162917 5e-005
v -0.02995 0.162917 0
v -0.0288281 0.168893 5e-005
v -0.0287937 0.168857 0
v -0.0225 0.17 5e-005
v -0.0225 0.16995 0
v -0.015 0.17 5e-005
v -0.015 0.16995 0
v -0.0075 0.17 5e-005
v -0.00749969 0.16995 0
v 0 0.17 5e-005
v 0 0.16995 0
v 0.0075 0.17 5e-005
v 0.00749969 0.16995 0
v 0.015 0.17 5e-005
v 0.015 0.16995 0
v 0.0225 0.17 5e-005
v 0.0225 0.16995 0
v 0.0288281 0.168893 5e-005
v 0.0287937 0.168857 0
v 0.03 0.162917 5e-005
v 0.02995 0.162917 0
v 0.03 0.155833 5e-005
v 0.02995 0.155833 0
v 0.03 0.14875 5e-005
v 0.02995 0.14875 0
v 0.03 0.141667 5e-005
v 0.02995 0.141667 0
v 0.03 0.134583 5e-005
v 0.02995 0.134583 0
v 0.03 0.1275 5e-005
v 0.02995 0.1275 0
v 0.03 0.120417 5e-005
v 0.02995 0.120417 0
v 0.03 0.113333 5e-005
v 0.02995 0.113333 0
v 0.03 0.10625 5e-005
v 0.02995 0.10625 0
v 0.03 0.0991667 5e-005
v 0.02995 0.0991667 0
v 0.03 0.0920833 5e-005
v 0.02995 0.0920833 0
v 0.03 0.085 5e-005
v 0.02995 0.085 0
v 0.03 0.0779167 5e-005
v 0.02995 0.0779167 0
v 0.03 0.0708333 5e-005
v 0.02995 0.0708333 0
v 0.03 0.06375 5e-005
v 0.02995 0.06375 0
v 0.03 0.0566667 5e-005
v 0.02995 0.0566667 0
v 0.03 0.0495833 5e-005
v 0.02995 0.0495833 0
v 0.03 0.0425 5e-005
v 0.02995 0.0425 0
v 0.03 0.0354167 5e-005
v 0.02995 0.0354167 0
v 0.03 0.0283333 5e-005
v 0.02995 0.0283333 0
v 0.03 0.02125 5e-005
v 0.02995 0.02125 0
v 0.03 0.0141667 5e-005
v 0.02995 0.0141667 0
v 0.03 0.00708333 5e-005
v 0.02995 0.00708333 0
v 0.0288281 0.00110677 5e-005
v 0.0287937 0.00114301 0
v 0.0225 0 5e-005
v 0.0225 5e-005 0
v 0.015 0 5e-005
v 0.015 5e-005 0
v 0.0075 0 5e-005
v 0.0075 5e-005 0
v 0 0 5e-005
v 0 5e-005 0
v -0.0075 0 5e-005
v -0.0075 5e-005 0
v -0.015 0 5e-005
v -0.015 5e-005 0
v -0.0225 0 5e-005
v -0.0225 5e-005 0
v -0.0261328 0.000110677 5e-005
v -0.0261345 0.000160648 0
v -0.0298828 0.00365234 5e-005
v -0.0298328 0.00365082 0
v -0.01875 0 5e-005
v -0.01875 5e-005 0
v -0.01125 0 5e-005
v -0.01125 5e-005 0
v -0.00375 0 5e-005
v -0.00375 5e-005 0
v 0.00375 0 5e-005
v 0.00375 5e-005 0
v 0.01125 0 5e-005
v 0.01125 5e-005 0
v 0.01875 0 5e-005
v 0.01875 5e-005 0
v 0.0261328 0.000110677 5e-005
v 0.0261345 0.000160648 0
v 0.0298828 0.00365234 5e-005
v 0.0298328 0.00365082 0
v -0.03 0.010625 5e-005
v -0.02995 0.010625 0
v 0.03 0.010625 5e-005
v 0.02995 0.010625 0
v -0.03 0.0177083 5e-005
v -0.02995 0.0177083 0
v 0.03 0.0177083 5e-005
v 0.02995 0.0177083 0
v -0.03 0.0247917 5e-005
v -0.02995 0.0247917 0
v 0.03 0.0247917 5e-005
v 0.02995 0.0247917 0
v -0.03 0.031875 5e-005
v -0.02995 0.031875 0
v 0.03 0.031875 5e-005
v 0.02995 0.031875 0
v -0.03 0.0389583 5e-005
v -0.02995 0.0389583 0
v 0.03 0.0389583 5e-005
v 0.02995 0.0389583 0
v -0.03 0.0460417 5e-005
v -0.02995 0.0460417 0
v 0.03 0.0460417 5e-005
v 0.02995 0.0460417 0
v -0.03 0.053125 5e-005
v -0.02995 0.053125 0
v 0.03 0.053125 5e-005
v 0.02995 0.053125 0
v -0.03 0.0602083 5e-005
v -0.02995 0.0602083 0
v 0.03 0.0602083 5e-005
v 0.02995 0.0602083 0
v -0.03 0.0672917 5e-005
v -0.02995 0.0672917 0
v 0.03 0.0672917 5e-005
v 0.02995 0.0672917 0
v -0.03 0.074375 5e-005
v -0.02995 0.074375 0
v 0.03 0.074375 5e-005
v 0.02995 0.074375 0
v -0.03 0.0814583 5e-005
v -0.02995 0.0814583 0
v 0.03 0.0814583 5e-005
v 0.02995 0.0814583 0
v -0.03 0.0885417 5e-005
v -0.02995 0.0885417 0
v 0.03 0.0885417 5e-005
v 0.02995 0.0885417 0
v -0.03 0.095625 5e-005
v -0.02995 0.095625 0
v 0.03 0.095625 5e-005
v 0.02995 0.095625 0
v -0.03 0.102708 5e-005
v -0.02995 0.102708 0
v 0.03 0.102708 5e-005
v 0.02995 0.102708 0
v -0.03 0.109792 5e-005
v -0.02995 0.109792 0
v 0.03 0.109792 5e-005
v 0.02995 0.109792 0
v -0.03 0.116875 5e-005
v -0.02995 0.116875 0
v 0.03 0.116875 5e-005
v 0.02995 0.116875 0
v -0.03 0.123958 5e-005
v -0.02995 0.123958 0
v 0.03 0.123958 5e-005
v 0.02995 0.123958 0
v -0.03 0.131042 5e-005
v -0.02995 0.131042 0
v 0.03 0.131042 5e-005
v 0.02995 0.131042 0
v -0.03 0.138125 5e-005
v -0.02995 0.138125 0
v 0.03 0.138125 5e-005
v 0.02995 0.138125 0
v -0.03 0.145208 5e-005
v -0.02995 0.145208 0
v 0.03 0.145208 5e-005
v 0.02995 0.145208 0
v -0.03 0.152292 5e-005
v -0.02995 0.152292 0
v 0.03 0.152292 5e-005
v 0.02995 0.152292 0
v -0.03 0.159375 5e-005
v -0.02995 0.159375 0
v 0.03 0.159375 5e-005
v 0.02995 0.159375 0
v -0.0261328 0.169889 5e-005
v -0.0261345 0.169839 0
v -0.0298828 0.166348 5e-005
v -0.0298328 0.166349 0
v -0.01875 0.17 5e-005
v -0.01875 0.16995 0
v -0.01125 0.17 5e-005
v -0.01125 0.16995 0
v -0.00375 0.17 5e-005
v -0.00374811 0.16995 0
v 0.00375 0.17 5e-005
v 0.00374811 0.16995 0
v 0.01125 0.17 5e-005
v 0.01125 0.16995 0
v 0.01875 0.17 5e-005
v 0.01875 0.16995 0
v 0.0298828 0.166348 5e-005
v 0.0298328 0.166349 0
v 0.0261328 0.169889 5e-005
v 0.0261345 0.169839 0
v 0 0.158529 5e-005
v 0 0.158479 0
v 0 0.16745 5e-005
v 0 0.1675 0
v -0.00322187 0.159874 0
v -0.00320788 0.159888 5e-005
v 0.00322187 0.159874 0
v 0.00320788 0.159888 5e-005
v -0.00329778 0.166053 0
v -0.00328333 0.166039 5e-005
v -0.00450506 0.162958 5e-005
v -0.00455505 0.162958 0
v 0.00329778 0.166053 0
v 0.00328333 0.166039 5e-005
v 0.00450506 0.162958 5e-005
v 0.00455505 0.162958 0
v -0.0276562 0.000442708 5e-005
v -0.0276637 0.000492146 0
v -0.0295312 0.00221354 5e-005
v -0.0294817 0.00220686 0
v -0.024375 0 5e-005
v -0.024375 5e-005 0
v -0.03 0.0053125 5e-005
v -0.02995 0.0053125 0
v -0.020625 0 5e-005
v -0.020625 5e-005 0
v -0.016875 0 5e-005
v -0.016875 5e-005 0
v -0.013125 0 5e-005
v -0.013125 5e-005 0
v -0.009375 0 5e-005
v -0.009375 5e-005 0
v -0.005625 0 5e-005
v -0.005625 5e-005 0
v -0.001875 0 5e-005
v -0.001875 5e-005 0
v 0.001875 0 5e-005
v 0.001875 5e-005 0
v 0.005625 0 5e-005
v 0.005625 5e-005 0
v 0.009375 0 5e-005
v 0.009375 5e-005 0
v 0.013125 0 5e-005
v 0.013125 5e-005 0
v 0.016875 0 5e-005
v 0.016875 5e-005 0
v 0.020625 0 5e-005
v 0.020625 5e-005 0
v 0.024375 0 5e-005
v 0.024375 5e-005 0
v 0.0276562 0.000442708 5e-005
v 0.0276637 0.000492146 0
v 0.0295312 0.00221354 5e-005
v 0.0294817 0.00220686 0
v 0.03 0.0053125 5e-005
v 0.02995 0.0053125 0
v -0.03 0.00885417 5e-005
v -0.02995 0.00885417 0
v -0.03 0.0123958 5e-005
v -0.02995 0.0123958 0
v 0.03 0.00885417 5e-005
v 0.02995 0.00885417 0
v 0.03 0.0123958 5e-005
v 0.02995 0.0123958 0
v -0.03 0.0159375 5e-005
v -0.02995 0.0159375 0
v -0.03 0.0194792 5e-005
v -0.02995 0.0194792 0
v 0.03 0.0159375 5e-005
v 0.02995 0.0159375 0
v 0.03 0.0194792 5e-005
v 0.02995 0.0194792 0
v -0.03 0.0230208 5e-005
v -0.02995 0.0230208 0
v -0.03 0.0265625 5e-005
v -0.02995 0.0265625 0
v 0.03 0.0230208 5e-005
v 0.02995 0.0230208 0
v 0.03 0.0265625 5e-005
v 0.02995 0.0265625 0
v -0.03 0.0301042 5e-005
v -0.02995 0.0301042 0
v -0.03 0.0336458 5e-005
v -0.02995 0.0336458 0
v 0.03 0.0301042 5e-005
v 0.02995 0.0301042 0
v 0.03 0.0336458 5e-005
v 0.02995 0.0336458 0
v -0.03 0.0371875 5e-005
v -0.02995 0.0371875 0
v -0.03 0.0407292 5e-005
v -0.02995 0.0407292 0
v 0.03 0.0371875 5e-005
v 0.02995 0.0371875 0
v 0.03 0.0407292 5e-005
v 0.02995 0.0407292 0
v -0.03 0.0442708 5e-005
v -0.02995 0.0442708 0
v -0.03 0.0478125 5e-005
v -0.02995 0.0478125 0
v 0.03 0.0442708 5e-005
v 0.02995 0.0442708 0
v 0.03 0.0478125 5e-005
v 0.02995 0.0478125 0
v -0.03 0.0513542 5e-005
v -0.02995 0.0513542 0
v -0.03 0.0548958 5e-005
v -0.02995 0.0548958 0
v 0.03 0.0513542 5e-005
v 0.02995 0.0513542 0
v 0.03 0.0548958 5e-005
v 0.02995 0.0548958 0
v -0.03 0.0584375 5e-005
v -0.02995 0.0584375 0
v -0.03 0.0619792 5e-005
v -0.02995 0.0619792 0
v 0.03 0.0584375 5e-005
v 0.02995 0.0584375 0
v 0.03 0.0619792 5e-005
v 0.02995 0.0619792 0
v -0.03 0.0655208 5e-005
v -0.02995 0.0655208 0
v -0.03 0.0690625 5e-005
v -0.02995 0.0690625 0
v 0.03 0.0655208 5e-005
v 0.02995 0.0655208 0
v 0.03 0.0690625 5e-005
v 0.02995 0.0690625 0
v -0.03 0.0726042 5e-005
v -0.02995 0.0726042 0
v -0.03 0.0761458 5e-005
v -0.02995 0.0761458 0
v 0.03 0.0726042 5e-005
v 0.02995 0.0726042 0
v 0.03 0.0761458 5e-005
v 0.02995 0.0761458 0
v -0.03 0.0796875 5e-005
v -0.02995 0.0796875 0
v -0.03 0.0832292 5e-005
v -0.02995 0.0832292 0
v 0.03 0.0796875 5e-005
v 0.02995 0.0796875 0
v 0.03 0.0832292 5e-005
v 0.02995 0.0832292 0
v -0.03 0.0867708 5e-005
v -0.02995 0.0867708 0
v -0.03 0.0903125 5e-005
v -0.02995 0.0903125 0
v 0.03 0.0867708 5e-005
v 0.02995 0.0867708 0
v 0.03 0.0903125 5e-005
v 0.02995 0.0903125 0
v -0.03 0.0938542 5e-005
v -0.02995 0.0938542 0
v -0.03 0.0973958 5e-005
v -0.02995 0.0973958 0
v 0.03 0.0938542 5e-005
v 0.02995 0.0938542 0
v 0.03 0.0973958 5e-005
v 0.02995 0.0973958 0
v -0.03 0.100938 5e-005
v -0.02995 0.100938 0
v -0.03 0.104479 5e-005
v -0.02995 0.104479 0
v 0.03 0.100938 5e-005
v 0.02995 0.100938 0
v 0.03 0.104479 5e-005
v 0.02995 0.104479 0
v -0.03 0.108021 5e-005
v -0.02995 0.108021 0
v -0.03 0.111563 5e-005
v -0.02995 0.111563 0
v 0.03 0.108021 5e-005
v 0.02995 0.108021 0
v 0.03 0.111563 5e-005
v 0.02995 0.111563 0
v -0.03 0.115104 5e-005
v -0.02995 0.115104 0
v -0.03 0.118646 5e-005
v -0.02995 0.118646 0
v 0.03 0.115104 5e-005
v 0.02995 0.115104 0
v 0.03 0.118646 5e-005
v 0.02995 0.118646 0
v -0.03 0.122187 5e-005
v -0.02995 0.122187 0
v -0.03 0.125729 5e-005
v -0.02995 0.125729 0
v 0.03 0.122187 5e-005
v 0.02995 0.122187 0
v 0.03 0.125729 5e-005
v 0.02995 0.125729 0
v -0.03 0.129271 5e-005
v -0.02995 0.129271 0
v -0.03 0.132813 5e-005
v -0.02995 0.132813 0
v 0.03 0.129271 5e-005
v 0.02995 0.129271 0
v 0.03 0.132813 5e-005
v 0.02995 0.132813 0
v -0.03 0.136354 5e-005
v -0.02995 0.136354 0
v -0.03 0.139896 5e-005
v -0.02995 0.139896 0
v 0.03 0.136354 5e-005
v 0.02995 0.136354 0
v 0.03 0.139896 5e-005
v 0.02995 0.139896 0
v -0.03 0.143438 5e-005
v -0.02995 0.143438 0
v -0.03 0.146979 5e-005
v -0.02995 0.146979 0
v 0.03 0.143438 5e-005
v 0.02995 0.143438 0
v 0.03 0.146979 5e-005
v 0.02995 0.146979 0
v -0.03 0.150521 5e-005
v -0.02995 0.150521 0
v -0.03 0.154063 5e-005
v -0.02995 0.154063 0
v 0.03 0.150521 5e-005
v 0.02995 0.150521 0
v 0.03 0.154063 5e-005
v 0.02995 0.154063 0
v -0.03 0.157604 5e-005
v -0.02995 0.157604 0
v -0.03 0.161146 5e-005
v -0.02995 0.161146 0
v 0.03 0.157604 5e-005
v 0.02995 0.157604 0
v 0.03 0.161146 5e-005
v 0.02995 0.161146 0
v -0.03 0.164687 5e-005
v -0.02995 0.164687 0
v -0.024375 0.17 5e-005
v -0.024375 0.16995 0
v -0.0276562 0.169557 5e-005
v -0.0276637 0.169508 0
v -0.0295312 0.167786 5e-005
v -0.0294817 0.167793 0
v -0.016875 0.17 5e-005
v -0.016875 0.16995 0
v -0.020625 0.17 5e-005
v -0.020625 0.16995 0
v -0.009375 0.17 5e-005
v -0.009375 0.16995 0
v -0.013125 0.17 5e-005
v -0.013125 0.16995 0
v 0.013125 0.17 5e-005
v 0.013125 0.16995 0
v 0.009375 0.17 5e-005
v 0.009375 0.16995 0
v 0.020625 0.17 5e-005
v 0.020625 0.16995 0
v 0.016875 0.17 5e-005
v 0.016875 0.16995 0
v 0.03 0.164687 5e-005
v 0.02995 0.164687 0
v 0.0295312 0.167786 5e-005
v 0.0294817 0.167793 0
v 0.0276562 0.169557 5e-005
v 0.0276637 0.169508 0
v 0.024375 0.17 5e-005
v 0.024375 0.16995 0
v -0.005625 0.17 5e-005
v -0.00562378 0.16995 0
v 0.005625 0.17 5e-005
v 0.00562378 0.16995 0
v -0.00173586 0.158908 5e-005
v -0.00173812 0.158858 0
v -0.00415223 0.161312 5e-005
v -0.00420217 0.16131 0
v 0.00173586 0.158908 5e-005
v 0.00173812 0.158858 0
v 0.00415223 0.161312 5e-005
v 0.00420217 0.16131 0
v -0.00420253 0.164604 5e-005
v -0.00425251 0.164606 0
v -0.00178616 0.16705 5e-005
v -0.00178766 0.1671 0
v -0.001875 0.17 5e-005
v -0.00187349 0.16995 0
v 0.00420253 0.164604 5e-005
v 0.00425251 0.164606 0
v 0.001875 0.17 5e-005
v 0.00187349 0.16995 0
v 0.00178616 0.16705 5e-005
v 0.00178766 0.1671 0
v -0.0288281 0.00110677 0.00025
v -0.0287937 0.00114301 0.0003
v -0.0276637 0.000492146 0.0003
v -0.0276562 0.000442708 0.00025
v -0.0295312 0.00221354 0.00025
v -0.0294817 0.00220686 0.0003
v -0.0261345 0.000160648 0.0003
v -0.0261328 0.000110677 0.00025
v -0.0298828 0.00365234 0.00025
v -0.0298328 0.00365082 0.0003
v -0.024375 5e-005 0.0003
v -0.024375 0 0.00025
v -0.0225 5e-005 0.0003
v -0.0225 0 0.00025
v -0.03 0.0053125 0.00025
v -0.02995 0.0053125 0.0003
v -0.03 0.00708333 0.00025
v -0.02995 0.00708333 0.0003
v -0.020625 5e-005 0.0003
v -0.020625 0 0.00025
v -0.01875 5e-005 0.0003
v -0.01875 0 0.00025
v -0.016875 5e-005 0.0003
v -0.016875 0 0.00025
v -0.015 5e-005 0.0003
v -0.015 0 0.00025
v -0.013125 5e-005 0.0003
v -0.013125 0 0.00025
v -0.01125 5e-005 0.0003
v -0.01125 0 0.00025
v -0.009375 5e-005 0.0003
v -0.009375 0 0.00025
v -0.0075 5e-005 0.0003
v -0.0075 0 0.00025
v -0.005625 5e-005 0.0003
v -0.005625 0 0.00025
v -0.00375 5e-005 0.0003
v -0.00375 0 0.00025
v -0.001875 5e-005 0.0003
v -0.001875 0 0.00025
v 0 5e-005 0.0003
v 0 0 0.00025
v 0.001875 5e-005 0.0003
v 0.001875 0 0.00025
v 0.00375 5e-005 0.0003
v 0.00375 0 0.00025
v 0.005625 5e-005 0.0003
v 0.005625 0 0.00025
v 0.0075 5e-005 0.0003
v 0.0075 0 0.00025
v 0.009375 5e-005 0.0003
v 0.009375 0 0.00025
v 0.01125 5e-005 0.0003
v 0.01125 0 0.00025
v 0.013125 5e-005 0.0003
v 0.013125 0 0.00025
v 0.015 5e-005 0.0003
v 0.015 0 0.00025
v 0.016875 5e-005 0.0003
v 0.016875 0 0.00025
v 0.01875 5e-005 0.0003
v 0.01875 0 0.00025
v 0.020625 5e-005 0.0003
v 0.020625 0 0.00025
v 0.0225 5e-005 0.0003
v 0.0225 0 0.00025
v 0.024375 5e-005 0.0003
v 0.024375 0 0.00025
v 0.0261345 0.000160648 0.0003
v 0.0261328 0.000110677 0.00025
v 0.0276637 0.000492146 0.0003
v 0.0276562 0.000442708 0.00025
v 0.0288281 0.00110677 0.00025
v 0.0287937 0.00114301 0.0003
v 0.0294817 0.00220686 0.0003
v 0.0295312 0.00221354 0.00025
v 0.0298328 0.00365082 0.0003
v 0.0298828 0.00365234 0.00025
v 0.02995 0.0053125 0.0003
v 0.03 0.0053125 0.00025
v 0.02995 0.00708333 0.0003
v 0.03 0.00708333 0.00025
v -0.03 0.00885417 0.00025
v -0.02995 0.00885417 0.0003
v -0.03 0.010625 0.00025
v -0.02995 0.010625 0.0003
v -0.03 0.0123958 0.00025
v -0.02995 0.0123958 0.0003
v -0.03 0.0141667 0.00025
v -0.02995 0.0141667 0.0003
v 0.02995 0.00885417 0.0003
v 0.03 0.00885417 0.00025
v 0.02995 0.010625 0.0003
v 0.03 0.010625 0.00025
v 0.02995 0.0123958 0.0003
v 0.03 0.0123958 0.00025
v 0.02995 0.0141667 0.0003
v 0.03 0.0141667 0.00025
v -0.03 0.0159375 0.00025
v -0.02995 0.0159375 0.0003
v -0.03 0.0177083 0.00025
v -0.02995 0.0177083 0.0003
v -0.03 0.0194792 0.00025
v -0.02995 0.0194792 0.0003
v -0.03 0.02125 0.00025
v -0.02995 0.02125 0.0003
v 0.02995 0.0159375 0.0003
v 0.03 0.0159375 0.00025
v 0.02995 0.0177083 0.0003
v 0.03 0.0177083 0.00025
v 0.02995 0.0194792 0.0003
v 0.03 0.0194792 0.00025
v 0.02995 0.02125 0.0003
v 0.03 0.02125 0.00025
v -0.03 0.0230208 0.00025
v -0.02995 0.0230208 0.0003
v -0.03 0.0247917 0.00025
v -0.02995 0.0247917 0.0003
v -0.03 0.0265625 0.00025
v -0.02995 0.0265625 0.0003
v -0.03 0.0283333 0.00025
v -0.02995 0.0283333 0.0003
v 0.02995 0.0230208 0.0003
v 0.03 0.0230208 0.00025
v 0.02995 0.0247917 0.0003
v 0.03 0.0247917 0.00025
v 0.02995 0.0265625 0.0003
v 0.03 0.0265625 0.00025
v 0.02995 0.0283333 0.0003
v 0.03 0.0283333 0.00025
v -0.03 0.0301042 0.00025
v -0.02995 0.0301042 0.0003
v -0.03 0.031875 0.00025
v -0.02995 0.031875 0.0003
v -0.03 0.0336458 0.00025
v -0.02995 0.0336458 0.0003
v -0.03 0.0354167 0.00025
v -0.02995 0.0354167 0.0003
v 0.02995 0.0301042 0.0003
v 0.03 0.0301042 0.00025
v 0.02995 0.031875 0.0003
v 0.03 0.031875 0.00025
v 0.02995 0.0336458 0.0003
v 0.03 0.0336458 0.00025
v 0.02995 0.0354167 0.0003
v 0.03 0.0354167 0.00025
v -0.03 0.0371875 0.00025
v -0.02995 0.0371875 0.0003
v -0.03 0.0389583 0.00025
v -0.02995 0.0389583 0.0003
v -0.03 0.0407292 0.00025
v -0.02995 0.0407292 0.0003
v -0.03 0.0425 0.00025
v -0.02995 0.0425 0.0003
v 0.02995 0.0371875 0.0003
v 0.03 0.0371875 0.00025
v 0.02995 0.0389583 0.0003
v 0.03 0.0389583 0.00025
v 0.02995 0.0407292 0.0003
v 0.03 0.0407292 0.00025
v 0.02995 0.0425 0.0003
v 0.03 0.0425 0.00025
v -0.03 0.0442708 0.00025
v -0.02995 0.0442708 0.0003
v -0.03 0.0460417 0.00025
v -0.02995 0.0460417 0.0003
v -0.03 0.0478125 0.00025
v -0.02995 0.0478125 0.0003
v -0.03 0.0495833 0.00025
v -0.02995 0.0495833 0.0003
v 0.02995 0.0442708 0.0003
v 0.03 0.0442708 0.00025
v 0.02995 0.0460417 0.0003
v 0.03 0.0460417 0.00025
v 0.02995 0.0478125 0.0003
v 0.03 0.0478125 0.00025
v 0.02995 0.0495833 0.0003
v 0.03 0.0495833 0.00025
v -0.03 0.0513542 0.00025
v -0.02995 0.0513542 0.0003
v -0.03 0.053125 0.00025
v -0.02995 0.053125 0.0003
v -0.03 0.0548958 0.00025
v -0.02995 0.0548958 0.0003
v -0.03 0.0566667 0.00025
v -0.02995 0.0566667 0.0003
v 0.02995 0.0513542 0.0003
v 0.03 0.0513542 0.00025
v 0.02995 0.053125 0.0003
v 0.03 0.053125 0.00025
v 0.02995 0.0548958 0.0003
v 0.03 0.0548958 0.00025
v 0.02995 0.0566667 0.0003
v 0.03 0.0566667 0.00025
v -0.03 0.0584375 0.00025
v -0.02995 0.0584375 0.0003
v -0.03 0.0602083 0.00025
v -0.02995 0.0602083 0.0003
v -0.03 0.0619792 0.00025
v -0.02995 0.0619792 0.0003
v -0.03 0.06375 0.00025
v -0.02995 0.06375 0.0003
v 0.02995 0.0584375 0.0003
v 0.03 0.0584375 0.00025
v 0.02995 0.0602083 0.0003
v 0.03 0.0602083 0.00025
v 0.02995 0.0619792 0.0003
v 0.03 0.0619792 0.00025
v 0.02995 0.06375 0.0003
v 0.03 0.06375 0.00025
v -0.03 0.0655208 0.00025
v -0.02995 0.0655208 0.0003
v -0.03 0.0672917 0.00025
v -0.02995 0.0672917 0.0003
v -0.03 0.0690625 0.00025
v -0.02995 0.0690625 0.0003
v -0.03 0.0708333 0.00025
v -0.02995 0.0708333 0.0003
v 0.02995 0.0655208 0.0003
v 0.03 0.0655208 0.00025
v 0.02995 0.0672917 0.0003
v 0.03 0.0672917 0.00025
v 0.02995 0.0690625 0.0003
v 0.03 0.0690625 0.00025
v 0.02995 0.0708333 0.0003
v 0.03 0.0708333 0.00025
v -0.03 0.0726042 0.00025
v -0.02995 0.0726042 0.0003
v -0.03 0.074375 0.00025
v -0.02995 0.074375 0.0003
v -0.03 0.0761458 0.00025
v -0.02995 0.0761458 0.0003
v -0.03 0.0779167 0.00025
v -0.02995 0.0779167 0.0003
v 0.02995 0.0726042 0.0003
v 0.03 0.0726042 0.00025
v 0.02995 0.074375 0.0003
v 0.03 0.074375 0.00025
v 0.02995 0.0761458 0.0003
v 0.03 0.0761458 0.00025
v 0.02995 0.0779167 0.0003
v 0.03 0.0779167 0.00025
v -0.03 0.0796875 0.00025
v -0.02995 0.0796875 0.0003
v -0.03 0.0814583 0.00025
v -0.02995 0.0814583 0.0003
v -0.03 0.0832292 0.00025
v -0.02995 0.0832292 0.0003
v -0.03 0.085 0.00025
v -0.02995 0.085 0.0003
v 0.02995 0.0796875 0.0003
v 0.03 0.0796875 0.00025
v 0.02995 0.0814583 0.0003
v 0.03 0.0814583 0.00025
v 0.02995 0.0832292 0.0003
v 0.03 0.0832292 0.00025
v 0.02995 0.085 0.0003
v 0.03 0.085 0.00025
v -0.03 0.0867708 0.00025
v -0.02995 0.0867708 0.0003
v -0.03 0.0885417 0.00025
v -0.02995 0.0885417 0.0003
v -0.03 0.0903125 0.00025
v -0.02995 0.0903125 0.0003
v -0.03 0.0920833 0.00025
v -0.02995 0.0920833 0.0003
v 0.02995 0.0867708 0.0003
v 0.03 0.0867708 0.00025
v 0.02995 0.0885417 0.0003
v 0.03 0.0885417 0.00025
v 0.02995 0.0903125 0.0003
v 0.03 0.0903125 0.00025
v 0.02995 0.0920833 0.0003
v 0.03 0.0920833 0.00025
v -0.03 0.0938542 0.00025
v -0.02995 0.0938542 0.0003
v -0.03 0.095625 0.00025
v -0.02995 0.095625 0.0003
v -0.03 0.0973958 0.00025
v -0.02995 0.0973958 0.0003
v -0.03 0.0991667 0.00025
v -0.02995 0.0991667 0.0003
v 0.02995 0.0938542 0.0003
v 0.03 0.0938542 0.00025
v 0.02995 0.095625 0.0003
v 0.03 0.095625 0.00025
v 0.02995 0.0973958 0.0003
v 0.03 0.0973958 0.00025
v 0.02995 0.0991667 0.0003
v 0.03 0.0991667 0.00025
v -0.03 0.100938 0.00025
v -0.02995 0.100938 0.0003
v -0.03 0.102708 0.00025
v -0.02995 0.102708 0.0003
v -0.03 0.104479 0.00025
v -0.02995 0.104479 0.0003
v -0.03 0.10625 0.00025
v -0.02995 0.10625 0.0003
v 0.02995 0.100938 0.0003
v 0.03 0.100938 0.00025
v 0.02995 0.102708 0.0003
v 0.03 0.102708 0.00025
v 0.02995 0.104479 0.0003
v 0.03 0.104479 0.00025
v 0.02995 0.10625 0.0003
v 0.03 0.10625 0.00025
v -0.03 0.108021 0.00025
v -0.02995 0.108021 0.0003
v -0.03 0.109792 0.00025
v -0.02995 0.109792 0.0003
v -0.03 0.111563 0.00025
v -0.02995 0.111563 0.0003
v -0.03 0.113333 0.00025
v -0.02995 0.113333 0.0003
v 0.02995 0.108021 0.0003
v 0.03 0.108021 0.00025
v 0.02995 0.109792 0.0003
v 0.03 0.109792 0.00025
v 0.02995 0.111563 0.0003
v 0.03 0.111563 0.00025
v 0.02995 0.113333 0.0003
v 0.03 0.113333 0.00025
v -0.03 0.115104 0.00025
v -0.02995 0.115104 0.0003
v -0.03 0.116875 0.00025
v -0.02995 0.116875 0.0003
v -0.03 0.118646 0.00025
v -0.02995 0.118646 0.0003
v -0.03 0.120417 0.00025
v -0.02995 0.120417 0.0003
v 0.02995 0.115104 0.0003
v 0.03 0.115104 0.00025
v 0.02995 0.116875 0.0003
v 0.03 0.116875 0.00025
v 0.02995 0.118646 0.0003
v 0.03 0.118646 0.00025
v 0.02995 0.120417 0.0003
v 0.03 0.120417 0.00025
v -0.03 0.122187 0.00025
v -0.02995 0.122187 0.0003
v -0.03 0.123958 0.00025
v -0.02995 0.123958 0.0003
v -0.03 0.125729 0.00025
v -0.02995 0.125729 0.0003
v -0.03 0.1275 0.00025
v -0.02995 0.1275 0.0003
v 0.02995 0.122187 0.0003
v 0.03 0.122187 0.00025
v 0.02995 0.123958 0.0003
v 0.03 0.123958 0.00025
v 0.02995 0.125729 0.0003
v 0.03 0.125729 0.00025
v 0.02995 0.1275 0.0003
v 0.03 0.1275 0.00025
v -0.03 0.129271 0.00025
v -0.02995 0.129271 0.0003
v -0.03 0.131042 0.00025
v -0.02995 0.131042 0.0003
v -0.03 0.132813 0.00025
v -0.02995 0.132813 0.0003
v -0.03 0.134583 0.00025
v -0.02995 0.134583 0.0003
v 0.02995 0.129271 0.0003
v 0.03 0.129271 0.00025
v 0.02995 0.131042 0.0003
v 0.03 0.131042 0.00025
v 0.02995 0.132813 0.0003
v 0.03 0.132813 0.00025
v 0.02995 0.134583 0.0003
v 0.03 0.134583 0.00025
v -0.03 0.136354 0.00025
v -0.02995 0.136354 0.0003
v -0.03 0.138125 0.00025
v -0.02995 0.138125 0.0003
v -0.03 0.139896 0.00025
v -0.02995 0.139896 0.0003
v -0.03 0.141667 0.00025
v -0.02995 0.141667 0.0003
v 0.02995 0.136354 0.0003
v 0.03 0.136354 0.00025
v 0.02995 0.138125 0.0003
v 0.03 0.138125 0.00025
v 0.02995 0.139896 0.0003
v 0.03 0.139896 0.00025
v 0.02995 0.141667 0.0003
v 0.03 0.141667 0.00025
v -0.03 0.143438 0.00025
v -0.02995 0.143438 0.0003
v -0.03 0.145208 0.00025
v -0.02995 0.145208 0.0003
v -0.03 0.146979 0.00025
v -0.02995 0.146979 0.0003
v -0.03 0.14875 0.00025
v -0.02995 0.14875 0.0003
v 0.02995 0.143438 0.0003
v 0.03 0.143438 0.00025
v 0.02995 0.145208 0.0003
v 0.03 0.145208 0.00025
v 0.02995 0.146979 0.0003
v 0.03 0.146979 0.00025
v 0.02995 0.14875 0.0003
v 0.03 0.14875 0.00025
v -0.03 0.150521 0.00025
v -0.02995 0.150521 0.0003
v -0.03 0.152292 0.00025
v -0.02995 0.152292 0.0003
v -0.03 0.154063 0.00025
v -0.02995 0.154063 0.0003
v -0.03 0.155833 0.00025
v -0.02995 0.155833 0.0003
v 0.02995 0.150521 0.0003
v 0.03 0.150521 0.00025
v 0.02995 0.152292 0.0003
v 0.03 0.152292 0.00025
v 0.02995 0.154063 0.0003
v 0.03 0.154063 0.00025
v 0.02995 0.155833 0.0003
v 0.03 0.155833 0.00025
v -0.03 0.157604 0.00025
v -0.02995 0.157604 0.0003
v -0.03 0.159375 0.00025
v -0.02995 0.159375 0.0003
v -0.03 0.161146 0.00025
v -0.02995 0.161146 0.0003
v -0.03 0.162917 0.00025
v -0.02995 0.162917 0.0003
v 0.02995 0.157604 0.0003
v 0.03 0.157604 0.00025
v 0.02995 0.159375 0.0003
v 0.03 0.159375 0.00025
v 0.02995 0.161146 0.0003
v 0.03 0.161146 0.00025
v 0.02995 0.162917 0.0003
v 0.03 0.162917 0.00025
v -0.03 0.164687 0.00025
v -0.02995 0.164687 0.0003
v -0.0298828 0.166348 0.00025
v -0.0298328 0.166349 0.0003
v -0.0225 0.16995 0.0003
v -0.0225 0.17 0.00025
v -0.024375 0.16995 0.0003
v -0.024375 0.17 0.00025
v -0.0261345 0.169839 0.0003
v -0.0261328 0.169889 0.00025
v -0.0295312 0.167786 0.00025
v -0.0294817 0.167793 0.0003
v -0.0276637 0.169508 0.0003
v -0.0276562 0.169557 0.00025
v -0.0288281 0.168893 0.00025
v -0.0287937 0.168857 0.0003
v -0.015 0.16995 0.0003
v -0.015 0.17 0.00025
v -0.016875 0.16995 0.0003
v -0.016875 0.17 0.00025
v -0.01875 0.16995 0.0003
v -0.01875 0.17 0.00025
v -0.020625 0.16995 0.0003
v -0.020625 0.17 0.00025
v -0.00749969 0.16995 0.0003
v -0.0075 0.17 0.00025
v -0.009375 0.16995 0.0003
v -0.009375 0.17 0.00025
v -0.01125 0.16995 0.0003
v -0.01125 0.17 0.00025
v -0.013125 0.16995 0.0003
v -0.013125 0.17 0.00025
v 0.015 0.16995 0.0003
v 0.015 0.17 0.00025
v 0.013125 0.16995 0.0003
v 0.013125 0.17 0.00025
v 0.01125 0.16995 0.0003
v 0.01125 0.17 0.00025
v 0.009375 0.16995 0.0003
v 0.009375 0.17 0.00025
v 0.00749969 0.16995 0.0003
v 0.0075 0.17 0.00025
v 0.0225 0.16995 0.0003
v 0.0225 0.17 0.00025
v 0.020625 0.16995 0.0003
v 0.020625 0.17 0.00025
v 0.01875 0.16995 0.0003
v 0.01875 0.17 0.00025
v 0.016875 0.16995 0.0003
v 0.016875 0.17 0.00025
v 0.02995 0.164687 0.0003
v 0.03 0.164687 0.00025
v 0.0298328 0.166349 0.0003
v 0.0298828 0.166348 0.00025
v 0.0294817 0.167793 0.0003
v 0.0295312 0.167786 0.00025
v 0.0288281 0.168893 0.00025
v 0.0287937 0.168857 0.0003
v 0.0276637 0.169508 0.0003
v 0.0276562 0.169557 0.00025
v 0.0261345 0.169839 0.0003
v 0.0261328 0.169889 0.00025
v 0.024375 0.16995 0.0003
v 0.024375 0.17 0.00025
v -0.00322187 0.159874 0.0003
v -0.00320788 0.159888 0.00025
v 0.00322187 0.159874 0.0003
v 0.00320788 0.159888 0.00025
v -0.00329778 0.166053 0.0003
v -0.00328333 0.166039 0.00025
v -0.00375 0.17 0.00025
v -0.00374811 0.16995 0.0003
v -0.00562378 0.16995 0.0003
v -0.005625 0.17 0.00025
v 0.00329778 0.166053 0.0003
v 0.00328333 0.166039 0.00025
v 0.00562378 0.16995 0.0003
v 0.005625 0.17 0.00025
v 0.00374811 0.16995 0.0003
v 0.00375 0.17 0.00025
v 0 0.158529 0.00025
v 0 0.158479 0.0003
v -0.00173812 0.158858 0.0003
v -0.00173586 0.158908 0.00025
v -0.00420217 0.16131 0.0003
v -0.00415223 0.161312 0.00025
v -0.00455505 0.162958 0.0003
v -0.00450506 0.162958 0.00025
v 0.00173812 0.158858 0.0003
v 0.00173586 0.158908 0.00025
v 0.00450506 0.162958 0.00025
v 0.00455505 0.162958 0.0003
v 0.00420217 0.16131 0.0003
v 0.00415223 0.161312 0.00025
v -0.00425251 0.164606 0.0003
v -0.00420253 0.164604 0.00025
v -0.001875 0.17 0.00025
v -0.00187349 0.16995 0.0003
v -0.00178766 0.1671 0.0003
v -0.00178616 0.16705 0.00025
v 0 0.1675 0.0003
v 0 0.16745 0.00025
v 0 0.17 0.00025
v 0 0.16995 0.0003
v 0.00425251 0.164606 0.0003
v 0.00420253 0.164604 0.00025
v 0.00187349 0.16995 0.0003
v 0.001875 0.17 0.00025
v 0.00178766 0.1671 0.0003
v 0.00178616 0.16705 0.00025
v 0.00328342 0.166044 0.000284009
v 0.0017866 0.167065 0.000285355
v 0 0.167465 0.000285355
v 0 0.169985 0.000285355
v 0.00187456 0.169985 0.000285355
v 0.00374945 0.169985 0.000285355
v 0.0045197 0.162958 0.000285355
v 0.00421717 0.164605 0.000285355
v -0.00187456 0.169985 0.000285355
v -0.0017866 0.167065 0.000285355
v -0.00328342 0.166044 0.000284009
v -0.00374945 0.169985 0.000285355
v -0.00421717 0.164605 0.000285355
v -0.0045197 0.162958 0.000285355
v 0.0032128 0.159888 0.000283981
v 0.00416686 0.161312 0.000285355
v 0 0.158514 0.000285355
v 0.00173652 0.158893 0.000285355
v -0.00416686 0.161312 0.000285355
v -0.0032128 0.159888 0.000283981
v -0.00173652 0.158893 0.000285355
v 0.00562464 0.169985 0.000285355
v 0.00749991 0.169985 0.000285355
v -0.00749991 0.169985 0.000285355
v -0.00562464 0.169985 0.000285355
v 0.0225 0.169985 0.000285355
v 0.024375 0.169985 0.000285355
v 0.0261333 0.169875 0.000285355
v 0.0276584 0.169543 0.000285355
v 0.0295167 0.167788 0.000285355
v 0.028818 0.168883 0.000285355
v 0.0298682 0.166348 0.000285355
v 0.0299854 0.164687 0.000285355
v 0.0299854 0.162917 0.000285355
v 0.015 0.169985 0.000285355
v 0.016875 0.169985 0.000285355
v 0.01875 0.169985 0.000285355
v 0.020625 0.169985 0.000285355
v 0.009375 0.169985 0.000285355
v 0.01125 0.169985 0.000285355
v 0.013125 0.169985 0.000285355
v -0.015 0.169985 0.000285355
v -0.013125 0.169985 0.000285355
v -0.01125 0.169985 0.000285355
v -0.009375 0.169985 0.000285355
v -0.0225 0.169985 0.000285355
v -0.020625 0.169985 0.000285355
v -0.01875 0.169985 0.000285355
v -0.016875 0.169985 0.000285355
v -0.0276584 0.169543 0.000285355
v -0.028818 0.168883 0.000285355
v -0.0295167 0.167788 0.000285355
v -0.0261333 0.169875 0.000285355
v -0.0298682 0.166348 0.000285355
v -0.024375 0.169985 0.000285355
v -0.0299854 0.164687 0.000285355
v -0.0299854 0.162917 0.000285355
v 0.0299854 0.161146 0.000285355
v 0.0299854 0.159375 0.000285355
v 0.0299854 0.157604 0.000285355
v 0.0299854 0.155833 0.000285355
v -0.0299854 0.161146 0.000285355
v -0.0299854 0.159375 0.000285355
v -0.0299854 0.157604 0.000285355
v -0.0299854 0.155833 0.000285355
v 0.0299854 0.154063 0.000285355
v 0.0299854 0.152292 0.000285355
v 0.0299854 0.150521 0.000285355
v 0.0299854 0.14875 0.000285355
v -0.0299854 0.154063 0.000285355
v -0.0299854 0.152292 0.000285355
v -0.0299854 0.150521 0.000285355
v -0.0299854 0.14875 0.000285355
v 0.0299854 0.146979 0.000285355
v 0.0299854 0.145208 0.000285355
v 0.0299854 0.143438 0.000285355
v 0.0299854 0.141667 0.000285355
v -0.0299854 0.146979 0.000285355
v -0.0299854 0.145208 0.000285355
v -0.0299854 0.143438 0.000285355
v -0.0299854 0.141667 0.000285355
v 0.0299854 0.139896 0.000285355
v 0.0299854 0.138125 0.000285355
v 0.0299854 0.136354 0.000285355
v 0.0299854 0.134583 0.000285355
v -0.0299854 0.139896 0.000285355
v -0.0299854 0.138125 0.000285355
v -0.0299854 0.136354 0.000285355
v -0.0299854 0.134583 0.000285355
v 0.0299854 0.132813 0.000285355
v 0.0299854 0.131042 0.000285355
v 0.0299854 0.129271 0.000285355
v 0.0299854 0.1275 0.000285355
v -0.0299854 0.132813 0.000285355
v -0.0299854 0.131042 0.000285355
v -0.0299854 0.129271 0.000285355
v -0.0299854 0.1275 0.000285355
v 0.0299854 0.125729 0.000285355
v 0.0299854 0.123958 0.000285355
v 0.0299854 0.122187 0.000285355
v 0.0299854 0.120417 0.000285355
v -0.0299854 0.125729 0.000285355
v -0.0299854 0.123958 0.000285355
v -0.0299854 0.122187 0.000285355
v -0.0299854 0.120417 0.000285355
v 0.0299854 0.118646 0.000285355
v 0.0299854 0.116875 0.000285355
v 0.0299854 0.115104 0.000285355
v 0.0299854 0.113333 0.000285355
v -0.0299854 0.118646 0.000285355
v -0.0299854 0.116875 0.000285355
v -0.0299854 0.115104 0.000285355
v -0.0299854 0.113333 0.000285355
v 0.0299854 0.111563 0.000285355
v 0.0299854 0.109792 0.000285355
v 0.0299854 0.108021 0.000285355
v 0.0299854 0.10625 0.000285355
v -0.0299854 0.111563 0.000285355
v -0.0299854 0.109792 0.000285355
v -0.0299854 0.108021 0.000285355
v -0.0299854 0.10625 0.000285355
v 0.0299854 0.104479 0.000285355
v 0.0299854 0.102708 0.000285355
v 0.0299854 0.100938 0.000285355
v 0.0299854 0.0991667 0.000285355
v -0.0299854 0.104479 0.000285355
v -0.0299854 0.102708 0.000285355
v -0.0299854 0.100938 0.000285355
v -0.0299854 0.0991667 0.000285355
v 0.0299854 0.0973958 0.000285355
v 0.0299854 0.095625 0.000285355
v 0.0299854 0.0938542 0.000285355
v 0.0299854 0.0920833 0.000285355
v -0.0299854 0.0973958 0.000285355
v -0.0299854 0.095625 0.000285355
v -0.0299854 0.0938542 0.000285355
v -0.0299854 0.0920833 0.000285355
v 0.0299854 0.0903125 0.000285355
v 0.0299854 0.0885417 0.000285355
v 0.0299854 0.0867708 0.000285355
v 0.0299854 0.085 0.000285355
v -0.0299854 0.0903125 0.000285355
v -0.0299854 0.0885417 0.000285355
v -0.0299854 0.0867708 0.000285355
v -0.0299854 0.085 0.000285355
v 0.0299854 0.0832292 0.000285355
v 0.0299854 0.0814583 0.000285355
v 0.0299854 0.0796875 0.000285355
v 0.0299854 0.0779167 0.000285355
v -0.0299854 0.0832292 0.000285355
v -0.0299854 0.0814583 0.000285355
v -0.0299854 0.0796875 0.000285355
v -0.0299854 0.0779167 0.000285355
v 0.0299854 0.0761458 0.000285355
v 0.0299854 0.074375 0.000285355
v 0.0299854 0.0726042 0.000285355
v 0.0299854 0.0708333 0.000285355
v -0.0299854 0.0761458 0.000285355
v -0.0299854 0.074375 0.000285355
v -0.0299854 0.0726042 0.000285355
v -0.0299854 0.0708333 0.000285355
v 0.0299854 0.0690625 0.000285355
v 0.0299854 0.0672917 0.000285355
v 0.0299854 0.0655208 0.000285355
v 0.0299854 0.06375 0.000285355
v -0.0299854 0.0690625 0.000285355
v -0.0299854 0.0672917 0.000285355
v -0.0299854 0.0655208 0.000285355
v -0.0299854 0.06375 0.000285355
v 0.0299854 0.0619792 0.000285355
v 0.0299854 0.0602083 0.000285355
v 0.0299854 0.0584375 0.000285355
v 0.0299854 0.0566667 0.000285355
v -0.0299854 0.0619792 0.000285355
v -0.0299854 0.0602083 0.000285355
v -0.0299854 0.0584375 0.000285355
v -0.0299854 0.0566667 0.000285355
v 0.0299854 0.0548958 0.000285355
v 0.0299854 0.053125 0.000285355
v 0.0299854 0.0513542 0.000285355
v 0.0299854 0.0495833 0.000285355
v -0.0299854 0.0548958 0.000285355
v -0.0299854 0.053125 0.000285355
v -0.0299854 0.0513542 0.000285355
v -0.0299854 0.0495833 0.000285355
v 0.0299854 0.0478125 0.000285355
v 0.0299854 0.0460417 0.000285355
v 0.0299854 0.0442708 0.000285355
v 0.0299854 0.0425 0.000285355
v -0.0299854 0.0478125 0.000285355
v -0.0299854 0.0460417 0.000285355
v -0.0299854 0.0442708 0.000285355
v -0.0299854 0.0425 0.000285355
v 0.0299854 0.0407292 0.000285355
v 0.0299854 0.0389583 0.000285355
v 0.0299854 0.0371875 0.000285355
v 0.0299854 0.0354167 0.000285355
v -0.0299854 0.0407292 0.000285355
v -0.0299854 0.0389583 0.000285355
v -0.0299854 0.0371875 0.000285355
v -0.0299854 0.0354167 0.000285355
v 0.0299854 0.0336458 0.000285355
v 0.0299854 0.031875 0.000285355
v 0.0299854 0.0301042 0.000285355
v 0.0299854 0.0283333 0.000285355
v -0.0299854 0.0336458 0.000285355
v -0.0299854 0.031875 0.000285355
v -0.0299854 0.0301042 0.000285355
v -0.0299854 0.0283333 0.000285355
v 0.0299854 0.0265625 0.000285355
v 0.0299854 0.0247917 0.000285355
v 0.0299854 0.0230208 0.000285355
v 0.0299854 0.02125 0.000285355
v -0.0299854 0.0265625 0.000285355
v -0.0299854 0.0247917 0.000285355
v -0.0299854 0.0230208 0.000285355
v -0.0299854 0.02125 0.000285355
v 0.0299854 0.0194792 0.000285355
v 0.0299854 0.0177083 0.000285355
v 0.0299854 0.0159375 0.000285355
v 0.0299854 0.0141667 0.000285355
v -0.0299854 0.0194792 0.000285355
v -0.0299854 0.0177083 0.000285355
v -0.0299854 0.0159375 0.000285355
v -0.0299854 0.0141667 0.000285355
v 0.0299854 0.0123958 0.000285355
v 0.0299854 0.010625 0.000285355
v 0.0299854 0.00885417 0.000285355
v 0.0299854 0.00708333 0.000285355
v -0.0299854 0.0123958 0.000285355
v -0.0299854 0.010625 0.000285355
v -0.0299854 0.00885417 0.000285355
v -0.0299854 0.00708333 0.000285355
v 0.0299854 0.0053125 0.000285355
v 0.0298682 0.0036519 0.000285355
v 0.0295167 0.00221158 0.000285355
v 0.0276584 0.000457188 0.000285355
v 0.028818 0.00111738 0.000285355
v 0.0261333 0.000125313 0.000285355
v 0.024375 1.46447e-005 0.000285355
v 0.0225 1.46447e-005 0.000285355
v 0.020625 1.46447e-005 0.000285355
v 0.01875 1.46447e-005 0.000285355
v 0.016875 1.46447e-005 0.000285355
v 0.015 1.46447e-005 0.000285355
v 0.013125 1.46447e-005 0.000285355
v 0.01125 1.46447e-005 0.000285355
v 0.009375 1.46447e-005 0.000285355
v 0.0075 1.46447e-005 0.000285355
v 0.005625 1.46447e-005 0.000285355
v 0.00375 1.46447e-005 0.000285355
v 0.001875 1.46447e-005 0.000285355
v 0 1.46447e-005 0.000285355
v -0.001875 1.46447e-005 0.000285355
v -0.00375 1.46447e-005 0.000285355
v -0.005625 1.46447e-005 0.000285355
v -0.0075 1.46447e-005 0.000285355
v -0.009375 1.46447e-005 0.000285355
v -0.01125 1.46447e-005 0.000285355
v -0.013125 1.46447e-005 0.000285355
v -0.015 1.46447e-005 0.000285355
v -0.016875 1.46447e-005 0.000285355
v -0.01875 1.46447e-005 0.000285355
v -0.020625 1.46447e-005 0.000285355
v -0.0225 1.46447e-005 0.000285355
v -0.0299854 0.0053125 0.000285355
v -0.0298682 0.0036519 0.000285355
v -0.024375 1.46447e-005 0.000285355
v -0.0261333 0.000125313 0.000285355
v -0.0295167 0.00221158 0.000285355
v -0.0276584 0.000457188 0.000285355
v -0.028818 0.00111738 0.000285355
v -0.028818 0.00111738 1.46447e-005
v -0.0276584 0.000457188 1.46447e-005
v -0.0295167 0.00221158 1.46447e-005
v -0.0261333 0.000125313 1.46447e-005
v -0.0298682 0.0036519 1.46447e-005
v -0.024375 1.46447e-005 1.46447e-005
v -0.0225 1.46447e-005 1.46447e-005
v -0.0299854 0.0053125 1.46447e-005
v -0.0299854 0.00708333 1.46447e-005
v -0.020625 1.46447e-005 1.46447e-005
v -0.01875 1.46447e-005 1.46447e-005
v -0.016875 1.46447e-005 1.46447e-005
v -0.015 1.46447e-005 1.46447e-005
v -0.013125 1.46447e-005 1.46447e-005
v -0.01125 1.46447e-005 1.46447e-005
v -0.009375 1.46447e-005 1.46447e-005
v -0.0075 1.46447e-005 1.46447e-005
v -0.005625 1.46447e-005 1.46447e-005
v -0.00375 1.46447e-005 1.46447e-005
v -0.001875 1.46447e-005 1.46447e-005
v 0 1.46447e-005 1.46447e-005
v 0.001875 1.46447e-005 1.46447e-005
v 0.00375 1.46447e-005 1.46447e-005
v 0.005625 1.46447e-005 1.46447e-005
v 0.0075 1.46447e-005 1.46447e-005
v 0.009375 1.46447e-005 1.46447e-005
v 0.01125 1.46447e-005 1.46447e-005
v 0.013125 1.46447e-005 1.46447e-005
v 0.015 1.46447e-005 1.46447e-005
v 0.016875 1.46447e-005 1.46447e-005
v 0.01875 1.46447e-005 1.46447e-005
v 0.020625 1.46447e-005 1.46447e-005
v 0.0225 1.46447e-005 1.46447e-005
v 0.024375 1.46447e-005 1.46447e-005
v 0.0261333 0.000125313 1.46447e-005
v 0.0276584 0.000457188 1.46447e-005
v 0.028818 0.00111738 1.46447e-005
v 0.0295167 0.00221158 1.46447e-005
v 0.0298682 0.0036519 1.46447e-005
v 0.0299854 0.0053125 1.46447e-005
v 0.0299854 0.00708333 1.46447e-005
v -0.0299854 0.00885417 1.46447e-005
v -0.0299854 0.010625 1.46447e-005
v -0.0299854 0.0123958 1.46447e-005
v -0.0299854 0.0141667 1.46447e-005
v 0.0299854 0.00885417 1.46447e-005
v 0.0299854 0.010625 1.46447e-005
v 0.0299854 0.0123958 1.46447e-005
v 0.0299854 0.0141667 1.46447e-005
v -0.0299854 0.0159375 1.46447e-005
v -0.0299854 0.0177083 1.46447e-005
v -0.0299854 0.0194792 1.46447e-005
v -0.0299854 0.02125 1.46447e-005
v 0.0299854 0.0159375 1.46447e-005
v 0.0299854 0.0177083 1.46447e-005
v 0.0299854 0.0194792 1.46447e-005
v 0.0299854 0.02125 1.46447e-005
v -0.0299854 0.0230208 1.46447e-005
v -0.0299854 0.0247917 1.46447e-005
v -0.0299854 0.0265625 1.46447e-005
v -0.0299854 0.0283333 1.46447e-005
v 0.0299854 0.0230208 1.46447e-005
v 0.0299854 0.0247917 1.46447e-005
v 0.0299854 0.0265625 1.46447e-005
v 0.0299854 0.0283333 1.46447e-005
v -0.0299854 0.0301042 1.46447e-005
v -0.0299854 0.031875 1.46447e-005
v -0.0299854 0.0336458 1.46447e-005
v -0.0299854 0.0354167 1.46447e-005
v 0.0299854 0.0301042 1.46447e-005
v 0.0299854 0.031875 1.46447e-005
v 0.0299854 0.0336458 1.46447e-005
v 0.0299854 0.0354167 1.46447e-005
v -0.0299854 0.0371875 1.46447e-005
v -0.0299854 0.0389583 1.46447e-005
v -0.0299854 0.0407292 1.46447e-005
v -0.0299854 0.0425 1.46447e-005
v 0.0299854 0.0371875 1.46447e-005
v 0.0299854 0.0389583 1.46447e-005
v 0.0299854 0.0407292 1.46447e-005
v 0.0299854 0.0425 1.46447e-005
v -0.0299854 0.0442708 1.46447e-005
v -0.0299854 0.0460417 1.46447e-005
v -0.0299854 0.0478125 1.46447e-005
v -0.0299854 0.0495833 1.46447e-005
v 0.0299854 0.0442708 1.46447e-005
v 0.0299854 0.0460417 1.46447e-005
v 0.0299854 0.0478125 1.46447e-005
v 0.0299854 0.0495833 1.46447e-005
v -0.0299854 0.0513542 1.46447e-005
v -0.0299854 0.053125 1.46447e-005
v -0.0299854 0.0548958 1.46447e-005
v -0.0299854 0.0566667 1.46447e-005
v 0.0299854 0.0513542 1.46447e-005
v 0.0299854 0.053125 1.46447e-005
v 0.0299854 0.0548958 1.46447e-005
v 0.0299854 0.0566667 1.46447e-005
v -0.0299854 0.0584375 1.46447e-005
v -0.0299854 0.0602083 1.46447e-005
v -0.0299854 0.0619792 1.46447e-005
v -0.0299854 0.06375 1.46447e-005
v 0.0299854 0.0584375 1.46447e-005
v 0.0299854 0.0602083 1.46447e-005
v 0.0299854 0.0619792 1.46447e-005
v 0.0299854 0.06375 1.46447e-005
v -0.0299854 0.0655208 1.46447e-005
v -0.0299854 0.0672917 1.46447e-005
v -0.0299854 0.0690625 1.46447e-005
v -0.0299854 0.0708333 1.46447e-005
v 0.0299854 0.0655208 1.46447e-005
v 0.0299854 0.0672917 1.46447e-005
v 0.0299854 0.0690625 1.46447e-005
v 0.0299854 0.0708333 1.46447e-005
v -0.0299854 0.0726042 1.46447e-005
v -0.0299854 0.074375 1.46447e-005
v -0.0299854 0.0761458 1.46447e-005
v -0.0299854 0.0779167 1.46447e-005
v 0.0299854 0.0726042 1.46447e-005
v 0.0299854 0.074375 1.46447e-005
v 0.0299854 0.0761458 1.46447e-005
v 0.0299854 0.0779167 1.46447e-005
v -0.0299854 0.0796875 1.46447e-005
v -0.0299854 0.0814583 1.46447e-005
v -0.0299854 0.0832292 1.46447e-005
v -0.0299854 0.085 1.46447e-005
v 0.0299854 0.0796875 1.46447e-005
v 0.0299854 0.0814583 1.46447e-005
v 0.0299854 0.0832292 1.46447e-005
v 0.0299854 0.085 1.46447e-005
v -0.0299854 0.0867708 1.46447e-005
v -0.0299854 0.0885417 1.46447e-005
v -0.0299854 0.0903125 1.46447e-005
v -0.0299854 0.0920833 1.46447e-005
v 0.0299854 0.0867708 1.46447e-005
v 0.0299854 0.0885417 1.46447e-005
v 0.0299854 0.0903125 1.46447e-005
v 0.0299854 0.0920833 1.46447e-005
v -0.0299854 0.0938542 1.46447e-005
v -0.0299854 0.095625 1.46447e-005
v -0.0299854 0.0973958 1.46447e-005
v -0.0299854 0.0991667 1.46447e-005
v 0.0299854 0.0938542 1.46447e-005
v 0.0299854 0.095625 1.46447e-005
v 0.0299854 0.0973958 1.46447e-005
v 0.0299854 0.0991667 1.46447e-005
v -0.0299854 0.100938 1.46447e-005
v -0.0299854 0.102708 1.46447e-005
v -0.0299854 0.104479 1.46447e-005
v -0.0299854 0.10625 1.46447e-005
v 0.0299854 0.100938 1.46447e-005
v 0.0299854 0.102708 1.46447e-005
v 0.0299854 0.104479 1.46447e-005
v 0.0299854 0.10625 1.46447e-005
v -0.0299854 0.108021 1.46447e-005
v -0.0299854 0.109792 1.46447e-005
v -0.0299854 0.111563 1.46447e-005
v -0.0299854 0.113333 1.46447e-005
v 0.0299854 0.108021 1.46447e-005
v 0.0299854 0.109792 1.46447e-005
v 0.0299854 0.111563 1.46447e-005
v 0.0299854 0.113333 1.46447e-005
v -0.0299854 0.115104 1.46447e-005
v -0.0299854 0.116875 1.46447e-005
v -0.0299854 0.118646 1.46447e-005
v -0.0299854 0.120417 1.46447e-005
v 0.0299854 0.115104 1.46447e-005
v 0.0299854 0.116875 1.46447e-005
v 0.0299854 0.118646 1.46447e-005
v 0.0299854 0.120417 1.46447e-005
v -0.0299854 0.122187 1.46447e-005
v -0.0299854 0.123958 1.46447e-005
v -0.0299854 0.125729 1.46447e-005
v -0.0299854 0.1275 1.46447e-005
v 0.0299854 0.122187 1.46447e-005
v 0.0299854 0.123958 1.46447e-005
v 0.0299854 0.125729 1.46447e-005
v 0.0299854 0.1275 1.46447e-005
v -0.0299854 0.129271 1.46447e-005
v -0.0299854 0.131042 1.46447e-005
v -0.0299854 0.132813 1.46447e-005
v -0.0299854 0.134583 1.46447e-005
v 0.0299854 0.129271 1.46447e-005
v 0.0299854 0.131042 1.46447e-005
v 0.0299854 0.132813 1.46447e-005
v 0.0299854 0.134583 1.46447e-005
v -0.0299854 0.136354 1.46447e-005
v -0.0299854 0.138125 1.46447e-005
v -0.0299854 0.139896 1.46447e-005
v -0.0299854 0.141667 1.46447e-005
v 0.0299854 0.136354 1.46447e-005
v 0.0299854 0.138125 1.46447e-005
v 0.0299854 0.139896 1.46447e-005
v 0.0299854 0.141667 1.46447e-005
v -0.0299854 0.143438 1.46447e-005
v -0.0299854 0.145208 1.46447e-005
v -0.0299854 0.146979 1.46447e-005
v -0.0299854 0.14875 1.46447e-005
v 0.0299854 0.143438 1.46447e-005
v 0.0299854 0.145208 1.46447e-005
v 0.0299854 0.146979 1.46447e-005
v 0.0299854 0.14875 1.46447e-005
v -0.0299854 0.150521 1.46447e-005
v -0.0299854 0.152292 1.46447e-005
v -0.0299854 0.154063 1.46447e-005
v -0.0299854 0.155833 1.46447e-005
v 0.0299854 0.150521 1.46447e-005
v 0.0299854 0.152292 1.46447e-005
v 0.0299854 0.154063 1.46447e-005
v 0.0299854 0.155833 1.46447e-005
v -0.0299854 0.157604 1.46447e-005
v -0.0299854 0.159375 1.46447e-005
v -0.0299854 0.161146 1.46447e-005
v -0.0299854 0.162917 1.46447e-005
v 0.0299854 0.157604 1.46447e-005
v 0.0299854 0.159375 1.46447e-005
v 0.0299854 0.161146 1.46447e-005
v 0.0299854 0.162917 1.46447e-005
v -0.0299854 0.164687 1.46447e-005
v -0.0298682 0.166348 1.46447e-005
v -0.0225 0.169985 1.46447e-005
v -0.024375 0.169985 1.46447e-005
v -0.0261333 0.169875 1.46447e-005
v -0.0295167 0.167788 1.46447e-005
v -0.0276584 0.169543 1.46447e-005
v -0.028818 0.168883 1.46447e-005
v -0.015 0.169985 1.46447e-005
v -0.016875 0.169985 1.46447e-005
v -0.01875 0.169985 1.46447e-005
v -0.020625 0.169985 1.46447e-005
v -0.00749991 0.169985 1.46447e-005
v -0.009375 0.169985 1.46447e-005
v -0.01125 0.169985 1.46447e-005
v -0.013125 0.169985 1.46447e-005
v 0.015 0.169985 1.46447e-005
v 0.013125 0.169985 1.46447e-005
v 0.01125 0.169985 1.46447e-005
v 0.009375 0.169985 1.46447e-005
v 0.00749991 0.169985 1.46447e-005
v 0.0225 0.169985 1.46447e-005
v 0.020625 0.169985 1.46447e-005
v 0.01875 0.169985 1.46447e-005
v 0.016875 0.169985 1.46447e-005
v 0.0299854 0.164687 1.46447e-005
v 0.0298682 0.166348 1.46447e-005
v 0.0295167 0.167788 1.46447e-005
v 0.028818 0.168883 1.46447e-005
v 0.0276584 0.169543 1.46447e-005
v 0.0261333 0.169875 1.46447e-005
v 0.024375 0.169985 1.46447e-005
v -0.00374945 0.169985 1.46447e-005
v -0.00562464 0.169985 1.46447e-005
v 0.00562464 0.169985 1.46447e-005
v 0.00374945 0.169985 1.46447e-005
v 0 0.158514 1.46447e-005
v -0.00173652 0.158893 1.46447e-005
v -0.00320803 0.159883 1.58749e-005
v -0.00416686 0.161312 1.46447e-005
v -0.0045197 0.162958 1.46447e-005
v 0.00320803 0.159883 1.58749e-005
v 0.00173652 0.158893 1.46447e-005
v 0.0045197 0.162958 1.46447e-005
v 0.00416686 0.161312 1.46447e-005
v -0.00421717 0.164605 1.46447e-005
v -0.00328831 0.166039 1.60539e-005
v -0.00187456 0.169985 1.46447e-005
v -0.0017866 0.167065 1.46447e-005
v 0 0.167465 1.46447e-005
v 0 0.169985 1.46447e-005
v 0.00328831 0.166039 1.60539e-005
v 0.00421717 0.164605 1.46447e-005
v 0.00187456 0.169985 1.46447e-005
v 0.0017866 0.167065 1.46447e-005
vn -0.195093 0 0.980785
vn 0 0 1
vn 0 0 -1
vn 0.195093 0 0.980785
vn 0.194787 0.00286966 0.980841
vn 0.191158 -0.0797347 0.978315
vn 4.37111e-010 0.195212 0.980761
vn 1.5516e-006 0.195138 0.980776
vn 0 0.707114 0.707099
vn 0 0.980778 0.195128
vn 0.707097 0 0.707116
vn 0.980782 0 0.195106
vn -0.707097 0 0.707116
vn -0.980782 0 0.195106
vn -0.352345 -0.919917 -0.172063
vn -0.67576 -0.710719 -0.195518
vn -0.485034 -0.510283 -0.710178
vn -0.268159 -0.690693 -0.671591
vn -0.682581 -0.296066 -0.668153
vn -0.90623 -0.38707 -0.170071
vn -0.0983902 -0.703725 -0.703627
vn -0.135771 -0.971852 -0.192535
vn -0.70251 -0.110027 -0.703117
vn -0.195683 -0.0306957 -0.980187
vn -0.20481 -0.091503 -0.974515
vn -0.0308334 -0.980316 -0.195012
vn -0.0222298 -0.70683 -0.707034
vn -0.00613272 -0.195073 -0.98077
vn 0 -0.19509 -0.980785
vn 0 -0.707107 -0.707107
vn -0.706749 -0.024916 -0.707025
vn -0.969576 -0.15165 -0.192156
vn -0.980193 -0.0345553 -0.195007
vn -0.707097 0 -0.707116
vn -0.195093 0 -0.980785
vn -0.19507 -0.0068759 -0.980765
vn 0 -0.980785 -0.19509
vn 0.0308334 -0.980316 -0.195012
vn 0.0222298 -0.70683 -0.707034
vn 0.0983902 -0.703725 -0.703627
vn 0.135771 -0.971852 -0.192535
vn 0.352345 -0.919917 -0.172063
vn 0.268159 -0.690693 -0.671591
vn 0.485034 -0.510283 -0.710178
vn 0.67576 -0.710719 -0.195518
vn 0.90623 -0.38707 -0.170071
vn 0.682581 -0.296066 -0.668153
vn 0.70251 -0.110027 -0.703117
vn 0.969576 -0.15165 -0.192156
vn 0.980193 -0.0345553 -0.195007
vn 0.706749 -0.024916 -0.707025
vn 0.707097 0 -0.707116
vn 0.980782 0 -0.195106
vn 0.195093 0 -0.980785
vn -0.980782 0 -0.195106
vn -0.19507 0.00687593 0.980765
vn -0.19568 0.030695 0.980187
vn 0 0.195138 0.980776
vn -0.00613468 0.195121 0.98076
vn -0.0273878 0.195786 0.980264
vn -0.204802 0.0914991 0.974517
vn -0.082019 0.205797 0.975152
vn -0.178469 0.187908 0.965836
vn -7.75035e-007 0.195138 0.980776
vn 7.75035e-007 0.195138 0.980776
vn 0.19507 0.00687593 0.980765
vn 0.19568 0.030695 0.980187
vn 0.204802 0.0914991 0.974517
vn 0.178469 0.187908 0.965836
vn 0.082019 0.205797 0.975152
vn 0.0273878 0.195786 0.980264
vn 0.00613468 0.195121 0.98076
vn 0.212975 0.211069 0.953987
vn -0.212975 0.211069 0.953987
vn 0.211148 -0.207974 0.955073
vn -1.55017e-006 0.195138 0.980776
vn -0.211148 -0.207974 0.955073
vn 1.55017e-006 0.195138 0.980776
vn -4.37111e-010 0.195212 0.980761
vn 0 0.1948 0.980843
vn 0.0845301 0.189487 0.978238
vn 0.189231 0.0838167 0.978349
vn -0.0845301 0.189487 0.978238
vn -0.194787 0.00286966 0.980841
vn -0.189231 0.0838167 0.978349
vn 0.0863617 -0.190332 0.977914
vn 0 -0.194782 0.980847
vn -0.191158 -0.0797347 0.978315
vn -1.5516e-006 0.195138 0.980776
vn -0.0863617 -0.190332 0.977914
vn -0.390119 -0.902441 0.182775
vn -0.714797 -0.697382 0.0521811
vn -0.641038 -0.628381 0.44069
vn -0.291339 -0.662994 0.689609
vn 0 -0.70458 0.709625
vn 0 -0.98071 0.19547
vn 0 0.980813 0.194952
vn -1.14599e-022 0.707114 0.707099
vn -2.81099e-006 0.707241 0.706972
vn 0 0.707294 0.706919
vn -0.913918 -0.361522 0.184542
vn -0.980625 0.0144139 0.195363
vn -0.705017 0.0103707 0.709114
vn -0.669172 -0.269813 0.692394
vn 2.81099e-006 0.707241 0.706972
vn 0.291339 -0.662994 0.689609
vn 0.390119 -0.902441 0.182775
vn 0.641038 -0.628381 0.44069
vn 0.714797 -0.697382 0.0521811
vn 0.913918 -0.361522 0.184542
vn 0.669172 -0.269813 0.692394
vn 0.705017 0.0103707 0.709114
vn 0.980625 0.0144139 0.195363
vn -0.905544 0.381957 0.184658
vn -0.706738 0.705709 0.049969
vn -0.638679 0.635177 0.434326
vn -0.663022 0.284277 0.692524
vn -0.384578 0.904523 0.184224
vn 0 0.980713 0.195454
vn 0 0.704701 0.709504
vn -0.2867 0.662774 0.691761
vn 0.663022 0.284277 0.692524
vn 0.905544 0.381957 0.184658
vn 0.638679 0.635177 0.434326
vn 0.706738 0.705709 0.049969
vn 0.384578 0.904523 0.184224
vn 0.2867 0.662774 0.691761
vn 2.80993e-006 0.707241 0.706972
vn 2.80942e-006 0.707114 0.707099
vn -2.80942e-006 0.707114 0.707099
vn -2.80993e-006 0.707241 0.706972
vn 0.0308356 0.980309 0.195049
vn 0.0222305 0.706837 0.707027
vn 0.0983972 0.703766 0.703585
vn 0.135774 0.971859 0.192497
vn 0.268148 0.690663 0.671626
vn 0.352344 0.919909 0.172108
vn 0.682614 0.296082 0.668112
vn 0.485035 0.510284 0.710177
vn 0.90624 0.387076 0.170006
vn 0.675765 0.710722 0.195488
vn 0.702509 0.110026 0.703118
vn 0.969577 0.151651 0.192154
vn 0.706749 0.024916 0.707025
vn 0.980193 0.0345554 0.195007
vn -0.268148 0.690663 0.671626
vn -0.485035 0.510284 0.710177
vn -0.352344 0.919909 0.172108
vn -0.675765 0.710722 0.195488
vn -0.90624 0.387076 0.170006
vn -0.682614 0.296082 0.668112
vn -0.0983972 0.703766 0.703585
vn -0.135774 0.971859 0.192497
vn -0.969577 0.151651 0.192154
vn -0.702509 0.110026 0.703118
vn -0.0222305 0.706837 0.707027
vn -0.0308356 0.980309 0.195049
vn -0.980193 0.0345554 0.195007
vn -0.706749 0.024916 0.707025
vn 0.19507 -0.0068759 0.980765
vn 0.706749 -0.024916 0.707025
vn 0.980193 -0.0345553 0.195007
vn 0.178493 -0.187936 0.965826
vn 0.0820186 -0.205799 0.975151
vn 0.268159 -0.690693 0.671591
vn 0.485034 -0.510283 0.710178
vn 0.352345 -0.919917 0.172063
vn 0.67576 -0.710719 0.195518
vn 0.0273841 -0.195766 0.980268
vn 0.00613272 -0.195073 0.98077
vn 0.0222298 -0.70683 0.707034
vn 0.0983902 -0.703725 0.703627
vn 0.0308334 -0.980316 0.195012
vn 0.135771 -0.971852 0.192535
vn 0 -0.19509 0.980785
vn 0 -0.707107 0.707107
vn 0 -0.980785 0.19509
vn -0.706749 0.024916 -0.707025
vn -0.980193 0.0345554 -0.195007
vn -0.19507 0.00687592 -0.980765
vn -0.969577 0.151651 -0.192154
vn -0.702509 0.110026 -0.703118
vn -0.19568 0.030695 -0.980187
vn -0.0222305 0.706837 -0.707027
vn 0 0.707114 -0.707099
vn 0 0.195138 -0.980776
vn -0.00613467 0.195121 -0.98076
vn -0.0308356 0.980309 -0.195049
vn 0 0.980778 -0.195128
vn -0.0273878 0.195786 -0.980264
vn -0.0983972 0.703766 -0.703585
vn -0.135774 0.971859 -0.192497
vn -0.682614 0.296082 -0.668112
vn -0.90624 0.387076 -0.170006
vn -0.204802 0.0914991 -0.974517
vn -0.352344 0.919909 -0.172108
vn -0.268148 0.690663 -0.671626
vn -0.0820189 0.205796 -0.975152
vn -0.485035 0.510284 -0.710177
vn -0.675765 0.710722 -0.195488
vn -0.178469 0.187908 -0.965836
vn -2.80942e-006 0.707114 -0.707099
vn -7.75035e-007 0.195138 -0.980776
vn 7.75035e-007 0.195138 -0.980776
vn 2.80942e-006 0.707114 -0.707099
vn 0.195683 -0.0306957 0.980187
vn 0.70251 -0.110027 0.703117
vn 0.969576 -0.15165 0.192156
vn 0.20481 -0.091503 0.974515
vn 0.682581 -0.296066 0.668152
vn 0.90623 -0.38707 0.170071
vn -0.980193 -0.0345553 0.195007
vn -0.706749 -0.024916 0.707025
vn -0.19507 -0.0068759 0.980765
vn -0.969576 -0.15165 0.192156
vn -0.70251 -0.110027 0.703117
vn -0.195683 -0.0306957 0.980187
vn -0.00613272 -0.195073 0.98077
vn -0.0222298 -0.70683 0.707034
vn -0.0308334 -0.980316 0.195012
vn -0.0273841 -0.195766 0.980268
vn -0.0983902 -0.703725 0.703627
vn -0.135771 -0.971852 0.192535
vn -0.90623 -0.38707 0.170071
vn -0.682581 -0.296066 0.668152
vn -0.20481 -0.091503 0.974515
vn -0.0820186 -0.205799 0.975151
vn -0.268159 -0.690693 0.671591
vn -0.352345 -0.919917 0.172063
vn -0.178493 -0.187936 0.965826
vn -0.485034 -0.510283 0.710178
vn -0.67576 -0.710719 0.195518
vn -0.178493 -0.187936 -0.965826
vn -0.0820186 -0.205799 -0.975151
vn -0.0273841 -0.195766 -0.980268
vn 0.00613272 -0.195073 -0.98077
vn 0.0273841 -0.195766 -0.980268
vn 0.0820186 -0.205799 -0.975151
vn 0.178493 -0.187936 -0.965826
vn 0.20481 -0.091503 -0.974515
vn 0.195683 -0.0306957 -0.980187
vn 0.19507 -0.0068759 -0.980765
vn 0.706749 0.024916 -0.707025
vn 0.19507 0.00687592 -0.980765
vn 0.980193 0.0345554 -0.195007
vn 0.19568 0.030695 -0.980187
vn 0.702509 0.110026 -0.703118
vn 0.969577 0.151651 -0.192154
vn 0.682614 0.296082 -0.668112
vn 0.204802 0.0914991 -0.974517
vn 0.90624 0.387076 -0.170006
vn 0.178469 0.187908 -0.965836
vn 0.485035 0.510284 -0.710177
vn 0.675765 0.710722 -0.195488
vn 0.268148 0.690663 -0.671626
vn 0.0820189 0.205796 -0.975152
vn 0.352344 0.919909 -0.172108
vn 0.0273878 0.195786 -0.980264
vn 0.0983972 0.703766 -0.703585
vn 0.135774 0.971859 -0.192497
vn 0.0222305 0.706837 -0.707027
vn 0.00613467 0.195121 -0.98076
vn 0.0308356 0.980309 -0.195049
vn -2.80993e-006 0.707241 -0.706972
vn 0 0.707294 -0.706919
vn 4.37111e-010 0.195211 -0.980761
vn -1.55017e-006 0.195138 -0.980776
vn 0 0.980813 -0.194952
vn 2.80993e-006 0.707241 -0.706972
vn 1.55017e-006 0.195138 -0.980776
vn -4.37111e-010 0.195211 -0.980761
vn 0.286408 0.662867 -0.691793
vn 7.59847e-018 0.704701 -0.709504
vn 0 0.194799 -0.980843
vn 0.08453 0.189487 -0.978238
vn 0.384578 0.904523 -0.184224
vn 0 0.980713 -0.195454
vn 0.211818 0.213118 -0.953789
vn 0.635717 0.637002 -0.435995
vn 0.706925 0.705323 -0.0526838
vn 0.662939 0.284552 -0.69249
vn 0.18923 0.0838167 -0.978349
vn 0.905544 0.381957 -0.184658
vn 0.194787 0.00286966 -0.980841
vn 0.705017 0.0103707 -0.709114
vn 0.980625 0.0144139 -0.195363
vn -0.286408 0.662867 -0.691793
vn -0.635717 0.637002 -0.435995
vn -0.211818 0.213118 -0.953789
vn -0.08453 0.189487 -0.978238
vn -0.384578 0.904523 -0.184224
vn -0.706925 0.705323 -0.0526838
vn -0.905544 0.381957 -0.184658
vn -0.980625 0.0144139 -0.195363
vn -0.705017 0.0103707 -0.709114
vn -0.662939 0.284552 -0.69249
vn -0.194787 0.00286966 -0.980841
vn -0.18923 0.0838167 -0.978349
vn 0.669255 -0.269515 -0.69243
vn 0.191158 -0.0797347 -0.978315
vn 0.913918 -0.361522 -0.184542
vn 0.643779 -0.626102 -0.439938
vn 0.714541 -0.697739 -0.0509122
vn 0.212576 -0.206019 -0.955179
vn 1.5516e-006 0.195138 -0.980776
vn 2.81099e-006 0.707241 -0.706972
vn 0.390119 -0.902441 -0.182774
vn 0.291634 -0.662902 -0.689573
vn -7.60292e-018 -0.70458 -0.709625
vn 0 -0.98071 -0.19547
vn 0.0863617 -0.190332 -0.977914
vn 0 -0.194782 -0.980847
vn 2.29197e-022 0.707114 -0.707099
vn -0.669255 -0.269515 -0.69243
vn -0.643779 -0.626102 -0.439938
vn -0.212576 -0.206019 -0.955179
vn -0.191158 -0.0797347 -0.978315
vn -0.913918 -0.361522 -0.184542
vn -0.714541 -0.697739 -0.0509122
vn -2.81099e-006 0.707241 -0.706972
vn -1.5516e-006 0.195138 -0.980776
vn -0.291634 -0.662902 -0.689573
vn -0.0863617 -0.190332 -0.977914
vn -0.390119 -0.902441 -0.182774
vt 0.379898 0.101315
vt 0.391028 0.101315
vt 0.391028 0.11147
vt 0.379898 0.11147
vt 0.379898 0.0911591
vt 0.391028 0.0911591
vt 0.364381 0.670016
vt 0.364381 0.680172
vt 0.352947 0.680172
vt 0.352947 0.670016
vt 0.364381 0.659861
vt 0.352947 0.659861
vt 0.391028 0.121625
vt 0.379898 0.121625
vt 0.391028 0.131781
vt 0.379898 0.131781
vt 0.341512 0.670016
vt 0.341512 0.659861
vt 0.330078 0.670016
vt 0.330078 0.659861
vt 0.341512 0.680172
vt 0.330078 0.680172
vt 0.341512 0.690327
vt 0.330078 0.690327
vt 0.352947 0.690327
vt 0.352947 0.700483
vt 0.341512 0.700483
vt 0.330078 0.700483
vt 0.364381 0.690327
vt 0.364381 0.700483
vt 0.734064 0.0911591
vt 0.745194 0.0911591
vt 0.745194 0.101315
vt 0.734064 0.101315
vt 0.318643 0.659861
vt 0.318643 0.670016
vt 0.307209 0.670016
vt 0.307209 0.659861
vt 0.295774 0.670016
vt 0.295774 0.659861
vt 0.307209 0.680172
vt 0.307209 0.690327
vt 0.295774 0.690327
vt 0.295774 0.680172
vt 0.28434 0.670016
vt 0.28434 0.659861
vt 0.318643 0.690327
vt 0.318643 0.680172
vt 0.28434 0.690327
vt 0.28434 0.680172
vt 0.272905 0.670016
vt 0.272905 0.659861
vt 0.26147 0.670016
vt 0.26147 0.659861
vt 0.250036 0.670016
vt 0.250036 0.659861
vt 0.238601 0.670016
vt 0.238601 0.659861
vt 0.26147 0.680172
vt 0.26147 0.690327
vt 0.250036 0.690327
vt 0.250036 0.680172
vt 0.272905 0.690327
vt 0.272905 0.680172
vt 0.238601 0.690327
vt 0.238601 0.680172
vt 0.227167 0.670016
vt 0.227167 0.659861
vt 0.215732 0.659861
vt 0.215732 0.670016
vt 0.204298 0.670016
vt 0.204298 0.659861
vt 0.192863 0.670016
vt 0.192863 0.659861
vt 0.215732 0.680172
vt 0.215732 0.690327
vt 0.204298 0.690327
vt 0.204298 0.680172
vt 0.227167 0.690327
vt 0.227167 0.680172
vt 0.192863 0.690327
vt 0.192863 0.680172
vt 0.181429 0.670016
vt 0.181429 0.659861
vt 0.169994 0.659861
vt 0.169994 0.670016
vt 0.15856 0.670016
vt 0.15856 0.659861
vt 0.147125 0.670016
vt 0.147125 0.659861
vt 0.169994 0.680172
vt 0.169994 0.690327
vt 0.15856 0.690327
vt 0.15856 0.680172
vt 0.181429 0.690327
vt 0.181429 0.680172
vt 0.147125 0.690327
vt 0.147125 0.680172
vt 0.135691 0.670016
vt 0.135691 0.659861
vt 0.124256 0.659861
vt 0.124256 0.670016
vt 0.112822 0.670016
vt 0.112822 0.659861
vt 0.101387 0.670016
vt 0.101387 0.659861
vt 0.124256 0.680172
vt 0.124256 0.690327
vt 0.112822 0.690327
vt 0.112822 0.680172
vt 0.135691 0.690327
vt 0.135691 0.680172
vt 0.101387 0.690327
vt 0.101387 0.680172
vt 0.0899524 0.670016
vt 0.0899524 0.659861
vt 0.0785179 0.659861
vt 0.0785179 0.670016
vt 0.0670834 0.670016
vt 0.0670834 0.659861
vt 0.0556488 0.670016
vt 0.0556488 0.659861
vt 0.0785179 0.680172
vt 0.0670834 0.680172
vt 0.0670834 0.690327
vt 0.0670834 0.700483
vt 0.0556488 0.700483
vt 0.0556488 0.690327
vt 0.0556488 0.680172
vt 0.238601 0.720793
vt 0.238601 0.730949
vt 0.227167 0.730949
vt 0.227167 0.720793
vt 0.238601 0.741104
vt 0.227167 0.741104
vt 0.181429 0.710638
vt 0.181429 0.720793
vt 0.169994 0.720793
vt 0.169994 0.710638
vt 0.181429 0.700483
vt 0.169994 0.700483
vt 0.307209 0.741104
vt 0.307209 0.75126
vt 0.295774 0.75126
vt 0.295774 0.741104
vt 0.307209 0.761415
vt 0.295774 0.761415
vt 0.295774 0.77157
vt 0.295774 0.781726
vt 0.28434 0.781726
vt 0.28434 0.77157
vt 0.28434 0.761415
vt 0.0442143 0.741104
vt 0.0442143 0.75126
vt 0.0327798 0.75126
vt 0.0327798 0.741104
vt 0.0442143 0.761415
vt 0.0327798 0.761415
vt 0.181429 0.791881
vt 0.181429 0.802037
vt 0.169994 0.802037
vt 0.169994 0.791881
vt 0.181429 0.781726
vt 0.169994 0.781726
vt 0.307209 0.822347
vt 0.307209 0.832503
vt 0.295774 0.832503
vt 0.295774 0.822347
vt 0.307209 0.842658
vt 0.295774 0.842658
vt 0.295774 0.852813
vt 0.295774 0.862969
vt 0.28434 0.862969
vt 0.28434 0.852813
vt 0.28434 0.842658
vt 0.0327798 0.822347
vt 0.0327798 0.832503
vt 0.0213452 0.832503
vt 0.0213452 0.822347
vt 0.379898 0.477064
vt 0.391028 0.477064
vt 0.391028 0.487219
vt 0.379898 0.487219
vt 0.0327798 0.842658
vt 0.0327798 0.852813
vt 0.0213452 0.852813
vt 0.0213452 0.842658
vt 0.734064 0.456753
vt 0.745194 0.456753
vt 0.745194 0.466909
vt 0.734064 0.466909
vt 0.734064 0.487219
vt 0.745194 0.487219
vt 0.745194 0.497375
vt 0.734064 0.497375
vt 0.0442143 0.852813
vt 0.0442143 0.862969
vt 0.0327798 0.862969
vt 0.0213452 0.862969
vt 0.0556488 0.852813
vt 0.0556488 0.862969
vt 0.364381 0.862969
vt 0.364381 0.873124
vt 0.352947 0.873124
vt 0.352947 0.862969
vt 0.341512 0.873124
vt 0.341512 0.862969
vt 0.364381 0.88328
vt 0.352947 0.88328
vt 0.330078 0.873124
vt 0.330078 0.862969
vt 0.352947 0.893435
vt 0.341512 0.893435
vt 0.341512 0.88328
vt 0.745194 0.50753
vt 0.734064 0.50753
vt 0.330078 0.893435
vt 0.330078 0.88328
vt 0.745194 0.517686
vt 0.734064 0.517686
vt 0.745194 0.527841
vt 0.734064 0.527841
vt 0.318643 0.873124
vt 0.318643 0.88328
vt 0.307209 0.88328
vt 0.307209 0.873124
vt 0.745194 0.537996
vt 0.734064 0.537996
vt 0.295774 0.873124
vt 0.295774 0.88328
vt 0.28434 0.88328
vt 0.28434 0.873124
vt 0.295774 0.893435
vt 0.295774 0.90359
vt 0.28434 0.90359
vt 0.28434 0.893435
vt 0.307209 0.893435
vt 0.307209 0.90359
vt 0.318643 0.893435
vt 0.318643 0.90359
vt 0.272905 0.873124
vt 0.272905 0.88328
vt 0.26147 0.88328
vt 0.26147 0.873124
vt 0.330078 0.90359
vt 0.250036 0.873124
vt 0.250036 0.88328
vt 0.238601 0.88328
vt 0.238601 0.873124
vt 0.250036 0.893435
vt 0.250036 0.90359
vt 0.238575 0.903616
vt 0.238601 0.893435
vt 0.26147 0.893435
vt 0.26147 0.90359
vt 0.272905 0.893435
vt 0.272905 0.90359
vt 0.227167 0.873124
vt 0.227167 0.88328
vt 0.215732 0.88328
vt 0.215732 0.873124
vt 0.204298 0.873124
vt 0.204298 0.88328
vt 0.192863 0.88328
vt 0.192863 0.873124
vt 0.204298 0.893435
vt 0.204192 0.903256
vt 0.192863 0.902984
vt 0.192863 0.893435
vt 0.227061 0.903695
vt 0.227167 0.893435
vt 0.215732 0.893435
vt 0.215573 0.903637
vt 0.181429 0.88328
vt 0.181429 0.873124
vt 0.169994 0.873124
vt 0.169994 0.88328
vt 0.15856 0.88328
vt 0.15856 0.873124
vt 0.147125 0.88328
vt 0.147125 0.873124
vt 0.169994 0.893435
vt 0.170153 0.903637
vt 0.158666 0.903695
vt 0.15856 0.893435
vt 0.147152 0.903616
vt 0.147125 0.893435
vt 0.181429 0.893435
vt 0.181535 0.903256
vt 0.147125 0.862969
vt 0.135691 0.873124
vt 0.135691 0.862969
vt 0.135691 0.88328
vt 0.124256 0.88328
vt 0.124256 0.873124
vt 0.124256 0.862969
vt 0.112822 0.873124
vt 0.112822 0.862969
vt 0.101387 0.873124
vt 0.101387 0.862969
vt 0.112822 0.88328
vt 0.101387 0.88328
vt 0.112822 0.893435
vt 0.101387 0.893435
vt 0.124256 0.893435
vt 0.112822 0.90359
vt 0.101387 0.90359
vt 0.124256 0.90359
vt 0.135691 0.893435
vt 0.135691 0.90359
vt 0.0899524 0.873124
vt 0.0899524 0.862969
vt 0.0785179 0.862969
vt 0.0785179 0.873124
vt 0.0670834 0.873124
vt 0.0670834 0.862969
vt 0.0670834 0.88328
vt 0.0556488 0.88328
vt 0.0556488 0.873124
vt 0.0670834 0.893435
vt 0.0670834 0.90359
vt 0.0556488 0.90359
vt 0.0556488 0.893435
vt 0.0899524 0.88328
vt 0.0785179 0.88328
vt 0.0899524 0.893435
vt 0.0442143 0.873124
vt 0.0442143 0.88328
vt 0.0327798 0.88328
vt 0.0327798 0.873124
vt 0.379898 0.548152
vt 0.391028 0.548152
vt 0.391028 0.558307
vt 0.379898 0.558307
vt 0.0785179 0.893435
vt 0.379898 0.568462
vt 0.391028 0.568462
vt 0.391028 0.578618
vt 0.379898 0.578618
vt 0.0785179 0.90359
vt 0.734064 0.548152
vt 0.745194 0.548152
vt 0.745194 0.558307
vt 0.734064 0.558307
vt 0.734064 0.568462
vt 0.745194 0.568462
vt 0.745194 0.578618
vt 0.734064 0.578618
vt 0.0442143 0.893435
vt 0.0442143 0.90359
vt 0.0327798 0.90359
vt 0.0327798 0.893435
vt 0.0899524 0.90359
vt 0.391028 0.588773
vt 0.379898 0.588773
vt 0.391028 0.598929
vt 0.379898 0.598929
vt 0.379898 0.609084
vt 0.391028 0.609084
vt 0.391028 0.61924
vt 0.379898 0.61924
vt 0.341512 0.90359
vt 0.341512 0.913746
vt 0.330078 0.913746
vt 0.0213452 0.873124
vt 0.379898 0.537996
vt 0.391028 0.537996
vt 0.341512 0.923901
vt 0.341512 0.934057
vt 0.330078 0.934057
vt 0.330078 0.923901
vt 0.352947 0.934057
vt 0.352947 0.944212
vt 0.341512 0.944212
vt 0.0213452 0.88328
vt 0.364381 0.934057
vt 0.364381 0.944212
vt 0.734064 0.609084
vt 0.745194 0.609084
vt 0.745194 0.61924
vt 0.734064 0.61924
vt 0.0213452 0.893435
vt 0.318643 0.923901
vt 0.318643 0.913746
vt 0.295774 0.913746
vt 0.28434 0.913746
vt 0.0213452 0.90359
vt 0.295774 0.923901
vt 0.295774 0.934057
vt 0.28434 0.934057
vt 0.28434 0.923901
vt 0.307209 0.934057
vt 0.307209 0.944212
vt 0.295774 0.944212
vt 0.330078 0.944212
vt 0.318643 0.944212
vt 0.318643 0.934057
vt 0.272905 0.913746
vt 0.26147 0.913746
vt 0.364381 0.90359
vt 0.364381 0.913746
vt 0.352947 0.913746
vt 0.352947 0.90359
vt 0.250036 0.913746
vt 0.238495 0.91385
vt 0.26147 0.923901
vt 0.250036 0.923901
vt 0.364381 0.923901
vt 0.352947 0.923901
vt 0.26147 0.934057
vt 0.26147 0.944212
vt 0.250036 0.944212
vt 0.250036 0.934057
vt 0.272905 0.923901
vt 0.272905 0.934057
vt 0.135691 0.913746
vt 0.124256 0.913746
vt 0.147231 0.91385
vt 0.147181 0.924061
vt 0.135691 0.923901
vt 0.124256 0.923901
vt 0.112822 0.923901
vt 0.112822 0.913746
vt 0.112822 0.934057
vt 0.101387 0.934057
vt 0.101387 0.923901
vt 0.745194 0.588773
vt 0.734064 0.588773
vt 0.135691 0.934057
vt 0.124256 0.934057
vt 0.146818 0.934176
vt 0.14655 0.944242
vt 0.135691 0.944212
vt 0.745194 0.598929
vt 0.734064 0.598929
vt 0.101387 0.913746
vt 0.0899524 0.923901
vt 0.0899524 0.913746
vt 0.0670834 0.913746
vt 0.0556488 0.913746
vt 0.0670834 0.923901
vt 0.0670834 0.934057
vt 0.0556488 0.934057
vt 0.0556488 0.923901
vt 0.0785179 0.934057
vt 0.0785179 0.944212
vt 0.0670834 0.944212
vt 0.307209 0.913746
vt 0.307209 0.923901
vt 0.101387 0.944212
vt 0.0899524 0.944212
vt 0.0899524 0.934057
vt 0.0442143 0.913746
vt 0.0327798 0.913746
vt 0.391028 0.629395
vt 0.379898 0.629395
vt 0.379898 0.63955
vt 0.391028 0.63955
vt 0.391028 0.649706
vt 0.379898 0.649706
vt 0.0327798 0.923901
vt 0.0213452 0.923901
vt 0.0213452 0.913746
vt 0.734064 0.629395
vt 0.745194 0.629395
vt 0.745194 0.63955
vt 0.734064 0.63955
vt 0.28434 0.944212
vt 0.0442143 0.934057
vt 0.0442143 0.923901
vt 0.101387 0.954367
vt 0.101387 0.964523
vt 0.0899524 0.964523
vt 0.0899524 0.954367
vt 0.0670834 0.954367
vt 0.0556488 0.954367
vt 0.0556488 0.944212
vt 0.0785179 0.964523
vt 0.0785179 0.974678
vt 0.0670834 0.974678
vt 0.0670834 0.964523
vt 0.379898 0.873124
vt 0.391028 0.873124
vt 0.391028 0.88328
vt 0.379898 0.88328
vt 0.526863 0.954129
vt 0.52594 0.944331
vt 0.534767 0.944447
vt 0.536612 0.953898
vt 0.539688 0.984547
vt 0.540083 0.97473
vt 0.551382 0.976375
vt 0.551121 0.984547
vt 0.511728 0.989916
vt 0.500815 0.989916
vt 0.500815 0.989693
vt 0.511728 0.989693
vt 0.238545 0.924061
vt 0.489902 0.989916
vt 0.489902 0.989693
vt 0.755376 0.799092
vt 0.755376 0.788779
vt 0.755599 0.788779
vt 0.755599 0.799092
vt 0.238908 0.934176
vt 0.239177 0.944242
vt 0.379683 0.822347
vt 0.379683 0.812192
vt 0.379898 0.812192
vt 0.379898 0.822347
vt 0.750753 0.809406
vt 0.750753 0.799092
vt 0.750976 0.799092
vt 0.750976 0.809406
vt 0.272905 0.944212
vt 0.745194 0.781726
vt 0.745194 0.77157
vt 0.745409 0.77157
vt 0.745409 0.781726
vt 0.379683 0.568462
vt 0.379683 0.558307
vt 0.379683 0.548152
vt 0.745409 0.527841
vt 0.745409 0.537996
vt 0.755376 0.541254
vt 0.755376 0.530941
vt 0.755599 0.530941
vt 0.755599 0.541254
vt 0.745194 0.11147
vt 0.734064 0.11147
vt 0.0748714 0.988529
vt 0.0671055 0.988529
vt 0.0671055 0.988307
vt 0.0748714 0.988307
vt 0.749365 0.0175611
vt 0.749365 0.01
vt 0.749588 0.01
vt 0.749588 0.0175611
vt 0.745194 0.121625
vt 0.734064 0.121625
vt 0.0839554 0.988307
vt 0.0839554 0.988529
vt 0.745194 0.131781
vt 0.734064 0.131781
vt 0.372869 0.022599
vt 0.375012 0.0308589
vt 0.374796 0.0308528
vt 0.372655 0.0225719
vt 0.0942091 0.988529
vt 0.0942091 0.988307
vt 0.341512 0.0102027
vt 0.330078 0.0102027
vt 0.330078 0.01
vt 0.341512 0.01
vt 0.749365 0.0358914
vt 0.749365 0.0261958
vt 0.749588 0.0261958
vt 0.749588 0.0358914
vt 0.375727 0.0403822
vt 0.375727 0.0505376
vt 0.375511 0.0505376
vt 0.375511 0.0403822
vt 0.295774 0.700483
vt 0.28434 0.700483
vt 0.116034 0.988529
vt 0.105122 0.988529
vt 0.105122 0.988307
vt 0.116034 0.988307
vt 0.307209 0.700483
vt 0.318643 0.0102027
vt 0.307209 0.0102027
vt 0.307209 0.01
vt 0.318643 0.01
vt 0.318643 0.700483
vt 0.295774 0.01
vt 0.295774 0.0102027
vt 0.28434 0.0102027
vt 0.28434 0.01
vt 0.159684 0.988529
vt 0.148772 0.988529
vt 0.148772 0.988307
vt 0.159684 0.988307
vt 0.170597 0.988307
vt 0.170597 0.988529
vt 0.250036 0.01
vt 0.26147 0.01
vt 0.26147 0.0102027
vt 0.250036 0.0102027
vt 0.181509 0.988307
vt 0.192422 0.988307
vt 0.192422 0.988529
vt 0.181509 0.988529
vt 0.250036 0.700483
vt 0.238601 0.700483
vt 0.203335 0.988529
vt 0.203335 0.988307
vt 0.26147 0.700483
vt 0.214247 0.988307
vt 0.214247 0.988529
vt 0.272905 0.700483
vt 0.22516 0.988529
vt 0.22516 0.988307
vt 0.236072 0.988307
vt 0.236072 0.988529
vt 0.246985 0.988529
vt 0.246985 0.988307
vt 0.257897 0.988307
vt 0.257897 0.988529
vt 0.26881 0.988529
vt 0.26881 0.988307
vt 0.279722 0.988307
vt 0.279722 0.988529
vt 0.204298 0.700483
vt 0.192863 0.700483
vt 0.290635 0.988529
vt 0.290635 0.988307
vt 0.215732 0.700483
vt 0.301547 0.988307
vt 0.301547 0.988529
vt 0.227167 0.700483
vt 0.31246 0.988529
vt 0.31246 0.988307
vt 0.323372 0.988307
vt 0.323372 0.988529
vt 0.334285 0.988529
vt 0.334285 0.988307
vt 0.345198 0.988307
vt 0.345198 0.988529
vt 0.35611 0.988529
vt 0.35611 0.988307
vt 0.367023 0.988307
vt 0.367023 0.988529
vt 0.15856 0.700483
vt 0.147125 0.700483
vt 0.377935 0.988529
vt 0.377935 0.988307
vt 0.388189 0.988307
vt 0.388189 0.988529
vt 0.397273 0.988529
vt 0.397273 0.988307
vt 0.405039 0.988307
vt 0.405039 0.988529
vt 0.756764 0.0175611
vt 0.756764 0.01
vt 0.756987 0.01
vt 0.756987 0.0175611
vt 0.756987 0.0261958
vt 0.756764 0.0261958
vt 0.756764 0.0358914
vt 0.756987 0.0358914
vt 0.756987 0.0462049
vt 0.756764 0.0462049
vt 0.112822 0.700483
vt 0.101387 0.700483
vt 0.375511 0.060693
vt 0.375727 0.060693
vt 0.124256 0.700483
vt 0.375727 0.0708483
vt 0.375511 0.0708483
vt 0.135691 0.700483
vt 0.375511 0.0810038
vt 0.375727 0.0810038
vt 0.375727 0.0911591
vt 0.375511 0.0911591
vt 0.0899524 0.680172
vt 0.756764 0.0565184
vt 0.756987 0.0565184
vt 0.756987 0.0668319
vt 0.756764 0.0668319
vt 0.756764 0.0771454
vt 0.756987 0.0771454
vt 0.0785179 0.690327
vt 0.756987 0.087459
vt 0.756764 0.087459
vt 0.0785179 0.700483
vt 0.375511 0.101315
vt 0.375727 0.101315
vt 0.0899524 0.690327
vt 0.375727 0.11147
vt 0.375511 0.11147
vt 0.375511 0.121625
vt 0.375727 0.121625
vt 0.0899524 0.700483
vt 0.375727 0.131781
vt 0.375511 0.131781
vt 0.0442143 0.670016
vt 0.0442143 0.659861
vt 0.756764 0.0977725
vt 0.756987 0.0977725
vt 0.0327798 0.670016
vt 0.0327798 0.659861
vt 0.756987 0.108086
vt 0.756764 0.108086
vt 0.756764 0.1184
vt 0.756987 0.1184
vt 0.0442143 0.680172
vt 0.0327798 0.680172
vt 0.756987 0.128713
vt 0.756764 0.128713
vt 0.0213452 0.670016
vt 0.0213452 0.659861
vt 0.375511 0.141936
vt 0.375727 0.141936
vt 0.391028 0.141936
vt 0.379898 0.141936
vt 0.375727 0.152091
vt 0.375511 0.152091
vt 0.375511 0.162247
vt 0.375727 0.162247
vt 0.391028 0.152091
vt 0.379898 0.152091
vt 0.375727 0.172402
vt 0.375511 0.172402
vt 0.391028 0.162247
vt 0.379898 0.162247
vt 0.01 0.141936
vt 0.01 0.131781
vt 0.0102156 0.131781
vt 0.0102156 0.141936
vt 0.391028 0.172402
vt 0.379898 0.172402
vt 0.0102156 0.152091
vt 0.01 0.152091
vt 0.0213452 0.680172
vt 0.01 0.162247
vt 0.0102156 0.162247
vt 0.0327798 0.690327
vt 0.0213452 0.690327
vt 0.0102156 0.172402
vt 0.01 0.172402
vt 0.745194 0.141936
vt 0.734064 0.141936
vt 0.745194 0.152091
vt 0.734064 0.152091
vt 0.749365 0.180281
vt 0.749365 0.169967
vt 0.749588 0.169967
vt 0.749588 0.180281
vt 0.745194 0.162247
vt 0.734064 0.162247
vt 0.375727 0.182558
vt 0.375727 0.192713
vt 0.375511 0.192713
vt 0.375511 0.182558
vt 0.375511 0.202868
vt 0.375727 0.202868
vt 0.745194 0.172402
vt 0.734064 0.172402
vt 0.749588 0.200908
vt 0.749588 0.211221
vt 0.749365 0.211221
vt 0.749365 0.200908
vt 0.0327798 0.700483
vt 0.0213452 0.700483
vt 0.0442143 0.690327
vt 0.01 0.182558
vt 0.0102156 0.182558
vt 0.756987 0.180281
vt 0.756987 0.190594
vt 0.756764 0.190594
vt 0.756764 0.180281
vt 0.756764 0.200908
vt 0.756987 0.200908
vt 0.0442143 0.700483
vt 0.0102156 0.202868
vt 0.0102156 0.213024
vt 0.01 0.213024
vt 0.01 0.202868
vt 0.391028 0.182558
vt 0.379898 0.182558
vt 0.749365 0.221535
vt 0.749588 0.221535
vt 0.375727 0.223179
vt 0.375727 0.233335
vt 0.375511 0.233335
vt 0.375511 0.223179
vt 0.391028 0.192713
vt 0.379898 0.192713
vt 0.364381 0.710638
vt 0.352947 0.710638
vt 0.749365 0.242162
vt 0.749365 0.231848
vt 0.749588 0.231848
vt 0.749588 0.242162
vt 0.375727 0.24349
vt 0.375727 0.253645
vt 0.375511 0.253645
vt 0.375511 0.24349
vt 0.364381 0.720793
vt 0.352947 0.720793
vt 0.01 0.223179
vt 0.0102156 0.223179
vt 0.391028 0.202868
vt 0.379898 0.202868
vt 0.391028 0.213024
vt 0.379898 0.213024
vt 0.756987 0.221535
vt 0.756987 0.231848
vt 0.756764 0.231848
vt 0.756764 0.221535
vt 0.756764 0.242162
vt 0.756987 0.242162
vt 0.341512 0.710638
vt 0.330078 0.710638
vt 0.0102156 0.24349
vt 0.0102156 0.253645
vt 0.01 0.253645
vt 0.01 0.24349
vt 0.749365 0.262789
vt 0.749365 0.252475
vt 0.749588 0.252475
vt 0.749588 0.262789
vt 0.341512 0.720793
vt 0.330078 0.720793
vt 0.375727 0.263801
vt 0.375727 0.273956
vt 0.375511 0.273956
vt 0.375511 0.263801
vt 0.375511 0.284112
vt 0.375727 0.284112
vt 0.352947 0.730949
vt 0.341512 0.730949
vt 0.330078 0.730949
vt 0.749588 0.283416
vt 0.749588 0.293729
vt 0.749365 0.293729
vt 0.749365 0.283416
vt 0.01 0.263801
vt 0.0102156 0.263801
vt 0.341512 0.741104
vt 0.330078 0.741104
vt 0.352947 0.741104
vt 0.756987 0.262789
vt 0.756987 0.273102
vt 0.756764 0.273102
vt 0.756764 0.262789
vt 0.01 0.284112
vt 0.01 0.273956
vt 0.0102156 0.273956
vt 0.0102156 0.284112
vt 0.745194 0.182558
vt 0.734064 0.182558
vt 0.745194 0.192713
vt 0.734064 0.192713
vt 0.756987 0.283416
vt 0.756987 0.293729
vt 0.756764 0.293729
vt 0.756764 0.283416
vt 0.749365 0.304043
vt 0.749588 0.304043
vt 0.364381 0.730949
vt 0.364381 0.741104
vt 0.375727 0.304422
vt 0.375727 0.314578
vt 0.375511 0.314578
vt 0.375511 0.304422
vt 0.749365 0.32467
vt 0.749365 0.314357
vt 0.749588 0.314357
vt 0.749588 0.32467
vt 0.745194 0.202868
vt 0.734064 0.202868
vt 0.745194 0.213024
vt 0.734064 0.213024
vt 0.375727 0.324733
vt 0.375727 0.334889
vt 0.375511 0.334889
vt 0.375511 0.324733
vt 0.01 0.304422
vt 0.01 0.294267
vt 0.0102156 0.294267
vt 0.0102156 0.304422
vt 0.318643 0.710638
vt 0.307209 0.710638
vt 0.756987 0.304043
vt 0.756987 0.314357
vt 0.756764 0.314357
vt 0.756764 0.304043
vt 0.01 0.324733
vt 0.01 0.314578
vt 0.0102156 0.314578
vt 0.0102156 0.324733
vt 0.318643 0.720793
vt 0.307209 0.720793
vt 0.756987 0.32467
vt 0.756987 0.334984
vt 0.756764 0.334984
vt 0.756764 0.32467
vt 0.749365 0.345297
vt 0.749365 0.334984
vt 0.749588 0.334984
vt 0.749588 0.345297
vt 0.295774 0.710638
vt 0.28434 0.710638
vt 0.375727 0.345044
vt 0.375727 0.355199
vt 0.375511 0.355199
vt 0.375511 0.345044
vt 0.749365 0.365924
vt 0.749365 0.355611
vt 0.749588 0.355611
vt 0.749588 0.365924
vt 0.295774 0.720793
vt 0.28434 0.720793
vt 0.375727 0.365355
vt 0.375727 0.37551
vt 0.375511 0.37551
vt 0.375511 0.365355
vt 0.01 0.345044
vt 0.01 0.334889
vt 0.0102156 0.334889
vt 0.0102156 0.345044
vt 0.307209 0.730949
vt 0.295774 0.730949
vt 0.28434 0.730949
vt 0.756987 0.345297
vt 0.756987 0.355611
vt 0.756764 0.355611
vt 0.756764 0.345297
vt 0.01 0.365355
vt 0.01 0.355199
vt 0.0102156 0.355199
vt 0.0102156 0.365355
vt 0.28434 0.741104
vt 0.756987 0.365924
vt 0.756987 0.376238
vt 0.756764 0.376238
vt 0.756764 0.365924
vt 0.749365 0.386551
vt 0.749365 0.376238
vt 0.749588 0.376238
vt 0.749588 0.386551
vt 0.318643 0.730949
vt 0.375727 0.385665
vt 0.375727 0.395821
vt 0.375511 0.395821
vt 0.375511 0.385665
vt 0.749365 0.407178
vt 0.749365 0.396865
vt 0.749588 0.396865
vt 0.749588 0.407178
vt 0.318643 0.741104
vt 0.375727 0.405976
vt 0.375727 0.416132
vt 0.375511 0.416132
vt 0.375511 0.405976
vt 0.01 0.385665
vt 0.01 0.37551
vt 0.0102156 0.37551
vt 0.0102156 0.385665
vt 0.272905 0.710638
vt 0.26147 0.710638
vt 0.756987 0.386551
vt 0.756987 0.396865
vt 0.756764 0.396865
vt 0.756764 0.386551
vt 0.01 0.405976
vt 0.01 0.395821
vt 0.0102156 0.395821
vt 0.0102156 0.405976
vt 0.272905 0.720793
vt 0.26147 0.720793
vt 0.756987 0.407178
vt 0.756987 0.417492
vt 0.756764 0.417492
vt 0.756764 0.407178
vt 0.749365 0.427805
vt 0.749365 0.417492
vt 0.749588 0.417492
vt 0.749588 0.427805
vt 0.250036 0.710638
vt 0.238601 0.710638
vt 0.375727 0.426287
vt 0.375727 0.436442
vt 0.375511 0.436442
vt 0.375511 0.426287
vt 0.749365 0.448432
vt 0.749365 0.438119
vt 0.749588 0.438119
vt 0.749588 0.448432
vt 0.250036 0.720793
vt 0.375727 0.446598
vt 0.375727 0.456753
vt 0.375511 0.456753
vt 0.375511 0.446598
vt 0.01 0.426287
vt 0.01 0.416132
vt 0.0102156 0.416132
vt 0.0102156 0.426287
vt 0.26147 0.730949
vt 0.250036 0.730949
vt 0.756987 0.427805
vt 0.756987 0.438119
vt 0.756764 0.438119
vt 0.756764 0.427805
vt 0.01 0.446598
vt 0.01 0.436442
vt 0.0102156 0.436442
vt 0.0102156 0.446598
vt 0.250036 0.741104
vt 0.26147 0.741104
vt 0.756987 0.448432
vt 0.756987 0.458746
vt 0.756764 0.458746
vt 0.756764 0.448432
vt 0.749365 0.469059
vt 0.749365 0.458746
vt 0.749588 0.458746
vt 0.749588 0.469059
vt 0.272905 0.730949
vt 0.375727 0.466909
vt 0.375727 0.477064
vt 0.375511 0.477064
vt 0.375511 0.466909
vt 0.749365 0.489686
vt 0.749365 0.479373
vt 0.749588 0.479373
vt 0.749588 0.489686
vt 0.272905 0.741104
vt 0.375727 0.487219
vt 0.375727 0.497375
vt 0.375511 0.497375
vt 0.375511 0.487219
vt 0.227167 0.710638
vt 0.01 0.466909
vt 0.01 0.456753
vt 0.0102156 0.456753
vt 0.0102156 0.466909
vt 0.756987 0.469059
vt 0.756987 0.479373
vt 0.756764 0.479373
vt 0.756764 0.469059
vt 0.215732 0.710638
vt 0.215732 0.720793
vt 0.01 0.487219
vt 0.01 0.477064
vt 0.0102156 0.477064
vt 0.0102156 0.487219
vt 0.756987 0.489686
vt 0.756987 0.5
vt 0.756764 0.5
vt 0.756764 0.489686
vt 0.749365 0.510314
vt 0.749365 0.5
vt 0.749588 0.5
vt 0.749588 0.510314
vt 0.204298 0.710638
vt 0.375727 0.50753
vt 0.375727 0.517686
vt 0.375511 0.517686
vt 0.375511 0.50753
vt 0.192863 0.710638
vt 0.204298 0.720793
vt 0.192863 0.720793
vt 0.749365 0.530941
vt 0.749365 0.520627
vt 0.749588 0.520627
vt 0.749588 0.530941
vt 0.375727 0.527841
vt 0.375727 0.537996
vt 0.375511 0.537996
vt 0.375511 0.527841
vt 0.756764 0.510314
vt 0.756987 0.510314
vt 0.215732 0.730949
vt 0.204298 0.730949
vt 0.756987 0.520627
vt 0.756764 0.520627
vt 0.192863 0.730949
vt 0.01 0.527841
vt 0.01 0.517686
vt 0.0102156 0.517686
vt 0.0102156 0.527841
vt 0.204298 0.741104
vt 0.192863 0.741104
vt 0.215732 0.741104
vt 0.0102156 0.537996
vt 0.01 0.537996
vt 0.15856 0.710638
vt 0.147125 0.710638
vt 0.15856 0.720793
vt 0.147125 0.720793
vt 0.169994 0.730949
vt 0.15856 0.730949
vt 0.147125 0.730949
vt 0.15856 0.741104
vt 0.147125 0.741104
vt 0.169994 0.741104
vt 0.181429 0.730949
vt 0.181429 0.741104
vt 0.135691 0.710638
vt 0.124256 0.710638
vt 0.135691 0.720793
vt 0.124256 0.720793
vt 0.112822 0.710638
vt 0.101387 0.710638
vt 0.112822 0.720793
vt 0.101387 0.720793
vt 0.124256 0.730949
vt 0.112822 0.730949
vt 0.101387 0.730949
vt 0.112822 0.741104
vt 0.101387 0.741104
vt 0.124256 0.741104
vt 0.135691 0.730949
vt 0.135691 0.741104
vt 0.0899524 0.710638
vt 0.0785179 0.710638
vt 0.0899524 0.720793
vt 0.0785179 0.720793
vt 0.0670834 0.710638
vt 0.0556488 0.710638
vt 0.0670834 0.720793
vt 0.0556488 0.720793
vt 0.112822 0.944212
vt 0.124256 0.944212
vt 0.0785179 0.730949
vt 0.0670834 0.730949
vt 0.0556488 0.730949
vt 0.0670834 0.741104
vt 0.0556488 0.741104
vt 0.0785179 0.741104
vt 0.0899524 0.730949
vt 0.0899524 0.741104
vt 0.0785179 0.913746
vt 0.0442143 0.710638
vt 0.0327798 0.710638
vt 0.0442143 0.720793
vt 0.0327798 0.720793
vt 0.0785179 0.923901
vt 0.0213452 0.710638
vt 0.391028 0.223179
vt 0.379898 0.223179
vt 0.391028 0.233335
vt 0.379898 0.233335
vt 0.391028 0.24349
vt 0.379898 0.24349
vt 0.391028 0.253645
vt 0.379898 0.253645
vt 0.0213452 0.720793
vt 0.0327798 0.730949
vt 0.0213452 0.730949
vt 0.745194 0.223179
vt 0.734064 0.223179
vt 0.745194 0.233335
vt 0.734064 0.233335
vt 0.745194 0.24349
vt 0.734064 0.24349
vt 0.745194 0.253645
vt 0.734064 0.253645
vt 0.0213452 0.741104
vt 0.0442143 0.730949
vt 0.391028 0.263801
vt 0.379898 0.263801
vt 0.391028 0.273956
vt 0.379898 0.273956
vt 0.364381 0.75126
vt 0.352947 0.75126
vt 0.364381 0.761415
vt 0.352947 0.761415
vt 0.391028 0.284112
vt 0.379898 0.284112
vt 0.391028 0.294267
vt 0.379898 0.294267
vt 0.341512 0.75126
vt 0.330078 0.75126
vt 0.341512 0.761415
vt 0.330078 0.761415
vt 0.352947 0.77157
vt 0.341512 0.77157
vt 0.391028 0.659861
vt 0.379898 0.659861
vt 0.0327798 0.934057
vt 0.0213452 0.934057
vt 0.330078 0.77157
vt 0.341512 0.781726
vt 0.330078 0.781726
vt 0.352947 0.781726
vt 0.745194 0.263801
vt 0.734064 0.263801
vt 0.745194 0.649706
vt 0.734064 0.649706
vt 0.745194 0.273956
vt 0.734064 0.273956
vt 0.364381 0.77157
vt 0.364381 0.781726
vt 0.745194 0.284112
vt 0.734064 0.284112
vt 0.745194 0.659861
vt 0.734064 0.659861
vt 0.0327798 0.944212
vt 0.0213452 0.944212
vt 0.745194 0.294267
vt 0.734064 0.294267
vt 0.318643 0.75126
vt 0.318643 0.761415
vt 0.0442143 0.944212
vt 0.28434 0.75126
vt 0.307209 0.77157
vt 0.391028 0.670016
vt 0.379898 0.670016
vt 0.307209 0.781726
vt 0.318643 0.77157
vt 0.318643 0.781726
vt 0.391028 0.680172
vt 0.379898 0.680172
vt 0.364381 0.954367
vt 0.352947 0.954367
vt 0.272905 0.75126
vt 0.26147 0.75126
vt 0.272905 0.761415
vt 0.26147 0.761415
vt 0.364024 0.964205
vt 0.352857 0.964443
vt 0.391028 0.690327
vt 0.379898 0.690327
vt 0.250036 0.75126
vt 0.238601 0.75126
vt 0.250036 0.761415
vt 0.238601 0.761415
vt 0.391028 0.700483
vt 0.379898 0.700483
vt 0.341512 0.954367
vt 0.26147 0.77157
vt 0.250036 0.77157
vt 0.238601 0.77157
vt 0.250036 0.781726
vt 0.238601 0.781726
vt 0.330078 0.954367
vt 0.341512 0.964523
vt 0.330078 0.964523
vt 0.26147 0.781726
vt 0.272905 0.77157
vt 0.272905 0.781726
vt 0.352589 0.974361
vt 0.341512 0.974678
vt 0.227167 0.75126
vt 0.215732 0.75126
vt 0.227167 0.761415
vt 0.215732 0.761415
vt 0.330078 0.974678
vt 0.745194 0.670016
vt 0.734064 0.670016
vt 0.204298 0.75126
vt 0.192863 0.75126
vt 0.204298 0.761415
vt 0.192863 0.761415
vt 0.745194 0.680172
vt 0.734064 0.680172
vt 0.215732 0.77157
vt 0.204298 0.77157
vt 0.192863 0.77157
vt 0.745194 0.690327
vt 0.734064 0.690327
vt 0.204298 0.781726
vt 0.192863 0.781726
vt 0.215732 0.781726
vt 0.227167 0.77157
vt 0.745194 0.700483
vt 0.734064 0.700483
vt 0.391028 0.710638
vt 0.379898 0.710638
vt 0.391028 0.720793
vt 0.379898 0.720793
vt 0.362952 0.973409
vt 0.391028 0.730949
vt 0.379898 0.730949
vt 0.391028 0.741104
vt 0.379898 0.741104
vt 0.745194 0.710638
vt 0.734064 0.710638
vt 0.745194 0.720793
vt 0.734064 0.720793
vt 0.745194 0.730949
vt 0.734064 0.730949
vt 0.318643 0.954367
vt 0.307209 0.954367
vt 0.318643 0.964523
vt 0.307209 0.964523
vt 0.295774 0.954367
vt 0.28434 0.954367
vt 0.295774 0.964523
vt 0.28434 0.964523
vt 0.307209 0.974678
vt 0.295774 0.974678
vt 0.28434 0.974678
vt 0.745194 0.741104
vt 0.734064 0.741104
vt 0.391028 0.75126
vt 0.379898 0.75126
vt 0.391028 0.761415
vt 0.379898 0.761415
vt 0.391028 0.77157
vt 0.379898 0.77157
vt 0.318643 0.974678
vt 0.391028 0.781726
vt 0.379898 0.781726
vt 0.745194 0.75126
vt 0.734064 0.75126
vt 0.745194 0.761415
vt 0.734064 0.761415
vt 0.734064 0.77157
vt 0.272905 0.954367
vt 0.26147 0.954367
vt 0.272905 0.964523
vt 0.26147 0.964523
vt 0.250036 0.954367
vt 0.238946 0.954308
vt 0.250036 0.964523
vt 0.238603 0.964415
vt 0.26147 0.974678
vt 0.250036 0.974678
vt 0.238534 0.974604
vt 0.734064 0.781726
vt 0.391028 0.791881
vt 0.379898 0.791881
vt 0.391028 0.802037
vt 0.379898 0.802037
vt 0.391028 0.812192
vt 0.272905 0.974678
vt 0.391028 0.822347
vt 0.745194 0.791881
vt 0.734064 0.791881
vt 0.745194 0.802037
vt 0.734064 0.802037
vt 0.745194 0.812192
vt 0.734064 0.812192
vt 0.14678 0.954308
vt 0.135691 0.954367
vt 0.124256 0.954367
vt 0.135691 0.964523
vt 0.124256 0.964523
vt 0.147124 0.964415
vt 0.112822 0.954367
vt 0.112822 0.964523
vt 0.124256 0.974678
vt 0.112822 0.974678
vt 0.101387 0.974678
vt 0.745194 0.822347
vt 0.734064 0.822347
vt 0.391028 0.832503
vt 0.379898 0.832503
vt 0.391028 0.842658
vt 0.379898 0.842658
vt 0.391028 0.852813
vt 0.379898 0.852813
vt 0.147193 0.974604
vt 0.135691 0.974678
vt 0.391028 0.862969
vt 0.379898 0.862969
vt 0.745194 0.832503
vt 0.734064 0.832503
vt 0.745194 0.842658
vt 0.734064 0.842658
vt 0.745194 0.852813
vt 0.734064 0.852813
vt 0.0785179 0.954367
vt 0.0556488 0.964523
vt 0.0556488 0.974678
vt 0.745194 0.862969
vt 0.734064 0.862969
vt 0.391028 0.893435
vt 0.379898 0.893435
vt 0.0899524 0.974678
vt 0.391028 0.90359
vt 0.379898 0.90359
vt 0.745194 0.873124
vt 0.734064 0.873124
vt 0.745194 0.88328
vt 0.734064 0.88328
vt 0.745194 0.893435
vt 0.734064 0.893435
vt 0.0442143 0.954367
vt 0.0327798 0.954367
vt 0.0442143 0.964523
vt 0.0328691 0.964443
vt 0.227167 0.781726
vt 0.0213452 0.954367
vt 0.745194 0.90359
vt 0.734064 0.90359
vt 0.375511 0.548152
vt 0.375727 0.548152
vt 0.375727 0.558307
vt 0.375511 0.558307
vt 0.391028 0.913746
vt 0.379898 0.913746
vt 0.391028 0.923901
vt 0.379898 0.923901
vt 0.749365 0.572195
vt 0.749365 0.561881
vt 0.749588 0.561881
vt 0.749588 0.572195
vt 0.391028 0.934057
vt 0.379898 0.934057
vt 0.749588 0.582508
vt 0.749365 0.582508
vt 0.0217026 0.964205
vt 0.0331371 0.974361
vt 0.0227745 0.973409
vt 0.391028 0.944212
vt 0.379898 0.944212
vt 0.745194 0.913746
vt 0.734064 0.913746
vt 0.745194 0.923901
vt 0.734064 0.923901
vt 0.745194 0.934057
vt 0.734064 0.934057
vt 0.745194 0.944212
vt 0.734064 0.944212
vt 0.391028 0.954367
vt 0.379898 0.954367
vt 0.391385 0.964205
vt 0.380613 0.963897
vt 0.0442143 0.974678
vt 0.413897 0.974678
vt 0.425332 0.974678
vt 0.425332 0.984547
vt 0.413897 0.984547
vt 0.403167 0.983912
vt 0.40282 0.974361
vt 0.392457 0.973409
vt 0.382754 0.972178
vt 0.393841 0.982011
vt 0.226743 0.914163
vt 0.215096 0.913933
vt 0.38695 0.978278
vt 0.226943 0.924542
vt 0.170631 0.913933
vt 0.158984 0.914163
vt 0.158783 0.924542
vt 0.459635 0.974678
vt 0.47107 0.974678
vt 0.47107 0.984547
vt 0.459635 0.984547
vt 0.226896 0.97438
vt 0.227173 0.964091
vt 0.448201 0.974678
vt 0.448201 0.984547
vt 0.436766 0.974678
vt 0.436766 0.984547
vt 0.516876 0.974604
vt 0.51681 0.984547
vt 0.505373 0.984547
vt 0.505373 0.974678
vt 0.493939 0.974678
vt 0.493939 0.984547
vt 0.482504 0.974678
vt 0.482504 0.984547
vt 0.158553 0.964091
vt 0.158831 0.97438
vt 0.642588 0.974678
vt 0.654022 0.974678
vt 0.654022 0.984547
vt 0.642588 0.984547
vt 0.631153 0.974678
vt 0.631153 0.984547
vt 0.619719 0.974678
vt 0.619719 0.984547
vt 0.203874 0.912407
vt 0.192863 0.91132
vt 0.608216 0.974604
vt 0.608282 0.984547
vt 0.688326 0.974678
vt 0.69976 0.974678
vt 0.69976 0.984547
vt 0.688326 0.984547
vt 0.676891 0.974678
vt 0.676891 0.984547
vt 0.665457 0.974678
vt 0.665457 0.984547
vt 0.228393 0.934534
vt 0.745194 0.954367
vt 0.734064 0.954367
vt 0.744479 0.963897
vt 0.733707 0.964205
vt 0.742338 0.972178
vt 0.732635 0.973409
vt 0.229469 0.944331
vt 0.181853 0.912407
vt 0.738142 0.978278
vt 0.731251 0.982011
vt 0.722272 0.974361
vt 0.721925 0.983912
vt 0.711195 0.974678
vt 0.711195 0.984547
vt 0.157333 0.934534
vt 0.156257 0.944331
vt 0.542898 0.926764
vt 0.528466 0.924542
vt 0.528667 0.914163
vt 0.540313 0.913933
vt 0.582194 0.926764
vt 0.584779 0.913933
vt 0.596425 0.914163
vt 0.596626 0.924542
vt 0.542435 0.962198
vt 0.528513 0.97438
vt 0.528236 0.964091
vt 0.52825 0.984547
vt 0.228547 0.954129
vt 0.582657 0.962198
vt 0.596856 0.964091
vt 0.596579 0.97438
vt 0.585009 0.97473
vt 0.596842 0.984547
vt 0.585404 0.984547
vt 0.551536 0.912407
vt 0.562546 0.91132
vt 0.562546 0.918763
vt 0.551946 0.920937
vt 0.536919 0.934997
vt 0.527016 0.934534
vt 0.573146 0.920937
vt 0.573556 0.912407
vt 0.598076 0.934534
vt 0.599152 0.944331
vt 0.590325 0.944447
vt 0.588173 0.934997
vt 0.15718 0.954129
vt 0.551644 0.968204
vt 0.562546 0.970497
vt 0.562546 0.977522
vt 0.562546 0.984547
vt 0.58848 0.953898
vt 0.598229 0.954129
vt 0.573971 0.984547
vt 0.57371 0.976375
vt 0.573448 0.968204
vt 0.0522798 0.989665
vt 0.0628067 0.989665
vt 0.0628067 0.989865
vt 0.0522798 0.989865
vt 0.573441 0.968001
vt 0.58257 0.962146
vt 0.562546 0.970294
vt 0.0416631 0.989865
vt 0.0416631 0.989665
vt 0.566293 0.989693
vt 0.577203 0.989693
vt 0.577203 0.989916
vt 0.566293 0.989916
vt 0.756764 0.551568
vt 0.756764 0.541254
vt 0.756987 0.541254
vt 0.756987 0.551568
vt 0.573978 0.98475
vt 0.562546 0.98475
vt 0.585412 0.98475
vt 0.555381 0.989916
vt 0.555381 0.989693
vt 0.756987 0.561881
vt 0.756764 0.561881
vt 0.762753 0.0455686
vt 0.762753 0.0358178
vt 0.762953 0.0358178
vt 0.762953 0.0455686
vt 0.588264 0.953893
vt 0.590109 0.94445
vt 0.756764 0.572195
vt 0.756987 0.572195
vt 0.756987 0.582508
vt 0.756764 0.582508
vt 0.762953 0.0555395
vt 0.762753 0.0555395
vt 0.588113 0.989693
vt 0.588113 0.989916
vt 0.551114 0.98475
vt 0.551651 0.968001
vt 0.0310464 0.989865
vt 0.0310464 0.989665
vt 0.542522 0.962146
vt 0.0205194 0.989865
vt 0.0205194 0.989665
vt 0.599025 0.989693
vt 0.599025 0.989916
vt 0.53968 0.98475
vt 0.761588 0.0891491
vt 0.761588 0.09912
vt 0.761388 0.09912
vt 0.761388 0.0891491
vt 0.536828 0.953893
vt 0.534983 0.94445
vt 0.761388 0.0793983
vt 0.761588 0.0793983
vt 0.762753 0.0260103
vt 0.762753 0.0160111
vt 0.762953 0.0160111
vt 0.762953 0.0260103
vt 0.587957 0.935007
vt 0.582139 0.926845
vt 0.771701 0.0113611
vt 0.782019 0.0113611
vt 0.782019 0.0115604
vt 0.771701 0.0115604
vt 0.573136 0.92114
vt 0.562546 0.918966
vt 0.761388 0.0115604
vt 0.761388 0.0113611
vt 0.537135 0.935007
vt 0.761388 0.0695908
vt 0.761588 0.0695908
vt 0.542953 0.926845
vt 0.761388 0.0595916
vt 0.761588 0.0595916
vt 0.792336 0.0113611
vt 0.80265 0.0113611
vt 0.80265 0.0115604
vt 0.792336 0.0115604
vt 0.551956 0.92114
vt 0.596847 0.98475
vt 0.544468 0.989916
vt 0.544468 0.989693
vt 0.608284 0.98475
vt 0.533553 0.989916
vt 0.533553 0.989693
vt 0.609939 0.989693
vt 0.620853 0.989693
vt 0.620853 0.989916
vt 0.609939 0.989916
vt 0.528244 0.98475
vt 0.516808 0.98475
vt 0.435339 0.989693
vt 0.446252 0.989693
vt 0.446252 0.989916
vt 0.435339 0.989916
vt 0.711195 0.98475
vt 0.69976 0.98475
vt 0.721918 0.984115
vt 0.425086 0.989916
vt 0.425086 0.989693
vt 0.731219 0.982212
vt 0.416002 0.989916
vt 0.416002 0.989693
vt 0.742551 0.972151
vt 0.73829 0.978425
vt 0.755376 0.99
vt 0.755376 0.982439
vt 0.755599 0.982439
vt 0.755599 0.99
vt 0.408235 0.989916
vt 0.408235 0.989693
vt 0.744695 0.96389
vt 0.755376 0.973804
vt 0.755599 0.973804
vt 0.745409 0.954367
vt 0.755376 0.964109
vt 0.755599 0.964109
vt 0.745409 0.944212
vt 0.755376 0.953795
vt 0.755599 0.953795
vt 0.47899 0.989693
vt 0.47899 0.989916
vt 0.665457 0.98475
vt 0.654022 0.98475
vt 0.676891 0.98475
vt 0.468077 0.989916
vt 0.468077 0.989693
vt 0.688326 0.98475
vt 0.457165 0.989916
vt 0.457165 0.989693
vt 0.619719 0.98475
vt 0.52264 0.989916
vt 0.52264 0.989693
vt 0.631153 0.98475
vt 0.642588 0.98475
vt 0.653592 0.989693
vt 0.664504 0.989693
vt 0.664504 0.989916
vt 0.653592 0.989916
vt 0.482504 0.98475
vt 0.47107 0.98475
vt 0.493939 0.98475
vt 0.642679 0.989916
vt 0.642679 0.989693
vt 0.505373 0.98475
vt 0.631766 0.989916
vt 0.631766 0.989693
vt 0.697242 0.989693
vt 0.708155 0.989693
vt 0.708155 0.989916
vt 0.697242 0.989916
vt 0.436766 0.98475
vt 0.425332 0.98475
vt 0.448201 0.98475
vt 0.68633 0.989916
vt 0.68633 0.989693
vt 0.459635 0.98475
vt 0.675417 0.989916
vt 0.675417 0.989693
vt 0.393873 0.982212
vt 0.386801 0.978425
vt 0.746171 0.989916
vt 0.738405 0.989916
vt 0.738405 0.989693
vt 0.746171 0.989693
vt 0.750753 0.99
vt 0.750753 0.982439
vt 0.750976 0.982439
vt 0.750976 0.99
vt 0.382541 0.972151
vt 0.375511 0.588773
vt 0.375511 0.578618
vt 0.375727 0.578618
vt 0.375727 0.588773
vt 0.403174 0.984115
vt 0.375727 0.598929
vt 0.375511 0.598929
vt 0.729321 0.989916
vt 0.729321 0.989693
vt 0.750753 0.973804
vt 0.750976 0.973804
vt 0.380397 0.96389
vt 0.413897 0.98475
vt 0.719067 0.989916
vt 0.719067 0.989693
vt 0.750753 0.964109
vt 0.750976 0.964109
vt 0.379683 0.954367
vt 0.750753 0.953795
vt 0.750976 0.953795
vt 0.379683 0.944212
vt 0.745409 0.934057
vt 0.755376 0.943482
vt 0.755599 0.943482
vt 0.745409 0.923901
vt 0.755376 0.933168
vt 0.755599 0.933168
vt 0.745409 0.913746
vt 0.755376 0.922854
vt 0.755599 0.922854
vt 0.745409 0.90359
vt 0.755376 0.912541
vt 0.755599 0.912541
vt 0.750753 0.943482
vt 0.750976 0.943482
vt 0.379683 0.934057
vt 0.750753 0.933168
vt 0.750976 0.933168
vt 0.379683 0.923901
vt 0.750753 0.922855
vt 0.750976 0.922855
vt 0.379683 0.913746
vt 0.750753 0.912541
vt 0.750976 0.912541
vt 0.379683 0.90359
vt 0.745409 0.893435
vt 0.755376 0.902227
vt 0.755599 0.902227
vt 0.745409 0.88328
vt 0.755376 0.891914
vt 0.755599 0.891914
vt 0.745409 0.873124
vt 0.755376 0.8816
vt 0.755599 0.8816
vt 0.745409 0.862969
vt 0.755376 0.871287
vt 0.755599 0.871287
vt 0.750753 0.902228
vt 0.750976 0.902228
vt 0.379683 0.893435
vt 0.750753 0.891914
vt 0.750976 0.891914
vt 0.379683 0.88328
vt 0.750753 0.8816
vt 0.750976 0.8816
vt 0.379683 0.873124
vt 0.750753 0.871287
vt 0.750976 0.871287
vt 0.379683 0.862969
vt 0.745409 0.852813
vt 0.755376 0.860973
vt 0.755599 0.860973
vt 0.745409 0.842658
vt 0.755376 0.85066
vt 0.755599 0.85066
vt 0.745409 0.832503
vt 0.755376 0.840346
vt 0.755599 0.840346
vt 0.745409 0.822347
vt 0.755376 0.830033
vt 0.755599 0.830033
vt 0.750753 0.860973
vt 0.750976 0.860973
vt 0.379683 0.852813
vt 0.750753 0.85066
vt 0.750976 0.85066
vt 0.379683 0.842658
vt 0.750753 0.840346
vt 0.750976 0.840346
vt 0.379683 0.832503
vt 0.750753 0.830033
vt 0.750976 0.830033
vt 0.745409 0.812192
vt 0.755376 0.819719
vt 0.755599 0.819719
vt 0.745409 0.802037
vt 0.755376 0.809406
vt 0.755599 0.809406
vt 0.745409 0.791881
vt 0.750753 0.819719
vt 0.750976 0.819719
vt 0.379683 0.802037
vt 0.379683 0.791881
vt 0.750753 0.788779
vt 0.750976 0.788779
vt 0.379683 0.781726
vt 0.755376 0.778465
vt 0.755599 0.778465
vt 0.745409 0.761415
vt 0.755376 0.768152
vt 0.755599 0.768152
vt 0.745409 0.75126
vt 0.755376 0.757838
vt 0.755599 0.757838
vt 0.745409 0.741104
vt 0.755376 0.747525
vt 0.755599 0.747525
vt 0.750753 0.778465
vt 0.750976 0.778465
vt 0.379683 0.77157
vt 0.750753 0.768152
vt 0.750976 0.768152
vt 0.379683 0.761415
vt 0.750753 0.757838
vt 0.750976 0.757838
vt 0.379683 0.75126
vt 0.750753 0.747525
vt 0.750976 0.747525
vt 0.379683 0.741104
vt 0.375511 0.609084
vt 0.375727 0.609084
vt 0.745409 0.730949
vt 0.375727 0.619239
vt 0.375511 0.619239
vt 0.755376 0.737211
vt 0.755599 0.737211
vt 0.745409 0.720793
vt 0.755376 0.726897
vt 0.755599 0.726897
vt 0.745409 0.710638
vt 0.755376 0.716584
vt 0.755599 0.716584
vt 0.745409 0.700483
vt 0.755376 0.70627
vt 0.755599 0.70627
vt 0.750753 0.737211
vt 0.750976 0.737211
vt 0.379683 0.730949
vt 0.750753 0.726898
vt 0.750976 0.726898
vt 0.379683 0.720793
vt 0.750753 0.716584
vt 0.750976 0.716584
vt 0.379683 0.710638
vt 0.750753 0.70627
vt 0.750976 0.70627
vt 0.379683 0.700483
vt 0.745409 0.690327
vt 0.755376 0.695957
vt 0.755599 0.695957
vt 0.745409 0.680172
vt 0.755376 0.685643
vt 0.755599 0.685643
vt 0.745409 0.670016
vt 0.755376 0.67533
vt 0.755599 0.67533
vt 0.745409 0.659861
vt 0.755376 0.665016
vt 0.755599 0.665016
vt 0.750753 0.695957
vt 0.750976 0.695957
vt 0.379683 0.690327
vt 0.750753 0.685643
vt 0.750976 0.685643
vt 0.379683 0.680172
vt 0.750753 0.67533
vt 0.750976 0.67533
vt 0.379683 0.670016
vt 0.750753 0.665016
vt 0.750976 0.665016
vt 0.379683 0.659861
vt 0.745409 0.649706
vt 0.755376 0.654703
vt 0.755599 0.654703
vt 0.745409 0.63955
vt 0.755376 0.644389
vt 0.755599 0.644389
vt 0.745409 0.629395
vt 0.755376 0.634076
vt 0.755599 0.634076
vt 0.745409 0.61924
vt 0.755376 0.623762
vt 0.755599 0.623762
vt 0.750753 0.654703
vt 0.750976 0.654703
vt 0.379683 0.649706
vt 0.750753 0.644389
vt 0.750976 0.644389
vt 0.379683 0.63955
vt 0.750753 0.634076
vt 0.750976 0.634076
vt 0.379683 0.629395
vt 0.750753 0.623762
vt 0.750976 0.623762
vt 0.379683 0.61924
vt 0.745409 0.609084
vt 0.755376 0.613449
vt 0.755599 0.613449
vt 0.745409 0.598929
vt 0.755376 0.603135
vt 0.755599 0.603135
vt 0.745409 0.588773
vt 0.755376 0.592822
vt 0.755599 0.592822
vt 0.745409 0.578618
vt 0.755376 0.582508
vt 0.755599 0.582508
vt 0.750753 0.613449
vt 0.750976 0.613449
vt 0.379683 0.609084
vt 0.750753 0.603135
vt 0.750976 0.603135
vt 0.379683 0.598929
vt 0.750753 0.592822
vt 0.750976 0.592822
vt 0.379683 0.588773
vt 0.750753 0.582508
vt 0.750976 0.582508
vt 0.379683 0.578618
vt 0.745409 0.568462
vt 0.755376 0.572195
vt 0.755599 0.572195
vt 0.745409 0.558307
vt 0.755376 0.561881
vt 0.755599 0.561881
vt 0.745409 0.548152
vt 0.755376 0.551568
vt 0.755599 0.551568
vt 0.750753 0.572195
vt 0.750976 0.572195
vt 0.750753 0.561881
vt 0.750976 0.561881
vt 0.750753 0.551568
vt 0.750976 0.551568
vt 0.750753 0.541254
vt 0.750976 0.541254
vt 0.379683 0.537996
vt 0.745409 0.517686
vt 0.755376 0.520627
vt 0.755599 0.520627
vt 0.745409 0.497375
vt 0.745409 0.50753
vt 0.755376 0.510314
vt 0.755376 0.5
vt 0.755599 0.5
vt 0.755599 0.510314
vt 0.750753 0.530941
vt 0.750976 0.530941
vt 0.379683 0.527841
vt 0.379898 0.527841
vt 0.750753 0.520627
vt 0.750976 0.520627
vt 0.379683 0.517686
vt 0.379898 0.517686
vt 0.750753 0.510314
vt 0.750976 0.510314
vt 0.379683 0.50753
vt 0.379898 0.50753
vt 0.750753 0.5
vt 0.750976 0.5
vt 0.379683 0.497375
vt 0.379898 0.497375
vt 0.745409 0.487219
vt 0.756764 0.592822
vt 0.756987 0.592822
vt 0.755376 0.489686
vt 0.755599 0.489686
vt 0.745194 0.477064
vt 0.745409 0.477064
vt 0.755376 0.479373
vt 0.755599 0.479373
vt 0.756987 0.603135
vt 0.756764 0.603135
vt 0.745409 0.466909
vt 0.755376 0.469059
vt 0.755599 0.469059
vt 0.756764 0.613449
vt 0.756987 0.613449
vt 0.745409 0.456753
vt 0.756987 0.623762
vt 0.756764 0.623762
vt 0.755376 0.458746
vt 0.755599 0.458746
vt 0.750753 0.489686
vt 0.750976 0.489686
vt 0.379683 0.487219
vt 0.750753 0.479373
vt 0.750976 0.479373
vt 0.379683 0.477064
vt 0.750753 0.469059
vt 0.750976 0.469059
vt 0.379683 0.466909
vt 0.379898 0.466909
vt 0.750753 0.458746
vt 0.750976 0.458746
vt 0.379683 0.456753
vt 0.379898 0.456753
vt 0.745194 0.446598
vt 0.745409 0.446598
vt 0.755376 0.448432
vt 0.755599 0.448432
vt 0.745194 0.436442
vt 0.745409 0.436442
vt 0.755376 0.438119
vt 0.755599 0.438119
vt 0.745194 0.426287
vt 0.745409 0.426287
vt 0.755376 0.427805
vt 0.755599 0.427805
vt 0.745194 0.416132
vt 0.745409 0.416132
vt 0.755376 0.417492
vt 0.755599 0.417492
vt 0.750753 0.448432
vt 0.750976 0.448432
vt 0.379683 0.446598
vt 0.379898 0.446598
vt 0.750753 0.438119
vt 0.750976 0.438119
vt 0.379683 0.436442
vt 0.379898 0.436442
vt 0.750753 0.427805
vt 0.750976 0.427805
vt 0.379683 0.426287
vt 0.379898 0.426287
vt 0.750753 0.417492
vt 0.750976 0.417492
vt 0.379683 0.416132
vt 0.379898 0.416132
vt 0.745194 0.405976
vt 0.745409 0.405976
vt 0.755376 0.407178
vt 0.755599 0.407178
vt 0.745194 0.395821
vt 0.745409 0.395821
vt 0.755376 0.396865
vt 0.755599 0.396865
vt 0.745194 0.385665
vt 0.745409 0.385665
vt 0.755376 0.386551
vt 0.755599 0.386551
vt 0.745194 0.37551
vt 0.745409 0.37551
vt 0.755376 0.376238
vt 0.755599 0.376238
vt 0.750753 0.407178
vt 0.750976 0.407178
vt 0.379683 0.405976
vt 0.379898 0.405976
vt 0.750753 0.396865
vt 0.750976 0.396865
vt 0.379683 0.395821
vt 0.379898 0.395821
vt 0.750753 0.386551
vt 0.750976 0.386551
vt 0.379683 0.385665
vt 0.379898 0.385665
vt 0.750753 0.376238
vt 0.750976 0.376238
vt 0.379683 0.37551
vt 0.379898 0.37551
vt 0.745194 0.365355
vt 0.745409 0.365355
vt 0.755376 0.365924
vt 0.755599 0.365924
vt 0.745194 0.355199
vt 0.745409 0.355199
vt 0.755376 0.355611
vt 0.755599 0.355611
vt 0.745194 0.345044
vt 0.745409 0.345044
vt 0.755376 0.345297
vt 0.755599 0.345297
vt 0.745194 0.334889
vt 0.745409 0.334889
vt 0.755376 0.334984
vt 0.755599 0.334984
vt 0.750753 0.365924
vt 0.750976 0.365924
vt 0.379683 0.365355
vt 0.379898 0.365355
vt 0.750753 0.355611
vt 0.750976 0.355611
vt 0.379683 0.355199
vt 0.379898 0.355199
vt 0.750753 0.345297
vt 0.750976 0.345297
vt 0.379683 0.345044
vt 0.379898 0.345044
vt 0.750753 0.334984
vt 0.750976 0.334984
vt 0.379683 0.334889
vt 0.379898 0.334889
vt 0.745194 0.324733
vt 0.745409 0.324733
vt 0.755376 0.32467
vt 0.755599 0.32467
vt 0.745194 0.314578
vt 0.745409 0.314578
vt 0.755376 0.314357
vt 0.755599 0.314357
vt 0.745194 0.304422
vt 0.745409 0.304422
vt 0.755376 0.304043
vt 0.755599 0.304043
vt 0.745409 0.294267
vt 0.755376 0.293729
vt 0.755599 0.293729
vt 0.750753 0.32467
vt 0.750976 0.32467
vt 0.379683 0.324733
vt 0.379898 0.324733
vt 0.750753 0.314357
vt 0.750976 0.314357
vt 0.379683 0.314578
vt 0.379898 0.314578
vt 0.750753 0.304043
vt 0.750976 0.304043
vt 0.379683 0.304422
vt 0.379898 0.304422
vt 0.750753 0.293729
vt 0.750976 0.293729
vt 0.755376 0.283416
vt 0.755376 0.273102
vt 0.755599 0.273102
vt 0.755599 0.283416
vt 0.745409 0.253645
vt 0.745409 0.263801
vt 0.750753 0.273102
vt 0.750753 0.262789
vt 0.750976 0.262789
vt 0.750976 0.273102
vt 0.379683 0.273956
vt 0.379683 0.263801
vt 0.745409 0.233335
vt 0.745409 0.24349
vt 0.755376 0.242162
vt 0.755376 0.231848
vt 0.755599 0.231848
vt 0.755599 0.242162
vt 0.750753 0.252475
vt 0.750753 0.242162
vt 0.750976 0.242162
vt 0.750976 0.252475
vt 0.379683 0.253645
vt 0.379683 0.24349
vt 0.750753 0.221535
vt 0.750753 0.211221
vt 0.750976 0.211221
vt 0.750976 0.221535
vt 0.379683 0.223179
vt 0.379683 0.213024
vt 0.745409 0.182558
vt 0.745409 0.192713
vt 0.755376 0.190594
vt 0.755376 0.180281
vt 0.755599 0.180281
vt 0.755599 0.190594
vt 0.750753 0.200908
vt 0.750753 0.190594
vt 0.750976 0.190594
vt 0.750976 0.200908
vt 0.379683 0.202868
vt 0.379683 0.192713
vt 0.745409 0.162247
vt 0.745409 0.172402
vt 0.755376 0.169967
vt 0.755376 0.159654
vt 0.755599 0.159654
vt 0.755599 0.169967
vt 0.745409 0.131781
vt 0.745409 0.141936
vt 0.755376 0.139027
vt 0.755376 0.128713
vt 0.755599 0.128713
vt 0.755599 0.139027
vt 0.375511 0.629395
vt 0.375727 0.629395
vt 0.750753 0.14934
vt 0.750753 0.139027
vt 0.750976 0.139027
vt 0.750976 0.14934
vt 0.379683 0.152091
vt 0.379683 0.141936
vt 0.745409 0.11147
vt 0.745409 0.121625
vt 0.375727 0.63955
vt 0.375511 0.63955
vt 0.755376 0.1184
vt 0.755376 0.108086
vt 0.755599 0.108086
vt 0.755599 0.1184
vt 0.750753 0.128713
vt 0.750753 0.1184
vt 0.750976 0.1184
vt 0.750976 0.128713
vt 0.375511 0.649706
vt 0.375727 0.649706
vt 0.379683 0.131781
vt 0.379683 0.121625
vt 0.375727 0.659861
vt 0.375511 0.659861
vt 0.750753 0.0977725
vt 0.750753 0.087459
vt 0.750976 0.087459
vt 0.750976 0.0977725
vt 0.756764 0.634076
vt 0.756987 0.634076
vt 0.379683 0.101315
vt 0.379683 0.0911591
vt 0.745194 0.0708484
vt 0.745194 0.060693
vt 0.745409 0.060693
vt 0.745409 0.0708484
vt 0.755376 0.0668319
vt 0.755376 0.0565184
vt 0.755599 0.0565184
vt 0.755599 0.0668319
vt 0.756987 0.644389
vt 0.756764 0.644389
vt 0.750753 0.0771454
vt 0.750753 0.0668319
vt 0.750976 0.0668319
vt 0.750976 0.0771454
vt 0.756764 0.654703
vt 0.756987 0.654703
vt 0.379683 0.0810038
vt 0.379683 0.0708484
vt 0.379898 0.0708484
vt 0.379898 0.0810038
vt 0.745194 0.0505376
vt 0.745194 0.0403822
vt 0.745409 0.0403822
vt 0.745409 0.0505376
vt 0.755376 0.0462049
vt 0.755376 0.0358914
vt 0.755599 0.0358914
vt 0.755599 0.0462049
vt 0.756987 0.665016
vt 0.756764 0.665016
vt 0.738142 0.0164709
vt 0.731251 0.0127383
vt 0.731219 0.0125379
vt 0.73829 0.016324
vt 0.375511 0.670016
vt 0.375727 0.670016
vt 0.405039 0.989916
vt 0.397273 0.989916
vt 0.397273 0.989693
vt 0.405039 0.989693
vt 0.721925 0.0108373
vt 0.711195 0.0102027
vt 0.711195 0.01
vt 0.721918 0.0106347
vt 0.388189 0.989916
vt 0.377935 0.989916
vt 0.377935 0.989693
vt 0.388189 0.989693
vt 0.375727 0.680172
vt 0.375511 0.680172
vt 0.688326 0.0102027
vt 0.676891 0.0102027
vt 0.676891 0.01
vt 0.688326 0.01
vt 0.375511 0.690327
vt 0.375727 0.690327
vt 0.35611 0.989916
vt 0.345198 0.989916
vt 0.345198 0.989693
vt 0.35611 0.989693
vt 0.654022 0.0102027
vt 0.642588 0.0102027
vt 0.642588 0.01
vt 0.654022 0.01
vt 0.323372 0.989916
vt 0.31246 0.989916
vt 0.31246 0.989693
vt 0.323372 0.989693
vt 0.375727 0.700483
vt 0.375511 0.700483
vt 0.619719 0.0102027
vt 0.608284 0.0102027
vt 0.608284 0.01
vt 0.619719 0.01
vt 0.756764 0.67533
vt 0.756987 0.67533
vt 0.290635 0.989916
vt 0.279722 0.989916
vt 0.279722 0.989693
vt 0.290635 0.989693
vt 0.585415 0.0102027
vt 0.573981 0.0102027
vt 0.573981 0.01
vt 0.585415 0.01
vt 0.257897 0.989916
vt 0.246985 0.989916
vt 0.246985 0.989693
vt 0.257897 0.989693
vt 0.756987 0.685643
vt 0.756764 0.685643
vt 0.551111 0.0102027
vt 0.539677 0.0102027
vt 0.539677 0.01
vt 0.551111 0.01
vt 0.756764 0.695957
vt 0.756987 0.695957
vt 0.22516 0.989916
vt 0.214247 0.989916
vt 0.214247 0.989693
vt 0.22516 0.989693
vt 0.516808 0.0102027
vt 0.505373 0.0102027
vt 0.505373 0.01
vt 0.516808 0.01
vt 0.749365 0.551568
vt 0.749365 0.541254
vt 0.749588 0.541254
vt 0.749588 0.551568
vt 0.756987 0.70627
vt 0.756764 0.70627
vt 0.375511 0.710638
vt 0.375727 0.710638
vt 0.375511 0.568462
vt 0.375727 0.568462
vt 0.01 0.548152
vt 0.0102156 0.548152
vt 0.375727 0.720793
vt 0.375511 0.720793
vt 0.0102156 0.558307
vt 0.01 0.558307
vt 0.375511 0.730949
vt 0.375727 0.730949
vt 0.01 0.568462
vt 0.0102156 0.568462
vt 0.0102156 0.578618
vt 0.01 0.578618
vt 0.749365 0.592822
vt 0.749588 0.592822
vt 0.375727 0.741104
vt 0.375511 0.741104
vt 0.749588 0.603135
vt 0.749365 0.603135
vt 0.756764 0.716584
vt 0.756987 0.716584
vt 0.749365 0.613449
vt 0.749588 0.613449
vt 0.749588 0.623762
vt 0.749365 0.623762
vt 0.01 0.588773
vt 0.0102156 0.588773
vt 0.756987 0.726897
vt 0.756764 0.726897
vt 0.0102156 0.598929
vt 0.01 0.598929
vt 0.756764 0.737211
vt 0.756987 0.737211
vt 0.01 0.609084
vt 0.0102156 0.609084
vt 0.0102156 0.619239
vt 0.01 0.619239
vt 0.749365 0.634076
vt 0.749588 0.634076
vt 0.756987 0.747525
vt 0.756764 0.747525
vt 0.749588 0.644389
vt 0.749365 0.644389
vt 0.375511 0.75126
vt 0.375727 0.75126
vt 0.749365 0.654703
vt 0.749588 0.654703
vt 0.749588 0.665016
vt 0.749365 0.665016
vt 0.01 0.629395
vt 0.0102156 0.629395
vt 0.375727 0.761415
vt 0.375511 0.761415
vt 0.0102156 0.63955
vt 0.01 0.63955
vt 0.375511 0.77157
vt 0.375727 0.77157
vt 0.01 0.649706
vt 0.0102156 0.649706
vt 0.0102156 0.659861
vt 0.01 0.659861
vt 0.749365 0.67533
vt 0.749588 0.67533
vt 0.375727 0.781726
vt 0.375511 0.781726
vt 0.749588 0.685643
vt 0.749365 0.685643
vt 0.756764 0.757838
vt 0.756987 0.757838
vt 0.749365 0.695957
vt 0.749588 0.695957
vt 0.749588 0.70627
vt 0.749365 0.70627
vt 0.01 0.670016
vt 0.0102156 0.670016
vt 0.756987 0.768152
vt 0.756764 0.768152
vt 0.0102156 0.680172
vt 0.01 0.680172
vt 0.756764 0.778465
vt 0.756987 0.778465
vt 0.01 0.690327
vt 0.0102156 0.690327
vt 0.0102156 0.700483
vt 0.01 0.700483
vt 0.749365 0.716584
vt 0.749588 0.716584
vt 0.756987 0.788779
vt 0.756764 0.788779
vt 0.749588 0.726898
vt 0.749365 0.726898
vt 0.375511 0.791881
vt 0.375727 0.791881
vt 0.749365 0.737211
vt 0.749588 0.737211
vt 0.749588 0.747525
vt 0.749365 0.747525
vt 0.01 0.710638
vt 0.0102156 0.710638
vt 0.375727 0.802037
vt 0.375511 0.802037
vt 0.375511 0.812192
vt 0.375727 0.812192
vt 0.0102156 0.720793
vt 0.01 0.720793
vt 0.375727 0.822347
vt 0.375511 0.822347
vt 0.01 0.730949
vt 0.0102156 0.730949
vt 0.0102156 0.741104
vt 0.01 0.741104
vt 0.749365 0.757838
vt 0.749588 0.757838
vt 0.01 0.791881
vt 0.01 0.781726
vt 0.0102156 0.781726
vt 0.0102156 0.791881
vt 0.749588 0.768152
vt 0.749365 0.768152
vt 0.0102156 0.802037
vt 0.01 0.802037
vt 0.749365 0.778465
vt 0.749588 0.778465
vt 0.749588 0.788779
vt 0.749365 0.788779
vt 0.01 0.75126
vt 0.0102156 0.75126
vt 0.756764 0.819719
vt 0.756764 0.809406
vt 0.756987 0.809406
vt 0.756987 0.819719
vt 0.0102156 0.761415
vt 0.01 0.761415
vt 0.756987 0.830033
vt 0.756764 0.830033
vt 0.01 0.77157
vt 0.0102156 0.77157
vt 0.749365 0.799092
vt 0.749588 0.799092
vt 0.749365 0.840346
vt 0.749365 0.830033
vt 0.749588 0.830033
vt 0.749588 0.840346
vt 0.749588 0.809406
vt 0.749365 0.809406
vt 0.749588 0.85066
vt 0.749365 0.85066
vt 0.749365 0.819719
vt 0.749588 0.819719
vt 0.756764 0.799092
vt 0.756987 0.799092
vt 0.375511 0.852813
vt 0.375511 0.842658
vt 0.375727 0.842658
vt 0.375727 0.852813
vt 0.375727 0.862969
vt 0.375511 0.862969
vt 0.01 0.812192
vt 0.0102156 0.812192
vt 0.0102156 0.822347
vt 0.01 0.822347
vt 0.375511 0.832503
vt 0.375727 0.832503
vt 0.756764 0.840346
vt 0.756987 0.840346
vt 0.756987 0.85066
vt 0.756764 0.85066
vt 0.749365 0.860973
vt 0.749588 0.860973
vt 0.749588 0.871287
vt 0.749365 0.871287
vt 0.01 0.832503
vt 0.0102156 0.832503
vt 0.756764 0.860973
vt 0.756987 0.860973
vt 0.0102156 0.842658
vt 0.01 0.842658
vt 0.756987 0.871287
vt 0.756764 0.871287
vt 0.01 0.852813
vt 0.0102156 0.852813
vt 0.0102156 0.862969
vt 0.01 0.862969
vt 0.375511 0.873124
vt 0.375727 0.873124
vt 0.749365 0.8816
vt 0.749588 0.8816
vt 0.375727 0.88328
vt 0.375511 0.88328
vt 0.749588 0.891914
vt 0.749365 0.891914
vt 0.749365 0.902228
vt 0.749588 0.902228
vt 0.375511 0.893435
vt 0.375727 0.893435
vt 0.749588 0.912541
vt 0.749365 0.912541
vt 0.756764 0.8816
vt 0.756987 0.8816
vt 0.375727 0.90359
vt 0.375511 0.90359
vt 0.756987 0.891914
vt 0.756764 0.891914
vt 0.01 0.873124
vt 0.0102156 0.873124
vt 0.01 0.893435
vt 0.01 0.88328
vt 0.0102156 0.88328
vt 0.0102156 0.893435
vt 0.0102156 0.90359
vt 0.01 0.90359
vt 0.181429 0.75126
vt 0.756764 0.902227
vt 0.756987 0.902227
vt 0.375511 0.913746
vt 0.375727 0.913746
vt 0.756987 0.912541
vt 0.756764 0.912541
vt 0.169994 0.75126
vt 0.181429 0.761415
vt 0.169994 0.761415
vt 0.375727 0.923901
vt 0.375511 0.923901
vt 0.749365 0.922855
vt 0.749588 0.922855
vt 0.15856 0.75126
vt 0.375511 0.934057
vt 0.375727 0.934057
vt 0.749588 0.933168
vt 0.749365 0.933168
vt 0.147125 0.75126
vt 0.15856 0.761415
vt 0.147125 0.761415
vt 0.375727 0.944212
vt 0.375511 0.944212
vt 0.749365 0.943482
vt 0.749588 0.943482
vt 0.169994 0.77157
vt 0.15856 0.77157
vt 0.749588 0.953795
vt 0.749365 0.953795
vt 0.01 0.913746
vt 0.0102156 0.913746
vt 0.147125 0.77157
vt 0.15856 0.781726
vt 0.147125 0.781726
vt 0.756764 0.922854
vt 0.756987 0.922854
vt 0.0102156 0.923901
vt 0.01 0.923901
vt 0.181429 0.77157
vt 0.756987 0.933168
vt 0.756764 0.933168
vt 0.01 0.934057
vt 0.0102156 0.934057
vt 0.756764 0.943482
vt 0.756987 0.943482
vt 0.0102156 0.944212
vt 0.01 0.944212
vt 0.135691 0.75126
vt 0.756987 0.953795
vt 0.756764 0.953795
vt 0.749365 0.964109
vt 0.749588 0.964109
vt 0.124256 0.75126
vt 0.135691 0.761415
vt 0.124256 0.761415
vt 0.375511 0.954367
vt 0.375727 0.954367
vt 0.749588 0.973804
vt 0.749365 0.973804
vt 0.112822 0.75126
vt 0.375012 0.96389
vt 0.374796 0.963897
vt 0.341512 0.98475
vt 0.330078 0.98475
vt 0.330078 0.984547
vt 0.341512 0.984547
vt 0.101387 0.75126
vt 0.112822 0.761415
vt 0.101387 0.761415
vt 0.719067 0.988529
vt 0.708155 0.988529
vt 0.708155 0.988307
vt 0.719067 0.988307
vt 0.352242 0.983912
vt 0.352235 0.984115
vt 0.124256 0.77157
vt 0.112822 0.77157
vt 0.729321 0.988307
vt 0.729321 0.988529
vt 0.749365 0.982439
vt 0.749588 0.982439
vt 0.101387 0.77157
vt 0.112822 0.781726
vt 0.101387 0.781726
vt 0.372655 0.972178
vt 0.372869 0.972151
vt 0.738405 0.988529
vt 0.738405 0.988307
vt 0.124256 0.781726
vt 0.135691 0.77157
vt 0.361536 0.982212
vt 0.361568 0.982011
vt 0.746171 0.988307
vt 0.746171 0.988529
vt 0.135691 0.781726
vt 0.368459 0.978278
vt 0.368608 0.978425
vt 0.749588 0.99
vt 0.749365 0.99
vt 0.0899524 0.75126
vt 0.295774 0.98475
vt 0.28434 0.98475
vt 0.28434 0.984547
vt 0.295774 0.984547
vt 0.0785179 0.75126
vt 0.0899524 0.761415
vt 0.0785179 0.761415
vt 0.675417 0.988529
vt 0.664504 0.988529
vt 0.664504 0.988307
vt 0.675417 0.988307
vt 0.307209 0.984547
vt 0.307209 0.98475
vt 0.0670834 0.75126
vt 0.68633 0.988307
vt 0.68633 0.988529
vt 0.318643 0.98475
vt 0.318643 0.984547
vt 0.0556488 0.75126
vt 0.0670834 0.761415
vt 0.0556488 0.761415
vt 0.697242 0.988529
vt 0.697242 0.988307
vt 0.0785179 0.77157
vt 0.0670834 0.77157
vt 0.250036 0.98475
vt 0.238601 0.98475
vt 0.2386 0.984547
vt 0.250036 0.984547
vt 0.0556488 0.77157
vt 0.0670834 0.781726
vt 0.0556488 0.781726
vt 0.631766 0.988529
vt 0.620853 0.988529
vt 0.620853 0.988307
vt 0.631766 0.988307
vt 0.26147 0.984547
vt 0.26147 0.98475
vt 0.0785179 0.781726
vt 0.0899524 0.77157
vt 0.642679 0.988307
vt 0.642679 0.988529
vt 0.272905 0.98475
vt 0.272905 0.984547
vt 0.653592 0.988529
vt 0.653592 0.988307
vt 0.0899524 0.781726
vt 0.0213452 0.75126
vt 0.391028 0.304422
vt 0.391028 0.314578
vt 0.391028 0.324733
vt 0.391028 0.334889
vt 0.0213452 0.761415
vt 0.0327798 0.77157
vt 0.0213452 0.77157
vt 0.734064 0.304422
vt 0.734064 0.314578
vt 0.734064 0.324733
vt 0.734064 0.334889
vt 0.0327798 0.781726
vt 0.0213452 0.781726
vt 0.0442143 0.77157
vt 0.0442143 0.781726
vt 0.391028 0.345044
vt 0.391028 0.355199
vt 0.364381 0.791881
vt 0.352947 0.791881
vt 0.364381 0.802037
vt 0.352947 0.802037
vt 0.391028 0.365355
vt 0.391028 0.37551
vt 0.341512 0.791881
vt 0.330078 0.791881
vt 0.341512 0.802037
vt 0.330078 0.802037
vt 0.352947 0.812192
vt 0.341512 0.812192
vt 0.330078 0.812192
vt 0.341512 0.822347
vt 0.330078 0.822347
vt 0.352947 0.822347
vt 0.734064 0.345044
vt 0.734064 0.355199
vt 0.364381 0.812192
vt 0.364381 0.822347
vt 0.734064 0.365355
vt 0.734064 0.37551
vt 0.318643 0.791881
vt 0.307209 0.791881
vt 0.318643 0.802037
vt 0.307209 0.802037
vt 0.295774 0.791881
vt 0.28434 0.791881
vt 0.295774 0.802037
vt 0.28434 0.802037
vt 0.307209 0.812192
vt 0.295774 0.812192
vt 0.28434 0.812192
vt 0.28434 0.822347
vt 0.318643 0.812192
vt 0.318643 0.822347
vt 0.272905 0.791881
vt 0.26147 0.791881
vt 0.272905 0.802037
vt 0.26147 0.802037
vt 0.250036 0.791881
vt 0.238601 0.791881
vt 0.250036 0.802037
vt 0.238601 0.802037
vt 0.26147 0.812192
vt 0.250036 0.812192
vt 0.238601 0.812192
vt 0.250036 0.822347
vt 0.238601 0.822347
vt 0.26147 0.822347
vt 0.272905 0.812192
vt 0.272905 0.822347
vt 0.227167 0.791881
vt 0.215732 0.791881
vt 0.227167 0.802037
vt 0.215732 0.802037
vt 0.204298 0.791881
vt 0.192863 0.791881
vt 0.204298 0.802037
vt 0.192863 0.802037
vt 0.215732 0.812192
vt 0.204298 0.812192
vt 0.192863 0.812192
vt 0.204298 0.822347
vt 0.192863 0.822347
vt 0.215732 0.822347
vt 0.227167 0.812192
vt 0.227167 0.822347
vt 0.15856 0.791881
vt 0.112822 0.98475
vt 0.101387 0.98475
vt 0.101387 0.984547
vt 0.112822 0.984547
vt 0.500815 0.988529
vt 0.489902 0.988529
vt 0.489902 0.988307
vt 0.500815 0.988307
vt 0.147125 0.791881
vt 0.124256 0.984547
vt 0.124256 0.98475
vt 0.15856 0.802037
vt 0.147125 0.802037
vt 0.511728 0.988307
vt 0.511728 0.988529
vt 0.169994 0.812192
vt 0.15856 0.812192
vt 0.147125 0.812192
vt 0.15856 0.822347
vt 0.147125 0.822347
vt 0.169994 0.822347
vt 0.181429 0.812192
vt 0.181429 0.822347
vt 0.135691 0.791881
vt 0.124256 0.791881
vt 0.135691 0.802037
vt 0.124256 0.802037
vt 0.112822 0.791881
vt 0.101387 0.791881
vt 0.112822 0.802037
vt 0.101387 0.802037
vt 0.124256 0.812192
vt 0.112822 0.812192
vt 0.101387 0.812192
vt 0.112822 0.822347
vt 0.101387 0.822347
vt 0.124256 0.822347
vt 0.135691 0.812192
vt 0.135691 0.822347
vt 0.0899524 0.791881
vt 0.0785179 0.791881
vt 0.0899524 0.802037
vt 0.0785179 0.802037
vt 0.0670834 0.791881
vt 0.0556488 0.791881
vt 0.0670834 0.802037
vt 0.0556488 0.802037
vt 0.0785179 0.812192
vt 0.0670834 0.812192
vt 0.0556488 0.812192
vt 0.0670834 0.822347
vt 0.0556488 0.822347
vt 0.0785179 0.822347
vt 0.0899524 0.812192
vt 0.0899524 0.822347
vt 0.0442143 0.791881
vt 0.0327798 0.791881
vt 0.0442143 0.802037
vt 0.0327798 0.802037
vt 0.0213452 0.791881
vt 0.391028 0.385665
vt 0.391028 0.395821
vt 0.391028 0.405976
vt 0.391028 0.416132
vt 0.0213452 0.802037
vt 0.0327798 0.812192
vt 0.0213452 0.812192
vt 0.734064 0.385665
vt 0.734064 0.395821
vt 0.734064 0.405976
vt 0.734064 0.416132
vt 0.0442143 0.812192
vt 0.0442143 0.822347
vt 0.391028 0.426287
vt 0.391028 0.436442
vt 0.364381 0.832503
vt 0.352947 0.832503
vt 0.364381 0.842658
vt 0.352947 0.842658
vt 0.391028 0.446598
vt 0.391028 0.456753
vt 0.341512 0.832503
vt 0.330078 0.832503
vt 0.341512 0.842658
vt 0.330078 0.842658
vt 0.352947 0.852813
vt 0.341512 0.852813
vt 0.330078 0.852813
vt 0.734064 0.426287
vt 0.734064 0.436442
vt 0.364381 0.852813
vt 0.734064 0.446598
vt 0.318643 0.832503
vt 0.318643 0.842658
vt 0.28434 0.832503
vt 0.307209 0.852813
vt 0.307209 0.862969
vt 0.318643 0.852813
vt 0.135691 0.98475
vt 0.135691 0.984547
vt 0.52264 0.988529
vt 0.52264 0.988307
vt 0.318643 0.862969
vt 0.272905 0.832503
vt 0.26147 0.832503
vt 0.272905 0.842658
vt 0.26147 0.842658
vt 0.250036 0.832503
vt 0.238601 0.832503
vt 0.250036 0.842658
vt 0.238601 0.842658
vt 0.26147 0.852813
vt 0.250036 0.852813
vt 0.238601 0.852813
vt 0.250036 0.862969
vt 0.238601 0.862969
vt 0.26147 0.862969
vt 0.272905 0.852813
vt 0.272905 0.862969
vt 0.227167 0.832503
vt 0.215732 0.832503
vt 0.227167 0.842658
vt 0.215732 0.842658
vt 0.204298 0.832503
vt 0.192863 0.832503
vt 0.204298 0.842658
vt 0.192863 0.842658
vt 0.215732 0.852813
vt 0.204298 0.852813
vt 0.192863 0.852813
vt 0.204298 0.862969
vt 0.192863 0.862969
vt 0.215732 0.862969
vt 0.227167 0.852813
vt 0.227167 0.862969
vt 0.181429 0.832503
vt 0.169994 0.832503
vt 0.181429 0.842658
vt 0.169994 0.842658
vt 0.15856 0.832503
vt 0.147125 0.832503
vt 0.15856 0.842658
vt 0.147125 0.842658
vt 0.169994 0.852813
vt 0.15856 0.852813
vt 0.147125 0.852813
vt 0.15856 0.862969
vt 0.169994 0.862969
vt 0.181429 0.852813
vt 0.181429 0.862969
vt 0.135691 0.832503
vt 0.124256 0.832503
vt 0.135691 0.842658
vt 0.124256 0.842658
vt 0.112822 0.832503
vt 0.101387 0.832503
vt 0.112822 0.842658
vt 0.101387 0.842658
vt 0.124256 0.852813
vt 0.112822 0.852813
vt 0.101387 0.852813
vt 0.135691 0.852813
vt 0.0899524 0.832503
vt 0.0785179 0.832503
vt 0.0899524 0.842658
vt 0.0785179 0.842658
vt 0.0670834 0.832503
vt 0.0556488 0.832503
vt 0.0670834 0.842658
vt 0.0556488 0.842658
vt 0.0785179 0.852813
vt 0.0670834 0.852813
vt 0.0899524 0.852813
vt 0.0442143 0.832503
vt 0.0442143 0.842658
vt 0.147127 0.984547
vt 0.147126 0.98475
vt 0.533553 0.988307
vt 0.533553 0.988529
vt 0.391028 0.466909
vt 0.391028 0.497375
vt 0.734064 0.477064
vt 0.391028 0.50753
vt 0.391028 0.517686
vt 0.391028 0.527841
vt 0.364381 0.893435
vt 0.379683 0.294267
vt 0.745409 0.284112
vt 0.745409 0.273956
vt 0.755376 0.262789
vt 0.755599 0.262789
vt 0.755376 0.252475
vt 0.755599 0.252475
vt 0.750753 0.283416
vt 0.750976 0.283416
vt 0.379683 0.284112
vt 0.745409 0.223179
vt 0.755376 0.221535
vt 0.755599 0.221535
vt 0.745409 0.213024
vt 0.755376 0.211221
vt 0.755599 0.211221
vt 0.750753 0.231848
vt 0.750976 0.231848
vt 0.379683 0.233335
vt 0.745409 0.202868
vt 0.755376 0.200908
vt 0.755599 0.200908
vt 0.750753 0.180281
vt 0.750976 0.180281
vt 0.379683 0.182558
vt 0.750753 0.169967
vt 0.750976 0.169967
vt 0.379683 0.172402
vt 0.0670834 0.98475
vt 0.0556488 0.98475
vt 0.0556488 0.984547
vt 0.0670834 0.984547
vt 0.457165 0.988529
vt 0.446252 0.988529
vt 0.446252 0.988307
vt 0.457165 0.988307
vt 0.745409 0.152091
vt 0.0785179 0.984547
vt 0.0785179 0.98475
vt 0.755376 0.14934
vt 0.755599 0.14934
vt 0.468077 0.988307
vt 0.468077 0.988529
vt 0.750753 0.159654
vt 0.750976 0.159654
vt 0.379683 0.162247
vt 0.745409 0.101315
vt 0.755376 0.0977725
vt 0.755599 0.0977725
vt 0.745409 0.0911591
vt 0.755376 0.087459
vt 0.755599 0.087459
vt 0.750753 0.108086
vt 0.750976 0.108086
vt 0.379683 0.11147
vt 0.745194 0.0810038
vt 0.745409 0.0810038
vt 0.755376 0.0771454
vt 0.755599 0.0771454
vt 0.750753 0.0565184
vt 0.750976 0.0565184
vt 0.379683 0.060693
vt 0.379898 0.060693
vt 0.750753 0.0462049
vt 0.750976 0.0462049
vt 0.379683 0.0505376
vt 0.379898 0.0505376
vt 0.744479 0.0308528
vt 0.744695 0.0308589
vt 0.755376 0.0261958
vt 0.755599 0.0261958
vt 0.742338 0.0225719
vt 0.742551 0.022599
vt 0.755376 0.0175611
vt 0.755599 0.0175611
vt 0.755376 0.01
vt 0.755599 0.01
vt 0.69976 0.0102027
vt 0.69976 0.01
vt 0.367023 0.989916
vt 0.367023 0.989693
vt 0.665457 0.0102027
vt 0.665457 0.01
vt 0.334285 0.989916
vt 0.334285 0.989693
vt 0.631153 0.0102027
vt 0.631153 0.01
vt 0.301547 0.989916
vt 0.301547 0.989693
vt 0.59685 0.0102027
vt 0.59685 0.01
vt 0.26881 0.989916
vt 0.26881 0.989693
vt 0.562546 0.0102027
vt 0.562546 0.01
vt 0.236072 0.989916
vt 0.236072 0.989693
vt 0.528242 0.0102027
vt 0.528242 0.01
vt 0.203335 0.989916
vt 0.203335 0.989693
vt 0.192422 0.989916
vt 0.192422 0.989693
vt 0.181509 0.989916
vt 0.181509 0.989693
vt 0.493939 0.0102027
vt 0.493939 0.01
vt 0.170597 0.989916
vt 0.170597 0.989693
vt 0.482504 0.0102027
vt 0.482504 0.01
vt 0.159684 0.989916
vt 0.159684 0.989693
vt 0.47107 0.0102027
vt 0.47107 0.01
vt 0.148772 0.989916
vt 0.148772 0.989693
vt 0.459635 0.0102027
vt 0.459635 0.01
vt 0.137859 0.989916
vt 0.137859 0.989693
vt 0.448201 0.0102027
vt 0.448201 0.01
vt 0.126947 0.989916
vt 0.126947 0.989693
vt 0.436766 0.0102027
vt 0.436766 0.01
vt 0.116034 0.989916
vt 0.116034 0.989693
vt 0.425332 0.0102027
vt 0.425332 0.01
vt 0.105122 0.989916
vt 0.105122 0.989693
vt 0.750753 0.0358914
vt 0.750976 0.0358914
vt 0.379683 0.0403822
vt 0.379898 0.0403822
vt 0.750753 0.0261958
vt 0.750976 0.0261958
vt 0.380397 0.0308589
vt 0.380613 0.0308528
vt 0.413897 0.0102027
vt 0.413897 0.01
vt 0.0942091 0.989916
vt 0.0942091 0.989693
vt 0.403167 0.0108373
vt 0.403174 0.0106347
vt 0.0839554 0.989916
vt 0.0839554 0.989693
vt 0.750753 0.0175611
vt 0.750976 0.0175611
vt 0.382541 0.022599
vt 0.382754 0.0225719
vt 0.393841 0.0127383
vt 0.393873 0.0125379
vt 0.0748714 0.989916
vt 0.0748714 0.989693
vt 0.38695 0.0164709
vt 0.386801 0.016324
vt 0.0899524 0.98475
vt 0.0899524 0.984547
vt 0.47899 0.988529
vt 0.47899 0.988307
vt 0.0671055 0.989916
vt 0.0671055 0.989693
vt 0.750753 0.01
vt 0.750976 0.01
vt 0.361536 0.0125379
vt 0.368608 0.016324
vt 0.368459 0.0164709
vt 0.361568 0.0127383
vt 0.352242 0.0108373
vt 0.352235 0.0106347
vt 0.749588 0.0462049
vt 0.749365 0.0462049
vt 0.126947 0.988307
vt 0.126947 0.988529
vt 0.137859 0.988529
vt 0.137859 0.988307
vt 0.272905 0.01
vt 0.272905 0.0102027
vt 0.238601 0.0102027
vt 0.238601 0.01
vt 0.227167 0.01
vt 0.227167 0.0102027
vt 0.215732 0.0102027
vt 0.215732 0.01
vt 0.204298 0.01
vt 0.204298 0.0102027
vt 0.192863 0.0102027
vt 0.192863 0.01
vt 0.181429 0.01
vt 0.181429 0.0102027
vt 0.169994 0.0102027
vt 0.169994 0.01
vt 0.15856 0.01
vt 0.15856 0.0102027
vt 0.147125 0.0102027
vt 0.147125 0.01
vt 0.135691 0.01
vt 0.135691 0.0102027
vt 0.124256 0.0102027
vt 0.124256 0.01
vt 0.112822 0.01
vt 0.112822 0.0102027
vt 0.101387 0.0102027
vt 0.101387 0.01
vt 0.0899524 0.01
vt 0.0899524 0.0102027
vt 0.0785179 0.0102027
vt 0.0785179 0.01
vt 0.0670834 0.01
vt 0.0670834 0.0102027
vt 0.0556488 0.0102027
vt 0.0556488 0.01
vt 0.0442143 0.01
vt 0.0442143 0.0102027
vt 0.033484 0.0108373
vt 0.0334914 0.0106347
vt 0.0241905 0.0125379
vt 0.0241582 0.0127383
vt 0.0172674 0.0164709
vt 0.0171188 0.016324
vt 0.0128578 0.022599
vt 0.0130715 0.0225719
vt 0.0109301 0.0308528
vt 0.0107146 0.0308589
vt 0.01 0.0403822
vt 0.0102156 0.0403822
vt 0.0102156 0.0505376
vt 0.01 0.0505376
vt 0.749365 0.0565184
vt 0.749588 0.0565184
vt 0.749588 0.0668319
vt 0.749365 0.0668319
vt 0.749365 0.0771454
vt 0.749588 0.0771454
vt 0.749588 0.087459
vt 0.749365 0.087459
vt 0.01 0.060693
vt 0.0102156 0.060693
vt 0.0102156 0.0708483
vt 0.01 0.0708483
vt 0.01 0.0810038
vt 0.0102156 0.0810038
vt 0.0102156 0.0911591
vt 0.01 0.0911591
vt 0.749365 0.0977725
vt 0.749588 0.0977725
vt 0.749588 0.108086
vt 0.749365 0.108086
vt 0.749365 0.1184
vt 0.749588 0.1184
vt 0.749588 0.128713
vt 0.749365 0.128713
vt 0.01 0.101315
vt 0.0102156 0.101315
vt 0.0102156 0.11147
vt 0.01 0.11147
vt 0.01 0.121625
vt 0.0102156 0.121625
vt 0.749365 0.139027
vt 0.749588 0.139027
vt 0.749588 0.14934
vt 0.749365 0.14934
vt 0.749365 0.159654
vt 0.749588 0.159654
vt 0.756764 0.139027
vt 0.756987 0.139027
vt 0.756987 0.14934
vt 0.756764 0.14934
vt 0.756764 0.159654
vt 0.756987 0.159654
vt 0.756987 0.169967
vt 0.756764 0.169967
vt 0.749588 0.190594
vt 0.749365 0.190594
vt 0.375727 0.213024
vt 0.375511 0.213024
vt 0.0102156 0.192713
vt 0.01 0.192713
vt 0.756987 0.211221
vt 0.756764 0.211221
vt 0.0102156 0.233335
vt 0.01 0.233335
vt 0.756987 0.252475
vt 0.756764 0.252475
vt 0.749588 0.273102
vt 0.749365 0.273102
vt 0.375727 0.294267
vt 0.375511 0.294267
vt 0.01 0.954367
vt 0.0102156 0.954367
vt 0.756764 0.964109
vt 0.756987 0.964109
vt 0.0109301 0.963897
vt 0.0107146 0.96389
vt 0.756987 0.973804
vt 0.756764 0.973804
vt 0.0128578 0.972151
vt 0.0130715 0.972178
vt 0.756764 0.982439
vt 0.756987 0.982439
vt 0.0172674 0.978278
vt 0.0171188 0.978425
vt 0.756987 0.99
vt 0.756764 0.99
vt 0.0241905 0.982212
vt 0.0241582 0.982011
vt 0.416002 0.988529
vt 0.408235 0.988529
vt 0.408235 0.988307
vt 0.416002 0.988307
vt 0.033484 0.983912
vt 0.0334914 0.984115
vt 0.425086 0.988307
vt 0.425086 0.988529
vt 0.0442143 0.98475
vt 0.0442143 0.984547
vt 0.435339 0.988529
vt 0.435339 0.988307
vt 0.227165 0.98475
vt 0.215729 0.98475
vt 0.215721 0.984547
vt 0.227159 0.984547
vt 0.609939 0.988529
vt 0.599025 0.988529
vt 0.599025 0.988307
vt 0.609939 0.988307
vt 0.158562 0.98475
vt 0.158567 0.984547
vt 0.544468 0.988529
vt 0.544468 0.988307
vt 0.170006 0.984547
vt 0.169998 0.98475
vt 0.555381 0.988307
vt 0.555381 0.988529
vt 0.203453 0.92114
vt 0.192863 0.918966
vt 0.192863 0.918763
vt 0.203463 0.920937
vt 0.792336 0.0102002
vt 0.782019 0.0102002
vt 0.782019 0.01
vt 0.792336 0.01
vt 0.212512 0.926764
vt 0.212427 0.926816
vt 0.80265 0.01
vt 0.80265 0.0102002
vt 0.218275 0.935007
vt 0.21849 0.934997
vt 0.762752 0.0695908
vt 0.762752 0.0595916
vt 0.762953 0.0595916
vt 0.762953 0.0695908
vt 0.220642 0.944447
vt 0.220426 0.94445
vt 0.762953 0.0793983
vt 0.762752 0.0793983
vt 0.182273 0.92114
vt 0.173299 0.926816
vt 0.173215 0.926764
vt 0.182263 0.920937
vt 0.771701 0.0102002
vt 0.761388 0.0102002
vt 0.761388 0.01
vt 0.771701 0.01
vt 0.761588 0.0260103
vt 0.761588 0.0358178
vt 0.761388 0.0358178
vt 0.761388 0.0260103
vt 0.167452 0.935007
vt 0.1653 0.94445
vt 0.165085 0.944447
vt 0.167237 0.934997
vt 0.761388 0.0160111
vt 0.761588 0.0160111
vt 0.218581 0.953893
vt 0.218797 0.953898
vt 0.0102156 0.497375
vt 0.01 0.497375
vt 0.762752 0.0891491
vt 0.762953 0.0891491
vt 0.762953 0.09912
vt 0.762752 0.09912
vt 0.212975 0.962198
vt 0.212917 0.962116
vt 0.204289 0.984547
vt 0.204295 0.98475
vt 0.01 0.50753
vt 0.0102156 0.50753
vt 0.0310464 0.988506
vt 0.0205194 0.988506
vt 0.0205194 0.988307
vt 0.0310464 0.988307
vt 0.588113 0.988307
vt 0.588113 0.988529
vt 0.756764 0.530941
vt 0.756987 0.530941
vt 0.0416631 0.988307
vt 0.0416631 0.988506
vt 0.203759 0.968001
vt 0.203765 0.968204
vt 0.192863 0.970497
vt 0.192863 0.970294
vt 0.192863 0.98475
vt 0.192863 0.984547
vt 0.577203 0.988529
vt 0.577203 0.988307
vt 0.167145 0.953893
vt 0.17281 0.962116
vt 0.172752 0.962198
vt 0.16693 0.953898
vt 0.761588 0.0455686
vt 0.761588 0.0555395
vt 0.761388 0.0555395
vt 0.761388 0.0455686
vt 0.566293 0.988529
vt 0.566293 0.988307
vt 0.181431 0.98475
vt 0.181438 0.984547
vt 0.181968 0.968001
vt 0.181961 0.968204
vt 0.0522798 0.988506
vt 0.0522798 0.988307
vt 0.0628067 0.988307
vt 0.0628067 0.988506
vt 0.0556488 0.649706
vt 0.0442143 0.649706
vt 0.0327798 0.649706
vt 0.0442143 0.63955
vt 0.0327798 0.63955
vt 0.0556488 0.63955
vt 0.0213452 0.649706
vt 0.734064 0.0810038
vt 0.734064 0.0708484
vt 0.734064 0.060693
vt 0.734064 0.0505376
vt 0.0213452 0.63955
vt 0.0327798 0.629395
vt 0.0213452 0.629395
vt 0.391028 0.0810038
vt 0.391028 0.0708484
vt 0.391028 0.060693
vt 0.391028 0.0505376
vt 0.0327798 0.619239
vt 0.0213452 0.619239
vt 0.0556488 0.629395
vt 0.0442143 0.629395
vt 0.0442143 0.619239
vt 0.0556488 0.619239
vt 0.101387 0.649706
vt 0.0899524 0.649706
vt 0.0785179 0.649706
vt 0.0899524 0.63955
vt 0.0785179 0.63955
vt 0.101387 0.63955
vt 0.0670834 0.649706
vt 0.0670834 0.63955
vt 0.0785179 0.629395
vt 0.0670834 0.629395
vt 0.0670834 0.619239
vt 0.0785179 0.619239
vt 0.101387 0.629395
vt 0.0899524 0.629395
vt 0.0899524 0.619239
vt 0.101387 0.619239
vt 0.147125 0.649706
vt 0.135691 0.649706
vt 0.124256 0.649706
vt 0.135691 0.63955
vt 0.124256 0.63955
vt 0.147125 0.63955
vt 0.112822 0.649706
vt 0.112822 0.63955
vt 0.124256 0.629395
vt 0.112822 0.629395
vt 0.112822 0.619239
vt 0.124256 0.619239
vt 0.147125 0.629395
vt 0.135691 0.629395
vt 0.135691 0.619239
vt 0.147125 0.619239
vt 0.192863 0.649706
vt 0.181429 0.649706
vt 0.169994 0.649706
vt 0.181429 0.63955
vt 0.169994 0.63955
vt 0.192863 0.63955
vt 0.15856 0.649706
vt 0.15856 0.63955
vt 0.169994 0.629395
vt 0.15856 0.629395
vt 0.15856 0.619239
vt 0.169994 0.619239
vt 0.192863 0.629395
vt 0.181429 0.629395
vt 0.181429 0.619239
vt 0.192863 0.619239
vt 0.238601 0.649706
vt 0.227167 0.649706
vt 0.215732 0.649706
vt 0.227167 0.63955
vt 0.215732 0.63955
vt 0.238601 0.63955
vt 0.204298 0.649706
vt 0.204298 0.63955
vt 0.215732 0.629395
vt 0.204298 0.629395
vt 0.204298 0.619239
vt 0.215732 0.619239
vt 0.238601 0.629395
vt 0.227167 0.629395
vt 0.227167 0.619239
vt 0.238601 0.619239
vt 0.28434 0.649706
vt 0.272905 0.649706
vt 0.26147 0.649706
vt 0.272905 0.63955
vt 0.26147 0.63955
vt 0.28434 0.63955
vt 0.250036 0.649706
vt 0.250036 0.63955
vt 0.26147 0.629395
vt 0.250036 0.629395
vt 0.250036 0.619239
vt 0.26147 0.619239
vt 0.28434 0.629395
vt 0.272905 0.629395
vt 0.272905 0.619239
vt 0.28434 0.619239
vt 0.330078 0.649706
vt 0.318643 0.649706
vt 0.307209 0.649706
vt 0.318643 0.63955
vt 0.307209 0.63955
vt 0.330078 0.63955
vt 0.295774 0.649706
vt 0.295774 0.63955
vt 0.307209 0.629395
vt 0.295774 0.629395
vt 0.295774 0.619239
vt 0.307209 0.619239
vt 0.330078 0.629395
vt 0.318643 0.629395
vt 0.318643 0.619239
vt 0.330078 0.619239
vt 0.734064 0.0403822
vt 0.733707 0.0305441
vt 0.364381 0.649706
vt 0.352947 0.649706
vt 0.364381 0.63955
vt 0.352947 0.63955
vt 0.732635 0.0213408
vt 0.341512 0.649706
vt 0.341512 0.63955
vt 0.352947 0.629395
vt 0.341512 0.629395
vt 0.341512 0.619239
vt 0.352947 0.619239
vt 0.722272 0.0203888
vt 0.711195 0.0200714
vt 0.364381 0.629395
vt 0.364381 0.619239
vt 0.69976 0.0200714
vt 0.688326 0.0200714
vt 0.0556488 0.609084
vt 0.0442143 0.609084
vt 0.0327798 0.609084
vt 0.0442143 0.598929
vt 0.0327798 0.598929
vt 0.0556488 0.598929
vt 0.0213452 0.609084
vt 0.676891 0.0200714
vt 0.665457 0.0200714
vt 0.654022 0.0200714
vt 0.642588 0.0200714
vt 0.0213452 0.598929
vt 0.0327798 0.588773
vt 0.0213452 0.588773
vt 0.631153 0.0200714
vt 0.619719 0.0200714
vt 0.608284 0.0200714
vt 0.59685 0.0200714
vt 0.0327798 0.578618
vt 0.0213452 0.578618
vt 0.0556488 0.588773
vt 0.0442143 0.588773
vt 0.0442143 0.578618
vt 0.0556488 0.578618
vt 0.101387 0.609084
vt 0.0899524 0.609084
vt 0.0785179 0.609084
vt 0.0899524 0.598929
vt 0.0785179 0.598929
vt 0.101387 0.598929
vt 0.0670834 0.609084
vt 0.0670834 0.598929
vt 0.0785179 0.588773
vt 0.0670834 0.588773
vt 0.0670834 0.578618
vt 0.0785179 0.578618
vt 0.101387 0.588773
vt 0.0899524 0.588773
vt 0.0899524 0.578618
vt 0.101387 0.578618
vt 0.147125 0.609084
vt 0.135691 0.609084
vt 0.124256 0.609084
vt 0.135691 0.598929
vt 0.124256 0.598929
vt 0.147125 0.598929
vt 0.112822 0.609084
vt 0.112822 0.598929
vt 0.124256 0.588773
vt 0.112822 0.588773
vt 0.112822 0.578618
vt 0.124256 0.578618
vt 0.147125 0.588773
vt 0.135691 0.588773
vt 0.135691 0.578618
vt 0.147125 0.578618
vt 0.192863 0.609084
vt 0.181429 0.609084
vt 0.169994 0.609084
vt 0.181429 0.598929
vt 0.169994 0.598929
vt 0.192863 0.598929
vt 0.15856 0.609084
vt 0.15856 0.598929
vt 0.169994 0.588773
vt 0.15856 0.588773
vt 0.15856 0.578618
vt 0.169994 0.578618
vt 0.192863 0.588773
vt 0.181429 0.588773
vt 0.181429 0.578618
vt 0.192863 0.578618
vt 0.238601 0.609084
vt 0.227167 0.609084
vt 0.215732 0.609084
vt 0.227167 0.598929
vt 0.215732 0.598929
vt 0.238601 0.598929
vt 0.204298 0.609084
vt 0.204298 0.598929
vt 0.215732 0.588773
vt 0.204298 0.588773
vt 0.204298 0.578618
vt 0.215732 0.578618
vt 0.238601 0.588773
vt 0.227167 0.588773
vt 0.227167 0.578618
vt 0.238601 0.578618
vt 0.28434 0.609084
vt 0.272905 0.609084
vt 0.26147 0.609084
vt 0.272905 0.598929
vt 0.26147 0.598929
vt 0.28434 0.598929
vt 0.250036 0.609084
vt 0.250036 0.598929
vt 0.26147 0.588773
vt 0.250036 0.588773
vt 0.250036 0.578618
vt 0.26147 0.578618
vt 0.28434 0.588773
vt 0.272905 0.588773
vt 0.272905 0.578618
vt 0.28434 0.578618
vt 0.330078 0.609084
vt 0.318643 0.609084
vt 0.307209 0.609084
vt 0.318643 0.598929
vt 0.307209 0.598929
vt 0.330078 0.598929
vt 0.295774 0.609084
vt 0.295774 0.598929
vt 0.307209 0.588773
vt 0.295774 0.588773
vt 0.295774 0.578618
vt 0.307209 0.578618
vt 0.330078 0.588773
vt 0.318643 0.588773
vt 0.318643 0.578618
vt 0.330078 0.578618
vt 0.585415 0.0200714
vt 0.573981 0.0200714
vt 0.364381 0.609084
vt 0.352947 0.609084
vt 0.364381 0.598929
vt 0.352947 0.598929
vt 0.562546 0.0200714
vt 0.551111 0.0200714
vt 0.341512 0.609084
vt 0.341512 0.598929
vt 0.352947 0.588773
vt 0.341512 0.588773
vt 0.341512 0.578618
vt 0.352947 0.578618
vt 0.539677 0.0200714
vt 0.528242 0.0200714
vt 0.364381 0.588773
vt 0.364381 0.578618
vt 0.516808 0.0200714
vt 0.505373 0.0200714
vt 0.0556488 0.568462
vt 0.0442143 0.568462
vt 0.0327798 0.568462
vt 0.0442143 0.558307
vt 0.0327798 0.558307
vt 0.0556488 0.558307
vt 0.0213452 0.568462
vt 0.493939 0.0200714
vt 0.482504 0.0200714
vt 0.47107 0.0200714
vt 0.459635 0.0200714
vt 0.0213452 0.558307
vt 0.0327798 0.548152
vt 0.0213452 0.548152
vt 0.448201 0.0200714
vt 0.436766 0.0200714
vt 0.425332 0.0200714
vt 0.391028 0.0403822
vt 0.0327798 0.537996
vt 0.0213452 0.537996
vt 0.0556488 0.548152
vt 0.0442143 0.548152
vt 0.0442143 0.537996
vt 0.0556488 0.537996
vt 0.101387 0.568462
vt 0.0899524 0.568462
vt 0.0785179 0.568462
vt 0.0899524 0.558307
vt 0.0785179 0.558307
vt 0.101387 0.558307
vt 0.0670834 0.568462
vt 0.0670834 0.558307
vt 0.0785179 0.548152
vt 0.0670834 0.548152
vt 0.0670834 0.537996
vt 0.0785179 0.537996
vt 0.101387 0.548152
vt 0.0899524 0.548152
vt 0.0899524 0.537996
vt 0.101387 0.537996
vt 0.147125 0.568462
vt 0.135691 0.568462
vt 0.124256 0.568462
vt 0.135691 0.558307
vt 0.124256 0.558307
vt 0.147125 0.558307
vt 0.112822 0.568462
vt 0.112822 0.558307
vt 0.124256 0.548152
vt 0.112822 0.548152
vt 0.112822 0.537996
vt 0.124256 0.537996
vt 0.147125 0.548152
vt 0.135691 0.548152
vt 0.135691 0.537996
vt 0.147125 0.537996
vt 0.192863 0.568462
vt 0.181429 0.568462
vt 0.169994 0.568462
vt 0.181429 0.558307
vt 0.169994 0.558307
vt 0.192863 0.558307
vt 0.15856 0.568462
vt 0.15856 0.558307
vt 0.169994 0.548152
vt 0.15856 0.548152
vt 0.15856 0.537996
vt 0.169994 0.537996
vt 0.192863 0.548152
vt 0.181429 0.548152
vt 0.181429 0.537996
vt 0.192863 0.537996
vt 0.238601 0.568462
vt 0.227167 0.568462
vt 0.215732 0.568462
vt 0.227167 0.558307
vt 0.215732 0.558307
vt 0.238601 0.558307
vt 0.204298 0.568462
vt 0.204298 0.558307
vt 0.215732 0.548152
vt 0.204298 0.548152
vt 0.204298 0.537996
vt 0.215732 0.537996
vt 0.238601 0.548152
vt 0.227167 0.548152
vt 0.227167 0.537996
vt 0.238601 0.537996
vt 0.28434 0.568462
vt 0.272905 0.568462
vt 0.26147 0.568462
vt 0.272905 0.558307
vt 0.26147 0.558307
vt 0.28434 0.558307
vt 0.250036 0.568462
vt 0.250036 0.558307
vt 0.26147 0.548152
vt 0.250036 0.548152
vt 0.250036 0.537996
vt 0.26147 0.537996
vt 0.28434 0.548152
vt 0.272905 0.548152
vt 0.272905 0.537996
vt 0.28434 0.537996
vt 0.330078 0.568462
vt 0.318643 0.568462
vt 0.307209 0.568462
vt 0.318643 0.558307
vt 0.307209 0.558307
vt 0.330078 0.558307
vt 0.295774 0.568462
vt 0.295774 0.558307
vt 0.307209 0.548152
vt 0.295774 0.548152
vt 0.295774 0.537996
vt 0.307209 0.537996
vt 0.330078 0.548152
vt 0.318643 0.548152
vt 0.318643 0.537996
vt 0.330078 0.537996
vt 0.391385 0.0305441
vt 0.413897 0.0200714
vt 0.364381 0.568462
vt 0.352947 0.568462
vt 0.364381 0.558307
vt 0.352947 0.558307
vt 0.40282 0.0203888
vt 0.392457 0.0213408
vt 0.341512 0.568462
vt 0.341512 0.558307
vt 0.352947 0.548152
vt 0.341512 0.548152
vt 0.341512 0.537996
vt 0.352947 0.537996
vt 0.364381 0.548152
vt 0.364381 0.537996
vt 0.0556488 0.527841
vt 0.0442143 0.527841
vt 0.0327798 0.527841
vt 0.0442143 0.517686
vt 0.0327798 0.517686
vt 0.0556488 0.517686
vt 0.0213452 0.527841
vt 0.362952 0.0213408
vt 0.352589 0.0203888
vt 0.0213452 0.517686
vt 0.0327798 0.50753
vt 0.0213452 0.50753
vt 0.364024 0.0305441
vt 0.341512 0.0200714
vt 0.0327798 0.497375
vt 0.0213452 0.497375
vt 0.0556488 0.50753
vt 0.0442143 0.50753
vt 0.0442143 0.497375
vt 0.0556488 0.497375
vt 0.101387 0.527841
vt 0.0899524 0.527841
vt 0.0785179 0.527841
vt 0.0899524 0.517686
vt 0.0785179 0.517686
vt 0.101387 0.517686
vt 0.0670834 0.527841
vt 0.0670834 0.517686
vt 0.0785179 0.50753
vt 0.0670834 0.50753
vt 0.0670834 0.497375
vt 0.0785179 0.497375
vt 0.101387 0.50753
vt 0.0899524 0.50753
vt 0.0899524 0.497375
vt 0.101387 0.497375
vt 0.147125 0.527841
vt 0.135691 0.527841
vt 0.124256 0.527841
vt 0.135691 0.517686
vt 0.124256 0.517686
vt 0.147125 0.517686
vt 0.112822 0.527841
vt 0.112822 0.517686
vt 0.124256 0.50753
vt 0.112822 0.50753
vt 0.112822 0.497375
vt 0.124256 0.497375
vt 0.147125 0.50753
vt 0.135691 0.50753
vt 0.135691 0.497375
vt 0.147125 0.497375
vt 0.192863 0.527841
vt 0.181429 0.527841
vt 0.169994 0.527841
vt 0.181429 0.517686
vt 0.169994 0.517686
vt 0.192863 0.517686
vt 0.15856 0.527841
vt 0.15856 0.517686
vt 0.169994 0.50753
vt 0.15856 0.50753
vt 0.15856 0.497375
vt 0.169994 0.497375
vt 0.192863 0.50753
vt 0.181429 0.50753
vt 0.181429 0.497375
vt 0.192863 0.497375
vt 0.238601 0.527841
vt 0.227167 0.527841
vt 0.215732 0.527841
vt 0.227167 0.517686
vt 0.215732 0.517686
vt 0.238601 0.517686
vt 0.204298 0.527841
vt 0.204298 0.517686
vt 0.215732 0.50753
vt 0.204298 0.50753
vt 0.204298 0.497375
vt 0.215732 0.497375
vt 0.238601 0.50753
vt 0.227167 0.50753
vt 0.227167 0.497375
vt 0.238601 0.497375
vt 0.28434 0.527841
vt 0.272905 0.527841
vt 0.26147 0.527841
vt 0.272905 0.517686
vt 0.26147 0.517686
vt 0.28434 0.517686
vt 0.250036 0.527841
vt 0.250036 0.517686
vt 0.26147 0.50753
vt 0.250036 0.50753
vt 0.250036 0.497375
vt 0.26147 0.497375
vt 0.28434 0.50753
vt 0.272905 0.50753
vt 0.272905 0.497375
vt 0.28434 0.497375
vt 0.330078 0.527841
vt 0.318643 0.527841
vt 0.307209 0.527841
vt 0.318643 0.517686
vt 0.307209 0.517686
vt 0.330078 0.517686
vt 0.295774 0.527841
vt 0.295774 0.517686
vt 0.307209 0.50753
vt 0.295774 0.50753
vt 0.295774 0.497375
vt 0.307209 0.497375
vt 0.330078 0.50753
vt 0.318643 0.50753
vt 0.318643 0.497375
vt 0.330078 0.497375
vt 0.330078 0.0200714
vt 0.364381 0.527841
vt 0.352947 0.527841
vt 0.364381 0.517686
vt 0.352947 0.517686
vt 0.364381 0.0403822
vt 0.341512 0.527841
vt 0.341512 0.517686
vt 0.352947 0.50753
vt 0.341512 0.50753
vt 0.341512 0.497375
vt 0.352947 0.497375
vt 0.364381 0.0505376
vt 0.364381 0.50753
vt 0.364381 0.497375
vt 0.318643 0.0200714
vt 0.0556488 0.487219
vt 0.0442143 0.487219
vt 0.0327798 0.487219
vt 0.0442143 0.477064
vt 0.0327798 0.477064
vt 0.0556488 0.477064
vt 0.0213452 0.487219
vt 0.307209 0.0200714
vt 0.295774 0.0200714
vt 0.0213452 0.477064
vt 0.0327798 0.466909
vt 0.0213452 0.466909
vt 0.28434 0.0200714
vt 0.272905 0.0200714
vt 0.0327798 0.456753
vt 0.0213452 0.456753
vt 0.0556488 0.466909
vt 0.0442143 0.466909
vt 0.0442143 0.456753
vt 0.0556488 0.456753
vt 0.101387 0.487219
vt 0.0899524 0.487219
vt 0.0785179 0.487219
vt 0.0899524 0.477064
vt 0.0785179 0.477064
vt 0.101387 0.477064
vt 0.0670834 0.487219
vt 0.0670834 0.477064
vt 0.0785179 0.466909
vt 0.0670834 0.466909
vt 0.0670834 0.456753
vt 0.0785179 0.456753
vt 0.101387 0.466909
vt 0.0899524 0.466909
vt 0.0899524 0.456753
vt 0.101387 0.456753
vt 0.147125 0.487219
vt 0.135691 0.487219
vt 0.124256 0.487219
vt 0.135691 0.477064
vt 0.124256 0.477064
vt 0.147125 0.477064
vt 0.112822 0.487219
vt 0.112822 0.477064
vt 0.124256 0.466909
vt 0.112822 0.466909
vt 0.112822 0.456753
vt 0.124256 0.456753
vt 0.147125 0.466909
vt 0.135691 0.466909
vt 0.135691 0.456753
vt 0.147125 0.456753
vt 0.192863 0.487219
vt 0.181429 0.487219
vt 0.169994 0.487219
vt 0.181429 0.477064
vt 0.169994 0.477064
vt 0.192863 0.477064
vt 0.15856 0.487219
vt 0.15856 0.477064
vt 0.169994 0.466909
vt 0.15856 0.466909
vt 0.15856 0.456753
vt 0.169994 0.456753
vt 0.192863 0.466909
vt 0.181429 0.466909
vt 0.181429 0.456753
vt 0.192863 0.456753
vt 0.238601 0.487219
vt 0.227167 0.487219
vt 0.215732 0.487219
vt 0.227167 0.477064
vt 0.215732 0.477064
vt 0.238601 0.477064
vt 0.204298 0.487219
vt 0.204298 0.477064
vt 0.215732 0.466909
vt 0.204298 0.466909
vt 0.204298 0.456753
vt 0.215732 0.456753
vt 0.238601 0.466909
vt 0.227167 0.466909
vt 0.227167 0.456753
vt 0.238601 0.456753
vt 0.28434 0.487219
vt 0.272905 0.487219
vt 0.26147 0.487219
vt 0.272905 0.477064
vt 0.26147 0.477064
vt 0.28434 0.477064
vt 0.250036 0.487219
vt 0.250036 0.477064
vt 0.26147 0.466909
vt 0.250036 0.466909
vt 0.250036 0.456753
vt 0.26147 0.456753
vt 0.28434 0.466909
vt 0.272905 0.466909
vt 0.272905 0.456753
vt 0.28434 0.456753
vt 0.330078 0.487219
vt 0.318643 0.487219
vt 0.307209 0.487219
vt 0.318643 0.477064
vt 0.307209 0.477064
vt 0.330078 0.477064
vt 0.295774 0.487219
vt 0.295774 0.477064
vt 0.307209 0.466909
vt 0.295774 0.466909
vt 0.295774 0.456753
vt 0.307209 0.456753
vt 0.330078 0.466909
vt 0.318643 0.466909
vt 0.318643 0.456753
vt 0.330078 0.456753
vt 0.26147 0.0200714
vt 0.364381 0.487219
vt 0.352947 0.487219
vt 0.364381 0.477064
vt 0.352947 0.477064
vt 0.250036 0.0200714
vt 0.341512 0.487219
vt 0.341512 0.477064
vt 0.352947 0.466909
vt 0.341512 0.466909
vt 0.341512 0.456753
vt 0.352947 0.456753
vt 0.238601 0.0200714
vt 0.364381 0.466909
vt 0.364381 0.456753
vt 0.227167 0.0200714
vt 0.0556488 0.446598
vt 0.0442143 0.446598
vt 0.0327798 0.446598
vt 0.0442143 0.436442
vt 0.0327798 0.436442
vt 0.0556488 0.436442
vt 0.0213452 0.446598
vt 0.215732 0.0200714
vt 0.204298 0.0200714
vt 0.0213452 0.436442
vt 0.0327798 0.426287
vt 0.0213452 0.426287
vt 0.192863 0.0200714
vt 0.181429 0.0200714
vt 0.0327798 0.416132
vt 0.0213452 0.416132
vt 0.0556488 0.426287
vt 0.0442143 0.426287
vt 0.0442143 0.416132
vt 0.0556488 0.416132
vt 0.101387 0.446598
vt 0.0899524 0.446598
vt 0.0785179 0.446598
vt 0.0899524 0.436442
vt 0.0785179 0.436442
vt 0.101387 0.436442
vt 0.0670834 0.446598
vt 0.0670834 0.436442
vt 0.0785179 0.426287
vt 0.0670834 0.426287
vt 0.0670834 0.416132
vt 0.0785179 0.416132
vt 0.101387 0.426287
vt 0.0899524 0.426287
vt 0.0899524 0.416132
vt 0.101387 0.416132
vt 0.147125 0.446598
vt 0.135691 0.446598
vt 0.124256 0.446598
vt 0.135691 0.436442
vt 0.124256 0.436442
vt 0.147125 0.436442
vt 0.112822 0.446598
vt 0.112822 0.436442
vt 0.124256 0.426287
vt 0.112822 0.426287
vt 0.112822 0.416132
vt 0.124256 0.416132
vt 0.147125 0.426287
vt 0.135691 0.426287
vt 0.135691 0.416132
vt 0.147125 0.416132
vt 0.192863 0.446598
vt 0.181429 0.446598
vt 0.169994 0.446598
vt 0.181429 0.436442
vt 0.169994 0.436442
vt 0.192863 0.436442
vt 0.15856 0.446598
vt 0.15856 0.436442
vt 0.169994 0.426287
vt 0.15856 0.426287
vt 0.15856 0.416132
vt 0.169994 0.416132
vt 0.192863 0.426287
vt 0.181429 0.426287
vt 0.181429 0.416132
vt 0.192863 0.416132
vt 0.238601 0.446598
vt 0.227167 0.446598
vt 0.215732 0.446598
vt 0.227167 0.436442
vt 0.215732 0.436442
vt 0.238601 0.436442
vt 0.204298 0.446598
vt 0.204298 0.436442
vt 0.215732 0.426287
vt 0.204298 0.426287
vt 0.204298 0.416132
vt 0.215732 0.416132
vt 0.238601 0.426287
vt 0.227167 0.426287
vt 0.227167 0.416132
vt 0.238601 0.416132
vt 0.28434 0.446598
vt 0.272905 0.446598
vt 0.26147 0.446598
vt 0.272905 0.436442
vt 0.26147 0.436442
vt 0.28434 0.436442
vt 0.250036 0.446598
vt 0.250036 0.436442
vt 0.26147 0.426287
vt 0.250036 0.426287
vt 0.250036 0.416132
vt 0.26147 0.416132
vt 0.28434 0.426287
vt 0.272905 0.426287
vt 0.272905 0.416132
vt 0.28434 0.416132
vt 0.330078 0.446598
vt 0.318643 0.446598
vt 0.307209 0.446598
vt 0.318643 0.436442
vt 0.307209 0.436442
vt 0.330078 0.436442
vt 0.295774 0.446598
vt 0.295774 0.436442
vt 0.307209 0.426287
vt 0.295774 0.426287
vt 0.295774 0.416132
vt 0.307209 0.416132
vt 0.330078 0.426287
vt 0.318643 0.426287
vt 0.318643 0.416132
vt 0.330078 0.416132
vt 0.169994 0.0200714
vt 0.364381 0.446598
vt 0.352947 0.446598
vt 0.364381 0.436442
vt 0.352947 0.436442
vt 0.15856 0.0200714
vt 0.341512 0.446598
vt 0.341512 0.436442
vt 0.352947 0.426287
vt 0.341512 0.426287
vt 0.341512 0.416132
vt 0.352947 0.416132
vt 0.147125 0.0200714
vt 0.364381 0.426287
vt 0.364381 0.416132
vt 0.135691 0.0200714
vt 0.0556488 0.405976
vt 0.0442143 0.405976
vt 0.0327798 0.405976
vt 0.0442143 0.395821
vt 0.0327798 0.395821
vt 0.0556488 0.395821
vt 0.0213452 0.405976
vt 0.124256 0.0200714
vt 0.112822 0.0200714
vt 0.0213452 0.395821
vt 0.0327798 0.385665
vt 0.0213452 0.385665
vt 0.101387 0.0200714
vt 0.0899524 0.0200714
vt 0.0327798 0.37551
vt 0.0213452 0.37551
vt 0.0556488 0.385665
vt 0.0442143 0.385665
vt 0.0442143 0.37551
vt 0.0556488 0.37551
vt 0.101387 0.405976
vt 0.0899524 0.405976
vt 0.0785179 0.405976
vt 0.0899524 0.395821
vt 0.0785179 0.395821
vt 0.101387 0.395821
vt 0.0670834 0.405976
vt 0.0670834 0.395821
vt 0.0785179 0.385665
vt 0.0670834 0.385665
vt 0.0670834 0.37551
vt 0.0785179 0.37551
vt 0.101387 0.385665
vt 0.0899524 0.385665
vt 0.0899524 0.37551
vt 0.101387 0.37551
vt 0.147125 0.405976
vt 0.135691 0.405976
vt 0.124256 0.405976
vt 0.135691 0.395821
vt 0.124256 0.395821
vt 0.147125 0.395821
vt 0.112822 0.405976
vt 0.112822 0.395821
vt 0.124256 0.385665
vt 0.112822 0.385665
vt 0.112822 0.37551
vt 0.124256 0.37551
vt 0.147125 0.385665
vt 0.135691 0.385665
vt 0.135691 0.37551
vt 0.147125 0.37551
vt 0.192863 0.405976
vt 0.181429 0.405976
vt 0.169994 0.405976
vt 0.181429 0.395821
vt 0.169994 0.395821
vt 0.192863 0.395821
vt 0.15856 0.405976
vt 0.15856 0.395821
vt 0.169994 0.385665
vt 0.15856 0.385665
vt 0.15856 0.37551
vt 0.169994 0.37551
vt 0.192863 0.385665
vt 0.181429 0.385665
vt 0.181429 0.37551
vt 0.192863 0.37551
vt 0.238601 0.405976
vt 0.227167 0.405976
vt 0.215732 0.405976
vt 0.227167 0.395821
vt 0.215732 0.395821
vt 0.238601 0.395821
vt 0.204298 0.405976
vt 0.204298 0.395821
vt 0.215732 0.385665
vt 0.204298 0.385665
vt 0.204298 0.37551
vt 0.215732 0.37551
vt 0.238601 0.385665
vt 0.227167 0.385665
vt 0.227167 0.37551
vt 0.238601 0.37551
vt 0.28434 0.405976
vt 0.272905 0.405976
vt 0.26147 0.405976
vt 0.272905 0.395821
vt 0.26147 0.395821
vt 0.28434 0.395821
vt 0.250036 0.405976
vt 0.250036 0.395821
vt 0.26147 0.385665
vt 0.250036 0.385665
vt 0.250036 0.37551
vt 0.26147 0.37551
vt 0.28434 0.385665
vt 0.272905 0.385665
vt 0.272905 0.37551
vt 0.28434 0.37551
vt 0.330078 0.405976
vt 0.318643 0.405976
vt 0.307209 0.405976
vt 0.318643 0.395821
vt 0.307209 0.395821
vt 0.330078 0.395821
vt 0.295774 0.405976
vt 0.295774 0.395821
vt 0.307209 0.385665
vt 0.295774 0.385665
vt 0.295774 0.37551
vt 0.307209 0.37551
vt 0.330078 0.385665
vt 0.318643 0.385665
vt 0.318643 0.37551
vt 0.330078 0.37551
vt 0.0785179 0.0200714
vt 0.364381 0.405976
vt 0.352947 0.405976
vt 0.364381 0.395821
vt 0.352947 0.395821
vt 0.0670834 0.0200714
vt 0.341512 0.405976
vt 0.341512 0.395821
vt 0.352947 0.385665
vt 0.341512 0.385665
vt 0.341512 0.37551
vt 0.352947 0.37551
vt 0.0556488 0.0200714
vt 0.364381 0.385665
vt 0.364381 0.37551
vt 0.0442143 0.0200714
vt 0.0556488 0.365355
vt 0.0442143 0.365355
vt 0.0327798 0.365355
vt 0.0442143 0.355199
vt 0.0327798 0.355199
vt 0.0556488 0.355199
vt 0.0213452 0.365355
vt 0.0331371 0.0203888
vt 0.0227745 0.0213408
vt 0.0213452 0.355199
vt 0.0327798 0.345044
vt 0.0213452 0.345044
vt 0.0217026 0.0305441
vt 0.0327798 0.334889
vt 0.0213452 0.334889
vt 0.0556488 0.345044
vt 0.0442143 0.345044
vt 0.0442143 0.334889
vt 0.0556488 0.334889
vt 0.101387 0.365355
vt 0.0899524 0.365355
vt 0.0785179 0.365355
vt 0.0899524 0.355199
vt 0.0785179 0.355199
vt 0.101387 0.355199
vt 0.0670834 0.365355
vt 0.0670834 0.355199
vt 0.0785179 0.345044
vt 0.0670834 0.345044
vt 0.0670834 0.334889
vt 0.0785179 0.334889
vt 0.101387 0.345044
vt 0.0899524 0.345044
vt 0.0899524 0.334889
vt 0.101387 0.334889
vt 0.147125 0.365355
vt 0.135691 0.365355
vt 0.124256 0.365355
vt 0.135691 0.355199
vt 0.124256 0.355199
vt 0.147125 0.355199
vt 0.112822 0.365355
vt 0.112822 0.355199
vt 0.124256 0.345044
vt 0.112822 0.345044
vt 0.112822 0.334889
vt 0.124256 0.334889
vt 0.147125 0.345044
vt 0.135691 0.345044
vt 0.135691 0.334889
vt 0.147125 0.334889
vt 0.192863 0.365355
vt 0.181429 0.365355
vt 0.169994 0.365355
vt 0.181429 0.355199
vt 0.169994 0.355199
vt 0.192863 0.355199
vt 0.15856 0.365355
vt 0.15856 0.355199
vt 0.169994 0.345044
vt 0.15856 0.345044
vt 0.15856 0.334889
vt 0.169994 0.334889
vt 0.192863 0.345044
vt 0.181429 0.345044
vt 0.181429 0.334889
vt 0.192863 0.334889
vt 0.238601 0.365355
vt 0.227167 0.365355
vt 0.215732 0.365355
vt 0.227167 0.355199
vt 0.215732 0.355199
vt 0.238601 0.355199
vt 0.204298 0.365355
vt 0.204298 0.355199
vt 0.215732 0.345044
vt 0.204298 0.345044
vt 0.204298 0.334889
vt 0.215732 0.334889
vt 0.238601 0.345044
vt 0.227167 0.345044
vt 0.227167 0.334889
vt 0.238601 0.334889
vt 0.28434 0.365355
vt 0.272905 0.365355
vt 0.26147 0.365355
vt 0.272905 0.355199
vt 0.26147 0.355199
vt 0.28434 0.355199
vt 0.250036 0.365355
vt 0.250036 0.355199
vt 0.26147 0.345044
vt 0.250036 0.345044
vt 0.250036 0.334889
vt 0.26147 0.334889
vt 0.28434 0.345044
vt 0.272905 0.345044
vt 0.272905 0.334889
vt 0.28434 0.334889
vt 0.330078 0.365355
vt 0.318643 0.365355
vt 0.307209 0.365355
vt 0.318643 0.355199
vt 0.307209 0.355199
vt 0.330078 0.355199
vt 0.295774 0.365355
vt 0.295774 0.355199
vt 0.307209 0.345044
vt 0.295774 0.345044
vt 0.295774 0.334889
vt 0.307209 0.334889
vt 0.330078 0.345044
vt 0.318643 0.345044
vt 0.318643 0.334889
vt 0.330078 0.334889
vt 0.0213452 0.0403822
vt 0.364381 0.365355
vt 0.352947 0.365355
vt 0.364381 0.355199
vt 0.352947 0.355199
vt 0.0213452 0.0505376
vt 0.341512 0.365355
vt 0.341512 0.355199
vt 0.352947 0.345044
vt 0.341512 0.345044
vt 0.341512 0.334889
vt 0.352947 0.334889
vt 0.364381 0.060693
vt 0.364381 0.345044
vt 0.364381 0.334889
vt 0.364381 0.0708483
vt 0.0556488 0.324733
vt 0.0442143 0.324733
vt 0.0327798 0.324733
vt 0.0442143 0.314578
vt 0.0327798 0.314578
vt 0.0556488 0.314578
vt 0.0213452 0.324733
vt 0.364381 0.0810038
vt 0.364381 0.0911591
vt 0.0213452 0.314578
vt 0.0327798 0.304422
vt 0.0213452 0.304422
vt 0.0213452 0.060693
vt 0.0213452 0.0708483
vt 0.0327798 0.294267
vt 0.0213452 0.294267
vt 0.0556488 0.304422
vt 0.0442143 0.304422
vt 0.0442143 0.294267
vt 0.0556488 0.294267
vt 0.101387 0.324733
vt 0.0899524 0.324733
vt 0.0785179 0.324733
vt 0.0899524 0.314578
vt 0.0785179 0.314578
vt 0.101387 0.314578
vt 0.0670834 0.324733
vt 0.0670834 0.314578
vt 0.0785179 0.304422
vt 0.0670834 0.304422
vt 0.0670834 0.294267
vt 0.0785179 0.294267
vt 0.101387 0.304422
vt 0.0899524 0.304422
vt 0.0899524 0.294267
vt 0.101387 0.294267
vt 0.147125 0.324733
vt 0.135691 0.324733
vt 0.124256 0.324733
vt 0.135691 0.314578
vt 0.124256 0.314578
vt 0.147125 0.314578
vt 0.112822 0.324733
vt 0.112822 0.314578
vt 0.124256 0.304422
vt 0.112822 0.304422
vt 0.112822 0.294267
vt 0.124256 0.294267
vt 0.147125 0.304422
vt 0.135691 0.304422
vt 0.135691 0.294267
vt 0.147125 0.294267
vt 0.192863 0.324733
vt 0.181429 0.324733
vt 0.169994 0.324733
vt 0.181429 0.314578
vt 0.169994 0.314578
vt 0.192863 0.314578
vt 0.15856 0.324733
vt 0.15856 0.314578
vt 0.169994 0.304422
vt 0.15856 0.304422
vt 0.15856 0.294267
vt 0.169994 0.294267
vt 0.192863 0.304422
vt 0.181429 0.304422
vt 0.181429 0.294267
vt 0.192863 0.294267
vt 0.238601 0.324733
vt 0.227167 0.324733
vt 0.215732 0.324733
vt 0.227167 0.314578
vt 0.215732 0.314578
vt 0.238601 0.314578
vt 0.204298 0.324733
vt 0.204298 0.314578
vt 0.215732 0.304422
vt 0.204298 0.304422
vt 0.204298 0.294267
vt 0.215732 0.294267
vt 0.238601 0.304422
vt 0.227167 0.304422
vt 0.227167 0.294267
vt 0.238601 0.294267
vt 0.28434 0.324733
vt 0.272905 0.324733
vt 0.26147 0.324733
vt 0.272905 0.314578
vt 0.26147 0.314578
vt 0.28434 0.314578
vt 0.250036 0.324733
vt 0.250036 0.314578
vt 0.26147 0.304422
vt 0.250036 0.304422
vt 0.250036 0.294267
vt 0.26147 0.294267
vt 0.28434 0.304422
vt 0.272905 0.304422
vt 0.272905 0.294267
vt 0.28434 0.294267
vt 0.330078 0.324733
vt 0.318643 0.324733
vt 0.307209 0.324733
vt 0.318643 0.314578
vt 0.307209 0.314578
vt 0.330078 0.314578
vt 0.295774 0.324733
vt 0.295774 0.314578
vt 0.307209 0.304422
vt 0.295774 0.304422
vt 0.295774 0.294267
vt 0.307209 0.294267
vt 0.330078 0.304422
vt 0.318643 0.304422
vt 0.318643 0.294267
vt 0.330078 0.294267
vt 0.0213452 0.0810038
vt 0.364381 0.324733
vt 0.352947 0.324733
vt 0.364381 0.314578
vt 0.352947 0.314578
vt 0.0213452 0.0911591
vt 0.341512 0.324733
vt 0.341512 0.314578
vt 0.352947 0.304422
vt 0.341512 0.304422
vt 0.341512 0.294267
vt 0.352947 0.294267
vt 0.364381 0.101315
vt 0.364381 0.304422
vt 0.364381 0.294267
vt 0.364381 0.11147
vt 0.0556488 0.284112
vt 0.0442143 0.284112
vt 0.0327798 0.284112
vt 0.0442143 0.273956
vt 0.0327798 0.273956
vt 0.0556488 0.273956
vt 0.0213452 0.284112
vt 0.364381 0.121625
vt 0.364381 0.131781
vt 0.0213452 0.273956
vt 0.0327798 0.263801
vt 0.0213452 0.263801
vt 0.0213452 0.101315
vt 0.0213452 0.11147
vt 0.0327798 0.253645
vt 0.0213452 0.253645
vt 0.0556488 0.263801
vt 0.0442143 0.263801
vt 0.0442143 0.253645
vt 0.0556488 0.253645
vt 0.101387 0.284112
vt 0.0899524 0.284112
vt 0.0785179 0.284112
vt 0.0899524 0.273956
vt 0.0785179 0.273956
vt 0.101387 0.273956
vt 0.0670834 0.284112
vt 0.0670834 0.273956
vt 0.0785179 0.263801
vt 0.0670834 0.263801
vt 0.0670834 0.253645
vt 0.0785179 0.253645
vt 0.101387 0.263801
vt 0.0899524 0.263801
vt 0.0899524 0.253645
vt 0.101387 0.253645
vt 0.147125 0.284112
vt 0.135691 0.284112
vt 0.124256 0.284112
vt 0.135691 0.273956
vt 0.124256 0.273956
vt 0.147125 0.273956
vt 0.112822 0.284112
vt 0.112822 0.273956
vt 0.124256 0.263801
vt 0.112822 0.263801
vt 0.112822 0.253645
vt 0.124256 0.253645
vt 0.147125 0.263801
vt 0.135691 0.263801
vt 0.135691 0.253645
vt 0.147125 0.253645
vt 0.192863 0.284112
vt 0.181429 0.284112
vt 0.169994 0.284112
vt 0.181429 0.273956
vt 0.169994 0.273956
vt 0.192863 0.273956
vt 0.15856 0.284112
vt 0.15856 0.273956
vt 0.169994 0.263801
vt 0.15856 0.263801
vt 0.15856 0.253645
vt 0.169994 0.253645
vt 0.192863 0.263801
vt 0.181429 0.263801
vt 0.181429 0.253645
vt 0.192863 0.253645
vt 0.238601 0.284112
vt 0.227167 0.284112
vt 0.215732 0.284112
vt 0.227167 0.273956
vt 0.215732 0.273956
vt 0.238601 0.273956
vt 0.204298 0.284112
vt 0.204298 0.273956
vt 0.215732 0.263801
vt 0.204298 0.263801
vt 0.204298 0.253645
vt 0.215732 0.253645
vt 0.238601 0.263801
vt 0.227167 0.263801
vt 0.227167 0.253645
vt 0.238601 0.253645
vt 0.28434 0.284112
vt 0.272905 0.284112
vt 0.26147 0.284112
vt 0.272905 0.273956
vt 0.26147 0.273956
vt 0.28434 0.273956
vt 0.250036 0.284112
vt 0.250036 0.273956
vt 0.26147 0.263801
vt 0.250036 0.263801
vt 0.250036 0.253645
vt 0.26147 0.253645
vt 0.28434 0.263801
vt 0.272905 0.263801
vt 0.272905 0.253645
vt 0.28434 0.253645
vt 0.330078 0.284112
vt 0.318643 0.284112
vt 0.307209 0.284112
vt 0.318643 0.273956
vt 0.307209 0.273956
vt 0.330078 0.273956
vt 0.295774 0.284112
vt 0.295774 0.273956
vt 0.307209 0.263801
vt 0.295774 0.263801
vt 0.295774 0.253645
vt 0.307209 0.253645
vt 0.330078 0.263801
vt 0.318643 0.263801
vt 0.318643 0.253645
vt 0.330078 0.253645
vt 0.0213452 0.121625
vt 0.364381 0.284112
vt 0.352947 0.284112
vt 0.364381 0.273956
vt 0.352947 0.273956
vt 0.0213452 0.131781
vt 0.341512 0.284112
vt 0.341512 0.273956
vt 0.352947 0.263801
vt 0.341512 0.263801
vt 0.341512 0.253645
vt 0.352947 0.253645
vt 0.364381 0.141936
vt 0.364381 0.263801
vt 0.364381 0.253645
vt 0.364381 0.152091
vt 0.0556488 0.24349
vt 0.0442143 0.24349
vt 0.0327798 0.24349
vt 0.0442143 0.233335
vt 0.0327798 0.233335
vt 0.0556488 0.233335
vt 0.0213452 0.24349
vt 0.364381 0.162247
vt 0.364381 0.172402
vt 0.0213452 0.233335
vt 0.0327798 0.223179
vt 0.0213452 0.223179
vt 0.0213452 0.141936
vt 0.0213452 0.152091
vt 0.0327798 0.213024
vt 0.0213452 0.213024
vt 0.0556488 0.223179
vt 0.0442143 0.223179
vt 0.0442143 0.213024
vt 0.0556488 0.213024
vt 0.101387 0.24349
vt 0.0899524 0.24349
vt 0.0785179 0.24349
vt 0.0899524 0.233335
vt 0.0785179 0.233335
vt 0.101387 0.233335
vt 0.0670834 0.24349
vt 0.0670834 0.233335
vt 0.0785179 0.223179
vt 0.0670834 0.223179
vt 0.0670834 0.213024
vt 0.0785179 0.213024
vt 0.101387 0.223179
vt 0.0899524 0.223179
vt 0.0899524 0.213024
vt 0.101387 0.213024
vt 0.147125 0.24349
vt 0.135691 0.24349
vt 0.124256 0.24349
vt 0.135691 0.233335
vt 0.124256 0.233335
vt 0.147125 0.233335
vt 0.112822 0.24349
vt 0.112822 0.233335
vt 0.124256 0.223179
vt 0.112822 0.223179
vt 0.112822 0.213024
vt 0.124256 0.213024
vt 0.147125 0.223179
vt 0.135691 0.223179
vt 0.135691 0.213024
vt 0.147125 0.213024
vt 0.192863 0.24349
vt 0.181429 0.24349
vt 0.169994 0.24349
vt 0.181429 0.233335
vt 0.169994 0.233335
vt 0.192863 0.233335
vt 0.15856 0.24349
vt 0.15856 0.233335
vt 0.169994 0.223179
vt 0.15856 0.223179
vt 0.15856 0.213024
vt 0.169994 0.213024
vt 0.192863 0.223179
vt 0.181429 0.223179
vt 0.181429 0.213024
vt 0.192863 0.213024
vt 0.238601 0.24349
vt 0.227167 0.24349
vt 0.215732 0.24349
vt 0.227167 0.233335
vt 0.215732 0.233335
vt 0.238601 0.233335
vt 0.204298 0.24349
vt 0.204298 0.233335
vt 0.215732 0.223179
vt 0.204298 0.223179
vt 0.204298 0.213024
vt 0.215732 0.213024
vt 0.238601 0.223179
vt 0.227167 0.223179
vt 0.227167 0.213024
vt 0.238601 0.213024
vt 0.28434 0.24349
vt 0.272905 0.24349
vt 0.26147 0.24349
vt 0.272905 0.233335
vt 0.26147 0.233335
vt 0.28434 0.233335
vt 0.250036 0.24349
vt 0.250036 0.233335
vt 0.26147 0.223179
vt 0.250036 0.223179
vt 0.250036 0.213024
vt 0.26147 0.213024
vt 0.28434 0.223179
vt 0.272905 0.223179
vt 0.272905 0.213024
vt 0.28434 0.213024
vt 0.330078 0.24349
vt 0.318643 0.24349
vt 0.307209 0.24349
vt 0.318643 0.233335
vt 0.307209 0.233335
vt 0.330078 0.233335
vt 0.295774 0.24349
vt 0.295774 0.233335
vt 0.307209 0.223179
vt 0.295774 0.223179
vt 0.295774 0.213024
vt 0.307209 0.213024
vt 0.330078 0.223179
vt 0.318643 0.223179
vt 0.318643 0.213024
vt 0.330078 0.213024
vt 0.0213452 0.162247
vt 0.364381 0.24349
vt 0.352947 0.24349
vt 0.364381 0.233335
vt 0.352947 0.233335
vt 0.0213452 0.172402
vt 0.341512 0.24349
vt 0.341512 0.233335
vt 0.352947 0.223179
vt 0.341512 0.223179
vt 0.341512 0.213024
vt 0.352947 0.213024
vt 0.364381 0.182558
vt 0.364381 0.223179
vt 0.364381 0.213024
vt 0.364381 0.192713
vt 0.0556488 0.202868
vt 0.0442143 0.202868
vt 0.0327798 0.202868
vt 0.0442143 0.192713
vt 0.0327798 0.192713
vt 0.0556488 0.192713
vt 0.0213452 0.202868
vt 0.364381 0.202868
vt 0.0213452 0.192713
vt 0.0327798 0.182558
vt 0.0213452 0.182558
vt 0.0327798 0.172402
vt 0.0556488 0.182558
vt 0.0442143 0.182558
vt 0.0442143 0.172402
vt 0.0556488 0.172402
vt 0.101387 0.202868
vt 0.0899524 0.202868
vt 0.0785179 0.202868
vt 0.0899524 0.192713
vt 0.0785179 0.192713
vt 0.101387 0.192713
vt 0.0670834 0.202868
vt 0.0670834 0.192713
vt 0.0785179 0.182558
vt 0.0670834 0.182558
vt 0.0670834 0.172402
vt 0.0785179 0.172402
vt 0.101387 0.182558
vt 0.0899524 0.182558
vt 0.0899524 0.172402
vt 0.101387 0.172402
vt 0.147125 0.202868
vt 0.135691 0.202868
vt 0.124256 0.202868
vt 0.135691 0.192713
vt 0.124256 0.192713
vt 0.147125 0.192713
vt 0.112822 0.202868
vt 0.112822 0.192713
vt 0.124256 0.182558
vt 0.112822 0.182558
vt 0.112822 0.172402
vt 0.124256 0.172402
vt 0.147125 0.182558
vt 0.135691 0.182558
vt 0.135691 0.172402
vt 0.147125 0.172402
vt 0.192863 0.202868
vt 0.181429 0.202868
vt 0.169994 0.202868
vt 0.181429 0.192713
vt 0.169994 0.192713
vt 0.192863 0.192713
vt 0.15856 0.202868
vt 0.15856 0.192713
vt 0.169994 0.182558
vt 0.15856 0.182558
vt 0.15856 0.172402
vt 0.169994 0.172402
vt 0.192863 0.182558
vt 0.181429 0.182558
vt 0.181429 0.172402
vt 0.192863 0.172402
vt 0.238601 0.202868
vt 0.227167 0.202868
vt 0.215732 0.202868
vt 0.227167 0.192713
vt 0.215732 0.192713
vt 0.238601 0.192713
vt 0.204298 0.202868
vt 0.204298 0.192713
vt 0.215732 0.182558
vt 0.204298 0.182558
vt 0.204298 0.172402
vt 0.215732 0.172402
vt 0.238601 0.182558
vt 0.227167 0.182558
vt 0.227167 0.172402
vt 0.238601 0.172402
vt 0.28434 0.202868
vt 0.272905 0.202868
vt 0.26147 0.202868
vt 0.272905 0.192713
vt 0.26147 0.192713
vt 0.28434 0.192713
vt 0.250036 0.202868
vt 0.250036 0.192713
vt 0.26147 0.182558
vt 0.250036 0.182558
vt 0.250036 0.172402
vt 0.26147 0.172402
vt 0.28434 0.182558
vt 0.272905 0.182558
vt 0.272905 0.172402
vt 0.28434 0.172402
vt 0.330078 0.202868
vt 0.318643 0.202868
vt 0.307209 0.202868
vt 0.318643 0.192713
vt 0.307209 0.192713
vt 0.330078 0.192713
vt 0.295774 0.202868
vt 0.295774 0.192713
vt 0.307209 0.182558
vt 0.295774 0.182558
vt 0.295774 0.172402
vt 0.307209 0.172402
vt 0.330078 0.182558
vt 0.318643 0.182558
vt 0.318643 0.172402
vt 0.330078 0.172402
vt 0.352947 0.202868
vt 0.352947 0.192713
vt 0.341512 0.202868
vt 0.341512 0.192713
vt 0.352947 0.182558
vt 0.341512 0.182558
vt 0.341512 0.172402
vt 0.352947 0.172402
vt 0.0556488 0.162247
vt 0.0442143 0.162247
vt 0.0327798 0.162247
vt 0.0442143 0.152091
vt 0.0327798 0.152091
vt 0.0556488 0.152091
vt 0.0327798 0.141936
vt 0.0327798 0.131781
vt 0.0556488 0.141936
vt 0.0442143 0.141936
vt 0.0442143 0.131781
vt 0.0556488 0.131781
vt 0.101387 0.162247
vt 0.0899524 0.162247
vt 0.0785179 0.162247
vt 0.0899524 0.152091
vt 0.0785179 0.152091
vt 0.101387 0.152091
vt 0.0670834 0.162247
vt 0.0670834 0.152091
vt 0.0785179 0.141936
vt 0.0670834 0.141936
vt 0.0670834 0.131781
vt 0.0785179 0.131781
vt 0.101387 0.141936
vt 0.0899524 0.141936
vt 0.0899524 0.131781
vt 0.101387 0.131781
vt 0.147125 0.162247
vt 0.135691 0.162247
vt 0.124256 0.162247
vt 0.135691 0.152091
vt 0.124256 0.152091
vt 0.147125 0.152091
vt 0.112822 0.162247
vt 0.112822 0.152091
vt 0.124256 0.141936
vt 0.112822 0.141936
vt 0.112822 0.131781
vt 0.124256 0.131781
vt 0.147125 0.141936
vt 0.135691 0.141936
vt 0.135691 0.131781
vt 0.147125 0.131781
vt 0.192863 0.162247
vt 0.181429 0.162247
vt 0.169994 0.162247
vt 0.181429 0.152091
vt 0.169994 0.152091
vt 0.192863 0.152091
vt 0.15856 0.162247
vt 0.15856 0.152091
vt 0.169994 0.141936
vt 0.15856 0.141936
vt 0.15856 0.131781
vt 0.169994 0.131781
vt 0.192863 0.141936
vt 0.181429 0.141936
vt 0.181429 0.131781
vt 0.192863 0.131781
vt 0.238601 0.162247
vt 0.227167 0.162247
vt 0.215732 0.162247
vt 0.227167 0.152091
vt 0.215732 0.152091
vt 0.238601 0.152091
vt 0.204298 0.162247
vt 0.204298 0.152091
vt 0.215732 0.141936
vt 0.204298 0.141936
vt 0.204298 0.131781
vt 0.215732 0.131781
vt 0.238601 0.141936
vt 0.227167 0.141936
vt 0.227167 0.131781
vt 0.238601 0.131781
vt 0.28434 0.162247
vt 0.272905 0.162247
vt 0.26147 0.162247
vt 0.272905 0.152091
vt 0.26147 0.152091
vt 0.28434 0.152091
vt 0.250036 0.162247
vt 0.250036 0.152091
vt 0.26147 0.141936
vt 0.250036 0.141936
vt 0.250036 0.131781
vt 0.26147 0.131781
vt 0.28434 0.141936
vt 0.272905 0.141936
vt 0.272905 0.131781
vt 0.28434 0.131781
vt 0.330078 0.162247
vt 0.318643 0.162247
vt 0.307209 0.162247
vt 0.318643 0.152091
vt 0.307209 0.152091
vt 0.330078 0.152091
vt 0.295774 0.162247
vt 0.295774 0.152091
vt 0.307209 0.141936
vt 0.295774 0.141936
vt 0.295774 0.131781
vt 0.307209 0.131781
vt 0.330078 0.141936
vt 0.318643 0.141936
vt 0.318643 0.131781
vt 0.330078 0.131781
vt 0.352947 0.162247
vt 0.352947 0.152091
vt 0.341512 0.162247
vt 0.341512 0.152091
vt 0.352947 0.141936
vt 0.341512 0.141936
vt 0.341512 0.131781
vt 0.352947 0.131781
vt 0.0556488 0.121625
vt 0.0442143 0.121625
vt 0.0327798 0.121625
vt 0.0442143 0.11147
vt 0.0327798 0.11147
vt 0.0556488 0.11147
vt 0.0327798 0.101315
vt 0.0327798 0.0911591
vt 0.0556488 0.101315
vt 0.0442143 0.101315
vt 0.0442143 0.0911591
vt 0.0556488 0.0911591
vt 0.101387 0.121625
vt 0.0899524 0.121625
vt 0.0785179 0.121625
vt 0.0899524 0.11147
vt 0.0785179 0.11147
vt 0.101387 0.11147
vt 0.0670834 0.121625
vt 0.0670834 0.11147
vt 0.0785179 0.101315
vt 0.0670834 0.101315
vt 0.0670834 0.0911591
vt 0.0785179 0.0911591
vt 0.101387 0.101315
vt 0.0899524 0.101315
vt 0.0899524 0.0911591
vt 0.101387 0.0911591
vt 0.147125 0.121625
vt 0.135691 0.121625
vt 0.124256 0.121625
vt 0.135691 0.11147
vt 0.124256 0.11147
vt 0.147125 0.11147
vt 0.112822 0.121625
vt 0.112822 0.11147
vt 0.124256 0.101315
vt 0.112822 0.101315
vt 0.112822 0.0911591
vt 0.124256 0.0911591
vt 0.147125 0.101315
vt 0.135691 0.101315
vt 0.135691 0.0911591
vt 0.147125 0.0911591
vt 0.192863 0.121625
vt 0.181429 0.121625
vt 0.169994 0.121625
vt 0.181429 0.11147
vt 0.169994 0.11147
vt 0.192863 0.11147
vt 0.15856 0.121625
vt 0.15856 0.11147
vt 0.169994 0.101315
vt 0.15856 0.101315
vt 0.15856 0.0911591
vt 0.169994 0.0911591
vt 0.192863 0.101315
vt 0.181429 0.101315
vt 0.181429 0.0911591
vt 0.192863 0.0911591
vt 0.238601 0.121625
vt 0.227167 0.121625
vt 0.215732 0.121625
vt 0.227167 0.11147
vt 0.215732 0.11147
vt 0.238601 0.11147
vt 0.204298 0.121625
vt 0.204298 0.11147
vt 0.215732 0.101315
vt 0.204298 0.101315
vt 0.204298 0.0911591
vt 0.215732 0.0911591
vt 0.238601 0.101315
vt 0.227167 0.101315
vt 0.227167 0.0911591
vt 0.238601 0.0911591
vt 0.28434 0.121625
vt 0.272905 0.121625
vt 0.26147 0.121625
vt 0.272905 0.11147
vt 0.26147 0.11147
vt 0.28434 0.11147
vt 0.250036 0.121625
vt 0.250036 0.11147
vt 0.26147 0.101315
vt 0.250036 0.101315
vt 0.250036 0.0911591
vt 0.26147 0.0911591
vt 0.28434 0.101315
vt 0.272905 0.101315
vt 0.272905 0.0911591
vt 0.28434 0.0911591
vt 0.330078 0.121625
vt 0.318643 0.121625
vt 0.307209 0.121625
vt 0.318643 0.11147
vt 0.307209 0.11147
vt 0.330078 0.11147
vt 0.295774 0.121625
vt 0.295774 0.11147
vt 0.307209 0.101315
vt 0.295774 0.101315
vt 0.295774 0.0911591
vt 0.307209 0.0911591
vt 0.330078 0.101315
vt 0.318643 0.101315
vt 0.318643 0.0911591
vt 0.330078 0.0911591
vt 0.352947 0.121625
vt 0.352947 0.11147
vt 0.341512 0.121625
vt 0.341512 0.11147
vt 0.352947 0.101315
vt 0.341512 0.101315
vt 0.341512 0.0911591
vt 0.352947 0.0911591
vt 0.0556488 0.0810038
vt 0.0442143 0.0810038
vt 0.0327798 0.0810038
vt 0.0442143 0.0708483
vt 0.0327798 0.0708483
vt 0.0556488 0.0708483
vt 0.0327798 0.060693
vt 0.0327798 0.0505376
vt 0.0556488 0.060693
vt 0.0442143 0.060693
vt 0.0442143 0.0505376
vt 0.0556488 0.0505376
vt 0.101387 0.0810038
vt 0.0899524 0.0810038
vt 0.0785179 0.0810038
vt 0.0899524 0.0708483
vt 0.0785179 0.0708483
vt 0.101387 0.0708483
vt 0.0670834 0.0810038
vt 0.0670834 0.0708483
vt 0.0785179 0.060693
vt 0.0670834 0.060693
vt 0.0670834 0.0505376
vt 0.0785179 0.0505376
vt 0.101387 0.060693
vt 0.0899524 0.060693
vt 0.0899524 0.0505376
vt 0.101387 0.0505376
vt 0.147125 0.0810038
vt 0.135691 0.0810038
vt 0.124256 0.0810038
vt 0.135691 0.0708483
vt 0.124256 0.0708483
vt 0.147125 0.0708483
vt 0.112822 0.0810038
vt 0.112822 0.0708483
vt 0.124256 0.060693
vt 0.112822 0.060693
vt 0.112822 0.0505376
vt 0.124256 0.0505376
vt 0.147125 0.060693
vt 0.135691 0.060693
vt 0.135691 0.0505376
vt 0.147125 0.0505376
vt 0.192863 0.0810038
vt 0.181429 0.0810038
vt 0.169994 0.0810038
vt 0.181429 0.0708483
vt 0.169994 0.0708483
vt 0.192863 0.0708483
vt 0.15856 0.0810038
vt 0.15856 0.0708483
vt 0.169994 0.060693
vt 0.15856 0.060693
vt 0.15856 0.0505376
vt 0.169994 0.0505376
vt 0.192863 0.060693
vt 0.181429 0.060693
vt 0.181429 0.0505376
vt 0.192863 0.0505376
vt 0.238601 0.0810038
vt 0.227167 0.0810038
vt 0.215732 0.0810038
vt 0.227167 0.0708483
vt 0.215732 0.0708483
vt 0.238601 0.0708483
vt 0.204298 0.0810038
vt 0.204298 0.0708483
vt 0.215732 0.060693
vt 0.204298 0.060693
vt 0.204298 0.0505376
vt 0.215732 0.0505376
vt 0.238601 0.060693
vt 0.227167 0.060693
vt 0.227167 0.0505376
vt 0.238601 0.0505376
vt 0.28434 0.0810038
vt 0.272905 0.0810038
vt 0.26147 0.0810038
vt 0.272905 0.0708483
vt 0.26147 0.0708483
vt 0.28434 0.0708483
vt 0.250036 0.0810038
vt 0.250036 0.0708483
vt 0.26147 0.060693
vt 0.250036 0.060693
vt 0.250036 0.0505376
vt 0.26147 0.0505376
vt 0.28434 0.060693
vt 0.272905 0.060693
vt 0.272905 0.0505376
vt 0.28434 0.0505376
vt 0.330078 0.0810038
vt 0.318643 0.0810038
vt 0.307209 0.0810038
vt 0.318643 0.0708483
vt 0.307209 0.0708483
vt 0.330078 0.0708483
vt 0.295774 0.0810038
vt 0.295774 0.0708483
vt 0.307209 0.060693
vt 0.295774 0.060693
vt 0.295774 0.0505376
vt 0.307209 0.0505376
vt 0.330078 0.060693
vt 0.318643 0.060693
vt 0.318643 0.0505376
vt 0.330078 0.0505376
vt 0.352947 0.0810038
vt 0.352947 0.0708483
vt 0.341512 0.0810038
vt 0.341512 0.0708483
vt 0.352947 0.060693
vt 0.341512 0.060693
vt 0.341512 0.0505376
vt 0.352947 0.0505376
vt 0.0556488 0.0403822
vt 0.0442143 0.0403822
vt 0.0327798 0.0403822
vt 0.0442143 0.0302268
vt 0.0328691 0.0303061
vt 0.0556488 0.0302268
vt 0.101387 0.0403822
vt 0.0899524 0.0403822
vt 0.0785179 0.0403822
vt 0.0899524 0.0302268
vt 0.0785179 0.0302268
vt 0.101387 0.0302268
vt 0.0670834 0.0403822
vt 0.0670834 0.0302268
vt 0.147125 0.0403822
vt 0.135691 0.0403822
vt 0.124256 0.0403822
vt 0.135691 0.0302268
vt 0.124256 0.0302268
vt 0.147125 0.0302268
vt 0.112822 0.0403822
vt 0.112822 0.0302268
vt 0.192863 0.0403822
vt 0.181429 0.0403822
vt 0.169994 0.0403822
vt 0.181429 0.0302268
vt 0.169994 0.0302268
vt 0.192863 0.0302268
vt 0.15856 0.0403822
vt 0.15856 0.0302268
vt 0.238601 0.0403822
vt 0.227167 0.0403822
vt 0.215732 0.0403822
vt 0.227167 0.0302268
vt 0.215732 0.0302268
vt 0.238601 0.0302268
vt 0.204298 0.0403822
vt 0.204298 0.0302268
vt 0.28434 0.0403822
vt 0.272905 0.0403822
vt 0.26147 0.0403822
vt 0.272905 0.0302268
vt 0.26147 0.0302268
vt 0.28434 0.0302268
vt 0.250036 0.0403822
vt 0.250036 0.0302268
vt 0.330078 0.0403822
vt 0.318643 0.0403822
vt 0.307209 0.0403822
vt 0.318643 0.0302268
vt 0.307209 0.0302268
vt 0.330078 0.0302268
vt 0.295774 0.0403822
vt 0.295774 0.0302268
vt 0.352947 0.0403822
vt 0.352857 0.0303061
vt 0.341512 0.0403822
vt 0.341512 0.0302268
vt 0.402552 0.0303061
vt 0.425332 0.0302268
vt 0.413897 0.0302268
vt 0.413897 0.0403822
vt 0.402462 0.0403822
vt 0.425332 0.0403822
vt 0.425332 0.0505376
vt 0.413897 0.0505376
vt 0.402462 0.0505376
vt 0.448201 0.0302268
vt 0.436766 0.0302268
vt 0.47107 0.0302268
vt 0.459635 0.0302268
vt 0.459635 0.0403822
vt 0.448201 0.0403822
vt 0.47107 0.0403822
vt 0.47107 0.0505376
vt 0.459635 0.0505376
vt 0.448201 0.0505376
vt 0.436766 0.0403822
vt 0.436766 0.0505376
vt 0.493939 0.0302268
vt 0.482504 0.0302268
vt 0.516808 0.0302268
vt 0.505373 0.0302268
vt 0.505373 0.0403822
vt 0.493939 0.0403822
vt 0.516808 0.0403822
vt 0.516808 0.0505376
vt 0.505373 0.0505376
vt 0.493939 0.0505376
vt 0.482504 0.0403822
vt 0.482504 0.0505376
vt 0.539677 0.0302268
vt 0.528242 0.0302268
vt 0.562546 0.0302268
vt 0.551111 0.0302268
vt 0.551111 0.0403822
vt 0.539677 0.0403822
vt 0.562546 0.0403822
vt 0.562546 0.0505376
vt 0.551111 0.0505376
vt 0.539677 0.0505376
vt 0.528242 0.0403822
vt 0.528242 0.0505376
vt 0.585415 0.0302268
vt 0.573981 0.0302268
vt 0.608284 0.0302268
vt 0.59685 0.0302268
vt 0.59685 0.0403822
vt 0.585415 0.0403822
vt 0.608284 0.0403822
vt 0.608284 0.0505376
vt 0.59685 0.0505376
vt 0.585415 0.0505376
vt 0.573981 0.0403822
vt 0.573981 0.0505376
vt 0.631153 0.0302268
vt 0.619719 0.0302268
vt 0.654022 0.0302268
vt 0.642588 0.0302268
vt 0.642588 0.0403822
vt 0.631153 0.0403822
vt 0.654022 0.0403822
vt 0.654022 0.0505376
vt 0.642588 0.0505376
vt 0.631153 0.0505376
vt 0.619719 0.0403822
vt 0.619719 0.0505376
vt 0.676891 0.0302268
vt 0.665457 0.0302268
vt 0.69976 0.0302268
vt 0.688326 0.0302268
vt 0.688326 0.0403822
vt 0.676891 0.0403822
vt 0.69976 0.0403822
vt 0.69976 0.0505376
vt 0.688326 0.0505376
vt 0.676891 0.0505376
vt 0.665457 0.0403822
vt 0.665457 0.0505376
vt 0.72254 0.0303061
vt 0.711195 0.0302268
vt 0.72263 0.0403822
vt 0.72263 0.0505376
vt 0.711195 0.0403822
vt 0.711195 0.0505376
vt 0.402462 0.060693
vt 0.402462 0.0708484
vt 0.413897 0.060693
vt 0.425332 0.060693
vt 0.425332 0.0708484
vt 0.413897 0.0708484
vt 0.413897 0.0810038
vt 0.402462 0.0810038
vt 0.425332 0.0810038
vt 0.425332 0.0911591
vt 0.413897 0.0911591
vt 0.402462 0.0911591
vt 0.436766 0.060693
vt 0.448201 0.060693
vt 0.448201 0.0708484
vt 0.436766 0.0708484
vt 0.459635 0.060693
vt 0.47107 0.060693
vt 0.47107 0.0708484
vt 0.459635 0.0708484
vt 0.459635 0.0810038
vt 0.448201 0.0810038
vt 0.47107 0.0810038
vt 0.47107 0.0911591
vt 0.459635 0.0911591
vt 0.448201 0.0911591
vt 0.436766 0.0810038
vt 0.436766 0.0911591
vt 0.482504 0.060693
vt 0.493939 0.060693
vt 0.493939 0.0708484
vt 0.482504 0.0708484
vt 0.505373 0.060693
vt 0.516808 0.060693
vt 0.516808 0.0708484
vt 0.505373 0.0708484
vt 0.505373 0.0810038
vt 0.493939 0.0810038
vt 0.516808 0.0810038
vt 0.516808 0.0911591
vt 0.505373 0.0911591
vt 0.493939 0.0911591
vt 0.482504 0.0810038
vt 0.482504 0.0911591
vt 0.528242 0.060693
vt 0.539677 0.060693
vt 0.539677 0.0708484
vt 0.528242 0.0708484
vt 0.551111 0.060693
vt 0.562546 0.060693
vt 0.562546 0.0708484
vt 0.551111 0.0708484
vt 0.551111 0.0810038
vt 0.539677 0.0810038
vt 0.562546 0.0810038
vt 0.562546 0.0911591
vt 0.551111 0.0911591
vt 0.539677 0.0911591
vt 0.528242 0.0810038
vt 0.528242 0.0911591
vt 0.573981 0.060693
vt 0.585415 0.060693
vt 0.585415 0.0708484
vt 0.573981 0.0708484
vt 0.59685 0.060693
vt 0.608284 0.060693
vt 0.608284 0.0708484
vt 0.59685 0.0708484
vt 0.59685 0.0810038
vt 0.585415 0.0810038
vt 0.608284 0.0810038
vt 0.608284 0.0911591
vt 0.59685 0.0911591
vt 0.585415 0.0911591
vt 0.573981 0.0810038
vt 0.573981 0.0911591
vt 0.619719 0.060693
vt 0.631153 0.060693
vt 0.631153 0.0708484
vt 0.619719 0.0708484
vt 0.642588 0.060693
vt 0.654022 0.060693
vt 0.654022 0.0708484
vt 0.642588 0.0708484
vt 0.642588 0.0810038
vt 0.631153 0.0810038
vt 0.654022 0.0810038
vt 0.654022 0.0911591
vt 0.642588 0.0911591
vt 0.631153 0.0911591
vt 0.619719 0.0810038
vt 0.619719 0.0911591
vt 0.665457 0.060693
vt 0.676891 0.060693
vt 0.676891 0.0708484
vt 0.665457 0.0708484
vt 0.688326 0.060693
vt 0.69976 0.060693
vt 0.69976 0.0708484
vt 0.688326 0.0708484
vt 0.688326 0.0810038
vt 0.676891 0.0810038
vt 0.69976 0.0810038
vt 0.69976 0.0911591
vt 0.688326 0.0911591
vt 0.676891 0.0911591
vt 0.665457 0.0810038
vt 0.665457 0.0911591
vt 0.711195 0.060693
vt 0.72263 0.060693
vt 0.72263 0.0708484
vt 0.711195 0.0708484
vt 0.72263 0.0810038
vt 0.72263 0.0911591
vt 0.711195 0.0810038
vt 0.711195 0.0911591
vt 0.402462 0.101315
vt 0.402462 0.11147
vt 0.413897 0.101315
vt 0.425332 0.101315
vt 0.425332 0.11147
vt 0.413897 0.11147
vt 0.413897 0.121625
vt 0.402462 0.121625
vt 0.425332 0.121625
vt 0.425332 0.131781
vt 0.413897 0.131781
vt 0.402462 0.131781
vt 0.436766 0.101315
vt 0.448201 0.101315
vt 0.448201 0.11147
vt 0.436766 0.11147
vt 0.459635 0.101315
vt 0.47107 0.101315
vt 0.47107 0.11147
vt 0.459635 0.11147
vt 0.459635 0.121625
vt 0.448201 0.121625
vt 0.47107 0.121625
vt 0.47107 0.131781
vt 0.459635 0.131781
vt 0.448201 0.131781
vt 0.436766 0.121625
vt 0.436766 0.131781
vt 0.482504 0.101315
vt 0.493939 0.101315
vt 0.493939 0.11147
vt 0.482504 0.11147
vt 0.505373 0.101315
vt 0.516808 0.101315
vt 0.516808 0.11147
vt 0.505373 0.11147
vt 0.505373 0.121625
vt 0.493939 0.121625
vt 0.516808 0.121625
vt 0.516808 0.131781
vt 0.505373 0.131781
vt 0.493939 0.131781
vt 0.482504 0.121625
vt 0.482504 0.131781
vt 0.528242 0.101315
vt 0.539677 0.101315
vt 0.539677 0.11147
vt 0.528242 0.11147
vt 0.551111 0.101315
vt 0.562546 0.101315
vt 0.562546 0.11147
vt 0.551111 0.11147
vt 0.551111 0.121625
vt 0.539677 0.121625
vt 0.562546 0.121625
vt 0.562546 0.131781
vt 0.551111 0.131781
vt 0.539677 0.131781
vt 0.528242 0.121625
vt 0.528242 0.131781
vt 0.573981 0.101315
vt 0.585415 0.101315
vt 0.585415 0.11147
vt 0.573981 0.11147
vt 0.59685 0.101315
vt 0.608284 0.101315
vt 0.608284 0.11147
vt 0.59685 0.11147
vt 0.59685 0.121625
vt 0.585415 0.121625
vt 0.608284 0.121625
vt 0.608284 0.131781
vt 0.59685 0.131781
vt 0.585415 0.131781
vt 0.573981 0.121625
vt 0.573981 0.131781
vt 0.619719 0.101315
vt 0.631153 0.101315
vt 0.631153 0.11147
vt 0.619719 0.11147
vt 0.642588 0.101315
vt 0.654022 0.101315
vt 0.654022 0.11147
vt 0.642588 0.11147
vt 0.642588 0.121625
vt 0.631153 0.121625
vt 0.654022 0.121625
vt 0.654022 0.131781
vt 0.642588 0.131781
vt 0.631153 0.131781
vt 0.619719 0.121625
vt 0.619719 0.131781
vt 0.665457 0.101315
vt 0.676891 0.101315
vt 0.676891 0.11147
vt 0.665457 0.11147
vt 0.688326 0.101315
vt 0.69976 0.101315
vt 0.69976 0.11147
vt 0.688326 0.11147
vt 0.688326 0.121625
vt 0.676891 0.121625
vt 0.69976 0.121625
vt 0.69976 0.131781
vt 0.688326 0.131781
vt 0.676891 0.131781
vt 0.665457 0.121625
vt 0.665457 0.131781
vt 0.711195 0.101315
vt 0.72263 0.101315
vt 0.72263 0.11147
vt 0.711195 0.11147
vt 0.72263 0.121625
vt 0.72263 0.131781
vt 0.711195 0.121625
vt 0.711195 0.131781
vt 0.402462 0.141936
vt 0.402462 0.152091
vt 0.413897 0.141936
vt 0.425332 0.141936
vt 0.425332 0.152091
vt 0.413897 0.152091
vt 0.413897 0.162247
vt 0.402462 0.162247
vt 0.425332 0.162247
vt 0.425332 0.172402
vt 0.413897 0.172402
vt 0.402462 0.172402
vt 0.436766 0.141936
vt 0.448201 0.141936
vt 0.448201 0.152091
vt 0.436766 0.152091
vt 0.459635 0.141936
vt 0.47107 0.141936
vt 0.47107 0.152091
vt 0.459635 0.152091
vt 0.459635 0.162247
vt 0.448201 0.162247
vt 0.47107 0.162247
vt 0.47107 0.172402
vt 0.459635 0.172402
vt 0.448201 0.172402
vt 0.436766 0.162247
vt 0.436766 0.172402
vt 0.482504 0.141936
vt 0.493939 0.141936
vt 0.493939 0.152091
vt 0.482504 0.152091
vt 0.505373 0.141936
vt 0.516808 0.141936
vt 0.516808 0.152091
vt 0.505373 0.152091
vt 0.505373 0.162247
vt 0.493939 0.162247
vt 0.516808 0.162247
vt 0.516808 0.172402
vt 0.505373 0.172402
vt 0.493939 0.172402
vt 0.482504 0.162247
vt 0.482504 0.172402
vt 0.528242 0.141936
vt 0.539677 0.141936
vt 0.539677 0.152091
vt 0.528242 0.152091
vt 0.551111 0.141936
vt 0.562546 0.141936
vt 0.562546 0.152091
vt 0.551111 0.152091
vt 0.551111 0.162247
vt 0.539677 0.162247
vt 0.562546 0.162247
vt 0.562546 0.172402
vt 0.551111 0.172402
vt 0.539677 0.172402
vt 0.528242 0.162247
vt 0.528242 0.172402
vt 0.573981 0.141936
vt 0.585415 0.141936
vt 0.585415 0.152091
vt 0.573981 0.152091
vt 0.59685 0.141936
vt 0.608284 0.141936
vt 0.608284 0.152091
vt 0.59685 0.152091
vt 0.59685 0.162247
vt 0.585415 0.162247
vt 0.608284 0.162247
vt 0.608284 0.172402
vt 0.59685 0.172402
vt 0.585415 0.172402
vt 0.573981 0.162247
vt 0.573981 0.172402
vt 0.619719 0.141936
vt 0.631153 0.141936
vt 0.631153 0.152091
vt 0.619719 0.152091
vt 0.642588 0.141936
vt 0.654022 0.141936
vt 0.654022 0.152091
vt 0.642588 0.152091
vt 0.642588 0.162247
vt 0.631153 0.162247
vt 0.654022 0.162247
vt 0.654022 0.172402
vt 0.642588 0.172402
vt 0.631153 0.172402
vt 0.619719 0.162247
vt 0.619719 0.172402
vt 0.665457 0.141936
vt 0.676891 0.141936
vt 0.676891 0.152091
vt 0.665457 0.152091
vt 0.688326 0.141936
vt 0.69976 0.141936
vt 0.69976 0.152091
vt 0.688326 0.152091
vt 0.688326 0.162247
vt 0.676891 0.162247
vt 0.69976 0.162247
vt 0.69976 0.172402
vt 0.688326 0.172402
vt 0.676891 0.172402
vt 0.665457 0.162247
vt 0.665457 0.172402
vt 0.711195 0.141936
vt 0.72263 0.141936
vt 0.72263 0.152091
vt 0.711195 0.152091
vt 0.72263 0.162247
vt 0.72263 0.172402
vt 0.711195 0.162247
vt 0.711195 0.172402
vt 0.402462 0.182558
vt 0.402462 0.192713
vt 0.413897 0.182558
vt 0.425332 0.182558
vt 0.425332 0.192713
vt 0.413897 0.192713
vt 0.413897 0.202868
vt 0.402462 0.202868
vt 0.425332 0.202868
vt 0.425332 0.213024
vt 0.413897 0.213024
vt 0.402462 0.213024
vt 0.436766 0.182558
vt 0.448201 0.182558
vt 0.448201 0.192713
vt 0.436766 0.192713
vt 0.459635 0.182558
vt 0.47107 0.182558
vt 0.47107 0.192713
vt 0.459635 0.192713
vt 0.459635 0.202868
vt 0.448201 0.202868
vt 0.47107 0.202868
vt 0.47107 0.213024
vt 0.459635 0.213024
vt 0.448201 0.213024
vt 0.436766 0.202868
vt 0.436766 0.213024
vt 0.482504 0.182558
vt 0.493939 0.182558
vt 0.493939 0.192713
vt 0.482504 0.192713
vt 0.505373 0.182558
vt 0.516808 0.182558
vt 0.516808 0.192713
vt 0.505373 0.192713
vt 0.505373 0.202868
vt 0.493939 0.202868
vt 0.516808 0.202868
vt 0.516808 0.213024
vt 0.505373 0.213024
vt 0.493939 0.213024
vt 0.482504 0.202868
vt 0.482504 0.213024
vt 0.528242 0.182558
vt 0.539677 0.182558
vt 0.539677 0.192713
vt 0.528242 0.192713
vt 0.551111 0.182558
vt 0.562546 0.182558
vt 0.562546 0.192713
vt 0.551111 0.192713
vt 0.551111 0.202868
vt 0.539677 0.202868
vt 0.562546 0.202868
vt 0.562546 0.213024
vt 0.551111 0.213024
vt 0.539677 0.213024
vt 0.528242 0.202868
vt 0.528242 0.213024
vt 0.573981 0.182558
vt 0.585415 0.182558
vt 0.585415 0.192713
vt 0.573981 0.192713
vt 0.59685 0.182558
vt 0.608284 0.182558
vt 0.608284 0.192713
vt 0.59685 0.192713
vt 0.59685 0.202868
vt 0.585415 0.202868
vt 0.608284 0.202868
vt 0.608284 0.213024
vt 0.59685 0.213024
vt 0.585415 0.213024
vt 0.573981 0.202868
vt 0.573981 0.213024
vt 0.619719 0.182558
vt 0.631153 0.182558
vt 0.631153 0.192713
vt 0.619719 0.192713
vt 0.642588 0.182558
vt 0.654022 0.182558
vt 0.654022 0.192713
vt 0.642588 0.192713
vt 0.642588 0.202868
vt 0.631153 0.202868
vt 0.654022 0.202868
vt 0.654022 0.213024
vt 0.642588 0.213024
vt 0.631153 0.213024
vt 0.619719 0.202868
vt 0.619719 0.213024
vt 0.665457 0.182558
vt 0.676891 0.182558
vt 0.676891 0.192713
vt 0.665457 0.192713
vt 0.688326 0.182558
vt 0.69976 0.182558
vt 0.69976 0.192713
vt 0.688326 0.192713
vt 0.688326 0.202868
vt 0.676891 0.202868
vt 0.69976 0.202868
vt 0.69976 0.213024
vt 0.688326 0.213024
vt 0.676891 0.213024
vt 0.665457 0.202868
vt 0.665457 0.213024
vt 0.711195 0.182558
vt 0.72263 0.182558
vt 0.72263 0.192713
vt 0.711195 0.192713
vt 0.72263 0.202868
vt 0.72263 0.213024
vt 0.711195 0.202868
vt 0.711195 0.213024
vt 0.402462 0.223179
vt 0.402462 0.233335
vt 0.413897 0.223179
vt 0.425332 0.223179
vt 0.425332 0.233335
vt 0.413897 0.233335
vt 0.413897 0.24349
vt 0.402462 0.24349
vt 0.425332 0.24349
vt 0.425332 0.253645
vt 0.413897 0.253645
vt 0.402462 0.253645
vt 0.436766 0.223179
vt 0.448201 0.223179
vt 0.448201 0.233335
vt 0.436766 0.233335
vt 0.459635 0.223179
vt 0.47107 0.223179
vt 0.47107 0.233335
vt 0.459635 0.233335
vt 0.459635 0.24349
vt 0.448201 0.24349
vt 0.47107 0.24349
vt 0.47107 0.253645
vt 0.459635 0.253645
vt 0.448201 0.253645
vt 0.436766 0.24349
vt 0.436766 0.253645
vt 0.482504 0.223179
vt 0.493939 0.223179
vt 0.493939 0.233335
vt 0.482504 0.233335
vt 0.505373 0.223179
vt 0.516808 0.223179
vt 0.516808 0.233335
vt 0.505373 0.233335
vt 0.505373 0.24349
vt 0.493939 0.24349
vt 0.516808 0.24349
vt 0.516808 0.253645
vt 0.505373 0.253645
vt 0.493939 0.253645
vt 0.482504 0.24349
vt 0.482504 0.253645
vt 0.528242 0.223179
vt 0.539677 0.223179
vt 0.539677 0.233335
vt 0.528242 0.233335
vt 0.551111 0.223179
vt 0.562546 0.223179
vt 0.562546 0.233335
vt 0.551111 0.233335
vt 0.551111 0.24349
vt 0.539677 0.24349
vt 0.562546 0.24349
vt 0.562546 0.253645
vt 0.551111 0.253645
vt 0.539677 0.253645
vt 0.528242 0.24349
vt 0.528242 0.253645
vt 0.573981 0.223179
vt 0.585415 0.223179
vt 0.585415 0.233335
vt 0.573981 0.233335
vt 0.59685 0.223179
vt 0.608284 0.223179
vt 0.608284 0.233335
vt 0.59685 0.233335
vt 0.59685 0.24349
vt 0.585415 0.24349
vt 0.608284 0.24349
vt 0.608284 0.253645
vt 0.59685 0.253645
vt 0.585415 0.253645
vt 0.573981 0.24349
vt 0.573981 0.253645
vt 0.619719 0.223179
vt 0.631153 0.223179
vt 0.631153 0.233335
vt 0.619719 0.233335
vt 0.642588 0.223179
vt 0.654022 0.223179
vt 0.654022 0.233335
vt 0.642588 0.233335
vt 0.642588 0.24349
vt 0.631153 0.24349
vt 0.654022 0.24349
vt 0.654022 0.253645
vt 0.642588 0.253645
vt 0.631153 0.253645
vt 0.619719 0.24349
vt 0.619719 0.253645
vt 0.665457 0.223179
vt 0.676891 0.223179
vt 0.676891 0.233335
vt 0.665457 0.233335
vt 0.688326 0.223179
vt 0.69976 0.223179
vt 0.69976 0.233335
vt 0.688326 0.233335
vt 0.688326 0.24349
vt 0.676891 0.24349
vt 0.69976 0.24349
vt 0.69976 0.253645
vt 0.688326 0.253645
vt 0.676891 0.253645
vt 0.665457 0.24349
vt 0.665457 0.253645
vt 0.711195 0.223179
vt 0.72263 0.223179
vt 0.72263 0.233335
vt 0.711195 0.233335
vt 0.72263 0.24349
vt 0.72263 0.253645
vt 0.711195 0.24349
vt 0.711195 0.253645
vt 0.402462 0.263801
vt 0.402462 0.273956
vt 0.413897 0.263801
vt 0.425332 0.263801
vt 0.425332 0.273956
vt 0.413897 0.273956
vt 0.413897 0.284112
vt 0.402462 0.284112
vt 0.425332 0.284112
vt 0.425332 0.294267
vt 0.413897 0.294267
vt 0.402462 0.294267
vt 0.436766 0.263801
vt 0.448201 0.263801
vt 0.448201 0.273956
vt 0.436766 0.273956
vt 0.459635 0.263801
vt 0.47107 0.263801
vt 0.47107 0.273956
vt 0.459635 0.273956
vt 0.459635 0.284112
vt 0.448201 0.284112
vt 0.47107 0.284112
vt 0.47107 0.294267
vt 0.459635 0.294267
vt 0.448201 0.294267
vt 0.436766 0.284112
vt 0.436766 0.294267
vt 0.482504 0.263801
vt 0.493939 0.263801
vt 0.493939 0.273956
vt 0.482504 0.273956
vt 0.505373 0.263801
vt 0.516808 0.263801
vt 0.516808 0.273956
vt 0.505373 0.273956
vt 0.505373 0.284112
vt 0.493939 0.284112
vt 0.516808 0.284112
vt 0.516808 0.294267
vt 0.505373 0.294267
vt 0.493939 0.294267
vt 0.482504 0.284112
vt 0.482504 0.294267
vt 0.528242 0.263801
vt 0.539677 0.263801
vt 0.539677 0.273956
vt 0.528242 0.273956
vt 0.551111 0.263801
vt 0.562546 0.263801
vt 0.562546 0.273956
vt 0.551111 0.273956
vt 0.551111 0.284112
vt 0.539677 0.284112
vt 0.562546 0.284112
vt 0.562546 0.294267
vt 0.551111 0.294267
vt 0.539677 0.294267
vt 0.528242 0.284112
vt 0.528242 0.294267
vt 0.573981 0.263801
vt 0.585415 0.263801
vt 0.585415 0.273956
vt 0.573981 0.273956
vt 0.59685 0.263801
vt 0.608284 0.263801
vt 0.608284 0.273956
vt 0.59685 0.273956
vt 0.59685 0.284112
vt 0.585415 0.284112
vt 0.608284 0.284112
vt 0.608284 0.294267
vt 0.59685 0.294267
vt 0.585415 0.294267
vt 0.573981 0.284112
vt 0.573981 0.294267
vt 0.619719 0.263801
vt 0.631153 0.263801
vt 0.631153 0.273956
vt 0.619719 0.273956
vt 0.642588 0.263801
vt 0.654022 0.263801
vt 0.654022 0.273956
vt 0.642588 0.273956
vt 0.642588 0.284112
vt 0.631153 0.284112
vt 0.654022 0.284112
vt 0.654022 0.294267
vt 0.642588 0.294267
vt 0.631153 0.294267
vt 0.619719 0.284112
vt 0.619719 0.294267
vt 0.665457 0.263801
vt 0.676891 0.263801
vt 0.676891 0.273956
vt 0.665457 0.273956
vt 0.688326 0.263801
vt 0.69976 0.263801
vt 0.69976 0.273956
vt 0.688326 0.273956
vt 0.688326 0.284112
vt 0.676891 0.284112
vt 0.69976 0.284112
vt 0.69976 0.294267
vt 0.688326 0.294267
vt 0.676891 0.294267
vt 0.665457 0.284112
vt 0.665457 0.294267
vt 0.711195 0.263801
vt 0.72263 0.263801
vt 0.72263 0.273956
vt 0.711195 0.273956
vt 0.72263 0.284112
vt 0.72263 0.294267
vt 0.711195 0.284112
vt 0.711195 0.294267
vt 0.402462 0.304422
vt 0.402462 0.314578
vt 0.413897 0.304422
vt 0.425332 0.304422
vt 0.425332 0.314578
vt 0.413897 0.314578
vt 0.413897 0.324733
vt 0.402462 0.324733
vt 0.425332 0.324733
vt 0.425332 0.334889
vt 0.413897 0.334889
vt 0.402462 0.334889
vt 0.436766 0.304422
vt 0.448201 0.304422
vt 0.448201 0.314578
vt 0.436766 0.314578
vt 0.459635 0.304422
vt 0.47107 0.304422
vt 0.47107 0.314578
vt 0.459635 0.314578
vt 0.459635 0.324733
vt 0.448201 0.324733
vt 0.47107 0.324733
vt 0.47107 0.334889
vt 0.459635 0.334889
vt 0.448201 0.334889
vt 0.436766 0.324733
vt 0.436766 0.334889
vt 0.482504 0.304422
vt 0.493939 0.304422
vt 0.493939 0.314578
vt 0.482504 0.314578
vt 0.505373 0.304422
vt 0.516808 0.304422
vt 0.516808 0.314578
vt 0.505373 0.314578
vt 0.505373 0.324733
vt 0.493939 0.324733
vt 0.516808 0.324733
vt 0.516808 0.334889
vt 0.505373 0.334889
vt 0.493939 0.334889
vt 0.482504 0.324733
vt 0.482504 0.334889
vt 0.528242 0.304422
vt 0.539677 0.304422
vt 0.539677 0.314578
vt 0.528242 0.314578
vt 0.551111 0.304422
vt 0.562546 0.304422
vt 0.562546 0.314578
vt 0.551111 0.314578
vt 0.551111 0.324733
vt 0.539677 0.324733
vt 0.562546 0.324733
vt 0.562546 0.334889
vt 0.551111 0.334889
vt 0.539677 0.334889
vt 0.528242 0.324733
vt 0.528242 0.334889
vt 0.573981 0.304422
vt 0.585415 0.304422
vt 0.585415 0.314578
vt 0.573981 0.314578
vt 0.59685 0.304422
vt 0.608284 0.304422
vt 0.608284 0.314578
vt 0.59685 0.314578
vt 0.59685 0.324733
vt 0.585415 0.324733
vt 0.608284 0.324733
vt 0.608284 0.334889
vt 0.59685 0.334889
vt 0.585415 0.334889
vt 0.573981 0.324733
vt 0.573981 0.334889
vt 0.619719 0.304422
vt 0.631153 0.304422
vt 0.631153 0.314578
vt 0.619719 0.314578
vt 0.642588 0.304422
vt 0.654022 0.304422
vt 0.654022 0.314578
vt 0.642588 0.314578
vt 0.642588 0.324733
vt 0.631153 0.324733
vt 0.654022 0.324733
vt 0.654022 0.334889
vt 0.642588 0.334889
vt 0.631153 0.334889
vt 0.619719 0.324733
vt 0.619719 0.334889
vt 0.665457 0.304422
vt 0.676891 0.304422
vt 0.676891 0.314578
vt 0.665457 0.314578
vt 0.688326 0.304422
vt 0.69976 0.304422
vt 0.69976 0.314578
vt 0.688326 0.314578
vt 0.688326 0.324733
vt 0.676891 0.324733
vt 0.69976 0.324733
vt 0.69976 0.334889
vt 0.688326 0.334889
vt 0.676891 0.334889
vt 0.665457 0.324733
vt 0.665457 0.334889
vt 0.711195 0.304422
vt 0.72263 0.304422
vt 0.72263 0.314578
vt 0.711195 0.314578
vt 0.72263 0.324733
vt 0.72263 0.334889
vt 0.711195 0.324733
vt 0.711195 0.334889
vt 0.402462 0.345044
vt 0.402462 0.355199
vt 0.413897 0.345044
vt 0.425332 0.345044
vt 0.425332 0.355199
vt 0.413897 0.355199
vt 0.413897 0.365355
vt 0.402462 0.365355
vt 0.425332 0.365355
vt 0.425332 0.37551
vt 0.413897 0.37551
vt 0.402462 0.37551
vt 0.436766 0.345044
vt 0.448201 0.345044
vt 0.448201 0.355199
vt 0.436766 0.355199
vt 0.459635 0.345044
vt 0.47107 0.345044
vt 0.47107 0.355199
vt 0.459635 0.355199
vt 0.459635 0.365355
vt 0.448201 0.365355
vt 0.47107 0.365355
vt 0.47107 0.37551
vt 0.459635 0.37551
vt 0.448201 0.37551
vt 0.436766 0.365355
vt 0.436766 0.37551
vt 0.482504 0.345044
vt 0.493939 0.345044
vt 0.493939 0.355199
vt 0.482504 0.355199
vt 0.505373 0.345044
vt 0.516808 0.345044
vt 0.516808 0.355199
vt 0.505373 0.355199
vt 0.505373 0.365355
vt 0.493939 0.365355
vt 0.516808 0.365355
vt 0.516808 0.37551
vt 0.505373 0.37551
vt 0.493939 0.37551
vt 0.482504 0.365355
vt 0.482504 0.37551
vt 0.528242 0.345044
vt 0.539677 0.345044
vt 0.539677 0.355199
vt 0.528242 0.355199
vt 0.551111 0.345044
vt 0.562546 0.345044
vt 0.562546 0.355199
vt 0.551111 0.355199
vt 0.551111 0.365355
vt 0.539677 0.365355
vt 0.562546 0.365355
vt 0.562546 0.37551
vt 0.551111 0.37551
vt 0.539677 0.37551
vt 0.528242 0.365355
vt 0.528242 0.37551
vt 0.573981 0.345044
vt 0.585415 0.345044
vt 0.585415 0.355199
vt 0.573981 0.355199
vt 0.59685 0.345044
vt 0.608284 0.345044
vt 0.608284 0.355199
vt 0.59685 0.355199
vt 0.59685 0.365355
vt 0.585415 0.365355
vt 0.608284 0.365355
vt 0.608284 0.37551
vt 0.59685 0.37551
vt 0.585415 0.37551
vt 0.573981 0.365355
vt 0.573981 0.37551
vt 0.619719 0.345044
vt 0.631153 0.345044
vt 0.631153 0.355199
vt 0.619719 0.355199
vt 0.642588 0.345044
vt 0.654022 0.345044
vt 0.654022 0.355199
vt 0.642588 0.355199
vt 0.642588 0.365355
vt 0.631153 0.365355
vt 0.654022 0.365355
vt 0.654022 0.37551
vt 0.642588 0.37551
vt 0.631153 0.37551
vt 0.619719 0.365355
vt 0.619719 0.37551
vt 0.665457 0.345044
vt 0.676891 0.345044
vt 0.676891 0.355199
vt 0.665457 0.355199
vt 0.688326 0.345044
vt 0.69976 0.345044
vt 0.69976 0.355199
vt 0.688326 0.355199
vt 0.688326 0.365355
vt 0.676891 0.365355
vt 0.69976 0.365355
vt 0.69976 0.37551
vt 0.688326 0.37551
vt 0.676891 0.37551
vt 0.665457 0.365355
vt 0.665457 0.37551
vt 0.711195 0.345044
vt 0.72263 0.345044
vt 0.72263 0.355199
vt 0.711195 0.355199
vt 0.72263 0.365355
vt 0.72263 0.37551
vt 0.711195 0.365355
vt 0.711195 0.37551
vt 0.402462 0.385665
vt 0.402462 0.395821
vt 0.413897 0.385665
vt 0.425332 0.385665
vt 0.425332 0.395821
vt 0.413897 0.395821
vt 0.413897 0.405976
vt 0.402462 0.405976
vt 0.425332 0.405976
vt 0.425332 0.416132
vt 0.413897 0.416132
vt 0.402462 0.416132
vt 0.436766 0.385665
vt 0.448201 0.385665
vt 0.448201 0.395821
vt 0.436766 0.395821
vt 0.459635 0.385665
vt 0.47107 0.385665
vt 0.47107 0.395821
vt 0.459635 0.395821
vt 0.459635 0.405976
vt 0.448201 0.405976
vt 0.47107 0.405976
vt 0.47107 0.416132
vt 0.459635 0.416132
vt 0.448201 0.416132
vt 0.436766 0.405976
vt 0.436766 0.416132
vt 0.482504 0.385665
vt 0.493939 0.385665
vt 0.493939 0.395821
vt 0.482504 0.395821
vt 0.505373 0.385665
vt 0.516808 0.385665
vt 0.516808 0.395821
vt 0.505373 0.395821
vt 0.505373 0.405976
vt 0.493939 0.405976
vt 0.516808 0.405976
vt 0.516808 0.416132
vt 0.505373 0.416132
vt 0.493939 0.416132
vt 0.482504 0.405976
vt 0.482504 0.416132
vt 0.528242 0.385665
vt 0.539677 0.385665
vt 0.539677 0.395821
vt 0.528242 0.395821
vt 0.551111 0.385665
vt 0.562546 0.385665
vt 0.562546 0.395821
vt 0.551111 0.395821
vt 0.551111 0.405976
vt 0.539677 0.405976
vt 0.562546 0.405976
vt 0.562546 0.416132
vt 0.551111 0.416132
vt 0.539677 0.416132
vt 0.528242 0.405976
vt 0.528242 0.416132
vt 0.573981 0.385665
vt 0.585415 0.385665
vt 0.585415 0.395821
vt 0.573981 0.395821
vt 0.59685 0.385665
vt 0.608284 0.385665
vt 0.608284 0.395821
vt 0.59685 0.395821
vt 0.59685 0.405976
vt 0.585415 0.405976
vt 0.608284 0.405976
vt 0.608284 0.416132
vt 0.59685 0.416132
vt 0.585415 0.416132
vt 0.573981 0.405976
vt 0.573981 0.416132
vt 0.619719 0.385665
vt 0.631153 0.385665
vt 0.631153 0.395821
vt 0.619719 0.395821
vt 0.642588 0.385665
vt 0.654022 0.385665
vt 0.654022 0.395821
vt 0.642588 0.395821
vt 0.642588 0.405976
vt 0.631153 0.405976
vt 0.654022 0.405976
vt 0.654022 0.416132
vt 0.642588 0.416132
vt 0.631153 0.416132
vt 0.619719 0.405976
vt 0.619719 0.416132
vt 0.665457 0.385665
vt 0.676891 0.385665
vt 0.676891 0.395821
vt 0.665457 0.395821
vt 0.688326 0.385665
vt 0.69976 0.385665
vt 0.69976 0.395821
vt 0.688326 0.395821
vt 0.688326 0.405976
vt 0.676891 0.405976
vt 0.69976 0.405976
vt 0.69976 0.416132
vt 0.688326 0.416132
vt 0.676891 0.416132
vt 0.665457 0.405976
vt 0.665457 0.416132
vt 0.711195 0.385665
vt 0.72263 0.385665
vt 0.72263 0.395821
vt 0.711195 0.395821
vt 0.72263 0.405976
vt 0.72263 0.416132
vt 0.711195 0.405976
vt 0.711195 0.416132
vt 0.402462 0.426287
vt 0.402462 0.436442
vt 0.413897 0.426287
vt 0.425332 0.426287
vt 0.425332 0.436442
vt 0.413897 0.436442
vt 0.413897 0.446598
vt 0.402462 0.446598
vt 0.425332 0.446598
vt 0.425332 0.456753
vt 0.413897 0.456753
vt 0.402462 0.456753
vt 0.436766 0.426287
vt 0.448201 0.426287
vt 0.448201 0.436442
vt 0.436766 0.436442
vt 0.459635 0.426287
vt 0.47107 0.426287
vt 0.47107 0.436442
vt 0.459635 0.436442
vt 0.459635 0.446598
vt 0.448201 0.446598
vt 0.47107 0.446598
vt 0.47107 0.456753
vt 0.459635 0.456753
vt 0.448201 0.456753
vt 0.436766 0.446598
vt 0.436766 0.456753
vt 0.482504 0.426287
vt 0.493939 0.426287
vt 0.493939 0.436442
vt 0.482504 0.436442
vt 0.505373 0.426287
vt 0.516808 0.426287
vt 0.516808 0.436442
vt 0.505373 0.436442
vt 0.505373 0.446598
vt 0.493939 0.446598
vt 0.516808 0.446598
vt 0.516808 0.456753
vt 0.505373 0.456753
vt 0.493939 0.456753
vt 0.482504 0.446598
vt 0.482504 0.456753
vt 0.528242 0.426287
vt 0.539677 0.426287
vt 0.539677 0.436442
vt 0.528242 0.436442
vt 0.551111 0.426287
vt 0.562546 0.426287
vt 0.562546 0.436442
vt 0.551111 0.436442
vt 0.551111 0.446598
vt 0.539677 0.446598
vt 0.562546 0.446598
vt 0.562546 0.456753
vt 0.551111 0.456753
vt 0.539677 0.456753
vt 0.528242 0.446598
vt 0.528242 0.456753
vt 0.573981 0.426287
vt 0.585415 0.426287
vt 0.585415 0.436442
vt 0.573981 0.436442
vt 0.59685 0.426287
vt 0.608284 0.426287
vt 0.608284 0.436442
vt 0.59685 0.436442
vt 0.59685 0.446598
vt 0.585415 0.446598
vt 0.608284 0.446598
vt 0.608284 0.456753
vt 0.59685 0.456753
vt 0.585415 0.456753
vt 0.573981 0.446598
vt 0.573981 0.456753
vt 0.619719 0.426287
vt 0.631153 0.426287
vt 0.631153 0.436442
vt 0.619719 0.436442
vt 0.642588 0.426287
vt 0.654022 0.426287
vt 0.654022 0.436442
vt 0.642588 0.436442
vt 0.642588 0.446598
vt 0.631153 0.446598
vt 0.654022 0.446598
vt 0.654022 0.456753
vt 0.642588 0.456753
vt 0.631153 0.456753
vt 0.619719 0.446598
vt 0.619719 0.456753
vt 0.665457 0.426287
vt 0.676891 0.426287
vt 0.676891 0.436442
vt 0.665457 0.436442
vt 0.688326 0.426287
vt 0.69976 0.426287
vt 0.69976 0.436442
vt 0.688326 0.436442
vt 0.688326 0.446598
vt 0.676891 0.446598
vt 0.69976 0.446598
vt 0.69976 0.456753
vt 0.688326 0.456753
vt 0.676891 0.456753
vt 0.665457 0.446598
vt 0.665457 0.456753
vt 0.711195 0.426287
vt 0.72263 0.426287
vt 0.72263 0.436442
vt 0.711195 0.436442
vt 0.72263 0.446598
vt 0.72263 0.456753
vt 0.711195 0.446598
vt 0.711195 0.456753
vt 0.402462 0.466909
vt 0.402462 0.477064
vt 0.413897 0.466909
vt 0.425332 0.466909
vt 0.425332 0.477064
vt 0.413897 0.477064
vt 0.413897 0.487219
vt 0.402462 0.487219
vt 0.425332 0.487219
vt 0.425332 0.497375
vt 0.413897 0.497375
vt 0.402462 0.497375
vt 0.436766 0.466909
vt 0.448201 0.466909
vt 0.448201 0.477064
vt 0.436766 0.477064
vt 0.459635 0.466909
vt 0.47107 0.466909
vt 0.47107 0.477064
vt 0.459635 0.477064
vt 0.459635 0.487219
vt 0.448201 0.487219
vt 0.47107 0.487219
vt 0.47107 0.497375
vt 0.459635 0.497375
vt 0.448201 0.497375
vt 0.436766 0.487219
vt 0.436766 0.497375
vt 0.482504 0.466909
vt 0.493939 0.466909
vt 0.493939 0.477064
vt 0.482504 0.477064
vt 0.505373 0.466909
vt 0.516808 0.466909
vt 0.516808 0.477064
vt 0.505373 0.477064
vt 0.505373 0.487219
vt 0.493939 0.487219
vt 0.516808 0.487219
vt 0.516808 0.497375
vt 0.505373 0.497375
vt 0.493939 0.497375
vt 0.482504 0.487219
vt 0.482504 0.497375
vt 0.528242 0.466909
vt 0.539677 0.466909
vt 0.539677 0.477064
vt 0.528242 0.477064
vt 0.551111 0.466909
vt 0.562546 0.466909
vt 0.562546 0.477064
vt 0.551111 0.477064
vt 0.551111 0.487219
vt 0.539677 0.487219
vt 0.562546 0.487219
vt 0.562546 0.497375
vt 0.551111 0.497375
vt 0.539677 0.497375
vt 0.528242 0.487219
vt 0.528242 0.497375
vt 0.573981 0.466909
vt 0.585415 0.466909
vt 0.585415 0.477064
vt 0.573981 0.477064
vt 0.59685 0.466909
vt 0.608284 0.466909
vt 0.608284 0.477064
vt 0.59685 0.477064
vt 0.59685 0.487219
vt 0.585415 0.487219
vt 0.608284 0.487219
vt 0.608284 0.497375
vt 0.59685 0.497375
vt 0.585415 0.497375
vt 0.573981 0.487219
vt 0.573981 0.497375
vt 0.619719 0.466909
vt 0.631153 0.466909
vt 0.631153 0.477064
vt 0.619719 0.477064
vt 0.642588 0.466909
vt 0.654022 0.466909
vt 0.654022 0.477064
vt 0.642588 0.477064
vt 0.642588 0.487219
vt 0.631153 0.487219
vt 0.654022 0.487219
vt 0.654022 0.497375
vt 0.642588 0.497375
vt 0.631153 0.497375
vt 0.619719 0.487219
vt 0.619719 0.497375
vt 0.665457 0.466909
vt 0.676891 0.466909
vt 0.676891 0.477064
vt 0.665457 0.477064
vt 0.688326 0.466909
vt 0.69976 0.466909
vt 0.69976 0.477064
vt 0.688326 0.477064
vt 0.688326 0.487219
vt 0.676891 0.487219
vt 0.69976 0.487219
vt 0.69976 0.497375
vt 0.688326 0.497375
vt 0.676891 0.497375
vt 0.665457 0.487219
vt 0.665457 0.497375
vt 0.711195 0.466909
vt 0.72263 0.466909
vt 0.72263 0.477064
vt 0.711195 0.477064
vt 0.72263 0.487219
vt 0.72263 0.497375
vt 0.711195 0.487219
vt 0.711195 0.497375
vt 0.402462 0.50753
vt 0.402462 0.517686
vt 0.413897 0.50753
vt 0.425332 0.50753
vt 0.425332 0.517686
vt 0.413897 0.517686
vt 0.413897 0.527841
vt 0.402462 0.527841
vt 0.425332 0.527841
vt 0.425332 0.537996
vt 0.413897 0.537996
vt 0.402462 0.537996
vt 0.436766 0.50753
vt 0.448201 0.50753
vt 0.448201 0.517686
vt 0.436766 0.517686
vt 0.459635 0.50753
vt 0.47107 0.50753
vt 0.47107 0.517686
vt 0.459635 0.517686
vt 0.459635 0.527841
vt 0.448201 0.527841
vt 0.47107 0.527841
vt 0.47107 0.537996
vt 0.459635 0.537996
vt 0.448201 0.537996
vt 0.436766 0.527841
vt 0.436766 0.537996
vt 0.482504 0.50753
vt 0.493939 0.50753
vt 0.493939 0.517686
vt 0.482504 0.517686
vt 0.505373 0.50753
vt 0.516808 0.50753
vt 0.516808 0.517686
vt 0.505373 0.517686
vt 0.505373 0.527841
vt 0.493939 0.527841
vt 0.516808 0.527841
vt 0.516808 0.537996
vt 0.505373 0.537996
vt 0.493939 0.537996
vt 0.482504 0.527841
vt 0.482504 0.537996
vt 0.528242 0.50753
vt 0.539677 0.50753
vt 0.539677 0.517686
vt 0.528242 0.517686
vt 0.551111 0.50753
vt 0.562546 0.50753
vt 0.562546 0.517686
vt 0.551111 0.517686
vt 0.551111 0.527841
vt 0.539677 0.527841
vt 0.562546 0.527841
vt 0.562546 0.537996
vt 0.551111 0.537996
vt 0.539677 0.537996
vt 0.528242 0.527841
vt 0.528242 0.537996
vt 0.573981 0.50753
vt 0.585415 0.50753
vt 0.585415 0.517686
vt 0.573981 0.517686
vt 0.59685 0.50753
vt 0.608284 0.50753
vt 0.608284 0.517686
vt 0.59685 0.517686
vt 0.59685 0.527841
vt 0.585415 0.527841
vt 0.608284 0.527841
vt 0.608284 0.537996
vt 0.59685 0.537996
vt 0.585415 0.537996
vt 0.573981 0.527841
vt 0.573981 0.537996
vt 0.619719 0.50753
vt 0.631153 0.50753
vt 0.631153 0.517686
vt 0.619719 0.517686
vt 0.642588 0.50753
vt 0.654022 0.50753
vt 0.654022 0.517686
vt 0.642588 0.517686
vt 0.642588 0.527841
vt 0.631153 0.527841
vt 0.654022 0.527841
vt 0.654022 0.537996
vt 0.642588 0.537996
vt 0.631153 0.537996
vt 0.619719 0.527841
vt 0.619719 0.537996
vt 0.665457 0.50753
vt 0.676891 0.50753
vt 0.676891 0.517686
vt 0.665457 0.517686
vt 0.688326 0.50753
vt 0.69976 0.50753
vt 0.69976 0.517686
vt 0.688326 0.517686
vt 0.688326 0.527841
vt 0.676891 0.527841
vt 0.69976 0.527841
vt 0.69976 0.537996
vt 0.688326 0.537996
vt 0.676891 0.537996
vt 0.665457 0.527841
vt 0.665457 0.537996
vt 0.711195 0.50753
vt 0.72263 0.50753
vt 0.72263 0.517686
vt 0.711195 0.517686
vt 0.72263 0.527841
vt 0.72263 0.537996
vt 0.711195 0.527841
vt 0.711195 0.537996
vt 0.402462 0.548152
vt 0.402462 0.558307
vt 0.413897 0.548152
vt 0.425332 0.548152
vt 0.425332 0.558307
vt 0.413897 0.558307
vt 0.413897 0.568462
vt 0.402462 0.568462
vt 0.425332 0.568462
vt 0.425332 0.578618
vt 0.413897 0.578618
vt 0.402462 0.578618
vt 0.436766 0.548152
vt 0.448201 0.548152
vt 0.448201 0.558307
vt 0.436766 0.558307
vt 0.459635 0.548152
vt 0.47107 0.548152
vt 0.47107 0.558307
vt 0.459635 0.558307
vt 0.459635 0.568462
vt 0.448201 0.568462
vt 0.47107 0.568462
vt 0.47107 0.578618
vt 0.459635 0.578618
vt 0.448201 0.578618
vt 0.436766 0.568462
vt 0.436766 0.578618
vt 0.482504 0.548152
vt 0.493939 0.548152
vt 0.493939 0.558307
vt 0.482504 0.558307
vt 0.505373 0.548152
vt 0.516808 0.548152
vt 0.516808 0.558307
vt 0.505373 0.558307
vt 0.505373 0.568462
vt 0.493939 0.568462
vt 0.516808 0.568462
vt 0.516808 0.578618
vt 0.505373 0.578618
vt 0.493939 0.578618
vt 0.482504 0.568462
vt 0.482504 0.578618
vt 0.528242 0.548152
vt 0.539677 0.548152
vt 0.539677 0.558307
vt 0.528242 0.558307
vt 0.551111 0.548152
vt 0.562546 0.548152
vt 0.562546 0.558307
vt 0.551111 0.558307
vt 0.551111 0.568462
vt 0.539677 0.568462
vt 0.562546 0.568462
vt 0.562546 0.578618
vt 0.551111 0.578618
vt 0.539677 0.578618
vt 0.528242 0.568462
vt 0.528242 0.578618
vt 0.573981 0.548152
vt 0.585415 0.548152
vt 0.585415 0.558307
vt 0.573981 0.558307
vt 0.59685 0.548152
vt 0.608284 0.548152
vt 0.608284 0.558307
vt 0.59685 0.558307
vt 0.59685 0.568462
vt 0.585415 0.568462
vt 0.608284 0.568462
vt 0.608284 0.578618
vt 0.59685 0.578618
vt 0.585415 0.578618
vt 0.573981 0.568462
vt 0.573981 0.578618
vt 0.619719 0.548152
vt 0.631153 0.548152
vt 0.631153 0.558307
vt 0.619719 0.558307
vt 0.642588 0.548152
vt 0.654022 0.548152
vt 0.654022 0.558307
vt 0.642588 0.558307
vt 0.642588 0.568462
vt 0.631153 0.568462
vt 0.654022 0.568462
vt 0.654022 0.578618
vt 0.642588 0.578618
vt 0.631153 0.578618
vt 0.619719 0.568462
vt 0.619719 0.578618
vt 0.665457 0.548152
vt 0.676891 0.548152
vt 0.676891 0.558307
vt 0.665457 0.558307
vt 0.688326 0.548152
vt 0.69976 0.548152
vt 0.69976 0.558307
vt 0.688326 0.558307
vt 0.688326 0.568462
vt 0.676891 0.568462
vt 0.69976 0.568462
vt 0.69976 0.578618
vt 0.688326 0.578618
vt 0.676891 0.578618
vt 0.665457 0.568462
vt 0.665457 0.578618
vt 0.711195 0.548152
vt 0.72263 0.548152
vt 0.72263 0.558307
vt 0.711195 0.558307
vt 0.72263 0.568462
vt 0.72263 0.578618
vt 0.711195 0.568462
vt 0.711195 0.578618
vt 0.402462 0.588773
vt 0.402462 0.598929
vt 0.413897 0.588773
vt 0.425332 0.588773
vt 0.425332 0.598929
vt 0.413897 0.598929
vt 0.413897 0.609084
vt 0.402462 0.609084
vt 0.425332 0.609084
vt 0.425332 0.61924
vt 0.413897 0.61924
vt 0.402462 0.61924
vt 0.436766 0.588773
vt 0.448201 0.588773
vt 0.448201 0.598929
vt 0.436766 0.598929
vt 0.459635 0.588773
vt 0.47107 0.588773
vt 0.47107 0.598929
vt 0.459635 0.598929
vt 0.459635 0.609084
vt 0.448201 0.609084
vt 0.47107 0.609084
vt 0.47107 0.61924
vt 0.459635 0.61924
vt 0.448201 0.61924
vt 0.436766 0.609084
vt 0.436766 0.61924
vt 0.482504 0.588773
vt 0.493939 0.588773
vt 0.493939 0.598929
vt 0.482504 0.598929
vt 0.505373 0.588773
vt 0.516808 0.588773
vt 0.516808 0.598929
vt 0.505373 0.598929
vt 0.505373 0.609084
vt 0.493939 0.609084
vt 0.516808 0.609084
vt 0.516808 0.61924
vt 0.505373 0.61924
vt 0.493939 0.61924
vt 0.482504 0.609084
vt 0.482504 0.61924
vt 0.528242 0.588773
vt 0.539677 0.588773
vt 0.539677 0.598929
vt 0.528242 0.598929
vt 0.551111 0.588773
vt 0.562546 0.588773
vt 0.562546 0.598929
vt 0.551111 0.598929
vt 0.551111 0.609084
vt 0.539677 0.609084
vt 0.562546 0.609084
vt 0.562546 0.61924
vt 0.551111 0.61924
vt 0.539677 0.61924
vt 0.528242 0.609084
vt 0.528242 0.61924
vt 0.573981 0.588773
vt 0.585415 0.588773
vt 0.585415 0.598929
vt 0.573981 0.598929
vt 0.59685 0.588773
vt 0.608284 0.588773
vt 0.608284 0.598929
vt 0.59685 0.598929
vt 0.59685 0.609084
vt 0.585415 0.609084
vt 0.608284 0.609084
vt 0.608284 0.61924
vt 0.59685 0.61924
vt 0.585415 0.61924
vt 0.573981 0.609084
vt 0.573981 0.61924
vt 0.619719 0.588773
vt 0.631153 0.588773
vt 0.631153 0.598929
vt 0.619719 0.598929
vt 0.642588 0.588773
vt 0.654022 0.588773
vt 0.654022 0.598929
vt 0.642588 0.598929
vt 0.642588 0.609084
vt 0.631153 0.609084
vt 0.654022 0.609084
vt 0.654022 0.61924
vt 0.642588 0.61924
vt 0.631153 0.61924
vt 0.619719 0.609084
vt 0.619719 0.61924
vt 0.665457 0.588773
vt 0.676891 0.588773
vt 0.676891 0.598929
vt 0.665457 0.598929
vt 0.688326 0.588773
vt 0.69976 0.588773
vt 0.69976 0.598929
vt 0.688326 0.598929
vt 0.688326 0.609084
vt 0.676891 0.609084
vt 0.69976 0.609084
vt 0.69976 0.61924
vt 0.688326 0.61924
vt 0.676891 0.61924
vt 0.665457 0.609084
vt 0.665457 0.61924
vt 0.711195 0.588773
vt 0.72263 0.588773
vt 0.72263 0.598929
vt 0.711195 0.598929
vt 0.72263 0.609084
vt 0.72263 0.61924
vt 0.711195 0.609084
vt 0.711195 0.61924
vt 0.402462 0.629395
vt 0.402462 0.63955
vt 0.413897 0.629395
vt 0.425332 0.629395
vt 0.425332 0.63955
vt 0.413897 0.63955
vt 0.413897 0.649706
vt 0.402462 0.649706
vt 0.425332 0.649706
vt 0.425332 0.659861
vt 0.413897 0.659861
vt 0.402462 0.659861
vt 0.436766 0.629395
vt 0.448201 0.629395
vt 0.448201 0.63955
vt 0.436766 0.63955
vt 0.459635 0.629395
vt 0.47107 0.629395
vt 0.47107 0.63955
vt 0.459635 0.63955
vt 0.459635 0.649706
vt 0.448201 0.649706
vt 0.47107 0.649706
vt 0.47107 0.659861
vt 0.459635 0.659861
vt 0.448201 0.659861
vt 0.436766 0.649706
vt 0.436766 0.659861
vt 0.482504 0.629395
vt 0.493939 0.629395
vt 0.493939 0.63955
vt 0.482504 0.63955
vt 0.505373 0.629395
vt 0.516808 0.629395
vt 0.516808 0.63955
vt 0.505373 0.63955
vt 0.505373 0.649706
vt 0.493939 0.649706
vt 0.516808 0.649706
vt 0.516808 0.659861
vt 0.505373 0.659861
vt 0.493939 0.659861
vt 0.482504 0.649706
vt 0.482504 0.659861
vt 0.528242 0.629395
vt 0.539677 0.629395
vt 0.539677 0.63955
vt 0.528242 0.63955
vt 0.551111 0.629395
vt 0.562546 0.629395
vt 0.562546 0.63955
vt 0.551111 0.63955
vt 0.551111 0.649706
vt 0.539677 0.649706
vt 0.562546 0.649706
vt 0.562546 0.659861
vt 0.551111 0.659861
vt 0.539677 0.659861
vt 0.528242 0.649706
vt 0.528242 0.659861
vt 0.573981 0.629395
vt 0.585415 0.629395
vt 0.585415 0.63955
vt 0.573981 0.63955
vt 0.59685 0.629395
vt 0.608284 0.629395
vt 0.608284 0.63955
vt 0.59685 0.63955
vt 0.59685 0.649706
vt 0.585415 0.649706
vt 0.608284 0.649706
vt 0.608284 0.659861
vt 0.59685 0.659861
vt 0.585415 0.659861
vt 0.573981 0.649706
vt 0.573981 0.659861
vt 0.619719 0.629395
vt 0.631153 0.629395
vt 0.631153 0.63955
vt 0.619719 0.63955
vt 0.642588 0.629395
vt 0.654022 0.629395
vt 0.654022 0.63955
vt 0.642588 0.63955
vt 0.642588 0.649706
vt 0.631153 0.649706
vt 0.654022 0.649706
vt 0.654022 0.659861
vt 0.642588 0.659861
vt 0.631153 0.659861
vt 0.619719 0.649706
vt 0.619719 0.659861
vt 0.665457 0.629395
vt 0.676891 0.629395
vt 0.676891 0.63955
vt 0.665457 0.63955
vt 0.688326 0.629395
vt 0.69976 0.629395
vt 0.69976 0.63955
vt 0.688326 0.63955
vt 0.688326 0.649706
vt 0.676891 0.649706
vt 0.69976 0.649706
vt 0.69976 0.659861
vt 0.688326 0.659861
vt 0.676891 0.659861
vt 0.665457 0.649706
vt 0.665457 0.659861
vt 0.711195 0.629395
vt 0.72263 0.629395
vt 0.72263 0.63955
vt 0.711195 0.63955
vt 0.72263 0.649706
vt 0.72263 0.659861
vt 0.711195 0.649706
vt 0.711195 0.659861
vt 0.402462 0.670016
vt 0.402462 0.680172
vt 0.413897 0.670016
vt 0.425332 0.670016
vt 0.425332 0.680172
vt 0.413897 0.680172
vt 0.413897 0.690327
vt 0.402462 0.690327
vt 0.425332 0.690327
vt 0.425332 0.700483
vt 0.413897 0.700483
vt 0.402462 0.700483
vt 0.436766 0.670016
vt 0.448201 0.670016
vt 0.448201 0.680172
vt 0.436766 0.680172
vt 0.459635 0.670016
vt 0.47107 0.670016
vt 0.47107 0.680172
vt 0.459635 0.680172
vt 0.459635 0.690327
vt 0.448201 0.690327
vt 0.47107 0.690327
vt 0.47107 0.700483
vt 0.459635 0.700483
vt 0.448201 0.700483
vt 0.436766 0.690327
vt 0.436766 0.700483
vt 0.482504 0.670016
vt 0.493939 0.670016
vt 0.493939 0.680172
vt 0.482504 0.680172
vt 0.505373 0.670016
vt 0.516808 0.670016
vt 0.516808 0.680172
vt 0.505373 0.680172
vt 0.505373 0.690327
vt 0.493939 0.690327
vt 0.516808 0.690327
vt 0.516808 0.700483
vt 0.505373 0.700483
vt 0.493939 0.700483
vt 0.482504 0.690327
vt 0.482504 0.700483
vt 0.528242 0.670016
vt 0.539677 0.670016
vt 0.539677 0.680172
vt 0.528242 0.680172
vt 0.551111 0.670016
vt 0.562546 0.670016
vt 0.562546 0.680172
vt 0.551111 0.680172
vt 0.551111 0.690327
vt 0.539677 0.690327
vt 0.562546 0.690327
vt 0.562546 0.700483
vt 0.551111 0.700483
vt 0.539677 0.700483
vt 0.528242 0.690327
vt 0.528242 0.700483
vt 0.573981 0.670016
vt 0.585415 0.670016
vt 0.585415 0.680172
vt 0.573981 0.680172
vt 0.59685 0.670016
vt 0.608284 0.670016
vt 0.608284 0.680172
vt 0.59685 0.680172
vt 0.59685 0.690327
vt 0.585415 0.690327
vt 0.608284 0.690327
vt 0.608284 0.700483
vt 0.59685 0.700483
vt 0.585415 0.700483
vt 0.573981 0.690327
vt 0.573981 0.700483
vt 0.619719 0.670016
vt 0.631153 0.670016
vt 0.631153 0.680172
vt 0.619719 0.680172
vt 0.642588 0.670016
vt 0.654022 0.670016
vt 0.654022 0.680172
vt 0.642588 0.680172
vt 0.642588 0.690327
vt 0.631153 0.690327
vt 0.654022 0.690327
vt 0.654022 0.700483
vt 0.642588 0.700483
vt 0.631153 0.700483
vt 0.619719 0.690327
vt 0.619719 0.700483
vt 0.665457 0.670016
vt 0.676891 0.670016
vt 0.676891 0.680172
vt 0.665457 0.680172
vt 0.688326 0.670016
vt 0.69976 0.670016
vt 0.69976 0.680172
vt 0.688326 0.680172
vt 0.688326 0.690327
vt 0.676891 0.690327
vt 0.69976 0.690327
vt 0.69976 0.700483
vt 0.688326 0.700483
vt 0.676891 0.700483
vt 0.665457 0.690327
vt 0.665457 0.700483
vt 0.711195 0.670016
vt 0.72263 0.670016
vt 0.72263 0.680172
vt 0.711195 0.680172
vt 0.72263 0.690327
vt 0.72263 0.700483
vt 0.711195 0.690327
vt 0.711195 0.700483
vt 0.402462 0.710638
vt 0.402462 0.720793
vt 0.413897 0.710638
vt 0.425332 0.710638
vt 0.425332 0.720793
vt 0.413897 0.720793
vt 0.413897 0.730949
vt 0.402462 0.730949
vt 0.425332 0.730949
vt 0.425332 0.741104
vt 0.413897 0.741104
vt 0.402462 0.741104
vt 0.436766 0.710638
vt 0.448201 0.710638
vt 0.448201 0.720793
vt 0.436766 0.720793
vt 0.459635 0.710638
vt 0.47107 0.710638
vt 0.47107 0.720793
vt 0.459635 0.720793
vt 0.459635 0.730949
vt 0.448201 0.730949
vt 0.47107 0.730949
vt 0.47107 0.741104
vt 0.459635 0.741104
vt 0.448201 0.741104
vt 0.436766 0.730949
vt 0.436766 0.741104
vt 0.482504 0.710638
vt 0.493939 0.710638
vt 0.493939 0.720793
vt 0.482504 0.720793
vt 0.505373 0.710638
vt 0.516808 0.710638
vt 0.516808 0.720793
vt 0.505373 0.720793
vt 0.505373 0.730949
vt 0.493939 0.730949
vt 0.516808 0.730949
vt 0.516808 0.741104
vt 0.505373 0.741104
vt 0.493939 0.741104
vt 0.482504 0.730949
vt 0.482504 0.741104
vt 0.528242 0.710638
vt 0.539677 0.710638
vt 0.539677 0.720793
vt 0.528242 0.720793
vt 0.551111 0.710638
vt 0.562546 0.710638
vt 0.562546 0.720793
vt 0.551111 0.720793
vt 0.551111 0.730949
vt 0.539677 0.730949
vt 0.562546 0.730949
vt 0.562546 0.741104
vt 0.551111 0.741104
vt 0.539677 0.741104
vt 0.528242 0.730949
vt 0.528242 0.741104
vt 0.573981 0.710638
vt 0.585415 0.710638
vt 0.585415 0.720793
vt 0.573981 0.720793
vt 0.59685 0.710638
vt 0.608284 0.710638
vt 0.608284 0.720793
vt 0.59685 0.720793
vt 0.59685 0.730949
vt 0.585415 0.730949
vt 0.608284 0.730949
vt 0.608284 0.741104
vt 0.59685 0.741104
vt 0.585415 0.741104
vt 0.573981 0.730949
vt 0.573981 0.741104
vt 0.619719 0.710638
vt 0.631153 0.710638
vt 0.631153 0.720793
vt 0.619719 0.720793
vt 0.642588 0.710638
vt 0.654022 0.710638
vt 0.654022 0.720793
vt 0.642588 0.720793
vt 0.642588 0.730949
vt 0.631153 0.730949
vt 0.654022 0.730949
vt 0.654022 0.741104
vt 0.642588 0.741104
vt 0.631153 0.741104
vt 0.619719 0.730949
vt 0.619719 0.741104
vt 0.665457 0.710638
vt 0.676891 0.710638
vt 0.676891 0.720793
vt 0.665457 0.720793
vt 0.688326 0.710638
vt 0.69976 0.710638
vt 0.69976 0.720793
vt 0.688326 0.720793
vt 0.688326 0.730949
vt 0.676891 0.730949
vt 0.69976 0.730949
vt 0.69976 0.741104
vt 0.688326 0.741104
vt 0.676891 0.741104
vt 0.665457 0.730949
vt 0.665457 0.741104
vt 0.711195 0.710638
vt 0.72263 0.710638
vt 0.72263 0.720793
vt 0.711195 0.720793
vt 0.72263 0.730949
vt 0.72263 0.741104
vt 0.711195 0.730949
vt 0.711195 0.741104
vt 0.402462 0.75126
vt 0.402462 0.761415
vt 0.413897 0.75126
vt 0.425332 0.75126
vt 0.425332 0.761415
vt 0.413897 0.761415
vt 0.413897 0.77157
vt 0.402462 0.77157
vt 0.425332 0.77157
vt 0.425332 0.781726
vt 0.413897 0.781726
vt 0.402462 0.781726
vt 0.436766 0.75126
vt 0.448201 0.75126
vt 0.448201 0.761415
vt 0.436766 0.761415
vt 0.459635 0.75126
vt 0.47107 0.75126
vt 0.47107 0.761415
vt 0.459635 0.761415
vt 0.459635 0.77157
vt 0.448201 0.77157
vt 0.47107 0.77157
vt 0.47107 0.781726
vt 0.459635 0.781726
vt 0.448201 0.781726
vt 0.436766 0.77157
vt 0.436766 0.781726
vt 0.482504 0.75126
vt 0.493939 0.75126
vt 0.493939 0.761415
vt 0.482504 0.761415
vt 0.505373 0.75126
vt 0.516808 0.75126
vt 0.516808 0.761415
vt 0.505373 0.761415
vt 0.505373 0.77157
vt 0.493939 0.77157
vt 0.516808 0.77157
vt 0.516808 0.781726
vt 0.505373 0.781726
vt 0.493939 0.781726
vt 0.482504 0.77157
vt 0.482504 0.781726
vt 0.528242 0.75126
vt 0.539677 0.75126
vt 0.539677 0.761415
vt 0.528242 0.761415
vt 0.551111 0.75126
vt 0.562546 0.75126
vt 0.562546 0.761415
vt 0.551111 0.761415
vt 0.551111 0.77157
vt 0.539677 0.77157
vt 0.562546 0.77157
vt 0.562546 0.781726
vt 0.551111 0.781726
vt 0.539677 0.781726
vt 0.528242 0.77157
vt 0.528242 0.781726
vt 0.573981 0.75126
vt 0.585415 0.75126
vt 0.585415 0.761415
vt 0.573981 0.761415
vt 0.59685 0.75126
vt 0.608284 0.75126
vt 0.608284 0.761415
vt 0.59685 0.761415
vt 0.59685 0.77157
vt 0.585415 0.77157
vt 0.608284 0.77157
vt 0.608284 0.781726
vt 0.59685 0.781726
vt 0.585415 0.781726
vt 0.573981 0.77157
vt 0.573981 0.781726
vt 0.619719 0.75126
vt 0.631153 0.75126
vt 0.631153 0.761415
vt 0.619719 0.761415
vt 0.642588 0.75126
vt 0.654022 0.75126
vt 0.654022 0.761415
vt 0.642588 0.761415
vt 0.642588 0.77157
vt 0.631153 0.77157
vt 0.654022 0.77157
vt 0.654022 0.781726
vt 0.642588 0.781726
vt 0.631153 0.781726
vt 0.619719 0.77157
vt 0.619719 0.781726
vt 0.665457 0.75126
vt 0.676891 0.75126
vt 0.676891 0.761415
vt 0.665457 0.761415
vt 0.688326 0.75126
vt 0.69976 0.75126
vt 0.69976 0.761415
vt 0.688326 0.761415
vt 0.688326 0.77157
vt 0.676891 0.77157
vt 0.69976 0.77157
vt 0.69976 0.781726
vt 0.688326 0.781726
vt 0.676891 0.781726
vt 0.665457 0.77157
vt 0.665457 0.781726
vt 0.711195 0.75126
vt 0.72263 0.75126
vt 0.72263 0.761415
vt 0.711195 0.761415
vt 0.72263 0.77157
vt 0.72263 0.781726
vt 0.711195 0.77157
vt 0.711195 0.781726
vt 0.402462 0.791881
vt 0.402462 0.802037
vt 0.413897 0.791881
vt 0.425332 0.791881
vt 0.425332 0.802037
vt 0.413897 0.802037
vt 0.413897 0.812192
vt 0.402462 0.812192
vt 0.425332 0.812192
vt 0.425332 0.822347
vt 0.413897 0.822347
vt 0.402462 0.822347
vt 0.436766 0.791881
vt 0.448201 0.791881
vt 0.448201 0.802037
vt 0.436766 0.802037
vt 0.459635 0.791881
vt 0.47107 0.791881
vt 0.47107 0.802037
vt 0.459635 0.802037
vt 0.459635 0.812192
vt 0.448201 0.812192
vt 0.47107 0.812192
vt 0.47107 0.822347
vt 0.459635 0.822347
vt 0.448201 0.822347
vt 0.436766 0.812192
vt 0.436766 0.822347
vt 0.482504 0.791881
vt 0.493939 0.791881
vt 0.493939 0.802037
vt 0.482504 0.802037
vt 0.505373 0.791881
vt 0.516808 0.791881
vt 0.516808 0.802037
vt 0.505373 0.802037
vt 0.505373 0.812192
vt 0.493939 0.812192
vt 0.516808 0.812192
vt 0.516808 0.822347
vt 0.505373 0.822347
vt 0.493939 0.822347
vt 0.482504 0.812192
vt 0.482504 0.822347
vt 0.528242 0.791881
vt 0.539677 0.791881
vt 0.539677 0.802037
vt 0.528242 0.802037
vt 0.551111 0.791881
vt 0.562546 0.791881
vt 0.562546 0.802037
vt 0.551111 0.802037
vt 0.551111 0.812192
vt 0.539677 0.812192
vt 0.562546 0.812192
vt 0.562546 0.822347
vt 0.551111 0.822347
vt 0.539677 0.822347
vt 0.528242 0.812192
vt 0.528242 0.822347
vt 0.573981 0.791881
vt 0.585415 0.791881
vt 0.585415 0.802037
vt 0.573981 0.802037
vt 0.59685 0.791881
vt 0.608284 0.791881
vt 0.608284 0.802037
vt 0.59685 0.802037
vt 0.59685 0.812192
vt 0.585415 0.812192
vt 0.608284 0.812192
vt 0.608284 0.822347
vt 0.59685 0.822347
vt 0.585415 0.822347
vt 0.573981 0.812192
vt 0.573981 0.822347
vt 0.619719 0.791881
vt 0.631153 0.791881
vt 0.631153 0.802037
vt 0.619719 0.802037
vt 0.642588 0.791881
vt 0.654022 0.791881
vt 0.654022 0.802037
vt 0.642588 0.802037
vt 0.642588 0.812192
vt 0.631153 0.812192
vt 0.654022 0.812192
vt 0.654022 0.822347
vt 0.642588 0.822347
vt 0.631153 0.822347
vt 0.619719 0.812192
vt 0.619719 0.822347
vt 0.665457 0.791881
vt 0.676891 0.791881
vt 0.676891 0.802037
vt 0.665457 0.802037
vt 0.688326 0.791881
vt 0.69976 0.791881
vt 0.69976 0.802037
vt 0.688326 0.802037
vt 0.688326 0.812192
vt 0.676891 0.812192
vt 0.69976 0.812192
vt 0.69976 0.822347
vt 0.688326 0.822347
vt 0.676891 0.822347
vt 0.665457 0.812192
vt 0.665457 0.822347
vt 0.711195 0.791881
vt 0.72263 0.791881
vt 0.72263 0.802037
vt 0.711195 0.802037
vt 0.72263 0.812192
vt 0.72263 0.822347
vt 0.711195 0.812192
vt 0.711195 0.822347
vt 0.402462 0.832503
vt 0.402462 0.842658
vt 0.413897 0.832503
vt 0.425332 0.832503
vt 0.425332 0.842658
vt 0.413897 0.842658
vt 0.413897 0.852813
vt 0.402462 0.852813
vt 0.425332 0.852813
vt 0.425332 0.862969
vt 0.413897 0.862969
vt 0.402462 0.862969
vt 0.436766 0.832503
vt 0.448201 0.832503
vt 0.448201 0.842658
vt 0.436766 0.842658
vt 0.459635 0.832503
vt 0.47107 0.832503
vt 0.47107 0.842658
vt 0.459635 0.842658
vt 0.459635 0.852813
vt 0.448201 0.852813
vt 0.47107 0.852813
vt 0.47107 0.862969
vt 0.459635 0.862969
vt 0.448201 0.862969
vt 0.436766 0.852813
vt 0.436766 0.862969
vt 0.482504 0.832503
vt 0.493939 0.832503
vt 0.493939 0.842658
vt 0.482504 0.842658
vt 0.505373 0.832503
vt 0.516808 0.832503
vt 0.516808 0.842658
vt 0.505373 0.842658
vt 0.505373 0.852813
vt 0.493939 0.852813
vt 0.516808 0.852813
vt 0.516808 0.862969
vt 0.505373 0.862969
vt 0.493939 0.862969
vt 0.482504 0.852813
vt 0.482504 0.862969
vt 0.528242 0.832503
vt 0.539677 0.832503
vt 0.539677 0.842658
vt 0.528242 0.842658
vt 0.551111 0.832503
vt 0.562546 0.832503
vt 0.562546 0.842658
vt 0.551111 0.842658
vt 0.551111 0.852813
vt 0.539677 0.852813
vt 0.562546 0.852813
vt 0.562546 0.862969
vt 0.551111 0.862969
vt 0.539677 0.862969
vt 0.528242 0.852813
vt 0.528242 0.862969
vt 0.573981 0.832503
vt 0.585415 0.832503
vt 0.585415 0.842658
vt 0.573981 0.842658
vt 0.59685 0.832503
vt 0.608284 0.832503
vt 0.608284 0.842658
vt 0.59685 0.842658
vt 0.59685 0.852813
vt 0.585415 0.852813
vt 0.608284 0.852813
vt 0.608284 0.862969
vt 0.59685 0.862969
vt 0.585415 0.862969
vt 0.573981 0.852813
vt 0.573981 0.862969
vt 0.619719 0.832503
vt 0.631153 0.832503
vt 0.631153 0.842658
vt 0.619719 0.842658
vt 0.642588 0.832503
vt 0.654022 0.832503
vt 0.654022 0.842658
vt 0.642588 0.842658
vt 0.642588 0.852813
vt 0.631153 0.852813
vt 0.654022 0.852813
vt 0.654022 0.862969
vt 0.642588 0.862969
vt 0.631153 0.862969
vt 0.619719 0.852813
vt 0.619719 0.862969
vt 0.665457 0.832503
vt 0.676891 0.832503
vt 0.676891 0.842658
vt 0.665457 0.842658
vt 0.688326 0.832503
vt 0.69976 0.832503
vt 0.69976 0.842658
vt 0.688326 0.842658
vt 0.688326 0.852813
vt 0.676891 0.852813
vt 0.69976 0.852813
vt 0.69976 0.862969
vt 0.688326 0.862969
vt 0.676891 0.862969
vt 0.665457 0.852813
vt 0.665457 0.862969
vt 0.711195 0.832503
vt 0.72263 0.832503
vt 0.72263 0.842658
vt 0.711195 0.842658
vt 0.72263 0.852813
vt 0.72263 0.862969
vt 0.711195 0.852813
vt 0.711195 0.862969
vt 0.402462 0.873124
vt 0.402462 0.88328
vt 0.413897 0.873124
vt 0.425332 0.873124
vt 0.425332 0.88328
vt 0.413897 0.88328
vt 0.413897 0.893435
vt 0.402462 0.893435
vt 0.425332 0.893435
vt 0.425332 0.90359
vt 0.413897 0.90359
vt 0.402462 0.90359
vt 0.436766 0.873124
vt 0.448201 0.873124
vt 0.448201 0.88328
vt 0.436766 0.88328
vt 0.459635 0.873124
vt 0.47107 0.873124
vt 0.47107 0.88328
vt 0.459635 0.88328
vt 0.459635 0.893435
vt 0.448201 0.893435
vt 0.47107 0.893435
vt 0.47107 0.90359
vt 0.459635 0.90359
vt 0.448201 0.90359
vt 0.436766 0.893435
vt 0.436766 0.90359
vt 0.482504 0.873124
vt 0.493939 0.873124
vt 0.493939 0.88328
vt 0.482504 0.88328
vt 0.505373 0.873124
vt 0.516808 0.873124
vt 0.516808 0.88328
vt 0.505373 0.88328
vt 0.505373 0.893435
vt 0.493939 0.893435
vt 0.516808 0.893435
vt 0.516834 0.903616
vt 0.505373 0.90359
vt 0.493939 0.90359
vt 0.482504 0.893435
vt 0.482504 0.90359
vt 0.528242 0.873124
vt 0.539677 0.873124
vt 0.539677 0.88328
vt 0.528242 0.88328
vt 0.551111 0.873124
vt 0.562546 0.873124
vt 0.562546 0.88328
vt 0.551111 0.88328
vt 0.551111 0.893435
vt 0.539677 0.893435
vt 0.562546 0.893435
vt 0.562546 0.902984
vt 0.551217 0.903256
vt 0.539836 0.903637
vt 0.528242 0.893435
vt 0.528348 0.903695
vt 0.573981 0.873124
vt 0.585415 0.873124
vt 0.585415 0.88328
vt 0.573981 0.88328
vt 0.59685 0.873124
vt 0.608284 0.873124
vt 0.608284 0.88328
vt 0.59685 0.88328
vt 0.59685 0.893435
vt 0.585415 0.893435
vt 0.608284 0.893435
vt 0.608258 0.903616
vt 0.596744 0.903695
vt 0.585256 0.903637
vt 0.573981 0.893435
vt 0.573874 0.903256
vt 0.619719 0.873124
vt 0.631153 0.873124
vt 0.631153 0.88328
vt 0.619719 0.88328
vt 0.642588 0.873124
vt 0.654022 0.873124
vt 0.654022 0.88328
vt 0.642588 0.88328
vt 0.642588 0.893435
vt 0.631153 0.893435
vt 0.654022 0.893435
vt 0.654022 0.90359
vt 0.642588 0.90359
vt 0.631153 0.90359
vt 0.619719 0.893435
vt 0.619719 0.90359
vt 0.665457 0.873124
vt 0.676891 0.873124
vt 0.676891 0.88328
vt 0.665457 0.88328
vt 0.688326 0.873124
vt 0.69976 0.873124
vt 0.69976 0.88328
vt 0.688326 0.88328
vt 0.688326 0.893435
vt 0.676891 0.893435
vt 0.69976 0.893435
vt 0.69976 0.90359
vt 0.688326 0.90359
vt 0.676891 0.90359
vt 0.665457 0.893435
vt 0.665457 0.90359
vt 0.711195 0.873124
vt 0.72263 0.873124
vt 0.72263 0.88328
vt 0.711195 0.88328
vt 0.72263 0.893435
vt 0.72263 0.90359
vt 0.711195 0.893435
vt 0.711195 0.90359
vt 0.402462 0.913746
vt 0.402462 0.923901
vt 0.413897 0.913746
vt 0.425332 0.913746
vt 0.425332 0.923901
vt 0.413897 0.923901
vt 0.413897 0.934057
vt 0.402462 0.934057
vt 0.425332 0.934057
vt 0.425332 0.944212
vt 0.413897 0.944212
vt 0.402462 0.944212
vt 0.436766 0.913746
vt 0.448201 0.913746
vt 0.448201 0.923901
vt 0.436766 0.923901
vt 0.459635 0.913746
vt 0.47107 0.913746
vt 0.47107 0.923901
vt 0.459635 0.923901
vt 0.459635 0.934057
vt 0.448201 0.934057
vt 0.47107 0.934057
vt 0.47107 0.944212
vt 0.459635 0.944212
vt 0.448201 0.944212
vt 0.436766 0.934057
vt 0.436766 0.944212
vt 0.482504 0.913746
vt 0.493939 0.913746
vt 0.493939 0.923901
vt 0.482504 0.923901
vt 0.505373 0.913746
vt 0.516914 0.91385
vt 0.516864 0.924061
vt 0.505373 0.923901
vt 0.505373 0.934057
vt 0.493939 0.934057
vt 0.516501 0.934176
vt 0.516232 0.944242
vt 0.505373 0.944212
vt 0.493939 0.944212
vt 0.482504 0.934057
vt 0.482504 0.944212
vt 0.619719 0.913746
vt 0.608178 0.91385
vt 0.631153 0.913746
vt 0.631153 0.923901
vt 0.619719 0.923901
vt 0.608228 0.924061
vt 0.642588 0.913746
vt 0.654022 0.913746
vt 0.654022 0.923901
vt 0.642588 0.923901
vt 0.642588 0.934057
vt 0.631153 0.934057
vt 0.654022 0.934057
vt 0.654022 0.944212
vt 0.642588 0.944212
vt 0.631153 0.944212
vt 0.619719 0.934057
vt 0.608591 0.934176
vt 0.619719 0.944212
vt 0.60886 0.944242
vt 0.665457 0.913746
vt 0.676891 0.913746
vt 0.676891 0.923901
vt 0.665457 0.923901
vt 0.688326 0.913746
vt 0.69976 0.913746
vt 0.69976 0.923901
vt 0.688326 0.923901
vt 0.688326 0.934057
vt 0.676891 0.934057
vt 0.69976 0.934057
vt 0.69976 0.944212
vt 0.688326 0.944212
vt 0.676891 0.944212
vt 0.665457 0.934057
vt 0.665457 0.944212
vt 0.711195 0.913746
vt 0.72263 0.913746
vt 0.72263 0.923901
vt 0.711195 0.923901
vt 0.72263 0.934057
vt 0.72263 0.944212
vt 0.711195 0.934057
vt 0.711195 0.944212
vt 0.402462 0.954367
vt 0.402552 0.964443
vt 0.413897 0.954367
vt 0.425332 0.954367
vt 0.425332 0.964523
vt 0.413897 0.964523
vt 0.436766 0.954367
vt 0.448201 0.954367
vt 0.448201 0.964523
vt 0.436766 0.964523
vt 0.459635 0.954367
vt 0.47107 0.954367
vt 0.47107 0.964523
vt 0.459635 0.964523
vt 0.215326 0.97473
vt 0.482504 0.954367
vt 0.493939 0.954367
vt 0.493939 0.964523
vt 0.482504 0.964523
vt 0.505373 0.954367
vt 0.516463 0.954308
vt 0.516806 0.964415
vt 0.505373 0.964523
vt 0.170401 0.97473
vt 0.619719 0.954367
vt 0.608629 0.954308
vt 0.631153 0.954367
vt 0.631153 0.964523
vt 0.619719 0.964523
vt 0.608286 0.964415
vt 0.642588 0.954367
vt 0.654022 0.954367
vt 0.654022 0.964523
vt 0.642588 0.964523
vt 0.665457 0.954367
vt 0.676891 0.954367
vt 0.676891 0.964523
vt 0.665457 0.964523
vt 0.688326 0.954367
vt 0.69976 0.954367
vt 0.69976 0.964523
vt 0.688326 0.964523
vt 0.711195 0.954367
vt 0.72263 0.954367
vt 0.72254 0.964443
vt 0.711195 0.964523
vt 0.204027 0.976375
vt 0.192863 0.977522
vt 0.1817 0.976375
mtllib bookmark-005.mtl
usemtl Default
g Default
f 6484/1/1 3169/2/2 3172/3/2 6486/4/1
f 6474/5/1 3060/6/2 3169/2/2 6484/1/1
f 2203/7/3 2202/8/3 531/9/3 2201/10/3
f 2117/11/3 2203/7/3 2201/10/3 507/12/3
f 6486/4/1 3172/3/2 3183/13/2 6488/14/1
f 6488/14/1 3183/13/2 3184/15/2 6490/16/1
f 507/12/3 2201/10/3 2206/17/3 2114/18/3
f 2114/18/3 2206/17/3 2204/19/3 106/20/3
f 2206/17/3 2205/21/3 529/22/3 2204/19/3
f 2201/10/3 531/9/3 2205/21/3 2206/17/3
f 2205/21/3 2210/23/3 2207/24/3 529/22/3
f 531/9/3 2209/25/3 2210/23/3 2205/21/3
f 2209/25/3 530/26/3 2208/27/3 2210/23/3
f 2210/23/3 2208/27/3 113/28/3 2207/24/3
f 2212/29/3 2211/30/3 530/26/3 2209/25/3
f 3165/31/2 6481/32/4 6491/33/4 3285/34/2
f 2202/8/3 2212/29/3 2209/25/3 531/9/3
f 2129/35/3 2215/36/3 2213/37/3 510/38/3
f 106/20/3 2204/19/3 2215/36/3 2129/35/3
f 510/38/3 2213/37/3 2218/39/3 2126/40/3
f 534/41/3 2221/42/3 2222/43/3 2217/44/3
f 2126/40/3 2218/39/3 2216/45/3 107/46/3
f 529/22/3 2207/24/3 2224/47/3 2214/48/3
f 2217/44/3 2222/43/3 2219/49/3 532/50/3
f 107/46/3 2216/45/3 2227/51/3 2141/52/3
f 2214/48/3 2224/47/3 2221/42/3 534/41/3
f 2141/52/3 2227/51/3 2225/53/3 513/54/3
f 513/54/3 2225/53/3 2230/55/3 2138/56/3
f 2138/56/3 2230/55/3 2228/57/3 108/58/3
f 537/59/3 2233/60/3 2234/61/3 2229/62/3
f 532/50/3 2219/49/3 2236/63/3 2226/64/3
f 2229/62/3 2234/61/3 2231/65/3 535/66/3
f 2226/64/3 2236/63/3 2233/60/3 537/59/3
f 108/58/3 2228/57/3 2239/67/3 2153/68/3
f 516/69/3 2237/70/3 2242/71/3 2150/72/3
f 2153/68/3 2239/67/3 2237/70/3 516/69/3
f 2150/72/3 2242/71/3 2240/73/3 109/74/3
f 540/75/3 2245/76/3 2246/77/3 2241/78/3
f 535/66/3 2231/65/3 2248/79/3 2238/80/3
f 2241/78/3 2246/77/3 2243/81/3 538/82/3
f 2238/80/3 2248/79/3 2245/76/3 540/75/3
f 109/74/3 2240/73/3 2251/83/3 2165/84/3
f 519/85/3 2249/86/3 2254/87/3 2162/88/3
f 2165/84/3 2251/83/3 2249/86/3 519/85/3
f 2162/88/3 2254/87/3 2252/89/3 110/90/3
f 543/91/3 2257/92/3 2258/93/3 2253/94/3
f 538/82/3 2243/81/3 2260/95/3 2250/96/3
f 2253/94/3 2258/93/3 2255/97/3 541/98/3
f 2250/96/3 2260/95/3 2257/92/3 543/91/3
f 110/90/3 2252/89/3 2263/99/3 2177/100/3
f 522/101/3 2261/102/3 2266/103/3 2174/104/3
f 2177/100/3 2263/99/3 2261/102/3 522/101/3
f 2174/104/3 2266/103/3 2264/105/3 111/106/3
f 546/107/3 2269/108/3 2270/109/3 2265/110/3
f 541/98/3 2255/97/3 2272/111/3 2262/112/3
f 2265/110/3 2270/109/3 2267/113/3 544/114/3
f 2262/112/3 2272/111/3 2269/108/3 546/107/3
f 111/106/3 2264/105/3 2275/115/3 2189/116/3
f 525/117/3 2273/118/3 2278/119/3 2186/120/3
f 2189/116/3 2275/115/3 2273/118/3 525/117/3
f 2186/120/3 2278/119/3 2276/121/3 112/122/3
f 2273/118/3 549/123/3 2277/124/3 2278/119/3
f 2282/125/3 2280/126/3 119/127/3 2279/128/3
f 2277/124/3 2282/125/3 2279/128/3 547/129/3
f 558/130/3 2325/131/3 2342/132/3 2332/133/3
f 2325/131/3 122/134/3 2341/135/3 2342/132/3
f 2345/136/3 2344/137/3 566/138/3 2343/139/3
f 2259/140/3 2345/136/3 2343/139/3 542/141/3
f 556/142/3 2401/143/3 2406/144/3 2314/145/3
f 2401/143/3 580/146/3 2405/147/3 2406/144/3
f 2410/148/3 2408/149/3 128/150/3 2407/151/3
f 2405/147/3 2410/148/3 2407/151/3 578/152/3
f 2387/153/3 2475/154/3 2473/155/3 573/156/3
f 2475/154/3 2474/157/3 597/158/3 2473/155/3
f 2533/159/3 2532/160/3 612/161/3 2531/162/3
f 2447/163/3 2533/159/3 2531/162/3 588/164/3
f 602/165/3 2589/166/3 2594/167/3 2502/168/3
f 2589/166/3 626/169/3 2593/170/3 2594/167/3
f 2598/171/3 2596/172/3 142/173/3 2595/174/3
f 2593/170/3 2598/171/3 2595/174/3 624/175/3
f 619/176/3 2661/177/3 2665/178/3 2572/179/3
f 6630/180/1 4288/181/2 4299/182/2 6632/183/1
f 643/184/3 2667/185/3 2668/186/3 2664/187/3
f 2661/177/3 643/184/3 2664/187/3 2665/178/3
f 4281/188/2 6625/189/4 6635/190/4 4401/191/2
f 4403/192/2 6639/193/4 6641/194/4 4405/195/2
f 2670/196/3 2669/197/3 642/198/3 2667/185/3
f 2667/185/3 642/198/3 2666/199/3 2668/186/3
f 2655/200/3 147/201/3 2669/197/3 2670/196/3
f 2587/202/3 2673/203/3 2671/204/3 622/205/3
f 622/205/3 2671/204/3 2676/206/3 2584/207/3
f 2673/203/3 2672/208/3 646/209/3 2671/204/3
f 2584/207/3 2676/206/3 2674/210/3 141/211/3
f 646/209/3 2679/212/3 2680/213/3 2675/214/3
f 4405/195/2 6641/194/4 6651/215/4 4525/216/2
f 2675/214/3 2680/213/3 2677/217/3 644/218/3
f 4525/216/2 6651/215/4 6653/219/4 4526/220/2
f 4526/220/2 6653/219/4 6655/221/4 4527/222/2
f 2685/223/3 2684/224/3 649/225/3 2683/226/3
f 4527/222/2 6655/221/4 6657/227/4 4529/228/2
f 2674/210/3 644/218/3 2684/224/3 2685/223/3
f 2688/229/3 2687/230/3 647/231/3 2686/232/3
f 2692/233/3 2690/234/3 149/235/3 2689/236/3
f 2683/226/3 649/225/3 2687/230/3 2688/229/3
f 2691/237/3 648/238/3 2690/234/3 2692/233/3
f 2694/239/3 2693/240/3 648/238/3 2691/237/3
f 2697/241/3 2696/242/3 652/243/3 2695/244/3
f 2677/217/3 148/245/3 2693/240/3 2694/239/3
f 2686/232/3 647/231/3 2696/242/3 2697/241/3
f 2700/246/3 2699/247/3 650/248/3 2698/249/3
f 2704/250/3 2702/251/3 150/252/3 2701/253/3
f 2695/244/3 652/243/3 2699/247/3 2700/246/3
f 2703/254/3 651/255/3 2702/251/3 2704/250/3
f 2706/256/3 2705/257/3 651/255/3 2703/254/3
f 2709/258/3 2708/259/3 655/260/3 2707/261/3
f 2689/236/3 149/235/3 2705/257/3 2706/256/3
f 2698/249/3 650/248/3 2708/259/3 2709/258/3
f 2712/262/3 2711/263/3 653/264/3 2710/265/3
f 2716/266/3 2714/267/3 151/268/3 2713/269/3
f 2707/261/3 655/260/3 2711/263/3 2712/262/3
f 2701/253/3 150/252/3 2717/270/3 2718/271/3
f 2715/272/3 654/273/3 2714/267/3 2716/266/3
f 2718/271/3 2717/270/3 654/273/3 2715/272/3
f 2710/265/3 653/264/3 2720/274/3 2721/275/3
f 2719/276/3 658/277/3 2723/278/3 2724/279/3
f 2721/275/3 2720/274/3 658/277/3 2719/276/3
f 2724/279/3 2723/278/3 656/280/3 2722/281/3
f 2727/282/3 657/283/3 2726/284/3 2728/285/3
f 2728/285/3 2726/284/3 152/286/3 2725/287/3
f 2730/288/3 2729/289/3 657/283/3 2727/282/3
f 145/290/3 2722/281/3 2733/291/3 2647/292/3
f 653/264/3 2713/269/3 2730/288/3 2720/274/3
f 2733/291/3 2732/293/3 661/294/3 2731/295/3
f 2713/269/3 151/268/3 2729/289/3 2730/288/3
f 2647/292/3 2733/291/3 2731/295/3 637/296/3
f 637/296/3 2731/295/3 2736/297/3 2644/298/3
f 2722/281/3 656/280/3 2732/293/3 2733/291/3
f 2644/298/3 2736/297/3 2734/299/3 146/300/3
f 2731/295/3 661/294/3 2735/301/3 2736/297/3
f 2736/297/3 2735/301/3 659/302/3 2734/299/3
f 2735/301/3 2740/303/3 2737/304/3 659/302/3
f 661/294/3 2739/305/3 2740/303/3 2735/301/3
f 2740/303/3 2738/306/3 153/307/3 2737/304/3
f 2739/305/3 660/308/3 2738/306/3 2740/303/3
f 2742/309/3 2741/310/3 660/308/3 2739/305/3
f 656/280/3 2725/287/3 2742/309/3 2732/293/3
f 2732/293/3 2742/309/3 2739/305/3 661/294/3
f 146/300/3 2734/299/3 2745/311/3 2659/312/3
f 640/313/3 2743/314/3 2748/315/3 2656/316/3
f 2725/287/3 152/286/3 2741/310/3 2742/309/3
f 2659/312/3 2745/311/3 2743/314/3 640/313/3
f 2748/315/3 2747/317/3 662/318/3 2746/319/3
f 2752/320/3 2750/321/3 154/322/3 2749/323/3
f 2745/311/3 2744/324/3 664/325/3 2743/314/3
f 2734/299/3 659/302/3 2744/324/3 2745/311/3
f 659/302/3 2737/304/3 2754/326/3 2744/324/3
f 2656/316/3 2748/315/3 2746/319/3 147/201/3
f 147/201/3 2746/319/3 2757/327/3 2669/197/3
f 2757/327/3 2756/328/3 666/329/3 2755/330/3
f 2743/314/3 664/325/3 2747/317/3 2748/315/3
f 6660/331/1 4533/332/2 4536/333/2 6662/334/1
f 664/325/3 2751/335/3 2752/320/3 2747/317/3
f 2747/317/3 2752/320/3 2749/323/3 662/318/3
f 6664/336/1 4547/337/2 4548/338/2 6666/339/1
f 2751/335/3 663/340/3 2750/321/3 2752/320/3
f 4649/341/2 6667/342/4 6669/343/4 4650/344/2
f 4651/345/2 6671/346/4 6673/347/4 4653/348/2
f 2744/324/3 2754/326/3 2751/335/3 664/325/3
f 2764/349/3 2763/350/3 665/351/3 2761/352/3
f 2754/326/3 2753/353/3 663/340/3 2751/335/3
f 2737/304/3 153/307/3 2753/353/3 2754/326/3
f 6666/339/1 4548/338/2 4657/354/2 6676/355/1
f 6676/355/1 4657/354/2 4660/356/2 6678/357/1
f 2669/197/3 2757/327/3 2755/330/3 642/198/3
f 2746/319/3 662/318/3 2756/328/3 2757/327/3
f 6680/358/1 4671/359/2 4672/360/2 6682/361/1
f 2678/362/3 2770/363/3 2768/364/3 148/245/3
f 642/198/3 2755/330/3 2759/365/3 2666/199/3
f 6650/366/1 4424/367/2 4533/332/2 6660/331/1
f 2769/368/3 2774/369/3 2771/370/3 667/371/3
f 2773/372/3 668/373/3 2772/374/3 2774/369/3
f 6662/334/1 4536/333/2 4547/337/2 6664/336/1
f 2755/330/3 666/329/3 2758/375/3 2759/365/3
f 2776/376/3 2775/377/3 668/373/3 2773/372/3
f 4775/378/2 6687/379/4 6689/380/4 4777/381/2
f 666/329/3 2761/352/3 2762/382/3 2758/375/3
f 4529/228/2 6657/227/4 6667/342/4 4649/341/2
f 2768/364/3 667/371/3 2778/383/3 2779/384/3
f 2690/234/3 2782/385/3 2780/386/3 149/235/3
f 4650/344/2 6669/343/4 6671/346/4 4651/345/2
f 2761/352/3 665/351/3 2760/387/3 2762/382/3
f 2781/388/3 2786/389/3 2783/390/3 670/391/3
f 2785/392/3 671/393/3 2784/394/3 2786/389/3
f 662/318/3 2749/323/3 2764/349/3 2756/328/3
f 2756/328/3 2764/349/3 2761/352/3 666/329/3
f 2771/370/3 155/395/3 2787/396/3 2788/397/3
f 2705/257/3 2791/398/3 2789/399/3 651/255/3
f 2749/323/3 154/322/3 2763/350/3 2764/349/3
f 2681/400/3 2767/401/3 2765/402/3 645/403/3
f 2702/251/3 2794/404/3 2792/405/3 150/252/3
f 2789/399/3 675/406/3 2793/407/3 2794/404/3
f 2767/401/3 2766/408/3 669/409/3 2765/402/3
f 6678/357/1 4660/356/2 4671/359/2 6680/358/1
f 2797/410/3 674/411/3 2796/412/3 2798/413/3
f 2790/414/3 2800/415/3 2797/410/3 675/406/3
f 645/403/3 2765/402/3 2770/363/3 2678/362/3
f 2770/363/3 2769/368/3 667/371/3 2768/364/3
f 2741/310/3 2804/416/3 2801/417/3 660/308/3
f 2803/418/3 676/419/3 2802/420/3 2804/416/3
f 2765/402/3 669/409/3 2769/368/3 2770/363/3
f 669/409/3 2773/372/3 2774/369/3 2769/368/3
f 2801/417/3 679/421/3 2806/422/3 2807/423/3
f 2806/422/3 2811/424/3 2808/425/3 677/426/3
f 2774/369/3 2772/374/3 155/395/3 2771/370/3
f 4653/348/2 6673/347/4 6683/427/4 4773/428/2
f 2802/420/3 2814/429/3 2810/430/3 679/421/3
f 2813/431/3 158/432/3 2812/433/3 2814/429/3
f 4773/428/2 6683/427/4 6685/434/4 4774/435/2
f 2766/408/3 2776/376/3 2773/372/3 669/409/3
f 2805/436/3 677/426/3 2816/437/3 2817/438/3
f 2750/321/3 2820/439/3 2818/440/3 154/322/3
f 4774/435/2 6685/434/4 6687/379/4 4775/378/2
f 148/245/3 2768/364/3 2779/384/3 2693/240/3
f 2819/441/3 2824/442/3 2821/443/3 680/444/3
f 2823/445/3 681/446/3 2822/447/3 2824/442/3
f 2693/240/3 2779/384/3 2777/448/3 648/238/3
f 2779/384/3 2778/383/3 672/449/3 2777/448/3
f 2808/425/3 159/450/3 2825/451/3 2826/452/3
f 2763/350/3 2829/453/3 2827/454/3 665/351/3
f 648/238/3 2777/448/3 2782/385/3 2690/234/3
f 2782/385/3 2781/388/3 670/391/3 2780/386/3
f 6682/361/1 4672/360/2 4781/455/2 6692/456/1
f 6694/457/1 4784/458/2 4795/459/2 6696/460/1
f 2777/448/3 672/449/3 2781/388/3 2782/385/3
f 672/449/3 2785/392/3 2786/389/3 2781/388/3
f 2827/454/3 684/461/3 2830/462/3 2831/463/3
f 4897/464/2 6699/465/4 6701/466/4 4898/467/2
f 2786/389/3 2784/394/3 156/468/3 2783/390/3
f 667/371/3 2771/370/3 2788/397/3 2778/383/3
f 680/444/3 2821/443/3 2836/469/3 2828/470/3
f 2871/471/3 692/472/3 2880/473/3 2881/474/3
f 2778/383/3 2788/397/3 2785/392/3 672/449/3
f 2788/397/3 2787/396/3 671/393/3 2785/392/3
f 2822/447/3 2884/475/3 2882/476/3 160/477/3
f 695/478/3 2886/479/3 2887/480/3 2883/481/3
f 149/235/3 2780/386/3 2791/398/3 2705/257/3
f 2791/398/3 2790/414/3 675/406/3 2789/399/3
f 6788/482/1 5525/483/2 5528/484/2 6790/485/1
f 5836/486/2 5832/487/2 6905/488/5 6913/489/6
f 2780/386/3 670/391/3 2790/414/3 2791/398/3
f 651/255/3 2789/399/3 2794/404/3 2702/251/3
f 6890/490/7 5825/491/2 5837/492/2 6916/493/8
f 6968/494/9 6969/495/9 6854/496/10 6856/497/10
f 2794/404/3 2793/407/3 673/498/3 2792/405/3
f 675/406/3 2797/410/3 2798/413/3 2793/407/3
f 6969/495/9 6963/499/9 6852/500/10 6854/496/10
f 7012/501/11 7013/502/11 6754/503/12 6764/504/12
f 2793/407/3 2798/413/3 2795/505/3 673/498/3
f 2798/413/3 2796/412/3 157/506/3 2795/505/3
f 7009/507/13 7014/508/13 6760/509/1 6762/510/1
f 6757/511/14 6755/512/14 7016/513/13 7015/514/13
f 670/391/3 2783/390/3 2800/415/3 2790/414/3
f 2800/415/3 2799/515/3 674/411/3 2797/410/3
f 6753/516/4 6751/517/4 7018/518/11 7013/519/11
f 2783/390/3 156/468/3 2799/515/3 2800/415/3
f 7062/520/13 7063/521/13 6662/334/1 6664/336/1
f 7063/521/13 7064/522/13 6660/331/1 6662/334/1
f 152/286/3 2803/418/3 2804/416/3 2741/310/3
f 6657/227/4 6655/221/4 7066/523/11 7061/524/11
f 2804/416/3 2802/420/3 679/421/3 2801/417/3
f 660/308/3 2801/417/3 2807/423/3 2738/306/3
f 7061/525/11 7066/526/11 6656/527/12 6658/528/12
f 3285/34/2 6491/33/4 6493/529/4 3286/530/2
f 6113/531/15 5841/532/16 7201/533/17 7202/534/18
f 7203/535/19 7201/536/17 5841/537/16 6115/538/20
f 3286/530/2 6493/529/4 6495/539/4 3287/540/2
f 7202/534/18 7204/541/21 5969/542/22 6113/531/15
f 3287/540/2 6495/539/4 6497/543/4 3289/544/2
f 2215/36/3 2214/48/3 534/41/3 2213/37/3
f 7203/545/19 7205/546/23 5972/547/24 6116/548/25
f 6117/549/26 5969/542/22 7204/541/21 7206/550/27
f 2204/19/3 529/22/3 2214/48/3 2215/36/3
f 6118/551/28 5968/552/29 7207/553/30 7206/554/27
f 2218/39/3 2217/44/3 532/50/3 2216/45/3
f 7208/555/31 7205/556/23 5971/557/32 6119/558/33
f 2213/37/3 534/41/3 2217/44/3 2218/39/3
f 7208/559/31 7209/560/34 5844/561/35 6120/562/36
f 2222/43/3 2220/563/3 114/564/3 2219/49/3
f 6121/565/37 5967/566/37 7207/567/30 7210/568/30
f 2221/42/3 533/569/3 2220/563/3 2222/43/3
f 6122/570/29 5974/571/29 7211/572/30 7210/573/30
f 2224/47/3 2223/574/3 533/569/3 2221/42/3
f 7212/575/30 7211/572/30 5974/571/29 6124/576/29
f 2207/24/3 113/28/3 2223/574/3 2224/47/3
f 6124/576/29 5966/577/29 7213/578/30 7212/575/30
f 2227/51/3 2226/64/3 537/59/3 2225/53/3
f 6125/579/37 5965/580/37 7213/581/30 7214/582/30
f 2216/45/3 532/50/3 2226/64/3 2227/51/3
f 7214/582/30 7215/583/30 5975/584/37 6125/579/37
f 2230/55/3 2229/62/3 535/66/3 2228/57/3
f 7216/585/30 7215/586/30 5976/587/29 6128/588/29
f 2225/53/3 537/59/3 2229/62/3 2230/55/3
f 7216/589/30 7217/590/30 5963/591/37 6127/592/37
f 2234/61/3 2232/593/3 115/594/3 2231/65/3
f 6129/595/37 5963/591/37 7217/590/30 7218/596/30
f 2233/60/3 536/597/3 2232/593/3 2234/61/3
f 7218/596/30 7219/598/30 5977/599/37 6129/595/37
f 2236/63/3 2235/600/3 536/597/3 2233/60/3
f 6131/601/37 5977/599/37 7219/598/30 7220/602/30
f 2219/49/3 114/564/3 2235/600/3 2236/63/3
f 7220/602/30 7221/603/30 5961/604/37 6131/601/37
f 2239/67/3 2238/80/3 540/75/3 2237/70/3
f 6133/605/37 5961/604/37 7221/603/30 7222/606/30
f 2228/57/3 535/66/3 2238/80/3 2239/67/3
f 7222/606/30 7223/607/30 5979/608/37 6133/605/37
f 2242/71/3 2241/78/3 538/82/3 2240/73/3
f 6135/609/37 5979/608/37 7223/607/30 7224/610/30
f 2237/70/3 540/75/3 2241/78/3 2242/71/3
f 7224/610/30 7225/611/30 5959/612/37 6135/609/37
f 2246/77/3 2244/613/3 116/614/3 2243/81/3
f 6137/615/37 5959/612/37 7225/611/30 7226/616/30
f 2245/76/3 539/617/3 2244/613/3 2246/77/3
f 7226/616/30 7227/618/30 5981/619/37 6137/615/37
f 2248/79/3 2247/620/3 539/617/3 2245/76/3
f 6139/621/37 5981/619/37 7227/618/30 7228/622/30
f 2231/65/3 115/594/3 2247/620/3 2248/79/3
f 7228/622/30 7229/623/30 5957/624/37 6139/621/37
f 2251/83/3 2250/96/3 543/91/3 2249/86/3
f 6141/625/37 5957/624/37 7229/623/30 7230/626/30
f 2240/73/3 538/82/3 2250/96/3 2251/83/3
f 7230/626/30 7231/627/30 5983/628/37 6141/625/37
f 2254/87/3 2253/94/3 541/98/3 2252/89/3
f 6143/629/37 5983/628/37 7231/627/30 7232/630/30
f 2249/86/3 543/91/3 2253/94/3 2254/87/3
f 7232/630/30 7233/631/30 5955/632/37 6143/629/37
f 2258/93/3 2256/633/3 117/634/3 2255/97/3
f 6145/635/38 5955/632/37 7233/631/30 7234/636/39
f 2257/92/3 542/141/3 2256/633/3 2258/93/3
f 7234/636/39 7235/637/40 5985/638/41 6145/635/38
f 2260/95/3 2259/140/3 542/141/3 2257/92/3
f 6147/639/42 5985/638/41 7235/637/40 7236/640/43
f 2243/81/3 116/614/3 2259/140/3 2260/95/3
f 7236/640/43 7237/641/44 5953/642/45 6147/639/42
f 2263/99/3 2262/112/3 546/107/3 2261/102/3
f 6149/643/46 5953/644/45 7237/645/44 7238/646/47
f 2252/89/3 541/98/3 2262/112/3 2263/99/3
f 7238/646/47 7239/647/48 5987/648/49 6149/643/46
f 2266/103/3 2265/110/3 544/114/3 2264/105/3
f 6151/649/50 5987/648/49 7239/647/48 7240/650/51
f 2261/102/3 546/107/3 2265/110/3 2266/103/3
f 7240/650/51 7241/651/52 5951/652/53 6151/649/50
f 2270/109/3 2268/653/3 118/654/3 2267/113/3
f 6154/655/35 5844/561/35 7209/560/34 7242/656/34
f 2269/108/3 545/657/3 2268/653/3 2270/109/3
f 7242/656/34 7243/658/34 5990/659/35 6154/655/35
f 2272/111/3 2271/660/3 545/657/3 2269/108/3
f 6156/661/35 5990/659/35 7243/658/34 7244/662/34
f 2255/97/3 117/634/3 2271/660/3 2272/111/3
f 7244/662/34 7245/663/34 5846/664/35 6156/661/35
f 2275/115/3 2274/665/3 549/123/3 2273/118/3
f 6157/666/53 5951/652/53 7241/651/52 7246/667/52
f 2264/105/3 544/114/3 2274/665/3 2275/115/3
f 7246/667/52 7247/668/52 5991/669/53 6157/666/53
f 2278/119/3 2277/124/3 547/129/3 2276/121/3
f 6159/670/53 5991/669/53 7247/668/52 7248/671/52
f 549/123/3 2281/672/3 2282/125/3 2277/124/3
f 7248/671/52 7249/673/52 5949/674/53 6159/670/53
f 2281/672/3 548/675/3 2280/126/3 2282/125/3
f 6162/676/35 5846/664/35 7245/663/34 7250/677/34
f 544/114/3 2267/113/3 2284/678/3 2274/665/3
f 7250/677/34 7251/679/34 5994/680/35 6162/676/35
f 2274/665/3 2284/678/3 2281/672/3 549/123/3
f 6164/681/35 5994/680/35 7251/679/34 7252/682/34
f 2284/678/3 2283/683/3 548/675/3 2281/672/3
f 7252/682/34 7253/684/34 5848/685/35 6164/681/35
f 2267/113/3 118/654/3 2283/683/3 2284/678/3
f 112/122/3 2276/121/3 2287/686/3 2199/687/3
f 6165/688/53 5949/674/53 7249/673/52 7254/689/52
f 2199/687/3 2287/686/3 2285/690/3 527/691/3
f 7254/689/52 7255/692/52 5995/693/53 6165/688/53
f 6167/694/53 5995/693/53 7255/692/52 7256/695/52
f 2287/686/3 2286/696/3 551/697/3 2285/690/3
f 7256/695/52 7257/698/52 5947/699/53 6167/694/53
f 2276/121/3 547/129/3 2286/696/3 2287/686/3
f 527/691/3 2285/690/3 2289/700/3 2196/701/3
f 6170/702/35 5848/685/35 7253/684/34 7258/703/34
f 6490/16/1 3184/15/2 3293/704/2 6500/705/1
f 7258/703/34 7259/706/34 5998/707/35 6170/702/35
f 6172/708/35 5998/707/35 7259/706/34 7260/709/34
f 6500/705/1 3293/704/2 3296/710/2 6502/711/1
f 7260/709/34 7261/712/34 5850/713/35 6172/708/35
f 6502/711/1 3296/710/2 3307/714/2 6504/715/1
f 7262/716/52 7257/717/52 5948/718/54 6174/719/54
f 6504/715/1 3307/714/2 3308/720/2 6506/721/1
f 6174/719/54 6000/722/54 7263/723/52 7262/716/52
f 2285/690/3 551/697/3 2288/724/3 2289/700/3
f 7264/725/52 7263/723/52 6000/722/54 6176/726/54
f 551/697/3 2291/727/3 2292/728/3 2288/724/3
f 6176/726/54 5946/729/54 7265/730/52 7264/725/52
f 3289/544/2 6497/543/4 6507/731/4 3409/732/2
f 3409/732/2 6507/731/4 6509/733/4 3410/734/2
f 7266/735/34 7261/736/34 5849/737/55 6177/738/55
f 3410/734/2 6509/733/4 6511/739/4 3411/740/2
f 7266/741/34 7267/742/34 6002/743/35 6178/744/35
f 6180/745/35 6002/743/35 7267/742/34 7268/746/34
f 3411/740/2 6511/739/4 6513/747/4 3413/748/2
f 6179/749/55 5851/750/55 7269/751/34 7268/752/34
f 2291/727/3 550/753/3 2290/754/3 2292/728/3
f 547/129/3 2279/128/3 2294/755/3 2286/696/3
f 7270/756/52 7265/730/52 5946/729/54 6182/757/54
f 2286/696/3 2294/755/3 2291/727/3 551/697/3
f 7270/758/52 7271/759/52 6003/760/53 6181/761/53
f 6183/762/53 6003/760/53 7271/759/52 7272/763/52
f 2294/755/3 2293/764/3 550/753/3 2291/727/3
f 6184/765/54 5944/766/54 7273/767/52 7272/768/52
f 2279/128/3 119/127/3 2293/764/3 2294/755/3
f 6506/721/1 3308/720/2 3417/769/2 6516/770/1
f 7274/771/34 7269/751/34 5851/750/55 6185/772/55
f 7274/773/34 7275/774/34 6006/775/35 6186/776/35
f 6516/770/1 3417/769/2 3420/777/2 6518/778/1
f 2211/30/3 2297/779/3 2295/780/3 530/26/3
f 7276/781/34 7275/782/34 6005/783/55 6187/784/55
f 7276/785/34 7277/786/34 5854/787/35 6188/788/35
f 2297/779/3 2296/789/3 554/790/3 2295/780/3
f 7278/791/52 7273/767/52 5944/766/54 6190/792/54
f 6518/778/1 3420/777/2 3431/793/2 6520/794/1
f 6520/794/1 3431/793/2 3432/795/2 6522/796/1
f 7278/797/52 7279/798/52 6007/799/53 6189/800/53
f 6191/801/53 6007/799/53 7279/798/52 7280/802/52
f 530/26/3 2295/780/3 2300/803/3 2208/27/3
f 2208/27/3 2300/803/3 2298/804/3 113/28/3
f 6192/805/54 5942/806/54 7281/807/52 7280/808/52
f 7282/809/34 7277/810/34 5853/811/55 6193/812/55
f 2300/803/3 2299/813/3 552/814/3 2298/804/3
f 2295/780/3 554/790/3 2299/813/3 2300/803/3
f 7282/815/34 7283/816/34 6010/817/35 6194/818/35
f 6196/819/35 6010/817/35 7283/816/34 7284/820/34
f 554/790/3 2303/821/3 2304/822/3 2299/813/3
f 2299/813/3 2304/822/3 2301/823/3 552/814/3
f 6195/824/55 5855/825/55 7285/826/34 7284/827/34
f 7286/828/52 7281/807/52 5942/806/54 6198/829/54
f 2304/822/3 2302/830/3 120/831/3 2301/823/3
f 2303/821/3 553/832/3 2302/830/3 2304/822/3
f 7286/833/52 7287/834/52 6011/835/53 6197/836/53
f 7288/837/52 7287/838/52 6012/839/54 6200/840/54
f 3413/748/2 6513/747/4 6523/841/4 3533/842/2
f 3533/842/2 6523/841/4 6525/843/4 3534/844/2
f 7288/845/52 7289/846/52 5939/847/53 6199/848/53
f 7290/849/34 7285/826/34 5855/825/55 6201/850/55
f 2296/789/3 2306/851/3 2303/821/3 554/790/3
f 2306/851/3 2305/852/3 553/832/3 2303/821/3
f 7290/853/34 7291/854/34 6014/855/35 6202/856/35
f 7292/857/34 7291/858/34 6013/859/55 6203/860/55
f 3534/844/2 6525/843/4 6527/861/4 3535/862/2
f 3535/862/2 6527/861/4 6529/863/4 3537/864/2
f 7292/865/34 7293/866/34 5858/867/35 6204/868/35
f 7294/869/52 7289/870/52 5940/871/54 6206/872/54
f 113/28/3 2298/804/3 2309/873/3 2223/574/3
f 2223/574/3 2309/873/3 2307/874/3 533/569/3
f 7294/875/52 7295/876/52 6015/877/53 6205/878/53
f 7296/879/52 7295/880/52 6016/881/54 6208/882/54
f 2309/873/3 2308/883/3 557/884/3 2307/874/3
f 2298/804/3 552/814/3 2308/883/3 2309/873/3
f 7296/885/52 7297/886/52 5937/887/53 6207/888/53
f 7298/889/34 7293/890/34 5857/891/55 6209/892/55
f 533/569/3 2307/874/3 2312/893/3 2220/563/3
f 2220/563/3 2312/893/3 2310/894/3 114/564/3
f 7298/895/34 7299/896/34 6018/897/35 6210/898/35
f 7300/899/34 7299/900/34 6017/901/55 6211/902/55
f 2312/893/3 2311/903/3 555/904/3 2310/894/3
f 2307/874/3 557/884/3 2311/903/3 2312/893/3
f 7300/905/34 7301/906/34 5860/907/35 6212/908/35
f 7302/909/52 7297/910/52 5938/911/54 6214/912/54
f 557/884/3 2315/913/3 2316/914/3 2311/903/3
f 2311/903/3 2316/914/3 2313/915/3 555/904/3
f 7302/916/52 7303/917/52 6019/918/53 6213/919/53
f 7304/920/52 7303/921/52 6020/922/54 6216/923/54
f 2316/914/3 2314/145/3 121/924/3 2313/915/3
f 2315/913/3 556/142/3 2314/145/3 2316/914/3
f 7304/925/52 7305/926/52 5935/927/53 6215/928/53
f 7306/929/34 7301/930/34 5859/931/55 6217/932/55
f 552/814/3 2301/823/3 2318/933/3 2308/883/3
f 2308/883/3 2318/933/3 2315/913/3 557/884/3
f 7306/934/34 7307/935/34 6022/936/35 6218/937/35
f 7308/938/34 7307/939/34 6021/940/55 6219/941/55
f 2318/933/3 2317/942/3 556/142/3 2315/913/3
f 2301/823/3 120/831/3 2317/942/3 2318/933/3
f 7308/943/34 7309/944/34 5862/945/35 6220/946/35
f 7310/947/52 7305/948/52 5936/949/54 6222/950/54
f 114/564/3 2310/894/3 2321/951/3 2235/600/3
f 2235/600/3 2321/951/3 2319/952/3 536/597/3
f 7310/953/52 7311/954/52 6023/955/53 6221/956/53
f 7312/957/52 7311/958/52 6024/959/54 6224/960/54
f 2321/951/3 2320/961/3 560/962/3 2319/952/3
f 2310/894/3 555/904/3 2320/961/3 2321/951/3
f 7312/963/52 7313/964/52 5933/965/53 6223/966/53
f 7314/967/34 7309/968/34 5861/969/55 6225/970/55
f 536/597/3 2319/952/3 2324/971/3 2232/593/3
f 2232/593/3 2324/971/3 2322/972/3 115/594/3
f 7314/973/34 7315/974/34 6026/975/35 6226/976/35
f 7316/977/34 7315/978/34 6025/979/55 6227/980/55
f 2324/971/3 2323/981/3 558/130/3 2322/972/3
f 2319/952/3 560/962/3 2323/981/3 2324/971/3
f 7316/982/34 7317/983/34 5864/984/35 6228/985/35
f 7318/986/52 7313/987/52 5934/988/54 6230/989/54
f 560/962/3 2327/990/3 2328/991/3 2323/981/3
f 2323/981/3 2328/991/3 2325/131/3 558/130/3
f 7318/992/52 7319/993/52 6027/994/53 6229/995/53
f 7320/996/52 7319/997/52 6028/998/54 6232/999/54
f 2328/991/3 2326/1000/3 122/134/3 2325/131/3
f 2327/990/3 559/1001/3 2326/1000/3 2328/991/3
f 7320/1002/52 7321/1003/52 5931/1004/53 6231/1005/53
f 7322/1006/34 7317/1007/34 5863/1008/55 6233/1009/55
f 555/904/3 2313/915/3 2330/1010/3 2320/961/3
f 7322/1011/34 7323/1012/34 6030/1013/35 6234/1014/35
f 2320/961/3 2330/1010/3 2327/990/3 560/962/3
f 7324/1015/34 7323/1016/34 6029/1017/55 6235/1018/55
f 2330/1010/3 2329/1019/3 559/1001/3 2327/990/3
f 2313/915/3 121/924/3 2329/1019/3 2330/1010/3
f 7324/1020/34 7325/1021/34 5866/1022/35 6236/1023/35
f 115/594/3 2322/972/3 2333/1024/3 2247/620/3
f 7326/1025/52 7321/1026/52 5932/1027/54 6238/1028/54
f 7326/1029/52 7327/1030/52 6031/1031/53 6237/1032/53
f 2247/620/3 2333/1024/3 2331/1033/3 539/617/3
f 2333/1024/3 2332/133/3 563/1034/3 2331/1033/3
f 7328/1035/52 7327/1036/52 6032/1037/54 6240/1038/54
f 2322/972/3 558/130/3 2332/133/3 2333/1024/3
f 7328/1039/52 7329/1040/52 5929/1041/53 6239/1042/53
f 7330/1043/34 7325/1044/34 5865/1045/55 6241/1046/55
f 539/617/3 2331/1033/3 2336/1047/3 2244/613/3
f 7330/1048/34 7331/1049/34 6034/1050/35 6242/1051/35
f 2244/613/3 2336/1047/3 2334/1052/3 116/614/3
f 2336/1047/3 2335/1053/3 561/1054/3 2334/1052/3
f 7332/1055/34 7331/1056/34 6033/1057/55 6243/1058/55
f 2331/1033/3 563/1034/3 2335/1053/3 2336/1047/3
f 7332/1059/34 7333/1060/34 5868/1061/35 6244/1062/35
f 6245/1063/53 5929/1041/53 7329/1040/52 7334/1064/52
f 563/1034/3 2339/1065/3 2340/1066/3 2335/1053/3
f 7334/1064/52 7335/1067/52 6035/1068/53 6245/1063/53
f 2335/1053/3 2340/1066/3 2337/1069/3 561/1054/3
f 7336/1070/52 7335/1071/52 6036/1072/54 6248/1073/54
f 2340/1066/3 2338/1074/3 123/1075/3 2337/1069/3
f 2339/1065/3 562/1076/3 2338/1074/3 2340/1066/3
f 6248/1073/54 5928/1077/54 7337/1078/52 7336/1070/52
f 2332/133/3 2342/132/3 2339/1065/3 563/1034/3
f 2342/132/3 2341/135/3 562/1076/3 2339/1065/3
f 116/614/3 2334/1052/3 2345/136/3 2259/140/3
f 2334/1052/3 561/1054/3 2344/137/3 2345/136/3
f 542/141/3 2343/139/3 2348/1079/3 2256/633/3
f 2256/633/3 2348/1079/3 2346/1080/3 117/634/3
f 2348/1079/3 2347/1081/3 564/1082/3 2346/1080/3
f 2343/139/3 566/138/3 2347/1081/3 2348/1079/3
f 566/138/3 2351/1083/3 2352/1084/3 2347/1081/3
f 2347/1081/3 2352/1084/3 2349/1085/3 564/1082/3
f 2352/1084/3 2350/1086/3 124/1087/3 2349/1085/3
f 2351/1083/3 565/1088/3 2350/1086/3 2352/1084/3
f 561/1054/3 2337/1069/3 2354/1089/3 2344/137/3
f 2344/137/3 2354/1089/3 2351/1083/3 566/138/3
f 2354/1089/3 2353/1090/3 565/1088/3 2351/1083/3
f 2337/1069/3 123/1075/3 2353/1090/3 2354/1089/3
f 117/634/3 2346/1080/3 2357/1091/3 2271/660/3
f 2271/660/3 2357/1091/3 2355/1092/3 545/657/3
f 2357/1091/3 2356/1093/3 569/1094/3 2355/1092/3
f 2346/1080/3 564/1082/3 2356/1093/3 2357/1091/3
f 545/657/3 2355/1092/3 2360/1095/3 2268/653/3
f 2268/653/3 2360/1095/3 2358/1096/3 118/654/3
f 2360/1095/3 2359/1097/3 567/1098/3 2358/1096/3
f 2355/1092/3 569/1094/3 2359/1097/3 2360/1095/3
f 569/1094/3 2363/1099/3 2364/1100/3 2359/1097/3
f 2359/1097/3 2364/1100/3 2361/1101/3 567/1098/3
f 2364/1100/3 2362/1102/3 125/1103/3 2361/1101/3
f 2363/1099/3 568/1104/3 2362/1102/3 2364/1100/3
f 564/1082/3 2349/1085/3 2366/1105/3 2356/1093/3
f 2356/1093/3 2366/1105/3 2363/1099/3 569/1094/3
f 2366/1105/3 2365/1106/3 568/1104/3 2363/1099/3
f 2738/306/3 2807/423/3 2805/436/3 153/307/3
f 2349/1085/3 124/1087/3 2365/1106/3 2366/1105/3
f 118/654/3 2358/1096/3 2369/1107/3 2283/683/3
f 2283/683/3 2369/1107/3 2367/1108/3 548/675/3
f 2369/1107/3 2368/1109/3 572/1110/3 2367/1108/3
f 2807/423/3 2806/422/3 677/426/3 2805/436/3
f 679/421/3 2810/430/3 2811/424/3 2806/422/3
f 2358/1096/3 567/1098/3 2368/1109/3 2369/1107/3
f 548/675/3 2367/1108/3 2372/1111/3 2280/126/3
f 2280/126/3 2372/1111/3 2370/1112/3 119/127/3
f 2372/1111/3 2371/1113/3 570/1114/3 2370/1112/3
f 2811/424/3 2809/1115/3 159/450/3 2808/425/3
f 2810/430/3 678/1116/3 2809/1115/3 2811/424/3
f 2367/1108/3 572/1110/3 2371/1113/3 2372/1111/3
f 572/1110/3 2375/1117/3 2376/1118/3 2371/1113/3
f 2371/1113/3 2376/1118/3 2373/1119/3 570/1114/3
f 2376/1118/3 2374/1120/3 126/1121/3 2373/1119/3
f 676/419/3 2813/431/3 2814/429/3 2802/420/3
f 2814/429/3 2812/433/3 678/1116/3 2810/430/3
f 2375/1117/3 571/1122/3 2374/1120/3 2376/1118/3
f 567/1098/3 2361/1101/3 2378/1123/3 2368/1109/3
f 2368/1109/3 2378/1123/3 2375/1117/3 572/1110/3
f 2378/1123/3 2377/1124/3 571/1122/3 2375/1117/3
f 153/307/3 2805/436/3 2817/438/3 2753/353/3
f 2753/353/3 2817/438/3 2815/1125/3 663/340/3
f 2361/1101/3 125/1103/3 2377/1124/3 2378/1123/3
f 119/127/3 2370/1112/3 2381/1126/3 2293/764/3
f 2293/764/3 2381/1126/3 2379/1127/3 550/753/3
f 2381/1126/3 2380/1128/3 574/1129/3 2379/1127/3
f 2817/438/3 2816/437/3 682/1130/3 2815/1125/3
f 663/340/3 2815/1125/3 2820/439/3 2750/321/3
f 2370/1112/3 570/1114/3 2380/1128/3 2381/1126/3
f 550/753/3 2379/1127/3 2383/1131/3 2290/754/3
f 6522/796/1 3432/795/2 3541/1132/2 6532/1133/1
f 6532/1133/1 3541/1132/2 3544/1134/2 6534/1135/1
f 2820/439/3 2819/441/3 680/444/3 2818/440/3
f 2815/1125/3 682/1130/3 2819/441/3 2820/439/3
f 6534/1135/1 3544/1134/2 3555/1136/2 6536/1137/1
f 6536/1137/1 3555/1136/2 3556/1138/2 6538/1139/1
f 2379/1127/3 574/1129/3 2382/1140/3 2383/1131/3
f 574/1129/3 2385/1141/3 2386/1142/3 2382/1140/3
f 682/1130/3 2823/445/3 2824/442/3 2819/441/3
f 2824/442/3 2822/447/3 160/477/3 2821/443/3
f 3537/864/2 6529/863/4 6539/1143/4 3657/1144/2
f 3657/1144/2 6539/1143/4 6541/1145/4 3658/1146/2
f 3658/1146/2 6541/1145/4 6543/1147/4 3659/1148/2
f 3659/1148/2 6543/1147/4 6545/1149/4 3661/1150/2
f 677/426/3 2808/425/3 2826/452/3 2816/437/3
f 2816/437/3 2826/452/3 2823/445/3 682/1130/3
f 2385/1141/3 573/156/3 2384/1151/3 2386/1142/3
f 570/1114/3 2373/1119/3 2388/1152/3 2380/1128/3
f 2380/1128/3 2388/1152/3 2385/1141/3 574/1129/3
f 2388/1152/3 2387/153/3 573/156/3 2385/1141/3
f 2826/452/3 2825/451/3 681/446/3 2823/445/3
f 154/322/3 2818/440/3 2829/453/3 2763/350/3
f 2373/1119/3 126/1121/3 2387/153/3 2388/1152/3
f 6538/1139/1 3556/1138/2 3665/1153/2 6548/1154/1
f 6548/1154/1 3665/1153/2 3668/1155/2 6550/1156/1
f 2305/852/3 2391/1157/3 2389/1158/3 553/832/3
f 2829/453/3 2828/470/3 684/461/3 2827/454/3
f 2818/440/3 680/444/3 2828/470/3 2829/453/3
f 2391/1157/3 2390/1159/3 577/1160/3 2389/1158/3
f 6550/1156/1 3668/1155/2 3679/1161/2 6552/1162/1
f 6552/1162/1 3679/1161/2 3680/1163/2 6554/1164/1
f 553/832/3 2389/1158/3 2394/1165/3 2302/830/3
f 665/351/3 2827/454/3 2831/463/3 2760/387/3
f 6692/456/1 4781/455/2 4784/458/2 6694/457/1
f 2302/830/3 2394/1165/3 2392/1166/3 120/831/3
f 2394/1165/3 2393/1167/3 575/1168/3 2392/1166/3
f 2389/1158/3 577/1160/3 2393/1167/3 2394/1165/3
f 577/1160/3 2397/1169/3 2398/1170/3 2393/1167/3
f 6696/460/1 4795/459/2 4796/1171/2 6698/1172/1
f 684/461/3 2833/1173/3 2834/1174/3 2830/462/3
f 2393/1167/3 2398/1170/3 2395/1175/3 575/1168/3
f 2398/1170/3 2396/1176/3 127/1177/3 2395/1175/3
f 2397/1169/3 576/1178/3 2396/1176/3 2398/1170/3
f 3661/1150/2 6545/1149/4 6555/1179/4 3781/1180/2
f 4777/381/2 6689/380/4 6699/465/4 4897/464/2
f 4898/467/2 6701/466/4 6703/1181/4 4899/1182/2
f 3781/1180/2 6555/1179/4 6557/1183/4 3782/1184/2
f 2390/1159/3 2400/1185/3 2397/1169/3 577/1160/3
f 2400/1185/3 2399/1186/3 576/1178/3 2397/1169/3
f 3782/1184/2 6557/1183/4 6559/1187/4 3783/1188/2
f 4899/1182/2 6703/1181/4 6705/1189/4 4901/1190/2
f 2833/1173/3 683/1191/3 2832/1192/3 2834/1174/3
f 3783/1188/2 6559/1187/4 6561/1193/4 3785/1194/2
f 120/831/3 2392/1166/3 2403/1195/3 2317/942/3
f 2317/942/3 2403/1195/3 2401/143/3 556/142/3
f 2403/1195/3 2402/1196/3 580/146/3 2401/143/3
f 2828/470/3 2836/469/3 2833/1173/3 684/461/3
f 2836/469/3 2835/1197/3 683/1191/3 2833/1173/3
f 2392/1166/3 575/1168/3 2402/1196/3 2403/1195/3
f 2314/145/3 2406/144/3 2404/1198/3 121/924/3
f 2406/144/3 2405/147/3 578/152/3 2404/1198/3
f 580/146/3 2409/1199/3 2410/148/3 2405/147/3
f 2821/443/3 160/477/3 2835/1197/3 2836/469/3
f 6698/1172/1 4796/1171/2 4905/1200/2 6708/1201/1
f 2409/1199/3 579/1202/3 2408/149/3 2410/148/3
f 575/1168/3 2395/1175/3 2412/1203/3 2402/1196/3
f 2402/1196/3 2412/1203/3 2409/1199/3 580/146/3
f 2412/1203/3 2411/1204/3 579/1202/3 2409/1199/3
f 6708/1201/1 4905/1200/2 4908/1205/2 6710/1206/1
f 2775/377/3 2839/1207/3 2837/1208/3 668/373/3
f 2395/1175/3 127/1177/3 2411/1204/3 2412/1203/3
f 121/924/3 2404/1198/3 2415/1209/3 2329/1019/3
f 2329/1019/3 2415/1209/3 2413/1210/3 559/1001/3
f 2415/1209/3 2414/1211/3 583/1212/3 2413/1210/3
f 2839/1207/3 2838/1213/3 686/1214/3 2837/1208/3
f 6710/1206/1 4908/1205/2 4919/1215/2 6712/1216/1
f 2404/1198/3 578/152/3 2414/1211/3 2415/1209/3
f 559/1001/3 2413/1210/3 2418/1217/3 2326/1000/3
f 2326/1000/3 2418/1217/3 2416/1218/3 122/134/3
f 2418/1217/3 2417/1219/3 581/1220/3 2416/1218/3
f 6712/1216/1 4919/1215/2 4920/1221/2 6714/1222/1
f 668/373/3 2837/1208/3 2842/1223/3 2772/374/3
f 2413/1210/3 583/1212/3 2417/1219/3 2418/1217/3
f 583/1212/3 2421/1224/3 2422/1225/3 2417/1219/3
f 2417/1219/3 2422/1225/3 2419/1226/3 581/1220/3
f 2422/1225/3 2420/1227/3 129/1228/3 2419/1226/3
f 2772/374/3 2842/1223/3 2840/1229/3 155/395/3
f 2842/1223/3 2841/1230/3 685/1231/3 2840/1229/3
f 2421/1224/3 582/1232/3 2420/1227/3 2422/1225/3
f 578/152/3 2407/151/3 2424/1233/3 2414/1211/3
f 2414/1211/3 2424/1233/3 2421/1224/3 583/1212/3
f 2424/1233/3 2423/1234/3 582/1232/3 2421/1224/3
f 2837/1208/3 686/1214/3 2841/1230/3 2842/1223/3
f 686/1214/3 2844/1235/3 2845/1236/3 2841/1230/3
f 2407/151/3 128/150/3 2423/1234/3 2424/1233/3
f 122/134/3 2416/1218/3 2427/1237/3 2341/135/3
f 2341/135/3 2427/1237/3 2425/1238/3 562/1076/3
f 2427/1237/3 2426/1239/3 586/1240/3 2425/1238/3
f 2841/1230/3 2845/1236/3 2843/1241/3 685/1231/3
f 4901/1190/2 6705/1189/4 6715/1242/4 5021/1243/2
f 2416/1218/3 581/1220/3 2426/1239/3 2427/1237/3
f 562/1076/3 2425/1238/3 2430/1244/3 2338/1074/3
f 2338/1074/3 2430/1244/3 2428/1245/3 123/1075/3
f 2430/1244/3 2429/1246/3 584/1247/3 2428/1245/3
f 2425/1238/3 586/1240/3 2429/1246/3 2430/1244/3
f 5021/1243/2 6715/1242/4 6717/1248/4 5022/1249/2
f 586/1240/3 2433/1250/3 2434/1251/3 2429/1246/3
f 2429/1246/3 2434/1251/3 2431/1252/3 584/1247/3
f 5022/1249/2 6717/1248/4 6719/1253/4 5023/1254/2
f 2434/1251/3 2432/1255/3 130/1256/3 2431/1252/3
f 2433/1250/3 585/1257/3 2432/1255/3 2434/1251/3
f 581/1220/3 2419/1226/3 2436/1258/3 2426/1239/3
f 2426/1239/3 2436/1258/3 2433/1250/3 586/1240/3
f 5023/1254/2 6719/1253/4 6721/1259/4 5025/1260/2
f 6714/1222/1 4920/1221/2 5029/1261/2 6724/1262/1
f 6724/1262/1 5029/1261/2 5032/1263/2 6726/1264/1
f 2838/1213/3 2846/1265/3 2844/1235/3 686/1214/3
f 6726/1264/1 5032/1263/2 5043/1266/2 6728/1267/1
f 6728/1267/1 5043/1266/2 5044/1268/2 6730/1269/1
f 5025/1260/2 6721/1259/4 6731/1270/4 5145/1271/2
f 5145/1271/2 6731/1270/4 6733/1272/4 5146/1273/2
f 5146/1273/2 6733/1272/4 6735/1274/4 5147/1275/2
f 155/395/3 2840/1229/3 2849/1276/3 2787/396/3
f 2787/396/3 2849/1276/3 2847/1277/3 671/393/3
f 2849/1276/3 2848/1278/3 688/1279/3 2847/1277/3
f 2840/1229/3 685/1231/3 2848/1278/3 2849/1276/3
f 671/393/3 2847/1277/3 2852/1280/3 2784/394/3
f 2784/394/3 2852/1280/3 2850/1281/3 156/468/3
f 2852/1280/3 2851/1282/3 687/1283/3 2850/1281/3
f 2847/1277/3 688/1279/3 2851/1282/3 2852/1280/3
f 688/1279/3 2854/1284/3 2855/1285/3 2851/1282/3
f 2851/1282/3 2855/1285/3 2853/1286/3 687/1283/3
f 5147/1275/2 6735/1274/4 6737/1287/4 5149/1288/2
f 6730/1269/1 5044/1268/2 5153/1289/2 6740/1290/1
f 6740/1290/1 5153/1289/2 5156/1291/2 6742/1292/1
f 6742/1292/1 5156/1291/2 5167/1293/2 6744/1294/1
f 685/1231/3 2843/1241/3 2856/1295/3 2848/1278/3
f 2848/1278/3 2856/1295/3 2854/1284/3 688/1279/3
f 6744/1294/1 5167/1293/2 5168/1296/2 6746/1297/1
f 5149/1288/2 6737/1287/4 6747/1298/4 5269/1299/2
f 5269/1299/2 6747/1298/4 6749/1300/4 5270/1301/2
f 5270/1301/2 6749/1300/4 6751/517/4 5271/1302/2
f 156/468/3 2850/1281/3 2859/1303/3 2799/515/3
f 2799/515/3 2859/1303/3 2857/1304/3 674/411/3
f 2859/1303/3 2858/1305/3 690/1306/3 2857/1304/3
f 2850/1281/3 687/1283/3 2858/1305/3 2859/1303/3
f 674/411/3 2857/1304/3 2862/1307/3 2796/412/3
f 2796/412/3 2862/1307/3 2860/1308/3 157/506/3
f 2862/1307/3 2861/1309/3 689/1310/3 2860/1308/3
f 2857/1304/3 690/1306/3 2861/1309/3 2862/1307/3
f 690/1306/3 2864/1311/3 2865/1312/3 2861/1309/3
f 2861/1309/3 2865/1312/3 2863/1313/3 689/1310/3
f 5271/1302/2 6751/517/4 6753/516/4 5273/1314/2
f 6746/1297/1 5168/1296/2 5277/1315/2 6756/1316/1
f 6756/1316/1 5277/1315/2 5280/1317/2 6758/1318/1
f 6758/1318/1 5280/1317/2 5291/1319/2 6760/509/1
f 687/1283/3 2853/1286/3 2866/1320/3 2858/1305/3
f 2858/1305/3 2866/1320/3 2864/1311/3 690/1306/3
f 6760/509/1 5291/1319/2 5292/1321/2 6762/510/1
f 5273/1314/2 6753/516/4 6763/1322/4 5393/1323/2
f 5393/1323/2 6763/1322/4 6765/1324/4 5394/1325/2
f 5394/1325/2 6765/1324/4 6767/1326/4 5395/1327/2
f 158/432/3 2869/1328/3 2870/1329/3 2812/433/3
f 2812/433/3 2870/1329/3 2867/1330/3 678/1116/3
f 2870/1329/3 2868/1331/3 693/1332/3 2867/1330/3
f 2869/1328/3 691/1333/3 2868/1331/3 2870/1329/3
f 678/1116/3 2867/1330/3 2873/1334/3 2809/1115/3
f 2809/1115/3 2873/1334/3 2871/471/3 159/450/3
f 2873/1334/3 2872/1335/3 692/472/3 2871/471/3
f 2867/1330/3 693/1332/3 2872/1335/3 2873/1334/3
f 693/1332/3 2875/1336/3 2876/1337/3 2872/1335/3
f 2872/1335/3 2876/1337/3 2874/1338/3 692/472/3
f 5395/1327/2 6767/1326/4 6769/1339/4 5397/1340/2
f 6762/510/1 5292/1321/2 5401/1341/2 6772/1342/1
f 6772/1342/1 5401/1341/2 5404/1343/2 6774/1344/1
f 6774/1344/1 5404/1343/2 5415/1345/2 6776/1346/1
f 691/1333/3 2877/1347/3 2878/1348/3 2868/1331/3
f 2868/1331/3 2878/1348/3 2875/1336/3 693/1332/3
f 6776/1346/1 5415/1345/2 5416/1349/2 6778/1350/1
f 5397/1340/2 6769/1339/4 6779/1351/4 5517/1352/2
f 5517/1352/2 6779/1351/4 6781/1353/4 5518/1354/2
f 5518/1354/2 6781/1353/4 6783/1355/4 5519/1356/2
f 159/450/3 2871/471/3 2881/474/3 2825/451/3
f 2825/451/3 2881/474/3 2879/1357/3 681/446/3
f 2881/474/3 2880/473/3 695/478/3 2879/1357/3
f 681/446/3 2879/1357/3 2884/475/3 2822/447/3
f 2884/475/3 2883/481/3 694/1358/3 2882/476/3
f 2879/1357/3 695/478/3 2883/481/3 2884/475/3
f 2883/481/3 2887/480/3 2885/1359/3 694/1358/3
f 5519/1356/2 6783/1355/4 6785/1360/4 5521/1361/2
f 6778/1350/1 5416/1349/2 5525/483/2 6788/482/1
f 6790/485/1 5528/484/2 5539/1362/2 6792/1363/1
f 692/472/3 2874/1338/3 2888/1364/3 2880/473/3
f 2880/473/3 2888/1364/3 2886/479/3 695/478/3
f 6792/1363/1 5539/1362/2 5540/1365/2 6794/1366/1
f 5521/1361/2 6785/1360/4 6795/1367/4 5641/1368/2
f 5641/1368/2 6795/1367/4 6797/1369/4 5642/1370/2
f 5642/1370/2 6797/1369/4 6799/1371/4 5643/1372/2
f 160/477/3 2882/476/3 2891/1373/3 2835/1197/3
f 2835/1197/3 2891/1373/3 2889/1374/3 683/1191/3
f 2891/1373/3 2890/1375/3 696/1376/3 2889/1374/3
f 2882/476/3 694/1358/3 2890/1375/3 2891/1373/3
f 2436/1258/3 2435/1377/3 585/1257/3 2433/1250/3
f 2419/1226/3 129/1228/3 2435/1377/3 2436/1258/3
f 683/1191/3 2889/1374/3 2893/1378/3 2832/1192/3
f 5643/1372/2 6799/1371/4 6801/1379/4 5645/1380/2
f 6250/1381/35 5868/1061/35 7333/1060/34 7338/1382/34
f 7338/1382/34 7339/1383/34 6038/1384/35 6250/1381/35
f 6794/1366/1 5540/1365/2 5649/1385/2 6804/1386/1
f 6804/1386/1 5649/1385/2 5652/1387/2 6806/1388/1
f 7340/1389/34 7339/1390/34 6037/1391/55 6251/1392/55
f 6806/1388/1 5652/1387/2 5663/1393/2 6808/1394/1
f 6251/1392/55 5869/1395/55 7341/1396/34 7340/1389/34
f 2889/1374/3 696/1376/3 2892/1397/3 2893/1378/3
f 696/1376/3 2894/1398/3 2895/1399/3 2892/1397/3
f 6808/1394/1 5663/1393/2 5664/1400/2 6810/1401/1
f 5645/1380/2 6801/1379/4 6811/1402/4 5737/1403/2
f 5737/1403/2 6811/1402/4 6813/1404/4 5738/1405/2
f 5738/1405/2 6813/1404/4 6815/1406/4 5739/1407/2
f 5739/1407/2 6815/1406/4 6817/1408/4 5741/1409/2
f 6810/1401/1 5664/1400/2 5745/1410/2 6820/1411/56
f 5745/1410/2 5748/1412/2 6822/1413/57 6820/1411/56
f 694/1358/3 2885/1359/3 2896/1414/3 2890/1375/3
f 2890/1375/3 2896/1414/3 2894/1398/3 696/1376/3
f 5753/1415/2 5755/1416/2 6823/1417/58 6825/1418/59
f 5753/1415/2 6825/1418/59 6827/1419/60 5754/1420/2
f 5748/1412/2 5756/1421/2 6830/1422/61 6822/1413/57
f 5754/1420/2 6827/1419/60 6831/1423/62 5756/1421/2
f 150/252/3 2792/405/3 2899/1424/3 2717/270/3
f 2717/270/3 2899/1424/3 2897/1425/3 654/273/3
f 5756/1421/2 6831/1423/62 6834/1426/63 6830/1422/61
f 2792/405/3 673/498/3 2898/1427/3 2899/1424/3
f 657/283/3 2901/1428/3 2902/1429/3 2726/284/3
f 2726/284/3 2902/1429/3 2803/418/3 152/286/3
f 2902/1429/3 2900/1430/3 676/419/3 2803/418/3
f 5765/1431/2 5767/1432/2 6835/1433/58 6837/1434/58
f 689/1310/3 2863/1313/3 2905/1435/3 2903/1436/3
f 5766/1437/2 5765/1431/2 6837/1434/58 6839/1438/58
f 5768/1439/2 5766/1437/2 6839/1438/58 6841/1440/58
f 5755/1416/2 5768/1439/2 6841/1440/58 6823/1417/58
f 5779/1441/2 6843/1442/64 6845/1443/58 5777/1444/2
f 5778/1445/2 5777/1444/2 6845/1443/58 6847/1446/58
f 5780/1447/2 5778/1445/2 6847/1446/58 6849/1448/58
f 2906/1449/3 2908/1450/3 2877/1347/3 691/1333/3
f 5767/1432/2 5780/1447/2 6849/1448/58 6835/1433/58
f 5791/1451/2 5793/1452/2 6851/1453/58 6853/1454/58
f 5792/1455/2 5791/1451/2 6853/1454/58 6855/1456/58
f 5794/1457/2 5792/1455/2 6855/1456/58 6857/1458/58
f 654/273/3 2897/1425/3 2910/1459/3 2714/267/3
f 2714/267/3 2910/1459/3 2909/1460/3 151/268/3
f 5795/1461/2 5794/1457/2 6857/1458/58 6859/1462/65
f 5804/1463/2 5806/1464/2 6861/1465/58 6863/1466/58
f 5805/1467/2 5804/1463/2 6863/1466/58 6865/1468/58
f 5807/1469/2 5805/1467/2 6865/1468/58 6867/1470/58
f 673/498/3 2795/505/3 2912/1471/3 2898/1427/3
f 5793/1452/2 5807/1469/2 6867/1470/58 6851/1453/58
f 5741/1409/2 6817/1408/4 6869/1472/66 5812/1473/2
f 5812/1473/2 6869/1472/66 6871/1474/67 5813/1475/2
f 5813/1475/2 6871/1474/67 6873/1476/68 5814/1477/2
f 2795/505/3 157/506/3 2911/1478/3 2912/1471/3
f 657/283/3 2729/289/3 2913/1479/3 2901/1428/3
f 5814/1477/2 6873/1476/68 6876/1480/69 6877/1481/70
f 5815/1482/2 5814/1477/2 6877/1481/70 6879/1483/71
f 5816/1484/2 5815/1482/2 6879/1483/71 6881/1485/72
f 5806/1464/2 5816/1484/2 6881/1485/72 6861/1465/58
f 2729/289/3 151/268/3 2909/1460/3 2913/1479/3
f 676/419/3 2900/1430/3 2915/1486/3 2813/431/3
f 2813/431/3 2915/1486/3 2914/1487/3 158/432/3
f 6883/1488/73 5819/1489/2 5817/1490/2 5818/1491/2
f 6885/1492/74 5821/1493/2 5820/1494/2 5822/1495/2
f 6887/1496/75 5825/491/2 5824/1497/2 5823/1498/2
f 5824/1497/2 5825/491/2 6890/490/7 6891/1499/76
f 689/1310/3 2903/1436/3 2916/1500/3 2860/1308/3
f 2860/1308/3 2916/1500/3 2911/1478/3 157/506/3
f 5824/1497/2 6891/1499/76 6843/1442/64 5779/1441/2
f 6893/1501/77 5826/1502/2 5827/1503/2 5828/1504/2
f 5827/1503/2 5795/1461/2 6859/1462/65 6895/1505/78
f 5827/1503/2 6895/1505/78 6897/1506/79 5828/1504/2
f 5829/1507/2 5830/1508/2 6900/1509/80 6901/1510/81
f 5818/1491/2 5829/1507/2 6901/1510/81 6883/1488/73
f 5819/1489/2 6883/1488/73 6903/1511/82 5831/1512/2
f 5831/1512/2 6903/1511/82 6905/488/5 5832/487/2
f 5821/1493/2 6885/1492/74 6907/1513/83 5833/1514/2
f 5833/1514/2 6907/1513/83 6900/1509/80 5830/1508/2
f 5834/1515/2 5835/1516/2 6910/1517/84 6911/1518/85
f 5822/1495/2 5834/1515/2 6911/1518/85 6885/1492/74
f 691/1333/3 2869/1328/3 2919/1519/3 2906/1449/3
f 5823/1498/2 5836/486/2 6913/489/6 6887/1496/75
f 5825/491/2 6887/1496/75 6917/1520/86 5837/492/2
f 2869/1328/3 158/432/3 2914/1487/3 2919/1519/3
f 5837/492/2 6917/1520/86 6919/1521/87 5838/1522/2
f 6916/493/8 5837/492/2 5838/1522/2 6922/1523/58
f 5826/1502/2 6893/1501/77 6923/1524/88 5839/1525/2
f 5839/1525/2 6923/1524/88 6910/1517/84 5835/1516/2
f 6897/1506/79 6925/1526/89 5840/1527/2 5828/1504/2
f 6925/1526/89 6922/1523/58 5838/1522/2 5840/1527/2
f 5840/1527/2 5838/1522/2 6919/1521/87 6927/1528/90
f 5828/1504/2 5840/1527/2 6927/1528/90 6893/1501/77
f 6928/1529/91 6894/1530/92 6929/1531/93 6930/1532/94
f 6930/1533/94 6929/1534/93 6893/1501/77 6927/1528/90
f 6927/1528/90 6919/1521/87 6931/1535/95 6930/1533/94
f 6930/1532/94 6931/1536/95 6920/1537/96 6928/1529/91
f 6926/1538/97 6921/1539/10 6932/1540/98 6933/1541/99
f 6253/1542/53 5927/1543/53 7337/1544/52 7342/1545/52
f 6933/1546/99 6932/1547/98 6922/1523/58 6925/1526/89
f 6925/1526/89 6897/1506/79 6934/1548/100 6933/1546/99
f 6933/1541/99 6934/1549/100 6898/1550/97 6926/1538/97
f 7342/1545/52 7343/1551/52 6039/1552/53 6253/1542/53
f 6924/1553/101 6909/1554/102 6935/1555/103 6936/1556/104
f 6936/1557/104 6935/1558/103 6910/1517/84 6923/1524/88
f 6255/1559/53 6039/1552/53 7343/1551/52 7344/1560/52
f 6923/1524/88 6893/1501/77 6929/1534/93 6936/1557/104
f 7344/1560/52 7345/1561/52 5925/1562/53 6255/1559/53
f 6936/1556/104 6929/1563/93 6894/1564/92 6924/1553/101
f 6921/1539/10 6915/1565/97 6937/1566/105 6932/1540/98
f 6932/1547/98 6937/1567/105 6916/493/8 6922/1523/58
f 6919/1521/87 6917/1520/86 6938/1568/106 6931/1535/95
f 6931/1536/95 6938/1569/106 6918/1570/107 6920/1537/96
f 6917/1520/86 6887/1496/75 6939/1571/108 6938/1568/106
f 6938/1569/106 6939/1572/108 6888/1573/109 6918/1570/107
f 6915/1565/97 6889/1574/97 6940/1575/100 6937/1566/105
f 6937/1567/105 6940/1576/100 6890/490/7 6916/493/8
f 6914/1577/110 6888/1578/109 6939/1579/108 6941/1580/111
f 6941/1581/111 6939/1571/108 6887/1496/75 6913/489/6
f 6913/489/6 6905/488/5 6942/1582/112 6941/1581/111
f 6941/1580/111 6942/1583/112 6906/1584/113 6914/1577/110
f 6912/1585/114 6886/1586/115 6943/1587/116 6944/1588/117
f 6944/1589/117 6943/1590/116 6885/1492/74 6911/1518/85
f 6911/1518/85 6910/1517/84 6935/1558/103 6944/1589/117
f 6944/1588/117 6935/1555/103 6909/1554/102 6912/1585/114
f 6908/1591/118 6899/1592/119 6945/1593/120 6946/1594/121
f 6946/1595/121 6945/1596/120 6900/1509/80 6907/1513/83
f 6907/1513/83 6885/1492/74 6943/1590/116 6946/1595/121
f 6946/1594/121 6943/1597/116 6886/1598/115 6908/1591/118
f 6905/488/5 6903/1511/82 6947/1599/122 6942/1582/112
f 6942/1583/112 6947/1600/122 6904/1601/123 6906/1584/113
f 6903/1511/82 6883/1488/73 6948/1602/124 6947/1599/122
f 6947/1600/122 6948/1603/124 6884/1604/125 6904/1601/123
f 6902/1605/126 6884/1606/125 6948/1607/124 6949/1608/127
f 6949/1609/127 6948/1602/124 6883/1488/73 6901/1510/81
f 6901/1510/81 6900/1509/80 6945/1596/120 6949/1609/127
f 6949/1608/127 6945/1593/120 6899/1592/119 6902/1605/126
f 6897/1506/79 6895/1505/78 6950/1610/128 6934/1548/100
f 6934/1549/100 6950/1611/128 6896/1612/97 6898/1550/97
f 6895/1505/78 6859/1462/65 6951/1613/129 6950/1610/128
f 6950/1611/128 6951/1614/129 6860/1615/10 6896/1612/97
f 6892/1616/97 6844/1617/10 6952/1618/130 6953/1619/131
f 6953/1620/131 6952/1621/130 6843/1442/64 6891/1499/76
f 6891/1499/76 6890/490/7 6940/1576/100 6953/1620/131
f 6953/1619/131 6940/1575/100 6889/1574/97 6892/1616/97
f 6882/1622/132 6862/1623/10 6954/1624/9 6955/1625/133
f 6955/1626/133 6954/1627/9 6861/1465/58 6881/1485/72
f 6881/1485/72 6879/1483/71 6956/1628/134 6955/1626/133
f 6955/1625/133 6956/1629/134 6880/1630/135 6882/1622/132
f 6879/1483/71 6877/1481/70 6957/1631/136 6956/1628/134
f 6956/1629/134 6957/1632/136 6878/1633/137 6880/1630/135
f 6876/1480/69 6873/1476/68 6958/1634/138 6959/1635/139
f 6959/1636/139 6958/1637/138 6874/1638/140 6875/1639/141
f 6877/1481/70 6876/1480/69 6959/1635/139 6957/1631/136
f 6957/1632/136 6959/1640/139 6875/1641/141 6878/1633/137
f 6873/1476/68 6871/1474/67 6960/1642/142 6958/1634/138
f 6958/1637/138 6960/1643/142 6872/1644/143 6874/1638/140
f 6871/1474/67 6869/1472/66 6961/1645/144 6960/1642/142
f 6960/1643/142 6961/1646/144 6870/1647/145 6872/1644/143
f 6869/1472/66 6817/1408/4 6962/1648/11 6961/1645/144
f 6961/1646/144 6962/1649/11 6818/1650/12 6870/1647/145
f 6868/1651/10 6852/500/10 6963/499/9 6964/1652/9
f 6964/1653/9 6963/1654/9 6851/1453/58 6867/1470/58
f 6867/1470/58 6865/1468/58 6965/1655/9 6964/1653/9
f 6964/1652/9 6965/1656/9 6866/1657/10 6868/1651/10
f 6865/1468/58 6863/1466/58 6966/1658/9 6965/1655/9
f 6965/1656/9 6966/1659/9 6864/1660/10 6866/1657/10
f 6863/1466/58 6861/1465/58 6954/1627/9 6966/1658/9
f 6966/1659/9 6954/1624/9 6862/1623/10 6864/1660/10
f 6859/1462/65 6857/1458/58 6967/1661/9 6951/1613/129
f 6951/1614/129 6967/1662/9 6858/1663/10 6860/1615/10
f 6857/1458/58 6855/1456/58 6968/1664/9 6967/1661/9
f 6967/1662/9 6968/494/9 6856/497/10 6858/1663/10
f 6855/1456/58 6853/1454/58 6969/1665/9 6968/1664/9
f 6853/1454/58 6851/1453/58 6963/1654/9 6969/1665/9
f 6850/1666/10 6836/1667/10 6970/1668/9 6971/1669/9
f 6971/1670/9 6970/1671/9 6835/1433/58 6849/1448/58
f 6849/1448/58 6847/1446/58 6972/1672/9 6971/1670/9
f 6971/1669/9 6972/1673/9 6848/1674/10 6850/1666/10
f 6847/1446/58 6845/1443/58 6973/1675/9 6972/1672/9
f 6972/1673/9 6973/1676/9 6846/1677/10 6848/1674/10
f 6845/1443/58 6843/1442/64 6952/1621/130 6973/1675/9
f 6973/1676/9 6952/1618/130 6844/1617/10 6846/1677/10
f 6842/1678/10 6824/1679/10 6974/1680/9 6975/1681/9
f 6975/1682/9 6974/1683/9 6823/1417/58 6841/1440/58
f 6841/1440/58 6839/1438/58 6976/1684/9 6975/1682/9
f 6975/1681/9 6976/1685/9 6840/1686/10 6842/1678/10
f 6839/1438/58 6837/1434/58 6977/1687/9 6976/1684/9
f 6976/1685/9 6977/1688/9 6838/1689/10 6840/1686/10
f 6837/1434/58 6835/1433/58 6970/1671/9 6977/1687/9
f 6977/1688/9 6970/1668/9 6836/1667/10 6838/1689/10
f 6834/1426/63 6831/1423/62 6978/1690/146 6979/1691/147
f 6979/1692/147 6978/1693/146 6832/1694/148 6833/1695/149
f 6833/1696/149 6829/1697/150 6980/1698/151 6979/1699/147
f 6979/1691/147 6980/1700/151 6830/1422/61 6834/1426/63
f 6258/1701/35 5870/1702/35 7341/1703/34 7346/1704/34
f 6831/1423/62 6827/1419/60 6981/1705/152 6978/1690/146
f 7346/1704/34 7347/1706/34 6042/1707/35 6258/1701/35
f 6978/1693/146 6981/1708/152 6828/1709/153 6832/1694/148
f 6829/1697/150 6821/1710/154 6982/1711/155 6980/1698/151
f 6980/1700/151 6982/1712/155 6822/1413/57 6830/1422/61
f 6827/1419/60 6825/1418/59 6983/1713/156 6981/1705/152
f 6981/1708/152 6983/1714/156 6826/1715/157 6828/1709/153
f 6825/1418/59 6823/1417/58 6974/1683/9 6983/1713/156
f 6983/1714/156 6974/1680/9 6824/1679/10 6826/1715/157
f 6821/1710/154 6819/1716/158 6984/1717/159 6982/1711/155
f 6982/1712/155 6984/1718/159 6820/1411/56 6822/1413/57
f 6819/1716/158 6809/1719/14 6985/1720/13 6984/1717/159
f 6984/1718/159 6985/1721/13 6810/1401/1 6820/1411/56
f 6817/1408/4 6815/1406/4 6986/1722/11 6962/1648/11
f 6962/1649/11 6986/1723/11 6816/1724/12 6818/1650/12
f 6815/1406/4 6813/1404/4 6987/1725/11 6986/1722/11
f 6986/1723/11 6987/1726/11 6814/1727/12 6816/1724/12
f 6813/1404/4 6811/1402/4 6988/1728/11 6987/1725/11
f 6987/1726/11 6988/1729/11 6812/1730/12 6814/1727/12
f 6811/1402/4 6801/1379/4 6989/1731/11 6988/1728/11
f 6988/1729/11 6989/1732/11 6802/1733/12 6812/1730/12
f 6809/1719/14 6807/1734/14 6990/1735/13 6985/1720/13
f 6985/1721/13 6990/1736/13 6808/1394/1 6810/1401/1
f 6807/1734/14 6805/1737/14 6991/1738/13 6990/1735/13
f 6990/1736/13 6991/1739/13 6806/1388/1 6808/1394/1
f 6805/1737/14 6803/1740/14 6992/1741/13 6991/1738/13
f 6991/1739/13 6992/1742/13 6804/1386/1 6806/1388/1
f 6803/1740/14 6793/1743/14 6993/1744/13 6992/1741/13
f 6992/1742/13 6993/1745/13 6794/1366/1 6804/1386/1
f 6801/1379/4 6799/1371/4 6994/1746/11 6989/1731/11
f 6989/1732/11 6994/1747/11 6800/1748/12 6802/1733/12
f 6799/1371/4 6797/1369/4 6995/1749/11 6994/1746/11
f 6994/1747/11 6995/1750/11 6798/1751/12 6800/1748/12
f 6797/1369/4 6795/1367/4 6996/1752/11 6995/1749/11
f 6995/1750/11 6996/1753/11 6796/1754/12 6798/1751/12
f 6795/1367/4 6785/1360/4 6997/1755/11 6996/1752/11
f 6996/1753/11 6997/1756/11 6786/1757/12 6796/1754/12
f 6793/1743/14 6791/1758/14 6998/1759/13 6993/1744/13
f 6993/1745/13 6998/1760/13 6792/1363/1 6794/1366/1
f 6791/1758/14 6789/1761/14 6999/1762/13 6998/1759/13
f 6998/1760/13 6999/1763/13 6790/485/1 6792/1363/1
f 6789/1761/14 6787/1764/14 7000/1765/13 6999/1762/13
f 6999/1763/13 7000/1766/13 6788/482/1 6790/485/1
f 6787/1764/14 6777/1767/14 7001/1768/13 7000/1765/13
f 7000/1766/13 7001/1769/13 6778/1350/1 6788/482/1
f 6785/1360/4 6783/1355/4 7002/1770/11 6997/1755/11
f 6997/1756/11 7002/1771/11 6784/1772/12 6786/1757/12
f 6783/1355/4 6781/1353/4 7003/1773/11 7002/1770/11
f 7002/1771/11 7003/1774/11 6782/1775/12 6784/1772/12
f 6781/1353/4 6779/1351/4 7004/1776/11 7003/1773/11
f 7003/1774/11 7004/1777/11 6780/1778/12 6782/1775/12
f 6779/1351/4 6769/1339/4 7005/1779/11 7004/1776/11
f 7004/1777/11 7005/1780/11 6770/1781/12 6780/1778/12
f 6777/1767/14 6775/1782/14 7006/1783/13 7001/1768/13
f 7001/1769/13 7006/1784/13 6776/1346/1 6778/1350/1
f 6775/1782/14 6773/1785/14 7007/1786/13 7006/1783/13
f 7006/1784/13 7007/1787/13 6774/1344/1 6776/1346/1
f 6773/1785/14 6771/1788/14 7008/1789/13 7007/1786/13
f 7007/1787/13 7008/1790/13 6772/1342/1 6774/1344/1
f 6771/1788/14 6761/1791/14 7009/1792/13 7008/1789/13
f 7008/1790/13 7009/507/13 6762/510/1 6772/1342/1
f 6769/1339/4 6767/1326/4 7010/1793/11 7005/1779/11
f 7005/1780/11 7010/1794/11 6768/1795/12 6770/1781/12
f 6767/1326/4 6765/1324/4 7011/1796/11 7010/1793/11
f 7010/1794/11 7011/1797/11 6766/1798/12 6768/1795/12
f 6765/1324/4 6763/1322/4 7012/1799/11 7011/1796/11
f 7011/1797/11 7012/501/11 6764/504/12 6766/1798/12
f 6763/1322/4 6753/516/4 7013/519/11 7012/1799/11
f 6761/1791/14 6759/1800/14 7014/1801/13 7009/1792/13
f 6759/1800/14 6757/511/14 7015/514/13 7014/1801/13
f 7014/508/13 7015/1802/13 6758/1318/1 6760/509/1
f 7015/1802/13 7016/1803/13 6756/1316/1 6758/1318/1
f 6755/512/14 6745/1804/14 7017/1805/13 7016/513/13
f 7016/1803/13 7017/1806/13 6746/1297/1 6756/1316/1
f 7013/502/11 7018/1807/11 6752/1808/12 6754/503/12
f 6751/517/4 6749/1300/4 7019/1809/11 7018/518/11
f 7018/1807/11 7019/1810/11 6750/1811/12 6752/1808/12
f 6749/1300/4 6747/1298/4 7020/1812/11 7019/1809/11
f 7019/1810/11 7020/1813/11 6748/1814/12 6750/1811/12
f 6747/1298/4 6737/1287/4 7021/1815/11 7020/1812/11
f 7020/1813/11 7021/1816/11 6738/1817/12 6748/1814/12
f 6745/1804/14 6743/1818/14 7022/1819/13 7017/1805/13
f 7017/1806/13 7022/1820/13 6744/1294/1 6746/1297/1
f 6743/1818/14 6741/1821/14 7023/1822/13 7022/1819/13
f 7022/1820/13 7023/1823/13 6742/1292/1 6744/1294/1
f 6741/1821/14 6739/1824/14 7024/1825/13 7023/1822/13
f 7023/1823/13 7024/1826/13 6740/1290/1 6742/1292/1
f 6739/1824/14 6729/1827/14 7025/1828/13 7024/1825/13
f 7024/1826/13 7025/1829/13 6730/1269/1 6740/1290/1
f 6260/1830/35 6042/1707/35 7347/1706/34 7348/1831/34
f 6737/1287/4 6735/1274/4 7026/1832/11 7021/1815/11
f 7348/1831/34 7349/1833/34 5872/1834/35 6260/1830/35
f 7021/1816/11 7026/1835/11 6736/1836/12 6738/1817/12
f 6735/1274/4 6733/1272/4 7027/1837/11 7026/1832/11
f 7026/1835/11 7027/1838/11 6734/1839/12 6736/1836/12
f 6733/1272/4 6731/1270/4 7028/1840/11 7027/1837/11
f 7027/1838/11 7028/1841/11 6732/1842/12 6734/1839/12
f 6731/1270/4 6721/1259/4 7029/1843/11 7028/1840/11
f 7028/1841/11 7029/1844/11 6722/1845/12 6732/1842/12
f 6729/1827/14 6727/1846/14 7030/1847/13 7025/1828/13
f 7025/1829/13 7030/1848/13 6728/1267/1 6730/1269/1
f 6727/1846/14 6725/1849/14 7031/1850/13 7030/1847/13
f 7030/1848/13 7031/1851/13 6726/1264/1 6728/1267/1
f 6725/1849/14 6723/1852/14 7032/1853/13 7031/1850/13
f 7031/1851/13 7032/1854/13 6724/1262/1 6726/1264/1
f 6723/1852/14 6713/1855/14 7033/1856/13 7032/1853/13
f 7032/1854/13 7033/1857/13 6714/1222/1 6724/1262/1
f 6721/1259/4 6719/1253/4 7034/1858/11 7029/1843/11
f 7029/1844/11 7034/1859/11 6720/1860/12 6722/1845/12
f 6719/1253/4 6717/1248/4 7035/1861/11 7034/1858/11
f 7034/1859/11 7035/1862/11 6718/1863/12 6720/1860/12
f 6717/1248/4 6715/1242/4 7036/1864/11 7035/1861/11
f 7035/1862/11 7036/1865/11 6716/1866/12 6718/1863/12
f 6715/1242/4 6705/1189/4 7037/1867/11 7036/1864/11
f 7036/1865/11 7037/1868/11 6706/1869/12 6716/1866/12
f 6713/1855/14 6711/1870/14 7038/1871/13 7033/1856/13
f 7033/1857/13 7038/1872/13 6712/1216/1 6714/1222/1
f 6711/1870/14 6709/1873/14 7039/1874/13 7038/1871/13
f 7038/1872/13 7039/1875/13 6710/1206/1 6712/1216/1
f 6709/1873/14 6707/1876/14 7040/1877/13 7039/1874/13
f 7039/1875/13 7040/1878/13 6708/1201/1 6710/1206/1
f 6707/1876/14 6697/1879/14 7041/1880/13 7040/1877/13
f 7040/1878/13 7041/1881/13 6698/1172/1 6708/1201/1
f 6705/1189/4 6703/1181/4 7042/1882/11 7037/1867/11
f 7037/1868/11 7042/1883/11 6704/1884/12 6706/1869/12
f 6703/1181/4 6701/466/4 7043/1885/11 7042/1882/11
f 7042/1883/11 7043/1886/11 6702/1887/12 6704/1884/12
f 6701/466/4 6699/465/4 7044/1888/11 7043/1885/11
f 7043/1886/11 7044/1889/11 6700/1890/12 6702/1887/12
f 6699/465/4 6689/380/4 7045/1891/11 7044/1888/11
f 7044/1889/11 7045/1892/11 6690/1893/12 6700/1890/12
f 6697/1879/14 6695/1894/14 7046/1895/13 7041/1880/13
f 7041/1881/13 7046/1896/13 6696/460/1 6698/1172/1
f 6695/1894/14 6693/1897/14 7047/1898/13 7046/1895/13
f 7046/1896/13 7047/1899/13 6694/457/1 6696/460/1
f 6693/1897/14 6691/1900/14 7048/1901/13 7047/1898/13
f 7047/1899/13 7048/1902/13 6692/456/1 6694/457/1
f 6691/1900/14 6681/1903/14 7049/1904/13 7048/1901/13
f 7048/1902/13 7049/1905/13 6682/361/1 6692/456/1
f 6689/380/4 6687/379/4 7050/1906/11 7045/1891/11
f 7045/1892/11 7050/1907/11 6688/1908/12 6690/1893/12
f 6687/379/4 6685/434/4 7051/1909/11 7050/1906/11
f 7050/1907/11 7051/1910/11 6686/1911/12 6688/1908/12
f 6685/434/4 6683/427/4 7052/1912/11 7051/1909/11
f 7051/1910/11 7052/1913/11 6684/1914/12 6686/1911/12
f 6683/427/4 6673/347/4 7053/1915/11 7052/1912/11
f 7052/1913/11 7053/1916/11 6674/1917/12 6684/1914/12
f 6681/1903/14 6679/1918/14 7054/1919/13 7049/1904/13
f 7049/1905/13 7054/1920/13 6680/358/1 6682/361/1
f 6679/1918/14 6677/1921/14 7055/1922/13 7054/1919/13
f 7054/1920/13 7055/1923/13 6678/357/1 6680/358/1
f 6677/1921/14 6675/1924/14 7056/1925/13 7055/1922/13
f 7055/1923/13 7056/1926/13 6676/355/1 6678/357/1
f 6675/1924/14 6665/1927/14 7057/1928/13 7056/1925/13
f 7056/1926/13 7057/1929/13 6666/339/1 6676/355/1
f 6673/347/4 6671/346/4 7058/1930/11 7053/1915/11
f 7053/1916/11 7058/1931/11 6672/1932/12 6674/1917/12
f 6671/346/4 6669/343/4 7059/1933/11 7058/1930/11
f 7058/1931/11 7059/1934/11 6670/1935/12 6672/1932/12
f 6669/343/4 6667/342/4 7060/1936/11 7059/1933/11
f 7059/1934/11 7060/1937/11 6668/1938/12 6670/1935/12
f 6667/342/4 6657/227/4 7061/524/11 7060/1936/11
f 7060/1937/11 7061/525/11 6658/528/12 6668/1938/12
f 6665/1927/14 6663/1939/14 7062/1940/13 7057/1928/13
f 7057/1929/13 7062/520/13 6664/336/1 6666/339/1
f 6663/1939/14 6661/1941/14 7063/1942/13 7062/1940/13
f 6661/1941/14 6659/1943/14 7064/1944/13 7063/1942/13
f 6659/1943/14 6649/1945/14 7065/1946/13 7064/1944/13
f 7064/522/13 7065/1947/13 6650/366/1 6660/331/1
f 6655/221/4 6653/219/4 7067/1948/11 7066/523/11
f 7066/526/11 7067/1949/11 6654/1950/12 6656/527/12
f 6651/215/4 6641/194/4 7069/1951/11 7068/1952/11
f 7068/1953/11 7069/1954/11 6642/1955/12 6652/1956/12
f 6649/1945/14 6647/1957/14 7070/1958/13 7065/1946/13
f 7065/1947/13 7070/1959/13 6648/1960/1 6650/366/1
f 6647/1957/14 6645/1961/14 7071/1962/13 7070/1958/13
f 7070/1959/13 7071/1963/13 6646/1964/1 6648/1960/1
f 6645/1961/14 6643/1965/14 7072/1966/13 7071/1962/13
f 7071/1963/13 7072/1967/13 6644/1968/1 6646/1964/1
f 6643/1965/14 6633/1969/14 7073/1970/13 7072/1966/13
f 7072/1967/13 7073/1971/13 6634/1972/1 6644/1968/1
f 6641/194/4 6639/193/4 7074/1973/11 7069/1951/11
f 6261/1974/53 5925/1562/53 7345/1561/52 7350/1975/52
f 7069/1954/11 7074/1976/11 6640/1977/12 6642/1955/12
f 6639/193/4 6637/1978/4 7075/1979/11 7074/1973/11
f 7074/1976/11 7075/1980/11 6638/1981/12 6640/1977/12
f 7350/1975/52 7351/1982/52 6043/1983/53 6261/1974/53
f 6637/1978/4 6635/190/4 7076/1984/11 7075/1979/11
f 7075/1980/11 7076/1985/11 6636/1986/12 6638/1981/12
f 6263/1987/53 6043/1983/53 7351/1982/52 7352/1988/52
f 6635/190/4 6625/189/4 7077/1989/11 7076/1984/11
f 7352/1988/52 7353/1990/52 5923/1991/53 6263/1987/53
f 7076/1985/11 7077/1992/11 6626/1993/12 6636/1986/12
f 6633/1969/14 6631/1994/14 7078/1995/13 7073/1970/13
f 7073/1971/13 7078/1996/13 6632/183/1 6634/1972/1
f 6631/1994/14 6629/1997/14 7079/1998/13 7078/1995/13
f 7078/1996/13 7079/1999/13 6630/180/1 6632/183/1
f 6629/1997/14 6627/2000/14 7080/2001/13 7079/1998/13
f 7079/1999/13 7080/2002/13 6628/2003/1 6630/180/1
f 6627/2000/14 6617/2004/14 7081/2005/13 7080/2001/13
f 7080/2002/13 7081/2006/13 6618/2007/1 6628/2003/1
f 6625/189/4 6623/2008/4 7082/2009/11 7077/1989/11
f 7077/1992/11 7082/2010/11 6624/2011/12 6626/1993/12
f 6623/2008/4 6621/2012/4 7083/2013/11 7082/2009/11
f 7082/2010/11 7083/2014/11 6622/2015/12 6624/2011/12
f 6621/2012/4 6619/2016/4 7084/2017/11 7083/2013/11
f 7083/2014/11 7084/2018/11 6620/2019/12 6622/2015/12
f 6619/2016/4 6609/2020/4 7085/2021/11 7084/2017/11
f 7084/2018/11 7085/2022/11 6610/2023/12 6620/2019/12
f 6617/2004/14 6615/2024/14 7086/2025/13 7081/2005/13
f 7081/2006/13 7086/2026/13 6616/2027/1 6618/2007/1
f 6615/2024/14 6613/2028/14 7087/2029/13 7086/2025/13
f 7086/2026/13 7087/2030/13 6614/2031/1 6616/2027/1
f 6613/2028/14 6611/2032/14 7088/2033/13 7087/2029/13
f 7087/2030/13 7088/2034/13 6612/2035/1 6614/2031/1
f 6611/2032/14 6601/2036/14 7089/2037/13 7088/2033/13
f 7088/2034/13 7089/2038/13 6602/2039/1 6612/2035/1
f 6609/2020/4 6607/2040/4 7090/2041/11 7085/2021/11
f 7085/2022/11 7090/2042/11 6608/2043/12 6610/2023/12
f 6607/2040/4 6605/2044/4 7091/2045/11 7090/2041/11
f 7090/2042/11 7091/2046/11 6606/2047/12 6608/2043/12
f 6605/2044/4 6603/2048/4 7092/2049/11 7091/2045/11
f 7091/2046/11 7092/2050/11 6604/2051/12 6606/2047/12
f 6603/2048/4 6593/2052/4 7093/2053/11 7092/2049/11
f 7092/2050/11 7093/2054/11 6594/2055/12 6604/2051/12
f 6601/2036/14 6599/2056/14 7094/2057/13 7089/2037/13
f 7089/2038/13 7094/2058/13 6600/2059/1 6602/2039/1
f 6599/2056/14 6597/2060/14 7095/2061/13 7094/2057/13
f 7094/2058/13 7095/2062/13 6598/2063/1 6600/2059/1
f 6597/2060/14 6595/2064/14 7096/2065/13 7095/2061/13
f 7095/2062/13 7096/2066/13 6596/2067/1 6598/2063/1
f 6595/2064/14 6585/2068/14 7097/2069/13 7096/2065/13
f 7096/2066/13 7097/2070/13 6586/2071/1 6596/2067/1
f 6593/2052/4 6591/2072/4 7098/2073/11 7093/2053/11
f 7093/2054/11 7098/2074/11 6592/2075/12 6594/2055/12
f 6591/2072/4 6589/2076/4 7099/2077/11 7098/2073/11
f 7098/2074/11 7099/2078/11 6590/2079/12 6592/2075/12
f 6589/2076/4 6587/2080/4 7100/2081/11 7099/2077/11
f 7099/2078/11 7100/2082/11 6588/2083/12 6590/2079/12
f 6587/2080/4 6577/2084/4 7101/2085/11 7100/2081/11
f 7100/2082/11 7101/2086/11 6578/2087/12 6588/2083/12
f 6585/2068/14 6583/2088/14 7102/2089/13 7097/2069/13
f 7097/2070/13 7102/2090/13 6584/2091/1 6586/2071/1
f 6583/2088/14 6581/2092/14 7103/2093/13 7102/2089/13
f 7102/2090/13 7103/2094/13 6582/2095/1 6584/2091/1
f 6581/2092/14 6579/2096/14 7104/2097/13 7103/2093/13
f 7103/2094/13 7104/2098/13 6580/2099/1 6582/2095/1
f 6579/2096/14 6569/2100/14 7105/2101/13 7104/2097/13
f 7104/2098/13 7105/2102/13 6570/2103/1 6580/2099/1
f 6577/2084/4 6575/2104/4 7106/2105/11 7101/2085/11
f 7101/2086/11 7106/2106/11 6576/2107/12 6578/2087/12
f 6575/2104/4 6573/2108/4 7107/2109/11 7106/2105/11
f 7106/2106/11 7107/2110/11 6574/2111/12 6576/2107/12
f 6573/2108/4 6571/2112/4 7108/2113/11 7107/2109/11
f 7107/2110/11 7108/2114/11 6572/2115/12 6574/2111/12
f 6571/2112/4 6561/1193/4 7109/2116/11 7108/2113/11
f 7108/2114/11 7109/2117/11 6562/2118/12 6572/2115/12
f 6569/2100/14 6567/2119/14 7110/2120/13 7105/2101/13
f 7105/2102/13 7110/2121/13 6568/2122/1 6570/2103/1
f 6567/2119/14 6565/2123/14 7111/2124/13 7110/2120/13
f 7110/2121/13 7111/2125/13 6566/2126/1 6568/2122/1
f 6565/2123/14 6563/2127/14 7112/2128/13 7111/2124/13
f 7111/2125/13 7112/2129/13 6564/2130/1 6566/2126/1
f 6563/2127/14 6553/2131/14 7113/2132/13 7112/2128/13
f 7114/2133/11 7115/2134/11 6558/2135/12 6560/2136/12
f 6555/1179/4 6545/1149/4 7117/2137/11 7116/2138/11
f 6549/2139/14 6547/2140/14 7120/2141/13 7119/2142/13
f 7119/2143/13 7120/2144/13 6548/1154/1 6550/1156/1
f 6543/1147/4 6541/1145/4 7123/2145/11 7122/2146/11
f 7122/2147/11 7123/2148/11 6542/2149/12 6544/2150/12
f 6537/2151/14 6535/2152/14 7126/2153/13 7121/2154/13
f 7121/2155/13 7126/2156/13 6536/1137/1 6538/1139/1
f 6531/2157/14 6521/2158/14 7129/2159/13 7128/2160/13
f 7128/2161/13 7129/2162/13 6522/796/1 6532/1133/1
f 6525/843/4 6523/841/4 7132/2163/11 7131/2164/11
f 7131/2165/11 7132/2166/11 6524/2167/12 6526/2168/12
f 6519/2169/14 6517/2170/14 7135/2171/13 7134/2172/13
f 7134/2173/13 7135/2174/13 6518/778/1 6520/794/1
f 6513/747/4 6511/739/4 7138/2175/11 7133/2176/11
f 7133/2177/11 7138/2178/11 6512/2179/12 6514/2180/12
f 6507/731/4 6497/543/4 7141/2181/11 7140/2182/11
f 7140/2183/11 7141/2184/11 6498/2185/12 6508/2186/12
f 6266/2187/35 5872/1834/35 7349/1833/34 7354/2188/34
f 6501/2189/14 6499/2190/14 7144/2191/13 7143/2192/13
f 7143/2193/13 7144/2194/13 6500/705/1 6502/711/1
f 6495/539/4 6493/529/4 7147/2195/11 7146/2196/11
f 7354/2188/34 7355/2197/34 6046/2198/35 6266/2187/35
f 7146/2199/11 7147/2200/11 6494/2201/12 6496/2202/12
f 6489/2203/14 6487/2204/14 7150/2205/13 7145/2206/13
f 6268/2207/35 6046/2198/35 7355/2197/34 7356/2208/34
f 7145/2209/13 7150/2210/13 6488/14/1 6490/16/1
f 7356/2208/34 7357/2211/34 5874/2212/35 6268/2207/35
f 6483/2213/14 6473/2214/14 7153/2215/13 7152/2216/13
f 6269/2217/53 5923/1991/53 7353/1990/52 7358/2218/52
f 7152/2219/13 7153/2220/13 6474/5/1 6484/1/1
f 6477/2221/4 6475/2222/4 7156/2223/11 7155/2224/11
f 7155/2225/11 7156/2226/11 6476/2227/12 6478/2228/12
f 7358/2218/52 7359/2229/52 6047/2230/53 6269/2217/53
f 6471/2231/14 6469/2232/14 7159/2233/13 7158/2234/13
f 6271/2235/53 6047/2230/53 7359/2229/52 7360/2236/52
f 7158/2237/13 7159/2238/13 6470/2239/1 6472/2240/1
f 6465/2241/4 6463/2242/160 7162/2243/161 7157/2244/11
f 7157/2245/11 7162/2246/161 6464/2247/162 6466/2248/12
f 7360/2236/52 7361/2249/52 5921/2250/53 6271/2235/53
f 6458/2251/163 6455/2252/164 7165/2253/165 7166/2254/166
f 6274/2255/35 5874/2212/35 7357/2211/34 7362/2256/34
f 7166/2257/166 7165/2258/165 6456/2259/167 6457/2260/168
f 6453/2261/169 6451/2262/170 7168/2263/171 7167/2264/172
f 7167/2265/172 7168/2266/171 6452/2267/173 6454/2268/174
f 7362/2256/34 7363/2269/34 6050/2270/35 6274/2255/35
f 6447/2271/175 6445/2272/175 7171/2273/176 7170/2274/176
f 6276/2275/35 6050/2270/35 7363/2269/34 7364/2276/34
f 7170/2277/176 7171/2278/176 6446/2279/177 6448/2280/177
f 6441/2281/175 6439/2282/175 7174/2283/176 7173/2284/176
f 7173/2285/176 7174/2286/176 6440/2287/177 6442/2288/177
f 7364/2276/34 7365/2289/34 5876/2290/35 6276/2275/35
f 6435/2291/175 6433/2292/175 7177/2293/176 7176/2294/176
f 6277/2295/53 5921/2250/53 7361/2249/52 7366/2296/52
f 7176/2297/176 7177/2298/176 6434/2299/177 6436/2300/177
f 6429/2301/175 6427/2302/175 7180/2303/176 7179/2304/176
f 7179/2305/176 7180/2306/176 6428/2307/177 6430/2308/177
f 7366/2296/52 7367/2309/52 6051/2310/53 6277/2295/53
f 6423/2311/175 6421/2312/175 7183/2313/176 7182/2314/176
f 6279/2315/53 6051/2310/53 7367/2309/52 7368/2316/52
f 7182/2317/176 7183/2318/176 6422/2319/177 6424/2320/177
f 6417/2321/175 6415/2322/175 7186/2323/176 7185/2324/176
f 7338/2325/34 7333/2326/34 5867/2327/55 6249/2328/55
f 7368/2316/52 7369/2329/52 5919/2330/53 6279/2315/53
f 6249/2328/55 6037/1391/55 7339/1390/34 7338/2325/34
f 6282/2331/35 5876/2290/35 7365/2289/34 7370/2332/34
f 6252/2333/35 6038/1384/35 7339/1383/34 7340/2334/34
f 7340/2334/34 7341/1703/34 5870/1702/35 6252/2333/35
f 7342/2335/52 7337/1078/52 5928/1077/54 6254/2336/54
f 7370/2332/34 7371/2337/34 6054/2338/35 6282/2331/35
f 6254/2336/54 6040/2339/54 7343/2340/52 7342/2335/52
f 6284/2341/35 6054/2338/35 7371/2337/34 7372/2342/34
f 7344/2343/52 7343/2340/52 6040/2339/54 6256/2344/54
f 6256/2344/54 5926/2345/54 7345/2346/52 7344/2343/52
f 7346/2347/34 7341/1396/34 5869/1395/55 6257/2348/55
f 7372/2342/34 7373/2349/34 5878/2350/35 6284/2341/35
f 6257/2348/55 6041/2351/55 7347/2352/34 7346/2347/34
f 6285/2353/53 5919/2330/53 7369/2329/52 7374/2354/52
f 7348/2355/34 7347/2352/34 6041/2351/55 6259/2356/55
f 6259/2356/55 5871/2357/55 7349/2358/34 7348/2355/34
f 7350/2359/52 7345/2346/52 5926/2345/54 6262/2360/54
f 7374/2354/52 7375/2361/52 6055/2362/53 6285/2353/53
f 6262/2360/54 6044/2363/54 7351/2364/52 7350/2359/52
f 6287/2365/53 6055/2362/53 7375/2361/52 7376/2366/52
f 7352/2367/52 7351/2364/52 6044/2363/54 6264/2368/54
f 6264/2368/54 5924/2369/54 7353/2370/52 7352/2367/52
f 7354/2371/34 7349/2358/34 5871/2357/55 6265/2372/55
f 7376/2366/52 7377/2373/52 5917/2374/53 6287/2365/53
f 6265/2372/55 6045/2375/55 7355/2376/34 7354/2371/34
f 6290/2377/35 5878/2350/35 7373/2349/34 7378/2378/34
f 7356/2379/34 7355/2376/34 6045/2375/55 6267/2380/55
f 6267/2380/55 5873/2381/55 7357/2382/34 7356/2379/34
f 7358/2383/52 7353/2370/52 5924/2369/54 6270/2384/54
f 7378/2378/34 7379/2385/34 6058/2386/35 6290/2377/35
f 6270/2384/54 6048/2387/54 7359/2388/52 7358/2383/52
f 6292/2389/35 6058/2386/35 7379/2385/34 7380/2390/34
f 7360/2391/52 7359/2388/52 6048/2387/54 6272/2392/54
f 6272/2392/54 5922/2393/54 7361/2394/52 7360/2391/52
f 7362/2395/34 7357/2382/34 5873/2381/55 6273/2396/55
f 7380/2390/34 7381/2397/34 5880/2398/35 6292/2389/35
f 6273/2396/55 6049/2399/55 7363/2400/34 7362/2395/34
f 6293/2401/53 5917/2374/53 7377/2373/52 7382/2402/52
f 7364/2403/34 7363/2400/34 6049/2399/55 6275/2404/55
f 6275/2404/55 5875/2405/55 7365/2406/34 7364/2403/34
f 7366/2407/52 7361/2394/52 5922/2393/54 6278/2408/54
f 7382/2402/52 7383/2409/52 6059/2410/53 6293/2401/53
f 6278/2408/54 6052/2411/54 7367/2412/52 7366/2407/52
f 6295/2413/53 6059/2410/53 7383/2409/52 7384/2414/52
f 7368/2415/52 7367/2412/52 6052/2411/54 6280/2416/54
f 6280/2416/54 5920/2417/54 7369/2418/52 7368/2415/52
f 7370/2419/34 7365/2406/34 5875/2405/55 6281/2420/55
f 7384/2414/52 7385/2421/52 5915/2422/53 6295/2413/53
f 6281/2420/55 6053/2423/55 7371/2424/34 7370/2419/34
f 6298/2425/35 5880/2398/35 7381/2397/34 7386/2426/34
f 7372/2427/34 7371/2424/34 6053/2423/55 6283/2428/55
f 6283/2428/55 5877/2429/55 7373/2430/34 7372/2427/34
f 7374/2431/52 7369/2418/52 5920/2417/54 6286/2432/54
f 7386/2426/34 7387/2433/34 6062/2434/35 6298/2425/35
f 6300/2435/35 6062/2434/35 7387/2433/34 7388/2436/34
f 6286/2432/54 6056/2437/54 7375/2438/52 7374/2431/52
f 7388/2436/34 7389/2439/34 5882/2440/35 6300/2435/35
f 7376/2441/52 7375/2438/52 6056/2437/54 6288/2442/54
f 6288/2442/54 5918/2443/54 7377/2444/52 7376/2441/52
f 7378/2445/34 7373/2430/34 5877/2429/55 6289/2446/55
f 7390/2447/52 7385/2448/52 5916/2449/54 6302/2450/54
f 6289/2446/55 6057/2451/55 7379/2452/34 7378/2445/34
f 6302/2450/54 6064/2453/54 7391/2454/52 7390/2447/52
f 7380/2455/34 7379/2452/34 6057/2451/55 6291/2456/55
f 6291/2456/55 5879/2457/55 7381/2458/34 7380/2455/34
f 7382/2459/52 7377/2444/52 5918/2443/54 6294/2460/54
f 6303/2461/53 6063/2462/53 7391/2463/52 7392/2464/52
f 6294/2460/54 6060/2465/54 7383/2466/52 7382/2459/52
f 7392/2464/52 7393/2467/52 5913/2468/53 6303/2461/53
f 7384/2469/52 7383/2466/52 6060/2465/54 6296/2470/54
f 6296/2470/54 5916/2449/54 7385/2448/52 7384/2469/52
f 7386/2471/34 7381/2458/34 5879/2457/55 6297/2472/55
f 7394/2473/34 7389/2474/34 5881/2475/55 6305/2476/55
f 6297/2472/55 6061/2477/55 7387/2478/34 7386/2471/34
f 6305/2476/55 6065/2479/55 7395/2480/34 7394/2473/34
f 7388/2481/34 7387/2478/34 6061/2477/55 6299/2482/55
f 6299/2482/55 5881/2475/55 7389/2474/34 7388/2481/34
f 6301/2483/53 5915/2422/53 7385/2421/52 7390/2484/52
f 6308/2485/35 6066/2486/35 7395/2487/34 7396/2488/34
f 7390/2484/52 7391/2463/52 6063/2462/53 6301/2483/53
f 7396/2488/34 7397/2489/34 5884/2490/35 6308/2485/35
f 7392/2491/52 7391/2454/52 6064/2453/54 6304/2492/54
f 6304/2492/54 5914/2493/54 7393/2494/52 7392/2491/52
f 6306/2495/35 5882/2440/35 7389/2439/34 7394/2496/34
f 6309/2497/53 5913/2468/53 7393/2467/52 7398/2498/52
f 7394/2496/34 7395/2487/34 6066/2486/35 6306/2495/35
f 7398/2498/52 7399/2499/52 6067/2500/53 6309/2497/53
f 7396/2501/34 7395/2480/34 6065/2479/55 6307/2502/55
f 6307/2502/55 5883/2503/55 7397/2504/34 7396/2501/34
f 7398/2505/52 7393/2494/52 5914/2493/54 6310/2506/54
f 6311/2507/53 6067/2500/53 7399/2499/52 7400/2508/52
f 6310/2506/54 6068/2509/54 7399/2510/52 7398/2505/52
f 7400/2508/52 7401/2511/52 5911/2512/53 6311/2507/53
f 7400/2513/52 7399/2510/52 6068/2509/54 6312/2514/54
f 6312/2514/54 5912/2515/54 7401/2516/52 7400/2513/52
f 6314/2517/35 5884/2490/35 7397/2489/34 7402/2518/34
f 7402/2519/34 7397/2504/34 5883/2503/55 6313/2520/55
f 7402/2518/34 7403/2521/34 6070/2522/35 6314/2517/35
f 6313/2520/55 6069/2523/55 7403/2524/34 7402/2519/34
f 7404/2525/34 7403/2524/34 6069/2523/55 6315/2526/55
f 6316/2527/35 6070/2522/35 7403/2521/34 7404/2528/34
f 6315/2526/55 5885/2529/55 7405/2530/34 7404/2525/34
f 6317/2531/53 5911/2512/53 7401/2511/52 7406/2532/52
f 7404/2528/34 7405/2533/34 5886/2534/35 6316/2527/35
f 7406/2532/52 7407/2535/52 6071/2536/53 6317/2531/53
f 7406/2537/52 7401/2516/52 5912/2515/54 6318/2538/54
f 7408/2539/52 7407/2540/52 6072/2541/54 6320/2542/54
f 6318/2538/54 6072/2541/54 7407/2540/52 7406/2537/52
f 6320/2542/54 5910/2543/54 7409/2544/52 7408/2539/52
f 123/1075/3 2428/1245/3 2439/2545/3 2353/1090/3
f 6319/2546/53 6071/2536/53 7407/2535/52 7408/2547/52
f 6322/2548/35 5886/2534/35 7405/2533/34 7410/2549/34
f 7408/2547/52 7409/2550/52 5909/2551/53 6319/2546/53
f 2353/1090/3 2439/2545/3 2437/2552/3 565/1088/3
f 2439/2545/3 2438/2553/3 589/2554/3 2437/2552/3
f 7410/2549/34 7411/2555/34 6074/2556/35 6322/2548/35
f 7410/2557/34 7405/2530/34 5885/2529/55 6321/2558/55
f 2428/1245/3 584/1247/3 2438/2553/3 2439/2545/3
f 565/1088/3 2437/2552/3 2442/2559/3 2350/1086/3
f 6324/2560/35 6074/2556/35 7411/2555/34 7412/2561/34
f 6321/2558/55 6073/2562/55 7411/2563/34 7410/2557/34
f 2350/1086/3 2442/2559/3 2440/2564/3 124/1087/3
f 2442/2559/3 2441/2565/3 587/2566/3 2440/2564/3
f 7412/2561/34 7413/2567/34 5888/2568/35 6324/2560/35
f 7412/2569/34 7411/2563/34 6073/2562/55 6323/2570/55
f 2437/2552/3 589/2554/3 2441/2565/3 2442/2559/3
f 589/2554/3 2445/2571/3 2446/2572/3 2441/2565/3
f 6323/2570/55 5887/2573/55 7413/2574/34 7412/2569/34
f 7414/2575/52 7409/2544/52 5910/2543/54 6326/2576/54
f 2441/2565/3 2446/2572/3 2443/2577/3 587/2566/3
f 2446/2572/3 2444/2578/3 131/2579/3 2443/2577/3
f 6325/2580/53 5909/2551/53 7409/2550/52 7414/2581/52
f 6326/2576/54 6076/2582/54 7415/2583/52 7414/2575/52
f 2445/2571/3 588/164/3 2444/2578/3 2446/2572/3
f 584/1247/3 2431/1252/3 2448/2584/3 2438/2553/3
f 7414/2581/52 7415/2585/52 6075/2586/53 6325/2580/53
f 7416/2587/52 7415/2583/52 6076/2582/54 6328/2588/54
f 2438/2553/3 2448/2584/3 2445/2571/3 589/2554/3
f 2448/2584/3 2447/163/3 588/164/3 2445/2571/3
f 6327/2589/53 6075/2586/53 7415/2585/52 7416/2590/52
f 6328/2588/54 5908/2591/54 7417/2592/52 7416/2587/52
f 2431/1252/3 130/1256/3 2447/163/3 2448/2584/3
f 124/1087/3 2440/2564/3 2451/2593/3 2365/1106/3
f 7416/2590/52 7417/2594/52 5907/2595/53 6327/2589/53
f 7418/2596/178 7413/2574/34 5887/2573/55 6329/2597/179
f 2365/1106/3 2451/2593/3 2449/2598/3 568/1104/3
f 2451/2593/3 2450/2599/3 592/2600/3 2449/2598/3
f 6330/2601/180 5888/2568/35 7413/2567/34 7418/2602/178
f 6329/2597/179 6079/2603/181 7419/2604/182 7418/2596/178
f 2440/2564/3 587/2566/3 2450/2599/3 2451/2593/3
f 568/1104/3 2449/2598/3 2454/2605/3 2362/1102/3
f 7418/2602/178 7419/2606/182 6080/2607/183 6330/2601/180
f 7421/2608/184 7420/2609/185 5892/2610/186 6332/2611/187
f 2362/1102/3 2454/2605/3 2452/2612/3 125/1103/3
f 2454/2605/3 2453/2613/3 590/2614/3 2452/2612/3
f 6331/2615/188 5891/2616/189 7420/2617/185 7421/2618/184
f 6332/2611/187 6078/2619/190 7422/2620/191 7421/2608/184
f 2449/2598/3 592/2600/3 2453/2613/3 2454/2605/3
f 592/2600/3 2457/2621/3 2458/2622/3 2453/2613/3
f 7421/2618/184 7422/2623/191 6077/2624/192 6331/2615/188
f 7423/2625/193 7419/2604/182 6079/2603/181 6335/2626/194
f 2453/2613/3 2458/2622/3 2455/2627/3 590/2614/3
f 2458/2622/3 2456/2628/3 132/2629/3 2455/2627/3
f 6336/2630/195 6080/2607/183 7419/2606/182 7423/2631/193
f 6333/2632/196 6077/2624/192 7422/2623/191 7424/2633/197
f 2457/2621/3 591/2634/3 2456/2628/3 2458/2622/3
f 587/2566/3 2443/2577/3 2460/2635/3 2450/2599/3
f 7424/2636/197 7422/2620/191 6078/2619/190 6334/2637/198
f 7424/2633/197 7425/2638/199 5889/2639/200 6333/2632/196
f 2450/2599/3 2460/2635/3 2457/2621/3 592/2600/3
f 2460/2635/3 2459/2640/3 591/2634/3 2457/2621/3
f 6334/2637/198 5890/2641/201 7425/2642/199 7424/2636/197
f 6335/2626/194 5889/2643/200 7425/2644/199 7423/2625/193
f 2443/2577/3 131/2579/3 2459/2640/3 2460/2635/3
f 125/1103/3 2452/2612/3 2463/2645/3 2377/1124/3
f 7423/2631/193 7425/2642/199 5890/2641/201 6336/2630/195
f 7427/2646/185 7426/2647/185 5894/2648/186 6338/2649/186
f 2377/1124/3 2463/2645/3 2461/2650/3 571/1122/3
f 2463/2645/3 2462/2651/3 595/2652/3 2461/2650/3
f 6337/2653/189 5893/2654/189 7426/2655/185 7427/2656/185
f 6338/2649/186 6082/2657/186 7428/2658/185 7427/2646/185
f 2452/2612/3 590/2614/3 2462/2651/3 2463/2645/3
f 571/1122/3 2461/2650/3 2466/2659/3 2374/1120/3
f 7427/2656/185 7428/2660/185 6081/2661/189 6337/2653/189
f 7429/2662/185 7428/2658/185 6082/2657/186 6340/2663/186
f 2374/1120/3 2466/2659/3 2464/2664/3 126/1121/3
f 2466/2659/3 2465/2665/3 593/2666/3 2464/2664/3
f 6339/2667/189 6081/2661/189 7428/2660/185 7429/2668/185
f 6340/2663/186 5892/2610/186 7420/2609/185 7429/2662/185
f 2461/2650/3 595/2652/3 2465/2665/3 2466/2659/3
f 595/2652/3 2469/2669/3 2470/2670/3 2465/2665/3
f 7429/2668/185 7420/2617/185 5891/2616/189 6339/2667/189
f 7431/2671/185 7430/2672/202 5896/2673/203 6342/2674/186
f 2465/2665/3 2470/2670/3 2467/2675/3 593/2666/3
f 2470/2670/3 2468/2676/3 133/2677/3 2467/2675/3
f 6341/2678/189 5895/2679/189 7430/2680/202 7431/2681/185
f 6342/2674/186 6084/2682/186 7432/2683/185 7431/2671/185
f 2469/2669/3 594/2684/3 2468/2676/3 2470/2670/3
f 590/2614/3 2455/2627/3 2472/2685/3 2462/2651/3
f 7431/2681/185 7432/2686/185 6083/2687/189 6341/2678/189
f 7433/2688/185 7432/2683/185 6084/2682/186 6344/2689/186
f 6343/2690/189 6083/2687/189 7432/2686/185 7433/2691/185
f 2462/2651/3 2472/2685/3 2469/2669/3 595/2652/3
f 6344/2689/186 5894/2648/186 7426/2647/185 7433/2688/185
f 2472/2685/3 2471/2692/3 594/2684/3 2469/2669/3
f 2455/2627/3 132/2629/3 2471/2692/3 2472/2685/3
f 7433/2691/185 7426/2655/185 5893/2654/189 6343/2690/189
f 126/1121/3 2464/2664/3 2475/154/3 2387/153/3
f 2464/2664/3 593/2666/3 2474/157/3 2475/154/3
f 573/156/3 2473/155/3 2477/2693/3 2384/1151/3
f 6554/1164/1 3680/1163/2 3789/2694/2 6564/2130/1
f 6564/2130/1 3789/2694/2 3792/2695/2 6566/2126/1
f 6566/2126/1 3792/2695/2 3803/2696/2 6568/2122/1
f 6568/2122/1 3803/2696/2 3804/2697/2 6570/2103/1
f 2473/155/3 597/158/3 2476/2698/3 2477/2693/3
f 597/158/3 2479/2699/3 2480/2700/3 2476/2698/3
f 3785/1194/2 6561/1193/4 6571/2112/4 3905/2701/2
f 3905/2701/2 6571/2112/4 6573/2108/4 3906/2702/2
f 3906/2702/2 6573/2108/4 6575/2104/4 3907/2703/2
f 3907/2703/2 6575/2104/4 6577/2084/4 3909/2704/2
f 2479/2699/3 596/2705/3 2478/2706/3 2480/2700/3
f 593/2666/3 2467/2675/3 2482/2707/3 2474/157/3
f 2474/157/3 2482/2707/3 2479/2699/3 597/158/3
f 2482/2707/3 2481/2708/3 596/2705/3 2479/2699/3
f 2467/2675/3 133/2677/3 2481/2708/3 2482/2707/3
f 6570/2103/1 3804/2697/2 3913/2709/2 6580/2099/1
f 6580/2099/1 3913/2709/2 3916/2710/2 6582/2095/1
f 2399/1186/3 2485/2711/3 2483/2712/3 576/1178/3
f 2485/2711/3 2484/2713/3 600/2714/3 2483/2712/3
f 6582/2095/1 3916/2710/2 3927/2715/2 6584/2091/1
f 6584/2091/1 3927/2715/2 3928/2716/2 6586/2071/1
f 576/1178/3 2483/2712/3 2488/2717/3 2396/1176/3
f 2396/1176/3 2488/2717/3 2486/2718/3 127/1177/3
f 2488/2717/3 2487/2719/3 598/2720/3 2486/2718/3
f 2483/2712/3 600/2714/3 2487/2719/3 2488/2717/3
f 600/2714/3 2491/2721/3 2492/2722/3 2487/2719/3
f 2487/2719/3 2492/2722/3 2489/2723/3 598/2720/3
f 2492/2722/3 2490/2724/3 134/2725/3 2489/2723/3
f 2491/2721/3 599/2726/3 2490/2724/3 2492/2722/3
f 3909/2704/2 6577/2084/4 6587/2080/4 4029/2727/2
f 4029/2727/2 6587/2080/4 6589/2076/4 4030/2728/2
f 2484/2713/3 2494/2729/3 2491/2721/3 600/2714/3
f 2494/2729/3 2493/2730/3 599/2726/3 2491/2721/3
f 4030/2728/2 6589/2076/4 6591/2072/4 4031/2731/2
f 4031/2731/2 6591/2072/4 6593/2052/4 4033/2732/2
f 127/1177/3 2486/2718/3 2497/2733/3 2411/1204/3
f 2411/1204/3 2497/2733/3 2495/2734/3 579/1202/3
f 2497/2733/3 2496/2735/3 603/2736/3 2495/2734/3
f 2486/2718/3 598/2720/3 2496/2735/3 2497/2733/3
f 579/1202/3 2495/2734/3 2500/2737/3 2408/149/3
f 2408/149/3 2500/2737/3 2498/2738/3 128/150/3
f 2500/2737/3 2499/2739/3 601/2740/3 2498/2738/3
f 2495/2734/3 603/2736/3 2499/2739/3 2500/2737/3
f 603/2736/3 2503/2741/3 2504/2742/3 2499/2739/3
f 2499/2739/3 2504/2742/3 2501/2743/3 601/2740/3
f 2504/2742/3 2502/168/3 135/2744/3 2501/2743/3
f 2503/2741/3 602/165/3 2502/168/3 2504/2742/3
f 598/2720/3 2489/2723/3 2506/2745/3 2496/2735/3
f 2496/2735/3 2506/2745/3 2503/2741/3 603/2736/3
f 2506/2745/3 2505/2746/3 602/165/3 2503/2741/3
f 2489/2723/3 134/2725/3 2505/2746/3 2506/2745/3
f 128/150/3 2498/2738/3 2509/2747/3 2423/1234/3
f 2423/1234/3 2509/2747/3 2507/2748/3 582/1232/3
f 2509/2747/3 2508/2749/3 606/2750/3 2507/2748/3
f 2498/2738/3 601/2740/3 2508/2749/3 2509/2747/3
f 582/1232/3 2507/2748/3 2512/2751/3 2420/1227/3
f 2420/1227/3 2512/2751/3 2510/2752/3 129/1228/3
f 2512/2751/3 2511/2753/3 604/2754/3 2510/2752/3
f 2507/2748/3 606/2750/3 2511/2753/3 2512/2751/3
f 606/2750/3 2515/2755/3 2516/2756/3 2511/2753/3
f 2511/2753/3 2516/2756/3 2513/2757/3 604/2754/3
f 2516/2756/3 2514/2758/3 136/2759/3 2513/2757/3
f 2515/2755/3 605/2760/3 2514/2758/3 2516/2756/3
f 601/2740/3 2501/2743/3 2518/2761/3 2508/2749/3
f 2508/2749/3 2518/2761/3 2515/2755/3 606/2750/3
f 2518/2761/3 2517/2762/3 605/2760/3 2515/2755/3
f 2501/2743/3 135/2744/3 2517/2762/3 2518/2761/3
f 129/1228/3 2510/2752/3 2521/2763/3 2435/1377/3
f 2435/1377/3 2521/2763/3 2519/2764/3 585/1257/3
f 2521/2763/3 2520/2765/3 609/2766/3 2519/2764/3
f 2510/2752/3 604/2754/3 2520/2765/3 2521/2763/3
f 585/1257/3 2519/2764/3 2524/2767/3 2432/1255/3
f 2432/1255/3 2524/2767/3 2522/2768/3 130/1256/3
f 2524/2767/3 2523/2769/3 607/2770/3 2522/2768/3
f 2519/2764/3 609/2766/3 2523/2769/3 2524/2767/3
f 609/2766/3 2527/2771/3 2528/2772/3 2523/2769/3
f 2523/2769/3 2528/2772/3 2525/2773/3 607/2770/3
f 2528/2772/3 2526/2774/3 137/2775/3 2525/2773/3
f 2527/2771/3 608/2776/3 2526/2774/3 2528/2772/3
f 604/2754/3 2513/2757/3 2530/2777/3 2520/2765/3
f 2520/2765/3 2530/2777/3 2527/2771/3 609/2766/3
f 2530/2777/3 2529/2778/3 608/2776/3 2527/2771/3
f 2513/2757/3 136/2759/3 2529/2778/3 2530/2777/3
f 130/1256/3 2522/2768/3 2533/159/3 2447/163/3
f 2522/2768/3 607/2770/3 2532/160/3 2533/159/3
f 588/164/3 2531/162/3 2536/2779/3 2444/2578/3
f 7435/2780/185 7434/2781/185 5902/2782/186 6346/2783/186
f 6345/2784/189 5901/2785/189 7434/2786/185 7435/2787/185
f 2444/2578/3 2536/2779/3 2534/2788/3 131/2579/3
f 6346/2783/186 6090/2789/186 7436/2790/185 7435/2780/185
f 2536/2779/3 2535/2791/3 610/2792/3 2534/2788/3
f 2531/162/3 612/161/3 2535/2791/3 2536/2779/3
f 7435/2787/185 7436/2793/185 6089/2794/189 6345/2784/189
f 612/161/3 2539/2795/3 2540/2796/3 2535/2791/3
f 2535/2791/3 2540/2796/3 2537/2797/3 610/2792/3
f 2540/2796/3 2538/2798/3 138/2799/3 2537/2797/3
f 2539/2795/3 611/2800/3 2538/2798/3 2540/2796/3
f 607/2770/3 2525/2773/3 2542/2801/3 2532/160/3
f 2532/160/3 2542/2801/3 2539/2795/3 612/161/3
f 2542/2801/3 2541/2802/3 611/2800/3 2539/2795/3
f 2525/2773/3 137/2775/3 2541/2802/3 2542/2801/3
f 131/2579/3 2534/2788/3 2545/2803/3 2459/2640/3
f 2459/2640/3 2545/2803/3 2543/2804/3 591/2634/3
f 2545/2803/3 2544/2805/3 615/2806/3 2543/2804/3
f 2534/2788/3 610/2792/3 2544/2805/3 2545/2803/3
f 591/2634/3 2543/2804/3 2548/2807/3 2456/2628/3
f 2456/2628/3 2548/2807/3 2546/2808/3 132/2629/3
f 2548/2807/3 2547/2809/3 613/2810/3 2546/2808/3
f 2543/2804/3 615/2806/3 2547/2809/3 2548/2807/3
f 615/2806/3 2551/2811/3 2552/2812/3 2547/2809/3
f 2547/2809/3 2552/2812/3 2549/2813/3 613/2810/3
f 2552/2812/3 2550/2814/3 139/2815/3 2549/2813/3
f 2551/2811/3 614/2816/3 2550/2814/3 2552/2812/3
f 610/2792/3 2537/2797/3 2554/2817/3 2544/2805/3
f 2544/2805/3 2554/2817/3 2551/2811/3 615/2806/3
f 2554/2817/3 2553/2818/3 614/2816/3 2551/2811/3
f 2537/2797/3 138/2799/3 2553/2818/3 2554/2817/3
f 132/2629/3 2546/2808/3 2557/2819/3 2471/2692/3
f 2471/2692/3 2557/2819/3 2555/2820/3 594/2684/3
f 2557/2819/3 2556/2821/3 618/2822/3 2555/2820/3
f 2546/2808/3 613/2810/3 2556/2821/3 2557/2819/3
f 594/2684/3 2555/2820/3 2560/2823/3 2468/2676/3
f 2468/2676/3 2560/2823/3 2558/2824/3 133/2677/3
f 2560/2823/3 2559/2825/3 616/2826/3 2558/2824/3
f 2555/2820/3 618/2822/3 2559/2825/3 2560/2823/3
f 618/2822/3 2563/2827/3 2564/2828/3 2559/2825/3
f 2559/2825/3 2564/2828/3 2561/2829/3 616/2826/3
f 2564/2828/3 2562/2830/3 140/2831/3 2561/2829/3
f 2563/2827/3 617/2832/3 2562/2830/3 2564/2828/3
f 613/2810/3 2549/2813/3 2566/2833/3 2556/2821/3
f 2556/2821/3 2566/2833/3 2563/2827/3 618/2822/3
f 2566/2833/3 2565/2834/3 617/2832/3 2563/2827/3
f 2549/2813/3 139/2815/3 2565/2834/3 2566/2833/3
f 133/2677/3 2558/2824/3 2569/2835/3 2481/2708/3
f 2481/2708/3 2569/2835/3 2567/2836/3 596/2705/3
f 2569/2835/3 2568/2837/3 620/2838/3 2567/2836/3
f 2558/2824/3 616/2826/3 2568/2837/3 2569/2835/3
f 596/2705/3 2567/2836/3 2571/2839/3 2478/2706/3
f 6586/2071/1 3928/2716/2 4037/2840/2 6596/2067/1
f 6596/2067/1 4037/2840/2 4040/2841/2 6598/2063/1
f 6598/2063/1 4040/2841/2 4051/2842/2 6600/2059/1
f 6600/2059/1 4051/2842/2 4052/2843/2 6602/2039/1
f 2567/2836/3 620/2838/3 2570/2844/3 2571/2839/3
f 620/2838/3 2573/2845/3 2574/2846/3 2570/2844/3
f 4033/2732/2 6593/2052/4 6603/2048/4 4153/2847/2
f 4153/2847/2 6603/2048/4 6605/2044/4 4154/2848/2
f 4154/2848/2 6605/2044/4 6607/2040/4 4155/2849/2
f 4155/2849/2 6607/2040/4 6609/2020/4 4157/2850/2
f 2573/2845/3 619/176/3 2572/179/3 2574/2846/3
f 616/2826/3 2561/2829/3 2576/2851/3 2568/2837/3
f 2568/2837/3 2576/2851/3 2573/2845/3 620/2838/3
f 2576/2851/3 2575/2852/3 619/176/3 2573/2845/3
f 2561/2829/3 140/2831/3 2575/2852/3 2576/2851/3
f 6602/2039/1 4052/2843/2 4161/2853/2 6612/2035/1
f 6612/2035/1 4161/2853/2 4164/2854/2 6614/2031/1
f 2493/2730/3 2579/2855/3 2577/2856/3 599/2726/3
f 2579/2855/3 2578/2857/3 623/2858/3 2577/2856/3
f 6614/2031/1 4164/2854/2 4175/2859/2 6616/2027/1
f 6616/2027/1 4175/2859/2 4176/2860/2 6618/2007/1
f 599/2726/3 2577/2856/3 2582/2861/3 2490/2724/3
f 2490/2724/3 2582/2861/3 2580/2862/3 134/2725/3
f 2582/2861/3 2581/2863/3 621/2864/3 2580/2862/3
f 2577/2856/3 623/2858/3 2581/2863/3 2582/2861/3
f 623/2858/3 2585/2865/3 2586/2866/3 2581/2863/3
f 2581/2863/3 2586/2866/3 2583/2867/3 621/2864/3
f 2586/2866/3 2584/207/3 141/211/3 2583/2867/3
f 2585/2865/3 622/205/3 2584/207/3 2586/2866/3
f 4157/2850/2 6609/2020/4 6619/2016/4 4277/2868/2
f 4277/2868/2 6619/2016/4 6621/2012/4 4278/2869/2
f 2578/2857/3 2588/2870/3 2585/2865/3 623/2858/3
f 2588/2870/3 2587/202/3 622/205/3 2585/2865/3
f 4278/2869/2 6621/2012/4 6623/2008/4 4279/2871/2
f 4279/2871/2 6623/2008/4 6625/189/4 4281/188/2
f 134/2725/3 2580/2862/3 2591/2872/3 2505/2746/3
f 2505/2746/3 2591/2872/3 2589/166/3 602/165/3
f 2591/2872/3 2590/2873/3 626/169/3 2589/166/3
f 2580/2862/3 621/2864/3 2590/2873/3 2591/2872/3
f 2502/168/3 2594/167/3 2592/2874/3 135/2744/3
f 2594/167/3 2593/170/3 624/175/3 2592/2874/3
f 626/169/3 2597/2875/3 2598/171/3 2593/170/3
f 2597/2875/3 625/2876/3 2596/172/3 2598/171/3
f 621/2864/3 2583/2867/3 2600/2877/3 2590/2873/3
f 7437/2878/185 7436/2790/185 6090/2789/186 6348/2879/186
f 6347/2880/189 6089/2794/189 7436/2793/185 7437/2881/185
f 2590/2873/3 2600/2877/3 2597/2875/3 626/169/3
f 2600/2877/3 2599/2882/3 625/2876/3 2597/2875/3
f 2583/2867/3 141/211/3 2599/2882/3 2600/2877/3
f 135/2744/3 2592/2874/3 2603/2883/3 2517/2762/3
f 2517/2762/3 2603/2883/3 2601/2884/3 605/2760/3
f 2603/2883/3 2602/2885/3 629/2886/3 2601/2884/3
f 2592/2874/3 624/175/3 2602/2885/3 2603/2883/3
f 605/2760/3 2601/2884/3 2606/2887/3 2514/2758/3
f 2514/2758/3 2606/2887/3 2604/2888/3 136/2759/3
f 2606/2887/3 2605/2889/3 627/2890/3 2604/2888/3
f 2601/2884/3 629/2886/3 2605/2889/3 2606/2887/3
f 629/2886/3 2609/2891/3 2610/2892/3 2605/2889/3
f 2605/2889/3 2610/2892/3 2607/2893/3 627/2890/3
f 2610/2892/3 2608/2894/3 143/2895/3 2607/2893/3
f 2609/2891/3 628/2896/3 2608/2894/3 2610/2892/3
f 624/175/3 2595/174/3 2612/2897/3 2602/2885/3
f 2602/2885/3 2612/2897/3 2609/2891/3 629/2886/3
f 2612/2897/3 2611/2898/3 628/2896/3 2609/2891/3
f 2595/174/3 142/173/3 2611/2898/3 2612/2897/3
f 136/2759/3 2604/2888/3 2615/2899/3 2529/2778/3
f 2529/2778/3 2615/2899/3 2613/2900/3 608/2776/3
f 2615/2899/3 2614/2901/3 632/2902/3 2613/2900/3
f 2604/2888/3 627/2890/3 2614/2901/3 2615/2899/3
f 608/2776/3 2613/2900/3 2618/2903/3 2526/2774/3
f 2526/2774/3 2618/2903/3 2616/2904/3 137/2775/3
f 2618/2903/3 2617/2905/3 630/2906/3 2616/2904/3
f 2613/2900/3 632/2902/3 2617/2905/3 2618/2903/3
f 632/2902/3 2621/2907/3 2622/2908/3 2617/2905/3
f 2617/2905/3 2622/2908/3 2619/2909/3 630/2906/3
f 2622/2908/3 2620/2910/3 144/2911/3 2619/2909/3
f 2621/2907/3 631/2912/3 2620/2910/3 2622/2908/3
f 627/2890/3 2607/2893/3 2624/2913/3 2614/2901/3
f 2614/2901/3 2624/2913/3 2621/2907/3 632/2902/3
f 2624/2913/3 2623/2914/3 631/2912/3 2621/2907/3
f 2607/2893/3 143/2895/3 2623/2914/3 2624/2913/3
f 137/2775/3 2616/2904/3 2627/2915/3 2541/2802/3
f 2541/2802/3 2627/2915/3 2625/2916/3 611/2800/3
f 2627/2915/3 2626/2917/3 635/2918/3 2625/2916/3
f 2616/2904/3 630/2906/3 2626/2917/3 2627/2915/3
f 611/2800/3 2625/2916/3 2630/2919/3 2538/2798/3
f 2538/2798/3 2630/2919/3 2628/2920/3 138/2799/3
f 2630/2919/3 2629/2921/3 633/2922/3 2628/2920/3
f 2625/2916/3 635/2918/3 2629/2921/3 2630/2919/3
f 635/2918/3 2633/2923/3 2634/2924/3 2629/2921/3
f 2629/2921/3 2634/2924/3 2631/2925/3 633/2922/3
f 2634/2924/3 2632/2926/3 145/290/3 2631/2925/3
f 2633/2923/3 634/2927/3 2632/2926/3 2634/2924/3
f 630/2906/3 2619/2909/3 2636/2928/3 2626/2917/3
f 2626/2917/3 2636/2928/3 2633/2923/3 635/2918/3
f 2636/2928/3 2635/2929/3 634/2927/3 2633/2923/3
f 2619/2909/3 144/2911/3 2635/2929/3 2636/2928/3
f 138/2799/3 2628/2920/3 2639/2930/3 2553/2818/3
f 2553/2818/3 2639/2930/3 2637/2931/3 614/2816/3
f 2639/2930/3 2638/2932/3 638/2933/3 2637/2931/3
f 2628/2920/3 633/2922/3 2638/2932/3 2639/2930/3
f 614/2816/3 2637/2931/3 2642/2934/3 2550/2814/3
f 2550/2814/3 2642/2934/3 2640/2935/3 139/2815/3
f 2642/2934/3 2641/2936/3 636/2937/3 2640/2935/3
f 2637/2931/3 638/2933/3 2641/2936/3 2642/2934/3
f 638/2933/3 2645/2938/3 2646/2939/3 2641/2936/3
f 2641/2936/3 2646/2939/3 2643/2940/3 636/2937/3
f 2646/2939/3 2644/298/3 146/300/3 2643/2940/3
f 2645/2938/3 637/296/3 2644/298/3 2646/2939/3
f 633/2922/3 2631/2925/3 2648/2941/3 2638/2932/3
f 2638/2932/3 2648/2941/3 2645/2938/3 638/2933/3
f 2648/2941/3 2647/292/3 637/296/3 2645/2938/3
f 2631/2925/3 145/290/3 2647/292/3 2648/2941/3
f 139/2815/3 2640/2935/3 2651/2942/3 2565/2834/3
f 2565/2834/3 2651/2942/3 2649/2943/3 617/2832/3
f 2651/2942/3 2650/2944/3 641/2945/3 2649/2943/3
f 2640/2935/3 636/2937/3 2650/2944/3 2651/2942/3
f 617/2832/3 2649/2943/3 2654/2946/3 2562/2830/3
f 2562/2830/3 2654/2946/3 2652/2947/3 140/2831/3
f 2654/2946/3 2653/2948/3 639/2949/3 2652/2947/3
f 2649/2943/3 641/2945/3 2653/2948/3 2654/2946/3
f 641/2945/3 2657/2950/3 2658/2951/3 2653/2948/3
f 2653/2948/3 2658/2951/3 2655/200/3 639/2949/3
f 2658/2951/3 2656/316/3 147/201/3 2655/200/3
f 2657/2950/3 640/313/3 2656/316/3 2658/2951/3
f 636/2937/3 2643/2940/3 2660/2952/3 2650/2944/3
f 2650/2944/3 2660/2952/3 2657/2950/3 641/2945/3
f 2660/2952/3 2659/312/3 640/313/3 2657/2950/3
f 2643/2940/3 146/300/3 2659/312/3 2660/2952/3
f 140/2831/3 2652/2947/3 2663/2953/3 2575/2852/3
f 2575/2852/3 2663/2953/3 2661/177/3 619/176/3
f 2663/2953/3 2662/2954/3 643/184/3 2661/177/3
f 6348/2879/186 5900/2955/204 7438/2956/205 7437/2878/185
f 7437/2881/185 7438/2957/205 5899/2958/189 6347/2880/189
f 2652/2947/3 639/2949/3 2662/2954/3 2663/2953/3
f 6618/2007/1 4176/2860/2 4285/2959/2 6628/2003/1
f 6628/2003/1 4285/2959/2 4288/181/2 6630/180/1
f 6632/183/1 4299/182/2 4300/2960/2 6634/1972/1
f 4401/191/2 6635/190/4 6637/1978/4 4402/2961/2
f 4402/2961/2 6637/1978/4 6639/193/4 4403/192/2
f 639/2949/3 2655/200/3 2670/196/3 2662/2954/3
f 2662/2954/3 2670/196/3 2667/185/3 643/184/3
f 6634/1972/1 4300/2960/2 4409/2962/2 6644/1968/1
f 6644/1968/1 4409/2962/2 4412/2963/2 6646/1964/1
f 6646/1964/1 4412/2963/2 4423/2964/2 6648/1960/1
f 6648/1960/1 4423/2964/2 4424/367/2 6650/366/1
f 2676/206/3 2675/214/3 644/218/3 2674/210/3
f 2671/204/3 646/209/3 2675/214/3 2676/206/3
f 2680/213/3 2678/362/3 148/245/3 2677/217/3
f 2679/212/3 645/403/3 2678/362/3 2680/213/3
f 2672/208/3 2682/2965/3 2679/212/3 646/209/3
f 2682/2965/3 2681/400/3 645/403/3 2679/212/3
f 141/211/3 2674/210/3 2685/223/3 2599/2882/3
f 2599/2882/3 2685/223/3 2683/226/3 625/2876/3
f 625/2876/3 2683/226/3 2688/229/3 2596/172/3
f 2596/172/3 2688/229/3 2686/232/3 142/173/3
f 649/225/3 2691/237/3 2692/233/3 2687/230/3
f 2687/230/3 2692/233/3 2689/236/3 647/231/3
f 644/218/3 2677/217/3 2694/239/3 2684/224/3
f 2684/224/3 2694/239/3 2691/237/3 649/225/3
f 142/173/3 2686/232/3 2697/241/3 2611/2898/3
f 2611/2898/3 2697/241/3 2695/244/3 628/2896/3
f 628/2896/3 2695/244/3 2700/246/3 2608/2894/3
f 2608/2894/3 2700/246/3 2698/249/3 143/2895/3
f 652/243/3 2703/254/3 2704/250/3 2699/247/3
f 2699/247/3 2704/250/3 2701/253/3 650/248/3
f 647/231/3 2689/236/3 2706/256/3 2696/242/3
f 2696/242/3 2706/256/3 2703/254/3 652/243/3
f 143/2895/3 2698/249/3 2709/258/3 2623/2914/3
f 2623/2914/3 2709/258/3 2707/261/3 631/2912/3
f 631/2912/3 2707/261/3 2712/262/3 2620/2910/3
f 2620/2910/3 2712/262/3 2710/265/3 144/2911/3
f 655/260/3 2715/272/3 2716/266/3 2711/263/3
f 2711/263/3 2716/266/3 2713/269/3 653/264/3
f 650/248/3 2701/253/3 2718/271/3 2708/259/3
f 2708/259/3 2718/271/3 2715/272/3 655/260/3
f 144/2911/3 2710/265/3 2721/275/3 2635/2929/3
f 2635/2929/3 2721/275/3 2719/276/3 634/2927/3
f 634/2927/3 2719/276/3 2724/279/3 2632/2926/3
f 2632/2926/3 2724/279/3 2722/281/3 145/290/3
f 658/277/3 2727/282/3 2728/285/3 2723/278/3
f 2723/278/3 2728/285/3 2725/287/3 656/280/3
f 2720/274/3 2730/288/3 2727/282/3 658/277/3
f 6653/219/4 6651/215/4 7068/1952/11 7067/1948/11
f 7067/1949/11 7068/1953/11 6652/1956/12 6654/1950/12
f 7112/2129/13 7113/2966/13 6554/1164/1 6564/2130/1
f 6561/1193/4 6559/1187/4 7114/2967/11 7109/2116/11
f 7109/2117/11 7114/2133/11 6560/2136/12 6562/2118/12
f 6559/1187/4 6557/1183/4 7115/2968/11 7114/2967/11
f 6557/1183/4 6555/1179/4 7116/2138/11 7115/2968/11
f 7115/2134/11 7116/2969/11 6556/2970/12 6558/2135/12
f 7116/2969/11 7117/2971/11 6546/2972/12 6556/2970/12
f 6553/2131/14 6551/2973/14 7118/2974/13 7113/2132/13
f 7113/2966/13 7118/2975/13 6552/1162/1 6554/1164/1
f 6551/2973/14 6549/2139/14 7119/2142/13 7118/2974/13
f 7118/2975/13 7119/2143/13 6550/1156/1 6552/1162/1
f 6547/2140/14 6537/2151/14 7121/2154/13 7120/2141/13
f 7120/2144/13 7121/2155/13 6538/1139/1 6548/1154/1
f 6545/1149/4 6543/1147/4 7122/2146/11 7117/2137/11
f 7117/2971/11 7122/2147/11 6544/2150/12 6546/2972/12
f 6541/1145/4 6539/1143/4 7124/2976/11 7123/2145/11
f 7123/2148/11 7124/2977/11 6540/2978/12 6542/2149/12
f 6539/1143/4 6529/863/4 7125/2979/11 7124/2976/11
f 7124/2977/11 7125/2980/11 6530/2981/12 6540/2978/12
f 6535/2152/14 6533/2982/14 7127/2983/13 7126/2153/13
f 7126/2156/13 7127/2984/13 6534/1135/1 6536/1137/1
f 6533/2982/14 6531/2157/14 7128/2160/13 7127/2983/13
f 7127/2984/13 7128/2161/13 6532/1133/1 6534/1135/1
f 6529/863/4 6527/861/4 7130/2985/11 7125/2979/11
f 7125/2980/11 7130/2986/11 6528/2987/12 6530/2981/12
f 6527/861/4 6525/843/4 7131/2164/11 7130/2985/11
f 7130/2986/11 7131/2165/11 6526/2168/12 6528/2987/12
f 6523/841/4 6513/747/4 7133/2176/11 7132/2163/11
f 7132/2166/11 7133/2177/11 6514/2180/12 6524/2167/12
f 6521/2158/14 6519/2169/14 7134/2172/13 7129/2159/13
f 7129/2162/13 7134/2173/13 6520/794/1 6522/796/1
f 6517/2170/14 6515/2988/14 7136/2989/13 7135/2171/13
f 7135/2174/13 7136/2990/13 6516/770/1 6518/778/1
f 6515/2988/14 6505/2991/14 7137/2992/13 7136/2989/13
f 7136/2990/13 7137/2993/13 6506/721/1 6516/770/1
f 7440/2994/185 7439/2995/185 5904/2996/186 6350/2997/186
f 6349/2998/189 5903/2999/189 7439/3000/185 7440/3001/185
f 6511/739/4 6509/733/4 7139/3002/11 7138/2175/11
f 6350/2997/186 6092/3003/186 7441/3004/185 7440/2994/185
f 7138/2178/11 7139/3005/11 6510/3006/12 6512/2179/12
f 6509/733/4 6507/731/4 7140/2182/11 7139/3002/11
f 7440/3001/185 7441/3007/185 6091/3008/189 6349/2998/189
f 7139/3005/11 7140/2183/11 6508/2186/12 6510/3006/12
f 6505/2991/14 6503/3009/14 7142/3010/13 7137/2992/13
f 7137/2993/13 7142/3011/13 6504/715/1 6506/721/1
f 6503/3009/14 6501/2189/14 7143/2192/13 7142/3010/13
f 7142/3011/13 7143/2193/13 6502/711/1 6504/715/1
f 6499/2190/14 6489/2203/14 7145/2206/13 7144/2191/13
f 7144/2194/13 7145/2209/13 6490/16/1 6500/705/1
f 6497/543/4 6495/539/4 7146/2196/11 7141/2181/11
f 7141/2184/11 7146/2199/11 6496/2202/12 6498/2185/12
f 6493/529/4 6491/33/4 7148/3012/11 7147/2195/11
f 7147/2200/11 7148/3013/11 6492/3014/12 6494/2201/12
f 6491/33/4 6481/32/4 7149/3015/11 7148/3012/11
f 7148/3013/11 7149/3016/11 6482/3017/12 6492/3014/12
f 6487/2204/14 6485/3018/14 7151/3019/13 7150/2205/13
f 7150/2210/13 7151/3020/13 6486/4/1 6488/14/1
f 6485/3018/14 6483/2213/14 7152/2216/13 7151/3019/13
f 7151/3020/13 7152/2219/13 6484/1/1 6486/4/1
f 6481/32/4 6479/3021/4 7154/3022/11 7149/3015/11
f 7149/3016/11 7154/3023/11 6480/3024/12 6482/3017/12
f 6479/3021/4 6477/2221/4 7155/2224/11 7154/3022/11
f 7154/3023/11 7155/2225/11 6478/2228/12 6480/3024/12
f 6475/2222/4 6465/2241/4 7157/2244/11 7156/2223/11
f 7156/2226/11 7157/2245/11 6466/2248/12 6476/2227/12
f 6473/2214/14 6471/2231/14 7158/2234/13 7153/2215/13
f 7153/2220/13 7158/2237/13 6472/2240/1 6474/5/1
f 6469/2232/14 6467/3025/14 7160/3026/13 7159/2233/13
f 7159/2238/13 7160/3027/13 6468/3028/1 6470/2239/1
f 6467/3025/14 6401/3029/14 7161/3030/13 7160/3026/13
f 7160/3027/13 7161/3031/13 6402/3032/1 6468/3028/1
f 6463/2242/160 6461/3033/206 7163/3034/207 7162/2243/161
f 7162/2246/161 7163/3035/207 6462/3036/208 6464/2247/162
f 6461/3033/206 6459/3037/209 7164/3038/210 7163/3034/207
f 7163/3035/207 7164/3039/210 6460/3040/211 6462/3036/208
f 6459/3037/209 6458/2251/163 7166/2254/166 7164/3038/210
f 7164/3039/210 7166/3041/166 6457/3042/168 6460/3040/211
f 6455/2252/164 6453/2261/169 7167/2264/172 7165/2253/165
f 7165/2258/165 7167/2265/172 6454/2268/174 6456/2259/167
f 6451/2262/170 6449/3043/175 7169/3044/176 7168/2263/171
f 7168/2266/171 7169/3045/176 6450/3046/177 6452/2267/173
f 6449/3043/175 6447/2271/175 7170/2274/176 7169/3044/176
f 7169/3045/176 7170/2277/176 6448/2280/177 6450/3046/177
f 6445/2272/175 6443/3047/175 7172/3048/176 7171/2273/176
f 7171/2278/176 7172/3049/176 6444/3050/177 6446/2279/177
f 6443/3047/175 6441/2281/175 7173/2284/176 7172/3048/176
f 7172/3049/176 7173/2285/176 6442/2288/177 6444/3050/177
f 6439/2282/175 6437/3051/175 7175/3052/176 7174/2283/176
f 7174/2286/176 7175/3053/176 6438/3054/177 6440/2287/177
f 6437/3051/175 6435/2291/175 7176/2294/176 7175/3052/176
f 7175/3053/176 7176/2297/176 6436/2300/177 6438/3054/177
f 6433/2292/175 6431/3055/175 7178/3056/176 7177/2293/176
f 7177/2298/176 7178/3057/176 6432/3058/177 6434/2299/177
f 6431/3055/175 6429/2301/175 7179/2304/176 7178/3056/176
f 7178/3057/176 7179/2305/176 6430/2308/177 6432/3058/177
f 6427/2302/175 6425/3059/175 7181/3060/176 7180/2303/176
f 7180/2306/176 7181/3061/176 6426/3062/177 6428/2307/177
f 6425/3059/175 6423/2311/175 7182/2314/176 7181/3060/176
f 7181/3061/176 7182/2317/176 6424/2320/177 6426/3062/177
f 6421/2312/175 6419/3063/175 7184/3064/176 7183/2313/176
f 7183/2318/176 7184/3065/176 6420/3066/177 6422/2319/177
f 6419/3063/175 6417/2321/175 7185/2324/176 7184/3064/176
f 7184/3065/176 7185/3067/176 6418/3068/177 6420/3066/177
f 7185/3067/176 7186/3069/176 6416/3070/177 6418/3068/177
f 6415/2322/175 6413/3071/175 7187/3072/176 7186/2323/176
f 7186/3069/176 7187/3073/176 6414/3074/177 6416/3070/177
f 6413/3071/175 6411/3075/175 7188/3076/176 7187/3072/176
f 7187/3073/176 7188/3077/176 6412/3078/177 6414/3074/177
f 6411/3075/175 6409/3079/175 7189/3080/176 7188/3076/176
f 7188/3077/176 7189/3081/176 6410/3082/177 6412/3078/177
f 6409/3079/175 6407/3083/175 7190/3084/176 7189/3080/176
f 7189/3081/176 7190/3085/176 6408/3086/177 6410/3082/177
f 6407/3083/175 6405/3087/175 7191/3088/176 7190/3084/176
f 7190/3085/176 7191/3089/176 6406/3090/177 6408/3086/177
f 6405/3087/175 6403/3091/175 7192/3092/176 7191/3088/176
f 7191/3089/176 7192/3093/176 6404/3094/177 6406/3090/177
f 6403/3091/175 6397/3095/175 7193/3096/176 7192/3092/176
f 7192/3093/176 7193/3097/176 6398/3098/177 6404/3094/177
f 6401/3029/14 6399/3099/212 7194/3100/213 7161/3030/13
f 7161/3031/13 7194/3101/213 6400/3102/214 6402/3032/1
f 6399/3099/212 6393/3103/215 7195/3104/216 7194/3100/213
f 7194/3101/213 7195/3105/216 6394/3106/217 6400/3102/214
f 6397/3095/175 6395/3107/218 7196/3108/219 7193/3096/176
f 7193/3097/176 7196/3109/219 6396/3110/220 6398/3098/177
f 6395/3107/218 6391/3111/221 7197/3112/222 7196/3108/219
f 7196/3109/219 7197/3113/222 6392/3114/223 6396/3110/220
f 6393/3103/215 6389/3115/224 7198/3116/225 7195/3104/216
f 7195/3105/216 7198/3117/225 6390/3118/226 6394/3106/217
f 6391/3111/221 6387/3119/227 7199/3120/228 7197/3112/222
f 7197/3113/222 7199/3121/228 6388/3122/229 6392/3114/223
f 6387/3119/227 6386/3123/230 7200/3124/231 7199/3120/228
f 7442/3125/185 7441/3004/185 6092/3003/186 6352/3126/186
f 6351/3127/189 6091/3008/189 7441/3007/185 7442/3128/185
f 7199/3121/228 7200/3129/231 6385/3130/232 6388/3122/229
f 6352/3126/186 5902/2782/186 7434/2781/185 7442/3125/185
f 6389/3115/224 6385/3131/232 7200/3132/231 7198/3116/225
f 7198/3117/225 7200/3124/231 6386/3123/230 6390/3118/226
f 7442/3128/185 7434/2786/185 5901/2785/189 6351/3127/189
f 7202/3133/18 7201/3134/17 5842/3135/233 6114/3136/234
f 6116/548/25 5842/3135/233 7201/3134/17 7203/545/19
f 6114/3136/234 5970/3137/235 7204/3138/21 7202/3133/18
f 6115/538/20 5971/557/32 7205/556/23 7203/535/19
f 7206/554/27 7204/3138/21 5970/3137/235 6118/551/28
f 7206/550/27 7207/567/30 5967/566/37 6117/549/26
f 6120/562/36 5972/547/24 7205/546/23 7208/559/31
f 6119/558/33 5843/3139/55 7209/3140/34 7208/555/31
f 7210/573/30 7207/553/30 5968/552/29 6122/570/29
f 7210/568/30 7211/3141/30 5973/3142/37 6121/565/37
f 6123/3143/37 5973/3142/37 7211/3141/30 7212/3144/30
f 7212/3144/30 7213/581/30 5965/580/37 6123/3143/37
f 7214/3145/30 7213/578/30 5966/577/29 6126/3146/29
f 6126/3146/29 5976/587/29 7215/586/30 7214/3145/30
f 6127/592/37 5975/584/37 7215/583/30 7216/589/30
f 6128/588/29 5964/3147/29 7217/3148/30 7216/585/30
f 7218/3149/30 7217/3148/30 5964/3147/29 6130/3150/29
f 6130/3150/29 5978/3151/29 7219/3152/30 7218/3149/30
f 7220/3153/30 7219/3152/30 5978/3151/29 6132/3154/29
f 6132/3154/29 5962/3155/29 7221/3156/30 7220/3153/30
f 7222/3157/30 7221/3156/30 5962/3155/29 6134/3158/29
f 6134/3158/29 5980/3159/29 7223/3160/30 7222/3157/30
f 7224/3161/30 7223/3160/30 5980/3159/29 6136/3162/29
f 6136/3162/29 5960/3163/29 7225/3164/30 7224/3161/30
f 7226/3165/30 7225/3164/30 5960/3163/29 6138/3166/29
f 6138/3166/29 5982/3167/29 7227/3168/30 7226/3165/30
f 7228/3169/30 7227/3168/30 5982/3167/29 6140/3170/29
f 6140/3170/29 5958/3171/29 7229/3172/30 7228/3169/30
f 7230/3173/30 7229/3172/30 5958/3171/29 6142/3174/29
f 6142/3174/29 5984/3175/29 7231/3176/30 7230/3173/30
f 7232/3177/30 7231/3176/30 5984/3175/29 6144/3178/29
f 6144/3178/29 5956/3179/29 7233/3180/30 7232/3177/30
f 7234/3181/39 7233/3180/30 5956/3179/29 6146/3182/236
f 6146/3182/236 5986/3183/237 7235/3184/40 7234/3181/39
f 7236/3185/43 7235/3184/40 5986/3183/237 6148/3186/238
f 6148/3186/238 5954/3187/239 7237/3188/44 7236/3185/43
f 7238/3189/47 7237/3188/44 5954/3187/239 6150/3190/240
f 6150/3190/240 5988/3191/241 7239/3192/48 7238/3189/47
f 7240/3193/51 7239/3192/48 5988/3191/241 6152/3194/242
f 6152/3194/242 5952/3195/54 7241/3196/52 7240/3193/51
f 7242/3197/34 7209/3140/34 5843/3139/55 6153/3198/55
f 6153/3198/55 5989/3199/55 7243/3200/34 7242/3197/34
f 7244/3201/34 7243/3200/34 5989/3199/55 6155/3202/55
f 6155/3202/55 5845/3203/55 7245/3204/34 7244/3201/34
f 7246/3205/52 7241/3196/52 5952/3195/54 6158/3206/54
f 6158/3206/54 5992/3207/54 7247/3208/52 7246/3205/52
f 7248/3209/52 7247/3208/52 5992/3207/54 6160/3210/54
f 6160/3210/54 5950/3211/54 7249/3212/52 7248/3209/52
f 7250/3213/34 7245/3204/34 5845/3203/55 6161/3214/55
f 6161/3214/55 5993/3215/55 7251/3216/34 7250/3213/34
f 7252/3217/34 7251/3216/34 5993/3215/55 6163/3218/55
f 6163/3218/55 5847/3219/55 7253/3220/34 7252/3217/34
f 7254/3221/52 7249/3212/52 5950/3211/54 6166/3222/54
f 6166/3222/54 5996/3223/54 7255/3224/52 7254/3221/52
f 7256/3225/52 7255/3224/52 5996/3223/54 6168/3226/54
f 6168/3226/54 5948/718/54 7257/717/52 7256/3225/52
f 7258/3227/34 7253/3220/34 5847/3219/55 6169/3228/55
f 6169/3228/55 5997/3229/55 7259/3230/34 7258/3227/34
f 7260/3231/34 7259/3230/34 5997/3229/55 6171/3232/55
f 6171/3232/55 5849/737/55 7261/736/34 7260/3231/34
f 6173/3233/53 5947/699/53 7257/698/52 7262/3234/52
f 7262/3234/52 7263/3235/52 5999/3236/53 6173/3233/53
f 6175/3237/53 5999/3236/53 7263/3235/52 7264/3238/52
f 7264/3238/52 7265/3239/52 5945/3240/53 6175/3237/53
f 6178/744/35 5850/713/35 7261/712/34 7266/741/34
f 6177/738/55 6001/3241/55 7267/3242/34 7266/735/34
f 7268/752/34 7267/3242/34 6001/3241/55 6179/749/55
f 7268/746/34 7269/3243/34 5852/3244/35 6180/745/35
f 6181/761/53 5945/3240/53 7265/3239/52 7270/758/52
f 6182/757/54 6004/3245/54 7271/3246/52 7270/756/52
f 7272/768/52 7271/3246/52 6004/3245/54 6184/765/54
f 7272/763/52 7273/3247/52 5943/3248/53 6183/762/53
f 6186/776/35 5852/3244/35 7269/3243/34 7274/773/34
f 6185/772/55 6005/783/55 7275/782/34 7274/771/34
f 6188/788/35 6006/775/35 7275/774/34 7276/785/34
f 6187/784/55 5853/811/55 7277/810/34 7276/781/34
f 6189/800/53 5943/3248/53 7273/3247/52 7278/797/52
f 6190/792/54 6008/3249/54 7279/3250/52 7278/791/52
f 7280/808/52 7279/3250/52 6008/3249/54 6192/805/54
f 7280/802/52 7281/3251/52 5941/3252/53 6191/801/53
f 6194/818/35 5854/787/35 7277/786/34 7282/815/34
f 6193/812/55 6009/3253/55 7283/3254/34 7282/809/34
f 7284/827/34 7283/3254/34 6009/3253/55 6195/824/55
f 7284/820/34 7285/3255/34 5856/3256/35 6196/819/35
f 6197/836/53 5941/3252/53 7281/3251/52 7286/833/52
f 6198/829/54 6012/839/54 7287/838/52 7286/828/52
f 6199/848/53 6011/835/53 7287/834/52 7288/845/52
f 6200/840/54 5940/871/54 7289/870/52 7288/837/52
f 6202/856/35 5856/3256/35 7285/3255/34 7290/853/34
f 7443/3257/243 7417/2592/52 5908/2591/54 6354/3258/244
f 6353/3259/245 5907/2595/53 7417/2594/52 7443/3260/243
f 6201/850/55 6013/859/55 7291/858/34 7290/849/34
f 6354/3258/244 6094/3261/246 7444/3262/247 7443/3257/243
f 6204/868/35 6014/855/35 7291/854/34 7292/865/34
f 7443/3260/243 7444/3263/247 6093/3264/248 6353/3259/245
f 7445/3265/249 7444/3262/247 6094/3261/246 6356/3266/250
f 6203/860/55 5857/891/55 7293/890/34 7292/857/34
f 6205/878/53 5939/847/53 7289/846/52 7294/875/52
f 6355/3267/251 6093/3264/248 7444/3263/247 7445/3268/249
f 6356/3266/250 5906/3269/252 7446/3270/253 7445/3265/249
f 6206/872/54 6016/881/54 7295/880/52 7294/869/52
f 6207/888/53 6015/877/53 7295/876/52 7296/885/52
f 7445/3268/249 7446/3271/253 5905/3272/254 6355/3267/251
f 7447/3273/255 7446/3270/253 5906/3269/252 6358/3274/256
f 6208/882/54 5938/911/54 7297/910/52 7296/879/52
f 6210/898/35 5858/867/35 7293/866/34 7298/895/34
f 6357/3275/257 5905/3276/254 7446/3277/253 7447/3278/255
f 6358/3274/256 6096/3279/258 7448/3280/259 7447/3273/255
f 6209/892/55 6017/901/55 7299/900/34 7298/889/34
f 6212/908/35 6018/897/35 7299/896/34 7300/905/34
f 7447/3278/255 7448/3281/259 6095/3282/260 6357/3275/257
f 7449/3283/261 7448/3280/259 6096/3279/258 6360/3284/262
f 6211/902/55 5859/931/55 7301/930/34 7300/899/34
f 6213/919/53 5937/887/53 7297/886/52 7302/916/52
f 6359/3285/263 6095/3282/260 7448/3281/259 7449/3286/261
f 6360/3284/262 5904/2996/186 7439/2995/185 7449/3283/261
f 6214/912/54 6020/922/54 7303/921/52 7302/909/52
f 6215/928/53 6019/918/53 7303/917/52 7304/925/52
f 7449/3286/261 7439/3000/185 5903/2999/189 6359/3285/263
f 7451/3287/264 7450/3288/265 6086/3289/266 6362/3290/267
f 6216/923/54 5936/949/54 7305/948/52 7304/920/52
f 6218/937/35 5860/907/35 7301/906/34 7306/934/34
f 6361/3291/268 6085/3292/268 7450/3293/265 7451/3294/264
f 6362/3290/267 5896/2673/203 7430/2672/202 7451/3287/264
f 6217/932/55 6021/940/55 7307/939/34 7306/929/34
f 6220/946/35 6022/936/35 7307/935/34 7308/943/34
f 7451/3294/264 7430/2680/202 5895/2679/189 6361/3291/268
f 7452/3295/269 7438/2956/205 5900/2955/204 6364/3296/270
f 6219/941/55 5861/969/55 7309/968/34 7308/938/34
f 6221/956/53 5935/927/53 7305/926/52 7310/953/52
f 6363/3297/268 5899/2958/189 7438/2957/205 7452/3298/269
f 6364/3296/270 6088/3299/271 7453/3300/265 7452/3295/269
f 6222/950/54 6024/959/54 7311/958/52 7310/947/52
f 6223/966/53 6023/955/53 7311/954/52 7312/963/52
f 7452/3298/269 7453/3301/265 6087/3302/268 6363/3297/268
f 7455/3303/272 7454/3304/273 6098/3305/274 6366/3306/275
f 6224/960/54 5934/988/54 7313/987/52 7312/957/52
f 6226/976/35 5862/945/35 7309/944/34 7314/973/34
f 6365/3307/276 6097/3308/277 7454/3309/273 7455/3310/272
f 6366/3306/275 6101/3311/278 7456/3312/279 7455/3303/272
f 6225/970/55 6025/979/55 7315/978/34 7314/967/34
f 6228/985/35 6026/975/35 7315/974/34 7316/982/34
f 7455/3310/272 7456/3313/279 6102/3314/280 6365/3307/276
f 7457/3315/281 7456/3312/279 6101/3311/278 6368/3316/282
f 6227/980/55 5863/1008/55 7317/1007/34 7316/977/34
f 6229/995/53 5933/965/53 7313/964/52 7318/992/52
f 6367/3317/283 6102/3318/280 7456/3319/279 7457/3320/281
f 6368/3316/282 6108/3321/284 7458/3322/285 7457/3315/281
f 6230/989/54 6028/998/54 7319/997/52 7318/986/52
f 6231/1005/53 6027/994/53 7319/993/52 7320/1002/52
f 7457/3320/281 7458/3323/285 6107/3324/286 6367/3317/283
f 7460/3325/287 7459/3326/288 6103/3327/289 6370/3328/290
f 6232/999/54 5932/1027/54 7321/1026/52 7320/996/52
f 6234/1014/35 5864/984/35 7317/983/34 7322/1011/34
f 6369/3329/291 6104/3330/292 7459/3331/288 7460/3332/287
f 6370/3328/290 6098/3305/274 7454/3304/273 7460/3325/287
f 6233/1009/55 6029/1017/55 7323/1016/34 7322/1006/34
f 6236/1023/35 6030/1013/35 7323/1012/34 7324/1020/34
f 7460/3332/287 7454/3309/273 6097/3308/277 6369/3329/291
f 6371/3333/293 6111/3334/294 7461/3335/295 7462/3336/296
f 6235/1018/55 5865/1045/55 7325/1044/34 7324/1015/34
f 6237/1032/53 5931/1004/53 7321/1003/52 7326/1029/52
f 7462/3337/296 7461/3338/295 6112/3339/297 6372/3340/298
f 7462/3336/296 7459/3341/288 6104/3342/292 6371/3333/293
f 6238/1028/54 6032/1037/54 7327/1036/52 7326/1025/52
f 6239/1042/53 6031/1031/53 7327/1030/52 7328/1039/52
f 6372/3340/298 6103/3327/289 7459/3326/288 7462/3337/296
f 7463/3343/299 7458/3322/285 6108/3321/284 6374/3344/300
f 6240/1038/54 5930/3345/54 7329/3346/52 7328/1035/52
f 6242/1051/35 5866/1022/35 7325/1021/34 7330/1048/34
f 6373/3347/301 6107/3324/286 7458/3323/285 7463/3348/299
f 7463/3348/299 7464/3349/302 6106/3350/303 6373/3347/301
f 6241/1046/55 6033/1057/55 7331/1056/34 7330/1043/34
f 6244/1062/35 6034/1050/35 7331/1049/34 7332/1059/34
f 6374/3344/300 6105/3351/304 7464/3352/302 7463/3343/299
f 6378/3353/305 6086/3289/266 7450/3288/265 7465/3354/306
f 6243/1058/55 5867/2327/55 7333/2326/34 7332/1055/34
f 7334/3355/52 7329/3346/52 5930/3345/54 6246/3356/54
f 6375/3357/307 6106/3358/303 7464/3359/302 7466/3360/308
f 7465/3361/306 7450/3293/265 6085/3292/268 6377/3362/268
f 6246/3356/54 6036/1072/54 7335/1071/52 7334/3355/52
f 6247/3363/53 6035/1068/53 7335/1067/52 7336/3364/52
f 7466/3360/308 7467/3365/309 6099/3366/310 6375/3357/307
f 7466/3367/308 7464/3352/302 6105/3351/304 6376/3368/311
f 7336/3364/52 7337/1544/52 5927/1543/53 6247/3363/53
f 6376/3368/311 6100/3369/312 7467/3370/309 7466/3367/308
f 7465/3354/306 7468/3371/313 5898/3372/186 6378/3353/305
f 6377/3362/268 5897/3373/189 7468/3374/313 7465/3361/306
f 7470/3375/314 7469/3376/315 6109/3377/316 6380/3378/317
f 6379/3379/318 6110/3380/319 7469/3381/315 7470/3382/314
f 6380/3378/317 6112/3339/297 7461/3338/295 7470/3375/314
f 7470/3382/314 7461/3335/295 6111/3334/294 6379/3379/318
f 6381/3383/268 6087/3302/268 7453/3301/265 7471/3384/320
f 7471/3385/320 7453/3300/265 6088/3299/271 6382/3386/321
f 6382/3386/321 5898/3372/186 7468/3371/313 7471/3385/320
f 7471/3384/320 7468/3374/313 5897/3373/189 6381/3383/268
f 7472/3387/322 7467/3370/309 6100/3369/312 6384/3388/323
f 6383/3389/324 6099/3366/310 7467/3365/309 7472/3390/322
f 7472/3390/322 7469/3391/315 6110/3392/319 6383/3389/324
f 6384/3388/323 6109/3377/316 7469/3376/315 7472/3387/322
f 2185/3393/3 112/122/3 2199/687/3 2200/3394/3
f 2200/3394/3 2199/687/3 527/691/3 2197/3395/3
f 2192/3396/3 2200/3394/3 2197/3395/3 528/3397/3
f 524/3398/3 2185/3393/3 2200/3394/3 2192/3396/3
f 2197/3395/3 527/691/3 2196/701/3 2198/3399/3
f 3163/3400/2 6479/3021/4 6481/32/4 3165/31/2
f 3162/3401/2 6477/2221/4 6479/3021/4 3163/3400/2
f 3161/3402/2 6475/2222/4 6477/2221/4 3162/3401/2
f 3041/3403/2 6465/2241/4 6475/2222/4 3161/3402/2
f 528/3397/3 2197/3395/3 2198/3399/3 2194/3404/3
f 2191/3405/3 528/3397/3 2194/3404/3 2195/3406/3
f 6472/2240/1 3059/3407/2 3060/6/2 6474/5/1
f 6470/2239/1 3048/3408/2 3059/3407/2 6472/2240/1
f 6468/3028/1 3045/3409/2 3048/3408/2 6470/2239/1
f 6402/3032/1 2936/3410/2 3045/3409/2 6468/3028/1
f 504/3411/3 2191/3405/3 2195/3406/3 2102/3412/3
f 2182/3413/3 524/3398/3 2192/3396/3 2193/3414/3
f 2193/3414/3 2192/3396/3 528/3397/3 2191/3405/3
f 2105/3415/3 2193/3414/3 2191/3405/3 504/3411/3
f 105/3416/3 2182/3413/3 2193/3414/3 2105/3415/3
f 2173/3417/3 111/106/3 2189/116/3 2190/3418/3
f 2190/3418/3 2189/116/3 525/117/3 2187/3419/3
f 2180/3420/3 2190/3418/3 2187/3419/3 526/3421/3
f 521/3422/3 2173/3417/3 2190/3418/3 2180/3420/3
f 2187/3419/3 525/117/3 2186/120/3 2188/3423/3
f 2188/3423/3 2186/120/3 112/122/3 2185/3393/3
f 2183/3424/3 2188/3423/3 2185/3393/3 524/3398/3
f 526/3421/3 2187/3419/3 2188/3423/3 2183/3424/3
f 2179/3425/3 526/3421/3 2183/3424/3 2184/3426/3
f 2184/3426/3 2183/3424/3 524/3398/3 2182/3413/3
f 2092/3427/3 2184/3426/3 2182/3413/3 105/3416/3
f 502/3428/3 2179/3425/3 2184/3426/3 2092/3427/3
f 2170/3429/3 521/3422/3 2180/3420/3 2181/3430/3
f 2181/3430/3 2180/3420/3 526/3421/3 2179/3425/3
f 2095/3431/3 2181/3430/3 2179/3425/3 502/3428/3
f 104/3432/3 2170/3429/3 2181/3430/3 2095/3431/3
f 2161/3433/3 110/90/3 2177/100/3 2178/3434/3
f 2178/3434/3 2177/100/3 522/101/3 2175/3435/3
f 2168/3436/3 2178/3434/3 2175/3435/3 523/3437/3
f 518/3438/3 2161/3433/3 2178/3434/3 2168/3436/3
f 2175/3435/3 522/101/3 2174/104/3 2176/3439/3
f 2176/3439/3 2174/104/3 111/106/3 2173/3417/3
f 2171/3440/3 2176/3439/3 2173/3417/3 521/3422/3
f 523/3437/3 2175/3435/3 2176/3439/3 2171/3440/3
f 2167/3441/3 523/3437/3 2171/3440/3 2172/3442/3
f 2172/3442/3 2171/3440/3 521/3422/3 2170/3429/3
f 2080/3443/3 2172/3442/3 2170/3429/3 104/3432/3
f 499/3444/3 2167/3441/3 2172/3442/3 2080/3443/3
f 2158/3445/3 518/3438/3 2168/3436/3 2169/3446/3
f 2169/3446/3 2168/3436/3 523/3437/3 2167/3441/3
f 2083/3447/3 2169/3446/3 2167/3441/3 499/3444/3
f 103/3448/3 2158/3445/3 2169/3446/3 2083/3447/3
f 2149/3449/3 109/74/3 2165/84/3 2166/3450/3
f 2166/3450/3 2165/84/3 519/85/3 2163/3451/3
f 2156/3452/3 2166/3450/3 2163/3451/3 520/3453/3
f 515/3454/3 2149/3449/3 2166/3450/3 2156/3452/3
f 2163/3451/3 519/85/3 2162/88/3 2164/3455/3
f 2164/3455/3 2162/88/3 110/90/3 2161/3433/3
f 2159/3456/3 2164/3455/3 2161/3433/3 518/3438/3
f 520/3453/3 2163/3451/3 2164/3455/3 2159/3456/3
f 2155/3457/3 520/3453/3 2159/3456/3 2160/3458/3
f 2160/3458/3 2159/3456/3 518/3438/3 2158/3445/3
f 2068/3459/3 2160/3458/3 2158/3445/3 103/3448/3
f 496/3460/3 2155/3457/3 2160/3458/3 2068/3459/3
f 2146/3461/3 515/3454/3 2156/3452/3 2157/3462/3
f 2157/3462/3 2156/3452/3 520/3453/3 2155/3457/3
f 2071/3463/3 2157/3462/3 2155/3457/3 496/3460/3
f 102/3464/3 2146/3461/3 2157/3462/3 2071/3463/3
f 2137/3465/3 108/58/3 2153/68/3 2154/3466/3
f 2154/3466/3 2153/68/3 516/69/3 2151/3467/3
f 2144/3468/3 2154/3466/3 2151/3467/3 517/3469/3
f 512/3470/3 2137/3465/3 2154/3466/3 2144/3468/3
f 2151/3467/3 516/69/3 2150/72/3 2152/3471/3
f 2152/3471/3 2150/72/3 109/74/3 2149/3449/3
f 2147/3472/3 2152/3471/3 2149/3449/3 515/3454/3
f 517/3469/3 2151/3467/3 2152/3471/3 2147/3472/3
f 2143/3473/3 517/3469/3 2147/3472/3 2148/3474/3
f 2148/3474/3 2147/3472/3 515/3454/3 2146/3461/3
f 2056/3475/3 2148/3474/3 2146/3461/3 102/3464/3
f 493/3476/3 2143/3473/3 2148/3474/3 2056/3475/3
f 2134/3477/3 512/3470/3 2144/3468/3 2145/3478/3
f 2145/3478/3 2144/3468/3 517/3469/3 2143/3473/3
f 2059/3479/3 2145/3478/3 2143/3473/3 493/3476/3
f 101/3480/3 2134/3477/3 2145/3478/3 2059/3479/3
f 2125/3481/3 107/46/3 2141/52/3 2142/3482/3
f 2142/3482/3 2141/52/3 513/54/3 2139/3483/3
f 2132/3484/3 2142/3482/3 2139/3483/3 514/3485/3
f 509/3486/3 2125/3481/3 2142/3482/3 2132/3484/3
f 2139/3483/3 513/54/3 2138/56/3 2140/3487/3
f 2140/3487/3 2138/56/3 108/58/3 2137/3465/3
f 2135/3488/3 2140/3487/3 2137/3465/3 512/3470/3
f 514/3485/3 2139/3483/3 2140/3487/3 2135/3488/3
f 2131/3489/3 514/3485/3 2135/3488/3 2136/3490/3
f 2136/3490/3 2135/3488/3 512/3470/3 2134/3477/3
f 2044/3491/3 2136/3490/3 2134/3477/3 101/3480/3
f 490/3492/3 2131/3489/3 2136/3490/3 2044/3491/3
f 2122/3493/3 509/3486/3 2132/3484/3 2133/3494/3
f 2133/3494/3 2132/3484/3 514/3485/3 2131/3489/3
f 2047/3495/3 2133/3494/3 2131/3489/3 490/3492/3
f 100/3496/3 2122/3493/3 2133/3494/3 2047/3495/3
f 2113/3497/3 106/20/3 2129/35/3 2130/3498/3
f 2130/3498/3 2129/35/3 510/38/3 2127/3499/3
f 2120/3500/3 2130/3498/3 2127/3499/3 511/3501/3
f 506/3502/3 2113/3497/3 2130/3498/3 2120/3500/3
f 2127/3499/3 510/38/3 2126/40/3 2128/3503/3
f 2128/3503/3 2126/40/3 107/46/3 2125/3481/3
f 2123/3504/3 2128/3503/3 2125/3481/3 509/3486/3
f 511/3501/3 2127/3499/3 2128/3503/3 2123/3504/3
f 2119/3505/3 511/3501/3 2123/3504/3 2124/3506/3
f 2124/3506/3 2123/3504/3 509/3486/3 2122/3493/3
f 2032/3507/3 2124/3506/3 2122/3493/3 100/3496/3
f 487/3508/3 2119/3505/3 2124/3506/3 2032/3507/3
f 2110/3509/3 506/3502/3 2120/3500/3 2121/3510/3
f 2121/3510/3 2120/3500/3 511/3501/3 2119/3505/3
f 2035/3511/3 2121/3510/3 2119/3505/3 487/3508/3
f 99/3512/3 2110/3509/3 2121/3510/3 2035/3511/3
f 3039/3513/2 6463/2242/160 6465/2241/4 3041/3403/2
f 3039/3513/2 3038/3514/2 6461/3033/206 6463/2242/160
f 2118/3515/3 2117/11/3 507/12/3 2115/3516/3
f 2108/3517/3 2118/3515/3 2115/3516/3 508/3518/3
f 3038/3514/2 3037/3519/2 6459/3037/209 6461/3033/206
f 3037/3519/2 6455/2252/164 6458/2251/163 6459/3037/209
f 2115/3516/3 507/12/3 2114/18/3 2116/3520/3
f 2116/3520/3 2114/18/3 106/20/3 2113/3497/3
f 2111/3521/3 2116/3520/3 2113/3497/3 506/3502/3
f 508/3518/3 2115/3516/3 2116/3520/3 2111/3521/3
f 2107/3522/3 508/3518/3 2111/3521/3 2112/3523/3
f 2112/3523/3 2111/3521/3 506/3502/3 2110/3509/3
f 2020/3524/3 2112/3523/3 2110/3509/3 99/3512/3
f 484/3525/3 2107/3522/3 2112/3523/3 2020/3524/3
f 3034/3526/2 6453/2261/169 6455/2252/164 3037/3519/2
f 3033/3527/2 6451/2262/170 6453/2261/169 3034/3526/2
f 2109/3528/3 2108/3517/3 508/3518/3 2107/3522/3
f 2023/3529/3 2109/3528/3 2107/3522/3 484/3525/3
f 6449/3043/175 6451/2262/170 3033/3527/2 3022/3530/2
f 6447/2271/175 6449/3043/175 3022/3530/2 3021/3531/2
f 2091/3532/3 105/3416/3 2105/3415/3 2106/3533/3
f 2106/3533/3 2105/3415/3 504/3411/3 2103/3534/3
f 2098/3535/3 2106/3533/3 2103/3534/3 505/3536/3
f 501/3537/3 2091/3532/3 2106/3533/3 2098/3535/3
f 2103/3534/3 504/3411/3 2102/3412/3 2104/3538/3
f 6445/2272/175 6447/2271/175 3021/3531/2 3018/3539/2
f 6443/3047/175 6445/2272/175 3018/3539/2 3017/3540/2
f 6441/2281/175 6443/3047/175 3017/3540/2 3006/3541/2
f 6439/2282/175 6441/2281/175 3006/3541/2 3005/3542/2
f 505/3536/3 2103/3534/3 2104/3538/3 2100/3543/3
f 2097/3544/3 505/3536/3 2100/3543/3 2101/3545/3
f 6437/3051/175 6439/2282/175 3005/3542/2 3002/3546/2
f 6435/2291/175 6437/3051/175 3002/3546/2 3001/3547/2
f 6433/2292/175 6435/2291/175 3001/3547/2 2990/3548/2
f 6431/3055/175 6433/2292/175 2990/3548/2 2989/3549/2
f 481/3550/3 2097/3544/3 2101/3545/3 2008/3551/3
f 2088/3552/3 501/3537/3 2098/3535/3 2099/3553/3
f 2099/3553/3 2098/3535/3 505/3536/3 2097/3544/3
f 2011/3554/3 2099/3553/3 2097/3544/3 481/3550/3
f 98/3555/3 2088/3552/3 2099/3553/3 2011/3554/3
f 2079/3556/3 104/3432/3 2095/3431/3 2096/3557/3
f 2096/3557/3 2095/3431/3 502/3428/3 2093/3558/3
f 2086/3559/3 2096/3557/3 2093/3558/3 503/3560/3
f 498/3561/3 2079/3556/3 2096/3557/3 2086/3559/3
f 2093/3558/3 502/3428/3 2092/3427/3 2094/3562/3
f 2094/3562/3 2092/3427/3 105/3416/3 2091/3532/3
f 2089/3563/3 2094/3562/3 2091/3532/3 501/3537/3
f 503/3560/3 2093/3558/3 2094/3562/3 2089/3563/3
f 2085/3564/3 503/3560/3 2089/3563/3 2090/3565/3
f 2090/3565/3 2089/3563/3 501/3537/3 2088/3552/3
f 1998/3566/3 2090/3565/3 2088/3552/3 98/3555/3
f 479/3567/3 2085/3564/3 2090/3565/3 1998/3566/3
f 2076/3568/3 498/3561/3 2086/3559/3 2087/3569/3
f 2087/3569/3 2086/3559/3 503/3560/3 2085/3564/3
f 2001/3570/3 2087/3569/3 2085/3564/3 479/3567/3
f 97/3571/3 2076/3568/3 2087/3569/3 2001/3570/3
f 2067/3572/3 103/3448/3 2083/3447/3 2084/3573/3
f 2084/3573/3 2083/3447/3 499/3444/3 2081/3574/3
f 2074/3575/3 2084/3573/3 2081/3574/3 500/3576/3
f 495/3577/3 2067/3572/3 2084/3573/3 2074/3575/3
f 2081/3574/3 499/3444/3 2080/3443/3 2082/3578/3
f 2082/3578/3 2080/3443/3 104/3432/3 2079/3556/3
f 2077/3579/3 2082/3578/3 2079/3556/3 498/3561/3
f 500/3576/3 2081/3574/3 2082/3578/3 2077/3579/3
f 2073/3580/3 500/3576/3 2077/3579/3 2078/3581/3
f 2078/3581/3 2077/3579/3 498/3561/3 2076/3568/3
f 1986/3582/3 2078/3581/3 2076/3568/3 97/3571/3
f 476/3583/3 2073/3580/3 2078/3581/3 1986/3582/3
f 2064/3584/3 495/3577/3 2074/3575/3 2075/3585/3
f 2075/3585/3 2074/3575/3 500/3576/3 2073/3580/3
f 1989/3586/3 2075/3585/3 2073/3580/3 476/3583/3
f 96/3587/3 2064/3584/3 2075/3585/3 1989/3586/3
f 2055/3588/3 102/3464/3 2071/3463/3 2072/3589/3
f 2072/3589/3 2071/3463/3 496/3460/3 2069/3590/3
f 2062/3591/3 2072/3589/3 2069/3590/3 497/3592/3
f 492/3593/3 2055/3588/3 2072/3589/3 2062/3591/3
f 2069/3590/3 496/3460/3 2068/3459/3 2070/3594/3
f 2070/3594/3 2068/3459/3 103/3448/3 2067/3572/3
f 2065/3595/3 2070/3594/3 2067/3572/3 495/3577/3
f 497/3592/3 2069/3590/3 2070/3594/3 2065/3595/3
f 2061/3596/3 497/3592/3 2065/3595/3 2066/3597/3
f 2066/3597/3 2065/3595/3 495/3577/3 2064/3584/3
f 1974/3598/3 2066/3597/3 2064/3584/3 96/3587/3
f 473/3599/3 2061/3596/3 2066/3597/3 1974/3598/3
f 2052/3600/3 492/3593/3 2062/3591/3 2063/3601/3
f 2063/3601/3 2062/3591/3 497/3592/3 2061/3596/3
f 1977/3602/3 2063/3601/3 2061/3596/3 473/3599/3
f 95/3603/3 2052/3600/3 2063/3601/3 1977/3602/3
f 2043/3604/3 101/3480/3 2059/3479/3 2060/3605/3
f 2060/3605/3 2059/3479/3 493/3476/3 2057/3606/3
f 2050/3607/3 2060/3605/3 2057/3606/3 494/3608/3
f 489/3609/3 2043/3604/3 2060/3605/3 2050/3607/3
f 2057/3606/3 493/3476/3 2056/3475/3 2058/3610/3
f 2058/3610/3 2056/3475/3 102/3464/3 2055/3588/3
f 2053/3611/3 2058/3610/3 2055/3588/3 492/3593/3
f 494/3608/3 2057/3606/3 2058/3610/3 2053/3611/3
f 2049/3612/3 494/3608/3 2053/3611/3 2054/3613/3
f 2054/3613/3 2053/3611/3 492/3593/3 2052/3600/3
f 1962/3614/3 2054/3613/3 2052/3600/3 95/3603/3
f 470/3615/3 2049/3612/3 2054/3613/3 1962/3614/3
f 2040/3616/3 489/3609/3 2050/3607/3 2051/3617/3
f 2051/3617/3 2050/3607/3 494/3608/3 2049/3612/3
f 1965/3618/3 2051/3617/3 2049/3612/3 470/3615/3
f 94/3619/3 2040/3616/3 2051/3617/3 1965/3618/3
f 2031/3620/3 100/3496/3 2047/3495/3 2048/3621/3
f 2048/3621/3 2047/3495/3 490/3492/3 2045/3622/3
f 2038/3623/3 2048/3621/3 2045/3622/3 491/3624/3
f 486/3625/3 2031/3620/3 2048/3621/3 2038/3623/3
f 2045/3622/3 490/3492/3 2044/3491/3 2046/3626/3
f 2046/3626/3 2044/3491/3 101/3480/3 2043/3604/3
f 2041/3627/3 2046/3626/3 2043/3604/3 489/3609/3
f 491/3624/3 2045/3622/3 2046/3626/3 2041/3627/3
f 2037/3628/3 491/3624/3 2041/3627/3 2042/3629/3
f 2042/3629/3 2041/3627/3 489/3609/3 2040/3616/3
f 1950/3630/3 2042/3629/3 2040/3616/3 94/3619/3
f 467/3631/3 2037/3628/3 2042/3629/3 1950/3630/3
f 2028/3632/3 486/3625/3 2038/3623/3 2039/3633/3
f 2039/3633/3 2038/3623/3 491/3624/3 2037/3628/3
f 1953/3634/3 2039/3633/3 2037/3628/3 467/3631/3
f 93/3635/3 2028/3632/3 2039/3633/3 1953/3634/3
f 2019/3636/3 99/3512/3 2035/3511/3 2036/3637/3
f 2036/3637/3 2035/3511/3 487/3508/3 2033/3638/3
f 2026/3639/3 2036/3637/3 2033/3638/3 488/3640/3
f 483/3641/3 2019/3636/3 2036/3637/3 2026/3639/3
f 2033/3638/3 487/3508/3 2032/3507/3 2034/3642/3
f 2034/3642/3 2032/3507/3 100/3496/3 2031/3620/3
f 2029/3643/3 2034/3642/3 2031/3620/3 486/3625/3
f 488/3640/3 2033/3638/3 2034/3642/3 2029/3643/3
f 2025/3644/3 488/3640/3 2029/3643/3 2030/3645/3
f 2030/3645/3 2029/3643/3 486/3625/3 2028/3632/3
f 1938/3646/3 2030/3645/3 2028/3632/3 93/3635/3
f 464/3647/3 2025/3644/3 2030/3645/3 1938/3646/3
f 2016/3648/3 483/3641/3 2026/3639/3 2027/3649/3
f 2027/3649/3 2026/3639/3 488/3640/3 2025/3644/3
f 1941/3650/3 2027/3649/3 2025/3644/3 464/3647/3
f 92/3651/3 2016/3648/3 2027/3649/3 1941/3650/3
f 6429/2301/175 6431/3055/175 2989/3549/2 2986/3652/2
f 6427/2302/175 6429/2301/175 2986/3652/2 2985/3653/2
f 2024/3654/3 2023/3529/3 484/3525/3 2021/3655/3
f 2014/3656/3 2024/3654/3 2021/3655/3 485/3657/3
f 6425/3059/175 6427/2302/175 2985/3653/2 2974/3658/2
f 6423/2311/175 6425/3059/175 2974/3658/2 2973/3659/2
f 2021/3655/3 484/3525/3 2020/3524/3 2022/3660/3
f 2022/3660/3 2020/3524/3 99/3512/3 2019/3636/3
f 2017/3661/3 2022/3660/3 2019/3636/3 483/3641/3
f 485/3657/3 2021/3655/3 2022/3660/3 2017/3661/3
f 2013/3662/3 485/3657/3 2017/3661/3 2018/3663/3
f 2018/3663/3 2017/3661/3 483/3641/3 2016/3648/3
f 1926/3664/3 2018/3663/3 2016/3648/3 92/3651/3
f 461/3665/3 2013/3662/3 2018/3663/3 1926/3664/3
f 6421/2312/175 6423/2311/175 2973/3659/2 2970/3666/2
f 6419/3063/175 6421/2312/175 2970/3666/2 2969/3667/2
f 2015/3668/3 2014/3656/3 485/3657/3 2013/3662/3
f 1929/3669/3 2015/3668/3 2013/3662/3 461/3665/3
f 6417/2321/175 6419/3063/175 2969/3667/2 2958/3670/2
f 6415/2322/175 6417/2321/175 2958/3670/2 2957/3671/2
f 1997/3672/3 98/3555/3 2011/3554/3 2012/3673/3
f 2012/3673/3 2011/3554/3 481/3550/3 2009/3674/3
f 2004/3675/3 2012/3673/3 2009/3674/3 482/3676/3
f 478/3677/3 1997/3672/3 2012/3673/3 2004/3675/3
f 2009/3674/3 481/3550/3 2008/3551/3 2010/3678/3
f 6413/3071/175 6415/2322/175 2957/3671/2 2954/3679/2
f 6411/3075/175 6413/3071/175 2954/3679/2 2953/3680/2
f 6409/3079/175 6411/3075/175 2953/3680/2 2942/3681/2
f 6407/3083/175 6409/3079/175 2942/3681/2 2941/3682/2
f 482/3676/3 2009/3674/3 2010/3678/3 2006/3683/3
f 2003/3684/3 482/3676/3 2006/3683/3 2007/3685/3
f 6405/3087/175 6407/3083/175 2941/3682/2 2938/3686/2
f 6403/3091/175 6405/3087/175 2938/3686/2 2937/3687/2
f 6397/3095/175 6403/3091/175 2937/3687/2 2926/3688/2
f 6400/3102/214 2935/3689/2 2936/3410/2 6402/3032/1
f 458/3690/3 2003/3684/3 2007/3685/3 1914/3691/3
f 1994/3692/3 478/3677/3 2004/3675/3 2005/3693/3
f 2005/3693/3 2004/3675/3 482/3676/3 2003/3684/3
f 1917/3694/3 2005/3693/3 2003/3684/3 458/3690/3
f 91/3695/3 1994/3692/3 2005/3693/3 1917/3694/3
f 1985/3696/3 97/3571/3 2001/3570/3 2002/3697/3
f 2002/3697/3 2001/3570/3 479/3567/3 1999/3698/3
f 1992/3699/3 2002/3697/3 1999/3698/3 480/3700/3
f 475/3701/3 1985/3696/3 2002/3697/3 1992/3699/3
f 1999/3698/3 479/3567/3 1998/3566/3 2000/3702/3
f 2000/3702/3 1998/3566/3 98/3555/3 1997/3672/3
f 1995/3703/3 2000/3702/3 1997/3672/3 478/3677/3
f 480/3700/3 1999/3698/3 2000/3702/3 1995/3703/3
f 1991/3704/3 480/3700/3 1995/3703/3 1996/3705/3
f 1996/3705/3 1995/3703/3 478/3677/3 1994/3692/3
f 1904/3706/3 1996/3705/3 1994/3692/3 91/3695/3
f 456/3707/3 1991/3704/3 1996/3705/3 1904/3706/3
f 1982/3708/3 475/3701/3 1992/3699/3 1993/3709/3
f 1993/3709/3 1992/3699/3 480/3700/3 1991/3704/3
f 1907/3710/3 1993/3709/3 1991/3704/3 456/3707/3
f 90/3711/3 1982/3708/3 1993/3709/3 1907/3710/3
f 1973/3712/3 96/3587/3 1989/3586/3 1990/3713/3
f 1990/3713/3 1989/3586/3 476/3583/3 1987/3714/3
f 1980/3715/3 1990/3713/3 1987/3714/3 477/3716/3
f 472/3717/3 1973/3712/3 1990/3713/3 1980/3715/3
f 1987/3714/3 476/3583/3 1986/3582/3 1988/3718/3
f 1988/3718/3 1986/3582/3 97/3571/3 1985/3696/3
f 1983/3719/3 1988/3718/3 1985/3696/3 475/3701/3
f 477/3716/3 1987/3714/3 1988/3718/3 1983/3719/3
f 1979/3720/3 477/3716/3 1983/3719/3 1984/3721/3
f 1984/3721/3 1983/3719/3 475/3701/3 1982/3708/3
f 1892/3722/3 1984/3721/3 1982/3708/3 90/3711/3
f 453/3723/3 1979/3720/3 1984/3721/3 1892/3722/3
f 1970/3724/3 472/3717/3 1980/3715/3 1981/3725/3
f 1981/3725/3 1980/3715/3 477/3716/3 1979/3720/3
f 1895/3726/3 1981/3725/3 1979/3720/3 453/3723/3
f 89/3727/3 1970/3724/3 1981/3725/3 1895/3726/3
f 1961/3728/3 95/3603/3 1977/3602/3 1978/3729/3
f 1978/3729/3 1977/3602/3 473/3599/3 1975/3730/3
f 1968/3731/3 1978/3729/3 1975/3730/3 474/3732/3
f 469/3733/3 1961/3728/3 1978/3729/3 1968/3731/3
f 1975/3730/3 473/3599/3 1974/3598/3 1976/3734/3
f 1976/3734/3 1974/3598/3 96/3587/3 1973/3712/3
f 1971/3735/3 1976/3734/3 1973/3712/3 472/3717/3
f 474/3732/3 1975/3730/3 1976/3734/3 1971/3735/3
f 1967/3736/3 474/3732/3 1971/3735/3 1972/3737/3
f 1972/3737/3 1971/3735/3 472/3717/3 1970/3724/3
f 1880/3738/3 1972/3737/3 1970/3724/3 89/3727/3
f 450/3739/3 1967/3736/3 1972/3737/3 1880/3738/3
f 1958/3740/3 469/3733/3 1968/3731/3 1969/3741/3
f 1969/3741/3 1968/3731/3 474/3732/3 1967/3736/3
f 1883/3742/3 1969/3741/3 1967/3736/3 450/3739/3
f 88/3743/3 1958/3740/3 1969/3741/3 1883/3742/3
f 1949/3744/3 94/3619/3 1965/3618/3 1966/3745/3
f 1966/3745/3 1965/3618/3 470/3615/3 1963/3746/3
f 1956/3747/3 1966/3745/3 1963/3746/3 471/3748/3
f 466/3749/3 1949/3744/3 1966/3745/3 1956/3747/3
f 1963/3746/3 470/3615/3 1962/3614/3 1964/3750/3
f 1964/3750/3 1962/3614/3 95/3603/3 1961/3728/3
f 1959/3751/3 1964/3750/3 1961/3728/3 469/3733/3
f 471/3748/3 1963/3746/3 1964/3750/3 1959/3751/3
f 1955/3752/3 471/3748/3 1959/3751/3 1960/3753/3
f 1960/3753/3 1959/3751/3 469/3733/3 1958/3740/3
f 1868/3754/3 1960/3753/3 1958/3740/3 88/3743/3
f 447/3755/3 1955/3752/3 1960/3753/3 1868/3754/3
f 1946/3756/3 466/3749/3 1956/3747/3 1957/3757/3
f 1957/3757/3 1956/3747/3 471/3748/3 1955/3752/3
f 1871/3758/3 1957/3757/3 1955/3752/3 447/3755/3
f 87/3759/3 1946/3756/3 1957/3757/3 1871/3758/3
f 1937/3760/3 93/3635/3 1953/3634/3 1954/3761/3
f 1954/3761/3 1953/3634/3 467/3631/3 1951/3762/3
f 1944/3763/3 1954/3761/3 1951/3762/3 468/3764/3
f 463/3765/3 1937/3760/3 1954/3761/3 1944/3763/3
f 1951/3762/3 467/3631/3 1950/3630/3 1952/3766/3
f 1952/3766/3 1950/3630/3 94/3619/3 1949/3744/3
f 1947/3767/3 1952/3766/3 1949/3744/3 466/3749/3
f 468/3764/3 1951/3762/3 1952/3766/3 1947/3767/3
f 1943/3768/3 468/3764/3 1947/3767/3 1948/3769/3
f 1948/3769/3 1947/3767/3 466/3749/3 1946/3756/3
f 1856/3770/3 1948/3769/3 1946/3756/3 87/3759/3
f 444/3771/3 1943/3768/3 1948/3769/3 1856/3770/3
f 1934/3772/3 463/3765/3 1944/3763/3 1945/3773/3
f 1945/3773/3 1944/3763/3 468/3764/3 1943/3768/3
f 1859/3774/3 1945/3773/3 1943/3768/3 444/3771/3
f 86/3775/3 1934/3772/3 1945/3773/3 1859/3774/3
f 1925/3776/3 92/3651/3 1941/3650/3 1942/3777/3
f 1942/3777/3 1941/3650/3 464/3647/3 1939/3778/3
f 1932/3779/3 1942/3777/3 1939/3778/3 465/3780/3
f 460/3781/3 1925/3776/3 1942/3777/3 1932/3779/3
f 1939/3778/3 464/3647/3 1938/3646/3 1940/3782/3
f 1940/3782/3 1938/3646/3 93/3635/3 1937/3760/3
f 1935/3783/3 1940/3782/3 1937/3760/3 463/3765/3
f 465/3780/3 1939/3778/3 1940/3782/3 1935/3783/3
f 1931/3784/3 465/3780/3 1935/3783/3 1936/3785/3
f 1936/3785/3 1935/3783/3 463/3765/3 1934/3772/3
f 1844/3786/3 1936/3785/3 1934/3772/3 86/3775/3
f 441/3787/3 1931/3784/3 1936/3785/3 1844/3786/3
f 1922/3788/3 460/3781/3 1932/3779/3 1933/3789/3
f 1933/3789/3 1932/3779/3 465/3780/3 1931/3784/3
f 1847/3790/3 1933/3789/3 1931/3784/3 441/3787/3
f 85/3791/3 1922/3788/3 1933/3789/3 1847/3790/3
f 2935/3689/2 6400/3102/214 6394/3106/217 2924/3792/2
f 6395/3107/218 6397/3095/175 2926/3688/2 2925/3793/2
f 1930/3794/3 1929/3669/3 461/3665/3 1927/3795/3
f 1920/3796/3 1930/3794/3 1927/3795/3 462/3797/3
f 2925/3793/2 2922/3798/2 6391/3111/221 6395/3107/218
f 2924/3792/2 6394/3106/217 6390/3118/226 2921/3799/2
f 1927/3795/3 461/3665/3 1926/3664/3 1928/3800/3
f 1928/3800/3 1926/3664/3 92/3651/3 1925/3776/3
f 1923/3801/3 1928/3800/3 1925/3776/3 460/3781/3
f 462/3797/3 1927/3795/3 1928/3800/3 1923/3801/3
f 1919/3802/3 462/3797/3 1923/3801/3 1924/3803/3
f 1924/3803/3 1923/3801/3 460/3781/3 1922/3788/3
f 1832/3804/3 1924/3803/3 1922/3788/3 85/3791/3
f 438/3805/3 1919/3802/3 1924/3803/3 1832/3804/3
f 2922/3798/2 2921/3799/2 6387/3119/227 6391/3111/221
f 2921/3799/2 6390/3118/226 6386/3123/230 6387/3119/227
f 1921/3806/3 1920/3796/3 462/3797/3 1919/3802/3
f 1835/3807/3 1921/3806/3 1919/3802/3 438/3805/3
f 6388/3122/229 6385/3130/232 5841/532/16 6113/531/15
f 6385/3131/232 6389/3115/224 6115/538/20 5841/537/16
f 1903/3808/3 91/3695/3 1917/3694/3 1918/3809/3
f 1918/3809/3 1917/3694/3 458/3690/3 1915/3810/3
f 1910/3811/3 1918/3809/3 1915/3810/3 459/3812/3
f 455/3813/3 1903/3808/3 1918/3809/3 1910/3811/3
f 1915/3810/3 458/3690/3 1914/3691/3 1916/3814/3
f 699/3815/3 6114/3136/234 5842/3135/233 6116/548/25
f 6392/3114/223 6388/3122/229 6113/531/15 5969/542/22
f 697/3816/3 5970/3137/235 6114/3136/234 699/3815/3
f 6389/3115/224 6393/3103/215 5971/557/32 6115/538/20
f 459/3812/3 1915/3810/3 1916/3814/3 1912/3817/3
f 1909/3818/3 459/3812/3 1912/3817/3 1913/3819/3
f 698/3820/3 699/3815/3 6116/548/25 5972/547/24
f 6396/3110/220 6392/3114/223 5969/542/22 6117/549/26
f 702/3821/3 6118/551/28 5970/3137/235 697/3816/3
f 6398/3098/177 6396/3110/220 6117/549/26 5967/566/37
f 435/3822/3 1909/3818/3 1913/3819/3 1820/3823/3
f 1900/3824/3 455/3813/3 1910/3811/3 1911/3825/3
f 1911/3825/3 1910/3811/3 459/3812/3 1909/3818/3
f 1823/3826/3 1911/3825/3 1909/3818/3 435/3822/3
f 84/3827/3 1900/3824/3 1911/3825/3 1823/3826/3
f 1891/3828/3 90/3711/3 1907/3710/3 1908/3829/3
f 1908/3829/3 1907/3710/3 456/3707/3 1905/3830/3
f 1898/3831/3 1908/3829/3 1905/3830/3 457/3832/3
f 452/3833/3 1891/3828/3 1908/3829/3 1898/3831/3
f 1905/3830/3 456/3707/3 1904/3706/3 1906/3834/3
f 1906/3834/3 1904/3706/3 91/3695/3 1903/3808/3
f 1901/3835/3 1906/3834/3 1903/3808/3 455/3813/3
f 457/3832/3 1905/3830/3 1906/3834/3 1901/3835/3
f 1897/3836/3 457/3832/3 1901/3835/3 1902/3837/3
f 1902/3837/3 1901/3835/3 455/3813/3 1900/3824/3
f 1810/3838/3 1902/3837/3 1900/3824/3 84/3827/3
f 433/3839/3 1897/3836/3 1902/3837/3 1810/3838/3
f 1888/3840/3 452/3833/3 1898/3831/3 1899/3841/3
f 1899/3841/3 1898/3831/3 457/3832/3 1897/3836/3
f 1813/3842/3 1899/3841/3 1897/3836/3 433/3839/3
f 83/3843/3 1888/3840/3 1899/3841/3 1813/3842/3
f 1879/3844/3 89/3727/3 1895/3726/3 1896/3845/3
f 1896/3845/3 1895/3726/3 453/3723/3 1893/3846/3
f 1886/3847/3 1896/3845/3 1893/3846/3 454/3848/3
f 449/3849/3 1879/3844/3 1896/3845/3 1886/3847/3
f 1893/3846/3 453/3723/3 1892/3722/3 1894/3850/3
f 1894/3850/3 1892/3722/3 90/3711/3 1891/3828/3
f 1889/3851/3 1894/3850/3 1891/3828/3 452/3833/3
f 454/3848/3 1893/3846/3 1894/3850/3 1889/3851/3
f 1885/3852/3 454/3848/3 1889/3851/3 1890/3853/3
f 1890/3853/3 1889/3851/3 452/3833/3 1888/3840/3
f 1798/3854/3 1890/3853/3 1888/3840/3 83/3843/3
f 430/3855/3 1885/3852/3 1890/3853/3 1798/3854/3
f 1876/3856/3 449/3849/3 1886/3847/3 1887/3857/3
f 1887/3857/3 1886/3847/3 454/3848/3 1885/3852/3
f 1801/3858/3 1887/3857/3 1885/3852/3 430/3855/3
f 82/3859/3 1876/3856/3 1887/3857/3 1801/3858/3
f 1867/3860/3 88/3743/3 1883/3742/3 1884/3861/3
f 1884/3861/3 1883/3742/3 450/3739/3 1881/3862/3
f 1874/3863/3 1884/3861/3 1881/3862/3 451/3864/3
f 446/3865/3 1867/3860/3 1884/3861/3 1874/3863/3
f 1881/3862/3 450/3739/3 1880/3738/3 1882/3866/3
f 1882/3866/3 1880/3738/3 89/3727/3 1879/3844/3
f 1877/3867/3 1882/3866/3 1879/3844/3 449/3849/3
f 451/3864/3 1881/3862/3 1882/3866/3 1877/3867/3
f 1873/3868/3 451/3864/3 1877/3867/3 1878/3869/3
f 1878/3869/3 1877/3867/3 449/3849/3 1876/3856/3
f 1786/3870/3 1878/3869/3 1876/3856/3 82/3859/3
f 427/3871/3 1873/3868/3 1878/3869/3 1786/3870/3
f 1864/3872/3 446/3865/3 1874/3863/3 1875/3873/3
f 1875/3873/3 1874/3863/3 451/3864/3 1873/3868/3
f 1789/3874/3 1875/3873/3 1873/3868/3 427/3871/3
f 81/3875/3 1864/3872/3 1875/3873/3 1789/3874/3
f 1855/3876/3 87/3759/3 1871/3758/3 1872/3877/3
f 1872/3877/3 1871/3758/3 447/3755/3 1869/3878/3
f 1862/3879/3 1872/3877/3 1869/3878/3 448/3880/3
f 443/3881/3 1855/3876/3 1872/3877/3 1862/3879/3
f 1869/3878/3 447/3755/3 1868/3754/3 1870/3882/3
f 1870/3882/3 1868/3754/3 88/3743/3 1867/3860/3
f 1865/3883/3 1870/3882/3 1867/3860/3 446/3865/3
f 448/3880/3 1869/3878/3 1870/3882/3 1865/3883/3
f 1861/3884/3 448/3880/3 1865/3883/3 1866/3885/3
f 1866/3885/3 1865/3883/3 446/3865/3 1864/3872/3
f 1774/3886/3 1866/3885/3 1864/3872/3 81/3875/3
f 424/3887/3 1861/3884/3 1866/3885/3 1774/3886/3
f 1852/3888/3 443/3881/3 1862/3879/3 1863/3889/3
f 1863/3889/3 1862/3879/3 448/3880/3 1861/3884/3
f 1777/3890/3 1863/3889/3 1861/3884/3 424/3887/3
f 80/3891/3 1852/3888/3 1863/3889/3 1777/3890/3
f 1843/3892/3 86/3775/3 1859/3774/3 1860/3893/3
f 1860/3893/3 1859/3774/3 444/3771/3 1857/3894/3
f 1850/3895/3 1860/3893/3 1857/3894/3 445/3896/3
f 440/3897/3 1843/3892/3 1860/3893/3 1850/3895/3
f 1857/3894/3 444/3771/3 1856/3770/3 1858/3898/3
f 1858/3898/3 1856/3770/3 87/3759/3 1855/3876/3
f 1853/3899/3 1858/3898/3 1855/3876/3 443/3881/3
f 445/3896/3 1857/3894/3 1858/3898/3 1853/3899/3
f 1849/3900/3 445/3896/3 1853/3899/3 1854/3901/3
f 1854/3901/3 1853/3899/3 443/3881/3 1852/3888/3
f 1762/3902/3 1854/3901/3 1852/3888/3 80/3891/3
f 421/3903/3 1849/3900/3 1854/3901/3 1762/3902/3
f 1840/3904/3 440/3897/3 1850/3895/3 1851/3905/3
f 1851/3905/3 1850/3895/3 445/3896/3 1849/3900/3
f 1765/3906/3 1851/3905/3 1849/3900/3 421/3903/3
f 79/3907/3 1840/3904/3 1851/3905/3 1765/3906/3
f 1831/3908/3 85/3791/3 1847/3790/3 1848/3909/3
f 1848/3909/3 1847/3790/3 441/3787/3 1845/3910/3
f 1838/3911/3 1848/3909/3 1845/3910/3 442/3912/3
f 437/3913/3 1831/3908/3 1848/3909/3 1838/3911/3
f 1845/3910/3 441/3787/3 1844/3786/3 1846/3914/3
f 1846/3914/3 1844/3786/3 86/3775/3 1843/3892/3
f 1841/3915/3 1846/3914/3 1843/3892/3 440/3897/3
f 442/3912/3 1845/3910/3 1846/3914/3 1841/3915/3
f 1837/3916/3 442/3912/3 1841/3915/3 1842/3917/3
f 1842/3917/3 1841/3915/3 440/3897/3 1840/3904/3
f 1750/3918/3 1842/3917/3 1840/3904/3 79/3907/3
f 418/3919/3 1837/3916/3 1842/3917/3 1750/3918/3
f 1828/3920/3 437/3913/3 1838/3911/3 1839/3921/3
f 1839/3921/3 1838/3911/3 442/3912/3 1837/3916/3
f 1753/3922/3 1839/3921/3 1837/3916/3 418/3919/3
f 78/3923/3 1828/3920/3 1839/3921/3 1753/3922/3
f 6118/551/28 702/3821/3 700/3924/3 5968/552/29
f 6393/3103/215 6399/3099/212 6119/558/33 5971/557/32
f 1836/3925/3 1835/3807/3 438/3805/3 1833/3926/3
f 1826/3927/3 1836/3925/3 1833/3926/3 439/3928/3
f 708/3929/3 698/3820/3 5972/547/24 6120/562/36
f 6399/3099/212 6401/3029/14 5843/3139/55 6119/558/33
f 1833/3926/3 438/3805/3 1832/3804/3 1834/3930/3
f 1834/3930/3 1832/3804/3 85/3791/3 1831/3908/3
f 1829/3931/3 1834/3930/3 1831/3908/3 437/3913/3
f 439/3928/3 1833/3926/3 1834/3930/3 1829/3931/3
f 1825/3932/3 439/3928/3 1829/3931/3 1830/3933/3
f 1830/3933/3 1829/3931/3 437/3913/3 1828/3920/3
f 1738/3934/3 1830/3933/3 1828/3920/3 78/3923/3
f 415/3935/3 1825/3932/3 1830/3933/3 1738/3934/3
f 6120/562/36 5844/561/35 707/3936/3 708/3929/3
f 6404/3094/177 6398/3098/177 5967/566/37 6121/565/37
f 1827/3937/3 1826/3927/3 439/3928/3 1825/3932/3
f 1741/3938/3 1827/3937/3 1825/3932/3 415/3935/3
f 5968/552/29 700/3924/3 711/3939/3 6122/570/29
f 6406/3090/177 6404/3094/177 6121/565/37 5973/3142/37
f 1809/3940/3 84/3827/3 1823/3826/3 1824/3941/3
f 1824/3941/3 1823/3826/3 435/3822/3 1821/3942/3
f 1816/3943/3 1824/3941/3 1821/3942/3 436/3944/3
f 432/3945/3 1809/3940/3 1824/3941/3 1816/3943/3
f 1821/3942/3 435/3822/3 1820/3823/3 1822/3946/3
f 6122/570/29 711/3939/3 709/3947/3 5974/571/29
f 6408/3086/177 6406/3090/177 5973/3142/37 6123/3143/37
f 5974/571/29 709/3947/3 714/3948/3 6124/576/29
f 6410/3082/177 6408/3086/177 6123/3143/37 5965/580/37
f 436/3944/3 1821/3942/3 1822/3946/3 1818/3949/3
f 1815/3950/3 436/3944/3 1818/3949/3 1819/3951/3
f 6124/576/29 714/3948/3 712/3952/3 5966/577/29
f 6412/3078/177 6410/3082/177 5965/580/37 6125/579/37
f 5966/577/29 712/3952/3 723/3953/3 6126/3146/29
f 6414/3074/177 6412/3078/177 6125/579/37 5975/584/37
f 412/3954/3 1815/3950/3 1819/3951/3 1726/3955/3
f 1806/3956/3 432/3945/3 1816/3943/3 1817/3957/3
f 1817/3957/3 1816/3943/3 436/3944/3 1815/3950/3
f 1729/3958/3 1817/3957/3 1815/3950/3 412/3954/3
f 77/3959/3 1806/3956/3 1817/3957/3 1729/3958/3
f 1797/3960/3 83/3843/3 1813/3842/3 1814/3961/3
f 1814/3961/3 1813/3842/3 433/3839/3 1811/3962/3
f 1804/3963/3 1814/3961/3 1811/3962/3 434/3964/3
f 429/3965/3 1797/3960/3 1814/3961/3 1804/3963/3
f 1811/3962/3 433/3839/3 1810/3838/3 1812/3966/3
f 1812/3966/3 1810/3838/3 84/3827/3 1809/3940/3
f 1807/3967/3 1812/3966/3 1809/3940/3 432/3945/3
f 434/3964/3 1811/3962/3 1812/3966/3 1807/3967/3
f 1803/3968/3 434/3964/3 1807/3967/3 1808/3969/3
f 1808/3969/3 1807/3967/3 432/3945/3 1806/3956/3
f 1716/3970/3 1808/3969/3 1806/3956/3 77/3959/3
f 410/3971/3 1803/3968/3 1808/3969/3 1716/3970/3
f 1794/3972/3 429/3965/3 1804/3963/3 1805/3973/3
f 1805/3973/3 1804/3963/3 434/3964/3 1803/3968/3
f 1719/3974/3 1805/3973/3 1803/3968/3 410/3971/3
f 76/3975/3 1794/3972/3 1805/3973/3 1719/3974/3
f 1785/3976/3 82/3859/3 1801/3858/3 1802/3977/3
f 1802/3977/3 1801/3858/3 430/3855/3 1799/3978/3
f 1792/3979/3 1802/3977/3 1799/3978/3 431/3980/3
f 426/3981/3 1785/3976/3 1802/3977/3 1792/3979/3
f 1799/3978/3 430/3855/3 1798/3854/3 1800/3982/3
f 1800/3982/3 1798/3854/3 83/3843/3 1797/3960/3
f 1795/3983/3 1800/3982/3 1797/3960/3 429/3965/3
f 431/3980/3 1799/3978/3 1800/3982/3 1795/3983/3
f 1791/3984/3 431/3980/3 1795/3983/3 1796/3985/3
f 1796/3985/3 1795/3983/3 429/3965/3 1794/3972/3
f 1704/3986/3 1796/3985/3 1794/3972/3 76/3975/3
f 407/3987/3 1791/3984/3 1796/3985/3 1704/3986/3
f 1782/3988/3 426/3981/3 1792/3979/3 1793/3989/3
f 1793/3989/3 1792/3979/3 431/3980/3 1791/3984/3
f 1707/3990/3 1793/3989/3 1791/3984/3 407/3987/3
f 75/3991/3 1782/3988/3 1793/3989/3 1707/3990/3
f 1773/3992/3 81/3875/3 1789/3874/3 1790/3993/3
f 1790/3993/3 1789/3874/3 427/3871/3 1787/3994/3
f 1780/3995/3 1790/3993/3 1787/3994/3 428/3996/3
f 423/3997/3 1773/3992/3 1790/3993/3 1780/3995/3
f 1787/3994/3 427/3871/3 1786/3870/3 1788/3998/3
f 1788/3998/3 1786/3870/3 82/3859/3 1785/3976/3
f 1783/3999/3 1788/3998/3 1785/3976/3 426/3981/3
f 428/3996/3 1787/3994/3 1788/3998/3 1783/3999/3
f 1779/4000/3 428/3996/3 1783/3999/3 1784/4001/3
f 1784/4001/3 1783/3999/3 426/3981/3 1782/3988/3
f 1692/4002/3 1784/4001/3 1782/3988/3 75/3991/3
f 404/4003/3 1779/4000/3 1784/4001/3 1692/4002/3
f 1770/4004/3 423/3997/3 1780/3995/3 1781/4005/3
f 1781/4005/3 1780/3995/3 428/3996/3 1779/4000/3
f 1695/4006/3 1781/4005/3 1779/4000/3 404/4003/3
f 74/4007/3 1770/4004/3 1781/4005/3 1695/4006/3
f 1761/4008/3 80/3891/3 1777/3890/3 1778/4009/3
f 1778/4009/3 1777/3890/3 424/3887/3 1775/4010/3
f 1768/4011/3 1778/4009/3 1775/4010/3 425/4012/3
f 420/4013/3 1761/4008/3 1778/4009/3 1768/4011/3
f 1775/4010/3 424/3887/3 1774/3886/3 1776/4014/3
f 1776/4014/3 1774/3886/3 81/3875/3 1773/3992/3
f 1771/4015/3 1776/4014/3 1773/3992/3 423/3997/3
f 425/4012/3 1775/4010/3 1776/4014/3 1771/4015/3
f 1767/4016/3 425/4012/3 1771/4015/3 1772/4017/3
f 1772/4017/3 1771/4015/3 423/3997/3 1770/4004/3
f 1680/4018/3 1772/4017/3 1770/4004/3 74/4007/3
f 401/4019/3 1767/4016/3 1772/4017/3 1680/4018/3
f 1758/4020/3 420/4013/3 1768/4011/3 1769/4021/3
f 1769/4021/3 1768/4011/3 425/4012/3 1767/4016/3
f 1683/4022/3 1769/4021/3 1767/4016/3 401/4019/3
f 73/4023/3 1758/4020/3 1769/4021/3 1683/4022/3
f 1749/4024/3 79/3907/3 1765/3906/3 1766/4025/3
f 1766/4025/3 1765/3906/3 421/3903/3 1763/4026/3
f 1756/4027/3 1766/4025/3 1763/4026/3 422/4028/3
f 417/4029/3 1749/4024/3 1766/4025/3 1756/4027/3
f 1763/4026/3 421/3903/3 1762/3902/3 1764/4030/3
f 1764/4030/3 1762/3902/3 80/3891/3 1761/4008/3
f 1759/4031/3 1764/4030/3 1761/4008/3 420/4013/3
f 422/4028/3 1763/4026/3 1764/4030/3 1759/4031/3
f 1755/4032/3 422/4028/3 1759/4031/3 1760/4033/3
f 1760/4033/3 1759/4031/3 420/4013/3 1758/4020/3
f 1668/4034/3 1760/4033/3 1758/4020/3 73/4023/3
f 398/4035/3 1755/4032/3 1760/4033/3 1668/4034/3
f 1746/4036/3 417/4029/3 1756/4027/3 1757/4037/3
f 1757/4037/3 1756/4027/3 422/4028/3 1755/4032/3
f 1671/4038/3 1757/4037/3 1755/4032/3 398/4035/3
f 72/4039/3 1746/4036/3 1757/4037/3 1671/4038/3
f 1737/4040/3 78/3923/3 1753/3922/3 1754/4041/3
f 1754/4041/3 1753/3922/3 418/3919/3 1751/4042/3
f 1744/4043/3 1754/4041/3 1751/4042/3 419/4044/3
f 414/4045/3 1737/4040/3 1754/4041/3 1744/4043/3
f 1751/4042/3 418/3919/3 1750/3918/3 1752/4046/3
f 1752/4046/3 1750/3918/3 79/3907/3 1749/4024/3
f 1747/4047/3 1752/4046/3 1749/4024/3 417/4029/3
f 419/4044/3 1751/4042/3 1752/4046/3 1747/4047/3
f 1743/4048/3 419/4044/3 1747/4047/3 1748/4049/3
f 1748/4049/3 1747/4047/3 417/4029/3 1746/4036/3
f 1656/4050/3 1748/4049/3 1746/4036/3 72/4039/3
f 395/4051/3 1743/4048/3 1748/4049/3 1656/4050/3
f 1734/4052/3 414/4045/3 1744/4043/3 1745/4053/3
f 1745/4053/3 1744/4043/3 419/4044/3 1743/4048/3
f 1659/4054/3 1745/4053/3 1743/4048/3 395/4051/3
f 71/4055/3 1734/4052/3 1745/4053/3 1659/4054/3
f 6126/3146/29 723/3953/3 721/4056/3 5976/587/29
f 6416/3070/177 6414/3074/177 5975/584/37 6127/592/37
f 1742/4057/3 1741/3938/3 415/3935/3 1739/4058/3
f 1732/4059/3 1742/4057/3 1739/4058/3 416/4060/3
f 5976/587/29 721/4056/3 726/4061/3 6128/588/29
f 6418/3068/177 6416/3070/177 6127/592/37 5963/591/37
f 1739/4058/3 415/3935/3 1738/3934/3 1740/4062/3
f 1740/4062/3 1738/3934/3 78/3923/3 1737/4040/3
f 1735/4063/3 1740/4062/3 1737/4040/3 414/4045/3
f 416/4060/3 1739/4058/3 1740/4062/3 1735/4063/3
f 1731/4064/3 416/4060/3 1735/4063/3 1736/4065/3
f 1736/4065/3 1735/4063/3 414/4045/3 1734/4052/3
f 1644/4066/3 1736/4065/3 1734/4052/3 71/4055/3
f 392/4067/3 1731/4064/3 1736/4065/3 1644/4066/3
f 6128/588/29 726/4061/3 724/4068/3 5964/3147/29
f 6420/3066/177 6418/3068/177 5963/591/37 6129/595/37
f 1733/4069/3 1732/4059/3 416/4060/3 1731/4064/3
f 1647/4070/3 1733/4069/3 1731/4064/3 392/4067/3
f 5964/3147/29 724/4068/3 735/4071/3 6130/3150/29
f 6422/2319/177 6420/3066/177 6129/595/37 5977/599/37
f 1715/4072/3 77/3959/3 1729/3958/3 1730/4073/3
f 1730/4073/3 1729/3958/3 412/3954/3 1727/4074/3
f 1722/4075/3 1730/4073/3 1727/4074/3 413/4076/3
f 409/4077/3 1715/4072/3 1730/4073/3 1722/4075/3
f 1727/4074/3 412/3954/3 1726/3955/3 1728/4078/3
f 6130/3150/29 735/4071/3 733/4079/3 5978/3151/29
f 6424/2320/177 6422/2319/177 5977/599/37 6131/601/37
f 5978/3151/29 733/4079/3 738/4080/3 6132/3154/29
f 6426/3062/177 6424/2320/177 6131/601/37 5961/604/37
f 413/4076/3 1727/4074/3 1728/4078/3 1724/4081/3
f 1721/4082/3 413/4076/3 1724/4081/3 1725/4083/3
f 6132/3154/29 738/4080/3 736/4084/3 5962/3155/29
f 6428/2307/177 6426/3062/177 5961/604/37 6133/605/37
f 5962/3155/29 736/4084/3 747/4085/3 6134/3158/29
f 6430/2308/177 6428/2307/177 6133/605/37 5979/608/37
f 389/4086/3 1721/4082/3 1725/4083/3 1632/4087/3
f 1712/4088/3 409/4077/3 1722/4075/3 1723/4089/3
f 1723/4089/3 1722/4075/3 413/4076/3 1721/4082/3
f 1635/4090/3 1723/4089/3 1721/4082/3 389/4086/3
f 70/4091/3 1712/4088/3 1723/4089/3 1635/4090/3
f 1703/4092/3 76/3975/3 1719/3974/3 1720/4093/3
f 1720/4093/3 1719/3974/3 410/3971/3 1717/4094/3
f 1710/4095/3 1720/4093/3 1717/4094/3 411/4096/3
f 406/4097/3 1703/4092/3 1720/4093/3 1710/4095/3
f 1717/4094/3 410/3971/3 1716/3970/3 1718/4098/3
f 1718/4098/3 1716/3970/3 77/3959/3 1715/4072/3
f 1713/4099/3 1718/4098/3 1715/4072/3 409/4077/3
f 411/4096/3 1717/4094/3 1718/4098/3 1713/4099/3
f 1709/4100/3 411/4096/3 1713/4099/3 1714/4101/3
f 1714/4101/3 1713/4099/3 409/4077/3 1712/4088/3
f 1622/4102/3 1714/4101/3 1712/4088/3 70/4091/3
f 387/4103/3 1709/4100/3 1714/4101/3 1622/4102/3
f 1700/4104/3 406/4097/3 1710/4095/3 1711/4105/3
f 1711/4105/3 1710/4095/3 411/4096/3 1709/4100/3
f 1625/4106/3 1711/4105/3 1709/4100/3 387/4103/3
f 69/4107/3 1700/4104/3 1711/4105/3 1625/4106/3
f 1691/4108/3 75/3991/3 1707/3990/3 1708/4109/3
f 1708/4109/3 1707/3990/3 407/3987/3 1705/4110/3
f 1698/4111/3 1708/4109/3 1705/4110/3 408/4112/3
f 403/4113/3 1691/4108/3 1708/4109/3 1698/4111/3
f 1705/4110/3 407/3987/3 1704/3986/3 1706/4114/3
f 1706/4114/3 1704/3986/3 76/3975/3 1703/4092/3
f 1701/4115/3 1706/4114/3 1703/4092/3 406/4097/3
f 408/4112/3 1705/4110/3 1706/4114/3 1701/4115/3
f 1697/4116/3 408/4112/3 1701/4115/3 1702/4117/3
f 1702/4117/3 1701/4115/3 406/4097/3 1700/4104/3
f 1610/4118/3 1702/4117/3 1700/4104/3 69/4107/3
f 384/4119/3 1697/4116/3 1702/4117/3 1610/4118/3
f 1688/4120/3 403/4113/3 1698/4111/3 1699/4121/3
f 1699/4121/3 1698/4111/3 408/4112/3 1697/4116/3
f 1613/4122/3 1699/4121/3 1697/4116/3 384/4119/3
f 68/4123/3 1688/4120/3 1699/4121/3 1613/4122/3
f 1679/4124/3 74/4007/3 1695/4006/3 1696/4125/3
f 1696/4125/3 1695/4006/3 404/4003/3 1693/4126/3
f 1686/4127/3 1696/4125/3 1693/4126/3 405/4128/3
f 400/4129/3 1679/4124/3 1696/4125/3 1686/4127/3
f 1693/4126/3 404/4003/3 1692/4002/3 1694/4130/3
f 1694/4130/3 1692/4002/3 75/3991/3 1691/4108/3
f 1689/4131/3 1694/4130/3 1691/4108/3 403/4113/3
f 405/4128/3 1693/4126/3 1694/4130/3 1689/4131/3
f 1685/4132/3 405/4128/3 1689/4131/3 1690/4133/3
f 1690/4133/3 1689/4131/3 403/4113/3 1688/4120/3
f 1598/4134/3 1690/4133/3 1688/4120/3 68/4123/3
f 381/4135/3 1685/4132/3 1690/4133/3 1598/4134/3
f 1676/4136/3 400/4129/3 1686/4127/3 1687/4137/3
f 1687/4137/3 1686/4127/3 405/4128/3 1685/4132/3
f 1601/4138/3 1687/4137/3 1685/4132/3 381/4135/3
f 67/4139/3 1676/4136/3 1687/4137/3 1601/4138/3
f 1667/4140/3 73/4023/3 1683/4022/3 1684/4141/3
f 1684/4141/3 1683/4022/3 401/4019/3 1681/4142/3
f 1674/4143/3 1684/4141/3 1681/4142/3 402/4144/3
f 397/4145/3 1667/4140/3 1684/4141/3 1674/4143/3
f 1681/4142/3 401/4019/3 1680/4018/3 1682/4146/3
f 1682/4146/3 1680/4018/3 74/4007/3 1679/4124/3
f 1677/4147/3 1682/4146/3 1679/4124/3 400/4129/3
f 402/4144/3 1681/4142/3 1682/4146/3 1677/4147/3
f 1673/4148/3 402/4144/3 1677/4147/3 1678/4149/3
f 1678/4149/3 1677/4147/3 400/4129/3 1676/4136/3
f 1586/4150/3 1678/4149/3 1676/4136/3 67/4139/3
f 378/4151/3 1673/4148/3 1678/4149/3 1586/4150/3
f 1664/4152/3 397/4145/3 1674/4143/3 1675/4153/3
f 1675/4153/3 1674/4143/3 402/4144/3 1673/4148/3
f 1589/4154/3 1675/4153/3 1673/4148/3 378/4151/3
f 66/4155/3 1664/4152/3 1675/4153/3 1589/4154/3
f 1655/4156/3 72/4039/3 1671/4038/3 1672/4157/3
f 1672/4157/3 1671/4038/3 398/4035/3 1669/4158/3
f 1662/4159/3 1672/4157/3 1669/4158/3 399/4160/3
f 394/4161/3 1655/4156/3 1672/4157/3 1662/4159/3
f 1669/4158/3 398/4035/3 1668/4034/3 1670/4162/3
f 1670/4162/3 1668/4034/3 73/4023/3 1667/4140/3
f 1665/4163/3 1670/4162/3 1667/4140/3 397/4145/3
f 399/4160/3 1669/4158/3 1670/4162/3 1665/4163/3
f 1661/4164/3 399/4160/3 1665/4163/3 1666/4165/3
f 1666/4165/3 1665/4163/3 397/4145/3 1664/4152/3
f 1574/4166/3 1666/4165/3 1664/4152/3 66/4155/3
f 375/4167/3 1661/4164/3 1666/4165/3 1574/4166/3
f 1652/4168/3 394/4161/3 1662/4159/3 1663/4169/3
f 1663/4169/3 1662/4159/3 399/4160/3 1661/4164/3
f 1577/4170/3 1663/4169/3 1661/4164/3 375/4167/3
f 65/4171/3 1652/4168/3 1663/4169/3 1577/4170/3
f 1643/4172/3 71/4055/3 1659/4054/3 1660/4173/3
f 1660/4173/3 1659/4054/3 395/4051/3 1657/4174/3
f 1650/4175/3 1660/4173/3 1657/4174/3 396/4176/3
f 391/4177/3 1643/4172/3 1660/4173/3 1650/4175/3
f 1657/4174/3 395/4051/3 1656/4050/3 1658/4178/3
f 1658/4178/3 1656/4050/3 72/4039/3 1655/4156/3
f 1653/4179/3 1658/4178/3 1655/4156/3 394/4161/3
f 396/4176/3 1657/4174/3 1658/4178/3 1653/4179/3
f 1649/4180/3 396/4176/3 1653/4179/3 1654/4181/3
f 1654/4181/3 1653/4179/3 394/4161/3 1652/4168/3
f 1562/4182/3 1654/4181/3 1652/4168/3 65/4171/3
f 372/4183/3 1649/4180/3 1654/4181/3 1562/4182/3
f 1640/4184/3 391/4177/3 1650/4175/3 1651/4185/3
f 1651/4185/3 1650/4175/3 396/4176/3 1649/4180/3
f 1565/4186/3 1651/4185/3 1649/4180/3 372/4183/3
f 64/4187/3 1640/4184/3 1651/4185/3 1565/4186/3
f 6134/3158/29 747/4085/3 745/4188/3 5980/3159/29
f 6432/3058/177 6430/2308/177 5979/608/37 6135/609/37
f 1648/4189/3 1647/4070/3 392/4067/3 1645/4190/3
f 1638/4191/3 1648/4189/3 1645/4190/3 393/4192/3
f 5980/3159/29 745/4188/3 750/4193/3 6136/3162/29
f 6434/2299/177 6432/3058/177 6135/609/37 5959/612/37
f 1645/4190/3 392/4067/3 1644/4066/3 1646/4194/3
f 1646/4194/3 1644/4066/3 71/4055/3 1643/4172/3
f 1641/4195/3 1646/4194/3 1643/4172/3 391/4177/3
f 393/4192/3 1645/4190/3 1646/4194/3 1641/4195/3
f 1637/4196/3 393/4192/3 1641/4195/3 1642/4197/3
f 1642/4197/3 1641/4195/3 391/4177/3 1640/4184/3
f 1550/4198/3 1642/4197/3 1640/4184/3 64/4187/3
f 369/4199/3 1637/4196/3 1642/4197/3 1550/4198/3
f 6136/3162/29 750/4193/3 748/4200/3 5960/3163/29
f 6436/2300/177 6434/2299/177 5959/612/37 6137/615/37
f 1639/4201/3 1638/4191/3 393/4192/3 1637/4196/3
f 1553/4202/3 1639/4201/3 1637/4196/3 369/4199/3
f 5960/3163/29 748/4200/3 759/4203/3 6138/3166/29
f 6438/3054/177 6436/2300/177 6137/615/37 5981/619/37
f 1621/4204/3 70/4091/3 1635/4090/3 1636/4205/3
f 1636/4205/3 1635/4090/3 389/4086/3 1633/4206/3
f 1628/4207/3 1636/4205/3 1633/4206/3 390/4208/3
f 386/4209/3 1621/4204/3 1636/4205/3 1628/4207/3
f 1633/4206/3 389/4086/3 1632/4087/3 1634/4210/3
f 6138/3166/29 759/4203/3 757/4211/3 5982/3167/29
f 6440/2287/177 6438/3054/177 5981/619/37 6139/621/37
f 5982/3167/29 757/4211/3 762/4212/3 6140/3170/29
f 6442/2288/177 6440/2287/177 6139/621/37 5957/624/37
f 390/4208/3 1633/4206/3 1634/4210/3 1630/4213/3
f 1627/4214/3 390/4208/3 1630/4213/3 1631/4215/3
f 6140/3170/29 762/4212/3 760/4216/3 5958/3171/29
f 6444/3050/177 6442/2288/177 5957/624/37 6141/625/37
f 5958/3171/29 760/4216/3 771/4217/3 6142/3174/29
f 6446/2279/177 6444/3050/177 6141/625/37 5983/628/37
f 366/4218/3 1627/4214/3 1631/4215/3 1538/4219/3
f 1618/4220/3 386/4209/3 1628/4207/3 1629/4221/3
f 1629/4221/3 1628/4207/3 390/4208/3 1627/4214/3
f 1541/4222/3 1629/4221/3 1627/4214/3 366/4218/3
f 63/4223/3 1618/4220/3 1629/4221/3 1541/4222/3
f 1609/4224/3 69/4107/3 1625/4106/3 1626/4225/3
f 1626/4225/3 1625/4106/3 387/4103/3 1623/4226/3
f 1616/4227/3 1626/4225/3 1623/4226/3 388/4228/3
f 383/4229/3 1609/4224/3 1626/4225/3 1616/4227/3
f 1623/4226/3 387/4103/3 1622/4102/3 1624/4230/3
f 1624/4230/3 1622/4102/3 70/4091/3 1621/4204/3
f 1619/4231/3 1624/4230/3 1621/4204/3 386/4209/3
f 388/4228/3 1623/4226/3 1624/4230/3 1619/4231/3
f 1615/4232/3 388/4228/3 1619/4231/3 1620/4233/3
f 1620/4233/3 1619/4231/3 386/4209/3 1618/4220/3
f 1528/4234/3 1620/4233/3 1618/4220/3 63/4223/3
f 364/4235/3 1615/4232/3 1620/4233/3 1528/4234/3
f 1606/4236/3 383/4229/3 1616/4227/3 1617/4237/3
f 1617/4237/3 1616/4227/3 388/4228/3 1615/4232/3
f 1531/4238/3 1617/4237/3 1615/4232/3 364/4235/3
f 62/4239/3 1606/4236/3 1617/4237/3 1531/4238/3
f 1597/4240/3 68/4123/3 1613/4122/3 1614/4241/3
f 1614/4241/3 1613/4122/3 384/4119/3 1611/4242/3
f 1604/4243/3 1614/4241/3 1611/4242/3 385/4244/3
f 380/4245/3 1597/4240/3 1614/4241/3 1604/4243/3
f 1611/4242/3 384/4119/3 1610/4118/3 1612/4246/3
f 1612/4246/3 1610/4118/3 69/4107/3 1609/4224/3
f 1607/4247/3 1612/4246/3 1609/4224/3 383/4229/3
f 385/4244/3 1611/4242/3 1612/4246/3 1607/4247/3
f 1603/4248/3 385/4244/3 1607/4247/3 1608/4249/3
f 1608/4249/3 1607/4247/3 383/4229/3 1606/4236/3
f 1516/4250/3 1608/4249/3 1606/4236/3 62/4239/3
f 361/4251/3 1603/4248/3 1608/4249/3 1516/4250/3
f 1594/4252/3 380/4245/3 1604/4243/3 1605/4253/3
f 1605/4253/3 1604/4243/3 385/4244/3 1603/4248/3
f 1519/4254/3 1605/4253/3 1603/4248/3 361/4251/3
f 61/4255/3 1594/4252/3 1605/4253/3 1519/4254/3
f 1585/4256/3 67/4139/3 1601/4138/3 1602/4257/3
f 1602/4257/3 1601/4138/3 381/4135/3 1599/4258/3
f 1592/4259/3 1602/4257/3 1599/4258/3 382/4260/3
f 377/4261/3 1585/4256/3 1602/4257/3 1592/4259/3
f 1599/4258/3 381/4135/3 1598/4134/3 1600/4262/3
f 1600/4262/3 1598/4134/3 68/4123/3 1597/4240/3
f 1595/4263/3 1600/4262/3 1597/4240/3 380/4245/3
f 382/4260/3 1599/4258/3 1600/4262/3 1595/4263/3
f 1591/4264/3 382/4260/3 1595/4263/3 1596/4265/3
f 1596/4265/3 1595/4263/3 380/4245/3 1594/4252/3
f 1504/4266/3 1596/4265/3 1594/4252/3 61/4255/3
f 358/4267/3 1591/4264/3 1596/4265/3 1504/4266/3
f 1582/4268/3 377/4261/3 1592/4259/3 1593/4269/3
f 1593/4269/3 1592/4259/3 382/4260/3 1591/4264/3
f 1507/4270/3 1593/4269/3 1591/4264/3 358/4267/3
f 60/4271/3 1582/4268/3 1593/4269/3 1507/4270/3
f 1573/4272/3 66/4155/3 1589/4154/3 1590/4273/3
f 1590/4273/3 1589/4154/3 378/4151/3 1587/4274/3
f 1580/4275/3 1590/4273/3 1587/4274/3 379/4276/3
f 374/4277/3 1573/4272/3 1590/4273/3 1580/4275/3
f 1587/4274/3 378/4151/3 1586/4150/3 1588/4278/3
f 1588/4278/3 1586/4150/3 67/4139/3 1585/4256/3
f 1583/4279/3 1588/4278/3 1585/4256/3 377/4261/3
f 379/4276/3 1587/4274/3 1588/4278/3 1583/4279/3
f 1579/4280/3 379/4276/3 1583/4279/3 1584/4281/3
f 1584/4281/3 1583/4279/3 377/4261/3 1582/4268/3
f 1492/4282/3 1584/4281/3 1582/4268/3 60/4271/3
f 355/4283/3 1579/4280/3 1584/4281/3 1492/4282/3
f 1570/4284/3 374/4277/3 1580/4275/3 1581/4285/3
f 1581/4285/3 1580/4275/3 379/4276/3 1579/4280/3
f 1495/4286/3 1581/4285/3 1579/4280/3 355/4283/3
f 59/4287/3 1570/4284/3 1581/4285/3 1495/4286/3
f 1561/4288/3 65/4171/3 1577/4170/3 1578/4289/3
f 1578/4289/3 1577/4170/3 375/4167/3 1575/4290/3
f 1568/4291/3 1578/4289/3 1575/4290/3 376/4292/3
f 371/4293/3 1561/4288/3 1578/4289/3 1568/4291/3
f 1575/4290/3 375/4167/3 1574/4166/3 1576/4294/3
f 1576/4294/3 1574/4166/3 66/4155/3 1573/4272/3
f 1571/4295/3 1576/4294/3 1573/4272/3 374/4277/3
f 376/4292/3 1575/4290/3 1576/4294/3 1571/4295/3
f 1567/4296/3 376/4292/3 1571/4295/3 1572/4297/3
f 1572/4297/3 1571/4295/3 374/4277/3 1570/4284/3
f 1480/4298/3 1572/4297/3 1570/4284/3 59/4287/3
f 352/4299/3 1567/4296/3 1572/4297/3 1480/4298/3
f 1558/4300/3 371/4293/3 1568/4291/3 1569/4301/3
f 1569/4301/3 1568/4291/3 376/4292/3 1567/4296/3
f 1483/4302/3 1569/4301/3 1567/4296/3 352/4299/3
f 58/4303/3 1558/4300/3 1569/4301/3 1483/4302/3
f 1549/4304/3 64/4187/3 1565/4186/3 1566/4305/3
f 1566/4305/3 1565/4186/3 372/4183/3 1563/4306/3
f 1556/4307/3 1566/4305/3 1563/4306/3 373/4308/3
f 368/4309/3 1549/4304/3 1566/4305/3 1556/4307/3
f 1563/4306/3 372/4183/3 1562/4182/3 1564/4310/3
f 1564/4310/3 1562/4182/3 65/4171/3 1561/4288/3
f 1559/4311/3 1564/4310/3 1561/4288/3 371/4293/3
f 373/4308/3 1563/4306/3 1564/4310/3 1559/4311/3
f 1555/4312/3 373/4308/3 1559/4311/3 1560/4313/3
f 1560/4313/3 1559/4311/3 371/4293/3 1558/4300/3
f 1468/4314/3 1560/4313/3 1558/4300/3 58/4303/3
f 349/4315/3 1555/4312/3 1560/4313/3 1468/4314/3
f 1546/4316/3 368/4309/3 1556/4307/3 1557/4317/3
f 1557/4317/3 1556/4307/3 373/4308/3 1555/4312/3
f 1471/4318/3 1557/4317/3 1555/4312/3 349/4315/3
f 57/4319/3 1546/4316/3 1557/4317/3 1471/4318/3
f 6142/3174/29 771/4217/3 769/4320/3 5984/3175/29
f 6448/2280/177 6446/2279/177 5983/628/37 6143/629/37
f 1554/4321/3 1553/4202/3 369/4199/3 1551/4322/3
f 1544/4323/3 1554/4321/3 1551/4322/3 370/4324/3
f 5984/3175/29 769/4320/3 774/4325/3 6144/3178/29
f 6450/3046/177 6448/2280/177 6143/629/37 5955/632/37
f 1551/4322/3 369/4199/3 1550/4198/3 1552/4326/3
f 1552/4326/3 1550/4198/3 64/4187/3 1549/4304/3
f 1547/4327/3 1552/4326/3 1549/4304/3 368/4309/3
f 370/4324/3 1551/4322/3 1552/4326/3 1547/4327/3
f 1543/4328/3 370/4324/3 1547/4327/3 1548/4329/3
f 1548/4329/3 1547/4327/3 368/4309/3 1546/4316/3
f 1456/4330/3 1548/4329/3 1546/4316/3 57/4319/3
f 346/4331/3 1543/4328/3 1548/4329/3 1456/4330/3
f 6144/3178/29 774/4325/3 772/4332/3 5956/3179/29
f 6452/2267/173 6450/3046/177 5955/632/37 6145/635/38
f 1545/4333/3 1544/4323/3 370/4324/3 1543/4328/3
f 1459/4334/3 1545/4333/3 1543/4328/3 346/4331/3
f 5956/3179/29 772/4332/3 783/4335/3 6146/3182/236
f 6454/2268/174 6452/2267/173 6145/635/38 5985/638/41
f 1527/4336/3 63/4223/3 1541/4222/3 1542/4337/3
f 1542/4337/3 1541/4222/3 366/4218/3 1539/4338/3
f 1534/4339/3 1542/4337/3 1539/4338/3 367/4340/3
f 363/4341/3 1527/4336/3 1542/4337/3 1534/4339/3
f 1539/4338/3 366/4218/3 1538/4219/3 1540/4342/3
f 783/4335/3 781/4343/3 5986/3183/237 6146/3182/236
f 6456/2259/167 6454/2268/174 5985/638/41 6147/639/42
f 781/4343/3 785/4344/3 6148/3186/238 5986/3183/237
f 6457/2260/168 6456/2259/167 6147/639/42 5953/642/45
f 367/4340/3 1539/4338/3 1540/4342/3 1536/4345/3
f 1533/4346/3 367/4340/3 1536/4345/3 1537/4347/3
f 6460/3040/211 6457/3042/168 5953/644/45 6149/643/46
f 785/4344/3 6150/3190/240 5954/3187/239 6148/3186/238
f 6462/3036/208 6460/3040/211 6149/643/46 5987/648/49
f 784/4348/3 5988/3191/241 6150/3190/240 785/4344/3
f 343/4349/3 1533/4346/3 1537/4347/3 1444/4350/3
f 1524/4351/3 363/4341/3 1534/4339/3 1535/4352/3
f 1535/4352/3 1534/4339/3 367/4340/3 1533/4346/3
f 1447/4353/3 1535/4352/3 1533/4346/3 343/4349/3
f 56/4354/3 1524/4351/3 1535/4352/3 1447/4353/3
f 1515/4355/3 62/4239/3 1531/4238/3 1532/4356/3
f 1532/4356/3 1531/4238/3 364/4235/3 1529/4357/3
f 1522/4358/3 1532/4356/3 1529/4357/3 365/4359/3
f 360/4360/3 1515/4355/3 1532/4356/3 1522/4358/3
f 1529/4357/3 364/4235/3 1528/4234/3 1530/4361/3
f 1530/4361/3 1528/4234/3 63/4223/3 1527/4336/3
f 1525/4362/3 1530/4361/3 1527/4336/3 363/4341/3
f 365/4359/3 1529/4357/3 1530/4361/3 1525/4362/3
f 1521/4363/3 365/4359/3 1525/4362/3 1526/4364/3
f 1526/4364/3 1525/4362/3 363/4341/3 1524/4351/3
f 1434/4365/3 1526/4364/3 1524/4351/3 56/4354/3
f 341/4366/3 1521/4363/3 1526/4364/3 1434/4365/3
f 1512/4367/3 360/4360/3 1522/4358/3 1523/4368/3
f 1523/4368/3 1522/4358/3 365/4359/3 1521/4363/3
f 1437/4369/3 1523/4368/3 1521/4363/3 341/4366/3
f 55/4370/3 1512/4367/3 1523/4368/3 1437/4369/3
f 1503/4371/3 61/4255/3 1519/4254/3 1520/4372/3
f 1520/4372/3 1519/4254/3 361/4251/3 1517/4373/3
f 1510/4374/3 1520/4372/3 1517/4373/3 362/4375/3
f 357/4376/3 1503/4371/3 1520/4372/3 1510/4374/3
f 1517/4373/3 361/4251/3 1516/4250/3 1518/4377/3
f 1518/4377/3 1516/4250/3 62/4239/3 1515/4355/3
f 1513/4378/3 1518/4377/3 1515/4355/3 360/4360/3
f 362/4375/3 1517/4373/3 1518/4377/3 1513/4378/3
f 1509/4379/3 362/4375/3 1513/4378/3 1514/4380/3
f 1514/4380/3 1513/4378/3 360/4360/3 1512/4367/3
f 1422/4381/3 1514/4380/3 1512/4367/3 55/4370/3
f 338/4382/3 1509/4379/3 1514/4380/3 1422/4381/3
f 1500/4383/3 357/4376/3 1510/4374/3 1511/4384/3
f 1511/4384/3 1510/4374/3 362/4375/3 1509/4379/3
f 1425/4385/3 1511/4384/3 1509/4379/3 338/4382/3
f 54/4386/3 1500/4383/3 1511/4384/3 1425/4385/3
f 1491/4387/3 60/4271/3 1507/4270/3 1508/4388/3
f 1508/4388/3 1507/4270/3 358/4267/3 1505/4389/3
f 1498/4390/3 1508/4388/3 1505/4389/3 359/4391/3
f 354/4392/3 1491/4387/3 1508/4388/3 1498/4390/3
f 1505/4389/3 358/4267/3 1504/4266/3 1506/4393/3
f 1506/4393/3 1504/4266/3 61/4255/3 1503/4371/3
f 1501/4394/3 1506/4393/3 1503/4371/3 357/4376/3
f 359/4391/3 1505/4389/3 1506/4393/3 1501/4394/3
f 1497/4395/3 359/4391/3 1501/4394/3 1502/4396/3
f 1502/4396/3 1501/4394/3 357/4376/3 1500/4383/3
f 1410/4397/3 1502/4396/3 1500/4383/3 54/4386/3
f 335/4398/3 1497/4395/3 1502/4396/3 1410/4397/3
f 1488/4399/3 354/4392/3 1498/4390/3 1499/4400/3
f 1499/4400/3 1498/4390/3 359/4391/3 1497/4395/3
f 1413/4401/3 1499/4400/3 1497/4395/3 335/4398/3
f 53/4402/3 1488/4399/3 1499/4400/3 1413/4401/3
f 1479/4403/3 59/4287/3 1495/4286/3 1496/4404/3
f 1496/4404/3 1495/4286/3 355/4283/3 1493/4405/3
f 1486/4406/3 1496/4404/3 1493/4405/3 356/4407/3
f 351/4408/3 1479/4403/3 1496/4404/3 1486/4406/3
f 1493/4405/3 355/4283/3 1492/4282/3 1494/4409/3
f 1494/4409/3 1492/4282/3 60/4271/3 1491/4387/3
f 1489/4410/3 1494/4409/3 1491/4387/3 354/4392/3
f 356/4407/3 1493/4405/3 1494/4409/3 1489/4410/3
f 1485/4411/3 356/4407/3 1489/4410/3 1490/4412/3
f 1490/4412/3 1489/4410/3 354/4392/3 1488/4399/3
f 1398/4413/3 1490/4412/3 1488/4399/3 53/4402/3
f 332/4414/3 1485/4411/3 1490/4412/3 1398/4413/3
f 1476/4415/3 351/4408/3 1486/4406/3 1487/4416/3
f 1487/4416/3 1486/4406/3 356/4407/3 1485/4411/3
f 1401/4417/3 1487/4416/3 1485/4411/3 332/4414/3
f 52/4418/3 1476/4415/3 1487/4416/3 1401/4417/3
f 1467/4419/3 58/4303/3 1483/4302/3 1484/4420/3
f 1484/4420/3 1483/4302/3 352/4299/3 1481/4421/3
f 1474/4422/3 1484/4420/3 1481/4421/3 353/4423/3
f 348/4424/3 1467/4419/3 1484/4420/3 1474/4422/3
f 1481/4421/3 352/4299/3 1480/4298/3 1482/4425/3
f 1482/4425/3 1480/4298/3 59/4287/3 1479/4403/3
f 1477/4426/3 1482/4425/3 1479/4403/3 351/4408/3
f 353/4423/3 1481/4421/3 1482/4425/3 1477/4426/3
f 1473/4427/3 353/4423/3 1477/4426/3 1478/4428/3
f 1478/4428/3 1477/4426/3 351/4408/3 1476/4415/3
f 1386/4429/3 1478/4428/3 1476/4415/3 52/4418/3
f 329/4430/3 1473/4427/3 1478/4428/3 1386/4429/3
f 1464/4431/3 348/4424/3 1474/4422/3 1475/4432/3
f 1475/4432/3 1474/4422/3 353/4423/3 1473/4427/3
f 1389/4433/3 1475/4432/3 1473/4427/3 329/4430/3
f 51/4434/3 1464/4431/3 1475/4432/3 1389/4433/3
f 1455/4435/3 57/4319/3 1471/4318/3 1472/4436/3
f 1472/4436/3 1471/4318/3 349/4315/3 1469/4437/3
f 1462/4438/3 1472/4436/3 1469/4437/3 350/4439/3
f 345/4440/3 1455/4435/3 1472/4436/3 1462/4438/3
f 1469/4437/3 349/4315/3 1468/4314/3 1470/4441/3
f 1470/4441/3 1468/4314/3 58/4303/3 1467/4419/3
f 1465/4442/3 1470/4441/3 1467/4419/3 348/4424/3
f 350/4439/3 1469/4437/3 1470/4441/3 1465/4442/3
f 1461/4443/3 350/4439/3 1465/4442/3 1466/4444/3
f 1466/4444/3 1465/4442/3 348/4424/3 1464/4431/3
f 1374/4445/3 1466/4444/3 1464/4431/3 51/4434/3
f 326/4446/3 1461/4443/3 1466/4444/3 1374/4445/3
f 1452/4447/3 345/4440/3 1462/4438/3 1463/4448/3
f 1463/4448/3 1462/4438/3 350/4439/3 1461/4443/3
f 1377/4449/3 1463/4448/3 1461/4443/3 326/4446/3
f 50/4450/3 1452/4447/3 1463/4448/3 1377/4449/3
f 6464/2247/162 6462/3036/208 5987/648/49 6151/649/50
f 788/4451/3 6152/3194/242 5988/3191/241 784/4348/3
f 1460/4452/3 1459/4334/3 346/4331/3 1457/4453/3
f 1450/4454/3 1460/4452/3 1457/4453/3 347/4455/3
f 6466/2248/12 6464/2247/162 6151/649/50 5951/652/53
f 788/4451/3 786/4456/3 5952/3195/54 6152/3194/242
f 1457/4453/3 346/4331/3 1456/4330/3 1458/4457/3
f 1458/4457/3 1456/4330/3 57/4319/3 1455/4435/3
f 1453/4458/3 1458/4457/3 1455/4435/3 345/4440/3
f 347/4455/3 1457/4453/3 1458/4457/3 1453/4458/3
f 1449/4459/3 347/4455/3 1453/4458/3 1454/4460/3
f 1454/4460/3 1453/4458/3 345/4440/3 1452/4447/3
f 1362/4461/3 1454/4460/3 1452/4447/3 50/4450/3
f 323/4462/3 1449/4459/3 1454/4460/3 1362/4461/3
f 6401/3029/14 6467/3025/14 6153/3198/55 5843/3139/55
f 5844/561/35 6154/655/35 793/4463/3 707/3936/3
f 1451/4464/3 1450/4454/3 347/4455/3 1449/4459/3
f 1365/4465/3 1451/4464/3 1449/4459/3 323/4462/3
f 6467/3025/14 6469/2232/14 5989/3199/55 6153/3198/55
f 6154/655/35 5990/659/35 792/4466/3 793/4463/3
f 1433/4467/3 56/4354/3 1447/4353/3 1448/4468/3
f 1448/4468/3 1447/4353/3 343/4349/3 1445/4469/3
f 1440/4470/3 1448/4468/3 1445/4469/3 344/4471/3
f 340/4472/3 1433/4467/3 1448/4468/3 1440/4470/3
f 1445/4469/3 343/4349/3 1444/4350/3 1446/4473/3
f 6469/2232/14 6471/2231/14 6155/3202/55 5989/3199/55
f 5990/659/35 6156/661/35 802/4474/3 792/4466/3
f 6471/2231/14 6473/2214/14 5845/3203/55 6155/3202/55
f 6156/661/35 5846/664/35 801/4475/3 802/4474/3
f 344/4471/3 1445/4469/3 1446/4473/3 1442/4476/3
f 1439/4477/3 344/4471/3 1442/4476/3 1443/4478/3
f 6476/2227/12 6466/2248/12 5951/652/53 6157/666/53
f 786/4456/3 879/4479/3 6158/3206/54 5952/3195/54
f 6478/2228/12 6476/2227/12 6157/666/53 5991/669/53
f 879/4479/3 878/4480/3 5992/3207/54 6158/3206/54
f 320/4481/3 1439/4477/3 1443/4478/3 1350/4482/3
f 1430/4483/3 340/4472/3 1440/4470/3 1441/4484/3
f 1441/4484/3 1440/4470/3 344/4471/3 1439/4477/3
f 1353/4485/3 1441/4484/3 1439/4477/3 320/4481/3
f 49/4486/3 1430/4483/3 1441/4484/3 1353/4485/3
f 1421/4487/3 55/4370/3 1437/4369/3 1438/4488/3
f 1438/4488/3 1437/4369/3 341/4366/3 1435/4489/3
f 1428/4490/3 1438/4488/3 1435/4489/3 342/4491/3
f 337/4492/3 1421/4487/3 1438/4488/3 1428/4490/3
f 1435/4489/3 341/4366/3 1434/4365/3 1436/4493/3
f 1436/4493/3 1434/4365/3 56/4354/3 1433/4467/3
f 1431/4494/3 1436/4493/3 1433/4467/3 340/4472/3
f 342/4491/3 1435/4489/3 1436/4493/3 1431/4494/3
f 1427/4495/3 342/4491/3 1431/4494/3 1432/4496/3
f 1432/4496/3 1431/4494/3 340/4472/3 1430/4483/3
f 1340/4497/3 1432/4496/3 1430/4483/3 49/4486/3
f 318/4498/3 1427/4495/3 1432/4496/3 1340/4497/3
f 1418/4499/3 337/4492/3 1428/4490/3 1429/4500/3
f 1429/4500/3 1428/4490/3 342/4491/3 1427/4495/3
f 1343/4501/3 1429/4500/3 1427/4495/3 318/4498/3
f 48/4502/3 1418/4499/3 1429/4500/3 1343/4501/3
f 1409/4503/3 54/4386/3 1425/4385/3 1426/4504/3
f 1426/4504/3 1425/4385/3 338/4382/3 1423/4505/3
f 1416/4506/3 1426/4504/3 1423/4505/3 339/4507/3
f 334/4508/3 1409/4503/3 1426/4504/3 1416/4506/3
f 1423/4505/3 338/4382/3 1422/4381/3 1424/4509/3
f 1424/4509/3 1422/4381/3 55/4370/3 1421/4487/3
f 1419/4510/3 1424/4509/3 1421/4487/3 337/4492/3
f 339/4507/3 1423/4505/3 1424/4509/3 1419/4510/3
f 1415/4511/3 339/4507/3 1419/4510/3 1420/4512/3
f 1420/4512/3 1419/4510/3 337/4492/3 1418/4499/3
f 1328/4513/3 1420/4512/3 1418/4499/3 48/4502/3
f 315/4514/3 1415/4511/3 1420/4512/3 1328/4513/3
f 1406/4515/3 334/4508/3 1416/4506/3 1417/4516/3
f 1417/4516/3 1416/4506/3 339/4507/3 1415/4511/3
f 1331/4517/3 1417/4516/3 1415/4511/3 315/4514/3
f 47/4518/3 1406/4515/3 1417/4516/3 1331/4517/3
f 1397/4519/3 53/4402/3 1413/4401/3 1414/4520/3
f 1414/4520/3 1413/4401/3 335/4398/3 1411/4521/3
f 1404/4522/3 1414/4520/3 1411/4521/3 336/4523/3
f 331/4524/3 1397/4519/3 1414/4520/3 1404/4522/3
f 1411/4521/3 335/4398/3 1410/4397/3 1412/4525/3
f 1412/4525/3 1410/4397/3 54/4386/3 1409/4503/3
f 1407/4526/3 1412/4525/3 1409/4503/3 334/4508/3
f 336/4523/3 1411/4521/3 1412/4525/3 1407/4526/3
f 1403/4527/3 336/4523/3 1407/4526/3 1408/4528/3
f 1408/4528/3 1407/4526/3 334/4508/3 1406/4515/3
f 1316/4529/3 1408/4528/3 1406/4515/3 47/4518/3
f 312/4530/3 1403/4527/3 1408/4528/3 1316/4529/3
f 1394/4531/3 331/4524/3 1404/4522/3 1405/4532/3
f 1405/4532/3 1404/4522/3 336/4523/3 1403/4527/3
f 1319/4533/3 1405/4532/3 1403/4527/3 312/4530/3
f 46/4534/3 1394/4531/3 1405/4532/3 1319/4533/3
f 1385/4535/3 52/4418/3 1401/4417/3 1402/4536/3
f 1402/4536/3 1401/4417/3 332/4414/3 1399/4537/3
f 1392/4538/3 1402/4536/3 1399/4537/3 333/4539/3
f 328/4540/3 1385/4535/3 1402/4536/3 1392/4538/3
f 1399/4537/3 332/4414/3 1398/4413/3 1400/4541/3
f 1400/4541/3 1398/4413/3 53/4402/3 1397/4519/3
f 1395/4542/3 1400/4541/3 1397/4519/3 331/4524/3
f 333/4539/3 1399/4537/3 1400/4541/3 1395/4542/3
f 1391/4543/3 333/4539/3 1395/4542/3 1396/4544/3
f 1396/4544/3 1395/4542/3 331/4524/3 1394/4531/3
f 1304/4545/3 1396/4544/3 1394/4531/3 46/4534/3
f 309/4546/3 1391/4543/3 1396/4544/3 1304/4545/3
f 1382/4547/3 328/4540/3 1392/4538/3 1393/4548/3
f 1393/4548/3 1392/4538/3 333/4539/3 1391/4543/3
f 1307/4549/3 1393/4548/3 1391/4543/3 309/4546/3
f 45/4550/3 1382/4547/3 1393/4548/3 1307/4549/3
f 1373/4551/3 51/4434/3 1389/4433/3 1390/4552/3
f 1390/4552/3 1389/4433/3 329/4430/3 1387/4553/3
f 1380/4554/3 1390/4552/3 1387/4553/3 330/4555/3
f 325/4556/3 1373/4551/3 1390/4552/3 1380/4554/3
f 1387/4553/3 329/4430/3 1386/4429/3 1388/4557/3
f 1388/4557/3 1386/4429/3 52/4418/3 1385/4535/3
f 1383/4558/3 1388/4557/3 1385/4535/3 328/4540/3
f 330/4555/3 1387/4553/3 1388/4557/3 1383/4558/3
f 1379/4559/3 330/4555/3 1383/4558/3 1384/4560/3
f 1384/4560/3 1383/4558/3 328/4540/3 1382/4547/3
f 1292/4561/3 1384/4560/3 1382/4547/3 45/4550/3
f 306/4562/3 1379/4559/3 1384/4560/3 1292/4561/3
f 1370/4563/3 325/4556/3 1380/4554/3 1381/4564/3
f 1381/4564/3 1380/4554/3 330/4555/3 1379/4559/3
f 1295/4565/3 1381/4564/3 1379/4559/3 306/4562/3
f 44/4566/3 1370/4563/3 1381/4564/3 1295/4565/3
f 1361/4567/3 50/4450/3 1377/4449/3 1378/4568/3
f 1378/4568/3 1377/4449/3 326/4446/3 1375/4569/3
f 1368/4570/3 1378/4568/3 1375/4569/3 327/4571/3
f 322/4572/3 1361/4567/3 1378/4568/3 1368/4570/3
f 1375/4569/3 326/4446/3 1374/4445/3 1376/4573/3
f 1376/4573/3 1374/4445/3 51/4434/3 1373/4551/3
f 1371/4574/3 1376/4573/3 1373/4551/3 325/4556/3
f 327/4571/3 1375/4569/3 1376/4573/3 1371/4574/3
f 1367/4575/3 327/4571/3 1371/4574/3 1372/4576/3
f 1372/4576/3 1371/4574/3 325/4556/3 1370/4563/3
f 1280/4577/3 1372/4576/3 1370/4563/3 44/4566/3
f 303/4578/3 1367/4575/3 1372/4576/3 1280/4577/3
f 1358/4579/3 322/4572/3 1368/4570/3 1369/4580/3
f 1369/4580/3 1368/4570/3 327/4571/3 1367/4575/3
f 1283/4581/3 1369/4580/3 1367/4575/3 303/4578/3
f 43/4582/3 1358/4579/3 1369/4580/3 1283/4581/3
f 6480/3024/12 6478/2228/12 5991/669/53 6159/670/53
f 878/4480/3 882/4583/3 6160/3210/54 5992/3207/54
f 1366/4584/3 1365/4465/3 323/4462/3 1363/4585/3
f 1356/4586/3 1366/4584/3 1363/4585/3 324/4587/3
f 6482/3017/12 6480/3024/12 6159/670/53 5949/674/53
f 882/4583/3 880/4588/3 5950/3211/54 6160/3210/54
f 1363/4585/3 323/4462/3 1362/4461/3 1364/4589/3
f 1364/4589/3 1362/4461/3 50/4450/3 1361/4567/3
f 1359/4590/3 1364/4589/3 1361/4567/3 322/4572/3
f 324/4587/3 1363/4585/3 1364/4589/3 1359/4590/3
f 1355/4591/3 324/4587/3 1359/4590/3 1360/4592/3
f 1360/4592/3 1359/4590/3 322/4572/3 1358/4579/3
f 1268/4593/3 1360/4592/3 1358/4579/3 43/4582/3
f 300/4594/3 1355/4591/3 1360/4592/3 1268/4593/3
f 6473/2214/14 6483/2213/14 6161/3214/55 5845/3203/55
f 5846/664/35 6162/676/35 887/4595/3 801/4475/3
f 1357/4596/3 1356/4586/3 324/4587/3 1355/4591/3
f 1271/4597/3 1357/4596/3 1355/4591/3 300/4594/3
f 6483/2213/14 6485/3018/14 5993/3215/55 6161/3214/55
f 6162/676/35 5994/680/35 886/4598/3 887/4595/3
f 1339/4599/3 49/4486/3 1353/4485/3 1354/4600/3
f 1354/4600/3 1353/4485/3 320/4481/3 1351/4601/3
f 1346/4602/3 1354/4600/3 1351/4601/3 321/4603/3
f 317/4604/3 1339/4599/3 1354/4600/3 1346/4602/3
f 1351/4601/3 320/4481/3 1350/4482/3 1352/4605/3
f 6485/3018/14 6487/2204/14 6163/3218/55 5993/3215/55
f 5994/680/35 6164/681/35 896/4606/3 886/4598/3
f 6487/2204/14 6489/2203/14 5847/3219/55 6163/3218/55
f 6164/681/35 5848/685/35 895/4607/3 896/4606/3
f 321/4603/3 1351/4601/3 1352/4605/3 1348/4608/3
f 1345/4609/3 321/4603/3 1348/4608/3 1349/4610/3
f 6492/3014/12 6482/3017/12 5949/674/53 6165/688/53
f 880/4588/3 973/4611/3 6166/3222/54 5950/3211/54
f 6494/2201/12 6492/3014/12 6165/688/53 5995/693/53
f 973/4611/3 972/4612/3 5996/3223/54 6166/3222/54
f 297/4613/3 1345/4609/3 1349/4610/3 1256/4614/3
f 1336/4615/3 317/4604/3 1346/4602/3 1347/4616/3
f 1347/4616/3 1346/4602/3 321/4603/3 1345/4609/3
f 1259/4617/3 1347/4616/3 1345/4609/3 297/4613/3
f 42/4618/3 1336/4615/3 1347/4616/3 1259/4617/3
f 1327/4619/3 48/4502/3 1343/4501/3 1344/4620/3
f 1344/4620/3 1343/4501/3 318/4498/3 1341/4621/3
f 1334/4622/3 1344/4620/3 1341/4621/3 319/4623/3
f 314/4624/3 1327/4619/3 1344/4620/3 1334/4622/3
f 1341/4621/3 318/4498/3 1340/4497/3 1342/4625/3
f 1342/4625/3 1340/4497/3 49/4486/3 1339/4599/3
f 1337/4626/3 1342/4625/3 1339/4599/3 317/4604/3
f 319/4623/3 1341/4621/3 1342/4625/3 1337/4626/3
f 1333/4627/3 319/4623/3 1337/4626/3 1338/4628/3
f 1338/4628/3 1337/4626/3 317/4604/3 1336/4615/3
f 1246/4629/3 1338/4628/3 1336/4615/3 42/4618/3
f 295/4630/3 1333/4627/3 1338/4628/3 1246/4629/3
f 1324/4631/3 314/4624/3 1334/4622/3 1335/4632/3
f 1335/4632/3 1334/4622/3 319/4623/3 1333/4627/3
f 1249/4633/3 1335/4632/3 1333/4627/3 295/4630/3
f 41/4634/3 1324/4631/3 1335/4632/3 1249/4633/3
f 1315/4635/3 47/4518/3 1331/4517/3 1332/4636/3
f 1332/4636/3 1331/4517/3 315/4514/3 1329/4637/3
f 1322/4638/3 1332/4636/3 1329/4637/3 316/4639/3
f 311/4640/3 1315/4635/3 1332/4636/3 1322/4638/3
f 1329/4637/3 315/4514/3 1328/4513/3 1330/4641/3
f 1330/4641/3 1328/4513/3 48/4502/3 1327/4619/3
f 1325/4642/3 1330/4641/3 1327/4619/3 314/4624/3
f 316/4639/3 1329/4637/3 1330/4641/3 1325/4642/3
f 1321/4643/3 316/4639/3 1325/4642/3 1326/4644/3
f 1326/4644/3 1325/4642/3 314/4624/3 1324/4631/3
f 1234/4645/3 1326/4644/3 1324/4631/3 41/4634/3
f 292/4646/3 1321/4643/3 1326/4644/3 1234/4645/3
f 1312/4647/3 311/4640/3 1322/4638/3 1323/4648/3
f 1323/4648/3 1322/4638/3 316/4639/3 1321/4643/3
f 1237/4649/3 1323/4648/3 1321/4643/3 292/4646/3
f 40/4650/3 1312/4647/3 1323/4648/3 1237/4649/3
f 1303/4651/3 46/4534/3 1319/4533/3 1320/4652/3
f 1320/4652/3 1319/4533/3 312/4530/3 1317/4653/3
f 1310/4654/3 1320/4652/3 1317/4653/3 313/4655/3
f 308/4656/3 1303/4651/3 1320/4652/3 1310/4654/3
f 1317/4653/3 312/4530/3 1316/4529/3 1318/4657/3
f 1318/4657/3 1316/4529/3 47/4518/3 1315/4635/3
f 1313/4658/3 1318/4657/3 1315/4635/3 311/4640/3
f 313/4655/3 1317/4653/3 1318/4657/3 1313/4658/3
f 1309/4659/3 313/4655/3 1313/4658/3 1314/4660/3
f 1314/4660/3 1313/4658/3 311/4640/3 1312/4647/3
f 1222/4661/3 1314/4660/3 1312/4647/3 40/4650/3
f 289/4662/3 1309/4659/3 1314/4660/3 1222/4661/3
f 1300/4663/3 308/4656/3 1310/4654/3 1311/4664/3
f 1311/4664/3 1310/4654/3 313/4655/3 1309/4659/3
f 1225/4665/3 1311/4664/3 1309/4659/3 289/4662/3
f 39/4666/3 1300/4663/3 1311/4664/3 1225/4665/3
f 1291/4667/3 45/4550/3 1307/4549/3 1308/4668/3
f 1308/4668/3 1307/4549/3 309/4546/3 1305/4669/3
f 1298/4670/3 1308/4668/3 1305/4669/3 310/4671/3
f 305/4672/3 1291/4667/3 1308/4668/3 1298/4670/3
f 1305/4669/3 309/4546/3 1304/4545/3 1306/4673/3
f 1306/4673/3 1304/4545/3 46/4534/3 1303/4651/3
f 1301/4674/3 1306/4673/3 1303/4651/3 308/4656/3
f 310/4671/3 1305/4669/3 1306/4673/3 1301/4674/3
f 1297/4675/3 310/4671/3 1301/4674/3 1302/4676/3
f 1302/4676/3 1301/4674/3 308/4656/3 1300/4663/3
f 1210/4677/3 1302/4676/3 1300/4663/3 39/4666/3
f 286/4678/3 1297/4675/3 1302/4676/3 1210/4677/3
f 1288/4679/3 305/4672/3 1298/4670/3 1299/4680/3
f 1299/4680/3 1298/4670/3 310/4671/3 1297/4675/3
f 1213/4681/3 1299/4680/3 1297/4675/3 286/4678/3
f 38/4682/3 1288/4679/3 1299/4680/3 1213/4681/3
f 1279/4683/3 44/4566/3 1295/4565/3 1296/4684/3
f 1296/4684/3 1295/4565/3 306/4562/3 1293/4685/3
f 1286/4686/3 1296/4684/3 1293/4685/3 307/4687/3
f 302/4688/3 1279/4683/3 1296/4684/3 1286/4686/3
f 1293/4685/3 306/4562/3 1292/4561/3 1294/4689/3
f 1294/4689/3 1292/4561/3 45/4550/3 1291/4667/3
f 1289/4690/3 1294/4689/3 1291/4667/3 305/4672/3
f 307/4687/3 1293/4685/3 1294/4689/3 1289/4690/3
f 1285/4691/3 307/4687/3 1289/4690/3 1290/4692/3
f 1290/4692/3 1289/4690/3 305/4672/3 1288/4679/3
f 1198/4693/3 1290/4692/3 1288/4679/3 38/4682/3
f 283/4694/3 1285/4691/3 1290/4692/3 1198/4693/3
f 1276/4695/3 302/4688/3 1286/4686/3 1287/4696/3
f 1287/4696/3 1286/4686/3 307/4687/3 1285/4691/3
f 1201/4697/3 1287/4696/3 1285/4691/3 283/4694/3
f 37/4698/3 1276/4695/3 1287/4696/3 1201/4697/3
f 1267/4699/3 43/4582/3 1283/4581/3 1284/4700/3
f 1284/4700/3 1283/4581/3 303/4578/3 1281/4701/3
f 1274/4702/3 1284/4700/3 1281/4701/3 304/4703/3
f 299/4704/3 1267/4699/3 1284/4700/3 1274/4702/3
f 1281/4701/3 303/4578/3 1280/4577/3 1282/4705/3
f 1282/4705/3 1280/4577/3 44/4566/3 1279/4683/3
f 1277/4706/3 1282/4705/3 1279/4683/3 302/4688/3
f 304/4703/3 1281/4701/3 1282/4705/3 1277/4706/3
f 1273/4707/3 304/4703/3 1277/4706/3 1278/4708/3
f 1278/4708/3 1277/4706/3 302/4688/3 1276/4695/3
f 1186/4709/3 1278/4708/3 1276/4695/3 37/4698/3
f 280/4710/3 1273/4707/3 1278/4708/3 1186/4709/3
f 1264/4711/3 299/4704/3 1274/4702/3 1275/4712/3
f 1275/4712/3 1274/4702/3 304/4703/3 1273/4707/3
f 1189/4713/3 1275/4712/3 1273/4707/3 280/4710/3
f 36/4714/3 1264/4711/3 1275/4712/3 1189/4713/3
f 6496/2202/12 6494/2201/12 5995/693/53 6167/694/53
f 972/4612/3 976/4715/3 6168/3226/54 5996/3223/54
f 1272/4716/3 1271/4597/3 300/4594/3 1269/4717/3
f 1262/4718/3 1272/4716/3 1269/4717/3 301/4719/3
f 6498/2185/12 6496/2202/12 6167/694/53 5947/699/53
f 976/4715/3 974/4720/3 5948/718/54 6168/3226/54
f 1269/4717/3 300/4594/3 1268/4593/3 1270/4721/3
f 1270/4721/3 1268/4593/3 43/4582/3 1267/4699/3
f 1265/4722/3 1270/4721/3 1267/4699/3 299/4704/3
f 301/4719/3 1269/4717/3 1270/4721/3 1265/4722/3
f 1261/4723/3 301/4719/3 1265/4722/3 1266/4724/3
f 1266/4724/3 1265/4722/3 299/4704/3 1264/4711/3
f 1174/4725/3 1266/4724/3 1264/4711/3 36/4714/3
f 277/4726/3 1261/4723/3 1266/4724/3 1174/4725/3
f 6489/2203/14 6499/2190/14 6169/3228/55 5847/3219/55
f 5848/685/35 6170/702/35 981/4727/3 895/4607/3
f 1263/4728/3 1262/4718/3 301/4719/3 1261/4723/3
f 1177/4729/3 1263/4728/3 1261/4723/3 277/4726/3
f 6499/2190/14 6501/2189/14 5997/3229/55 6169/3228/55
f 6170/702/35 5998/707/35 980/4730/3 981/4727/3
f 1245/4731/3 42/4618/3 1259/4617/3 1260/4732/3
f 1260/4732/3 1259/4617/3 297/4613/3 1257/4733/3
f 1252/4734/3 1260/4732/3 1257/4733/3 298/4735/3
f 294/4736/3 1245/4731/3 1260/4732/3 1252/4734/3
f 1257/4733/3 297/4613/3 1256/4614/3 1258/4737/3
f 6501/2189/14 6503/3009/14 6171/3232/55 5997/3229/55
f 5998/707/35 6172/708/35 990/4738/3 980/4730/3
f 6503/3009/14 6505/2991/14 5849/737/55 6171/3232/55
f 6172/708/35 5850/713/35 989/4739/3 990/4738/3
f 298/4735/3 1257/4733/3 1258/4737/3 1254/4740/3
f 1251/4741/3 298/4735/3 1254/4740/3 1255/4742/3
f 6508/2186/12 6498/2185/12 5947/699/53 6173/3233/53
f 974/4720/3 1067/4743/3 6174/719/54 5948/718/54
f 6510/3006/12 6508/2186/12 6173/3233/53 5999/3236/53
f 1067/4743/3 1066/4744/3 6000/722/54 6174/719/54
f 274/4745/3 1251/4741/3 1255/4742/3 1162/4746/3
f 1242/4747/3 294/4736/3 1252/4734/3 1253/4748/3
f 1253/4748/3 1252/4734/3 298/4735/3 1251/4741/3
f 1165/4749/3 1253/4748/3 1251/4741/3 274/4745/3
f 35/4750/3 1242/4747/3 1253/4748/3 1165/4749/3
f 1233/4751/3 41/4634/3 1249/4633/3 1250/4752/3
f 1250/4752/3 1249/4633/3 295/4630/3 1247/4753/3
f 1240/4754/3 1250/4752/3 1247/4753/3 296/4755/3
f 291/4756/3 1233/4751/3 1250/4752/3 1240/4754/3
f 1247/4753/3 295/4630/3 1246/4629/3 1248/4757/3
f 1248/4757/3 1246/4629/3 42/4618/3 1245/4731/3
f 1243/4758/3 1248/4757/3 1245/4731/3 294/4736/3
f 296/4755/3 1247/4753/3 1248/4757/3 1243/4758/3
f 1239/4759/3 296/4755/3 1243/4758/3 1244/4760/3
f 1244/4760/3 1243/4758/3 294/4736/3 1242/4747/3
f 1152/4761/3 1244/4760/3 1242/4747/3 35/4750/3
f 272/4762/3 1239/4759/3 1244/4760/3 1152/4761/3
f 1230/4763/3 291/4756/3 1240/4754/3 1241/4764/3
f 1241/4764/3 1240/4754/3 296/4755/3 1239/4759/3
f 1155/4765/3 1241/4764/3 1239/4759/3 272/4762/3
f 34/4766/3 1230/4763/3 1241/4764/3 1155/4765/3
f 1221/4767/3 40/4650/3 1237/4649/3 1238/4768/3
f 1238/4768/3 1237/4649/3 292/4646/3 1235/4769/3
f 1228/4770/3 1238/4768/3 1235/4769/3 293/4771/3
f 288/4772/3 1221/4767/3 1238/4768/3 1228/4770/3
f 1235/4769/3 292/4646/3 1234/4645/3 1236/4773/3
f 1236/4773/3 1234/4645/3 41/4634/3 1233/4751/3
f 1231/4774/3 1236/4773/3 1233/4751/3 291/4756/3
f 293/4771/3 1235/4769/3 1236/4773/3 1231/4774/3
f 1227/4775/3 293/4771/3 1231/4774/3 1232/4776/3
f 1232/4776/3 1231/4774/3 291/4756/3 1230/4763/3
f 1140/4777/3 1232/4776/3 1230/4763/3 34/4766/3
f 269/4778/3 1227/4775/3 1232/4776/3 1140/4777/3
f 1218/4779/3 288/4772/3 1228/4770/3 1229/4780/3
f 1229/4780/3 1228/4770/3 293/4771/3 1227/4775/3
f 1143/4781/3 1229/4780/3 1227/4775/3 269/4778/3
f 33/4782/3 1218/4779/3 1229/4780/3 1143/4781/3
f 1209/4783/3 39/4666/3 1225/4665/3 1226/4784/3
f 1226/4784/3 1225/4665/3 289/4662/3 1223/4785/3
f 1216/4786/3 1226/4784/3 1223/4785/3 290/4787/3
f 285/4788/3 1209/4783/3 1226/4784/3 1216/4786/3
f 1223/4785/3 289/4662/3 1222/4661/3 1224/4789/3
f 1224/4789/3 1222/4661/3 40/4650/3 1221/4767/3
f 1219/4790/3 1224/4789/3 1221/4767/3 288/4772/3
f 290/4787/3 1223/4785/3 1224/4789/3 1219/4790/3
f 1215/4791/3 290/4787/3 1219/4790/3 1220/4792/3
f 1220/4792/3 1219/4790/3 288/4772/3 1218/4779/3
f 1128/4793/3 1220/4792/3 1218/4779/3 33/4782/3
f 266/4794/3 1215/4791/3 1220/4792/3 1128/4793/3
f 1206/4795/3 285/4788/3 1216/4786/3 1217/4796/3
f 1217/4796/3 1216/4786/3 290/4787/3 1215/4791/3
f 1131/4797/3 1217/4796/3 1215/4791/3 266/4794/3
f 32/4798/3 1206/4795/3 1217/4796/3 1131/4797/3
f 1197/4799/3 38/4682/3 1213/4681/3 1214/4800/3
f 1214/4800/3 1213/4681/3 286/4678/3 1211/4801/3
f 1204/4802/3 1214/4800/3 1211/4801/3 287/4803/3
f 282/4804/3 1197/4799/3 1214/4800/3 1204/4802/3
f 1211/4801/3 286/4678/3 1210/4677/3 1212/4805/3
f 1212/4805/3 1210/4677/3 39/4666/3 1209/4783/3
f 1207/4806/3 1212/4805/3 1209/4783/3 285/4788/3
f 287/4803/3 1211/4801/3 1212/4805/3 1207/4806/3
f 1203/4807/3 287/4803/3 1207/4806/3 1208/4808/3
f 1208/4808/3 1207/4806/3 285/4788/3 1206/4795/3
f 1116/4809/3 1208/4808/3 1206/4795/3 32/4798/3
f 263/4810/3 1203/4807/3 1208/4808/3 1116/4809/3
f 1194/4811/3 282/4804/3 1204/4802/3 1205/4812/3
f 1205/4812/3 1204/4802/3 287/4803/3 1203/4807/3
f 1119/4813/3 1205/4812/3 1203/4807/3 263/4810/3
f 31/4814/3 1194/4811/3 1205/4812/3 1119/4813/3
f 1185/4815/3 37/4698/3 1201/4697/3 1202/4816/3
f 1202/4816/3 1201/4697/3 283/4694/3 1199/4817/3
f 1192/4818/3 1202/4816/3 1199/4817/3 284/4819/3
f 279/4820/3 1185/4815/3 1202/4816/3 1192/4818/3
f 1199/4817/3 283/4694/3 1198/4693/3 1200/4821/3
f 1200/4821/3 1198/4693/3 38/4682/3 1197/4799/3
f 1195/4822/3 1200/4821/3 1197/4799/3 282/4804/3
f 284/4819/3 1199/4817/3 1200/4821/3 1195/4822/3
f 1191/4823/3 284/4819/3 1195/4822/3 1196/4824/3
f 1196/4824/3 1195/4822/3 282/4804/3 1194/4811/3
f 1104/4825/3 1196/4824/3 1194/4811/3 31/4814/3
f 260/4826/3 1191/4823/3 1196/4824/3 1104/4825/3
f 1182/4827/3 279/4820/3 1192/4818/3 1193/4828/3
f 1193/4828/3 1192/4818/3 284/4819/3 1191/4823/3
f 1107/4829/3 1193/4828/3 1191/4823/3 260/4826/3
f 30/4830/3 1182/4827/3 1193/4828/3 1107/4829/3
f 1173/4831/3 36/4714/3 1189/4713/3 1190/4832/3
f 1190/4832/3 1189/4713/3 280/4710/3 1187/4833/3
f 1180/4834/3 1190/4832/3 1187/4833/3 281/4835/3
f 276/4836/3 1173/4831/3 1190/4832/3 1180/4834/3
f 1187/4833/3 280/4710/3 1186/4709/3 1188/4837/3
f 1188/4837/3 1186/4709/3 37/4698/3 1185/4815/3
f 1183/4838/3 1188/4837/3 1185/4815/3 279/4820/3
f 281/4835/3 1187/4833/3 1188/4837/3 1183/4838/3
f 1179/4839/3 281/4835/3 1183/4838/3 1184/4840/3
f 1184/4840/3 1183/4838/3 279/4820/3 1182/4827/3
f 1092/4841/3 1184/4840/3 1182/4827/3 30/4830/3
f 257/4842/3 1179/4839/3 1184/4840/3 1092/4841/3
f 1170/4843/3 276/4836/3 1180/4834/3 1181/4844/3
f 1181/4844/3 1180/4834/3 281/4835/3 1179/4839/3
f 1095/4845/3 1181/4844/3 1179/4839/3 257/4842/3
f 29/4846/3 1170/4843/3 1181/4844/3 1095/4845/3
f 6512/2179/12 6510/3006/12 5999/3236/53 6175/3237/53
f 1066/4744/3 1070/4847/3 6176/726/54 6000/722/54
f 1178/4848/3 1177/4729/3 277/4726/3 1175/4849/3
f 1168/4850/3 1178/4848/3 1175/4849/3 278/4851/3
f 6514/2180/12 6512/2179/12 6175/3237/53 5945/3240/53
f 1070/4847/3 1068/4852/3 5946/729/54 6176/726/54
f 1175/4849/3 277/4726/3 1174/4725/3 1176/4853/3
f 1176/4853/3 1174/4725/3 36/4714/3 1173/4831/3
f 1171/4854/3 1176/4853/3 1173/4831/3 276/4836/3
f 278/4851/3 1175/4849/3 1176/4853/3 1171/4854/3
f 1167/4855/3 278/4851/3 1171/4854/3 1172/4856/3
f 1172/4856/3 1171/4854/3 276/4836/3 1170/4843/3
f 1080/4857/3 1172/4856/3 1170/4843/3 29/4846/3
f 254/4858/3 1167/4855/3 1172/4856/3 1080/4857/3
f 6505/2991/14 6515/2988/14 6177/738/55 5849/737/55
f 5850/713/35 6178/744/35 1075/4859/3 989/4739/3
f 1169/4860/3 1168/4850/3 278/4851/3 1167/4855/3
f 1083/4861/3 1169/4860/3 1167/4855/3 254/4858/3
f 6515/2988/14 6517/2170/14 6001/3241/55 6177/738/55
f 6178/744/35 6002/743/35 1074/4862/3 1075/4859/3
f 1151/4863/3 35/4750/3 1165/4749/3 1166/4864/3
f 1166/4864/3 1165/4749/3 274/4745/3 1163/4865/3
f 1158/4866/3 1166/4864/3 1163/4865/3 275/4867/3
f 271/4868/3 1151/4863/3 1166/4864/3 1158/4866/3
f 1163/4865/3 274/4745/3 1162/4746/3 1164/4869/3
f 6517/2170/14 6519/2169/14 6179/749/55 6001/3241/55
f 6002/743/35 6180/745/35 1084/4870/3 1074/4862/3
f 6519/2169/14 6521/2158/14 5851/750/55 6179/749/55
f 6180/745/35 5852/3244/35 1083/4861/3 1084/4870/3
f 275/4867/3 1163/4865/3 1164/4869/3 1160/4871/3
f 1157/4872/3 275/4867/3 1160/4871/3 1161/4873/3
f 6524/2167/12 6514/2180/12 5945/3240/53 6181/761/53
f 1068/4852/3 1161/4873/3 6182/757/54 5946/729/54
f 6526/2168/12 6524/2167/12 6181/761/53 6003/760/53
f 1161/4873/3 1160/4871/3 6004/3245/54 6182/757/54
f 251/4874/3 1157/4872/3 1161/4873/3 1068/4852/3
f 1148/4875/3 271/4868/3 1158/4866/3 1159/4876/3
f 1159/4876/3 1158/4866/3 275/4867/3 1157/4872/3
f 1071/4877/3 1159/4876/3 1157/4872/3 251/4874/3
f 28/4878/3 1148/4875/3 1159/4876/3 1071/4877/3
f 1139/4879/3 34/4766/3 1155/4765/3 1156/4880/3
f 1156/4880/3 1155/4765/3 272/4762/3 1153/4881/3
f 1146/4882/3 1156/4880/3 1153/4881/3 273/4883/3
f 268/4884/3 1139/4879/3 1156/4880/3 1146/4882/3
f 1153/4881/3 272/4762/3 1152/4761/3 1154/4885/3
f 1154/4885/3 1152/4761/3 35/4750/3 1151/4863/3
f 1149/4886/3 1154/4885/3 1151/4863/3 271/4868/3
f 273/4883/3 1153/4881/3 1154/4885/3 1149/4886/3
f 1145/4887/3 273/4883/3 1149/4886/3 1150/4888/3
f 1150/4888/3 1149/4886/3 271/4868/3 1148/4875/3
f 1058/4889/3 1150/4888/3 1148/4875/3 28/4878/3
f 249/4890/3 1145/4887/3 1150/4888/3 1058/4889/3
f 1136/4891/3 268/4884/3 1146/4882/3 1147/4892/3
f 1147/4892/3 1146/4882/3 273/4883/3 1145/4887/3
f 1061/4893/3 1147/4892/3 1145/4887/3 249/4890/3
f 27/4894/3 1136/4891/3 1147/4892/3 1061/4893/3
f 1127/4895/3 33/4782/3 1143/4781/3 1144/4896/3
f 1144/4896/3 1143/4781/3 269/4778/3 1141/4897/3
f 1134/4898/3 1144/4896/3 1141/4897/3 270/4899/3
f 265/4900/3 1127/4895/3 1144/4896/3 1134/4898/3
f 1141/4897/3 269/4778/3 1140/4777/3 1142/4901/3
f 1142/4901/3 1140/4777/3 34/4766/3 1139/4879/3
f 1137/4902/3 1142/4901/3 1139/4879/3 268/4884/3
f 270/4899/3 1141/4897/3 1142/4901/3 1137/4902/3
f 1133/4903/3 270/4899/3 1137/4902/3 1138/4904/3
f 1138/4904/3 1137/4902/3 268/4884/3 1136/4891/3
f 1046/4905/3 1138/4904/3 1136/4891/3 27/4894/3
f 246/4906/3 1133/4903/3 1138/4904/3 1046/4905/3
f 1124/4907/3 265/4900/3 1134/4898/3 1135/4908/3
f 1135/4908/3 1134/4898/3 270/4899/3 1133/4903/3
f 1049/4909/3 1135/4908/3 1133/4903/3 246/4906/3
f 26/4910/3 1124/4907/3 1135/4908/3 1049/4909/3
f 1115/4911/3 32/4798/3 1131/4797/3 1132/4912/3
f 1132/4912/3 1131/4797/3 266/4794/3 1129/4913/3
f 1122/4914/3 1132/4912/3 1129/4913/3 267/4915/3
f 262/4916/3 1115/4911/3 1132/4912/3 1122/4914/3
f 1129/4913/3 266/4794/3 1128/4793/3 1130/4917/3
f 1130/4917/3 1128/4793/3 33/4782/3 1127/4895/3
f 1125/4918/3 1130/4917/3 1127/4895/3 265/4900/3
f 267/4915/3 1129/4913/3 1130/4917/3 1125/4918/3
f 1121/4919/3 267/4915/3 1125/4918/3 1126/4920/3
f 1126/4920/3 1125/4918/3 265/4900/3 1124/4907/3
f 1034/4921/3 1126/4920/3 1124/4907/3 26/4910/3
f 243/4922/3 1121/4919/3 1126/4920/3 1034/4921/3
f 1112/4923/3 262/4916/3 1122/4914/3 1123/4924/3
f 1123/4924/3 1122/4914/3 267/4915/3 1121/4919/3
f 1037/4925/3 1123/4924/3 1121/4919/3 243/4922/3
f 25/4926/3 1112/4923/3 1123/4924/3 1037/4925/3
f 1103/4927/3 31/4814/3 1119/4813/3 1120/4928/3
f 1120/4928/3 1119/4813/3 263/4810/3 1117/4929/3
f 1110/4930/3 1120/4928/3 1117/4929/3 264/4931/3
f 259/4932/3 1103/4927/3 1120/4928/3 1110/4930/3
f 1117/4929/3 263/4810/3 1116/4809/3 1118/4933/3
f 1118/4933/3 1116/4809/3 32/4798/3 1115/4911/3
f 1113/4934/3 1118/4933/3 1115/4911/3 262/4916/3
f 264/4931/3 1117/4929/3 1118/4933/3 1113/4934/3
f 1109/4935/3 264/4931/3 1113/4934/3 1114/4936/3
f 1114/4936/3 1113/4934/3 262/4916/3 1112/4923/3
f 1022/4937/3 1114/4936/3 1112/4923/3 25/4926/3
f 240/4938/3 1109/4935/3 1114/4936/3 1022/4937/3
f 1100/4939/3 259/4932/3 1110/4930/3 1111/4940/3
f 1111/4940/3 1110/4930/3 264/4931/3 1109/4935/3
f 1025/4941/3 1111/4940/3 1109/4935/3 240/4938/3
f 24/4942/3 1100/4939/3 1111/4940/3 1025/4941/3
f 1091/4943/3 30/4830/3 1107/4829/3 1108/4944/3
f 1108/4944/3 1107/4829/3 260/4826/3 1105/4945/3
f 1098/4946/3 1108/4944/3 1105/4945/3 261/4947/3
f 256/4948/3 1091/4943/3 1108/4944/3 1098/4946/3
f 1105/4945/3 260/4826/3 1104/4825/3 1106/4949/3
f 1106/4949/3 1104/4825/3 31/4814/3 1103/4927/3
f 1101/4950/3 1106/4949/3 1103/4927/3 259/4932/3
f 261/4947/3 1105/4945/3 1106/4949/3 1101/4950/3
f 1097/4951/3 261/4947/3 1101/4950/3 1102/4952/3
f 1102/4952/3 1101/4950/3 259/4932/3 1100/4939/3
f 1010/4953/3 1102/4952/3 1100/4939/3 24/4942/3
f 237/4954/3 1097/4951/3 1102/4952/3 1010/4953/3
f 1088/4955/3 256/4948/3 1098/4946/3 1099/4956/3
f 1099/4956/3 1098/4946/3 261/4947/3 1097/4951/3
f 1013/4957/3 1099/4956/3 1097/4951/3 237/4954/3
f 23/4958/3 1088/4955/3 1099/4956/3 1013/4957/3
f 1079/4959/3 29/4846/3 1095/4845/3 1096/4960/3
f 1096/4960/3 1095/4845/3 257/4842/3 1093/4961/3
f 1086/4962/3 1096/4960/3 1093/4961/3 258/4963/3
f 253/4964/3 1079/4959/3 1096/4960/3 1086/4962/3
f 1093/4961/3 257/4842/3 1092/4841/3 1094/4965/3
f 1094/4965/3 1092/4841/3 30/4830/3 1091/4943/3
f 1089/4966/3 1094/4965/3 1091/4943/3 256/4948/3
f 258/4963/3 1093/4961/3 1094/4965/3 1089/4966/3
f 1085/4967/3 258/4963/3 1089/4966/3 1090/4968/3
f 1090/4968/3 1089/4966/3 256/4948/3 1088/4955/3
f 998/4969/3 1090/4968/3 1088/4955/3 23/4958/3
f 234/4970/3 1085/4967/3 1090/4968/3 998/4969/3
f 1076/4971/3 253/4964/3 1086/4962/3 1087/4972/3
f 1087/4972/3 1086/4962/3 258/4963/3 1085/4967/3
f 1001/4973/3 1087/4972/3 1085/4967/3 234/4970/3
f 22/4974/3 1076/4971/3 1087/4972/3 1001/4973/3
f 6528/2987/12 6526/2168/12 6003/760/53 6183/762/53
f 1160/4871/3 1164/4869/3 6184/765/54 6004/3245/54
f 1084/4870/3 1083/4861/3 254/4858/3 1081/4975/3
f 1074/4862/3 1084/4870/3 1081/4975/3 255/4976/3
f 6530/2981/12 6528/2987/12 6183/762/53 5943/3248/53
f 1164/4869/3 1162/4746/3 5944/766/54 6184/765/54
f 1081/4975/3 254/4858/3 1080/4857/3 1082/4977/3
f 1082/4977/3 1080/4857/3 29/4846/3 1079/4959/3
f 1077/4978/3 1082/4977/3 1079/4959/3 253/4964/3
f 255/4976/3 1081/4975/3 1082/4977/3 1077/4978/3
f 1073/4979/3 255/4976/3 1077/4978/3 1078/4980/3
f 1078/4980/3 1077/4978/3 253/4964/3 1076/4971/3
f 986/4981/3 1078/4980/3 1076/4971/3 22/4974/3
f 231/4982/3 1073/4979/3 1078/4980/3 986/4981/3
f 6521/2158/14 6531/2157/14 6185/772/55 5851/750/55
f 5852/3244/35 6186/776/35 1169/4860/3 1083/4861/3
f 1075/4859/3 1074/4862/3 255/4976/3 1073/4979/3
f 989/4739/3 1075/4859/3 1073/4979/3 231/4982/3
f 6531/2157/14 6533/2982/14 6005/783/55 6185/772/55
f 6186/776/35 6006/775/35 1168/4850/3 1169/4860/3
f 1057/4983/3 28/4878/3 1071/4877/3 1072/4984/3
f 1072/4984/3 1071/4877/3 251/4874/3 1069/4985/3
f 1064/4986/3 1072/4984/3 1069/4985/3 252/4987/3
f 248/4988/3 1057/4983/3 1072/4984/3 1064/4986/3
f 1069/4985/3 251/4874/3 1068/4852/3 1070/4847/3
f 6533/2982/14 6535/2152/14 6187/784/55 6005/783/55
f 6006/775/35 6188/788/35 1178/4848/3 1168/4850/3
f 6535/2152/14 6537/2151/14 5853/811/55 6187/784/55
f 6188/788/35 5854/787/35 1177/4729/3 1178/4848/3
f 252/4987/3 1069/4985/3 1070/4847/3 1066/4744/3
f 1063/4989/3 252/4987/3 1066/4744/3 1067/4743/3
f 6540/2978/12 6530/2981/12 5943/3248/53 6189/800/53
f 1162/4746/3 1255/4742/3 6190/792/54 5944/766/54
f 6542/2149/12 6540/2978/12 6189/800/53 6007/799/53
f 1255/4742/3 1254/4740/3 6008/3249/54 6190/792/54
f 228/4990/3 1063/4989/3 1067/4743/3 974/4720/3
f 1054/4991/3 248/4988/3 1064/4986/3 1065/4992/3
f 1065/4992/3 1064/4986/3 252/4987/3 1063/4989/3
f 977/4993/3 1065/4992/3 1063/4989/3 228/4990/3
f 21/4994/3 1054/4991/3 1065/4992/3 977/4993/3
f 1045/4995/3 27/4894/3 1061/4893/3 1062/4996/3
f 1062/4996/3 1061/4893/3 249/4890/3 1059/4997/3
f 1052/4998/3 1062/4996/3 1059/4997/3 250/4999/3
f 245/5000/3 1045/4995/3 1062/4996/3 1052/4998/3
f 1059/4997/3 249/4890/3 1058/4889/3 1060/5001/3
f 1060/5001/3 1058/4889/3 28/4878/3 1057/4983/3
f 1055/5002/3 1060/5001/3 1057/4983/3 248/4988/3
f 250/4999/3 1059/4997/3 1060/5001/3 1055/5002/3
f 1051/5003/3 250/4999/3 1055/5002/3 1056/5004/3
f 1056/5004/3 1055/5002/3 248/4988/3 1054/4991/3
f 964/5005/3 1056/5004/3 1054/4991/3 21/4994/3
f 226/5006/3 1051/5003/3 1056/5004/3 964/5005/3
f 1042/5007/3 245/5000/3 1052/4998/3 1053/5008/3
f 1053/5008/3 1052/4998/3 250/4999/3 1051/5003/3
f 967/5009/3 1053/5008/3 1051/5003/3 226/5006/3
f 20/5010/3 1042/5007/3 1053/5008/3 967/5009/3
f 1033/5011/3 26/4910/3 1049/4909/3 1050/5012/3
f 1050/5012/3 1049/4909/3 246/4906/3 1047/5013/3
f 1040/5014/3 1050/5012/3 1047/5013/3 247/5015/3
f 242/5016/3 1033/5011/3 1050/5012/3 1040/5014/3
f 1047/5013/3 246/4906/3 1046/4905/3 1048/5017/3
f 1048/5017/3 1046/4905/3 27/4894/3 1045/4995/3
f 1043/5018/3 1048/5017/3 1045/4995/3 245/5000/3
f 247/5015/3 1047/5013/3 1048/5017/3 1043/5018/3
f 1039/5019/3 247/5015/3 1043/5018/3 1044/5020/3
f 1044/5020/3 1043/5018/3 245/5000/3 1042/5007/3
f 952/5021/3 1044/5020/3 1042/5007/3 20/5010/3
f 223/5022/3 1039/5019/3 1044/5020/3 952/5021/3
f 1030/5023/3 242/5016/3 1040/5014/3 1041/5024/3
f 1041/5024/3 1040/5014/3 247/5015/3 1039/5019/3
f 955/5025/3 1041/5024/3 1039/5019/3 223/5022/3
f 19/5026/3 1030/5023/3 1041/5024/3 955/5025/3
f 1021/5027/3 25/4926/3 1037/4925/3 1038/5028/3
f 1038/5028/3 1037/4925/3 243/4922/3 1035/5029/3
f 1028/5030/3 1038/5028/3 1035/5029/3 244/5031/3
f 239/5032/3 1021/5027/3 1038/5028/3 1028/5030/3
f 1035/5029/3 243/4922/3 1034/4921/3 1036/5033/3
f 1036/5033/3 1034/4921/3 26/4910/3 1033/5011/3
f 1031/5034/3 1036/5033/3 1033/5011/3 242/5016/3
f 244/5031/3 1035/5029/3 1036/5033/3 1031/5034/3
f 1027/5035/3 244/5031/3 1031/5034/3 1032/5036/3
f 1032/5036/3 1031/5034/3 242/5016/3 1030/5023/3
f 940/5037/3 1032/5036/3 1030/5023/3 19/5026/3
f 220/5038/3 1027/5035/3 1032/5036/3 940/5037/3
f 1018/5039/3 239/5032/3 1028/5030/3 1029/5040/3
f 1029/5040/3 1028/5030/3 244/5031/3 1027/5035/3
f 943/5041/3 1029/5040/3 1027/5035/3 220/5038/3
f 18/5042/3 1018/5039/3 1029/5040/3 943/5041/3
f 1009/5043/3 24/4942/3 1025/4941/3 1026/5044/3
f 1026/5044/3 1025/4941/3 240/4938/3 1023/5045/3
f 1016/5046/3 1026/5044/3 1023/5045/3 241/5047/3
f 236/5048/3 1009/5043/3 1026/5044/3 1016/5046/3
f 1023/5045/3 240/4938/3 1022/4937/3 1024/5049/3
f 1024/5049/3 1022/4937/3 25/4926/3 1021/5027/3
f 1019/5050/3 1024/5049/3 1021/5027/3 239/5032/3
f 241/5047/3 1023/5045/3 1024/5049/3 1019/5050/3
f 1015/5051/3 241/5047/3 1019/5050/3 1020/5052/3
f 1020/5052/3 1019/5050/3 239/5032/3 1018/5039/3
f 928/5053/3 1020/5052/3 1018/5039/3 18/5042/3
f 217/5054/3 1015/5051/3 1020/5052/3 928/5053/3
f 1006/5055/3 236/5048/3 1016/5046/3 1017/5056/3
f 1017/5056/3 1016/5046/3 241/5047/3 1015/5051/3
f 931/5057/3 1017/5056/3 1015/5051/3 217/5054/3
f 17/5058/3 1006/5055/3 1017/5056/3 931/5057/3
f 997/5059/3 23/4958/3 1013/4957/3 1014/5060/3
f 1014/5060/3 1013/4957/3 237/4954/3 1011/5061/3
f 1004/5062/3 1014/5060/3 1011/5061/3 238/5063/3
f 233/5064/3 997/5059/3 1014/5060/3 1004/5062/3
f 1011/5061/3 237/4954/3 1010/4953/3 1012/5065/3
f 1012/5065/3 1010/4953/3 24/4942/3 1009/5043/3
f 1007/5066/3 1012/5065/3 1009/5043/3 236/5048/3
f 238/5063/3 1011/5061/3 1012/5065/3 1007/5066/3
f 1003/5067/3 238/5063/3 1007/5066/3 1008/5068/3
f 1008/5068/3 1007/5066/3 236/5048/3 1006/5055/3
f 916/5069/3 1008/5068/3 1006/5055/3 17/5058/3
f 214/5070/3 1003/5067/3 1008/5068/3 916/5069/3
f 994/5071/3 233/5064/3 1004/5062/3 1005/5072/3
f 1005/5072/3 1004/5062/3 238/5063/3 1003/5067/3
f 919/5073/3 1005/5072/3 1003/5067/3 214/5070/3
f 16/5074/3 994/5071/3 1005/5072/3 919/5073/3
f 985/5075/3 22/4974/3 1001/4973/3 1002/5076/3
f 1002/5076/3 1001/4973/3 234/4970/3 999/5077/3
f 992/5078/3 1002/5076/3 999/5077/3 235/5079/3
f 230/5080/3 985/5075/3 1002/5076/3 992/5078/3
f 999/5077/3 234/4970/3 998/4969/3 1000/5081/3
f 1000/5081/3 998/4969/3 23/4958/3 997/5059/3
f 995/5082/3 1000/5081/3 997/5059/3 233/5064/3
f 235/5079/3 999/5077/3 1000/5081/3 995/5082/3
f 991/5083/3 235/5079/3 995/5082/3 996/5084/3
f 996/5084/3 995/5082/3 233/5064/3 994/5071/3
f 904/5085/3 996/5084/3 994/5071/3 16/5074/3
f 211/5086/3 991/5083/3 996/5084/3 904/5085/3
f 982/5087/3 230/5080/3 992/5078/3 993/5088/3
f 993/5088/3 992/5078/3 235/5079/3 991/5083/3
f 907/5089/3 993/5088/3 991/5083/3 211/5086/3
f 15/5090/3 982/5087/3 993/5088/3 907/5089/3
f 6544/2150/12 6542/2149/12 6007/799/53 6191/801/53
f 1254/4740/3 1258/4737/3 6192/805/54 6008/3249/54
f 990/4738/3 989/4739/3 231/4982/3 987/5091/3
f 980/4730/3 990/4738/3 987/5091/3 232/5092/3
f 6546/2972/12 6544/2150/12 6191/801/53 5941/3252/53
f 1258/4737/3 1256/4614/3 5942/806/54 6192/805/54
f 987/5091/3 231/4982/3 986/4981/3 988/5093/3
f 988/5093/3 986/4981/3 22/4974/3 985/5075/3
f 983/5094/3 988/5093/3 985/5075/3 230/5080/3
f 232/5092/3 987/5091/3 988/5093/3 983/5094/3
f 979/5095/3 232/5092/3 983/5094/3 984/5096/3
f 984/5096/3 983/5094/3 230/5080/3 982/5087/3
f 892/5097/3 984/5096/3 982/5087/3 15/5090/3
f 208/5098/3 979/5095/3 984/5096/3 892/5097/3
f 6537/2151/14 6547/2140/14 6193/812/55 5853/811/55
f 5854/787/35 6194/818/35 1263/4728/3 1177/4729/3
f 981/4727/3 980/4730/3 232/5092/3 979/5095/3
f 895/4607/3 981/4727/3 979/5095/3 208/5098/3
f 6547/2140/14 6549/2139/14 6009/3253/55 6193/812/55
f 6194/818/35 6010/817/35 1262/4718/3 1263/4728/3
f 963/5099/3 21/4994/3 977/4993/3 978/5100/3
f 978/5100/3 977/4993/3 228/4990/3 975/5101/3
f 970/5102/3 978/5100/3 975/5101/3 229/5103/3
f 225/5104/3 963/5099/3 978/5100/3 970/5102/3
f 975/5101/3 228/4990/3 974/4720/3 976/4715/3
f 6549/2139/14 6551/2973/14 6195/824/55 6009/3253/55
f 6010/817/35 6196/819/35 1272/4716/3 1262/4718/3
f 6551/2973/14 6553/2131/14 5855/825/55 6195/824/55
f 6196/819/35 5856/3256/35 1271/4597/3 1272/4716/3
f 229/5103/3 975/5101/3 976/4715/3 972/4612/3
f 969/5105/3 229/5103/3 972/4612/3 973/4611/3
f 6556/2970/12 6546/2972/12 5941/3252/53 6197/836/53
f 1256/4614/3 1349/4610/3 6198/829/54 5942/806/54
f 6558/2135/12 6556/2970/12 6197/836/53 6011/835/53
f 1349/4610/3 1348/4608/3 6012/839/54 6198/829/54
f 205/5106/3 969/5105/3 973/4611/3 880/4588/3
f 960/5107/3 225/5104/3 970/5102/3 971/5108/3
f 971/5108/3 970/5102/3 229/5103/3 969/5105/3
f 883/5109/3 971/5108/3 969/5105/3 205/5106/3
f 14/5110/3 960/5107/3 971/5108/3 883/5109/3
f 951/5111/3 20/5010/3 967/5009/3 968/5112/3
f 968/5112/3 967/5009/3 226/5006/3 965/5113/3
f 958/5114/3 968/5112/3 965/5113/3 227/5115/3
f 222/5116/3 951/5111/3 968/5112/3 958/5114/3
f 965/5113/3 226/5006/3 964/5005/3 966/5117/3
f 966/5117/3 964/5005/3 21/4994/3 963/5099/3
f 961/5118/3 966/5117/3 963/5099/3 225/5104/3
f 227/5115/3 965/5113/3 966/5117/3 961/5118/3
f 957/5119/3 227/5115/3 961/5118/3 962/5120/3
f 962/5120/3 961/5118/3 225/5104/3 960/5107/3
f 870/5121/3 962/5120/3 960/5107/3 14/5110/3
f 203/5122/3 957/5119/3 962/5120/3 870/5121/3
f 948/5123/3 222/5116/3 958/5114/3 959/5124/3
f 959/5124/3 958/5114/3 227/5115/3 957/5119/3
f 873/5125/3 959/5124/3 957/5119/3 203/5122/3
f 13/5126/3 948/5123/3 959/5124/3 873/5125/3
f 939/5127/3 19/5026/3 955/5025/3 956/5128/3
f 956/5128/3 955/5025/3 223/5022/3 953/5129/3
f 946/5130/3 956/5128/3 953/5129/3 224/5131/3
f 219/5132/3 939/5127/3 956/5128/3 946/5130/3
f 953/5129/3 223/5022/3 952/5021/3 954/5133/3
f 954/5133/3 952/5021/3 20/5010/3 951/5111/3
f 949/5134/3 954/5133/3 951/5111/3 222/5116/3
f 224/5131/3 953/5129/3 954/5133/3 949/5134/3
f 945/5135/3 224/5131/3 949/5134/3 950/5136/3
f 950/5136/3 949/5134/3 222/5116/3 948/5123/3
f 858/5137/3 950/5136/3 948/5123/3 13/5126/3
f 200/5138/3 945/5135/3 950/5136/3 858/5137/3
f 936/5139/3 219/5132/3 946/5130/3 947/5140/3
f 947/5140/3 946/5130/3 224/5131/3 945/5135/3
f 861/5141/3 947/5140/3 945/5135/3 200/5138/3
f 12/5142/3 936/5139/3 947/5140/3 861/5141/3
f 927/5143/3 18/5042/3 943/5041/3 944/5144/3
f 944/5144/3 943/5041/3 220/5038/3 941/5145/3
f 934/5146/3 944/5144/3 941/5145/3 221/5147/3
f 216/5148/3 927/5143/3 944/5144/3 934/5146/3
f 941/5145/3 220/5038/3 940/5037/3 942/5149/3
f 942/5149/3 940/5037/3 19/5026/3 939/5127/3
f 937/5150/3 942/5149/3 939/5127/3 219/5132/3
f 221/5147/3 941/5145/3 942/5149/3 937/5150/3
f 933/5151/3 221/5147/3 937/5150/3 938/5152/3
f 938/5152/3 937/5150/3 219/5132/3 936/5139/3
f 846/5153/3 938/5152/3 936/5139/3 12/5142/3
f 197/5154/3 933/5151/3 938/5152/3 846/5153/3
f 924/5155/3 216/5148/3 934/5146/3 935/5156/3
f 935/5156/3 934/5146/3 221/5147/3 933/5151/3
f 849/5157/3 935/5156/3 933/5151/3 197/5154/3
f 11/5158/3 924/5155/3 935/5156/3 849/5157/3
f 915/5159/3 17/5058/3 931/5057/3 932/5160/3
f 932/5160/3 931/5057/3 217/5054/3 929/5161/3
f 922/5162/3 932/5160/3 929/5161/3 218/5163/3
f 213/5164/3 915/5159/3 932/5160/3 922/5162/3
f 929/5161/3 217/5054/3 928/5053/3 930/5165/3
f 930/5165/3 928/5053/3 18/5042/3 927/5143/3
f 925/5166/3 930/5165/3 927/5143/3 216/5148/3
f 218/5163/3 929/5161/3 930/5165/3 925/5166/3
f 921/5167/3 218/5163/3 925/5166/3 926/5168/3
f 926/5168/3 925/5166/3 216/5148/3 924/5155/3
f 834/5169/3 926/5168/3 924/5155/3 11/5158/3
f 194/5170/3 921/5167/3 926/5168/3 834/5169/3
f 912/5171/3 213/5164/3 922/5162/3 923/5172/3
f 923/5172/3 922/5162/3 218/5163/3 921/5167/3
f 837/5173/3 923/5172/3 921/5167/3 194/5170/3
f 10/5174/3 912/5171/3 923/5172/3 837/5173/3
f 903/5175/3 16/5074/3 919/5073/3 920/5176/3
f 920/5176/3 919/5073/3 214/5070/3 917/5177/3
f 910/5178/3 920/5176/3 917/5177/3 215/5179/3
f 210/5180/3 903/5175/3 920/5176/3 910/5178/3
f 917/5177/3 214/5070/3 916/5069/3 918/5181/3
f 918/5181/3 916/5069/3 17/5058/3 915/5159/3
f 913/5182/3 918/5181/3 915/5159/3 213/5164/3
f 215/5179/3 917/5177/3 918/5181/3 913/5182/3
f 909/5183/3 215/5179/3 913/5182/3 914/5184/3
f 914/5184/3 913/5182/3 213/5164/3 912/5171/3
f 822/5185/3 914/5184/3 912/5171/3 10/5174/3
f 191/5186/3 909/5183/3 914/5184/3 822/5185/3
f 900/5187/3 210/5180/3 910/5178/3 911/5188/3
f 911/5188/3 910/5178/3 215/5179/3 909/5183/3
f 825/5189/3 911/5188/3 909/5183/3 191/5186/3
f 9/5190/3 900/5187/3 911/5188/3 825/5189/3
f 891/5191/3 15/5090/3 907/5089/3 908/5192/3
f 908/5192/3 907/5089/3 211/5086/3 905/5193/3
f 898/5194/3 908/5192/3 905/5193/3 212/5195/3
f 207/5196/3 891/5191/3 908/5192/3 898/5194/3
f 905/5193/3 211/5086/3 904/5085/3 906/5197/3
f 906/5197/3 904/5085/3 16/5074/3 903/5175/3
f 901/5198/3 906/5197/3 903/5175/3 210/5180/3
f 212/5195/3 905/5193/3 906/5197/3 901/5198/3
f 897/5199/3 212/5195/3 901/5198/3 902/5200/3
f 902/5200/3 901/5198/3 210/5180/3 900/5187/3
f 810/5201/3 902/5200/3 900/5187/3 9/5190/3
f 188/5202/3 897/5199/3 902/5200/3 810/5201/3
f 888/5203/3 207/5196/3 898/5194/3 899/5204/3
f 899/5204/3 898/5194/3 212/5195/3 897/5199/3
f 813/5205/3 899/5204/3 897/5199/3 188/5202/3
f 8/5206/3 888/5203/3 899/5204/3 813/5205/3
f 6560/2136/12 6558/2135/12 6011/835/53 6199/848/53
f 1348/4608/3 1352/4605/3 6200/840/54 6012/839/54
f 896/4606/3 895/4607/3 208/5098/3 893/5207/3
f 886/4598/3 896/4606/3 893/5207/3 209/5208/3
f 6562/2118/12 6560/2136/12 6199/848/53 5939/847/53
f 1352/4605/3 1350/4482/3 5940/871/54 6200/840/54
f 893/5207/3 208/5098/3 892/5097/3 894/5209/3
f 894/5209/3 892/5097/3 15/5090/3 891/5191/3
f 889/5210/3 894/5209/3 891/5191/3 207/5196/3
f 209/5208/3 893/5207/3 894/5209/3 889/5210/3
f 885/5211/3 209/5208/3 889/5210/3 890/5212/3
f 890/5212/3 889/5210/3 207/5196/3 888/5203/3
f 798/5213/3 890/5212/3 888/5203/3 8/5206/3
f 185/5214/3 885/5211/3 890/5212/3 798/5213/3
f 6553/2131/14 6563/2127/14 6201/850/55 5855/825/55
f 5856/3256/35 6202/856/35 1357/4596/3 1271/4597/3
f 887/4595/3 886/4598/3 209/5208/3 885/5211/3
f 801/4475/3 887/4595/3 885/5211/3 185/5214/3
f 6563/2127/14 6565/2123/14 6013/859/55 6201/850/55
f 6202/856/35 6014/855/35 1356/4586/3 1357/4596/3
f 869/5215/3 14/5110/3 883/5109/3 884/5216/3
f 884/5216/3 883/5109/3 205/5106/3 881/5217/3
f 876/5218/3 884/5216/3 881/5217/3 206/5219/3
f 202/5220/3 869/5215/3 884/5216/3 876/5218/3
f 881/5217/3 205/5106/3 880/4588/3 882/4583/3
f 6565/2123/14 6567/2119/14 6203/860/55 6013/859/55
f 6014/855/35 6204/868/35 1366/4584/3 1356/4586/3
f 6567/2119/14 6569/2100/14 5857/891/55 6203/860/55
f 6204/868/35 5858/867/35 1365/4465/3 1366/4584/3
f 206/5219/3 881/5217/3 882/4583/3 878/4480/3
f 875/5221/3 206/5219/3 878/4480/3 879/4479/3
f 6572/2115/12 6562/2118/12 5939/847/53 6205/878/53
f 1350/4482/3 1443/4478/3 6206/872/54 5940/871/54
f 6574/2111/12 6572/2115/12 6205/878/53 6015/877/53
f 1443/4478/3 1442/4476/3 6016/881/54 6206/872/54
f 182/5222/3 875/5221/3 879/4479/3 786/4456/3
f 866/5223/3 202/5220/3 876/5218/3 877/5224/3
f 877/5224/3 876/5218/3 206/5219/3 875/5221/3
f 789/5225/3 877/5224/3 875/5221/3 182/5222/3
f 7/5226/3 866/5223/3 877/5224/3 789/5225/3
f 857/5227/3 13/5126/3 873/5125/3 874/5228/3
f 874/5228/3 873/5125/3 203/5122/3 871/5229/3
f 864/5230/3 874/5228/3 871/5229/3 204/5231/3
f 199/5232/3 857/5227/3 874/5228/3 864/5230/3
f 871/5229/3 203/5122/3 870/5121/3 872/5233/3
f 872/5233/3 870/5121/3 14/5110/3 869/5215/3
f 867/5234/3 872/5233/3 869/5215/3 202/5220/3
f 204/5231/3 871/5229/3 872/5233/3 867/5234/3
f 863/5235/3 204/5231/3 867/5234/3 868/5236/3
f 868/5236/3 867/5234/3 202/5220/3 866/5223/3
f 776/5237/3 868/5236/3 866/5223/3 7/5226/3
f 180/5238/3 863/5235/3 868/5236/3 776/5237/3
f 854/5239/3 199/5232/3 864/5230/3 865/5240/3
f 865/5240/3 864/5230/3 204/5231/3 863/5235/3
f 779/5241/3 865/5240/3 863/5235/3 180/5238/3
f 6/5242/3 854/5239/3 865/5240/3 779/5241/3
f 845/5243/3 12/5142/3 861/5141/3 862/5244/3
f 862/5244/3 861/5141/3 200/5138/3 859/5245/3
f 852/5246/3 862/5244/3 859/5245/3 201/5247/3
f 196/5248/3 845/5243/3 862/5244/3 852/5246/3
f 859/5245/3 200/5138/3 858/5137/3 860/5249/3
f 860/5249/3 858/5137/3 13/5126/3 857/5227/3
f 855/5250/3 860/5249/3 857/5227/3 199/5232/3
f 201/5247/3 859/5245/3 860/5249/3 855/5250/3
f 851/5251/3 201/5247/3 855/5250/3 856/5252/3
f 856/5252/3 855/5250/3 199/5232/3 854/5239/3
f 764/5253/3 856/5252/3 854/5239/3 6/5242/3
f 177/5254/3 851/5251/3 856/5252/3 764/5253/3
f 842/5255/3 196/5248/3 852/5246/3 853/5256/3
f 853/5256/3 852/5246/3 201/5247/3 851/5251/3
f 767/5257/3 853/5256/3 851/5251/3 177/5254/3
f 5/5258/3 842/5255/3 853/5256/3 767/5257/3
f 833/5259/3 11/5158/3 849/5157/3 850/5260/3
f 850/5260/3 849/5157/3 197/5154/3 847/5261/3
f 840/5262/3 850/5260/3 847/5261/3 198/5263/3
f 193/5264/3 833/5259/3 850/5260/3 840/5262/3
f 847/5261/3 197/5154/3 846/5153/3 848/5265/3
f 848/5265/3 846/5153/3 12/5142/3 845/5243/3
f 843/5266/3 848/5265/3 845/5243/3 196/5248/3
f 198/5263/3 847/5261/3 848/5265/3 843/5266/3
f 839/5267/3 198/5263/3 843/5266/3 844/5268/3
f 844/5268/3 843/5266/3 196/5248/3 842/5255/3
f 752/5269/3 844/5268/3 842/5255/3 5/5258/3
f 174/5270/3 839/5267/3 844/5268/3 752/5269/3
f 830/5271/3 193/5264/3 840/5262/3 841/5272/3
f 841/5272/3 840/5262/3 198/5263/3 839/5267/3
f 755/5273/3 841/5272/3 839/5267/3 174/5270/3
f 4/5274/3 830/5271/3 841/5272/3 755/5273/3
f 821/5275/3 10/5174/3 837/5173/3 838/5276/3
f 838/5276/3 837/5173/3 194/5170/3 835/5277/3
f 828/5278/3 838/5276/3 835/5277/3 195/5279/3
f 190/5280/3 821/5275/3 838/5276/3 828/5278/3
f 835/5277/3 194/5170/3 834/5169/3 836/5281/3
f 836/5281/3 834/5169/3 11/5158/3 833/5259/3
f 831/5282/3 836/5281/3 833/5259/3 193/5264/3
f 195/5279/3 835/5277/3 836/5281/3 831/5282/3
f 827/5283/3 195/5279/3 831/5282/3 832/5284/3
f 832/5284/3 831/5282/3 193/5264/3 830/5271/3
f 740/5285/3 832/5284/3 830/5271/3 4/5274/3
f 171/5286/3 827/5283/3 832/5284/3 740/5285/3
f 818/5287/3 190/5280/3 828/5278/3 829/5288/3
f 829/5288/3 828/5278/3 195/5279/3 827/5283/3
f 743/5289/3 829/5288/3 827/5283/3 171/5286/3
f 3/5290/3 818/5287/3 829/5288/3 743/5289/3
f 809/5291/3 9/5190/3 825/5189/3 826/5292/3
f 826/5292/3 825/5189/3 191/5186/3 823/5293/3
f 816/5294/3 826/5292/3 823/5293/3 192/5295/3
f 187/5296/3 809/5291/3 826/5292/3 816/5294/3
f 823/5293/3 191/5186/3 822/5185/3 824/5297/3
f 824/5297/3 822/5185/3 10/5174/3 821/5275/3
f 819/5298/3 824/5297/3 821/5275/3 190/5280/3
f 192/5295/3 823/5293/3 824/5297/3 819/5298/3
f 815/5299/3 192/5295/3 819/5298/3 820/5300/3
f 820/5300/3 819/5298/3 190/5280/3 818/5287/3
f 728/5301/3 820/5300/3 818/5287/3 3/5290/3
f 168/5302/3 815/5299/3 820/5300/3 728/5301/3
f 806/5303/3 187/5296/3 816/5294/3 817/5304/3
f 817/5304/3 816/5294/3 192/5295/3 815/5299/3
f 731/5305/3 817/5304/3 815/5299/3 168/5302/3
f 2/5306/3 806/5303/3 817/5304/3 731/5305/3
f 797/5307/3 8/5206/3 813/5205/3 814/5308/3
f 814/5308/3 813/5205/3 188/5202/3 811/5309/3
f 804/5310/3 814/5308/3 811/5309/3 189/5311/3
f 184/5312/3 797/5307/3 814/5308/3 804/5310/3
f 811/5309/3 188/5202/3 810/5201/3 812/5313/3
f 812/5313/3 810/5201/3 9/5190/3 809/5291/3
f 807/5314/3 812/5313/3 809/5291/3 187/5296/3
f 189/5311/3 811/5309/3 812/5313/3 807/5314/3
f 803/5315/3 189/5311/3 807/5314/3 808/5316/3
f 808/5316/3 807/5314/3 187/5296/3 806/5303/3
f 716/5317/3 808/5316/3 806/5303/3 2/5306/3
f 165/5318/3 803/5315/3 808/5316/3 716/5317/3
f 794/5319/3 184/5312/3 804/5310/3 805/5320/3
f 805/5320/3 804/5310/3 189/5311/3 803/5315/3
f 719/5321/3 805/5320/3 803/5315/3 165/5318/3
f 1/5322/3 794/5319/3 805/5320/3 719/5321/3
f 6576/2107/12 6574/2111/12 6015/877/53 6207/888/53
f 1442/4476/3 1446/4473/3 6208/882/54 6016/881/54
f 802/4474/3 801/4475/3 185/5214/3 799/5323/3
f 792/4466/3 802/4474/3 799/5323/3 186/5324/3
f 6578/2087/12 6576/2107/12 6207/888/53 5937/887/53
f 1446/4473/3 1444/4350/3 5938/911/54 6208/882/54
f 799/5323/3 185/5214/3 798/5213/3 800/5325/3
f 800/5325/3 798/5213/3 8/5206/3 797/5307/3
f 795/5326/3 800/5325/3 797/5307/3 184/5312/3
f 186/5324/3 799/5323/3 800/5325/3 795/5326/3
f 791/5327/3 186/5324/3 795/5326/3 796/5328/3
f 796/5328/3 795/5326/3 184/5312/3 794/5319/3
f 704/5329/3 796/5328/3 794/5319/3 1/5322/3
f 162/5330/3 791/5327/3 796/5328/3 704/5329/3
f 6569/2100/14 6579/2096/14 6209/892/55 5857/891/55
f 5858/867/35 6210/898/35 1451/4464/3 1365/4465/3
f 793/4463/3 792/4466/3 186/5324/3 791/5327/3
f 707/3936/3 793/4463/3 791/5327/3 162/5330/3
f 6579/2096/14 6581/2092/14 6017/901/55 6209/892/55
f 6210/898/35 6018/897/35 1450/4454/3 1451/4464/3
f 775/5331/3 7/5226/3 789/5225/3 790/5332/3
f 790/5332/3 789/5225/3 182/5222/3 787/5333/3
f 782/5334/3 790/5332/3 787/5333/3 183/5335/3
f 179/5336/3 775/5331/3 790/5332/3 782/5334/3
f 787/5333/3 182/5222/3 786/4456/3 788/4451/3
f 6581/2092/14 6583/2088/14 6211/902/55 6017/901/55
f 6018/897/35 6212/908/35 1460/4452/3 1450/4454/3
f 6583/2088/14 6585/2068/14 5859/931/55 6211/902/55
f 6212/908/35 5860/907/35 1459/4334/3 1460/4452/3
f 183/5335/3 787/5333/3 788/4451/3 784/4348/3
f 781/4343/3 183/5335/3 784/4348/3 785/4344/3
f 6588/2083/12 6578/2087/12 5937/887/53 6213/919/53
f 1444/4350/3 1537/4347/3 6214/912/54 5938/911/54
f 6590/2079/12 6588/2083/12 6213/919/53 6019/918/53
f 1537/4347/3 1536/4345/3 6020/922/54 6214/912/54
f 6592/2075/12 6590/2079/12 6019/918/53 6215/928/53
f 1536/4345/3 1540/4342/3 6216/923/54 6020/922/54
f 6594/2055/12 6592/2075/12 6215/928/53 5935/927/53
f 772/4332/3 179/5336/3 782/5334/3 783/4335/3
f 783/4335/3 782/5334/3 183/5335/3 781/4343/3
f 1540/4342/3 1538/4219/3 5936/949/54 6216/923/54
f 6585/2068/14 6595/2064/14 6217/932/55 5859/931/55
f 5860/907/35 6218/937/35 1545/4333/3 1459/4334/3
f 6595/2064/14 6597/2060/14 6021/940/55 6217/932/55
f 763/5337/3 6/5242/3 779/5241/3 780/5338/3
f 780/5338/3 779/5241/3 180/5238/3 777/5339/3
f 770/5340/3 780/5338/3 777/5339/3 181/5341/3
f 176/5342/3 763/5337/3 780/5338/3 770/5340/3
f 777/5339/3 180/5238/3 776/5237/3 778/5343/3
f 778/5343/3 776/5237/3 7/5226/3 775/5331/3
f 773/5344/3 778/5343/3 775/5331/3 179/5336/3
f 181/5341/3 777/5339/3 778/5343/3 773/5344/3
f 769/4320/3 181/5341/3 773/5344/3 774/4325/3
f 774/4325/3 773/5344/3 179/5336/3 772/4332/3
f 6218/937/35 6022/936/35 1544/4323/3 1545/4333/3
f 6597/2060/14 6599/2056/14 6219/941/55 6021/940/55
f 6022/936/35 6220/946/35 1554/4321/3 1544/4323/3
f 6599/2056/14 6601/2036/14 5861/969/55 6219/941/55
f 760/4216/3 176/5342/3 770/5340/3 771/4217/3
f 771/4217/3 770/5340/3 181/5341/3 769/4320/3
f 6220/946/35 5862/945/35 1553/4202/3 1554/4321/3
f 6604/2051/12 6594/2055/12 5935/927/53 6221/956/53
f 1538/4219/3 1631/4215/3 6222/950/54 5936/949/54
f 6606/2047/12 6604/2051/12 6221/956/53 6023/955/53
f 751/5345/3 5/5258/3 767/5257/3 768/5346/3
f 768/5346/3 767/5257/3 177/5254/3 765/5347/3
f 758/5348/3 768/5346/3 765/5347/3 178/5349/3
f 173/5350/3 751/5345/3 768/5346/3 758/5348/3
f 765/5347/3 177/5254/3 764/5253/3 766/5351/3
f 766/5351/3 764/5253/3 6/5242/3 763/5337/3
f 761/5352/3 766/5351/3 763/5337/3 176/5342/3
f 178/5349/3 765/5347/3 766/5351/3 761/5352/3
f 757/4211/3 178/5349/3 761/5352/3 762/4212/3
f 762/4212/3 761/5352/3 176/5342/3 760/4216/3
f 1631/4215/3 1630/4213/3 6024/959/54 6222/950/54
f 6608/2043/12 6606/2047/12 6023/955/53 6223/966/53
f 1630/4213/3 1634/4210/3 6224/960/54 6024/959/54
f 6610/2023/12 6608/2043/12 6223/966/53 5933/965/53
f 748/4200/3 173/5350/3 758/5348/3 759/4203/3
f 759/4203/3 758/5348/3 178/5349/3 757/4211/3
f 1634/4210/3 1632/4087/3 5934/988/54 6224/960/54
f 6601/2036/14 6611/2032/14 6225/970/55 5861/969/55
f 5862/945/35 6226/976/35 1639/4201/3 1553/4202/3
f 6611/2032/14 6613/2028/14 6025/979/55 6225/970/55
f 739/5353/3 4/5274/3 755/5273/3 756/5354/3
f 756/5354/3 755/5273/3 174/5270/3 753/5355/3
f 746/5356/3 756/5354/3 753/5355/3 175/5357/3
f 170/5358/3 739/5353/3 756/5354/3 746/5356/3
f 753/5355/3 174/5270/3 752/5269/3 754/5359/3
f 754/5359/3 752/5269/3 5/5258/3 751/5345/3
f 749/5360/3 754/5359/3 751/5345/3 173/5350/3
f 175/5357/3 753/5355/3 754/5359/3 749/5360/3
f 745/4188/3 175/5357/3 749/5360/3 750/4193/3
f 750/4193/3 749/5360/3 173/5350/3 748/4200/3
f 6226/976/35 6026/975/35 1638/4191/3 1639/4201/3
f 6613/2028/14 6615/2024/14 6227/980/55 6025/979/55
f 6026/975/35 6228/985/35 1648/4189/3 1638/4191/3
f 6615/2024/14 6617/2004/14 5863/1008/55 6227/980/55
f 736/4084/3 170/5358/3 746/5356/3 747/4085/3
f 747/4085/3 746/5356/3 175/5357/3 745/4188/3
f 6228/985/35 5864/984/35 1647/4070/3 1648/4189/3
f 6620/2019/12 6610/2023/12 5933/965/53 6229/995/53
f 1632/4087/3 1725/4083/3 6230/989/54 5934/988/54
f 6622/2015/12 6620/2019/12 6229/995/53 6027/994/53
f 727/5361/3 3/5290/3 743/5289/3 744/5362/3
f 744/5362/3 743/5289/3 171/5286/3 741/5363/3
f 734/5364/3 744/5362/3 741/5363/3 172/5365/3
f 167/5366/3 727/5361/3 744/5362/3 734/5364/3
f 741/5363/3 171/5286/3 740/5285/3 742/5367/3
f 742/5367/3 740/5285/3 4/5274/3 739/5353/3
f 737/5368/3 742/5367/3 739/5353/3 170/5358/3
f 172/5365/3 741/5363/3 742/5367/3 737/5368/3
f 733/4079/3 172/5365/3 737/5368/3 738/4080/3
f 738/4080/3 737/5368/3 170/5358/3 736/4084/3
f 1725/4083/3 1724/4081/3 6028/998/54 6230/989/54
f 6624/2011/12 6622/2015/12 6027/994/53 6231/1005/53
f 1724/4081/3 1728/4078/3 6232/999/54 6028/998/54
f 6626/1993/12 6624/2011/12 6231/1005/53 5931/1004/53
f 724/4068/3 167/5366/3 734/5364/3 735/4071/3
f 735/4071/3 734/5364/3 172/5365/3 733/4079/3
f 1728/4078/3 1726/3955/3 5932/1027/54 6232/999/54
f 6617/2004/14 6627/2000/14 6233/1009/55 5863/1008/55
f 5864/984/35 6234/1014/35 1733/4069/3 1647/4070/3
f 6627/2000/14 6629/1997/14 6029/1017/55 6233/1009/55
f 715/5369/3 2/5306/3 731/5305/3 732/5370/3
f 732/5370/3 731/5305/3 168/5302/3 729/5371/3
f 722/5372/3 732/5370/3 729/5371/3 169/5373/3
f 164/5374/3 715/5369/3 732/5370/3 722/5372/3
f 729/5371/3 168/5302/3 728/5301/3 730/5375/3
f 730/5375/3 728/5301/3 3/5290/3 727/5361/3
f 725/5376/3 730/5375/3 727/5361/3 167/5366/3
f 169/5373/3 729/5371/3 730/5375/3 725/5376/3
f 721/4056/3 169/5373/3 725/5376/3 726/4061/3
f 726/4061/3 725/5376/3 167/5366/3 724/4068/3
f 6234/1014/35 6030/1013/35 1732/4059/3 1733/4069/3
f 6629/1997/14 6631/1994/14 6235/1018/55 6029/1017/55
f 6030/1013/35 6236/1023/35 1742/4057/3 1732/4059/3
f 6631/1994/14 6633/1969/14 5865/1045/55 6235/1018/55
f 712/3952/3 164/5374/3 722/5372/3 723/3953/3
f 723/3953/3 722/5372/3 169/5373/3 721/4056/3
f 6236/1023/35 5866/1022/35 1741/3938/3 1742/4057/3
f 6636/1986/12 6626/1993/12 5931/1004/53 6237/1032/53
f 1726/3955/3 1819/3951/3 6238/1028/54 5932/1027/54
f 6638/1981/12 6636/1986/12 6237/1032/53 6031/1031/53
f 703/5377/3 1/5322/3 719/5321/3 720/5378/3
f 720/5378/3 719/5321/3 165/5318/3 717/5379/3
f 710/5380/3 720/5378/3 717/5379/3 166/5381/3
f 161/5382/3 703/5377/3 720/5378/3 710/5380/3
f 717/5379/3 165/5318/3 716/5317/3 718/5383/3
f 718/5383/3 716/5317/3 2/5306/3 715/5369/3
f 713/5384/3 718/5383/3 715/5369/3 164/5374/3
f 166/5381/3 717/5379/3 718/5383/3 713/5384/3
f 709/3947/3 166/5381/3 713/5384/3 714/3948/3
f 714/3948/3 713/5384/3 164/5374/3 712/3952/3
f 1819/3951/3 1818/3949/3 6032/1037/54 6238/1028/54
f 6640/1977/12 6638/1981/12 6031/1031/53 6239/1042/53
f 1818/3949/3 1822/3946/3 6240/1038/54 6032/1037/54
f 6642/1955/12 6640/1977/12 6239/1042/53 5929/1041/53
f 700/3924/3 161/5382/3 710/5380/3 711/3939/3
f 711/3939/3 710/5380/3 166/5381/3 709/3947/3
f 1822/3946/3 1820/3823/3 5930/3345/54 6240/1038/54
f 6633/1969/14 6643/1965/14 6241/1046/55 5865/1045/55
f 5866/1022/35 6242/1051/35 1827/3937/3 1741/3938/3
f 6643/1965/14 6645/1961/14 6033/1057/55 6241/1046/55
f 6242/1051/35 6034/1050/35 1826/3927/3 1827/3937/3
f 6645/1961/14 6647/1957/14 6243/1058/55 6033/1057/55
f 708/3929/3 707/3936/3 162/5330/3 705/5385/3
f 698/3820/3 708/3929/3 705/5385/3 163/5386/3
f 6034/1050/35 6244/1062/35 1836/3925/3 1826/3927/3
f 6647/1957/14 6649/1945/14 5867/2327/55 6243/1058/55
f 705/5385/3 162/5330/3 704/5329/3 706/5387/3
f 706/5387/3 704/5329/3 1/5322/3 703/5377/3
f 701/5388/3 706/5387/3 703/5377/3 161/5382/3
f 163/5386/3 705/5385/3 706/5387/3 701/5388/3
f 697/3816/3 163/5386/3 701/5388/3 702/3821/3
f 702/3821/3 701/5388/3 161/5382/3 700/3924/3
f 6244/1062/35 5868/1061/35 1835/3807/3 1836/3925/3
f 6652/1956/12 6642/1955/12 5929/1041/53 6245/1063/53
f 1820/3823/3 1913/3819/3 6246/3356/54 5930/3345/54
f 6654/1950/12 6652/1956/12 6245/1063/53 6035/1068/53
f 1913/3819/3 1912/3817/3 6036/1072/54 6246/3356/54
f 6656/527/12 6654/1950/12 6035/1068/53 6247/3363/53
f 699/3815/3 698/3820/3 163/5386/3 697/3816/3
f 1912/3817/3 1916/3814/3 6248/1073/54 6036/1072/54
f 6658/528/12 6656/527/12 6247/3363/53 5927/1543/53
f 1916/3814/3 1914/3691/3 5928/1077/54 6248/1073/54
f 6649/1945/14 6659/1943/14 6249/2328/55 5867/2327/55
f 5868/1061/35 6250/1381/35 1921/3806/3 1835/3807/3
f 6659/1943/14 6661/1941/14 6037/1391/55 6249/2328/55
f 6250/1381/35 6038/1384/35 1920/3796/3 1921/3806/3
f 2921/3799/2 2922/3798/2 2923/5389/2 2924/3792/2
f 6661/1941/14 6663/1939/14 6251/1392/55 6037/1391/55
f 6038/1384/35 6252/2333/35 1930/3794/3 1920/3796/3
f 6663/1939/14 6665/1927/14 5869/1395/55 6251/1392/55
f 2925/3793/2 2926/3688/2 2927/5390/2 2928/5391/2
f 2922/3798/2 2925/3793/2 2928/5391/2 2923/5389/2
f 2923/5389/2 2928/5391/2 2929/5392/2 2930/5393/2
f 2928/5391/2 2927/5390/2 2931/5394/2 2929/5392/2
f 2929/5392/2 2931/5394/2 2932/5395/2 2933/5396/2
f 2930/5393/2 2929/5392/2 2933/5396/2 2934/5397/2
f 6252/2333/35 5870/1702/35 1929/3669/3 1930/3794/3
f 2924/3792/2 2923/5389/2 2930/5393/2 2935/3689/2
f 2935/3689/2 2930/5393/2 2934/5397/2 2936/3410/2
f 6668/1938/12 6658/528/12 5927/1543/53 6253/1542/53
f 1914/3691/3 2007/3685/3 6254/2336/54 5928/1077/54
f 6670/1935/12 6668/1938/12 6253/1542/53 6039/1552/53
f 2937/3687/2 2938/3686/2 2939/5398/2 2940/5399/2
f 2926/3688/2 2937/3687/2 2940/5399/2 2927/5390/2
f 2007/3685/3 2006/3683/3 6040/2339/54 6254/2336/54
f 6672/1932/12 6670/1935/12 6039/1552/53 6255/1559/53
f 2941/3682/2 2942/3681/2 2943/5400/2 2944/5401/2
f 2938/3686/2 2941/3682/2 2944/5401/2 2939/5398/2
f 2939/5398/2 2944/5401/2 2945/5402/2 2946/5403/2
f 2944/5401/2 2943/5400/2 2947/5404/2 2945/5402/2
f 2945/5402/2 2947/5404/2 2948/5405/2 2949/5406/2
f 2946/5403/2 2945/5402/2 2949/5406/2 2950/5407/2
f 2927/5390/2 2940/5399/2 2951/5408/2 2931/5394/2
f 2940/5399/2 2939/5398/2 2946/5403/2 2951/5408/2
f 2951/5408/2 2946/5403/2 2950/5407/2 2952/5409/2
f 2931/5394/2 2951/5408/2 2952/5409/2 2932/5395/2
f 2006/3683/3 2010/3678/3 6256/2344/54 6040/2339/54
f 6674/1917/12 6672/1932/12 6255/1559/53 5925/1562/53
f 2953/3680/2 2954/3679/2 2955/5410/2 2956/5411/2
f 2942/3681/2 2953/3680/2 2956/5411/2 2943/5400/2
f 2010/3678/3 2008/3551/3 5926/2345/54 6256/2344/54
f 6665/1927/14 6675/1924/14 6257/2348/55 5869/1395/55
f 2957/3671/2 2958/3670/2 2959/5412/2 2960/5413/2
f 2954/3679/2 2957/3671/2 2960/5413/2 2955/5410/2
f 2955/5410/2 2960/5413/2 2961/5414/2 2962/5415/2
f 2960/5413/2 2959/5412/2 2963/5416/2 2961/5414/2
f 2961/5414/2 2963/5416/2 2964/5417/2 2965/5418/2
f 2962/5415/2 2961/5414/2 2965/5418/2 2966/5419/2
f 2943/5400/2 2956/5411/2 2967/5420/2 2947/5404/2
f 2956/5411/2 2955/5410/2 2962/5415/2 2967/5420/2
f 2967/5420/2 2962/5415/2 2966/5419/2 2968/5421/2
f 2947/5404/2 2967/5420/2 2968/5421/2 2948/5405/2
f 5870/1702/35 6258/1701/35 2015/3668/3 1929/3669/3
f 6675/1924/14 6677/1921/14 6041/2351/55 6257/2348/55
f 2969/3667/2 2970/3666/2 2971/5422/2 2972/5423/2
f 2958/3670/2 2969/3667/2 2972/5423/2 2959/5412/2
f 6258/1701/35 6042/1707/35 2014/3656/3 2015/3668/3
f 6677/1921/14 6679/1918/14 6259/2356/55 6041/2351/55
f 2973/3659/2 2974/3658/2 2975/5424/2 2976/5425/2
f 2970/3666/2 2973/3659/2 2976/5425/2 2971/5422/2
f 2971/5422/2 2976/5425/2 2977/5426/2 2978/5427/2
f 2976/5425/2 2975/5424/2 2979/5428/2 2977/5426/2
f 2977/5426/2 2979/5428/2 2980/5429/2 2981/5430/2
f 2978/5427/2 2977/5426/2 2981/5430/2 2982/5431/2
f 2959/5412/2 2972/5423/2 2983/5432/2 2963/5416/2
f 2972/5423/2 2971/5422/2 2978/5427/2 2983/5432/2
f 2983/5432/2 2978/5427/2 2982/5431/2 2984/5433/2
f 2963/5416/2 2983/5432/2 2984/5433/2 2964/5417/2
f 6042/1707/35 6260/1830/35 2024/3654/3 2014/3656/3
f 6679/1918/14 6681/1903/14 5871/2357/55 6259/2356/55
f 2985/3653/2 2986/3652/2 2987/5434/2 2988/5435/2
f 2974/3658/2 2985/3653/2 2988/5435/2 2975/5424/2
f 6260/1830/35 5872/1834/35 2023/3529/3 2024/3654/3
f 6684/1914/12 6674/1917/12 5925/1562/53 6261/1974/53
f 2989/3549/2 2990/3548/2 2991/5436/2 2992/5437/2
f 2986/3652/2 2989/3549/2 2992/5437/2 2987/5434/2
f 2987/5434/2 2992/5437/2 2993/5438/2 2994/5439/2
f 2992/5437/2 2991/5436/2 2995/5440/2 2993/5438/2
f 2993/5438/2 2995/5440/2 2996/5441/2 2997/5442/2
f 2994/5439/2 2993/5438/2 2997/5442/2 2998/5443/2
f 2975/5424/2 2988/5435/2 2999/5444/2 2979/5428/2
f 2988/5435/2 2987/5434/2 2994/5439/2 2999/5444/2
f 2999/5444/2 2994/5439/2 2998/5443/2 3000/5445/2
f 2979/5428/2 2999/5444/2 3000/5445/2 2980/5429/2
f 2008/3551/3 2101/3545/3 6262/2360/54 5926/2345/54
f 6686/1911/12 6684/1914/12 6261/1974/53 6043/1983/53
f 3001/3547/2 3002/3546/2 3003/5446/2 3004/5447/2
f 2990/3548/2 3001/3547/2 3004/5447/2 2991/5436/2
f 2101/3545/3 2100/3543/3 6044/2363/54 6262/2360/54
f 6688/1908/12 6686/1911/12 6043/1983/53 6263/1987/53
f 3005/3542/2 3006/3541/2 3007/5448/2 3008/5449/2
f 3002/3546/2 3005/3542/2 3008/5449/2 3003/5446/2
f 3003/5446/2 3008/5449/2 3009/5450/2 3010/5451/2
f 3008/5449/2 3007/5448/2 3011/5452/2 3009/5450/2
f 3009/5450/2 3011/5452/2 3012/5453/2 3013/5454/2
f 3010/5451/2 3009/5450/2 3013/5454/2 3014/5455/2
f 2991/5436/2 3004/5447/2 3015/5456/2 2995/5440/2
f 3004/5447/2 3003/5446/2 3010/5451/2 3015/5456/2
f 3015/5456/2 3010/5451/2 3014/5455/2 3016/5457/2
f 2995/5440/2 3015/5456/2 3016/5457/2 2996/5441/2
f 2100/3543/3 2104/3538/3 6264/2368/54 6044/2363/54
f 6690/1893/12 6688/1908/12 6263/1987/53 5923/1991/53
f 3017/3540/2 3018/3539/2 3019/5458/2 3020/5459/2
f 3006/3541/2 3017/3540/2 3020/5459/2 3007/5448/2
f 2104/3538/3 2102/3412/3 5924/2369/54 6264/2368/54
f 6681/1903/14 6691/1900/14 6265/2372/55 5871/2357/55
f 3021/3531/2 3022/3530/2 3023/5460/2 3024/5461/2
f 3018/3539/2 3021/3531/2 3024/5461/2 3019/5458/2
f 3019/5458/2 3024/5461/2 3025/5462/2 3026/5463/2
f 3024/5461/2 3023/5460/2 3027/5464/2 3025/5462/2
f 3025/5462/2 3027/5464/2 3028/5465/2 3029/5466/2
f 3026/5463/2 3025/5462/2 3029/5466/2 3030/5467/2
f 3007/5448/2 3020/5459/2 3031/5468/2 3011/5452/2
f 3020/5459/2 3019/5458/2 3026/5463/2 3031/5468/2
f 3031/5468/2 3026/5463/2 3030/5467/2 3032/5469/2
f 3011/5452/2 3031/5468/2 3032/5469/2 3012/5453/2
f 5872/1834/35 6266/2187/35 2109/3528/3 2023/3529/3
f 6691/1900/14 6693/1897/14 6045/2375/55 6265/2372/55
f 3033/3527/2 3034/3526/2 3035/5470/2 3036/5471/2
f 3022/3530/2 3033/3527/2 3036/5471/2 3023/5460/2
f 6266/2187/35 6046/2198/35 2108/3517/3 2109/3528/3
f 6693/1897/14 6695/1894/14 6267/2380/55 6045/2375/55
f 6046/2198/35 6268/2207/35 2118/3515/3 2108/3517/3
f 3034/3526/2 3037/3519/2 3038/3514/2 3035/5470/2
f 3035/5470/2 3038/3514/2 3039/3513/2 3040/5472/2
f 6695/1894/14 6697/1879/14 5873/2381/55 6267/2380/55
f 6268/2207/35 5874/2212/35 2117/11/3 2118/3515/3
f 3040/5472/2 3039/3513/2 3041/3403/2 3042/5473/2
f 3023/5460/2 3036/5471/2 3043/5474/2 3027/5464/2
f 3036/5471/2 3035/5470/2 3040/5472/2 3043/5474/2
f 3043/5474/2 3040/5472/2 3042/5473/2 3044/5475/2
f 3027/5464/2 3043/5474/2 3044/5475/2 3028/5465/2
f 6700/1890/12 6690/1893/12 5923/1991/53 6269/2217/53
f 2936/3410/2 2934/5397/2 3046/5476/2 3045/3409/2
f 3045/3409/2 3046/5476/2 3047/5477/2 3048/3408/2
f 2102/3412/3 2195/3406/3 6270/2384/54 5924/2369/54
f 2934/5397/2 2933/5396/2 3049/5478/2 3046/5476/2
f 2933/5396/2 2932/5395/2 3050/5479/2 3049/5478/2
f 3049/5478/2 3050/5479/2 3051/5480/2 3052/5481/2
f 3046/5476/2 3049/5478/2 3052/5481/2 3047/5477/2
f 3047/5477/2 3052/5481/2 3053/5482/2 3054/5483/2
f 3052/5481/2 3051/5480/2 3055/5484/2 3053/5482/2
f 3053/5482/2 3055/5484/2 3056/5485/2 3057/5486/2
f 3054/5483/2 3053/5482/2 3057/5486/2 3058/5487/2
f 6702/1887/12 6700/1890/12 6269/2217/53 6047/2230/53
f 3048/3408/2 3047/5477/2 3054/5483/2 3059/3407/2
f 3059/3407/2 3054/5483/2 3058/5487/2 3060/6/2
f 2195/3406/3 2194/3404/3 6048/2387/54 6270/2384/54
f 2932/5395/2 2952/5409/2 3061/5488/2 3050/5479/2
f 2952/5409/2 2950/5407/2 3062/5489/2 3061/5488/2
f 3061/5488/2 3062/5489/2 3063/5490/2 3064/5491/2
f 3050/5479/2 3061/5488/2 3064/5491/2 3051/5480/2
f 2950/5407/2 2949/5406/2 3065/5492/2 3062/5489/2
f 2949/5406/2 2948/5405/2 3066/5493/2 3065/5492/2
f 3065/5492/2 3066/5493/2 3067/5494/2 3068/5495/2
f 3062/5489/2 3065/5492/2 3068/5495/2 3063/5490/2
f 3063/5490/2 3068/5495/2 3069/5496/2 3070/5497/2
f 3068/5495/2 3067/5494/2 3071/5498/2 3069/5496/2
f 3069/5496/2 3071/5498/2 3072/5499/2 3073/5500/2
f 3070/5497/2 3069/5496/2 3073/5500/2 3074/5501/2
f 3051/5480/2 3064/5491/2 3075/5502/2 3055/5484/2
f 3064/5491/2 3063/5490/2 3070/5497/2 3075/5502/2
f 3075/5502/2 3070/5497/2 3074/5501/2 3076/5503/2
f 3055/5484/2 3075/5502/2 3076/5503/2 3056/5485/2
f 2948/5405/2 2968/5421/2 3077/5504/2 3066/5493/2
f 2968/5421/2 2966/5419/2 3078/5505/2 3077/5504/2
f 3077/5504/2 3078/5505/2 3079/5506/2 3080/5507/2
f 3066/5493/2 3077/5504/2 3080/5507/2 3067/5494/2
f 2966/5419/2 2965/5418/2 3081/5508/2 3078/5505/2
f 2965/5418/2 2964/5417/2 3082/5509/2 3081/5508/2
f 3081/5508/2 3082/5509/2 3083/5510/2 3084/5511/2
f 3078/5505/2 3081/5508/2 3084/5511/2 3079/5506/2
f 3079/5506/2 3084/5511/2 3085/5512/2 3086/5513/2
f 3084/5511/2 3083/5510/2 3087/5514/2 3085/5512/2
f 3085/5512/2 3087/5514/2 3088/5515/2 3089/5516/2
f 3086/5513/2 3085/5512/2 3089/5516/2 3090/5517/2
f 3067/5494/2 3080/5507/2 3091/5518/2 3071/5498/2
f 3080/5507/2 3079/5506/2 3086/5513/2 3091/5518/2
f 3091/5518/2 3086/5513/2 3090/5517/2 3092/5519/2
f 3071/5498/2 3091/5518/2 3092/5519/2 3072/5499/2
f 2964/5417/2 2984/5433/2 3093/5520/2 3082/5509/2
f 2984/5433/2 2982/5431/2 3094/5521/2 3093/5520/2
f 3093/5520/2 3094/5521/2 3095/5522/2 3096/5523/2
f 3082/5509/2 3093/5520/2 3096/5523/2 3083/5510/2
f 2982/5431/2 2981/5430/2 3097/5524/2 3094/5521/2
f 2981/5430/2 2980/5429/2 3098/5525/2 3097/5524/2
f 3097/5524/2 3098/5525/2 3099/5526/2 3100/5527/2
f 3094/5521/2 3097/5524/2 3100/5527/2 3095/5522/2
f 3095/5522/2 3100/5527/2 3101/5528/2 3102/5529/2
f 3100/5527/2 3099/5526/2 3103/5530/2 3101/5528/2
f 3101/5528/2 3103/5530/2 3104/5531/2 3105/5532/2
f 3102/5529/2 3101/5528/2 3105/5532/2 3106/5533/2
f 3083/5510/2 3096/5523/2 3107/5534/2 3087/5514/2
f 3096/5523/2 3095/5522/2 3102/5529/2 3107/5534/2
f 3107/5534/2 3102/5529/2 3106/5533/2 3108/5535/2
f 3087/5514/2 3107/5534/2 3108/5535/2 3088/5515/2
f 2980/5429/2 3000/5445/2 3109/5536/2 3098/5525/2
f 3000/5445/2 2998/5443/2 3110/5537/2 3109/5536/2
f 3109/5536/2 3110/5537/2 3111/5538/2 3112/5539/2
f 3098/5525/2 3109/5536/2 3112/5539/2 3099/5526/2
f 2998/5443/2 2997/5442/2 3113/5540/2 3110/5537/2
f 2997/5442/2 2996/5441/2 3114/5541/2 3113/5540/2
f 3113/5540/2 3114/5541/2 3115/5542/2 3116/5543/2
f 3110/5537/2 3113/5540/2 3116/5543/2 3111/5538/2
f 3111/5538/2 3116/5543/2 3117/5544/2 3118/5545/2
f 3116/5543/2 3115/5542/2 3119/5546/2 3117/5544/2
f 3117/5544/2 3119/5546/2 3120/5547/2 3121/5548/2
f 3118/5545/2 3117/5544/2 3121/5548/2 3122/5549/2
f 3099/5526/2 3112/5539/2 3123/5550/2 3103/5530/2
f 3112/5539/2 3111/5538/2 3118/5545/2 3123/5550/2
f 3123/5550/2 3118/5545/2 3122/5549/2 3124/5551/2
f 3103/5530/2 3123/5550/2 3124/5551/2 3104/5531/2
f 2996/5441/2 3016/5457/2 3125/5552/2 3114/5541/2
f 3016/5457/2 3014/5455/2 3126/5553/2 3125/5552/2
f 3125/5552/2 3126/5553/2 3127/5554/2 3128/5555/2
f 3114/5541/2 3125/5552/2 3128/5555/2 3115/5542/2
f 3014/5455/2 3013/5454/2 3129/5556/2 3126/5553/2
f 3013/5454/2 3012/5453/2 3130/5557/2 3129/5556/2
f 3129/5556/2 3130/5557/2 3131/5558/2 3132/5559/2
f 3126/5553/2 3129/5556/2 3132/5559/2 3127/5554/2
f 3127/5554/2 3132/5559/2 3133/5560/2 3134/5561/2
f 3132/5559/2 3131/5558/2 3135/5562/2 3133/5560/2
f 3133/5560/2 3135/5562/2 3136/5563/2 3137/5564/2
f 3134/5561/2 3133/5560/2 3137/5564/2 3138/5565/2
f 3115/5542/2 3128/5555/2 3139/5566/2 3119/5546/2
f 3128/5555/2 3127/5554/2 3134/5561/2 3139/5566/2
f 3139/5566/2 3134/5561/2 3138/5565/2 3140/5567/2
f 3119/5546/2 3139/5566/2 3140/5567/2 3120/5547/2
f 3012/5453/2 3032/5469/2 3141/5568/2 3130/5557/2
f 3032/5469/2 3030/5467/2 3142/5569/2 3141/5568/2
f 3141/5568/2 3142/5569/2 3143/5570/2 3144/5571/2
f 3130/5557/2 3141/5568/2 3144/5571/2 3131/5558/2
f 3030/5467/2 3029/5466/2 3145/5572/2 3142/5569/2
f 3029/5466/2 3028/5465/2 3146/5573/2 3145/5572/2
f 3145/5572/2 3146/5573/2 3147/5574/2 3148/5575/2
f 3142/5569/2 3145/5572/2 3148/5575/2 3143/5570/2
f 3143/5570/2 3148/5575/2 3149/5576/2 3150/5577/2
f 3148/5575/2 3147/5574/2 3151/5578/2 3149/5576/2
f 3149/5576/2 3151/5578/2 3152/5579/2 3153/5580/2
f 3150/5577/2 3149/5576/2 3153/5580/2 3154/5581/2
f 3131/5558/2 3144/5571/2 3155/5582/2 3135/5562/2
f 3144/5571/2 3143/5570/2 3150/5577/2 3155/5582/2
f 3155/5582/2 3150/5577/2 3154/5581/2 3156/5583/2
f 3135/5562/2 3155/5582/2 3156/5583/2 3136/5563/2
f 3028/5465/2 3044/5475/2 3157/5584/2 3146/5573/2
f 3044/5475/2 3042/5473/2 3158/5585/2 3157/5584/2
f 3157/5584/2 3158/5585/2 3159/5586/2 3160/5587/2
f 3146/5573/2 3157/5584/2 3160/5587/2 3147/5574/2
f 3042/5473/2 3041/3403/2 3161/3402/2 3158/5585/2
f 6704/1884/12 6702/1887/12 6047/2230/53 6271/2235/53
f 2194/3404/3 2198/3399/3 6272/2392/54 6048/2387/54
f 3158/5585/2 3161/3402/2 3162/3401/2 3159/5586/2
f 3159/5586/2 3162/3401/2 3163/3400/2 3164/5588/2
f 6706/1869/12 6704/1884/12 6271/2235/53 5921/2250/53
f 2198/3399/3 2196/701/3 5922/2393/54 6272/2392/54
f 3164/5588/2 3163/3400/2 3165/31/2 3166/5589/2
f 3147/5574/2 3160/5587/2 3167/5590/2 3151/5578/2
f 3160/5587/2 3159/5586/2 3164/5588/2 3167/5590/2
f 3167/5590/2 3164/5588/2 3166/5589/2 3168/5591/2
f 3151/5578/2 3167/5590/2 3168/5591/2 3152/5579/2
f 6697/1879/14 6707/1876/14 6273/2396/55 5873/2381/55
f 3060/6/2 3058/5487/2 3170/5592/2 3169/2/2
f 3169/2/2 3170/5592/2 3171/5593/2 3172/3/2
f 5874/2212/35 6274/2255/35 2203/7/3 2117/11/3
f 3058/5487/2 3057/5486/2 3173/5594/2 3170/5592/2
f 3057/5486/2 3056/5485/2 3174/5595/2 3173/5594/2
f 3173/5594/2 3174/5595/2 3175/5596/2 3176/5597/2
f 3170/5592/2 3173/5594/2 3176/5597/2 3171/5593/2
f 3171/5593/2 3176/5597/2 3177/5598/2 3178/5599/2
f 3176/5597/2 3175/5596/2 3179/5600/2 3177/5598/2
f 3177/5598/2 3179/5600/2 3180/5601/2 3181/5602/2
f 3178/5599/2 3177/5598/2 3181/5602/2 3182/5603/2
f 6707/1876/14 6709/1873/14 6049/2399/55 6273/2396/55
f 3172/3/2 3171/5593/2 3178/5599/2 3183/13/2
f 3183/13/2 3178/5599/2 3182/5603/2 3184/15/2
f 6274/2255/35 6050/2270/35 2202/8/3 2203/7/3
f 3056/5485/2 3076/5503/2 3185/5604/2 3174/5595/2
f 3076/5503/2 3074/5501/2 3186/5605/2 3185/5604/2
f 3185/5604/2 3186/5605/2 3187/5606/2 3188/5607/2
f 3174/5595/2 3185/5604/2 3188/5607/2 3175/5596/2
f 3074/5501/2 3073/5500/2 3189/5608/2 3186/5605/2
f 3073/5500/2 3072/5499/2 3190/5609/2 3189/5608/2
f 3189/5608/2 3190/5609/2 3191/5610/2 3192/5611/2
f 3186/5605/2 3189/5608/2 3192/5611/2 3187/5606/2
f 3187/5606/2 3192/5611/2 3193/5612/2 3194/5613/2
f 3192/5611/2 3191/5610/2 3195/5614/2 3193/5612/2
f 3193/5612/2 3195/5614/2 3196/5615/2 3197/5616/2
f 3194/5613/2 3193/5612/2 3197/5616/2 3198/5617/2
f 3175/5596/2 3188/5607/2 3199/5618/2 3179/5600/2
f 3188/5607/2 3187/5606/2 3194/5613/2 3199/5618/2
f 3199/5618/2 3194/5613/2 3198/5617/2 3200/5619/2
f 3179/5600/2 3199/5618/2 3200/5619/2 3180/5601/2
f 3072/5499/2 3092/5519/2 3201/5620/2 3190/5609/2
f 3092/5519/2 3090/5517/2 3202/5621/2 3201/5620/2
f 3201/5620/2 3202/5621/2 3203/5622/2 3204/5623/2
f 3190/5609/2 3201/5620/2 3204/5623/2 3191/5610/2
f 3090/5517/2 3089/5516/2 3205/5624/2 3202/5621/2
f 3089/5516/2 3088/5515/2 3206/5625/2 3205/5624/2
f 3205/5624/2 3206/5625/2 3207/5626/2 3208/5627/2
f 3202/5621/2 3205/5624/2 3208/5627/2 3203/5622/2
f 3203/5622/2 3208/5627/2 3209/5628/2 3210/5629/2
f 3208/5627/2 3207/5626/2 3211/5630/2 3209/5628/2
f 3209/5628/2 3211/5630/2 3212/5631/2 3213/5632/2
f 3210/5629/2 3209/5628/2 3213/5632/2 3214/5633/2
f 3191/5610/2 3204/5623/2 3215/5634/2 3195/5614/2
f 3204/5623/2 3203/5622/2 3210/5629/2 3215/5634/2
f 3215/5634/2 3210/5629/2 3214/5633/2 3216/5635/2
f 3195/5614/2 3215/5634/2 3216/5635/2 3196/5615/2
f 3088/5515/2 3108/5535/2 3217/5636/2 3206/5625/2
f 3108/5535/2 3106/5533/2 3218/5637/2 3217/5636/2
f 3217/5636/2 3218/5637/2 3219/5638/2 3220/5639/2
f 3206/5625/2 3217/5636/2 3220/5639/2 3207/5626/2
f 3106/5533/2 3105/5532/2 3221/5640/2 3218/5637/2
f 3105/5532/2 3104/5531/2 3222/5641/2 3221/5640/2
f 3221/5640/2 3222/5641/2 3223/5642/2 3224/5643/2
f 3218/5637/2 3221/5640/2 3224/5643/2 3219/5638/2
f 3219/5638/2 3224/5643/2 3225/5644/2 3226/5645/2
f 3224/5643/2 3223/5642/2 3227/5646/2 3225/5644/2
f 3225/5644/2 3227/5646/2 3228/5647/2 3229/5648/2
f 3226/5645/2 3225/5644/2 3229/5648/2 3230/5649/2
f 3207/5626/2 3220/5639/2 3231/5650/2 3211/5630/2
f 3220/5639/2 3219/5638/2 3226/5645/2 3231/5650/2
f 3231/5650/2 3226/5645/2 3230/5649/2 3232/5651/2
f 3211/5630/2 3231/5650/2 3232/5651/2 3212/5631/2
f 3104/5531/2 3124/5551/2 3233/5652/2 3222/5641/2
f 3124/5551/2 3122/5549/2 3234/5653/2 3233/5652/2
f 3233/5652/2 3234/5653/2 3235/5654/2 3236/5655/2
f 3222/5641/2 3233/5652/2 3236/5655/2 3223/5642/2
f 3122/5549/2 3121/5548/2 3237/5656/2 3234/5653/2
f 3121/5548/2 3120/5547/2 3238/5657/2 3237/5656/2
f 3237/5656/2 3238/5657/2 3239/5658/2 3240/5659/2
f 3234/5653/2 3237/5656/2 3240/5659/2 3235/5654/2
f 3235/5654/2 3240/5659/2 3241/5660/2 3242/5661/2
f 3240/5659/2 3239/5658/2 3243/5662/2 3241/5660/2
f 3241/5660/2 3243/5662/2 3244/5663/2 3245/5664/2
f 3242/5661/2 3241/5660/2 3245/5664/2 3246/5665/2
f 3223/5642/2 3236/5655/2 3247/5666/2 3227/5646/2
f 3236/5655/2 3235/5654/2 3242/5661/2 3247/5666/2
f 3247/5666/2 3242/5661/2 3246/5665/2 3248/5667/2
f 3227/5646/2 3247/5666/2 3248/5667/2 3228/5647/2
f 3120/5547/2 3140/5567/2 3249/5668/2 3238/5657/2
f 3140/5567/2 3138/5565/2 3250/5669/2 3249/5668/2
f 3249/5668/2 3250/5669/2 3251/5670/2 3252/5671/2
f 3238/5657/2 3249/5668/2 3252/5671/2 3239/5658/2
f 3138/5565/2 3137/5564/2 3253/5672/2 3250/5669/2
f 3137/5564/2 3136/5563/2 3254/5673/2 3253/5672/2
f 3253/5672/2 3254/5673/2 3255/5674/2 3256/5675/2
f 3250/5669/2 3253/5672/2 3256/5675/2 3251/5670/2
f 3251/5670/2 3256/5675/2 3257/5676/2 3258/5677/2
f 3256/5675/2 3255/5674/2 3259/5678/2 3257/5676/2
f 3257/5676/2 3259/5678/2 3260/5679/2 3261/5680/2
f 3258/5677/2 3257/5676/2 3261/5680/2 3262/5681/2
f 3239/5658/2 3252/5671/2 3263/5682/2 3243/5662/2
f 3252/5671/2 3251/5670/2 3258/5677/2 3263/5682/2
f 3263/5682/2 3258/5677/2 3262/5681/2 3264/5683/2
f 3243/5662/2 3263/5682/2 3264/5683/2 3244/5663/2
f 3136/5563/2 3156/5583/2 3265/5684/2 3254/5673/2
f 3156/5583/2 3154/5581/2 3266/5685/2 3265/5684/2
f 3265/5684/2 3266/5685/2 3267/5686/2 3268/5687/2
f 3254/5673/2 3265/5684/2 3268/5687/2 3255/5674/2
f 3154/5581/2 3153/5580/2 3269/5688/2 3266/5685/2
f 3153/5580/2 3152/5579/2 3270/5689/2 3269/5688/2
f 3269/5688/2 3270/5689/2 3271/5690/2 3272/5691/2
f 3266/5685/2 3269/5688/2 3272/5691/2 3267/5686/2
f 3267/5686/2 3272/5691/2 3273/5692/2 3274/5693/2
f 3272/5691/2 3271/5690/2 3275/5694/2 3273/5692/2
f 3273/5692/2 3275/5694/2 3276/5695/2 3277/5696/2
f 3274/5693/2 3273/5692/2 3277/5696/2 3278/5697/2
f 3255/5674/2 3268/5687/2 3279/5698/2 3259/5678/2
f 3268/5687/2 3267/5686/2 3274/5693/2 3279/5698/2
f 3279/5698/2 3274/5693/2 3278/5697/2 3280/5699/2
f 3259/5678/2 3279/5698/2 3280/5699/2 3260/5679/2
f 3152/5579/2 3168/5591/2 3281/5700/2 3270/5689/2
f 3168/5591/2 3166/5589/2 3282/5701/2 3281/5700/2
f 3281/5700/2 3282/5701/2 3283/5702/2 3284/5703/2
f 3270/5689/2 3281/5700/2 3284/5703/2 3271/5690/2
f 3166/5589/2 3165/31/2 3285/34/2 3282/5701/2
f 6709/1873/14 6711/1870/14 6275/2404/55 6049/2399/55
f 6050/2270/35 6276/2275/35 2212/29/3 2202/8/3
f 3282/5701/2 3285/34/2 3286/530/2 3283/5702/2
f 3283/5702/2 3286/530/2 3287/540/2 3288/5704/2
f 6711/1870/14 6713/1855/14 5875/2405/55 6275/2404/55
f 6276/2275/35 5876/2290/35 2211/30/3 2212/29/3
f 3288/5704/2 3287/540/2 3289/544/2 3290/5705/2
f 3271/5690/2 3284/5703/2 3291/5706/2 3275/5694/2
f 3284/5703/2 3283/5702/2 3288/5704/2 3291/5706/2
f 3291/5706/2 3288/5704/2 3290/5705/2 3292/5707/2
f 3275/5694/2 3291/5706/2 3292/5707/2 3276/5695/2
f 6716/1866/12 6706/1869/12 5921/2250/53 6277/2295/53
f 3184/15/2 3182/5603/2 3294/5708/2 3293/704/2
f 3293/704/2 3294/5708/2 3295/5709/2 3296/710/2
f 2196/701/3 2289/700/3 6278/2408/54 5922/2393/54
f 3182/5603/2 3181/5602/2 3297/5710/2 3294/5708/2
f 3181/5602/2 3180/5601/2 3298/5711/2 3297/5710/2
f 3297/5710/2 3298/5711/2 3299/5712/2 3300/5713/2
f 3294/5708/2 3297/5710/2 3300/5713/2 3295/5709/2
f 3295/5709/2 3300/5713/2 3301/5714/2 3302/5715/2
f 3300/5713/2 3299/5712/2 3303/5716/2 3301/5714/2
f 3301/5714/2 3303/5716/2 3304/5717/2 3305/5718/2
f 3302/5715/2 3301/5714/2 3305/5718/2 3306/5719/2
f 6718/1863/12 6716/1866/12 6277/2295/53 6051/2310/53
f 3296/710/2 3295/5709/2 3302/5715/2 3307/714/2
f 3307/714/2 3302/5715/2 3306/5719/2 3308/720/2
f 2289/700/3 2288/724/3 6052/2411/54 6278/2408/54
f 3180/5601/2 3200/5619/2 3309/5720/2 3298/5711/2
f 3200/5619/2 3198/5617/2 3310/5721/2 3309/5720/2
f 3309/5720/2 3310/5721/2 3311/5722/2 3312/5723/2
f 3298/5711/2 3309/5720/2 3312/5723/2 3299/5712/2
f 3198/5617/2 3197/5616/2 3313/5724/2 3310/5721/2
f 3197/5616/2 3196/5615/2 3314/5725/2 3313/5724/2
f 3313/5724/2 3314/5725/2 3315/5726/2 3316/5727/2
f 3310/5721/2 3313/5724/2 3316/5727/2 3311/5722/2
f 3311/5722/2 3316/5727/2 3317/5728/2 3318/5729/2
f 3316/5727/2 3315/5726/2 3319/5730/2 3317/5728/2
f 3317/5728/2 3319/5730/2 3320/5731/2 3321/5732/2
f 3318/5729/2 3317/5728/2 3321/5732/2 3322/5733/2
f 3299/5712/2 3312/5723/2 3323/5734/2 3303/5716/2
f 3312/5723/2 3311/5722/2 3318/5729/2 3323/5734/2
f 3323/5734/2 3318/5729/2 3322/5733/2 3324/5735/2
f 3303/5716/2 3323/5734/2 3324/5735/2 3304/5717/2
f 3196/5615/2 3216/5635/2 3325/5736/2 3314/5725/2
f 3216/5635/2 3214/5633/2 3326/5737/2 3325/5736/2
f 3325/5736/2 3326/5737/2 3327/5738/2 3328/5739/2
f 3314/5725/2 3325/5736/2 3328/5739/2 3315/5726/2
f 3214/5633/2 3213/5632/2 3329/5740/2 3326/5737/2
f 3213/5632/2 3212/5631/2 3330/5741/2 3329/5740/2
f 3329/5740/2 3330/5741/2 3331/5742/2 3332/5743/2
f 3326/5737/2 3329/5740/2 3332/5743/2 3327/5738/2
f 3327/5738/2 3332/5743/2 3333/5744/2 3334/5745/2
f 3332/5743/2 3331/5742/2 3335/5746/2 3333/5744/2
f 3333/5744/2 3335/5746/2 3336/5747/2 3337/5748/2
f 3334/5745/2 3333/5744/2 3337/5748/2 3338/5749/2
f 3315/5726/2 3328/5739/2 3339/5750/2 3319/5730/2
f 3328/5739/2 3327/5738/2 3334/5745/2 3339/5750/2
f 3339/5750/2 3334/5745/2 3338/5749/2 3340/5751/2
f 3319/5730/2 3339/5750/2 3340/5751/2 3320/5731/2
f 3212/5631/2 3232/5651/2 3341/5752/2 3330/5741/2
f 3232/5651/2 3230/5649/2 3342/5753/2 3341/5752/2
f 3341/5752/2 3342/5753/2 3343/5754/2 3344/5755/2
f 3330/5741/2 3341/5752/2 3344/5755/2 3331/5742/2
f 3230/5649/2 3229/5648/2 3345/5756/2 3342/5753/2
f 3229/5648/2 3228/5647/2 3346/5757/2 3345/5756/2
f 3345/5756/2 3346/5757/2 3347/5758/2 3348/5759/2
f 3342/5753/2 3345/5756/2 3348/5759/2 3343/5754/2
f 3343/5754/2 3348/5759/2 3349/5760/2 3350/5761/2
f 3348/5759/2 3347/5758/2 3351/5762/2 3349/5760/2
f 3349/5760/2 3351/5762/2 3352/5763/2 3353/5764/2
f 3350/5761/2 3349/5760/2 3353/5764/2 3354/5765/2
f 3331/5742/2 3344/5755/2 3355/5766/2 3335/5746/2
f 3344/5755/2 3343/5754/2 3350/5761/2 3355/5766/2
f 3355/5766/2 3350/5761/2 3354/5765/2 3356/5767/2
f 3335/5746/2 3355/5766/2 3356/5767/2 3336/5747/2
f 3228/5647/2 3248/5667/2 3357/5768/2 3346/5757/2
f 3248/5667/2 3246/5665/2 3358/5769/2 3357/5768/2
f 3357/5768/2 3358/5769/2 3359/5770/2 3360/5771/2
f 3346/5757/2 3357/5768/2 3360/5771/2 3347/5758/2
f 3246/5665/2 3245/5664/2 3361/5772/2 3358/5769/2
f 3245/5664/2 3244/5663/2 3362/5773/2 3361/5772/2
f 3361/5772/2 3362/5773/2 3363/5774/2 3364/5775/2
f 3358/5769/2 3361/5772/2 3364/5775/2 3359/5770/2
f 3359/5770/2 3364/5775/2 3365/5776/2 3366/5777/2
f 3364/5775/2 3363/5774/2 3367/5778/2 3365/5776/2
f 3365/5776/2 3367/5778/2 3368/5779/2 3369/5780/2
f 3366/5777/2 3365/5776/2 3369/5780/2 3370/5781/2
f 3347/5758/2 3360/5771/2 3371/5782/2 3351/5762/2
f 3360/5771/2 3359/5770/2 3366/5777/2 3371/5782/2
f 3371/5782/2 3366/5777/2 3370/5781/2 3372/5783/2
f 3351/5762/2 3371/5782/2 3372/5783/2 3352/5763/2
f 3244/5663/2 3264/5683/2 3373/5784/2 3362/5773/2
f 3264/5683/2 3262/5681/2 3374/5785/2 3373/5784/2
f 3373/5784/2 3374/5785/2 3375/5786/2 3376/5787/2
f 3362/5773/2 3373/5784/2 3376/5787/2 3363/5774/2
f 3262/5681/2 3261/5680/2 3377/5788/2 3374/5785/2
f 3261/5680/2 3260/5679/2 3378/5789/2 3377/5788/2
f 3377/5788/2 3378/5789/2 3379/5790/2 3380/5791/2
f 3374/5785/2 3377/5788/2 3380/5791/2 3375/5786/2
f 3375/5786/2 3380/5791/2 3381/5792/2 3382/5793/2
f 3380/5791/2 3379/5790/2 3383/5794/2 3381/5792/2
f 3381/5792/2 3383/5794/2 3384/5795/2 3385/5796/2
f 3382/5793/2 3381/5792/2 3385/5796/2 3386/5797/2
f 3363/5774/2 3376/5787/2 3387/5798/2 3367/5778/2
f 3376/5787/2 3375/5786/2 3382/5793/2 3387/5798/2
f 3387/5798/2 3382/5793/2 3386/5797/2 3388/5799/2
f 3367/5778/2 3387/5798/2 3388/5799/2 3368/5779/2
f 3260/5679/2 3280/5699/2 3389/5800/2 3378/5789/2
f 3280/5699/2 3278/5697/2 3390/5801/2 3389/5800/2
f 3389/5800/2 3390/5801/2 3391/5802/2 3392/5803/2
f 3378/5789/2 3389/5800/2 3392/5803/2 3379/5790/2
f 3278/5697/2 3277/5696/2 3393/5804/2 3390/5801/2
f 3277/5696/2 3276/5695/2 3394/5805/2 3393/5804/2
f 3393/5804/2 3394/5805/2 3395/5806/2 3396/5807/2
f 3390/5801/2 3393/5804/2 3396/5807/2 3391/5802/2
f 3391/5802/2 3396/5807/2 3397/5808/2 3398/5809/2
f 3396/5807/2 3395/5806/2 3399/5810/2 3397/5808/2
f 3397/5808/2 3399/5810/2 3400/5811/2 3401/5812/2
f 3398/5809/2 3397/5808/2 3401/5812/2 3402/5813/2
f 3379/5790/2 3392/5803/2 3403/5814/2 3383/5794/2
f 3392/5803/2 3391/5802/2 3398/5809/2 3403/5814/2
f 3403/5814/2 3398/5809/2 3402/5813/2 3404/5815/2
f 3383/5794/2 3403/5814/2 3404/5815/2 3384/5795/2
f 3276/5695/2 3292/5707/2 3405/5816/2 3394/5805/2
f 3292/5707/2 3290/5705/2 3406/5817/2 3405/5816/2
f 3405/5816/2 3406/5817/2 3407/5818/2 3408/5819/2
f 3394/5805/2 3405/5816/2 3408/5819/2 3395/5806/2
f 3290/5705/2 3289/544/2 3409/732/2 3406/5817/2
f 6720/1860/12 6718/1863/12 6051/2310/53 6279/2315/53
f 2288/724/3 2292/728/3 6280/2416/54 6052/2411/54
f 3406/5817/2 3409/732/2 3410/734/2 3407/5818/2
f 3407/5818/2 3410/734/2 3411/740/2 3412/5820/2
f 6722/1845/12 6720/1860/12 6279/2315/53 5919/2330/53
f 2292/728/3 2290/754/3 5920/2417/54 6280/2416/54
f 3412/5820/2 3411/740/2 3413/748/2 3414/5821/2
f 3395/5806/2 3408/5819/2 3415/5822/2 3399/5810/2
f 3408/5819/2 3407/5818/2 3412/5820/2 3415/5822/2
f 3415/5822/2 3412/5820/2 3414/5821/2 3416/5823/2
f 3399/5810/2 3415/5822/2 3416/5823/2 3400/5811/2
f 6713/1855/14 6723/1852/14 6281/2420/55 5875/2405/55
f 3308/720/2 3306/5719/2 3418/5824/2 3417/769/2
f 3417/769/2 3418/5824/2 3419/5825/2 3420/777/2
f 5876/2290/35 6282/2331/35 2297/779/3 2211/30/3
f 3306/5719/2 3305/5718/2 3421/5826/2 3418/5824/2
f 3305/5718/2 3304/5717/2 3422/5827/2 3421/5826/2
f 3421/5826/2 3422/5827/2 3423/5828/2 3424/5829/2
f 3418/5824/2 3421/5826/2 3424/5829/2 3419/5825/2
f 3419/5825/2 3424/5829/2 3425/5830/2 3426/5831/2
f 3424/5829/2 3423/5828/2 3427/5832/2 3425/5830/2
f 3425/5830/2 3427/5832/2 3428/5833/2 3429/5834/2
f 3426/5831/2 3425/5830/2 3429/5834/2 3430/5835/2
f 6723/1852/14 6725/1849/14 6053/2423/55 6281/2420/55
f 3420/777/2 3419/5825/2 3426/5831/2 3431/793/2
f 3431/793/2 3426/5831/2 3430/5835/2 3432/795/2
f 6282/2331/35 6054/2338/35 2296/789/3 2297/779/3
f 3304/5717/2 3324/5735/2 3433/5836/2 3422/5827/2
f 3324/5735/2 3322/5733/2 3434/5837/2 3433/5836/2
f 3433/5836/2 3434/5837/2 3435/5838/2 3436/5839/2
f 3422/5827/2 3433/5836/2 3436/5839/2 3423/5828/2
f 3322/5733/2 3321/5732/2 3437/5840/2 3434/5837/2
f 3321/5732/2 3320/5731/2 3438/5841/2 3437/5840/2
f 3437/5840/2 3438/5841/2 3439/5842/2 3440/5843/2
f 3434/5837/2 3437/5840/2 3440/5843/2 3435/5838/2
f 3435/5838/2 3440/5843/2 3441/5844/2 3442/5845/2
f 3440/5843/2 3439/5842/2 3443/5846/2 3441/5844/2
f 3441/5844/2 3443/5846/2 3444/5847/2 3445/5848/2
f 3442/5845/2 3441/5844/2 3445/5848/2 3446/5849/2
f 3423/5828/2 3436/5839/2 3447/5850/2 3427/5832/2
f 3436/5839/2 3435/5838/2 3442/5845/2 3447/5850/2
f 3447/5850/2 3442/5845/2 3446/5849/2 3448/5851/2
f 3427/5832/2 3447/5850/2 3448/5851/2 3428/5833/2
f 3320/5731/2 3340/5751/2 3449/5852/2 3438/5841/2
f 3340/5751/2 3338/5749/2 3450/5853/2 3449/5852/2
f 3449/5852/2 3450/5853/2 3451/5854/2 3452/5855/2
f 3438/5841/2 3449/5852/2 3452/5855/2 3439/5842/2
f 3338/5749/2 3337/5748/2 3453/5856/2 3450/5853/2
f 3337/5748/2 3336/5747/2 3454/5857/2 3453/5856/2
f 3453/5856/2 3454/5857/2 3455/5858/2 3456/5859/2
f 3450/5853/2 3453/5856/2 3456/5859/2 3451/5854/2
f 3451/5854/2 3456/5859/2 3457/5860/2 3458/5861/2
f 3456/5859/2 3455/5858/2 3459/5862/2 3457/5860/2
f 3457/5860/2 3459/5862/2 3460/5863/2 3461/5864/2
f 3458/5861/2 3457/5860/2 3461/5864/2 3462/5865/2
f 3439/5842/2 3452/5855/2 3463/5866/2 3443/5846/2
f 3452/5855/2 3451/5854/2 3458/5861/2 3463/5866/2
f 3463/5866/2 3458/5861/2 3462/5865/2 3464/5867/2
f 3443/5846/2 3463/5866/2 3464/5867/2 3444/5847/2
f 3336/5747/2 3356/5767/2 3465/5868/2 3454/5857/2
f 3356/5767/2 3354/5765/2 3466/5869/2 3465/5868/2
f 3465/5868/2 3466/5869/2 3467/5870/2 3468/5871/2
f 3454/5857/2 3465/5868/2 3468/5871/2 3455/5858/2
f 3354/5765/2 3353/5764/2 3469/5872/2 3466/5869/2
f 3353/5764/2 3352/5763/2 3470/5873/2 3469/5872/2
f 3469/5872/2 3470/5873/2 3471/5874/2 3472/5875/2
f 3466/5869/2 3469/5872/2 3472/5875/2 3467/5870/2
f 3467/5870/2 3472/5875/2 3473/5876/2 3474/5877/2
f 3472/5875/2 3471/5874/2 3475/5878/2 3473/5876/2
f 3473/5876/2 3475/5878/2 3476/5879/2 3477/5880/2
f 3474/5877/2 3473/5876/2 3477/5880/2 3478/5881/2
f 3455/5858/2 3468/5871/2 3479/5882/2 3459/5862/2
f 3468/5871/2 3467/5870/2 3474/5877/2 3479/5882/2
f 3479/5882/2 3474/5877/2 3478/5881/2 3480/5883/2
f 3459/5862/2 3479/5882/2 3480/5883/2 3460/5863/2
f 3352/5763/2 3372/5783/2 3481/5884/2 3470/5873/2
f 3372/5783/2 3370/5781/2 3482/5885/2 3481/5884/2
f 3481/5884/2 3482/5885/2 3483/5886/2 3484/5887/2
f 3470/5873/2 3481/5884/2 3484/5887/2 3471/5874/2
f 3370/5781/2 3369/5780/2 3485/5888/2 3482/5885/2
f 3369/5780/2 3368/5779/2 3486/5889/2 3485/5888/2
f 3485/5888/2 3486/5889/2 3487/5890/2 3488/5891/2
f 3482/5885/2 3485/5888/2 3488/5891/2 3483/5886/2
f 3483/5886/2 3488/5891/2 3489/5892/2 3490/5893/2
f 3488/5891/2 3487/5890/2 3491/5894/2 3489/5892/2
f 3489/5892/2 3491/5894/2 3492/5895/2 3493/5896/2
f 3490/5893/2 3489/5892/2 3493/5896/2 3494/5897/2
f 3471/5874/2 3484/5887/2 3495/5898/2 3475/5878/2
f 3484/5887/2 3483/5886/2 3490/5893/2 3495/5898/2
f 3495/5898/2 3490/5893/2 3494/5897/2 3496/5899/2
f 3475/5878/2 3495/5898/2 3496/5899/2 3476/5879/2
f 3368/5779/2 3388/5799/2 3497/5900/2 3486/5889/2
f 3388/5799/2 3386/5797/2 3498/5901/2 3497/5900/2
f 3497/5900/2 3498/5901/2 3499/5902/2 3500/5903/2
f 3486/5889/2 3497/5900/2 3500/5903/2 3487/5890/2
f 3386/5797/2 3385/5796/2 3501/5904/2 3498/5901/2
f 3385/5796/2 3384/5795/2 3502/5905/2 3501/5904/2
f 3501/5904/2 3502/5905/2 3503/5906/2 3504/5907/2
f 3498/5901/2 3501/5904/2 3504/5907/2 3499/5902/2
f 3499/5902/2 3504/5907/2 3505/5908/2 3506/5909/2
f 3504/5907/2 3503/5906/2 3507/5910/2 3505/5908/2
f 3505/5908/2 3507/5910/2 3508/5911/2 3509/5912/2
f 3506/5909/2 3505/5908/2 3509/5912/2 3510/5913/2
f 3487/5890/2 3500/5903/2 3511/5914/2 3491/5894/2
f 3500/5903/2 3499/5902/2 3506/5909/2 3511/5914/2
f 3511/5914/2 3506/5909/2 3510/5913/2 3512/5915/2
f 3491/5894/2 3511/5914/2 3512/5915/2 3492/5895/2
f 3384/5795/2 3404/5815/2 3513/5916/2 3502/5905/2
f 3404/5815/2 3402/5813/2 3514/5917/2 3513/5916/2
f 3513/5916/2 3514/5917/2 3515/5918/2 3516/5919/2
f 3502/5905/2 3513/5916/2 3516/5919/2 3503/5906/2
f 3402/5813/2 3401/5812/2 3517/5920/2 3514/5917/2
f 3401/5812/2 3400/5811/2 3518/5921/2 3517/5920/2
f 3517/5920/2 3518/5921/2 3519/5922/2 3520/5923/2
f 3514/5917/2 3517/5920/2 3520/5923/2 3515/5918/2
f 3515/5918/2 3520/5923/2 3521/5924/2 3522/5925/2
f 3520/5923/2 3519/5922/2 3523/5926/2 3521/5924/2
f 3521/5924/2 3523/5926/2 3524/5927/2 3525/5928/2
f 3522/5925/2 3521/5924/2 3525/5928/2 3526/5929/2
f 3503/5906/2 3516/5919/2 3527/5930/2 3507/5910/2
f 3516/5919/2 3515/5918/2 3522/5925/2 3527/5930/2
f 3527/5930/2 3522/5925/2 3526/5929/2 3528/5931/2
f 3507/5910/2 3527/5930/2 3528/5931/2 3508/5911/2
f 3400/5811/2 3416/5823/2 3529/5932/2 3518/5921/2
f 3416/5823/2 3414/5821/2 3530/5933/2 3529/5932/2
f 3529/5932/2 3530/5933/2 3531/5934/2 3532/5935/2
f 3518/5921/2 3529/5932/2 3532/5935/2 3519/5922/2
f 3414/5821/2 3413/748/2 3533/842/2 3530/5933/2
f 6725/1849/14 6727/1846/14 6283/2428/55 6053/2423/55
f 6054/2338/35 6284/2341/35 2306/851/3 2296/789/3
f 3530/5933/2 3533/842/2 3534/844/2 3531/5934/2
f 3531/5934/2 3534/844/2 3535/862/2 3536/5936/2
f 6727/1846/14 6729/1827/14 5877/2429/55 6283/2428/55
f 6284/2341/35 5878/2350/35 2305/852/3 2306/851/3
f 3536/5936/2 3535/862/2 3537/864/2 3538/5937/2
f 3519/5922/2 3532/5935/2 3539/5938/2 3523/5926/2
f 3532/5935/2 3531/5934/2 3536/5936/2 3539/5938/2
f 3539/5938/2 3536/5936/2 3538/5937/2 3540/5939/2
f 3523/5926/2 3539/5938/2 3540/5939/2 3524/5927/2
f 6732/1842/12 6722/1845/12 5919/2330/53 6285/2353/53
f 3432/795/2 3430/5835/2 3542/5940/2 3541/1132/2
f 3541/1132/2 3542/5940/2 3543/5941/2 3544/1134/2
f 2290/754/3 2383/1131/3 6286/2432/54 5920/2417/54
f 3430/5835/2 3429/5834/2 3545/5942/2 3542/5940/2
f 3429/5834/2 3428/5833/2 3546/5943/2 3545/5942/2
f 3545/5942/2 3546/5943/2 3547/5944/2 3548/5945/2
f 3542/5940/2 3545/5942/2 3548/5945/2 3543/5941/2
f 3543/5941/2 3548/5945/2 3549/5946/2 3550/5947/2
f 3548/5945/2 3547/5944/2 3551/5948/2 3549/5946/2
f 3549/5946/2 3551/5948/2 3552/5949/2 3553/5950/2
f 3550/5947/2 3549/5946/2 3553/5950/2 3554/5951/2
f 6734/1839/12 6732/1842/12 6285/2353/53 6055/2362/53
f 3544/1134/2 3543/5941/2 3550/5947/2 3555/1136/2
f 3555/1136/2 3550/5947/2 3554/5951/2 3556/1138/2
f 2383/1131/3 2382/1140/3 6056/2437/54 6286/2432/54
f 3428/5833/2 3448/5851/2 3557/5952/2 3546/5943/2
f 3448/5851/2 3446/5849/2 3558/5953/2 3557/5952/2
f 3557/5952/2 3558/5953/2 3559/5954/2 3560/5955/2
f 3546/5943/2 3557/5952/2 3560/5955/2 3547/5944/2
f 3446/5849/2 3445/5848/2 3561/5956/2 3558/5953/2
f 3445/5848/2 3444/5847/2 3562/5957/2 3561/5956/2
f 3561/5956/2 3562/5957/2 3563/5958/2 3564/5959/2
f 3558/5953/2 3561/5956/2 3564/5959/2 3559/5954/2
f 3559/5954/2 3564/5959/2 3565/5960/2 3566/5961/2
f 3564/5959/2 3563/5958/2 3567/5962/2 3565/5960/2
f 3565/5960/2 3567/5962/2 3568/5963/2 3569/5964/2
f 3566/5961/2 3565/5960/2 3569/5964/2 3570/5965/2
f 3547/5944/2 3560/5955/2 3571/5966/2 3551/5948/2
f 3560/5955/2 3559/5954/2 3566/5961/2 3571/5966/2
f 3571/5966/2 3566/5961/2 3570/5965/2 3572/5967/2
f 3551/5948/2 3571/5966/2 3572/5967/2 3552/5949/2
f 3444/5847/2 3464/5867/2 3573/5968/2 3562/5957/2
f 3464/5867/2 3462/5865/2 3574/5969/2 3573/5968/2
f 3573/5968/2 3574/5969/2 3575/5970/2 3576/5971/2
f 3562/5957/2 3573/5968/2 3576/5971/2 3563/5958/2
f 3462/5865/2 3461/5864/2 3577/5972/2 3574/5969/2
f 3461/5864/2 3460/5863/2 3578/5973/2 3577/5972/2
f 3577/5972/2 3578/5973/2 3579/5974/2 3580/5975/2
f 3574/5969/2 3577/5972/2 3580/5975/2 3575/5970/2
f 3575/5970/2 3580/5975/2 3581/5976/2 3582/5977/2
f 3580/5975/2 3579/5974/2 3583/5978/2 3581/5976/2
f 3581/5976/2 3583/5978/2 3584/5979/2 3585/5980/2
f 3582/5977/2 3581/5976/2 3585/5980/2 3586/5981/2
f 3563/5958/2 3576/5971/2 3587/5982/2 3567/5962/2
f 3576/5971/2 3575/5970/2 3582/5977/2 3587/5982/2
f 3587/5982/2 3582/5977/2 3586/5981/2 3588/5983/2
f 3567/5962/2 3587/5982/2 3588/5983/2 3568/5963/2
f 3460/5863/2 3480/5883/2 3589/5984/2 3578/5973/2
f 3480/5883/2 3478/5881/2 3590/5985/2 3589/5984/2
f 3589/5984/2 3590/5985/2 3591/5986/2 3592/5987/2
f 3578/5973/2 3589/5984/2 3592/5987/2 3579/5974/2
f 3478/5881/2 3477/5880/2 3593/5988/2 3590/5985/2
f 3477/5880/2 3476/5879/2 3594/5989/2 3593/5988/2
f 3593/5988/2 3594/5989/2 3595/5990/2 3596/5991/2
f 3590/5985/2 3593/5988/2 3596/5991/2 3591/5986/2
f 3591/5986/2 3596/5991/2 3597/5992/2 3598/5993/2
f 3596/5991/2 3595/5990/2 3599/5994/2 3597/5992/2
f 3597/5992/2 3599/5994/2 3600/5995/2 3601/5996/2
f 3598/5993/2 3597/5992/2 3601/5996/2 3602/5997/2
f 3579/5974/2 3592/5987/2 3603/5998/2 3583/5978/2
f 3592/5987/2 3591/5986/2 3598/5993/2 3603/5998/2
f 3603/5998/2 3598/5993/2 3602/5997/2 3604/5999/2
f 3583/5978/2 3603/5998/2 3604/5999/2 3584/5979/2
f 3476/5879/2 3496/5899/2 3605/6000/2 3594/5989/2
f 3496/5899/2 3494/5897/2 3606/6001/2 3605/6000/2
f 3605/6000/2 3606/6001/2 3607/6002/2 3608/6003/2
f 3594/5989/2 3605/6000/2 3608/6003/2 3595/5990/2
f 3494/5897/2 3493/5896/2 3609/6004/2 3606/6001/2
f 3493/5896/2 3492/5895/2 3610/6005/2 3609/6004/2
f 3609/6004/2 3610/6005/2 3611/6006/2 3612/6007/2
f 3606/6001/2 3609/6004/2 3612/6007/2 3607/6002/2
f 3607/6002/2 3612/6007/2 3613/6008/2 3614/6009/2
f 3612/6007/2 3611/6006/2 3615/6010/2 3613/6008/2
f 3613/6008/2 3615/6010/2 3616/6011/2 3617/6012/2
f 3614/6009/2 3613/6008/2 3617/6012/2 3618/6013/2
f 3595/5990/2 3608/6003/2 3619/6014/2 3599/5994/2
f 3608/6003/2 3607/6002/2 3614/6009/2 3619/6014/2
f 3619/6014/2 3614/6009/2 3618/6013/2 3620/6015/2
f 3599/5994/2 3619/6014/2 3620/6015/2 3600/5995/2
f 3492/5895/2 3512/5915/2 3621/6016/2 3610/6005/2
f 3512/5915/2 3510/5913/2 3622/6017/2 3621/6016/2
f 3621/6016/2 3622/6017/2 3623/6018/2 3624/6019/2
f 3610/6005/2 3621/6016/2 3624/6019/2 3611/6006/2
f 3510/5913/2 3509/5912/2 3625/6020/2 3622/6017/2
f 3509/5912/2 3508/5911/2 3626/6021/2 3625/6020/2
f 3625/6020/2 3626/6021/2 3627/6022/2 3628/6023/2
f 3622/6017/2 3625/6020/2 3628/6023/2 3623/6018/2
f 3623/6018/2 3628/6023/2 3629/6024/2 3630/6025/2
f 3628/6023/2 3627/6022/2 3631/6026/2 3629/6024/2
f 3629/6024/2 3631/6026/2 3632/6027/2 3633/6028/2
f 3630/6025/2 3629/6024/2 3633/6028/2 3634/6029/2
f 3611/6006/2 3624/6019/2 3635/6030/2 3615/6010/2
f 3624/6019/2 3623/6018/2 3630/6025/2 3635/6030/2
f 3635/6030/2 3630/6025/2 3634/6029/2 3636/6031/2
f 3615/6010/2 3635/6030/2 3636/6031/2 3616/6011/2
f 3508/5911/2 3528/5931/2 3637/6032/2 3626/6021/2
f 3528/5931/2 3526/5929/2 3638/6033/2 3637/6032/2
f 3637/6032/2 3638/6033/2 3639/6034/2 3640/6035/2
f 3626/6021/2 3637/6032/2 3640/6035/2 3627/6022/2
f 3526/5929/2 3525/5928/2 3641/6036/2 3638/6033/2
f 3525/5928/2 3524/5927/2 3642/6037/2 3641/6036/2
f 3641/6036/2 3642/6037/2 3643/6038/2 3644/6039/2
f 3638/6033/2 3641/6036/2 3644/6039/2 3639/6034/2
f 3639/6034/2 3644/6039/2 3645/6040/2 3646/6041/2
f 3644/6039/2 3643/6038/2 3647/6042/2 3645/6040/2
f 3645/6040/2 3647/6042/2 3648/6043/2 3649/6044/2
f 3646/6041/2 3645/6040/2 3649/6044/2 3650/6045/2
f 3627/6022/2 3640/6035/2 3651/6046/2 3631/6026/2
f 3640/6035/2 3639/6034/2 3646/6041/2 3651/6046/2
f 3651/6046/2 3646/6041/2 3650/6045/2 3652/6047/2
f 3631/6026/2 3651/6046/2 3652/6047/2 3632/6027/2
f 3524/5927/2 3540/5939/2 3653/6048/2 3642/6037/2
f 3540/5939/2 3538/5937/2 3654/6049/2 3653/6048/2
f 3653/6048/2 3654/6049/2 3655/6050/2 3656/6051/2
f 3642/6037/2 3653/6048/2 3656/6051/2 3643/6038/2
f 3538/5937/2 3537/864/2 3657/1144/2 3654/6049/2
f 6736/1836/12 6734/1839/12 6055/2362/53 6287/2365/53
f 2382/1140/3 2386/1142/3 6288/2442/54 6056/2437/54
f 3654/6049/2 3657/1144/2 3658/1146/2 3655/6050/2
f 3655/6050/2 3658/1146/2 3659/1148/2 3660/6052/2
f 6738/1817/12 6736/1836/12 6287/2365/53 5917/2374/53
f 2386/1142/3 2384/1151/3 5918/2443/54 6288/2442/54
f 3660/6052/2 3659/1148/2 3661/1150/2 3662/6053/2
f 3643/6038/2 3656/6051/2 3663/6054/2 3647/6042/2
f 3656/6051/2 3655/6050/2 3660/6052/2 3663/6054/2
f 3663/6054/2 3660/6052/2 3662/6053/2 3664/6055/2
f 3647/6042/2 3663/6054/2 3664/6055/2 3648/6043/2
f 6729/1827/14 6739/1824/14 6289/2446/55 5877/2429/55
f 3556/1138/2 3554/5951/2 3666/6056/2 3665/1153/2
f 3665/1153/2 3666/6056/2 3667/6057/2 3668/1155/2
f 5878/2350/35 6290/2377/35 2391/1157/3 2305/852/3
f 3554/5951/2 3553/5950/2 3669/6058/2 3666/6056/2
f 3553/5950/2 3552/5949/2 3670/6059/2 3669/6058/2
f 3669/6058/2 3670/6059/2 3671/6060/2 3672/6061/2
f 3666/6056/2 3669/6058/2 3672/6061/2 3667/6057/2
f 3667/6057/2 3672/6061/2 3673/6062/2 3674/6063/2
f 3672/6061/2 3671/6060/2 3675/6064/2 3673/6062/2
f 3673/6062/2 3675/6064/2 3676/6065/2 3677/6066/2
f 3674/6063/2 3673/6062/2 3677/6066/2 3678/6067/2
f 6739/1824/14 6741/1821/14 6057/2451/55 6289/2446/55
f 3668/1155/2 3667/6057/2 3674/6063/2 3679/1161/2
f 3679/1161/2 3674/6063/2 3678/6067/2 3680/1163/2
f 6290/2377/35 6058/2386/35 2390/1159/3 2391/1157/3
f 3552/5949/2 3572/5967/2 3681/6068/2 3670/6059/2
f 3572/5967/2 3570/5965/2 3682/6069/2 3681/6068/2
f 3681/6068/2 3682/6069/2 3683/6070/2 3684/6071/2
f 3670/6059/2 3681/6068/2 3684/6071/2 3671/6060/2
f 3570/5965/2 3569/5964/2 3685/6072/2 3682/6069/2
f 3569/5964/2 3568/5963/2 3686/6073/2 3685/6072/2
f 3685/6072/2 3686/6073/2 3687/6074/2 3688/6075/2
f 3682/6069/2 3685/6072/2 3688/6075/2 3683/6070/2
f 3683/6070/2 3688/6075/2 3689/6076/2 3690/6077/2
f 3688/6075/2 3687/6074/2 3691/6078/2 3689/6076/2
f 3689/6076/2 3691/6078/2 3692/6079/2 3693/6080/2
f 3690/6077/2 3689/6076/2 3693/6080/2 3694/6081/2
f 3671/6060/2 3684/6071/2 3695/6082/2 3675/6064/2
f 3684/6071/2 3683/6070/2 3690/6077/2 3695/6082/2
f 3695/6082/2 3690/6077/2 3694/6081/2 3696/6083/2
f 3675/6064/2 3695/6082/2 3696/6083/2 3676/6065/2
f 3568/5963/2 3588/5983/2 3697/6084/2 3686/6073/2
f 3588/5983/2 3586/5981/2 3698/6085/2 3697/6084/2
f 3697/6084/2 3698/6085/2 3699/6086/2 3700/6087/2
f 3686/6073/2 3697/6084/2 3700/6087/2 3687/6074/2
f 3586/5981/2 3585/5980/2 3701/6088/2 3698/6085/2
f 3585/5980/2 3584/5979/2 3702/6089/2 3701/6088/2
f 3701/6088/2 3702/6089/2 3703/6090/2 3704/6091/2
f 3698/6085/2 3701/6088/2 3704/6091/2 3699/6086/2
f 3699/6086/2 3704/6091/2 3705/6092/2 3706/6093/2
f 3704/6091/2 3703/6090/2 3707/6094/2 3705/6092/2
f 3705/6092/2 3707/6094/2 3708/6095/2 3709/6096/2
f 3706/6093/2 3705/6092/2 3709/6096/2 3710/6097/2
f 3687/6074/2 3700/6087/2 3711/6098/2 3691/6078/2
f 3700/6087/2 3699/6086/2 3706/6093/2 3711/6098/2
f 3711/6098/2 3706/6093/2 3710/6097/2 3712/6099/2
f 3691/6078/2 3711/6098/2 3712/6099/2 3692/6079/2
f 3584/5979/2 3604/5999/2 3713/6100/2 3702/6089/2
f 3604/5999/2 3602/5997/2 3714/6101/2 3713/6100/2
f 3713/6100/2 3714/6101/2 3715/6102/2 3716/6103/2
f 3702/6089/2 3713/6100/2 3716/6103/2 3703/6090/2
f 3602/5997/2 3601/5996/2 3717/6104/2 3714/6101/2
f 3601/5996/2 3600/5995/2 3718/6105/2 3717/6104/2
f 3717/6104/2 3718/6105/2 3719/6106/2 3720/6107/2
f 3714/6101/2 3717/6104/2 3720/6107/2 3715/6102/2
f 3715/6102/2 3720/6107/2 3721/6108/2 3722/6109/2
f 3720/6107/2 3719/6106/2 3723/6110/2 3721/6108/2
f 3721/6108/2 3723/6110/2 3724/6111/2 3725/6112/2
f 3722/6109/2 3721/6108/2 3725/6112/2 3726/6113/2
f 3703/6090/2 3716/6103/2 3727/6114/2 3707/6094/2
f 3716/6103/2 3715/6102/2 3722/6109/2 3727/6114/2
f 3727/6114/2 3722/6109/2 3726/6113/2 3728/6115/2
f 3707/6094/2 3727/6114/2 3728/6115/2 3708/6095/2
f 3600/5995/2 3620/6015/2 3729/6116/2 3718/6105/2
f 3620/6015/2 3618/6013/2 3730/6117/2 3729/6116/2
f 3729/6116/2 3730/6117/2 3731/6118/2 3732/6119/2
f 3718/6105/2 3729/6116/2 3732/6119/2 3719/6106/2
f 3618/6013/2 3617/6012/2 3733/6120/2 3730/6117/2
f 3617/6012/2 3616/6011/2 3734/6121/2 3733/6120/2
f 3733/6120/2 3734/6121/2 3735/6122/2 3736/6123/2
f 3730/6117/2 3733/6120/2 3736/6123/2 3731/6118/2
f 3731/6118/2 3736/6123/2 3737/6124/2 3738/6125/2
f 3736/6123/2 3735/6122/2 3739/6126/2 3737/6124/2
f 3737/6124/2 3739/6126/2 3740/6127/2 3741/6128/2
f 3738/6125/2 3737/6124/2 3741/6128/2 3742/6129/2
f 3719/6106/2 3732/6119/2 3743/6130/2 3723/6110/2
f 3732/6119/2 3731/6118/2 3738/6125/2 3743/6130/2
f 3743/6130/2 3738/6125/2 3742/6129/2 3744/6131/2
f 3723/6110/2 3743/6130/2 3744/6131/2 3724/6111/2
f 3616/6011/2 3636/6031/2 3745/6132/2 3734/6121/2
f 3636/6031/2 3634/6029/2 3746/6133/2 3745/6132/2
f 3745/6132/2 3746/6133/2 3747/6134/2 3748/6135/2
f 3734/6121/2 3745/6132/2 3748/6135/2 3735/6122/2
f 3634/6029/2 3633/6028/2 3749/6136/2 3746/6133/2
f 3633/6028/2 3632/6027/2 3750/6137/2 3749/6136/2
f 3749/6136/2 3750/6137/2 3751/6138/2 3752/6139/2
f 3746/6133/2 3749/6136/2 3752/6139/2 3747/6134/2
f 3747/6134/2 3752/6139/2 3753/6140/2 3754/6141/2
f 3752/6139/2 3751/6138/2 3755/6142/2 3753/6140/2
f 3753/6140/2 3755/6142/2 3756/6143/2 3757/6144/2
f 3754/6141/2 3753/6140/2 3757/6144/2 3758/6145/2
f 3735/6122/2 3748/6135/2 3759/6146/2 3739/6126/2
f 3748/6135/2 3747/6134/2 3754/6141/2 3759/6146/2
f 3759/6146/2 3754/6141/2 3758/6145/2 3760/6147/2
f 3739/6126/2 3759/6146/2 3760/6147/2 3740/6127/2
f 3632/6027/2 3652/6047/2 3761/6148/2 3750/6137/2
f 3652/6047/2 3650/6045/2 3762/6149/2 3761/6148/2
f 3761/6148/2 3762/6149/2 3763/6150/2 3764/6151/2
f 3750/6137/2 3761/6148/2 3764/6151/2 3751/6138/2
f 3650/6045/2 3649/6044/2 3765/6152/2 3762/6149/2
f 3649/6044/2 3648/6043/2 3766/6153/2 3765/6152/2
f 3765/6152/2 3766/6153/2 3767/6154/2 3768/6155/2
f 3762/6149/2 3765/6152/2 3768/6155/2 3763/6150/2
f 3763/6150/2 3768/6155/2 3769/6156/2 3770/6157/2
f 3768/6155/2 3767/6154/2 3771/6158/2 3769/6156/2
f 3769/6156/2 3771/6158/2 3772/6159/2 3773/6160/2
f 3770/6157/2 3769/6156/2 3773/6160/2 3774/6161/2
f 3751/6138/2 3764/6151/2 3775/6162/2 3755/6142/2
f 3764/6151/2 3763/6150/2 3770/6157/2 3775/6162/2
f 3775/6162/2 3770/6157/2 3774/6161/2 3776/6163/2
f 3755/6142/2 3775/6162/2 3776/6163/2 3756/6143/2
f 3648/6043/2 3664/6055/2 3777/6164/2 3766/6153/2
f 3664/6055/2 3662/6053/2 3778/6165/2 3777/6164/2
f 3777/6164/2 3778/6165/2 3779/6166/2 3780/6167/2
f 3766/6153/2 3777/6164/2 3780/6167/2 3767/6154/2
f 3662/6053/2 3661/1150/2 3781/1180/2 3778/6165/2
f 6741/1821/14 6743/1818/14 6291/2456/55 6057/2451/55
f 6058/2386/35 6292/2389/35 2400/1185/3 2390/1159/3
f 3778/6165/2 3781/1180/2 3782/1184/2 3779/6166/2
f 3779/6166/2 3782/1184/2 3783/1188/2 3784/6168/2
f 6743/1818/14 6745/1804/14 5879/2457/55 6291/2456/55
f 6292/2389/35 5880/2398/35 2399/1186/3 2400/1185/3
f 3784/6168/2 3783/1188/2 3785/1194/2 3786/6169/2
f 3767/6154/2 3780/6167/2 3787/6170/2 3771/6158/2
f 3780/6167/2 3779/6166/2 3784/6168/2 3787/6170/2
f 3787/6170/2 3784/6168/2 3786/6169/2 3788/6171/2
f 3771/6158/2 3787/6170/2 3788/6171/2 3772/6159/2
f 6748/1814/12 6738/1817/12 5917/2374/53 6293/2401/53
f 3680/1163/2 3678/6067/2 3790/6172/2 3789/2694/2
f 3789/2694/2 3790/6172/2 3791/6173/2 3792/2695/2
f 2384/1151/3 2477/2693/3 6294/2460/54 5918/2443/54
f 3678/6067/2 3677/6066/2 3793/6174/2 3790/6172/2
f 3677/6066/2 3676/6065/2 3794/6175/2 3793/6174/2
f 3793/6174/2 3794/6175/2 3795/6176/2 3796/6177/2
f 3790/6172/2 3793/6174/2 3796/6177/2 3791/6173/2
f 3791/6173/2 3796/6177/2 3797/6178/2 3798/6179/2
f 3796/6177/2 3795/6176/2 3799/6180/2 3797/6178/2
f 3797/6178/2 3799/6180/2 3800/6181/2 3801/6182/2
f 3798/6179/2 3797/6178/2 3801/6182/2 3802/6183/2
f 6750/1811/12 6748/1814/12 6293/2401/53 6059/2410/53
f 3792/2695/2 3791/6173/2 3798/6179/2 3803/2696/2
f 3803/2696/2 3798/6179/2 3802/6183/2 3804/2697/2
f 2477/2693/3 2476/2698/3 6060/2465/54 6294/2460/54
f 3676/6065/2 3696/6083/2 3805/6184/2 3794/6175/2
f 3696/6083/2 3694/6081/2 3806/6185/2 3805/6184/2
f 3805/6184/2 3806/6185/2 3807/6186/2 3808/6187/2
f 3794/6175/2 3805/6184/2 3808/6187/2 3795/6176/2
f 3694/6081/2 3693/6080/2 3809/6188/2 3806/6185/2
f 3693/6080/2 3692/6079/2 3810/6189/2 3809/6188/2
f 3809/6188/2 3810/6189/2 3811/6190/2 3812/6191/2
f 3806/6185/2 3809/6188/2 3812/6191/2 3807/6186/2
f 3807/6186/2 3812/6191/2 3813/6192/2 3814/6193/2
f 3812/6191/2 3811/6190/2 3815/6194/2 3813/6192/2
f 3813/6192/2 3815/6194/2 3816/6195/2 3817/6196/2
f 3814/6193/2 3813/6192/2 3817/6196/2 3818/6197/2
f 3795/6176/2 3808/6187/2 3819/6198/2 3799/6180/2
f 3808/6187/2 3807/6186/2 3814/6193/2 3819/6198/2
f 3819/6198/2 3814/6193/2 3818/6197/2 3820/6199/2
f 3799/6180/2 3819/6198/2 3820/6199/2 3800/6181/2
f 3692/6079/2 3712/6099/2 3821/6200/2 3810/6189/2
f 3712/6099/2 3710/6097/2 3822/6201/2 3821/6200/2
f 3821/6200/2 3822/6201/2 3823/6202/2 3824/6203/2
f 3810/6189/2 3821/6200/2 3824/6203/2 3811/6190/2
f 3710/6097/2 3709/6096/2 3825/6204/2 3822/6201/2
f 3709/6096/2 3708/6095/2 3826/6205/2 3825/6204/2
f 3825/6204/2 3826/6205/2 3827/6206/2 3828/6207/2
f 3822/6201/2 3825/6204/2 3828/6207/2 3823/6202/2
f 3823/6202/2 3828/6207/2 3829/6208/2 3830/6209/2
f 3828/6207/2 3827/6206/2 3831/6210/2 3829/6208/2
f 3829/6208/2 3831/6210/2 3832/6211/2 3833/6212/2
f 3830/6209/2 3829/6208/2 3833/6212/2 3834/6213/2
f 3811/6190/2 3824/6203/2 3835/6214/2 3815/6194/2
f 3824/6203/2 3823/6202/2 3830/6209/2 3835/6214/2
f 3835/6214/2 3830/6209/2 3834/6213/2 3836/6215/2
f 3815/6194/2 3835/6214/2 3836/6215/2 3816/6195/2
f 3708/6095/2 3728/6115/2 3837/6216/2 3826/6205/2
f 3728/6115/2 3726/6113/2 3838/6217/2 3837/6216/2
f 3837/6216/2 3838/6217/2 3839/6218/2 3840/6219/2
f 3826/6205/2 3837/6216/2 3840/6219/2 3827/6206/2
f 3726/6113/2 3725/6112/2 3841/6220/2 3838/6217/2
f 3725/6112/2 3724/6111/2 3842/6221/2 3841/6220/2
f 3841/6220/2 3842/6221/2 3843/6222/2 3844/6223/2
f 3838/6217/2 3841/6220/2 3844/6223/2 3839/6218/2
f 3839/6218/2 3844/6223/2 3845/6224/2 3846/6225/2
f 3844/6223/2 3843/6222/2 3847/6226/2 3845/6224/2
f 3845/6224/2 3847/6226/2 3848/6227/2 3849/6228/2
f 3846/6225/2 3845/6224/2 3849/6228/2 3850/6229/2
f 3827/6206/2 3840/6219/2 3851/6230/2 3831/6210/2
f 3840/6219/2 3839/6218/2 3846/6225/2 3851/6230/2
f 3851/6230/2 3846/6225/2 3850/6229/2 3852/6231/2
f 3831/6210/2 3851/6230/2 3852/6231/2 3832/6211/2
f 3724/6111/2 3744/6131/2 3853/6232/2 3842/6221/2
f 3744/6131/2 3742/6129/2 3854/6233/2 3853/6232/2
f 3853/6232/2 3854/6233/2 3855/6234/2 3856/6235/2
f 3842/6221/2 3853/6232/2 3856/6235/2 3843/6222/2
f 3742/6129/2 3741/6128/2 3857/6236/2 3854/6233/2
f 3741/6128/2 3740/6127/2 3858/6237/2 3857/6236/2
f 3857/6236/2 3858/6237/2 3859/6238/2 3860/6239/2
f 3854/6233/2 3857/6236/2 3860/6239/2 3855/6234/2
f 3855/6234/2 3860/6239/2 3861/6240/2 3862/6241/2
f 3860/6239/2 3859/6238/2 3863/6242/2 3861/6240/2
f 3861/6240/2 3863/6242/2 3864/6243/2 3865/6244/2
f 3862/6241/2 3861/6240/2 3865/6244/2 3866/6245/2
f 3843/6222/2 3856/6235/2 3867/6246/2 3847/6226/2
f 3856/6235/2 3855/6234/2 3862/6241/2 3867/6246/2
f 3867/6246/2 3862/6241/2 3866/6245/2 3868/6247/2
f 3847/6226/2 3867/6246/2 3868/6247/2 3848/6227/2
f 3740/6127/2 3760/6147/2 3869/6248/2 3858/6237/2
f 3760/6147/2 3758/6145/2 3870/6249/2 3869/6248/2
f 3869/6248/2 3870/6249/2 3871/6250/2 3872/6251/2
f 3858/6237/2 3869/6248/2 3872/6251/2 3859/6238/2
f 3758/6145/2 3757/6144/2 3873/6252/2 3870/6249/2
f 3757/6144/2 3756/6143/2 3874/6253/2 3873/6252/2
f 3873/6252/2 3874/6253/2 3875/6254/2 3876/6255/2
f 3870/6249/2 3873/6252/2 3876/6255/2 3871/6250/2
f 3871/6250/2 3876/6255/2 3877/6256/2 3878/6257/2
f 3876/6255/2 3875/6254/2 3879/6258/2 3877/6256/2
f 3877/6256/2 3879/6258/2 3880/6259/2 3881/6260/2
f 3878/6257/2 3877/6256/2 3881/6260/2 3882/6261/2
f 3859/6238/2 3872/6251/2 3883/6262/2 3863/6242/2
f 3872/6251/2 3871/6250/2 3878/6257/2 3883/6262/2
f 3883/6262/2 3878/6257/2 3882/6261/2 3884/6263/2
f 3863/6242/2 3883/6262/2 3884/6263/2 3864/6243/2
f 3756/6143/2 3776/6163/2 3885/6264/2 3874/6253/2
f 3776/6163/2 3774/6161/2 3886/6265/2 3885/6264/2
f 3885/6264/2 3886/6265/2 3887/6266/2 3888/6267/2
f 3874/6253/2 3885/6264/2 3888/6267/2 3875/6254/2
f 3774/6161/2 3773/6160/2 3889/6268/2 3886/6265/2
f 3773/6160/2 3772/6159/2 3890/6269/2 3889/6268/2
f 3889/6268/2 3890/6269/2 3891/6270/2 3892/6271/2
f 3886/6265/2 3889/6268/2 3892/6271/2 3887/6266/2
f 3887/6266/2 3892/6271/2 3893/6272/2 3894/6273/2
f 3892/6271/2 3891/6270/2 3895/6274/2 3893/6272/2
f 3893/6272/2 3895/6274/2 3896/6275/2 3897/6276/2
f 3894/6273/2 3893/6272/2 3897/6276/2 3898/6277/2
f 3875/6254/2 3888/6267/2 3899/6278/2 3879/6258/2
f 3888/6267/2 3887/6266/2 3894/6273/2 3899/6278/2
f 3899/6278/2 3894/6273/2 3898/6277/2 3900/6279/2
f 3879/6258/2 3899/6278/2 3900/6279/2 3880/6259/2
f 3772/6159/2 3788/6171/2 3901/6280/2 3890/6269/2
f 3788/6171/2 3786/6169/2 3902/6281/2 3901/6280/2
f 3901/6280/2 3902/6281/2 3903/6282/2 3904/6283/2
f 3890/6269/2 3901/6280/2 3904/6283/2 3891/6270/2
f 3786/6169/2 3785/1194/2 3905/2701/2 3902/6281/2
f 6752/1808/12 6750/1811/12 6059/2410/53 6295/2413/53
f 2476/2698/3 2480/2700/3 6296/2470/54 6060/2465/54
f 3902/6281/2 3905/2701/2 3906/2702/2 3903/6282/2
f 3903/6282/2 3906/2702/2 3907/2703/2 3908/6284/2
f 6754/503/12 6752/1808/12 6295/2413/53 5915/2422/53
f 2480/2700/3 2478/2706/3 5916/2449/54 6296/2470/54
f 3908/6284/2 3907/2703/2 3909/2704/2 3910/6285/2
f 3891/6270/2 3904/6283/2 3911/6286/2 3895/6274/2
f 3904/6283/2 3903/6282/2 3908/6284/2 3911/6286/2
f 3911/6286/2 3908/6284/2 3910/6285/2 3912/6287/2
f 3895/6274/2 3911/6286/2 3912/6287/2 3896/6275/2
f 6745/1804/14 6755/512/14 6297/2472/55 5879/2457/55
f 3804/2697/2 3802/6183/2 3914/6288/2 3913/2709/2
f 3913/2709/2 3914/6288/2 3915/6289/2 3916/2710/2
f 5880/2398/35 6298/2425/35 2485/2711/3 2399/1186/3
f 3802/6183/2 3801/6182/2 3917/6290/2 3914/6288/2
f 3801/6182/2 3800/6181/2 3918/6291/2 3917/6290/2
f 3917/6290/2 3918/6291/2 3919/6292/2 3920/6293/2
f 3914/6288/2 3917/6290/2 3920/6293/2 3915/6289/2
f 3915/6289/2 3920/6293/2 3921/6294/2 3922/6295/2
f 3920/6293/2 3919/6292/2 3923/6296/2 3921/6294/2
f 3921/6294/2 3923/6296/2 3924/6297/2 3925/6298/2
f 3922/6295/2 3921/6294/2 3925/6298/2 3926/6299/2
f 6755/512/14 6757/511/14 6061/2477/55 6297/2472/55
f 3916/2710/2 3915/6289/2 3922/6295/2 3927/2715/2
f 3927/2715/2 3922/6295/2 3926/6299/2 3928/2716/2
f 6298/2425/35 6062/2434/35 2484/2713/3 2485/2711/3
f 3800/6181/2 3820/6199/2 3929/6300/2 3918/6291/2
f 3820/6199/2 3818/6197/2 3930/6301/2 3929/6300/2
f 3929/6300/2 3930/6301/2 3931/6302/2 3932/6303/2
f 3918/6291/2 3929/6300/2 3932/6303/2 3919/6292/2
f 3818/6197/2 3817/6196/2 3933/6304/2 3930/6301/2
f 3817/6196/2 3816/6195/2 3934/6305/2 3933/6304/2
f 3933/6304/2 3934/6305/2 3935/6306/2 3936/6307/2
f 3930/6301/2 3933/6304/2 3936/6307/2 3931/6302/2
f 3931/6302/2 3936/6307/2 3937/6308/2 3938/6309/2
f 3936/6307/2 3935/6306/2 3939/6310/2 3937/6308/2
f 3937/6308/2 3939/6310/2 3940/6311/2 3941/6312/2
f 3938/6309/2 3937/6308/2 3941/6312/2 3942/6313/2
f 3919/6292/2 3932/6303/2 3943/6314/2 3923/6296/2
f 3932/6303/2 3931/6302/2 3938/6309/2 3943/6314/2
f 3943/6314/2 3938/6309/2 3942/6313/2 3944/6315/2
f 3923/6296/2 3943/6314/2 3944/6315/2 3924/6297/2
f 3816/6195/2 3836/6215/2 3945/6316/2 3934/6305/2
f 3836/6215/2 3834/6213/2 3946/6317/2 3945/6316/2
f 3945/6316/2 3946/6317/2 3947/6318/2 3948/6319/2
f 3934/6305/2 3945/6316/2 3948/6319/2 3935/6306/2
f 3834/6213/2 3833/6212/2 3949/6320/2 3946/6317/2
f 3833/6212/2 3832/6211/2 3950/6321/2 3949/6320/2
f 3949/6320/2 3950/6321/2 3951/6322/2 3952/6323/2
f 3946/6317/2 3949/6320/2 3952/6323/2 3947/6318/2
f 3947/6318/2 3952/6323/2 3953/6324/2 3954/6325/2
f 3952/6323/2 3951/6322/2 3955/6326/2 3953/6324/2
f 3953/6324/2 3955/6326/2 3956/6327/2 3957/6328/2
f 3954/6325/2 3953/6324/2 3957/6328/2 3958/6329/2
f 3935/6306/2 3948/6319/2 3959/6330/2 3939/6310/2
f 3948/6319/2 3947/6318/2 3954/6325/2 3959/6330/2
f 3959/6330/2 3954/6325/2 3958/6329/2 3960/6331/2
f 3939/6310/2 3959/6330/2 3960/6331/2 3940/6311/2
f 3832/6211/2 3852/6231/2 3961/6332/2 3950/6321/2
f 3852/6231/2 3850/6229/2 3962/6333/2 3961/6332/2
f 3961/6332/2 3962/6333/2 3963/6334/2 3964/6335/2
f 3950/6321/2 3961/6332/2 3964/6335/2 3951/6322/2
f 3850/6229/2 3849/6228/2 3965/6336/2 3962/6333/2
f 3849/6228/2 3848/6227/2 3966/6337/2 3965/6336/2
f 3965/6336/2 3966/6337/2 3967/6338/2 3968/6339/2
f 3962/6333/2 3965/6336/2 3968/6339/2 3963/6334/2
f 3963/6334/2 3968/6339/2 3969/6340/2 3970/6341/2
f 3968/6339/2 3967/6338/2 3971/6342/2 3969/6340/2
f 3969/6340/2 3971/6342/2 3972/6343/2 3973/6344/2
f 3970/6341/2 3969/6340/2 3973/6344/2 3974/6345/2
f 3951/6322/2 3964/6335/2 3975/6346/2 3955/6326/2
f 3964/6335/2 3963/6334/2 3970/6341/2 3975/6346/2
f 3975/6346/2 3970/6341/2 3974/6345/2 3976/6347/2
f 3955/6326/2 3975/6346/2 3976/6347/2 3956/6327/2
f 3848/6227/2 3868/6247/2 3977/6348/2 3966/6337/2
f 3868/6247/2 3866/6245/2 3978/6349/2 3977/6348/2
f 3977/6348/2 3978/6349/2 3979/6350/2 3980/6351/2
f 3966/6337/2 3977/6348/2 3980/6351/2 3967/6338/2
f 3866/6245/2 3865/6244/2 3981/6352/2 3978/6349/2
f 3865/6244/2 3864/6243/2 3982/6353/2 3981/6352/2
f 3981/6352/2 3982/6353/2 3983/6354/2 3984/6355/2
f 3978/6349/2 3981/6352/2 3984/6355/2 3979/6350/2
f 3979/6350/2 3984/6355/2 3985/6356/2 3986/6357/2
f 3984/6355/2 3983/6354/2 3987/6358/2 3985/6356/2
f 3985/6356/2 3987/6358/2 3988/6359/2 3989/6360/2
f 3986/6357/2 3985/6356/2 3989/6360/2 3990/6361/2
f 3967/6338/2 3980/6351/2 3991/6362/2 3971/6342/2
f 3980/6351/2 3979/6350/2 3986/6357/2 3991/6362/2
f 3991/6362/2 3986/6357/2 3990/6361/2 3992/6363/2
f 3971/6342/2 3991/6362/2 3992/6363/2 3972/6343/2
f 3864/6243/2 3884/6263/2 3993/6364/2 3982/6353/2
f 3884/6263/2 3882/6261/2 3994/6365/2 3993/6364/2
f 3993/6364/2 3994/6365/2 3995/6366/2 3996/6367/2
f 3982/6353/2 3993/6364/2 3996/6367/2 3983/6354/2
f 3882/6261/2 3881/6260/2 3997/6368/2 3994/6365/2
f 3881/6260/2 3880/6259/2 3998/6369/2 3997/6368/2
f 3997/6368/2 3998/6369/2 3999/6370/2 4000/6371/2
f 3994/6365/2 3997/6368/2 4000/6371/2 3995/6366/2
f 3995/6366/2 4000/6371/2 4001/6372/2 4002/6373/2
f 4000/6371/2 3999/6370/2 4003/6374/2 4001/6372/2
f 4001/6372/2 4003/6374/2 4004/6375/2 4005/6376/2
f 4002/6373/2 4001/6372/2 4005/6376/2 4006/6377/2
f 3983/6354/2 3996/6367/2 4007/6378/2 3987/6358/2
f 3996/6367/2 3995/6366/2 4002/6373/2 4007/6378/2
f 4007/6378/2 4002/6373/2 4006/6377/2 4008/6379/2
f 3987/6358/2 4007/6378/2 4008/6379/2 3988/6359/2
f 3880/6259/2 3900/6279/2 4009/6380/2 3998/6369/2
f 3900/6279/2 3898/6277/2 4010/6381/2 4009/6380/2
f 4009/6380/2 4010/6381/2 4011/6382/2 4012/6383/2
f 3998/6369/2 4009/6380/2 4012/6383/2 3999/6370/2
f 3898/6277/2 3897/6276/2 4013/6384/2 4010/6381/2
f 3897/6276/2 3896/6275/2 4014/6385/2 4013/6384/2
f 4013/6384/2 4014/6385/2 4015/6386/2 4016/6387/2
f 4010/6381/2 4013/6384/2 4016/6387/2 4011/6382/2
f 4011/6382/2 4016/6387/2 4017/6388/2 4018/6389/2
f 4016/6387/2 4015/6386/2 4019/6390/2 4017/6388/2
f 4017/6388/2 4019/6390/2 4020/6391/2 4021/6392/2
f 4018/6389/2 4017/6388/2 4021/6392/2 4022/6393/2
f 3999/6370/2 4012/6383/2 4023/6394/2 4003/6374/2
f 4012/6383/2 4011/6382/2 4018/6389/2 4023/6394/2
f 4023/6394/2 4018/6389/2 4022/6393/2 4024/6395/2
f 4003/6374/2 4023/6394/2 4024/6395/2 4004/6375/2
f 3896/6275/2 3912/6287/2 4025/6396/2 4014/6385/2
f 3912/6287/2 3910/6285/2 4026/6397/2 4025/6396/2
f 4025/6396/2 4026/6397/2 4027/6398/2 4028/6399/2
f 4014/6385/2 4025/6396/2 4028/6399/2 4015/6386/2
f 3910/6285/2 3909/2704/2 4029/2727/2 4026/6397/2
f 6757/511/14 6759/1800/14 6299/2482/55 6061/2477/55
f 6062/2434/35 6300/2435/35 2494/2729/3 2484/2713/3
f 4026/6397/2 4029/2727/2 4030/2728/2 4027/6398/2
f 4027/6398/2 4030/2728/2 4031/2731/2 4032/6400/2
f 6759/1800/14 6761/1791/14 5881/2475/55 6299/2482/55
f 6300/2435/35 5882/2440/35 2493/2730/3 2494/2729/3
f 4032/6400/2 4031/2731/2 4033/2732/2 4034/6401/2
f 4015/6386/2 4028/6399/2 4035/6402/2 4019/6390/2
f 4028/6399/2 4027/6398/2 4032/6400/2 4035/6402/2
f 4035/6402/2 4032/6400/2 4034/6401/2 4036/6403/2
f 4019/6390/2 4035/6402/2 4036/6403/2 4020/6391/2
f 6764/504/12 6754/503/12 5915/2422/53 6301/2483/53
f 3928/2716/2 3926/6299/2 4038/6404/2 4037/2840/2
f 4037/2840/2 4038/6404/2 4039/6405/2 4040/2841/2
f 2478/2706/3 2571/2839/3 6302/2450/54 5916/2449/54
f 3926/6299/2 3925/6298/2 4041/6406/2 4038/6404/2
f 3925/6298/2 3924/6297/2 4042/6407/2 4041/6406/2
f 4041/6406/2 4042/6407/2 4043/6408/2 4044/6409/2
f 4038/6404/2 4041/6406/2 4044/6409/2 4039/6405/2
f 4039/6405/2 4044/6409/2 4045/6410/2 4046/6411/2
f 4044/6409/2 4043/6408/2 4047/6412/2 4045/6410/2
f 4045/6410/2 4047/6412/2 4048/6413/2 4049/6414/2
f 4046/6411/2 4045/6410/2 4049/6414/2 4050/6415/2
f 6766/1798/12 6764/504/12 6301/2483/53 6063/2462/53
f 4040/2841/2 4039/6405/2 4046/6411/2 4051/2842/2
f 4051/2842/2 4046/6411/2 4050/6415/2 4052/2843/2
f 2571/2839/3 2570/2844/3 6064/2453/54 6302/2450/54
f 3924/6297/2 3944/6315/2 4053/6416/2 4042/6407/2
f 3944/6315/2 3942/6313/2 4054/6417/2 4053/6416/2
f 4053/6416/2 4054/6417/2 4055/6418/2 4056/6419/2
f 4042/6407/2 4053/6416/2 4056/6419/2 4043/6408/2
f 3942/6313/2 3941/6312/2 4057/6420/2 4054/6417/2
f 3941/6312/2 3940/6311/2 4058/6421/2 4057/6420/2
f 4057/6420/2 4058/6421/2 4059/6422/2 4060/6423/2
f 4054/6417/2 4057/6420/2 4060/6423/2 4055/6418/2
f 4055/6418/2 4060/6423/2 4061/6424/2 4062/6425/2
f 4060/6423/2 4059/6422/2 4063/6426/2 4061/6424/2
f 4061/6424/2 4063/6426/2 4064/6427/2 4065/6428/2
f 4062/6425/2 4061/6424/2 4065/6428/2 4066/6429/2
f 4043/6408/2 4056/6419/2 4067/6430/2 4047/6412/2
f 4056/6419/2 4055/6418/2 4062/6425/2 4067/6430/2
f 4067/6430/2 4062/6425/2 4066/6429/2 4068/6431/2
f 4047/6412/2 4067/6430/2 4068/6431/2 4048/6413/2
f 3940/6311/2 3960/6331/2 4069/6432/2 4058/6421/2
f 3960/6331/2 3958/6329/2 4070/6433/2 4069/6432/2
f 4069/6432/2 4070/6433/2 4071/6434/2 4072/6435/2
f 4058/6421/2 4069/6432/2 4072/6435/2 4059/6422/2
f 3958/6329/2 3957/6328/2 4073/6436/2 4070/6433/2
f 3957/6328/2 3956/6327/2 4074/6437/2 4073/6436/2
f 4073/6436/2 4074/6437/2 4075/6438/2 4076/6439/2
f 4070/6433/2 4073/6436/2 4076/6439/2 4071/6434/2
f 4071/6434/2 4076/6439/2 4077/6440/2 4078/6441/2
f 4076/6439/2 4075/6438/2 4079/6442/2 4077/6440/2
f 4077/6440/2 4079/6442/2 4080/6443/2 4081/6444/2
f 4078/6441/2 4077/6440/2 4081/6444/2 4082/6445/2
f 4059/6422/2 4072/6435/2 4083/6446/2 4063/6426/2
f 4072/6435/2 4071/6434/2 4078/6441/2 4083/6446/2
f 4083/6446/2 4078/6441/2 4082/6445/2 4084/6447/2
f 4063/6426/2 4083/6446/2 4084/6447/2 4064/6427/2
f 3956/6327/2 3976/6347/2 4085/6448/2 4074/6437/2
f 3976/6347/2 3974/6345/2 4086/6449/2 4085/6448/2
f 4085/6448/2 4086/6449/2 4087/6450/2 4088/6451/2
f 4074/6437/2 4085/6448/2 4088/6451/2 4075/6438/2
f 3974/6345/2 3973/6344/2 4089/6452/2 4086/6449/2
f 3973/6344/2 3972/6343/2 4090/6453/2 4089/6452/2
f 4089/6452/2 4090/6453/2 4091/6454/2 4092/6455/2
f 4086/6449/2 4089/6452/2 4092/6455/2 4087/6450/2
f 4087/6450/2 4092/6455/2 4093/6456/2 4094/6457/2
f 4092/6455/2 4091/6454/2 4095/6458/2 4093/6456/2
f 4093/6456/2 4095/6458/2 4096/6459/2 4097/6460/2
f 4094/6457/2 4093/6456/2 4097/6460/2 4098/6461/2
f 4075/6438/2 4088/6451/2 4099/6462/2 4079/6442/2
f 4088/6451/2 4087/6450/2 4094/6457/2 4099/6462/2
f 4099/6462/2 4094/6457/2 4098/6461/2 4100/6463/2
f 4079/6442/2 4099/6462/2 4100/6463/2 4080/6443/2
f 3972/6343/2 3992/6363/2 4101/6464/2 4090/6453/2
f 3992/6363/2 3990/6361/2 4102/6465/2 4101/6464/2
f 4101/6464/2 4102/6465/2 4103/6466/2 4104/6467/2
f 4090/6453/2 4101/6464/2 4104/6467/2 4091/6454/2
f 3990/6361/2 3989/6360/2 4105/6468/2 4102/6465/2
f 3989/6360/2 3988/6359/2 4106/6469/2 4105/6468/2
f 4105/6468/2 4106/6469/2 4107/6470/2 4108/6471/2
f 4102/6465/2 4105/6468/2 4108/6471/2 4103/6466/2
f 4103/6466/2 4108/6471/2 4109/6472/2 4110/6473/2
f 4108/6471/2 4107/6470/2 4111/6474/2 4109/6472/2
f 4109/6472/2 4111/6474/2 4112/6475/2 4113/6476/2
f 4110/6473/2 4109/6472/2 4113/6476/2 4114/6477/2
f 4091/6454/2 4104/6467/2 4115/6478/2 4095/6458/2
f 4104/6467/2 4103/6466/2 4110/6473/2 4115/6478/2
f 4115/6478/2 4110/6473/2 4114/6477/2 4116/6479/2
f 4095/6458/2 4115/6478/2 4116/6479/2 4096/6459/2
f 3988/6359/2 4008/6379/2 4117/6480/2 4106/6469/2
f 4008/6379/2 4006/6377/2 4118/6481/2 4117/6480/2
f 4117/6480/2 4118/6481/2 4119/6482/2 4120/6483/2
f 4106/6469/2 4117/6480/2 4120/6483/2 4107/6470/2
f 4006/6377/2 4005/6376/2 4121/6484/2 4118/6481/2
f 4005/6376/2 4004/6375/2 4122/6485/2 4121/6484/2
f 4121/6484/2 4122/6485/2 4123/6486/2 4124/6487/2
f 4118/6481/2 4121/6484/2 4124/6487/2 4119/6482/2
f 4119/6482/2 4124/6487/2 4125/6488/2 4126/6489/2
f 4124/6487/2 4123/6486/2 4127/6490/2 4125/6488/2
f 4125/6488/2 4127/6490/2 4128/6491/2 4129/6492/2
f 4126/6489/2 4125/6488/2 4129/6492/2 4130/6493/2
f 4107/6470/2 4120/6483/2 4131/6494/2 4111/6474/2
f 4120/6483/2 4119/6482/2 4126/6489/2 4131/6494/2
f 4131/6494/2 4126/6489/2 4130/6493/2 4132/6495/2
f 4111/6474/2 4131/6494/2 4132/6495/2 4112/6475/2
f 4004/6375/2 4024/6395/2 4133/6496/2 4122/6485/2
f 4024/6395/2 4022/6393/2 4134/6497/2 4133/6496/2
f 4133/6496/2 4134/6497/2 4135/6498/2 4136/6499/2
f 4122/6485/2 4133/6496/2 4136/6499/2 4123/6486/2
f 4022/6393/2 4021/6392/2 4137/6500/2 4134/6497/2
f 4021/6392/2 4020/6391/2 4138/6501/2 4137/6500/2
f 4137/6500/2 4138/6501/2 4139/6502/2 4140/6503/2
f 4134/6497/2 4137/6500/2 4140/6503/2 4135/6498/2
f 4135/6498/2 4140/6503/2 4141/6504/2 4142/6505/2
f 4140/6503/2 4139/6502/2 4143/6506/2 4141/6504/2
f 4141/6504/2 4143/6506/2 4144/6507/2 4145/6508/2
f 4142/6505/2 4141/6504/2 4145/6508/2 4146/6509/2
f 4123/6486/2 4136/6499/2 4147/6510/2 4127/6490/2
f 4136/6499/2 4135/6498/2 4142/6505/2 4147/6510/2
f 4147/6510/2 4142/6505/2 4146/6509/2 4148/6511/2
f 4127/6490/2 4147/6510/2 4148/6511/2 4128/6491/2
f 4020/6391/2 4036/6403/2 4149/6512/2 4138/6501/2
f 4036/6403/2 4034/6401/2 4150/6513/2 4149/6512/2
f 4149/6512/2 4150/6513/2 4151/6514/2 4152/6515/2
f 4138/6501/2 4149/6512/2 4152/6515/2 4139/6502/2
f 4034/6401/2 4033/2732/2 4153/2847/2 4150/6513/2
f 6768/1795/12 6766/1798/12 6063/2462/53 6303/2461/53
f 2570/2844/3 2574/2846/3 6304/2492/54 6064/2453/54
f 4150/6513/2 4153/2847/2 4154/2848/2 4151/6514/2
f 4151/6514/2 4154/2848/2 4155/2849/2 4156/6516/2
f 6770/1781/12 6768/1795/12 6303/2461/53 5913/2468/53
f 2574/2846/3 2572/179/3 5914/2493/54 6304/2492/54
f 4156/6516/2 4155/2849/2 4157/2850/2 4158/6517/2
f 4139/6502/2 4152/6515/2 4159/6518/2 4143/6506/2
f 4152/6515/2 4151/6514/2 4156/6516/2 4159/6518/2
f 4159/6518/2 4156/6516/2 4158/6517/2 4160/6519/2
f 4143/6506/2 4159/6518/2 4160/6519/2 4144/6507/2
f 6761/1791/14 6771/1788/14 6305/2476/55 5881/2475/55
f 4052/2843/2 4050/6415/2 4162/6520/2 4161/2853/2
f 4161/2853/2 4162/6520/2 4163/6521/2 4164/2854/2
f 5882/2440/35 6306/2495/35 2579/2855/3 2493/2730/3
f 4050/6415/2 4049/6414/2 4165/6522/2 4162/6520/2
f 4049/6414/2 4048/6413/2 4166/6523/2 4165/6522/2
f 4165/6522/2 4166/6523/2 4167/6524/2 4168/6525/2
f 4162/6520/2 4165/6522/2 4168/6525/2 4163/6521/2
f 4163/6521/2 4168/6525/2 4169/6526/2 4170/6527/2
f 4168/6525/2 4167/6524/2 4171/6528/2 4169/6526/2
f 4169/6526/2 4171/6528/2 4172/6529/2 4173/6530/2
f 4170/6527/2 4169/6526/2 4173/6530/2 4174/6531/2
f 6771/1788/14 6773/1785/14 6065/2479/55 6305/2476/55
f 4164/2854/2 4163/6521/2 4170/6527/2 4175/2859/2
f 4175/2859/2 4170/6527/2 4174/6531/2 4176/2860/2
f 6306/2495/35 6066/2486/35 2578/2857/3 2579/2855/3
f 4048/6413/2 4068/6431/2 4177/6532/2 4166/6523/2
f 4068/6431/2 4066/6429/2 4178/6533/2 4177/6532/2
f 4177/6532/2 4178/6533/2 4179/6534/2 4180/6535/2
f 4166/6523/2 4177/6532/2 4180/6535/2 4167/6524/2
f 4066/6429/2 4065/6428/2 4181/6536/2 4178/6533/2
f 4065/6428/2 4064/6427/2 4182/6537/2 4181/6536/2
f 4181/6536/2 4182/6537/2 4183/6538/2 4184/6539/2
f 4178/6533/2 4181/6536/2 4184/6539/2 4179/6534/2
f 4179/6534/2 4184/6539/2 4185/6540/2 4186/6541/2
f 4184/6539/2 4183/6538/2 4187/6542/2 4185/6540/2
f 4185/6540/2 4187/6542/2 4188/6543/2 4189/6544/2
f 4186/6541/2 4185/6540/2 4189/6544/2 4190/6545/2
f 4167/6524/2 4180/6535/2 4191/6546/2 4171/6528/2
f 4180/6535/2 4179/6534/2 4186/6541/2 4191/6546/2
f 4191/6546/2 4186/6541/2 4190/6545/2 4192/6547/2
f 4171/6528/2 4191/6546/2 4192/6547/2 4172/6529/2
f 4064/6427/2 4084/6447/2 4193/6548/2 4182/6537/2
f 4084/6447/2 4082/6445/2 4194/6549/2 4193/6548/2
f 4193/6548/2 4194/6549/2 4195/6550/2 4196/6551/2
f 4182/6537/2 4193/6548/2 4196/6551/2 4183/6538/2
f 4082/6445/2 4081/6444/2 4197/6552/2 4194/6549/2
f 4081/6444/2 4080/6443/2 4198/6553/2 4197/6552/2
f 4197/6552/2 4198/6553/2 4199/6554/2 4200/6555/2
f 4194/6549/2 4197/6552/2 4200/6555/2 4195/6550/2
f 4195/6550/2 4200/6555/2 4201/6556/2 4202/6557/2
f 4200/6555/2 4199/6554/2 4203/6558/2 4201/6556/2
f 4201/6556/2 4203/6558/2 4204/6559/2 4205/6560/2
f 4202/6557/2 4201/6556/2 4205/6560/2 4206/6561/2
f 4183/6538/2 4196/6551/2 4207/6562/2 4187/6542/2
f 4196/6551/2 4195/6550/2 4202/6557/2 4207/6562/2
f 4207/6562/2 4202/6557/2 4206/6561/2 4208/6563/2
f 4187/6542/2 4207/6562/2 4208/6563/2 4188/6543/2
f 4080/6443/2 4100/6463/2 4209/6564/2 4198/6553/2
f 4100/6463/2 4098/6461/2 4210/6565/2 4209/6564/2
f 4209/6564/2 4210/6565/2 4211/6566/2 4212/6567/2
f 4198/6553/2 4209/6564/2 4212/6567/2 4199/6554/2
f 4098/6461/2 4097/6460/2 4213/6568/2 4210/6565/2
f 4097/6460/2 4096/6459/2 4214/6569/2 4213/6568/2
f 4213/6568/2 4214/6569/2 4215/6570/2 4216/6571/2
f 4210/6565/2 4213/6568/2 4216/6571/2 4211/6566/2
f 4211/6566/2 4216/6571/2 4217/6572/2 4218/6573/2
f 4216/6571/2 4215/6570/2 4219/6574/2 4217/6572/2
f 4217/6572/2 4219/6574/2 4220/6575/2 4221/6576/2
f 4218/6573/2 4217/6572/2 4221/6576/2 4222/6577/2
f 4199/6554/2 4212/6567/2 4223/6578/2 4203/6558/2
f 4212/6567/2 4211/6566/2 4218/6573/2 4223/6578/2
f 4223/6578/2 4218/6573/2 4222/6577/2 4224/6579/2
f 4203/6558/2 4223/6578/2 4224/6579/2 4204/6559/2
f 4096/6459/2 4116/6479/2 4225/6580/2 4214/6569/2
f 4116/6479/2 4114/6477/2 4226/6581/2 4225/6580/2
f 4225/6580/2 4226/6581/2 4227/6582/2 4228/6583/2
f 4214/6569/2 4225/6580/2 4228/6583/2 4215/6570/2
f 4114/6477/2 4113/6476/2 4229/6584/2 4226/6581/2
f 4113/6476/2 4112/6475/2 4230/6585/2 4229/6584/2
f 4229/6584/2 4230/6585/2 4231/6586/2 4232/6587/2
f 4226/6581/2 4229/6584/2 4232/6587/2 4227/6582/2
f 4227/6582/2 4232/6587/2 4233/6588/2 4234/6589/2
f 4232/6587/2 4231/6586/2 4235/6590/2 4233/6588/2
f 4233/6588/2 4235/6590/2 4236/6591/2 4237/6592/2
f 4234/6589/2 4233/6588/2 4237/6592/2 4238/6593/2
f 4215/6570/2 4228/6583/2 4239/6594/2 4219/6574/2
f 4228/6583/2 4227/6582/2 4234/6589/2 4239/6594/2
f 4239/6594/2 4234/6589/2 4238/6593/2 4240/6595/2
f 4219/6574/2 4239/6594/2 4240/6595/2 4220/6575/2
f 4112/6475/2 4132/6495/2 4241/6596/2 4230/6585/2
f 4132/6495/2 4130/6493/2 4242/6597/2 4241/6596/2
f 4241/6596/2 4242/6597/2 4243/6598/2 4244/6599/2
f 4230/6585/2 4241/6596/2 4244/6599/2 4231/6586/2
f 4130/6493/2 4129/6492/2 4245/6600/2 4242/6597/2
f 4129/6492/2 4128/6491/2 4246/6601/2 4245/6600/2
f 4245/6600/2 4246/6601/2 4247/6602/2 4248/6603/2
f 4242/6597/2 4245/6600/2 4248/6603/2 4243/6598/2
f 4243/6598/2 4248/6603/2 4249/6604/2 4250/6605/2
f 4248/6603/2 4247/6602/2 4251/6606/2 4249/6604/2
f 4249/6604/2 4251/6606/2 4252/6607/2 4253/6608/2
f 4250/6605/2 4249/6604/2 4253/6608/2 4254/6609/2
f 4231/6586/2 4244/6599/2 4255/6610/2 4235/6590/2
f 4244/6599/2 4243/6598/2 4250/6605/2 4255/6610/2
f 4255/6610/2 4250/6605/2 4254/6609/2 4256/6611/2
f 4235/6590/2 4255/6610/2 4256/6611/2 4236/6591/2
f 4128/6491/2 4148/6511/2 4257/6612/2 4246/6601/2
f 4148/6511/2 4146/6509/2 4258/6613/2 4257/6612/2
f 4257/6612/2 4258/6613/2 4259/6614/2 4260/6615/2
f 4246/6601/2 4257/6612/2 4260/6615/2 4247/6602/2
f 4146/6509/2 4145/6508/2 4261/6616/2 4258/6613/2
f 4145/6508/2 4144/6507/2 4262/6617/2 4261/6616/2
f 4261/6616/2 4262/6617/2 4263/6618/2 4264/6619/2
f 4258/6613/2 4261/6616/2 4264/6619/2 4259/6614/2
f 4259/6614/2 4264/6619/2 4265/6620/2 4266/6621/2
f 4264/6619/2 4263/6618/2 4267/6622/2 4265/6620/2
f 4265/6620/2 4267/6622/2 4268/6623/2 4269/6624/2
f 4266/6621/2 4265/6620/2 4269/6624/2 4270/6625/2
f 4247/6602/2 4260/6615/2 4271/6626/2 4251/6606/2
f 4260/6615/2 4259/6614/2 4266/6621/2 4271/6626/2
f 4271/6626/2 4266/6621/2 4270/6625/2 4272/6627/2
f 4251/6606/2 4271/6626/2 4272/6627/2 4252/6607/2
f 4144/6507/2 4160/6519/2 4273/6628/2 4262/6617/2
f 4160/6519/2 4158/6517/2 4274/6629/2 4273/6628/2
f 4273/6628/2 4274/6629/2 4275/6630/2 4276/6631/2
f 4262/6617/2 4273/6628/2 4276/6631/2 4263/6618/2
f 4158/6517/2 4157/2850/2 4277/2868/2 4274/6629/2
f 6773/1785/14 6775/1782/14 6307/2502/55 6065/2479/55
f 6066/2486/35 6308/2485/35 2588/2870/3 2578/2857/3
f 4274/6629/2 4277/2868/2 4278/2869/2 4275/6630/2
f 4275/6630/2 4278/2869/2 4279/2871/2 4280/6632/2
f 6775/1782/14 6777/1767/14 5883/2503/55 6307/2502/55
f 6308/2485/35 5884/2490/35 2587/202/3 2588/2870/3
f 4280/6632/2 4279/2871/2 4281/188/2 4282/6633/2
f 4263/6618/2 4276/6631/2 4283/6634/2 4267/6622/2
f 4276/6631/2 4275/6630/2 4280/6632/2 4283/6634/2
f 4283/6634/2 4280/6632/2 4282/6633/2 4284/6635/2
f 4267/6622/2 4283/6634/2 4284/6635/2 4268/6623/2
f 6780/1778/12 6770/1781/12 5913/2468/53 6309/2497/53
f 4176/2860/2 4174/6531/2 4286/6636/2 4285/2959/2
f 4285/2959/2 4286/6636/2 4287/6637/2 4288/181/2
f 2572/179/3 2665/178/3 6310/2506/54 5914/2493/54
f 4174/6531/2 4173/6530/2 4289/6638/2 4286/6636/2
f 4173/6530/2 4172/6529/2 4290/6639/2 4289/6638/2
f 4289/6638/2 4290/6639/2 4291/6640/2 4292/6641/2
f 4286/6636/2 4289/6638/2 4292/6641/2 4287/6637/2
f 4287/6637/2 4292/6641/2 4293/6642/2 4294/6643/2
f 4292/6641/2 4291/6640/2 4295/6644/2 4293/6642/2
f 4293/6642/2 4295/6644/2 4296/6645/2 4297/6646/2
f 4294/6643/2 4293/6642/2 4297/6646/2 4298/6647/2
f 6782/1775/12 6780/1778/12 6309/2497/53 6067/2500/53
f 4288/181/2 4287/6637/2 4294/6643/2 4299/182/2
f 4299/182/2 4294/6643/2 4298/6647/2 4300/2960/2
f 2665/178/3 2664/187/3 6068/2509/54 6310/2506/54
f 4172/6529/2 4192/6547/2 4301/6648/2 4290/6639/2
f 4192/6547/2 4190/6545/2 4302/6649/2 4301/6648/2
f 4301/6648/2 4302/6649/2 4303/6650/2 4304/6651/2
f 4290/6639/2 4301/6648/2 4304/6651/2 4291/6640/2
f 4190/6545/2 4189/6544/2 4305/6652/2 4302/6649/2
f 4189/6544/2 4188/6543/2 4306/6653/2 4305/6652/2
f 4305/6652/2 4306/6653/2 4307/6654/2 4308/6655/2
f 4302/6649/2 4305/6652/2 4308/6655/2 4303/6650/2
f 4303/6650/2 4308/6655/2 4309/6656/2 4310/6657/2
f 4308/6655/2 4307/6654/2 4311/6658/2 4309/6656/2
f 4309/6656/2 4311/6658/2 4312/6659/2 4313/6660/2
f 4310/6657/2 4309/6656/2 4313/6660/2 4314/6661/2
f 4291/6640/2 4304/6651/2 4315/6662/2 4295/6644/2
f 4304/6651/2 4303/6650/2 4310/6657/2 4315/6662/2
f 4315/6662/2 4310/6657/2 4314/6661/2 4316/6663/2
f 4295/6644/2 4315/6662/2 4316/6663/2 4296/6645/2
f 4188/6543/2 4208/6563/2 4317/6664/2 4306/6653/2
f 4208/6563/2 4206/6561/2 4318/6665/2 4317/6664/2
f 4317/6664/2 4318/6665/2 4319/6666/2 4320/6667/2
f 4306/6653/2 4317/6664/2 4320/6667/2 4307/6654/2
f 4206/6561/2 4205/6560/2 4321/6668/2 4318/6665/2
f 4205/6560/2 4204/6559/2 4322/6669/2 4321/6668/2
f 4321/6668/2 4322/6669/2 4323/6670/2 4324/6671/2
f 4318/6665/2 4321/6668/2 4324/6671/2 4319/6666/2
f 4319/6666/2 4324/6671/2 4325/6672/2 4326/6673/2
f 4324/6671/2 4323/6670/2 4327/6674/2 4325/6672/2
f 4325/6672/2 4327/6674/2 4328/6675/2 4329/6676/2
f 4326/6673/2 4325/6672/2 4329/6676/2 4330/6677/2
f 4307/6654/2 4320/6667/2 4331/6678/2 4311/6658/2
f 4320/6667/2 4319/6666/2 4326/6673/2 4331/6678/2
f 4331/6678/2 4326/6673/2 4330/6677/2 4332/6679/2
f 4311/6658/2 4331/6678/2 4332/6679/2 4312/6659/2
f 4204/6559/2 4224/6579/2 4333/6680/2 4322/6669/2
f 4224/6579/2 4222/6577/2 4334/6681/2 4333/6680/2
f 4333/6680/2 4334/6681/2 4335/6682/2 4336/6683/2
f 4322/6669/2 4333/6680/2 4336/6683/2 4323/6670/2
f 4222/6577/2 4221/6576/2 4337/6684/2 4334/6681/2
f 4221/6576/2 4220/6575/2 4338/6685/2 4337/6684/2
f 4337/6684/2 4338/6685/2 4339/6686/2 4340/6687/2
f 4334/6681/2 4337/6684/2 4340/6687/2 4335/6682/2
f 4335/6682/2 4340/6687/2 4341/6688/2 4342/6689/2
f 4340/6687/2 4339/6686/2 4343/6690/2 4341/6688/2
f 4341/6688/2 4343/6690/2 4344/6691/2 4345/6692/2
f 4342/6689/2 4341/6688/2 4345/6692/2 4346/6693/2
f 4323/6670/2 4336/6683/2 4347/6694/2 4327/6674/2
f 4336/6683/2 4335/6682/2 4342/6689/2 4347/6694/2
f 4347/6694/2 4342/6689/2 4346/6693/2 4348/6695/2
f 4327/6674/2 4347/6694/2 4348/6695/2 4328/6675/2
f 4220/6575/2 4240/6595/2 4349/6696/2 4338/6685/2
f 4240/6595/2 4238/6593/2 4350/6697/2 4349/6696/2
f 4349/6696/2 4350/6697/2 4351/6698/2 4352/6699/2
f 4338/6685/2 4349/6696/2 4352/6699/2 4339/6686/2
f 4238/6593/2 4237/6592/2 4353/6700/2 4350/6697/2
f 4237/6592/2 4236/6591/2 4354/6701/2 4353/6700/2
f 4353/6700/2 4354/6701/2 4355/6702/2 4356/6703/2
f 4350/6697/2 4353/6700/2 4356/6703/2 4351/6698/2
f 4351/6698/2 4356/6703/2 4357/6704/2 4358/6705/2
f 4356/6703/2 4355/6702/2 4359/6706/2 4357/6704/2
f 4357/6704/2 4359/6706/2 4360/6707/2 4361/6708/2
f 4358/6705/2 4357/6704/2 4361/6708/2 4362/6709/2
f 4339/6686/2 4352/6699/2 4363/6710/2 4343/6690/2
f 4352/6699/2 4351/6698/2 4358/6705/2 4363/6710/2
f 4363/6710/2 4358/6705/2 4362/6709/2 4364/6711/2
f 4343/6690/2 4363/6710/2 4364/6711/2 4344/6691/2
f 4236/6591/2 4256/6611/2 4365/6712/2 4354/6701/2
f 4256/6611/2 4254/6609/2 4366/6713/2 4365/6712/2
f 4365/6712/2 4366/6713/2 4367/6714/2 4368/6715/2
f 4354/6701/2 4365/6712/2 4368/6715/2 4355/6702/2
f 4254/6609/2 4253/6608/2 4369/6716/2 4366/6713/2
f 4253/6608/2 4252/6607/2 4370/6717/2 4369/6716/2
f 4369/6716/2 4370/6717/2 4371/6718/2 4372/6719/2
f 4366/6713/2 4369/6716/2 4372/6719/2 4367/6714/2
f 4367/6714/2 4372/6719/2 4373/6720/2 4374/6721/2
f 4372/6719/2 4371/6718/2 4375/6722/2 4373/6720/2
f 4373/6720/2 4375/6722/2 4376/6723/2 4377/6724/2
f 4374/6721/2 4373/6720/2 4377/6724/2 4378/6725/2
f 4355/6702/2 4368/6715/2 4379/6726/2 4359/6706/2
f 4368/6715/2 4367/6714/2 4374/6721/2 4379/6726/2
f 4379/6726/2 4374/6721/2 4378/6725/2 4380/6727/2
f 4359/6706/2 4379/6726/2 4380/6727/2 4360/6707/2
f 4252/6607/2 4272/6627/2 4381/6728/2 4370/6717/2
f 4272/6627/2 4270/6625/2 4382/6729/2 4381/6728/2
f 4381/6728/2 4382/6729/2 4383/6730/2 4384/6731/2
f 4370/6717/2 4381/6728/2 4384/6731/2 4371/6718/2
f 4270/6625/2 4269/6624/2 4385/6732/2 4382/6729/2
f 4269/6624/2 4268/6623/2 4386/6733/2 4385/6732/2
f 4385/6732/2 4386/6733/2 4387/6734/2 4388/6735/2
f 4382/6729/2 4385/6732/2 4388/6735/2 4383/6730/2
f 4383/6730/2 4388/6735/2 4389/6736/2 4390/6737/2
f 4388/6735/2 4387/6734/2 4391/6738/2 4389/6736/2
f 4389/6736/2 4391/6738/2 4392/6739/2 4393/6740/2
f 4390/6737/2 4389/6736/2 4393/6740/2 4394/6741/2
f 4371/6718/2 4384/6731/2 4395/6742/2 4375/6722/2
f 4384/6731/2 4383/6730/2 4390/6737/2 4395/6742/2
f 4395/6742/2 4390/6737/2 4394/6741/2 4396/6743/2
f 4375/6722/2 4395/6742/2 4396/6743/2 4376/6723/2
f 4268/6623/2 4284/6635/2 4397/6744/2 4386/6733/2
f 4284/6635/2 4282/6633/2 4398/6745/2 4397/6744/2
f 4397/6744/2 4398/6745/2 4399/6746/2 4400/6747/2
f 4386/6733/2 4397/6744/2 4400/6747/2 4387/6734/2
f 4282/6633/2 4281/188/2 4401/191/2 4398/6745/2
f 6784/1772/12 6782/1775/12 6067/2500/53 6311/2507/53
f 2664/187/3 2668/186/3 6312/2514/54 6068/2509/54
f 4398/6745/2 4401/191/2 4402/2961/2 4399/6746/2
f 4399/6746/2 4402/2961/2 4403/192/2 4404/6748/2
f 6786/1757/12 6784/1772/12 6311/2507/53 5911/2512/53
f 2668/186/3 2666/199/3 5912/2515/54 6312/2514/54
f 4404/6748/2 4403/192/2 4405/195/2 4406/6749/2
f 4387/6734/2 4400/6747/2 4407/6750/2 4391/6738/2
f 4400/6747/2 4399/6746/2 4404/6748/2 4407/6750/2
f 4407/6750/2 4404/6748/2 4406/6749/2 4408/6751/2
f 4391/6738/2 4407/6750/2 4408/6751/2 4392/6739/2
f 6777/1767/14 6787/1764/14 6313/2520/55 5883/2503/55
f 4300/2960/2 4298/6647/2 4410/6752/2 4409/2962/2
f 4409/2962/2 4410/6752/2 4411/6753/2 4412/2963/2
f 5884/2490/35 6314/2517/35 2673/203/3 2587/202/3
f 4298/6647/2 4297/6646/2 4413/6754/2 4410/6752/2
f 4297/6646/2 4296/6645/2 4414/6755/2 4413/6754/2
f 4413/6754/2 4414/6755/2 4415/6756/2 4416/6757/2
f 4410/6752/2 4413/6754/2 4416/6757/2 4411/6753/2
f 4411/6753/2 4416/6757/2 4417/6758/2 4418/6759/2
f 4416/6757/2 4415/6756/2 4419/6760/2 4417/6758/2
f 4417/6758/2 4419/6760/2 4420/6761/2 4421/6762/2
f 4418/6759/2 4417/6758/2 4421/6762/2 4422/6763/2
f 6787/1764/14 6789/1761/14 6069/2523/55 6313/2520/55
f 4412/2963/2 4411/6753/2 4418/6759/2 4423/2964/2
f 4423/2964/2 4418/6759/2 4422/6763/2 4424/367/2
f 6314/2517/35 6070/2522/35 2672/208/3 2673/203/3
f 4296/6645/2 4316/6663/2 4425/6764/2 4414/6755/2
f 4316/6663/2 4314/6661/2 4426/6765/2 4425/6764/2
f 4425/6764/2 4426/6765/2 4427/6766/2 4428/6767/2
f 4414/6755/2 4425/6764/2 4428/6767/2 4415/6756/2
f 4314/6661/2 4313/6660/2 4429/6768/2 4426/6765/2
f 4313/6660/2 4312/6659/2 4430/6769/2 4429/6768/2
f 4429/6768/2 4430/6769/2 4431/6770/2 4432/6771/2
f 4426/6765/2 4429/6768/2 4432/6771/2 4427/6766/2
f 4427/6766/2 4432/6771/2 4433/6772/2 4434/6773/2
f 4432/6771/2 4431/6770/2 4435/6774/2 4433/6772/2
f 4433/6772/2 4435/6774/2 4436/6775/2 4437/6776/2
f 4434/6773/2 4433/6772/2 4437/6776/2 4438/6777/2
f 4415/6756/2 4428/6767/2 4439/6778/2 4419/6760/2
f 4428/6767/2 4427/6766/2 4434/6773/2 4439/6778/2
f 4439/6778/2 4434/6773/2 4438/6777/2 4440/6779/2
f 4419/6760/2 4439/6778/2 4440/6779/2 4420/6761/2
f 4312/6659/2 4332/6679/2 4441/6780/2 4430/6769/2
f 4332/6679/2 4330/6677/2 4442/6781/2 4441/6780/2
f 4441/6780/2 4442/6781/2 4443/6782/2 4444/6783/2
f 4430/6769/2 4441/6780/2 4444/6783/2 4431/6770/2
f 4330/6677/2 4329/6676/2 4445/6784/2 4442/6781/2
f 4329/6676/2 4328/6675/2 4446/6785/2 4445/6784/2
f 4445/6784/2 4446/6785/2 4447/6786/2 4448/6787/2
f 4442/6781/2 4445/6784/2 4448/6787/2 4443/6782/2
f 4443/6782/2 4448/6787/2 4449/6788/2 4450/6789/2
f 4448/6787/2 4447/6786/2 4451/6790/2 4449/6788/2
f 4449/6788/2 4451/6790/2 4452/6791/2 4453/6792/2
f 4450/6789/2 4449/6788/2 4453/6792/2 4454/6793/2
f 4431/6770/2 4444/6783/2 4455/6794/2 4435/6774/2
f 4444/6783/2 4443/6782/2 4450/6789/2 4455/6794/2
f 4455/6794/2 4450/6789/2 4454/6793/2 4456/6795/2
f 4435/6774/2 4455/6794/2 4456/6795/2 4436/6775/2
f 4328/6675/2 4348/6695/2 4457/6796/2 4446/6785/2
f 4348/6695/2 4346/6693/2 4458/6797/2 4457/6796/2
f 4457/6796/2 4458/6797/2 4459/6798/2 4460/6799/2
f 4446/6785/2 4457/6796/2 4460/6799/2 4447/6786/2
f 4346/6693/2 4345/6692/2 4461/6800/2 4458/6797/2
f 4345/6692/2 4344/6691/2 4462/6801/2 4461/6800/2
f 4461/6800/2 4462/6801/2 4463/6802/2 4464/6803/2
f 4458/6797/2 4461/6800/2 4464/6803/2 4459/6798/2
f 4459/6798/2 4464/6803/2 4465/6804/2 4466/6805/2
f 4464/6803/2 4463/6802/2 4467/6806/2 4465/6804/2
f 4465/6804/2 4467/6806/2 4468/6807/2 4469/6808/2
f 4466/6805/2 4465/6804/2 4469/6808/2 4470/6809/2
f 4447/6786/2 4460/6799/2 4471/6810/2 4451/6790/2
f 4460/6799/2 4459/6798/2 4466/6805/2 4471/6810/2
f 4471/6810/2 4466/6805/2 4470/6809/2 4472/6811/2
f 4451/6790/2 4471/6810/2 4472/6811/2 4452/6791/2
f 4344/6691/2 4364/6711/2 4473/6812/2 4462/6801/2
f 4364/6711/2 4362/6709/2 4474/6813/2 4473/6812/2
f 4473/6812/2 4474/6813/2 4475/6814/2 4476/6815/2
f 4462/6801/2 4473/6812/2 4476/6815/2 4463/6802/2
f 4362/6709/2 4361/6708/2 4477/6816/2 4474/6813/2
f 4361/6708/2 4360/6707/2 4478/6817/2 4477/6816/2
f 4477/6816/2 4478/6817/2 4479/6818/2 4480/6819/2
f 4474/6813/2 4477/6816/2 4480/6819/2 4475/6814/2
f 4475/6814/2 4480/6819/2 4481/6820/2 4482/6821/2
f 4480/6819/2 4479/6818/2 4483/6822/2 4481/6820/2
f 4481/6820/2 4483/6822/2 4484/6823/2 4485/6824/2
f 4482/6821/2 4481/6820/2 4485/6824/2 4486/6825/2
f 4463/6802/2 4476/6815/2 4487/6826/2 4467/6806/2
f 4476/6815/2 4475/6814/2 4482/6821/2 4487/6826/2
f 4487/6826/2 4482/6821/2 4486/6825/2 4488/6827/2
f 4467/6806/2 4487/6826/2 4488/6827/2 4468/6807/2
f 4360/6707/2 4380/6727/2 4489/6828/2 4478/6817/2
f 4380/6727/2 4378/6725/2 4490/6829/2 4489/6828/2
f 4489/6828/2 4490/6829/2 4491/6830/2 4492/6831/2
f 4478/6817/2 4489/6828/2 4492/6831/2 4479/6818/2
f 4378/6725/2 4377/6724/2 4493/6832/2 4490/6829/2
f 4377/6724/2 4376/6723/2 4494/6833/2 4493/6832/2
f 4493/6832/2 4494/6833/2 4495/6834/2 4496/6835/2
f 4490/6829/2 4493/6832/2 4496/6835/2 4491/6830/2
f 4491/6830/2 4496/6835/2 4497/6836/2 4498/6837/2
f 4496/6835/2 4495/6834/2 4499/6838/2 4497/6836/2
f 4497/6836/2 4499/6838/2 4500/6839/2 4501/6840/2
f 4498/6837/2 4497/6836/2 4501/6840/2 4502/6841/2
f 4479/6818/2 4492/6831/2 4503/6842/2 4483/6822/2
f 4492/6831/2 4491/6830/2 4498/6837/2 4503/6842/2
f 4503/6842/2 4498/6837/2 4502/6841/2 4504/6843/2
f 4483/6822/2 4503/6842/2 4504/6843/2 4484/6823/2
f 4376/6723/2 4396/6743/2 4505/6844/2 4494/6833/2
f 4396/6743/2 4394/6741/2 4506/6845/2 4505/6844/2
f 4505/6844/2 4506/6845/2 4507/6846/2 4508/6847/2
f 4494/6833/2 4505/6844/2 4508/6847/2 4495/6834/2
f 4394/6741/2 4393/6740/2 4509/6848/2 4506/6845/2
f 4393/6740/2 4392/6739/2 4510/6849/2 4509/6848/2
f 4509/6848/2 4510/6849/2 4511/6850/2 4512/6851/2
f 4506/6845/2 4509/6848/2 4512/6851/2 4507/6846/2
f 4507/6846/2 4512/6851/2 4513/6852/2 4514/6853/2
f 4512/6851/2 4511/6850/2 4515/6854/2 4513/6852/2
f 4513/6852/2 4515/6854/2 4516/6855/2 4517/6856/2
f 4514/6853/2 4513/6852/2 4517/6856/2 4518/6857/2
f 4495/6834/2 4508/6847/2 4519/6858/2 4499/6838/2
f 4508/6847/2 4507/6846/2 4514/6853/2 4519/6858/2
f 4519/6858/2 4514/6853/2 4518/6857/2 4520/6859/2
f 4499/6838/2 4519/6858/2 4520/6859/2 4500/6839/2
f 4392/6739/2 4408/6751/2 4521/6860/2 4510/6849/2
f 4408/6751/2 4406/6749/2 4522/6861/2 4521/6860/2
f 4521/6860/2 4522/6861/2 4523/6862/2 4524/6863/2
f 4510/6849/2 4521/6860/2 4524/6863/2 4511/6850/2
f 4406/6749/2 4405/195/2 4525/216/2 4522/6861/2
f 6789/1761/14 6791/1758/14 6315/2526/55 6069/2523/55
f 6070/2522/35 6316/2527/35 2682/2965/3 2672/208/3
f 4522/6861/2 4525/216/2 4526/220/2 4523/6862/2
f 4523/6862/2 4526/220/2 4527/222/2 4528/6864/2
f 6791/1758/14 6793/1743/14 5885/2529/55 6315/2526/55
f 6316/2527/35 5886/2534/35 2681/400/3 2682/2965/3
f 4528/6864/2 4527/222/2 4529/228/2 4530/6865/2
f 4511/6850/2 4524/6863/2 4531/6866/2 4515/6854/2
f 4524/6863/2 4523/6862/2 4528/6864/2 4531/6866/2
f 4531/6866/2 4528/6864/2 4530/6865/2 4532/6867/2
f 4515/6854/2 4531/6866/2 4532/6867/2 4516/6855/2
f 6796/1754/12 6786/1757/12 5911/2512/53 6317/2531/53
f 4424/367/2 4422/6763/2 4534/6868/2 4533/332/2
f 4533/332/2 4534/6868/2 4535/6869/2 4536/333/2
f 2666/199/3 2759/365/3 6318/2538/54 5912/2515/54
f 4422/6763/2 4421/6762/2 4537/6870/2 4534/6868/2
f 4421/6762/2 4420/6761/2 4538/6871/2 4537/6870/2
f 4537/6870/2 4538/6871/2 4539/6872/2 4540/6873/2
f 4534/6868/2 4537/6870/2 4540/6873/2 4535/6869/2
f 4535/6869/2 4540/6873/2 4541/6874/2 4542/6875/2
f 4540/6873/2 4539/6872/2 4543/6876/2 4541/6874/2
f 4541/6874/2 4543/6876/2 4544/6877/2 4545/6878/2
f 4542/6875/2 4541/6874/2 4545/6878/2 4546/6879/2
f 6798/1751/12 6796/1754/12 6317/2531/53 6071/2536/53
f 4536/333/2 4535/6869/2 4542/6875/2 4547/337/2
f 4547/337/2 4542/6875/2 4546/6879/2 4548/338/2
f 2759/365/3 2758/375/3 6072/2541/54 6318/2538/54
f 4420/6761/2 4440/6779/2 4549/6880/2 4538/6871/2
f 4440/6779/2 4438/6777/2 4550/6881/2 4549/6880/2
f 4549/6880/2 4550/6881/2 4551/6882/2 4552/6883/2
f 4538/6871/2 4549/6880/2 4552/6883/2 4539/6872/2
f 4438/6777/2 4437/6776/2 4553/6884/2 4550/6881/2
f 4437/6776/2 4436/6775/2 4554/6885/2 4553/6884/2
f 4553/6884/2 4554/6885/2 4555/6886/2 4556/6887/2
f 4550/6881/2 4553/6884/2 4556/6887/2 4551/6882/2
f 4551/6882/2 4556/6887/2 4557/6888/2 4558/6889/2
f 4556/6887/2 4555/6886/2 4559/6890/2 4557/6888/2
f 4557/6888/2 4559/6890/2 4560/6891/2 4561/6892/2
f 4558/6889/2 4557/6888/2 4561/6892/2 4562/6893/2
f 4539/6872/2 4552/6883/2 4563/6894/2 4543/6876/2
f 4552/6883/2 4551/6882/2 4558/6889/2 4563/6894/2
f 4563/6894/2 4558/6889/2 4562/6893/2 4564/6895/2
f 4543/6876/2 4563/6894/2 4564/6895/2 4544/6877/2
f 4436/6775/2 4456/6795/2 4565/6896/2 4554/6885/2
f 4456/6795/2 4454/6793/2 4566/6897/2 4565/6896/2
f 4565/6896/2 4566/6897/2 4567/6898/2 4568/6899/2
f 4554/6885/2 4565/6896/2 4568/6899/2 4555/6886/2
f 4454/6793/2 4453/6792/2 4569/6900/2 4566/6897/2
f 4453/6792/2 4452/6791/2 4570/6901/2 4569/6900/2
f 4569/6900/2 4570/6901/2 4571/6902/2 4572/6903/2
f 4566/6897/2 4569/6900/2 4572/6903/2 4567/6898/2
f 4567/6898/2 4572/6903/2 4573/6904/2 4574/6905/2
f 4572/6903/2 4571/6902/2 4575/6906/2 4573/6904/2
f 4573/6904/2 4575/6906/2 4576/6907/2 4577/6908/2
f 4574/6905/2 4573/6904/2 4577/6908/2 4578/6909/2
f 4555/6886/2 4568/6899/2 4579/6910/2 4559/6890/2
f 4568/6899/2 4567/6898/2 4574/6905/2 4579/6910/2
f 4579/6910/2 4574/6905/2 4578/6909/2 4580/6911/2
f 4559/6890/2 4579/6910/2 4580/6911/2 4560/6891/2
f 4452/6791/2 4472/6811/2 4581/6912/2 4570/6901/2
f 4472/6811/2 4470/6809/2 4582/6913/2 4581/6912/2
f 4581/6912/2 4582/6913/2 4583/6914/2 4584/6915/2
f 4570/6901/2 4581/6912/2 4584/6915/2 4571/6902/2
f 4470/6809/2 4469/6808/2 4585/6916/2 4582/6913/2
f 4469/6808/2 4468/6807/2 4586/6917/2 4585/6916/2
f 4585/6916/2 4586/6917/2 4587/6918/2 4588/6919/2
f 4582/6913/2 4585/6916/2 4588/6919/2 4583/6914/2
f 4583/6914/2 4588/6919/2 4589/6920/2 4590/6921/2
f 4588/6919/2 4587/6918/2 4591/6922/2 4589/6920/2
f 4589/6920/2 4591/6922/2 4592/6923/2 4593/6924/2
f 4590/6921/2 4589/6920/2 4593/6924/2 4594/6925/2
f 4571/6902/2 4584/6915/2 4595/6926/2 4575/6906/2
f 4584/6915/2 4583/6914/2 4590/6921/2 4595/6926/2
f 4595/6926/2 4590/6921/2 4594/6925/2 4596/6927/2
f 4575/6906/2 4595/6926/2 4596/6927/2 4576/6907/2
f 4468/6807/2 4488/6827/2 4597/6928/2 4586/6917/2
f 4488/6827/2 4486/6825/2 4598/6929/2 4597/6928/2
f 4597/6928/2 4598/6929/2 4599/6930/2 4600/6931/2
f 4586/6917/2 4597/6928/2 4600/6931/2 4587/6918/2
f 4486/6825/2 4485/6824/2 4601/6932/2 4598/6929/2
f 4485/6824/2 4484/6823/2 4602/6933/2 4601/6932/2
f 4601/6932/2 4602/6933/2 4603/6934/2 4604/6935/2
f 4598/6929/2 4601/6932/2 4604/6935/2 4599/6930/2
f 4599/6930/2 4604/6935/2 4605/6936/2 4606/6937/2
f 4604/6935/2 4603/6934/2 4607/6938/2 4605/6936/2
f 4605/6936/2 4607/6938/2 4608/6939/2 4609/6940/2
f 4606/6937/2 4605/6936/2 4609/6940/2 4610/6941/2
f 4587/6918/2 4600/6931/2 4611/6942/2 4591/6922/2
f 4600/6931/2 4599/6930/2 4606/6937/2 4611/6942/2
f 4611/6942/2 4606/6937/2 4610/6941/2 4612/6943/2
f 4591/6922/2 4611/6942/2 4612/6943/2 4592/6923/2
f 4484/6823/2 4504/6843/2 4613/6944/2 4602/6933/2
f 4504/6843/2 4502/6841/2 4614/6945/2 4613/6944/2
f 4613/6944/2 4614/6945/2 4615/6946/2 4616/6947/2
f 4602/6933/2 4613/6944/2 4616/6947/2 4603/6934/2
f 4502/6841/2 4501/6840/2 4617/6948/2 4614/6945/2
f 4501/6840/2 4500/6839/2 4618/6949/2 4617/6948/2
f 4617/6948/2 4618/6949/2 4619/6950/2 4620/6951/2
f 4614/6945/2 4617/6948/2 4620/6951/2 4615/6946/2
f 4615/6946/2 4620/6951/2 4621/6952/2 4622/6953/2
f 4620/6951/2 4619/6950/2 4623/6954/2 4621/6952/2
f 4621/6952/2 4623/6954/2 4624/6955/2 4625/6956/2
f 4622/6953/2 4621/6952/2 4625/6956/2 4626/6957/2
f 4603/6934/2 4616/6947/2 4627/6958/2 4607/6938/2
f 4616/6947/2 4615/6946/2 4622/6953/2 4627/6958/2
f 4627/6958/2 4622/6953/2 4626/6957/2 4628/6959/2
f 4607/6938/2 4627/6958/2 4628/6959/2 4608/6939/2
f 4500/6839/2 4520/6859/2 4629/6960/2 4618/6949/2
f 4520/6859/2 4518/6857/2 4630/6961/2 4629/6960/2
f 4629/6960/2 4630/6961/2 4631/6962/2 4632/6963/2
f 4618/6949/2 4629/6960/2 4632/6963/2 4619/6950/2
f 4518/6857/2 4517/6856/2 4633/6964/2 4630/6961/2
f 4517/6856/2 4516/6855/2 4634/6965/2 4633/6964/2
f 4633/6964/2 4634/6965/2 4635/6966/2 4636/6967/2
f 4630/6961/2 4633/6964/2 4636/6967/2 4631/6962/2
f 4631/6962/2 4636/6967/2 4637/6968/2 4638/6969/2
f 4636/6967/2 4635/6966/2 4639/6970/2 4637/6968/2
f 4637/6968/2 4639/6970/2 4640/6971/2 4641/6972/2
f 4638/6969/2 4637/6968/2 4641/6972/2 4642/6973/2
f 4619/6950/2 4632/6963/2 4643/6974/2 4623/6954/2
f 4632/6963/2 4631/6962/2 4638/6969/2 4643/6974/2
f 4643/6974/2 4638/6969/2 4642/6973/2 4644/6975/2
f 4623/6954/2 4643/6974/2 4644/6975/2 4624/6955/2
f 4516/6855/2 4532/6867/2 4645/6976/2 4634/6965/2
f 4532/6867/2 4530/6865/2 4646/6977/2 4645/6976/2
f 4645/6976/2 4646/6977/2 4647/6978/2 4648/6979/2
f 4634/6965/2 4645/6976/2 4648/6979/2 4635/6966/2
f 4530/6865/2 4529/228/2 4649/341/2 4646/6977/2
f 6800/1748/12 6798/1751/12 6071/2536/53 6319/2546/53
f 2758/375/3 2762/382/3 6320/2542/54 6072/2541/54
f 4646/6977/2 4649/341/2 4650/344/2 4647/6978/2
f 4647/6978/2 4650/344/2 4651/345/2 4652/6980/2
f 6802/1733/12 6800/1748/12 6319/2546/53 5909/2551/53
f 2762/382/3 2760/387/3 5910/2543/54 6320/2542/54
f 4652/6980/2 4651/345/2 4653/348/2 4654/6981/2
f 4635/6966/2 4648/6979/2 4655/6982/2 4639/6970/2
f 4648/6979/2 4647/6978/2 4652/6980/2 4655/6982/2
f 4655/6982/2 4652/6980/2 4654/6981/2 4656/6983/2
f 4639/6970/2 4655/6982/2 4656/6983/2 4640/6971/2
f 6793/1743/14 6803/1740/14 6321/2558/55 5885/2529/55
f 4548/338/2 4546/6879/2 4658/6984/2 4657/354/2
f 4657/354/2 4658/6984/2 4659/6985/2 4660/356/2
f 5886/2534/35 6322/2548/35 2767/401/3 2681/400/3
f 4546/6879/2 4545/6878/2 4661/6986/2 4658/6984/2
f 4545/6878/2 4544/6877/2 4662/6987/2 4661/6986/2
f 4661/6986/2 4662/6987/2 4663/6988/2 4664/6989/2
f 4658/6984/2 4661/6986/2 4664/6989/2 4659/6985/2
f 4659/6985/2 4664/6989/2 4665/6990/2 4666/6991/2
f 4664/6989/2 4663/6988/2 4667/6992/2 4665/6990/2
f 4665/6990/2 4667/6992/2 4668/6993/2 4669/6994/2
f 4666/6991/2 4665/6990/2 4669/6994/2 4670/6995/2
f 6803/1740/14 6805/1737/14 6073/2562/55 6321/2558/55
f 4660/356/2 4659/6985/2 4666/6991/2 4671/359/2
f 4671/359/2 4666/6991/2 4670/6995/2 4672/360/2
f 6322/2548/35 6074/2556/35 2766/408/3 2767/401/3
f 4544/6877/2 4564/6895/2 4673/6996/2 4662/6987/2
f 4564/6895/2 4562/6893/2 4674/6997/2 4673/6996/2
f 4673/6996/2 4674/6997/2 4675/6998/2 4676/6999/2
f 4662/6987/2 4673/6996/2 4676/6999/2 4663/6988/2
f 4562/6893/2 4561/6892/2 4677/7000/2 4674/6997/2
f 4561/6892/2 4560/6891/2 4678/7001/2 4677/7000/2
f 4677/7000/2 4678/7001/2 4679/7002/2 4680/7003/2
f 4674/6997/2 4677/7000/2 4680/7003/2 4675/6998/2
f 4675/6998/2 4680/7003/2 4681/7004/2 4682/7005/2
f 4680/7003/2 4679/7002/2 4683/7006/2 4681/7004/2
f 4681/7004/2 4683/7006/2 4684/7007/2 4685/7008/2
f 4682/7005/2 4681/7004/2 4685/7008/2 4686/7009/2
f 4663/6988/2 4676/6999/2 4687/7010/2 4667/6992/2
f 4676/6999/2 4675/6998/2 4682/7005/2 4687/7010/2
f 4687/7010/2 4682/7005/2 4686/7009/2 4688/7011/2
f 4667/6992/2 4687/7010/2 4688/7011/2 4668/6993/2
f 4560/6891/2 4580/6911/2 4689/7012/2 4678/7001/2
f 4580/6911/2 4578/6909/2 4690/7013/2 4689/7012/2
f 4689/7012/2 4690/7013/2 4691/7014/2 4692/7015/2
f 4678/7001/2 4689/7012/2 4692/7015/2 4679/7002/2
f 4578/6909/2 4577/6908/2 4693/7016/2 4690/7013/2
f 4577/6908/2 4576/6907/2 4694/7017/2 4693/7016/2
f 4693/7016/2 4694/7017/2 4695/7018/2 4696/7019/2
f 4690/7013/2 4693/7016/2 4696/7019/2 4691/7014/2
f 4691/7014/2 4696/7019/2 4697/7020/2 4698/7021/2
f 4696/7019/2 4695/7018/2 4699/7022/2 4697/7020/2
f 4697/7020/2 4699/7022/2 4700/7023/2 4701/7024/2
f 4698/7021/2 4697/7020/2 4701/7024/2 4702/7025/2
f 4679/7002/2 4692/7015/2 4703/7026/2 4683/7006/2
f 4692/7015/2 4691/7014/2 4698/7021/2 4703/7026/2
f 4703/7026/2 4698/7021/2 4702/7025/2 4704/7027/2
f 4683/7006/2 4703/7026/2 4704/7027/2 4684/7007/2
f 4576/6907/2 4596/6927/2 4705/7028/2 4694/7017/2
f 4596/6927/2 4594/6925/2 4706/7029/2 4705/7028/2
f 4705/7028/2 4706/7029/2 4707/7030/2 4708/7031/2
f 4694/7017/2 4705/7028/2 4708/7031/2 4695/7018/2
f 4594/6925/2 4593/6924/2 4709/7032/2 4706/7029/2
f 4593/6924/2 4592/6923/2 4710/7033/2 4709/7032/2
f 4709/7032/2 4710/7033/2 4711/7034/2 4712/7035/2
f 4706/7029/2 4709/7032/2 4712/7035/2 4707/7030/2
f 4707/7030/2 4712/7035/2 4713/7036/2 4714/7037/2
f 4712/7035/2 4711/7034/2 4715/7038/2 4713/7036/2
f 4713/7036/2 4715/7038/2 4716/7039/2 4717/7040/2
f 4714/7037/2 4713/7036/2 4717/7040/2 4718/7041/2
f 4695/7018/2 4708/7031/2 4719/7042/2 4699/7022/2
f 4708/7031/2 4707/7030/2 4714/7037/2 4719/7042/2
f 4719/7042/2 4714/7037/2 4718/7041/2 4720/7043/2
f 4699/7022/2 4719/7042/2 4720/7043/2 4700/7023/2
f 4592/6923/2 4612/6943/2 4721/7044/2 4710/7033/2
f 4612/6943/2 4610/6941/2 4722/7045/2 4721/7044/2
f 4721/7044/2 4722/7045/2 4723/7046/2 4724/7047/2
f 4710/7033/2 4721/7044/2 4724/7047/2 4711/7034/2
f 4610/6941/2 4609/6940/2 4725/7048/2 4722/7045/2
f 4609/6940/2 4608/6939/2 4726/7049/2 4725/7048/2
f 4725/7048/2 4726/7049/2 4727/7050/2 4728/7051/2
f 4722/7045/2 4725/7048/2 4728/7051/2 4723/7046/2
f 4723/7046/2 4728/7051/2 4729/7052/2 4730/7053/2
f 4728/7051/2 4727/7050/2 4731/7054/2 4729/7052/2
f 4729/7052/2 4731/7054/2 4732/7055/2 4733/7056/2
f 4730/7053/2 4729/7052/2 4733/7056/2 4734/7057/2
f 4711/7034/2 4724/7047/2 4735/7058/2 4715/7038/2
f 4724/7047/2 4723/7046/2 4730/7053/2 4735/7058/2
f 4735/7058/2 4730/7053/2 4734/7057/2 4736/7059/2
f 4715/7038/2 4735/7058/2 4736/7059/2 4716/7039/2
f 4608/6939/2 4628/6959/2 4737/7060/2 4726/7049/2
f 4628/6959/2 4626/6957/2 4738/7061/2 4737/7060/2
f 4737/7060/2 4738/7061/2 4739/7062/2 4740/7063/2
f 4726/7049/2 4737/7060/2 4740/7063/2 4727/7050/2
f 4626/6957/2 4625/6956/2 4741/7064/2 4738/7061/2
f 4625/6956/2 4624/6955/2 4742/7065/2 4741/7064/2
f 4741/7064/2 4742/7065/2 4743/7066/2 4744/7067/2
f 4738/7061/2 4741/7064/2 4744/7067/2 4739/7062/2
f 4739/7062/2 4744/7067/2 4745/7068/2 4746/7069/2
f 4744/7067/2 4743/7066/2 4747/7070/2 4745/7068/2
f 4745/7068/2 4747/7070/2 4748/7071/2 4749/7072/2
f 4746/7069/2 4745/7068/2 4749/7072/2 4750/7073/2
f 4727/7050/2 4740/7063/2 4751/7074/2 4731/7054/2
f 4740/7063/2 4739/7062/2 4746/7069/2 4751/7074/2
f 4751/7074/2 4746/7069/2 4750/7073/2 4752/7075/2
f 4731/7054/2 4751/7074/2 4752/7075/2 4732/7055/2
f 4624/6955/2 4644/6975/2 4753/7076/2 4742/7065/2
f 4644/6975/2 4642/6973/2 4754/7077/2 4753/7076/2
f 4753/7076/2 4754/7077/2 4755/7078/2 4756/7079/2
f 4742/7065/2 4753/7076/2 4756/7079/2 4743/7066/2
f 4642/6973/2 4641/6972/2 4757/7080/2 4754/7077/2
f 4641/6972/2 4640/6971/2 4758/7081/2 4757/7080/2
f 4757/7080/2 4758/7081/2 4759/7082/2 4760/7083/2
f 4754/7077/2 4757/7080/2 4760/7083/2 4755/7078/2
f 4755/7078/2 4760/7083/2 4761/7084/2 4762/7085/2
f 4760/7083/2 4759/7082/2 4763/7086/2 4761/7084/2
f 4761/7084/2 4763/7086/2 4764/7087/2 4765/7088/2
f 4762/7085/2 4761/7084/2 4765/7088/2 4766/7089/2
f 4743/7066/2 4756/7079/2 4767/7090/2 4747/7070/2
f 4756/7079/2 4755/7078/2 4762/7085/2 4767/7090/2
f 4767/7090/2 4762/7085/2 4766/7089/2 4768/7091/2
f 4747/7070/2 4767/7090/2 4768/7091/2 4748/7071/2
f 4640/6971/2 4656/6983/2 4769/7092/2 4758/7081/2
f 4656/6983/2 4654/6981/2 4770/7093/2 4769/7092/2
f 4769/7092/2 4770/7093/2 4771/7094/2 4772/7095/2
f 4758/7081/2 4769/7092/2 4772/7095/2 4759/7082/2
f 4654/6981/2 4653/348/2 4773/428/2 4770/7093/2
f 6805/1737/14 6807/1734/14 6323/2570/55 6073/2562/55
f 6074/2556/35 6324/2560/35 2776/376/3 2766/408/3
f 4770/7093/2 4773/428/2 4774/435/2 4771/7094/2
f 4771/7094/2 4774/435/2 4775/378/2 4776/7096/2
f 6807/1734/14 6809/1719/14 5887/2573/55 6323/2570/55
f 6324/2560/35 5888/2568/35 2775/377/3 2776/376/3
f 4776/7096/2 4775/378/2 4777/381/2 4778/7097/2
f 4759/7082/2 4772/7095/2 4779/7098/2 4763/7086/2
f 4772/7095/2 4771/7094/2 4776/7096/2 4779/7098/2
f 4779/7098/2 4776/7096/2 4778/7097/2 4780/7099/2
f 4763/7086/2 4779/7098/2 4780/7099/2 4764/7087/2
f 6812/1730/12 6802/1733/12 5909/2551/53 6325/2580/53
f 4672/360/2 4670/6995/2 4782/7100/2 4781/455/2
f 4781/455/2 4782/7100/2 4783/7101/2 4784/458/2
f 2760/387/3 2831/463/3 6326/2576/54 5910/2543/54
f 4670/6995/2 4669/6994/2 4785/7102/2 4782/7100/2
f 4669/6994/2 4668/6993/2 4786/7103/2 4785/7102/2
f 4785/7102/2 4786/7103/2 4787/7104/2 4788/7105/2
f 4782/7100/2 4785/7102/2 4788/7105/2 4783/7101/2
f 4783/7101/2 4788/7105/2 4789/7106/2 4790/7107/2
f 4788/7105/2 4787/7104/2 4791/7108/2 4789/7106/2
f 4789/7106/2 4791/7108/2 4792/7109/2 4793/7110/2
f 4790/7107/2 4789/7106/2 4793/7110/2 4794/7111/2
f 6814/1727/12 6812/1730/12 6325/2580/53 6075/2586/53
f 4784/458/2 4783/7101/2 4790/7107/2 4795/459/2
f 4795/459/2 4790/7107/2 4794/7111/2 4796/1171/2
f 2831/463/3 2830/462/3 6076/2582/54 6326/2576/54
f 4668/6993/2 4688/7011/2 4797/7112/2 4786/7103/2
f 4688/7011/2 4686/7009/2 4798/7113/2 4797/7112/2
f 4797/7112/2 4798/7113/2 4799/7114/2 4800/7115/2
f 4786/7103/2 4797/7112/2 4800/7115/2 4787/7104/2
f 4686/7009/2 4685/7008/2 4801/7116/2 4798/7113/2
f 4685/7008/2 4684/7007/2 4802/7117/2 4801/7116/2
f 4801/7116/2 4802/7117/2 4803/7118/2 4804/7119/2
f 4798/7113/2 4801/7116/2 4804/7119/2 4799/7114/2
f 4799/7114/2 4804/7119/2 4805/7120/2 4806/7121/2
f 4804/7119/2 4803/7118/2 4807/7122/2 4805/7120/2
f 4805/7120/2 4807/7122/2 4808/7123/2 4809/7124/2
f 4806/7121/2 4805/7120/2 4809/7124/2 4810/7125/2
f 4787/7104/2 4800/7115/2 4811/7126/2 4791/7108/2
f 4800/7115/2 4799/7114/2 4806/7121/2 4811/7126/2
f 4811/7126/2 4806/7121/2 4810/7125/2 4812/7127/2
f 4791/7108/2 4811/7126/2 4812/7127/2 4792/7109/2
f 4684/7007/2 4704/7027/2 4813/7128/2 4802/7117/2
f 4704/7027/2 4702/7025/2 4814/7129/2 4813/7128/2
f 4813/7128/2 4814/7129/2 4815/7130/2 4816/7131/2
f 4802/7117/2 4813/7128/2 4816/7131/2 4803/7118/2
f 4702/7025/2 4701/7024/2 4817/7132/2 4814/7129/2
f 4701/7024/2 4700/7023/2 4818/7133/2 4817/7132/2
f 4817/7132/2 4818/7133/2 4819/7134/2 4820/7135/2
f 4814/7129/2 4817/7132/2 4820/7135/2 4815/7130/2
f 4815/7130/2 4820/7135/2 4821/7136/2 4822/7137/2
f 4820/7135/2 4819/7134/2 4823/7138/2 4821/7136/2
f 4821/7136/2 4823/7138/2 4824/7139/2 4825/7140/2
f 4822/7137/2 4821/7136/2 4825/7140/2 4826/7141/2
f 4803/7118/2 4816/7131/2 4827/7142/2 4807/7122/2
f 4816/7131/2 4815/7130/2 4822/7137/2 4827/7142/2
f 4827/7142/2 4822/7137/2 4826/7141/2 4828/7143/2
f 4807/7122/2 4827/7142/2 4828/7143/2 4808/7123/2
f 4700/7023/2 4720/7043/2 4829/7144/2 4818/7133/2
f 4720/7043/2 4718/7041/2 4830/7145/2 4829/7144/2
f 4829/7144/2 4830/7145/2 4831/7146/2 4832/7147/2
f 4818/7133/2 4829/7144/2 4832/7147/2 4819/7134/2
f 4718/7041/2 4717/7040/2 4833/7148/2 4830/7145/2
f 4717/7040/2 4716/7039/2 4834/7149/2 4833/7148/2
f 4833/7148/2 4834/7149/2 4835/7150/2 4836/7151/2
f 4830/7145/2 4833/7148/2 4836/7151/2 4831/7146/2
f 4831/7146/2 4836/7151/2 4837/7152/2 4838/7153/2
f 4836/7151/2 4835/7150/2 4839/7154/2 4837/7152/2
f 4837/7152/2 4839/7154/2 4840/7155/2 4841/7156/2
f 4838/7153/2 4837/7152/2 4841/7156/2 4842/7157/2
f 4819/7134/2 4832/7147/2 4843/7158/2 4823/7138/2
f 4832/7147/2 4831/7146/2 4838/7153/2 4843/7158/2
f 4843/7158/2 4838/7153/2 4842/7157/2 4844/7159/2
f 4823/7138/2 4843/7158/2 4844/7159/2 4824/7139/2
f 4716/7039/2 4736/7059/2 4845/7160/2 4834/7149/2
f 4736/7059/2 4734/7057/2 4846/7161/2 4845/7160/2
f 4845/7160/2 4846/7161/2 4847/7162/2 4848/7163/2
f 4834/7149/2 4845/7160/2 4848/7163/2 4835/7150/2
f 4734/7057/2 4733/7056/2 4849/7164/2 4846/7161/2
f 4733/7056/2 4732/7055/2 4850/7165/2 4849/7164/2
f 4849/7164/2 4850/7165/2 4851/7166/2 4852/7167/2
f 4846/7161/2 4849/7164/2 4852/7167/2 4847/7162/2
f 4847/7162/2 4852/7167/2 4853/7168/2 4854/7169/2
f 4852/7167/2 4851/7166/2 4855/7170/2 4853/7168/2
f 4853/7168/2 4855/7170/2 4856/7171/2 4857/7172/2
f 4854/7169/2 4853/7168/2 4857/7172/2 4858/7173/2
f 4835/7150/2 4848/7163/2 4859/7174/2 4839/7154/2
f 4848/7163/2 4847/7162/2 4854/7169/2 4859/7174/2
f 4859/7174/2 4854/7169/2 4858/7173/2 4860/7175/2
f 4839/7154/2 4859/7174/2 4860/7175/2 4840/7155/2
f 4732/7055/2 4752/7075/2 4861/7176/2 4850/7165/2
f 4752/7075/2 4750/7073/2 4862/7177/2 4861/7176/2
f 4861/7176/2 4862/7177/2 4863/7178/2 4864/7179/2
f 4850/7165/2 4861/7176/2 4864/7179/2 4851/7166/2
f 4750/7073/2 4749/7072/2 4865/7180/2 4862/7177/2
f 4749/7072/2 4748/7071/2 4866/7181/2 4865/7180/2
f 4865/7180/2 4866/7181/2 4867/7182/2 4868/7183/2
f 4862/7177/2 4865/7180/2 4868/7183/2 4863/7178/2
f 4863/7178/2 4868/7183/2 4869/7184/2 4870/7185/2
f 4868/7183/2 4867/7182/2 4871/7186/2 4869/7184/2
f 4869/7184/2 4871/7186/2 4872/7187/2 4873/7188/2
f 4870/7185/2 4869/7184/2 4873/7188/2 4874/7189/2
f 4851/7166/2 4864/7179/2 4875/7190/2 4855/7170/2
f 4864/7179/2 4863/7178/2 4870/7185/2 4875/7190/2
f 4875/7190/2 4870/7185/2 4874/7189/2 4876/7191/2
f 4855/7170/2 4875/7190/2 4876/7191/2 4856/7171/2
f 4748/7071/2 4768/7091/2 4877/7192/2 4866/7181/2
f 4768/7091/2 4766/7089/2 4878/7193/2 4877/7192/2
f 4877/7192/2 4878/7193/2 4879/7194/2 4880/7195/2
f 4866/7181/2 4877/7192/2 4880/7195/2 4867/7182/2
f 4766/7089/2 4765/7088/2 4881/7196/2 4878/7193/2
f 4765/7088/2 4764/7087/2 4882/7197/2 4881/7196/2
f 4881/7196/2 4882/7197/2 4883/7198/2 4884/7199/2
f 4878/7193/2 4881/7196/2 4884/7199/2 4879/7194/2
f 4879/7194/2 4884/7199/2 4885/7200/2 4886/7201/2
f 4884/7199/2 4883/7198/2 4887/7202/2 4885/7200/2
f 4885/7200/2 4887/7202/2 4888/7203/2 4889/7204/2
f 4886/7201/2 4885/7200/2 4889/7204/2 4890/7205/2
f 4867/7182/2 4880/7195/2 4891/7206/2 4871/7186/2
f 4880/7195/2 4879/7194/2 4886/7201/2 4891/7206/2
f 4891/7206/2 4886/7201/2 4890/7205/2 4892/7207/2
f 4871/7186/2 4891/7206/2 4892/7207/2 4872/7187/2
f 4764/7087/2 4780/7099/2 4893/7208/2 4882/7197/2
f 4780/7099/2 4778/7097/2 4894/7209/2 4893/7208/2
f 4893/7208/2 4894/7209/2 4895/7210/2 4896/7211/2
f 4882/7197/2 4893/7208/2 4896/7211/2 4883/7198/2
f 4778/7097/2 4777/381/2 4897/464/2 4894/7209/2
f 6816/1724/12 6814/1727/12 6075/2586/53 6327/2589/53
f 2830/462/3 2834/1174/3 6328/2588/54 6076/2582/54
f 4894/7209/2 4897/464/2 4898/467/2 4895/7210/2
f 4895/7210/2 4898/467/2 4899/1182/2 4900/7212/2
f 6818/1650/12 6816/1724/12 6327/2589/53 5907/2595/53
f 2834/1174/3 2832/1192/3 5908/2591/54 6328/2588/54
f 4900/7212/2 4899/1182/2 4901/1190/2 4902/7213/2
f 4883/7198/2 4896/7211/2 4903/7214/2 4887/7202/2
f 4896/7211/2 4895/7210/2 4900/7212/2 4903/7214/2
f 4903/7214/2 4900/7212/2 4902/7213/2 4904/7215/2
f 4887/7202/2 4903/7214/2 4904/7215/2 4888/7203/2
f 6809/1719/14 6819/1716/158 6329/2597/179 5887/2573/55
f 4796/1171/2 4794/7111/2 4906/7216/2 4905/1200/2
f 4905/1200/2 4906/7216/2 4907/7217/2 4908/1205/2
f 5888/2568/35 6330/2601/180 2839/1207/3 2775/377/3
f 4794/7111/2 4793/7110/2 4909/7218/2 4906/7216/2
f 4793/7110/2 4792/7109/2 4910/7219/2 4909/7218/2
f 4909/7218/2 4910/7219/2 4911/7220/2 4912/7221/2
f 4906/7216/2 4909/7218/2 4912/7221/2 4907/7217/2
f 4907/7217/2 4912/7221/2 4913/7222/2 4914/7223/2
f 4912/7221/2 4911/7220/2 4915/7224/2 4913/7222/2
f 4913/7222/2 4915/7224/2 4916/7225/2 4917/7226/2
f 4914/7223/2 4913/7222/2 4917/7226/2 4918/7227/2
f 6819/1716/158 6821/1710/154 6079/2603/181 6329/2597/179
f 4908/1205/2 4907/7217/2 4914/7223/2 4919/1215/2
f 4919/1215/2 4914/7223/2 4918/7227/2 4920/1221/2
f 2839/1207/3 6330/2601/180 6080/2607/183 2838/1213/3
f 4792/7109/2 4812/7127/2 4921/7228/2 4910/7219/2
f 4812/7127/2 4810/7125/2 4922/7229/2 4921/7228/2
f 4921/7228/2 4922/7229/2 4923/7230/2 4924/7231/2
f 4910/7219/2 4921/7228/2 4924/7231/2 4911/7220/2
f 4810/7125/2 4809/7124/2 4925/7232/2 4922/7229/2
f 4809/7124/2 4808/7123/2 4926/7233/2 4925/7232/2
f 4925/7232/2 4926/7233/2 4927/7234/2 4928/7235/2
f 4922/7229/2 4925/7232/2 4928/7235/2 4923/7230/2
f 4923/7230/2 4928/7235/2 4929/7236/2 4930/7237/2
f 4928/7235/2 4927/7234/2 4931/7238/2 4929/7236/2
f 4929/7236/2 4931/7238/2 4932/7239/2 4933/7240/2
f 4930/7237/2 4929/7236/2 4933/7240/2 4934/7241/2
f 4911/7220/2 4924/7231/2 4935/7242/2 4915/7224/2
f 4924/7231/2 4923/7230/2 4930/7237/2 4935/7242/2
f 4935/7242/2 4930/7237/2 4934/7241/2 4936/7243/2
f 4915/7224/2 4935/7242/2 4936/7243/2 4916/7225/2
f 4808/7123/2 4828/7143/2 4937/7244/2 4926/7233/2
f 4828/7143/2 4826/7141/2 4938/7245/2 4937/7244/2
f 4937/7244/2 4938/7245/2 4939/7246/2 4940/7247/2
f 4926/7233/2 4937/7244/2 4940/7247/2 4927/7234/2
f 4826/7141/2 4825/7140/2 4941/7248/2 4938/7245/2
f 4825/7140/2 4824/7139/2 4942/7249/2 4941/7248/2
f 4941/7248/2 4942/7249/2 4943/7250/2 4944/7251/2
f 4938/7245/2 4941/7248/2 4944/7251/2 4939/7246/2
f 4939/7246/2 4944/7251/2 4945/7252/2 4946/7253/2
f 4944/7251/2 4943/7250/2 4947/7254/2 4945/7252/2
f 4945/7252/2 4947/7254/2 4948/7255/2 4949/7256/2
f 4946/7253/2 4945/7252/2 4949/7256/2 4950/7257/2
f 4927/7234/2 4940/7247/2 4951/7258/2 4931/7238/2
f 4940/7247/2 4939/7246/2 4946/7253/2 4951/7258/2
f 4951/7258/2 4946/7253/2 4950/7257/2 4952/7259/2
f 4931/7238/2 4951/7258/2 4952/7259/2 4932/7239/2
f 4824/7139/2 4844/7159/2 4953/7260/2 4942/7249/2
f 4844/7159/2 4842/7157/2 4954/7261/2 4953/7260/2
f 4953/7260/2 4954/7261/2 4955/7262/2 4956/7263/2
f 4942/7249/2 4953/7260/2 4956/7263/2 4943/7250/2
f 4842/7157/2 4841/7156/2 4957/7264/2 4954/7261/2
f 4841/7156/2 4840/7155/2 4958/7265/2 4957/7264/2
f 4957/7264/2 4958/7265/2 4959/7266/2 4960/7267/2
f 4954/7261/2 4957/7264/2 4960/7267/2 4955/7262/2
f 4955/7262/2 4960/7267/2 4961/7268/2 4962/7269/2
f 4960/7267/2 4959/7266/2 4963/7270/2 4961/7268/2
f 4961/7268/2 4963/7270/2 4964/7271/2 4965/7272/2
f 4962/7269/2 4961/7268/2 4965/7272/2 4966/7273/2
f 4943/7250/2 4956/7263/2 4967/7274/2 4947/7254/2
f 4956/7263/2 4955/7262/2 4962/7269/2 4967/7274/2
f 4967/7274/2 4962/7269/2 4966/7273/2 4968/7275/2
f 4947/7254/2 4967/7274/2 4968/7275/2 4948/7255/2
f 4840/7155/2 4860/7175/2 4969/7276/2 4958/7265/2
f 4860/7175/2 4858/7173/2 4970/7277/2 4969/7276/2
f 4969/7276/2 4970/7277/2 4971/7278/2 4972/7279/2
f 4958/7265/2 4969/7276/2 4972/7279/2 4959/7266/2
f 4858/7173/2 4857/7172/2 4973/7280/2 4970/7277/2
f 4857/7172/2 4856/7171/2 4974/7281/2 4973/7280/2
f 4973/7280/2 4974/7281/2 4975/7282/2 4976/7283/2
f 4970/7277/2 4973/7280/2 4976/7283/2 4971/7278/2
f 4971/7278/2 4976/7283/2 4977/7284/2 4978/7285/2
f 4976/7283/2 4975/7282/2 4979/7286/2 4977/7284/2
f 4977/7284/2 4979/7286/2 4980/7287/2 4981/7288/2
f 4978/7285/2 4977/7284/2 4981/7288/2 4982/7289/2
f 4959/7266/2 4972/7279/2 4983/7290/2 4963/7270/2
f 4972/7279/2 4971/7278/2 4978/7285/2 4983/7290/2
f 4983/7290/2 4978/7285/2 4982/7289/2 4984/7291/2
f 4963/7270/2 4983/7290/2 4984/7291/2 4964/7271/2
f 4856/7171/2 4876/7191/2 4985/7292/2 4974/7281/2
f 4876/7191/2 4874/7189/2 4986/7293/2 4985/7292/2
f 4985/7292/2 4986/7293/2 4987/7294/2 4988/7295/2
f 4974/7281/2 4985/7292/2 4988/7295/2 4975/7282/2
f 4874/7189/2 4873/7188/2 4989/7296/2 4986/7293/2
f 4873/7188/2 4872/7187/2 4990/7297/2 4989/7296/2
f 4989/7296/2 4990/7297/2 4991/7298/2 4992/7299/2
f 4986/7293/2 4989/7296/2 4992/7299/2 4987/7294/2
f 4987/7294/2 4992/7299/2 4993/7300/2 4994/7301/2
f 4992/7299/2 4991/7298/2 4995/7302/2 4993/7300/2
f 4993/7300/2 4995/7302/2 4996/7303/2 4997/7304/2
f 4994/7301/2 4993/7300/2 4997/7304/2 4998/7305/2
f 4975/7282/2 4988/7295/2 4999/7306/2 4979/7286/2
f 4988/7295/2 4987/7294/2 4994/7301/2 4999/7306/2
f 4999/7306/2 4994/7301/2 4998/7305/2 5000/7307/2
f 4979/7286/2 4999/7306/2 5000/7307/2 4980/7287/2
f 4872/7187/2 4892/7207/2 5001/7308/2 4990/7297/2
f 4892/7207/2 4890/7205/2 5002/7309/2 5001/7308/2
f 5001/7308/2 5002/7309/2 5003/7310/2 5004/7311/2
f 4990/7297/2 5001/7308/2 5004/7311/2 4991/7298/2
f 4890/7205/2 4889/7204/2 5005/7312/2 5002/7309/2
f 4889/7204/2 4888/7203/2 5006/7313/2 5005/7312/2
f 5005/7312/2 5006/7313/2 5007/7314/2 5008/7315/2
f 5002/7309/2 5005/7312/2 5008/7315/2 5003/7310/2
f 5003/7310/2 5008/7315/2 5009/7316/2 5010/7317/2
f 5008/7315/2 5007/7314/2 5011/7318/2 5009/7316/2
f 5009/7316/2 5011/7318/2 5012/7319/2 5013/7320/2
f 5010/7317/2 5009/7316/2 5013/7320/2 5014/7321/2
f 4991/7298/2 5004/7311/2 5015/7322/2 4995/7302/2
f 5004/7311/2 5003/7310/2 5010/7317/2 5015/7322/2
f 5015/7322/2 5010/7317/2 5014/7321/2 5016/7323/2
f 4995/7302/2 5015/7322/2 5016/7323/2 4996/7303/2
f 4888/7203/2 4904/7215/2 5017/7324/2 5006/7313/2
f 4904/7215/2 4902/7213/2 5018/7325/2 5017/7324/2
f 5017/7324/2 5018/7325/2 5019/7326/2 5020/7327/2
f 5006/7313/2 5017/7324/2 5020/7327/2 5007/7314/2
f 4902/7213/2 4901/1190/2 5021/1243/2 5018/7325/2
f 6826/1715/157 6824/1679/10 5891/2616/189 6331/2615/188
f 2845/1236/3 6332/2611/187 5892/2610/186 2843/1241/3
f 5018/7325/2 5021/1243/2 5022/1249/2 5019/7326/2
f 5019/7326/2 5022/1249/2 5023/1254/2 5024/7328/2
f 6828/1709/153 6826/1715/157 6331/2615/188 6077/2624/192
f 2845/1236/3 2844/1235/3 6078/2619/190 6332/2611/187
f 5024/7328/2 5023/1254/2 5025/1260/2 5026/7329/2
f 5007/7314/2 5020/7327/2 5027/7330/2 5011/7318/2
f 5020/7327/2 5019/7326/2 5024/7328/2 5027/7330/2
f 5027/7330/2 5024/7328/2 5026/7329/2 5028/7331/2
f 5011/7318/2 5027/7330/2 5028/7331/2 5012/7319/2
f 6821/1710/154 6829/1697/150 6335/2626/194 6079/2603/181
f 4920/1221/2 4918/7227/2 5030/7332/2 5029/1261/2
f 5029/1261/2 5030/7332/2 5031/7333/2 5032/1263/2
f 2838/1213/3 6080/2607/183 6336/2630/195 2846/1265/3
f 4918/7227/2 4917/7226/2 5033/7334/2 5030/7332/2
f 4917/7226/2 4916/7225/2 5034/7335/2 5033/7334/2
f 5033/7334/2 5034/7335/2 5035/7336/2 5036/7337/2
f 5030/7332/2 5033/7334/2 5036/7337/2 5031/7333/2
f 5031/7333/2 5036/7337/2 5037/7338/2 5038/7339/2
f 5036/7337/2 5035/7336/2 5039/7340/2 5037/7338/2
f 5037/7338/2 5039/7340/2 5040/7341/2 5041/7342/2
f 5038/7339/2 5037/7338/2 5041/7342/2 5042/7343/2
f 6832/1694/148 6828/1709/153 6077/2624/192 6333/2632/196
f 5032/1263/2 5031/7333/2 5038/7339/2 5043/1266/2
f 5043/1266/2 5038/7339/2 5042/7343/2 5044/1268/2
f 2844/1235/3 2846/1265/3 6334/2637/198 6078/2619/190
f 4916/7225/2 4936/7243/2 5045/7344/2 5034/7335/2
f 4936/7243/2 4934/7241/2 5046/7345/2 5045/7344/2
f 5045/7344/2 5046/7345/2 5047/7346/2 5048/7347/2
f 5034/7335/2 5045/7344/2 5048/7347/2 5035/7336/2
f 4934/7241/2 4933/7240/2 5049/7348/2 5046/7345/2
f 4933/7240/2 4932/7239/2 5050/7349/2 5049/7348/2
f 5049/7348/2 5050/7349/2 5051/7350/2 5052/7351/2
f 5046/7345/2 5049/7348/2 5052/7351/2 5047/7346/2
f 5047/7346/2 5052/7351/2 5053/7352/2 5054/7353/2
f 5052/7351/2 5051/7350/2 5055/7354/2 5053/7352/2
f 5053/7352/2 5055/7354/2 5056/7355/2 5057/7356/2
f 5054/7353/2 5053/7352/2 5057/7356/2 5058/7357/2
f 5035/7336/2 5048/7347/2 5059/7358/2 5039/7340/2
f 5048/7347/2 5047/7346/2 5054/7353/2 5059/7358/2
f 5059/7358/2 5054/7353/2 5058/7357/2 5060/7359/2
f 5039/7340/2 5059/7358/2 5060/7359/2 5040/7341/2
f 4932/7239/2 4952/7259/2 5061/7360/2 5050/7349/2
f 4952/7259/2 4950/7257/2 5062/7361/2 5061/7360/2
f 5061/7360/2 5062/7361/2 5063/7362/2 5064/7363/2
f 5050/7349/2 5061/7360/2 5064/7363/2 5051/7350/2
f 4950/7257/2 4949/7256/2 5065/7364/2 5062/7361/2
f 4949/7256/2 4948/7255/2 5066/7365/2 5065/7364/2
f 5065/7364/2 5066/7365/2 5067/7366/2 5068/7367/2
f 5062/7361/2 5065/7364/2 5068/7367/2 5063/7362/2
f 5063/7362/2 5068/7367/2 5069/7368/2 5070/7369/2
f 5068/7367/2 5067/7366/2 5071/7370/2 5069/7368/2
f 5069/7368/2 5071/7370/2 5072/7371/2 5073/7372/2
f 5070/7369/2 5069/7368/2 5073/7372/2 5074/7373/2
f 5051/7350/2 5064/7363/2 5075/7374/2 5055/7354/2
f 5064/7363/2 5063/7362/2 5070/7369/2 5075/7374/2
f 5075/7374/2 5070/7369/2 5074/7373/2 5076/7375/2
f 5055/7354/2 5075/7374/2 5076/7375/2 5056/7355/2
f 4948/7255/2 4968/7275/2 5077/7376/2 5066/7365/2
f 4968/7275/2 4966/7273/2 5078/7377/2 5077/7376/2
f 5077/7376/2 5078/7377/2 5079/7378/2 5080/7379/2
f 5066/7365/2 5077/7376/2 5080/7379/2 5067/7366/2
f 4966/7273/2 4965/7272/2 5081/7380/2 5078/7377/2
f 4965/7272/2 4964/7271/2 5082/7381/2 5081/7380/2
f 5081/7380/2 5082/7381/2 5083/7382/2 5084/7383/2
f 5078/7377/2 5081/7380/2 5084/7383/2 5079/7378/2
f 5079/7378/2 5084/7383/2 5085/7384/2 5086/7385/2
f 5084/7383/2 5083/7382/2 5087/7386/2 5085/7384/2
f 5085/7384/2 5087/7386/2 5088/7387/2 5089/7388/2
f 5086/7385/2 5085/7384/2 5089/7388/2 5090/7389/2
f 5067/7366/2 5080/7379/2 5091/7390/2 5071/7370/2
f 5080/7379/2 5079/7378/2 5086/7385/2 5091/7390/2
f 5091/7390/2 5086/7385/2 5090/7389/2 5092/7391/2
f 5071/7370/2 5091/7390/2 5092/7391/2 5072/7371/2
f 4964/7271/2 4984/7291/2 5093/7392/2 5082/7381/2
f 4984/7291/2 4982/7289/2 5094/7393/2 5093/7392/2
f 5093/7392/2 5094/7393/2 5095/7394/2 5096/7395/2
f 5082/7381/2 5093/7392/2 5096/7395/2 5083/7382/2
f 4982/7289/2 4981/7288/2 5097/7396/2 5094/7393/2
f 4981/7288/2 4980/7287/2 5098/7397/2 5097/7396/2
f 5097/7396/2 5098/7397/2 5099/7398/2 5100/7399/2
f 5094/7393/2 5097/7396/2 5100/7399/2 5095/7394/2
f 5095/7394/2 5100/7399/2 5101/7400/2 5102/7401/2
f 5100/7399/2 5099/7398/2 5103/7402/2 5101/7400/2
f 5101/7400/2 5103/7402/2 5104/7403/2 5105/7404/2
f 5102/7401/2 5101/7400/2 5105/7404/2 5106/7405/2
f 5083/7382/2 5096/7395/2 5107/7406/2 5087/7386/2
f 5096/7395/2 5095/7394/2 5102/7401/2 5107/7406/2
f 5107/7406/2 5102/7401/2 5106/7405/2 5108/7407/2
f 5087/7386/2 5107/7406/2 5108/7407/2 5088/7387/2
f 4980/7287/2 5000/7307/2 5109/7408/2 5098/7397/2
f 5000/7307/2 4998/7305/2 5110/7409/2 5109/7408/2
f 5109/7408/2 5110/7409/2 5111/7410/2 5112/7411/2
f 5098/7397/2 5109/7408/2 5112/7411/2 5099/7398/2
f 4998/7305/2 4997/7304/2 5113/7412/2 5110/7409/2
f 4997/7304/2 4996/7303/2 5114/7413/2 5113/7412/2
f 5113/7412/2 5114/7413/2 5115/7414/2 5116/7415/2
f 5110/7409/2 5113/7412/2 5116/7415/2 5111/7410/2
f 5111/7410/2 5116/7415/2 5117/7416/2 5118/7417/2
f 5116/7415/2 5115/7414/2 5119/7418/2 5117/7416/2
f 5117/7416/2 5119/7418/2 5120/7419/2 5121/7420/2
f 5118/7417/2 5117/7416/2 5121/7420/2 5122/7421/2
f 5099/7398/2 5112/7411/2 5123/7422/2 5103/7402/2
f 5112/7411/2 5111/7410/2 5118/7417/2 5123/7422/2
f 5123/7422/2 5118/7417/2 5122/7421/2 5124/7423/2
f 5103/7402/2 5123/7422/2 5124/7423/2 5104/7403/2
f 4996/7303/2 5016/7323/2 5125/7424/2 5114/7413/2
f 5016/7323/2 5014/7321/2 5126/7425/2 5125/7424/2
f 5125/7424/2 5126/7425/2 5127/7426/2 5128/7427/2
f 5114/7413/2 5125/7424/2 5128/7427/2 5115/7414/2
f 5014/7321/2 5013/7320/2 5129/7428/2 5126/7425/2
f 5013/7320/2 5012/7319/2 5130/7429/2 5129/7428/2
f 5129/7428/2 5130/7429/2 5131/7430/2 5132/7431/2
f 5126/7425/2 5129/7428/2 5132/7431/2 5127/7426/2
f 5127/7426/2 5132/7431/2 5133/7432/2 5134/7433/2
f 5132/7431/2 5131/7430/2 5135/7434/2 5133/7432/2
f 5133/7432/2 5135/7434/2 5136/7435/2 5137/7436/2
f 5134/7433/2 5133/7432/2 5137/7436/2 5138/7437/2
f 5115/7414/2 5128/7427/2 5139/7438/2 5119/7418/2
f 5128/7427/2 5127/7426/2 5134/7433/2 5139/7438/2
f 5139/7438/2 5134/7433/2 5138/7437/2 5140/7439/2
f 5119/7418/2 5139/7438/2 5140/7439/2 5120/7419/2
f 5012/7319/2 5028/7331/2 5141/7440/2 5130/7429/2
f 5028/7331/2 5026/7329/2 5142/7441/2 5141/7440/2
f 5141/7440/2 5142/7441/2 5143/7442/2 5144/7443/2
f 5130/7429/2 5141/7440/2 5144/7443/2 5131/7430/2
f 5026/7329/2 5025/1260/2 5145/1271/2 5142/7441/2
f 6833/1695/149 6832/1694/148 6333/2632/196 5889/2639/200
f 6829/1697/150 6833/1696/149 5889/2643/200 6335/2626/194
f 5142/7441/2 5145/1271/2 5146/1273/2 5143/7442/2
f 5143/7442/2 5146/1273/2 5147/1275/2 5148/7444/2
f 2846/1265/3 6336/2630/195 5890/2641/201 6334/2637/198
f 6838/1689/10 6836/1667/10 5893/2654/189 6337/2653/189
f 5148/7444/2 5147/1275/2 5149/1288/2 5150/7445/2
f 5131/7430/2 5144/7443/2 5151/7446/2 5135/7434/2
f 5144/7443/2 5143/7442/2 5148/7444/2 5151/7446/2
f 5151/7446/2 5148/7444/2 5150/7445/2 5152/7447/2
f 5135/7434/2 5151/7446/2 5152/7447/2 5136/7435/2
f 2855/1285/3 6338/2649/186 5894/2648/186 2853/1286/3
f 5044/1268/2 5042/7343/2 5154/7448/2 5153/1289/2
f 5153/1289/2 5154/7448/2 5155/7449/2 5156/1291/2
f 6840/1686/10 6838/1689/10 6337/2653/189 6081/2661/189
f 5042/7343/2 5041/7342/2 5157/7450/2 5154/7448/2
f 5041/7342/2 5040/7341/2 5158/7451/2 5157/7450/2
f 5157/7450/2 5158/7451/2 5159/7452/2 5160/7453/2
f 5154/7448/2 5157/7450/2 5160/7453/2 5155/7449/2
f 5155/7449/2 5160/7453/2 5161/7454/2 5162/7455/2
f 5160/7453/2 5159/7452/2 5163/7456/2 5161/7454/2
f 5161/7454/2 5163/7456/2 5164/7457/2 5165/7458/2
f 5162/7455/2 5161/7454/2 5165/7458/2 5166/7459/2
f 2854/1284/3 6082/2657/186 6338/2649/186 2855/1285/3
f 5156/1291/2 5155/7449/2 5162/7455/2 5167/1293/2
f 5167/1293/2 5162/7455/2 5166/7459/2 5168/1296/2
f 6842/1678/10 6840/1686/10 6081/2661/189 6339/2667/189
f 5040/7341/2 5060/7359/2 5169/7460/2 5158/7451/2
f 5060/7359/2 5058/7357/2 5170/7461/2 5169/7460/2
f 5169/7460/2 5170/7461/2 5171/7462/2 5172/7463/2
f 5158/7451/2 5169/7460/2 5172/7463/2 5159/7452/2
f 5058/7357/2 5057/7356/2 5173/7464/2 5170/7461/2
f 5057/7356/2 5056/7355/2 5174/7465/2 5173/7464/2
f 5173/7464/2 5174/7465/2 5175/7466/2 5176/7467/2
f 5170/7461/2 5173/7464/2 5176/7467/2 5171/7462/2
f 5171/7462/2 5176/7467/2 5177/7468/2 5178/7469/2
f 5176/7467/2 5175/7466/2 5179/7470/2 5177/7468/2
f 5177/7468/2 5179/7470/2 5180/7471/2 5181/7472/2
f 5178/7469/2 5177/7468/2 5181/7472/2 5182/7473/2
f 5159/7452/2 5172/7463/2 5183/7474/2 5163/7456/2
f 5172/7463/2 5171/7462/2 5178/7469/2 5183/7474/2
f 5183/7474/2 5178/7469/2 5182/7473/2 5184/7475/2
f 5163/7456/2 5183/7474/2 5184/7475/2 5164/7457/2
f 5056/7355/2 5076/7375/2 5185/7476/2 5174/7465/2
f 5076/7375/2 5074/7373/2 5186/7477/2 5185/7476/2
f 5185/7476/2 5186/7477/2 5187/7478/2 5188/7479/2
f 5174/7465/2 5185/7476/2 5188/7479/2 5175/7466/2
f 5074/7373/2 5073/7372/2 5189/7480/2 5186/7477/2
f 5073/7372/2 5072/7371/2 5190/7481/2 5189/7480/2
f 5189/7480/2 5190/7481/2 5191/7482/2 5192/7483/2
f 5186/7477/2 5189/7480/2 5192/7483/2 5187/7478/2
f 5187/7478/2 5192/7483/2 5193/7484/2 5194/7485/2
f 5192/7483/2 5191/7482/2 5195/7486/2 5193/7484/2
f 5193/7484/2 5195/7486/2 5196/7487/2 5197/7488/2
f 5194/7485/2 5193/7484/2 5197/7488/2 5198/7489/2
f 5175/7466/2 5188/7479/2 5199/7490/2 5179/7470/2
f 5188/7479/2 5187/7478/2 5194/7485/2 5199/7490/2
f 5199/7490/2 5194/7485/2 5198/7489/2 5200/7491/2
f 5179/7470/2 5199/7490/2 5200/7491/2 5180/7471/2
f 5072/7371/2 5092/7391/2 5201/7492/2 5190/7481/2
f 5092/7391/2 5090/7389/2 5202/7493/2 5201/7492/2
f 5201/7492/2 5202/7493/2 5203/7494/2 5204/7495/2
f 5190/7481/2 5201/7492/2 5204/7495/2 5191/7482/2
f 5090/7389/2 5089/7388/2 5205/7496/2 5202/7493/2
f 5089/7388/2 5088/7387/2 5206/7497/2 5205/7496/2
f 5205/7496/2 5206/7497/2 5207/7498/2 5208/7499/2
f 5202/7493/2 5205/7496/2 5208/7499/2 5203/7494/2
f 5203/7494/2 5208/7499/2 5209/7500/2 5210/7501/2
f 5208/7499/2 5207/7498/2 5211/7502/2 5209/7500/2
f 5209/7500/2 5211/7502/2 5212/7503/2 5213/7504/2
f 5210/7501/2 5209/7500/2 5213/7504/2 5214/7505/2
f 5191/7482/2 5204/7495/2 5215/7506/2 5195/7486/2
f 5204/7495/2 5203/7494/2 5210/7501/2 5215/7506/2
f 5215/7506/2 5210/7501/2 5214/7505/2 5216/7507/2
f 5195/7486/2 5215/7506/2 5216/7507/2 5196/7487/2
f 5088/7387/2 5108/7407/2 5217/7508/2 5206/7497/2
f 5108/7407/2 5106/7405/2 5218/7509/2 5217/7508/2
f 5217/7508/2 5218/7509/2 5219/7510/2 5220/7511/2
f 5206/7497/2 5217/7508/2 5220/7511/2 5207/7498/2
f 5106/7405/2 5105/7404/2 5221/7512/2 5218/7509/2
f 5105/7404/2 5104/7403/2 5222/7513/2 5221/7512/2
f 5221/7512/2 5222/7513/2 5223/7514/2 5224/7515/2
f 5218/7509/2 5221/7512/2 5224/7515/2 5219/7510/2
f 5219/7510/2 5224/7515/2 5225/7516/2 5226/7517/2
f 5224/7515/2 5223/7514/2 5227/7518/2 5225/7516/2
f 5225/7516/2 5227/7518/2 5228/7519/2 5229/7520/2
f 5226/7517/2 5225/7516/2 5229/7520/2 5230/7521/2
f 5207/7498/2 5220/7511/2 5231/7522/2 5211/7502/2
f 5220/7511/2 5219/7510/2 5226/7517/2 5231/7522/2
f 5231/7522/2 5226/7517/2 5230/7521/2 5232/7523/2
f 5211/7502/2 5231/7522/2 5232/7523/2 5212/7503/2
f 5104/7403/2 5124/7423/2 5233/7524/2 5222/7513/2
f 5124/7423/2 5122/7421/2 5234/7525/2 5233/7524/2
f 5233/7524/2 5234/7525/2 5235/7526/2 5236/7527/2
f 5222/7513/2 5233/7524/2 5236/7527/2 5223/7514/2
f 5122/7421/2 5121/7420/2 5237/7528/2 5234/7525/2
f 5121/7420/2 5120/7419/2 5238/7529/2 5237/7528/2
f 5237/7528/2 5238/7529/2 5239/7530/2 5240/7531/2
f 5234/7525/2 5237/7528/2 5240/7531/2 5235/7526/2
f 5235/7526/2 5240/7531/2 5241/7532/2 5242/7533/2
f 5240/7531/2 5239/7530/2 5243/7534/2 5241/7532/2
f 5241/7532/2 5243/7534/2 5244/7535/2 5245/7536/2
f 5242/7533/2 5241/7532/2 5245/7536/2 5246/7537/2
f 5223/7514/2 5236/7527/2 5247/7538/2 5227/7518/2
f 5236/7527/2 5235/7526/2 5242/7533/2 5247/7538/2
f 5247/7538/2 5242/7533/2 5246/7537/2 5248/7539/2
f 5227/7518/2 5247/7538/2 5248/7539/2 5228/7519/2
f 5120/7419/2 5140/7439/2 5249/7540/2 5238/7529/2
f 5140/7439/2 5138/7437/2 5250/7541/2 5249/7540/2
f 5249/7540/2 5250/7541/2 5251/7542/2 5252/7543/2
f 5238/7529/2 5249/7540/2 5252/7543/2 5239/7530/2
f 5138/7437/2 5137/7436/2 5253/7544/2 5250/7541/2
f 5137/7436/2 5136/7435/2 5254/7545/2 5253/7544/2
f 5253/7544/2 5254/7545/2 5255/7546/2 5256/7547/2
f 5250/7541/2 5253/7544/2 5256/7547/2 5251/7542/2
f 5251/7542/2 5256/7547/2 5257/7548/2 5258/7549/2
f 5256/7547/2 5255/7546/2 5259/7550/2 5257/7548/2
f 5257/7548/2 5259/7550/2 5260/7551/2 5261/7552/2
f 5258/7549/2 5257/7548/2 5261/7552/2 5262/7553/2
f 5239/7530/2 5252/7543/2 5263/7554/2 5243/7534/2
f 5252/7543/2 5251/7542/2 5258/7549/2 5263/7554/2
f 5263/7554/2 5258/7549/2 5262/7553/2 5264/7555/2
f 5243/7534/2 5263/7554/2 5264/7555/2 5244/7535/2
f 5136/7435/2 5152/7447/2 5265/7556/2 5254/7545/2
f 5152/7447/2 5150/7445/2 5266/7557/2 5265/7556/2
f 5265/7556/2 5266/7557/2 5267/7558/2 5268/7559/2
f 5254/7545/2 5265/7556/2 5268/7559/2 5255/7546/2
f 5150/7445/2 5149/1288/2 5269/1299/2 5266/7557/2
f 2856/1295/3 6340/2663/186 6082/2657/186 2854/1284/3
f 6824/1679/10 6842/1678/10 6339/2667/189 5891/2616/189
f 5266/7557/2 5269/1299/2 5270/1301/2 5267/7558/2
f 5267/7558/2 5270/1301/2 5271/1302/2 5272/7560/2
f 2843/1241/3 5892/2610/186 6340/2663/186 2856/1295/3
f 6846/1677/10 6844/1617/10 5895/2679/189 6341/2678/189
f 5272/7560/2 5271/1302/2 5273/1314/2 5274/7561/2
f 5255/7546/2 5268/7559/2 5275/7562/2 5259/7550/2
f 5268/7559/2 5267/7558/2 5272/7560/2 5275/7562/2
f 5275/7562/2 5272/7560/2 5274/7561/2 5276/7563/2
f 5259/7550/2 5275/7562/2 5276/7563/2 5260/7551/2
f 2863/1313/3 2865/1312/3 6342/2674/186 5896/2673/203
f 5168/1296/2 5166/7459/2 5278/7564/2 5277/1315/2
f 5277/1315/2 5278/7564/2 5279/7565/2 5280/1317/2
f 6848/1674/10 6846/1677/10 6341/2678/189 6083/2687/189
f 5166/7459/2 5165/7458/2 5281/7566/2 5278/7564/2
f 5165/7458/2 5164/7457/2 5282/7567/2 5281/7566/2
f 5281/7566/2 5282/7567/2 5283/7568/2 5284/7569/2
f 5278/7564/2 5281/7566/2 5284/7569/2 5279/7565/2
f 5279/7565/2 5284/7569/2 5285/7570/2 5286/7571/2
f 5284/7569/2 5283/7568/2 5287/7572/2 5285/7570/2
f 5285/7570/2 5287/7572/2 5288/7573/2 5289/7574/2
f 5286/7571/2 5285/7570/2 5289/7574/2 5290/7575/2
f 2864/1311/3 6084/2682/186 6342/2674/186 2865/1312/3
f 5280/1317/2 5279/7565/2 5286/7571/2 5291/1319/2
f 5291/1319/2 5286/7571/2 5290/7575/2 5292/1321/2
f 6850/1666/10 6848/1674/10 6083/2687/189 6343/2690/189
f 5164/7457/2 5184/7475/2 5293/7576/2 5282/7567/2
f 5184/7475/2 5182/7473/2 5294/7577/2 5293/7576/2
f 5293/7576/2 5294/7577/2 5295/7578/2 5296/7579/2
f 5282/7567/2 5293/7576/2 5296/7579/2 5283/7568/2
f 5182/7473/2 5181/7472/2 5297/7580/2 5294/7577/2
f 5181/7472/2 5180/7471/2 5298/7581/2 5297/7580/2
f 5297/7580/2 5298/7581/2 5299/7582/2 5300/7583/2
f 5294/7577/2 5297/7580/2 5300/7583/2 5295/7578/2
f 5295/7578/2 5300/7583/2 5301/7584/2 5302/7585/2
f 5300/7583/2 5299/7582/2 5303/7586/2 5301/7584/2
f 5301/7584/2 5303/7586/2 5304/7587/2 5305/7588/2
f 5302/7585/2 5301/7584/2 5305/7588/2 5306/7589/2
f 5283/7568/2 5296/7579/2 5307/7590/2 5287/7572/2
f 5296/7579/2 5295/7578/2 5302/7585/2 5307/7590/2
f 5307/7590/2 5302/7585/2 5306/7589/2 5308/7591/2
f 5287/7572/2 5307/7590/2 5308/7591/2 5288/7573/2
f 5180/7471/2 5200/7491/2 5309/7592/2 5298/7581/2
f 5200/7491/2 5198/7489/2 5310/7593/2 5309/7592/2
f 5309/7592/2 5310/7593/2 5311/7594/2 5312/7595/2
f 5298/7581/2 5309/7592/2 5312/7595/2 5299/7582/2
f 5198/7489/2 5197/7488/2 5313/7596/2 5310/7593/2
f 5197/7488/2 5196/7487/2 5314/7597/2 5313/7596/2
f 5313/7596/2 5314/7597/2 5315/7598/2 5316/7599/2
f 5310/7593/2 5313/7596/2 5316/7599/2 5311/7594/2
f 5311/7594/2 5316/7599/2 5317/7600/2 5318/7601/2
f 5316/7599/2 5315/7598/2 5319/7602/2 5317/7600/2
f 5317/7600/2 5319/7602/2 5320/7603/2 5321/7604/2
f 5318/7601/2 5317/7600/2 5321/7604/2 5322/7605/2
f 5299/7582/2 5312/7595/2 5323/7606/2 5303/7586/2
f 5312/7595/2 5311/7594/2 5318/7601/2 5323/7606/2
f 5323/7606/2 5318/7601/2 5322/7605/2 5324/7607/2
f 5303/7586/2 5323/7606/2 5324/7607/2 5304/7587/2
f 5196/7487/2 5216/7507/2 5325/7608/2 5314/7597/2
f 5216/7507/2 5214/7505/2 5326/7609/2 5325/7608/2
f 5325/7608/2 5326/7609/2 5327/7610/2 5328/7611/2
f 5314/7597/2 5325/7608/2 5328/7611/2 5315/7598/2
f 5214/7505/2 5213/7504/2 5329/7612/2 5326/7609/2
f 5213/7504/2 5212/7503/2 5330/7613/2 5329/7612/2
f 5329/7612/2 5330/7613/2 5331/7614/2 5332/7615/2
f 5326/7609/2 5329/7612/2 5332/7615/2 5327/7610/2
f 5327/7610/2 5332/7615/2 5333/7616/2 5334/7617/2
f 5332/7615/2 5331/7614/2 5335/7618/2 5333/7616/2
f 5333/7616/2 5335/7618/2 5336/7619/2 5337/7620/2
f 5334/7617/2 5333/7616/2 5337/7620/2 5338/7621/2
f 5315/7598/2 5328/7611/2 5339/7622/2 5319/7602/2
f 5328/7611/2 5327/7610/2 5334/7617/2 5339/7622/2
f 5339/7622/2 5334/7617/2 5338/7621/2 5340/7623/2
f 5319/7602/2 5339/7622/2 5340/7623/2 5320/7603/2
f 5212/7503/2 5232/7523/2 5341/7624/2 5330/7613/2
f 5232/7523/2 5230/7521/2 5342/7625/2 5341/7624/2
f 5341/7624/2 5342/7625/2 5343/7626/2 5344/7627/2
f 5330/7613/2 5341/7624/2 5344/7627/2 5331/7614/2
f 5230/7521/2 5229/7520/2 5345/7628/2 5342/7625/2
f 5229/7520/2 5228/7519/2 5346/7629/2 5345/7628/2
f 5345/7628/2 5346/7629/2 5347/7630/2 5348/7631/2
f 5342/7625/2 5345/7628/2 5348/7631/2 5343/7626/2
f 5343/7626/2 5348/7631/2 5349/7632/2 5350/7633/2
f 5348/7631/2 5347/7630/2 5351/7634/2 5349/7632/2
f 5349/7632/2 5351/7634/2 5352/7635/2 5353/7636/2
f 5350/7633/2 5349/7632/2 5353/7636/2 5354/7637/2
f 5331/7614/2 5344/7627/2 5355/7638/2 5335/7618/2
f 5344/7627/2 5343/7626/2 5350/7633/2 5355/7638/2
f 5355/7638/2 5350/7633/2 5354/7637/2 5356/7639/2
f 5335/7618/2 5355/7638/2 5356/7639/2 5336/7619/2
f 5228/7519/2 5248/7539/2 5357/7640/2 5346/7629/2
f 5248/7539/2 5246/7537/2 5358/7641/2 5357/7640/2
f 5357/7640/2 5358/7641/2 5359/7642/2 5360/7643/2
f 5346/7629/2 5357/7640/2 5360/7643/2 5347/7630/2
f 5246/7537/2 5245/7536/2 5361/7644/2 5358/7641/2
f 5245/7536/2 5244/7535/2 5362/7645/2 5361/7644/2
f 5361/7644/2 5362/7645/2 5363/7646/2 5364/7647/2
f 5358/7641/2 5361/7644/2 5364/7647/2 5359/7642/2
f 5359/7642/2 5364/7647/2 5365/7648/2 5366/7649/2
f 5364/7647/2 5363/7646/2 5367/7650/2 5365/7648/2
f 5365/7648/2 5367/7650/2 5368/7651/2 5369/7652/2
f 5366/7649/2 5365/7648/2 5369/7652/2 5370/7653/2
f 5347/7630/2 5360/7643/2 5371/7654/2 5351/7634/2
f 5360/7643/2 5359/7642/2 5366/7649/2 5371/7654/2
f 5371/7654/2 5366/7649/2 5370/7653/2 5372/7655/2
f 5351/7634/2 5371/7654/2 5372/7655/2 5352/7635/2
f 5244/7535/2 5264/7555/2 5373/7656/2 5362/7645/2
f 5264/7555/2 5262/7553/2 5374/7657/2 5373/7656/2
f 5373/7656/2 5374/7657/2 5375/7658/2 5376/7659/2
f 5362/7645/2 5373/7656/2 5376/7659/2 5363/7646/2
f 5262/7553/2 5261/7552/2 5377/7660/2 5374/7657/2
f 5261/7552/2 5260/7551/2 5378/7661/2 5377/7660/2
f 5377/7660/2 5378/7661/2 5379/7662/2 5380/7663/2
f 5374/7657/2 5377/7660/2 5380/7663/2 5375/7658/2
f 5375/7658/2 5380/7663/2 5381/7664/2 5382/7665/2
f 5380/7663/2 5379/7662/2 5383/7666/2 5381/7664/2
f 5381/7664/2 5383/7666/2 5384/7667/2 5385/7668/2
f 5382/7665/2 5381/7664/2 5385/7668/2 5386/7669/2
f 5363/7646/2 5376/7659/2 5387/7670/2 5367/7650/2
f 5376/7659/2 5375/7658/2 5382/7665/2 5387/7670/2
f 5387/7670/2 5382/7665/2 5386/7669/2 5388/7671/2
f 5367/7650/2 5387/7670/2 5388/7671/2 5368/7651/2
f 5260/7551/2 5276/7563/2 5389/7672/2 5378/7661/2
f 5276/7563/2 5274/7561/2 5390/7673/2 5389/7672/2
f 5389/7672/2 5390/7673/2 5391/7674/2 5392/7675/2
f 5378/7661/2 5389/7672/2 5392/7675/2 5379/7662/2
f 5274/7561/2 5273/1314/2 5393/1323/2 5390/7673/2
f 2866/1320/3 6344/2689/186 6084/2682/186 2864/1311/3
f 6836/1667/10 6850/1666/10 6343/2690/189 5893/2654/189
f 5390/7673/2 5393/1323/2 5394/1325/2 5391/7674/2
f 5391/7674/2 5394/1325/2 5395/1327/2 5396/7676/2
f 2853/1286/3 5894/2648/186 6344/2689/186 2866/1320/3
f 6854/496/10 6852/500/10 5901/2785/189 6345/2784/189
f 5396/7676/2 5395/1327/2 5397/1340/2 5398/7677/2
f 5379/7662/2 5392/7675/2 5399/7678/2 5383/7666/2
f 5392/7675/2 5391/7674/2 5396/7676/2 5399/7678/2
f 5399/7678/2 5396/7676/2 5398/7677/2 5400/7679/2
f 5383/7666/2 5399/7678/2 5400/7679/2 5384/7667/2
f 2876/1337/3 6346/2783/186 5902/2782/186 2874/1338/3
f 5292/1321/2 5290/7575/2 5402/7680/2 5401/1341/2
f 5401/1341/2 5402/7680/2 5403/7681/2 5404/1343/2
f 6856/497/10 6854/496/10 6345/2784/189 6089/2794/189
f 5290/7575/2 5289/7574/2 5405/7682/2 5402/7680/2
f 5289/7574/2 5288/7573/2 5406/7683/2 5405/7682/2
f 5405/7682/2 5406/7683/2 5407/7684/2 5408/7685/2
f 5402/7680/2 5405/7682/2 5408/7685/2 5403/7681/2
f 5403/7681/2 5408/7685/2 5409/7686/2 5410/7687/2
f 5408/7685/2 5407/7684/2 5411/7688/2 5409/7686/2
f 5409/7686/2 5411/7688/2 5412/7689/2 5413/7690/2
f 5410/7687/2 5409/7686/2 5413/7690/2 5414/7691/2
f 2875/1336/3 6090/2789/186 6346/2783/186 2876/1337/3
f 5404/1343/2 5403/7681/2 5410/7687/2 5415/1345/2
f 5415/1345/2 5410/7687/2 5414/7691/2 5416/1349/2
f 6858/1663/10 6856/497/10 6089/2794/189 6347/2880/189
f 5288/7573/2 5308/7591/2 5417/7692/2 5406/7683/2
f 5308/7591/2 5306/7589/2 5418/7693/2 5417/7692/2
f 5417/7692/2 5418/7693/2 5419/7694/2 5420/7695/2
f 5406/7683/2 5417/7692/2 5420/7695/2 5407/7684/2
f 5306/7589/2 5305/7588/2 5421/7696/2 5418/7693/2
f 5305/7588/2 5304/7587/2 5422/7697/2 5421/7696/2
f 5421/7696/2 5422/7697/2 5423/7698/2 5424/7699/2
f 5418/7693/2 5421/7696/2 5424/7699/2 5419/7694/2
f 5419/7694/2 5424/7699/2 5425/7700/2 5426/7701/2
f 5424/7699/2 5423/7698/2 5427/7702/2 5425/7700/2
f 5425/7700/2 5427/7702/2 5428/7703/2 5429/7704/2
f 5426/7701/2 5425/7700/2 5429/7704/2 5430/7705/2
f 5407/7684/2 5420/7695/2 5431/7706/2 5411/7688/2
f 5420/7695/2 5419/7694/2 5426/7701/2 5431/7706/2
f 5431/7706/2 5426/7701/2 5430/7705/2 5432/7707/2
f 5411/7688/2 5431/7706/2 5432/7707/2 5412/7689/2
f 5304/7587/2 5324/7607/2 5433/7708/2 5422/7697/2
f 5324/7607/2 5322/7605/2 5434/7709/2 5433/7708/2
f 5433/7708/2 5434/7709/2 5435/7710/2 5436/7711/2
f 5422/7697/2 5433/7708/2 5436/7711/2 5423/7698/2
f 5322/7605/2 5321/7604/2 5437/7712/2 5434/7709/2
f 5321/7604/2 5320/7603/2 5438/7713/2 5437/7712/2
f 5437/7712/2 5438/7713/2 5439/7714/2 5440/7715/2
f 5434/7709/2 5437/7712/2 5440/7715/2 5435/7710/2
f 5435/7710/2 5440/7715/2 5441/7716/2 5442/7717/2
f 5440/7715/2 5439/7714/2 5443/7718/2 5441/7716/2
f 5441/7716/2 5443/7718/2 5444/7719/2 5445/7720/2
f 5442/7717/2 5441/7716/2 5445/7720/2 5446/7721/2
f 5423/7698/2 5436/7711/2 5447/7722/2 5427/7702/2
f 5436/7711/2 5435/7710/2 5442/7717/2 5447/7722/2
f 5447/7722/2 5442/7717/2 5446/7721/2 5448/7723/2
f 5427/7702/2 5447/7722/2 5448/7723/2 5428/7703/2
f 5320/7603/2 5340/7623/2 5449/7724/2 5438/7713/2
f 5340/7623/2 5338/7621/2 5450/7725/2 5449/7724/2
f 5449/7724/2 5450/7725/2 5451/7726/2 5452/7727/2
f 5438/7713/2 5449/7724/2 5452/7727/2 5439/7714/2
f 5338/7621/2 5337/7620/2 5453/7728/2 5450/7725/2
f 5337/7620/2 5336/7619/2 5454/7729/2 5453/7728/2
f 5453/7728/2 5454/7729/2 5455/7730/2 5456/7731/2
f 5450/7725/2 5453/7728/2 5456/7731/2 5451/7726/2
f 5451/7726/2 5456/7731/2 5457/7732/2 5458/7733/2
f 5456/7731/2 5455/7730/2 5459/7734/2 5457/7732/2
f 5457/7732/2 5459/7734/2 5460/7735/2 5461/7736/2
f 5458/7733/2 5457/7732/2 5461/7736/2 5462/7737/2
f 5439/7714/2 5452/7727/2 5463/7738/2 5443/7718/2
f 5452/7727/2 5451/7726/2 5458/7733/2 5463/7738/2
f 5463/7738/2 5458/7733/2 5462/7737/2 5464/7739/2
f 5443/7718/2 5463/7738/2 5464/7739/2 5444/7719/2
f 5336/7619/2 5356/7639/2 5465/7740/2 5454/7729/2
f 5356/7639/2 5354/7637/2 5466/7741/2 5465/7740/2
f 5465/7740/2 5466/7741/2 5467/7742/2 5468/7743/2
f 5454/7729/2 5465/7740/2 5468/7743/2 5455/7730/2
f 5354/7637/2 5353/7636/2 5469/7744/2 5466/7741/2
f 5353/7636/2 5352/7635/2 5470/7745/2 5469/7744/2
f 5469/7744/2 5470/7745/2 5471/7746/2 5472/7747/2
f 5466/7741/2 5469/7744/2 5472/7747/2 5467/7742/2
f 5467/7742/2 5472/7747/2 5473/7748/2 5474/7749/2
f 5472/7747/2 5471/7746/2 5475/7750/2 5473/7748/2
f 5473/7748/2 5475/7750/2 5476/7751/2 5477/7752/2
f 5474/7749/2 5473/7748/2 5477/7752/2 5478/7753/2
f 5455/7730/2 5468/7743/2 5479/7754/2 5459/7734/2
f 5468/7743/2 5467/7742/2 5474/7749/2 5479/7754/2
f 5479/7754/2 5474/7749/2 5478/7753/2 5480/7755/2
f 5459/7734/2 5479/7754/2 5480/7755/2 5460/7735/2
f 5352/7635/2 5372/7655/2 5481/7756/2 5470/7745/2
f 5372/7655/2 5370/7653/2 5482/7757/2 5481/7756/2
f 5481/7756/2 5482/7757/2 5483/7758/2 5484/7759/2
f 5470/7745/2 5481/7756/2 5484/7759/2 5471/7746/2
f 5370/7653/2 5369/7652/2 5485/7760/2 5482/7757/2
f 5369/7652/2 5368/7651/2 5486/7761/2 5485/7760/2
f 5485/7760/2 5486/7761/2 5487/7762/2 5488/7763/2
f 5482/7757/2 5485/7760/2 5488/7763/2 5483/7758/2
f 5483/7758/2 5488/7763/2 5489/7764/2 5490/7765/2
f 5488/7763/2 5487/7762/2 5491/7766/2 5489/7764/2
f 5489/7764/2 5491/7766/2 5492/7767/2 5493/7768/2
f 5490/7765/2 5489/7764/2 5493/7768/2 5494/7769/2
f 5471/7746/2 5484/7759/2 5495/7770/2 5475/7750/2
f 5484/7759/2 5483/7758/2 5490/7765/2 5495/7770/2
f 5495/7770/2 5490/7765/2 5494/7769/2 5496/7771/2
f 5475/7750/2 5495/7770/2 5496/7771/2 5476/7751/2
f 5368/7651/2 5388/7671/2 5497/7772/2 5486/7761/2
f 5388/7671/2 5386/7669/2 5498/7773/2 5497/7772/2
f 5497/7772/2 5498/7773/2 5499/7774/2 5500/7775/2
f 5486/7761/2 5497/7772/2 5500/7775/2 5487/7762/2
f 5386/7669/2 5385/7668/2 5501/7776/2 5498/7773/2
f 5385/7668/2 5384/7667/2 5502/7777/2 5501/7776/2
f 5501/7776/2 5502/7777/2 5503/7778/2 5504/7779/2
f 5498/7773/2 5501/7776/2 5504/7779/2 5499/7774/2
f 5499/7774/2 5504/7779/2 5505/7780/2 5506/7781/2
f 5504/7779/2 5503/7778/2 5507/7782/2 5505/7780/2
f 5505/7780/2 5507/7782/2 5508/7783/2 5509/7784/2
f 5506/7781/2 5505/7780/2 5509/7784/2 5510/7785/2
f 5487/7762/2 5500/7775/2 5511/7786/2 5491/7766/2
f 5500/7775/2 5499/7774/2 5506/7781/2 5511/7786/2
f 5511/7786/2 5506/7781/2 5510/7785/2 5512/7787/2
f 5491/7766/2 5511/7786/2 5512/7787/2 5492/7767/2
f 5384/7667/2 5400/7679/2 5513/7788/2 5502/7777/2
f 5400/7679/2 5398/7677/2 5514/7789/2 5513/7788/2
f 5513/7788/2 5514/7789/2 5515/7790/2 5516/7791/2
f 5502/7777/2 5513/7788/2 5516/7791/2 5503/7778/2
f 5398/7677/2 5397/1340/2 5517/1352/2 5514/7789/2
f 2878/1348/3 6348/2879/186 6090/2789/186 2875/1336/3
f 6860/1615/10 6858/1663/10 6347/2880/189 5899/2958/189
f 5514/7789/2 5517/1352/2 5518/1354/2 5515/7790/2
f 5515/7790/2 5518/1354/2 5519/1356/2 5520/7792/2
f 2877/1347/3 5900/2955/204 6348/2879/186 2878/1348/3
f 6864/1660/10 6862/1623/10 5903/2999/189 6349/2998/189
f 5520/7792/2 5519/1356/2 5521/1361/2 5522/7793/2
f 5503/7778/2 5516/7791/2 5523/7794/2 5507/7782/2
f 5516/7791/2 5515/7790/2 5520/7792/2 5523/7794/2
f 5523/7794/2 5520/7792/2 5522/7793/2 5524/7795/2
f 5507/7782/2 5523/7794/2 5524/7795/2 5508/7783/2
f 2887/480/3 6350/2997/186 5904/2996/186 2885/1359/3
f 5416/1349/2 5414/7691/2 5526/7796/2 5525/483/2
f 5525/483/2 5526/7796/2 5527/7797/2 5528/484/2
f 6866/1657/10 6864/1660/10 6349/2998/189 6091/3008/189
f 5414/7691/2 5413/7690/2 5529/7798/2 5526/7796/2
f 5413/7690/2 5412/7689/2 5530/7799/2 5529/7798/2
f 5529/7798/2 5530/7799/2 5531/7800/2 5532/7801/2
f 5526/7796/2 5529/7798/2 5532/7801/2 5527/7797/2
f 5527/7797/2 5532/7801/2 5533/7802/2 5534/7803/2
f 5532/7801/2 5531/7800/2 5535/7804/2 5533/7802/2
f 5533/7802/2 5535/7804/2 5536/7805/2 5537/7806/2
f 5534/7803/2 5533/7802/2 5537/7806/2 5538/7807/2
f 2886/479/3 6092/3003/186 6350/2997/186 2887/480/3
f 5528/484/2 5527/7797/2 5534/7803/2 5539/1362/2
f 5539/1362/2 5534/7803/2 5538/7807/2 5540/1365/2
f 6868/1651/10 6866/1657/10 6091/3008/189 6351/3127/189
f 5412/7689/2 5432/7707/2 5541/7808/2 5530/7799/2
f 5432/7707/2 5430/7705/2 5542/7809/2 5541/7808/2
f 5541/7808/2 5542/7809/2 5543/7810/2 5544/7811/2
f 5530/7799/2 5541/7808/2 5544/7811/2 5531/7800/2
f 5430/7705/2 5429/7704/2 5545/7812/2 5542/7809/2
f 5429/7704/2 5428/7703/2 5546/7813/2 5545/7812/2
f 5545/7812/2 5546/7813/2 5547/7814/2 5548/7815/2
f 5542/7809/2 5545/7812/2 5548/7815/2 5543/7810/2
f 5543/7810/2 5548/7815/2 5549/7816/2 5550/7817/2
f 5548/7815/2 5547/7814/2 5551/7818/2 5549/7816/2
f 5549/7816/2 5551/7818/2 5552/7819/2 5553/7820/2
f 5550/7817/2 5549/7816/2 5553/7820/2 5554/7821/2
f 5531/7800/2 5544/7811/2 5555/7822/2 5535/7804/2
f 5544/7811/2 5543/7810/2 5550/7817/2 5555/7822/2
f 5555/7822/2 5550/7817/2 5554/7821/2 5556/7823/2
f 5535/7804/2 5555/7822/2 5556/7823/2 5536/7805/2
f 5428/7703/2 5448/7723/2 5557/7824/2 5546/7813/2
f 5448/7723/2 5446/7721/2 5558/7825/2 5557/7824/2
f 5557/7824/2 5558/7825/2 5559/7826/2 5560/7827/2
f 5546/7813/2 5557/7824/2 5560/7827/2 5547/7814/2
f 5446/7721/2 5445/7720/2 5561/7828/2 5558/7825/2
f 5445/7720/2 5444/7719/2 5562/7829/2 5561/7828/2
f 5561/7828/2 5562/7829/2 5563/7830/2 5564/7831/2
f 5558/7825/2 5561/7828/2 5564/7831/2 5559/7826/2
f 5559/7826/2 5564/7831/2 5565/7832/2 5566/7833/2
f 5564/7831/2 5563/7830/2 5567/7834/2 5565/7832/2
f 5565/7832/2 5567/7834/2 5568/7835/2 5569/7836/2
f 5566/7833/2 5565/7832/2 5569/7836/2 5570/7837/2
f 5547/7814/2 5560/7827/2 5571/7838/2 5551/7818/2
f 5560/7827/2 5559/7826/2 5566/7833/2 5571/7838/2
f 5571/7838/2 5566/7833/2 5570/7837/2 5572/7839/2
f 5551/7818/2 5571/7838/2 5572/7839/2 5552/7819/2
f 5444/7719/2 5464/7739/2 5573/7840/2 5562/7829/2
f 5464/7739/2 5462/7737/2 5574/7841/2 5573/7840/2
f 5573/7840/2 5574/7841/2 5575/7842/2 5576/7843/2
f 5562/7829/2 5573/7840/2 5576/7843/2 5563/7830/2
f 5462/7737/2 5461/7736/2 5577/7844/2 5574/7841/2
f 5461/7736/2 5460/7735/2 5578/7845/2 5577/7844/2
f 5577/7844/2 5578/7845/2 5579/7846/2 5580/7847/2
f 5574/7841/2 5577/7844/2 5580/7847/2 5575/7842/2
f 5575/7842/2 5580/7847/2 5581/7848/2 5582/7849/2
f 5580/7847/2 5579/7846/2 5583/7850/2 5581/7848/2
f 5581/7848/2 5583/7850/2 5584/7851/2 5585/7852/2
f 5582/7849/2 5581/7848/2 5585/7852/2 5586/7853/2
f 5563/7830/2 5576/7843/2 5587/7854/2 5567/7834/2
f 5576/7843/2 5575/7842/2 5582/7849/2 5587/7854/2
f 5587/7854/2 5582/7849/2 5586/7853/2 5588/7855/2
f 5567/7834/2 5587/7854/2 5588/7855/2 5568/7835/2
f 5460/7735/2 5480/7755/2 5589/7856/2 5578/7845/2
f 5480/7755/2 5478/7753/2 5590/7857/2 5589/7856/2
f 5589/7856/2 5590/7857/2 5591/7858/2 5592/7859/2
f 5578/7845/2 5589/7856/2 5592/7859/2 5579/7846/2
f 5478/7753/2 5477/7752/2 5593/7860/2 5590/7857/2
f 5477/7752/2 5476/7751/2 5594/7861/2 5593/7860/2
f 5593/7860/2 5594/7861/2 5595/7862/2 5596/7863/2
f 5590/7857/2 5593/7860/2 5596/7863/2 5591/7858/2
f 5591/7858/2 5596/7863/2 5597/7864/2 5598/7865/2
f 5596/7863/2 5595/7862/2 5599/7866/2 5597/7864/2
f 5597/7864/2 5599/7866/2 5600/7867/2 5601/7868/2
f 5598/7865/2 5597/7864/2 5601/7868/2 5602/7869/2
f 5579/7846/2 5592/7859/2 5603/7870/2 5583/7850/2
f 5592/7859/2 5591/7858/2 5598/7865/2 5603/7870/2
f 5603/7870/2 5598/7865/2 5602/7869/2 5604/7871/2
f 5583/7850/2 5603/7870/2 5604/7871/2 5584/7851/2
f 5476/7751/2 5496/7771/2 5605/7872/2 5594/7861/2
f 5496/7771/2 5494/7769/2 5606/7873/2 5605/7872/2
f 5605/7872/2 5606/7873/2 5607/7874/2 5608/7875/2
f 5594/7861/2 5605/7872/2 5608/7875/2 5595/7862/2
f 5494/7769/2 5493/7768/2 5609/7876/2 5606/7873/2
f 5493/7768/2 5492/7767/2 5610/7877/2 5609/7876/2
f 5609/7876/2 5610/7877/2 5611/7878/2 5612/7879/2
f 5606/7873/2 5609/7876/2 5612/7879/2 5607/7874/2
f 5607/7874/2 5612/7879/2 5613/7880/2 5614/7881/2
f 5612/7879/2 5611/7878/2 5615/7882/2 5613/7880/2
f 5613/7880/2 5615/7882/2 5616/7883/2 5617/7884/2
f 5614/7881/2 5613/7880/2 5617/7884/2 5618/7885/2
f 5595/7862/2 5608/7875/2 5619/7886/2 5599/7866/2
f 5608/7875/2 5607/7874/2 5614/7881/2 5619/7886/2
f 5619/7886/2 5614/7881/2 5618/7885/2 5620/7887/2
f 5599/7866/2 5619/7886/2 5620/7887/2 5600/7867/2
f 5492/7767/2 5512/7787/2 5621/7888/2 5610/7877/2
f 5512/7787/2 5510/7785/2 5622/7889/2 5621/7888/2
f 5621/7888/2 5622/7889/2 5623/7890/2 5624/7891/2
f 5610/7877/2 5621/7888/2 5624/7891/2 5611/7878/2
f 5510/7785/2 5509/7784/2 5625/7892/2 5622/7889/2
f 5509/7784/2 5508/7783/2 5626/7893/2 5625/7892/2
f 5625/7892/2 5626/7893/2 5627/7894/2 5628/7895/2
f 5622/7889/2 5625/7892/2 5628/7895/2 5623/7890/2
f 5623/7890/2 5628/7895/2 5629/7896/2 5630/7897/2
f 5628/7895/2 5627/7894/2 5631/7898/2 5629/7896/2
f 5629/7896/2 5631/7898/2 5632/7899/2 5633/7900/2
f 5630/7897/2 5629/7896/2 5633/7900/2 5634/7901/2
f 5611/7878/2 5624/7891/2 5635/7902/2 5615/7882/2
f 5624/7891/2 5623/7890/2 5630/7897/2 5635/7902/2
f 5635/7902/2 5630/7897/2 5634/7901/2 5636/7903/2
f 5615/7882/2 5635/7902/2 5636/7903/2 5616/7883/2
f 5508/7783/2 5524/7795/2 5637/7904/2 5626/7893/2
f 5524/7795/2 5522/7793/2 5638/7905/2 5637/7904/2
f 5637/7904/2 5638/7905/2 5639/7906/2 5640/7907/2
f 5626/7893/2 5637/7904/2 5640/7907/2 5627/7894/2
f 5522/7793/2 5521/1361/2 5641/1368/2 5638/7905/2
f 2888/1364/3 6352/3126/186 6092/3003/186 2886/479/3
f 6852/500/10 6868/1651/10 6351/3127/189 5901/2785/189
f 5638/7905/2 5641/1368/2 5642/1370/2 5639/7906/2
f 5639/7906/2 5642/1370/2 5643/1372/2 5644/7908/2
f 2874/1338/3 5902/2782/186 6352/3126/186 2888/1364/3
f 6870/1647/145 6818/1650/12 5907/2595/53 6353/3259/245
f 5644/7908/2 5643/1372/2 5645/1380/2 5646/7909/2
f 5627/7894/2 5640/7907/2 5647/7910/2 5631/7898/2
f 5640/7907/2 5639/7906/2 5644/7908/2 5647/7910/2
f 5647/7910/2 5644/7908/2 5646/7909/2 5648/7911/2
f 5631/7898/2 5647/7910/2 5648/7911/2 5632/7899/2
f 2832/1192/3 2893/1378/3 6354/3258/244 5908/2591/54
f 5540/1365/2 5538/7807/2 5650/7912/2 5649/1385/2
f 5649/1385/2 5650/7912/2 5651/7913/2 5652/1387/2
f 6872/1644/143 6870/1647/145 6353/3259/245 6093/3264/248
f 5538/7807/2 5537/7806/2 5653/7914/2 5650/7912/2
f 5537/7806/2 5536/7805/2 5654/7915/2 5653/7914/2
f 5653/7914/2 5654/7915/2 5655/7916/2 5656/7917/2
f 5650/7912/2 5653/7914/2 5656/7917/2 5651/7913/2
f 5651/7913/2 5656/7917/2 5657/7918/2 5658/7919/2
f 5656/7917/2 5655/7916/2 5659/7920/2 5657/7918/2
f 5657/7918/2 5659/7920/2 5660/7921/2 5661/7922/2
f 5658/7919/2 5657/7918/2 5661/7922/2 5662/7923/2
f 2893/1378/3 2892/1397/3 6094/3261/246 6354/3258/244
f 5652/1387/2 5651/7913/2 5658/7919/2 5663/1393/2
f 5663/1393/2 5658/7919/2 5662/7923/2 5664/1400/2
f 6874/1638/140 6872/1644/143 6093/3264/248 6355/3267/251
f 5536/7805/2 5556/7823/2 5665/7924/2 5654/7915/2
f 5556/7823/2 5554/7821/2 5666/7925/2 5665/7924/2
f 5665/7924/2 5666/7925/2 5667/7926/2 5668/7927/2
f 5654/7915/2 5665/7924/2 5668/7927/2 5655/7916/2
f 5554/7821/2 5553/7820/2 5669/7928/2 5666/7925/2
f 5553/7820/2 5552/7819/2 5670/7929/2 5669/7928/2
f 5669/7928/2 5670/7929/2 5671/7930/2 5672/7931/2
f 5666/7925/2 5669/7928/2 5672/7931/2 5667/7926/2
f 5667/7926/2 5672/7931/2 5673/7932/2 5674/7933/2
f 5672/7931/2 5671/7930/2 5675/7934/2 5673/7932/2
f 5673/7932/2 5675/7934/2 5676/7935/2 5677/7936/2
f 5674/7933/2 5673/7932/2 5677/7936/2 5678/7937/2
f 5655/7916/2 5668/7927/2 5679/7938/2 5659/7920/2
f 5668/7927/2 5667/7926/2 5674/7933/2 5679/7938/2
f 5679/7938/2 5674/7933/2 5678/7937/2 5680/7939/2
f 5659/7920/2 5679/7938/2 5680/7939/2 5660/7921/2
f 5552/7819/2 5572/7839/2 5681/7940/2 5670/7929/2
f 5572/7839/2 5570/7837/2 5682/7941/2 5681/7940/2
f 5681/7940/2 5682/7941/2 5683/7942/2 5684/7943/2
f 5670/7929/2 5681/7940/2 5684/7943/2 5671/7930/2
f 5570/7837/2 5569/7836/2 5685/7944/2 5682/7941/2
f 5569/7836/2 5568/7835/2 5686/7945/2 5685/7944/2
f 5685/7944/2 5686/7945/2 5687/7946/2 5688/7947/2
f 5682/7941/2 5685/7944/2 5688/7947/2 5683/7942/2
f 5683/7942/2 5688/7947/2 5689/7948/2 5690/7949/2
f 5688/7947/2 5687/7946/2 5691/7950/2 5689/7948/2
f 5689/7948/2 5691/7950/2 5692/7951/2 5693/7952/2
f 5690/7949/2 5689/7948/2 5693/7952/2 5694/7953/2
f 5671/7930/2 5684/7943/2 5695/7954/2 5675/7934/2
f 5684/7943/2 5683/7942/2 5690/7949/2 5695/7954/2
f 5695/7954/2 5690/7949/2 5694/7953/2 5696/7955/2
f 5675/7934/2 5695/7954/2 5696/7955/2 5676/7935/2
f 5600/7867/2 5620/7887/2 5697/7956/2 5698/7957/2
f 5620/7887/2 5618/7885/2 5699/7958/2 5697/7956/2
f 5697/7956/2 5699/7958/2 5700/7959/2 5701/7960/2
f 5698/7957/2 5697/7956/2 5701/7960/2 5702/7961/2
f 5618/7885/2 5617/7884/2 5703/7962/2 5699/7958/2
f 5617/7884/2 5616/7883/2 5704/7963/2 5703/7962/2
f 5703/7962/2 5704/7963/2 5705/7964/2 5706/7965/2
f 5699/7958/2 5703/7962/2 5706/7965/2 5700/7959/2
f 5700/7959/2 5706/7965/2 5707/7966/2 5708/7967/2
f 5706/7965/2 5705/7964/2 5709/7968/2 5707/7966/2
f 5707/7966/2 5709/7968/2 5710/7969/2 5711/7970/2
f 5708/7967/2 5707/7966/2 5711/7970/2 5712/7971/2
f 5702/7961/2 5701/7960/2 5713/7972/2 5714/7973/2
f 5701/7960/2 5700/7959/2 5708/7967/2 5713/7972/2
f 5713/7972/2 5708/7967/2 5712/7971/2 5715/7974/2
f 5714/7973/2 5713/7972/2 5715/7974/2 5716/7975/2
f 5616/7883/2 5636/7903/2 5717/7976/2 5704/7963/2
f 5636/7903/2 5634/7901/2 5718/7977/2 5717/7976/2
f 5717/7976/2 5718/7977/2 5719/7978/2 5720/7979/2
f 5704/7963/2 5717/7976/2 5720/7979/2 5705/7964/2
f 5634/7901/2 5633/7900/2 5721/7980/2 5718/7977/2
f 5633/7900/2 5632/7899/2 5722/7981/2 5721/7980/2
f 5721/7980/2 5722/7981/2 5723/7982/2 5724/7983/2
f 5718/7977/2 5721/7980/2 5724/7983/2 5719/7978/2
f 5719/7978/2 5724/7983/2 5725/7984/2 5726/7985/2
f 5724/7983/2 5723/7982/2 5727/7986/2 5725/7984/2
f 5725/7984/2 5727/7986/2 5728/7987/2 5729/7988/2
f 5726/7985/2 5725/7984/2 5729/7988/2 5730/7989/2
f 5705/7964/2 5720/7979/2 5731/7990/2 5709/7968/2
f 5720/7979/2 5719/7978/2 5726/7985/2 5731/7990/2
f 5731/7990/2 5726/7985/2 5730/7989/2 5732/7991/2
f 5709/7968/2 5731/7990/2 5732/7991/2 5710/7969/2
f 5632/7899/2 5648/7911/2 5733/7992/2 5722/7981/2
f 5648/7911/2 5646/7909/2 5734/7993/2 5733/7992/2
f 5733/7992/2 5734/7993/2 5735/7994/2 5736/7995/2
f 5722/7981/2 5733/7992/2 5736/7995/2 5723/7982/2
f 5646/7909/2 5645/1380/2 5737/1403/2 5734/7993/2
f 2892/1397/3 2895/1399/3 6356/3266/250 6094/3261/246
f 6875/1639/141 6874/1638/140 6355/3267/251 5905/3272/254
f 5734/7993/2 5737/1403/2 5738/1405/2 5735/7994/2
f 5735/7994/2 5738/1405/2 5739/1407/2 5740/7996/2
f 6878/1633/137 6875/1641/141 5905/3276/254 6357/3275/257
f 2895/1399/3 6358/3274/256 5906/3269/252 6356/3266/250
f 5740/7996/2 5739/1407/2 5741/1409/2 5742/7997/2
f 5723/7982/2 5736/7995/2 5743/7998/2 5727/7986/2
f 5736/7995/2 5735/7994/2 5740/7996/2 5743/7998/2
f 5743/7998/2 5740/7996/2 5742/7997/2 5744/7999/2
f 5727/7986/2 5743/7998/2 5744/7999/2 5728/7987/2
f 6880/1630/135 6878/1633/137 6357/3275/257 6095/3282/260
f 5664/1400/2 5662/7923/2 5746/8000/2 5745/1410/2
f 5745/1410/2 5746/8000/2 5747/8001/2 5748/1412/2
f 2894/1398/3 6096/3279/258 6358/3274/256 2895/1399/3
f 5662/7923/2 5661/7922/2 5749/8002/2 5746/8000/2
f 5661/7922/2 5660/7921/2 5750/8003/2 5749/8002/2
f 5749/8002/2 5750/8003/2 5751/8004/2 5752/8005/2
f 5746/8000/2 5749/8002/2 5752/8005/2 5747/8001/2
f 5747/8001/2 5752/8005/2 5753/1415/2 5754/1420/2
f 5752/8005/2 5751/8004/2 5755/1416/2 5753/1415/2
f 6882/1622/132 6880/1630/135 6095/3282/260 6359/3285/263
f 2896/1414/3 6360/3284/262 6096/3279/258 2894/1398/3
f 6862/1623/10 6882/1622/132 6359/3285/263 5903/2999/189
f 5748/1412/2 5747/8001/2 5754/1420/2 5756/1421/2
f 2885/1359/3 5904/2996/186 6360/3284/262 2896/1414/3
f 6101/3311/278 2897/1425/3 2899/1424/3 2898/1427/3
f 5660/7921/2 5680/7939/2 5757/8006/2 5750/8003/2
f 5680/7939/2 5678/7937/2 5758/8007/2 5757/8006/2
f 5757/8006/2 5758/8007/2 5759/8008/2 5760/8009/2
f 5750/8003/2 5757/8006/2 5760/8009/2 5751/8004/2
f 5678/7937/2 5677/7936/2 5761/8010/2 5758/8007/2
f 5677/7936/2 5676/7935/2 5762/8011/2 5761/8010/2
f 5761/8010/2 5762/8011/2 5763/8012/2 5764/8013/2
f 5758/8007/2 5761/8010/2 5764/8013/2 5759/8008/2
f 5759/8008/2 5764/8013/2 5765/1431/2 5766/1437/2
f 5764/8013/2 5763/8012/2 5767/1432/2 5765/1431/2
f 6103/3327/289 2900/1430/3 2902/1429/3 2901/1428/3
f 6105/3351/304 2903/1436/3 2905/1435/3 2904/8014/3
f 5751/8004/2 5760/8009/2 5768/1439/2 5755/1416/2
f 5760/8009/2 5759/8008/2 5766/1437/2 5768/1439/2
f 6892/1616/97 6889/1574/97 6085/3292/268 6361/3291/268
f 2905/1435/3 6362/3290/267 6086/3289/266 2904/8014/3
f 5676/7935/2 5696/7955/2 5769/8015/2 5762/8011/2
f 5696/7955/2 5694/7953/2 5770/8016/2 5769/8015/2
f 5769/8015/2 5770/8016/2 5771/8017/2 5772/8018/2
f 5762/8011/2 5769/8015/2 5772/8018/2 5763/8012/2
f 5694/7953/2 5693/7952/2 5773/8019/2 5770/8016/2
f 5693/7952/2 5692/7951/2 5774/8020/2 5773/8019/2
f 5773/8019/2 5774/8020/2 5775/8021/2 5776/8022/2
f 5770/8016/2 5773/8019/2 5776/8022/2 5771/8017/2
f 5771/8017/2 5776/8022/2 5777/1444/2 5778/1445/2
f 5776/8022/2 5775/8021/2 5779/1441/2 5777/1444/2
f 6844/1617/10 6892/1616/97 6361/3291/268 5895/2679/189
f 2905/1435/3 2863/1313/3 5896/2673/203 6362/3290/267
f 5763/8012/2 5772/8018/2 5780/1447/2 5767/1432/2
f 5772/8018/2 5771/8017/2 5778/1445/2 5780/1447/2
f 6109/3377/316 2907/8023/3 2908/1450/3 2906/1449/3
f 6896/1612/97 6860/1615/10 5899/2958/189 6363/3297/268
f 5716/7975/2 5715/7974/2 5781/8024/2 5782/8025/2
f 5715/7974/2 5712/7971/2 5783/8026/2 5781/8024/2
f 5781/8024/2 5783/8026/2 5784/8027/2 5785/8028/2
f 5782/8025/2 5781/8024/2 5785/8028/2 5786/8029/2
f 5712/7971/2 5711/7970/2 5787/8030/2 5783/8026/2
f 5711/7970/2 5710/7969/2 5788/8031/2 5787/8030/2
f 5787/8030/2 5788/8031/2 5789/8032/2 5790/8033/2
f 5783/8026/2 5787/8030/2 5790/8033/2 5784/8027/2
f 5784/8027/2 5790/8033/2 5791/1451/2 5792/1455/2
f 5790/8033/2 5789/8032/2 5793/1452/2 5791/1451/2
f 2908/1450/3 6364/3296/270 5900/2955/204 2877/1347/3
f 6898/1550/97 6896/1612/97 6363/3297/268 6087/3302/268
f 5786/8029/2 5785/8028/2 5794/1457/2 5795/1461/2
f 5785/8028/2 5784/8027/2 5792/1455/2 5794/1457/2
f 2908/1450/3 2907/8023/3 6088/3299/271 6364/3296/270
f 6902/1605/126 6899/1592/119 6097/3308/277 6365/3307/276
f 5710/7969/2 5732/7991/2 5796/8034/2 5788/8031/2
f 5732/7991/2 5730/7989/2 5797/8035/2 5796/8034/2
f 5796/8034/2 5797/8035/2 5798/8036/2 5799/8037/2
f 5788/8031/2 5796/8034/2 5799/8037/2 5789/8032/2
f 5730/7989/2 5729/7988/2 5800/8038/2 5797/8035/2
f 5729/7988/2 5728/7987/2 5801/8039/2 5800/8038/2
f 5800/8038/2 5801/8039/2 5802/8040/2 5803/8041/2
f 5797/8035/2 5800/8038/2 5803/8041/2 5798/8036/2
f 5798/8036/2 5803/8041/2 5804/1463/2 5805/1467/2
f 5803/8041/2 5802/8040/2 5806/1464/2 5804/1463/2
f 2910/1459/3 6366/3306/275 6098/3305/274 2909/1460/3
f 6884/1606/125 6902/1605/126 6365/3307/276 6102/3314/280
f 5789/8032/2 5799/8037/2 5807/1469/2 5793/1452/2
f 5799/8037/2 5798/8036/2 5805/1467/2 5807/1469/2
f 2897/1425/3 6101/3311/278 6366/3306/275 2910/1459/3
f 6904/1601/123 6884/1604/125 6102/3318/280 6367/3317/283
f 5728/7987/2 5744/7999/2 5808/8042/2 5801/8039/2
f 5744/7999/2 5742/7997/2 5809/8043/2 5808/8042/2
f 5808/8042/2 5809/8043/2 5810/8044/2 5811/8045/2
f 5801/8039/2 5808/8042/2 5811/8045/2 5802/8040/2
f 5742/7997/2 5741/1409/2 5812/1473/2 5809/8043/2
f 2898/1427/3 2912/1471/3 6368/3316/282 6101/3311/278
f 6906/1584/113 6904/1601/123 6367/3317/283 6107/3324/286
f 5809/8043/2 5812/1473/2 5813/1475/2 5810/8044/2
f 5810/8044/2 5813/1475/2 5814/1477/2 5815/1482/2
f 2912/1471/3 2911/1478/3 6108/3321/284 6368/3316/282
f 6908/1591/118 6886/1598/115 6104/3330/292 6369/3329/291
f 2901/1428/3 2913/1479/3 6370/3328/290 6103/3327/289
f 5802/8040/2 5811/8045/2 5816/1484/2 5806/1464/2
f 5811/8045/2 5810/8044/2 5815/1482/2 5816/1484/2
f 6899/1592/119 6908/1591/118 6369/3329/291 6097/3308/277
f 2913/1479/3 2909/1460/3 6098/3305/274 6370/3328/290
f 5568/7835/2 5588/7855/2 5817/1490/2 5686/7945/2
f 5588/7855/2 5586/7853/2 5818/1491/2 5817/1490/2
f 6912/1585/114 6909/1554/102 6111/3334/294 6371/3333/293
f 5686/7945/2 5817/1490/2 5819/1489/2 5687/7946/2
f 5602/7869/2 5601/7868/2 5820/1494/2 5821/1493/2
f 5601/7868/2 5600/7867/2 5698/7957/2 5820/1494/2
f 5820/1494/2 5698/7957/2 5702/7961/2 5822/1495/2
f 2915/1486/3 6372/3340/298 6112/3339/297 2914/1487/3
f 5775/8021/2 5823/1498/2 5824/1497/2 5779/1441/2
f 6886/1586/115 6912/1585/114 6371/3333/293 6104/3342/292
f 2900/1430/3 6103/3327/289 6372/3340/298 2915/1486/3
f 6914/1577/110 6906/1584/113 6107/3324/286 6373/3347/301
f 2916/1500/3 6374/3344/300 6108/3321/284 2911/1478/3
f 5826/1502/2 5786/8029/2 5795/1461/2 5827/1503/2
f 6888/1578/109 6914/1577/110 6373/3347/301 6106/3350/303
f 2903/1436/3 6105/3351/304 6374/3344/300 2916/1500/3
f 5586/7853/2 5585/7852/2 5829/1507/2 5818/1491/2
f 5585/7852/2 5584/7851/2 5830/1508/2 5829/1507/2
f 6889/1574/97 6915/1565/97 6377/3362/268 6085/3292/268
f 6086/3289/266 6378/3353/305 2918/8046/3 2904/8014/3
f 5687/7946/2 5819/1489/2 5831/1512/2 5691/7950/2
f 6918/1570/107 6888/1573/109 6106/3358/303 6375/3357/307
f 2904/8014/3 2918/8046/3 6376/3368/311 6105/3351/304
f 5691/7950/2 5831/1512/2 5832/487/2 5692/7951/2
f 5602/7869/2 5821/1493/2 5833/1514/2 5604/7871/2
f 6920/1537/96 6918/1570/107 6375/3357/307 6099/3366/310
f 2918/8046/3 2917/8047/3 6100/3369/312 6376/3368/311
f 5604/7871/2 5833/1514/2 5830/1508/2 5584/7851/2
f 5702/7961/2 5714/7973/2 5834/1515/2 5822/1495/2
f 5714/7973/2 5716/7975/2 5835/1516/2 5834/1515/2
f 6915/1565/97 6921/1539/10 5897/3373/189 6377/3362/268
f 6378/3353/305 5898/3372/186 2917/8047/3 2918/8046/3
f 5775/8021/2 5774/8020/2 5836/486/2 5823/1498/2
f 5774/8020/2 5692/7951/2 5832/487/2 5836/486/2
f 6924/1553/101 6894/1564/92 6110/3380/319 6379/3379/318
f 2906/1449/3 2919/1519/3 6380/3378/317 6109/3377/316
f 6909/1554/102 6924/1553/101 6379/3379/318 6111/3334/294
f 2919/1519/3 2914/1487/3 6112/3339/297 6380/3378/317
f 6926/1538/97 6898/1550/97 6087/3302/268 6381/3383/268
f 6088/3299/271 2907/8023/3 2920/8048/3 6382/3386/321
f 5786/8029/2 5826/1502/2 5839/1525/2 5782/8025/2
f 6921/1539/10 6926/1538/97 6381/3383/268 5897/3373/189
f 6382/3386/321 2920/8048/3 2917/8047/3 5898/3372/186
f 5782/8025/2 5839/1525/2 5835/1516/2 5716/7975/2
f 6928/1529/91 6920/1537/96 6099/3366/310 6383/3389/324
f 2920/8048/3 6384/3388/323 6100/3369/312 2917/8047/3
f 6894/1530/92 6928/1529/91 6383/3389/324 6110/3392/319
f 2907/8023/3 6109/3377/316 6384/3388/323 2920/8048/3
