# OBJ written from K:\2022\GRAPHIC MARKET\PROYECTS\migration\bookmark-007\bookmark-007.obj
# Units	meters

o cardboard bookmark
v -0.0299608 0.000889 0.00679619
v -0.0327188 0.000889 0.00679619
v -0.0327188 0.000889 0.00854019
v -0.0299608 0.000889 0.00854019
v -0.0409938 0.000889 0.00679619
v -0.0431038 0.000889 0.00679619
v -0.0431038 0.000889 0.00854019
v -0.0409938 0.000889 0.00854019
v -0.0382358 0.000889 0.00679619
v -0.0382358 0.000889 0.00854019
v -0.0354778 0.000889 0.00679619
v -0.0354778 0.000889 0.00854019
v -0.0299608 0.000889 0.0313812
v -0.0278648 0.000889 0.0313812
v -0.0278648 0.000889 0.0295232
v -0.0299608 0.000889 0.0295232
v -0.0327188 0.000889 0.0120342
v -0.0299608 0.000889 0.0120342
v -0.0433168 0.000889 0.0120342
v -0.0431038 0.000889 0.0120342
v -0.0433168 0.000889 0.00854019
v -0.0409938 0.000889 0.0120342
v -0.0382358 0.000889 0.0120342
v -0.0354778 0.000889 0.0120342
v -0.0276378 0.000889 0.00679619
v -0.0278648 0.000889 0.00679619
v -0.0278648 0.000889 0.00854019
v -0.0276378 0.000889 0.00854019
v -0.0276378 0.000889 0.0120342
v -0.0278648 0.000889 0.0120342
v -0.0327188 0.000889 0.0168232
v -0.0299608 0.000889 0.0168232
v -0.0433168 0.000889 0.0168232
v -0.0431038 0.000889 0.0168232
v -0.0409938 0.000889 0.0168232
v -0.0382358 0.000889 0.0168232
v -0.0354778 0.000889 0.0168232
v -0.0276378 0.000889 0.0168232
v -0.0278648 0.000889 0.0168232
v -0.0327188 0.000889 0.0199982
v -0.0299608 0.000889 0.0199982
v -0.0433168 0.000889 0.0199982
v -0.0431038 0.000889 0.0199982
v -0.0409938 0.000889 0.0199982
v -0.0382358 0.000889 0.0199982
v -0.0354778 0.000889 0.0199982
v -0.0276378 0.000889 0.0199982
v -0.0278648 0.000889 0.0199982
v -0.0327188 0.000889 0.0231732
v -0.0299608 0.000889 0.0231732
v -0.0433168 0.000889 0.0231732
v -0.0431038 0.000889 0.0231732
v -0.0409938 0.000889 0.0231732
v -0.0382358 0.000889 0.0231732
v -0.0354778 0.000889 0.0231732
v -0.0276378 0.000889 0.0231732
v -0.0278648 0.000889 0.0231732
v -0.0327188 0.000889 0.0263482
v -0.0299608 0.000889 0.0263482
v -0.0433168 0.000889 0.0263482
v -0.0431038 0.000889 0.0263482
v -0.0409938 0.000889 0.0263482
v -0.0382358 0.000889 0.0263482
v -0.0354778 0.000889 0.0263482
v -0.0276378 0.000889 0.0263482
v -0.0278648 0.000889 0.0263482
v -0.0327188 0.000889 0.0295232
v -0.0433168 0.000889 0.0295232
v -0.0431038 0.000889 0.0295232
v -0.0409938 0.000889 0.0295232
v -0.0382358 0.000889 0.0295232
v -0.0354778 0.000889 0.0295232
v -0.0276378 0.000889 0.0295232
v -0.0327188 0.000889 0.0313812
v -0.0433168 0.000889 0.0313812
v -0.0431038 0.000889 0.0313812
v -0.0409938 0.000889 0.0313812
v -0.0382358 0.000889 0.0313812
v -0.0354778 0.000889 0.0313812
v -0.0433168 0.000754 0.00657119
v -0.0431038 0.000754 0.00657119
v -0.0431038 0.000637 0.00657119
v -0.0433168 0.000637 0.00657119
v -0.0409938 0.000754 0.00657119
v -0.0382358 0.000754 0.00657119
v -0.0382358 0.000637 0.00657119
v -0.0409938 0.000637 0.00657119
v -0.0354778 0.000754 0.00657119
v -0.0354778 0.000637 0.00657119
v -0.0327188 0.000754 0.00657119
v -0.0327188 0.000637 0.00657119
v -0.0299608 0.000754 0.00657119
v -0.0299608 0.000637 0.00657119
v -0.0278648 0.000754 0.00657119
v -0.0278648 0.000637 0.00657119
v -0.0299608 0.000889 0.00657119
v -0.0327188 0.000889 0.00657119
v -0.0433168 0.000889 0.00679619
v -0.0431038 0.000889 0.00657119
v -0.0433168 0.000889 0.00657119
v -0.0382358 0.000889 0.00657119
v -0.0409938 0.000889 0.00657119
v -0.0354778 0.000889 0.00657119
v -0.0278648 0.000889 0.00657119
v -0.0276378 0.000754 0.00657119
v -0.0276378 0.000889 0.00657119
v -0.0431038 0.000637 0.00679619
v -0.0433168 0.000637 0.00679619
v -0.0382358 0.000637 0.00679619
v -0.0409938 0.000637 0.00679619
v -0.0354778 0.000637 0.00679619
v -0.0327188 0.000637 0.00679619
v -0.0299608 0.000637 0.00679619
v -0.0278648 0.000637 0.00679619
v -0.0431038 0.000637 0.00854019
v -0.0433168 0.000637 0.00854019
v -0.0382358 0.000637 0.00854019
v -0.0409938 0.000637 0.00854019
v -0.0354778 0.000637 0.00854019
v -0.0327188 0.000637 0.00854019
v -0.0299608 0.000637 0.00854019
v -0.0278648 0.000637 0.00854019
v -0.0431038 0.000637 0.0120342
v -0.0433168 0.000637 0.0120342
v -0.0382358 0.000637 0.0120342
v -0.0409938 0.000637 0.0120342
v -0.0354778 0.000637 0.0120342
v -0.0327188 0.000637 0.0120342
v -0.0299608 0.000637 0.0120342
v -0.0278648 0.000637 0.0120342
v -0.0431038 0.000637 0.0168232
v -0.0433168 0.000637 0.0168232
v -0.0382358 0.000637 0.0168232
v -0.0409938 0.000637 0.0168232
v -0.0354778 0.000637 0.0168232
v -0.0327188 0.000637 0.0168232
v -0.0299608 0.000637 0.0168232
v -0.0278648 0.000637 0.0168232
v -0.0431038 0.000637 0.0199982
v -0.0433168 0.000637 0.0199982
v -0.0382358 0.000637 0.0199982
v -0.0409938 0.000637 0.0199982
v -0.0354778 0.000637 0.0199982
v -0.0327188 0.000637 0.0199982
v -0.0299608 0.000637 0.0199982
v -0.0278648 0.000637 0.0199982
v -0.0431038 0.000637 0.0231732
v -0.0433168 0.000637 0.0231732
v -0.0382358 0.000637 0.0231732
v -0.0409938 0.000637 0.0231732
v -0.0354778 0.000637 0.0231732
v -0.0327188 0.000637 0.0231732
v -0.0299608 0.000637 0.0231732
v -0.0278648 0.000637 0.0231732
v -0.0431038 0.000637 0.0263482
v -0.0433168 0.000637 0.0263482
v -0.0382358 0.000637 0.0263482
v -0.0409938 0.000637 0.0263482
v -0.0354778 0.000637 0.0263482
v -0.0327188 0.000637 0.0263482
v -0.0299608 0.000637 0.0263482
v -0.0278648 0.000637 0.0263482
v -0.0431038 0.000637 0.0295232
v -0.0433168 0.000637 0.0295232
v -0.0382358 0.000637 0.0295232
v -0.0409938 0.000637 0.0295232
v -0.0354778 0.000637 0.0295232
v -0.0327188 0.000637 0.0295232
v -0.0299608 0.000637 0.0295232
v -0.0278648 0.000637 0.0295232
v -0.0431038 0.000637 0.0313812
v -0.0433168 0.000637 0.0313812
v -0.0382358 0.000637 0.0313812
v -0.0409938 0.000637 0.0313812
v -0.0354778 0.000637 0.0313812
v -0.0327188 0.000637 0.0313812
v -0.0299608 0.000637 0.0313812
v -0.0278648 0.000637 0.0313812
v -0.0276378 0.000637 0.00854019
v -0.0276378 0.000637 0.00679619
v -0.0276378 0.000763 0.00679619
v -0.0276378 0.000763 0.00854019
v -0.0276378 0.000637 0.0120342
v -0.0276378 0.000763 0.0120342
v -0.0276378 0.000637 0.0168232
v -0.0276378 0.000763 0.0168232
v -0.0276378 0.000637 0.0199982
v -0.0276378 0.000763 0.0199982
v -0.0276378 0.000637 0.0231732
v -0.0276378 0.000763 0.0231732
v -0.0276378 0.000637 0.0263482
v -0.0276378 0.000763 0.0263482
v -0.0276378 0.000637 0.0295232
v -0.0276378 0.000763 0.0295232
v -0.0276378 0.000637 0.0313812
v -0.0276378 0.000763 0.0313812
v -0.0276378 0.000889 0.0313812
v -0.0276378 0.000637 0.00657119
v -0.0433168 0.000763 0.0313812
v -0.0433168 0.000763 0.0295232
v -0.0433168 0.000763 0.0263482
v -0.0433168 0.000763 0.0231732
v -0.0433168 0.000763 0.0199982
v -0.0433168 0.000763 0.0168232
v -0.0433168 0.000763 0.0120342
v -0.0433168 0.000763 0.00854019
v -0.0433168 0.000763 0.00679619
v -0.0299608 0.000889 0.0559662
v -0.0299608 0.000889 0.0542222
v -0.0327188 0.000889 0.0542222
v -0.0327188 0.000889 0.0559662
v -0.0409938 0.000889 0.0559662
v -0.0409938 0.000889 0.0542222
v -0.0431038 0.000889 0.0542222
v -0.0431038 0.000889 0.0559662
v -0.0382358 0.000889 0.0559662
v -0.0382358 0.000889 0.0542222
v -0.0354778 0.000889 0.0559662
v -0.0354778 0.000889 0.0542222
v -0.0299608 0.000889 0.0332392
v -0.0278648 0.000889 0.0332392
v -0.0299608 0.000889 0.0507282
v -0.0327188 0.000889 0.0507282
v -0.0433168 0.000889 0.0507282
v -0.0433168 0.000889 0.0542222
v -0.0431038 0.000889 0.0507282
v -0.0382358 0.000889 0.0507282
v -0.0409938 0.000889 0.0507282
v -0.0354778 0.000889 0.0507282
v -0.0276378 0.000889 0.0559662
v -0.0276378 0.000889 0.0542222
v -0.0278648 0.000889 0.0542222
v -0.0278648 0.000889 0.0559662
v -0.0276378 0.000889 0.0507282
v -0.0278648 0.000889 0.0507282
v -0.0299608 0.000889 0.0459392
v -0.0327188 0.000889 0.0459392
v -0.0431038 0.000889 0.0459392
v -0.0433168 0.000889 0.0459392
v -0.0382358 0.000889 0.0459392
v -0.0409938 0.000889 0.0459392
v -0.0354778 0.000889 0.0459392
v -0.0276378 0.000889 0.0459392
v -0.0278648 0.000889 0.0459392
v -0.0299608 0.000889 0.0427642
v -0.0327188 0.000889 0.0427642
v -0.0431038 0.000889 0.0427642
v -0.0433168 0.000889 0.0427642
v -0.0382358 0.000889 0.0427642
v -0.0409938 0.000889 0.0427642
v -0.0354778 0.000889 0.0427642
v -0.0276378 0.000889 0.0427642
v -0.0278648 0.000889 0.0427642
v -0.0299608 0.000889 0.0395892
v -0.0327188 0.000889 0.0395892
v -0.0431038 0.000889 0.0395892
v -0.0433168 0.000889 0.0395892
v -0.0382358 0.000889 0.0395892
v -0.0409938 0.000889 0.0395892
v -0.0354778 0.000889 0.0395892
v -0.0276378 0.000889 0.0395892
v -0.0278648 0.000889 0.0395892
v -0.0299608 0.000889 0.0364142
v -0.0327188 0.000889 0.0364142
v -0.0431038 0.000889 0.0364142
v -0.0433168 0.000889 0.0364142
v -0.0382358 0.000889 0.0364142
v -0.0409938 0.000889 0.0364142
v -0.0354778 0.000889 0.0364142
v -0.0276378 0.000889 0.0364142
v -0.0278648 0.000889 0.0364142
v -0.0327188 0.000889 0.0332392
v -0.0431038 0.000889 0.0332392
v -0.0433168 0.000889 0.0332392
v -0.0382358 0.000889 0.0332392
v -0.0409938 0.000889 0.0332392
v -0.0354778 0.000889 0.0332392
v -0.0276378 0.000889 0.0332392
v -0.0433168 0.000754 0.0561912
v -0.0433168 0.000637 0.0561912
v -0.0431038 0.000637 0.0561912
v -0.0431038 0.000754 0.0561912
v -0.0409938 0.000754 0.0561912
v -0.0409938 0.000637 0.0561912
v -0.0382358 0.000637 0.0561912
v -0.0382358 0.000754 0.0561912
v -0.0354778 0.000637 0.0561912
v -0.0354778 0.000754 0.0561912
v -0.0327188 0.000637 0.0561912
v -0.0327188 0.000754 0.0561912
v -0.0299608 0.000637 0.0561912
v -0.0299608 0.000754 0.0561912
v -0.0278648 0.000637 0.0561912
v -0.0278648 0.000754 0.0561912
v -0.0327188 0.000889 0.0561912
v -0.0299608 0.000889 0.0561912
v -0.0433168 0.000889 0.0559662
v -0.0433168 0.000889 0.0561912
v -0.0431038 0.000889 0.0561912
v -0.0409938 0.000889 0.0561912
v -0.0382358 0.000889 0.0561912
v -0.0354778 0.000889 0.0561912
v -0.0278648 0.000889 0.0561912
v -0.0276378 0.000754 0.0561912
v -0.0276378 0.000889 0.0561912
v -0.0433168 0.000637 0.0559662
v -0.0431038 0.000637 0.0559662
v -0.0409938 0.000637 0.0559662
v -0.0382358 0.000637 0.0559662
v -0.0354778 0.000637 0.0559662
v -0.0327188 0.000637 0.0559662
v -0.0299608 0.000637 0.0559662
v -0.0278648 0.000637 0.0559662
v -0.0433168 0.000637 0.0542222
v -0.0431038 0.000637 0.0542222
v -0.0409938 0.000637 0.0542222
v -0.0382358 0.000637 0.0542222
v -0.0354778 0.000637 0.0542222
v -0.0327188 0.000637 0.0542222
v -0.0299608 0.000637 0.0542222
v -0.0278648 0.000637 0.0542222
v -0.0433168 0.000637 0.0507282
v -0.0431038 0.000637 0.0507282
v -0.0409938 0.000637 0.0507282
v -0.0382358 0.000637 0.0507282
v -0.0354778 0.000637 0.0507282
v -0.0327188 0.000637 0.0507282
v -0.0299608 0.000637 0.0507282
v -0.0278648 0.000637 0.0507282
v -0.0433168 0.000637 0.0459392
v -0.0431038 0.000637 0.0459392
v -0.0409938 0.000637 0.0459392
v -0.0382358 0.000637 0.0459392
v -0.0354778 0.000637 0.0459392
v -0.0327188 0.000637 0.0459392
v -0.0299608 0.000637 0.0459392
v -0.0278648 0.000637 0.0459392
v -0.0433168 0.000637 0.0427642
v -0.0431038 0.000637 0.0427642
v -0.0409938 0.000637 0.0427642
v -0.0382358 0.000637 0.0427642
v -0.0354778 0.000637 0.0427642
v -0.0327188 0.000637 0.0427642
v -0.0299608 0.000637 0.0427642
v -0.0278648 0.000637 0.0427642
v -0.0433168 0.000637 0.0395892
v -0.0431038 0.000637 0.0395892
v -0.0409938 0.000637 0.0395892
v -0.0382358 0.000637 0.0395892
v -0.0354778 0.000637 0.0395892
v -0.0327188 0.000637 0.0395892
v -0.0299608 0.000637 0.0395892
v -0.0278648 0.000637 0.0395892
v -0.0433168 0.000637 0.0364142
v -0.0431038 0.000637 0.0364142
v -0.0409938 0.000637 0.0364142
v -0.0382358 0.000637 0.0364142
v -0.0354778 0.000637 0.0364142
v -0.0327188 0.000637 0.0364142
v -0.0299608 0.000637 0.0364142
v -0.0278648 0.000637 0.0364142
v -0.0433168 0.000637 0.0332392
v -0.0431038 0.000637 0.0332392
v -0.0409938 0.000637 0.0332392
v -0.0382358 0.000637 0.0332392
v -0.0354778 0.000637 0.0332392
v -0.0327188 0.000637 0.0332392
v -0.0299608 0.000637 0.0332392
v -0.0278648 0.000637 0.0332392
v -0.0276378 0.000637 0.0542222
v -0.0276378 0.000763 0.0542222
v -0.0276378 0.000763 0.0559662
v -0.0276378 0.000637 0.0559662
v -0.0276378 0.000637 0.0507282
v -0.0276378 0.000763 0.0507282
v -0.0276378 0.000637 0.0459392
v -0.0276378 0.000763 0.0459392
v -0.0276378 0.000637 0.0427642
v -0.0276378 0.000763 0.0427642
v -0.0276378 0.000637 0.0395892
v -0.0276378 0.000763 0.0395892
v -0.0276378 0.000637 0.0364142
v -0.0276378 0.000763 0.0364142
v -0.0276378 0.000637 0.0332392
v -0.0276378 0.000763 0.0332392
v -0.0276378 0.000637 0.0561912
v -0.0433168 0.000763 0.0332392
v -0.0433168 0.000763 0.0364142
v -0.0433168 0.000763 0.0395892
v -0.0433168 0.000763 0.0427642
v -0.0433168 0.000763 0.0459392
v -0.0433168 0.000763 0.0507282
v -0.0433168 0.000763 0.0542222
v -0.0433168 0.000763 0.0559662
v -0.0435018 0.000543 0.00642219
v -0.0432898 0.000543 0.00642219
v -0.0432898 0.000449 0.00642219
v -0.0435018 0.000449 0.00642219
v -0.0409938 0.000543 0.00642219
v -0.0382358 0.000543 0.00642219
v -0.0382358 0.000449 0.00642219
v -0.0409938 0.000449 0.00642219
v -0.0354778 0.000543 0.00642219
v -0.0354778 0.000449 0.00642219
v -0.0327188 0.000543 0.00642219
v -0.0327188 0.000449 0.00642219
v -0.0299608 0.000543 0.00642219
v -0.0299608 0.000449 0.00642219
v -0.0276448 0.000543 0.00642219
v -0.0276448 0.000449 0.00642219
v -0.0432898 0.000449 0.00664719
v -0.0435018 0.000449 0.00664719
v -0.0382358 0.000449 0.00664719
v -0.0409938 0.000449 0.00664719
v -0.0354778 0.000449 0.00664719
v -0.0327188 0.000449 0.00664719
v -0.0299608 0.000449 0.00664719
v -0.0276448 0.000449 0.00664719
v -0.0432898 0.000449 0.00854019
v -0.0435018 0.000449 0.00854019
v -0.0382358 0.000449 0.00854019
v -0.0409938 0.000449 0.00854019
v -0.0354778 0.000449 0.00854019
v -0.0327188 0.000449 0.00854019
v -0.0299608 0.000449 0.00854019
v -0.0276448 0.000449 0.00854019
v -0.0432898 0.000449 0.0120342
v -0.0435018 0.000449 0.0120342
v -0.0382358 0.000449 0.0120342
v -0.0409938 0.000449 0.0120342
v -0.0354778 0.000449 0.0120342
v -0.0327188 0.000449 0.0120342
v -0.0299608 0.000449 0.0120342
v -0.0276448 0.000449 0.0120342
v -0.0432898 0.000449 0.0168232
v -0.0435018 0.000449 0.0168232
v -0.0382358 0.000449 0.0168232
v -0.0409938 0.000449 0.0168232
v -0.0354778 0.000449 0.0168232
v -0.0327188 0.000449 0.0168232
v -0.0299608 0.000449 0.0168232
v -0.0276448 0.000449 0.0168232
v -0.0432898 0.000449 0.0199982
v -0.0435018 0.000449 0.0199982
v -0.0382358 0.000449 0.0199982
v -0.0409938 0.000449 0.0199982
v -0.0354778 0.000449 0.0199982
v -0.0327188 0.000449 0.0199982
v -0.0299608 0.000449 0.0199982
v -0.0276448 0.000449 0.0199982
v -0.0432898 0.000449 0.0231732
v -0.0435018 0.000449 0.0231732
v -0.0382358 0.000449 0.0231732
v -0.0409938 0.000449 0.0231732
v -0.0354778 0.000449 0.0231732
v -0.0327188 0.000449 0.0231732
v -0.0299608 0.000449 0.0231732
v -0.0276448 0.000449 0.0231732
v -0.0432898 0.000449 0.0263482
v -0.0435018 0.000449 0.0263482
v -0.0382358 0.000449 0.0263482
v -0.0409938 0.000449 0.0263482
v -0.0354778 0.000449 0.0263482
v -0.0327188 0.000449 0.0263482
v -0.0299608 0.000449 0.0263482
v -0.0276448 0.000449 0.0263482
v -0.0432898 0.000449 0.0295232
v -0.0435018 0.000449 0.0295232
v -0.0382358 0.000449 0.0295232
v -0.0409938 0.000449 0.0295232
v -0.0354778 0.000449 0.0295232
v -0.0327188 0.000449 0.0295232
v -0.0299608 0.000449 0.0295232
v -0.0276448 0.000449 0.0295232
v -0.0432898 0.000449 0.0313812
v -0.0435018 0.000449 0.0313812
v -0.0382358 0.000449 0.0313812
v -0.0409938 0.000449 0.0313812
v -0.0354778 0.000449 0.0313812
v -0.0327188 0.000449 0.0313812
v -0.0299608 0.000449 0.0313812
v -0.0276448 0.000449 0.0313812
v -0.0274178 0.000449 0.00854019
v -0.0274178 0.000449 0.00664719
v -0.0274178 0.000543 0.00664719
v -0.0274178 0.000543 0.00854019
v -0.0274178 0.000449 0.0120342
v -0.0274178 0.000543 0.0120342
v -0.0274178 0.000449 0.0168232
v -0.0274178 0.000543 0.0168232
v -0.0274178 0.000449 0.0199982
v -0.0274178 0.000543 0.0199982
v -0.0274178 0.000449 0.0231732
v -0.0274178 0.000543 0.0231732
v -0.0274178 0.000449 0.0263482
v -0.0274178 0.000543 0.0263482
v -0.0274178 0.000449 0.0295232
v -0.0274178 0.000543 0.0295232
v -0.0274178 0.000449 0.0313812
v -0.0274178 0.000543 0.0313812
v -0.0274178 0.000543 0.00642219
v -0.0274178 0.000449 0.00642219
v -0.0435018 0.000543 0.0313812
v -0.0435018 0.000543 0.0295232
v -0.0435018 0.000543 0.0263482
v -0.0435018 0.000543 0.0231732
v -0.0435018 0.000543 0.0199982
v -0.0435018 0.000543 0.0168232
v -0.0435018 0.000543 0.0120342
v -0.0435018 0.000543 0.00854019
v -0.0435018 0.000543 0.00664719
v -0.0435018 0.000543 0.0564062
v -0.0435018 0.000449 0.0564062
v -0.0432898 0.000449 0.0564062
v -0.0432898 0.000543 0.0564062
v -0.0409938 0.000543 0.0564062
v -0.0409938 0.000449 0.0564062
v -0.0382358 0.000449 0.0564062
v -0.0382358 0.000543 0.0564062
v -0.0354778 0.000449 0.0564062
v -0.0354778 0.000543 0.0564062
v -0.0327188 0.000449 0.0564062
v -0.0327188 0.000543 0.0564062
v -0.0299608 0.000449 0.0564062
v -0.0299608 0.000543 0.0564062
v -0.0276448 0.000449 0.0564062
v -0.0276448 0.000543 0.0564062
v -0.0435018 0.000449 0.0561822
v -0.0432898 0.000449 0.0561822
v -0.0409938 0.000449 0.0561822
v -0.0382358 0.000449 0.0561822
v -0.0354778 0.000449 0.0561822
v -0.0327188 0.000449 0.0561822
v -0.0299608 0.000449 0.0561822
v -0.0276448 0.000449 0.0561822
v -0.0435018 0.000449 0.0542222
v -0.0432898 0.000449 0.0542222
v -0.0409938 0.000449 0.0542222
v -0.0382358 0.000449 0.0542222
v -0.0354778 0.000449 0.0542222
v -0.0327188 0.000449 0.0542222
v -0.0299608 0.000449 0.0542222
v -0.0276448 0.000449 0.0542222
v -0.0435018 0.000449 0.0507282
v -0.0432898 0.000449 0.0507282
v -0.0409938 0.000449 0.0507282
v -0.0382358 0.000449 0.0507282
v -0.0354778 0.000449 0.0507282
v -0.0327188 0.000449 0.0507282
v -0.0299608 0.000449 0.0507282
v -0.0276448 0.000449 0.0507282
v -0.0435018 0.000449 0.0459392
v -0.0432898 0.000449 0.0459392
v -0.0409938 0.000449 0.0459392
v -0.0382358 0.000449 0.0459392
v -0.0354778 0.000449 0.0459392
v -0.0327188 0.000449 0.0459392
v -0.0299608 0.000449 0.0459392
v -0.0276448 0.000449 0.0459392
v -0.0435018 0.000449 0.0427642
v -0.0432898 0.000449 0.0427642
v -0.0409938 0.000449 0.0427642
v -0.0382358 0.000449 0.0427642
v -0.0354778 0.000449 0.0427642
v -0.0327188 0.000449 0.0427642
v -0.0299608 0.000449 0.0427642
v -0.0276448 0.000449 0.0427642
v -0.0435018 0.000449 0.0395892
v -0.0432898 0.000449 0.0395892
v -0.0409938 0.000449 0.0395892
v -0.0382358 0.000449 0.0395892
v -0.0354778 0.000449 0.0395892
v -0.0327188 0.000449 0.0395892
v -0.0299608 0.000449 0.0395892
v -0.0276448 0.000449 0.0395892
v -0.0435018 0.000449 0.0364142
v -0.0432898 0.000449 0.0364142
v -0.0409938 0.000449 0.0364142
v -0.0382358 0.000449 0.0364142
v -0.0354778 0.000449 0.0364142
v -0.0327188 0.000449 0.0364142
v -0.0299608 0.000449 0.0364142
v -0.0276448 0.000449 0.0364142
v -0.0435018 0.000449 0.0332392
v -0.0432898 0.000449 0.0332392
v -0.0409938 0.000449 0.0332392
v -0.0382358 0.000449 0.0332392
v -0.0354778 0.000449 0.0332392
v -0.0327188 0.000449 0.0332392
v -0.0299608 0.000449 0.0332392
v -0.0276448 0.000449 0.0332392
v -0.0274178 0.000449 0.0542222
v -0.0274178 0.000543 0.0542222
v -0.0274178 0.000543 0.0561822
v -0.0274178 0.000449 0.0561822
v -0.0274178 0.000449 0.0507282
v -0.0274178 0.000543 0.0507282
v -0.0274178 0.000449 0.0459392
v -0.0274178 0.000543 0.0459392
v -0.0274178 0.000449 0.0427642
v -0.0274178 0.000543 0.0427642
v -0.0274178 0.000449 0.0395892
v -0.0274178 0.000543 0.0395892
v -0.0274178 0.000449 0.0364142
v -0.0274178 0.000543 0.0364142
v -0.0274178 0.000449 0.0332392
v -0.0274178 0.000543 0.0332392
v -0.0274178 0.000543 0.0564062
v -0.0274178 0.000449 0.0564062
v -0.0435018 0.000543 0.0332392
v -0.0435018 0.000543 0.0364142
v -0.0435018 0.000543 0.0395892
v -0.0435018 0.000543 0.0427642
v -0.0435018 0.000543 0.0459392
v -0.0435018 0.000543 0.0507282
v -0.0435018 0.000543 0.0542222
v -0.0435018 0.000543 0.0561822
v -0.0435018 0.000637 0.00642219
v -0.0432898 0.000637 0.00642219
v -0.0409938 0.000637 0.00642219
v -0.0382358 0.000637 0.00642219
v -0.0354778 0.000637 0.00642219
v -0.0327188 0.000637 0.00642219
v -0.0299608 0.000637 0.00642219
v -0.0276448 0.000637 0.00642219
v -0.0435018 0.000637 0.00664719
v -0.0432898 0.000637 0.00664719
v -0.0409938 0.000637 0.00664719
v -0.0382358 0.000637 0.00664719
v -0.0354778 0.000637 0.00664719
v -0.0327188 0.000637 0.00664719
v -0.0299608 0.000637 0.00664719
v -0.0276448 0.000637 0.00664719
v -0.0435018 0.000637 0.00854019
v -0.0432898 0.000637 0.00854019
v -0.0409938 0.000637 0.00854019
v -0.0382358 0.000637 0.00854019
v -0.0354778 0.000637 0.00854019
v -0.0327188 0.000637 0.00854019
v -0.0299608 0.000637 0.00854019
v -0.0276448 0.000637 0.00854019
v -0.0435018 0.000637 0.0120342
v -0.0432898 0.000637 0.0120342
v -0.0409938 0.000637 0.0120342
v -0.0382358 0.000637 0.0120342
v -0.0354778 0.000637 0.0120342
v -0.0327188 0.000637 0.0120342
v -0.0299608 0.000637 0.0120342
v -0.0276448 0.000637 0.0120342
v -0.0435018 0.000637 0.0168232
v -0.0432898 0.000637 0.0168232
v -0.0409938 0.000637 0.0168232
v -0.0382358 0.000637 0.0168232
v -0.0354778 0.000637 0.0168232
v -0.0327188 0.000637 0.0168232
v -0.0299608 0.000637 0.0168232
v -0.0276448 0.000637 0.0168232
v -0.0435018 0.000637 0.0199982
v -0.0432898 0.000637 0.0199982
v -0.0409938 0.000637 0.0199982
v -0.0382358 0.000637 0.0199982
v -0.0354778 0.000637 0.0199982
v -0.0327188 0.000637 0.0199982
v -0.0299608 0.000637 0.0199982
v -0.0276448 0.000637 0.0199982
v -0.0435018 0.000637 0.0231732
v -0.0432898 0.000637 0.0231732
v -0.0409938 0.000637 0.0231732
v -0.0382358 0.000637 0.0231732
v -0.0354778 0.000637 0.0231732
v -0.0327188 0.000637 0.0231732
v -0.0299608 0.000637 0.0231732
v -0.0276448 0.000637 0.0231732
v -0.0435018 0.000637 0.0263482
v -0.0432898 0.000637 0.0263482
v -0.0409938 0.000637 0.0263482
v -0.0382358 0.000637 0.0263482
v -0.0354778 0.000637 0.0263482
v -0.0327188 0.000637 0.0263482
v -0.0299608 0.000637 0.0263482
v -0.0276448 0.000637 0.0263482
v -0.0435018 0.000637 0.0295232
v -0.0432898 0.000637 0.0295232
v -0.0409938 0.000637 0.0295232
v -0.0382358 0.000637 0.0295232
v -0.0354778 0.000637 0.0295232
v -0.0327188 0.000637 0.0295232
v -0.0299608 0.000637 0.0295232
v -0.0276448 0.000637 0.0295232
v -0.0435018 0.000637 0.0313812
v -0.0432898 0.000637 0.0313812
v -0.0409938 0.000637 0.0313812
v -0.0382358 0.000637 0.0313812
v -0.0354778 0.000637 0.0313812
v -0.0327188 0.000637 0.0313812
v -0.0299608 0.000637 0.0313812
v -0.0276448 0.000637 0.0313812
v -0.0274178 0.000637 0.00854019
v -0.0274178 0.000637 0.00664719
v -0.0274178 0.000637 0.0120342
v -0.0274178 0.000637 0.0168232
v -0.0274178 0.000637 0.0199982
v -0.0274178 0.000637 0.0231732
v -0.0274178 0.000637 0.0263482
v -0.0274178 0.000637 0.0295232
v -0.0274178 0.000637 0.0313812
v -0.0274178 0.000637 0.00642219
v -0.0432898 0.000637 0.0564062
v -0.0435018 0.000637 0.0564062
v -0.0382358 0.000637 0.0564062
v -0.0409938 0.000637 0.0564062
v -0.0354778 0.000637 0.0564062
v -0.0327188 0.000637 0.0564062
v -0.0299608 0.000637 0.0564062
v -0.0276448 0.000637 0.0564062
v -0.0432898 0.000637 0.0561822
v -0.0435018 0.000637 0.0561822
v -0.0382358 0.000637 0.0561822
v -0.0409938 0.000637 0.0561822
v -0.0354778 0.000637 0.0561822
v -0.0327188 0.000637 0.0561822
v -0.0299608 0.000637 0.0561822
v -0.0276448 0.000637 0.0561822
v -0.0432898 0.000637 0.0542222
v -0.0435018 0.000637 0.0542222
v -0.0382358 0.000637 0.0542222
v -0.0409938 0.000637 0.0542222
v -0.0354778 0.000637 0.0542222
v -0.0327188 0.000637 0.0542222
v -0.0299608 0.000637 0.0542222
v -0.0276448 0.000637 0.0542222
v -0.0432898 0.000637 0.0507282
v -0.0435018 0.000637 0.0507282
v -0.0382358 0.000637 0.0507282
v -0.0409938 0.000637 0.0507282
v -0.0354778 0.000637 0.0507282
v -0.0327188 0.000637 0.0507282
v -0.0299608 0.000637 0.0507282
v -0.0276448 0.000637 0.0507282
v -0.0432898 0.000637 0.0459392
v -0.0435018 0.000637 0.0459392
v -0.0382358 0.000637 0.0459392
v -0.0409938 0.000637 0.0459392
v -0.0354778 0.000637 0.0459392
v -0.0327188 0.000637 0.0459392
v -0.0299608 0.000637 0.0459392
v -0.0276448 0.000637 0.0459392
v -0.0432898 0.000637 0.0427642
v -0.0435018 0.000637 0.0427642
v -0.0382358 0.000637 0.0427642
v -0.0409938 0.000637 0.0427642
v -0.0354778 0.000637 0.0427642
v -0.0327188 0.000637 0.0427642
v -0.0299608 0.000637 0.0427642
v -0.0276448 0.000637 0.0427642
v -0.0432898 0.000637 0.0395892
v -0.0435018 0.000637 0.0395892
v -0.0382358 0.000637 0.0395892
v -0.0409938 0.000637 0.0395892
v -0.0354778 0.000637 0.0395892
v -0.0327188 0.000637 0.0395892
v -0.0299608 0.000637 0.0395892
v -0.0276448 0.000637 0.0395892
v -0.0432898 0.000637 0.0364142
v -0.0435018 0.000637 0.0364142
v -0.0382358 0.000637 0.0364142
v -0.0409938 0.000637 0.0364142
v -0.0354778 0.000637 0.0364142
v -0.0327188 0.000637 0.0364142
v -0.0299608 0.000637 0.0364142
v -0.0276448 0.000637 0.0364142
v -0.0432898 0.000637 0.0332392
v -0.0435018 0.000637 0.0332392
v -0.0382358 0.000637 0.0332392
v -0.0409938 0.000637 0.0332392
v -0.0354778 0.000637 0.0332392
v -0.0327188 0.000637 0.0332392
v -0.0299608 0.000637 0.0332392
v -0.0276448 0.000637 0.0332392
v -0.0274178 0.000637 0.0542222
v -0.0274178 0.000637 0.0561822
v -0.0274178 0.000637 0.0507282
v -0.0274178 0.000637 0.0459392
v -0.0274178 0.000637 0.0427642
v -0.0274178 0.000637 0.0395892
v -0.0274178 0.000637 0.0364142
v -0.0274178 0.000637 0.0332392
v -0.0274178 0.000637 0.0564062
v -0.0291698 0.000449 0.00679619
v -0.0319288 0.000449 0.00679619
v -0.0319288 0.000449 0.00854019
v -0.0291698 0.000449 0.00854019
v -0.0877488 0.000449 0.0208862
v -0.0890498 0.000449 0.0194172
v -0.0910658 0.000449 0.0212642
v -0.0897638 0.000449 0.0227392
v -0.0733038 0.000449 0.00679619
v -0.0760558 0.000449 0.00756319
v -0.0755178 0.000449 0.00938919
v -0.0733008 0.000449 0.00856019
v 0.0178692 0.000449 0.0248062
v 0.0207012 0.000449 0.0216312
v 0.0207012 0.000449 0.0199982
v 0.0178692 0.000449 0.0231732
v 0.0540402 0.000449 0.00679619
v 0.0540272 0.000449 0.00854019
v 0.0569012 0.000449 0.00854019
v 0.0569012 0.000449 0.00679619
v -0.0705458 0.000449 0.00679619
v -0.0705458 0.000449 0.00854019
v -0.0677868 0.000449 0.00679619
v -0.0677868 0.000449 0.00854019
v -0.0650288 0.000449 0.00679619
v -0.0650288 0.000449 0.00854019
v -0.0622708 0.000449 0.00679619
v -0.0622708 0.000449 0.00854019
v -0.0595118 0.000449 0.00679619
v -0.0595118 0.000449 0.00854019
v -0.0567538 0.000449 0.00679619
v -0.0567538 0.000449 0.00854019
v -0.0539958 0.000449 0.00679619
v -0.0539958 0.000449 0.00854019
v -0.0512368 0.000449 0.00679619
v -0.0512368 0.000449 0.00854019
v -0.0484788 0.000449 0.00679619
v -0.0484788 0.000449 0.00854019
v -0.0457198 0.000449 0.00679619
v -0.0457208 0.000449 0.00854019
v -0.0429618 0.000449 0.00679619
v -0.0429618 0.000449 0.00854019
v -0.0402038 0.000449 0.00679619
v -0.0402038 0.000449 0.00854019
v -0.0374448 0.000449 0.00679619
v -0.0374448 0.000449 0.00854019
v -0.0346868 0.000449 0.00679619
v -0.0346868 0.000449 0.00854019
v 0.00944719 0.000449 0.0313812
v 0.0119812 0.000449 0.0313812
v 0.0122052 0.000449 0.0295232
v 0.00668919 0.000449 0.0313812
v 0.00944719 0.000449 0.0295232
v 0.00668919 0.000449 0.0295232
v 0.00393019 0.000449 0.0313812
v 0.00393019 0.000449 0.0295232
v 0.00117219 0.000449 0.0313812
v 0.00117219 0.000449 0.0295232
v -0.00158681 0.000449 0.0313812
v -0.00158681 0.000449 0.0295232
v -0.00434481 0.000449 0.0313812
v -0.00434481 0.000449 0.0295232
v -0.00710281 0.000449 0.0313812
v -0.00710281 0.000449 0.0295232
v -0.00986181 0.000449 0.0313812
v -0.00986181 0.000449 0.0295232
v -0.0126198 0.000449 0.0313812
v -0.0126198 0.000449 0.0295232
v -0.0153778 0.000449 0.0313812
v -0.0153778 0.000449 0.0295232
v -0.0181368 0.000449 0.0313812
v -0.0181368 0.000449 0.0295232
v -0.0208948 0.000449 0.0313812
v -0.0208948 0.000449 0.0295232
v -0.0236538 0.000449 0.0313812
v -0.0236538 0.000449 0.0295232
v -0.0264118 0.000449 0.0313812
v -0.0264118 0.000449 0.0295232
v -0.0291698 0.000449 0.0313812
v -0.0291698 0.000449 0.0295232
v -0.0976768 0.000449 0.0275712
v -0.10011 0.000449 0.0313812
v -0.0978998 0.000449 0.0313812
v -0.0956568 0.000449 0.0285412
v -0.0766678 0.000449 0.0313812
v -0.0749618 0.000449 0.0313812
v -0.0749618 0.000449 0.0268692
v -0.0766648 0.000449 0.0280892
v -0.0787008 0.000449 0.0313812
v 0.0210052 0.000449 0.0222322
v 0.0181732 0.000449 0.0253572
v 0.0181732 0.000449 0.0268062
v 0.0210052 0.000449 0.0236822
v 0.0553702 0.000449 0.0156432
v 0.0549782 0.000449 0.0167342
v 0.0558982 0.000449 0.0179532
v 0.0569012 0.000449 0.0174832
v 0.0569012 0.000449 0.0142112
v 0.0526782 0.000449 0.0151512
v 0.0529542 0.000449 0.0144472
v 0.0522452 0.000449 0.0133022
v 0.0525172 0.000449 0.0153512
v 0.0514872 0.000449 0.0140052
v 0.0486512 0.000449 0.0140052
v 0.0522732 0.000449 0.0154462
v 0.0514872 0.000449 0.0202002
v 0.0539912 0.000449 0.0202002
v 0.0539842 0.000449 0.0182192
v 0.0522452 0.000449 0.0179912
v 0.0514872 0.000449 0.0173622
v 0.0525232 0.000449 0.0159182
v 0.0522742 0.000449 0.0158232
v 0.0486512 0.000449 0.0173622
v 0.0401442 0.000449 0.0229952
v 0.0401442 0.000449 0.0257902
v 0.0429792 0.000449 0.0257902
v 0.0429792 0.000449 0.0229952
v 0.0429792 0.000449 0.0140052
v 0.0401442 0.000449 0.0140052
v 0.0401442 0.000449 0.0152812
v 0.0429792 0.000449 0.0152812
v 0.0429792 0.000449 0.00679619
v 0.0401442 0.000449 0.00679619
v 0.0401442 0.000449 0.00854019
v 0.0429792 0.000449 0.00854019
v 0.0429792 0.000449 0.0159832
v 0.0401442 0.000449 0.0159832
v 0.0401442 0.000449 0.0173622
v 0.0429792 0.000449 0.0173622
v 0.0266692 0.000449 0.0229952
v 0.0266692 0.000449 0.0257902
v 0.0288002 0.000449 0.0257902
v 0.0288002 0.000449 0.0229952
v 0.0288002 0.000449 0.0140052
v 0.0263652 0.000449 0.0140052
v 0.0263652 0.000449 0.0152812
v 0.0288002 0.000449 0.0152812
v 0.0288002 0.000449 0.00679619
v 0.0263652 0.000449 0.00679619
v 0.0263652 0.000449 0.00854019
v 0.0288002 0.000449 0.00854019
v 0.0288002 0.000449 0.0159832
v 0.0266692 0.000449 0.0159832
v 0.0266692 0.000449 0.0173622
v 0.0288002 0.000449 0.0173622
v 0.0316362 0.000449 0.0257902
v 0.0316362 0.000449 0.0229952
v 0.0344722 0.000449 0.0257902
v 0.0344722 0.000449 0.0229952
v 0.0373082 0.000449 0.0257902
v 0.0373082 0.000449 0.0229952
v 0.0514872 0.000449 0.0257902
v 0.0514872 0.000449 0.0229952
v 0.0486512 0.000449 0.0229952
v 0.0486512 0.000449 0.0257902
v 0.0458152 0.000449 0.0229952
v 0.0458152 0.000449 0.0257902
v 0.0316362 0.000449 0.0140052
v 0.0316362 0.000449 0.0152812
v 0.0344722 0.000449 0.0140052
v 0.0344722 0.000449 0.0152812
v 0.0373082 0.000449 0.0140052
v 0.0373082 0.000449 0.0152812
v 0.0458152 0.000449 0.0152812
v 0.0486512 0.000449 0.0152812
v 0.0458152 0.000449 0.0140052
v 0.0316362 0.000449 0.00679619
v 0.0316362 0.000449 0.00854019
v 0.0344722 0.000449 0.00679619
v 0.0344722 0.000449 0.00854019
v 0.0373082 0.000449 0.00679619
v 0.0373082 0.000449 0.00854019
v 0.0514872 0.000449 0.0120342
v 0.0486512 0.000449 0.0120342
v 0.0458152 0.000449 0.0120342
v 0.0429792 0.000449 0.0120342
v 0.0316362 0.000449 0.0159832
v 0.0316362 0.000449 0.0173622
v 0.0344722 0.000449 0.0159832
v 0.0344722 0.000449 0.0173622
v 0.0373082 0.000449 0.0159832
v 0.0373082 0.000449 0.0173622
v 0.0458152 0.000449 0.0173622
v 0.0486512 0.000449 0.0159832
v 0.0458152 0.000449 0.0159832
v 0.0263652 0.000449 0.0120342
v 0.0235332 0.000449 0.0120342
v 0.0235332 0.000449 0.0168232
v 0.0235332 0.000449 0.0184562
v 0.0150372 0.000449 0.00679619
v 0.0122052 0.000449 0.00679619
v 0.0122052 0.000449 0.00854019
v 0.0150372 0.000449 0.00854019
v 0.0178692 0.000449 0.00679619
v 0.0178692 0.000449 0.00854019
v 0.0153412 0.000449 0.0284812
v 0.0127332 0.000449 0.0313812
v 0.0141582 0.000449 0.0313812
v 0.0153412 0.000449 0.0299312
v 0.0238372 0.000449 0.0191082
v 0.0238372 0.000449 0.0205582
v 0.0210052 0.000449 0.0313812
v 0.0238372 0.000449 0.0313812
v 0.0238372 0.000449 0.0283372
v 0.0181732 0.000449 0.0282392
v 0.0210052 0.000449 0.0251142
v 0.0153412 0.000449 0.0313812
v 0.0266692 0.000449 0.0313812
v 0.0266692 0.000449 0.0285862
v 0.0598322 0.000449 0.0142112
v 0.0627632 0.000449 0.0142112
v 0.0627632 0.000449 0.0120342
v 0.0598322 0.000449 0.0120342
v 0.0598322 0.000449 0.0174832
v 0.0627632 0.000449 0.0174832
v 0.0627632 0.000449 0.0257902
v 0.0627632 0.000449 0.0229952
v 0.0598322 0.000449 0.0229952
v 0.0598322 0.000449 0.0257902
v 0.0704292 0.000449 0.0148792
v 0.0704292 0.000449 0.0120342
v 0.0686142 0.000449 0.0120352
v 0.0686252 0.000449 0.0148792
v 0.0704292 0.000449 0.0174832
v 0.0686252 0.000449 0.0174832
v 0.0704292 0.000449 0.0257902
v 0.0704292 0.000449 0.0229952
v 0.0686252 0.000449 0.0229952
v 0.0686252 0.000449 0.0257902
v 0.0656942 0.000449 0.0148792
v 0.0656942 0.000449 0.0120342
v 0.0598322 0.000449 0.00679619
v 0.0598322 0.000449 0.00854019
v 0.0656942 0.000449 0.0174832
v 0.0656942 0.000449 0.0229952
v 0.0656942 0.000449 0.0257902
v 0.0569012 0.000449 0.0229952
v 0.0569012 0.000449 0.0257902
v -0.0319288 0.000449 0.0120342
v -0.0291698 0.000449 0.0120342
v -0.0863978 0.000449 0.0313812
v -0.0863908 0.000449 0.0275072
v -0.0884048 0.000449 0.0313812
v -0.0749618 0.000449 0.0127602
v -0.0733038 0.000449 0.0120342
v 0.0207012 0.000449 0.00679619
v 0.0207012 0.000449 0.00854019
v 0.0540022 0.000449 0.0120342
v 0.0569012 0.000449 0.0120342
v -0.0705458 0.000449 0.0120342
v -0.0677868 0.000449 0.0120342
v -0.0650288 0.000449 0.0120342
v -0.0622708 0.000449 0.0120342
v -0.0595118 0.000449 0.0120342
v -0.0567538 0.000449 0.0120342
v -0.0539958 0.000449 0.0120342
v -0.0512368 0.000449 0.0120342
v -0.0484788 0.000449 0.0120342
v -0.0457198 0.000449 0.0120342
v -0.0429618 0.000449 0.0120342
v -0.0402038 0.000449 0.0120342
v -0.0374448 0.000449 0.0120342
v -0.0346868 0.000449 0.0120342
v 0.00944719 0.000449 0.00679619
v 0.00944719 0.000449 0.00854019
v 0.00668919 0.000449 0.00679619
v 0.00668919 0.000449 0.00854019
v 0.00393019 0.000449 0.00679619
v 0.00393019 0.000449 0.00854019
v 0.00117219 0.000449 0.00679619
v 0.00117219 0.000449 0.00854019
v -0.00158681 0.000449 0.00679619
v -0.00158681 0.000449 0.00854019
v -0.00434481 0.000449 0.00679619
v -0.00434481 0.000449 0.00854019
v -0.00710281 0.000449 0.00679619
v -0.00710281 0.000449 0.00854019
v -0.00986181 0.000449 0.00679619
v -0.00986181 0.000449 0.00854019
v -0.0126198 0.000449 0.00679619
v -0.0126198 0.000449 0.00854019
v -0.0153778 0.000449 0.00679619
v -0.0153778 0.000449 0.00854019
v -0.0181368 0.000449 0.00679619
v -0.0181368 0.000449 0.00854019
v -0.0208948 0.000449 0.00679619
v -0.0208948 0.000449 0.00854019
v -0.0236538 0.000449 0.00679619
v -0.0236538 0.000449 0.00854019
v -0.0264118 0.000449 0.00679619
v -0.0264118 0.000449 0.00854019
v -0.0787168 0.000449 0.00992919
v -0.0775398 0.000449 0.0114642
v -0.0809898 0.000449 0.0120322
v -0.0796908 0.000449 0.0134722
v 0.0514872 0.000449 0.00679619
v 0.0514872 0.000449 0.00854019
v 0.0401442 0.000449 0.0120342
v 0.0288002 0.000449 0.0120342
v 0.0316362 0.000449 0.0120342
v 0.0344722 0.000449 0.0120342
v 0.0373082 0.000449 0.0120342
v 0.0486512 0.000449 0.00679619
v 0.0486512 0.000449 0.00854019
v 0.0458152 0.000449 0.00679619
v 0.0458152 0.000449 0.00854019
v 0.0235332 0.000449 0.00679619
v 0.0235332 0.000449 0.00854019
v 0.0122052 0.000449 0.0120342
v 0.0150372 0.000449 0.0120342
v 0.0178692 0.000449 0.0120342
v 0.0627632 0.000449 0.00679619
v 0.0627632 0.000449 0.00854019
v 0.0698272 0.000449 0.00763519
v 0.0678252 0.000449 0.00678019
v 0.0670132 0.000449 0.00884419
v 0.0678162 0.000449 0.00954219
v 0.0656942 0.000449 0.00679619
v 0.0656912 0.000449 0.00856519
v -0.0830048 0.000449 0.0138782
v -0.0817048 0.000449 0.0153262
v -0.0850198 0.000449 0.0157242
v -0.0837198 0.000449 0.0171792
v -0.0870338 0.000449 0.0175702
v -0.0857348 0.000449 0.0190272
v -0.0951758 0.000449 0.0250592
v -0.0937938 0.000449 0.0264462
v -0.0930828 0.000449 0.0230712
v -0.0917778 0.000449 0.0245932
v -0.0804658 0.000449 0.0313812
v -0.0786888 0.000449 0.0267752
v -0.0804598 0.000449 0.0284042
v -0.0823828 0.000449 0.0313812
v -0.0843898 0.000449 0.0313812
v -0.0823728 0.000449 0.0269552
v -0.0843768 0.000449 0.0256542
v -0.0924198 0.000449 0.0313812
v -0.0904128 0.000449 0.0313812
v -0.0904058 0.000449 0.0269452
v -0.0883928 0.000449 0.0250922
v 0.0207012 0.000449 0.0120342
v 0.00944719 0.000449 0.0120342
v 0.00668919 0.000449 0.0120342
v 0.00393019 0.000449 0.0120342
v 0.00117219 0.000449 0.0120342
v -0.00158681 0.000449 0.0120342
v -0.00434481 0.000449 0.0120342
v -0.00710281 0.000449 0.0120342
v -0.00986181 0.000449 0.0120342
v -0.0126198 0.000449 0.0120342
v -0.0153778 0.000449 0.0120342
v -0.0181368 0.000449 0.0120342
v -0.0208948 0.000449 0.0120342
v -0.0236538 0.000449 0.0120342
v -0.0264118 0.000449 0.0120342
v 0.0704462 0.000449 0.00978019
v 0.0684782 0.000449 0.0105912
v -0.0319288 0.000449 0.0168232
v -0.0291698 0.000449 0.0168232
v 0.0539902 0.000449 0.0131232
v 0.0558982 0.000449 0.0133402
v -0.0733038 0.000449 0.0168232
v -0.0705458 0.000449 0.0168232
v -0.0677868 0.000449 0.0168232
v -0.0650288 0.000449 0.0168232
v -0.0622708 0.000449 0.0168232
v -0.0595118 0.000449 0.0168232
v -0.0567538 0.000449 0.0168232
v -0.0539958 0.000449 0.0168232
v -0.0512368 0.000449 0.0168232
v -0.0484788 0.000449 0.0168232
v -0.0457198 0.000449 0.0168232
v -0.0429618 0.000449 0.0168232
v -0.0402038 0.000449 0.0168232
v -0.0374448 0.000449 0.0168232
v -0.0346868 0.000449 0.0168232
v 0.0122052 0.000449 0.0168232
v 0.0150372 0.000449 0.0168232
v 0.0178692 0.000449 0.0168232
v -0.0766438 0.000449 0.0141632
v -0.0786548 0.000449 0.0160912
v -0.0863788 0.000449 0.0232382
v -0.0804268 0.000449 0.0177442
v -0.0823508 0.000449 0.0195252
v -0.0843648 0.000449 0.0213852
v -0.0749618 0.000449 0.0171602
v 0.0207012 0.000449 0.0168232
v 0.0178692 0.000449 0.0199982
v 0.0150372 0.000449 0.0279812
v 0.0150372 0.000449 0.0263482
v 0.0122052 0.000449 0.0263482
v 0.00944719 0.000449 0.0263482
v 0.00944719 0.000449 0.0168232
v 0.00668919 0.000449 0.0168232
v 0.00393019 0.000449 0.0168232
v 0.00117219 0.000449 0.0168232
v -0.00158681 0.000449 0.0168232
v -0.00434481 0.000449 0.0168232
v -0.00710281 0.000449 0.0168232
v -0.00986181 0.000449 0.0168232
v -0.0126198 0.000449 0.0168232
v -0.0153778 0.000449 0.0168232
v -0.0181368 0.000449 0.0168232
v -0.0208948 0.000449 0.0168232
v -0.0236538 0.000449 0.0168232
v -0.0264118 0.000449 0.0168232
v -0.0319288 0.000449 0.0199982
v -0.0291698 0.000449 0.0199982
v -0.0733038 0.000449 0.0199982
v -0.0705458 0.000449 0.0199982
v -0.0677868 0.000449 0.0199982
v -0.0650288 0.000449 0.0199982
v -0.0622708 0.000449 0.0199982
v -0.0595118 0.000449 0.0199982
v -0.0567538 0.000449 0.0199982
v -0.0539958 0.000449 0.0199982
v -0.0512368 0.000449 0.0199982
v -0.0484788 0.000449 0.0199982
v -0.0457198 0.000449 0.0199982
v -0.0429618 0.000449 0.0199982
v -0.0402038 0.000449 0.0199982
v -0.0374448 0.000449 0.0199982
v -0.0346868 0.000449 0.0199982
v 0.0122052 0.000449 0.0199982
v 0.0150372 0.000449 0.0199982
v 0.00944719 0.000449 0.0199982
v 0.00668919 0.000449 0.0199982
v 0.00393019 0.000449 0.0199982
v 0.00117219 0.000449 0.0199982
v -0.00158681 0.000449 0.0199982
v -0.00434481 0.000449 0.0199982
v -0.00710281 0.000449 0.0199982
v -0.00986181 0.000449 0.0199982
v -0.0126198 0.000449 0.0199982
v -0.0153778 0.000449 0.0199982
v -0.0181368 0.000449 0.0199982
v -0.0208948 0.000449 0.0199982
v -0.0236538 0.000449 0.0199982
v -0.0264118 0.000449 0.0199982
v -0.0319288 0.000449 0.0231732
v -0.0291698 0.000449 0.0231732
v -0.0733038 0.000449 0.0231732
v -0.0705458 0.000449 0.0231732
v -0.0677868 0.000449 0.0231732
v -0.0650288 0.000449 0.0231732
v -0.0622708 0.000449 0.0231732
v -0.0595118 0.000449 0.0231732
v -0.0567538 0.000449 0.0231732
v -0.0539958 0.000449 0.0231732
v -0.0512368 0.000449 0.0231732
v -0.0484788 0.000449 0.0231732
v -0.0457198 0.000449 0.0231732
v -0.0429618 0.000449 0.0231732
v -0.0402038 0.000449 0.0231732
v -0.0374448 0.000449 0.0231732
v -0.0346868 0.000449 0.0231732
v 0.0122052 0.000449 0.0231732
v 0.0150372 0.000449 0.0231732
v 0.00944719 0.000449 0.0231732
v 0.00668919 0.000449 0.0231732
v 0.00393019 0.000449 0.0231732
v 0.00117219 0.000449 0.0231732
v -0.00158681 0.000449 0.0231732
v -0.00434481 0.000449 0.0231732
v -0.00710281 0.000449 0.0231732
v -0.00986181 0.000449 0.0231732
v -0.0126198 0.000449 0.0231732
v -0.0153778 0.000449 0.0231732
v -0.0181368 0.000449 0.0231732
v -0.0208948 0.000449 0.0231732
v -0.0236538 0.000449 0.0231732
v -0.0264118 0.000449 0.0231732
v -0.0319288 0.000449 0.0263482
v -0.0291698 0.000449 0.0263482
v -0.0733038 0.000449 0.0263482
v -0.0705458 0.000449 0.0263482
v -0.0677868 0.000449 0.0263482
v -0.0650288 0.000449 0.0263482
v -0.0622708 0.000449 0.0263482
v -0.0595118 0.000449 0.0263482
v -0.0567538 0.000449 0.0263482
v -0.0539958 0.000449 0.0263482
v -0.0512368 0.000449 0.0263482
v -0.0484788 0.000449 0.0263482
v -0.0457198 0.000449 0.0263482
v -0.0429618 0.000449 0.0263482
v -0.0402038 0.000449 0.0263482
v -0.0374448 0.000449 0.0263482
v -0.0346868 0.000449 0.0263482
v 0.00668919 0.000449 0.0263482
v 0.00393019 0.000449 0.0263482
v 0.00117219 0.000449 0.0263482
v -0.00158681 0.000449 0.0263482
v -0.00434481 0.000449 0.0263482
v -0.00710281 0.000449 0.0263482
v -0.00986181 0.000449 0.0263482
v -0.0126198 0.000449 0.0263482
v -0.0153778 0.000449 0.0263482
v -0.0181368 0.000449 0.0263482
v -0.0208948 0.000449 0.0263482
v -0.0236538 0.000449 0.0263482
v -0.0264118 0.000449 0.0263482
v -0.0319288 0.000449 0.0295232
v -0.0733038 0.000449 0.0295232
v -0.0705458 0.000449 0.0295232
v -0.0677868 0.000449 0.0295232
v -0.0650288 0.000449 0.0295232
v -0.0622708 0.000449 0.0295232
v -0.0595118 0.000449 0.0295232
v -0.0567538 0.000449 0.0295232
v -0.0539958 0.000449 0.0295232
v -0.0512368 0.000449 0.0295232
v -0.0484788 0.000449 0.0295232
v -0.0457198 0.000449 0.0295232
v -0.0429618 0.000449 0.0295232
v -0.0402038 0.000449 0.0295232
v -0.0374448 0.000449 0.0295232
v -0.0346868 0.000449 0.0295232
v -0.0319288 0.000449 0.0313812
v -0.0733038 0.000449 0.0313812
v -0.0705458 0.000449 0.0313812
v -0.0677868 0.000449 0.0313812
v -0.0650288 0.000449 0.0313812
v -0.0622708 0.000449 0.0313812
v -0.0595118 0.000449 0.0313812
v -0.0567538 0.000449 0.0313812
v -0.0539958 0.000449 0.0313812
v -0.0512368 0.000449 0.0313812
v -0.0484788 0.000449 0.0313812
v -0.0457198 0.000449 0.0313812
v -0.0429618 0.000449 0.0313812
v -0.0402038 0.000449 0.0313812
v -0.0374448 0.000449 0.0313812
v -0.0346868 0.000449 0.0313812
v 0.0540162 0.000449 0.0257902
v 0.0540042 0.000449 0.0229952
v 0.0401442 0.000449 0.0285862
v 0.0401442 0.000449 0.0313812
v 0.0429792 0.000449 0.0313812
v 0.0429792 0.000449 0.0285862
v 0.0429792 0.000449 0.0202002
v 0.0401442 0.000449 0.0202002
v 0.0288002 0.000449 0.0313812
v 0.0288002 0.000449 0.0285862
v 0.0288002 0.000449 0.0202002
v 0.0266692 0.000449 0.0202002
v 0.0316362 0.000449 0.0313812
v 0.0316362 0.000449 0.0285862
v 0.0316362 0.000449 0.0202002
v 0.0344722 0.000449 0.0313812
v 0.0344722 0.000449 0.0285862
v 0.0344722 0.000449 0.0202002
v 0.0373082 0.000449 0.0313812
v 0.0373082 0.000449 0.0285862
v 0.0373082 0.000449 0.0202002
v 0.0486512 0.000449 0.0202002
v 0.0486512 0.000449 0.0285862
v 0.0486512 0.000449 0.0313812
v 0.0514872 0.000449 0.0313812
v 0.0514872 0.000449 0.0285862
v 0.0458152 0.000449 0.0202002
v 0.0458152 0.000449 0.0285862
v 0.0458152 0.000449 0.0313812
v 0.0627632 0.000449 0.0202002
v 0.0598322 0.000449 0.0202002
v 0.0598322 0.000449 0.0285862
v 0.0598322 0.000449 0.0313812
v 0.0627632 0.000449 0.0313812
v 0.0627632 0.000449 0.0285862
v 0.0704292 0.000449 0.0202002
v 0.0686252 0.000449 0.0202002
v 0.0686252 0.000449 0.0313812
v 0.0704292 0.000449 0.0313812
v 0.0704292 0.000449 0.0285862
v 0.0686252 0.000449 0.0285862
v 0.0656942 0.000449 0.0202002
v 0.0656942 0.000449 0.0285862
v 0.0656942 0.000449 0.0313812
v 0.0569012 0.000449 0.0285862
v 0.0569012 0.000449 0.0313812
v 0.0569012 0.000449 0.0202002
v 0.0540412 0.000449 0.0313812
v 0.0540292 0.000449 0.0285862
v 0.0539842 0.000449 0.0171872
v 0.0539852 0.000449 0.0140772
v 0.0529562 0.000449 0.0168192
v 0.0526782 0.000449 0.0161122
v 0.0549802 0.000449 0.0145312
v -0.0766508 0.000449 0.0184352
v -0.0786678 0.000449 0.0203632
v -0.0804398 0.000449 0.0220152
v -0.0823638 0.000449 0.0237942
v -0.0749618 0.000449 0.0205832
v -0.0766548 0.000449 0.0217452
v -0.0786788 0.000449 0.0235712
v -0.0804498 0.000449 0.0251902
v -0.0749618 0.000449 0.0236932
v -0.0766598 0.000449 0.0249102
v 0.0238372 0.000449 0.0219902
v 0.0181732 0.000449 0.0313812
v 0.0210052 0.000449 0.0283142
v 0.0238372 0.000449 0.0251892
v 0.0122052 0.000449 0.0313812
v -0.0291698 0.000449 0.00657119
v -0.0319288 0.000449 0.00657119
v -0.0891968 0.000449 0.0192472
v -0.0912118 0.000449 0.0210942
v -0.0733038 0.000449 0.00657119
v -0.0761258 0.000449 0.00735019
v 0.0178692 0.000449 0.0250312
v 0.0207012 0.000449 0.0218562
v 0.0569012 0.000449 0.00657119
v 0.0540412 0.000449 0.00657119
v -0.0705458 0.000449 0.00657119
v -0.0677868 0.000449 0.00657119
v -0.0650288 0.000449 0.00657119
v -0.0622708 0.000449 0.00657119
v -0.0595118 0.000449 0.00657119
v -0.0567538 0.000449 0.00657119
v -0.0539958 0.000449 0.00657119
v -0.0512368 0.000449 0.00657119
v -0.0484788 0.000449 0.00657119
v -0.0457198 0.000449 0.00657119
v -0.0429618 0.000449 0.00657119
v -0.0402038 0.000449 0.00657119
v -0.0374448 0.000449 0.00657119
v -0.0346868 0.000449 0.00657119
v -0.0978868 0.000449 0.0274922
v -0.100335 0.000449 0.0313812
v 0.0210052 0.000449 0.0220082
v 0.0181732 0.000449 0.0251322
v 0.0552082 0.000449 0.0156322
v 0.0548432 0.000449 0.0165552
v 0.0527292 0.000449 0.0153702
v 0.0530722 0.000449 0.0146382
v 0.0524812 0.000449 0.0155292
v 0.0526542 0.000449 0.0155292
v 0.0526542 0.000449 0.0157352
v 0.0524812 0.000449 0.0157352
v 0.0401442 0.000449 0.0155062
v 0.0429792 0.000449 0.0155062
v 0.0429792 0.000449 0.00657119
v 0.0401442 0.000449 0.00657119
v 0.0429792 0.000449 0.0157582
v 0.0401442 0.000449 0.0157592
v 0.0263652 0.000449 0.0155062
v 0.0288002 0.000449 0.0155062
v 0.0288002 0.000449 0.00657119
v 0.0263652 0.000449 0.00657119
v 0.0288002 0.000449 0.0157592
v 0.0266692 0.000449 0.0157592
v 0.0316362 0.000449 0.0155062
v 0.0344722 0.000449 0.0155062
v 0.0373082 0.000449 0.0155062
v 0.0458152 0.000449 0.0155062
v 0.0486512 0.000449 0.0155062
v 0.0316362 0.000449 0.00657119
v 0.0344722 0.000449 0.00657119
v 0.0373082 0.000449 0.00657119
v 0.0316362 0.000449 0.0157592
v 0.0344722 0.000449 0.0157592
v 0.0373082 0.000449 0.0157592
v 0.0486512 0.000449 0.0157582
v 0.0458152 0.000449 0.0157582
v 0.0235332 0.000449 0.0186812
v 0.0150372 0.000449 0.00657119
v 0.0122052 0.000449 0.00657119
v 0.0178692 0.000449 0.00657119
v 0.0153412 0.000449 0.0282572
v 0.0125092 0.000449 0.0313812
v 0.0238372 0.000449 0.0188832
v 0.0706542 0.000449 0.0148792
v 0.0706542 0.000449 0.0120342
v 0.0706542 0.000449 0.0174832
v 0.0706542 0.000449 0.0257902
v 0.0706542 0.000449 0.0229952
v 0.0598322 0.000449 0.00657119
v 0.0207012 0.000449 0.00657119
v 0.00944719 0.000449 0.00657119
v 0.00668919 0.000449 0.00657119
v 0.00393019 0.000449 0.00657119
v 0.00117219 0.000449 0.00657119
v -0.00158681 0.000449 0.00657119
v -0.00434481 0.000449 0.00657119
v -0.00710281 0.000449 0.00657119
v -0.00986181 0.000449 0.00657119
v -0.0126198 0.000449 0.00657119
v -0.0153778 0.000449 0.00657119
v -0.0181368 0.000449 0.00657119
v -0.0208948 0.000449 0.00657119
v -0.0236538 0.000449 0.00657119
v -0.0264118 0.000449 0.00657119
v -0.0788478 0.000449 0.00974619
v -0.0811388 0.000449 0.0118632
v 0.0514872 0.000449 0.00657119
v 0.0486512 0.000449 0.00657119
v 0.0458152 0.000449 0.00657119
v 0.0235332 0.000449 0.00657119
v 0.0627632 0.000449 0.00657119
v 0.0699912 0.000449 0.00748119
v 0.0679082 0.000449 0.00657119
v 0.0656942 0.000449 0.00657119
v -0.0831528 0.000449 0.0137092
v -0.0851678 0.000449 0.0155552
v -0.0871818 0.000449 0.0174012
v -0.0953348 0.000449 0.0249002
v -0.0932258 0.000449 0.0228982
v 0.0706542 0.000449 0.00969419
v 0.0150372 0.000449 0.0282062
v 0.0706542 0.000449 0.0202002
v 0.0706542 0.000449 0.0313812
v 0.0706542 0.000449 0.0285862
v 0.0539842 0.000449 0.0169632
v 0.0539842 0.000449 0.0143012
v 0.0530722 0.000449 0.0166272
v 0.0527282 0.000449 0.0158942
v 0.0548432 0.000449 0.0147092
v -0.0978868 0.000225 0.0274922
v -0.100335 0.000225 0.0313812
v -0.0953348 0.000225 0.0249002
v -0.0932258 0.000225 0.0228982
v -0.0912118 0.000225 0.0210942
v -0.0891968 0.000225 0.0192472
v -0.0871818 0.000225 0.0174012
v -0.0851678 0.000225 0.0155552
v -0.0831528 0.000225 0.0137092
v -0.0811388 0.000225 0.0118632
v -0.0788478 0.000225 0.00974619
v -0.0761258 0.000225 0.00735019
v -0.0733038 0.000225 0.00657119
v -0.0705458 0.000225 0.00657119
v -0.0677868 0.000225 0.00657119
v -0.0650288 0.000225 0.00657119
v -0.0622708 0.000225 0.00657119
v -0.0595118 0.000225 0.00657119
v -0.0567538 0.000225 0.00657119
v -0.0539958 0.000225 0.00657119
v -0.0512368 0.000225 0.00657119
v -0.0484788 0.000225 0.00657119
v -0.0457208 0.000225 0.00657119
v -0.0429618 0.000225 0.00657119
v -0.0402038 0.000225 0.00657119
v -0.0374448 0.000225 0.00657119
v -0.0346868 0.000225 0.00657119
v -0.0319288 0.000225 0.00657119
v -0.0291698 0.000225 0.00657119
v -0.0264118 0.000225 0.00657119
v -0.0236538 0.000225 0.00657119
v -0.0208948 0.000225 0.00657119
v -0.0181368 0.000225 0.00657119
v -0.0153778 0.000225 0.00657119
v -0.0126198 0.000225 0.00657119
v -0.00986181 0.000225 0.00657119
v -0.00710281 0.000225 0.00657119
v -0.00434481 0.000225 0.00657119
v -0.00158681 0.000225 0.00657119
v 0.00117219 0.000225 0.00657119
v 0.00393019 0.000225 0.00657119
v 0.00668919 0.000225 0.00657119
v 0.00944719 0.000225 0.00657119
v 0.0122052 0.000225 0.00657119
v 0.0150372 0.000225 0.00657119
v 0.0178692 0.000225 0.00657119
v 0.0207012 0.000225 0.00657119
v 0.0235332 0.000225 0.00657119
v 0.0263652 0.000225 0.00657119
v 0.0288002 0.000225 0.00657119
v 0.0316362 0.000225 0.00657119
v 0.0344722 0.000225 0.00657119
v 0.0373082 0.000225 0.00657119
v 0.0401442 0.000225 0.00657119
v 0.0429792 0.000225 0.00657119
v 0.0458152 0.000225 0.00657119
v 0.0486512 0.000225 0.00657119
v 0.0514872 0.000225 0.00657119
v 0.0540412 0.000225 0.00657119
v 0.0569012 0.000225 0.00657119
v 0.0598322 0.000225 0.00657119
v 0.0627632 0.000225 0.00657119
v 0.0656942 0.000225 0.00657119
v 0.0679082 0.000225 0.00657119
v 0.0699912 0.000225 0.00748119
v 0.0706542 0.000225 0.00969419
v 0.0706542 0.000225 0.0120342
v 0.0706542 0.000225 0.0148792
v 0.0706542 0.000225 0.0174832
v 0.0706542 0.000225 0.0202002
v 0.0706542 0.000225 0.0229952
v 0.0706542 0.000225 0.0257902
v 0.0706542 0.000225 0.0285862
v 0.0706542 0.000225 0.0313812
v 0.0153412 0.000225 0.0282572
v 0.0125092 0.000225 0.0313812
v 0.0181732 0.000225 0.0251322
v 0.0210052 0.000225 0.0220082
v 0.0238372 0.000225 0.0188832
v 0.0266692 0.000225 0.0157592
v 0.0288002 0.000225 0.0157592
v 0.0316362 0.000225 0.0157592
v 0.0344722 0.000225 0.0157592
v 0.0373082 0.000225 0.0157592
v 0.0401442 0.000225 0.0157592
v 0.0429792 0.000225 0.0157582
v 0.0458152 0.000225 0.0157582
v 0.0486512 0.000225 0.0157582
v 0.0524812 0.000225 0.0157352
v 0.0526542 0.000225 0.0157352
v 0.0527282 0.000225 0.0158942
v 0.0530722 0.000225 0.0166272
v 0.0539842 0.000225 0.0169632
v 0.0548432 0.000225 0.0165552
v 0.0552082 0.000225 0.0156322
v 0.0548432 0.000225 0.0147092
v 0.0539842 0.000225 0.0143012
v 0.0530722 0.000225 0.0146382
v 0.0527292 0.000225 0.0153702
v 0.0526542 0.000225 0.0155292
v 0.0524812 0.000225 0.0155292
v 0.0486512 0.000225 0.0155062
v 0.0458152 0.000225 0.0155062
v 0.0429792 0.000225 0.0155062
v 0.0401442 0.000225 0.0155062
v 0.0373082 0.000225 0.0155062
v 0.0344722 0.000225 0.0155062
v 0.0316362 0.000225 0.0155062
v 0.0288002 0.000225 0.0155062
v 0.0263652 0.000225 0.0155062
v 0.0235332 0.000225 0.0186812
v 0.0207012 0.000225 0.0218562
v 0.0178692 0.000225 0.0250312
v 0.0150372 0.000225 0.0282062
v 0.0122052 0.000225 0.0313812
v -0.0291698 0 0.00679619
v -0.0291698 0 0.00854019
v -0.0319288 0 0.00854019
v -0.0319288 0 0.00679619
v -0.0877488 0 0.0208862
v -0.0897638 0 0.0227392
v -0.0910648 0 0.0212642
v -0.0890498 0 0.0194172
v -0.0733038 0 0.00679619
v -0.0733008 0 0.00856019
v -0.0755188 0 0.00938919
v -0.0760558 0 0.00756319
v 0.0178692 0 0.0248062
v 0.0178692 0 0.0231732
v 0.0207012 0 0.0199982
v 0.0207012 0 0.0216312
v 0.0540402 0 0.00679619
v 0.0569012 0 0.00679619
v 0.0569012 0 0.00854019
v 0.0540272 0 0.00854019
v -0.0705458 0 0.00679619
v -0.0705458 0 0.00854019
v -0.0677868 0 0.00679619
v -0.0677868 0 0.00854019
v -0.0650288 0 0.00679619
v -0.0650288 0 0.00854019
v -0.0622708 0 0.00679619
v -0.0622708 0 0.00854019
v -0.0595118 0 0.00679619
v -0.0595118 0 0.00854019
v -0.0567538 0 0.00679619
v -0.0567538 0 0.00854019
v -0.0539958 0 0.00679619
v -0.0539958 0 0.00854019
v -0.0512368 0 0.00679619
v -0.0512368 0 0.00854019
v -0.0484788 0 0.00679619
v -0.0484788 0 0.00854019
v -0.0457208 0 0.00679619
v -0.0457208 0 0.00854019
v -0.0429618 0 0.00679619
v -0.0429618 0 0.00854019
v -0.0402038 0 0.00679619
v -0.0402038 0 0.00854019
v -0.0374448 0 0.00679619
v -0.0374448 0 0.00854019
v -0.0346868 0 0.00679619
v -0.0346868 0 0.00854019
v 0.00944719 0 0.0313812
v 0.0122052 0 0.0295232
v 0.0119812 0 0.0313812
v 0.00668919 0 0.0313812
v 0.00668919 0 0.0295232
v 0.00944719 0 0.0295232
v 0.00393019 0 0.0313812
v 0.00393019 0 0.0295232
v 0.00117219 0 0.0313812
v 0.00117219 0 0.0295232
v -0.00158681 0 0.0313812
v -0.00158681 0 0.0295232
v -0.00434481 0 0.0313812
v -0.00434481 0 0.0295232
v -0.00710281 0 0.0313812
v -0.00710281 0 0.0295232
v -0.00986181 0 0.0313812
v -0.00986181 0 0.0295232
v -0.0126198 0 0.0313812
v -0.0126198 0 0.0295232
v -0.0153778 0 0.0313812
v -0.0153778 0 0.0295232
v -0.0181368 0 0.0313812
v -0.0181368 0 0.0295232
v -0.0208948 0 0.0313812
v -0.0208948 0 0.0295232
v -0.0236538 0 0.0313812
v -0.0236538 0 0.0295232
v -0.0264118 0 0.0313812
v -0.0264118 0 0.0295232
v -0.0291698 0 0.0313812
v -0.0291698 0 0.0295232
v -0.0976768 0 0.0275712
v -0.0956568 0 0.0285412
v -0.0978998 0 0.0313812
v -0.10011 0 0.0313812
v -0.0766678 0 0.0313812
v -0.0766648 0 0.0280892
v -0.0749618 0 0.0268692
v -0.0749618 0 0.0313812
v -0.0787008 0 0.0313812
v 0.0210052 0 0.0222322
v 0.0210052 0 0.0236822
v 0.0181732 0 0.0268062
v 0.0181732 0 0.0253572
v 0.0553702 0 0.0156432
v 0.0569012 0 0.0174832
v 0.0558982 0 0.0179532
v 0.0549782 0 0.0167342
v 0.0569012 0 0.0142112
v 0.0526782 0 0.0151512
v 0.0522452 0 0.0133022
v 0.0529542 0 0.0144472
v 0.0525172 0 0.0153512
v 0.0522732 0 0.0154462
v 0.0486512 0 0.0140052
v 0.0514872 0 0.0140052
v 0.0514872 0 0.0202002
v 0.0522452 0 0.0179912
v 0.0539842 0 0.0182192
v 0.0539912 0 0.0202002
v 0.0514872 0 0.0173622
v 0.0486512 0 0.0173622
v 0.0522742 0 0.0158232
v 0.0525232 0 0.0159182
v 0.0401442 0 0.0229952
v 0.0429792 0 0.0229952
v 0.0429792 0 0.0257902
v 0.0401442 0 0.0257902
v 0.0429792 0 0.0140052
v 0.0429792 0 0.0152812
v 0.0401442 0 0.0152812
v 0.0401442 0 0.0140052
v 0.0429792 0 0.00679619
v 0.0429792 0 0.00854019
v 0.0401442 0 0.00854019
v 0.0401442 0 0.00679619
v 0.0429792 0 0.0159832
v 0.0429792 0 0.0173622
v 0.0401442 0 0.0173622
v 0.0401442 0 0.0159832
v 0.0266692 0 0.0229952
v 0.0288002 0 0.0229952
v 0.0288002 0 0.0257902
v 0.0266692 0 0.0257902
v 0.0288002 0 0.0140052
v 0.0288002 0 0.0152812
v 0.0263652 0 0.0152812
v 0.0263652 0 0.0140052
v 0.0288002 0 0.00679619
v 0.0288002 0 0.00854019
v 0.0263652 0 0.00854019
v 0.0263652 0 0.00679619
v 0.0288002 0 0.0159832
v 0.0288002 0 0.0173622
v 0.0266692 0 0.0173622
v 0.0266692 0 0.0159832
v 0.0316362 0 0.0229952
v 0.0316362 0 0.0257902
v 0.0344722 0 0.0229952
v 0.0344722 0 0.0257902
v 0.0373082 0 0.0229952
v 0.0373082 0 0.0257902
v 0.0514872 0 0.0257902
v 0.0486512 0 0.0257902
v 0.0486512 0 0.0229952
v 0.0514872 0 0.0229952
v 0.0458152 0 0.0257902
v 0.0458152 0 0.0229952
v 0.0316362 0 0.0140052
v 0.0316362 0 0.0152812
v 0.0344722 0 0.0140052
v 0.0344722 0 0.0152812
v 0.0373082 0 0.0140052
v 0.0373082 0 0.0152812
v 0.0458152 0 0.0152812
v 0.0458152 0 0.0140052
v 0.0486512 0 0.0152812
v 0.0316362 0 0.00679619
v 0.0316362 0 0.00854019
v 0.0344722 0 0.00679619
v 0.0344722 0 0.00854019
v 0.0373082 0 0.00679619
v 0.0373082 0 0.00854019
v 0.0486512 0 0.0120342
v 0.0514872 0 0.0120342
v 0.0458152 0 0.0120342
v 0.0429792 0 0.0120342
v 0.0316362 0 0.0159832
v 0.0316362 0 0.0173622
v 0.0344722 0 0.0159832
v 0.0344722 0 0.0173622
v 0.0373082 0 0.0159832
v 0.0373082 0 0.0173622
v 0.0458152 0 0.0173622
v 0.0458152 0 0.0159832
v 0.0486512 0 0.0159832
v 0.0235332 0 0.0168232
v 0.0235332 0 0.0120342
v 0.0263652 0 0.0120342
v 0.0235332 0 0.0184562
v 0.0150372 0 0.00679619
v 0.0150372 0 0.00854019
v 0.0122052 0 0.00854019
v 0.0122052 0 0.00679619
v 0.0178692 0 0.00679619
v 0.0178692 0 0.00854019
v 0.0153412 0 0.0284812
v 0.0153412 0 0.0299312
v 0.0141582 0 0.0313812
v 0.0127332 0 0.0313812
v 0.0238372 0 0.0205582
v 0.0238372 0 0.0191082
v 0.0210052 0 0.0313812
v 0.0238372 0 0.0283372
v 0.0238372 0 0.0313812
v 0.0210052 0 0.0251142
v 0.0181732 0 0.0282392
v 0.0153412 0 0.0313812
v 0.0266692 0 0.0285862
v 0.0266692 0 0.0313812
v 0.0598322 0 0.0142112
v 0.0598322 0 0.0120342
v 0.0627632 0 0.0120342
v 0.0627632 0 0.0142112
v 0.0598322 0 0.0174832
v 0.0627632 0 0.0174832
v 0.0627632 0 0.0257902
v 0.0598322 0 0.0257902
v 0.0598322 0 0.0229952
v 0.0627632 0 0.0229952
v 0.0704292 0 0.0148792
v 0.0686252 0 0.0148792
v 0.0686142 0 0.0120352
v 0.0704292 0 0.0120342
v 0.0704292 0 0.0174832
v 0.0686252 0 0.0174832
v 0.0704292 0 0.0257902
v 0.0686252 0 0.0257902
v 0.0686252 0 0.0229952
v 0.0704292 0 0.0229952
v 0.0656942 0 0.0148792
v 0.0656942 0 0.0120342
v 0.0598322 0 0.00679619
v 0.0598322 0 0.00854019
v 0.0656942 0 0.0174832
v 0.0656942 0 0.0257902
v 0.0656942 0 0.0229952
v 0.0569012 0 0.0229952
v 0.0569012 0 0.0257902
v -0.0291698 0 0.0120342
v -0.0319288 0 0.0120342
v -0.0863978 0 0.0313812
v -0.0884048 0 0.0313812
v -0.0863908 0 0.0275072
v -0.0733038 0 0.0120342
v -0.0749618 0 0.0127602
v 0.0207012 0 0.00679619
v 0.0207012 0 0.00854019
v 0.0569012 0 0.0120342
v 0.0540022 0 0.0120342
v -0.0705458 0 0.0120342
v -0.0677868 0 0.0120342
v -0.0650288 0 0.0120342
v -0.0622708 0 0.0120342
v -0.0595118 0 0.0120342
v -0.0567538 0 0.0120342
v -0.0539958 0 0.0120342
v -0.0512368 0 0.0120342
v -0.0484788 0 0.0120342
v -0.0457208 0 0.0120342
v -0.0429618 0 0.0120342
v -0.0402038 0 0.0120342
v -0.0374448 0 0.0120342
v -0.0346868 0 0.0120342
v 0.00944719 0 0.00854019
v 0.00944719 0 0.00679619
v 0.00668919 0 0.00854019
v 0.00668919 0 0.00679619
v 0.00393019 0 0.00854019
v 0.00393019 0 0.00679619
v 0.00117219 0 0.00854019
v 0.00117219 0 0.00679619
v -0.00158681 0 0.00854019
v -0.00158681 0 0.00679619
v -0.00434481 0 0.00854019
v -0.00434481 0 0.00679619
v -0.00710281 0 0.00854019
v -0.00710281 0 0.00679619
v -0.00986181 0 0.00854019
v -0.00986181 0 0.00679619
v -0.0126198 0 0.00854019
v -0.0126198 0 0.00679619
v -0.0153778 0 0.00854019
v -0.0153778 0 0.00679619
v -0.0181368 0 0.00854019
v -0.0181368 0 0.00679619
v -0.0208948 0 0.00854019
v -0.0208948 0 0.00679619
v -0.0236538 0 0.00854019
v -0.0236538 0 0.00679619
v -0.0264118 0 0.00854019
v -0.0264118 0 0.00679619
v -0.0775398 0 0.0114642
v -0.0787168 0 0.00992919
v -0.0796908 0 0.0134722
v -0.0809898 0 0.0120322
v 0.0514872 0 0.00854019
v 0.0514872 0 0.00679619
v 0.0401442 0 0.0120342
v 0.0288002 0 0.0120342
v 0.0316362 0 0.0120342
v 0.0344722 0 0.0120342
v 0.0373082 0 0.0120342
v 0.0486512 0 0.00854019
v 0.0486512 0 0.00679619
v 0.0458152 0 0.00854019
v 0.0458152 0 0.00679619
v 0.0235332 0 0.00854019
v 0.0235332 0 0.00679619
v 0.0150372 0 0.0120342
v 0.0122052 0 0.0120342
v 0.0178692 0 0.0120342
v 0.0627632 0 0.00679619
v 0.0627632 0 0.00854019
v 0.0698272 0 0.00763519
v 0.0678162 0 0.00954219
v 0.0670132 0 0.00884419
v 0.0678252 0 0.00678019
v 0.0656942 0 0.00679619
v 0.0656912 0 0.00856519
v -0.0817048 0 0.0153262
v -0.0830048 0 0.0138782
v -0.0837198 0 0.0171792
v -0.0850198 0 0.0157242
v -0.0857348 0 0.0190272
v -0.0870338 0 0.0175702
v -0.0951758 0 0.0250592
v -0.0937938 0 0.0264462
v -0.0930828 0 0.0230712
v -0.0917778 0 0.0245932
v -0.0804658 0 0.0313812
v -0.0804598 0 0.0284042
v -0.0786888 0 0.0267752
v -0.0823828 0 0.0313812
v -0.0843898 0 0.0313812
v -0.0823728 0 0.0269552
v -0.0843768 0 0.0256542
v -0.0924198 0 0.0313812
v -0.0904058 0 0.0269452
v -0.0904128 0 0.0313812
v -0.0883928 0 0.0250922
v 0.0207012 0 0.0120342
v 0.00944719 0 0.0120342
v 0.00668919 0 0.0120342
v 0.00393019 0 0.0120342
v 0.00117219 0 0.0120342
v -0.00158681 0 0.0120342
v -0.00434481 0 0.0120342
v -0.00710281 0 0.0120342
v -0.00986181 0 0.0120342
v -0.0126198 0 0.0120342
v -0.0153778 0 0.0120342
v -0.0181368 0 0.0120342
v -0.0208948 0 0.0120342
v -0.0236538 0 0.0120342
v -0.0264118 0 0.0120342
v 0.0684782 0 0.0105912
v 0.0704462 0 0.00978019
v -0.0291698 0 0.0168232
v -0.0319288 0 0.0168232
v 0.0558982 0 0.0133402
v 0.0539902 0 0.0131232
v -0.0705458 0 0.0168232
v -0.0733038 0 0.0168232
v -0.0677868 0 0.0168232
v -0.0650288 0 0.0168232
v -0.0622708 0 0.0168232
v -0.0595118 0 0.0168232
v -0.0567538 0 0.0168232
v -0.0539958 0 0.0168232
v -0.0512368 0 0.0168232
v -0.0484788 0 0.0168232
v -0.0457208 0 0.0168232
v -0.0429618 0 0.0168232
v -0.0402038 0 0.0168232
v -0.0374448 0 0.0168232
v -0.0346868 0 0.0168232
v 0.0150372 0 0.0168232
v 0.0122052 0 0.0168232
v 0.0178692 0 0.0168232
v -0.0766438 0 0.0141632
v -0.0786548 0 0.0160912
v -0.0863788 0 0.0232382
v -0.0804268 0 0.0177442
v -0.0823508 0 0.0195252
v -0.0843648 0 0.0213852
v -0.0749618 0 0.0171602
v 0.0178692 0 0.0199982
v 0.0207012 0 0.0168232
v 0.0150372 0 0.0263482
v 0.0150372 0 0.0279812
v 0.00944719 0 0.0263482
v 0.0122052 0 0.0263482
v 0.00944719 0 0.0168232
v 0.00668919 0 0.0168232
v 0.00393019 0 0.0168232
v 0.00117219 0 0.0168232
v -0.00158681 0 0.0168232
v -0.00434481 0 0.0168232
v -0.00710281 0 0.0168232
v -0.00986181 0 0.0168232
v -0.0126198 0 0.0168232
v -0.0153778 0 0.0168232
v -0.0181368 0 0.0168232
v -0.0208948 0 0.0168232
v -0.0236538 0 0.0168232
v -0.0264118 0 0.0168232
v -0.0291698 0 0.0199982
v -0.0319288 0 0.0199982
v -0.0705458 0 0.0199982
v -0.0733038 0 0.0199982
v -0.0677868 0 0.0199982
v -0.0650288 0 0.0199982
v -0.0622708 0 0.0199982
v -0.0595118 0 0.0199982
v -0.0567538 0 0.0199982
v -0.0539958 0 0.0199982
v -0.0512368 0 0.0199982
v -0.0484788 0 0.0199982
v -0.0457208 0 0.0199982
v -0.0429618 0 0.0199982
v -0.0402038 0 0.0199982
v -0.0374448 0 0.0199982
v -0.0346868 0 0.0199982
v 0.0150372 0 0.0199982
v 0.0122052 0 0.0199982
v 0.00944719 0 0.0199982
v 0.00668919 0 0.0199982
v 0.00393019 0 0.0199982
v 0.00117219 0 0.0199982
v -0.00158681 0 0.0199982
v -0.00434481 0 0.0199982
v -0.00710281 0 0.0199982
v -0.00986181 0 0.0199982
v -0.0126198 0 0.0199982
v -0.0153778 0 0.0199982
v -0.0181368 0 0.0199982
v -0.0208948 0 0.0199982
v -0.0236538 0 0.0199982
v -0.0264118 0 0.0199982
v -0.0291698 0 0.0231732
v -0.0319288 0 0.0231732
v -0.0705458 0 0.0231732
v -0.0733038 0 0.0231732
v -0.0677868 0 0.0231732
v -0.0650288 0 0.0231732
v -0.0622708 0 0.0231732
v -0.0595118 0 0.0231732
v -0.0567538 0 0.0231732
v -0.0539958 0 0.0231732
v -0.0512368 0 0.0231732
v -0.0484788 0 0.0231732
v -0.0457208 0 0.0231732
v -0.0429618 0 0.0231732
v -0.0402038 0 0.0231732
v -0.0374448 0 0.0231732
v -0.0346868 0 0.0231732
v 0.0150372 0 0.0231732
v 0.0122052 0 0.0231732
v 0.00944719 0 0.0231732
v 0.00668919 0 0.0231732
v 0.00393019 0 0.0231732
v 0.00117219 0 0.0231732
v -0.00158681 0 0.0231732
v -0.00434481 0 0.0231732
v -0.00710281 0 0.0231732
v -0.00986181 0 0.0231732
v -0.0126198 0 0.0231732
v -0.0153778 0 0.0231732
v -0.0181368 0 0.0231732
v -0.0208948 0 0.0231732
v -0.0236538 0 0.0231732
v -0.0264118 0 0.0231732
v -0.0291698 0 0.0263482
v -0.0319288 0 0.0263482
v -0.0705458 0 0.0263482
v -0.0733038 0 0.0263482
v -0.0677868 0 0.0263482
v -0.0650288 0 0.0263482
v -0.0622708 0 0.0263482
v -0.0595118 0 0.0263482
v -0.0567538 0 0.0263482
v -0.0539958 0 0.0263482
v -0.0512368 0 0.0263482
v -0.0484788 0 0.0263482
v -0.0457208 0 0.0263482
v -0.0429618 0 0.0263482
v -0.0402038 0 0.0263482
v -0.0374448 0 0.0263482
v -0.0346868 0 0.0263482
v 0.00668919 0 0.0263482
v 0.00393019 0 0.0263482
v 0.00117219 0 0.0263482
v -0.00158681 0 0.0263482
v -0.00434481 0 0.0263482
v -0.00710281 0 0.0263482
v -0.00986181 0 0.0263482
v -0.0126198 0 0.0263482
v -0.0153778 0 0.0263482
v -0.0181368 0 0.0263482
v -0.0208948 0 0.0263482
v -0.0236538 0 0.0263482
v -0.0264118 0 0.0263482
v -0.0319288 0 0.0295232
v -0.0705458 0 0.0295232
v -0.0733038 0 0.0295232
v -0.0677868 0 0.0295232
v -0.0650288 0 0.0295232
v -0.0622708 0 0.0295232
v -0.0595118 0 0.0295232
v -0.0567538 0 0.0295232
v -0.0539958 0 0.0295232
v -0.0512368 0 0.0295232
v -0.0484788 0 0.0295232
v -0.0457208 0 0.0295232
v -0.0429618 0 0.0295232
v -0.0402038 0 0.0295232
v -0.0374448 0 0.0295232
v -0.0346868 0 0.0295232
v -0.0319288 0 0.0313812
v -0.0705458 0 0.0313812
v -0.0733038 0 0.0313812
v -0.0677868 0 0.0313812
v -0.0650288 0 0.0313812
v -0.0622708 0 0.0313812
v -0.0595118 0 0.0313812
v -0.0567538 0 0.0313812
v -0.0539958 0 0.0313812
v -0.0512368 0 0.0313812
v -0.0484788 0 0.0313812
v -0.0457208 0 0.0313812
v -0.0429618 0 0.0313812
v -0.0402038 0 0.0313812
v -0.0374448 0 0.0313812
v -0.0346868 0 0.0313812
v 0.0540042 0 0.0229952
v 0.0540162 0 0.0257902
v 0.0401442 0 0.0285862
v 0.0429792 0 0.0285862
v 0.0429792 0 0.0313812
v 0.0401442 0 0.0313812
v 0.0429792 0 0.0202002
v 0.0401442 0 0.0202002
v 0.0288002 0 0.0285862
v 0.0288002 0 0.0313812
v 0.0288002 0 0.0202002
v 0.0266692 0 0.0202002
v 0.0316362 0 0.0285862
v 0.0316362 0 0.0313812
v 0.0316362 0 0.0202002
v 0.0344722 0 0.0285862
v 0.0344722 0 0.0313812
v 0.0344722 0 0.0202002
v 0.0373082 0 0.0285862
v 0.0373082 0 0.0313812
v 0.0373082 0 0.0202002
v 0.0486512 0 0.0202002
v 0.0486512 0 0.0285862
v 0.0514872 0 0.0285862
v 0.0514872 0 0.0313812
v 0.0486512 0 0.0313812
v 0.0458152 0 0.0202002
v 0.0458152 0 0.0285862
v 0.0458152 0 0.0313812
v 0.0627632 0 0.0202002
v 0.0598322 0 0.0202002
v 0.0598322 0 0.0285862
v 0.0627632 0 0.0285862
v 0.0627632 0 0.0313812
v 0.0598322 0 0.0313812
v 0.0704292 0 0.0202002
v 0.0686252 0 0.0202002
v 0.0686252 0 0.0313812
v 0.0686252 0 0.0285862
v 0.0704292 0 0.0285862
v 0.0704292 0 0.0313812
v 0.0656942 0 0.0202002
v 0.0656942 0 0.0285862
v 0.0656942 0 0.0313812
v 0.0569012 0 0.0285862
v 0.0569012 0 0.0313812
v 0.0569012 0 0.0202002
v 0.0540292 0 0.0285862
v 0.0540412 0 0.0313812
v 0.0539842 0 0.0171872
v 0.0539852 0 0.0140772
v 0.0529562 0 0.0168192
v 0.0526782 0 0.0161122
v 0.0549802 0 0.0145312
v -0.0766508 0 0.0184352
v -0.0786678 0 0.0203632
v -0.0804398 0 0.0220152
v -0.0823638 0 0.0237942
v -0.0749618 0 0.0205832
v -0.0766548 0 0.0217452
v -0.0786788 0 0.0235712
v -0.0804498 0 0.0251902
v -0.0749618 0 0.0236932
v -0.0766598 0 0.0249102
v 0.0238372 0 0.0219902
v 0.0210052 0 0.0283142
v 0.0181732 0 0.0313812
v 0.0238372 0 0.0251892
v 0.0122052 0 0.0313812
v -0.0319288 0 0.00657119
v -0.0291698 0 0.00657119
v -0.0912118 0 0.0210942
v -0.0891968 0 0.0192472
v -0.0761258 0 0.00735019
v -0.0733038 0 0.00657119
v 0.0207012 0 0.0218562
v 0.0178692 0 0.0250312
v 0.0540412 0 0.00657119
v 0.0569012 0 0.00657119
v -0.0705458 0 0.00657119
v -0.0677868 0 0.00657119
v -0.0650288 0 0.00657119
v -0.0622708 0 0.00657119
v -0.0595118 0 0.00657119
v -0.0567538 0 0.00657119
v -0.0539958 0 0.00657119
v -0.0512368 0 0.00657119
v -0.0484788 0 0.00657119
v -0.0457208 0 0.00657119
v -0.0429618 0 0.00657119
v -0.0402038 0 0.00657119
v -0.0374448 0 0.00657119
v -0.0346868 0 0.00657119
v -0.100335 0 0.0313812
v -0.0978868 0 0.0274922
v 0.0181732 0 0.0251322
v 0.0210052 0 0.0220082
v 0.0548432 0 0.0165552
v 0.0552082 0 0.0156322
v 0.0530722 0 0.0146382
v 0.0527292 0 0.0153702
v 0.0526542 0 0.0155292
v 0.0524812 0 0.0155292
v 0.0524812 0 0.0157352
v 0.0526542 0 0.0157352
v 0.0429792 0 0.0155062
v 0.0401442 0 0.0155062
v 0.0401442 0 0.00657119
v 0.0429792 0 0.00657119
v 0.0401442 0 0.0157592
v 0.0429792 0 0.0157582
v 0.0288002 0 0.0155062
v 0.0263652 0 0.0155062
v 0.0263652 0 0.00657119
v 0.0288002 0 0.00657119
v 0.0266692 0 0.0157592
v 0.0288002 0 0.0157592
v 0.0316362 0 0.0155062
v 0.0344722 0 0.0155062
v 0.0373082 0 0.0155062
v 0.0486512 0 0.0155062
v 0.0458152 0 0.0155062
v 0.0316362 0 0.00657119
v 0.0344722 0 0.00657119
v 0.0373082 0 0.00657119
v 0.0316362 0 0.0157592
v 0.0344722 0 0.0157592
v 0.0373082 0 0.0157592
v 0.0458152 0 0.0157582
v 0.0486512 0 0.0157582
v 0.0235332 0 0.0186812
v 0.0122052 0 0.00657119
v 0.0150372 0 0.00657119
v 0.0178692 0 0.00657119
v 0.0125092 0 0.0313812
v 0.0153412 0 0.0282572
v 0.0238372 0 0.0188832
v 0.0706542 0 0.0120342
v 0.0706542 0 0.0148792
v 0.0706542 0 0.0174832
v 0.0706542 0 0.0229952
v 0.0706542 0 0.0257902
v 0.0598322 0 0.00657119
v 0.0207012 0 0.00657119
v 0.00944719 0 0.00657119
v 0.00668919 0 0.00657119
v 0.00393019 0 0.00657119
v 0.00117219 0 0.00657119
v -0.00158681 0 0.00657119
v -0.00434481 0 0.00657119
v -0.00710281 0 0.00657119
v -0.00986181 0 0.00657119
v -0.0126198 0 0.00657119
v -0.0153778 0 0.00657119
v -0.0181368 0 0.00657119
v -0.0208948 0 0.00657119
v -0.0236538 0 0.00657119
v -0.0264118 0 0.00657119
v -0.0788478 0 0.00974619
v -0.0811388 0 0.0118632
v 0.0514872 0 0.00657119
v 0.0486512 0 0.00657119
v 0.0458152 0 0.00657119
v 0.0235332 0 0.00657119
v 0.0627632 0 0.00657119
v 0.0679082 0 0.00657119
v 0.0699912 0 0.00748119
v 0.0656942 0 0.00657119
v -0.0831528 0 0.0137092
v -0.0851678 0 0.0155552
v -0.0871818 0 0.0174012
v -0.0953348 0 0.0249002
v -0.0932258 0 0.0228982
v 0.0706542 0 0.00969419
v 0.0150372 0 0.0282062
v 0.0706542 0 0.0202002
v 0.0706542 0 0.0285862
v 0.0706542 0 0.0313812
v 0.0539842 0 0.0169632
v 0.0539842 0 0.0143012
v 0.0530722 0 0.0166272
v 0.0527282 0 0.0158942
v 0.0548432 0 0.0147092
v -0.0291698 0.000449 0.0559662
v -0.0291698 0.000449 0.0542222
v -0.0319288 0.000449 0.0542222
v -0.0319288 0.000449 0.0559662
v -0.0877488 0.000449 0.0418762
v -0.0897638 0.000449 0.0400232
v -0.0910658 0.000449 0.0414982
v -0.0890498 0.000449 0.0433452
v -0.0733038 0.000449 0.0559662
v -0.0733008 0.000449 0.0542022
v -0.0755178 0.000449 0.0533732
v -0.0760558 0.000449 0.0551992
v 0.0178692 0.000449 0.0379562
v 0.0178692 0.000449 0.0395892
v 0.0207012 0.000449 0.0427642
v 0.0207012 0.000449 0.0411312
v 0.0540402 0.000449 0.0559662
v 0.0569012 0.000449 0.0559662
v 0.0569012 0.000449 0.0542222
v 0.0540272 0.000449 0.0542222
v -0.0705458 0.000449 0.0559662
v -0.0705458 0.000449 0.0542222
v -0.0677868 0.000449 0.0559662
v -0.0677868 0.000449 0.0542222
v -0.0650288 0.000449 0.0559662
v -0.0650288 0.000449 0.0542222
v -0.0622708 0.000449 0.0559662
v -0.0622708 0.000449 0.0542222
v -0.0595118 0.000449 0.0559662
v -0.0595118 0.000449 0.0542222
v -0.0567538 0.000449 0.0559662
v -0.0567538 0.000449 0.0542222
v -0.0539958 0.000449 0.0559662
v -0.0539958 0.000449 0.0542222
v -0.0512368 0.000449 0.0559662
v -0.0512368 0.000449 0.0542222
v -0.0484788 0.000449 0.0559662
v -0.0484788 0.000449 0.0542222
v -0.0457198 0.000449 0.0559662
v -0.0457208 0.000449 0.0542222
v -0.0429618 0.000449 0.0559662
v -0.0429618 0.000449 0.0542222
v -0.0402038 0.000449 0.0559662
v -0.0402038 0.000449 0.0542222
v -0.0374448 0.000449 0.0559662
v -0.0374448 0.000449 0.0542222
v -0.0346868 0.000449 0.0559662
v -0.0346868 0.000449 0.0542222
v 0.0122052 0.000449 0.0332392
v 0.00668919 0.000449 0.0332392
v 0.00944719 0.000449 0.0332392
v 0.00393019 0.000449 0.0332392
v 0.00117219 0.000449 0.0332392
v -0.00158681 0.000449 0.0332392
v -0.00434481 0.000449 0.0332392
v -0.00710281 0.000449 0.0332392
v -0.00986181 0.000449 0.0332392
v -0.0126198 0.000449 0.0332392
v -0.0153778 0.000449 0.0332392
v -0.0181368 0.000449 0.0332392
v -0.0208948 0.000449 0.0332392
v -0.0236538 0.000449 0.0332392
v -0.0264118 0.000449 0.0332392
v -0.0291698 0.000449 0.0332392
v -0.0976768 0.000449 0.0351912
v -0.0956568 0.000449 0.0342212
v -0.0766648 0.000449 0.0346732
v -0.0749618 0.000449 0.0358932
v 0.0210052 0.000449 0.0405302
v 0.0210052 0.000449 0.0390802
v 0.0181732 0.000449 0.0359562
v 0.0181732 0.000449 0.0374052
v 0.0553702 0.000449 0.0471192
v 0.0569012 0.000449 0.0452792
v 0.0558982 0.000449 0.0448092
v 0.0549782 0.000449 0.0460282
v 0.0569012 0.000449 0.0485512
v 0.0526782 0.000449 0.0476112
v 0.0522452 0.000449 0.0494602
v 0.0529542 0.000449 0.0483152
v 0.0525172 0.000449 0.0474112
v 0.0522732 0.000449 0.0473162
v 0.0486512 0.000449 0.0487572
v 0.0514872 0.000449 0.0487572
v 0.0514872 0.000449 0.0425622
v 0.0522452 0.000449 0.0447712
v 0.0539842 0.000449 0.0445432
v 0.0539912 0.000449 0.0425622
v 0.0514872 0.000449 0.0454002
v 0.0486512 0.000449 0.0454002
v 0.0522742 0.000449 0.0469392
v 0.0525232 0.000449 0.0468442
v 0.0401442 0.000449 0.0397672
v 0.0429792 0.000449 0.0397672
v 0.0429792 0.000449 0.0369722
v 0.0401442 0.000449 0.0369722
v 0.0429792 0.000449 0.0487572
v 0.0429792 0.000449 0.0474812
v 0.0401442 0.000449 0.0474812
v 0.0401442 0.000449 0.0487572
v 0.0429792 0.000449 0.0559662
v 0.0429792 0.000449 0.0542222
v 0.0401442 0.000449 0.0542222
v 0.0401442 0.000449 0.0559662
v 0.0429792 0.000449 0.0467792
v 0.0429792 0.000449 0.0454002
v 0.0401442 0.000449 0.0454002
v 0.0401442 0.000449 0.0467792
v 0.0266692 0.000449 0.0397672
v 0.0288002 0.000449 0.0397672
v 0.0288002 0.000449 0.0369722
v 0.0266692 0.000449 0.0369722
v 0.0288002 0.000449 0.0487572
v 0.0288002 0.000449 0.0474812
v 0.0263652 0.000449 0.0474812
v 0.0263652 0.000449 0.0487572
v 0.0288002 0.000449 0.0559662
v 0.0288002 0.000449 0.0542222
v 0.0263652 0.000449 0.0542222
v 0.0263652 0.000449 0.0559662
v 0.0288002 0.000449 0.0467792
v 0.0288002 0.000449 0.0454002
v 0.0266692 0.000449 0.0454002
v 0.0266692 0.000449 0.0467792
v 0.0316362 0.000449 0.0397672
v 0.0316362 0.000449 0.0369722
v 0.0344722 0.000449 0.0397672
v 0.0344722 0.000449 0.0369722
v 0.0373082 0.000449 0.0397672
v 0.0373082 0.000449 0.0369722
v 0.0514872 0.000449 0.0369722
v 0.0486512 0.000449 0.0369722
v 0.0486512 0.000449 0.0397672
v 0.0514872 0.000449 0.0397672
v 0.0458152 0.000449 0.0369722
v 0.0458152 0.000449 0.0397672
v 0.0316362 0.000449 0.0487572
v 0.0316362 0.000449 0.0474812
v 0.0344722 0.000449 0.0487572
v 0.0344722 0.000449 0.0474812
v 0.0373082 0.000449 0.0487572
v 0.0373082 0.000449 0.0474812
v 0.0458152 0.000449 0.0474812
v 0.0458152 0.000449 0.0487572
v 0.0486512 0.000449 0.0474812
v 0.0316362 0.000449 0.0559662
v 0.0316362 0.000449 0.0542222
v 0.0344722 0.000449 0.0559662
v 0.0344722 0.000449 0.0542222
v 0.0373082 0.000449 0.0559662
v 0.0373082 0.000449 0.0542222
v 0.0486512 0.000449 0.0507282
v 0.0514872 0.000449 0.0507282
v 0.0458152 0.000449 0.0507282
v 0.0429792 0.000449 0.0507282
v 0.0316362 0.000449 0.0467792
v 0.0316362 0.000449 0.0454002
v 0.0344722 0.000449 0.0467792
v 0.0344722 0.000449 0.0454002
v 0.0373082 0.000449 0.0467792
v 0.0373082 0.000449 0.0454002
v 0.0458152 0.000449 0.0454002
v 0.0458152 0.000449 0.0467792
v 0.0486512 0.000449 0.0467792
v 0.0235332 0.000449 0.0459392
v 0.0235332 0.000449 0.0507282
v 0.0263652 0.000449 0.0507282
v 0.0235332 0.000449 0.0443062
v 0.0150372 0.000449 0.0559662
v 0.0150372 0.000449 0.0542222
v 0.0122052 0.000449 0.0542222
v 0.0122052 0.000449 0.0559662
v 0.0178692 0.000449 0.0559662
v 0.0178692 0.000449 0.0542222
v 0.0153412 0.000449 0.0342812
v 0.0153412 0.000449 0.0328312
v 0.0238372 0.000449 0.0422042
v 0.0238372 0.000449 0.0436542
v 0.0238372 0.000449 0.0344252
v 0.0210052 0.000449 0.0376482
v 0.0181732 0.000449 0.0345232
v 0.0266692 0.000449 0.0341762
v 0.0598322 0.000449 0.0485512
v 0.0598322 0.000449 0.0507282
v 0.0627632 0.000449 0.0507282
v 0.0627632 0.000449 0.0485512
v 0.0598322 0.000449 0.0452792
v 0.0627632 0.000449 0.0452792
v 0.0627632 0.000449 0.0369722
v 0.0598322 0.000449 0.0369722
v 0.0598322 0.000449 0.0397672
v 0.0627632 0.000449 0.0397672
v 0.0704292 0.000449 0.0478832
v 0.0686252 0.000449 0.0478832
v 0.0686142 0.000449 0.0507272
v 0.0704292 0.000449 0.0507282
v 0.0704292 0.000449 0.0452792
v 0.0686252 0.000449 0.0452792
v 0.0704292 0.000449 0.0369722
v 0.0686252 0.000449 0.0369722
v 0.0686252 0.000449 0.0397672
v 0.0704292 0.000449 0.0397672
v 0.0656942 0.000449 0.0478832
v 0.0656942 0.000449 0.0507282
v 0.0598322 0.000449 0.0559662
v 0.0598322 0.000449 0.0542222
v 0.0656942 0.000449 0.0452792
v 0.0656942 0.000449 0.0369722
v 0.0656942 0.000449 0.0397672
v 0.0569012 0.000449 0.0397672
v 0.0569012 0.000449 0.0369722
v -0.0291698 0.000449 0.0507282
v -0.0319288 0.000449 0.0507282
v -0.0863908 0.000449 0.0352552
v -0.0733038 0.000449 0.0507282
v -0.0749618 0.000449 0.0500022
v 0.0207012 0.000449 0.0559662
v 0.0207012 0.000449 0.0542222
v 0.0569012 0.000449 0.0507282
v 0.0540022 0.000449 0.0507282
v -0.0705458 0.000449 0.0507282
v -0.0677868 0.000449 0.0507282
v -0.0650288 0.000449 0.0507282
v -0.0622708 0.000449 0.0507282
v -0.0595118 0.000449 0.0507282
v -0.0567538 0.000449 0.0507282
v -0.0539958 0.000449 0.0507282
v -0.0512368 0.000449 0.0507282
v -0.0484788 0.000449 0.0507282
v -0.0457198 0.000449 0.0507282
v -0.0429618 0.000449 0.0507282
v -0.0402038 0.000449 0.0507282
v -0.0374448 0.000449 0.0507282
v -0.0346868 0.000449 0.0507282
v 0.00944719 0.000449 0.0542222
v 0.00944719 0.000449 0.0559662
v 0.00668919 0.000449 0.0542222
v 0.00668919 0.000449 0.0559662
v 0.00393019 0.000449 0.0542222
v 0.00393019 0.000449 0.0559662
v 0.00117219 0.000449 0.0542222
v 0.00117219 0.000449 0.0559662
v -0.00158681 0.000449 0.0542222
v -0.00158681 0.000449 0.0559662
v -0.00434481 0.000449 0.0542222
v -0.00434481 0.000449 0.0559662
v -0.00710281 0.000449 0.0542222
v -0.00710281 0.000449 0.0559662
v -0.00986181 0.000449 0.0542222
v -0.00986181 0.000449 0.0559662
v -0.0126198 0.000449 0.0542222
v -0.0126198 0.000449 0.0559662
v -0.0153778 0.000449 0.0542222
v -0.0153778 0.000449 0.0559662
v -0.0181368 0.000449 0.0542222
v -0.0181368 0.000449 0.0559662
v -0.0208948 0.000449 0.0542222
v -0.0208948 0.000449 0.0559662
v -0.0236538 0.000449 0.0542222
v -0.0236538 0.000449 0.0559662
v -0.0264118 0.000449 0.0542222
v -0.0264118 0.000449 0.0559662
v -0.0775398 0.000449 0.0512982
v -0.0787168 0.000449 0.0528332
v -0.0796908 0.000449 0.0492902
v -0.0809898 0.000449 0.0507302
v 0.0514872 0.000449 0.0542222
v 0.0514872 0.000449 0.0559662
v 0.0401442 0.000449 0.0507282
v 0.0288002 0.000449 0.0507282
v 0.0316362 0.000449 0.0507282
v 0.0344722 0.000449 0.0507282
v 0.0373082 0.000449 0.0507282
v 0.0486512 0.000449 0.0542222
v 0.0486512 0.000449 0.0559662
v 0.0458152 0.000449 0.0542222
v 0.0458152 0.000449 0.0559662
v 0.0235332 0.000449 0.0542222
v 0.0235332 0.000449 0.0559662
v 0.0150372 0.000449 0.0507282
v 0.0122052 0.000449 0.0507282
v 0.0178692 0.000449 0.0507282
v 0.0627632 0.000449 0.0559662
v 0.0627632 0.000449 0.0542222
v 0.0698272 0.000449 0.0551272
v 0.0678162 0.000449 0.0532202
v 0.0670132 0.000449 0.0539182
v 0.0678252 0.000449 0.0559822
v 0.0656942 0.000449 0.0559662
v 0.0656912 0.000449 0.0541972
v -0.0817048 0.000449 0.0474362
v -0.0830048 0.000449 0.0488842
v -0.0837198 0.000449 0.0455832
v -0.0850198 0.000449 0.0470382
v -0.0857348 0.000449 0.0437352
v -0.0870338 0.000449 0.0451922
v -0.0951758 0.000449 0.0377032
v -0.0937938 0.000449 0.0363162
v -0.0930828 0.000449 0.0396912
v -0.0917778 0.000449 0.0381692
v -0.0804598 0.000449 0.0343582
v -0.0786888 0.000449 0.0359872
v -0.0823728 0.000449 0.0358072
v -0.0843768 0.000449 0.0371082
v -0.0904058 0.000449 0.0358172
v -0.0883928 0.000449 0.0376702
v 0.0207012 0.000449 0.0507282
v 0.00944719 0.000449 0.0507282
v 0.00668919 0.000449 0.0507282
v 0.00393019 0.000449 0.0507282
v 0.00117219 0.000449 0.0507282
v -0.00158681 0.000449 0.0507282
v -0.00434481 0.000449 0.0507282
v -0.00710281 0.000449 0.0507282
v -0.00986181 0.000449 0.0507282
v -0.0126198 0.000449 0.0507282
v -0.0153778 0.000449 0.0507282
v -0.0181368 0.000449 0.0507282
v -0.0208948 0.000449 0.0507282
v -0.0236538 0.000449 0.0507282
v -0.0264118 0.000449 0.0507282
v 0.0684782 0.000449 0.0521712
v 0.0704462 0.000449 0.0529822
v -0.0291698 0.000449 0.0459392
v -0.0319288 0.000449 0.0459392
v 0.0558982 0.000449 0.0494222
v 0.0539902 0.000449 0.0496392
v -0.0705458 0.000449 0.0459392
v -0.0733038 0.000449 0.0459392
v -0.0677868 0.000449 0.0459392
v -0.0650288 0.000449 0.0459392
v -0.0622708 0.000449 0.0459392
v -0.0595118 0.000449 0.0459392
v -0.0567538 0.000449 0.0459392
v -0.0539958 0.000449 0.0459392
v -0.0512368 0.000449 0.0459392
v -0.0484788 0.000449 0.0459392
v -0.0457198 0.000449 0.0459392
v -0.0429618 0.000449 0.0459392
v -0.0402038 0.000449 0.0459392
v -0.0374448 0.000449 0.0459392
v -0.0346868 0.000449 0.0459392
v 0.0150372 0.000449 0.0459392
v 0.0122052 0.000449 0.0459392
v 0.0178692 0.000449 0.0459392
v -0.0766438 0.000449 0.0485992
v -0.0786548 0.000449 0.0466712
v -0.0863788 0.000449 0.0395242
v -0.0804268 0.000449 0.0450182
v -0.0823508 0.000449 0.0432372
v -0.0843648 0.000449 0.0413772
v -0.0749618 0.000449 0.0456022
v 0.0178692 0.000449 0.0427642
v 0.0207012 0.000449 0.0459392
v 0.0150372 0.000449 0.0364142
v 0.0150372 0.000449 0.0347812
v 0.00944719 0.000449 0.0364142
v 0.0122052 0.000449 0.0364142
v 0.00944719 0.000449 0.0459392
v 0.00668919 0.000449 0.0459392
v 0.00393019 0.000449 0.0459392
v 0.00117219 0.000449 0.0459392
v -0.00158681 0.000449 0.0459392
v -0.00434481 0.000449 0.0459392
v -0.00710281 0.000449 0.0459392
v -0.00986181 0.000449 0.0459392
v -0.0126198 0.000449 0.0459392
v -0.0153778 0.000449 0.0459392
v -0.0181368 0.000449 0.0459392
v -0.0208948 0.000449 0.0459392
v -0.0236538 0.000449 0.0459392
v -0.0264118 0.000449 0.0459392
v -0.0291698 0.000449 0.0427642
v -0.0319288 0.000449 0.0427642
v -0.0705458 0.000449 0.0427642
v -0.0733038 0.000449 0.0427642
v -0.0677868 0.000449 0.0427642
v -0.0650288 0.000449 0.0427642
v -0.0622708 0.000449 0.0427642
v -0.0595118 0.000449 0.0427642
v -0.0567538 0.000449 0.0427642
v -0.0539958 0.000449 0.0427642
v -0.0512368 0.000449 0.0427642
v -0.0484788 0.000449 0.0427642
v -0.0457198 0.000449 0.0427642
v -0.0429618 0.000449 0.0427642
v -0.0402038 0.000449 0.0427642
v -0.0374448 0.000449 0.0427642
v -0.0346868 0.000449 0.0427642
v 0.0150372 0.000449 0.0427642
v 0.0122052 0.000449 0.0427642
v 0.00944719 0.000449 0.0427642
v 0.00668919 0.000449 0.0427642
v 0.00393019 0.000449 0.0427642
v 0.00117219 0.000449 0.0427642
v -0.00158681 0.000449 0.0427642
v -0.00434481 0.000449 0.0427642
v -0.00710281 0.000449 0.0427642
v -0.00986181 0.000449 0.0427642
v -0.0126198 0.000449 0.0427642
v -0.0153778 0.000449 0.0427642
v -0.0181368 0.000449 0.0427642
v -0.0208948 0.000449 0.0427642
v -0.0236538 0.000449 0.0427642
v -0.0264118 0.000449 0.0427642
v -0.0291698 0.000449 0.0395892
v -0.0319288 0.000449 0.0395892
v -0.0705458 0.000449 0.0395892
v -0.0733038 0.000449 0.0395892
v -0.0677868 0.000449 0.0395892
v -0.0650288 0.000449 0.0395892
v -0.0622708 0.000449 0.0395892
v -0.0595118 0.000449 0.0395892
v -0.0567538 0.000449 0.0395892
v -0.0539958 0.000449 0.0395892
v -0.0512368 0.000449 0.0395892
v -0.0484788 0.000449 0.0395892
v -0.0457198 0.000449 0.0395892
v -0.0429618 0.000449 0.0395892
v -0.0402038 0.000449 0.0395892
v -0.0374448 0.000449 0.0395892
v -0.0346868 0.000449 0.0395892
v 0.0150372 0.000449 0.0395892
v 0.0122052 0.000449 0.0395892
v 0.00944719 0.000449 0.0395892
v 0.00668919 0.000449 0.0395892
v 0.00393019 0.000449 0.0395892
v 0.00117219 0.000449 0.0395892
v -0.00158681 0.000449 0.0395892
v -0.00434481 0.000449 0.0395892
v -0.00710281 0.000449 0.0395892
v -0.00986181 0.000449 0.0395892
v -0.0126198 0.000449 0.0395892
v -0.0153778 0.000449 0.0395892
v -0.0181368 0.000449 0.0395892
v -0.0208948 0.000449 0.0395892
v -0.0236538 0.000449 0.0395892
v -0.0264118 0.000449 0.0395892
v -0.0291698 0.000449 0.0364142
v -0.0319288 0.000449 0.0364142
v -0.0705458 0.000449 0.0364142
v -0.0733038 0.000449 0.0364142
v -0.0677868 0.000449 0.0364142
v -0.0650288 0.000449 0.0364142
v -0.0622708 0.000449 0.0364142
v -0.0595118 0.000449 0.0364142
v -0.0567538 0.000449 0.0364142
v -0.0539958 0.000449 0.0364142
v -0.0512368 0.000449 0.0364142
v -0.0484788 0.000449 0.0364142
v -0.0457198 0.000449 0.0364142
v -0.0429618 0.000449 0.0364142
v -0.0402038 0.000449 0.0364142
v -0.0374448 0.000449 0.0364142
v -0.0346868 0.000449 0.0364142
v 0.00668919 0.000449 0.0364142
v 0.00393019 0.000449 0.0364142
v 0.00117219 0.000449 0.0364142
v -0.00158681 0.000449 0.0364142
v -0.00434481 0.000449 0.0364142
v -0.00710281 0.000449 0.0364142
v -0.00986181 0.000449 0.0364142
v -0.0126198 0.000449 0.0364142
v -0.0153778 0.000449 0.0364142
v -0.0181368 0.000449 0.0364142
v -0.0208948 0.000449 0.0364142
v -0.0236538 0.000449 0.0364142
v -0.0264118 0.000449 0.0364142
v -0.0319288 0.000449 0.0332392
v -0.0705458 0.000449 0.0332392
v -0.0733038 0.000449 0.0332392
v -0.0677868 0.000449 0.0332392
v -0.0650288 0.000449 0.0332392
v -0.0622708 0.000449 0.0332392
v -0.0595118 0.000449 0.0332392
v -0.0567538 0.000449 0.0332392
v -0.0539958 0.000449 0.0332392
v -0.0512368 0.000449 0.0332392
v -0.0484788 0.000449 0.0332392
v -0.0457198 0.000449 0.0332392
v -0.0429618 0.000449 0.0332392
v -0.0402038 0.000449 0.0332392
v -0.0374448 0.000449 0.0332392
v -0.0346868 0.000449 0.0332392
v 0.0540042 0.000449 0.0397672
v 0.0540162 0.000449 0.0369722
v 0.0401442 0.000449 0.0341762
v 0.0429792 0.000449 0.0341762
v 0.0429792 0.000449 0.0425622
v 0.0401442 0.000449 0.0425622
v 0.0288002 0.000449 0.0341762
v 0.0288002 0.000449 0.0425622
v 0.0266692 0.000449 0.0425622
v 0.0316362 0.000449 0.0341762
v 0.0316362 0.000449 0.0425622
v 0.0344722 0.000449 0.0341762
v 0.0344722 0.000449 0.0425622
v 0.0373082 0.000449 0.0341762
v 0.0373082 0.000449 0.0425622
v 0.0486512 0.000449 0.0425622
v 0.0486512 0.000449 0.0341762
v 0.0514872 0.000449 0.0341762
v 0.0458152 0.000449 0.0425622
v 0.0458152 0.000449 0.0341762
v 0.0627632 0.000449 0.0425622
v 0.0598322 0.000449 0.0425622
v 0.0598322 0.000449 0.0341762
v 0.0627632 0.000449 0.0341762
v 0.0704292 0.000449 0.0425622
v 0.0686252 0.000449 0.0425622
v 0.0686252 0.000449 0.0341762
v 0.0704292 0.000449 0.0341762
v 0.0656942 0.000449 0.0425622
v 0.0656942 0.000449 0.0341762
v 0.0569012 0.000449 0.0341762
v 0.0569012 0.000449 0.0425622
v 0.0540292 0.000449 0.0341762
v 0.0539842 0.000449 0.0455752
v 0.0539852 0.000449 0.0486852
v 0.0529562 0.000449 0.0459432
v 0.0526782 0.000449 0.0466502
v 0.0549802 0.000449 0.0482312
v -0.0766508 0.000449 0.0443272
v -0.0786678 0.000449 0.0423992
v -0.0804398 0.000449 0.0407472
v -0.0823638 0.000449 0.0389682
v -0.0749618 0.000449 0.0421792
v -0.0766548 0.000449 0.0410172
v -0.0786788 0.000449 0.0391912
v -0.0804498 0.000449 0.0375722
v -0.0749618 0.000449 0.0390692
v -0.0766598 0.000449 0.0378522
v 0.0238372 0.000449 0.0407722
v 0.0210052 0.000449 0.0344482
v 0.0238372 0.000449 0.0375732
v -0.0319288 0.000449 0.0561912
v -0.0291698 0.000449 0.0561912
v -0.0912118 0.000449 0.0416682
v -0.0891968 0.000449 0.0435152
v -0.0761258 0.000449 0.0554122
v -0.0733038 0.000449 0.0561912
v 0.0207012 0.000449 0.0409062
v 0.0178692 0.000449 0.0377312
v 0.0540412 0.000449 0.0561912
v 0.0569012 0.000449 0.0561912
v -0.0705458 0.000449 0.0561912
v -0.0677868 0.000449 0.0561912
v -0.0650288 0.000449 0.0561912
v -0.0622708 0.000449 0.0561912
v -0.0595118 0.000449 0.0561912
v -0.0567538 0.000449 0.0561912
v -0.0539958 0.000449 0.0561912
v -0.0512368 0.000449 0.0561912
v -0.0484788 0.000449 0.0561912
v -0.0457198 0.000449 0.0561912
v -0.0429618 0.000449 0.0561912
v -0.0402038 0.000449 0.0561912
v -0.0374448 0.000449 0.0561912
v -0.0346868 0.000449 0.0561912
v -0.0978868 0.000449 0.0352702
v 0.0181732 0.000449 0.0376302
v 0.0210052 0.000449 0.0407542
v 0.0548432 0.000449 0.0462072
v 0.0552082 0.000449 0.0471302
v 0.0530722 0.000449 0.0481242
v 0.0527292 0.000449 0.0473922
v 0.0526542 0.000449 0.0472332
v 0.0524812 0.000449 0.0472332
v 0.0524812 0.000449 0.0470272
v 0.0526542 0.000449 0.0470272
v 0.0429792 0.000449 0.0472562
v 0.0401442 0.000449 0.0472562
v 0.0401442 0.000449 0.0561912
v 0.0429792 0.000449 0.0561912
v 0.0401442 0.000449 0.0470032
v 0.0429792 0.000449 0.0470042
v 0.0288002 0.000449 0.0472562
v 0.0263652 0.000449 0.0472562
v 0.0263652 0.000449 0.0561912
v 0.0288002 0.000449 0.0561912
v 0.0266692 0.000449 0.0470032
v 0.0288002 0.000449 0.0470032
v 0.0316362 0.000449 0.0472562
v 0.0344722 0.000449 0.0472562
v 0.0373082 0.000449 0.0472562
v 0.0486512 0.000449 0.0472562
v 0.0458152 0.000449 0.0472562
v 0.0316362 0.000449 0.0561912
v 0.0344722 0.000449 0.0561912
v 0.0373082 0.000449 0.0561912
v 0.0316362 0.000449 0.0470032
v 0.0344722 0.000449 0.0470032
v 0.0373082 0.000449 0.0470032
v 0.0458152 0.000449 0.0470042
v 0.0486512 0.000449 0.0470042
v 0.0235332 0.000449 0.0440812
v 0.0122052 0.000449 0.0561912
v 0.0150372 0.000449 0.0561912
v 0.0178692 0.000449 0.0561912
v 0.0153412 0.000449 0.0345052
v 0.0238372 0.000449 0.0438792
v 0.0706542 0.000449 0.0507282
v 0.0706542 0.000449 0.0478832
v 0.0706542 0.000449 0.0452792
v 0.0706542 0.000449 0.0397672
v 0.0706542 0.000449 0.0369722
v 0.0598322 0.000449 0.0561912
v 0.0207012 0.000449 0.0561912
v 0.00944719 0.000449 0.0561912
v 0.00668919 0.000449 0.0561912
v 0.00393019 0.000449 0.0561912
v 0.00117219 0.000449 0.0561912
v -0.00158681 0.000449 0.0561912
v -0.00434481 0.000449 0.0561912
v -0.00710281 0.000449 0.0561912
v -0.00986181 0.000449 0.0561912
v -0.0126198 0.000449 0.0561912
v -0.0153778 0.000449 0.0561912
v -0.0181368 0.000449 0.0561912
v -0.0208948 0.000449 0.0561912
v -0.0236538 0.000449 0.0561912
v -0.0264118 0.000449 0.0561912
v -0.0788478 0.000449 0.0530162
v -0.0811388 0.000449 0.0508992
v 0.0514872 0.000449 0.0561912
v 0.0486512 0.000449 0.0561912
v 0.0458152 0.000449 0.0561912
v 0.0235332 0.000449 0.0561912
v 0.0627632 0.000449 0.0561912
v 0.0679082 0.000449 0.0561912
v 0.0699912 0.000449 0.0552812
v 0.0656942 0.000449 0.0561912
v -0.0831528 0.000449 0.0490532
v -0.0851678 0.000449 0.0472072
v -0.0871818 0.000449 0.0453612
v -0.0953348 0.000449 0.0378622
v -0.0932258 0.000449 0.0398642
v 0.0706542 0.000449 0.0530682
v 0.0150372 0.000449 0.0345562
v 0.0706542 0.000449 0.0425622
v 0.0706542 0.000449 0.0341762
v 0.0539842 0.000449 0.0457992
v 0.0539842 0.000449 0.0484612
v 0.0530722 0.000449 0.0461352
v 0.0527282 0.000449 0.0468682
v 0.0548432 0.000449 0.0480532
v -0.0978868 0.000225 0.0352702
v -0.0953348 0.000225 0.0378622
v -0.0932258 0.000225 0.0398642
v -0.0912118 0.000225 0.0416682
v -0.0891968 0.000225 0.0435152
v -0.0871818 0.000225 0.0453612
v -0.0851678 0.000225 0.0472072
v -0.0831528 0.000225 0.0490532
v -0.0811388 0.000225 0.0508992
v -0.0788478 0.000225 0.0530162
v -0.0761258 0.000225 0.0554122
v -0.0733038 0.000225 0.0561912
v -0.0705458 0.000225 0.0561912
v -0.0677868 0.000225 0.0561912
v -0.0650288 0.000225 0.0561912
v -0.0622708 0.000225 0.0561912
v -0.0595118 0.000225 0.0561912
v -0.0567538 0.000225 0.0561912
v -0.0539958 0.000225 0.0561912
v -0.0512368 0.000225 0.0561912
v -0.0484788 0.000225 0.0561912
v -0.0457208 0.000225 0.0561912
v -0.0429618 0.000225 0.0561912
v -0.0402038 0.000225 0.0561912
v -0.0374448 0.000225 0.0561912
v -0.0346868 0.000225 0.0561912
v -0.0319288 0.000225 0.0561912
v -0.0291698 0.000225 0.0561912
v -0.0264118 0.000225 0.0561912
v -0.0236538 0.000225 0.0561912
v -0.0208948 0.000225 0.0561912
v -0.0181368 0.000225 0.0561912
v -0.0153778 0.000225 0.0561912
v -0.0126198 0.000225 0.0561912
v -0.00986181 0.000225 0.0561912
v -0.00710281 0.000225 0.0561912
v -0.00434481 0.000225 0.0561912
v -0.00158681 0.000225 0.0561912
v 0.00117219 0.000225 0.0561912
v 0.00393019 0.000225 0.0561912
v 0.00668919 0.000225 0.0561912
v 0.00944719 0.000225 0.0561912
v 0.0122052 0.000225 0.0561912
v 0.0150372 0.000225 0.0561912
v 0.0178692 0.000225 0.0561912
v 0.0207012 0.000225 0.0561912
v 0.0235332 0.000225 0.0561912
v 0.0263652 0.000225 0.0561912
v 0.0288002 0.000225 0.0561912
v 0.0316362 0.000225 0.0561912
v 0.0344722 0.000225 0.0561912
v 0.0373082 0.000225 0.0561912
v 0.0401442 0.000225 0.0561912
v 0.0429792 0.000225 0.0561912
v 0.0458152 0.000225 0.0561912
v 0.0486512 0.000225 0.0561912
v 0.0514872 0.000225 0.0561912
v 0.0540412 0.000225 0.0561912
v 0.0569012 0.000225 0.0561912
v 0.0598322 0.000225 0.0561912
v 0.0627632 0.000225 0.0561912
v 0.0656942 0.000225 0.0561912
v 0.0679082 0.000225 0.0561912
v 0.0699912 0.000225 0.0552812
v 0.0706542 0.000225 0.0530682
v 0.0706542 0.000225 0.0507282
v 0.0706542 0.000225 0.0478832
v 0.0706542 0.000225 0.0452792
v 0.0706542 0.000225 0.0425622
v 0.0706542 0.000225 0.0397672
v 0.0706542 0.000225 0.0369722
v 0.0706542 0.000225 0.0341762
v 0.0153412 0.000225 0.0345052
v 0.0181732 0.000225 0.0376302
v 0.0210052 0.000225 0.0407542
v 0.0238372 0.000225 0.0438792
v 0.0266692 0.000225 0.0470032
v 0.0288002 0.000225 0.0470032
v 0.0316362 0.000225 0.0470032
v 0.0344722 0.000225 0.0470032
v 0.0373082 0.000225 0.0470032
v 0.0401442 0.000225 0.0470032
v 0.0429792 0.000225 0.0470042
v 0.0458152 0.000225 0.0470042
v 0.0486512 0.000225 0.0470042
v 0.0524812 0.000225 0.0470272
v 0.0526542 0.000225 0.0470272
v 0.0527282 0.000225 0.0468682
v 0.0530722 0.000225 0.0461352
v 0.0539842 0.000225 0.0457992
v 0.0548432 0.000225 0.0462072
v 0.0552082 0.000225 0.0471302
v 0.0548432 0.000225 0.0480532
v 0.0539842 0.000225 0.0484612
v 0.0530722 0.000225 0.0481242
v 0.0527292 0.000225 0.0473922
v 0.0526542 0.000225 0.0472332
v 0.0524812 0.000225 0.0472332
v 0.0486512 0.000225 0.0472562
v 0.0458152 0.000225 0.0472562
v 0.0429792 0.000225 0.0472562
v 0.0401442 0.000225 0.0472562
v 0.0373082 0.000225 0.0472562
v 0.0344722 0.000225 0.0472562
v 0.0316362 0.000225 0.0472562
v 0.0288002 0.000225 0.0472562
v 0.0263652 0.000225 0.0472562
v 0.0235332 0.000225 0.0440812
v 0.0207012 0.000225 0.0409062
v 0.0178692 0.000225 0.0377312
v 0.0150372 0.000225 0.0345562
v -0.0291698 0 0.0559662
v -0.0319288 0 0.0559662
v -0.0319288 0 0.0542222
v -0.0291698 0 0.0542222
v -0.0877488 0 0.0418762
v -0.0890498 0 0.0433452
v -0.0910648 0 0.0414982
v -0.0897638 0 0.0400232
v -0.0733038 0 0.0559662
v -0.0760558 0 0.0551992
v -0.0755188 0 0.0533732
v -0.0733008 0 0.0542022
v 0.0178692 0 0.0379562
v 0.0207012 0 0.0411312
v 0.0207012 0 0.0427642
v 0.0178692 0 0.0395892
v 0.0540402 0 0.0559662
v 0.0540272 0 0.0542222
v 0.0569012 0 0.0542222
v 0.0569012 0 0.0559662
v -0.0705458 0 0.0559662
v -0.0705458 0 0.0542222
v -0.0677868 0 0.0559662
v -0.0677868 0 0.0542222
v -0.0650288 0 0.0559662
v -0.0650288 0 0.0542222
v -0.0622708 0 0.0559662
v -0.0622708 0 0.0542222
v -0.0595118 0 0.0559662
v -0.0595118 0 0.0542222
v -0.0567538 0 0.0559662
v -0.0567538 0 0.0542222
v -0.0539958 0 0.0559662
v -0.0539958 0 0.0542222
v -0.0512368 0 0.0559662
v -0.0512368 0 0.0542222
v -0.0484788 0 0.0559662
v -0.0484788 0 0.0542222
v -0.0457208 0 0.0559662
v -0.0457208 0 0.0542222
v -0.0429618 0 0.0559662
v -0.0429618 0 0.0542222
v -0.0402038 0 0.0559662
v -0.0402038 0 0.0542222
v -0.0374448 0 0.0559662
v -0.0374448 0 0.0542222
v -0.0346868 0 0.0559662
v -0.0346868 0 0.0542222
v 0.0122052 0 0.0332392
v 0.00944719 0 0.0332392
v 0.00668919 0 0.0332392
v 0.00393019 0 0.0332392
v 0.00117219 0 0.0332392
v -0.00158681 0 0.0332392
v -0.00434481 0 0.0332392
v -0.00710281 0 0.0332392
v -0.00986181 0 0.0332392
v -0.0126198 0 0.0332392
v -0.0153778 0 0.0332392
v -0.0181368 0 0.0332392
v -0.0208948 0 0.0332392
v -0.0236538 0 0.0332392
v -0.0264118 0 0.0332392
v -0.0291698 0 0.0332392
v -0.0976768 0 0.0351912
v -0.0956568 0 0.0342212
v -0.0749618 0 0.0358932
v -0.0766648 0 0.0346732
v 0.0210052 0 0.0405302
v 0.0181732 0 0.0374052
v 0.0181732 0 0.0359562
v 0.0210052 0 0.0390802
v 0.0553702 0 0.0471192
v 0.0549782 0 0.0460282
v 0.0558982 0 0.0448092
v 0.0569012 0 0.0452792
v 0.0569012 0 0.0485512
v 0.0526782 0 0.0476112
v 0.0529542 0 0.0483152
v 0.0522452 0 0.0494602
v 0.0525172 0 0.0474112
v 0.0514872 0 0.0487572
v 0.0486512 0 0.0487572
v 0.0522732 0 0.0473162
v 0.0514872 0 0.0425622
v 0.0539912 0 0.0425622
v 0.0539842 0 0.0445432
v 0.0522452 0 0.0447712
v 0.0514872 0 0.0454002
v 0.0525232 0 0.0468442
v 0.0522742 0 0.0469392
v 0.0486512 0 0.0454002
v 0.0401442 0 0.0397672
v 0.0401442 0 0.0369722
v 0.0429792 0 0.0369722
v 0.0429792 0 0.0397672
v 0.0429792 0 0.0487572
v 0.0401442 0 0.0487572
v 0.0401442 0 0.0474812
v 0.0429792 0 0.0474812
v 0.0429792 0 0.0559662
v 0.0401442 0 0.0559662
v 0.0401442 0 0.0542222
v 0.0429792 0 0.0542222
v 0.0429792 0 0.0467792
v 0.0401442 0 0.0467792
v 0.0401442 0 0.0454002
v 0.0429792 0 0.0454002
v 0.0266692 0 0.0397672
v 0.0266692 0 0.0369722
v 0.0288002 0 0.0369722
v 0.0288002 0 0.0397672
v 0.0288002 0 0.0487572
v 0.0263652 0 0.0487572
v 0.0263652 0 0.0474812
v 0.0288002 0 0.0474812
v 0.0288002 0 0.0559662
v 0.0263652 0 0.0559662
v 0.0263652 0 0.0542222
v 0.0288002 0 0.0542222
v 0.0288002 0 0.0467792
v 0.0266692 0 0.0467792
v 0.0266692 0 0.0454002
v 0.0288002 0 0.0454002
v 0.0316362 0 0.0369722
v 0.0316362 0 0.0397672
v 0.0344722 0 0.0369722
v 0.0344722 0 0.0397672
v 0.0373082 0 0.0369722
v 0.0373082 0 0.0397672
v 0.0514872 0 0.0369722
v 0.0514872 0 0.0397672
v 0.0486512 0 0.0397672
v 0.0486512 0 0.0369722
v 0.0458152 0 0.0397672
v 0.0458152 0 0.0369722
v 0.0316362 0 0.0487572
v 0.0316362 0 0.0474812
v 0.0344722 0 0.0487572
v 0.0344722 0 0.0474812
v 0.0373082 0 0.0487572
v 0.0373082 0 0.0474812
v 0.0458152 0 0.0474812
v 0.0486512 0 0.0474812
v 0.0458152 0 0.0487572
v 0.0316362 0 0.0559662
v 0.0316362 0 0.0542222
v 0.0344722 0 0.0559662
v 0.0344722 0 0.0542222
v 0.0373082 0 0.0559662
v 0.0373082 0 0.0542222
v 0.0514872 0 0.0507282
v 0.0486512 0 0.0507282
v 0.0458152 0 0.0507282
v 0.0429792 0 0.0507282
v 0.0316362 0 0.0467792
v 0.0316362 0 0.0454002
v 0.0344722 0 0.0467792
v 0.0344722 0 0.0454002
v 0.0373082 0 0.0467792
v 0.0373082 0 0.0454002
v 0.0458152 0 0.0454002
v 0.0486512 0 0.0467792
v 0.0458152 0 0.0467792
v 0.0263652 0 0.0507282
v 0.0235332 0 0.0507282
v 0.0235332 0 0.0459392
v 0.0235332 0 0.0443062
v 0.0150372 0 0.0559662
v 0.0122052 0 0.0559662
v 0.0122052 0 0.0542222
v 0.0150372 0 0.0542222
v 0.0178692 0 0.0559662
v 0.0178692 0 0.0542222
v 0.0153412 0 0.0342812
v 0.0153412 0 0.0328312
v 0.0238372 0 0.0436542
v 0.0238372 0 0.0422042
v 0.0238372 0 0.0344252
v 0.0181732 0 0.0345232
v 0.0210052 0 0.0376482
v 0.0266692 0 0.0341762
v 0.0598322 0 0.0485512
v 0.0627632 0 0.0485512
v 0.0627632 0 0.0507282
v 0.0598322 0 0.0507282
v 0.0598322 0 0.0452792
v 0.0627632 0 0.0452792
v 0.0627632 0 0.0369722
v 0.0627632 0 0.0397672
v 0.0598322 0 0.0397672
v 0.0598322 0 0.0369722
v 0.0704292 0 0.0478832
v 0.0704292 0 0.0507282
v 0.0686142 0 0.0507272
v 0.0686252 0 0.0478832
v 0.0704292 0 0.0452792
v 0.0686252 0 0.0452792
v 0.0704292 0 0.0369722
v 0.0704292 0 0.0397672
v 0.0686252 0 0.0397672
v 0.0686252 0 0.0369722
v 0.0656942 0 0.0478832
v 0.0656942 0 0.0507282
v 0.0598322 0 0.0559662
v 0.0598322 0 0.0542222
v 0.0656942 0 0.0452792
v 0.0656942 0 0.0397672
v 0.0656942 0 0.0369722
v 0.0569012 0 0.0397672
v 0.0569012 0 0.0369722
v -0.0319288 0 0.0507282
v -0.0291698 0 0.0507282
v -0.0863908 0 0.0352552
v -0.0749618 0 0.0500022
v -0.0733038 0 0.0507282
v 0.0207012 0 0.0559662
v 0.0207012 0 0.0542222
v 0.0540022 0 0.0507282
v 0.0569012 0 0.0507282
v -0.0705458 0 0.0507282
v -0.0677868 0 0.0507282
v -0.0650288 0 0.0507282
v -0.0622708 0 0.0507282
v -0.0595118 0 0.0507282
v -0.0567538 0 0.0507282
v -0.0539958 0 0.0507282
v -0.0512368 0 0.0507282
v -0.0484788 0 0.0507282
v -0.0457208 0 0.0507282
v -0.0429618 0 0.0507282
v -0.0402038 0 0.0507282
v -0.0374448 0 0.0507282
v -0.0346868 0 0.0507282
v 0.00944719 0 0.0559662
v 0.00944719 0 0.0542222
v 0.00668919 0 0.0559662
v 0.00668919 0 0.0542222
v 0.00393019 0 0.0559662
v 0.00393019 0 0.0542222
v 0.00117219 0 0.0559662
v 0.00117219 0 0.0542222
v -0.00158681 0 0.0559662
v -0.00158681 0 0.0542222
v -0.00434481 0 0.0559662
v -0.00434481 0 0.0542222
v -0.00710281 0 0.0559662
v -0.00710281 0 0.0542222
v -0.00986181 0 0.0559662
v -0.00986181 0 0.0542222
v -0.0126198 0 0.0559662
v -0.0126198 0 0.0542222
v -0.0153778 0 0.0559662
v -0.0153778 0 0.0542222
v -0.0181368 0 0.0559662
v -0.0181368 0 0.0542222
v -0.0208948 0 0.0559662
v -0.0208948 0 0.0542222
v -0.0236538 0 0.0559662
v -0.0236538 0 0.0542222
v -0.0264118 0 0.0559662
v -0.0264118 0 0.0542222
v -0.0787168 0 0.0528332
v -0.0775398 0 0.0512982
v -0.0809898 0 0.0507302
v -0.0796908 0 0.0492902
v 0.0514872 0 0.0559662
v 0.0514872 0 0.0542222
v 0.0401442 0 0.0507282
v 0.0288002 0 0.0507282
v 0.0316362 0 0.0507282
v 0.0344722 0 0.0507282
v 0.0373082 0 0.0507282
v 0.0486512 0 0.0559662
v 0.0486512 0 0.0542222
v 0.0458152 0 0.0559662
v 0.0458152 0 0.0542222
v 0.0235332 0 0.0559662
v 0.0235332 0 0.0542222
v 0.0122052 0 0.0507282
v 0.0150372 0 0.0507282
v 0.0178692 0 0.0507282
v 0.0627632 0 0.0559662
v 0.0627632 0 0.0542222
v 0.0698272 0 0.0551272
v 0.0678252 0 0.0559822
v 0.0670132 0 0.0539182
v 0.0678162 0 0.0532202
v 0.0656942 0 0.0559662
v 0.0656912 0 0.0541972
v -0.0830048 0 0.0488842
v -0.0817048 0 0.0474362
v -0.0850198 0 0.0470382
v -0.0837198 0 0.0455832
v -0.0870338 0 0.0451922
v -0.0857348 0 0.0437352
v -0.0951758 0 0.0377032
v -0.0937938 0 0.0363162
v -0.0930828 0 0.0396912
v -0.0917778 0 0.0381692
v -0.0786888 0 0.0359872
v -0.0804598 0 0.0343582
v -0.0823728 0 0.0358072
v -0.0843768 0 0.0371082
v -0.0904058 0 0.0358172
v -0.0883928 0 0.0376702
v 0.0207012 0 0.0507282
v 0.00944719 0 0.0507282
v 0.00668919 0 0.0507282
v 0.00393019 0 0.0507282
v 0.00117219 0 0.0507282
v -0.00158681 0 0.0507282
v -0.00434481 0 0.0507282
v -0.00710281 0 0.0507282
v -0.00986181 0 0.0507282
v -0.0126198 0 0.0507282
v -0.0153778 0 0.0507282
v -0.0181368 0 0.0507282
v -0.0208948 0 0.0507282
v -0.0236538 0 0.0507282
v -0.0264118 0 0.0507282
v 0.0704462 0 0.0529822
v 0.0684782 0 0.0521712
v -0.0319288 0 0.0459392
v -0.0291698 0 0.0459392
v 0.0539902 0 0.0496392
v 0.0558982 0 0.0494222
v -0.0733038 0 0.0459392
v -0.0705458 0 0.0459392
v -0.0677868 0 0.0459392
v -0.0650288 0 0.0459392
v -0.0622708 0 0.0459392
v -0.0595118 0 0.0459392
v -0.0567538 0 0.0459392
v -0.0539958 0 0.0459392
v -0.0512368 0 0.0459392
v -0.0484788 0 0.0459392
v -0.0457208 0 0.0459392
v -0.0429618 0 0.0459392
v -0.0402038 0 0.0459392
v -0.0374448 0 0.0459392
v -0.0346868 0 0.0459392
v 0.0122052 0 0.0459392
v 0.0150372 0 0.0459392
v 0.0178692 0 0.0459392
v -0.0766438 0 0.0485992
v -0.0786548 0 0.0466712
v -0.0863788 0 0.0395242
v -0.0804268 0 0.0450182
v -0.0823508 0 0.0432372
v -0.0843648 0 0.0413772
v -0.0749618 0 0.0456022
v 0.0207012 0 0.0459392
v 0.0178692 0 0.0427642
v 0.0150372 0 0.0347812
v 0.0150372 0 0.0364142
v 0.0122052 0 0.0364142
v 0.00944719 0 0.0364142
v 0.00944719 0 0.0459392
v 0.00668919 0 0.0459392
v 0.00393019 0 0.0459392
v 0.00117219 0 0.0459392
v -0.00158681 0 0.0459392
v -0.00434481 0 0.0459392
v -0.00710281 0 0.0459392
v -0.00986181 0 0.0459392
v -0.0126198 0 0.0459392
v -0.0153778 0 0.0459392
v -0.0181368 0 0.0459392
v -0.0208948 0 0.0459392
v -0.0236538 0 0.0459392
v -0.0264118 0 0.0459392
v -0.0319288 0 0.0427642
v -0.0291698 0 0.0427642
v -0.0733038 0 0.0427642
v -0.0705458 0 0.0427642
v -0.0677868 0 0.0427642
v -0.0650288 0 0.0427642
v -0.0622708 0 0.0427642
v -0.0595118 0 0.0427642
v -0.0567538 0 0.0427642
v -0.0539958 0 0.0427642
v -0.0512368 0 0.0427642
v -0.0484788 0 0.0427642
v -0.0457208 0 0.0427642
v -0.0429618 0 0.0427642
v -0.0402038 0 0.0427642
v -0.0374448 0 0.0427642
v -0.0346868 0 0.0427642
v 0.0122052 0 0.0427642
v 0.0150372 0 0.0427642
v 0.00944719 0 0.0427642
v 0.00668919 0 0.0427642
v 0.00393019 0 0.0427642
v 0.00117219 0 0.0427642
v -0.00158681 0 0.0427642
v -0.00434481 0 0.0427642
v -0.00710281 0 0.0427642
v -0.00986181 0 0.0427642
v -0.0126198 0 0.0427642
v -0.0153778 0 0.0427642
v -0.0181368 0 0.0427642
v -0.0208948 0 0.0427642
v -0.0236538 0 0.0427642
v -0.0264118 0 0.0427642
v -0.0319288 0 0.0395892
v -0.0291698 0 0.0395892
v -0.0733038 0 0.0395892
v -0.0705458 0 0.0395892
v -0.0677868 0 0.0395892
v -0.0650288 0 0.0395892
v -0.0622708 0 0.0395892
v -0.0595118 0 0.0395892
v -0.0567538 0 0.0395892
v -0.0539958 0 0.0395892
v -0.0512368 0 0.0395892
v -0.0484788 0 0.0395892
v -0.0457208 0 0.0395892
v -0.0429618 0 0.0395892
v -0.0402038 0 0.0395892
v -0.0374448 0 0.0395892
v -0.0346868 0 0.0395892
v 0.0122052 0 0.0395892
v 0.0150372 0 0.0395892
v 0.00944719 0 0.0395892
v 0.00668919 0 0.0395892
v 0.00393019 0 0.0395892
v 0.00117219 0 0.0395892
v -0.00158681 0 0.0395892
v -0.00434481 0 0.0395892
v -0.00710281 0 0.0395892
v -0.00986181 0 0.0395892
v -0.0126198 0 0.0395892
v -0.0153778 0 0.0395892
v -0.0181368 0 0.0395892
v -0.0208948 0 0.0395892
v -0.0236538 0 0.0395892
v -0.0264118 0 0.0395892
v -0.0319288 0 0.0364142
v -0.0291698 0 0.0364142
v -0.0733038 0 0.0364142
v -0.0705458 0 0.0364142
v -0.0677868 0 0.0364142
v -0.0650288 0 0.0364142
v -0.0622708 0 0.0364142
v -0.0595118 0 0.0364142
v -0.0567538 0 0.0364142
v -0.0539958 0 0.0364142
v -0.0512368 0 0.0364142
v -0.0484788 0 0.0364142
v -0.0457208 0 0.0364142
v -0.0429618 0 0.0364142
v -0.0402038 0 0.0364142
v -0.0374448 0 0.0364142
v -0.0346868 0 0.0364142
v 0.00668919 0 0.0364142
v 0.00393019 0 0.0364142
v 0.00117219 0 0.0364142
v -0.00158681 0 0.0364142
v -0.00434481 0 0.0364142
v -0.00710281 0 0.0364142
v -0.00986181 0 0.0364142
v -0.0126198 0 0.0364142
v -0.0153778 0 0.0364142
v -0.0181368 0 0.0364142
v -0.0208948 0 0.0364142
v -0.0236538 0 0.0364142
v -0.0264118 0 0.0364142
v -0.0319288 0 0.0332392
v -0.0733038 0 0.0332392
v -0.0705458 0 0.0332392
v -0.0677868 0 0.0332392
v -0.0650288 0 0.0332392
v -0.0622708 0 0.0332392
v -0.0595118 0 0.0332392
v -0.0567538 0 0.0332392
v -0.0539958 0 0.0332392
v -0.0512368 0 0.0332392
v -0.0484788 0 0.0332392
v -0.0457208 0 0.0332392
v -0.0429618 0 0.0332392
v -0.0402038 0 0.0332392
v -0.0374448 0 0.0332392
v -0.0346868 0 0.0332392
v 0.0540162 0 0.0369722
v 0.0540042 0 0.0397672
v 0.0401442 0 0.0341762
v 0.0429792 0 0.0341762
v 0.0429792 0 0.0425622
v 0.0401442 0 0.0425622
v 0.0288002 0 0.0341762
v 0.0288002 0 0.0425622
v 0.0266692 0 0.0425622
v 0.0316362 0 0.0341762
v 0.0316362 0 0.0425622
v 0.0344722 0 0.0341762
v 0.0344722 0 0.0425622
v 0.0373082 0 0.0341762
v 0.0373082 0 0.0425622
v 0.0486512 0 0.0425622
v 0.0486512 0 0.0341762
v 0.0514872 0 0.0341762
v 0.0458152 0 0.0425622
v 0.0458152 0 0.0341762
v 0.0627632 0 0.0425622
v 0.0598322 0 0.0425622
v 0.0598322 0 0.0341762
v 0.0627632 0 0.0341762
v 0.0704292 0 0.0425622
v 0.0686252 0 0.0425622
v 0.0704292 0 0.0341762
v 0.0686252 0 0.0341762
v 0.0656942 0 0.0425622
v 0.0656942 0 0.0341762
v 0.0569012 0 0.0341762
v 0.0569012 0 0.0425622
v 0.0540292 0 0.0341762
v 0.0539842 0 0.0455752
v 0.0539852 0 0.0486852
v 0.0529562 0 0.0459432
v 0.0526782 0 0.0466502
v 0.0549802 0 0.0482312
v -0.0766508 0 0.0443272
v -0.0786678 0 0.0423992
v -0.0804398 0 0.0407472
v -0.0823638 0 0.0389682
v -0.0749618 0 0.0421792
v -0.0766548 0 0.0410172
v -0.0786788 0 0.0391912
v -0.0804498 0 0.0375722
v -0.0749618 0 0.0390692
v -0.0766598 0 0.0378522
v 0.0238372 0 0.0407722
v 0.0210052 0 0.0344482
v 0.0238372 0 0.0375732
v -0.0291698 0 0.0561912
v -0.0319288 0 0.0561912
v -0.0891968 0 0.0435152
v -0.0912118 0 0.0416682
v -0.0733038 0 0.0561912
v -0.0761258 0 0.0554122
v 0.0178692 0 0.0377312
v 0.0207012 0 0.0409062
v 0.0569012 0 0.0561912
v 0.0540412 0 0.0561912
v -0.0705458 0 0.0561912
v -0.0677868 0 0.0561912
v -0.0650288 0 0.0561912
v -0.0622708 0 0.0561912
v -0.0595118 0 0.0561912
v -0.0567538 0 0.0561912
v -0.0539958 0 0.0561912
v -0.0512368 0 0.0561912
v -0.0484788 0 0.0561912
v -0.0457208 0 0.0561912
v -0.0429618 0 0.0561912
v -0.0402038 0 0.0561912
v -0.0374448 0 0.0561912
v -0.0346868 0 0.0561912
v -0.0978868 0 0.0352702
v 0.0210052 0 0.0407542
v 0.0181732 0 0.0376302
v 0.0552082 0 0.0471302
v 0.0548432 0 0.0462072
v 0.0527292 0 0.0473922
v 0.0530722 0 0.0481242
v 0.0524812 0 0.0472332
v 0.0526542 0 0.0472332
v 0.0526542 0 0.0470272
v 0.0524812 0 0.0470272
v 0.0401442 0 0.0472562
v 0.0429792 0 0.0472562
v 0.0429792 0 0.0561912
v 0.0401442 0 0.0561912
v 0.0429792 0 0.0470042
v 0.0401442 0 0.0470032
v 0.0263652 0 0.0472562
v 0.0288002 0 0.0472562
v 0.0288002 0 0.0561912
v 0.0263652 0 0.0561912
v 0.0288002 0 0.0470032
v 0.0266692 0 0.0470032
v 0.0316362 0 0.0472562
v 0.0344722 0 0.0472562
v 0.0373082 0 0.0472562
v 0.0458152 0 0.0472562
v 0.0486512 0 0.0472562
v 0.0316362 0 0.0561912
v 0.0344722 0 0.0561912
v 0.0373082 0 0.0561912
v 0.0316362 0 0.0470032
v 0.0344722 0 0.0470032
v 0.0373082 0 0.0470032
v 0.0486512 0 0.0470042
v 0.0458152 0 0.0470042
v 0.0235332 0 0.0440812
v 0.0150372 0 0.0561912
v 0.0122052 0 0.0561912
v 0.0178692 0 0.0561912
v 0.0153412 0 0.0345052
v 0.0238372 0 0.0438792
v 0.0706542 0 0.0478832
v 0.0706542 0 0.0507282
v 0.0706542 0 0.0452792
v 0.0706542 0 0.0369722
v 0.0706542 0 0.0397672
v 0.0598322 0 0.0561912
v 0.0207012 0 0.0561912
v 0.00944719 0 0.0561912
v 0.00668919 0 0.0561912
v 0.00393019 0 0.0561912
v 0.00117219 0 0.0561912
v -0.00158681 0 0.0561912
v -0.00434481 0 0.0561912
v -0.00710281 0 0.0561912
v -0.00986181 0 0.0561912
v -0.0126198 0 0.0561912
v -0.0153778 0 0.0561912
v -0.0181368 0 0.0561912
v -0.0208948 0 0.0561912
v -0.0236538 0 0.0561912
v -0.0264118 0 0.0561912
v -0.0788478 0 0.0530162
v -0.0811388 0 0.0508992
v 0.0514872 0 0.0561912
v 0.0486512 0 0.0561912
v 0.0458152 0 0.0561912
v 0.0235332 0 0.0561912
v 0.0627632 0 0.0561912
v 0.0699912 0 0.0552812
v 0.0679082 0 0.0561912
v 0.0656942 0 0.0561912
v -0.0831528 0 0.0490532
v -0.0851678 0 0.0472072
v -0.0871818 0 0.0453612
v -0.0953348 0 0.0378622
v -0.0932258 0 0.0398642
v 0.0706542 0 0.0530682
v 0.0150372 0 0.0345562
v 0.0706542 0 0.0425622
v 0.0706542 0 0.0341762
v 0.0539842 0 0.0457992
v 0.0539842 0 0.0484612
v 0.0530722 0 0.0461352
v 0.0527282 0 0.0468682
v 0.0548432 0 0.0480532
vn 0 1 0
vn -0.707107 0.707107 0
vn 0.707107 0.707107 0
vn -0.707107 0 -0.707107
vn 0 0 -1
vn 0 -0.707107 -0.707107
vn -0.57735 -0.57735 -0.57735
vn 0 0.707107 -0.707107
vn -0.57735 0.57735 -0.57735
vn 0.707107 0 -0.707107
vn 0.57735 0.57735 -0.57735
vn 0 -1 0
vn -0.707107 -0.707107 0
vn 0.707107 -0.707107 0
vn 1 0 0
vn 0.57735 -0.57735 -0.57735
vn -1 0 0
vn -0.707107 0 0.707107
vn -0.57735 -0.57735 0.57735
vn 0 -0.707107 0.707107
vn 0 0 1
vn 0 0.707107 0.707107
vn -0.57735 0.57735 0.57735
vn 0.707107 0 0.707107
vn 0.57735 0.57735 0.57735
vn 0.57735 -0.57735 0.57735
vn 0.598083 0.801434 1.77019e-07
vn 0.52769 0.707107 0.470683
vn -0.477728 0.707107 -0.521322
vn -0.474795 0.707113 -0.523986
vn -0.0945048 0.710315 -0.697511
vn -0.331881 0.716172 -0.613964
vn 0.527691 0.707107 0.470683
vn 0.52769 0.707107 0.470683
vn -0.552752 0.709166 -0.437663
vn -0.646005 0.763333 -1.41125e-07
vn -0.523922 0.707107 -0.474875
vn -0.523922 0.707107 -0.474875
vn -0.680984 0.732298 0
vn -0.497475 0.732139 -0.465286
vn 0.63991 0.707107 0.300857
vn 0.459555 0.734038 0.499997
vn -0.00212313 0.707108 0.707102
vn 0.345478 0.763977 0.544962
vn 0.346556 0.764502 -0.54354
vn -0.00212296 0.707108 -0.707102
vn -0.000124972 0.707107 -0.707107
vn 0.275616 0.738652 0.615166
vn -0.273404 0.738049 -0.616874
vn 0.527691 0.707107 0.470683
vn -0.523922 0.707107 -0.474875
vn -0.595302 0.803502 -1.76619e-07
vn -0.523922 0.707107 -0.474875
vn -0.473565 0.707133 -0.525072
vn -0.478838 0.707107 -0.520301
vn 0.50296 0.74059 -0.445599
vn 0.143043 0.714617 -0.684735
vn -0.477722 0.707107 -0.521327
vn -0.477722 0.707107 -0.521327
vn -0.495382 0.707157 -0.504505
vn -0.479328 0.707144 -0.5198
vn 0.695903 0.710855 -0.102005
vn -0.0306354 0.735287 -0.677063
vn -0.0303053 0.735355 0.677004
vn 0.459145 0.734064 -0.500336
vn 0.640598 0.707107 -0.299389
vn -0.497475 0.732139 0.465286
vn -0.783999 0 -0.620762
vn -1 0 -2.18458e-07
vn -0.700627 0 -0.713528
vn -0.677908 0 -0.735147
vn -0.671467 0 -0.741034
vn -0.675609 0 -0.73726
vn -0.675601 0 -0.737268
vn -0.6756 0 -0.737268
vn -0.67718 0 -0.735818
vn -0.669746 0 -0.74259
vn -0.475527 0 -0.879701
vn -0.134262 0 -0.990946
vn 0.204488 0 -0.978869
vn 0.748499 0 -0.663135
vn 0.989427 0 -0.145029
vn -0.740937 0 -0.671574
vn -1 0 -2.96689e-07
vn -0.740937 0 -0.671574
vn -0.740937 0 -0.671574
vn -0.740937 0 -0.671575
vn -0.405195 0 -0.91423
vn -0.000176738 0 -1
vn -0.00300232 0 -0.999995
vn 0.537612 0 -0.843192
vn 0.905943 0 -0.4234
vn 0.676127 0 -0.736785
vn -0.0452013 0 -0.998978
vn -0.73034 0 -0.683084
vn -0.73034 0 0.683084
vn -0.0447191 0 0.999
vn 0.676704 0 0.736255
vn 0.904969 0 0.425477
vn 0.535423 0 0.844584
vn -0.00300256 0 0.999995
vn 0.408873 0 0.912591
vn 0.746267 0 0.665647
vn 0.746267 0 0.665647
vn 0.746267 0 0.665647
vn 0.746267 0 0.665647
vn 1 0 2.95977e-07
vn 0.52769 -0.707107 0.470683
vn 0.598083 -0.801434 1.77019e-07
vn -0.474795 -0.707113 -0.523986
vn -0.477728 -0.707107 -0.521322
vn -0.331881 -0.716172 -0.613964
vn -0.0945048 -0.710315 -0.697511
vn 0.52769 -0.707107 0.470683
vn 0.527691 -0.707107 0.470683
vn -0.646005 -0.763333 -1.41125e-07
vn -0.552752 -0.709166 -0.437663
vn -0.523922 -0.707107 -0.474875
vn -0.523922 -0.707107 -0.474875
vn -0.497475 -0.732139 -0.465286
vn -0.680984 -0.732298 0
vn 0.459555 -0.734038 0.499997
vn 0.63991 -0.707107 0.300857
vn 0.345478 -0.763977 0.544962
vn -0.00212313 -0.707108 0.707102
vn -0.00212296 -0.707108 -0.707102
vn 0.346556 -0.764502 -0.54354
vn -0.000124972 -0.707107 -0.707107
vn 0.275616 -0.738652 0.615166
vn -0.273404 -0.738049 -0.616874
vn 0.527691 -0.707107 0.470683
vn -0.595302 -0.803502 -1.76619e-07
vn -0.523922 -0.707107 -0.474875
vn -0.523922 -0.707107 -0.474875
vn -0.473565 -0.707133 -0.525072
vn -0.478838 -0.707107 -0.520301
vn 0.143043 -0.714617 -0.684735
vn 0.50296 -0.74059 -0.445599
vn -0.477722 -0.707107 -0.521327
vn -0.477722 -0.707107 -0.521327
vn -0.495382 -0.707157 -0.504505
vn -0.479328 -0.707144 -0.5198
vn 0.695903 -0.710855 -0.102005
vn -0.0306354 -0.735287 -0.677063
vn -0.0303053 -0.735355 0.677004
vn 0.459145 -0.734064 -0.500336
vn 0.640598 -0.707107 -0.299389
vn -0.497475 -0.732139 0.465286
vn 0.52769 0.707107 -0.470683
vn -0.474795 0.707113 0.523986
vn -0.477728 0.707107 0.521322
vn -0.331882 0.716172 0.613964
vn -0.0945048 0.710315 0.697511
vn 0.527691 0.707107 -0.470683
vn 0.52769 0.707107 -0.470683
vn -0.552752 0.709166 0.437663
vn -0.523922 0.707107 0.474875
vn -0.497474 0.732139 0.465286
vn 0.459556 0.734038 -0.499996
vn 0.63991 0.707107 -0.300857
vn 0.345478 0.763977 -0.544962
vn -0.00212313 0.707108 -0.707102
vn 0.346556 0.764502 0.54354
vn -0.000124508 0.707107 0.707107
vn 0.275616 0.738652 -0.615166
vn -0.273404 0.738049 0.616874
vn -0.523922 0.707107 0.474875
vn -0.523922 0.707107 0.474875
vn -0.473565 0.707133 0.525071
vn -0.478838 0.707107 0.520301
vn 0.143043 0.714617 0.684735
vn 0.50296 0.74059 0.445599
vn -0.477722 0.707107 0.521327
vn -0.477722 0.707107 0.521327
vn -0.495382 0.707157 0.504505
vn -0.479329 0.707144 0.5198
vn 0.695903 0.710855 0.102005
vn -0.0306348 0.735287 0.677064
vn -0.0303053 0.735356 -0.677003
vn 0.459145 0.734064 0.500337
vn 0.640598 0.707107 0.299389
vn -0.497475 0.732139 -0.465286
vn -0.783999 0 0.620762
vn -0.700626 0 0.713528
vn -0.677908 0 0.735146
vn -0.671467 0 0.741034
vn -0.675609 0 0.73726
vn -0.675601 0 0.737268
vn -0.6756 0 0.737268
vn -0.67718 0 0.735818
vn -0.669746 0 0.74259
vn -0.475527 0 0.879701
vn -0.134262 0 0.990946
vn 0.204488 0 0.978869
vn 0.748499 0 0.663135
vn 0.989427 0 0.145029
vn -0.740937 0 0.671574
vn -0.740937 0 0.671574
vn -0.740937 0 0.671575
vn -0.405195 0 0.91423
vn -0.000176081 0 1
vn 0.537612 0 0.843192
vn 0.905942 0 0.423401
vn 0.676127 0 0.736785
vn -0.0452004 0 0.998978
vn -0.730339 0 0.683084
vn -0.730341 0 -0.683083
vn -0.0447191 0 -0.999
vn 0.676705 0 -0.736254
vn 0.904969 0 -0.425477
vn 0.535423 0 -0.844584
vn -0.00300256 0 -0.999995
vn 0.408873 0 -0.912591
vn 0.746267 0 -0.665647
vn 0.746267 0 -0.665647
vn 0.746267 0 -0.665647
vn 0.52769 -0.707107 -0.470683
vn -0.477728 -0.707107 0.521322
vn -0.474795 -0.707113 0.523986
vn -0.0945048 -0.710315 0.697511
vn -0.331882 -0.716172 0.613964
vn 0.52769 -0.707107 -0.470683
vn 0.527691 -0.707107 -0.470683
vn -0.552752 -0.709166 0.437663
vn -0.523922 -0.707107 0.474875
vn -0.497474 -0.732139 0.465286
vn 0.63991 -0.707107 -0.300857
vn 0.459556 -0.734038 -0.499996
vn -0.00212313 -0.707108 -0.707102
vn 0.345478 -0.763977 -0.544962
vn 0.346556 -0.764502 0.54354
vn -0.000124508 -0.707107 0.707107
vn 0.275616 -0.738652 -0.615166
vn -0.273404 -0.738049 0.616874
vn -0.523922 -0.707107 0.474875
vn -0.523922 -0.707107 0.474875
vn -0.473565 -0.707133 0.525071
vn -0.478838 -0.707107 0.520301
vn 0.50296 -0.74059 0.445599
vn 0.143043 -0.714617 0.684735
vn -0.477722 -0.707107 0.521327
vn -0.477722 -0.707107 0.521327
vn -0.495382 -0.707157 0.504505
vn -0.479329 -0.707144 0.5198
vn 0.695903 -0.710855 0.102005
vn -0.0306348 -0.735287 0.677064
vn -0.0303053 -0.735356 -0.677003
vn 0.459145 -0.734064 0.500337
vn 0.640598 -0.707107 0.299389
vn -0.497475 -0.732139 -0.465286
vt 0.543866 0.304476
vt 0.543866 0.28954
vt 0.553311 0.28954
vt 0.553311 0.304476
vt 0.543866 0.244724
vt 0.543866 0.233297
vt 0.553311 0.233297
vt 0.553311 0.244724
vt 0.543866 0.259661
vt 0.553311 0.259661
vt 0.543866 0.274597
vt 0.553311 0.274597
vt 0.677012 0.304476
vt 0.677012 0.315828
vt 0.66695 0.315828
vt 0.66695 0.304476
vt 0.572234 0.28954
vt 0.572234 0.304476
vt 0.572234 0.232143
vt 0.572234 0.233297
vt 0.553311 0.232143
vt 0.572234 0.244724
vt 0.572234 0.259661
vt 0.572234 0.274597
vt 0.543866 0.317057
vt 0.543866 0.315828
vt 0.553311 0.315828
vt 0.553311 0.317057
vt 0.572234 0.317057
vt 0.572234 0.315828
vt 0.59817 0.28954
vt 0.59817 0.304476
vt 0.59817 0.232143
vt 0.59817 0.233297
vt 0.59817 0.244724
vt 0.59817 0.259661
vt 0.59817 0.274597
vt 0.59817 0.317057
vt 0.59817 0.315828
vt 0.615365 0.28954
vt 0.615365 0.304476
vt 0.615365 0.232143
vt 0.615365 0.233297
vt 0.615365 0.244724
vt 0.615365 0.259661
vt 0.615365 0.274597
vt 0.615365 0.317057
vt 0.615365 0.315828
vt 0.63256 0.28954
vt 0.63256 0.304476
vt 0.63256 0.232143
vt 0.63256 0.233297
vt 0.63256 0.244724
vt 0.63256 0.259661
vt 0.63256 0.274597
vt 0.63256 0.317057
vt 0.63256 0.315828
vt 0.649755 0.28954
vt 0.649755 0.304476
vt 0.649755 0.232143
vt 0.649755 0.233297
vt 0.649755 0.244724
vt 0.649755 0.259661
vt 0.649755 0.274597
vt 0.649755 0.317057
vt 0.649755 0.315828
vt 0.66695 0.28954
vt 0.66695 0.232143
vt 0.66695 0.233297
vt 0.66695 0.244724
vt 0.66695 0.259661
vt 0.66695 0.274597
vt 0.66695 0.317057
vt 0.677012 0.28954
vt 0.677012 0.232143
vt 0.677012 0.233297
vt 0.677012 0.244724
vt 0.677012 0.259661
vt 0.677012 0.274597
vt 0.0408438 0.0794341
vt 0.0408438 0.078355
vt 0.0414365 0.078355
vt 0.0414365 0.0794341
vt 0.0408438 0.0676651
vt 0.0408438 0.0536924
vt 0.0414365 0.0536924
vt 0.0414365 0.0676651
vt 0.0408438 0.0397196
vt 0.0414365 0.0397196
vt 0.0408438 0.0257417
vt 0.0414365 0.0257417
vt 0.0408438 0.011769
vt 0.0414365 0.011769
vt 0.0408438 0.00115004
vt 0.0414365 0.00115004
vt 0.542647 0.304476
vt 0.542647 0.28954
vt 0.543866 0.232143
vt 0.542647 0.233297
vt 0.542647 0.232143
vt 0.542647 0.259661
vt 0.542647 0.244724
vt 0.542647 0.274597
vt 0.542647 0.315828
vt 0.0401598 0.078355
vt 0.0401598 0.0676651
vt 0.0401598 0.0536924
vt 0.0401598 0.0397196
vt 0.0401598 0.0257417
vt 0.0401598 0.011769
vt 0.0408438 0
vt 0.0401598 0.00115004
vt 0.0401598 0
vt 0.811377 0.31932
vt 0.811377 0.320473
vt 0.810158 0.320473
vt 0.810158 0.31932
vt 0.811377 0.3319
vt 0.811377 0.346837
vt 0.810158 0.346837
vt 0.810158 0.3319
vt 0.811377 0.361774
vt 0.810158 0.361774
vt 0.811377 0.376716
vt 0.810158 0.376716
vt 0.811377 0.391652
vt 0.810158 0.391652
vt 0.811377 0.403004
vt 0.810158 0.403004
vt 0.800713 0.320473
vt 0.800713 0.31932
vt 0.800713 0.346837
vt 0.800713 0.3319
vt 0.800713 0.361774
vt 0.800713 0.376716
vt 0.800713 0.391652
vt 0.800713 0.403004
vt 0.781791 0.320473
vt 0.781791 0.31932
vt 0.781791 0.346837
vt 0.781791 0.3319
vt 0.781791 0.361774
vt 0.781791 0.376716
vt 0.781791 0.391652
vt 0.781791 0.403004
vt 0.755854 0.320473
vt 0.755854 0.31932
vt 0.755854 0.346837
vt 0.755854 0.3319
vt 0.755854 0.361774
vt 0.755854 0.376716
vt 0.755854 0.391652
vt 0.755854 0.403004
vt 0.738659 0.320473
vt 0.738659 0.31932
vt 0.738659 0.346837
vt 0.738659 0.3319
vt 0.738659 0.361774
vt 0.738659 0.376716
vt 0.738659 0.391652
vt 0.738659 0.403004
vt 0.721465 0.320473
vt 0.721465 0.31932
vt 0.721465 0.346837
vt 0.721465 0.3319
vt 0.721465 0.361774
vt 0.721465 0.376716
vt 0.721465 0.391652
vt 0.721465 0.403004
vt 0.704269 0.320473
vt 0.704269 0.31932
vt 0.704269 0.346837
vt 0.704269 0.3319
vt 0.704269 0.361774
vt 0.704269 0.376716
vt 0.704269 0.391652
vt 0.704269 0.403004
vt 0.687074 0.320473
vt 0.687074 0.31932
vt 0.687074 0.346837
vt 0.687074 0.3319
vt 0.687074 0.361774
vt 0.687074 0.376716
vt 0.687074 0.391652
vt 0.687074 0.403004
vt 0.677012 0.320473
vt 0.677012 0.31932
vt 0.677012 0.346837
vt 0.677012 0.3319
vt 0.677012 0.361774
vt 0.677012 0.376716
vt 0.677012 0.391652
vt 0.677012 0.403004
vt 0.547545 0.656496
vt 0.547545 0.64762
vt 0.54814 0.64762
vt 0.54814 0.656496
vt 0.547545 0.674278
vt 0.54814 0.674278
vt 0.547545 0.698651
vt 0.54814 0.698651
vt 0.547545 0.714809
vt 0.54814 0.714809
vt 0.547545 0.730968
vt 0.54814 0.730968
vt 0.547545 0.747127
vt 0.54814 0.747127
vt 0.547545 0.763285
vt 0.54814 0.763285
vt 0.547545 0.772741
vt 0.54814 0.772741
vt 0.548827 0.64762
vt 0.548827 0.656496
vt 0.548827 0.674278
vt 0.548827 0.698651
vt 0.548827 0.714809
vt 0.548827 0.730968
vt 0.548827 0.747127
vt 0.548827 0.763285
vt 0.548827 0.772741
vt 0.54814 0.646475
vt 0.547545 0.646475
vt 0.548827 0.646475
vt 0.55274 0.762765
vt 0.55274 0.772179
vt 0.552147 0.772179
vt 0.552147 0.762765
vt 0.55274 0.746679
vt 0.552147 0.746679
vt 0.55274 0.730592
vt 0.552147 0.730592
vt 0.55274 0.714505
vt 0.552147 0.714505
vt 0.55274 0.698419
vt 0.552147 0.698419
vt 0.55274 0.674154
vt 0.552147 0.674154
vt 0.55274 0.656451
vt 0.552147 0.656451
vt 0.55274 0.647615
vt 0.552147 0.647615
vt 0.551463 0.772179
vt 0.551463 0.762765
vt 0.551463 0.746679
vt 0.551463 0.730592
vt 0.551463 0.714505
vt 0.551463 0.698419
vt 0.551463 0.674154
vt 0.551463 0.656451
vt 0.551463 0.647615
vt 0.551463 0.646475
vt 0.552147 0.646475
vt 0.55274 0.646475
vt 0.677012 0.317057
vt 0.0414365 0
vt 0.542647 0.317057
vt 0.811377 0.404233
vt 0.810158 0.404233
vt 0.800713 0.404233
vt 0.781791 0.404233
vt 0.755854 0.404233
vt 0.738659 0.404233
vt 0.721465 0.404233
vt 0.704269 0.404233
vt 0.687074 0.404233
vt 0.677012 0.404233
vt 0.0401598 0.0794341
vt 0.810159 0.304476
vt 0.800714 0.304476
vt 0.800714 0.28954
vt 0.810159 0.28954
vt 0.810159 0.244724
vt 0.800714 0.244724
vt 0.800714 0.233297
vt 0.810159 0.233297
vt 0.810159 0.259661
vt 0.800714 0.259661
vt 0.810159 0.274597
vt 0.800714 0.274597
vt 0.687075 0.304476
vt 0.687075 0.315828
vt 0.781791 0.304476
vt 0.781791 0.28954
vt 0.781791 0.232143
vt 0.800714 0.232143
vt 0.781791 0.233297
vt 0.781791 0.259661
vt 0.781791 0.244724
vt 0.781791 0.274597
vt 0.810159 0.317057
vt 0.800714 0.317057
vt 0.800714 0.315828
vt 0.810159 0.315828
vt 0.781791 0.317057
vt 0.781791 0.315828
vt 0.755855 0.304476
vt 0.755855 0.28954
vt 0.755855 0.233297
vt 0.755855 0.232143
vt 0.755855 0.259661
vt 0.755855 0.244724
vt 0.755855 0.274597
vt 0.755855 0.317057
vt 0.755855 0.315828
vt 0.73866 0.304476
vt 0.73866 0.28954
vt 0.73866 0.233297
vt 0.73866 0.232143
vt 0.73866 0.259661
vt 0.73866 0.244724
vt 0.73866 0.274597
vt 0.73866 0.317057
vt 0.73866 0.315828
vt 0.721465 0.304476
vt 0.721465 0.28954
vt 0.721465 0.233297
vt 0.721465 0.232143
vt 0.721465 0.259661
vt 0.721465 0.244724
vt 0.721465 0.274597
vt 0.721465 0.317057
vt 0.721465 0.315828
vt 0.70427 0.304476
vt 0.70427 0.28954
vt 0.70427 0.233297
vt 0.70427 0.232143
vt 0.70427 0.259661
vt 0.70427 0.244724
vt 0.70427 0.274597
vt 0.70427 0.317057
vt 0.70427 0.315828
vt 0.687075 0.28954
vt 0.687075 0.233297
vt 0.687075 0.232143
vt 0.687075 0.259661
vt 0.687075 0.244724
vt 0.687075 0.274597
vt 0.687075 0.317057
vt 0.0446706 0.0794337
vt 0.0440779 0.0794337
vt 0.0440779 0.0783546
vt 0.0446706 0.0783546
vt 0.0446706 0.0676648
vt 0.0440779 0.0676648
vt 0.0440779 0.0536921
vt 0.0446706 0.0536921
vt 0.0440779 0.0397194
vt 0.0446706 0.0397194
vt 0.0440779 0.0257416
vt 0.0446706 0.0257416
vt 0.0440779 0.0117689
vt 0.0446706 0.0117689
vt 0.0440779 0.00115004
vt 0.0446706 0.00115004
vt 0.811378 0.28954
vt 0.811378 0.304476
vt 0.810159 0.232143
vt 0.811378 0.232143
vt 0.811378 0.233297
vt 0.811378 0.244724
vt 0.811378 0.259661
vt 0.811378 0.274597
vt 0.811378 0.315828
vt 0.0453546 0.0676648
vt 0.0453546 0.0783546
vt 0.0453546 0.0536921
vt 0.0453546 0.0397194
vt 0.0453546 0.0257416
vt 0.0453546 0.0117689
vt 0.0446706 0
vt 0.0453546 0
vt 0.0453546 0.00115004
vt 0.542647 0.31932
vt 0.543866 0.31932
vt 0.543866 0.320473
vt 0.542647 0.320473
vt 0.542647 0.3319
vt 0.543866 0.3319
vt 0.543866 0.346837
vt 0.542647 0.346837
vt 0.543866 0.361774
vt 0.542647 0.361774
vt 0.543866 0.376716
vt 0.542647 0.376716
vt 0.543866 0.391652
vt 0.542647 0.391652
vt 0.543866 0.403004
vt 0.542647 0.403004
vt 0.553311 0.31932
vt 0.553311 0.320473
vt 0.553311 0.3319
vt 0.553311 0.346837
vt 0.553311 0.361774
vt 0.553311 0.376716
vt 0.553311 0.391652
vt 0.553311 0.403004
vt 0.572234 0.31932
vt 0.572234 0.320473
vt 0.572234 0.3319
vt 0.572234 0.346837
vt 0.572234 0.361774
vt 0.572234 0.376716
vt 0.572234 0.391652
vt 0.572234 0.403004
vt 0.59817 0.31932
vt 0.59817 0.320473
vt 0.59817 0.3319
vt 0.59817 0.346837
vt 0.59817 0.361774
vt 0.59817 0.376716
vt 0.59817 0.391652
vt 0.59817 0.403004
vt 0.615365 0.31932
vt 0.615365 0.320473
vt 0.615365 0.3319
vt 0.615365 0.346837
vt 0.615365 0.361774
vt 0.615365 0.376716
vt 0.615365 0.391652
vt 0.615365 0.403004
vt 0.63256 0.31932
vt 0.63256 0.320473
vt 0.63256 0.3319
vt 0.63256 0.346837
vt 0.63256 0.361774
vt 0.63256 0.376716
vt 0.63256 0.391652
vt 0.63256 0.403004
vt 0.649755 0.31932
vt 0.649755 0.320473
vt 0.649755 0.3319
vt 0.649755 0.346837
vt 0.649755 0.361774
vt 0.649755 0.376716
vt 0.649755 0.391652
vt 0.649755 0.403004
vt 0.66695 0.31932
vt 0.66695 0.320473
vt 0.66695 0.3319
vt 0.66695 0.346837
vt 0.66695 0.361774
vt 0.66695 0.376716
vt 0.66695 0.391652
vt 0.66695 0.403004
vt 0.547545 0.888986
vt 0.54814 0.888986
vt 0.54814 0.897862
vt 0.547545 0.897862
vt 0.547545 0.871204
vt 0.54814 0.871204
vt 0.547545 0.846831
vt 0.54814 0.846831
vt 0.547545 0.830673
vt 0.54814 0.830673
vt 0.547545 0.814514
vt 0.54814 0.814514
vt 0.547545 0.798356
vt 0.54814 0.798356
vt 0.547545 0.782197
vt 0.54814 0.782197
vt 0.548827 0.888986
vt 0.548827 0.897862
vt 0.548827 0.871204
vt 0.548827 0.846831
vt 0.548827 0.830673
vt 0.548827 0.814514
vt 0.548827 0.798356
vt 0.548827 0.782197
vt 0.54814 0.899007
vt 0.547545 0.899007
vt 0.548827 0.899007
vt 0.55274 0.781593
vt 0.552147 0.781593
vt 0.55274 0.79768
vt 0.552147 0.79768
vt 0.55274 0.813766
vt 0.552147 0.813766
vt 0.55274 0.829853
vt 0.552147 0.829853
vt 0.55274 0.84594
vt 0.552147 0.84594
vt 0.55274 0.870204
vt 0.552147 0.870204
vt 0.55274 0.887907
vt 0.552147 0.887907
vt 0.55274 0.896743
vt 0.552147 0.896743
vt 0.551463 0.781593
vt 0.551463 0.79768
vt 0.551463 0.813766
vt 0.551463 0.829853
vt 0.551463 0.84594
vt 0.551463 0.870204
vt 0.551463 0.887907
vt 0.551463 0.896743
vt 0.552147 0.897883
vt 0.551463 0.897883
vt 0.55274 0.897883
vt 0.0440779 0
vt 0.811378 0.317057
vt 0.543866 0.404233
vt 0.542647 0.404233
vt 0.553311 0.404233
vt 0.572234 0.404233
vt 0.59817 0.404233
vt 0.615365 0.404233
vt 0.63256 0.404233
vt 0.649755 0.404233
vt 0.66695 0.404233
vt 0.0453546 0.0794337
vt 0.0377104 0.0836893
vt 0.0377104 0.0825862
vt 0.0381995 0.0825862
vt 0.0381995 0.0836893
vt 0.0377104 0.0706395
vt 0.0377104 0.0562889
vt 0.0381995 0.0562889
vt 0.0381995 0.0706395
vt 0.0377104 0.0419383
vt 0.0381995 0.0419383
vt 0.0377104 0.0275825
vt 0.0381995 0.0275825
vt 0.0377104 0.0132319
vt 0.0381995 0.0132319
vt 0.0377104 0.00118113
vt 0.0381995 0.00118113
vt 0.813364 0.143008
vt 0.813364 0.144156
vt 0.812145 0.144156
vt 0.812145 0.143008
vt 0.813364 0.156592
vt 0.813364 0.171529
vt 0.812145 0.171529
vt 0.812145 0.156592
vt 0.813364 0.186467
vt 0.812145 0.186467
vt 0.813364 0.20141
vt 0.812145 0.20141
vt 0.813364 0.216347
vt 0.812145 0.216347
vt 0.813364 0.228891
vt 0.812145 0.228891
vt 0.801893 0.144156
vt 0.801893 0.143008
vt 0.801893 0.171529
vt 0.801893 0.156592
vt 0.801893 0.186467
vt 0.801893 0.20141
vt 0.801893 0.216347
vt 0.801893 0.228891
vt 0.782969 0.144156
vt 0.782969 0.143008
vt 0.782969 0.171529
vt 0.782969 0.156592
vt 0.782969 0.186467
vt 0.782969 0.20141
vt 0.782969 0.216347
vt 0.782969 0.228891
vt 0.757031 0.144156
vt 0.757031 0.143008
vt 0.757031 0.171529
vt 0.757031 0.156592
vt 0.757031 0.186467
vt 0.757031 0.20141
vt 0.757031 0.216347
vt 0.757031 0.228891
vt 0.739835 0.144156
vt 0.739835 0.143008
vt 0.739835 0.171529
vt 0.739835 0.156592
vt 0.739835 0.186467
vt 0.739835 0.20141
vt 0.739835 0.216347
vt 0.739835 0.228891
vt 0.722639 0.144156
vt 0.722639 0.143008
vt 0.722639 0.171529
vt 0.722639 0.156592
vt 0.722639 0.186467
vt 0.722639 0.20141
vt 0.722639 0.216347
vt 0.722639 0.228891
vt 0.705443 0.144156
vt 0.705443 0.143008
vt 0.705443 0.171529
vt 0.705443 0.156592
vt 0.705443 0.186467
vt 0.705443 0.20141
vt 0.705443 0.216347
vt 0.705443 0.228891
vt 0.688247 0.144156
vt 0.688247 0.143008
vt 0.688247 0.171529
vt 0.688247 0.156592
vt 0.688247 0.186467
vt 0.688247 0.20141
vt 0.688247 0.216347
vt 0.688247 0.228891
vt 0.678184 0.144156
vt 0.678184 0.143008
vt 0.678184 0.171529
vt 0.678184 0.156592
vt 0.678184 0.186467
vt 0.678184 0.20141
vt 0.678184 0.216347
vt 0.678184 0.228891
vt 0.555381 0.417577
vt 0.555381 0.407673
vt 0.555873 0.407673
vt 0.555873 0.417577
vt 0.555381 0.435857
vt 0.555873 0.435857
vt 0.555381 0.460912
vt 0.555873 0.460912
vt 0.555381 0.477523
vt 0.555873 0.477523
vt 0.555381 0.494134
vt 0.555873 0.494134
vt 0.555381 0.510745
vt 0.555873 0.510745
vt 0.555381 0.527356
vt 0.555873 0.527356
vt 0.555381 0.537076
vt 0.555873 0.537076
vt 0.555873 0.406496
vt 0.555381 0.406496
vt 0.560275 0.526421
vt 0.560275 0.536066
vt 0.559787 0.536066
vt 0.559787 0.526421
vt 0.560275 0.509938
vt 0.559787 0.509938
vt 0.560275 0.493456
vt 0.559787 0.493456
vt 0.560275 0.476973
vt 0.559787 0.476973
vt 0.560275 0.460491
vt 0.559787 0.460491
vt 0.560275 0.435629
vt 0.559787 0.435629
vt 0.560275 0.417491
vt 0.559787 0.417491
vt 0.560275 0.407664
vt 0.559787 0.407664
vt 0.559787 0.406496
vt 0.560275 0.406496
vt 0.0377104 0
vt 0.0381995 0
vt 0.813364 0.23012
vt 0.812145 0.23012
vt 0.801893 0.23012
vt 0.782969 0.23012
vt 0.757031 0.23012
vt 0.739835 0.23012
vt 0.722639 0.23012
vt 0.705443 0.23012
vt 0.688247 0.23012
vt 0.678184 0.23012
vt 0.0347716 0.0836493
vt 0.0342828 0.0836493
vt 0.0342828 0.0825467
vt 0.0347716 0.0825467
vt 0.0347716 0.0706057
vt 0.0342828 0.0706057
vt 0.0342828 0.056262
vt 0.0347716 0.056262
vt 0.0342828 0.0419183
vt 0.0347716 0.0419183
vt 0.0342828 0.0275693
vt 0.0347716 0.0275693
vt 0.0342828 0.0132256
vt 0.0347716 0.0132256
vt 0.0342828 0.00118057
vt 0.0347716 0.00118057
vt 0.542647 0.143008
vt 0.54386 0.143008
vt 0.54386 0.144156
vt 0.542647 0.144156
vt 0.542647 0.156592
vt 0.54386 0.156592
vt 0.54386 0.171529
vt 0.542647 0.171529
vt 0.54386 0.186467
vt 0.542647 0.186467
vt 0.54386 0.20141
vt 0.542647 0.20141
vt 0.54386 0.216347
vt 0.542647 0.216347
vt 0.54386 0.228891
vt 0.542647 0.228891
vt 0.554476 0.143008
vt 0.554476 0.144156
vt 0.554476 0.156592
vt 0.554476 0.171529
vt 0.554476 0.186467
vt 0.554476 0.20141
vt 0.554476 0.216347
vt 0.554476 0.228891
vt 0.5734 0.143008
vt 0.5734 0.144156
vt 0.5734 0.156592
vt 0.5734 0.171529
vt 0.5734 0.186467
vt 0.5734 0.20141
vt 0.5734 0.216347
vt 0.5734 0.228891
vt 0.599337 0.143008
vt 0.599337 0.144156
vt 0.599337 0.156592
vt 0.599337 0.171529
vt 0.599337 0.186467
vt 0.599337 0.20141
vt 0.599337 0.216347
vt 0.599337 0.228891
vt 0.616533 0.143008
vt 0.616533 0.144156
vt 0.616533 0.156592
vt 0.616533 0.171529
vt 0.616533 0.186467
vt 0.616533 0.20141
vt 0.616533 0.216347
vt 0.616533 0.228891
vt 0.633729 0.143008
vt 0.633729 0.144156
vt 0.633729 0.156592
vt 0.633729 0.171529
vt 0.633729 0.186467
vt 0.633729 0.20141
vt 0.633729 0.216347
vt 0.633729 0.228891
vt 0.650925 0.143008
vt 0.650925 0.144156
vt 0.650925 0.156592
vt 0.650925 0.171529
vt 0.650925 0.186467
vt 0.650925 0.20141
vt 0.650925 0.216347
vt 0.650925 0.228891
vt 0.668121 0.143008
vt 0.668121 0.144156
vt 0.668121 0.156592
vt 0.668121 0.171529
vt 0.668121 0.186467
vt 0.668121 0.20141
vt 0.668121 0.216347
vt 0.668121 0.228891
vt 0.555381 0.656576
vt 0.555873 0.656576
vt 0.555873 0.66683
vt 0.555381 0.66683
vt 0.555381 0.638296
vt 0.555873 0.638296
vt 0.555381 0.613241
vt 0.555873 0.613241
vt 0.555381 0.59663
vt 0.555873 0.59663
vt 0.555381 0.580019
vt 0.555873 0.580019
vt 0.555381 0.563408
vt 0.555873 0.563408
vt 0.555381 0.546797
vt 0.555873 0.546797
vt 0.555873 0.668002
vt 0.555381 0.668002
vt 0.560275 0.545712
vt 0.559787 0.545712
vt 0.560275 0.562194
vt 0.559787 0.562194
vt 0.560275 0.578676
vt 0.559787 0.578676
vt 0.560275 0.595159
vt 0.559787 0.595159
vt 0.560275 0.611641
vt 0.559787 0.611641
vt 0.560275 0.636503
vt 0.559787 0.636503
vt 0.560275 0.654641
vt 0.559787 0.654641
vt 0.560275 0.664816
vt 0.559787 0.664816
vt 0.559787 0.665979
vt 0.560275 0.665979
vt 0.0342828 0
vt 0.0347716 0
vt 0.54386 0.23012
vt 0.542647 0.23012
vt 0.554476 0.23012
vt 0.5734 0.23012
vt 0.599337 0.23012
vt 0.616533 0.23012
vt 0.633729 0.23012
vt 0.650925 0.23012
vt 0.668121 0.23012
vt 0.0372213 0.0836893
vt 0.0372213 0.0825862
vt 0.0372213 0.0706395
vt 0.0372213 0.0562889
vt 0.0372213 0.0419383
vt 0.0372213 0.0275825
vt 0.0372213 0.0132319
vt 0.0372213 0.00118113
vt 0.500528 0
vt 0.501747 0
vt 0.501747 0.00114822
vt 0.500528 0.00114822
vt 0.500528 0.0135835
vt 0.501747 0.0135835
vt 0.501747 0.028521
vt 0.500528 0.028521
vt 0.501747 0.0434585
vt 0.500528 0.0434585
vt 0.501747 0.0584015
vt 0.500528 0.0584015
vt 0.501747 0.0733389
vt 0.500528 0.0733389
vt 0.501747 0.0858826
vt 0.500528 0.0858826
vt 0.512 0
vt 0.512 0.00114822
vt 0.512 0.0135835
vt 0.512 0.028521
vt 0.512 0.0434585
vt 0.512 0.0584015
vt 0.512 0.0733389
vt 0.512 0.0858826
vt 0.530923 0
vt 0.530923 0.00114822
vt 0.530923 0.0135835
vt 0.530923 0.028521
vt 0.530923 0.0434585
vt 0.530923 0.0584015
vt 0.530923 0.0733389
vt 0.530923 0.0858826
vt 0.556861 0
vt 0.556861 0.00114822
vt 0.556861 0.0135835
vt 0.556861 0.028521
vt 0.556861 0.0434585
vt 0.556861 0.0584015
vt 0.556861 0.0733389
vt 0.556861 0.0858826
vt 0.574057 0
vt 0.574057 0.00114822
vt 0.574057 0.0135835
vt 0.574057 0.028521
vt 0.574057 0.0434585
vt 0.574057 0.0584015
vt 0.574057 0.0733389
vt 0.574057 0.0858826
vt 0.591253 0
vt 0.591253 0.00114822
vt 0.591253 0.0135835
vt 0.591253 0.028521
vt 0.591253 0.0434585
vt 0.591253 0.0584015
vt 0.591253 0.0733389
vt 0.591253 0.0858826
vt 0.608449 0
vt 0.608449 0.00114822
vt 0.608449 0.0135835
vt 0.608449 0.028521
vt 0.608449 0.0434585
vt 0.608449 0.0584015
vt 0.608449 0.0733389
vt 0.608449 0.0858826
vt 0.625645 0
vt 0.625645 0.00114822
vt 0.625645 0.0135835
vt 0.625645 0.028521
vt 0.625645 0.0434585
vt 0.625645 0.0584015
vt 0.625645 0.0733389
vt 0.625645 0.0858826
vt 0.635708 0
vt 0.635708 0.00114822
vt 0.635708 0.0135835
vt 0.635708 0.028521
vt 0.635708 0.0434585
vt 0.635708 0.0584015
vt 0.635708 0.0733389
vt 0.635708 0.0858826
vt 0.556364 0.417577
vt 0.556364 0.407673
vt 0.556364 0.435857
vt 0.556364 0.460912
vt 0.556364 0.477523
vt 0.556364 0.494134
vt 0.556364 0.510745
vt 0.556364 0.527356
vt 0.556364 0.537076
vt 0.556364 0.406496
vt 0.559299 0.526421
vt 0.559299 0.536066
vt 0.559299 0.509938
vt 0.559299 0.493456
vt 0.559299 0.476973
vt 0.559299 0.460491
vt 0.559299 0.435629
vt 0.559299 0.417491
vt 0.559299 0.407664
vt 0.559299 0.406496
vt 0.0372213 0
vt 0.501747 0.087112
vt 0.500528 0.087112
vt 0.512 0.087112
vt 0.530923 0.087112
vt 0.556861 0.087112
vt 0.574057 0.087112
vt 0.591253 0.087112
vt 0.608449 0.087112
vt 0.625645 0.087112
vt 0.635708 0.087112
vt 0.0352605 0.0825467
vt 0.0352605 0.0836493
vt 0.0352605 0.056262
vt 0.0352605 0.0706057
vt 0.0352605 0.0419183
vt 0.0352605 0.0275693
vt 0.0352605 0.0132256
vt 0.0352605 0.00118057
vt 0.771245 0
vt 0.771245 0.00114822
vt 0.770032 0.00114822
vt 0.770032 0
vt 0.771245 0.0135835
vt 0.771245 0.028521
vt 0.770032 0.028521
vt 0.770032 0.0135835
vt 0.771245 0.0434585
vt 0.770032 0.0434585
vt 0.771245 0.0584015
vt 0.770032 0.0584015
vt 0.771245 0.0733389
vt 0.770032 0.0733389
vt 0.771245 0.0858826
vt 0.770032 0.0858826
vt 0.759417 0.00114822
vt 0.759417 0
vt 0.759417 0.028521
vt 0.759417 0.0135835
vt 0.759417 0.0434585
vt 0.759417 0.0584015
vt 0.759417 0.0733389
vt 0.759417 0.0858826
vt 0.740493 0.00114822
vt 0.740493 0
vt 0.740493 0.028521
vt 0.740493 0.0135835
vt 0.740493 0.0434585
vt 0.740493 0.0584015
vt 0.740493 0.0733389
vt 0.740493 0.0858826
vt 0.714555 0.00114822
vt 0.714555 0
vt 0.714555 0.028521
vt 0.714555 0.0135835
vt 0.714555 0.0434585
vt 0.714555 0.0584015
vt 0.714555 0.0733389
vt 0.714555 0.0858826
vt 0.697359 0.00114822
vt 0.697359 0
vt 0.697359 0.028521
vt 0.697359 0.0135835
vt 0.697359 0.0434585
vt 0.697359 0.0584015
vt 0.697359 0.0733389
vt 0.697359 0.0858826
vt 0.680163 0.00114822
vt 0.680163 0
vt 0.680163 0.028521
vt 0.680163 0.0135835
vt 0.680163 0.0434585
vt 0.680163 0.0584015
vt 0.680163 0.0733389
vt 0.680163 0.0858826
vt 0.662967 0.00114822
vt 0.662967 0
vt 0.662967 0.028521
vt 0.662967 0.0135835
vt 0.662967 0.0434585
vt 0.662967 0.0584015
vt 0.662967 0.0733389
vt 0.662967 0.0858826
vt 0.645771 0.00114822
vt 0.645771 0
vt 0.645771 0.028521
vt 0.645771 0.0135835
vt 0.645771 0.0434585
vt 0.645771 0.0584015
vt 0.645771 0.0733389
vt 0.645771 0.0858826
vt 0.556364 0.656576
vt 0.556364 0.66683
vt 0.556364 0.638296
vt 0.556364 0.613241
vt 0.556364 0.59663
vt 0.556364 0.580019
vt 0.556364 0.563408
vt 0.556364 0.546797
vt 0.556364 0.668002
vt 0.559299 0.545712
vt 0.559299 0.562194
vt 0.559299 0.578676
vt 0.559299 0.595159
vt 0.559299 0.611641
vt 0.559299 0.636503
vt 0.559299 0.654641
vt 0.559299 0.664816
vt 0.559299 0.665979
vt 0.0352605 0
vt 0.771245 0.087112
vt 0.770032 0.087112
vt 0.759417 0.087112
vt 0.740493 0.087112
vt 0.714555 0.087112
vt 0.697359 0.087112
vt 0.680163 0.087112
vt 0.662967 0.087112
vt 0.645771 0.087112
vt 0.272544 0.385986
vt 0.272544 0.371022
vt 0.282003 0.371022
vt 0.282003 0.385986
vt 0.348966 0.0682642
vt 0.340998 0.0612078
vt 0.351016 0.0502735
vt 0.359016 0.0573351
vt 0.272544 0.146611
vt 0.276704 0.131685
vt 0.286608 0.134603
vt 0.282112 0.146627
vt 0.370227 0.641117
vt 0.353006 0.656477
vt 0.344149 0.656477
vt 0.36137 0.641117
vt 0.272544 0.837301
vt 0.282003 0.837231
vt 0.282003 0.852819
vt 0.272544 0.852819
vt 0.272544 0.16157
vt 0.282003 0.16157
vt 0.272544 0.176534
vt 0.282003 0.176534
vt 0.272544 0.191493
vt 0.282003 0.191493
vt 0.272544 0.206452
vt 0.282003 0.206452
vt 0.272544 0.221416
vt 0.282003 0.221416
vt 0.272544 0.236375
vt 0.282003 0.236375
vt 0.272544 0.251334
vt 0.282003 0.251334
vt 0.272544 0.266299
vt 0.282003 0.266299
vt 0.272544 0.281257
vt 0.282003 0.281257
vt 0.272544 0.296222
vt 0.282003 0.296216
vt 0.272544 0.311181
vt 0.282003 0.311181
vt 0.272544 0.326139
vt 0.282003 0.326139
vt 0.272544 0.341104
vt 0.282003 0.341104
vt 0.272544 0.356063
vt 0.282003 0.356063
vt 0.387448 0.625757
vt 0.405889 0.609181
vt 0.405889 0.610396
vt 0.388668 0.625757
vt 0.405889 0.580478
vt 0.405889 0.595437
vt 0.395811 0.595437
vt 0.395811 0.580478
vt 0.405889 0.565514
vt 0.395811 0.565514
vt 0.405889 0.550555
vt 0.395811 0.550555
vt 0.405889 0.535591
vt 0.395811 0.535591
vt 0.405889 0.520632
vt 0.395811 0.520632
vt 0.405889 0.505673
vt 0.395811 0.505673
vt 0.405889 0.490709
vt 0.395811 0.490709
vt 0.405889 0.47575
vt 0.395811 0.47575
vt 0.405889 0.460791
vt 0.395811 0.460791
vt 0.405889 0.445827
vt 0.395811 0.445827
vt 0.405889 0.430868
vt 0.395811 0.430868
vt 0.405889 0.415904
vt 0.395811 0.415904
vt 0.405889 0.400945
vt 0.395811 0.400945
vt 0.405889 0.385986
vt 0.395811 0.385986
vt 0.385224 0.0144165
vt 0.405889 0.00122035
vt 0.405889 0.013207
vt 0.390485 0.0253727
vt 0.405889 0.128365
vt 0.405889 0.137618
vt 0.381416 0.137618
vt 0.388033 0.128382
vt 0.405889 0.117339
vt 0.356266 0.658126
vt 0.373215 0.642766
vt 0.381075 0.642766
vt 0.364131 0.658126
vt 0.320529 0.844515
vt 0.326446 0.842389
vt 0.333058 0.847379
vt 0.330508 0.852819
vt 0.312762 0.852819
vt 0.31786 0.829914
vt 0.314042 0.831411
vt 0.307831 0.827566
vt 0.318945 0.829041
vt 0.311644 0.823455
vt 0.311644 0.808073
vt 0.31946 0.827718
vt 0.345245 0.823455
vt 0.345245 0.837036
vt 0.3345 0.836998
vt 0.333264 0.827566
vt 0.329852 0.823455
vt 0.32202 0.829074
vt 0.321505 0.827723
vt 0.329852 0.808073
vt 0.360404 0.761932
vt 0.375564 0.761932
vt 0.375564 0.777309
vt 0.360404 0.777309
vt 0.311644 0.777309
vt 0.311644 0.761932
vt 0.318565 0.761932
vt 0.318565 0.777309
vt 0.272544 0.777309
vt 0.272544 0.761932
vt 0.282003 0.761932
vt 0.282003 0.777309
vt 0.322373 0.777309
vt 0.322373 0.761932
vt 0.329852 0.761932
vt 0.329852 0.777309
vt 0.360404 0.688846
vt 0.375564 0.688846
vt 0.375564 0.700404
vt 0.360404 0.700404
vt 0.311644 0.700404
vt 0.311644 0.687197
vt 0.318565 0.687197
vt 0.318565 0.700404
vt 0.272544 0.700404
vt 0.272544 0.687197
vt 0.282003 0.687197
vt 0.282003 0.700404
vt 0.322373 0.700404
vt 0.322373 0.688846
vt 0.329852 0.688846
vt 0.329852 0.700404
vt 0.375564 0.715786
vt 0.360404 0.715786
vt 0.375564 0.731168
vt 0.360404 0.731168
vt 0.375564 0.74655
vt 0.360404 0.74655
vt 0.375564 0.823455
vt 0.360404 0.823455
vt 0.360404 0.808073
vt 0.375564 0.808073
vt 0.360404 0.792691
vt 0.375564 0.792691
vt 0.311644 0.715786
vt 0.318565 0.715786
vt 0.311644 0.731168
vt 0.318565 0.731168
vt 0.311644 0.74655
vt 0.318565 0.74655
vt 0.318565 0.792691
vt 0.318565 0.808073
vt 0.311644 0.792691
vt 0.272544 0.715786
vt 0.282003 0.715786
vt 0.272544 0.731168
vt 0.282003 0.731168
vt 0.272544 0.74655
vt 0.282003 0.74655
vt 0.300954 0.823455
vt 0.300954 0.808073
vt 0.300954 0.792691
vt 0.300954 0.777309
vt 0.322373 0.715786
vt 0.329852 0.715786
vt 0.322373 0.731168
vt 0.329852 0.731168
vt 0.322373 0.74655
vt 0.329852 0.74655
vt 0.329852 0.792691
vt 0.322373 0.808073
vt 0.322373 0.792691
vt 0.300954 0.687197
vt 0.300954 0.671837
vt 0.326929 0.671837
vt 0.335786 0.671837
vt 0.272544 0.625757
vt 0.272544 0.610396
vt 0.282003 0.610396
vt 0.282003 0.625757
vt 0.272544 0.641117
vt 0.282003 0.641117
vt 0.390159 0.627405
vt 0.405889 0.61326
vt 0.405889 0.620989
vt 0.398024 0.627405
vt 0.339322 0.673486
vt 0.347187 0.673486
vt 0.405889 0.658126
vt 0.405889 0.673486
vt 0.389378 0.673486
vt 0.388847 0.642766
vt 0.371897 0.658126
vt 0.405889 0.627405
vt 0.405889 0.688846
vt 0.390729 0.688846
vt 0.312762 0.868716
vt 0.312762 0.884613
vt 0.300954 0.884613
vt 0.300954 0.868716
vt 0.330508 0.868716
vt 0.330508 0.884613
vt 0.375564 0.884613
vt 0.360404 0.884613
vt 0.360404 0.868716
vt 0.375564 0.868716
vt 0.316385 0.926192
vt 0.300954 0.926192
vt 0.300959 0.916348
vt 0.316385 0.916408
vt 0.330508 0.926192
vt 0.330508 0.916408
vt 0.375564 0.926192
vt 0.360404 0.926192
vt 0.360404 0.916408
vt 0.375564 0.916408
vt 0.316385 0.900511
vt 0.300954 0.900511
vt 0.272544 0.868716
vt 0.282003 0.868716
vt 0.330508 0.900511
vt 0.360404 0.900511
vt 0.375564 0.900511
vt 0.360404 0.852819
vt 0.375564 0.852819
vt 0.300954 0.371022
vt 0.300954 0.385986
vt 0.405889 0.0755917
vt 0.384877 0.0756296
vt 0.405889 0.0647061
vt 0.304892 0.137618
vt 0.300954 0.146611
vt 0.272544 0.656477
vt 0.282003 0.656477
vt 0.300954 0.837096
vt 0.300954 0.852819
vt 0.300954 0.16157
vt 0.300954 0.176534
vt 0.300954 0.191493
vt 0.300954 0.206452
vt 0.300954 0.221416
vt 0.300954 0.236375
vt 0.300954 0.251334
vt 0.300954 0.266299
vt 0.300954 0.281257
vt 0.300954 0.296222
vt 0.300954 0.311181
vt 0.300954 0.326139
vt 0.300954 0.341104
vt 0.300954 0.356063
vt 0.272544 0.595437
vt 0.282003 0.595437
vt 0.272544 0.580478
vt 0.282003 0.580478
vt 0.272544 0.565514
vt 0.282003 0.565514
vt 0.272544 0.550555
vt 0.282003 0.550555
vt 0.272544 0.535591
vt 0.282003 0.535591
vt 0.272544 0.520632
vt 0.282003 0.520632
vt 0.272544 0.505673
vt 0.282003 0.505673
vt 0.272544 0.490709
vt 0.282003 0.490709
vt 0.272544 0.47575
vt 0.282003 0.47575
vt 0.272544 0.460791
vt 0.282003 0.460791
vt 0.272544 0.445827
vt 0.282003 0.445827
vt 0.272544 0.430868
vt 0.282003 0.430868
vt 0.272544 0.415904
vt 0.282003 0.415904
vt 0.272544 0.400945
vt 0.282003 0.400945
vt 0.289537 0.117252
vt 0.297862 0.123636
vt 0.300943 0.104924
vt 0.308753 0.111969
vt 0.272544 0.823455
vt 0.282003 0.823455
vt 0.300954 0.761932
vt 0.300954 0.700404
vt 0.300954 0.715786
vt 0.300954 0.731168
vt 0.300954 0.74655
vt 0.272544 0.808073
vt 0.282003 0.808073
vt 0.272544 0.792691
vt 0.282003 0.792691
vt 0.272544 0.671837
vt 0.282003 0.671837
vt 0.300954 0.610396
vt 0.300954 0.625757
vt 0.300954 0.641117
vt 0.272544 0.884613
vt 0.282003 0.884613
vt 0.277095 0.922927
vt 0.272457 0.912069
vt 0.283652 0.907665
vt 0.287438 0.91202
vt 0.272544 0.900511
vt 0.282139 0.900494
vt 0.310955 0.0939947
vt 0.318809 0.101046
vt 0.320968 0.0830657
vt 0.328859 0.0901168
vt 0.33098 0.0721421
vt 0.338883 0.0791877
vt 0.371599 0.0279815
vt 0.379122 0.0354773
vt 0.360817 0.0393335
vt 0.369072 0.0464116
vt 0.405889 0.107766
vt 0.380906 0.117404
vt 0.389742 0.107798
vt 0.405889 0.0973684
vt 0.405889 0.0864827
vt 0.381883 0.0974226
vt 0.374826 0.0865533
vt 0.405889 0.0429295
vt 0.405889 0.0538151
vt 0.381828 0.0538531
vt 0.371778 0.0647713
vt 0.300954 0.656477
vt 0.300954 0.595437
vt 0.300954 0.580478
vt 0.300954 0.565514
vt 0.300954 0.550555
vt 0.300954 0.535591
vt 0.300954 0.520632
vt 0.300954 0.505673
vt 0.300954 0.490709
vt 0.300954 0.47575
vt 0.300954 0.460791
vt 0.300954 0.445827
vt 0.300954 0.430868
vt 0.300954 0.415904
vt 0.300954 0.400945
vt 0.288729 0.926285
vt 0.293127 0.915611
vt 0.326929 0.371022
vt 0.326929 0.385986
vt 0.306861 0.83703
vt 0.308037 0.847379
vt 0.326929 0.146611
vt 0.326929 0.16157
vt 0.326929 0.176534
vt 0.326929 0.191493
vt 0.326929 0.206452
vt 0.326929 0.221416
vt 0.326929 0.236375
vt 0.326929 0.251334
vt 0.326929 0.266299
vt 0.326929 0.281257
vt 0.326929 0.296222
vt 0.326929 0.311181
vt 0.326929 0.326139
vt 0.326929 0.341104
vt 0.326929 0.356063
vt 0.326929 0.610396
vt 0.326929 0.625757
vt 0.326929 0.641117
vt 0.312501 0.128496
vt 0.322958 0.117588
vt 0.361722 0.0756948
vt 0.331924 0.107977
vt 0.341584 0.0975419
vt 0.351672 0.0866184
vt 0.328756 0.137618
vt 0.326929 0.656477
vt 0.344149 0.641117
vt 0.395811 0.610396
vt 0.37859 0.625757
vt 0.37859 0.610396
vt 0.37859 0.595437
vt 0.326929 0.595437
vt 0.326929 0.580478
vt 0.326929 0.565514
vt 0.326929 0.550555
vt 0.326929 0.535591
vt 0.326929 0.520632
vt 0.326929 0.505673
vt 0.326929 0.490709
vt 0.326929 0.47575
vt 0.326929 0.460791
vt 0.326929 0.445827
vt 0.326929 0.430868
vt 0.326929 0.415904
vt 0.326929 0.400945
vt 0.344149 0.371022
vt 0.344149 0.385986
vt 0.344149 0.146611
vt 0.344149 0.16157
vt 0.344149 0.176534
vt 0.344149 0.191493
vt 0.344149 0.206452
vt 0.344149 0.221416
vt 0.344149 0.236375
vt 0.344149 0.251334
vt 0.344149 0.266299
vt 0.344149 0.281257
vt 0.344149 0.296222
vt 0.344149 0.311181
vt 0.344149 0.326139
vt 0.344149 0.341104
vt 0.344149 0.356063
vt 0.344149 0.610396
vt 0.344149 0.625757
vt 0.344149 0.595437
vt 0.344149 0.580478
vt 0.344149 0.565514
vt 0.344149 0.550555
vt 0.344149 0.535591
vt 0.344149 0.520632
vt 0.344149 0.505673
vt 0.344149 0.490709
vt 0.344149 0.47575
vt 0.344149 0.460791
vt 0.344149 0.445827
vt 0.344149 0.430868
vt 0.344149 0.415904
vt 0.344149 0.400945
vt 0.36137 0.371022
vt 0.36137 0.385986
vt 0.36137 0.146611
vt 0.36137 0.16157
vt 0.36137 0.176534
vt 0.36137 0.191493
vt 0.36137 0.206452
vt 0.36137 0.221416
vt 0.36137 0.236375
vt 0.36137 0.251334
vt 0.36137 0.266299
vt 0.36137 0.281257
vt 0.36137 0.296222
vt 0.36137 0.311181
vt 0.36137 0.326139
vt 0.36137 0.341104
vt 0.36137 0.356063
vt 0.36137 0.610396
vt 0.36137 0.625757
vt 0.36137 0.595437
vt 0.36137 0.580478
vt 0.36137 0.565514
vt 0.36137 0.550555
vt 0.36137 0.535591
vt 0.36137 0.520632
vt 0.36137 0.505673
vt 0.36137 0.490709
vt 0.36137 0.47575
vt 0.36137 0.460791
vt 0.36137 0.445827
vt 0.36137 0.430868
vt 0.36137 0.415904
vt 0.36137 0.400945
vt 0.37859 0.371022
vt 0.37859 0.385986
vt 0.37859 0.146611
vt 0.37859 0.16157
vt 0.37859 0.176534
vt 0.37859 0.191493
vt 0.37859 0.206452
vt 0.37859 0.221416
vt 0.37859 0.236375
vt 0.37859 0.251334
vt 0.37859 0.266299
vt 0.37859 0.281257
vt 0.37859 0.296222
vt 0.37859 0.311181
vt 0.37859 0.326139
vt 0.37859 0.341104
vt 0.37859 0.356063
vt 0.37859 0.580478
vt 0.37859 0.565514
vt 0.37859 0.550555
vt 0.37859 0.535591
vt 0.37859 0.520632
vt 0.37859 0.505673
vt 0.37859 0.490709
vt 0.37859 0.47575
vt 0.37859 0.460791
vt 0.37859 0.445827
vt 0.37859 0.430868
vt 0.37859 0.415904
vt 0.37859 0.400945
vt 0.395811 0.371022
vt 0.395811 0.146611
vt 0.395811 0.16157
vt 0.395811 0.176534
vt 0.395811 0.191493
vt 0.395811 0.206452
vt 0.395811 0.221416
vt 0.395811 0.236375
vt 0.395811 0.251334
vt 0.395811 0.266299
vt 0.395811 0.281257
vt 0.395811 0.296222
vt 0.395811 0.311181
vt 0.395811 0.326139
vt 0.395811 0.341104
vt 0.395811 0.356063
vt 0.405889 0.371022
vt 0.405889 0.146611
vt 0.405889 0.16157
vt 0.405889 0.176534
vt 0.405889 0.191493
vt 0.405889 0.206452
vt 0.405889 0.221416
vt 0.405889 0.236375
vt 0.405889 0.251334
vt 0.405889 0.266299
vt 0.405889 0.281257
vt 0.405889 0.296222
vt 0.405889 0.311181
vt 0.405889 0.326139
vt 0.405889 0.341104
vt 0.405889 0.356063
vt 0.375564 0.837171
vt 0.360404 0.837106
vt 0.390729 0.761932
vt 0.405889 0.761932
vt 0.405889 0.777309
vt 0.390729 0.777309
vt 0.345245 0.777309
vt 0.345245 0.761932
vt 0.405889 0.700404
vt 0.390729 0.700404
vt 0.345245 0.700404
vt 0.345245 0.688846
vt 0.405889 0.715786
vt 0.390729 0.715786
vt 0.345245 0.715786
vt 0.405889 0.731168
vt 0.390729 0.731168
vt 0.345245 0.731168
vt 0.405889 0.74655
vt 0.390729 0.74655
vt 0.345245 0.74655
vt 0.345245 0.808073
vt 0.390729 0.808073
vt 0.405889 0.808073
vt 0.405889 0.823455
vt 0.390729 0.823455
vt 0.345245 0.792691
vt 0.390729 0.792691
vt 0.405889 0.792691
vt 0.345245 0.884613
vt 0.345245 0.868716
vt 0.390729 0.868716
vt 0.405889 0.868716
vt 0.405889 0.884613
vt 0.390729 0.884613
vt 0.345245 0.926192
vt 0.345245 0.916408
vt 0.405889 0.916408
vt 0.405889 0.926192
vt 0.390729 0.926192
vt 0.390729 0.916408
vt 0.345245 0.900511
vt 0.390729 0.900511
vt 0.405889 0.900511
vt 0.390729 0.852819
vt 0.405889 0.852819
vt 0.345245 0.852819
vt 0.405889 0.837307
vt 0.390729 0.837242
vt 0.328903 0.836998
vt 0.312035 0.837003
vt 0.326907 0.831422
vt 0.323072 0.829914
vt 0.314497 0.8424
vt 0.335672 0.128458
vt 0.346129 0.117518
vt 0.355089 0.107907
vt 0.364738 0.0974713
vt 0.347322 0.137618
vt 0.353625 0.128436
vt 0.363529 0.117458
vt 0.37231 0.107853
vt 0.36419 0.137618
vt 0.370791 0.128409
vt 0.354953 0.673486
vt 0.405889 0.642766
vt 0.389254 0.658126
vt 0.372304 0.673486
vt 0.271324 0.385986
vt 0.271324 0.371022
vt 0.340076 0.0604105
vt 0.350094 0.0494815
vt 0.271324 0.146611
vt 0.275549 0.131305
vt 0.371447 0.641117
vt 0.354227 0.656477
vt 0.271324 0.852819
vt 0.271324 0.837307
vt 0.271324 0.16157
vt 0.271324 0.176534
vt 0.271324 0.191493
vt 0.271324 0.206452
vt 0.271324 0.221416
vt 0.271324 0.236375
vt 0.271324 0.251334
vt 0.271324 0.266299
vt 0.271324 0.281257
vt 0.271324 0.296222
vt 0.271324 0.311181
vt 0.271324 0.326139
vt 0.271324 0.341104
vt 0.271324 0.356063
vt 0.384795 0.0132775
vt 0.405889 0
vt 0.355051 0.658126
vt 0.371995 0.642766
vt 0.320469 0.843637
vt 0.325475 0.841657
vt 0.319048 0.830191
vt 0.315078 0.832051
vt 0.31991 0.828846
vt 0.31991 0.829784
vt 0.321027 0.829784
vt 0.321027 0.828846
vt 0.319785 0.761932
vt 0.319785 0.777309
vt 0.271324 0.777309
vt 0.271324 0.761932
vt 0.321152 0.777309
vt 0.321158 0.761932
vt 0.319785 0.687197
vt 0.319785 0.700404
vt 0.271324 0.700404
vt 0.271324 0.687197
vt 0.321158 0.700404
vt 0.321158 0.688846
vt 0.319785 0.715786
vt 0.319785 0.731168
vt 0.319785 0.74655
vt 0.319785 0.792691
vt 0.319785 0.808073
vt 0.271324 0.715786
vt 0.271324 0.731168
vt 0.271324 0.74655
vt 0.321158 0.715786
vt 0.321158 0.731168
vt 0.321158 0.74655
vt 0.321152 0.808073
vt 0.321152 0.792691
vt 0.337006 0.671837
vt 0.271324 0.625757
vt 0.271324 0.610396
vt 0.271324 0.641117
vt 0.388944 0.627405
vt 0.405889 0.612045
vt 0.338102 0.673486
vt 0.316385 0.927413
vt 0.300954 0.927413
vt 0.330508 0.927413
vt 0.375564 0.927413
vt 0.360404 0.927413
vt 0.271324 0.868716
vt 0.271324 0.656477
vt 0.271324 0.595437
vt 0.271324 0.580478
vt 0.271324 0.565514
vt 0.271324 0.550555
vt 0.271324 0.535591
vt 0.271324 0.520632
vt 0.271324 0.505673
vt 0.271324 0.490709
vt 0.271324 0.47575
vt 0.271324 0.460791
vt 0.271324 0.445827
vt 0.271324 0.430868
vt 0.271324 0.415904
vt 0.271324 0.400945
vt 0.288544 0.116541
vt 0.300026 0.104116
vt 0.271324 0.823455
vt 0.271324 0.808073
vt 0.271324 0.792691
vt 0.271324 0.671837
vt 0.271324 0.884613
vt 0.276259 0.923817
vt 0.271324 0.912519
vt 0.271324 0.900511
vt 0.310039 0.0931919
vt 0.320051 0.082263
vt 0.330064 0.0713395
vt 0.370737 0.0271191
vt 0.359878 0.0385579
vt 0.288262 0.927413
vt 0.345245 0.927413
vt 0.405889 0.927413
vt 0.390729 0.927413
vt 0.327688 0.836998
vt 0.31325 0.836998
vt 0.325866 0.832051
vt 0.32189 0.830185
vt 0.315463 0.841657
vt 0.543748 0.566599
vt 0.543748 0.589178
vt 0.542647 0.589178
vt 0.542647 0.566599
vt 0.543748 0.548727
vt 0.542647 0.548727
vt 0.543748 0.53444
vt 0.542647 0.53444
vt 0.543748 0.521155
vt 0.542647 0.521155
vt 0.543748 0.507724
vt 0.542647 0.507724
vt 0.543748 0.494297
vt 0.542647 0.494297
vt 0.543748 0.480874
vt 0.542647 0.480874
vt 0.543748 0.467447
vt 0.542647 0.467447
vt 0.543748 0.454024
vt 0.542647 0.454024
vt 0.543748 0.438697
vt 0.542647 0.438697
vt 0.543748 0.42088
vt 0.542647 0.42088
vt 0.543748 0.406496
vt 0.542647 0.406496
vt 0.826836 0.697864
vt 0.826836 0.711541
vt 0.825725 0.711541
vt 0.825725 0.697864
vt 0.826836 0.684182
vt 0.825725 0.684182
vt 0.826836 0.670505
vt 0.825725 0.670505
vt 0.826836 0.656828
vt 0.825725 0.656828
vt 0.826836 0.643146
vt 0.825725 0.643146
vt 0.826836 0.629469
vt 0.825725 0.629469
vt 0.826836 0.615792
vt 0.825725 0.615792
vt 0.826836 0.602111
vt 0.825725 0.602111
vt 0.826836 0.588434
vt 0.825725 0.588434
vt 0.826836 0.574754
vt 0.825725 0.574754
vt 0.826836 0.561075
vt 0.825725 0.561075
vt 0.826836 0.547398
vt 0.825725 0.547398
vt 0.826836 0.533716
vt 0.825725 0.533716
vt 0.826836 0.520039
vt 0.825725 0.520039
vt 0.826836 0.506362
vt 0.825725 0.506362
vt 0.826836 0.492681
vt 0.825725 0.492681
vt 0.826836 0.479004
vt 0.825725 0.479004
vt 0.826836 0.465327
vt 0.825725 0.465327
vt 0.826836 0.451645
vt 0.825725 0.451645
vt 0.826836 0.437968
vt 0.825725 0.437968
vt 0.826836 0.424286
vt 0.825725 0.424286
vt 0.826836 0.410609
vt 0.825725 0.410609
vt 0.826836 0.396933
vt 0.825725 0.396933
vt 0.826836 0.383251
vt 0.825725 0.383251
vt 0.826836 0.369574
vt 0.825725 0.369574
vt 0.826836 0.355897
vt 0.825725 0.355897
vt 0.826836 0.342215
vt 0.825725 0.342215
vt 0.826836 0.328538
vt 0.825725 0.328538
vt 0.826836 0.314856
vt 0.825725 0.314856
vt 0.826836 0.301179
vt 0.825725 0.301179
vt 0.826836 0.287503
vt 0.825725 0.287503
vt 0.826836 0.273459
vt 0.825725 0.273459
vt 0.826836 0.259415
vt 0.825725 0.259415
vt 0.826836 0.245371
vt 0.825725 0.245371
vt 0.826836 0.231327
vt 0.825725 0.231327
vt 0.826836 0.217283
vt 0.825725 0.217283
vt 0.826836 0.205208
vt 0.825725 0.205208
vt 0.826836 0.191145
vt 0.825725 0.191145
vt 0.826836 0.177081
vt 0.825725 0.177081
vt 0.826836 0.163017
vt 0.825725 0.163017
vt 0.826836 0.148953
vt 0.825725 0.148953
vt 0.826836 0.134895
vt 0.825725 0.134895
vt 0.826836 0.120831
vt 0.825725 0.120831
vt 0.826836 0.106767
vt 0.825725 0.106767
vt 0.826836 0.0927038
vt 0.825725 0.0927038
vt 0.826836 0.0800385
vt 0.825725 0.0800385
vt 0.826836 0.0658557
vt 0.825725 0.0658557
vt 0.826836 0.051321
vt 0.825725 0.051321
vt 0.826836 0.0367862
vt 0.825725 0.0367862
vt 0.826836 0.0222514
vt 0.825725 0.0222514
vt 0.826836 0.0112722
vt 0.825725 0.0112722
vt 0.826836 0
vt 0.825725 0
vt 0.548657 0.417911
vt 0.548657 0.406496
vt 0.549763 0.406496
vt 0.549763 0.417911
vt 0.548657 0.429473
vt 0.549763 0.429473
vt 0.548657 0.443531
vt 0.549763 0.443531
vt 0.548657 0.456397
vt 0.549763 0.456397
vt 0.548657 0.469822
vt 0.549763 0.469822
vt 0.548657 0.483633
vt 0.549763 0.483633
vt 0.548657 0.497444
vt 0.549763 0.497444
vt 0.548657 0.511259
vt 0.549763 0.511259
vt 0.548657 0.525069
vt 0.549763 0.525069
vt 0.817023 0.247255
vt 0.817023 0.267837
vt 0.81593 0.267837
vt 0.81593 0.247255
vt 0.817023 0.226669
vt 0.81593 0.226669
vt 0.817023 0.206086
vt 0.81593 0.206086
vt 0.817023 0.1855
vt 0.81593 0.1855
vt 0.817023 0.164918
vt 0.81593 0.164918
vt 0.817023 0.154516
vt 0.81593 0.154516
vt 0.817023 0.140672
vt 0.81593 0.140672
vt 0.817023 0.126829
vt 0.81593 0.126829
vt 0.817023 0.112985
vt 0.81593 0.112985
vt 0.817023 0.0991421
vt 0.81593 0.0991421
vt 0.817023 0.0853035
vt 0.81593 0.0853035
vt 0.817023 0.0714602
vt 0.81593 0.0714602
vt 0.817023 0.0576167
vt 0.81593 0.0576167
vt 0.817023 0.038921
vt 0.81593 0.038921
vt 0.817023 0.0380766
vt 0.81593 0.0380766
vt 0.817023 0.0372205
vt 0.81593 0.0372205
vt 0.817023 0.0332682
vt 0.81593 0.0332682
vt 0.817023 0.0285239
vt 0.81593 0.0285239
vt 0.817023 0.0238819
vt 0.81593 0.0238819
vt 0.817023 0.0190369
vt 0.81593 0.0190369
vt 0.817023 0.0141919
vt 0.81593 0.0141919
vt 0.817023 0.00955003
vt 0.81593 0.00955003
vt 0.817023 0.00480407
vt 0.81593 0.00480407
vt 0.817023 0.000858128
vt 0.81593 0.000858128
vt 0.817023 0
vt 0.81593 0
vt 0.817023 0.999155
vt 0.817023 1
vt 0.81593 1
vt 0.81593 0.999155
vt 0.817023 0.98046
vt 0.81593 0.98046
vt 0.817023 0.966616
vt 0.81593 0.966616
vt 0.817023 0.952773
vt 0.81593 0.952773
vt 0.817023 0.938935
vt 0.81593 0.938935
vt 0.817023 0.925091
vt 0.81593 0.925091
vt 0.817023 0.911247
vt 0.81593 0.911247
vt 0.817023 0.897404
vt 0.81593 0.897404
vt 0.817023 0.883561
vt 0.81593 0.883561
vt 0.817023 0.871675
vt 0.81593 0.871675
vt 0.817023 0.850907
vt 0.81593 0.850907
vt 0.817023 0.83014
vt 0.81593 0.83014
vt 0.817023 0.809372
vt 0.81593 0.809372
vt 0.817023 0.788605
vt 0.81593 0.788605
vt 0.817023 0.767837
vt 0.81593 0.767837
vt 0.26791 0.385986
vt 0.25845 0.385986
vt 0.25845 0.371022
vt 0.26791 0.371022
vt 0.191488 0.0682642
vt 0.181438 0.0573352
vt 0.189438 0.0502789
vt 0.199456 0.0612078
vt 0.26791 0.146611
vt 0.258342 0.146628
vt 0.253846 0.134597
vt 0.26375 0.131685
vt 0.170227 0.641117
vt 0.179084 0.641117
vt 0.196304 0.656477
vt 0.187447 0.656477
vt 0.26791 0.837302
vt 0.26791 0.85282
vt 0.25845 0.85282
vt 0.25845 0.837232
vt 0.26791 0.16157
vt 0.25845 0.16157
vt 0.26791 0.176534
vt 0.25845 0.176534
vt 0.26791 0.191493
vt 0.25845 0.191493
vt 0.26791 0.206452
vt 0.25845 0.206452
vt 0.26791 0.221417
vt 0.25845 0.221417
vt 0.26791 0.236376
vt 0.25845 0.236376
vt 0.26791 0.251334
vt 0.25845 0.251334
vt 0.26791 0.266299
vt 0.25845 0.266299
vt 0.26791 0.281258
vt 0.25845 0.281258
vt 0.26791 0.296217
vt 0.25845 0.296217
vt 0.26791 0.311181
vt 0.25845 0.311181
vt 0.26791 0.32614
vt 0.25845 0.32614
vt 0.26791 0.341104
vt 0.25845 0.341104
vt 0.26791 0.356063
vt 0.25845 0.356063
vt 0.153006 0.625757
vt 0.151786 0.625757
vt 0.134565 0.610397
vt 0.134565 0.609182
vt 0.134565 0.580479
vt 0.144642 0.580479
vt 0.144642 0.595438
vt 0.134565 0.595438
vt 0.134565 0.565515
vt 0.144642 0.565515
vt 0.134565 0.550556
vt 0.144642 0.550556
vt 0.134565 0.535591
vt 0.144642 0.535591
vt 0.134565 0.520633
vt 0.144642 0.520633
vt 0.134565 0.505674
vt 0.144642 0.505674
vt 0.134565 0.490709
vt 0.144642 0.490709
vt 0.134565 0.47575
vt 0.144642 0.47575
vt 0.134565 0.460791
vt 0.144642 0.460791
vt 0.134565 0.445827
vt 0.144642 0.445827
vt 0.134565 0.430868
vt 0.144642 0.430868
vt 0.134565 0.415904
vt 0.144642 0.415904
vt 0.134565 0.400945
vt 0.144642 0.400945
vt 0.134565 0.385986
vt 0.144642 0.385986
vt 0.15523 0.0144165
vt 0.149969 0.0253727
vt 0.134565 0.013207
vt 0.134565 0.00122035
vt 0.134565 0.128366
vt 0.15242 0.128382
vt 0.159037 0.137619
vt 0.134565 0.137619
vt 0.134565 0.117339
vt 0.184187 0.658126
vt 0.176323 0.658126
vt 0.159379 0.642766
vt 0.167238 0.642766
vt 0.219925 0.844516
vt 0.209945 0.85282
vt 0.207396 0.84738
vt 0.214008 0.84239
vt 0.227692 0.85282
vt 0.222594 0.829915
vt 0.232622 0.827567
vt 0.226412 0.831412
vt 0.221509 0.829042
vt 0.220994 0.827718
vt 0.228809 0.808073
vt 0.228809 0.823455
vt 0.195209 0.823455
vt 0.20719 0.827567
vt 0.205953 0.836999
vt 0.195209 0.837036
vt 0.210601 0.823455
vt 0.210601 0.808073
vt 0.218949 0.827724
vt 0.218433 0.829074
vt 0.180049 0.761933
vt 0.180049 0.777309
vt 0.164889 0.777309
vt 0.164889 0.761933
vt 0.228809 0.777309
vt 0.221888 0.777309
vt 0.221888 0.761933
vt 0.228809 0.761933
vt 0.26791 0.777309
vt 0.25845 0.777309
vt 0.25845 0.761933
vt 0.26791 0.761933
vt 0.218081 0.777309
vt 0.210601 0.777309
vt 0.210601 0.761933
vt 0.218081 0.761933
vt 0.180049 0.688847
vt 0.180049 0.700405
vt 0.164889 0.700405
vt 0.164889 0.688847
vt 0.228809 0.700405
vt 0.221888 0.700405
vt 0.221888 0.687198
vt 0.228809 0.687198
vt 0.26791 0.700405
vt 0.25845 0.700405
vt 0.25845 0.687198
vt 0.26791 0.687198
vt 0.218081 0.700405
vt 0.210601 0.700405
vt 0.210601 0.688847
vt 0.218081 0.688847
vt 0.180049 0.715787
vt 0.164889 0.715787
vt 0.180049 0.731169
vt 0.164889 0.731169
vt 0.180049 0.746551
vt 0.164889 0.746551
vt 0.164889 0.823455
vt 0.164889 0.808073
vt 0.180049 0.808073
vt 0.180049 0.823455
vt 0.164889 0.792691
vt 0.180049 0.792691
vt 0.228809 0.715787
vt 0.221888 0.715787
vt 0.228809 0.731169
vt 0.221888 0.731169
vt 0.228809 0.746551
vt 0.221888 0.746551
vt 0.221888 0.792691
vt 0.228809 0.792691
vt 0.221888 0.808073
vt 0.26791 0.715787
vt 0.25845 0.715787
vt 0.26791 0.731169
vt 0.25845 0.731169
vt 0.26791 0.746551
vt 0.25845 0.746551
vt 0.2395 0.808073
vt 0.2395 0.823455
vt 0.2395 0.792691
vt 0.2395 0.777309
vt 0.218081 0.715787
vt 0.210601 0.715787
vt 0.218081 0.731169
vt 0.210601 0.731169
vt 0.218081 0.746551
vt 0.210601 0.746551
vt 0.210601 0.792691
vt 0.218081 0.792691
vt 0.218081 0.808073
vt 0.213525 0.671838
vt 0.2395 0.671838
vt 0.2395 0.687198
vt 0.204668 0.671838
vt 0.26791 0.625757
vt 0.25845 0.625757
vt 0.25845 0.610397
vt 0.26791 0.610397
vt 0.26791 0.641117
vt 0.25845 0.641117
vt 0.150294 0.627406
vt 0.142429 0.627406
vt 0.134565 0.62099
vt 0.134565 0.61326
vt 0.193267 0.673487
vt 0.201132 0.673487
vt 0.134565 0.658126
vt 0.151075 0.673487
vt 0.134565 0.673487
vt 0.168556 0.658126
vt 0.151607 0.642766
vt 0.134565 0.627406
vt 0.149725 0.688847
vt 0.134565 0.688847
vt 0.227692 0.868717
vt 0.2395 0.868717
vt 0.2395 0.884614
vt 0.227692 0.884614
vt 0.209945 0.868717
vt 0.209945 0.884614
vt 0.164889 0.884614
vt 0.164889 0.868717
vt 0.180049 0.868717
vt 0.180049 0.884614
vt 0.224069 0.926193
vt 0.224069 0.916409
vt 0.239494 0.916349
vt 0.2395 0.926193
vt 0.209945 0.926193
vt 0.209945 0.916409
vt 0.164889 0.926193
vt 0.164889 0.916409
vt 0.180049 0.916409
vt 0.180049 0.926193
vt 0.224069 0.900511
vt 0.2395 0.900511
vt 0.26791 0.868717
vt 0.25845 0.868717
vt 0.209945 0.900511
vt 0.164889 0.900511
vt 0.180049 0.900511
vt 0.180049 0.85282
vt 0.164889 0.85282
vt 0.2395 0.385986
vt 0.2395 0.371022
vt 0.134565 0.0755918
vt 0.134565 0.0647062
vt 0.155577 0.0756297
vt 0.2395 0.146611
vt 0.235562 0.137619
vt 0.26791 0.656477
vt 0.25845 0.656477
vt 0.2395 0.85282
vt 0.2395 0.837096
vt 0.2395 0.16157
vt 0.2395 0.176534
vt 0.2395 0.191493
vt 0.2395 0.206452
vt 0.2395 0.221417
vt 0.2395 0.236376
vt 0.2395 0.251334
vt 0.2395 0.266299
vt 0.2395 0.281258
vt 0.2395 0.296217
vt 0.2395 0.311181
vt 0.2395 0.32614
vt 0.2395 0.341104
vt 0.2395 0.356063
vt 0.25845 0.595438
vt 0.26791 0.595438
vt 0.25845 0.580479
vt 0.26791 0.580479
vt 0.25845 0.565515
vt 0.26791 0.565515
vt 0.25845 0.550556
vt 0.26791 0.550556
vt 0.25845 0.535591
vt 0.26791 0.535591
vt 0.25845 0.520633
vt 0.26791 0.520633
vt 0.25845 0.505674
vt 0.26791 0.505674
vt 0.25845 0.490709
vt 0.26791 0.490709
vt 0.25845 0.47575
vt 0.26791 0.47575
vt 0.25845 0.460791
vt 0.26791 0.460791
vt 0.25845 0.445827
vt 0.26791 0.445827
vt 0.25845 0.430868
vt 0.26791 0.430868
vt 0.25845 0.415904
vt 0.26791 0.415904
vt 0.25845 0.400945
vt 0.26791 0.400945
vt 0.242591 0.123636
vt 0.250917 0.117252
vt 0.2317 0.111969
vt 0.23951 0.104924
vt 0.25845 0.823455
vt 0.26791 0.823455
vt 0.2395 0.761933
vt 0.2395 0.700405
vt 0.2395 0.715787
vt 0.2395 0.731169
vt 0.2395 0.746551
vt 0.25845 0.808073
vt 0.26791 0.808073
vt 0.25845 0.792691
vt 0.26791 0.792691
vt 0.25845 0.671838
vt 0.26791 0.671838
vt 0.2395 0.625757
vt 0.2395 0.610397
vt 0.2395 0.641117
vt 0.26791 0.884614
vt 0.25845 0.884614
vt 0.263359 0.922928
vt 0.253016 0.912021
vt 0.256802 0.907666
vt 0.267996 0.91207
vt 0.26791 0.900511
vt 0.258315 0.900495
vt 0.221644 0.101046
vt 0.229498 0.0939948
vt 0.211594 0.0901168
vt 0.219486 0.0830658
vt 0.201571 0.0791877
vt 0.209473 0.0721421
vt 0.168854 0.0279815
vt 0.161332 0.0354773
vt 0.179637 0.0393335
vt 0.171382 0.0464117
vt 0.134565 0.107766
vt 0.150712 0.107798
vt 0.159547 0.117404
vt 0.134565 0.0973684
vt 0.134565 0.0864828
vt 0.158571 0.0974226
vt 0.165627 0.0865534
vt 0.134565 0.0429296
vt 0.158625 0.0538531
vt 0.134565 0.0538152
vt 0.168675 0.0647713
vt 0.2395 0.656477
vt 0.2395 0.595438
vt 0.2395 0.580479
vt 0.2395 0.565515
vt 0.2395 0.550556
vt 0.2395 0.535591
vt 0.2395 0.520633
vt 0.2395 0.505674
vt 0.2395 0.490709
vt 0.2395 0.47575
vt 0.2395 0.460791
vt 0.2395 0.445827
vt 0.2395 0.430868
vt 0.2395 0.415904
vt 0.2395 0.400945
vt 0.247326 0.915611
vt 0.251725 0.926285
vt 0.213525 0.385986
vt 0.213525 0.371022
vt 0.232416 0.84738
vt 0.233593 0.837031
vt 0.213525 0.16157
vt 0.213525 0.146611
vt 0.213525 0.176534
vt 0.213525 0.191493
vt 0.213525 0.206452
vt 0.213525 0.221417
vt 0.213525 0.236376
vt 0.213525 0.251334
vt 0.213525 0.266299
vt 0.213525 0.281258
vt 0.213525 0.296217
vt 0.213525 0.311181
vt 0.213525 0.32614
vt 0.213525 0.341104
vt 0.213525 0.356063
vt 0.213525 0.625757
vt 0.213525 0.610397
vt 0.213525 0.641117
vt 0.227952 0.128496
vt 0.217495 0.117588
vt 0.178731 0.0756948
vt 0.20853 0.107977
vt 0.19887 0.0975419
vt 0.188781 0.0866185
vt 0.211697 0.137619
vt 0.196304 0.641117
vt 0.213525 0.656477
vt 0.144642 0.610397
vt 0.161863 0.625757
vt 0.161863 0.595438
vt 0.161863 0.610397
vt 0.213525 0.595438
vt 0.213525 0.580479
vt 0.213525 0.565515
vt 0.213525 0.550556
vt 0.213525 0.535591
vt 0.213525 0.520633
vt 0.213525 0.505674
vt 0.213525 0.490709
vt 0.213525 0.47575
vt 0.213525 0.460791
vt 0.213525 0.445827
vt 0.213525 0.430868
vt 0.213525 0.415904
vt 0.213525 0.400945
vt 0.196304 0.385986
vt 0.196304 0.371022
vt 0.196304 0.16157
vt 0.196304 0.146611
vt 0.196304 0.176534
vt 0.196304 0.191493
vt 0.196304 0.206452
vt 0.196304 0.221417
vt 0.196304 0.236376
vt 0.196304 0.251334
vt 0.196304 0.266299
vt 0.196304 0.281258
vt 0.196304 0.296217
vt 0.196304 0.311181
vt 0.196304 0.32614
vt 0.196304 0.341104
vt 0.196304 0.356063
vt 0.196304 0.625757
vt 0.196304 0.610397
vt 0.196304 0.595438
vt 0.196304 0.580479
vt 0.196304 0.565515
vt 0.196304 0.550556
vt 0.196304 0.535591
vt 0.196304 0.520633
vt 0.196304 0.505674
vt 0.196304 0.490709
vt 0.196304 0.47575
vt 0.196304 0.460791
vt 0.196304 0.445827
vt 0.196304 0.430868
vt 0.196304 0.415904
vt 0.196304 0.400945
vt 0.179084 0.385986
vt 0.179084 0.371022
vt 0.179084 0.16157
vt 0.179084 0.146611
vt 0.179084 0.176534
vt 0.179084 0.191493
vt 0.179084 0.206452
vt 0.179084 0.221417
vt 0.179084 0.236376
vt 0.179084 0.251334
vt 0.179084 0.266299
vt 0.179084 0.281258
vt 0.179084 0.296217
vt 0.179084 0.311181
vt 0.179084 0.32614
vt 0.179084 0.341104
vt 0.179084 0.356063
vt 0.179084 0.625757
vt 0.179084 0.610397
vt 0.179084 0.595438
vt 0.179084 0.580479
vt 0.179084 0.565515
vt 0.179084 0.550556
vt 0.179084 0.535591
vt 0.179084 0.520633
vt 0.179084 0.505674
vt 0.179084 0.490709
vt 0.179084 0.47575
vt 0.179084 0.460791
vt 0.179084 0.445827
vt 0.179084 0.430868
vt 0.179084 0.415904
vt 0.179084 0.400945
vt 0.161863 0.385986
vt 0.161863 0.371022
vt 0.161863 0.16157
vt 0.161863 0.146611
vt 0.161863 0.176534
vt 0.161863 0.191493
vt 0.161863 0.206452
vt 0.161863 0.221417
vt 0.161863 0.236376
vt 0.161863 0.251334
vt 0.161863 0.266299
vt 0.161863 0.281258
vt 0.161863 0.296217
vt 0.161863 0.311181
vt 0.161863 0.32614
vt 0.161863 0.341104
vt 0.161863 0.356063
vt 0.161863 0.580479
vt 0.161863 0.565515
vt 0.161863 0.550556
vt 0.161863 0.535591
vt 0.161863 0.520633
vt 0.161863 0.505674
vt 0.161863 0.490709
vt 0.161863 0.47575
vt 0.161863 0.460791
vt 0.161863 0.445827
vt 0.161863 0.430868
vt 0.161863 0.415904
vt 0.161863 0.400945
vt 0.144642 0.371022
vt 0.144642 0.16157
vt 0.144642 0.146611
vt 0.144642 0.176534
vt 0.144642 0.191493
vt 0.144642 0.206452
vt 0.144642 0.221417
vt 0.144642 0.236376
vt 0.144642 0.251334
vt 0.144642 0.266299
vt 0.144642 0.281258
vt 0.144642 0.296217
vt 0.144642 0.311181
vt 0.144642 0.32614
vt 0.144642 0.341104
vt 0.144642 0.356063
vt 0.134565 0.371022
vt 0.134565 0.16157
vt 0.134565 0.146611
vt 0.134565 0.176534
vt 0.134565 0.191493
vt 0.134565 0.206452
vt 0.134565 0.221417
vt 0.134565 0.236376
vt 0.134565 0.251334
vt 0.134565 0.266299
vt 0.134565 0.281258
vt 0.134565 0.296217
vt 0.134565 0.311181
vt 0.134565 0.32614
vt 0.134565 0.341104
vt 0.134565 0.356063
vt 0.180049 0.837107
vt 0.164889 0.837172
vt 0.149725 0.761933
vt 0.149725 0.777309
vt 0.134565 0.777309
vt 0.134565 0.761933
vt 0.195209 0.777309
vt 0.195209 0.761933
vt 0.149725 0.700405
vt 0.134565 0.700405
vt 0.195209 0.700405
vt 0.195209 0.688847
vt 0.149725 0.715787
vt 0.134565 0.715787
vt 0.195209 0.715787
vt 0.149725 0.731169
vt 0.134565 0.731169
vt 0.195209 0.731169
vt 0.149725 0.746551
vt 0.134565 0.746551
vt 0.195209 0.746551
vt 0.195209 0.808073
vt 0.149725 0.808073
vt 0.149725 0.823455
vt 0.134565 0.823455
vt 0.134565 0.808073
vt 0.195209 0.792691
vt 0.149725 0.792691
vt 0.134565 0.792691
vt 0.195209 0.884614
vt 0.195209 0.868717
vt 0.149725 0.868717
vt 0.149725 0.884614
vt 0.134565 0.884614
vt 0.134565 0.868717
vt 0.195209 0.926193
vt 0.195209 0.916409
vt 0.134565 0.916409
vt 0.149725 0.916409
vt 0.149725 0.926193
vt 0.134565 0.926193
vt 0.195209 0.900511
vt 0.149725 0.900511
vt 0.134565 0.900511
vt 0.149725 0.85282
vt 0.134565 0.85282
vt 0.195209 0.85282
vt 0.149725 0.837242
vt 0.134565 0.837308
vt 0.211551 0.836999
vt 0.228419 0.837004
vt 0.213547 0.831423
vt 0.217381 0.829915
vt 0.225956 0.842401
vt 0.204782 0.128458
vt 0.194325 0.117518
vt 0.185364 0.107907
vt 0.175715 0.0974714
vt 0.193131 0.137619
vt 0.186829 0.128436
vt 0.176925 0.117458
vt 0.168144 0.107853
vt 0.176263 0.137619
vt 0.169662 0.128409
vt 0.1855 0.673487
vt 0.1512 0.658126
vt 0.134565 0.642766
vt 0.168149 0.673487
vt 0.26913 0.371022
vt 0.26913 0.385986
vt 0.19036 0.0494816
vt 0.200378 0.0604105
vt 0.264905 0.131305
vt 0.26913 0.146611
vt 0.186227 0.656477
vt 0.169006 0.641117
vt 0.26913 0.837308
vt 0.26913 0.85282
vt 0.26913 0.16157
vt 0.26913 0.176534
vt 0.26913 0.191493
vt 0.26913 0.206452
vt 0.26913 0.221417
vt 0.26913 0.236376
vt 0.26913 0.251334
vt 0.26913 0.266299
vt 0.26913 0.281258
vt 0.26913 0.296217
vt 0.26913 0.311181
vt 0.26913 0.32614
vt 0.26913 0.341104
vt 0.26913 0.356063
vt 0.134565 0
vt 0.155658 0.0132775
vt 0.168458 0.642766
vt 0.185402 0.658126
vt 0.214978 0.841658
vt 0.219985 0.843637
vt 0.225376 0.832052
vt 0.221406 0.830192
vt 0.220543 0.829785
vt 0.220543 0.828847
vt 0.219426 0.828847
vt 0.219426 0.829785
vt 0.220668 0.777309
vt 0.220668 0.761933
vt 0.26913 0.761933
vt 0.26913 0.777309
vt 0.219296 0.761933
vt 0.219301 0.777309
vt 0.220668 0.700405
vt 0.220668 0.687198
vt 0.26913 0.687198
vt 0.26913 0.700405
vt 0.219296 0.688847
vt 0.219296 0.700405
vt 0.220668 0.715787
vt 0.220668 0.731169
vt 0.220668 0.746551
vt 0.220668 0.808073
vt 0.220668 0.792691
vt 0.26913 0.715787
vt 0.26913 0.731169
vt 0.26913 0.746551
vt 0.219296 0.715787
vt 0.219296 0.731169
vt 0.219296 0.746551
vt 0.219301 0.792691
vt 0.219301 0.808073
vt 0.203447 0.671838
vt 0.26913 0.610397
vt 0.26913 0.625757
vt 0.26913 0.641117
vt 0.134565 0.612045
vt 0.151509 0.627406
vt 0.202352 0.673487
vt 0.2395 0.927414
vt 0.224069 0.927414
vt 0.209945 0.927414
vt 0.180049 0.927414
vt 0.164889 0.927414
vt 0.26913 0.868717
vt 0.26913 0.656477
vt 0.26913 0.595438
vt 0.26913 0.580479
vt 0.26913 0.565515
vt 0.26913 0.550556
vt 0.26913 0.535591
vt 0.26913 0.520633
vt 0.26913 0.505674
vt 0.26913 0.490709
vt 0.26913 0.47575
vt 0.26913 0.460791
vt 0.26913 0.445827
vt 0.26913 0.430868
vt 0.26913 0.415904
vt 0.26913 0.400945
vt 0.251909 0.116542
vt 0.240427 0.104116
vt 0.26913 0.823455
vt 0.26913 0.808073
vt 0.26913 0.792691
vt 0.26913 0.671838
vt 0.26913 0.884614
vt 0.26913 0.91252
vt 0.264194 0.923818
vt 0.26913 0.900511
vt 0.230415 0.093192
vt 0.220402 0.0822631
vt 0.21039 0.0713395
vt 0.169717 0.0271191
vt 0.180575 0.0385579
vt 0.252191 0.927414
vt 0.195209 0.927414
vt 0.149725 0.927414
vt 0.134565 0.927414
vt 0.212766 0.836999
vt 0.227204 0.836999
vt 0.214588 0.832052
vt 0.218564 0.830186
vt 0.224991 0.841658
vt 0.544854 0.566599
vt 0.544854 0.589178
vt 0.544854 0.548727
vt 0.544854 0.53444
vt 0.544854 0.521155
vt 0.544854 0.507724
vt 0.544854 0.494297
vt 0.544854 0.480874
vt 0.544854 0.467447
vt 0.544854 0.454024
vt 0.544854 0.438697
vt 0.544854 0.42088
vt 0.544854 0.406496
vt 0.827952 0.697864
vt 0.827952 0.711541
vt 0.827952 0.684182
vt 0.827952 0.670505
vt 0.827952 0.656828
vt 0.827952 0.643146
vt 0.827952 0.629469
vt 0.827952 0.615792
vt 0.827952 0.602111
vt 0.827952 0.588434
vt 0.827952 0.574754
vt 0.827952 0.561075
vt 0.827952 0.547398
vt 0.827952 0.533716
vt 0.827952 0.520039
vt 0.827952 0.506362
vt 0.827952 0.492681
vt 0.827952 0.479004
vt 0.827952 0.465327
vt 0.827952 0.451645
vt 0.827952 0.437968
vt 0.827952 0.424286
vt 0.827952 0.410609
vt 0.827952 0.396933
vt 0.827952 0.383251
vt 0.827952 0.369574
vt 0.827952 0.355897
vt 0.827952 0.342215
vt 0.827952 0.328538
vt 0.827952 0.314856
vt 0.827952 0.301179
vt 0.827952 0.287503
vt 0.827952 0.273459
vt 0.827952 0.259415
vt 0.827952 0.245371
vt 0.827952 0.231327
vt 0.827952 0.217283
vt 0.827952 0.205208
vt 0.827952 0.191145
vt 0.827952 0.177081
vt 0.827952 0.163017
vt 0.827952 0.148953
vt 0.827952 0.134895
vt 0.827952 0.120831
vt 0.827952 0.106767
vt 0.827952 0.0927038
vt 0.827952 0.0800385
vt 0.827952 0.0658557
vt 0.827952 0.051321
vt 0.827952 0.0367862
vt 0.827952 0.0222514
vt 0.827952 0.0112722
vt 0.827952 0
vt 0.547545 0.417911
vt 0.547545 0.406496
vt 0.547545 0.429473
vt 0.547545 0.443531
vt 0.547545 0.456397
vt 0.547545 0.469822
vt 0.547545 0.483633
vt 0.547545 0.497444
vt 0.547545 0.511259
vt 0.547545 0.525069
vt 0.818122 0.247255
vt 0.818122 0.267837
vt 0.818122 0.226669
vt 0.818122 0.206086
vt 0.818122 0.1855
vt 0.818122 0.164918
vt 0.818122 0.154516
vt 0.818122 0.140672
vt 0.818122 0.126829
vt 0.818122 0.112985
vt 0.818122 0.0991421
vt 0.818122 0.0853035
vt 0.818122 0.0714602
vt 0.818122 0.0576167
vt 0.818122 0.038921
vt 0.818122 0.0380766
vt 0.818122 0.0372205
vt 0.818122 0.0332682
vt 0.818122 0.0285239
vt 0.818122 0.0238819
vt 0.818122 0.0190369
vt 0.818122 0.0141919
vt 0.818122 0.00955003
vt 0.818122 0.00480407
vt 0.818122 0.000858128
vt 0.818122 0
vt 0.818122 0.999155
vt 0.818122 1
vt 0.818122 0.98046
vt 0.818122 0.966616
vt 0.818122 0.952773
vt 0.818122 0.938935
vt 0.818122 0.925091
vt 0.818122 0.911247
vt 0.818122 0.897404
vt 0.818122 0.883561
vt 0.818122 0.871675
vt 0.818122 0.850907
vt 0.818122 0.83014
vt 0.818122 0.809372
vt 0.818122 0.788605
vt 0.818122 0.767837
vt 0.539233 0.385986
vt 0.529774 0.385986
vt 0.529774 0.371022
vt 0.539233 0.371022
vt 0.462811 0.0682642
vt 0.452761 0.0573351
vt 0.460761 0.0502735
vt 0.470779 0.0612078
vt 0.539233 0.146611
vt 0.529665 0.146627
vt 0.525169 0.134603
vt 0.535073 0.131685
vt 0.44155 0.641117
vt 0.450407 0.641117
vt 0.467628 0.656477
vt 0.458771 0.656477
vt 0.539233 0.837301
vt 0.539233 0.852819
vt 0.529774 0.852819
vt 0.529774 0.837231
vt 0.539233 0.16157
vt 0.529774 0.16157
vt 0.539233 0.176534
vt 0.529774 0.176534
vt 0.539233 0.191493
vt 0.529774 0.191493
vt 0.539233 0.206452
vt 0.529774 0.206452
vt 0.539233 0.221416
vt 0.529774 0.221416
vt 0.539233 0.236375
vt 0.529774 0.236375
vt 0.539233 0.251334
vt 0.529774 0.251334
vt 0.539233 0.266299
vt 0.529774 0.266299
vt 0.539233 0.281257
vt 0.529774 0.281257
vt 0.539233 0.296222
vt 0.529774 0.296216
vt 0.539233 0.311181
vt 0.529774 0.311181
vt 0.539233 0.326139
vt 0.529774 0.326139
vt 0.539233 0.341104
vt 0.529774 0.341104
vt 0.539233 0.356063
vt 0.529774 0.356063
vt 0.424329 0.625757
vt 0.423109 0.625757
vt 0.415966 0.580478
vt 0.415966 0.595437
vt 0.415966 0.565514
vt 0.415966 0.550555
vt 0.415966 0.535591
vt 0.415966 0.520632
vt 0.415966 0.505673
vt 0.415966 0.490709
vt 0.415966 0.47575
vt 0.415966 0.460791
vt 0.415966 0.445827
vt 0.415966 0.430868
vt 0.415966 0.415904
vt 0.415966 0.400945
vt 0.415966 0.385986
vt 0.426553 0.0144165
vt 0.421292 0.0253727
vt 0.423744 0.128382
vt 0.430361 0.137618
vt 0.455511 0.658126
vt 0.447646 0.658126
vt 0.430702 0.642766
vt 0.438561 0.642766
vt 0.491249 0.844515
vt 0.481269 0.852819
vt 0.47872 0.847379
vt 0.485331 0.842389
vt 0.499015 0.852819
vt 0.493917 0.829914
vt 0.503946 0.827566
vt 0.497735 0.831411
vt 0.492832 0.829041
vt 0.492317 0.827718
vt 0.500133 0.808073
vt 0.500133 0.823455
vt 0.466532 0.823455
vt 0.478513 0.827566
vt 0.477277 0.836998
vt 0.466532 0.837036
vt 0.481925 0.823455
vt 0.481925 0.808073
vt 0.490272 0.827723
vt 0.489757 0.829074
vt 0.451373 0.761932
vt 0.451373 0.777309
vt 0.436213 0.777309
vt 0.436213 0.761932
vt 0.500133 0.777309
vt 0.493212 0.777309
vt 0.493212 0.761932
vt 0.500133 0.761932
vt 0.539233 0.777309
vt 0.529774 0.777309
vt 0.529774 0.761932
vt 0.539233 0.761932
vt 0.489404 0.777309
vt 0.481925 0.777309
vt 0.481925 0.761932
vt 0.489404 0.761932
vt 0.451373 0.688846
vt 0.451373 0.700404
vt 0.436213 0.700404
vt 0.436213 0.688846
vt 0.500133 0.700404
vt 0.493212 0.700404
vt 0.493212 0.687197
vt 0.500133 0.687197
vt 0.539233 0.700404
vt 0.529774 0.700404
vt 0.529774 0.687197
vt 0.539233 0.687197
vt 0.489404 0.700404
vt 0.481925 0.700404
vt 0.481925 0.688846
vt 0.489404 0.688846
vt 0.451373 0.715786
vt 0.436213 0.715786
vt 0.451373 0.731168
vt 0.436213 0.731168
vt 0.451373 0.74655
vt 0.436213 0.74655
vt 0.436213 0.823455
vt 0.436213 0.808073
vt 0.451373 0.808073
vt 0.451373 0.823455
vt 0.436213 0.792691
vt 0.451373 0.792691
vt 0.500133 0.715786
vt 0.493212 0.715786
vt 0.500133 0.731168
vt 0.493212 0.731168
vt 0.500133 0.74655
vt 0.493212 0.74655
vt 0.493212 0.792691
vt 0.500133 0.792691
vt 0.493212 0.808073
vt 0.539233 0.715786
vt 0.529774 0.715786
vt 0.539233 0.731168
vt 0.529774 0.731168
vt 0.539233 0.74655
vt 0.529774 0.74655
vt 0.510823 0.808073
vt 0.510823 0.823455
vt 0.510823 0.792691
vt 0.510823 0.777309
vt 0.489404 0.715786
vt 0.481925 0.715786
vt 0.489404 0.731168
vt 0.481925 0.731168
vt 0.489404 0.74655
vt 0.481925 0.74655
vt 0.481925 0.792691
vt 0.489404 0.792691
vt 0.489404 0.808073
vt 0.484848 0.671837
vt 0.510823 0.671837
vt 0.510823 0.687197
vt 0.475991 0.671837
vt 0.539233 0.625757
vt 0.529774 0.625757
vt 0.529774 0.610396
vt 0.539233 0.610396
vt 0.539233 0.641117
vt 0.529774 0.641117
vt 0.421618 0.627405
vt 0.413753 0.627405
vt 0.46459 0.673486
vt 0.472455 0.673486
vt 0.422399 0.673486
vt 0.43988 0.658126
vt 0.42293 0.642766
vt 0.421048 0.688846
vt 0.499015 0.868716
vt 0.510823 0.868716
vt 0.510823 0.884613
vt 0.499015 0.884613
vt 0.481269 0.868716
vt 0.481269 0.884613
vt 0.436213 0.884613
vt 0.436213 0.868716
vt 0.451373 0.868716
vt 0.451373 0.884613
vt 0.495392 0.926192
vt 0.495392 0.916408
vt 0.510818 0.916348
vt 0.510823 0.926192
vt 0.481269 0.926192
vt 0.481269 0.916408
vt 0.436213 0.926192
vt 0.436213 0.916408
vt 0.451373 0.916408
vt 0.451373 0.926192
vt 0.495392 0.900511
vt 0.510823 0.900511
vt 0.539233 0.868716
vt 0.529774 0.868716
vt 0.481269 0.900511
vt 0.436213 0.900511
vt 0.451373 0.900511
vt 0.451373 0.852819
vt 0.436213 0.852819
vt 0.510823 0.385986
vt 0.510823 0.371022
vt 0.4269 0.0756296
vt 0.510823 0.146611
vt 0.506885 0.137618
vt 0.539233 0.656477
vt 0.529774 0.656477
vt 0.510823 0.852819
vt 0.510823 0.837096
vt 0.510823 0.16157
vt 0.510823 0.176534
vt 0.510823 0.191493
vt 0.510823 0.206452
vt 0.510823 0.221416
vt 0.510823 0.236375
vt 0.510823 0.251334
vt 0.510823 0.266299
vt 0.510823 0.281257
vt 0.510823 0.296222
vt 0.510823 0.311181
vt 0.510823 0.326139
vt 0.510823 0.341104
vt 0.510823 0.356063
vt 0.529774 0.595437
vt 0.539233 0.595437
vt 0.529774 0.580478
vt 0.539233 0.580478
vt 0.529774 0.565514
vt 0.539233 0.565514
vt 0.529774 0.550555
vt 0.539233 0.550555
vt 0.529774 0.535591
vt 0.539233 0.535591
vt 0.529774 0.520632
vt 0.539233 0.520632
vt 0.529774 0.505673
vt 0.539233 0.505673
vt 0.529774 0.490709
vt 0.539233 0.490709
vt 0.529774 0.47575
vt 0.539233 0.47575
vt 0.529774 0.460791
vt 0.539233 0.460791
vt 0.529774 0.445827
vt 0.539233 0.445827
vt 0.529774 0.430868
vt 0.539233 0.430868
vt 0.529774 0.415904
vt 0.539233 0.415904
vt 0.529774 0.400945
vt 0.539233 0.400945
vt 0.513915 0.123636
vt 0.52224 0.117252
vt 0.503024 0.111969
vt 0.510834 0.104924
vt 0.529774 0.823455
vt 0.539233 0.823455
vt 0.510823 0.761932
vt 0.510823 0.700404
vt 0.510823 0.715786
vt 0.510823 0.731168
vt 0.510823 0.74655
vt 0.529774 0.808073
vt 0.539233 0.808073
vt 0.529774 0.792691
vt 0.539233 0.792691
vt 0.529774 0.671837
vt 0.539233 0.671837
vt 0.510823 0.625757
vt 0.510823 0.610396
vt 0.510823 0.641117
vt 0.539233 0.884613
vt 0.529774 0.884613
vt 0.534683 0.922927
vt 0.524339 0.91202
vt 0.528125 0.907665
vt 0.53932 0.912069
vt 0.539233 0.900511
vt 0.529638 0.900494
vt 0.492968 0.101046
vt 0.500822 0.0939947
vt 0.482917 0.0901168
vt 0.490809 0.0830657
vt 0.472894 0.0791877
vt 0.480797 0.0721421
vt 0.440178 0.0279815
vt 0.432655 0.0354773
vt 0.45096 0.0393335
vt 0.442705 0.0464116
vt 0.422035 0.107798
vt 0.430871 0.117404
vt 0.429894 0.0974226
vt 0.436951 0.0865533
vt 0.429948 0.0538531
vt 0.439999 0.0647713
vt 0.510823 0.656477
vt 0.510823 0.595437
vt 0.510823 0.580478
vt 0.510823 0.565514
vt 0.510823 0.550555
vt 0.510823 0.535591
vt 0.510823 0.520632
vt 0.510823 0.505673
vt 0.510823 0.490709
vt 0.510823 0.47575
vt 0.510823 0.460791
vt 0.510823 0.445827
vt 0.510823 0.430868
vt 0.510823 0.415904
vt 0.510823 0.400945
vt 0.51865 0.915611
vt 0.523048 0.926285
vt 0.484848 0.385986
vt 0.484848 0.371022
vt 0.50374 0.847379
vt 0.504917 0.83703
vt 0.484848 0.16157
vt 0.484848 0.146611
vt 0.484848 0.176534
vt 0.484848 0.191493
vt 0.484848 0.206452
vt 0.484848 0.221416
vt 0.484848 0.236375
vt 0.484848 0.251334
vt 0.484848 0.266299
vt 0.484848 0.281257
vt 0.484848 0.296222
vt 0.484848 0.311181
vt 0.484848 0.326139
vt 0.484848 0.341104
vt 0.484848 0.356063
vt 0.484848 0.625757
vt 0.484848 0.610396
vt 0.484848 0.641117
vt 0.499276 0.128496
vt 0.488819 0.117588
vt 0.450055 0.0756948
vt 0.479853 0.107977
vt 0.470193 0.0975419
vt 0.460105 0.0866184
vt 0.483021 0.137618
vt 0.467628 0.641117
vt 0.484848 0.656477
vt 0.415966 0.610396
vt 0.433187 0.625757
vt 0.433187 0.595437
vt 0.433187 0.610396
vt 0.484848 0.595437
vt 0.484848 0.580478
vt 0.484848 0.565514
vt 0.484848 0.550555
vt 0.484848 0.535591
vt 0.484848 0.520632
vt 0.484848 0.505673
vt 0.484848 0.490709
vt 0.484848 0.47575
vt 0.484848 0.460791
vt 0.484848 0.445827
vt 0.484848 0.430868
vt 0.484848 0.415904
vt 0.484848 0.400945
vt 0.467628 0.385986
vt 0.467628 0.371022
vt 0.467628 0.16157
vt 0.467628 0.146611
vt 0.467628 0.176534
vt 0.467628 0.191493
vt 0.467628 0.206452
vt 0.467628 0.221416
vt 0.467628 0.236375
vt 0.467628 0.251334
vt 0.467628 0.266299
vt 0.467628 0.281257
vt 0.467628 0.296222
vt 0.467628 0.311181
vt 0.467628 0.326139
vt 0.467628 0.341104
vt 0.467628 0.356063
vt 0.467628 0.625757
vt 0.467628 0.610396
vt 0.467628 0.595437
vt 0.467628 0.580478
vt 0.467628 0.565514
vt 0.467628 0.550555
vt 0.467628 0.535591
vt 0.467628 0.520632
vt 0.467628 0.505673
vt 0.467628 0.490709
vt 0.467628 0.47575
vt 0.467628 0.460791
vt 0.467628 0.445827
vt 0.467628 0.430868
vt 0.467628 0.415904
vt 0.467628 0.400945
vt 0.450407 0.385986
vt 0.450407 0.371022
vt 0.450407 0.16157
vt 0.450407 0.146611
vt 0.450407 0.176534
vt 0.450407 0.191493
vt 0.450407 0.206452
vt 0.450407 0.221416
vt 0.450407 0.236375
vt 0.450407 0.251334
vt 0.450407 0.266299
vt 0.450407 0.281257
vt 0.450407 0.296222
vt 0.450407 0.311181
vt 0.450407 0.326139
vt 0.450407 0.341104
vt 0.450407 0.356063
vt 0.450407 0.625757
vt 0.450407 0.610396
vt 0.450407 0.595437
vt 0.450407 0.580478
vt 0.450407 0.565514
vt 0.450407 0.550555
vt 0.450407 0.535591
vt 0.450407 0.520632
vt 0.450407 0.505673
vt 0.450407 0.490709
vt 0.450407 0.47575
vt 0.450407 0.460791
vt 0.450407 0.445827
vt 0.450407 0.430868
vt 0.450407 0.415904
vt 0.450407 0.400945
vt 0.433187 0.385986
vt 0.433187 0.371022
vt 0.433187 0.16157
vt 0.433187 0.146611
vt 0.433187 0.176534
vt 0.433187 0.191493
vt 0.433187 0.206452
vt 0.433187 0.221416
vt 0.433187 0.236375
vt 0.433187 0.251334
vt 0.433187 0.266299
vt 0.433187 0.281257
vt 0.433187 0.296222
vt 0.433187 0.311181
vt 0.433187 0.326139
vt 0.433187 0.341104
vt 0.433187 0.356063
vt 0.433187 0.580478
vt 0.433187 0.565514
vt 0.433187 0.550555
vt 0.433187 0.535591
vt 0.433187 0.520632
vt 0.433187 0.505673
vt 0.433187 0.490709
vt 0.433187 0.47575
vt 0.433187 0.460791
vt 0.433187 0.445827
vt 0.433187 0.430868
vt 0.433187 0.415904
vt 0.433187 0.400945
vt 0.415966 0.371022
vt 0.415966 0.16157
vt 0.415966 0.146611
vt 0.415966 0.176534
vt 0.415966 0.191493
vt 0.415966 0.206452
vt 0.415966 0.221416
vt 0.415966 0.236375
vt 0.415966 0.251334
vt 0.415966 0.266299
vt 0.415966 0.281257
vt 0.415966 0.296222
vt 0.415966 0.311181
vt 0.415966 0.326139
vt 0.415966 0.341104
vt 0.415966 0.356063
vt 0.451373 0.837106
vt 0.436213 0.837171
vt 0.421048 0.761932
vt 0.421048 0.777309
vt 0.466532 0.777309
vt 0.466532 0.761932
vt 0.421048 0.700404
vt 0.466532 0.700404
vt 0.466532 0.688846
vt 0.421048 0.715786
vt 0.466532 0.715786
vt 0.421048 0.731168
vt 0.466532 0.731168
vt 0.421048 0.74655
vt 0.466532 0.74655
vt 0.466532 0.808073
vt 0.421048 0.808073
vt 0.421048 0.823455
vt 0.466532 0.792691
vt 0.421048 0.792691
vt 0.466532 0.884613
vt 0.466532 0.868716
vt 0.421048 0.868716
vt 0.421048 0.884613
vt 0.466532 0.926192
vt 0.466532 0.916408
vt 0.421048 0.916408
vt 0.421048 0.926192
vt 0.466532 0.900511
vt 0.421048 0.900511
vt 0.421048 0.852819
vt 0.466532 0.852819
vt 0.421048 0.837242
vt 0.482874 0.836998
vt 0.499742 0.837003
vt 0.48487 0.831422
vt 0.488705 0.829914
vt 0.49728 0.8424
vt 0.476105 0.128458
vt 0.465648 0.117518
vt 0.456688 0.107907
vt 0.447039 0.0974713
vt 0.464455 0.137618
vt 0.458152 0.128436
vt 0.448249 0.117458
vt 0.439467 0.107853
vt 0.447587 0.137618
vt 0.440986 0.128409
vt 0.456823 0.673486
vt 0.422523 0.658126
vt 0.439473 0.673486
vt 0.540453 0.371022
vt 0.540453 0.385986
vt 0.461683 0.0494815
vt 0.471701 0.0604105
vt 0.536228 0.131305
vt 0.540453 0.146611
vt 0.45755 0.656477
vt 0.44033 0.641117
vt 0.540453 0.837307
vt 0.540453 0.852819
vt 0.540453 0.16157
vt 0.540453 0.176534
vt 0.540453 0.191493
vt 0.540453 0.206452
vt 0.540453 0.221416
vt 0.540453 0.236375
vt 0.540453 0.251334
vt 0.540453 0.266299
vt 0.540453 0.281257
vt 0.540453 0.296222
vt 0.540453 0.311181
vt 0.540453 0.326139
vt 0.540453 0.341104
vt 0.540453 0.356063
vt 0.426982 0.0132775
vt 0.439782 0.642766
vt 0.456726 0.658126
vt 0.486302 0.841657
vt 0.491308 0.843637
vt 0.496699 0.832051
vt 0.492729 0.830191
vt 0.491867 0.829784
vt 0.491867 0.828846
vt 0.49075 0.828846
vt 0.49075 0.829784
vt 0.491992 0.777309
vt 0.491992 0.761932
vt 0.540453 0.761932
vt 0.540453 0.777309
vt 0.490619 0.761932
vt 0.490625 0.777309
vt 0.491992 0.700404
vt 0.491992 0.687197
vt 0.540453 0.687197
vt 0.540453 0.700404
vt 0.490619 0.688846
vt 0.490619 0.700404
vt 0.491992 0.715786
vt 0.491992 0.731168
vt 0.491992 0.74655
vt 0.491992 0.808073
vt 0.491992 0.792691
vt 0.540453 0.715786
vt 0.540453 0.731168
vt 0.540453 0.74655
vt 0.490619 0.715786
vt 0.490619 0.731168
vt 0.490619 0.74655
vt 0.490625 0.792691
vt 0.490625 0.808073
vt 0.474771 0.671837
vt 0.540453 0.610396
vt 0.540453 0.625757
vt 0.540453 0.641117
vt 0.422832 0.627405
vt 0.473675 0.673486
vt 0.510823 0.927413
vt 0.495392 0.927413
vt 0.481269 0.927413
vt 0.451373 0.927413
vt 0.436213 0.927413
vt 0.540453 0.868716
vt 0.540453 0.656477
vt 0.540453 0.595437
vt 0.540453 0.580478
vt 0.540453 0.565514
vt 0.540453 0.550555
vt 0.540453 0.535591
vt 0.540453 0.520632
vt 0.540453 0.505673
vt 0.540453 0.490709
vt 0.540453 0.47575
vt 0.540453 0.460791
vt 0.540453 0.445827
vt 0.540453 0.430868
vt 0.540453 0.415904
vt 0.540453 0.400945
vt 0.523233 0.116541
vt 0.51175 0.104116
vt 0.540453 0.823455
vt 0.540453 0.808073
vt 0.540453 0.792691
vt 0.540453 0.671837
vt 0.540453 0.884613
vt 0.540453 0.912519
vt 0.535518 0.923817
vt 0.540453 0.900511
vt 0.501738 0.0931919
vt 0.491726 0.082263
vt 0.481713 0.0713395
vt 0.44104 0.0271191
vt 0.451899 0.0385579
vt 0.523515 0.927413
vt 0.466532 0.927413
vt 0.421048 0.927413
vt 0.484089 0.836998
vt 0.498527 0.836998
vt 0.485911 0.832051
vt 0.489887 0.830185
vt 0.496314 0.841657
vt 0.543748 0.611756
vt 0.542647 0.611756
vt 0.543748 0.629628
vt 0.542647 0.629628
vt 0.543748 0.643916
vt 0.542647 0.643916
vt 0.543748 0.657201
vt 0.542647 0.657201
vt 0.543748 0.670631
vt 0.542647 0.670631
vt 0.543748 0.684058
vt 0.542647 0.684058
vt 0.543748 0.697481
vt 0.542647 0.697481
vt 0.543748 0.710908
vt 0.542647 0.710908
vt 0.543748 0.724332
vt 0.542647 0.724332
vt 0.543748 0.739658
vt 0.542647 0.739658
vt 0.543748 0.757476
vt 0.542647 0.757476
vt 0.821943 0.711571
vt 0.823054 0.711571
vt 0.823054 0.726089
vt 0.821943 0.726089
vt 0.821943 0.697893
vt 0.823054 0.697893
vt 0.821943 0.684211
vt 0.823054 0.684211
vt 0.821943 0.670533
vt 0.823054 0.670533
vt 0.821943 0.656856
vt 0.823054 0.656856
vt 0.821943 0.643174
vt 0.823054 0.643174
vt 0.821943 0.629496
vt 0.823054 0.629496
vt 0.821943 0.615818
vt 0.823054 0.615818
vt 0.821943 0.602136
vt 0.823054 0.602136
vt 0.821943 0.588459
vt 0.823054 0.588459
vt 0.821943 0.574779
vt 0.823054 0.574779
vt 0.821943 0.561099
vt 0.823054 0.561099
vt 0.821943 0.547421
vt 0.823054 0.547421
vt 0.821943 0.533739
vt 0.823054 0.533739
vt 0.821943 0.520061
vt 0.823054 0.520061
vt 0.821943 0.506384
vt 0.823054 0.506384
vt 0.821943 0.492702
vt 0.823054 0.492702
vt 0.821943 0.479024
vt 0.823054 0.479024
vt 0.821943 0.465347
vt 0.823054 0.465347
vt 0.821943 0.451664
vt 0.823054 0.451664
vt 0.821943 0.437987
vt 0.823054 0.437987
vt 0.821943 0.424304
vt 0.823054 0.424304
vt 0.821943 0.410627
vt 0.823054 0.410627
vt 0.821943 0.396949
vt 0.823054 0.396949
vt 0.821943 0.383267
vt 0.823054 0.383267
vt 0.821943 0.369589
vt 0.823054 0.369589
vt 0.821943 0.355912
vt 0.823054 0.355912
vt 0.821943 0.34223
vt 0.823054 0.34223
vt 0.821943 0.328552
vt 0.823054 0.328552
vt 0.821943 0.31487
vt 0.823054 0.31487
vt 0.821943 0.301192
vt 0.823054 0.301192
vt 0.821943 0.287515
vt 0.823054 0.287515
vt 0.821943 0.27347
vt 0.823054 0.27347
vt 0.821943 0.259426
vt 0.823054 0.259426
vt 0.821943 0.245381
vt 0.823054 0.245381
vt 0.821943 0.231337
vt 0.823054 0.231337
vt 0.821943 0.217293
vt 0.823054 0.217293
vt 0.821943 0.205217
vt 0.823054 0.205217
vt 0.821943 0.191153
vt 0.823054 0.191153
vt 0.821943 0.177088
vt 0.823054 0.177088
vt 0.821943 0.163024
vt 0.823054 0.163024
vt 0.821943 0.14896
vt 0.823054 0.14896
vt 0.821943 0.134901
vt 0.823054 0.134901
vt 0.821943 0.120836
vt 0.823054 0.120836
vt 0.821943 0.106772
vt 0.823054 0.106772
vt 0.821943 0.0927077
vt 0.823054 0.0927077
vt 0.821943 0.0800419
vt 0.823054 0.0800419
vt 0.821943 0.0658585
vt 0.823054 0.0658585
vt 0.821943 0.0513232
vt 0.823054 0.0513232
vt 0.821943 0.0367878
vt 0.823054 0.0367878
vt 0.821943 0.0222524
vt 0.823054 0.0222524
vt 0.821943 0.0112727
vt 0.823054 0.0112727
vt 0.821943 0
vt 0.823054 0
vt 0.548657 0.632228
vt 0.549763 0.632228
vt 0.549763 0.643643
vt 0.548657 0.643643
vt 0.548657 0.620666
vt 0.549763 0.620666
vt 0.548657 0.606608
vt 0.549763 0.606608
vt 0.548657 0.593741
vt 0.549763 0.593741
vt 0.548657 0.580316
vt 0.549763 0.580316
vt 0.548657 0.566506
vt 0.549763 0.566506
vt 0.548657 0.552695
vt 0.549763 0.552695
vt 0.548657 0.53888
vt 0.549763 0.53888
vt 0.817023 0.288419
vt 0.81593 0.288419
vt 0.817023 0.309006
vt 0.81593 0.309006
vt 0.817023 0.329588
vt 0.81593 0.329588
vt 0.817023 0.350174
vt 0.81593 0.350174
vt 0.817023 0.370757
vt 0.81593 0.370757
vt 0.817023 0.381159
vt 0.81593 0.381159
vt 0.817023 0.395002
vt 0.81593 0.395002
vt 0.817023 0.408845
vt 0.81593 0.408845
vt 0.817023 0.422689
vt 0.81593 0.422689
vt 0.817023 0.436532
vt 0.81593 0.436532
vt 0.817023 0.450371
vt 0.81593 0.450371
vt 0.817023 0.464214
vt 0.81593 0.464214
vt 0.817023 0.478058
vt 0.81593 0.478058
vt 0.817023 0.496753
vt 0.81593 0.496753
vt 0.817023 0.497598
vt 0.81593 0.497598
vt 0.817023 0.498454
vt 0.81593 0.498454
vt 0.817023 0.502406
vt 0.81593 0.502406
vt 0.817023 0.50715
vt 0.81593 0.50715
vt 0.817023 0.511792
vt 0.81593 0.511792
vt 0.817023 0.516637
vt 0.81593 0.516637
vt 0.817023 0.521482
vt 0.81593 0.521482
vt 0.817023 0.526124
vt 0.81593 0.526124
vt 0.817023 0.53087
vt 0.81593 0.53087
vt 0.817023 0.534816
vt 0.81593 0.534816
vt 0.817023 0.535674
vt 0.81593 0.535674
vt 0.817023 0.536519
vt 0.81593 0.536519
vt 0.817023 0.555215
vt 0.81593 0.555215
vt 0.817023 0.569058
vt 0.81593 0.569058
vt 0.817023 0.582901
vt 0.81593 0.582901
vt 0.817023 0.59674
vt 0.81593 0.59674
vt 0.817023 0.610583
vt 0.81593 0.610583
vt 0.817023 0.624426
vt 0.81593 0.624426
vt 0.817023 0.63827
vt 0.81593 0.63827
vt 0.817023 0.652113
vt 0.81593 0.652113
vt 0.817023 0.663999
vt 0.81593 0.663999
vt 0.817023 0.684767
vt 0.81593 0.684767
vt 0.817023 0.705534
vt 0.81593 0.705534
vt 0.817023 0.726302
vt 0.81593 0.726302
vt 0.817023 0.747069
vt 0.81593 0.747069
vt 0.00122032 0.385986
vt 0.00122032 0.371022
vt 0.0106795 0.371022
vt 0.0106795 0.385986
vt 0.077642 0.0682642
vt 0.0696744 0.0612078
vt 0.0796922 0.0502789
vt 0.0876923 0.0573352
vt 0.00122032 0.146611
vt 0.00538042 0.131685
vt 0.0152843 0.134597
vt 0.0107879 0.146628
vt 0.0989033 0.641117
vt 0.0816827 0.656477
vt 0.0728256 0.656477
vt 0.0900462 0.641117
vt 0.00122032 0.837302
vt 0.0106795 0.837232
vt 0.0106795 0.85282
vt 0.00122032 0.85282
vt 0.00122032 0.16157
vt 0.0106795 0.16157
vt 0.00122032 0.176534
vt 0.0106795 0.176534
vt 0.00122032 0.191493
vt 0.0106795 0.191493
vt 0.00122032 0.206452
vt 0.0106795 0.206452
vt 0.00122032 0.221417
vt 0.0106795 0.221417
vt 0.00122032 0.236376
vt 0.0106795 0.236376
vt 0.00122032 0.251334
vt 0.0106795 0.251334
vt 0.00122032 0.266299
vt 0.0106795 0.266299
vt 0.00122032 0.281258
vt 0.0106795 0.281258
vt 0.00122032 0.296217
vt 0.0106795 0.296217
vt 0.00122032 0.311181
vt 0.0106795 0.311181
vt 0.00122032 0.32614
vt 0.0106795 0.32614
vt 0.00122032 0.341104
vt 0.0106795 0.341104
vt 0.00122032 0.356063
vt 0.0106795 0.356063
vt 0.116124 0.625757
vt 0.117344 0.625757
vt 0.124487 0.595438
vt 0.124487 0.580479
vt 0.124487 0.565515
vt 0.124487 0.550556
vt 0.124487 0.535591
vt 0.124487 0.520633
vt 0.124487 0.505674
vt 0.124487 0.490709
vt 0.124487 0.47575
vt 0.124487 0.460791
vt 0.124487 0.445827
vt 0.124487 0.430868
vt 0.124487 0.415904
vt 0.124487 0.400945
vt 0.124487 0.385986
vt 0.1139 0.0144165
vt 0.119161 0.0253727
vt 0.110093 0.137619
vt 0.11671 0.128382
vt 0.0849424 0.658126
vt 0.101892 0.642766
vt 0.109751 0.642766
vt 0.092807 0.658126
vt 0.0492049 0.844516
vt 0.0551223 0.84239
vt 0.0617339 0.84738
vt 0.0591847 0.85282
vt 0.0414379 0.85282
vt 0.0465363 0.829915
vt 0.042718 0.831412
vt 0.0365077 0.827567
vt 0.0476211 0.829042
vt 0.0403207 0.823455
vt 0.0403207 0.808073
vt 0.0481364 0.827718
vt 0.0739212 0.823455
vt 0.0739212 0.837036
vt 0.0631766 0.836999
vt 0.06194 0.827567
vt 0.0585284 0.823455
vt 0.0506964 0.829074
vt 0.0501812 0.827724
vt 0.0585284 0.808073
vt 0.0890808 0.761933
vt 0.10424 0.761933
vt 0.10424 0.777309
vt 0.0890808 0.777309
vt 0.0403207 0.777309
vt 0.0403207 0.761933
vt 0.0472414 0.761933
vt 0.0472414 0.777309
vt 0.00122032 0.777309
vt 0.00122032 0.761933
vt 0.0106795 0.761933
vt 0.0106795 0.777309
vt 0.051049 0.777309
vt 0.051049 0.761933
vt 0.0585284 0.761933
vt 0.0585284 0.777309
vt 0.0890808 0.688847
vt 0.10424 0.688847
vt 0.10424 0.700405
vt 0.0890808 0.700405
vt 0.0403207 0.700405
vt 0.0403207 0.687198
vt 0.0472414 0.687198
vt 0.0472414 0.700405
vt 0.00122032 0.700405
vt 0.00122032 0.687198
vt 0.0106795 0.687198
vt 0.0106795 0.700405
vt 0.051049 0.700405
vt 0.051049 0.688847
vt 0.0585284 0.688847
vt 0.0585284 0.700405
vt 0.10424 0.715787
vt 0.0890808 0.715787
vt 0.10424 0.731169
vt 0.0890808 0.731169
vt 0.10424 0.746551
vt 0.0890808 0.746551
vt 0.10424 0.823455
vt 0.0890808 0.823455
vt 0.0890808 0.808073
vt 0.10424 0.808073
vt 0.0890808 0.792691
vt 0.10424 0.792691
vt 0.0403207 0.715787
vt 0.0472414 0.715787
vt 0.0403207 0.731169
vt 0.0472414 0.731169
vt 0.0403207 0.746551
vt 0.0472414 0.746551
vt 0.0472414 0.792691
vt 0.0472414 0.808073
vt 0.0403207 0.792691
vt 0.00122032 0.715787
vt 0.0106795 0.715787
vt 0.00122032 0.731169
vt 0.0106795 0.731169
vt 0.00122032 0.746551
vt 0.0106795 0.746551
vt 0.0296303 0.823455
vt 0.0296303 0.808073
vt 0.0296303 0.792691
vt 0.0296303 0.777309
vt 0.051049 0.715787
vt 0.0585284 0.715787
vt 0.051049 0.731169
vt 0.0585284 0.731169
vt 0.051049 0.746551
vt 0.0585284 0.746551
vt 0.0585284 0.792691
vt 0.051049 0.808073
vt 0.051049 0.792691
vt 0.0296303 0.687198
vt 0.0296303 0.671838
vt 0.0556049 0.671838
vt 0.0644621 0.671838
vt 0.00122032 0.625757
vt 0.00122032 0.610397
vt 0.0106795 0.610397
vt 0.0106795 0.625757
vt 0.00122032 0.641117
vt 0.0106795 0.641117
vt 0.118836 0.627406
vt 0.1267 0.627406
vt 0.0679984 0.673487
vt 0.0758629 0.673487
vt 0.118055 0.673487
vt 0.117523 0.642766
vt 0.100574 0.658126
vt 0.119405 0.688847
vt 0.0414379 0.868717
vt 0.0414379 0.884614
vt 0.0296303 0.884614
vt 0.0296303 0.868717
vt 0.0591847 0.868717
vt 0.0591847 0.884614
vt 0.10424 0.884614
vt 0.0890808 0.884614
vt 0.0890808 0.868717
vt 0.10424 0.868717
vt 0.0450611 0.926193
vt 0.0296303 0.926193
vt 0.0296357 0.916349
vt 0.0450611 0.916409
vt 0.0591847 0.926193
vt 0.0591847 0.916409
vt 0.10424 0.926193
vt 0.0890808 0.926193
vt 0.0890808 0.916409
vt 0.10424 0.916409
vt 0.0450611 0.900511
vt 0.0296303 0.900511
vt 0.00122032 0.868717
vt 0.0106795 0.868717
vt 0.0591847 0.900511
vt 0.0890808 0.900511
vt 0.10424 0.900511
vt 0.0890808 0.85282
vt 0.10424 0.85282
vt 0.0296303 0.371022
vt 0.0296303 0.385986
vt 0.113553 0.0756297
vt 0.033568 0.137619
vt 0.0296303 0.146611
vt 0.00122032 0.656477
vt 0.0106795 0.656477
vt 0.0296303 0.837096
vt 0.0296303 0.85282
vt 0.0296303 0.16157
vt 0.0296303 0.176534
vt 0.0296303 0.191493
vt 0.0296303 0.206452
vt 0.0296303 0.221417
vt 0.0296303 0.236376
vt 0.0296303 0.251334
vt 0.0296303 0.266299
vt 0.0296303 0.281258
vt 0.0296303 0.296217
vt 0.0296303 0.311181
vt 0.0296303 0.32614
vt 0.0296303 0.341104
vt 0.0296303 0.356063
vt 0.00122032 0.595438
vt 0.0106795 0.595438
vt 0.00122032 0.580479
vt 0.0106795 0.580479
vt 0.00122032 0.565515
vt 0.0106795 0.565515
vt 0.00122032 0.550556
vt 0.0106795 0.550556
vt 0.00122032 0.535591
vt 0.0106795 0.535591
vt 0.00122032 0.520633
vt 0.0106795 0.520633
vt 0.00122032 0.505674
vt 0.0106795 0.505674
vt 0.00122032 0.490709
vt 0.0106795 0.490709
vt 0.00122032 0.47575
vt 0.0106795 0.47575
vt 0.00122032 0.460791
vt 0.0106795 0.460791
vt 0.00122032 0.445827
vt 0.0106795 0.445827
vt 0.00122032 0.430868
vt 0.0106795 0.430868
vt 0.00122032 0.415904
vt 0.0106795 0.415904
vt 0.00122032 0.400945
vt 0.0106795 0.400945
vt 0.0182132 0.117252
vt 0.0265387 0.123636
vt 0.0296194 0.104924
vt 0.0374297 0.111969
vt 0.00122032 0.823455
vt 0.0106795 0.823455
vt 0.0296303 0.761933
vt 0.0296303 0.700405
vt 0.0296303 0.715787
vt 0.0296303 0.731169
vt 0.0296303 0.746551
vt 0.00122032 0.808073
vt 0.0106795 0.808073
vt 0.00122032 0.792691
vt 0.0106795 0.792691
vt 0.00122032 0.671838
vt 0.0106795 0.671838
vt 0.0296303 0.610397
vt 0.0296303 0.625757
vt 0.0296303 0.641117
vt 0.00122032 0.884614
vt 0.0106795 0.884614
vt 0.00577089 0.922928
vt 0.00113356 0.91207
vt 0.0123283 0.907666
vt 0.0161141 0.912021
vt 0.00122032 0.900511
vt 0.0108151 0.900495
vt 0.0396318 0.0939948
vt 0.0474855 0.101046
vt 0.0496442 0.0830658
vt 0.0575358 0.0901168
vt 0.0596566 0.0721421
vt 0.0675591 0.0791877
vt 0.100276 0.0279815
vt 0.107798 0.0354773
vt 0.089493 0.0393335
vt 0.0977481 0.0464117
vt 0.109583 0.117404
vt 0.118418 0.107798
vt 0.110559 0.0974226
vt 0.103503 0.0865534
vt 0.110505 0.0538531
vt 0.100455 0.0647713
vt 0.0296303 0.656477
vt 0.0296303 0.595438
vt 0.0296303 0.580479
vt 0.0296303 0.565515
vt 0.0296303 0.550556
vt 0.0296303 0.535591
vt 0.0296303 0.520633
vt 0.0296303 0.505674
vt 0.0296303 0.490709
vt 0.0296303 0.47575
vt 0.0296303 0.460791
vt 0.0296303 0.445827
vt 0.0296303 0.430868
vt 0.0296303 0.415904
vt 0.0296303 0.400945
vt 0.017405 0.926285
vt 0.0218037 0.915611
vt 0.0556049 0.371022
vt 0.0556049 0.385986
vt 0.0355369 0.837031
vt 0.0367138 0.84738
vt 0.0556049 0.146611
vt 0.0556049 0.16157
vt 0.0556049 0.176534
vt 0.0556049 0.191493
vt 0.0556049 0.206452
vt 0.0556049 0.221417
vt 0.0556049 0.236376
vt 0.0556049 0.251334
vt 0.0556049 0.266299
vt 0.0556049 0.281258
vt 0.0556049 0.296217
vt 0.0556049 0.311181
vt 0.0556049 0.32614
vt 0.0556049 0.341104
vt 0.0556049 0.356063
vt 0.0556049 0.610397
vt 0.0556049 0.625757
vt 0.0556049 0.641117
vt 0.0411776 0.128496
vt 0.0516347 0.117588
vt 0.0903988 0.0756948
vt 0.0606003 0.107977
vt 0.0702602 0.0975419
vt 0.0803484 0.0866185
vt 0.0574328 0.137619
vt 0.0556049 0.656477
vt 0.0728256 0.641117
vt 0.124487 0.610397
vt 0.107267 0.625757
vt 0.107267 0.610397
vt 0.107267 0.595438
vt 0.0556049 0.595438
vt 0.0556049 0.580479
vt 0.0556049 0.565515
vt 0.0556049 0.550556
vt 0.0556049 0.535591
vt 0.0556049 0.520633
vt 0.0556049 0.505674
vt 0.0556049 0.490709
vt 0.0556049 0.47575
vt 0.0556049 0.460791
vt 0.0556049 0.445827
vt 0.0556049 0.430868
vt 0.0556049 0.415904
vt 0.0556049 0.400945
vt 0.0728256 0.371022
vt 0.0728256 0.385986
vt 0.0728256 0.146611
vt 0.0728256 0.16157
vt 0.0728256 0.176534
vt 0.0728256 0.191493
vt 0.0728256 0.206452
vt 0.0728256 0.221417
vt 0.0728256 0.236376
vt 0.0728256 0.251334
vt 0.0728256 0.266299
vt 0.0728256 0.281258
vt 0.0728256 0.296217
vt 0.0728256 0.311181
vt 0.0728256 0.32614
vt 0.0728256 0.341104
vt 0.0728256 0.356063
vt 0.0728256 0.610397
vt 0.0728256 0.625757
vt 0.0728256 0.595438
vt 0.0728256 0.580479
vt 0.0728256 0.565515
vt 0.0728256 0.550556
vt 0.0728256 0.535591
vt 0.0728256 0.520633
vt 0.0728256 0.505674
vt 0.0728256 0.490709
vt 0.0728256 0.47575
vt 0.0728256 0.460791
vt 0.0728256 0.445827
vt 0.0728256 0.430868
vt 0.0728256 0.415904
vt 0.0728256 0.400945
vt 0.0900462 0.371022
vt 0.0900462 0.385986
vt 0.0900462 0.146611
vt 0.0900462 0.16157
vt 0.0900462 0.176534
vt 0.0900462 0.191493
vt 0.0900462 0.206452
vt 0.0900462 0.221417
vt 0.0900462 0.236376
vt 0.0900462 0.251334
vt 0.0900462 0.266299
vt 0.0900462 0.281258
vt 0.0900462 0.296217
vt 0.0900462 0.311181
vt 0.0900462 0.32614
vt 0.0900462 0.341104
vt 0.0900462 0.356063
vt 0.0900462 0.610397
vt 0.0900462 0.625757
vt 0.0900462 0.595438
vt 0.0900462 0.580479
vt 0.0900462 0.565515
vt 0.0900462 0.550556
vt 0.0900462 0.535591
vt 0.0900462 0.520633
vt 0.0900462 0.505674
vt 0.0900462 0.490709
vt 0.0900462 0.47575
vt 0.0900462 0.460791
vt 0.0900462 0.445827
vt 0.0900462 0.430868
vt 0.0900462 0.415904
vt 0.0900462 0.400945
vt 0.107267 0.371022
vt 0.107267 0.385986
vt 0.107267 0.146611
vt 0.107267 0.16157
vt 0.107267 0.176534
vt 0.107267 0.191493
vt 0.107267 0.206452
vt 0.107267 0.221417
vt 0.107267 0.236376
vt 0.107267 0.251334
vt 0.107267 0.266299
vt 0.107267 0.281258
vt 0.107267 0.296217
vt 0.107267 0.311181
vt 0.107267 0.32614
vt 0.107267 0.341104
vt 0.107267 0.356063
vt 0.107267 0.580479
vt 0.107267 0.565515
vt 0.107267 0.550556
vt 0.107267 0.535591
vt 0.107267 0.520633
vt 0.107267 0.505674
vt 0.107267 0.490709
vt 0.107267 0.47575
vt 0.107267 0.460791
vt 0.107267 0.445827
vt 0.107267 0.430868
vt 0.107267 0.415904
vt 0.107267 0.400945
vt 0.124487 0.371022
vt 0.124487 0.146611
vt 0.124487 0.16157
vt 0.124487 0.176534
vt 0.124487 0.191493
vt 0.124487 0.206452
vt 0.124487 0.221417
vt 0.124487 0.236376
vt 0.124487 0.251334
vt 0.124487 0.266299
vt 0.124487 0.281258
vt 0.124487 0.296217
vt 0.124487 0.311181
vt 0.124487 0.32614
vt 0.124487 0.341104
vt 0.124487 0.356063
vt 0.10424 0.837172
vt 0.0890808 0.837107
vt 0.119405 0.761933
vt 0.119405 0.777309
vt 0.0739212 0.777309
vt 0.0739212 0.761933
vt 0.119405 0.700405
vt 0.0739212 0.700405
vt 0.0739212 0.688847
vt 0.119405 0.715787
vt 0.0739212 0.715787
vt 0.119405 0.731169
vt 0.0739212 0.731169
vt 0.119405 0.746551
vt 0.0739212 0.746551
vt 0.0739212 0.808073
vt 0.119405 0.808073
vt 0.119405 0.823455
vt 0.0739212 0.792691
vt 0.119405 0.792691
vt 0.0739212 0.884614
vt 0.0739212 0.868717
vt 0.119405 0.868717
vt 0.119405 0.884614
vt 0.0739212 0.926193
vt 0.0739212 0.916409
vt 0.119405 0.926193
vt 0.119405 0.916409
vt 0.0739212 0.900511
vt 0.119405 0.900511
vt 0.119405 0.85282
vt 0.0739212 0.85282
vt 0.119405 0.837242
vt 0.0575792 0.836999
vt 0.0407111 0.837004
vt 0.0555833 0.831423
vt 0.0517486 0.829915
vt 0.0431736 0.842401
vt 0.0643482 0.128458
vt 0.0748053 0.117518
vt 0.0837654 0.107907
vt 0.0934144 0.0974714
vt 0.0759985 0.137619
vt 0.082301 0.128436
vt 0.0922049 0.117458
vt 0.100986 0.107853
vt 0.0928666 0.137619
vt 0.0994674 0.128409
vt 0.0836299 0.673487
vt 0.11793 0.658126
vt 0.100981 0.673487
vt 0 0.385986
vt 0 0.371022
vt 0.0687523 0.0604105
vt 0.0787701 0.0494816
vt 0 0.146611
vt 0.00422514 0.131305
vt 0.100124 0.641117
vt 0.0829031 0.656477
vt 0 0.85282
vt 0 0.837308
vt 0 0.16157
vt 0 0.176534
vt 0 0.191493
vt 0 0.206452
vt 0 0.221417
vt 0 0.236376
vt 0 0.251334
vt 0 0.266299
vt 0 0.281258
vt 0 0.296217
vt 0 0.311181
vt 0 0.32614
vt 0 0.341104
vt 0 0.356063
vt 0.113472 0.0132775
vt 0.0837275 0.658126
vt 0.100671 0.642766
vt 0.0491452 0.843637
vt 0.0541514 0.841658
vt 0.0477241 0.830192
vt 0.0437539 0.832052
vt 0.0485865 0.828847
vt 0.0485865 0.829785
vt 0.0497039 0.829785
vt 0.0497039 0.828847
vt 0.0484618 0.761933
vt 0.0484618 0.777309
vt 0 0.777309
vt 0 0.761933
vt 0.0498286 0.777309
vt 0.049834 0.761933
vt 0.0484618 0.687198
vt 0.0484618 0.700405
vt 0 0.700405
vt 0 0.687198
vt 0.049834 0.700405
vt 0.049834 0.688847
vt 0.0484618 0.715787
vt 0.0484618 0.731169
vt 0.0484618 0.746551
vt 0.0484618 0.792691
vt 0.0484618 0.808073
vt 0 0.715787
vt 0 0.731169
vt 0 0.746551
vt 0.049834 0.715787
vt 0.049834 0.731169
vt 0.049834 0.746551
vt 0.0498286 0.808073
vt 0.0498286 0.792691
vt 0.0656824 0.671838
vt 0 0.625757
vt 0 0.610397
vt 0 0.641117
vt 0.117621 0.627406
vt 0.0667781 0.673487
vt 0.0450611 0.927414
vt 0.0296303 0.927414
vt 0.0591847 0.927414
vt 0.10424 0.927414
vt 0.0890808 0.927414
vt 0 0.868717
vt 0 0.656477
vt 0 0.595438
vt 0 0.580479
vt 0 0.565515
vt 0 0.550556
vt 0 0.535591
vt 0 0.520633
vt 0 0.505674
vt 0 0.490709
vt 0 0.47575
vt 0 0.460791
vt 0 0.445827
vt 0 0.430868
vt 0 0.415904
vt 0 0.400945
vt 0.0172206 0.116542
vt 0.0287028 0.104116
vt 0 0.823455
vt 0 0.808073
vt 0 0.792691
vt 0 0.671838
vt 0 0.884614
vt 0.00493565 0.923818
vt 0 0.91252
vt 0 0.900511
vt 0.0387152 0.093192
vt 0.0487276 0.0822631
vt 0.0587399 0.0713395
vt 0.0994132 0.0271191
vt 0.0885547 0.0385579
vt 0.0169386 0.927414
vt 0.0739212 0.927414
vt 0.119405 0.927414
vt 0.0563643 0.836999
vt 0.0419261 0.836999
vt 0.0545419 0.832052
vt 0.0505662 0.830186
vt 0.044139 0.841658
vt 0.544854 0.611756
vt 0.544854 0.629628
vt 0.544854 0.643916
vt 0.544854 0.657201
vt 0.544854 0.670631
vt 0.544854 0.684058
vt 0.544854 0.697481
vt 0.544854 0.710908
vt 0.544854 0.724332
vt 0.544854 0.739658
vt 0.544854 0.757476
vt 0.820827 0.726089
vt 0.820827 0.711571
vt 0.820827 0.697893
vt 0.820827 0.684211
vt 0.820827 0.670533
vt 0.820827 0.656856
vt 0.820827 0.643174
vt 0.820827 0.629496
vt 0.820827 0.615818
vt 0.820827 0.602136
vt 0.820827 0.588459
vt 0.820827 0.574779
vt 0.820827 0.561099
vt 0.820827 0.547421
vt 0.820827 0.533739
vt 0.820827 0.520061
vt 0.820827 0.506384
vt 0.820827 0.492702
vt 0.820827 0.479024
vt 0.820827 0.465347
vt 0.820827 0.451664
vt 0.820827 0.437987
vt 0.820827 0.424304
vt 0.820827 0.410627
vt 0.820827 0.396949
vt 0.820827 0.383267
vt 0.820827 0.369589
vt 0.820827 0.355912
vt 0.820827 0.34223
vt 0.820827 0.328552
vt 0.820827 0.31487
vt 0.820827 0.301192
vt 0.820827 0.287515
vt 0.820827 0.27347
vt 0.820827 0.259426
vt 0.820827 0.245381
vt 0.820827 0.231337
vt 0.820827 0.217293
vt 0.820827 0.205217
vt 0.820827 0.191153
vt 0.820827 0.177088
vt 0.820827 0.163024
vt 0.820827 0.14896
vt 0.820827 0.134901
vt 0.820827 0.120836
vt 0.820827 0.106772
vt 0.820827 0.0927077
vt 0.820827 0.0800419
vt 0.820827 0.0658585
vt 0.820827 0.0513232
vt 0.820827 0.0367878
vt 0.820827 0.0222524
vt 0.820827 0.0112727
vt 0.820827 0
vt 0.547545 0.643643
vt 0.547545 0.632228
vt 0.547545 0.620666
vt 0.547545 0.606608
vt 0.547545 0.593741
vt 0.547545 0.580316
vt 0.547545 0.566506
vt 0.547545 0.552695
vt 0.547545 0.53888
vt 0.818122 0.288419
vt 0.818122 0.309006
vt 0.818122 0.329588
vt 0.818122 0.350174
vt 0.818122 0.370757
vt 0.818122 0.381159
vt 0.818122 0.395002
vt 0.818122 0.408845
vt 0.818122 0.422689
vt 0.818122 0.436532
vt 0.818122 0.450371
vt 0.818122 0.464214
vt 0.818122 0.478058
vt 0.818122 0.496753
vt 0.818122 0.497598
vt 0.818122 0.498454
vt 0.818122 0.502406
vt 0.818122 0.50715
vt 0.818122 0.511792
vt 0.818122 0.516637
vt 0.818122 0.521482
vt 0.818122 0.526124
vt 0.818122 0.53087
vt 0.818122 0.534816
vt 0.818122 0.535674
vt 0.818122 0.536519
vt 0.818122 0.555215
vt 0.818122 0.569058
vt 0.818122 0.582901
vt 0.818122 0.59674
vt 0.818122 0.610583
vt 0.818122 0.624426
vt 0.818122 0.63827
vt 0.818122 0.652113
vt 0.818122 0.663999
vt 0.818122 0.684767
vt 0.818122 0.705534
vt 0.818122 0.726302
vt 0.818122 0.747069
mtllib bookmark-007.mtl
usemtl wires115115
g Object001
f 1/1/1 2/2/1 3/3/1 4/4/1
f 5/5/1 6/6/1 7/7/1 8/8/1
f 9/9/1 5/5/1 8/8/1 10/10/1
f 11/11/1 9/9/1 10/10/1 12/12/1
f 2/2/1 11/11/1 12/12/1 3/3/1
f 13/13/1 14/14/1 15/15/1 16/16/1
f 3/3/1 17/17/1 18/18/1 4/4/1
f 19/19/2 20/20/1 7/7/1 21/21/2
f 8/8/1 22/22/1 23/23/1 10/10/1
f 10/10/1 23/23/1 24/24/1 12/12/1
f 12/12/1 24/24/1 17/17/1 3/3/1
f 25/25/3 26/26/1 27/27/1 28/28/3
f 29/29/3 28/28/3 27/27/1 30/30/1
f 17/17/1 31/31/1 32/32/1 18/18/1
f 19/19/2 33/33/2 34/34/1 20/20/1
f 22/22/1 35/35/1 36/36/1 23/23/1
f 23/23/1 36/36/1 37/37/1 24/24/1
f 24/24/1 37/37/1 31/31/1 17/17/1
f 38/38/3 29/29/3 30/30/1 39/39/1
f 31/31/1 40/40/1 41/41/1 32/32/1
f 33/33/2 42/42/2 43/43/1 34/34/1
f 35/35/1 44/44/1 45/45/1 36/36/1
f 36/36/1 45/45/1 46/46/1 37/37/1
f 37/37/1 46/46/1 40/40/1 31/31/1
f 47/47/3 38/38/3 39/39/1 48/48/1
f 40/40/1 49/49/1 50/50/1 41/41/1
f 42/42/2 51/51/2 52/52/1 43/43/1
f 44/44/1 53/53/1 54/54/1 45/45/1
f 45/45/1 54/54/1 55/55/1 46/46/1
f 46/46/1 55/55/1 49/49/1 40/40/1
f 56/56/3 47/47/3 48/48/1 57/57/1
f 49/49/1 58/58/1 59/59/1 50/50/1
f 51/51/2 60/60/2 61/61/1 52/52/1
f 53/53/1 62/62/1 63/63/1 54/54/1
f 54/54/1 63/63/1 64/64/1 55/55/1
f 55/55/1 64/64/1 58/58/1 49/49/1
f 65/65/3 56/56/3 57/57/1 66/66/1
f 58/58/1 67/67/1 16/16/1 59/59/1
f 60/60/2 68/68/2 69/69/1 61/61/1
f 62/62/1 70/70/1 71/71/1 63/63/1
f 63/63/1 71/71/1 72/72/1 64/64/1
f 64/64/1 72/72/1 67/67/1 58/58/1
f 73/73/3 65/65/3 66/66/1 15/15/1
f 67/67/1 74/74/1 13/13/1 16/16/1
f 68/68/2 75/75/2 76/76/1 69/69/1
f 70/70/1 77/77/1 78/78/1 71/71/1
f 71/71/1 78/78/1 79/79/1 72/72/1
f 72/72/1 79/79/1 74/74/1 67/67/1
f 80/80/4 81/81/5 82/82/6 83/83/7
f 84/84/5 85/85/5 86/86/6 87/87/6
f 85/85/5 88/88/5 89/89/6 86/86/6
f 88/88/5 90/90/5 91/91/6 89/89/6
f 90/90/5 92/92/5 93/93/6 91/91/6
f 92/92/5 94/94/5 95/95/6 93/93/6
f 2/2/1 1/1/1 96/96/8 97/97/8
f 98/98/2 6/6/1 99/99/8 100/100/9
f 5/5/1 9/9/1 101/101/8 102/102/8
f 9/9/1 11/11/1 103/103/8 101/101/8
f 11/11/1 2/2/1 97/97/8 103/103/8
f 1/1/1 26/26/1 104/104/8 96/96/8
f 84/84/5 81/81/5 99/105/8 102/106/8
f 85/85/5 84/84/5 102/106/8 101/107/8
f 88/88/5 85/85/5 101/107/8 103/108/8
f 90/90/5 88/88/5 103/108/8 97/109/8
f 92/92/5 90/90/5 97/109/8 96/110/8
f 105/111/10 94/94/5 104/112/8 106/113/11
f 83/114/7 82/115/6 107/116/12 108/117/13
f 87/118/6 86/119/6 109/120/12 110/121/12
f 86/119/6 89/122/6 111/123/12 109/120/12
f 89/122/6 91/124/6 112/125/12 111/123/12
f 91/124/6 93/126/6 113/127/12 112/125/12
f 93/126/6 95/128/6 114/129/12 113/127/12
f 108/117/13 107/116/12 115/130/12 116/131/13
f 110/121/12 109/120/12 117/132/12 118/133/12
f 109/120/12 111/123/12 119/134/12 117/132/12
f 111/123/12 112/125/12 120/135/12 119/134/12
f 112/125/12 113/127/12 121/136/12 120/135/12
f 113/127/12 114/129/12 122/137/12 121/136/12
f 116/131/13 115/130/12 123/138/12 124/139/13
f 118/133/12 117/132/12 125/140/12 126/141/12
f 117/132/12 119/134/12 127/142/12 125/140/12
f 119/134/12 120/135/12 128/143/12 127/142/12
f 120/135/12 121/136/12 129/144/12 128/143/12
f 121/136/12 122/137/12 130/145/12 129/144/12
f 124/139/13 123/138/12 131/146/12 132/147/13
f 126/141/12 125/140/12 133/148/12 134/149/12
f 125/140/12 127/142/12 135/150/12 133/148/12
f 127/142/12 128/143/12 136/151/12 135/150/12
f 128/143/12 129/144/12 137/152/12 136/151/12
f 129/144/12 130/145/12 138/153/12 137/152/12
f 132/147/13 131/146/12 139/154/12 140/155/13
f 134/149/12 133/148/12 141/156/12 142/157/12
f 133/148/12 135/150/12 143/158/12 141/156/12
f 135/150/12 136/151/12 144/159/12 143/158/12
f 136/151/12 137/152/12 145/160/12 144/159/12
f 137/152/12 138/153/12 146/161/12 145/160/12
f 140/155/13 139/154/12 147/162/12 148/163/13
f 142/157/12 141/156/12 149/164/12 150/165/12
f 141/156/12 143/158/12 151/166/12 149/164/12
f 143/158/12 144/159/12 152/167/12 151/166/12
f 144/159/12 145/160/12 153/168/12 152/167/12
f 145/160/12 146/161/12 154/169/12 153/168/12
f 148/163/13 147/162/12 155/170/12 156/171/13
f 150/165/12 149/164/12 157/172/12 158/173/12
f 149/164/12 151/166/12 159/174/12 157/172/12
f 151/166/12 152/167/12 160/175/12 159/174/12
f 152/167/12 153/168/12 161/176/12 160/175/12
f 153/168/12 154/169/12 162/177/12 161/176/12
f 156/171/13 155/170/12 163/178/12 164/179/13
f 158/173/12 157/172/12 165/180/12 166/181/12
f 157/172/12 159/174/12 167/182/12 165/180/12
f 159/174/12 160/175/12 168/183/12 167/182/12
f 160/175/12 161/176/12 169/184/12 168/183/12
f 161/176/12 162/177/12 170/185/12 169/184/12
f 164/179/13 163/178/12 171/186/12 172/187/13
f 166/181/12 165/180/12 173/188/12 174/189/12
f 165/180/12 167/182/12 175/190/12 173/188/12
f 167/182/12 168/183/12 176/191/12 175/190/12
f 168/183/12 169/184/12 177/192/12 176/191/12
f 169/184/12 170/185/12 178/193/12 177/192/12
f 179/194/14 180/195/14 181/196/15 182/197/15
f 183/198/14 179/194/14 182/197/15 184/199/15
f 185/200/14 183/198/14 184/199/15 186/201/15
f 187/202/14 185/200/14 186/201/15 188/203/15
f 189/204/14 187/202/14 188/203/15 190/205/15
f 191/206/14 189/204/14 190/205/15 192/207/15
f 193/208/14 191/206/14 192/207/15 194/209/15
f 195/210/14 193/208/14 194/209/15 196/211/15
f 181/196/15 25/212/3 28/213/3 182/197/15
f 182/197/15 28/213/3 29/214/3 184/199/15
f 184/199/15 29/214/3 38/215/3 186/201/15
f 186/201/15 38/215/3 47/216/3 188/203/15
f 188/203/15 47/216/3 56/217/3 190/205/15
f 190/205/15 56/217/3 65/218/3 192/207/15
f 192/207/15 65/218/3 73/219/3 194/209/15
f 194/209/15 73/219/3 197/220/3 196/211/15
f 105/221/10 181/196/15 180/195/14 198/222/16
f 105/221/10 106/223/11 25/212/3 181/196/15
f 164/224/13 172/225/13 199/226/17 200/227/17
f 156/228/13 164/224/13 200/227/17 201/229/17
f 148/230/13 156/228/13 201/229/17 202/231/17
f 140/232/13 148/230/13 202/231/17 203/233/17
f 132/234/13 140/232/13 203/233/17 204/235/17
f 124/236/13 132/234/13 204/235/17 205/237/17
f 116/238/13 124/236/13 205/237/17 206/239/17
f 108/240/13 116/238/13 206/239/17 207/241/17
f 199/226/17 75/242/2 68/243/2 200/227/17
f 200/227/17 68/243/2 60/244/2 201/229/17
f 201/229/17 60/244/2 51/245/2 202/231/17
f 202/231/17 51/245/2 42/246/2 203/233/17
f 203/233/17 42/246/2 33/247/2 204/235/17
f 204/235/17 33/247/2 19/248/2 205/237/17
f 205/237/17 19/248/2 21/249/2 206/239/17
f 206/239/17 21/249/2 98/250/2 207/241/17
f 207/241/17 98/250/2 100/251/9 80/252/4
f 80/252/4 83/253/7 108/240/13 207/241/17
f 14/14/1 197/254/3 73/73/3 15/15/1
f 26/26/1 1/1/1 4/4/1 27/27/1
f 27/27/1 4/4/1 18/18/1 30/30/1
f 30/30/1 18/18/1 32/32/1 39/39/1
f 39/39/1 32/32/1 41/41/1 48/48/1
f 48/48/1 41/41/1 50/50/1 57/57/1
f 57/57/1 50/50/1 59/59/1 66/66/1
f 66/66/1 59/59/1 16/16/1 15/15/1
f 94/94/5 105/111/10 198/255/16 95/95/6
f 26/26/1 25/25/3 106/256/11 104/104/8
f 94/94/5 92/92/5 96/110/8 104/112/8
f 95/128/6 198/257/16 180/258/14 114/129/12
f 114/129/12 180/258/14 179/259/14 122/137/12
f 122/137/12 179/259/14 183/260/14 130/145/12
f 130/145/12 183/260/14 185/261/14 138/153/12
f 138/153/12 185/261/14 187/262/14 146/161/12
f 146/161/12 187/262/14 189/263/14 154/169/12
f 154/169/12 189/263/14 191/264/14 162/177/12
f 162/177/12 191/264/14 193/265/14 170/185/12
f 170/185/12 193/265/14 195/266/14 178/193/12
f 6/6/1 98/98/2 21/21/2 7/7/1
f 20/20/1 22/22/1 8/8/1 7/7/1
f 34/34/1 35/35/1 22/22/1 20/20/1
f 43/43/1 44/44/1 35/35/1 34/34/1
f 52/52/1 53/53/1 44/44/1 43/43/1
f 61/61/1 62/62/1 53/53/1 52/52/1
f 69/69/1 70/70/1 62/62/1 61/61/1
f 76/76/1 77/77/1 70/70/1 69/69/1
f 81/81/5 84/84/5 87/87/6 82/82/6
f 6/6/1 5/5/1 102/102/8 99/99/8
f 81/81/5 80/80/4 100/267/9 99/105/8
f 82/115/6 87/118/6 110/121/12 107/116/12
f 107/116/12 110/121/12 118/133/12 115/130/12
f 115/130/12 118/133/12 126/141/12 123/138/12
f 123/138/12 126/141/12 134/149/12 131/146/12
f 131/146/12 134/149/12 142/157/12 139/154/12
f 139/154/12 142/157/12 150/165/12 147/162/12
f 147/162/12 150/165/12 158/173/12 155/170/12
f 155/170/12 158/173/12 166/181/12 163/178/12
f 163/178/12 166/181/12 174/189/12 171/186/12
f 208/268/1 209/269/1 210/270/1 211/271/1
f 212/272/1 213/273/1 214/274/1 215/275/1
f 216/276/1 217/277/1 213/273/1 212/272/1
f 218/278/1 219/279/1 217/277/1 216/276/1
f 211/271/1 210/270/1 219/279/1 218/278/1
f 13/13/1 220/280/1 221/281/1 14/14/1
f 210/270/1 209/269/1 222/282/1 223/283/1
f 224/284/2 225/285/2 214/274/1 226/286/1
f 213/273/1 217/277/1 227/287/1 228/288/1
f 217/277/1 219/279/1 229/289/1 227/287/1
f 219/279/1 210/270/1 223/283/1 229/289/1
f 230/290/3 231/291/3 232/292/1 233/293/1
f 234/294/3 235/295/1 232/292/1 231/291/3
f 223/283/1 222/282/1 236/296/1 237/297/1
f 224/284/2 226/286/1 238/298/1 239/299/2
f 228/288/1 227/287/1 240/300/1 241/301/1
f 227/287/1 229/289/1 242/302/1 240/300/1
f 229/289/1 223/283/1 237/297/1 242/302/1
f 243/303/3 244/304/1 235/295/1 234/294/3
f 237/297/1 236/296/1 245/305/1 246/306/1
f 239/299/2 238/298/1 247/307/1 248/308/2
f 241/301/1 240/300/1 249/309/1 250/310/1
f 240/300/1 242/302/1 251/311/1 249/309/1
f 242/302/1 237/297/1 246/306/1 251/311/1
f 252/312/3 253/313/1 244/304/1 243/303/3
f 246/306/1 245/305/1 254/314/1 255/315/1
f 248/308/2 247/307/1 256/316/1 257/317/2
f 250/310/1 249/309/1 258/318/1 259/319/1
f 249/309/1 251/311/1 260/320/1 258/318/1
f 251/311/1 246/306/1 255/315/1 260/320/1
f 261/321/3 262/322/1 253/313/1 252/312/3
f 255/315/1 254/314/1 263/323/1 264/324/1
f 257/317/2 256/316/1 265/325/1 266/326/2
f 259/319/1 258/318/1 267/327/1 268/328/1
f 258/318/1 260/320/1 269/329/1 267/327/1
f 260/320/1 255/315/1 264/324/1 269/329/1
f 270/330/3 271/331/1 262/322/1 261/321/3
f 264/324/1 263/323/1 220/280/1 272/332/1
f 266/326/2 265/325/1 273/333/1 274/334/2
f 268/328/1 267/327/1 275/335/1 276/336/1
f 267/327/1 269/329/1 277/337/1 275/335/1
f 269/329/1 264/324/1 272/332/1 277/337/1
f 278/338/3 221/281/1 271/331/1 270/330/3
f 272/332/1 220/280/1 13/13/1 74/74/1
f 274/334/2 273/333/1 76/76/1 75/75/2
f 276/336/1 275/335/1 78/78/1 77/77/1
f 275/335/1 277/337/1 79/79/1 78/78/1
f 277/337/1 272/332/1 74/74/1 79/79/1
f 279/339/18 280/340/19 281/341/20 282/342/21
f 283/343/21 284/344/20 285/345/20 286/346/21
f 286/346/21 285/345/20 287/347/20 288/348/21
f 288/348/21 287/347/20 289/349/20 290/350/21
f 290/350/21 289/349/20 291/351/20 292/352/21
f 292/352/21 291/351/20 293/353/20 294/354/21
f 211/271/1 295/355/22 296/356/22 208/268/1
f 297/357/2 298/358/23 299/359/22 215/275/1
f 212/272/1 300/360/22 301/361/22 216/276/1
f 216/276/1 301/361/22 302/362/22 218/278/1
f 218/278/1 302/362/22 295/355/22 211/271/1
f 208/268/1 296/356/22 303/363/22 233/293/1
f 283/343/21 300/364/22 299/365/22 282/342/21
f 286/346/21 301/366/22 300/364/22 283/343/21
f 288/348/21 302/367/22 301/366/22 286/346/21
f 290/350/21 295/368/22 302/367/22 288/348/21
f 292/352/21 296/369/22 295/368/22 290/350/21
f 304/370/24 305/371/25 303/372/22 294/354/21
f 280/373/19 306/374/13 307/375/12 281/376/20
f 284/377/20 308/378/12 309/379/12 285/380/20
f 285/380/20 309/379/12 310/381/12 287/382/20
f 287/382/20 310/381/12 311/383/12 289/384/20
f 289/384/20 311/383/12 312/385/12 291/386/20
f 291/386/20 312/385/12 313/387/12 293/388/20
f 306/374/13 314/389/13 315/390/12 307/375/12
f 308/378/12 316/391/12 317/392/12 309/379/12
f 309/379/12 317/392/12 318/393/12 310/381/12
f 310/381/12 318/393/12 319/394/12 311/383/12
f 311/383/12 319/394/12 320/395/12 312/385/12
f 312/385/12 320/395/12 321/396/12 313/387/12
f 314/389/13 322/397/13 323/398/12 315/390/12
f 316/391/12 324/399/12 325/400/12 317/392/12
f 317/392/12 325/400/12 326/401/12 318/393/12
f 318/393/12 326/401/12 327/402/12 319/394/12
f 319/394/12 327/402/12 328/403/12 320/395/12
f 320/395/12 328/403/12 329/404/12 321/396/12
f 322/397/13 330/405/13 331/406/12 323/398/12
f 324/399/12 332/407/12 333/408/12 325/400/12
f 325/400/12 333/408/12 334/409/12 326/401/12
f 326/401/12 334/409/12 335/410/12 327/402/12
f 327/402/12 335/410/12 336/411/12 328/403/12
f 328/403/12 336/411/12 337/412/12 329/404/12
f 330/405/13 338/413/13 339/414/12 331/406/12
f 332/407/12 340/415/12 341/416/12 333/408/12
f 333/408/12 341/416/12 342/417/12 334/409/12
f 334/409/12 342/417/12 343/418/12 335/410/12
f 335/410/12 343/418/12 344/419/12 336/411/12
f 336/411/12 344/419/12 345/420/12 337/412/12
f 338/413/13 346/421/13 347/422/12 339/414/12
f 340/415/12 348/423/12 349/424/12 341/416/12
f 341/416/12 349/424/12 350/425/12 342/417/12
f 342/417/12 350/425/12 351/426/12 343/418/12
f 343/418/12 351/426/12 352/427/12 344/419/12
f 344/419/12 352/427/12 353/428/12 345/420/12
f 346/421/13 354/429/13 355/430/12 347/422/12
f 348/423/12 356/431/12 357/432/12 349/424/12
f 349/424/12 357/432/12 358/433/12 350/425/12
f 350/425/12 358/433/12 359/434/12 351/426/12
f 351/426/12 359/434/12 360/435/12 352/427/12
f 352/427/12 360/435/12 361/436/12 353/428/12
f 354/429/13 362/437/13 363/438/12 355/430/12
f 356/431/12 364/439/12 365/440/12 357/432/12
f 357/432/12 365/440/12 366/441/12 358/433/12
f 358/433/12 366/441/12 367/442/12 359/434/12
f 359/434/12 367/442/12 368/443/12 360/435/12
f 360/435/12 368/443/12 369/444/12 361/436/12
f 362/437/13 172/187/13 171/186/12 363/438/12
f 364/439/12 174/189/12 173/188/12 365/440/12
f 365/440/12 173/188/12 175/190/12 366/441/12
f 366/441/12 175/190/12 176/191/12 367/442/12
f 367/442/12 176/191/12 177/192/12 368/443/12
f 368/443/12 177/192/12 178/193/12 369/444/12
f 370/445/14 371/446/15 372/447/15 373/448/14
f 374/449/14 375/450/15 371/446/15 370/445/14
f 376/451/14 377/452/15 375/450/15 374/449/14
f 378/453/14 379/454/15 377/452/15 376/451/14
f 380/455/14 381/456/15 379/454/15 378/453/14
f 382/457/14 383/458/15 381/456/15 380/455/14
f 384/459/14 385/460/15 383/458/15 382/457/14
f 195/210/14 196/211/15 385/460/15 384/459/14
f 372/447/15 371/446/15 231/461/3 230/462/3
f 371/446/15 375/450/15 234/463/3 231/461/3
f 375/450/15 377/452/15 243/464/3 234/463/3
f 377/452/15 379/454/15 252/465/3 243/464/3
f 379/454/15 381/456/15 261/466/3 252/465/3
f 381/456/15 383/458/15 270/467/3 261/466/3
f 383/458/15 385/460/15 278/468/3 270/467/3
f 385/460/15 196/211/15 197/220/3 278/468/3
f 304/469/24 386/470/26 373/448/14 372/447/15
f 304/469/24 372/447/15 230/462/3 305/471/25
f 362/472/13 387/473/17 199/226/17 172/225/13
f 354/474/13 388/475/17 387/473/17 362/472/13
f 346/476/13 389/477/17 388/475/17 354/474/13
f 338/478/13 390/479/17 389/477/17 346/476/13
f 330/480/13 391/481/17 390/479/17 338/478/13
f 322/482/13 392/483/17 391/481/17 330/480/13
f 314/484/13 393/485/17 392/483/17 322/482/13
f 306/486/13 394/487/17 393/485/17 314/484/13
f 199/226/17 387/473/17 274/488/2 75/242/2
f 387/473/17 388/475/17 266/489/2 274/488/2
f 388/475/17 389/477/17 257/490/2 266/489/2
f 389/477/17 390/479/17 248/491/2 257/490/2
f 390/479/17 391/481/17 239/492/2 248/491/2
f 391/481/17 392/483/17 224/493/2 239/492/2
f 392/483/17 393/485/17 225/494/2 224/493/2
f 393/485/17 394/487/17 297/495/2 225/494/2
f 394/487/17 279/496/18 298/497/23 297/495/2
f 279/496/18 394/487/17 306/486/13 280/498/19
f 14/14/1 221/281/1 278/338/3 197/254/3
f 233/293/1 232/292/1 209/269/1 208/268/1
f 232/292/1 235/295/1 222/282/1 209/269/1
f 235/295/1 244/304/1 236/296/1 222/282/1
f 244/304/1 253/313/1 245/305/1 236/296/1
f 253/313/1 262/322/1 254/314/1 245/305/1
f 262/322/1 271/331/1 263/323/1 254/314/1
f 271/331/1 221/281/1 220/280/1 263/323/1
f 294/354/21 293/353/20 386/499/26 304/370/24
f 233/293/1 303/363/22 305/500/25 230/290/3
f 294/354/21 303/372/22 296/369/22 292/352/21
f 293/388/20 313/387/12 373/501/14 386/502/26
f 313/387/12 321/396/12 370/503/14 373/501/14
f 321/396/12 329/404/12 374/504/14 370/503/14
f 329/404/12 337/412/12 376/505/14 374/504/14
f 337/412/12 345/420/12 378/506/14 376/505/14
f 345/420/12 353/428/12 380/507/14 378/506/14
f 353/428/12 361/436/12 382/508/14 380/507/14
f 361/436/12 369/444/12 384/509/14 382/508/14
f 369/444/12 178/193/12 195/266/14 384/509/14
f 215/275/1 214/274/1 225/285/2 297/357/2
f 226/286/1 214/274/1 213/273/1 228/288/1
f 238/298/1 226/286/1 228/288/1 241/301/1
f 247/307/1 238/298/1 241/301/1 250/310/1
f 256/316/1 247/307/1 250/310/1 259/319/1
f 265/325/1 256/316/1 259/319/1 268/328/1
f 273/333/1 265/325/1 268/328/1 276/336/1
f 76/76/1 273/333/1 276/336/1 77/77/1
f 282/342/21 281/341/20 284/344/20 283/343/21
f 215/275/1 299/359/22 300/360/22 212/272/1
f 282/342/21 299/365/22 298/510/23 279/339/18
f 281/376/20 307/375/12 308/378/12 284/377/20
f 307/375/12 315/390/12 316/391/12 308/378/12
f 315/390/12 323/398/12 324/399/12 316/391/12
f 323/398/12 331/406/12 332/407/12 324/399/12
f 331/406/12 339/414/12 340/415/12 332/407/12
f 339/414/12 347/422/12 348/423/12 340/415/12
f 347/422/12 355/430/12 356/431/12 348/423/12
f 355/430/12 363/438/12 364/439/12 356/431/12
f 363/438/12 171/186/12 174/189/12 364/439/12
usemtl wire_135006006
g Object002
f 395/511/4 396/512/5 397/513/6 398/514/7
f 399/515/5 400/516/5 401/517/6 402/518/6
f 400/516/5 403/519/5 404/520/6 401/517/6
f 403/519/5 405/521/5 406/522/6 404/520/6
f 405/521/5 407/523/5 408/524/6 406/522/6
f 407/523/5 409/525/5 410/526/6 408/524/6
f 398/527/7 397/528/6 411/529/12 412/530/13
f 402/531/6 401/532/6 413/533/12 414/534/12
f 401/532/6 404/535/6 415/536/12 413/533/12
f 404/535/6 406/537/6 416/538/12 415/536/12
f 406/537/6 408/539/6 417/540/12 416/538/12
f 408/539/6 410/541/6 418/542/12 417/540/12
f 412/530/13 411/529/12 419/543/12 420/544/13
f 414/534/12 413/533/12 421/545/12 422/546/12
f 413/533/12 415/536/12 423/547/12 421/545/12
f 415/536/12 416/538/12 424/548/12 423/547/12
f 416/538/12 417/540/12 425/549/12 424/548/12
f 417/540/12 418/542/12 426/550/12 425/549/12
f 420/544/13 419/543/12 427/551/12 428/552/13
f 422/546/12 421/545/12 429/553/12 430/554/12
f 421/545/12 423/547/12 431/555/12 429/553/12
f 423/547/12 424/548/12 432/556/12 431/555/12
f 424/548/12 425/549/12 433/557/12 432/556/12
f 425/549/12 426/550/12 434/558/12 433/557/12
f 428/552/13 427/551/12 435/559/12 436/560/13
f 430/554/12 429/553/12 437/561/12 438/562/12
f 429/553/12 431/555/12 439/563/12 437/561/12
f 431/555/12 432/556/12 440/564/12 439/563/12
f 432/556/12 433/557/12 441/565/12 440/564/12
f 433/557/12 434/558/12 442/566/12 441/565/12
f 436/560/13 435/559/12 443/567/12 444/568/13
f 438/562/12 437/561/12 445/569/12 446/570/12
f 437/561/12 439/563/12 447/571/12 445/569/12
f 439/563/12 440/564/12 448/572/12 447/571/12
f 440/564/12 441/565/12 449/573/12 448/572/12
f 441/565/12 442/566/12 450/574/12 449/573/12
f 444/568/13 443/567/12 451/575/12 452/576/13
f 446/570/12 445/569/12 453/577/12 454/578/12
f 445/569/12 447/571/12 455/579/12 453/577/12
f 447/571/12 448/572/12 456/580/12 455/579/12
f 448/572/12 449/573/12 457/581/12 456/580/12
f 449/573/12 450/574/12 458/582/12 457/581/12
f 452/576/13 451/575/12 459/583/12 460/584/13
f 454/578/12 453/577/12 461/585/12 462/586/12
f 453/577/12 455/579/12 463/587/12 461/585/12
f 455/579/12 456/580/12 464/588/12 463/587/12
f 456/580/12 457/581/12 465/589/12 464/588/12
f 457/581/12 458/582/12 466/590/12 465/589/12
f 460/584/13 459/583/12 467/591/12 468/592/13
f 462/586/12 461/585/12 469/593/12 470/594/12
f 461/585/12 463/587/12 471/595/12 469/593/12
f 463/587/12 464/588/12 472/596/12 471/595/12
f 464/588/12 465/589/12 473/597/12 472/596/12
f 465/589/12 466/590/12 474/598/12 473/597/12
f 468/592/13 467/591/12 475/599/12 476/600/13
f 470/594/12 469/593/12 477/601/12 478/602/12
f 469/593/12 471/595/12 479/603/12 477/601/12
f 471/595/12 472/596/12 480/604/12 479/603/12
f 472/596/12 473/597/12 481/605/12 480/604/12
f 473/597/12 474/598/12 482/606/12 481/605/12
f 483/607/14 484/608/14 485/609/15 486/610/15
f 487/611/14 483/607/14 486/610/15 488/612/15
f 489/613/14 487/611/14 488/612/15 490/614/15
f 491/615/14 489/613/14 490/614/15 492/616/15
f 493/617/14 491/615/14 492/616/15 494/618/15
f 495/619/14 493/617/14 494/618/15 496/620/15
f 497/621/14 495/619/14 496/620/15 498/622/15
f 499/623/14 497/621/14 498/622/15 500/624/15
f 501/625/10 485/609/15 484/608/14 502/626/16
f 468/627/13 476/628/13 503/629/17 504/630/17
f 460/631/13 468/627/13 504/630/17 505/632/17
f 452/633/13 460/631/13 505/632/17 506/634/17
f 444/635/13 452/633/13 506/634/17 507/636/17
f 436/637/13 444/635/13 507/636/17 508/638/17
f 428/639/13 436/637/13 508/638/17 509/640/17
f 420/641/13 428/639/13 509/640/17 510/642/17
f 412/643/13 420/641/13 510/642/17 511/644/17
f 395/645/4 398/646/7 412/643/13 511/644/17
f 409/525/5 501/647/10 502/648/16 410/526/6
f 410/541/6 502/649/16 484/650/14 418/542/12
f 418/542/12 484/650/14 483/651/14 426/550/12
f 426/550/12 483/651/14 487/652/14 434/558/12
f 434/558/12 487/652/14 489/653/14 442/566/12
f 442/566/12 489/653/14 491/654/14 450/574/12
f 450/574/12 491/654/14 493/655/14 458/582/12
f 458/582/12 493/655/14 495/656/14 466/590/12
f 466/590/12 495/656/14 497/657/14 474/598/12
f 474/598/12 497/657/14 499/658/14 482/606/12
f 396/512/5 399/515/5 402/518/6 397/513/6
f 397/528/6 402/531/6 414/534/12 411/529/12
f 411/529/12 414/534/12 422/546/12 419/543/12
f 419/543/12 422/546/12 430/554/12 427/551/12
f 427/551/12 430/554/12 438/562/12 435/559/12
f 435/559/12 438/562/12 446/570/12 443/567/12
f 443/567/12 446/570/12 454/578/12 451/575/12
f 451/575/12 454/578/12 462/586/12 459/583/12
f 459/583/12 462/586/12 470/594/12 467/591/12
f 467/591/12 470/594/12 478/602/12 475/599/12
f 512/659/18 513/660/19 514/661/20 515/662/21
f 516/663/21 517/664/20 518/665/20 519/666/21
f 519/666/21 518/665/20 520/667/20 521/668/21
f 521/668/21 520/667/20 522/669/20 523/670/21
f 523/670/21 522/669/20 524/671/20 525/672/21
f 525/672/21 524/671/20 526/673/20 527/674/21
f 513/675/19 528/676/13 529/677/12 514/678/20
f 517/679/20 530/680/12 531/681/12 518/682/20
f 518/682/20 531/681/12 532/683/12 520/684/20
f 520/684/20 532/683/12 533/685/12 522/686/20
f 522/686/20 533/685/12 534/687/12 524/688/20
f 524/688/20 534/687/12 535/689/12 526/690/20
f 528/676/13 536/691/13 537/692/12 529/677/12
f 530/680/12 538/693/12 539/694/12 531/681/12
f 531/681/12 539/694/12 540/695/12 532/683/12
f 532/683/12 540/695/12 541/696/12 533/685/12
f 533/685/12 541/696/12 542/697/12 534/687/12
f 534/687/12 542/697/12 543/698/12 535/689/12
f 536/691/13 544/699/13 545/700/12 537/692/12
f 538/693/12 546/701/12 547/702/12 539/694/12
f 539/694/12 547/702/12 548/703/12 540/695/12
f 540/695/12 548/703/12 549/704/12 541/696/12
f 541/696/12 549/704/12 550/705/12 542/697/12
f 542/697/12 550/705/12 551/706/12 543/698/12
f 544/699/13 552/707/13 553/708/12 545/700/12
f 546/701/12 554/709/12 555/710/12 547/702/12
f 547/702/12 555/710/12 556/711/12 548/703/12
f 548/703/12 556/711/12 557/712/12 549/704/12
f 549/704/12 557/712/12 558/713/12 550/705/12
f 550/705/12 558/713/12 559/714/12 551/706/12
f 552/707/13 560/715/13 561/716/12 553/708/12
f 554/709/12 562/717/12 563/718/12 555/710/12
f 555/710/12 563/718/12 564/719/12 556/711/12
f 556/711/12 564/719/12 565/720/12 557/712/12
f 557/712/12 565/720/12 566/721/12 558/713/12
f 558/713/12 566/721/12 567/722/12 559/714/12
f 560/715/13 568/723/13 569/724/12 561/716/12
f 562/717/12 570/725/12 571/726/12 563/718/12
f 563/718/12 571/726/12 572/727/12 564/719/12
f 564/719/12 572/727/12 573/728/12 565/720/12
f 565/720/12 573/728/12 574/729/12 566/721/12
f 566/721/12 574/729/12 575/730/12 567/722/12
f 568/723/13 576/731/13 577/732/12 569/724/12
f 570/725/12 578/733/12 579/734/12 571/726/12
f 571/726/12 579/734/12 580/735/12 572/727/12
f 572/727/12 580/735/12 581/736/12 573/728/12
f 573/728/12 581/736/12 582/737/12 574/729/12
f 574/729/12 582/737/12 583/738/12 575/730/12
f 576/731/13 584/739/13 585/740/12 577/732/12
f 578/733/12 586/741/12 587/742/12 579/734/12
f 579/734/12 587/742/12 588/743/12 580/735/12
f 580/735/12 588/743/12 589/744/12 581/736/12
f 581/736/12 589/744/12 590/745/12 582/737/12
f 582/737/12 590/745/12 591/746/12 583/738/12
f 584/739/13 476/600/13 475/599/12 585/740/12
f 586/741/12 478/602/12 477/601/12 587/742/12
f 587/742/12 477/601/12 479/603/12 588/743/12
f 588/743/12 479/603/12 480/604/12 589/744/12
f 589/744/12 480/604/12 481/605/12 590/745/12
f 590/745/12 481/605/12 482/606/12 591/746/12
f 592/747/14 593/748/15 594/749/15 595/750/14
f 596/751/14 597/752/15 593/748/15 592/747/14
f 598/753/14 599/754/15 597/752/15 596/751/14
f 600/755/14 601/756/15 599/754/15 598/753/14
f 602/757/14 603/758/15 601/756/15 600/755/14
f 604/759/14 605/760/15 603/758/15 602/757/14
f 606/761/14 607/762/15 605/760/15 604/759/14
f 499/623/14 500/624/15 607/762/15 606/761/14
f 608/763/24 609/764/26 595/750/14 594/749/15
f 584/765/13 610/766/17 503/629/17 476/628/13
f 576/767/13 611/768/17 610/766/17 584/765/13
f 568/769/13 612/770/17 611/768/17 576/767/13
f 560/771/13 613/772/17 612/770/17 568/769/13
f 552/773/13 614/774/17 613/772/17 560/771/13
f 544/775/13 615/776/17 614/774/17 552/773/13
f 536/777/13 616/778/17 615/776/17 544/775/13
f 528/779/13 617/780/17 616/778/17 536/777/13
f 512/781/18 617/780/17 528/779/13 513/782/19
f 527/674/21 526/673/20 609/783/26 608/784/24
f 526/690/20 535/689/12 595/785/14 609/786/26
f 535/689/12 543/698/12 592/787/14 595/785/14
f 543/698/12 551/706/12 596/788/14 592/787/14
f 551/706/12 559/714/12 598/789/14 596/788/14
f 559/714/12 567/722/12 600/790/14 598/789/14
f 567/722/12 575/730/12 602/791/14 600/790/14
f 575/730/12 583/738/12 604/792/14 602/791/14
f 583/738/12 591/746/12 606/793/14 604/792/14
f 591/746/12 482/606/12 499/658/14 606/793/14
f 515/662/21 514/661/20 517/664/20 516/663/21
f 514/678/20 529/677/12 530/680/12 517/679/20
f 529/677/12 537/692/12 538/693/12 530/680/12
f 537/692/12 545/700/12 546/701/12 538/693/12
f 545/700/12 553/708/12 554/709/12 546/701/12
f 553/708/12 561/716/12 562/717/12 554/709/12
f 561/716/12 569/724/12 570/725/12 562/717/12
f 569/724/12 577/732/12 578/733/12 570/725/12
f 577/732/12 585/740/12 586/741/12 578/733/12
f 585/740/12 475/599/12 478/602/12 586/741/12
f 395/511/4 618/794/9 619/795/8 396/512/5
f 399/515/5 620/796/8 621/797/8 400/516/5
f 400/516/5 621/797/8 622/798/8 403/519/5
f 403/519/5 622/798/8 623/799/8 405/521/5
f 405/521/5 623/799/8 624/800/8 407/523/5
f 407/523/5 624/800/8 625/801/8 409/525/5
f 618/802/9 626/803/2 627/804/1 619/805/8
f 620/806/8 628/807/1 629/808/1 621/809/8
f 621/809/8 629/808/1 630/810/1 622/811/8
f 622/811/8 630/810/1 631/812/1 623/813/8
f 623/813/8 631/812/1 632/814/1 624/815/8
f 624/815/8 632/814/1 633/816/1 625/817/8
f 626/803/2 634/818/2 635/819/1 627/804/1
f 628/807/1 636/820/1 637/821/1 629/808/1
f 629/808/1 637/821/1 638/822/1 630/810/1
f 630/810/1 638/822/1 639/823/1 631/812/1
f 631/812/1 639/823/1 640/824/1 632/814/1
f 632/814/1 640/824/1 641/825/1 633/816/1
f 634/818/2 642/826/2 643/827/1 635/819/1
f 636/820/1 644/828/1 645/829/1 637/821/1
f 637/821/1 645/829/1 646/830/1 638/822/1
f 638/822/1 646/830/1 647/831/1 639/823/1
f 639/823/1 647/831/1 648/832/1 640/824/1
f 640/824/1 648/832/1 649/833/1 641/825/1
f 642/826/2 650/834/2 651/835/1 643/827/1
f 644/828/1 652/836/1 653/837/1 645/829/1
f 645/829/1 653/837/1 654/838/1 646/830/1
f 646/830/1 654/838/1 655/839/1 647/831/1
f 647/831/1 655/839/1 656/840/1 648/832/1
f 648/832/1 656/840/1 657/841/1 649/833/1
f 650/834/2 658/842/2 659/843/1 651/835/1
f 652/836/1 660/844/1 661/845/1 653/837/1
f 653/837/1 661/845/1 662/846/1 654/838/1
f 654/838/1 662/846/1 663/847/1 655/839/1
f 655/839/1 663/847/1 664/848/1 656/840/1
f 656/840/1 664/848/1 665/849/1 657/841/1
f 658/842/2 666/850/2 667/851/1 659/843/1
f 660/844/1 668/852/1 669/853/1 661/845/1
f 661/845/1 669/853/1 670/854/1 662/846/1
f 662/846/1 670/854/1 671/855/1 663/847/1
f 663/847/1 671/855/1 672/856/1 664/848/1
f 664/848/1 672/856/1 673/857/1 665/849/1
f 666/850/2 674/858/2 675/859/1 667/851/1
f 668/852/1 676/860/1 677/861/1 669/853/1
f 669/853/1 677/861/1 678/862/1 670/854/1
f 670/854/1 678/862/1 679/863/1 671/855/1
f 671/855/1 679/863/1 680/864/1 672/856/1
f 672/856/1 680/864/1 681/865/1 673/857/1
f 674/858/2 682/866/2 683/867/1 675/859/1
f 676/860/1 684/868/1 685/869/1 677/861/1
f 677/861/1 685/869/1 686/870/1 678/862/1
f 678/862/1 686/870/1 687/871/1 679/863/1
f 679/863/1 687/871/1 688/872/1 680/864/1
f 680/864/1 688/872/1 689/873/1 681/865/1
f 682/866/2 690/874/2 691/875/1 683/867/1
f 684/868/1 692/876/1 693/877/1 685/869/1
f 685/869/1 693/877/1 694/878/1 686/870/1
f 686/870/1 694/878/1 695/879/1 687/871/1
f 687/871/1 695/879/1 696/880/1 688/872/1
f 688/872/1 696/880/1 697/881/1 689/873/1
f 698/882/3 486/610/15 485/609/15 699/883/3
f 700/884/3 488/612/15 486/610/15 698/882/3
f 701/885/3 490/614/15 488/612/15 700/884/3
f 702/886/3 492/616/15 490/614/15 701/885/3
f 703/887/3 494/618/15 492/616/15 702/886/3
f 704/888/3 496/620/15 494/618/15 703/887/3
f 705/889/3 498/622/15 496/620/15 704/888/3
f 706/890/3 500/624/15 498/622/15 705/889/3
f 501/625/10 707/891/11 699/883/3 485/609/15
f 682/892/2 504/630/17 503/629/17 690/893/2
f 674/894/2 505/632/17 504/630/17 682/892/2
f 666/895/2 506/634/17 505/632/17 674/894/2
f 658/896/2 507/636/17 506/634/17 666/895/2
f 650/897/2 508/638/17 507/636/17 658/896/2
f 642/898/2 509/640/17 508/638/17 650/897/2
f 634/899/2 510/642/17 509/640/17 642/898/2
f 626/900/2 511/644/17 510/642/17 634/899/2
f 395/645/4 511/644/17 626/900/2 618/901/9
f 409/525/5 625/801/8 707/902/11 501/647/10
f 625/817/8 633/816/1 699/903/3 707/904/11
f 633/816/1 641/825/1 698/905/3 699/903/3
f 641/825/1 649/833/1 700/906/3 698/905/3
f 649/833/1 657/841/1 701/907/3 700/906/3
f 657/841/1 665/849/1 702/908/3 701/907/3
f 665/849/1 673/857/1 703/909/3 702/908/3
f 673/857/1 681/865/1 704/910/3 703/909/3
f 681/865/1 689/873/1 705/911/3 704/910/3
f 689/873/1 697/881/1 706/912/3 705/911/3
f 396/512/5 619/795/8 620/796/8 399/515/5
f 619/805/8 627/804/1 628/807/1 620/806/8
f 627/804/1 635/819/1 636/820/1 628/807/1
f 635/819/1 643/827/1 644/828/1 636/820/1
f 643/827/1 651/835/1 652/836/1 644/828/1
f 651/835/1 659/843/1 660/844/1 652/836/1
f 659/843/1 667/851/1 668/852/1 660/844/1
f 667/851/1 675/859/1 676/860/1 668/852/1
f 675/859/1 683/867/1 684/868/1 676/860/1
f 683/867/1 691/875/1 692/876/1 684/868/1
f 512/659/18 515/662/21 708/913/22 709/914/23
f 516/663/21 519/666/21 710/915/22 711/916/22
f 519/666/21 521/668/21 712/917/22 710/915/22
f 521/668/21 523/670/21 713/918/22 712/917/22
f 523/670/21 525/672/21 714/919/22 713/918/22
f 525/672/21 527/674/21 715/920/22 714/919/22
f 709/921/23 708/922/22 716/923/1 717/924/2
f 711/925/22 710/926/22 718/927/1 719/928/1
f 710/926/22 712/929/22 720/930/1 718/927/1
f 712/929/22 713/931/22 721/932/1 720/930/1
f 713/931/22 714/933/22 722/934/1 721/932/1
f 714/933/22 715/935/22 723/936/1 722/934/1
f 717/924/2 716/923/1 724/937/1 725/938/2
f 719/928/1 718/927/1 726/939/1 727/940/1
f 718/927/1 720/930/1 728/941/1 726/939/1
f 720/930/1 721/932/1 729/942/1 728/941/1
f 721/932/1 722/934/1 730/943/1 729/942/1
f 722/934/1 723/936/1 731/944/1 730/943/1
f 725/938/2 724/937/1 732/945/1 733/946/2
f 727/940/1 726/939/1 734/947/1 735/948/1
f 726/939/1 728/941/1 736/949/1 734/947/1
f 728/941/1 729/942/1 737/950/1 736/949/1
f 729/942/1 730/943/1 738/951/1 737/950/1
f 730/943/1 731/944/1 739/952/1 738/951/1
f 733/946/2 732/945/1 740/953/1 741/954/2
f 735/948/1 734/947/1 742/955/1 743/956/1
f 734/947/1 736/949/1 744/957/1 742/955/1
f 736/949/1 737/950/1 745/958/1 744/957/1
f 737/950/1 738/951/1 746/959/1 745/958/1
f 738/951/1 739/952/1 747/960/1 746/959/1
f 741/954/2 740/953/1 748/961/1 749/962/2
f 743/956/1 742/955/1 750/963/1 751/964/1
f 742/955/1 744/957/1 752/965/1 750/963/1
f 744/957/1 745/958/1 753/966/1 752/965/1
f 745/958/1 746/959/1 754/967/1 753/966/1
f 746/959/1 747/960/1 755/968/1 754/967/1
f 749/962/2 748/961/1 756/969/1 757/970/2
f 751/964/1 750/963/1 758/971/1 759/972/1
f 750/963/1 752/965/1 760/973/1 758/971/1
f 752/965/1 753/966/1 761/974/1 760/973/1
f 753/966/1 754/967/1 762/975/1 761/974/1
f 754/967/1 755/968/1 763/976/1 762/975/1
f 757/970/2 756/969/1 764/977/1 765/978/2
f 759/972/1 758/971/1 766/979/1 767/980/1
f 758/971/1 760/973/1 768/981/1 766/979/1
f 760/973/1 761/974/1 769/982/1 768/981/1
f 761/974/1 762/975/1 770/983/1 769/982/1
f 762/975/1 763/976/1 771/984/1 770/983/1
f 765/978/2 764/977/1 772/985/1 773/986/2
f 767/980/1 766/979/1 774/987/1 775/988/1
f 766/979/1 768/981/1 776/989/1 774/987/1
f 768/981/1 769/982/1 777/990/1 776/989/1
f 769/982/1 770/983/1 778/991/1 777/990/1
f 770/983/1 771/984/1 779/992/1 778/991/1
f 773/986/2 772/985/1 691/875/1 690/874/2
f 775/988/1 774/987/1 693/877/1 692/876/1
f 774/987/1 776/989/1 694/878/1 693/877/1
f 776/989/1 777/990/1 695/879/1 694/878/1
f 777/990/1 778/991/1 696/880/1 695/879/1
f 778/991/1 779/992/1 697/881/1 696/880/1
f 780/993/3 781/994/3 594/749/15 593/748/15
f 782/995/3 780/993/3 593/748/15 597/752/15
f 783/996/3 782/995/3 597/752/15 599/754/15
f 784/997/3 783/996/3 599/754/15 601/756/15
f 785/998/3 784/997/3 601/756/15 603/758/15
f 786/999/3 785/998/3 603/758/15 605/760/15
f 787/1000/3 786/999/3 605/760/15 607/762/15
f 706/890/3 787/1000/3 607/762/15 500/624/15
f 608/763/24 594/749/15 781/994/3 788/1001/25
f 773/1002/2 690/893/2 503/629/17 610/766/17
f 765/1003/2 773/1002/2 610/766/17 611/768/17
f 757/1004/2 765/1003/2 611/768/17 612/770/17
f 749/1005/2 757/1004/2 612/770/17 613/772/17
f 741/1006/2 749/1005/2 613/772/17 614/774/17
f 733/1007/2 741/1006/2 614/774/17 615/776/17
f 725/1008/2 733/1007/2 615/776/17 616/778/17
f 717/1009/2 725/1008/2 616/778/17 617/780/17
f 512/781/18 709/1010/23 717/1009/2 617/780/17
f 527/674/21 608/784/24 788/1011/25 715/920/22
f 715/935/22 788/1012/25 781/1013/3 723/936/1
f 723/936/1 781/1013/3 780/1014/3 731/944/1
f 731/944/1 780/1014/3 782/1015/3 739/952/1
f 739/952/1 782/1015/3 783/1016/3 747/960/1
f 747/960/1 783/1016/3 784/1017/3 755/968/1
f 755/968/1 784/1017/3 785/1018/3 763/976/1
f 763/976/1 785/1018/3 786/1019/3 771/984/1
f 771/984/1 786/1019/3 787/1020/3 779/992/1
f 779/992/1 787/1020/3 706/912/3 697/881/1
f 515/662/21 516/663/21 711/916/22 708/913/22
f 708/922/22 711/925/22 719/928/1 716/923/1
f 716/923/1 719/928/1 727/940/1 724/937/1
f 724/937/1 727/940/1 735/948/1 732/945/1
f 732/945/1 735/948/1 743/956/1 740/953/1
f 740/953/1 743/956/1 751/964/1 748/961/1
f 748/961/1 751/964/1 759/972/1 756/969/1
f 756/969/1 759/972/1 767/980/1 764/977/1
f 764/977/1 767/980/1 775/988/1 772/985/1
f 772/985/1 775/988/1 692/876/1 691/875/1
usemtl wireX144225
g Plane002
f 789/1021/1 790/1022/1 791/1023/1 792/1024/1
f 793/1025/1 794/1026/1 795/1027/1 796/1028/1
f 797/1029/1 798/1030/1 799/1031/1 800/1032/1
f 801/1033/1 802/1034/1 803/1035/1 804/1036/1
f 805/1037/1 806/1038/1 807/1039/1 808/1040/1
f 809/1041/1 797/1029/1 800/1032/1 810/1042/1
f 811/1043/1 809/1041/1 810/1042/1 812/1044/1
f 813/1045/1 811/1043/1 812/1044/1 814/1046/1
f 815/1047/1 813/1045/1 814/1046/1 816/1048/1
f 817/1049/1 815/1047/1 816/1048/1 818/1050/1
f 819/1051/1 817/1049/1 818/1050/1 820/1052/1
f 821/1053/1 819/1051/1 820/1052/1 822/1054/1
f 823/1055/1 821/1053/1 822/1054/1 824/1056/1
f 825/1057/1 823/1055/1 824/1056/1 826/1058/1
f 827/1059/1 825/1057/1 826/1058/1 828/1060/1
f 829/1061/1 827/1059/1 828/1060/1 830/1062/1
f 831/1063/1 829/1061/1 830/1062/1 832/1064/1
f 833/1065/1 831/1063/1 832/1064/1 834/1066/1
f 835/1067/1 833/1065/1 834/1066/1 836/1068/1
f 790/1022/1 835/1067/1 836/1068/1 791/1023/1
f 1177/1069/1 838/1070/1 1391/1071/27 1497/1072/28
f 840/1073/1 837/1074/1 841/1075/1 842/1076/1
f 843/1077/1 840/1073/1 842/1076/1 844/1078/1
f 845/1079/1 843/1077/1 844/1078/1 846/1080/1
f 847/1081/1 845/1079/1 846/1080/1 848/1082/1
f 849/1083/1 847/1081/1 848/1082/1 850/1084/1
f 851/1085/1 849/1083/1 850/1084/1 852/1086/1
f 853/1087/1 851/1085/1 852/1086/1 854/1088/1
f 855/1089/1 853/1087/1 854/1088/1 856/1090/1
f 857/1091/1 855/1089/1 856/1090/1 858/1092/1
f 859/1093/1 857/1091/1 858/1092/1 860/1094/1
f 861/1095/1 859/1093/1 860/1094/1 862/1096/1
f 863/1097/1 861/1095/1 862/1096/1 864/1098/1
f 865/1099/1 863/1097/1 864/1098/1 866/1100/1
f 867/1101/1 865/1099/1 866/1100/1 868/1102/1
f 869/1103/1 870/1104/1 871/1105/1 872/1106/1
f 873/1107/1 874/1108/1 875/1109/1 876/1110/1
f 877/1111/1 873/1107/1 876/1110/1
f 878/1112/1 879/1113/1 880/1114/1 881/1115/1
f 882/1116/1 883/1117/1 884/1118/1 885/1119/1
f 882/1116/1 885/1119/1 886/1120/1
f 887/1121/1 888/1122/1 889/1123/1
f 890/1124/1 891/1125/1 892/1126/1 893/1127/1
f 894/1128/1 895/1129/1 896/1130/1 897/1131/1
f 898/1132/1 899/1133/1 900/1134/1 901/1135/1
f 902/1136/1 903/1137/1 904/1138/1 905/1139/1
f 906/1140/1 907/1141/1 908/1142/1 909/1143/1
f 910/1144/1 911/1145/1 912/1146/1 913/1147/1
f 914/1148/1 915/1149/1 916/1150/1 917/1151/1
f 918/1152/1 919/1153/1 920/1154/1 921/1155/1
f 922/1156/1 923/1157/1 924/1158/1 925/1159/1
f 926/1160/1 927/1161/1 928/1162/1 929/1163/1
f 930/1164/1 931/1165/1 932/1166/1 933/1167/1
f 921/1155/1 920/1154/1 934/1168/1 935/1169/1
f 935/1169/1 934/1168/1 936/1170/1 937/1171/1
f 937/1171/1 936/1170/1 938/1172/1 939/1173/1
f 939/1173/1 938/1172/1 903/1137/1 902/1136/1
f 940/1174/1 941/1175/1 942/1176/1 943/1177/1
f 943/1177/1 942/1176/1 944/1178/1 945/1179/1
f 945/1179/1 944/1178/1 905/1139/1 904/1138/1
f 946/1180/1 922/1156/1 925/1159/1 947/1181/1
f 948/1182/1 946/1180/1 947/1181/1 949/1183/1
f 950/1184/1 948/1182/1 949/1183/1 951/1185/1
f 907/1141/1 950/1184/1 951/1185/1 908/1142/1
f 952/1186/1 953/1187/1 892/1126/1 954/1188/1
f 909/1143/1 952/1186/1 954/1188/1 906/1140/1
f 955/1189/1 926/1160/1 929/1163/1 956/1190/1
f 957/1191/1 955/1189/1 956/1190/1 958/1192/1
f 959/1193/1 957/1191/1 958/1192/1 960/1194/1
f 911/1145/1 959/1193/1 960/1194/1 912/1146/1
f 892/1126/1 891/1125/1 961/1195/1 962/1196/1
f 954/1188/1 892/1126/1 962/1196/1 963/1197/1
f 906/1140/1 954/1188/1 963/1197/1 964/1198/1
f 965/1199/1 930/1164/1 933/1167/1 966/1200/1
f 967/1201/1 965/1199/1 966/1200/1 968/1202/1
f 969/1203/1 967/1201/1 968/1202/1 970/1204/1
f 915/1149/1 969/1203/1 970/1204/1 916/1150/1
f 971/1205/1 901/1135/1 972/1206/1 973/1207/1
f 917/1151/1 971/1205/1 973/1207/1 914/1148/1
f 923/1157/1 974/1208/1 975/1209/1 976/1210/1
f 802/1034/1 977/1211/1 976/1210/1 803/1035/1
f 978/1212/1 979/1213/1 980/1214/1 981/1215/1
f 982/1216/1 978/1212/1 981/1215/1 983/1217/1
f 984/1218/1 985/1219/1 986/1220/1 987/1221/1
f 879/1113/1 984/1218/1 987/1221/1 880/1114/1
f 932/1166/1 931/1165/1 988/1222/1 989/1223/1
f 990/1224/1 991/1225/1 992/1226/1
f 880/1114/1 993/1227/1 994/1228/1 881/1115/1
f 987/1221/1 995/1229/1 993/1227/1 880/1114/1
f 989/1223/1 988/1222/1 878/1112/1 881/1115/1
f 991/1225/1 996/1230/1 997/1231/1
f 998/1232/1 999/1233/1 1000/1234/1 1001/1235/1
f 1002/1236/1 1003/1237/1 999/1233/1 998/1232/1
f 1004/1238/1 1005/1239/1 1006/1240/1 1007/1241/1
f 1008/1242/1 1009/1243/1 1010/1244/1 1011/1245/1
f 1012/1246/1 1008/1242/1 1011/1245/1 1013/1247/1
f 1014/1248/1 1015/1249/1 1016/1250/1 1017/1251/1
f 1018/1252/1 1011/1245/1 1010/1244/1 1019/1253/1
f 999/1233/1 1018/1252/1 1019/1253/1 1000/1234/1
f 1020/1254/1 808/1040/1 807/1039/1 1021/1255/1
f 1022/1256/1 1013/1247/1 1011/1245/1 1018/1252/1
f 1003/1237/1 1022/1256/1 1018/1252/1 999/1233/1
f 998/1232/1 886/1120/1 885/1119/1 1002/1236/1
f 1017/1251/1 1016/1250/1 1023/1257/1 1024/1258/1
f 1024/1258/1 1023/1257/1 1005/1239/1 1004/1238/1
f 1025/1259/1 1026/1260/1 1007/1241/1 1006/1240/1
f 791/1023/1 1027/1261/1 1028/1262/1 792/1024/1
f 1029/1263/1 1030/1264/1 1031/1265/1
f 799/1031/1 1032/1266/1 1033/1267/1 800/1032/1
f 1034/1268/1 982/1216/1 983/1217/1 1035/1269/1
f 806/1038/1 1036/1270/1 1037/1271/1 807/1039/1
f 800/1032/1 1033/1267/1 1038/1272/1 810/1042/1
f 810/1042/1 1038/1272/1 1039/1273/1 812/1044/1
f 812/1044/1 1039/1273/1 1040/1274/1 814/1046/1
f 814/1046/1 1040/1274/1 1041/1275/1 816/1048/1
f 816/1048/1 1041/1275/1 1042/1276/1 818/1050/1
f 818/1050/1 1042/1276/1 1043/1277/1 820/1052/1
f 820/1052/1 1043/1277/1 1044/1278/1 822/1054/1
f 822/1054/1 1044/1278/1 1045/1279/1 824/1056/1
f 824/1056/1 1045/1279/1 1046/1280/1 826/1058/1
f 826/1058/1 1046/1280/1 1047/1281/1 828/1060/1
f 828/1060/1 1047/1281/1 1048/1282/1 830/1062/1
f 830/1062/1 1048/1282/1 1049/1283/1 832/1064/1
f 832/1064/1 1049/1283/1 1050/1284/1 834/1066/1
f 834/1066/1 1050/1284/1 1051/1285/1 836/1068/1
f 836/1068/1 1051/1285/1 1027/1261/1 791/1023/1
f 979/1213/1 1052/1286/1 1053/1287/1 980/1214/1
f 1052/1286/1 1054/1288/1 1055/1289/1 1053/1287/1
f 1054/1288/1 1056/1290/1 1057/1291/1 1055/1289/1
f 1056/1290/1 1058/1292/1 1059/1293/1 1057/1291/1
f 1058/1292/1 1060/1294/1 1061/1295/1 1059/1293/1
f 1060/1294/1 1062/1296/1 1063/1297/1 1061/1295/1
f 1062/1296/1 1064/1298/1 1065/1299/1 1063/1297/1
f 1064/1298/1 1066/1300/1 1067/1301/1 1065/1299/1
f 1066/1300/1 1068/1302/1 1069/1303/1 1067/1301/1
f 1068/1302/1 1070/1304/1 1071/1305/1 1069/1303/1
f 1070/1304/1 1072/1306/1 1073/1307/1 1071/1305/1
f 1072/1306/1 1074/1308/1 1075/1309/1 1073/1307/1
f 1074/1308/1 1076/1310/1 1077/1311/1 1075/1309/1
f 1076/1310/1 1078/1312/1 1079/1313/1 1077/1311/1
f 1078/1312/1 789/1021/1 792/1024/1 1079/1313/1
f 798/1030/1 1080/1314/1 1081/1315/1 799/1031/1
f 1080/1314/1 1082/1316/1 1083/1317/1 1081/1315/1
f 805/1037/1 1084/1318/1 1085/1319/1 806/1038/1
f 912/1146/1 1086/1320/1 964/1198/1 913/1147/1
f 928/1162/1 974/1208/1 1087/1321/1 929/1163/1
f 929/1163/1 1087/1321/1 1088/1322/1 956/1190/1
f 956/1190/1 1088/1322/1 1089/1323/1 958/1192/1
f 958/1192/1 1089/1323/1 1090/1324/1 960/1194/1
f 960/1194/1 1090/1324/1 1086/1320/1 912/1146/1
f 1084/1318/1 1091/1325/1 1092/1326/1 1085/1319/1
f 1091/1325/1 1093/1327/1 1094/1328/1 1092/1326/1
f 1093/1327/1 910/1144/1 913/1147/1 1094/1328/1
f 927/1161/1 1095/1329/1 1096/1330/1 928/1162/1
f 1095/1329/1 1034/1268/1 1035/1269/1 1096/1330/1
f 980/1214/1 1097/1331/1 1098/1332/1 981/1215/1
f 981/1215/1 1098/1332/1 1099/1333/1 983/1217/1
f 1100/1334/1 1020/1254/1 1021/1255/1 1101/1335/1
f 1102/1336/1 1103/1337/1 1104/1338/1 1105/1339/1
f 1106/1340/1 1100/1334/1 1101/1335/1 1107/1341/1
f 807/1039/1 1037/1271/1 1001/1235/1 1021/1255/1
f 1083/1317/1 1082/1316/1 1108/1342/1 1109/1343/1
f 1109/1343/1 1108/1342/1 1110/1344/1 1111/1345/1
f 1111/1345/1 1110/1344/1 1112/1346/1 1113/1347/1
f 1113/1347/1 1112/1346/1 794/1026/1 793/1025/1
f 1114/1348/1 869/1103/1 872/1106/1 1115/1349/1
f 1116/1350/1 1114/1348/1 1115/1349/1 1117/1351/1
f 795/1027/1 1116/1350/1 1117/1351/1 796/1028/1
f 1118/1352/1 877/1111/1 1119/1353/1 1120/1354/1
f 1121/1355/1 1118/1352/1 1120/1354/1
f 1122/1356/1 1121/1355/1 1123/1357/1
f 1029/1263/1 1122/1356/1 1124/1358/1 1030/1264/1
f 1115/1349/1 872/1106/1 1125/1359/1
f 1125/1359/1 1126/1360/1 1127/1361/1
f 796/1028/1 1117/1351/1 1127/1361/1 1128/1362/1
f 872/1106/1 871/1105/1 1125/1359/1
f 1129/1363/1 1035/1269/1 983/1217/1 1099/1333/1
f 1097/1331/1 980/1214/1 1053/1287/1 1130/1364/1
f 1130/1364/1 1053/1287/1 1055/1289/1 1131/1365/1
f 1131/1365/1 1055/1289/1 1057/1291/1 1132/1366/1
f 1132/1366/1 1057/1291/1 1059/1293/1 1133/1367/1
f 1133/1367/1 1059/1293/1 1061/1295/1 1134/1368/1
f 1134/1368/1 1061/1295/1 1063/1297/1 1135/1369/1
f 1135/1369/1 1063/1297/1 1065/1299/1 1136/1370/1
f 1136/1370/1 1065/1299/1 1067/1301/1 1137/1371/1
f 1137/1371/1 1067/1301/1 1069/1303/1 1138/1372/1
f 1138/1372/1 1069/1303/1 1071/1305/1 1139/1373/1
f 1139/1373/1 1071/1305/1 1073/1307/1 1140/1374/1
f 1140/1374/1 1073/1307/1 1075/1309/1 1141/1375/1
f 1141/1375/1 1075/1309/1 1077/1311/1 1142/1376/1
f 1142/1376/1 1077/1311/1 1079/1313/1 1143/1377/1
f 1143/1377/1 1079/1313/1 792/1024/1 1028/1262/1
f 1036/1270/1 806/1038/1 1085/1319/1 961/1195/1
f 961/1195/1 1085/1319/1 1092/1326/1 962/1196/1
f 962/1196/1 1092/1326/1 1094/1328/1 963/1197/1
f 963/1197/1 1094/1328/1 913/1147/1 964/1198/1
f 974/1208/1 928/1162/1 1096/1330/1 975/1209/1
f 975/1209/1 1096/1330/1 1035/1269/1 1129/1363/1
f 1000/1234/1 1101/1335/1 1021/1255/1 1001/1235/1
f 1009/1243/1 1144/1378/1 1145/1379/1 1010/1244/1
f 1145/1379/1 1105/1339/1 1019/1253/1 1010/1244/1
f 1019/1253/1 1107/1341/1 1101/1335/1 1000/1234/1
f 1027/1261/1 1146/1380/1 1147/1381/1 1028/1262/1
f 1036/1270/1 1148/1382/1 1149/1383/1 1037/1271/1
f 1033/1267/1 1150/1384/1 1151/1385/1 1038/1272/1
f 1038/1272/1 1151/1385/1 1152/1386/1 1039/1273/1
f 1039/1273/1 1152/1386/1 1153/1387/1 1040/1274/1
f 1040/1274/1 1153/1387/1 1154/1388/1 1041/1275/1
f 1041/1275/1 1154/1388/1 1155/1389/1 1042/1276/1
f 1042/1276/1 1155/1389/1 1156/1390/1 1043/1277/1
f 1043/1277/1 1156/1390/1 1157/1391/1 1044/1278/1
f 1044/1278/1 1157/1391/1 1158/1392/1 1045/1279/1
f 1045/1279/1 1158/1392/1 1159/1393/1 1046/1280/1
f 1046/1280/1 1159/1393/1 1160/1394/1 1047/1281/1
f 1047/1281/1 1160/1394/1 1161/1395/1 1048/1282/1
f 1048/1282/1 1161/1395/1 1162/1396/1 1049/1283/1
f 1049/1283/1 1162/1396/1 1163/1397/1 1050/1284/1
f 1050/1284/1 1163/1397/1 1164/1398/1 1051/1285/1
f 1051/1285/1 1164/1398/1 1146/1380/1 1027/1261/1
f 1086/1320/1 907/1141/1 906/1140/1 964/1198/1
f 974/1208/1 923/1157/1 922/1156/1 1087/1321/1
f 1087/1321/1 922/1156/1 946/1180/1 1088/1322/1
f 1088/1322/1 946/1180/1 948/1182/1 1089/1323/1
f 1089/1323/1 948/1182/1 950/1184/1 1090/1324/1
f 1090/1324/1 950/1184/1 907/1141/1 1086/1320/1
f 1097/1331/1 1165/1399/1 1166/1400/1 1098/1332/1
f 1098/1332/1 1166/1400/1 1167/1401/1 1099/1333/1
f 1037/1271/1 886/1120/1 998/1232/1 1001/1235/1
f 1032/1266/1 799/1031/1 1081/1315/1 1168/1402/1
f 1168/1402/1 1081/1315/1 1083/1317/1 1169/1403/1
f 1170/1404/1 793/1025/1 796/1028/1 1128/1362/1
f 1169/1403/1 1083/1317/1 1109/1343/1 1171/1405/1
f 1171/1405/1 1109/1343/1 1111/1345/1 1172/1406/1
f 1172/1406/1 1111/1345/1 1113/1347/1 1173/1407/1
f 1173/1407/1 1113/1347/1 793/1025/1 1170/1404/1
f 1127/1361/1 1126/1360/1 1031/1265/1 1128/1362/1
f 1032/1266/1 1174/1408/1 1150/1384/1 1033/1267/1
f 1127/1361/1 1117/1351/1 1115/1349/1 1125/1359/1
f 803/1035/1 1175/1409/1 1167/1401/1 1176/1410/1
f 976/1210/1 975/1209/1 1129/1363/1 1175/1409/1
f 839/1411/1 838/1070/1 1177/1069/1 1178/1412/1
f 1178/1412/1 1177/1069/1 801/1033/1 804/1036/1
f 976/1210/1 977/1211/1 924/1158/1 923/1157/1
f 839/1411/1 1179/1413/1 1180/1414/1 841/1075/1
f 1181/1415/1 1130/1364/1 1131/1365/1 1182/1416/1
f 1182/1416/1 1131/1365/1 1132/1366/1 1183/1417/1
f 1183/1417/1 1132/1366/1 1133/1367/1 1184/1418/1
f 1184/1418/1 1133/1367/1 1134/1368/1 1185/1419/1
f 1185/1419/1 1134/1368/1 1135/1369/1 1186/1420/1
f 1186/1420/1 1135/1369/1 1136/1370/1 1187/1421/1
f 1187/1421/1 1136/1370/1 1137/1371/1 1188/1422/1
f 1188/1422/1 1137/1371/1 1138/1372/1 1189/1423/1
f 1189/1423/1 1138/1372/1 1139/1373/1 1190/1424/1
f 1190/1424/1 1139/1373/1 1140/1374/1 1191/1425/1
f 1191/1425/1 1140/1374/1 1141/1375/1 1192/1426/1
f 1192/1426/1 1141/1375/1 1142/1376/1 1193/1427/1
f 1193/1427/1 1142/1376/1 1143/1377/1 1194/1428/1
f 1194/1428/1 1143/1377/1 1028/1262/1 1147/1381/1
f 1146/1380/1 1195/1429/1 1196/1430/1 1147/1381/1
f 1150/1384/1 1197/1431/1 1198/1432/1 1151/1385/1
f 1151/1385/1 1198/1432/1 1199/1433/1 1152/1386/1
f 1152/1386/1 1199/1433/1 1200/1434/1 1153/1387/1
f 1153/1387/1 1200/1434/1 1201/1435/1 1154/1388/1
f 1154/1388/1 1201/1435/1 1202/1436/1 1155/1389/1
f 1155/1389/1 1202/1436/1 1203/1437/1 1156/1390/1
f 1156/1390/1 1203/1437/1 1204/1438/1 1157/1391/1
f 1157/1391/1 1204/1438/1 1205/1439/1 1158/1392/1
f 1158/1392/1 1205/1439/1 1206/1440/1 1159/1393/1
f 1159/1393/1 1206/1440/1 1207/1441/1 1160/1394/1
f 1160/1394/1 1207/1441/1 1208/1442/1 1161/1395/1
f 1161/1395/1 1208/1442/1 1209/1443/1 1162/1396/1
f 1162/1396/1 1209/1443/1 1210/1444/1 1163/1397/1
f 1163/1397/1 1210/1444/1 1211/1445/1 1164/1398/1
f 1164/1398/1 1211/1445/1 1195/1429/1 1146/1380/1
f 1165/1399/1 1212/1446/1 1213/1447/1 1166/1400/1
f 1166/1400/1 1213/1447/1 1176/1410/1 1167/1401/1
f 1175/1409/1 1129/1363/1 1099/1333/1 1167/1401/1
f 1165/1399/1 1097/1331/1 1130/1364/1 1181/1415/1
f 1214/1448/1 1181/1415/1 1182/1416/1 1215/1449/1
f 1215/1449/1 1182/1416/1 1183/1417/1 1216/1450/1
f 1216/1450/1 1183/1417/1 1184/1418/1 1217/1451/1
f 1217/1451/1 1184/1418/1 1185/1419/1 1218/1452/1
f 1218/1452/1 1185/1419/1 1186/1420/1 1219/1453/1
f 1219/1453/1 1186/1420/1 1187/1421/1 1220/1454/1
f 1220/1454/1 1187/1421/1 1188/1422/1 1221/1455/1
f 1221/1455/1 1188/1422/1 1189/1423/1 1222/1456/1
f 1222/1456/1 1189/1423/1 1190/1424/1 1223/1457/1
f 1223/1457/1 1190/1424/1 1191/1425/1 1224/1458/1
f 1224/1458/1 1191/1425/1 1192/1426/1 1225/1459/1
f 1225/1459/1 1192/1426/1 1193/1427/1 1226/1460/1
f 1226/1460/1 1193/1427/1 1194/1428/1 1227/1461/1
f 1227/1461/1 1194/1428/1 1147/1381/1 1196/1430/1
f 1212/1446/1 1165/1399/1 1181/1415/1 1214/1448/1
f 1195/1429/1 1228/1462/1 1229/1463/1 1196/1430/1
f 1197/1431/1 1230/1464/1 1231/1465/1 1198/1432/1
f 1198/1432/1 1231/1465/1 1232/1466/1 1199/1433/1
f 1199/1433/1 1232/1466/1 1233/1467/1 1200/1434/1
f 1200/1434/1 1233/1467/1 1234/1468/1 1201/1435/1
f 1201/1435/1 1234/1468/1 1235/1469/1 1202/1436/1
f 1202/1436/1 1235/1469/1 1236/1470/1 1203/1437/1
f 1203/1437/1 1236/1470/1 1237/1471/1 1204/1438/1
f 1204/1438/1 1237/1471/1 1238/1472/1 1205/1439/1
f 1205/1439/1 1238/1472/1 1239/1473/1 1206/1440/1
f 1206/1440/1 1239/1473/1 1240/1474/1 1207/1441/1
f 1207/1441/1 1240/1474/1 1241/1475/1 1208/1442/1
f 1208/1442/1 1241/1475/1 1242/1476/1 1209/1443/1
f 1209/1443/1 1242/1476/1 1243/1477/1 1210/1444/1
f 1210/1444/1 1243/1477/1 1244/1478/1 1211/1445/1
f 1211/1445/1 1244/1478/1 1228/1462/1 1195/1429/1
f 1212/1446/1 1245/1479/1 1246/1480/1 1213/1447/1
f 1213/1447/1 1246/1480/1 804/1036/1 1176/1410/1
f 1247/1481/1 1214/1448/1 1215/1449/1 1248/1482/1
f 1248/1482/1 1215/1449/1 1216/1450/1 1249/1483/1
f 1249/1483/1 1216/1450/1 1217/1451/1 1250/1484/1
f 1250/1484/1 1217/1451/1 1218/1452/1 1251/1485/1
f 1251/1485/1 1218/1452/1 1219/1453/1 1252/1486/1
f 1252/1486/1 1219/1453/1 1220/1454/1 1253/1487/1
f 1253/1487/1 1220/1454/1 1221/1455/1 1254/1488/1
f 1254/1488/1 1221/1455/1 1222/1456/1 1255/1489/1
f 1255/1489/1 1222/1456/1 1223/1457/1 1256/1490/1
f 1256/1490/1 1223/1457/1 1224/1458/1 1257/1491/1
f 1257/1491/1 1224/1458/1 1225/1459/1 1258/1492/1
f 1258/1492/1 1225/1459/1 1226/1460/1 1259/1493/1
f 1259/1493/1 1226/1460/1 1227/1461/1 1260/1494/1
f 1260/1494/1 1227/1461/1 1196/1430/1 1229/1463/1
f 1245/1479/1 1212/1446/1 1214/1448/1 1247/1481/1
f 1228/1462/1 1261/1495/1 1262/1496/1 1229/1463/1
f 1230/1464/1 1263/1497/1 1264/1498/1 1231/1465/1
f 1231/1465/1 1264/1498/1 1265/1499/1 1232/1466/1
f 1232/1466/1 1265/1499/1 1266/1500/1 1233/1467/1
f 1233/1467/1 1266/1500/1 1267/1501/1 1234/1468/1
f 1234/1468/1 1267/1501/1 1268/1502/1 1235/1469/1
f 1235/1469/1 1268/1502/1 1269/1503/1 1236/1470/1
f 1236/1470/1 1269/1503/1 1270/1504/1 1237/1471/1
f 1237/1471/1 1270/1504/1 1271/1505/1 1238/1472/1
f 1238/1472/1 1271/1505/1 1272/1506/1 1239/1473/1
f 1239/1473/1 1272/1506/1 1273/1507/1 1240/1474/1
f 1240/1474/1 1273/1507/1 1274/1508/1 1241/1475/1
f 1241/1475/1 1274/1508/1 1275/1509/1 1242/1476/1
f 1242/1476/1 1275/1509/1 1276/1510/1 1243/1477/1
f 1243/1477/1 1276/1510/1 1277/1511/1 1244/1478/1
f 1244/1478/1 1277/1511/1 1261/1495/1 1228/1462/1
f 1245/1479/1 1179/1413/1 1178/1412/1 1246/1480/1
f 1180/1414/1 1247/1481/1 1248/1482/1 1278/1512/1
f 1278/1512/1 1248/1482/1 1249/1483/1 1279/1513/1
f 1279/1513/1 1249/1483/1 1250/1484/1 1280/1514/1
f 1280/1514/1 1250/1484/1 1251/1485/1 1281/1515/1
f 1281/1515/1 1251/1485/1 1252/1486/1 1282/1516/1
f 1282/1516/1 1252/1486/1 1253/1487/1 1283/1517/1
f 1283/1517/1 1253/1487/1 1254/1488/1 1284/1518/1
f 1284/1518/1 1254/1488/1 1255/1489/1 1285/1519/1
f 1285/1519/1 1255/1489/1 1256/1490/1 1286/1520/1
f 1286/1520/1 1256/1490/1 1257/1491/1 1287/1521/1
f 1287/1521/1 1257/1491/1 1258/1492/1 1288/1522/1
f 1288/1522/1 1258/1492/1 1259/1493/1 1289/1523/1
f 1289/1523/1 1259/1493/1 1260/1494/1 1290/1524/1
f 1290/1524/1 1260/1494/1 1229/1463/1 1262/1496/1
f 1179/1413/1 1245/1479/1 1247/1481/1 1180/1414/1
f 1261/1495/1 1291/1525/1 868/1102/1 1262/1496/1
f 1263/1497/1 1292/1526/1 1293/1527/1 1264/1498/1
f 1264/1498/1 1293/1527/1 1294/1528/1 1265/1499/1
f 1265/1499/1 1294/1528/1 1295/1529/1 1266/1500/1
f 1266/1500/1 1295/1529/1 1296/1530/1 1267/1501/1
f 1267/1501/1 1296/1530/1 1297/1531/1 1268/1502/1
f 1268/1502/1 1297/1531/1 1298/1532/1 1269/1503/1
f 1269/1503/1 1298/1532/1 1299/1533/1 1270/1504/1
f 1270/1504/1 1299/1533/1 1300/1534/1 1271/1505/1
f 1271/1505/1 1300/1534/1 1301/1535/1 1272/1506/1
f 1272/1506/1 1301/1535/1 1302/1536/1 1273/1507/1
f 1273/1507/1 1302/1536/1 1303/1537/1 1274/1508/1
f 1274/1508/1 1303/1537/1 1304/1538/1 1275/1509/1
f 1275/1509/1 1304/1538/1 1305/1539/1 1276/1510/1
f 1276/1510/1 1305/1539/1 1306/1540/1 1277/1511/1
f 1277/1511/1 1306/1540/1 1291/1525/1 1261/1495/1
f 841/1075/1 1180/1414/1 1278/1512/1 842/1076/1
f 842/1076/1 1278/1512/1 1279/1513/1 844/1078/1
f 844/1078/1 1279/1513/1 1280/1514/1 846/1080/1
f 846/1080/1 1280/1514/1 1281/1515/1 848/1082/1
f 848/1082/1 1281/1515/1 1282/1516/1 850/1084/1
f 850/1084/1 1282/1516/1 1283/1517/1 852/1086/1
f 852/1086/1 1283/1517/1 1284/1518/1 854/1088/1
f 854/1088/1 1284/1518/1 1285/1519/1 856/1090/1
f 856/1090/1 1285/1519/1 1286/1520/1 858/1092/1
f 858/1092/1 1286/1520/1 1287/1521/1 860/1094/1
f 860/1094/1 1287/1521/1 1288/1522/1 862/1096/1
f 862/1096/1 1288/1522/1 1289/1523/1 864/1098/1
f 864/1098/1 1289/1523/1 1290/1524/1 866/1100/1
f 866/1100/1 1290/1524/1 1262/1496/1 868/1102/1
f 1291/1525/1 1307/1541/1 867/1101/1 868/1102/1
f 1292/1526/1 1308/1542/1 1309/1543/1 1293/1527/1
f 1293/1527/1 1309/1543/1 1310/1544/1 1294/1528/1
f 1294/1528/1 1310/1544/1 1311/1545/1 1295/1529/1
f 1295/1529/1 1311/1545/1 1312/1546/1 1296/1530/1
f 1296/1530/1 1312/1546/1 1313/1547/1 1297/1531/1
f 1297/1531/1 1313/1547/1 1314/1548/1 1298/1532/1
f 1298/1532/1 1314/1548/1 1315/1549/1 1299/1533/1
f 1299/1533/1 1315/1549/1 1316/1550/1 1300/1534/1
f 1300/1534/1 1316/1550/1 1317/1551/1 1301/1535/1
f 1301/1535/1 1317/1551/1 1318/1552/1 1302/1536/1
f 1302/1536/1 1318/1552/1 1319/1553/1 1303/1537/1
f 1303/1537/1 1319/1553/1 1320/1554/1 1304/1538/1
f 1304/1538/1 1320/1554/1 1321/1555/1 1305/1539/1
f 1305/1539/1 1321/1555/1 1322/1556/1 1306/1540/1
f 1306/1540/1 1322/1556/1 1307/1541/1 1291/1525/1
f 941/1175/1 940/1174/1 1323/1557/1 1324/1558/1
f 1324/1558/1 1323/1557/1 1026/1260/1 1025/1259/1
f 1325/1559/1 1326/1560/1 1327/1561/1 1328/1562/1
f 903/1137/1 1325/1559/1 1328/1562/1 904/1138/1
f 1329/1563/1 917/1151/1 916/1150/1 1330/1564/1
f 905/1139/1 1329/1563/1 1330/1564/1 902/1136/1
f 997/1231/1 996/1230/1 1331/1565/1 1332/1566/1
f 919/1153/1 997/1231/1 1332/1566/1 920/1154/1
f 1333/1567/1 933/1167/1 932/1166/1 1334/1568/1
f 921/1155/1 1333/1567/1 1334/1568/1 918/1152/1
f 1332/1566/1 1331/1565/1 1335/1569/1 1336/1570/1
f 920/1154/1 1332/1566/1 1336/1570/1 934/1168/1
f 1337/1571/1 966/1200/1 933/1167/1 1333/1567/1
f 935/1169/1 1337/1571/1 1333/1567/1 921/1155/1
f 1336/1570/1 1335/1569/1 1338/1572/1 1339/1573/1
f 934/1168/1 1336/1570/1 1339/1573/1 936/1170/1
f 1340/1574/1 968/1202/1 966/1200/1 1337/1571/1
f 937/1171/1 1340/1574/1 1337/1571/1 935/1169/1
f 1339/1573/1 1338/1572/1 1341/1575/1 1342/1576/1
f 936/1170/1 1339/1573/1 1342/1576/1 938/1172/1
f 1343/1577/1 970/1204/1 968/1202/1 1340/1574/1
f 939/1173/1 1343/1577/1 1340/1574/1 937/1171/1
f 1342/1576/1 1341/1575/1 1326/1560/1 1325/1559/1
f 938/1172/1 1342/1576/1 1325/1559/1 903/1137/1
f 1330/1564/1 916/1150/1 970/1204/1 1343/1577/1
f 902/1136/1 1330/1564/1 1343/1577/1 939/1173/1
f 894/1128/1 898/1132/1 901/1135/1 1344/1578/1
f 941/1175/1 894/1128/1 1344/1578/1 942/1176/1
f 1345/1579/1 1346/1580/1 1347/1581/1 1348/1582/1
f 943/1177/1 1345/1579/1 1348/1582/1 940/1174/1
f 1344/1578/1 901/1135/1 971/1205/1 1349/1583/1
f 942/1176/1 1344/1578/1 1349/1583/1 944/1178/1
f 1350/1584/1 1351/1585/1 1346/1580/1 1345/1579/1
f 945/1179/1 1350/1584/1 1345/1579/1 943/1177/1
f 1349/1583/1 971/1205/1 917/1151/1 1329/1563/1
f 944/1178/1 1349/1583/1 1329/1563/1 905/1139/1
f 1328/1562/1 1327/1561/1 1351/1585/1 1350/1584/1
f 904/1138/1 1328/1562/1 1350/1584/1 945/1179/1
f 1352/1586/1 1003/1237/1 1002/1236/1 1353/1587/1
f 1005/1239/1 1352/1586/1 1353/1587/1 1006/1240/1
f 1354/1588/1 1355/1589/1 1356/1590/1 1357/1591/1
f 1007/1241/1 1354/1588/1 1357/1591/1 1004/1238/1
f 1358/1592/1 1012/1246/1 1013/1247/1 1359/1593/1
f 1015/1249/1 1358/1592/1 1359/1593/1 1016/1250/1
f 1360/1594/1 1361/1595/1 1362/1596/1 1363/1597/1
f 1363/1597/1 1362/1596/1 1014/1248/1 1017/1251/1
f 1359/1593/1 1013/1247/1 1022/1256/1 1364/1598/1
f 1016/1250/1 1359/1593/1 1364/1598/1 1023/1257/1
f 1365/1599/1 1366/1600/1 1360/1594/1 1363/1597/1
f 1024/1258/1 1365/1599/1 1363/1597/1 1017/1251/1
f 1364/1598/1 1022/1256/1 1003/1237/1 1352/1586/1
f 1023/1257/1 1364/1598/1 1352/1586/1 1005/1239/1
f 1357/1591/1 1356/1590/1 1366/1600/1 1365/1599/1
f 1004/1238/1 1357/1591/1 1365/1599/1 1024/1258/1
f 1367/1601/1 1368/1602/1 1355/1589/1 1354/1588/1
f 1026/1260/1 1367/1601/1 1354/1588/1 1007/1241/1
f 1353/1587/1 1002/1236/1 885/1119/1 1369/1603/1
f 1006/1240/1 1353/1587/1 1369/1603/1 1025/1259/1
f 1348/1582/1 1347/1581/1 1370/1604/1 1371/1605/1
f 940/1174/1 1348/1582/1 1371/1605/1 1323/1557/1
f 1324/1558/1 895/1129/1 894/1128/1 941/1175/1
f 1371/1605/1 1370/1604/1 1368/1602/1 1367/1601/1
f 1323/1557/1 1371/1605/1 1367/1601/1 1026/1260/1
f 1025/1259/1 1369/1603/1 895/1129/1 1324/1558/1
f 883/1117/1 1372/1606/1 896/1130/1 884/1118/1
f 898/1132/1 894/1128/1 897/1131/1
f 886/1120/1 1037/1271/1 1149/1383/1
f 888/1122/1 1373/1607/1 1148/1382/1 889/1123/1
f 896/1130/1 1372/1606/1 1374/1608/1 897/1131/1
f 896/1130/1 895/1129/1 1369/1603/1 884/1118/1
f 884/1118/1 1369/1603/1 885/1119/1
f 1375/1609/1 899/1133/1 898/1132/1 897/1131/1
f 1148/1382/1 1373/1607/1 1376/1610/1 1149/1383/1
f 1148/1382/1 1036/1270/1 961/1195/1 889/1123/1
f 1149/1383/1 1376/1610/1 882/1116/1 886/1120/1
f 889/1123/1 961/1195/1 891/1125/1
f 1144/1378/1 1102/1336/1 1105/1339/1 1145/1379/1
f 1103/1337/1 1106/1340/1 1107/1341/1 1104/1338/1
f 1104/1338/1 1107/1341/1 1019/1253/1 1105/1339/1
f 1174/1408/1 1032/1266/1 1168/1402/1 1377/1611/1
f 1377/1611/1 1168/1402/1 1169/1403/1 1378/1612/1
f 1030/1264/1 1170/1404/1 1128/1362/1 1031/1265/1
f 1378/1612/1 1169/1403/1 1171/1405/1 1379/1613/1
f 1379/1613/1 1171/1405/1 1172/1406/1 1380/1614/1
f 1380/1614/1 1172/1406/1 1173/1407/1 1124/1358/1
f 1124/1358/1 1173/1407/1 1170/1404/1 1030/1264/1
f 1174/1408/1 1381/1615/1 1197/1431/1 1150/1384/1
f 1381/1615/1 1174/1408/1 1377/1611/1 1382/1616/1
f 1382/1616/1 1377/1611/1 1378/1612/1 1383/1617/1
f 1383/1617/1 1378/1612/1 1379/1613/1 1384/1618/1
f 1384/1618/1 1379/1613/1 1380/1614/1 1123/1357/1
f 1123/1357/1 1380/1614/1 1124/1358/1 1122/1356/1
f 1381/1615/1 1385/1619/1 1230/1464/1 1197/1431/1
f 1385/1619/1 1381/1615/1 1382/1616/1 1386/1620/1
f 1386/1620/1 1382/1616/1 1383/1617/1 1119/1353/1
f 1119/1353/1 1383/1617/1 1384/1618/1 1120/1354/1
f 1385/1619/1 875/1109/1 1263/1497/1 1230/1464/1
f 1120/1354/1 1384/1618/1 1123/1357/1 1121/1355/1
f 875/1109/1 1385/1619/1 1386/1620/1 876/1110/1
f 876/1110/1 1386/1620/1 1119/1353/1 877/1111/1
f 874/1108/1 1308/1542/1 1292/1526/1
f 1292/1526/1 1263/1497/1 875/1109/1 874/1108/1
f 897/1131/1 1374/1608/1 1375/1609/1
f 889/1123/1 891/1125/1 890/1124/1 887/1121/1
f 892/1126/1 953/1187/1 893/1127/1
f 900/1134/1 972/1206/1 901/1135/1
f 1175/1409/1 803/1035/1 976/1210/1
f 1176/1410/1 804/1036/1 803/1035/1
f 1246/1480/1 1178/1412/1 804/1036/1
f 1179/1413/1 839/1411/1 1178/1412/1
f 841/1075/1 837/1074/1 839/1411/1
f 987/1221/1 986/1220/1 995/1229/1
f 1387/1621/1 989/1223/1 881/1115/1 994/1228/1
f 993/1227/1 1388/1622/1 1389/1623/1 994/1228/1
f 995/1229/1 1388/1622/1 993/1227/1
f 1390/1624/1 1387/1621/1 994/1228/1 1389/1623/1
f 1388/1622/1 990/1224/1 1389/1623/1
f 992/1226/1 1390/1624/1 1389/1623/1 990/1224/1
f 1334/1568/1 932/1166/1 989/1223/1 1387/1621/1
f 918/1152/1 1334/1568/1 1387/1621/1 1390/1624/1
f 919/1153/1 918/1152/1 1390/1624/1 992/1226/1
f 997/1231/1 919/1153/1 992/1226/1 991/1225/1
f 790/1022/1 789/1021/1 1392/1625/8 1393/1626/8
f 795/1027/1 794/1026/1 1394/1627/29 1395/1628/30
f 798/1030/1 797/1029/1 1396/1629/31 1397/1630/32
f 802/1034/1 801/1033/1 1398/1631/33 1399/1632/34
f 805/1037/1 808/1040/1 1400/1633/8 1401/1634/8
f 797/1029/1 809/1041/1 1402/1635/8 1396/1629/31
f 809/1041/1 811/1043/1 1403/1636/8 1402/1635/8
f 811/1043/1 813/1045/1 1404/1637/8 1403/1636/8
f 813/1045/1 815/1047/1 1405/1638/8 1404/1637/8
f 815/1047/1 817/1049/1 1406/1639/8 1405/1638/8
f 817/1049/1 819/1051/1 1407/1640/8 1406/1639/8
f 819/1051/1 821/1053/1 1408/1641/8 1407/1640/8
f 821/1053/1 823/1055/1 1409/1642/8 1408/1641/8
f 823/1055/1 825/1057/1 1410/1643/8 1409/1642/8
f 825/1057/1 827/1059/1 1411/1644/8 1410/1643/8
f 827/1059/1 829/1061/1 1412/1645/8 1411/1644/8
f 829/1061/1 831/1063/1 1413/1646/8 1412/1645/8
f 831/1063/1 833/1065/1 1414/1647/8 1413/1646/8
f 833/1065/1 835/1067/1 1415/1648/8 1414/1647/8
f 835/1067/1 790/1022/1 1393/1626/8 1415/1648/8
f 870/1104/1 869/1103/1 1416/1649/35 1417/1650/36
f 879/1113/1 878/1112/1 1418/1651/37 1419/1652/38
f 883/1117/1 882/1116/1 1420/1653/39 1421/1654/40
f 888/1122/1 887/1121/1 1422/1655/41 1423/1656/42
f 890/1124/1 893/1127/1 1424/1657/43 1425/1658/44
f 900/1134/1 899/1133/1 1426/1659/45 1427/1660/46
f 909/1143/1 908/1142/1 1428/1661/22 1429/1662/22
f 911/1145/1 910/1144/1 1430/1663/8 1431/1664/8
f 915/1149/1 914/1148/1 1432/1665/47 1433/1666/47
f 925/1159/1 924/1158/1 1434/1667/48 1435/1668/22
f 927/1161/1 926/1160/1 1436/1669/8 1437/1670/8
f 931/1165/1 930/1164/1 1438/1671/8 1439/1672/49
f 947/1181/1 925/1159/1 1435/1668/22 1440/1673/22
f 949/1183/1 947/1181/1 1440/1673/22 1441/1674/22
f 951/1185/1 949/1183/1 1441/1674/22 1442/1675/22
f 908/1142/1 951/1185/1 1442/1675/22 1428/1661/22
f 953/1187/1 952/1186/1 1443/1676/22 1444/1677/43
f 952/1186/1 909/1143/1 1429/1662/22 1443/1676/22
f 926/1160/1 955/1189/1 1445/1678/8 1436/1669/8
f 955/1189/1 957/1191/1 1446/1679/8 1445/1678/8
f 957/1191/1 959/1193/1 1447/1680/8 1446/1679/8
f 959/1193/1 911/1145/1 1431/1664/8 1447/1680/8
f 930/1164/1 965/1199/1 1448/1681/8 1438/1671/8
f 965/1199/1 967/1201/1 1449/1682/8 1448/1681/8
f 967/1201/1 969/1203/1 1450/1683/8 1449/1682/8
f 969/1203/1 915/1149/1 1433/1666/47 1450/1683/8
f 973/1207/1 972/1206/1 1451/1684/46 1452/1685/8
f 914/1148/1 973/1207/1 1452/1685/8 1432/1665/47
f 977/1211/1 802/1034/1 1399/1632/34 1453/1686/50
f 979/1213/1 978/1212/1 1454/1687/8 1455/1688/8
f 978/1212/1 982/1216/1 1456/1689/8 1454/1687/8
f 985/1219/1 984/1218/1 1457/1690/51 1458/1691/52
f 984/1218/1 879/1113/1 1419/1652/38 1457/1690/51
f 988/1222/1 931/1165/1 1439/1672/49 1459/1692/53
f 878/1112/1 988/1222/1 1459/1692/53 1418/1651/37
f 1009/1243/1 1008/1242/1 1460/1693/3 1461/1694/3
f 1008/1242/1 1012/1246/1 1462/1695/3 1460/1693/3
f 1015/1249/1 1014/1248/1 1463/1696/3 1464/1697/3
f 808/1040/1 1020/1254/1 1465/1698/8 1400/1633/8
f 982/1216/1 1034/1268/1 1466/1699/8 1456/1689/8
f 1052/1286/1 979/1213/1 1455/1688/8 1467/1700/8
f 1054/1288/1 1052/1286/1 1467/1700/8 1468/1701/8
f 1056/1290/1 1054/1288/1 1468/1701/8 1469/1702/8
f 1058/1292/1 1056/1290/1 1469/1702/8 1470/1703/8
f 1060/1294/1 1058/1292/1 1470/1703/8 1471/1704/8
f 1062/1296/1 1060/1294/1 1471/1704/8 1472/1705/8
f 1064/1298/1 1062/1296/1 1472/1705/8 1473/1706/8
f 1066/1300/1 1064/1298/1 1473/1706/8 1474/1707/8
f 1068/1302/1 1066/1300/1 1474/1707/8 1475/1708/8
f 1070/1304/1 1068/1302/1 1475/1708/8 1476/1709/8
f 1072/1306/1 1070/1304/1 1476/1709/8 1477/1710/8
f 1074/1308/1 1072/1306/1 1477/1710/8 1478/1711/8
f 1076/1310/1 1074/1308/1 1478/1711/8 1479/1712/8
f 1078/1312/1 1076/1310/1 1479/1712/8 1480/1713/8
f 789/1021/1 1078/1312/1 1480/1713/8 1392/1625/8
f 1080/1314/1 798/1030/1 1397/1630/32 1481/1714/54
f 1082/1316/1 1080/1314/1 1481/1714/54 1482/1715/55
f 1084/1318/1 805/1037/1 1401/1634/8 1483/1716/8
f 1091/1325/1 1084/1318/1 1483/1716/8 1484/1717/8
f 1093/1327/1 1091/1325/1 1484/1717/8 1485/1718/8
f 910/1144/1 1093/1327/1 1485/1718/8 1430/1663/8
f 1095/1329/1 927/1161/1 1437/1670/8 1486/1719/8
f 1034/1268/1 1095/1329/1 1486/1719/8 1466/1699/8
f 1020/1254/1 1100/1334/1 1487/1720/8 1465/1698/8
f 1103/1337/1 1102/1336/1 1488/1721/56 1489/1722/57
f 1100/1334/1 1106/1340/1 1490/1723/8 1487/1720/8
f 1108/1342/1 1082/1316/1 1482/1715/55 1491/1724/58
f 1110/1344/1 1108/1342/1 1491/1724/58 1492/1725/59
f 1112/1346/1 1110/1344/1 1492/1725/59 1493/1726/59
f 794/1026/1 1112/1346/1 1493/1726/59 1394/1627/29
f 869/1103/1 1114/1348/1 1494/1727/60 1416/1649/35
f 1114/1348/1 1116/1350/1 1495/1728/61 1494/1727/60
f 1116/1350/1 795/1027/1 1395/1628/30 1495/1728/61
f 1144/1378/1 1009/1243/1 1461/1694/3 1496/1729/62
f 837/1074/1 838/1070/1 839/1411/1
f 801/1033/1 1177/1069/1 1497/1072/28 1398/1631/33
f 924/1158/1 977/1211/1 1453/1686/50 1434/1667/48
f 1012/1246/1 1358/1592/1 1498/1730/3 1462/1695/3
f 1358/1592/1 1015/1249/1 1464/1697/3 1498/1730/3
f 1362/1596/1 1361/1595/1 1499/1731/3 1500/1732/3
f 1014/1248/1 1362/1596/1 1500/1732/3 1463/1696/3
f 1372/1606/1 883/1117/1 1421/1654/40 1501/1733/63
f 1373/1607/1 888/1122/1 1423/1656/42 1502/1734/64
f 1374/1608/1 1372/1606/1 1501/1733/63 1503/1735/65
f 899/1133/1 1375/1609/1 1504/1736/66 1426/1659/45
f 1376/1610/1 1373/1607/1 1502/1734/64 1505/1737/67
f 882/1116/1 1376/1610/1 1505/1737/67 1420/1653/39
f 1102/1336/1 1144/1378/1 1496/1729/62 1488/1721/56
f 1106/1340/1 1103/1337/1 1489/1722/57 1490/1723/8
f 1375/1609/1 1374/1608/1 1503/1735/65 1504/1736/66
f 887/1121/1 890/1124/1 1425/1658/44 1422/1655/41
f 893/1127/1 953/1187/1 1444/1677/43 1424/1657/43
f 972/1206/1 900/1134/1 1427/1660/46 1451/1684/46
f 1506/1738/68 1507/1739/69 1417/1740/36 1416/1741/35
f 1508/1742/70 1506/1738/68 1416/1741/35 1494/1743/60
f 1509/1744/71 1508/1742/70 1494/1743/60 1495/1745/61
f 1510/1746/72 1509/1744/71 1495/1745/61 1395/1747/30
f 1511/1748/73 1510/1746/72 1395/1747/30 1394/1749/29
f 1512/1750/74 1511/1748/73 1394/1749/29 1493/1751/59
f 1513/1752/74 1512/1750/74 1493/1751/59 1492/1753/59
f 1514/1754/75 1513/1752/74 1492/1753/59 1491/1755/58
f 1515/1756/76 1514/1754/75 1491/1755/58 1482/1757/55
f 1516/1758/77 1515/1756/76 1482/1757/55 1481/1759/54
f 1517/1760/78 1516/1758/77 1481/1759/54 1397/1761/32
f 1518/1762/79 1517/1760/78 1397/1761/32 1396/1763/31
f 1519/1764/5 1518/1765/79 1396/1766/31 1402/1767/8
f 1520/1768/5 1519/1764/5 1402/1767/8 1403/1769/8
f 1521/1770/5 1520/1768/5 1403/1769/8 1404/1771/8
f 1522/1772/5 1521/1770/5 1404/1771/8 1405/1773/8
f 1523/1774/5 1522/1772/5 1405/1773/8 1406/1775/8
f 1524/1776/5 1523/1774/5 1406/1775/8 1407/1777/8
f 1525/1778/5 1524/1776/5 1407/1777/8 1408/1779/8
f 1526/1780/5 1525/1778/5 1408/1779/8 1409/1781/8
f 1527/1782/5 1526/1780/5 1409/1781/8 1410/1783/8
f 1528/1784/5 1527/1782/5 1410/1783/8 1411/1785/8
f 1529/1786/5 1528/1784/5 1411/1785/8 1412/1787/8
f 1530/1788/5 1529/1786/5 1412/1787/8 1413/1789/8
f 1531/1790/5 1530/1788/5 1413/1789/8 1414/1791/8
f 1532/1792/5 1531/1790/5 1414/1791/8 1415/1793/8
f 1533/1794/5 1532/1792/5 1415/1793/8 1393/1795/8
f 1534/1796/5 1533/1794/5 1393/1795/8 1392/1797/8
f 1535/1798/5 1534/1796/5 1392/1797/8 1480/1799/8
f 1536/1800/5 1535/1798/5 1480/1799/8 1479/1801/8
f 1537/1802/5 1536/1800/5 1479/1801/8 1478/1803/8
f 1538/1804/5 1537/1802/5 1478/1803/8 1477/1805/8
f 1539/1806/5 1538/1804/5 1477/1805/8 1476/1807/8
f 1540/1808/5 1539/1806/5 1476/1807/8 1475/1809/8
f 1541/1810/5 1540/1808/5 1475/1809/8 1474/1811/8
f 1542/1812/5 1541/1810/5 1474/1811/8 1473/1813/8
f 1543/1814/5 1542/1812/5 1473/1813/8 1472/1815/8
f 1544/1816/5 1543/1814/5 1472/1815/8 1471/1817/8
f 1545/1818/5 1544/1816/5 1471/1817/8 1470/1819/8
f 1546/1820/5 1545/1818/5 1470/1819/8 1469/1821/8
f 1547/1822/5 1546/1820/5 1469/1821/8 1468/1823/8
f 1548/1824/5 1547/1822/5 1468/1823/8 1467/1825/8
f 1549/1826/5 1548/1824/5 1467/1825/8 1455/1827/8
f 1550/1828/5 1549/1826/5 1455/1827/8 1454/1829/8
f 1551/1830/5 1550/1828/5 1454/1829/8 1456/1831/8
f 1552/1832/5 1551/1830/5 1456/1831/8 1466/1833/8
f 1553/1834/5 1552/1832/5 1466/1833/8 1486/1835/8
f 1554/1836/5 1553/1834/5 1486/1835/8 1437/1837/8
f 1555/1838/5 1554/1836/5 1437/1837/8 1436/1839/8
f 1556/1840/5 1555/1838/5 1436/1839/8 1445/1841/8
f 1557/1842/5 1556/1840/5 1445/1841/8 1446/1843/8
f 1558/1844/5 1557/1842/5 1446/1843/8 1447/1845/8
f 1559/1846/5 1558/1844/5 1447/1845/8 1431/1847/8
f 1560/1848/5 1559/1846/5 1431/1847/8 1430/1849/8
f 1561/1850/5 1560/1848/5 1430/1849/8 1485/1851/8
f 1562/1852/5 1561/1850/5 1485/1851/8 1484/1853/8
f 1563/1854/5 1562/1852/5 1484/1853/8 1483/1855/8
f 1564/1856/5 1563/1854/5 1483/1855/8 1401/1857/8
f 1565/1858/5 1564/1856/5 1401/1857/8 1400/1859/8
f 1566/1860/5 1565/1858/5 1400/1859/8 1465/1861/8
f 1567/1862/5 1566/1860/5 1465/1861/8 1487/1863/8
f 1568/1864/5 1567/1862/5 1487/1863/8 1490/1865/8
f 1569/1866/80 1568/1864/5 1490/1865/8 1489/1867/57
f 1570/1868/81 1569/1866/80 1489/1867/57 1488/1869/56
f 1571/1870/82 1570/1871/81 1488/1872/56 1496/1873/62
f 1572/1874/15 1571/1870/82 1496/1873/62 1461/1875/3
f 1573/1876/15 1572/1874/15 1461/1875/3 1460/1877/3
f 1574/1878/15 1573/1876/15 1460/1877/3 1462/1879/3
f 1575/1880/15 1574/1878/15 1462/1879/3 1498/1881/3
f 1576/1882/15 1575/1880/15 1498/1881/3 1464/1883/3
f 1577/1884/15 1576/1882/15 1464/1883/3 1463/1885/3
f 1578/1886/15 1577/1884/15 1463/1885/3 1500/1887/3
f 1579/1888/15 1578/1886/15 1500/1887/3 1499/1889/3
f 1580/1890/83 1581/1891/84 1458/1892/52 1457/1893/51
f 1582/1894/85 1580/1890/83 1457/1893/51 1419/1895/38
f 1583/1896/86 1582/1894/85 1419/1895/38 1418/1897/37
f 1584/1898/87 1583/1896/86 1418/1897/37 1459/1899/53
f 1585/1900/88 1584/1898/87 1459/1899/53 1439/1901/49
f 1586/1902/5 1585/1900/88 1439/1901/49 1438/1903/8
f 1587/1904/5 1586/1902/5 1438/1903/8 1448/1905/8
f 1588/1906/5 1587/1904/5 1448/1905/8 1449/1907/8
f 1589/1908/5 1588/1906/5 1449/1907/8 1450/1909/8
f 1590/1910/89 1589/1908/5 1450/1909/8 1433/1911/47
f 1591/1912/89 1590/1910/89 1433/1911/47 1432/1913/47
f 1592/1914/5 1591/1912/89 1432/1913/47 1452/1915/8
f 1593/1916/90 1592/1914/5 1452/1915/8 1451/1917/46
f 1594/1918/90 1593/1916/90 1451/1917/46 1427/1919/46
f 1595/1920/91 1594/1918/90 1427/1919/46 1426/1921/45
f 1596/1922/92 1595/1920/91 1426/1921/45 1504/1923/66
f 1597/1924/93 1596/1922/92 1504/1923/66 1503/1925/65
f 1598/1926/94 1597/1924/93 1503/1925/65 1501/1927/63
f 1599/1928/95 1598/1926/94 1501/1927/63 1421/1929/40
f 1600/1930/17 1599/1928/95 1421/1929/40 1420/1931/39
f 1601/1932/96 1600/1930/17 1420/1931/39 1505/1933/67
f 1602/1934/97 1601/1932/96 1505/1933/67 1502/1935/64
f 1603/1936/98 1602/1934/97 1502/1935/64 1423/1937/42
f 1604/1938/99 1603/1936/98 1423/1937/42 1422/1939/41
f 1605/1940/100 1604/1938/99 1422/1939/41 1425/1941/44
f 1606/1942/101 1605/1943/100 1425/1944/44 1424/1945/43
f 1607/1946/101 1606/1942/101 1424/1945/43 1444/1947/43
f 1608/1948/21 1607/1946/101 1444/1947/43 1443/1949/22
f 1609/1950/21 1608/1948/21 1443/1949/22 1429/1951/22
f 1610/1952/21 1609/1950/21 1429/1951/22 1428/1953/22
f 1611/1954/21 1610/1952/21 1428/1953/22 1442/1955/22
f 1612/1956/21 1611/1954/21 1442/1955/22 1441/1957/22
f 1613/1958/21 1612/1956/21 1441/1957/22 1440/1959/22
f 1614/1960/21 1613/1958/21 1440/1959/22 1435/1961/22
f 1615/1962/102 1614/1960/21 1435/1961/22 1434/1963/48
f 1616/1964/103 1615/1962/102 1434/1963/48 1453/1965/50
f 1617/1966/104 1616/1964/103 1453/1965/50 1399/1967/34
f 1618/1968/105 1617/1966/104 1399/1967/34 1398/1969/33
f 1619/1970/106 1618/1968/105 1398/1969/33 1497/1971/28
f 1620/1972/107 1619/1970/106 1497/1971/28 1391/1973/27
f 1621/1974/12 1622/1975/12 1623/1976/12 1624/1977/12
f 1625/1978/12 1626/1979/12 1627/1980/12 1628/1981/12
f 1629/1982/12 1630/1983/12 1631/1984/12 1632/1985/12
f 1633/1986/12 1634/1987/12 1635/1988/12 1636/1989/12
f 1637/1990/12 1638/1991/12 1639/1992/12 1640/1993/12
f 1641/1994/12 1642/1995/12 1630/1983/12 1629/1982/12
f 1643/1996/12 1644/1997/12 1642/1995/12 1641/1994/12
f 1645/1998/12 1646/1999/12 1644/1997/12 1643/1996/12
f 1647/2000/12 1648/2001/12 1646/1999/12 1645/1998/12
f 1649/2002/12 1650/2003/12 1648/2001/12 1647/2000/12
f 1651/2004/12 1652/2005/12 1650/2003/12 1649/2002/12
f 1653/2006/12 1654/2007/12 1652/2005/12 1651/2004/12
f 1655/2008/12 1656/2009/12 1654/2007/12 1653/2006/12
f 1657/2010/12 1658/2011/12 1656/2009/12 1655/2008/12
f 1659/2012/12 1660/2013/12 1658/2011/12 1657/2010/12
f 1661/2014/12 1662/2015/12 1660/2013/12 1659/2012/12
f 1663/2016/12 1664/2017/12 1662/2015/12 1661/2014/12
f 1665/2018/12 1666/2019/12 1664/2017/12 1663/2016/12
f 1667/2020/12 1668/2021/12 1666/2019/12 1665/2018/12
f 1624/1977/12 1623/1976/12 1668/2021/12 1667/2020/12
f 2010/2022/12 2329/2023/108 2223/2024/109 1671/2025/12
f 1672/2026/12 1673/2027/12 1674/2028/12 1669/2029/12
f 1675/2030/12 1676/2031/12 1673/2027/12 1672/2026/12
f 1677/2032/12 1678/2033/12 1676/2031/12 1675/2030/12
f 1679/2034/12 1680/2035/12 1678/2033/12 1677/2032/12
f 1681/2036/12 1682/2037/12 1680/2035/12 1679/2034/12
f 1683/2038/12 1684/2039/12 1682/2037/12 1681/2036/12
f 1685/2040/12 1686/2041/12 1684/2039/12 1683/2038/12
f 1687/2042/12 1688/2043/12 1686/2041/12 1685/2040/12
f 1689/2044/12 1690/2045/12 1688/2043/12 1687/2042/12
f 1691/2046/12 1692/2047/12 1690/2045/12 1689/2044/12
f 1693/2048/12 1694/2049/12 1692/2047/12 1691/2046/12
f 1695/2050/12 1696/2051/12 1694/2049/12 1693/2048/12
f 1697/2052/12 1698/2053/12 1696/2051/12 1695/2050/12
f 1699/2054/12 1700/2055/12 1698/2053/12 1697/2052/12
f 1701/2056/12 1702/2057/12 1703/2058/12 1704/2059/12
f 1705/2060/12 1706/2061/12 1707/2062/12 1708/2063/12
f 1709/2064/12 1706/2061/12 1705/2060/12
f 1710/2065/12 1711/2066/12 1712/2067/12 1713/2068/12
f 1714/2069/12 1715/2070/12 1716/2071/12 1717/2072/12
f 1714/2069/12 1718/2073/12 1715/2070/12
f 1719/2074/12 1720/2075/12 1721/2076/12
f 1722/2077/12 1723/2078/12 1724/2079/12 1725/2080/12
f 1726/2081/12 1727/2082/12 1728/2083/12 1729/2084/12
f 1730/2085/12 1731/2086/12 1732/2087/12 1733/2088/12
f 1734/2089/12 1735/2090/12 1736/2091/12 1737/2092/12
f 1738/2093/12 1739/2094/12 1740/2095/12 1741/2096/12
f 1742/2097/12 1743/2098/12 1744/2099/12 1745/2100/12
f 1746/2101/12 1747/2102/12 1748/2103/12 1749/2104/12
f 1750/2105/12 1751/2106/12 1752/2107/12 1753/2108/12
f 1754/2109/12 1755/2110/12 1756/2111/12 1757/2112/12
f 1758/2113/12 1759/2114/12 1760/2115/12 1761/2116/12
f 1762/2117/12 1763/2118/12 1764/2119/12 1765/2120/12
f 1751/2106/12 1766/2121/12 1767/2122/12 1752/2107/12
f 1766/2121/12 1768/2123/12 1769/2124/12 1767/2122/12
f 1768/2123/12 1770/2125/12 1771/2126/12 1769/2124/12
f 1770/2125/12 1734/2089/12 1737/2092/12 1771/2126/12
f 1772/2127/12 1773/2128/12 1774/2129/12 1775/2130/12
f 1773/2128/12 1776/2131/12 1777/2132/12 1774/2129/12
f 1776/2131/12 1736/2091/12 1735/2090/12 1777/2132/12
f 1778/2133/12 1779/2134/12 1755/2110/12 1754/2109/12
f 1780/2135/12 1781/2136/12 1779/2134/12 1778/2133/12
f 1782/2137/12 1783/2138/12 1781/2136/12 1780/2135/12
f 1741/2096/12 1740/2095/12 1783/2138/12 1782/2137/12
f 1784/2139/12 1785/2140/12 1724/2079/12 1786/2141/12
f 1739/2094/12 1738/2093/12 1785/2140/12 1784/2139/12
f 1787/2142/12 1788/2143/12 1759/2114/12 1758/2113/12
f 1789/2144/12 1790/2145/12 1788/2143/12 1787/2142/12
f 1791/2146/12 1792/2147/12 1790/2145/12 1789/2144/12
f 1745/2100/12 1744/2099/12 1792/2147/12 1791/2146/12
f 1724/2079/12 1793/2148/12 1794/2149/12 1725/2080/12
f 1785/2140/12 1795/2150/12 1793/2148/12 1724/2079/12
f 1738/2093/12 1796/2151/12 1795/2150/12 1785/2140/12
f 1797/2152/12 1798/2153/12 1763/2118/12 1762/2117/12
f 1799/2154/12 1800/2155/12 1798/2153/12 1797/2152/12
f 1801/2156/12 1802/2157/12 1800/2155/12 1799/2154/12
f 1749/2104/12 1748/2103/12 1802/2157/12 1801/2156/12
f 1803/2158/12 1804/2159/12 1805/2160/12 1731/2086/12
f 1747/2102/12 1746/2101/12 1804/2159/12 1803/2158/12
f 1757/2112/12 1806/2161/12 1807/2162/12 1808/2163/12
f 1636/1989/12 1635/1988/12 1806/2161/12 1809/2164/12
f 1810/2165/12 1811/2166/12 1812/2167/12 1813/2168/12
f 1814/2169/12 1815/2170/12 1811/2166/12 1810/2165/12
f 1816/2171/12 1817/2172/12 1818/2173/12 1819/2174/12
f 1713/2068/12 1712/2067/12 1817/2172/12 1816/2171/12
f 1764/2119/12 1820/2175/12 1821/2176/12 1765/2120/12
f 1822/2177/12 1823/2178/12 1824/2179/12
f 1712/2067/12 1711/2066/12 1825/2180/12 1826/2181/12
f 1817/2172/12 1712/2067/12 1826/2181/12 1827/2182/12
f 1820/2175/12 1711/2066/12 1710/2065/12 1821/2176/12
f 1824/2179/12 1828/2183/12 1829/2184/12
f 1830/2185/12 1831/2186/12 1832/2187/12 1833/2188/12
f 1834/2189/12 1830/2185/12 1833/2188/12 1835/2190/12
f 1836/2191/12 1837/2192/12 1838/2193/12 1839/2194/12
f 1840/2195/12 1841/2196/12 1842/2197/12 1843/2198/12
f 1844/2199/12 1845/2200/12 1841/2196/12 1840/2195/12
f 1846/2201/12 1847/2202/12 1848/2203/12 1849/2204/12
f 1850/2205/12 1851/2206/12 1842/2197/12 1841/2196/12
f 1833/2188/12 1832/2187/12 1851/2206/12 1850/2205/12
f 1852/2207/12 1853/2208/12 1639/1992/12 1638/1991/12
f 1854/2209/12 1850/2205/12 1841/2196/12 1845/2200/12
f 1835/2190/12 1833/2188/12 1850/2205/12 1854/2209/12
f 1830/2185/12 1834/2189/12 1715/2070/12 1718/2073/12
f 1847/2202/12 1855/2210/12 1856/2211/12 1848/2203/12
f 1855/2210/12 1836/2191/12 1839/2194/12 1856/2211/12
f 1857/2212/12 1838/2193/12 1837/2192/12 1858/2213/12
f 1623/1976/12 1622/1975/12 1859/2214/12 1860/2215/12
f 1861/2216/12 1862/2217/12 1863/2218/12
f 1631/1984/12 1630/1983/12 1864/2219/12 1865/2220/12
f 1866/2221/12 1867/2222/12 1815/2170/12 1814/2169/12
f 1640/1993/12 1639/1992/12 1868/2223/12 1869/2224/12
f 1630/1983/12 1642/1995/12 1870/2225/12 1864/2219/12
f 1642/1995/12 1644/1997/12 1871/2226/12 1870/2225/12
f 1644/1997/12 1646/1999/12 1872/2227/12 1871/2226/12
f 1646/1999/12 1648/2001/12 1873/2228/12 1872/2227/12
f 1648/2001/12 1650/2003/12 1874/2229/12 1873/2228/12
f 1650/2003/12 1652/2005/12 1875/2230/12 1874/2229/12
f 1652/2005/12 1654/2007/12 1876/2231/12 1875/2230/12
f 1654/2007/12 1656/2009/12 1877/2232/12 1876/2231/12
f 1656/2009/12 1658/2011/12 1878/2233/12 1877/2232/12
f 1658/2011/12 1660/2013/12 1879/2234/12 1878/2233/12
f 1660/2013/12 1662/2015/12 1880/2235/12 1879/2234/12
f 1662/2015/12 1664/2017/12 1881/2236/12 1880/2235/12
f 1664/2017/12 1666/2019/12 1882/2237/12 1881/2236/12
f 1666/2019/12 1668/2021/12 1883/2238/12 1882/2237/12
f 1668/2021/12 1623/1976/12 1860/2215/12 1883/2238/12
f 1813/2168/12 1812/2167/12 1884/2239/12 1885/2240/12
f 1885/2240/12 1884/2239/12 1886/2241/12 1887/2242/12
f 1887/2242/12 1886/2241/12 1888/2243/12 1889/2244/12
f 1889/2244/12 1888/2243/12 1890/2245/12 1891/2246/12
f 1891/2246/12 1890/2245/12 1892/2247/12 1893/2248/12
f 1893/2248/12 1892/2247/12 1894/2249/12 1895/2250/12
f 1895/2250/12 1894/2249/12 1896/2251/12 1897/2252/12
f 1897/2252/12 1896/2251/12 1898/2253/12 1899/2254/12
f 1899/2254/12 1898/2253/12 1900/2255/12 1901/2256/12
f 1901/2256/12 1900/2255/12 1902/2257/12 1903/2258/12
f 1903/2258/12 1902/2257/12 1904/2259/12 1905/2260/12
f 1905/2260/12 1904/2259/12 1906/2261/12 1907/2262/12
f 1907/2262/12 1906/2261/12 1908/2263/12 1909/2264/12
f 1909/2264/12 1908/2263/12 1910/2265/12 1911/2266/12
f 1911/2266/12 1910/2265/12 1622/1975/12 1621/1974/12
f 1632/1985/12 1631/1984/12 1912/2267/12 1913/2268/12
f 1913/2268/12 1912/2267/12 1914/2269/12 1915/2270/12
f 1637/1990/12 1640/1993/12 1916/2271/12 1917/2272/12
f 1744/2099/12 1743/2098/12 1796/2151/12 1918/2273/12
f 1760/2115/12 1759/2114/12 1919/2274/12 1808/2163/12
f 1759/2114/12 1788/2143/12 1920/2275/12 1919/2274/12
f 1788/2143/12 1790/2145/12 1921/2276/12 1920/2275/12
f 1790/2145/12 1792/2147/12 1922/2277/12 1921/2276/12
f 1792/2147/12 1744/2099/12 1918/2273/12 1922/2277/12
f 1917/2272/12 1916/2271/12 1923/2278/12 1924/2279/12
f 1924/2279/12 1923/2278/12 1925/2280/12 1926/2281/12
f 1926/2281/12 1925/2280/12 1743/2098/12 1742/2097/12
f 1761/2116/12 1760/2115/12 1927/2282/12 1928/2283/12
f 1928/2283/12 1927/2282/12 1867/2222/12 1866/2221/12
f 1812/2167/12 1811/2166/12 1929/2284/12 1930/2285/12
f 1811/2166/12 1815/2170/12 1931/2286/12 1929/2284/12
f 1932/2287/12 1933/2288/12 1853/2208/12 1852/2207/12
f 1934/2289/12 1935/2290/12 1936/2291/12 1937/2292/12
f 1938/2293/12 1939/2294/12 1933/2288/12 1932/2287/12
f 1639/1992/12 1853/2208/12 1831/2186/12 1868/2223/12
f 1914/2269/12 1940/2295/12 1941/2296/12 1915/2270/12
f 1940/2295/12 1942/2297/12 1943/2298/12 1941/2296/12
f 1942/2297/12 1944/2299/12 1945/2300/12 1943/2298/12
f 1944/2299/12 1625/1978/12 1628/1981/12 1945/2300/12
f 1946/2301/12 1947/2302/12 1702/2057/12 1701/2056/12
f 1948/2303/12 1949/2304/12 1947/2302/12 1946/2301/12
f 1627/1980/12 1626/1979/12 1949/2304/12 1948/2303/12
f 1950/2305/12 1951/2306/12 1952/2307/12 1709/2064/12
f 1953/2308/12 1951/2306/12 1950/2305/12
f 1954/2309/12 1955/2310/12 1953/2308/12
f 1861/2216/12 1863/2218/12 1956/2311/12 1954/2309/12
f 1947/2302/12 1957/2312/12 1702/2057/12
f 1957/2312/12 1958/2313/12 1959/2314/12
f 1626/1979/12 1960/2315/12 1958/2313/12 1949/2304/12
f 1702/2057/12 1957/2312/12 1703/2058/12
f 1961/2316/12 1931/2286/12 1815/2170/12 1867/2222/12
f 1930/2285/12 1962/2317/12 1884/2239/12 1812/2167/12
f 1962/2317/12 1963/2318/12 1886/2241/12 1884/2239/12
f 1963/2318/12 1964/2319/12 1888/2243/12 1886/2241/12
f 1964/2319/12 1965/2320/12 1890/2245/12 1888/2243/12
f 1965/2320/12 1966/2321/12 1892/2247/12 1890/2245/12
f 1966/2321/12 1967/2322/12 1894/2249/12 1892/2247/12
f 1967/2322/12 1968/2323/12 1896/2251/12 1894/2249/12
f 1968/2323/12 1969/2324/12 1898/2253/12 1896/2251/12
f 1969/2324/12 1970/2325/12 1900/2255/12 1898/2253/12
f 1970/2325/12 1971/2326/12 1902/2257/12 1900/2255/12
f 1971/2326/12 1972/2327/12 1904/2259/12 1902/2257/12
f 1972/2327/12 1973/2328/12 1906/2261/12 1904/2259/12
f 1973/2328/12 1974/2329/12 1908/2263/12 1906/2261/12
f 1974/2329/12 1975/2330/12 1910/2265/12 1908/2263/12
f 1975/2330/12 1859/2214/12 1622/1975/12 1910/2265/12
f 1869/2224/12 1794/2149/12 1916/2271/12 1640/1993/12
f 1794/2149/12 1793/2148/12 1923/2278/12 1916/2271/12
f 1793/2148/12 1795/2150/12 1925/2280/12 1923/2278/12
f 1795/2150/12 1796/2151/12 1743/2098/12 1925/2280/12
f 1808/2163/12 1807/2162/12 1927/2282/12 1760/2115/12
f 1807/2162/12 1961/2316/12 1867/2222/12 1927/2282/12
f 1832/2187/12 1831/2186/12 1853/2208/12 1933/2288/12
f 1843/2198/12 1842/2197/12 1976/2331/12 1977/2332/12
f 1976/2331/12 1842/2197/12 1851/2206/12 1935/2290/12
f 1851/2206/12 1832/2187/12 1933/2288/12 1939/2294/12
f 1860/2215/12 1859/2214/12 1978/2333/12 1979/2334/12
f 1869/2224/12 1868/2223/12 1980/2335/12 1981/2336/12
f 1864/2219/12 1870/2225/12 1982/2337/12 1983/2338/12
f 1870/2225/12 1871/2226/12 1984/2339/12 1982/2337/12
f 1871/2226/12 1872/2227/12 1985/2340/12 1984/2339/12
f 1872/2227/12 1873/2228/12 1986/2341/12 1985/2340/12
f 1873/2228/12 1874/2229/12 1987/2342/12 1986/2341/12
f 1874/2229/12 1875/2230/12 1988/2343/12 1987/2342/12
f 1875/2230/12 1876/2231/12 1989/2344/12 1988/2343/12
f 1876/2231/12 1877/2232/12 1990/2345/12 1989/2344/12
f 1877/2232/12 1878/2233/12 1991/2346/12 1990/2345/12
f 1878/2233/12 1879/2234/12 1992/2347/12 1991/2346/12
f 1879/2234/12 1880/2235/12 1993/2348/12 1992/2347/12
f 1880/2235/12 1881/2236/12 1994/2349/12 1993/2348/12
f 1881/2236/12 1882/2237/12 1995/2350/12 1994/2349/12
f 1882/2237/12 1883/2238/12 1996/2351/12 1995/2350/12
f 1883/2238/12 1860/2215/12 1979/2334/12 1996/2351/12
f 1918/2273/12 1796/2151/12 1738/2093/12 1741/2096/12
f 1808/2163/12 1919/2274/12 1754/2109/12 1757/2112/12
f 1919/2274/12 1920/2275/12 1778/2133/12 1754/2109/12
f 1920/2275/12 1921/2276/12 1780/2135/12 1778/2133/12
f 1921/2276/12 1922/2277/12 1782/2137/12 1780/2135/12
f 1922/2277/12 1918/2273/12 1741/2096/12 1782/2137/12
f 1930/2285/12 1929/2284/12 1997/2352/12 1998/2353/12
f 1929/2284/12 1931/2286/12 1999/2354/12 1997/2352/12
f 1868/2223/12 1831/2186/12 1830/2185/12 1718/2073/12
f 1865/2220/12 2000/2355/12 1912/2267/12 1631/1984/12
f 2000/2355/12 2001/2356/12 1914/2269/12 1912/2267/12
f 2002/2357/12 1960/2315/12 1626/1979/12 1625/1978/12
f 2001/2356/12 2003/2358/12 1940/2295/12 1914/2269/12
f 2003/2358/12 2004/2359/12 1942/2297/12 1940/2295/12
f 2004/2359/12 2005/2360/12 1944/2299/12 1942/2297/12
f 2005/2360/12 2002/2357/12 1625/1978/12 1944/2299/12
f 1958/2313/12 1960/2315/12 1862/2217/12 1959/2314/12
f 1865/2220/12 1864/2219/12 1983/2338/12 2006/2361/12
f 1958/2313/12 1957/2312/12 1947/2302/12 1949/2304/12
f 1635/1988/12 2007/2362/12 1999/2354/12 2008/2363/12
f 1806/2161/12 2008/2363/12 1961/2316/12 1807/2162/12
f 1670/2364/12 2009/2365/12 2010/2022/12 1671/2025/12
f 2009/2365/12 1634/1987/12 1633/1986/12 2010/2022/12
f 1806/2161/12 1757/2112/12 1756/2111/12 1809/2164/12
f 1670/2364/12 1674/2028/12 2011/2366/12 2012/2367/12
f 2013/2368/12 2014/2369/12 1963/2318/12 1962/2317/12
f 2014/2369/12 2015/2370/12 1964/2319/12 1963/2318/12
f 2015/2370/12 2016/2371/12 1965/2320/12 1964/2319/12
f 2016/2371/12 2017/2372/12 1966/2321/12 1965/2320/12
f 2017/2372/12 2018/2373/12 1967/2322/12 1966/2321/12
f 2018/2373/12 2019/2374/12 1968/2323/12 1967/2322/12
f 2019/2374/12 2020/2375/12 1969/2324/12 1968/2323/12
f 2020/2375/12 2021/2376/12 1970/2325/12 1969/2324/12
f 2021/2376/12 2022/2377/12 1971/2326/12 1970/2325/12
f 2022/2377/12 2023/2378/12 1972/2327/12 1971/2326/12
f 2023/2378/12 2024/2379/12 1973/2328/12 1972/2327/12
f 2024/2379/12 2025/2380/12 1974/2329/12 1973/2328/12
f 2025/2380/12 2026/2381/12 1975/2330/12 1974/2329/12
f 2026/2381/12 1978/2333/12 1859/2214/12 1975/2330/12
f 1979/2334/12 1978/2333/12 2027/2382/12 2028/2383/12
f 1983/2338/12 1982/2337/12 2029/2384/12 2030/2385/12
f 1982/2337/12 1984/2339/12 2031/2386/12 2029/2384/12
f 1984/2339/12 1985/2340/12 2032/2387/12 2031/2386/12
f 1985/2340/12 1986/2341/12 2033/2388/12 2032/2387/12
f 1986/2341/12 1987/2342/12 2034/2389/12 2033/2388/12
f 1987/2342/12 1988/2343/12 2035/2390/12 2034/2389/12
f 1988/2343/12 1989/2344/12 2036/2391/12 2035/2390/12
f 1989/2344/12 1990/2345/12 2037/2392/12 2036/2391/12
f 1990/2345/12 1991/2346/12 2038/2393/12 2037/2392/12
f 1991/2346/12 1992/2347/12 2039/2394/12 2038/2393/12
f 1992/2347/12 1993/2348/12 2040/2395/12 2039/2394/12
f 1993/2348/12 1994/2349/12 2041/2396/12 2040/2395/12
f 1994/2349/12 1995/2350/12 2042/2397/12 2041/2396/12
f 1995/2350/12 1996/2351/12 2043/2398/12 2042/2397/12
f 1996/2351/12 1979/2334/12 2028/2383/12 2043/2398/12
f 1998/2353/12 1997/2352/12 2044/2399/12 2045/2400/12
f 1997/2352/12 1999/2354/12 2007/2362/12 2044/2399/12
f 2008/2363/12 1999/2354/12 1931/2286/12 1961/2316/12
f 1998/2353/12 2013/2368/12 1962/2317/12 1930/2285/12
f 2046/2401/12 2047/2402/12 2014/2369/12 2013/2368/12
f 2047/2402/12 2048/2403/12 2015/2370/12 2014/2369/12
f 2048/2403/12 2049/2404/12 2016/2371/12 2015/2370/12
f 2049/2404/12 2050/2405/12 2017/2372/12 2016/2371/12
f 2050/2405/12 2051/2406/12 2018/2373/12 2017/2372/12
f 2051/2406/12 2052/2407/12 2019/2374/12 2018/2373/12
f 2052/2407/12 2053/2408/12 2020/2375/12 2019/2374/12
f 2053/2408/12 2054/2409/12 2021/2376/12 2020/2375/12
f 2054/2409/12 2055/2410/12 2022/2377/12 2021/2376/12
f 2055/2410/12 2056/2411/12 2023/2378/12 2022/2377/12
f 2056/2411/12 2057/2412/12 2024/2379/12 2023/2378/12
f 2057/2412/12 2058/2413/12 2025/2380/12 2024/2379/12
f 2058/2413/12 2059/2414/12 2026/2381/12 2025/2380/12
f 2059/2414/12 2027/2382/12 1978/2333/12 2026/2381/12
f 2045/2400/12 2046/2401/12 2013/2368/12 1998/2353/12
f 2028/2383/12 2027/2382/12 2060/2415/12 2061/2416/12
f 2030/2385/12 2029/2384/12 2062/2417/12 2063/2418/12
f 2029/2384/12 2031/2386/12 2064/2419/12 2062/2417/12
f 2031/2386/12 2032/2387/12 2065/2420/12 2064/2419/12
f 2032/2387/12 2033/2388/12 2066/2421/12 2065/2420/12
f 2033/2388/12 2034/2389/12 2067/2422/12 2066/2421/12
f 2034/2389/12 2035/2390/12 2068/2423/12 2067/2422/12
f 2035/2390/12 2036/2391/12 2069/2424/12 2068/2423/12
f 2036/2391/12 2037/2392/12 2070/2425/12 2069/2424/12
f 2037/2392/12 2038/2393/12 2071/2426/12 2070/2425/12
f 2038/2393/12 2039/2394/12 2072/2427/12 2071/2426/12
f 2039/2394/12 2040/2395/12 2073/2428/12 2072/2427/12
f 2040/2395/12 2041/2396/12 2074/2429/12 2073/2428/12
f 2041/2396/12 2042/2397/12 2075/2430/12 2074/2429/12
f 2042/2397/12 2043/2398/12 2076/2431/12 2075/2430/12
f 2043/2398/12 2028/2383/12 2061/2416/12 2076/2431/12
f 2045/2400/12 2044/2399/12 2077/2432/12 2078/2433/12
f 2044/2399/12 2007/2362/12 1634/1987/12 2077/2432/12
f 2079/2434/12 2080/2435/12 2047/2402/12 2046/2401/12
f 2080/2435/12 2081/2436/12 2048/2403/12 2047/2402/12
f 2081/2436/12 2082/2437/12 2049/2404/12 2048/2403/12
f 2082/2437/12 2083/2438/12 2050/2405/12 2049/2404/12
f 2083/2438/12 2084/2439/12 2051/2406/12 2050/2405/12
f 2084/2439/12 2085/2440/12 2052/2407/12 2051/2406/12
f 2085/2440/12 2086/2441/12 2053/2408/12 2052/2407/12
f 2086/2441/12 2087/2442/12 2054/2409/12 2053/2408/12
f 2087/2442/12 2088/2443/12 2055/2410/12 2054/2409/12
f 2088/2443/12 2089/2444/12 2056/2411/12 2055/2410/12
f 2089/2444/12 2090/2445/12 2057/2412/12 2056/2411/12
f 2090/2445/12 2091/2446/12 2058/2413/12 2057/2412/12
f 2091/2446/12 2092/2447/12 2059/2414/12 2058/2413/12
f 2092/2447/12 2060/2415/12 2027/2382/12 2059/2414/12
f 2078/2433/12 2079/2434/12 2046/2401/12 2045/2400/12
f 2061/2416/12 2060/2415/12 2093/2448/12 2094/2449/12
f 2063/2418/12 2062/2417/12 2095/2450/12 2096/2451/12
f 2062/2417/12 2064/2419/12 2097/2452/12 2095/2450/12
f 2064/2419/12 2065/2420/12 2098/2453/12 2097/2452/12
f 2065/2420/12 2066/2421/12 2099/2454/12 2098/2453/12
f 2066/2421/12 2067/2422/12 2100/2455/12 2099/2454/12
f 2067/2422/12 2068/2423/12 2101/2456/12 2100/2455/12
f 2068/2423/12 2069/2424/12 2102/2457/12 2101/2456/12
f 2069/2424/12 2070/2425/12 2103/2458/12 2102/2457/12
f 2070/2425/12 2071/2426/12 2104/2459/12 2103/2458/12
f 2071/2426/12 2072/2427/12 2105/2460/12 2104/2459/12
f 2072/2427/12 2073/2428/12 2106/2461/12 2105/2460/12
f 2073/2428/12 2074/2429/12 2107/2462/12 2106/2461/12
f 2074/2429/12 2075/2430/12 2108/2463/12 2107/2462/12
f 2075/2430/12 2076/2431/12 2109/2464/12 2108/2463/12
f 2076/2431/12 2061/2416/12 2094/2449/12 2109/2464/12
f 2078/2433/12 2077/2432/12 2009/2365/12 2012/2367/12
f 2011/2366/12 2110/2465/12 2080/2435/12 2079/2434/12
f 2110/2465/12 2111/2466/12 2081/2436/12 2080/2435/12
f 2111/2466/12 2112/2467/12 2082/2437/12 2081/2436/12
f 2112/2467/12 2113/2468/12 2083/2438/12 2082/2437/12
f 2113/2468/12 2114/2469/12 2084/2439/12 2083/2438/12
f 2114/2469/12 2115/2470/12 2085/2440/12 2084/2439/12
f 2115/2470/12 2116/2471/12 2086/2441/12 2085/2440/12
f 2116/2471/12 2117/2472/12 2087/2442/12 2086/2441/12
f 2117/2472/12 2118/2473/12 2088/2443/12 2087/2442/12
f 2118/2473/12 2119/2474/12 2089/2444/12 2088/2443/12
f 2119/2474/12 2120/2475/12 2090/2445/12 2089/2444/12
f 2120/2475/12 2121/2476/12 2091/2446/12 2090/2445/12
f 2121/2476/12 2122/2477/12 2092/2447/12 2091/2446/12
f 2122/2477/12 2093/2448/12 2060/2415/12 2092/2447/12
f 2012/2367/12 2011/2366/12 2079/2434/12 2078/2433/12
f 2094/2449/12 2093/2448/12 1700/2055/12 2123/2478/12
f 2096/2451/12 2095/2450/12 2124/2479/12 2125/2480/12
f 2095/2450/12 2097/2452/12 2126/2481/12 2124/2479/12
f 2097/2452/12 2098/2453/12 2127/2482/12 2126/2481/12
f 2098/2453/12 2099/2454/12 2128/2483/12 2127/2482/12
f 2099/2454/12 2100/2455/12 2129/2484/12 2128/2483/12
f 2100/2455/12 2101/2456/12 2130/2485/12 2129/2484/12
f 2101/2456/12 2102/2457/12 2131/2486/12 2130/2485/12
f 2102/2457/12 2103/2458/12 2132/2487/12 2131/2486/12
f 2103/2458/12 2104/2459/12 2133/2488/12 2132/2487/12
f 2104/2459/12 2105/2460/12 2134/2489/12 2133/2488/12
f 2105/2460/12 2106/2461/12 2135/2490/12 2134/2489/12
f 2106/2461/12 2107/2462/12 2136/2491/12 2135/2490/12
f 2107/2462/12 2108/2463/12 2137/2492/12 2136/2491/12
f 2108/2463/12 2109/2464/12 2138/2493/12 2137/2492/12
f 2109/2464/12 2094/2449/12 2123/2478/12 2138/2493/12
f 1674/2028/12 1673/2027/12 2110/2465/12 2011/2366/12
f 1673/2027/12 1676/2031/12 2111/2466/12 2110/2465/12
f 1676/2031/12 1678/2033/12 2112/2467/12 2111/2466/12
f 1678/2033/12 1680/2035/12 2113/2468/12 2112/2467/12
f 1680/2035/12 1682/2037/12 2114/2469/12 2113/2468/12
f 1682/2037/12 1684/2039/12 2115/2470/12 2114/2469/12
f 1684/2039/12 1686/2041/12 2116/2471/12 2115/2470/12
f 1686/2041/12 1688/2043/12 2117/2472/12 2116/2471/12
f 1688/2043/12 1690/2045/12 2118/2473/12 2117/2472/12
f 1690/2045/12 1692/2047/12 2119/2474/12 2118/2473/12
f 1692/2047/12 1694/2049/12 2120/2475/12 2119/2474/12
f 1694/2049/12 1696/2051/12 2121/2476/12 2120/2475/12
f 1696/2051/12 1698/2053/12 2122/2477/12 2121/2476/12
f 1698/2053/12 1700/2055/12 2093/2448/12 2122/2477/12
f 2123/2478/12 1700/2055/12 1699/2054/12 2139/2494/12
f 2125/2480/12 2124/2479/12 2140/2495/12 2141/2496/12
f 2124/2479/12 2126/2481/12 2142/2497/12 2140/2495/12
f 2126/2481/12 2127/2482/12 2143/2498/12 2142/2497/12
f 2127/2482/12 2128/2483/12 2144/2499/12 2143/2498/12
f 2128/2483/12 2129/2484/12 2145/2500/12 2144/2499/12
f 2129/2484/12 2130/2485/12 2146/2501/12 2145/2500/12
f 2130/2485/12 2131/2486/12 2147/2502/12 2146/2501/12
f 2131/2486/12 2132/2487/12 2148/2503/12 2147/2502/12
f 2132/2487/12 2133/2488/12 2149/2504/12 2148/2503/12
f 2133/2488/12 2134/2489/12 2150/2505/12 2149/2504/12
f 2134/2489/12 2135/2490/12 2151/2506/12 2150/2505/12
f 2135/2490/12 2136/2491/12 2152/2507/12 2151/2506/12
f 2136/2491/12 2137/2492/12 2153/2508/12 2152/2507/12
f 2137/2492/12 2138/2493/12 2154/2509/12 2153/2508/12
f 2138/2493/12 2123/2478/12 2139/2494/12 2154/2509/12
f 1775/2130/12 2155/2510/12 2156/2511/12 1772/2127/12
f 2155/2510/12 1857/2212/12 1858/2213/12 2156/2511/12
f 2157/2512/12 2158/2513/12 2159/2514/12 2160/2515/12
f 1737/2092/12 1736/2091/12 2158/2513/12 2157/2512/12
f 2161/2516/12 2162/2517/12 1748/2103/12 1747/2102/12
f 1735/2090/12 1734/2089/12 2162/2517/12 2161/2516/12
f 1828/2183/12 2163/2518/12 2164/2519/12 1829/2184/12
f 1753/2108/12 1752/2107/12 2163/2518/12 1828/2183/12
f 2165/2520/12 2166/2521/12 1764/2119/12 1763/2118/12
f 1751/2106/12 1750/2105/12 2166/2521/12 2165/2520/12
f 2163/2518/12 2167/2522/12 2168/2523/12 2164/2519/12
f 1752/2107/12 1767/2122/12 2167/2522/12 2163/2518/12
f 2169/2524/12 2165/2520/12 1763/2118/12 1798/2153/12
f 1766/2121/12 1751/2106/12 2165/2520/12 2169/2524/12
f 2167/2522/12 2170/2525/12 2171/2526/12 2168/2523/12
f 1767/2122/12 1769/2124/12 2170/2525/12 2167/2522/12
f 2172/2527/12 2169/2524/12 1798/2153/12 1800/2155/12
f 1768/2123/12 1766/2121/12 2169/2524/12 2172/2527/12
f 2170/2525/12 2173/2528/12 2174/2529/12 2171/2526/12
f 1769/2124/12 1771/2126/12 2173/2528/12 2170/2525/12
f 2175/2530/12 2172/2527/12 1800/2155/12 1802/2157/12
f 1770/2125/12 1768/2123/12 2172/2527/12 2175/2530/12
f 2173/2528/12 2157/2512/12 2160/2515/12 2174/2529/12
f 1771/2126/12 1737/2092/12 2157/2512/12 2173/2528/12
f 2162/2517/12 2175/2530/12 1802/2157/12 1748/2103/12
f 1734/2089/12 1770/2125/12 2175/2530/12 2162/2517/12
f 1726/2081/12 2176/2531/12 1731/2086/12 1730/2085/12
f 1775/2130/12 1774/2129/12 2176/2531/12 1726/2081/12
f 2177/2532/12 2178/2533/12 2179/2534/12 2180/2535/12
f 1773/2128/12 1772/2127/12 2178/2533/12 2177/2532/12
f 2176/2531/12 2181/2536/12 1803/2158/12 1731/2086/12
f 1774/2129/12 1777/2132/12 2181/2536/12 2176/2531/12
f 2182/2537/12 2177/2532/12 2180/2535/12 2183/2538/12
f 1776/2131/12 1773/2128/12 2177/2532/12 2182/2537/12
f 2181/2536/12 2161/2516/12 1747/2102/12 1803/2158/12
f 1777/2132/12 1735/2090/12 2161/2516/12 2181/2536/12
f 2158/2513/12 2182/2537/12 2183/2538/12 2159/2514/12
f 1736/2091/12 1776/2131/12 2182/2537/12 2158/2513/12
f 2184/2539/12 2185/2540/12 1834/2189/12 1835/2190/12
f 1839/2194/12 1838/2193/12 2185/2540/12 2184/2539/12
f 2186/2541/12 2187/2542/12 2188/2543/12 2189/2544/12
f 1837/2192/12 1836/2191/12 2187/2542/12 2186/2541/12
f 2190/2545/12 2191/2546/12 1845/2200/12 1844/2199/12
f 1849/2204/12 1848/2203/12 2191/2546/12 2190/2545/12
f 2192/2547/12 2193/2548/12 2194/2549/12 2195/2550/12
f 2193/2548/12 1847/2202/12 1846/2201/12 2194/2549/12
f 2191/2546/12 2196/2551/12 1854/2209/12 1845/2200/12
f 1848/2203/12 1856/2211/12 2196/2551/12 2191/2546/12
f 2197/2552/12 2193/2548/12 2192/2547/12 2198/2553/12
f 1855/2210/12 1847/2202/12 2193/2548/12 2197/2552/12
f 2196/2551/12 2184/2539/12 1835/2190/12 1854/2209/12
f 1856/2211/12 1839/2194/12 2184/2539/12 2196/2551/12
f 2187/2542/12 2197/2552/12 2198/2553/12 2188/2543/12
f 1836/2191/12 1855/2210/12 2197/2552/12 2187/2542/12
f 2199/2554/12 2186/2541/12 2189/2544/12 2200/2555/12
f 1858/2213/12 1837/2192/12 2186/2541/12 2199/2554/12
f 2185/2540/12 2201/2556/12 1715/2070/12 1834/2189/12
f 1838/2193/12 1857/2212/12 2201/2556/12 2185/2540/12
f 2178/2533/12 2202/2557/12 2203/2558/12 2179/2534/12
f 1772/2127/12 2156/2511/12 2202/2557/12 2178/2533/12
f 2155/2510/12 1775/2130/12 1726/2081/12 1729/2084/12
f 2202/2557/12 2199/2554/12 2200/2555/12 2203/2558/12
f 2156/2511/12 1858/2213/12 2199/2554/12 2202/2557/12
f 1857/2212/12 2155/2510/12 1729/2084/12 2201/2556/12
f 1717/2072/12 1716/2071/12 1728/2083/12 2204/2559/12
f 1730/2085/12 1727/2082/12 1726/2081/12
f 1718/2073/12 1980/2335/12 1868/2223/12
f 1721/2076/12 1720/2075/12 1981/2336/12 2205/2560/12
f 1728/2083/12 1727/2082/12 2206/2561/12 2204/2559/12
f 1728/2083/12 1716/2071/12 2201/2556/12 1729/2084/12
f 1716/2071/12 1715/2070/12 2201/2556/12
f 2207/2562/12 1727/2082/12 1730/2085/12 1733/2088/12
f 1981/2336/12 1980/2335/12 2208/2563/12 2205/2560/12
f 1981/2336/12 1720/2075/12 1794/2149/12 1869/2224/12
f 1980/2335/12 1718/2073/12 1714/2069/12 2208/2563/12
f 1720/2075/12 1725/2080/12 1794/2149/12
f 1977/2332/12 1976/2331/12 1935/2290/12 1934/2289/12
f 1937/2292/12 1936/2291/12 1939/2294/12 1938/2293/12
f 1936/2291/12 1935/2290/12 1851/2206/12 1939/2294/12
f 2006/2361/12 2209/2564/12 2000/2355/12 1865/2220/12
f 2209/2564/12 2210/2565/12 2001/2356/12 2000/2355/12
f 1863/2218/12 1862/2217/12 1960/2315/12 2002/2357/12
f 2210/2565/12 2211/2566/12 2003/2358/12 2001/2356/12
f 2211/2566/12 2212/2567/12 2004/2359/12 2003/2358/12
f 2212/2567/12 1956/2311/12 2005/2360/12 2004/2359/12
f 1956/2311/12 1863/2218/12 2002/2357/12 2005/2360/12
f 2006/2361/12 1983/2338/12 2030/2385/12 2213/2568/12
f 2213/2568/12 2214/2569/12 2209/2564/12 2006/2361/12
f 2214/2569/12 2215/2570/12 2210/2565/12 2209/2564/12
f 2215/2570/12 2216/2571/12 2211/2566/12 2210/2565/12
f 2216/2571/12 1955/2310/12 2212/2567/12 2211/2566/12
f 1955/2310/12 1954/2309/12 1956/2311/12 2212/2567/12
f 2213/2568/12 2030/2385/12 2063/2418/12 2217/2572/12
f 2217/2572/12 2218/2573/12 2214/2569/12 2213/2568/12
f 2218/2573/12 1952/2307/12 2215/2570/12 2214/2569/12
f 1952/2307/12 1951/2306/12 2216/2571/12 2215/2570/12
f 2217/2572/12 2063/2418/12 2096/2451/12 1707/2062/12
f 1951/2306/12 1953/2308/12 1955/2310/12 2216/2571/12
f 1707/2062/12 1706/2061/12 2218/2573/12 2217/2572/12
f 1706/2061/12 1709/2064/12 1952/2307/12 2218/2573/12
f 1708/2063/12 2125/2480/12 2141/2496/12
f 2125/2480/12 1708/2063/12 1707/2062/12 2096/2451/12
f 1727/2082/12 2207/2562/12 2206/2561/12
f 1720/2075/12 1719/2074/12 1722/2077/12 1725/2080/12
f 1724/2079/12 1723/2078/12 1786/2141/12
f 1732/2087/12 1731/2086/12 1805/2160/12
f 2008/2363/12 1806/2161/12 1635/1988/12
f 2007/2362/12 1635/1988/12 1634/1987/12
f 2077/2432/12 1634/1987/12 2009/2365/12
f 2012/2367/12 2009/2365/12 1670/2364/12
f 1674/2028/12 1670/2364/12 1669/2029/12
f 1817/2172/12 1827/2182/12 1818/2173/12
f 2219/2574/12 1825/2180/12 1711/2066/12 1820/2175/12
f 1826/2181/12 1825/2180/12 2220/2575/12 2221/2576/12
f 1827/2182/12 1826/2181/12 2221/2576/12
f 2222/2577/12 2220/2575/12 1825/2180/12 2219/2574/12
f 2221/2576/12 2220/2575/12 1822/2177/12
f 1823/2178/12 1822/2177/12 2220/2575/12 2222/2577/12
f 2166/2521/12 2219/2574/12 1820/2175/12 1764/2119/12
f 1750/2105/12 2222/2577/12 2219/2574/12 2166/2521/12
f 1753/2108/12 1823/2178/12 2222/2577/12 1750/2105/12
f 1828/2183/12 1824/2179/12 1823/2178/12 1753/2108/12
f 1624/1977/12 2224/2578/6 2225/2579/6 1621/1974/12
f 1627/1980/12 2226/2580/110 2227/2581/111 1628/1981/12
f 1632/1985/12 2228/2582/112 2229/2583/113 1629/1982/12
f 1636/1989/12 2230/2584/114 2231/2585/115 1633/1986/12
f 1637/1990/12 2232/2586/6 2233/2587/6 1638/1991/12
f 1629/1982/12 2229/2583/113 2234/2588/6 1641/1994/12
f 1641/1994/12 2234/2588/6 2235/2589/6 1643/1996/12
f 1643/1996/12 2235/2589/6 2236/2590/6 1645/1998/12
f 1645/1998/12 2236/2590/6 2237/2591/6 1647/2000/12
f 1647/2000/12 2237/2591/6 2238/2592/6 1649/2002/12
f 1649/2002/12 2238/2592/6 2239/2593/6 1651/2004/12
f 1651/2004/12 2239/2593/6 2240/2594/6 1653/2006/12
f 1653/2006/12 2240/2594/6 2241/2595/6 1655/2008/12
f 1655/2008/12 2241/2595/6 2242/2596/6 1657/2010/12
f 1657/2010/12 2242/2596/6 2243/2597/6 1659/2012/12
f 1659/2012/12 2243/2597/6 2244/2598/6 1661/2014/12
f 1661/2014/12 2244/2598/6 2245/2599/6 1663/2016/12
f 1663/2016/12 2245/2599/6 2246/2600/6 1665/2018/12
f 1665/2018/12 2246/2600/6 2247/2601/6 1667/2020/12
f 1667/2020/12 2247/2601/6 2224/2578/6 1624/1977/12
f 1704/2059/12 2248/2602/116 2249/2603/117 1701/2056/12
f 1713/2068/12 2250/2604/118 2251/2605/119 1710/2065/12
f 1717/2072/12 2252/2606/120 2253/2607/121 1714/2069/12
f 1721/2076/12 2254/2608/122 2255/2609/123 1719/2074/12
f 1722/2077/12 2256/2610/124 2257/2611/125 1723/2078/12
f 1732/2087/12 2258/2612/126 2259/2613/127 1733/2088/12
f 1739/2094/12 2260/2614/20 2261/2615/20 1740/2095/12
f 1745/2100/12 2262/2616/6 2263/2617/6 1742/2097/12
f 1749/2104/12 2264/2618/128 2265/2619/128 1746/2101/12
f 1755/2110/12 2266/2620/20 2267/2621/129 1756/2111/12
f 1761/2116/12 2268/2622/6 2269/2623/6 1758/2113/12
f 1765/2120/12 2270/2624/130 2271/2625/6 1762/2117/12
f 1779/2134/12 2272/2626/20 2266/2620/20 1755/2110/12
f 1781/2136/12 2273/2627/20 2272/2626/20 1779/2134/12
f 1783/2138/12 2274/2628/20 2273/2627/20 1781/2136/12
f 1740/2095/12 2261/2615/20 2274/2628/20 1783/2138/12
f 1786/2141/12 2275/2629/125 2276/2630/20 1784/2139/12
f 1784/2139/12 2276/2630/20 2260/2614/20 1739/2094/12
f 1758/2113/12 2269/2623/6 2277/2631/6 1787/2142/12
f 1787/2142/12 2277/2631/6 2278/2632/6 1789/2144/12
f 1789/2144/12 2278/2632/6 2279/2633/6 1791/2146/12
f 1791/2146/12 2279/2633/6 2262/2616/6 1745/2100/12
f 1762/2117/12 2271/2625/6 2280/2634/6 1797/2152/12
f 1797/2152/12 2280/2634/6 2281/2635/6 1799/2154/12
f 1799/2154/12 2281/2635/6 2282/2636/6 1801/2156/12
f 1801/2156/12 2282/2636/6 2264/2618/128 1749/2104/12
f 1804/2159/12 2283/2637/6 2284/2638/126 1805/2160/12
f 1746/2101/12 2265/2619/128 2283/2637/6 1804/2159/12
f 1809/2164/12 2285/2639/131 2230/2584/114 1636/1989/12
f 1813/2168/12 2286/2640/6 2287/2641/6 1810/2165/12
f 1810/2165/12 2287/2641/6 2288/2642/6 1814/2169/12
f 1819/2174/12 2289/2643/132 2290/2644/133 1816/2171/12
f 1816/2171/12 2290/2644/133 2250/2604/118 1713/2068/12
f 1821/2176/12 2291/2645/134 2270/2624/130 1765/2120/12
f 1710/2065/12 2251/2605/119 2291/2645/134 1821/2176/12
f 1843/2198/12 2292/2646/14 2293/2647/14 1840/2195/12
f 1840/2195/12 2293/2647/14 2294/2648/14 1844/2199/12
f 1849/2204/12 2295/2649/14 2296/2650/14 1846/2201/12
f 1638/1991/12 2233/2587/6 2297/2651/6 1852/2207/12
f 1814/2169/12 2288/2642/6 2298/2652/6 1866/2221/12
f 1885/2240/12 2299/2653/6 2286/2640/6 1813/2168/12
f 1887/2242/12 2300/2654/6 2299/2653/6 1885/2240/12
f 1889/2244/12 2301/2655/6 2300/2654/6 1887/2242/12
f 1891/2246/12 2302/2656/6 2301/2655/6 1889/2244/12
f 1893/2248/12 2303/2657/6 2302/2656/6 1891/2246/12
f 1895/2250/12 2304/2658/6 2303/2657/6 1893/2248/12
f 1897/2252/12 2305/2659/6 2304/2658/6 1895/2250/12
f 1899/2254/12 2306/2660/6 2305/2659/6 1897/2252/12
f 1901/2256/12 2307/2661/6 2306/2660/6 1899/2254/12
f 1903/2258/12 2308/2662/6 2307/2661/6 1901/2256/12
f 1905/2260/12 2309/2663/6 2308/2662/6 1903/2258/12
f 1907/2262/12 2310/2664/6 2309/2663/6 1905/2260/12
f 1909/2264/12 2311/2665/6 2310/2664/6 1907/2262/12
f 1911/2266/12 2312/2666/6 2311/2665/6 1909/2264/12
f 1621/1974/12 2225/2579/6 2312/2666/6 1911/2266/12
f 1913/2268/12 2313/2667/135 2228/2582/112 1632/1985/12
f 1915/2270/12 2314/2668/136 2313/2667/135 1913/2268/12
f 1917/2272/12 2315/2669/6 2232/2586/6 1637/1990/12
f 1924/2279/12 2316/2670/6 2315/2669/6 1917/2272/12
f 1926/2281/12 2317/2671/6 2316/2670/6 1924/2279/12
f 1742/2097/12 2263/2617/6 2317/2671/6 1926/2281/12
f 1928/2283/12 2318/2672/6 2268/2622/6 1761/2116/12
f 1866/2221/12 2298/2652/6 2318/2672/6 1928/2283/12
f 1852/2207/12 2297/2651/6 2319/2673/6 1932/2287/12
f 1937/2292/12 2320/2674/137 2321/2675/138 1934/2289/12
f 1932/2287/12 2319/2673/6 2322/2676/6 1938/2293/12
f 1941/2296/12 2323/2677/139 2314/2668/136 1915/2270/12
f 1943/2298/12 2324/2678/140 2323/2677/139 1941/2296/12
f 1945/2300/12 2325/2679/140 2324/2678/140 1943/2298/12
f 1628/1981/12 2227/2581/111 2325/2679/140 1945/2300/12
f 1701/2056/12 2249/2603/117 2326/2680/141 1946/2301/12
f 1946/2301/12 2326/2680/141 2327/2681/142 1948/2303/12
f 1948/2303/12 2327/2681/142 2226/2580/110 1627/1980/12
f 1977/2332/12 2328/2682/143 2292/2646/14 1843/2198/12
f 1669/2029/12 1670/2364/12 1671/2025/12
f 1633/1986/12 2231/2585/115 2329/2023/108 2010/2022/12
f 1756/2111/12 2267/2621/129 2285/2639/131 1809/2164/12
f 1844/2199/12 2294/2648/14 2330/2683/14 2190/2545/12
f 2190/2545/12 2330/2683/14 2295/2649/14 1849/2204/12
f 2194/2549/12 2331/2684/14 2332/2685/14 2195/2550/12
f 1846/2201/12 2296/2650/14 2331/2684/14 2194/2549/12
f 2204/2559/12 2333/2686/144 2252/2606/120 1717/2072/12
f 2205/2560/12 2334/2687/145 2254/2608/122 1721/2076/12
f 2206/2561/12 2335/2688/146 2333/2686/144 2204/2559/12
f 1733/2088/12 2259/2613/127 2336/2689/147 2207/2562/12
f 2208/2563/12 2337/2690/148 2334/2687/145 2205/2560/12
f 1714/2069/12 2253/2607/121 2337/2690/148 2208/2563/12
f 1934/2289/12 2321/2675/138 2328/2682/143 1977/2332/12
f 1938/2293/12 2322/2676/6 2320/2674/137 1937/2292/12
f 2207/2562/12 2336/2689/147 2335/2688/146 2206/2561/12
f 1719/2074/12 2255/2609/123 2256/2610/124 1722/2077/12
f 1723/2078/12 2257/2611/125 2275/2629/125 1786/2141/12
f 1805/2160/12 2284/2638/126 2258/2612/126 1732/2087/12
f 1506/1738/68 2249/2691/117 2248/2692/116 1507/1739/69
f 1508/1742/70 2326/2693/141 2249/2691/117 1506/1738/68
f 1509/1744/71 2327/2694/142 2326/2693/141 1508/1742/70
f 1510/1746/72 2226/2695/110 2327/2694/142 1509/1744/71
f 1511/1748/73 2227/2696/111 2226/2695/110 1510/1746/72
f 1512/1750/74 2325/2697/140 2227/2696/111 1511/1748/73
f 1513/1752/74 2324/2698/140 2325/2697/140 1512/1750/74
f 1514/1754/75 2323/2699/139 2324/2698/140 1513/1752/74
f 1515/1756/76 2314/2700/136 2323/2699/139 1514/1754/75
f 1516/1758/77 2313/2701/135 2314/2700/136 1515/1756/76
f 1517/1760/78 2228/2702/112 2313/2701/135 1516/1758/77
f 1518/1762/79 2229/2703/113 2228/2702/112 1517/1760/78
f 1519/1764/5 2234/2704/6 2229/2705/113 1518/1765/79
f 1520/1768/5 2235/2706/6 2234/2704/6 1519/1764/5
f 1521/1770/5 2236/2707/6 2235/2706/6 1520/1768/5
f 1522/1772/5 2237/2708/6 2236/2707/6 1521/1770/5
f 1523/1774/5 2238/2709/6 2237/2708/6 1522/1772/5
f 1524/1776/5 2239/2710/6 2238/2709/6 1523/1774/5
f 1525/1778/5 2240/2711/6 2239/2710/6 1524/1776/5
f 1526/1780/5 2241/2712/6 2240/2711/6 1525/1778/5
f 1527/1782/5 2242/2713/6 2241/2712/6 1526/1780/5
f 1528/1784/5 2243/2714/6 2242/2713/6 1527/1782/5
f 1529/1786/5 2244/2715/6 2243/2714/6 1528/1784/5
f 1530/1788/5 2245/2716/6 2244/2715/6 1529/1786/5
f 1531/1790/5 2246/2717/6 2245/2716/6 1530/1788/5
f 1532/1792/5 2247/2718/6 2246/2717/6 1531/1790/5
f 1533/1794/5 2224/2719/6 2247/2718/6 1532/1792/5
f 1534/1796/5 2225/2720/6 2224/2719/6 1533/1794/5
f 1535/1798/5 2312/2721/6 2225/2720/6 1534/1796/5
f 1536/1800/5 2311/2722/6 2312/2721/6 1535/1798/5
f 1537/1802/5 2310/2723/6 2311/2722/6 1536/1800/5
f 1538/1804/5 2309/2724/6 2310/2723/6 1537/1802/5
f 1539/1806/5 2308/2725/6 2309/2724/6 1538/1804/5
f 1540/1808/5 2307/2726/6 2308/2725/6 1539/1806/5
f 1541/1810/5 2306/2727/6 2307/2726/6 1540/1808/5
f 1542/1812/5 2305/2728/6 2306/2727/6 1541/1810/5
f 1543/1814/5 2304/2729/6 2305/2728/6 1542/1812/5
f 1544/1816/5 2303/2730/6 2304/2729/6 1543/1814/5
f 1545/1818/5 2302/2731/6 2303/2730/6 1544/1816/5
f 1546/1820/5 2301/2732/6 2302/2731/6 1545/1818/5
f 1547/1822/5 2300/2733/6 2301/2732/6 1546/1820/5
f 1548/1824/5 2299/2734/6 2300/2733/6 1547/1822/5
f 1549/1826/5 2286/2735/6 2299/2734/6 1548/1824/5
f 1550/1828/5 2287/2736/6 2286/2735/6 1549/1826/5
f 1551/1830/5 2288/2737/6 2287/2736/6 1550/1828/5
f 1552/1832/5 2298/2738/6 2288/2737/6 1551/1830/5
f 1553/1834/5 2318/2739/6 2298/2738/6 1552/1832/5
f 1554/1836/5 2268/2740/6 2318/2739/6 1553/1834/5
f 1555/1838/5 2269/2741/6 2268/2740/6 1554/1836/5
f 1556/1840/5 2277/2742/6 2269/2741/6 1555/1838/5
f 1557/1842/5 2278/2743/6 2277/2742/6 1556/1840/5
f 1558/1844/5 2279/2744/6 2278/2743/6 1557/1842/5
f 1559/1846/5 2262/2745/6 2279/2744/6 1558/1844/5
f 1560/1848/5 2263/2746/6 2262/2745/6 1559/1846/5
f 1561/1850/5 2317/2747/6 2263/2746/6 1560/1848/5
f 1562/1852/5 2316/2748/6 2317/2747/6 1561/1850/5
f 1563/1854/5 2315/2749/6 2316/2748/6 1562/1852/5
f 1564/1856/5 2232/2750/6 2315/2749/6 1563/1854/5
f 1565/1858/5 2233/2751/6 2232/2750/6 1564/1856/5
f 1566/1860/5 2297/2752/6 2233/2751/6 1565/1858/5
f 1567/1862/5 2319/2753/6 2297/2752/6 1566/1860/5
f 1568/1864/5 2322/2754/6 2319/2753/6 1567/1862/5
f 1569/1866/80 2320/2755/137 2322/2754/6 1568/1864/5
f 1570/1868/81 2321/2756/138 2320/2755/137 1569/1866/80
f 1571/1870/82 2328/2757/143 2321/2758/138 1570/1871/81
f 1572/1874/15 2292/2759/14 2328/2757/143 1571/1870/82
f 1573/1876/15 2293/2760/14 2292/2759/14 1572/1874/15
f 1574/1878/15 2294/2761/14 2293/2760/14 1573/1876/15
f 1575/1880/15 2330/2762/14 2294/2761/14 1574/1878/15
f 1576/1882/15 2295/2763/14 2330/2762/14 1575/1880/15
f 1577/1884/15 2296/2764/14 2295/2763/14 1576/1882/15
f 1578/1886/15 2331/2765/14 2296/2764/14 1577/1884/15
f 1579/1888/15 2332/2766/14 2331/2765/14 1578/1886/15
f 1580/1890/83 2290/2767/133 2289/2768/132 1581/1891/84
f 1582/1894/85 2250/2769/118 2290/2767/133 1580/1890/83
f 1583/1896/86 2251/2770/119 2250/2769/118 1582/1894/85
f 1584/1898/87 2291/2771/134 2251/2770/119 1583/1896/86
f 1585/1900/88 2270/2772/130 2291/2771/134 1584/1898/87
f 1586/1902/5 2271/2773/6 2270/2772/130 1585/1900/88
f 1587/1904/5 2280/2774/6 2271/2773/6 1586/1902/5
f 1588/1906/5 2281/2775/6 2280/2774/6 1587/1904/5
f 1589/1908/5 2282/2776/6 2281/2775/6 1588/1906/5
f 1590/1910/89 2264/2777/128 2282/2776/6 1589/1908/5
f 1591/1912/89 2265/2778/128 2264/2777/128 1590/1910/89
f 1592/1914/5 2283/2779/6 2265/2778/128 1591/1912/89
f 1593/1916/90 2284/2780/126 2283/2779/6 1592/1914/5
f 1594/1918/90 2258/2781/126 2284/2780/126 1593/1916/90
f 1595/1920/91 2259/2782/127 2258/2781/126 1594/1918/90
f 1596/1922/92 2336/2783/147 2259/2782/127 1595/1920/91
f 1597/1924/93 2335/2784/146 2336/2783/147 1596/1922/92
f 1598/1926/94 2333/2785/144 2335/2784/146 1597/1924/93
f 1599/1928/95 2252/2786/120 2333/2785/144 1598/1926/94
f 1600/1930/17 2253/2787/121 2252/2786/120 1599/1928/95
f 1601/1932/96 2337/2788/148 2253/2787/121 1600/1930/17
f 1602/1934/97 2334/2789/145 2337/2788/148 1601/1932/96
f 1603/1936/98 2254/2790/122 2334/2789/145 1602/1934/97
f 1604/1938/99 2255/2791/123 2254/2790/122 1603/1936/98
f 1605/1940/100 2256/2792/124 2255/2791/123 1604/1938/99
f 1606/1942/101 2257/2793/125 2256/2794/124 1605/1943/100
f 1607/1946/101 2275/2795/125 2257/2793/125 1606/1942/101
f 1608/1948/21 2276/2796/20 2275/2795/125 1607/1946/101
f 1609/1950/21 2260/2797/20 2276/2796/20 1608/1948/21
f 1610/1952/21 2261/2798/20 2260/2797/20 1609/1950/21
f 1611/1954/21 2274/2799/20 2261/2798/20 1610/1952/21
f 1612/1956/21 2273/2800/20 2274/2799/20 1611/1954/21
f 1613/1958/21 2272/2801/20 2273/2800/20 1612/1956/21
f 1614/1960/21 2266/2802/20 2272/2801/20 1613/1958/21
f 1615/1962/102 2267/2803/129 2266/2802/20 1614/1960/21
f 1616/1964/103 2285/2804/131 2267/2803/129 1615/1962/102
f 1617/1966/104 2230/2805/114 2285/2804/131 1616/1964/103
f 1618/1968/105 2231/2806/115 2230/2805/114 1617/1966/104
f 1619/1970/106 2329/2807/108 2231/2806/115 1618/1968/105
f 1620/1972/107 2223/2808/109 2329/2807/108 1619/1970/106
f 2338/2809/1 2339/2810/1 2340/2811/1 2341/2812/1
f 2342/2813/1 2343/2814/1 2344/2815/1 2345/2816/1
f 2346/2817/1 2347/2818/1 2348/2819/1 2349/2820/1
f 2350/2821/1 2351/2822/1 2352/2823/1 2353/2824/1
f 2354/2825/1 2355/2826/1 2356/2827/1 2357/2828/1
f 2358/2829/1 2359/2830/1 2347/2818/1 2346/2817/1
f 2360/2831/1 2361/2832/1 2359/2830/1 2358/2829/1
f 2362/2833/1 2363/2834/1 2361/2832/1 2360/2831/1
f 2364/2835/1 2365/2836/1 2363/2834/1 2362/2833/1
f 2366/2837/1 2367/2838/1 2365/2836/1 2364/2835/1
f 2368/2839/1 2369/2840/1 2367/2838/1 2366/2837/1
f 2370/2841/1 2371/2842/1 2369/2840/1 2368/2839/1
f 2372/2843/1 2373/2844/1 2371/2842/1 2370/2841/1
f 2374/2845/1 2375/2846/1 2373/2844/1 2372/2843/1
f 2376/2847/1 2377/2848/1 2375/2846/1 2374/2845/1
f 2378/2849/1 2379/2850/1 2377/2848/1 2376/2847/1
f 2380/2851/1 2381/2852/1 2379/2850/1 2378/2849/1
f 2382/2853/1 2383/2854/1 2381/2852/1 2380/2851/1
f 2384/2855/1 2385/2856/1 2383/2854/1 2382/2853/1
f 2341/2812/1 2340/2811/1 2385/2856/1 2384/2855/1
f 2693/2857/1 2976/2858/149 1391/1071/27 838/1070/1
f 840/1073/1 2387/2859/1 2388/2860/1 837/1074/1
f 843/1077/1 2389/2861/1 2387/2859/1 840/1073/1
f 845/1079/1 2390/2862/1 2389/2861/1 843/1077/1
f 847/1081/1 2391/2863/1 2390/2862/1 845/1079/1
f 849/1083/1 2392/2864/1 2391/2863/1 847/1081/1
f 851/1085/1 2393/2865/1 2392/2864/1 849/1083/1
f 853/1087/1 2394/2866/1 2393/2865/1 851/1085/1
f 855/1089/1 2395/2867/1 2394/2866/1 853/1087/1
f 857/1091/1 2396/2868/1 2395/2867/1 855/1089/1
f 859/1093/1 2397/2869/1 2396/2868/1 857/1091/1
f 861/1095/1 2398/2870/1 2397/2869/1 859/1093/1
f 863/1097/1 2399/2871/1 2398/2870/1 861/1095/1
f 865/1099/1 2400/2872/1 2399/2871/1 863/1097/1
f 867/1101/1 2401/2873/1 2400/2872/1 865/1099/1
f 2402/2874/1 2403/2875/1 871/1105/1 870/1104/1
f 873/1107/1 2404/2876/1 2405/2877/1 874/1108/1
f 877/1111/1 2404/2876/1 873/1107/1
f 2406/2878/1 2407/2879/1 2408/2880/1 2409/2881/1
f 2410/2882/1 2411/2883/1 2412/2884/1 2413/2885/1
f 2410/2882/1 2414/2886/1 2411/2883/1
f 2415/2887/1 2416/2888/1 2417/2889/1
f 2418/2890/1 2419/2891/1 2420/2892/1 2421/2893/1
f 2422/2894/1 2423/2895/1 2424/2896/1 2425/2897/1
f 2426/2898/1 2427/2899/1 2428/2900/1 2429/2901/1
f 2430/2902/1 2431/2903/1 2432/2904/1 2433/2905/1
f 2434/2906/1 2435/2907/1 2436/2908/1 2437/2909/1
f 2438/2910/1 2439/2911/1 2440/2912/1 2441/2913/1
f 2442/2914/1 2443/2915/1 2444/2916/1 2445/2917/1
f 2446/2918/1 2447/2919/1 2448/2920/1 2449/2921/1
f 2450/2922/1 2451/2923/1 2452/2924/1 2453/2925/1
f 2454/2926/1 2455/2927/1 2456/2928/1 2457/2929/1
f 2458/2930/1 2459/2931/1 2460/2932/1 2461/2933/1
f 2447/2919/1 2462/2934/1 2463/2935/1 2448/2920/1
f 2462/2934/1 2464/2936/1 2465/2937/1 2463/2935/1
f 2464/2936/1 2466/2938/1 2467/2939/1 2465/2937/1
f 2466/2938/1 2430/2902/1 2433/2905/1 2467/2939/1
f 2468/2940/1 2469/2941/1 2470/2942/1 2471/2943/1
f 2469/2941/1 2472/2944/1 2473/2945/1 2470/2942/1
f 2472/2944/1 2432/2904/1 2431/2903/1 2473/2945/1
f 2474/2946/1 2475/2947/1 2451/2923/1 2450/2922/1
f 2476/2948/1 2477/2949/1 2475/2947/1 2474/2946/1
f 2478/2950/1 2479/2951/1 2477/2949/1 2476/2948/1
f 2437/2909/1 2436/2908/1 2479/2951/1 2478/2950/1
f 2480/2952/1 2481/2953/1 2420/2892/1 2482/2954/1
f 2435/2907/1 2434/2906/1 2481/2953/1 2480/2952/1
f 2483/2955/1 2484/2956/1 2455/2927/1 2454/2926/1
f 2485/2957/1 2486/2958/1 2484/2956/1 2483/2955/1
f 2487/2959/1 2488/2960/1 2486/2958/1 2485/2957/1
f 2441/2913/1 2440/2912/1 2488/2960/1 2487/2959/1
f 2420/2892/1 2489/2961/1 2490/2962/1 2421/2893/1
f 2481/2953/1 2491/2963/1 2489/2961/1 2420/2892/1
f 2434/2906/1 2492/2964/1 2491/2963/1 2481/2953/1
f 2493/2965/1 2494/2966/1 2459/2931/1 2458/2930/1
f 2495/2967/1 2496/2968/1 2494/2966/1 2493/2965/1
f 2497/2969/1 2498/2970/1 2496/2968/1 2495/2967/1
f 2445/2917/1 2444/2916/1 2498/2970/1 2497/2969/1
f 2499/2971/1 2500/2972/1 2501/2973/1 2427/2899/1
f 2443/2915/1 2442/2914/1 2500/2972/1 2499/2971/1
f 2453/2925/1 2502/2974/1 2503/2975/1 2504/2976/1
f 2353/2824/1 2352/2823/1 2502/2974/1 2505/2977/1
f 2506/2978/1 2507/2979/1 2508/2980/1 2509/2981/1
f 2510/2982/1 2511/2983/1 2507/2979/1 2506/2978/1
f 2512/2984/1 2513/2985/1 986/1220/1 985/1219/1
f 2409/2881/1 2408/2880/1 2513/2985/1 2512/2984/1
f 2460/2932/1 2514/2986/1 2515/2987/1 2461/2933/1
f 990/1224/1 2516/2988/1 991/1225/1
f 2408/2880/1 2407/2879/1 2517/2989/1 2518/2990/1
f 2513/2985/1 2408/2880/1 2518/2990/1 995/1229/1
f 2514/2986/1 2407/2879/1 2406/2878/1 2515/2987/1
f 991/1225/1 2519/2991/1 996/1230/1
f 2520/2992/1 2521/2993/1 2522/2994/1 2523/2995/1
f 2524/2996/1 2520/2992/1 2523/2995/1 2525/2997/1
f 2526/2998/1 2527/2999/1 2528/3000/1 2529/3001/1
f 2530/3002/1 2531/3003/1 2532/3004/1 2533/3005/1
f 2534/3006/1 2535/3007/1 2531/3003/1 2530/3002/1
f 2536/3008/1 2537/3009/1 2538/3010/1 2539/3011/1
f 2540/3012/1 2541/3013/1 2532/3004/1 2531/3003/1
f 2523/2995/1 2522/2994/1 2541/3013/1 2540/3012/1
f 2542/3014/1 2543/3015/1 2356/2827/1 2355/2826/1
f 2544/3016/1 2540/3012/1 2531/3003/1 2535/3007/1
f 2525/2997/1 2523/2995/1 2540/3012/1 2544/3016/1
f 2520/2992/1 2524/2996/1 2411/2883/1 2414/2886/1
f 2537/3009/1 2545/3017/1 2546/3018/1 2538/3010/1
f 2545/3017/1 2526/2998/1 2529/3001/1 2546/3018/1
f 2547/3019/1 2528/3000/1 2527/2999/1 2548/3020/1
f 2340/2811/1 2339/2810/1 2549/3021/1 2550/3022/1
f 1029/1263/1 1031/1265/1 2551/3023/1
f 2348/2819/1 2347/2818/1 2552/3024/1 2553/3025/1
f 2554/3026/1 2555/3027/1 2511/2983/1 2510/2982/1
f 2357/2828/1 2356/2827/1 2556/3028/1 2557/3029/1
f 2347/2818/1 2359/2830/1 2558/3030/1 2552/3024/1
f 2359/2830/1 2361/2832/1 2559/3031/1 2558/3030/1
f 2361/2832/1 2363/2834/1 2560/3032/1 2559/3031/1
f 2363/2834/1 2365/2836/1 2561/3033/1 2560/3032/1
f 2365/2836/1 2367/2838/1 2562/3034/1 2561/3033/1
f 2367/2838/1 2369/2840/1 2563/3035/1 2562/3034/1
f 2369/2840/1 2371/2842/1 2564/3036/1 2563/3035/1
f 2371/2842/1 2373/2844/1 2565/3037/1 2564/3036/1
f 2373/2844/1 2375/2846/1 2566/3038/1 2565/3037/1
f 2375/2846/1 2377/2848/1 2567/3039/1 2566/3038/1
f 2377/2848/1 2379/2850/1 2568/3040/1 2567/3039/1
f 2379/2850/1 2381/2852/1 2569/3041/1 2568/3040/1
f 2381/2852/1 2383/2854/1 2570/3042/1 2569/3041/1
f 2383/2854/1 2385/2856/1 2571/3043/1 2570/3042/1
f 2385/2856/1 2340/2811/1 2550/3022/1 2571/3043/1
f 2509/2981/1 2508/2980/1 2572/3044/1 2573/3045/1
f 2573/3045/1 2572/3044/1 2574/3046/1 2575/3047/1
f 2575/3047/1 2574/3046/1 2576/3048/1 2577/3049/1
f 2577/3049/1 2576/3048/1 2578/3050/1 2579/3051/1
f 2579/3051/1 2578/3050/1 2580/3052/1 2581/3053/1
f 2581/3053/1 2580/3052/1 2582/3054/1 2583/3055/1
f 2583/3055/1 2582/3054/1 2584/3056/1 2585/3057/1
f 2585/3057/1 2584/3056/1 2586/3058/1 2587/3059/1
f 2587/3059/1 2586/3058/1 2588/3060/1 2589/3061/1
f 2589/3061/1 2588/3060/1 2590/3062/1 2591/3063/1
f 2591/3063/1 2590/3062/1 2592/3064/1 2593/3065/1
f 2593/3065/1 2592/3064/1 2594/3066/1 2595/3067/1
f 2595/3067/1 2594/3066/1 2596/3068/1 2597/3069/1
f 2597/3069/1 2596/3068/1 2598/3070/1 2599/3071/1
f 2599/3071/1 2598/3070/1 2339/2810/1 2338/2809/1
f 2349/2820/1 2348/2819/1 2600/3072/1 2601/3073/1
f 2601/3073/1 2600/3072/1 2602/3074/1 2603/3075/1
f 2354/2825/1 2357/2828/1 2604/3076/1 2605/3077/1
f 2440/2912/1 2439/2911/1 2492/2964/1 2606/3078/1
f 2456/2928/1 2455/2927/1 2607/3079/1 2504/2976/1
f 2455/2927/1 2484/2956/1 2608/3080/1 2607/3079/1
f 2484/2956/1 2486/2958/1 2609/3081/1 2608/3080/1
f 2486/2958/1 2488/2960/1 2610/3082/1 2609/3081/1
f 2488/2960/1 2440/2912/1 2606/3078/1 2610/3082/1
f 2605/3077/1 2604/3076/1 2611/3083/1 2612/3084/1
f 2612/3084/1 2611/3083/1 2613/3085/1 2614/3086/1
f 2614/3086/1 2613/3085/1 2439/2911/1 2438/2910/1
f 2457/2929/1 2456/2928/1 2615/3087/1 2616/3088/1
f 2616/3088/1 2615/3087/1 2555/3027/1 2554/3026/1
f 2508/2980/1 2507/2979/1 2617/3089/1 2618/3090/1
f 2507/2979/1 2511/2983/1 2619/3091/1 2617/3089/1
f 2620/3092/1 2621/3093/1 2543/3015/1 2542/3014/1
f 2622/3094/1 2623/3095/1 2624/3096/1 2625/3097/1
f 2626/3098/1 2627/3099/1 2621/3093/1 2620/3092/1
f 2356/2827/1 2543/3015/1 2521/2993/1 2556/3028/1
f 2602/3074/1 2628/3100/1 2629/3101/1 2603/3075/1
f 2628/3100/1 2630/3102/1 2631/3103/1 2629/3101/1
f 2630/3102/1 2632/3104/1 2633/3105/1 2631/3103/1
f 2632/3104/1 2342/2813/1 2345/2816/1 2633/3105/1
f 2634/3106/1 2635/3107/1 2403/2875/1 2402/2874/1
f 2636/3108/1 2637/3109/1 2635/3107/1 2634/3106/1
f 2344/2815/1 2343/2814/1 2637/3109/1 2636/3108/1
f 1118/1352/1 2638/3110/1 2639/3111/1 877/1111/1
f 1121/1355/1 2638/3110/1 1118/1352/1
f 1122/1356/1 2640/3112/1 1121/1355/1
f 1029/1263/1 2551/3023/1 2641/3113/1 1122/1356/1
f 2635/3107/1 1125/1359/1 2403/2875/1
f 1125/1359/1 2642/3114/1 1126/1360/1
f 2343/2814/1 2643/3115/1 2642/3114/1 2637/3109/1
f 2403/2875/1 1125/1359/1 871/1105/1
f 2644/3116/1 2619/3091/1 2511/2983/1 2555/3027/1
f 2618/3090/1 2645/3117/1 2572/3044/1 2508/2980/1
f 2645/3117/1 2646/3118/1 2574/3046/1 2572/3044/1
f 2646/3118/1 2647/3119/1 2576/3048/1 2574/3046/1
f 2647/3119/1 2648/3120/1 2578/3050/1 2576/3048/1
f 2648/3120/1 2649/3121/1 2580/3052/1 2578/3050/1
f 2649/3121/1 2650/3122/1 2582/3054/1 2580/3052/1
f 2650/3122/1 2651/3123/1 2584/3056/1 2582/3054/1
f 2651/3123/1 2652/3124/1 2586/3058/1 2584/3056/1
f 2652/3124/1 2653/3125/1 2588/3060/1 2586/3058/1
f 2653/3125/1 2654/3126/1 2590/3062/1 2588/3060/1
f 2654/3126/1 2655/3127/1 2592/3064/1 2590/3062/1
f 2655/3127/1 2656/3128/1 2594/3066/1 2592/3064/1
f 2656/3128/1 2657/3129/1 2596/3068/1 2594/3066/1
f 2657/3129/1 2658/3130/1 2598/3070/1 2596/3068/1
f 2658/3130/1 2549/3021/1 2339/2810/1 2598/3070/1
f 2557/3029/1 2490/2962/1 2604/3076/1 2357/2828/1
f 2490/2962/1 2489/2961/1 2611/3083/1 2604/3076/1
f 2489/2961/1 2491/2963/1 2613/3085/1 2611/3083/1
f 2491/2963/1 2492/2964/1 2439/2911/1 2613/3085/1
f 2504/2976/1 2503/2975/1 2615/3087/1 2456/2928/1
f 2503/2975/1 2644/3116/1 2555/3027/1 2615/3087/1
f 2522/2994/1 2521/2993/1 2543/3015/1 2621/3093/1
f 2533/3005/1 2532/3004/1 2659/3131/1 2660/3132/1
f 2659/3131/1 2532/3004/1 2541/3013/1 2623/3095/1
f 2541/3013/1 2522/2994/1 2621/3093/1 2627/3099/1
f 2550/3022/1 2549/3021/1 2661/3133/1 2662/3134/1
f 2557/3029/1 2556/3028/1 2663/3135/1 2664/3136/1
f 2552/3024/1 2558/3030/1 2665/3137/1 2666/3138/1
f 2558/3030/1 2559/3031/1 2667/3139/1 2665/3137/1
f 2559/3031/1 2560/3032/1 2668/3140/1 2667/3139/1
f 2560/3032/1 2561/3033/1 2669/3141/1 2668/3140/1
f 2561/3033/1 2562/3034/1 2670/3142/1 2669/3141/1
f 2562/3034/1 2563/3035/1 2671/3143/1 2670/3142/1
f 2563/3035/1 2564/3036/1 2672/3144/1 2671/3143/1
f 2564/3036/1 2565/3037/1 2673/3145/1 2672/3144/1
f 2565/3037/1 2566/3038/1 2674/3146/1 2673/3145/1
f 2566/3038/1 2567/3039/1 2675/3147/1 2674/3146/1
f 2567/3039/1 2568/3040/1 2676/3148/1 2675/3147/1
f 2568/3040/1 2569/3041/1 2677/3149/1 2676/3148/1
f 2569/3041/1 2570/3042/1 2678/3150/1 2677/3149/1
f 2570/3042/1 2571/3043/1 2679/3151/1 2678/3150/1
f 2571/3043/1 2550/3022/1 2662/3134/1 2679/3151/1
f 2606/3078/1 2492/2964/1 2434/2906/1 2437/2909/1
f 2504/2976/1 2607/3079/1 2450/2922/1 2453/2925/1
f 2607/3079/1 2608/3080/1 2474/2946/1 2450/2922/1
f 2608/3080/1 2609/3081/1 2476/2948/1 2474/2946/1
f 2609/3081/1 2610/3082/1 2478/2950/1 2476/2948/1
f 2610/3082/1 2606/3078/1 2437/2909/1 2478/2950/1
f 2618/3090/1 2617/3089/1 2680/3152/1 2681/3153/1
f 2617/3089/1 2619/3091/1 2682/3154/1 2680/3152/1
f 2556/3028/1 2521/2993/1 2520/2992/1 2414/2886/1
f 2553/3025/1 2683/3155/1 2600/3072/1 2348/2819/1
f 2683/3155/1 2684/3156/1 2602/3074/1 2600/3072/1
f 2685/3157/1 2643/3115/1 2343/2814/1 2342/2813/1
f 2684/3156/1 2686/3158/1 2628/3100/1 2602/3074/1
f 2686/3158/1 2687/3159/1 2630/3102/1 2628/3100/1
f 2687/3159/1 2688/3160/1 2632/3104/1 2630/3102/1
f 2688/3160/1 2685/3157/1 2342/2813/1 2632/3104/1
f 2642/3114/1 2643/3115/1 1031/1265/1 1126/1360/1
f 2553/3025/1 2552/3024/1 2666/3138/1 2689/3161/1
f 2642/3114/1 1125/1359/1 2635/3107/1 2637/3109/1
f 2352/2823/1 2690/3162/1 2682/3154/1 2691/3163/1
f 2502/2974/1 2691/3163/1 2644/3116/1 2503/2975/1
f 2386/3164/1 2692/3165/1 2693/2857/1 838/1070/1
f 2692/3165/1 2351/2822/1 2350/2821/1 2693/2857/1
f 2502/2974/1 2453/2925/1 2452/2924/1 2505/2977/1
f 2386/3164/1 2388/2860/1 2694/3166/1 2695/3167/1
f 2696/3168/1 2697/3169/1 2646/3118/1 2645/3117/1
f 2697/3169/1 2698/3170/1 2647/3119/1 2646/3118/1
f 2698/3170/1 2699/3171/1 2648/3120/1 2647/3119/1
f 2699/3171/1 2700/3172/1 2649/3121/1 2648/3120/1
f 2700/3172/1 2701/3173/1 2650/3122/1 2649/3121/1
f 2701/3173/1 2702/3174/1 2651/3123/1 2650/3122/1
f 2702/3174/1 2703/3175/1 2652/3124/1 2651/3123/1
f 2703/3175/1 2704/3176/1 2653/3125/1 2652/3124/1
f 2704/3176/1 2705/3177/1 2654/3126/1 2653/3125/1
f 2705/3177/1 2706/3178/1 2655/3127/1 2654/3126/1
f 2706/3178/1 2707/3179/1 2656/3128/1 2655/3127/1
f 2707/3179/1 2708/3180/1 2657/3129/1 2656/3128/1
f 2708/3180/1 2709/3181/1 2658/3130/1 2657/3129/1
f 2709/3181/1 2661/3133/1 2549/3021/1 2658/3130/1
f 2662/3134/1 2661/3133/1 2710/3182/1 2711/3183/1
f 2666/3138/1 2665/3137/1 2712/3184/1 2713/3185/1
f 2665/3137/1 2667/3139/1 2714/3186/1 2712/3184/1
f 2667/3139/1 2668/3140/1 2715/3187/1 2714/3186/1
f 2668/3140/1 2669/3141/1 2716/3188/1 2715/3187/1
f 2669/3141/1 2670/3142/1 2717/3189/1 2716/3188/1
f 2670/3142/1 2671/3143/1 2718/3190/1 2717/3189/1
f 2671/3143/1 2672/3144/1 2719/3191/1 2718/3190/1
f 2672/3144/1 2673/3145/1 2720/3192/1 2719/3191/1
f 2673/3145/1 2674/3146/1 2721/3193/1 2720/3192/1
f 2674/3146/1 2675/3147/1 2722/3194/1 2721/3193/1
f 2675/3147/1 2676/3148/1 2723/3195/1 2722/3194/1
f 2676/3148/1 2677/3149/1 2724/3196/1 2723/3195/1
f 2677/3149/1 2678/3150/1 2725/3197/1 2724/3196/1
f 2678/3150/1 2679/3151/1 2726/3198/1 2725/3197/1
f 2679/3151/1 2662/3134/1 2711/3183/1 2726/3198/1
f 2681/3153/1 2680/3152/1 2727/3199/1 2728/3200/1
f 2680/3152/1 2682/3154/1 2690/3162/1 2727/3199/1
f 2691/3163/1 2682/3154/1 2619/3091/1 2644/3116/1
f 2681/3153/1 2696/3168/1 2645/3117/1 2618/3090/1
f 2729/3201/1 2730/3202/1 2697/3169/1 2696/3168/1
f 2730/3202/1 2731/3203/1 2698/3170/1 2697/3169/1
f 2731/3203/1 2732/3204/1 2699/3171/1 2698/3170/1
f 2732/3204/1 2733/3205/1 2700/3172/1 2699/3171/1
f 2733/3205/1 2734/3206/1 2701/3173/1 2700/3172/1
f 2734/3206/1 2735/3207/1 2702/3174/1 2701/3173/1
f 2735/3207/1 2736/3208/1 2703/3175/1 2702/3174/1
f 2736/3208/1 2737/3209/1 2704/3176/1 2703/3175/1
f 2737/3209/1 2738/3210/1 2705/3177/1 2704/3176/1
f 2738/3210/1 2739/3211/1 2706/3178/1 2705/3177/1
f 2739/3211/1 2740/3212/1 2707/3179/1 2706/3178/1
f 2740/3212/1 2741/3213/1 2708/3180/1 2707/3179/1
f 2741/3213/1 2742/3214/1 2709/3181/1 2708/3180/1
f 2742/3214/1 2710/3182/1 2661/3133/1 2709/3181/1
f 2728/3200/1 2729/3201/1 2696/3168/1 2681/3153/1
f 2711/3183/1 2710/3182/1 2743/3215/1 2744/3216/1
f 2713/3185/1 2712/3184/1 2745/3217/1 2746/3218/1
f 2712/3184/1 2714/3186/1 2747/3219/1 2745/3217/1
f 2714/3186/1 2715/3187/1 2748/3220/1 2747/3219/1
f 2715/3187/1 2716/3188/1 2749/3221/1 2748/3220/1
f 2716/3188/1 2717/3189/1 2750/3222/1 2749/3221/1
f 2717/3189/1 2718/3190/1 2751/3223/1 2750/3222/1
f 2718/3190/1 2719/3191/1 2752/3224/1 2751/3223/1
f 2719/3191/1 2720/3192/1 2753/3225/1 2752/3224/1
f 2720/3192/1 2721/3193/1 2754/3226/1 2753/3225/1
f 2721/3193/1 2722/3194/1 2755/3227/1 2754/3226/1
f 2722/3194/1 2723/3195/1 2756/3228/1 2755/3227/1
f 2723/3195/1 2724/3196/1 2757/3229/1 2756/3228/1
f 2724/3196/1 2725/3197/1 2758/3230/1 2757/3229/1
f 2725/3197/1 2726/3198/1 2759/3231/1 2758/3230/1
f 2726/3198/1 2711/3183/1 2744/3216/1 2759/3231/1
f 2728/3200/1 2727/3199/1 2760/3232/1 2761/3233/1
f 2727/3199/1 2690/3162/1 2351/2822/1 2760/3232/1
f 2762/3234/1 2763/3235/1 2730/3202/1 2729/3201/1
f 2763/3235/1 2764/3236/1 2731/3203/1 2730/3202/1
f 2764/3236/1 2765/3237/1 2732/3204/1 2731/3203/1
f 2765/3237/1 2766/3238/1 2733/3205/1 2732/3204/1
f 2766/3238/1 2767/3239/1 2734/3206/1 2733/3205/1
f 2767/3239/1 2768/3240/1 2735/3207/1 2734/3206/1
f 2768/3240/1 2769/3241/1 2736/3208/1 2735/3207/1
f 2769/3241/1 2770/3242/1 2737/3209/1 2736/3208/1
f 2770/3242/1 2771/3243/1 2738/3210/1 2737/3209/1
f 2771/3243/1 2772/3244/1 2739/3211/1 2738/3210/1
f 2772/3244/1 2773/3245/1 2740/3212/1 2739/3211/1
f 2773/3245/1 2774/3246/1 2741/3213/1 2740/3212/1
f 2774/3246/1 2775/3247/1 2742/3214/1 2741/3213/1
f 2775/3247/1 2743/3215/1 2710/3182/1 2742/3214/1
f 2761/3233/1 2762/3234/1 2729/3201/1 2728/3200/1
f 2744/3216/1 2743/3215/1 2776/3248/1 2777/3249/1
f 2746/3218/1 2745/3217/1 2778/3250/1 2779/3251/1
f 2745/3217/1 2747/3219/1 2780/3252/1 2778/3250/1
f 2747/3219/1 2748/3220/1 2781/3253/1 2780/3252/1
f 2748/3220/1 2749/3221/1 2782/3254/1 2781/3253/1
f 2749/3221/1 2750/3222/1 2783/3255/1 2782/3254/1
f 2750/3222/1 2751/3223/1 2784/3256/1 2783/3255/1
f 2751/3223/1 2752/3224/1 2785/3257/1 2784/3256/1
f 2752/3224/1 2753/3225/1 2786/3258/1 2785/3257/1
f 2753/3225/1 2754/3226/1 2787/3259/1 2786/3258/1
f 2754/3226/1 2755/3227/1 2788/3260/1 2787/3259/1
f 2755/3227/1 2756/3228/1 2789/3261/1 2788/3260/1
f 2756/3228/1 2757/3229/1 2790/3262/1 2789/3261/1
f 2757/3229/1 2758/3230/1 2791/3263/1 2790/3262/1
f 2758/3230/1 2759/3231/1 2792/3264/1 2791/3263/1
f 2759/3231/1 2744/3216/1 2777/3249/1 2792/3264/1
f 2761/3233/1 2760/3232/1 2692/3165/1 2695/3167/1
f 2694/3166/1 2793/3265/1 2763/3235/1 2762/3234/1
f 2793/3265/1 2794/3266/1 2764/3236/1 2763/3235/1
f 2794/3266/1 2795/3267/1 2765/3237/1 2764/3236/1
f 2795/3267/1 2796/3268/1 2766/3238/1 2765/3237/1
f 2796/3268/1 2797/3269/1 2767/3239/1 2766/3238/1
f 2797/3269/1 2798/3270/1 2768/3240/1 2767/3239/1
f 2798/3270/1 2799/3271/1 2769/3241/1 2768/3240/1
f 2799/3271/1 2800/3272/1 2770/3242/1 2769/3241/1
f 2800/3272/1 2801/3273/1 2771/3243/1 2770/3242/1
f 2801/3273/1 2802/3274/1 2772/3244/1 2771/3243/1
f 2802/3274/1 2803/3275/1 2773/3245/1 2772/3244/1
f 2803/3275/1 2804/3276/1 2774/3246/1 2773/3245/1
f 2804/3276/1 2805/3277/1 2775/3247/1 2774/3246/1
f 2805/3277/1 2776/3248/1 2743/3215/1 2775/3247/1
f 2695/3167/1 2694/3166/1 2762/3234/1 2761/3233/1
f 2777/3249/1 2776/3248/1 2401/2873/1 2806/3278/1
f 2779/3251/1 2778/3250/1 2807/3279/1 2808/3280/1
f 2778/3250/1 2780/3252/1 2809/3281/1 2807/3279/1
f 2780/3252/1 2781/3253/1 2810/3282/1 2809/3281/1
f 2781/3253/1 2782/3254/1 2811/3283/1 2810/3282/1
f 2782/3254/1 2783/3255/1 2812/3284/1 2811/3283/1
f 2783/3255/1 2784/3256/1 2813/3285/1 2812/3284/1
f 2784/3256/1 2785/3257/1 2814/3286/1 2813/3285/1
f 2785/3257/1 2786/3258/1 2815/3287/1 2814/3286/1
f 2786/3258/1 2787/3259/1 2816/3288/1 2815/3287/1
f 2787/3259/1 2788/3260/1 2817/3289/1 2816/3288/1
f 2788/3260/1 2789/3261/1 2818/3290/1 2817/3289/1
f 2789/3261/1 2790/3262/1 2819/3291/1 2818/3290/1
f 2790/3262/1 2791/3263/1 2820/3292/1 2819/3291/1
f 2791/3263/1 2792/3264/1 2821/3293/1 2820/3292/1
f 2792/3264/1 2777/3249/1 2806/3278/1 2821/3293/1
f 2388/2860/1 2387/2859/1 2793/3265/1 2694/3166/1
f 2387/2859/1 2389/2861/1 2794/3266/1 2793/3265/1
f 2389/2861/1 2390/2862/1 2795/3267/1 2794/3266/1
f 2390/2862/1 2391/2863/1 2796/3268/1 2795/3267/1
f 2391/2863/1 2392/2864/1 2797/3269/1 2796/3268/1
f 2392/2864/1 2393/2865/1 2798/3270/1 2797/3269/1
f 2393/2865/1 2394/2866/1 2799/3271/1 2798/3270/1
f 2394/2866/1 2395/2867/1 2800/3272/1 2799/3271/1
f 2395/2867/1 2396/2868/1 2801/3273/1 2800/3272/1
f 2396/2868/1 2397/2869/1 2802/3274/1 2801/3273/1
f 2397/2869/1 2398/2870/1 2803/3275/1 2802/3274/1
f 2398/2870/1 2399/2871/1 2804/3276/1 2803/3275/1
f 2399/2871/1 2400/2872/1 2805/3277/1 2804/3276/1
f 2400/2872/1 2401/2873/1 2776/3248/1 2805/3277/1
f 2806/3278/1 2401/2873/1 867/1101/1 1307/1541/1
f 2808/3280/1 2807/3279/1 1309/1543/1 1308/1542/1
f 2807/3279/1 2809/3281/1 1310/1544/1 1309/1543/1
f 2809/3281/1 2810/3282/1 1311/1545/1 1310/1544/1
f 2810/3282/1 2811/3283/1 1312/1546/1 1311/1545/1
f 2811/3283/1 2812/3284/1 1313/1547/1 1312/1546/1
f 2812/3284/1 2813/3285/1 1314/1548/1 1313/1547/1
f 2813/3285/1 2814/3286/1 1315/1549/1 1314/1548/1
f 2814/3286/1 2815/3287/1 1316/1550/1 1315/1549/1
f 2815/3287/1 2816/3288/1 1317/1551/1 1316/1550/1
f 2816/3288/1 2817/3289/1 1318/1552/1 1317/1551/1
f 2817/3289/1 2818/3290/1 1319/1553/1 1318/1552/1
f 2818/3290/1 2819/3291/1 1320/1554/1 1319/1553/1
f 2819/3291/1 2820/3292/1 1321/1555/1 1320/1554/1
f 2820/3292/1 2821/3293/1 1322/1556/1 1321/1555/1
f 2821/3293/1 2806/3278/1 1307/1541/1 1322/1556/1
f 2471/2943/1 2822/3294/1 2823/3295/1 2468/2940/1
f 2822/3294/1 2547/3019/1 2548/3020/1 2823/3295/1
f 2824/3296/1 2825/3297/1 1327/1561/1 1326/1560/1
f 2433/2905/1 2432/2904/1 2825/3297/1 2824/3296/1
f 2826/3298/1 2827/3299/1 2444/2916/1 2443/2915/1
f 2431/2903/1 2430/2902/1 2827/3299/1 2826/3298/1
f 2519/2991/1 2828/3300/1 1331/1565/1 996/1230/1
f 2449/2921/1 2448/2920/1 2828/3300/1 2519/2991/1
f 2829/3301/1 2830/3302/1 2460/2932/1 2459/2931/1
f 2447/2919/1 2446/2918/1 2830/3302/1 2829/3301/1
f 2828/3300/1 2831/3303/1 1335/1569/1 1331/1565/1
f 2448/2920/1 2463/2935/1 2831/3303/1 2828/3300/1
f 2832/3304/1 2829/3301/1 2459/2931/1 2494/2966/1
f 2462/2934/1 2447/2919/1 2829/3301/1 2832/3304/1
f 2831/3303/1 2833/3305/1 1338/1572/1 1335/1569/1
f 2463/2935/1 2465/2937/1 2833/3305/1 2831/3303/1
f 2834/3306/1 2832/3304/1 2494/2966/1 2496/2968/1
f 2464/2936/1 2462/2934/1 2832/3304/1 2834/3306/1
f 2833/3305/1 2835/3307/1 1341/1575/1 1338/1572/1
f 2465/2937/1 2467/2939/1 2835/3307/1 2833/3305/1
f 2836/3308/1 2834/3306/1 2496/2968/1 2498/2970/1
f 2466/2938/1 2464/2936/1 2834/3306/1 2836/3308/1
f 2835/3307/1 2824/3296/1 1326/1560/1 1341/1575/1
f 2467/2939/1 2433/2905/1 2824/3296/1 2835/3307/1
f 2827/3299/1 2836/3308/1 2498/2970/1 2444/2916/1
f 2430/2902/1 2466/2938/1 2836/3308/1 2827/3299/1
f 2422/2894/1 2837/3309/1 2427/2899/1 2426/2898/1
f 2471/2943/1 2470/2942/1 2837/3309/1 2422/2894/1
f 2838/3310/1 2839/3311/1 1347/1581/1 1346/1580/1
f 2469/2941/1 2468/2940/1 2839/3311/1 2838/3310/1
f 2837/3309/1 2840/3312/1 2499/2971/1 2427/2899/1
f 2470/2942/1 2473/2945/1 2840/3312/1 2837/3309/1
f 2841/3313/1 2838/3310/1 1346/1580/1 1351/1585/1
f 2472/2944/1 2469/2941/1 2838/3310/1 2841/3313/1
f 2840/3312/1 2826/3298/1 2443/2915/1 2499/2971/1
f 2473/2945/1 2431/2903/1 2826/3298/1 2840/3312/1
f 2825/3297/1 2841/3313/1 1351/1585/1 1327/1561/1
f 2432/2904/1 2472/2944/1 2841/3313/1 2825/3297/1
f 2842/3314/1 2843/3315/1 2524/2996/1 2525/2997/1
f 2529/3001/1 2528/3000/1 2843/3315/1 2842/3314/1
f 2844/3316/1 2845/3317/1 1356/1590/1 1355/1589/1
f 2527/2999/1 2526/2998/1 2845/3317/1 2844/3316/1
f 2846/3318/1 2847/3319/1 2535/3007/1 2534/3006/1
f 2539/3011/1 2538/3010/1 2847/3319/1 2846/3318/1
f 1360/1594/1 2848/3320/1 2849/3321/1 1361/1595/1
f 2848/3320/1 2537/3009/1 2536/3008/1 2849/3321/1
f 2847/3319/1 2850/3322/1 2544/3016/1 2535/3007/1
f 2538/3010/1 2546/3018/1 2850/3322/1 2847/3319/1
f 2851/3323/1 2848/3320/1 1360/1594/1 1366/1600/1
f 2545/3017/1 2537/3009/1 2848/3320/1 2851/3323/1
f 2850/3322/1 2842/3314/1 2525/2997/1 2544/3016/1
f 2546/3018/1 2529/3001/1 2842/3314/1 2850/3322/1
f 2845/3317/1 2851/3323/1 1366/1600/1 1356/1590/1
f 2526/2998/1 2545/3017/1 2851/3323/1 2845/3317/1
f 2852/3324/1 2844/3316/1 1355/1589/1 1368/1602/1
f 2548/3020/1 2527/2999/1 2844/3316/1 2852/3324/1
f 2843/3315/1 2853/3325/1 2411/2883/1 2524/2996/1
f 2528/3000/1 2547/3019/1 2853/3325/1 2843/3315/1
f 2839/3311/1 2854/3326/1 1370/1604/1 1347/1581/1
f 2468/2940/1 2823/3295/1 2854/3326/1 2839/3311/1
f 2822/3294/1 2471/2943/1 2422/2894/1 2425/2897/1
f 2854/3326/1 2852/3324/1 1368/1602/1 1370/1604/1
f 2823/3295/1 2548/3020/1 2852/3324/1 2854/3326/1
f 2547/3019/1 2822/3294/1 2425/2897/1 2853/3325/1
f 2413/2885/1 2412/2884/1 2424/2896/1 2855/3327/1
f 2426/2898/1 2423/2895/1 2422/2894/1
f 2414/2886/1 2663/3135/1 2556/3028/1
f 2417/2889/1 2416/2888/1 2664/3136/1 2856/3328/1
f 2424/2896/1 2423/2895/1 2857/3329/1 2855/3327/1
f 2424/2896/1 2412/2884/1 2853/3325/1 2425/2897/1
f 2412/2884/1 2411/2883/1 2853/3325/1
f 2858/3330/1 2423/2895/1 2426/2898/1 2429/2901/1
f 2664/3136/1 2663/3135/1 2859/3331/1 2856/3328/1
f 2664/3136/1 2416/2888/1 2490/2962/1 2557/3029/1
f 2663/3135/1 2414/2886/1 2410/2882/1 2859/3331/1
f 2416/2888/1 2421/2893/1 2490/2962/1
f 2660/3132/1 2659/3131/1 2623/3095/1 2622/3094/1
f 2625/3097/1 2624/3096/1 2627/3099/1 2626/3098/1
f 2624/3096/1 2623/3095/1 2541/3013/1 2627/3099/1
f 2689/3161/1 2860/3332/1 2683/3155/1 2553/3025/1
f 2860/3332/1 2861/3333/1 2684/3156/1 2683/3155/1
f 2551/3023/1 1031/1265/1 2643/3115/1 2685/3157/1
f 2861/3333/1 2862/3334/1 2686/3158/1 2684/3156/1
f 2862/3334/1 2863/3335/1 2687/3159/1 2686/3158/1
f 2863/3335/1 2641/3113/1 2688/3160/1 2687/3159/1
f 2641/3113/1 2551/3023/1 2685/3157/1 2688/3160/1
f 2689/3161/1 2666/3138/1 2713/3185/1 2864/3336/1
f 2864/3336/1 2865/3337/1 2860/3332/1 2689/3161/1
f 2865/3337/1 2866/3338/1 2861/3333/1 2860/3332/1
f 2866/3338/1 2867/3339/1 2862/3334/1 2861/3333/1
f 2867/3339/1 2640/3112/1 2863/3335/1 2862/3334/1
f 2640/3112/1 1122/1356/1 2641/3113/1 2863/3335/1
f 2864/3336/1 2713/3185/1 2746/3218/1 2868/3340/1
f 2868/3340/1 2869/3341/1 2865/3337/1 2864/3336/1
f 2869/3341/1 2639/3111/1 2866/3338/1 2865/3337/1
f 2639/3111/1 2638/3110/1 2867/3339/1 2866/3338/1
f 2868/3340/1 2746/3218/1 2779/3251/1 2405/2877/1
f 2638/3110/1 1121/1355/1 2640/3112/1 2867/3339/1
f 2405/2877/1 2404/2876/1 2869/3341/1 2868/3340/1
f 2404/2876/1 877/1111/1 2639/3111/1 2869/3341/1
f 874/1108/1 2808/3280/1 1308/1542/1
f 2808/3280/1 874/1108/1 2405/2877/1 2779/3251/1
f 2423/2895/1 2858/3330/1 2857/3329/1
f 2416/2888/1 2415/2887/1 2418/2890/1 2421/2893/1
f 2420/2892/1 2419/2891/1 2482/2954/1
f 2428/2900/1 2427/2899/1 2501/2973/1
f 2691/3163/1 2502/2974/1 2352/2823/1
f 2690/3162/1 2352/2823/1 2351/2822/1
f 2760/3232/1 2351/2822/1 2692/3165/1
f 2695/3167/1 2692/3165/1 2386/3164/1
f 2388/2860/1 2386/3164/1 837/1074/1
f 2513/2985/1 995/1229/1 986/1220/1
f 2870/3342/1 2517/2989/1 2407/2879/1 2514/2986/1
f 2518/2990/1 2517/2989/1 2871/3343/1 1388/1622/1
f 995/1229/1 2518/2990/1 1388/1622/1
f 2872/3344/1 2871/3343/1 2517/2989/1 2870/3342/1
f 1388/1622/1 2871/3343/1 990/1224/1
f 2516/2988/1 990/1224/1 2871/3343/1 2872/3344/1
f 2830/3302/1 2870/3342/1 2514/2986/1 2460/2932/1
f 2446/2918/1 2872/3344/1 2870/3342/1 2830/3302/1
f 2449/2921/1 2516/2988/1 2872/3344/1 2446/2918/1
f 2519/2991/1 991/1225/1 2516/2988/1 2449/2921/1
f 2341/2812/1 2873/3345/22 2874/3346/22 2338/2809/1
f 2344/2815/1 2875/3347/150 2876/3348/151 2345/2816/1
f 2349/2820/1 2877/3349/152 2878/3350/153 2346/2817/1
f 2353/2824/1 2879/3351/154 2880/3352/155 2350/2821/1
f 2354/2825/1 2881/3353/22 2882/3354/22 2355/2826/1
f 2346/2817/1 2878/3350/153 2883/3355/22 2358/2829/1
f 2358/2829/1 2883/3355/22 2884/3356/22 2360/2831/1
f 2360/2831/1 2884/3356/22 2885/3357/22 2362/2833/1
f 2362/2833/1 2885/3357/22 2886/3358/22 2364/2835/1
f 2364/2835/1 2886/3358/22 2887/3359/22 2366/2837/1
f 2366/2837/1 2887/3359/22 2888/3360/22 2368/2839/1
f 2368/2839/1 2888/3360/22 2889/3361/22 2370/2841/1
f 2370/2841/1 2889/3361/22 2890/3362/22 2372/2843/1
f 2372/2843/1 2890/3362/22 2891/3363/22 2374/2845/1
f 2374/2845/1 2891/3363/22 2892/3364/22 2376/2847/1
f 2376/2847/1 2892/3364/22 2893/3365/22 2378/2849/1
f 2378/2849/1 2893/3365/22 2894/3366/22 2380/2851/1
f 2380/2851/1 2894/3366/22 2895/3367/22 2382/2853/1
f 2382/2853/1 2895/3367/22 2896/3368/22 2384/2855/1
f 2384/2855/1 2896/3368/22 2873/3345/22 2341/2812/1
f 870/1104/1 1417/1650/36 2897/3369/156 2402/2874/1
f 2409/2881/1 2898/3370/157 2899/3371/157 2406/2878/1
f 2413/2885/1 2900/3372/158 2901/3373/39 2410/2882/1
f 2417/2889/1 2902/3374/159 2903/3375/160 2415/2887/1
f 2418/2890/1 2904/3376/161 2905/3377/162 2419/2891/1
f 2428/2900/1 2906/3378/43 2907/3379/163 2429/2901/1
f 2435/2907/1 2908/3380/8 2909/3381/8 2436/2908/1
f 2441/2913/1 2910/3382/22 2911/3383/22 2438/2910/1
f 2445/2917/1 2912/3384/164 2913/3385/164 2442/2914/1
f 2451/2923/1 2914/3386/8 2915/3387/165 2452/2924/1
f 2457/2929/1 2916/3388/22 2917/3389/22 2454/2926/1
f 2461/2933/1 2918/3390/166 2919/3391/22 2458/2930/1
f 2475/2947/1 2920/3392/8 2914/3386/8 2451/2923/1
f 2477/2949/1 2921/3393/8 2920/3392/8 2475/2947/1
f 2479/2951/1 2922/3394/8 2921/3393/8 2477/2949/1
f 2436/2908/1 2909/3381/8 2922/3394/8 2479/2951/1
f 2482/2954/1 2923/3395/162 2924/3396/8 2480/2952/1
f 2480/2952/1 2924/3396/8 2908/3380/8 2435/2907/1
f 2454/2926/1 2917/3389/22 2925/3397/22 2483/2955/1
f 2483/2955/1 2925/3397/22 2926/3398/22 2485/2957/1
f 2485/2957/1 2926/3398/22 2927/3399/22 2487/2959/1
f 2487/2959/1 2927/3399/22 2910/3382/22 2441/2913/1
f 2458/2930/1 2919/3391/22 2928/3400/22 2493/2965/1
f 2493/2965/1 2928/3400/22 2929/3401/22 2495/2967/1
f 2495/2967/1 2929/3401/22 2930/3402/22 2497/2969/1
f 2497/2969/1 2930/3402/22 2912/3384/164 2445/2917/1
f 2500/2972/1 2931/3403/22 2932/3404/43 2501/2973/1
f 2442/2914/1 2913/3385/164 2931/3403/22 2500/2972/1
f 2505/2977/1 2933/3405/154 2879/3351/154 2353/2824/1
f 2509/2981/1 2934/3406/22 2935/3407/22 2506/2978/1
f 2506/2978/1 2935/3407/22 2936/3408/22 2510/2982/1
f 985/1219/1 1458/1691/52 2937/3409/167 2512/2984/1
f 2512/2984/1 2937/3409/167 2898/3370/157 2409/2881/1
f 2515/2987/1 2938/3410/168 2918/3390/166 2461/2933/1
f 2406/2878/1 2899/3371/157 2938/3410/168 2515/2987/1
f 2533/3005/1 2939/3411/3 2940/3412/3 2530/3002/1
f 2530/3002/1 2940/3412/3 2941/3413/3 2534/3006/1
f 2539/3011/1 2942/3414/3 2943/3415/3 2536/3008/1
f 2355/2826/1 2882/3354/22 2944/3416/22 2542/3014/1
f 2510/2982/1 2936/3408/22 2945/3417/22 2554/3026/1
f 2573/3045/1 2946/3418/22 2934/3406/22 2509/2981/1
f 2575/3047/1 2947/3419/22 2946/3418/22 2573/3045/1
f 2577/3049/1 2948/3420/22 2947/3419/22 2575/3047/1
f 2579/3051/1 2949/3421/22 2948/3420/22 2577/3049/1
f 2581/3053/1 2950/3422/22 2949/3421/22 2579/3051/1
f 2583/3055/1 2951/3423/22 2950/3422/22 2581/3053/1
f 2585/3057/1 2952/3424/22 2951/3423/22 2583/3055/1
f 2587/3059/1 2953/3425/22 2952/3424/22 2585/3057/1
f 2589/3061/1 2954/3426/22 2953/3425/22 2587/3059/1
f 2591/3063/1 2955/3427/22 2954/3426/22 2589/3061/1
f 2593/3065/1 2956/3428/22 2955/3427/22 2591/3063/1
f 2595/3067/1 2957/3429/22 2956/3428/22 2593/3065/1
f 2597/3069/1 2958/3430/22 2957/3429/22 2595/3067/1
f 2599/3071/1 2959/3431/22 2958/3430/22 2597/3069/1
f 2338/2809/1 2874/3346/22 2959/3431/22 2599/3071/1
f 2601/3073/1 2960/3432/169 2877/3349/152 2349/2820/1
f 2603/3075/1 2961/3433/170 2960/3432/169 2601/3073/1
f 2605/3077/1 2962/3434/22 2881/3353/22 2354/2825/1
f 2612/3084/1 2963/3435/22 2962/3434/22 2605/3077/1
f 2614/3086/1 2964/3436/22 2963/3435/22 2612/3084/1
f 2438/2910/1 2911/3383/22 2964/3436/22 2614/3086/1
f 2616/3088/1 2965/3437/22 2916/3388/22 2457/2929/1
f 2554/3026/1 2945/3417/22 2965/3437/22 2616/3088/1
f 2542/3014/1 2944/3416/22 2966/3438/22 2620/3092/1
f 2625/3097/1 2967/3439/171 2968/3440/172 2622/3094/1
f 2620/3092/1 2966/3438/22 2969/3441/22 2626/3098/1
f 2629/3101/1 2970/3442/173 2961/3433/170 2603/3075/1
f 2631/3103/1 2971/3443/174 2970/3442/173 2629/3101/1
f 2633/3105/1 2972/3444/174 2971/3443/174 2631/3103/1
f 2345/2816/1 2876/3348/151 2972/3444/174 2633/3105/1
f 2402/2874/1 2897/3369/156 2973/3445/175 2634/3106/1
f 2634/3106/1 2973/3445/175 2974/3446/176 2636/3108/1
f 2636/3108/1 2974/3446/176 2875/3347/150 2344/2815/1
f 2660/3132/1 2975/3447/177 2939/3411/3 2533/3005/1
f 837/1074/1 2386/3164/1 838/1070/1
f 2350/2821/1 2880/3352/155 2976/2858/149 2693/2857/1
f 2452/2924/1 2915/3387/165 2933/3405/154 2505/2977/1
f 2534/3006/1 2941/3413/3 2977/3448/3 2846/3318/1
f 2846/3318/1 2977/3448/3 2942/3414/3 2539/3011/1
f 2849/3321/1 2978/3449/3 1499/1731/3 1361/1595/1
f 2536/3008/1 2943/3415/3 2978/3449/3 2849/3321/1
f 2855/3327/1 2979/3450/178 2900/3372/158 2413/2885/1
f 2856/3328/1 2980/3451/179 2902/3374/159 2417/2889/1
f 2857/3329/1 2981/3452/180 2979/3450/178 2855/3327/1
f 2429/2901/1 2907/3379/163 2982/3453/181 2858/3330/1
f 2859/3331/1 2983/3454/182 2980/3451/179 2856/3328/1
f 2410/2882/1 2901/3373/39 2983/3454/182 2859/3331/1
f 2622/3094/1 2968/3440/172 2975/3447/177 2660/3132/1
f 2626/3098/1 2969/3441/22 2967/3439/171 2625/3097/1
f 2858/3330/1 2982/3453/181 2981/3452/180 2857/3329/1
f 2415/2887/1 2903/3375/160 2904/3376/161 2418/2890/1
f 2419/2891/1 2905/3377/162 2923/3395/162 2482/2954/1
f 2501/2973/1 2932/3404/43 2906/3378/43 2428/2900/1
f 2984/3455/183 2897/3456/156 1417/1740/36 1507/1739/69
f 2985/3457/184 2973/3458/175 2897/3456/156 2984/3455/183
f 2986/3459/185 2974/3460/176 2973/3458/175 2985/3457/184
f 2987/3461/186 2875/3462/150 2974/3460/176 2986/3459/185
f 2988/3463/187 2876/3464/151 2875/3462/150 2987/3461/186
f 2989/3465/188 2972/3466/174 2876/3464/151 2988/3463/187
f 2990/3467/188 2971/3468/174 2972/3466/174 2989/3465/188
f 2991/3469/189 2970/3470/173 2971/3468/174 2990/3467/188
f 2992/3471/190 2961/3472/170 2970/3470/173 2991/3469/189
f 2993/3473/191 2960/3474/169 2961/3472/170 2992/3471/190
f 2994/3475/192 2877/3476/152 2960/3474/169 2993/3473/191
f 2995/3477/193 2878/3478/153 2877/3479/152 2994/3480/192
f 2996/3481/21 2883/3482/22 2878/3478/153 2995/3477/193
f 2997/3483/21 2884/3484/22 2883/3482/22 2996/3481/21
f 2998/3485/21 2885/3486/22 2884/3484/22 2997/3483/21
f 2999/3487/21 2886/3488/22 2885/3486/22 2998/3485/21
f 3000/3489/21 2887/3490/22 2886/3488/22 2999/3487/21
f 3001/3491/21 2888/3492/22 2887/3490/22 3000/3489/21
f 3002/3493/21 2889/3494/22 2888/3492/22 3001/3491/21
f 3003/3495/21 2890/3496/22 2889/3494/22 3002/3493/21
f 3004/3497/21 2891/3498/22 2890/3496/22 3003/3495/21
f 3005/3499/21 2892/3500/22 2891/3498/22 3004/3497/21
f 3006/3501/21 2893/3502/22 2892/3500/22 3005/3499/21
f 3007/3503/21 2894/3504/22 2893/3502/22 3006/3501/21
f 3008/3505/21 2895/3506/22 2894/3504/22 3007/3503/21
f 3009/3507/21 2896/3508/22 2895/3506/22 3008/3505/21
f 3010/3509/21 2873/3510/22 2896/3508/22 3009/3507/21
f 3011/3511/21 2874/3512/22 2873/3510/22 3010/3509/21
f 3012/3513/21 2959/3514/22 2874/3512/22 3011/3511/21
f 3013/3515/21 2958/3516/22 2959/3514/22 3012/3513/21
f 3014/3517/21 2957/3518/22 2958/3516/22 3013/3515/21
f 3015/3519/21 2956/3520/22 2957/3518/22 3014/3517/21
f 3016/3521/21 2955/3522/22 2956/3520/22 3015/3519/21
f 3017/3523/21 2954/3524/22 2955/3522/22 3016/3521/21
f 3018/3525/21 2953/3526/22 2954/3524/22 3017/3523/21
f 3019/3527/21 2952/3528/22 2953/3526/22 3018/3525/21
f 3020/3529/21 2951/3530/22 2952/3528/22 3019/3527/21
f 3021/3531/21 2950/3532/22 2951/3530/22 3020/3529/21
f 3022/3533/21 2949/3534/22 2950/3532/22 3021/3531/21
f 3023/3535/21 2948/3536/22 2949/3534/22 3022/3533/21
f 3024/3537/21 2947/3538/22 2948/3536/22 3023/3535/21
f 3025/3539/21 2946/3540/22 2947/3538/22 3024/3537/21
f 3026/3541/21 2934/3542/22 2946/3540/22 3025/3539/21
f 3027/3543/21 2935/3544/22 2934/3542/22 3026/3541/21
f 3028/3545/21 2936/3546/22 2935/3544/22 3027/3543/21
f 3029/3547/21 2945/3548/22 2936/3546/22 3028/3545/21
f 3030/3549/21 2965/3550/22 2945/3548/22 3029/3547/21
f 3031/3551/21 2916/3552/22 2965/3550/22 3030/3549/21
f 3032/3553/21 2917/3554/22 2916/3552/22 3031/3551/21
f 3033/3555/21 2925/3556/22 2917/3554/22 3032/3553/21
f 3034/3557/21 2926/3558/22 2925/3556/22 3033/3555/21
f 3035/3559/21 2927/3560/22 2926/3558/22 3034/3557/21
f 3036/3561/21 2910/3562/22 2927/3560/22 3035/3559/21
f 3037/3563/21 2911/3564/22 2910/3562/22 3036/3561/21
f 3038/3565/21 2964/3566/22 2911/3564/22 3037/3563/21
f 3039/3567/21 2963/3568/22 2964/3566/22 3038/3565/21
f 3040/3569/21 2962/3570/22 2963/3568/22 3039/3567/21
f 3041/3571/21 2881/3572/22 2962/3570/22 3040/3569/21
f 3042/3573/21 2882/3574/22 2881/3572/22 3041/3571/21
f 3043/3575/21 2944/3576/22 2882/3574/22 3042/3573/21
f 3044/3577/21 2966/3578/22 2944/3576/22 3043/3575/21
f 3045/3579/21 2969/3580/22 2966/3578/22 3044/3577/21
f 3046/3581/194 2967/3582/171 2969/3580/22 3045/3579/21
f 3047/3583/195 2968/3584/172 2967/3582/171 3046/3581/194
f 3048/3585/196 2975/3586/177 2968/3587/172 3047/3588/195
f 3049/3589/15 2939/3590/3 2975/3586/177 3048/3585/196
f 3050/3591/15 2940/3592/3 2939/3590/3 3049/3589/15
f 3051/3593/15 2941/3594/3 2940/3592/3 3050/3591/15
f 3052/3595/15 2977/3596/3 2941/3594/3 3051/3593/15
f 3053/3597/15 2942/3598/3 2977/3596/3 3052/3595/15
f 3054/3599/15 2943/3600/3 2942/3598/3 3053/3597/15
f 3055/3601/15 2978/3602/3 2943/3600/3 3054/3599/15
f 1579/1888/15 1499/1889/3 2978/3602/3 3055/3601/15
f 3056/3603/197 2937/3604/167 1458/1892/52 1581/1891/84
f 3057/3605/198 2898/3606/157 2937/3604/167 3056/3603/197
f 3058/3607/198 2899/3608/157 2898/3606/157 3057/3605/198
f 3059/3609/199 2938/3610/168 2899/3608/157 3058/3607/198
f 3060/3611/200 2918/3612/166 2938/3610/168 3059/3609/199
f 3061/3613/21 2919/3614/22 2918/3612/166 3060/3611/200
f 3062/3615/21 2928/3616/22 2919/3614/22 3061/3613/21
f 3063/3617/21 2929/3618/22 2928/3616/22 3062/3615/21
f 3064/3619/21 2930/3620/22 2929/3618/22 3063/3617/21
f 3065/3621/201 2912/3622/164 2930/3620/22 3064/3619/21
f 3066/3623/201 2913/3624/164 2912/3622/164 3065/3621/201
f 3067/3625/21 2931/3626/22 2913/3624/164 3066/3623/201
f 3068/3627/101 2932/3628/43 2931/3626/22 3067/3625/21
f 3069/3629/101 2906/3630/43 2932/3628/43 3068/3627/101
f 3070/3631/202 2907/3632/163 2906/3630/43 3069/3629/101
f 3071/3633/203 2982/3634/181 2907/3632/163 3070/3631/202
f 3072/3635/204 2981/3636/180 2982/3634/181 3071/3633/203
f 3073/3637/205 2979/3638/178 2981/3636/180 3072/3635/204
f 3074/3639/206 2900/3640/158 2979/3638/178 3073/3637/205
f 3075/3641/17 2901/3642/39 2900/3640/158 3074/3639/206
f 3076/3643/207 2983/3644/182 2901/3642/39 3075/3641/17
f 3077/3645/208 2980/3646/179 2983/3644/182 3076/3643/207
f 3078/3647/209 2902/3648/159 2980/3646/179 3077/3645/208
f 3079/3649/210 2903/3650/160 2902/3648/159 3078/3647/209
f 3080/3651/211 2904/3652/161 2903/3650/160 3079/3649/210
f 3081/3653/212 2905/3654/162 2904/3652/161 3080/3651/211
f 3082/3655/212 2923/3656/162 2905/3654/162 3081/3653/212
f 3083/3657/5 2924/3658/8 2923/3656/162 3082/3655/212
f 3084/3659/5 2908/3660/8 2924/3658/8 3083/3657/5
f 3085/3661/5 2909/3662/8 2908/3660/8 3084/3659/5
f 3086/3663/5 2922/3664/8 2909/3662/8 3085/3661/5
f 3087/3665/5 2921/3666/8 2922/3664/8 3086/3663/5
f 3088/3667/5 2920/3668/8 2921/3666/8 3087/3665/5
f 3089/3669/5 2914/3670/8 2920/3668/8 3088/3667/5
f 3090/3671/213 2915/3672/165 2914/3670/8 3089/3669/5
f 3091/3673/214 2933/3674/154 2915/3672/165 3090/3671/213
f 3092/3675/214 2879/3676/154 2933/3674/154 3091/3673/214
f 3093/3677/215 2880/3678/155 2879/3676/154 3092/3675/214
f 3094/3679/216 2976/3680/149 2880/3678/155 3093/3677/215
f 1620/1972/107 1391/1973/27 2976/3680/149 3094/3679/216
f 3095/3681/12 3096/3682/12 3097/3683/12 3098/3684/12
f 3099/3685/12 3100/3686/12 3101/3687/12 3102/3688/12
f 3103/3689/12 3104/3690/12 3105/3691/12 3106/3692/12
f 3107/3693/12 3108/3694/12 3109/3695/12 3110/3696/12
f 3111/3697/12 3112/3698/12 3113/3699/12 3114/3700/12
f 3115/3701/12 3103/3689/12 3106/3692/12 3116/3702/12
f 3117/3703/12 3115/3701/12 3116/3702/12 3118/3704/12
f 3119/3705/12 3117/3703/12 3118/3704/12 3120/3706/12
f 3121/3707/12 3119/3705/12 3120/3706/12 3122/3708/12
f 3123/3709/12 3121/3707/12 3122/3708/12 3124/3710/12
f 3125/3711/12 3123/3709/12 3124/3710/12 3126/3712/12
f 3127/3713/12 3125/3711/12 3126/3712/12 3128/3714/12
f 3129/3715/12 3127/3713/12 3128/3714/12 3130/3716/12
f 3131/3717/12 3129/3715/12 3130/3716/12 3132/3718/12
f 3133/3719/12 3131/3717/12 3132/3718/12 3134/3720/12
f 3135/3721/12 3133/3719/12 3134/3720/12 3136/3722/12
f 3137/3723/12 3135/3721/12 3136/3722/12 3138/3724/12
f 3139/3725/12 3137/3723/12 3138/3724/12 3140/3726/12
f 3141/3727/12 3139/3725/12 3140/3726/12 3142/3728/12
f 3096/3682/12 3141/3727/12 3142/3728/12 3097/3683/12
f 3449/3729/12 1671/2025/12 2223/2024/109 3733/3730/217
f 1672/2026/12 1669/2029/12 3144/3731/12 3145/3732/12
f 1675/2030/12 1672/2026/12 3145/3732/12 3146/3733/12
f 1677/2032/12 1675/2030/12 3146/3733/12 3147/3734/12
f 1679/2034/12 1677/2032/12 3147/3734/12 3148/3735/12
f 1681/2036/12 1679/2034/12 3148/3735/12 3149/3736/12
f 1683/2038/12 1681/2036/12 3149/3736/12 3150/3737/12
f 1685/2040/12 1683/2038/12 3150/3737/12 3151/3738/12
f 1687/2042/12 1685/2040/12 3151/3738/12 3152/3739/12
f 1689/2044/12 1687/2042/12 3152/3739/12 3153/3740/12
f 1691/2046/12 1689/2044/12 3153/3740/12 3154/3741/12
f 1693/2048/12 1691/2046/12 3154/3741/12 3155/3742/12
f 1695/2050/12 1693/2048/12 3155/3742/12 3156/3743/12
f 1697/2052/12 1695/2050/12 3156/3743/12 3157/3744/12
f 1699/2054/12 1697/2052/12 3157/3744/12 3158/3745/12
f 3159/3746/12 1704/2059/12 1703/2058/12 3160/3747/12
f 1705/2060/12 1708/2063/12 3161/3748/12 3162/3749/12
f 1709/2064/12 1705/2060/12 3162/3749/12
f 3163/3750/12 3164/3751/12 3165/3752/12 3166/3753/12
f 3167/3754/12 3168/3755/12 3169/3756/12 3170/3757/12
f 3167/3754/12 3170/3757/12 3171/3758/12
f 3172/3759/12 3173/3760/12 3174/3761/12
f 3175/3762/12 3176/3763/12 3177/3764/12 3178/3765/12
f 3179/3766/12 3180/3767/12 3181/3768/12 3182/3769/12
f 3183/3770/12 3184/3771/12 3185/3772/12 3186/3773/12
f 3187/3774/12 3188/3775/12 3189/3776/12 3190/3777/12
f 3191/3778/12 3192/3779/12 3193/3780/12 3194/3781/12
f 3195/3782/12 3196/3783/12 3197/3784/12 3198/3785/12
f 3199/3786/12 3200/3787/12 3201/3788/12 3202/3789/12
f 3203/3790/12 3204/3791/12 3205/3792/12 3206/3793/12
f 3207/3794/12 3208/3795/12 3209/3796/12 3210/3797/12
f 3211/3798/12 3212/3799/12 3213/3800/12 3214/3801/12
f 3215/3802/12 3216/3803/12 3217/3804/12 3218/3805/12
f 3206/3793/12 3205/3792/12 3219/3806/12 3220/3807/12
f 3220/3807/12 3219/3806/12 3221/3808/12 3222/3809/12
f 3222/3809/12 3221/3808/12 3223/3810/12 3224/3811/12
f 3224/3811/12 3223/3810/12 3188/3775/12 3187/3774/12
f 3225/3812/12 3226/3813/12 3227/3814/12 3228/3815/12
f 3228/3815/12 3227/3814/12 3229/3816/12 3230/3817/12
f 3230/3817/12 3229/3816/12 3190/3777/12 3189/3776/12
f 3231/3818/12 3207/3794/12 3210/3797/12 3232/3819/12
f 3233/3820/12 3231/3818/12 3232/3819/12 3234/3821/12
f 3235/3822/12 3233/3820/12 3234/3821/12 3236/3823/12
f 3192/3779/12 3235/3822/12 3236/3823/12 3193/3780/12
f 3237/3824/12 3238/3825/12 3177/3764/12 3239/3826/12
f 3194/3781/12 3237/3824/12 3239/3826/12 3191/3778/12
f 3240/3827/12 3211/3798/12 3214/3801/12 3241/3828/12
f 3242/3829/12 3240/3827/12 3241/3828/12 3243/3830/12
f 3244/3831/12 3242/3829/12 3243/3830/12 3245/3832/12
f 3196/3783/12 3244/3831/12 3245/3832/12 3197/3784/12
f 3177/3764/12 3176/3763/12 3246/3833/12 3247/3834/12
f 3239/3826/12 3177/3764/12 3247/3834/12 3248/3835/12
f 3191/3778/12 3239/3826/12 3248/3835/12 3249/3836/12
f 3250/3837/12 3215/3802/12 3218/3805/12 3251/3838/12
f 3252/3839/12 3250/3837/12 3251/3838/12 3253/3840/12
f 3254/3841/12 3252/3839/12 3253/3840/12 3255/3842/12
f 3200/3787/12 3254/3841/12 3255/3842/12 3201/3788/12
f 3256/3843/12 3186/3773/12 3257/3844/12 3258/3845/12
f 3202/3789/12 3256/3843/12 3258/3845/12 3199/3786/12
f 3208/3795/12 3259/3846/12 3260/3847/12 3261/3848/12
f 3108/3694/12 3262/3849/12 3261/3848/12 3109/3695/12
f 3263/3850/12 3264/3851/12 3265/3852/12 3266/3853/12
f 3267/3854/12 3263/3850/12 3266/3853/12 3268/3855/12
f 3269/3856/12 1819/2174/12 1818/2173/12 3270/3857/12
f 3164/3751/12 3269/3856/12 3270/3857/12 3165/3752/12
f 3217/3804/12 3216/3803/12 3271/3858/12 3272/3859/12
f 1822/2177/12 1824/2179/12 3273/3860/12
f 3165/3752/12 3274/3861/12 3275/3862/12 3166/3753/12
f 3270/3857/12 1827/2182/12 3274/3861/12 3165/3752/12
f 3272/3859/12 3271/3858/12 3163/3750/12 3166/3753/12
f 1824/2179/12 1829/2184/12 3276/3863/12
f 3277/3864/12 3278/3865/12 3279/3866/12 3280/3867/12
f 3281/3868/12 3282/3869/12 3278/3865/12 3277/3864/12
f 3283/3870/12 3284/3871/12 3285/3872/12 3286/3873/12
f 3287/3874/12 3288/3875/12 3289/3876/12 3290/3877/12
f 3291/3878/12 3287/3874/12 3290/3877/12 3292/3879/12
f 3293/3880/12 3294/3881/12 3295/3882/12 3296/3883/12
f 3297/3884/12 3290/3877/12 3289/3876/12 3298/3885/12
f 3278/3865/12 3297/3884/12 3298/3885/12 3279/3866/12
f 3299/3886/12 3114/3700/12 3113/3699/12 3300/3887/12
f 3301/3888/12 3292/3879/12 3290/3877/12 3297/3884/12
f 3282/3869/12 3301/3888/12 3297/3884/12 3278/3865/12
f 3277/3864/12 3171/3758/12 3170/3757/12 3281/3868/12
f 3296/3883/12 3295/3882/12 3302/3889/12 3303/3890/12
f 3303/3890/12 3302/3889/12 3284/3871/12 3283/3870/12
f 3304/3891/12 3305/3892/12 3286/3873/12 3285/3872/12
f 3097/3683/12 3306/3893/12 3307/3894/12 3098/3684/12
f 1861/2216/12 3308/3895/12 1862/2217/12
f 3105/3691/12 3309/3896/12 3310/3897/12 3106/3692/12
f 3311/3898/12 3267/3854/12 3268/3855/12 3312/3899/12
f 3112/3698/12 3313/3900/12 3314/3901/12 3113/3699/12
f 3106/3692/12 3310/3897/12 3315/3902/12 3116/3702/12
f 3116/3702/12 3315/3902/12 3316/3903/12 3118/3704/12
f 3118/3704/12 3316/3903/12 3317/3904/12 3120/3706/12
f 3120/3706/12 3317/3904/12 3318/3905/12 3122/3708/12
f 3122/3708/12 3318/3905/12 3319/3906/12 3124/3710/12
f 3124/3710/12 3319/3906/12 3320/3907/12 3126/3712/12
f 3126/3712/12 3320/3907/12 3321/3908/12 3128/3714/12
f 3128/3714/12 3321/3908/12 3322/3909/12 3130/3716/12
f 3130/3716/12 3322/3909/12 3323/3910/12 3132/3718/12
f 3132/3718/12 3323/3910/12 3324/3911/12 3134/3720/12
f 3134/3720/12 3324/3911/12 3325/3912/12 3136/3722/12
f 3136/3722/12 3325/3912/12 3326/3913/12 3138/3724/12
f 3138/3724/12 3326/3913/12 3327/3914/12 3140/3726/12
f 3140/3726/12 3327/3914/12 3328/3915/12 3142/3728/12
f 3142/3728/12 3328/3915/12 3306/3893/12 3097/3683/12
f 3264/3851/12 3329/3916/12 3330/3917/12 3265/3852/12
f 3329/3916/12 3331/3918/12 3332/3919/12 3330/3917/12
f 3331/3918/12 3333/3920/12 3334/3921/12 3332/3919/12
f 3333/3920/12 3335/3922/12 3336/3923/12 3334/3921/12
f 3335/3922/12 3337/3924/12 3338/3925/12 3336/3923/12
f 3337/3924/12 3339/3926/12 3340/3927/12 3338/3925/12
f 3339/3926/12 3341/3928/12 3342/3929/12 3340/3927/12
f 3341/3928/12 3343/3930/12 3344/3931/12 3342/3929/12
f 3343/3930/12 3345/3932/12 3346/3933/12 3344/3931/12
f 3345/3932/12 3347/3934/12 3348/3935/12 3346/3933/12
f 3347/3934/12 3349/3936/12 3350/3937/12 3348/3935/12
f 3349/3936/12 3351/3938/12 3352/3939/12 3350/3937/12
f 3351/3938/12 3353/3940/12 3354/3941/12 3352/3939/12
f 3353/3940/12 3355/3942/12 3356/3943/12 3354/3941/12
f 3355/3942/12 3095/3681/12 3098/3684/12 3356/3943/12
f 3104/3690/12 3357/3944/12 3358/3945/12 3105/3691/12
f 3357/3944/12 3359/3946/12 3360/3947/12 3358/3945/12
f 3111/3697/12 3361/3948/12 3362/3949/12 3112/3698/12
f 3197/3784/12 3363/3950/12 3249/3836/12 3198/3785/12
f 3213/3800/12 3259/3846/12 3364/3951/12 3214/3801/12
f 3214/3801/12 3364/3951/12 3365/3952/12 3241/3828/12
f 3241/3828/12 3365/3952/12 3366/3953/12 3243/3830/12
f 3243/3830/12 3366/3953/12 3367/3954/12 3245/3832/12
f 3245/3832/12 3367/3954/12 3363/3950/12 3197/3784/12
f 3361/3948/12 3368/3955/12 3369/3956/12 3362/3949/12
f 3368/3955/12 3370/3957/12 3371/3958/12 3369/3956/12
f 3370/3957/12 3195/3782/12 3198/3785/12 3371/3958/12
f 3212/3799/12 3372/3959/12 3373/3960/12 3213/3800/12
f 3372/3959/12 3311/3898/12 3312/3899/12 3373/3960/12
f 3265/3852/12 3374/3961/12 3375/3962/12 3266/3853/12
f 3266/3853/12 3375/3962/12 3376/3963/12 3268/3855/12
f 3377/3964/12 3299/3886/12 3300/3887/12 3378/3965/12
f 3379/3966/12 3380/3967/12 3381/3968/12 3382/3969/12
f 3383/3970/12 3377/3964/12 3378/3965/12 3384/3971/12
f 3113/3699/12 3314/3901/12 3280/3867/12 3300/3887/12
f 3360/3947/12 3359/3946/12 3385/3972/12 3386/3973/12
f 3386/3973/12 3385/3972/12 3387/3974/12 3388/3975/12
f 3388/3975/12 3387/3974/12 3389/3976/12 3390/3977/12
f 3390/3977/12 3389/3976/12 3100/3686/12 3099/3685/12
f 3391/3978/12 3159/3746/12 3160/3747/12 3392/3979/12
f 3393/3980/12 3391/3978/12 3392/3979/12 3394/3981/12
f 3101/3687/12 3393/3980/12 3394/3981/12 3102/3688/12
f 1950/2305/12 1709/2064/12 3395/3982/12 3396/3983/12
f 1953/2308/12 1950/2305/12 3396/3983/12
f 1954/2309/12 1953/2308/12 3397/3984/12
f 1861/2216/12 1954/2309/12 3398/3985/12 3308/3895/12
f 3392/3979/12 3160/3747/12 1957/2312/12
f 1957/2312/12 1959/2314/12 3399/3986/12
f 3102/3688/12 3394/3981/12 3399/3986/12 3400/3987/12
f 3160/3747/12 1703/2058/12 1957/2312/12
f 3401/3988/12 3312/3899/12 3268/3855/12 3376/3963/12
f 3374/3961/12 3265/3852/12 3330/3917/12 3402/3989/12
f 3402/3989/12 3330/3917/12 3332/3919/12 3403/3990/12
f 3403/3990/12 3332/3919/12 3334/3921/12 3404/3991/12
f 3404/3991/12 3334/3921/12 3336/3923/12 3405/3992/12
f 3405/3992/12 3336/3923/12 3338/3925/12 3406/3993/12
f 3406/3993/12 3338/3925/12 3340/3927/12 3407/3994/12
f 3407/3994/12 3340/3927/12 3342/3929/12 3408/3995/12
f 3408/3995/12 3342/3929/12 3344/3931/12 3409/3996/12
f 3409/3996/12 3344/3931/12 3346/3933/12 3410/3997/12
f 3410/3997/12 3346/3933/12 3348/3935/12 3411/3998/12
f 3411/3998/12 3348/3935/12 3350/3937/12 3412/3999/12
f 3412/3999/12 3350/3937/12 3352/3939/12 3413/4000/12
f 3413/4000/12 3352/3939/12 3354/3941/12 3414/4001/12
f 3414/4001/12 3354/3941/12 3356/3943/12 3415/4002/12
f 3415/4002/12 3356/3943/12 3098/3684/12 3307/3894/12
f 3313/3900/12 3112/3698/12 3362/3949/12 3246/3833/12
f 3246/3833/12 3362/3949/12 3369/3956/12 3247/3834/12
f 3247/3834/12 3369/3956/12 3371/3958/12 3248/3835/12
f 3248/3835/12 3371/3958/12 3198/3785/12 3249/3836/12
f 3259/3846/12 3213/3800/12 3373/3960/12 3260/3847/12
f 3260/3847/12 3373/3960/12 3312/3899/12 3401/3988/12
f 3279/3866/12 3378/3965/12 3300/3887/12 3280/3867/12
f 3288/3875/12 3416/4003/12 3417/4004/12 3289/3876/12
f 3417/4004/12 3382/3969/12 3298/3885/12 3289/3876/12
f 3298/3885/12 3384/3971/12 3378/3965/12 3279/3866/12
f 3306/3893/12 3418/4005/12 3419/4006/12 3307/3894/12
f 3313/3900/12 3420/4007/12 3421/4008/12 3314/3901/12
f 3310/3897/12 3422/4009/12 3423/4010/12 3315/3902/12
f 3315/3902/12 3423/4010/12 3424/4011/12 3316/3903/12
f 3316/3903/12 3424/4011/12 3425/4012/12 3317/3904/12
f 3317/3904/12 3425/4012/12 3426/4013/12 3318/3905/12
f 3318/3905/12 3426/4013/12 3427/4014/12 3319/3906/12
f 3319/3906/12 3427/4014/12 3428/4015/12 3320/3907/12
f 3320/3907/12 3428/4015/12 3429/4016/12 3321/3908/12
f 3321/3908/12 3429/4016/12 3430/4017/12 3322/3909/12
f 3322/3909/12 3430/4017/12 3431/4018/12 3323/3910/12
f 3323/3910/12 3431/4018/12 3432/4019/12 3324/3911/12
f 3324/3911/12 3432/4019/12 3433/4020/12 3325/3912/12
f 3325/3912/12 3433/4020/12 3434/4021/12 3326/3913/12
f 3326/3913/12 3434/4021/12 3435/4022/12 3327/3914/12
f 3327/3914/12 3435/4022/12 3436/4023/12 3328/3915/12
f 3328/3915/12 3436/4023/12 3418/4005/12 3306/3893/12
f 3363/3950/12 3192/3779/12 3191/3778/12 3249/3836/12
f 3259/3846/12 3208/3795/12 3207/3794/12 3364/3951/12
f 3364/3951/12 3207/3794/12 3231/3818/12 3365/3952/12
f 3365/3952/12 3231/3818/12 3233/3820/12 3366/3953/12
f 3366/3953/12 3233/3820/12 3235/3822/12 3367/3954/12
f 3367/3954/12 3235/3822/12 3192/3779/12 3363/3950/12
f 3374/3961/12 3437/4024/12 3438/4025/12 3375/3962/12
f 3375/3962/12 3438/4025/12 3439/4026/12 3376/3963/12
f 3314/3901/12 3171/3758/12 3277/3864/12 3280/3867/12
f 3309/3896/12 3105/3691/12 3358/3945/12 3440/4027/12
f 3440/4027/12 3358/3945/12 3360/3947/12 3441/4028/12
f 3442/4029/12 3099/3685/12 3102/3688/12 3400/3987/12
f 3441/4028/12 3360/3947/12 3386/3973/12 3443/4030/12
f 3443/4030/12 3386/3973/12 3388/3975/12 3444/4031/12
f 3444/4031/12 3388/3975/12 3390/3977/12 3445/4032/12
f 3445/4032/12 3390/3977/12 3099/3685/12 3442/4029/12
f 3399/3986/12 1959/2314/12 1862/2217/12 3400/3987/12
f 3309/3896/12 3446/4033/12 3422/4009/12 3310/3897/12
f 3399/3986/12 3394/3981/12 3392/3979/12 1957/2312/12
f 3109/3695/12 3447/4034/12 3439/4026/12 3448/4035/12
f 3261/3848/12 3260/3847/12 3401/3988/12 3447/4034/12
f 3143/4036/12 1671/2025/12 3449/3729/12 3450/4037/12
f 3450/4037/12 3449/3729/12 3107/3693/12 3110/3696/12
f 3261/3848/12 3262/3849/12 3209/3796/12 3208/3795/12
f 3143/4036/12 3451/4038/12 3452/4039/12 3144/3731/12
f 3453/4040/12 3402/3989/12 3403/3990/12 3454/4041/12
f 3454/4041/12 3403/3990/12 3404/3991/12 3455/4042/12
f 3455/4042/12 3404/3991/12 3405/3992/12 3456/4043/12
f 3456/4043/12 3405/3992/12 3406/3993/12 3457/4044/12
f 3457/4044/12 3406/3993/12 3407/3994/12 3458/4045/12
f 3458/4045/12 3407/3994/12 3408/3995/12 3459/4046/12
f 3459/4046/12 3408/3995/12 3409/3996/12 3460/4047/12
f 3460/4047/12 3409/3996/12 3410/3997/12 3461/4048/12
f 3461/4048/12 3410/3997/12 3411/3998/12 3462/4049/12
f 3462/4049/12 3411/3998/12 3412/3999/12 3463/4050/12
f 3463/4050/12 3412/3999/12 3413/4000/12 3464/4051/12
f 3464/4051/12 3413/4000/12 3414/4001/12 3465/4052/12
f 3465/4052/12 3414/4001/12 3415/4002/12 3466/4053/12
f 3466/4053/12 3415/4002/12 3307/3894/12 3419/4006/12
f 3418/4005/12 3467/4054/12 3468/4055/12 3419/4006/12
f 3422/4009/12 3469/4056/12 3470/4057/12 3423/4010/12
f 3423/4010/12 3470/4057/12 3471/4058/12 3424/4011/12
f 3424/4011/12 3471/4058/12 3472/4059/12 3425/4012/12
f 3425/4012/12 3472/4059/12 3473/4060/12 3426/4013/12
f 3426/4013/12 3473/4060/12 3474/4061/12 3427/4014/12
f 3427/4014/12 3474/4061/12 3475/4062/12 3428/4015/12
f 3428/4015/12 3475/4062/12 3476/4063/12 3429/4016/12
f 3429/4016/12 3476/4063/12 3477/4064/12 3430/4017/12
f 3430/4017/12 3477/4064/12 3478/4065/12 3431/4018/12
f 3431/4018/12 3478/4065/12 3479/4066/12 3432/4019/12
f 3432/4019/12 3479/4066/12 3480/4067/12 3433/4020/12
f 3433/4020/12 3480/4067/12 3481/4068/12 3434/4021/12
f 3434/4021/12 3481/4068/12 3482/4069/12 3435/4022/12
f 3435/4022/12 3482/4069/12 3483/4070/12 3436/4023/12
f 3436/4023/12 3483/4070/12 3467/4054/12 3418/4005/12
f 3437/4024/12 3484/4071/12 3485/4072/12 3438/4025/12
f 3438/4025/12 3485/4072/12 3448/4035/12 3439/4026/12
f 3447/4034/12 3401/3988/12 3376/3963/12 3439/4026/12
f 3437/4024/12 3374/3961/12 3402/3989/12 3453/4040/12
f 3486/4073/12 3453/4040/12 3454/4041/12 3487/4074/12
f 3487/4074/12 3454/4041/12 3455/4042/12 3488/4075/12
f 3488/4075/12 3455/4042/12 3456/4043/12 3489/4076/12
f 3489/4076/12 3456/4043/12 3457/4044/12 3490/4077/12
f 3490/4077/12 3457/4044/12 3458/4045/12 3491/4078/12
f 3491/4078/12 3458/4045/12 3459/4046/12 3492/4079/12
f 3492/4079/12 3459/4046/12 3460/4047/12 3493/4080/12
f 3493/4080/12 3460/4047/12 3461/4048/12 3494/4081/12
f 3494/4081/12 3461/4048/12 3462/4049/12 3495/4082/12
f 3495/4082/12 3462/4049/12 3463/4050/12 3496/4083/12
f 3496/4083/12 3463/4050/12 3464/4051/12 3497/4084/12
f 3497/4084/12 3464/4051/12 3465/4052/12 3498/4085/12
f 3498/4085/12 3465/4052/12 3466/4053/12 3499/4086/12
f 3499/4086/12 3466/4053/12 3419/4006/12 3468/4055/12
f 3484/4071/12 3437/4024/12 3453/4040/12 3486/4073/12
f 3467/4054/12 3500/4087/12 3501/4088/12 3468/4055/12
f 3469/4056/12 3502/4089/12 3503/4090/12 3470/4057/12
f 3470/4057/12 3503/4090/12 3504/4091/12 3471/4058/12
f 3471/4058/12 3504/4091/12 3505/4092/12 3472/4059/12
f 3472/4059/12 3505/4092/12 3506/4093/12 3473/4060/12
f 3473/4060/12 3506/4093/12 3507/4094/12 3474/4061/12
f 3474/4061/12 3507/4094/12 3508/4095/12 3475/4062/12
f 3475/4062/12 3508/4095/12 3509/4096/12 3476/4063/12
f 3476/4063/12 3509/4096/12 3510/4097/12 3477/4064/12
f 3477/4064/12 3510/4097/12 3511/4098/12 3478/4065/12
f 3478/4065/12 3511/4098/12 3512/4099/12 3479/4066/12
f 3479/4066/12 3512/4099/12 3513/4100/12 3480/4067/12
f 3480/4067/12 3513/4100/12 3514/4101/12 3481/4068/12
f 3481/4068/12 3514/4101/12 3515/4102/12 3482/4069/12
f 3482/4069/12 3515/4102/12 3516/4103/12 3483/4070/12
f 3483/4070/12 3516/4103/12 3500/4087/12 3467/4054/12
f 3484/4071/12 3517/4104/12 3518/4105/12 3485/4072/12
f 3485/4072/12 3518/4105/12 3110/3696/12 3448/4035/12
f 3519/4106/12 3486/4073/12 3487/4074/12 3520/4107/12
f 3520/4107/12 3487/4074/12 3488/4075/12 3521/4108/12
f 3521/4108/12 3488/4075/12 3489/4076/12 3522/4109/12
f 3522/4109/12 3489/4076/12 3490/4077/12 3523/4110/12
f 3523/4110/12 3490/4077/12 3491/4078/12 3524/4111/12
f 3524/4111/12 3491/4078/12 3492/4079/12 3525/4112/12
f 3525/4112/12 3492/4079/12 3493/4080/12 3526/4113/12
f 3526/4113/12 3493/4080/12 3494/4081/12 3527/4114/12
f 3527/4114/12 3494/4081/12 3495/4082/12 3528/4115/12
f 3528/4115/12 3495/4082/12 3496/4083/12 3529/4116/12
f 3529/4116/12 3496/4083/12 3497/4084/12 3530/4117/12
f 3530/4117/12 3497/4084/12 3498/4085/12 3531/4118/12
f 3531/4118/12 3498/4085/12 3499/4086/12 3532/4119/12
f 3532/4119/12 3499/4086/12 3468/4055/12 3501/4088/12
f 3517/4104/12 3484/4071/12 3486/4073/12 3519/4106/12
f 3500/4087/12 3533/4120/12 3534/4121/12 3501/4088/12
f 3502/4089/12 3535/4122/12 3536/4123/12 3503/4090/12
f 3503/4090/12 3536/4123/12 3537/4124/12 3504/4091/12
f 3504/4091/12 3537/4124/12 3538/4125/12 3505/4092/12
f 3505/4092/12 3538/4125/12 3539/4126/12 3506/4093/12
f 3506/4093/12 3539/4126/12 3540/4127/12 3507/4094/12
f 3507/4094/12 3540/4127/12 3541/4128/12 3508/4095/12
f 3508/4095/12 3541/4128/12 3542/4129/12 3509/4096/12
f 3509/4096/12 3542/4129/12 3543/4130/12 3510/4097/12
f 3510/4097/12 3543/4130/12 3544/4131/12 3511/4098/12
f 3511/4098/12 3544/4131/12 3545/4132/12 3512/4099/12
f 3512/4099/12 3545/4132/12 3546/4133/12 3513/4100/12
f 3513/4100/12 3546/4133/12 3547/4134/12 3514/4101/12
f 3514/4101/12 3547/4134/12 3548/4135/12 3515/4102/12
f 3515/4102/12 3548/4135/12 3549/4136/12 3516/4103/12
f 3516/4103/12 3549/4136/12 3533/4120/12 3500/4087/12
f 3517/4104/12 3451/4038/12 3450/4037/12 3518/4105/12
f 3452/4039/12 3519/4106/12 3520/4107/12 3550/4137/12
f 3550/4137/12 3520/4107/12 3521/4108/12 3551/4138/12
f 3551/4138/12 3521/4108/12 3522/4109/12 3552/4139/12
f 3552/4139/12 3522/4109/12 3523/4110/12 3553/4140/12
f 3553/4140/12 3523/4110/12 3524/4111/12 3554/4141/12
f 3554/4141/12 3524/4111/12 3525/4112/12 3555/4142/12
f 3555/4142/12 3525/4112/12 3526/4113/12 3556/4143/12
f 3556/4143/12 3526/4113/12 3527/4114/12 3557/4144/12
f 3557/4144/12 3527/4114/12 3528/4115/12 3558/4145/12
f 3558/4145/12 3528/4115/12 3529/4116/12 3559/4146/12
f 3559/4146/12 3529/4116/12 3530/4117/12 3560/4147/12
f 3560/4147/12 3530/4117/12 3531/4118/12 3561/4148/12
f 3561/4148/12 3531/4118/12 3532/4119/12 3562/4149/12
f 3562/4149/12 3532/4119/12 3501/4088/12 3534/4121/12
f 3451/4038/12 3517/4104/12 3519/4106/12 3452/4039/12
f 3533/4120/12 3563/4150/12 3158/3745/12 3534/4121/12
f 3535/4122/12 3564/4151/12 3565/4152/12 3536/4123/12
f 3536/4123/12 3565/4152/12 3566/4153/12 3537/4124/12
f 3537/4124/12 3566/4153/12 3567/4154/12 3538/4125/12
f 3538/4125/12 3567/4154/12 3568/4155/12 3539/4126/12
f 3539/4126/12 3568/4155/12 3569/4156/12 3540/4127/12
f 3540/4127/12 3569/4156/12 3570/4157/12 3541/4128/12
f 3541/4128/12 3570/4157/12 3571/4158/12 3542/4129/12
f 3542/4129/12 3571/4158/12 3572/4159/12 3543/4130/12
f 3543/4130/12 3572/4159/12 3573/4160/12 3544/4131/12
f 3544/4131/12 3573/4160/12 3574/4161/12 3545/4132/12
f 3545/4132/12 3574/4161/12 3575/4162/12 3546/4133/12
f 3546/4133/12 3575/4162/12 3576/4163/12 3547/4134/12
f 3547/4134/12 3576/4163/12 3577/4164/12 3548/4135/12
f 3548/4135/12 3577/4164/12 3578/4165/12 3549/4136/12
f 3549/4136/12 3578/4165/12 3563/4150/12 3533/4120/12
f 3144/3731/12 3452/4039/12 3550/4137/12 3145/3732/12
f 3145/3732/12 3550/4137/12 3551/4138/12 3146/3733/12
f 3146/3733/12 3551/4138/12 3552/4139/12 3147/3734/12
f 3147/3734/12 3552/4139/12 3553/4140/12 3148/3735/12
f 3148/3735/12 3553/4140/12 3554/4141/12 3149/3736/12
f 3149/3736/12 3554/4141/12 3555/4142/12 3150/3737/12
f 3150/3737/12 3555/4142/12 3556/4143/12 3151/3738/12
f 3151/3738/12 3556/4143/12 3557/4144/12 3152/3739/12
f 3152/3739/12 3557/4144/12 3558/4145/12 3153/3740/12
f 3153/3740/12 3558/4145/12 3559/4146/12 3154/3741/12
f 3154/3741/12 3559/4146/12 3560/4147/12 3155/3742/12
f 3155/3742/12 3560/4147/12 3561/4148/12 3156/3743/12
f 3156/3743/12 3561/4148/12 3562/4149/12 3157/3744/12
f 3157/3744/12 3562/4149/12 3534/4121/12 3158/3745/12
f 3563/4150/12 2139/2494/12 1699/2054/12 3158/3745/12
f 3564/4151/12 2141/2496/12 2140/2495/12 3565/4152/12
f 3565/4152/12 2140/2495/12 2142/2497/12 3566/4153/12
f 3566/4153/12 2142/2497/12 2143/2498/12 3567/4154/12
f 3567/4154/12 2143/2498/12 2144/2499/12 3568/4155/12
f 3568/4155/12 2144/2499/12 2145/2500/12 3569/4156/12
f 3569/4156/12 2145/2500/12 2146/2501/12 3570/4157/12
f 3570/4157/12 2146/2501/12 2147/2502/12 3571/4158/12
f 3571/4158/12 2147/2502/12 2148/2503/12 3572/4159/12
f 3572/4159/12 2148/2503/12 2149/2504/12 3573/4160/12
f 3573/4160/12 2149/2504/12 2150/2505/12 3574/4161/12
f 3574/4161/12 2150/2505/12 2151/2506/12 3575/4162/12
f 3575/4162/12 2151/2506/12 2152/2507/12 3576/4163/12
f 3576/4163/12 2152/2507/12 2153/2508/12 3577/4164/12
f 3577/4164/12 2153/2508/12 2154/2509/12 3578/4165/12
f 3578/4165/12 2154/2509/12 2139/2494/12 3563/4150/12
f 3226/3813/12 3225/3812/12 3579/4166/12 3580/4167/12
f 3580/4167/12 3579/4166/12 3305/3892/12 3304/3891/12
f 3581/4168/12 2160/2515/12 2159/2514/12 3582/4169/12
f 3188/3775/12 3581/4168/12 3582/4169/12 3189/3776/12
f 3583/4170/12 3202/3789/12 3201/3788/12 3584/4171/12
f 3190/3777/12 3583/4170/12 3584/4171/12 3187/3774/12
f 3276/3863/12 1829/2184/12 2164/2519/12 3585/4172/12
f 3204/3791/12 3276/3863/12 3585/4172/12 3205/3792/12
f 3586/4173/12 3218/3805/12 3217/3804/12 3587/4174/12
f 3206/3793/12 3586/4173/12 3587/4174/12 3203/3790/12
f 3585/4172/12 2164/2519/12 2168/2523/12 3588/4175/12
f 3205/3792/12 3585/4172/12 3588/4175/12 3219/3806/12
f 3589/4176/12 3251/3838/12 3218/3805/12 3586/4173/12
f 3220/3807/12 3589/4176/12 3586/4173/12 3206/3793/12
f 3588/4175/12 2168/2523/12 2171/2526/12 3590/4177/12
f 3219/3806/12 3588/4175/12 3590/4177/12 3221/3808/12
f 3591/4178/12 3253/3840/12 3251/3838/12 3589/4176/12
f 3222/3809/12 3591/4178/12 3589/4176/12 3220/3807/12
f 3590/4177/12 2171/2526/12 2174/2529/12 3592/4179/12
f 3221/3808/12 3590/4177/12 3592/4179/12 3223/3810/12
f 3593/4180/12 3255/3842/12 3253/3840/12 3591/4178/12
f 3224/3811/12 3593/4180/12 3591/4178/12 3222/3809/12
f 3592/4179/12 2174/2529/12 2160/2515/12 3581/4168/12
f 3223/3810/12 3592/4179/12 3581/4168/12 3188/3775/12
f 3584/4171/12 3201/3788/12 3255/3842/12 3593/4180/12
f 3187/3774/12 3584/4171/12 3593/4180/12 3224/3811/12
f 3179/3766/12 3183/3770/12 3186/3773/12 3594/4181/12
f 3226/3813/12 3179/3766/12 3594/4181/12 3227/3814/12
f 3595/4182/12 2180/2535/12 2179/2534/12 3596/4183/12
f 3228/3815/12 3595/4182/12 3596/4183/12 3225/3812/12
f 3594/4181/12 3186/3773/12 3256/3843/12 3597/4184/12
f 3227/3814/12 3594/4181/12 3597/4184/12 3229/3816/12
f 3598/4185/12 2183/2538/12 2180/2535/12 3595/4182/12
f 3230/3817/12 3598/4185/12 3595/4182/12 3228/3815/12
f 3597/4184/12 3256/3843/12 3202/3789/12 3583/4170/12
f 3229/3816/12 3597/4184/12 3583/4170/12 3190/3777/12
f 3582/4169/12 2159/2514/12 2183/2538/12 3598/4185/12
f 3189/3776/12 3582/4169/12 3598/4185/12 3230/3817/12
f 3599/4186/12 3282/3869/12 3281/3868/12 3600/4187/12
f 3284/3871/12 3599/4186/12 3600/4187/12 3285/3872/12
f 3601/4188/12 2189/2544/12 2188/2543/12 3602/4189/12
f 3286/3873/12 3601/4188/12 3602/4189/12 3283/3870/12
f 3603/4190/12 3291/3878/12 3292/3879/12 3604/4191/12
f 3294/3881/12 3603/4190/12 3604/4191/12 3295/3882/12
f 2192/2547/12 2195/2550/12 3605/4192/12 3606/4193/12
f 3606/4193/12 3605/4192/12 3293/3880/12 3296/3883/12
f 3604/4191/12 3292/3879/12 3301/3888/12 3607/4194/12
f 3295/3882/12 3604/4191/12 3607/4194/12 3302/3889/12
f 3608/4195/12 2198/2553/12 2192/2547/12 3606/4193/12
f 3303/3890/12 3608/4195/12 3606/4193/12 3296/3883/12
f 3607/4194/12 3301/3888/12 3282/3869/12 3599/4186/12
f 3302/3889/12 3607/4194/12 3599/4186/12 3284/3871/12
f 3602/4189/12 2188/2543/12 2198/2553/12 3608/4195/12
f 3283/3870/12 3602/4189/12 3608/4195/12 3303/3890/12
f 3609/4196/12 2200/2555/12 2189/2544/12 3601/4188/12
f 3305/3892/12 3609/4196/12 3601/4188/12 3286/3873/12
f 3600/4187/12 3281/3868/12 3170/3757/12 3610/4197/12
f 3285/3872/12 3600/4187/12 3610/4197/12 3304/3891/12
f 3596/4183/12 2179/2534/12 2203/2558/12 3611/4198/12
f 3225/3812/12 3596/4183/12 3611/4198/12 3579/4166/12
f 3580/4167/12 3180/3767/12 3179/3766/12 3226/3813/12
f 3611/4198/12 2203/2558/12 2200/2555/12 3609/4196/12
f 3579/4166/12 3611/4198/12 3609/4196/12 3305/3892/12
f 3304/3891/12 3610/4197/12 3180/3767/12 3580/4167/12
f 3168/3755/12 3612/4199/12 3181/3768/12 3169/3756/12
f 3183/3770/12 3179/3766/12 3182/3769/12
f 3171/3758/12 3314/3901/12 3421/4008/12
f 3173/3760/12 3613/4200/12 3420/4007/12 3174/3761/12
f 3181/3768/12 3612/4199/12 3614/4201/12 3182/3769/12
f 3181/3768/12 3180/3767/12 3610/4197/12 3169/3756/12
f 3169/3756/12 3610/4197/12 3170/3757/12
f 3615/4202/12 3184/3771/12 3183/3770/12 3182/3769/12
f 3420/4007/12 3613/4200/12 3616/4203/12 3421/4008/12
f 3420/4007/12 3313/3900/12 3246/3833/12 3174/3761/12
f 3421/4008/12 3616/4203/12 3167/3754/12 3171/3758/12
f 3174/3761/12 3246/3833/12 3176/3763/12
f 3416/4003/12 3379/3966/12 3382/3969/12 3417/4004/12
f 3380/3967/12 3383/3970/12 3384/3971/12 3381/3968/12
f 3381/3968/12 3384/3971/12 3298/3885/12 3382/3969/12
f 3446/4033/12 3309/3896/12 3440/4027/12 3617/4204/12
f 3617/4204/12 3440/4027/12 3441/4028/12 3618/4205/12
f 3308/3895/12 3442/4029/12 3400/3987/12 1862/2217/12
f 3618/4205/12 3441/4028/12 3443/4030/12 3619/4206/12
f 3619/4206/12 3443/4030/12 3444/4031/12 3620/4207/12
f 3620/4207/12 3444/4031/12 3445/4032/12 3398/3985/12
f 3398/3985/12 3445/4032/12 3442/4029/12 3308/3895/12
f 3446/4033/12 3621/4208/12 3469/4056/12 3422/4009/12
f 3621/4208/12 3446/4033/12 3617/4204/12 3622/4209/12
f 3622/4209/12 3617/4204/12 3618/4205/12 3623/4210/12
f 3623/4210/12 3618/4205/12 3619/4206/12 3624/4211/12
f 3624/4211/12 3619/4206/12 3620/4207/12 3397/3984/12
f 3397/3984/12 3620/4207/12 3398/3985/12 1954/2309/12
f 3621/4208/12 3625/4212/12 3502/4089/12 3469/4056/12
f 3625/4212/12 3621/4208/12 3622/4209/12 3626/4213/12
f 3626/4213/12 3622/4209/12 3623/4210/12 3395/3982/12
f 3395/3982/12 3623/4210/12 3624/4211/12 3396/3983/12
f 3625/4212/12 3161/3748/12 3535/4122/12 3502/4089/12
f 3396/3983/12 3624/4211/12 3397/3984/12 1953/2308/12
f 3161/3748/12 3625/4212/12 3626/4213/12 3162/3749/12
f 3162/3749/12 3626/4213/12 3395/3982/12 1709/2064/12
f 1708/2063/12 2141/2496/12 3564/4151/12
f 3564/4151/12 3535/4122/12 3161/3748/12 1708/2063/12
f 3182/3769/12 3614/4201/12 3615/4202/12
f 3174/3761/12 3176/3763/12 3175/3762/12 3172/3759/12
f 3177/3764/12 3238/3825/12 3178/3765/12
f 3185/3772/12 3257/3844/12 3186/3773/12
f 3447/4034/12 3109/3695/12 3261/3848/12
f 3448/4035/12 3110/3696/12 3109/3695/12
f 3518/4105/12 3450/4037/12 3110/3696/12
f 3451/4038/12 3143/4036/12 3450/4037/12
f 3144/3731/12 1669/2029/12 3143/4036/12
f 3270/3857/12 1818/2173/12 1827/2182/12
f 3627/4214/12 3272/3859/12 3166/3753/12 3275/3862/12
f 3274/3861/12 2221/2576/12 3628/4215/12 3275/3862/12
f 1827/2182/12 2221/2576/12 3274/3861/12
f 3629/4216/12 3627/4214/12 3275/3862/12 3628/4215/12
f 2221/2576/12 1822/2177/12 3628/4215/12
f 3273/3860/12 3629/4216/12 3628/4215/12 1822/2177/12
f 3587/4174/12 3217/3804/12 3272/3859/12 3627/4214/12
f 3203/3790/12 3587/4174/12 3627/4214/12 3629/4216/12
f 3204/3791/12 3203/3790/12 3629/4216/12 3273/3860/12
f 3276/3863/12 3204/3791/12 3273/3860/12 1824/2179/12
f 3096/3682/12 3095/3681/12 3630/4217/20 3631/4218/20
f 3101/3687/12 3100/3686/12 3632/4219/218 3633/4220/219
f 3104/3690/12 3103/3689/12 3634/4221/220 3635/4222/221
f 3108/3694/12 3107/3693/12 3636/4223/222 3637/4224/223
f 3111/3697/12 3114/3700/12 3638/4225/20 3639/4226/20
f 3103/3689/12 3115/3701/12 3640/4227/20 3634/4221/220
f 3115/3701/12 3117/3703/12 3641/4228/20 3640/4227/20
f 3117/3703/12 3119/3705/12 3642/4229/20 3641/4228/20
f 3119/3705/12 3121/3707/12 3643/4230/20 3642/4229/20
f 3121/3707/12 3123/3709/12 3644/4231/20 3643/4230/20
f 3123/3709/12 3125/3711/12 3645/4232/20 3644/4231/20
f 3125/3711/12 3127/3713/12 3646/4233/20 3645/4232/20
f 3127/3713/12 3129/3715/12 3647/4234/20 3646/4233/20
f 3129/3715/12 3131/3717/12 3648/4235/20 3647/4234/20
f 3131/3717/12 3133/3719/12 3649/4236/20 3648/4235/20
f 3133/3719/12 3135/3721/12 3650/4237/20 3649/4236/20
f 3135/3721/12 3137/3723/12 3651/4238/20 3650/4237/20
f 3137/3723/12 3139/3725/12 3652/4239/20 3651/4238/20
f 3139/3725/12 3141/3727/12 3653/4240/20 3652/4239/20
f 3141/3727/12 3096/3682/12 3631/4218/20 3653/4240/20
f 1704/2059/12 3159/3746/12 3654/4241/224 2248/2602/116
f 3164/3751/12 3163/3750/12 3655/4242/225 3656/4243/225
f 3168/3755/12 3167/3754/12 3657/4244/121 3658/4245/226
f 3173/3760/12 3172/3759/12 3659/4246/227 3660/4247/228
f 3175/3762/12 3178/3765/12 3661/4248/229 3662/4249/230
f 3185/3772/12 3184/3771/12 3663/4250/231 3664/4251/125
f 3194/3781/12 3193/3780/12 3665/4252/6 3666/4253/6
f 3196/3783/12 3195/3782/12 3667/4254/20 3668/4255/20
f 3200/3787/12 3199/3786/12 3669/4256/232 3670/4257/232
f 3210/3797/12 3209/3796/12 3671/4258/233 3672/4259/6
f 3212/3799/12 3211/3798/12 3673/4260/20 3674/4261/20
f 3216/3803/12 3215/3802/12 3675/4262/20 3676/4263/234
f 3232/3819/12 3210/3797/12 3672/4259/6 3677/4264/6
f 3234/3821/12 3232/3819/12 3677/4264/6 3678/4265/6
f 3236/3823/12 3234/3821/12 3678/4265/6 3679/4266/6
f 3193/3780/12 3236/3823/12 3679/4266/6 3665/4252/6
f 3238/3825/12 3237/3824/12 3680/4267/6 3681/4268/229
f 3237/3824/12 3194/3781/12 3666/4253/6 3680/4267/6
f 3211/3798/12 3240/3827/12 3682/4269/20 3673/4260/20
f 3240/3827/12 3242/3829/12 3683/4270/20 3682/4269/20
f 3242/3829/12 3244/3831/12 3684/4271/20 3683/4270/20
f 3244/3831/12 3196/3783/12 3668/4255/20 3684/4271/20
f 3215/3802/12 3250/3837/12 3685/4272/20 3675/4262/20
f 3250/3837/12 3252/3839/12 3686/4273/20 3685/4272/20
f 3252/3839/12 3254/3841/12 3687/4274/20 3686/4273/20
f 3254/3841/12 3200/3787/12 3670/4257/232 3687/4274/20
f 3258/3845/12 3257/3844/12 3688/4275/125 3689/4276/20
f 3199/3786/12 3258/3845/12 3689/4276/20 3669/4256/232
f 3262/3849/12 3108/3694/12 3637/4224/223 3690/4277/223
f 3264/3851/12 3263/3850/12 3691/4278/20 3692/4279/20
f 3263/3850/12 3267/3854/12 3693/4280/20 3691/4278/20
f 1819/2174/12 3269/3856/12 3694/4281/235 2289/2643/132
f 3269/3856/12 3164/3751/12 3656/4243/225 3694/4281/235
f 3271/3858/12 3216/3803/12 3676/4263/234 3695/4282/236
f 3163/3750/12 3271/3858/12 3695/4282/236 3655/4242/225
f 3288/3875/12 3287/3874/12 3696/4283/14 3697/4284/14
f 3287/3874/12 3291/3878/12 3698/4285/14 3696/4283/14
f 3294/3881/12 3293/3880/12 3699/4286/14 3700/4287/14
f 3114/3700/12 3299/3886/12 3701/4288/20 3638/4225/20
f 3267/3854/12 3311/3898/12 3702/4289/20 3693/4280/20
f 3329/3916/12 3264/3851/12 3692/4279/20 3703/4290/20
f 3331/3918/12 3329/3916/12 3703/4290/20 3704/4291/20
f 3333/3920/12 3331/3918/12 3704/4291/20 3705/4292/20
f 3335/3922/12 3333/3920/12 3705/4292/20 3706/4293/20
f 3337/3924/12 3335/3922/12 3706/4293/20 3707/4294/20
f 3339/3926/12 3337/3924/12 3707/4294/20 3708/4295/20
f 3341/3928/12 3339/3926/12 3708/4295/20 3709/4296/20
f 3343/3930/12 3341/3928/12 3709/4296/20 3710/4297/20
f 3345/3932/12 3343/3930/12 3710/4297/20 3711/4298/20
f 3347/3934/12 3345/3932/12 3711/4298/20 3712/4299/20
f 3349/3936/12 3347/3934/12 3712/4299/20 3713/4300/20
f 3351/3938/12 3349/3936/12 3713/4300/20 3714/4301/20
f 3353/3940/12 3351/3938/12 3714/4301/20 3715/4302/20
f 3355/3942/12 3353/3940/12 3715/4302/20 3716/4303/20
f 3095/3681/12 3355/3942/12 3716/4303/20 3630/4217/20
f 3357/3944/12 3104/3690/12 3635/4222/221 3717/4304/237
f 3359/3946/12 3357/3944/12 3717/4304/237 3718/4305/238
f 3361/3948/12 3111/3697/12 3639/4226/20 3719/4306/20
f 3368/3955/12 3361/3948/12 3719/4306/20 3720/4307/20
f 3370/3957/12 3368/3955/12 3720/4307/20 3721/4308/20
f 3195/3782/12 3370/3957/12 3721/4308/20 3667/4254/20
f 3372/3959/12 3212/3799/12 3674/4261/20 3722/4309/20
f 3311/3898/12 3372/3959/12 3722/4309/20 3702/4289/20
f 3299/3886/12 3377/3964/12 3723/4310/20 3701/4288/20
f 3380/3967/12 3379/3966/12 3724/4311/239 3725/4312/240
f 3377/3964/12 3383/3970/12 3726/4313/20 3723/4310/20
f 3385/3972/12 3359/3946/12 3718/4305/238 3727/4314/241
f 3387/3974/12 3385/3972/12 3727/4314/241 3728/4315/242
f 3389/3976/12 3387/3974/12 3728/4315/242 3729/4316/242
f 3100/3686/12 3389/3976/12 3729/4316/242 3632/4219/218
f 3159/3746/12 3391/3978/12 3730/4317/243 3654/4241/224
f 3391/3978/12 3393/3980/12 3731/4318/244 3730/4317/243
f 3393/3980/12 3101/3687/12 3633/4220/219 3731/4318/244
f 3416/4003/12 3288/3875/12 3697/4284/14 3732/4319/245
f 1669/2029/12 1671/2025/12 3143/4036/12
f 3107/3693/12 3449/3729/12 3733/3730/217 3636/4223/222
f 3209/3796/12 3262/3849/12 3690/4277/223 3671/4258/233
f 3291/3878/12 3603/4190/12 3734/4320/14 3698/4285/14
f 3603/4190/12 3294/3881/12 3700/4287/14 3734/4320/14
f 3605/4192/12 2195/2550/12 2332/2685/14 3735/4321/14
f 3293/3880/12 3605/4192/12 3735/4321/14 3699/4286/14
f 3612/4199/12 3168/3755/12 3658/4245/226 3736/4322/246
f 3613/4200/12 3173/3760/12 3660/4247/228 3737/4323/247
f 3614/4201/12 3612/4199/12 3736/4322/246 3738/4324/248
f 3184/3771/12 3615/4202/12 3739/4325/249 3663/4250/231
f 3616/4203/12 3613/4200/12 3737/4323/247 3740/4326/250
f 3167/3754/12 3616/4203/12 3740/4326/250 3657/4244/121
f 3379/3966/12 3416/4003/12 3732/4319/245 3724/4311/239
f 3383/3970/12 3380/3967/12 3725/4312/240 3726/4313/20
f 3615/4202/12 3614/4201/12 3738/4324/248 3739/4325/249
f 3172/3759/12 3175/3762/12 3662/4249/230 3659/4246/227
f 3178/3765/12 3238/3825/12 3681/4268/229 3661/4248/229
f 3257/3844/12 3185/3772/12 3664/4251/125 3688/4275/125
f 2984/3455/183 1507/1739/69 2248/2692/116 3654/4327/224
f 2985/3457/184 2984/3455/183 3654/4327/224 3730/4328/243
f 2986/3459/185 2985/3457/184 3730/4328/243 3731/4329/244
f 2987/3461/186 2986/3459/185 3731/4329/244 3633/4330/219
f 2988/3463/187 2987/3461/186 3633/4330/219 3632/4331/218
f 2989/3465/188 2988/3463/187 3632/4331/218 3729/4332/242
f 2990/3467/188 2989/3465/188 3729/4332/242 3728/4333/242
f 2991/3469/189 2990/3467/188 3728/4333/242 3727/4334/241
f 2992/3471/190 2991/3469/189 3727/4334/241 3718/4335/238
f 2993/3473/191 2992/3471/190 3718/4335/238 3717/4336/237
f 2994/3475/192 2993/3473/191 3717/4336/237 3635/4337/221
f 2995/3477/193 2994/3480/192 3635/4338/221 3634/4339/220
f 2996/3481/21 2995/3477/193 3634/4339/220 3640/4340/20
f 2997/3483/21 2996/3481/21 3640/4340/20 3641/4341/20
f 2998/3485/21 2997/3483/21 3641/4341/20 3642/4342/20
f 2999/3487/21 2998/3485/21 3642/4342/20 3643/4343/20
f 3000/3489/21 2999/3487/21 3643/4343/20 3644/4344/20
f 3001/3491/21 3000/3489/21 3644/4344/20 3645/4345/20
f 3002/3493/21 3001/3491/21 3645/4345/20 3646/4346/20
f 3003/3495/21 3002/3493/21 3646/4346/20 3647/4347/20
f 3004/3497/21 3003/3495/21 3647/4347/20 3648/4348/20
f 3005/3499/21 3004/3497/21 3648/4348/20 3649/4349/20
f 3006/3501/21 3005/3499/21 3649/4349/20 3650/4350/20
f 3007/3503/21 3006/3501/21 3650/4350/20 3651/4351/20
f 3008/3505/21 3007/3503/21 3651/4351/20 3652/4352/20
f 3009/3507/21 3008/3505/21 3652/4352/20 3653/4353/20
f 3010/3509/21 3009/3507/21 3653/4353/20 3631/4354/20
f 3011/3511/21 3010/3509/21 3631/4354/20 3630/4355/20
f 3012/3513/21 3011/3511/21 3630/4355/20 3716/4356/20
f 3013/3515/21 3012/3513/21 3716/4356/20 3715/4357/20
f 3014/3517/21 3013/3515/21 3715/4357/20 3714/4358/20
f 3015/3519/21 3014/3517/21 3714/4358/20 3713/4359/20
f 3016/3521/21 3015/3519/21 3713/4359/20 3712/4360/20
f 3017/3523/21 3016/3521/21 3712/4360/20 3711/4361/20
f 3018/3525/21 3017/3523/21 3711/4361/20 3710/4362/20
f 3019/3527/21 3018/3525/21 3710/4362/20 3709/4363/20
f 3020/3529/21 3019/3527/21 3709/4363/20 3708/4364/20
f 3021/3531/21 3020/3529/21 3708/4364/20 3707/4365/20
f 3022/3533/21 3021/3531/21 3707/4365/20 3706/4366/20
f 3023/3535/21 3022/3533/21 3706/4366/20 3705/4367/20
f 3024/3537/21 3023/3535/21 3705/4367/20 3704/4368/20
f 3025/3539/21 3024/3537/21 3704/4368/20 3703/4369/20
f 3026/3541/21 3025/3539/21 3703/4369/20 3692/4370/20
f 3027/3543/21 3026/3541/21 3692/4370/20 3691/4371/20
f 3028/3545/21 3027/3543/21 3691/4371/20 3693/4372/20
f 3029/3547/21 3028/3545/21 3693/4372/20 3702/4373/20
f 3030/3549/21 3029/3547/21 3702/4373/20 3722/4374/20
f 3031/3551/21 3030/3549/21 3722/4374/20 3674/4375/20
f 3032/3553/21 3031/3551/21 3674/4375/20 3673/4376/20
f 3033/3555/21 3032/3553/21 3673/4376/20 3682/4377/20
f 3034/3557/21 3033/3555/21 3682/4377/20 3683/4378/20
f 3035/3559/21 3034/3557/21 3683/4378/20 3684/4379/20
f 3036/3561/21 3035/3559/21 3684/4379/20 3668/4380/20
f 3037/3563/21 3036/3561/21 3668/4380/20 3667/4381/20
f 3038/3565/21 3037/3563/21 3667/4381/20 3721/4382/20
f 3039/3567/21 3038/3565/21 3721/4382/20 3720/4383/20
f 3040/3569/21 3039/3567/21 3720/4383/20 3719/4384/20
f 3041/3571/21 3040/3569/21 3719/4384/20 3639/4385/20
f 3042/3573/21 3041/3571/21 3639/4385/20 3638/4386/20
f 3043/3575/21 3042/3573/21 3638/4386/20 3701/4387/20
f 3044/3577/21 3043/3575/21 3701/4387/20 3723/4388/20
f 3045/3579/21 3044/3577/21 3723/4388/20 3726/4389/20
f 3046/3581/194 3045/3579/21 3726/4389/20 3725/4390/240
f 3047/3583/195 3046/3581/194 3725/4390/240 3724/4391/239
f 3048/3585/196 3047/3588/195 3724/4392/239 3732/4393/245
f 3049/3589/15 3048/3585/196 3732/4393/245 3697/4394/14
f 3050/3591/15 3049/3589/15 3697/4394/14 3696/4395/14
f 3051/3593/15 3050/3591/15 3696/4395/14 3698/4396/14
f 3052/3595/15 3051/3593/15 3698/4396/14 3734/4397/14
f 3053/3597/15 3052/3595/15 3734/4397/14 3700/4398/14
f 3054/3599/15 3053/3597/15 3700/4398/14 3699/4399/14
f 3055/3601/15 3054/3599/15 3699/4399/14 3735/4400/14
f 1579/1888/15 3055/3601/15 3735/4400/14 2332/2766/14
f 3056/3603/197 1581/1891/84 2289/2768/132 3694/4401/235
f 3057/3605/198 3056/3603/197 3694/4401/235 3656/4402/225
f 3058/3607/198 3057/3605/198 3656/4402/225 3655/4403/225
f 3059/3609/199 3058/3607/198 3655/4403/225 3695/4404/236
f 3060/3611/200 3059/3609/199 3695/4404/236 3676/4405/234
f 3061/3613/21 3060/3611/200 3676/4405/234 3675/4406/20
f 3062/3615/21 3061/3613/21 3675/4406/20 3685/4407/20
f 3063/3617/21 3062/3615/21 3685/4407/20 3686/4408/20
f 3064/3619/21 3063/3617/21 3686/4408/20 3687/4409/20
f 3065/3621/201 3064/3619/21 3687/4409/20 3670/4410/232
f 3066/3623/201 3065/3621/201 3670/4410/232 3669/4411/232
f 3067/3625/21 3066/3623/201 3669/4411/232 3689/4412/20
f 3068/3627/101 3067/3625/21 3689/4412/20 3688/4413/125
f 3069/3629/101 3068/3627/101 3688/4413/125 3664/4414/125
f 3070/3631/202 3069/3629/101 3664/4414/125 3663/4415/231
f 3071/3633/203 3070/3631/202 3663/4415/231 3739/4416/249
f 3072/3635/204 3071/3633/203 3739/4416/249 3738/4417/248
f 3073/3637/205 3072/3635/204 3738/4417/248 3736/4418/246
f 3074/3639/206 3073/3637/205 3736/4418/246 3658/4419/226
f 3075/3641/17 3074/3639/206 3658/4419/226 3657/4420/121
f 3076/3643/207 3075/3641/17 3657/4420/121 3740/4421/250
f 3077/3645/208 3076/3643/207 3740/4421/250 3737/4422/247
f 3078/3647/209 3077/3645/208 3737/4422/247 3660/4423/228
f 3079/3649/210 3078/3647/209 3660/4423/228 3659/4424/227
f 3080/3651/211 3079/3649/210 3659/4424/227 3662/4425/230
f 3081/3653/212 3080/3651/211 3662/4425/230 3661/4426/229
f 3082/3655/212 3081/3653/212 3661/4426/229 3681/4427/229
f 3083/3657/5 3082/3655/212 3681/4427/229 3680/4428/6
f 3084/3659/5 3083/3657/5 3680/4428/6 3666/4429/6
f 3085/3661/5 3084/3659/5 3666/4429/6 3665/4430/6
f 3086/3663/5 3085/3661/5 3665/4430/6 3679/4431/6
f 3087/3665/5 3086/3663/5 3679/4431/6 3678/4432/6
f 3088/3667/5 3087/3665/5 3678/4432/6 3677/4433/6
f 3089/3669/5 3088/3667/5 3677/4433/6 3672/4434/6
f 3090/3671/213 3089/3669/5 3672/4434/6 3671/4435/233
f 3091/3673/214 3090/3671/213 3671/4435/233 3690/4436/223
f 3092/3675/214 3091/3673/214 3690/4436/223 3637/4437/223
f 3093/3677/215 3092/3675/214 3637/4437/223 3636/4438/222
f 3094/3679/216 3093/3677/215 3636/4438/222 3733/4439/217
f 1620/1972/107 3094/3679/216 3733/4439/217 2223/2808/109

o cardboard bookmark (2)
v -0.0301016 0.00642024 -0.0567038
v -0.0328313 0.00678697 -0.0567038
v -0.0328313 0.00678697 -0.0549598
v -0.0301016 0.00642024 -0.0549598
v -0.0410114 0.00795749 -0.0567038
v -0.0430948 0.00827282 -0.0567038
v -0.0430948 0.00827282 -0.0549598
v -0.0410114 0.00795749 -0.0549598
v -0.0382867 0.00755565 -0.0567038
v -0.0382867 0.00755565 -0.0549598
v -0.0355603 0.00716552 -0.0567038
v -0.0355603 0.00716552 -0.0549598
v -0.0301016 0.00642024 -0.0321188
v -0.0280261 0.00614939 -0.0321188
v -0.0280261 0.00614939 -0.0339768
v -0.0301016 0.00642024 -0.0339768
v -0.0328313 0.00678697 -0.0514658
v -0.0301016 0.00642024 -0.0514658
v -0.043305 0.00830502 -0.0514658
v -0.0430948 0.00827282 -0.0514658
v -0.043305 0.00830502 -0.0549598
v -0.0410114 0.00795749 -0.0514658
v -0.0382867 0.00755565 -0.0514658
v -0.0355603 0.00716552 -0.0514658
v -0.0278013 0.00612044 -0.0567038
v -0.0280261 0.00614939 -0.0567038
v -0.0280261 0.00614939 -0.0549598
v -0.0278013 0.00612044 -0.0549598
v -0.0278013 0.00612044 -0.0514658
v -0.0280261 0.00614939 -0.0514658
v -0.0328313 0.00678697 -0.0466768
v -0.0301016 0.00642024 -0.0466768
v -0.043305 0.00830502 -0.0466768
v -0.0430948 0.00827282 -0.0466768
v -0.0410114 0.00795749 -0.0466768
v -0.0382867 0.00755565 -0.0466768
v -0.0355603 0.00716552 -0.0466768
v -0.0278013 0.00612044 -0.0466768
v -0.0280261 0.00614939 -0.0466768
v -0.0328313 0.00678697 -0.0435018
v -0.0301016 0.00642024 -0.0435018
v -0.043305 0.00830502 -0.0435018
v -0.0430948 0.00827282 -0.0435018
v -0.0410114 0.00795749 -0.0435018
v -0.0382867 0.00755565 -0.0435018
v -0.0355603 0.00716552 -0.0435018
v -0.0278013 0.00612044 -0.0435018
v -0.0280261 0.00614939 -0.0435018
v -0.0328313 0.00678697 -0.0403268
v -0.0301016 0.00642024 -0.0403268
v -0.043305 0.00830502 -0.0403268
v -0.0430948 0.00827282 -0.0403268
v -0.0410114 0.00795749 -0.0403268
v -0.0382867 0.00755565 -0.0403268
v -0.0355603 0.00716552 -0.0403268
v -0.0278013 0.00612044 -0.0403268
v -0.0280261 0.00614939 -0.0403268
v -0.0328313 0.00678697 -0.0371518
v -0.0301016 0.00642024 -0.0371518
v -0.043305 0.00830502 -0.0371518
v -0.0430948 0.00827282 -0.0371518
v -0.0410114 0.00795749 -0.0371518
v -0.0382867 0.00755565 -0.0371518
v -0.0355603 0.00716552 -0.0371518
v -0.0278013 0.00612044 -0.0371518
v -0.0280261 0.00614939 -0.0371518
v -0.0328313 0.00678697 -0.0339768
v -0.043305 0.00830502 -0.0339768
v -0.0430948 0.00827282 -0.0339768
v -0.0410114 0.00795749 -0.0339768
v -0.0382867 0.00755565 -0.0339768
v -0.0355603 0.00716552 -0.0339768
v -0.0278013 0.00612044 -0.0339768
v -0.0328313 0.00678697 -0.0321188
v -0.043305 0.00830502 -0.0321188
v -0.0430948 0.00827282 -0.0321188
v -0.0410114 0.00795749 -0.0321188
v -0.0382867 0.00755565 -0.0321188
v -0.0355603 0.00716552 -0.0321188
v -0.0433255 0.00817158 -0.0569288
v -0.0431152 0.00813937 -0.0569288
v -0.0431329 0.00802372 -0.0569288
v -0.0433432 0.00805594 -0.0569288
v -0.0410314 0.00782398 -0.0569288
v -0.0383061 0.00742206 -0.0569288
v -0.0383229 0.00730627 -0.0569288
v -0.0410487 0.00770827 -0.0569288
v -0.0355791 0.00703184 -0.0569288
v -0.0355955 0.00691598 -0.0569288
v -0.0328495 0.00665321 -0.0569288
v -0.0328653 0.00653729 -0.0569288
v -0.0301193 0.0062864 -0.0569288
v -0.0301346 0.00617041 -0.0569288
v -0.0280434 0.0060155 -0.0569288
v -0.0280583 0.00589945 -0.0569288
v -0.0301016 0.00642024 -0.0569288
v -0.0328313 0.00678697 -0.0569288
v -0.043305 0.00830502 -0.0567038
v -0.0430948 0.00827282 -0.0569288
v -0.043305 0.00830502 -0.0569288
v -0.0382867 0.00755565 -0.0569288
v -0.0410114 0.00795749 -0.0569288
v -0.0355603 0.00716552 -0.0569288
v -0.0280261 0.00614939 -0.0569288
v -0.0278185 0.00598654 -0.0569288
v -0.0278013 0.00612044 -0.0569288
v -0.0431329 0.00802372 -0.0567038
v -0.0433432 0.00805594 -0.0567038
v -0.0383229 0.00730627 -0.0567038
v -0.0410487 0.00770827 -0.0567038
v -0.0355955 0.00691598 -0.0567038
v -0.0328653 0.00653729 -0.0567038
v -0.0301346 0.00617041 -0.0567038
v -0.0280583 0.00589945 -0.0567038
v -0.0431329 0.00802372 -0.0549598
v -0.0433432 0.00805594 -0.0549598
v -0.0383229 0.00730627 -0.0549598
v -0.0410487 0.00770827 -0.0549598
v -0.0355955 0.00691598 -0.0549598
v -0.0328653 0.00653729 -0.0549598
v -0.0301346 0.00617041 -0.0549598
v -0.0280583 0.00589945 -0.0549598
v -0.0431329 0.00802372 -0.0514658
v -0.0433432 0.00805594 -0.0514658
v -0.0383229 0.00730627 -0.0514658
v -0.0410487 0.00770827 -0.0514658
v -0.0355955 0.00691598 -0.0514658
v -0.0328653 0.00653729 -0.0514658
v -0.0301346 0.00617041 -0.0514658
v -0.0280583 0.00589945 -0.0514658
v -0.0431329 0.00802372 -0.0466768
v -0.0433432 0.00805594 -0.0466768
v -0.0383229 0.00730627 -0.0466768
v -0.0410487 0.00770827 -0.0466768
v -0.0355955 0.00691598 -0.0466768
v -0.0328653 0.00653729 -0.0466768
v -0.0301346 0.00617041 -0.0466768
v -0.0280583 0.00589945 -0.0466768
v -0.0431329 0.00802372 -0.0435018
v -0.0433432 0.00805594 -0.0435018
v -0.0383229 0.00730627 -0.0435018
v -0.0410487 0.00770827 -0.0435018
v -0.0355955 0.00691598 -0.0435018
v -0.0328653 0.00653729 -0.0435018
v -0.0301346 0.00617041 -0.0435018
v -0.0280583 0.00589945 -0.0435018
v -0.0431329 0.00802372 -0.0403268
v -0.0433432 0.00805594 -0.0403268
v -0.0383229 0.00730627 -0.0403268
v -0.0410487 0.00770827 -0.0403268
v -0.0355955 0.00691598 -0.0403268
v -0.0328653 0.00653729 -0.0403268
v -0.0301346 0.00617041 -0.0403268
v -0.0280583 0.00589945 -0.0403268
v -0.0431329 0.00802372 -0.0371518
v -0.0433432 0.00805594 -0.0371518
v -0.0383229 0.00730627 -0.0371518
v -0.0410487 0.00770827 -0.0371518
v -0.0355955 0.00691598 -0.0371518
v -0.0328653 0.00653729 -0.0371518
v -0.0301346 0.00617041 -0.0371518
v -0.0280583 0.00589945 -0.0371518
v -0.0431329 0.00802372 -0.0339768
v -0.0433432 0.00805594 -0.0339768
v -0.0383229 0.00730627 -0.0339768
v -0.0410487 0.00770827 -0.0339768
v -0.0355955 0.00691598 -0.0339768
v -0.0328653 0.00653729 -0.0339768
v -0.0301346 0.00617041 -0.0339768
v -0.0280583 0.00589945 -0.0339768
v -0.0431329 0.00802372 -0.0321188
v -0.0433432 0.00805594 -0.0321188
v -0.0383229 0.00730627 -0.0321188
v -0.0410487 0.00770827 -0.0321188
v -0.0355955 0.00691598 -0.0321188
v -0.0328653 0.00653729 -0.0321188
v -0.0301346 0.00617041 -0.0321188
v -0.0280583 0.00589945 -0.0321188
v -0.0278334 0.00587049 -0.0549598
v -0.0278334 0.00587049 -0.0567038
v -0.0278173 0.00599547 -0.0567038
v -0.0278173 0.00599547 -0.0549598
v -0.0278334 0.00587049 -0.0514658
v -0.0278173 0.00599547 -0.0514658
v -0.0278334 0.00587049 -0.0466768
v -0.0278173 0.00599547 -0.0466768
v -0.0278334 0.00587049 -0.0435018
v -0.0278173 0.00599547 -0.0435018
v -0.0278334 0.00587049 -0.0403268
v -0.0278173 0.00599547 -0.0403268
v -0.0278334 0.00587049 -0.0371518
v -0.0278173 0.00599547 -0.0371518
v -0.0278334 0.00587049 -0.0339768
v -0.0278173 0.00599547 -0.0339768
v -0.0278334 0.00587049 -0.0321188
v -0.0278173 0.00599547 -0.0321188
v -0.0278013 0.00612044 -0.0321188
v -0.0278334 0.00587049 -0.0569288
v -0.0433241 0.00818048 -0.0321188
v -0.0433241 0.00818048 -0.0339768
v -0.0433241 0.00818048 -0.0371518
v -0.0433241 0.00818048 -0.0403268
v -0.0433241 0.00818048 -0.0435018
v -0.0433241 0.00818048 -0.0466768
v -0.0433241 0.00818048 -0.0514658
v -0.0433241 0.00818048 -0.0549598
v -0.0433241 0.00818048 -0.0567038
v -0.0301016 0.00642024 -0.00753381
v -0.0301016 0.00642024 -0.00927781
v -0.0328313 0.00678697 -0.00927781
v -0.0328313 0.00678697 -0.00753381
v -0.0410114 0.00795749 -0.00753381
v -0.0410114 0.00795749 -0.00927781
v -0.0430948 0.00827282 -0.00927781
v -0.0430948 0.00827282 -0.00753381
v -0.0382867 0.00755565 -0.00753381
v -0.0382867 0.00755565 -0.00927781
v -0.0355603 0.00716552 -0.00753381
v -0.0355603 0.00716552 -0.00927781
v -0.0301016 0.00642024 -0.0302608
v -0.0280261 0.00614939 -0.0302608
v -0.0301016 0.00642024 -0.0127718
v -0.0328313 0.00678697 -0.0127718
v -0.043305 0.00830502 -0.0127718
v -0.043305 0.00830502 -0.00927781
v -0.0430948 0.00827282 -0.0127718
v -0.0382867 0.00755565 -0.0127718
v -0.0410114 0.00795749 -0.0127718
v -0.0355603 0.00716552 -0.0127718
v -0.0278013 0.00612044 -0.00753381
v -0.0278013 0.00612044 -0.00927781
v -0.0280261 0.00614939 -0.00927781
v -0.0280261 0.00614939 -0.00753381
v -0.0278013 0.00612044 -0.0127718
v -0.0280261 0.00614939 -0.0127718
v -0.0301016 0.00642024 -0.0175608
v -0.0328313 0.00678697 -0.0175608
v -0.0430948 0.00827282 -0.0175608
v -0.043305 0.00830502 -0.0175608
v -0.0382867 0.00755565 -0.0175608
v -0.0410114 0.00795749 -0.0175608
v -0.0355603 0.00716552 -0.0175608
v -0.0278013 0.00612044 -0.0175608
v -0.0280261 0.00614939 -0.0175608
v -0.0301016 0.00642024 -0.0207358
v -0.0328313 0.00678697 -0.0207358
v -0.0430948 0.00827282 -0.0207358
v -0.043305 0.00830502 -0.0207358
v -0.0382867 0.00755565 -0.0207358
v -0.0410114 0.00795749 -0.0207358
v -0.0355603 0.00716552 -0.0207358
v -0.0278013 0.00612044 -0.0207358
v -0.0280261 0.00614939 -0.0207358
v -0.0301016 0.00642024 -0.0239108
v -0.0328313 0.00678697 -0.0239108
v -0.0430948 0.00827282 -0.0239108
v -0.043305 0.00830502 -0.0239108
v -0.0382867 0.00755565 -0.0239108
v -0.0410114 0.00795749 -0.0239108
v -0.0355603 0.00716552 -0.0239108
v -0.0278013 0.00612044 -0.0239108
v -0.0280261 0.00614939 -0.0239108
v -0.0301016 0.00642024 -0.0270858
v -0.0328313 0.00678697 -0.0270858
v -0.0430948 0.00827282 -0.0270858
v -0.043305 0.00830502 -0.0270858
v -0.0382867 0.00755565 -0.0270858
v -0.0410114 0.00795749 -0.0270858
v -0.0355603 0.00716552 -0.0270858
v -0.0278013 0.00612044 -0.0270858
v -0.0280261 0.00614939 -0.0270858
v -0.0328313 0.00678697 -0.0302608
v -0.0430948 0.00827282 -0.0302608
v -0.043305 0.00830502 -0.0302608
v -0.0382867 0.00755565 -0.0302608
v -0.0410114 0.00795749 -0.0302608
v -0.0355603 0.00716552 -0.0302608
v -0.0278013 0.00612044 -0.0302608
v -0.0433255 0.00817158 -0.00730881
v -0.0433432 0.00805594 -0.00730881
v -0.0431329 0.00802372 -0.00730881
v -0.0431152 0.00813937 -0.00730881
v -0.0410314 0.00782398 -0.00730881
v -0.0410487 0.00770827 -0.00730881
v -0.0383229 0.00730627 -0.00730881
v -0.0383061 0.00742206 -0.00730881
v -0.0355955 0.00691598 -0.00730881
v -0.0355791 0.00703184 -0.00730881
v -0.0328653 0.00653729 -0.00730881
v -0.0328495 0.00665321 -0.00730881
v -0.0301346 0.00617041 -0.00730881
v -0.0301193 0.0062864 -0.00730881
v -0.0280583 0.00589945 -0.00730881
v -0.0280434 0.0060155 -0.00730881
v -0.0328313 0.00678697 -0.00730881
v -0.0301016 0.00642024 -0.00730881
v -0.043305 0.00830502 -0.00753381
v -0.043305 0.00830502 -0.00730881
v -0.0430948 0.00827282 -0.00730881
v -0.0410114 0.00795749 -0.00730881
v -0.0382867 0.00755565 -0.00730881
v -0.0355603 0.00716552 -0.00730881
v -0.0280261 0.00614939 -0.00730881
v -0.0278185 0.00598654 -0.00730881
v -0.0278013 0.00612044 -0.00730881
v -0.0433432 0.00805594 -0.00753381
v -0.0431329 0.00802372 -0.00753381
v -0.0410487 0.00770827 -0.00753381
v -0.0383229 0.00730627 -0.00753381
v -0.0355955 0.00691598 -0.00753381
v -0.0328653 0.00653729 -0.00753381
v -0.0301346 0.00617041 -0.00753381
v -0.0280583 0.00589945 -0.00753381
v -0.0433432 0.00805594 -0.00927781
v -0.0431329 0.00802372 -0.00927781
v -0.0410487 0.00770827 -0.00927781
v -0.0383229 0.00730627 -0.00927781
v -0.0355955 0.00691598 -0.00927781
v -0.0328653 0.00653729 -0.00927781
v -0.0301346 0.00617041 -0.00927781
v -0.0280583 0.00589945 -0.00927781
v -0.0433432 0.00805594 -0.0127718
v -0.0431329 0.00802372 -0.0127718
v -0.0410487 0.00770827 -0.0127718
v -0.0383229 0.00730627 -0.0127718
v -0.0355955 0.00691598 -0.0127718
v -0.0328653 0.00653729 -0.0127718
v -0.0301346 0.00617041 -0.0127718
v -0.0280583 0.00589945 -0.0127718
v -0.0433432 0.00805594 -0.0175608
v -0.0431329 0.00802372 -0.0175608
v -0.0410487 0.00770827 -0.0175608
v -0.0383229 0.00730627 -0.0175608
v -0.0355955 0.00691598 -0.0175608
v -0.0328653 0.00653729 -0.0175608
v -0.0301346 0.00617041 -0.0175608
v -0.0280583 0.00589945 -0.0175608
v -0.0433432 0.00805594 -0.0207358
v -0.0431329 0.00802372 -0.0207358
v -0.0410487 0.00770827 -0.0207358
v -0.0383229 0.00730627 -0.0207358
v -0.0355955 0.00691598 -0.0207358
v -0.0328653 0.00653729 -0.0207358
v -0.0301346 0.00617041 -0.0207358
v -0.0280583 0.00589945 -0.0207358
v -0.0433432 0.00805594 -0.0239108
v -0.0431329 0.00802372 -0.0239108
v -0.0410487 0.00770827 -0.0239108
v -0.0383229 0.00730627 -0.0239108
v -0.0355955 0.00691598 -0.0239108
v -0.0328653 0.00653729 -0.0239108
v -0.0301346 0.00617041 -0.0239108
v -0.0280583 0.00589945 -0.0239108
v -0.0433432 0.00805594 -0.0270858
v -0.0431329 0.00802372 -0.0270858
v -0.0410487 0.00770827 -0.0270858
v -0.0383229 0.00730627 -0.0270858
v -0.0355955 0.00691598 -0.0270858
v -0.0328653 0.00653729 -0.0270858
v -0.0301346 0.00617041 -0.0270858
v -0.0280583 0.00589945 -0.0270858
v -0.0433432 0.00805594 -0.0302608
v -0.0431329 0.00802372 -0.0302608
v -0.0410487 0.00770827 -0.0302608
v -0.0383229 0.00730627 -0.0302608
v -0.0355955 0.00691598 -0.0302608
v -0.0328653 0.00653729 -0.0302608
v -0.0301346 0.00617041 -0.0302608
v -0.0280583 0.00589945 -0.0302608
v -0.0278334 0.00587049 -0.00927781
v -0.0278173 0.00599547 -0.00927781
v -0.0278173 0.00599547 -0.00753381
v -0.0278334 0.00587049 -0.00753381
v -0.0278334 0.00587049 -0.0127718
v -0.0278173 0.00599547 -0.0127718
v -0.0278334 0.00587049 -0.0175608
v -0.0278173 0.00599547 -0.0175608
v -0.0278334 0.00587049 -0.0207358
v -0.0278173 0.00599547 -0.0207358
v -0.0278334 0.00587049 -0.0239108
v -0.0278173 0.00599547 -0.0239108
v -0.0278334 0.00587049 -0.0270858
v -0.0278173 0.00599547 -0.0270858
v -0.0278334 0.00587049 -0.0302608
v -0.0278173 0.00599547 -0.0302608
v -0.0278334 0.00587049 -0.00730881
v -0.0433241 0.00818048 -0.0302608
v -0.0433241 0.00818048 -0.0270858
v -0.0433241 0.00818048 -0.0239108
v -0.0433241 0.00818048 -0.0207358
v -0.0433241 0.00818048 -0.0175608
v -0.0433241 0.00818048 -0.0127718
v -0.0433241 0.00818048 -0.00927781
v -0.0433241 0.00818048 -0.00753381
v -0.0435402 0.00799107 -0.0570778
v -0.0433308 0.00795893 -0.0570778
v -0.0433451 0.00786601 -0.0570778
v -0.0435545 0.00789816 -0.0570778
v -0.0410626 0.0076153 -0.0570778
v -0.0383365 0.00721325 -0.0570778
v -0.03835 0.00712022 -0.0570778
v -0.0410766 0.00752234 -0.0570778
v -0.0356086 0.0068229 -0.0570778
v -0.0356217 0.00672982 -0.0570778
v -0.0328781 0.00644415 -0.0570778
v -0.0328908 0.00635101 -0.0570778
v -0.0301469 0.00607722 -0.0570778
v -0.0301592 0.00598403 -0.0570778
v -0.0278523 0.00577818 -0.0570778
v -0.0278643 0.00568494 -0.0570778
v -0.0433451 0.00786601 -0.0568528
v -0.0435545 0.00789816 -0.0568528
v -0.03835 0.00712022 -0.0568528
v -0.0410766 0.00752234 -0.0568528
v -0.0356217 0.00672982 -0.0568528
v -0.0328908 0.00635101 -0.0568528
v -0.0301592 0.00598403 -0.0568528
v -0.0278643 0.00568494 -0.0568528
v -0.0433451 0.00786601 -0.0549598
v -0.0435545 0.00789816 -0.0549598
v -0.03835 0.00712022 -0.0549598
v -0.0410766 0.00752234 -0.0549598
v -0.0356217 0.00672982 -0.0549598
v -0.0328908 0.00635101 -0.0549598
v -0.0301592 0.00598403 -0.0549598
v -0.0278643 0.00568494 -0.0549598
v -0.0433451 0.00786601 -0.0514658
v -0.0435545 0.00789816 -0.0514658
v -0.03835 0.00712022 -0.0514658
v -0.0410766 0.00752234 -0.0514658
v -0.0356217 0.00672982 -0.0514658
v -0.0328908 0.00635101 -0.0514658
v -0.0301592 0.00598403 -0.0514658
v -0.0278643 0.00568494 -0.0514658
v -0.0433451 0.00786601 -0.0466768
v -0.0435545 0.00789816 -0.0466768
v -0.03835 0.00712022 -0.0466768
v -0.0410766 0.00752234 -0.0466768
v -0.0356217 0.00672982 -0.0466768
v -0.0328908 0.00635101 -0.0466768
v -0.0301592 0.00598403 -0.0466768
v -0.0278643 0.00568494 -0.0466768
v -0.0433451 0.00786601 -0.0435018
v -0.0435545 0.00789816 -0.0435018
v -0.03835 0.00712022 -0.0435018
v -0.0410766 0.00752234 -0.0435018
v -0.0356217 0.00672982 -0.0435018
v -0.0328908 0.00635101 -0.0435018
v -0.0301592 0.00598403 -0.0435018
v -0.0278643 0.00568494 -0.0435018
v -0.0433451 0.00786601 -0.0403268
v -0.0435545 0.00789816 -0.0403268
v -0.03835 0.00712022 -0.0403268
v -0.0410766 0.00752234 -0.0403268
v -0.0356217 0.00672982 -0.0403268
v -0.0328908 0.00635101 -0.0403268
v -0.0301592 0.00598403 -0.0403268
v -0.0278643 0.00568494 -0.0403268
v -0.0433451 0.00786601 -0.0371518
v -0.0435545 0.00789816 -0.0371518
v -0.03835 0.00712022 -0.0371518
v -0.0410766 0.00752234 -0.0371518
v -0.0356217 0.00672982 -0.0371518
v -0.0328908 0.00635101 -0.0371518
v -0.0301592 0.00598403 -0.0371518
v -0.0278643 0.00568494 -0.0371518
v -0.0433451 0.00786601 -0.0339768
v -0.0435545 0.00789816 -0.0339768
v -0.03835 0.00712022 -0.0339768
v -0.0410766 0.00752234 -0.0339768
v -0.0356217 0.00672982 -0.0339768
v -0.0328908 0.00635101 -0.0339768
v -0.0301592 0.00598403 -0.0339768
v -0.0278643 0.00568494 -0.0339768
v -0.0433451 0.00786601 -0.0321188
v -0.0435545 0.00789816 -0.0321188
v -0.03835 0.00712022 -0.0321188
v -0.0410766 0.00752234 -0.0321188
v -0.0356217 0.00672982 -0.0321188
v -0.0328908 0.00635101 -0.0321188
v -0.0301592 0.00598403 -0.0321188
v -0.0278643 0.00568494 -0.0321188
v -0.0276393 0.00565605 -0.0549598
v -0.0276393 0.00565605 -0.0568528
v -0.0276273 0.00574929 -0.0568528
v -0.0276273 0.00574929 -0.0549598
v -0.0276393 0.00565605 -0.0514658
v -0.0276273 0.00574929 -0.0514658
v -0.0276393 0.00565605 -0.0466768
v -0.0276273 0.00574929 -0.0466768
v -0.0276393 0.00565605 -0.0435018
v -0.0276273 0.00574929 -0.0435018
v -0.0276393 0.00565605 -0.0403268
v -0.0276273 0.00574929 -0.0403268
v -0.0276393 0.00565605 -0.0371518
v -0.0276273 0.00574929 -0.0371518
v -0.0276393 0.00565605 -0.0339768
v -0.0276273 0.00574929 -0.0339768
v -0.0276393 0.00565605 -0.0321188
v -0.0276273 0.00574929 -0.0321188
v -0.0276273 0.00574929 -0.0570778
v -0.0276393 0.00565605 -0.0570778
v -0.0435402 0.00799107 -0.0321188
v -0.0435402 0.00799107 -0.0339768
v -0.0435402 0.00799107 -0.0371518
v -0.0435402 0.00799107 -0.0403268
v -0.0435402 0.00799107 -0.0435018
v -0.0435402 0.00799107 -0.0466768
v -0.0435402 0.00799107 -0.0514658
v -0.0435402 0.00799107 -0.0549598
v -0.0435402 0.00799107 -0.0568528
v -0.0435402 0.00799107 -0.00709381
v -0.0435545 0.00789816 -0.00709381
v -0.0433451 0.00786601 -0.00709381
v -0.0433308 0.00795893 -0.00709381
v -0.0410626 0.0076153 -0.00709381
v -0.0410765 0.00752234 -0.00709381
v -0.03835 0.00712022 -0.00709381
v -0.0383365 0.00721325 -0.00709381
v -0.0356217 0.00672982 -0.00709381
v -0.0356086 0.0068229 -0.00709381
v -0.0328908 0.00635101 -0.00709381
v -0.0328781 0.00644415 -0.00709381
v -0.0301592 0.00598403 -0.00709381
v -0.0301469 0.00607722 -0.00709381
v -0.0278643 0.00568494 -0.00709381
v -0.0278523 0.00577818 -0.00709381
v -0.0435545 0.00789816 -0.00731781
v -0.0433451 0.00786601 -0.00731781
v -0.0410765 0.00752234 -0.00731781
v -0.03835 0.00712022 -0.00731781
v -0.0356217 0.00672982 -0.00731781
v -0.0328908 0.00635101 -0.00731781
v -0.0301592 0.00598403 -0.00731781
v -0.0278643 0.00568494 -0.00731781
v -0.0435545 0.00789816 -0.00927781
v -0.0433451 0.00786601 -0.00927781
v -0.0410765 0.00752234 -0.00927781
v -0.03835 0.00712022 -0.00927781
v -0.0356217 0.00672982 -0.00927781
v -0.0328908 0.00635101 -0.00927781
v -0.0301592 0.00598403 -0.00927781
v -0.0278643 0.00568494 -0.00927781
v -0.0435545 0.00789816 -0.0127718
v -0.0433451 0.00786601 -0.0127718
v -0.0410765 0.00752234 -0.0127718
v -0.03835 0.00712022 -0.0127718
v -0.0356217 0.00672982 -0.0127718
v -0.0328908 0.00635101 -0.0127718
v -0.0301592 0.00598403 -0.0127718
v -0.0278643 0.00568494 -0.0127718
v -0.0435545 0.00789816 -0.0175608
v -0.0433451 0.00786601 -0.0175608
v -0.0410765 0.00752234 -0.0175608
v -0.03835 0.00712022 -0.0175608
v -0.0356217 0.00672982 -0.0175608
v -0.0328908 0.00635101 -0.0175608
v -0.0301592 0.00598403 -0.0175608
v -0.0278643 0.00568494 -0.0175608
v -0.0435545 0.00789816 -0.0207358
v -0.0433451 0.00786601 -0.0207358
v -0.0410765 0.00752234 -0.0207358
v -0.03835 0.00712022 -0.0207358
v -0.0356217 0.00672982 -0.0207358
v -0.0328908 0.00635101 -0.0207358
v -0.0301592 0.00598403 -0.0207358
v -0.0278643 0.00568494 -0.0207358
v -0.0435545 0.00789816 -0.0239108
v -0.0433451 0.00786601 -0.0239108
v -0.0410765 0.00752234 -0.0239108
v -0.03835 0.00712022 -0.0239108
v -0.0356217 0.00672982 -0.0239108
v -0.0328908 0.00635101 -0.0239108
v -0.0301592 0.00598403 -0.0239108
v -0.0278643 0.00568494 -0.0239108
v -0.0435545 0.00789816 -0.0270858
v -0.0433451 0.00786601 -0.0270858
v -0.0410765 0.00752234 -0.0270858
v -0.03835 0.00712022 -0.0270858
v -0.0356217 0.00672982 -0.0270858
v -0.0328908 0.00635101 -0.0270858
v -0.0301592 0.00598403 -0.0270858
v -0.0278643 0.00568494 -0.0270858
v -0.0435545 0.00789816 -0.0302608
v -0.0433451 0.00786601 -0.0302608
v -0.0410765 0.00752234 -0.0302608
v -0.03835 0.00712022 -0.0302608
v -0.0356217 0.00672982 -0.0302608
v -0.0328908 0.00635101 -0.0302608
v -0.0301592 0.00598403 -0.0302608
v -0.0278643 0.00568494 -0.0302608
v -0.0276393 0.00565605 -0.00927781
v -0.0276273 0.00574929 -0.00927781
v -0.0276273 0.00574929 -0.00731781
v -0.0276393 0.00565605 -0.00731781
v -0.0276393 0.00565605 -0.0127718
v -0.0276273 0.00574929 -0.0127718
v -0.0276393 0.00565605 -0.0175608
v -0.0276273 0.00574929 -0.0175608
v -0.0276393 0.00565605 -0.0207358
v -0.0276273 0.00574929 -0.0207358
v -0.0276393 0.00565605 -0.0239108
v -0.0276273 0.00574929 -0.0239108
v -0.0276393 0.00565605 -0.0270858
v -0.0276273 0.00574929 -0.0270858
v -0.0276393 0.00565605 -0.0302608
v -0.0276273 0.00574929 -0.0302608
v -0.0276273 0.00574929 -0.00709381
v -0.0276393 0.00565605 -0.00709381
v -0.0435402 0.00799107 -0.0302608
v -0.0435402 0.00799107 -0.0270858
v -0.0435402 0.00799107 -0.0239108
v -0.0435402 0.00799107 -0.0207358
v -0.0435402 0.00799107 -0.0175608
v -0.0435402 0.00799107 -0.0127718
v -0.0435402 0.00799107 -0.00927781
v -0.0435402 0.00799107 -0.00731781
v -0.0435259 0.00808398 -0.0570778
v -0.0433166 0.00805184 -0.0570778
v -0.0410487 0.00770827 -0.0570778
v -0.0383229 0.00730627 -0.0570778
v -0.0355955 0.00691598 -0.0570778
v -0.0328653 0.00653729 -0.0570778
v -0.0301346 0.00617041 -0.0570778
v -0.0278403 0.00587141 -0.0570778
v -0.0435259 0.00808398 -0.0568528
v -0.0433166 0.00805184 -0.0568528
v -0.0410487 0.00770827 -0.0568528
v -0.0383229 0.00730627 -0.0568528
v -0.0355955 0.00691598 -0.0568528
v -0.0328653 0.00653729 -0.0568528
v -0.0301346 0.00617041 -0.0568528
v -0.0278403 0.00587141 -0.0568528
v -0.0435259 0.00808398 -0.0549598
v -0.0433166 0.00805184 -0.0549598
v -0.0410487 0.00770827 -0.0549598
v -0.0383229 0.00730627 -0.0549598
v -0.0355955 0.00691598 -0.0549598
v -0.0328653 0.00653729 -0.0549598
v -0.0301346 0.00617041 -0.0549598
v -0.0278403 0.00587141 -0.0549598
v -0.0435259 0.00808398 -0.0514658
v -0.0433166 0.00805184 -0.0514658
v -0.0410487 0.00770827 -0.0514658
v -0.0383229 0.00730627 -0.0514658
v -0.0355955 0.00691598 -0.0514658
v -0.0328653 0.00653729 -0.0514658
v -0.0301346 0.00617041 -0.0514658
v -0.0278403 0.00587141 -0.0514658
v -0.0435259 0.00808398 -0.0466768
v -0.0433166 0.00805184 -0.0466768
v -0.0410487 0.00770827 -0.0466768
v -0.0383229 0.00730627 -0.0466768
v -0.0355955 0.00691598 -0.0466768
v -0.0328653 0.00653729 -0.0466768
v -0.0301346 0.00617041 -0.0466768
v -0.0278403 0.00587141 -0.0466768
v -0.0435259 0.00808398 -0.0435018
v -0.0433166 0.00805184 -0.0435018
v -0.0410487 0.00770827 -0.0435018
v -0.0383229 0.00730627 -0.0435018
v -0.0355955 0.00691598 -0.0435018
v -0.0328653 0.00653729 -0.0435018
v -0.0301346 0.00617041 -0.0435018
v -0.0278403 0.00587141 -0.0435018
v -0.0435259 0.00808398 -0.0403268
v -0.0433166 0.00805184 -0.0403268
v -0.0410487 0.00770827 -0.0403268
v -0.0383229 0.00730627 -0.0403268
v -0.0355955 0.00691598 -0.0403268
v -0.0328653 0.00653729 -0.0403268
v -0.0301346 0.00617041 -0.0403268
v -0.0278403 0.00587141 -0.0403268
v -0.0435259 0.00808398 -0.0371518
v -0.0433166 0.00805184 -0.0371518
v -0.0410487 0.00770827 -0.0371518
v -0.0383229 0.00730627 -0.0371518
v -0.0355955 0.00691598 -0.0371518
v -0.0328653 0.00653729 -0.0371518
v -0.0301346 0.00617041 -0.0371518
v -0.0278403 0.00587141 -0.0371518
v -0.0435259 0.00808398 -0.0339768
v -0.0433166 0.00805184 -0.0339768
v -0.0410487 0.00770827 -0.0339768
v -0.0383229 0.00730627 -0.0339768
v -0.0355955 0.00691598 -0.0339768
v -0.0328653 0.00653729 -0.0339768
v -0.0301346 0.00617041 -0.0339768
v -0.0278403 0.00587141 -0.0339768
v -0.0435259 0.00808398 -0.0321188
v -0.0433166 0.00805184 -0.0321188
v -0.0410487 0.00770827 -0.0321188
v -0.0383229 0.00730627 -0.0321188
v -0.0355955 0.00691598 -0.0321188
v -0.0328653 0.00653729 -0.0321188
v -0.0301346 0.00617041 -0.0321188
v -0.0278403 0.00587141 -0.0321188
v -0.0276154 0.00584252 -0.0549598
v -0.0276154 0.00584252 -0.0568528
v -0.0276154 0.00584252 -0.0514658
v -0.0276154 0.00584252 -0.0466768
v -0.0276154 0.00584252 -0.0435018
v -0.0276154 0.00584252 -0.0403268
v -0.0276154 0.00584252 -0.0371518
v -0.0276154 0.00584252 -0.0339768
v -0.0276154 0.00584252 -0.0321188
v -0.0276154 0.00584252 -0.0570778
v -0.0433166 0.00805184 -0.00709381
v -0.0435259 0.00808398 -0.00709381
v -0.0383229 0.00730627 -0.00709381
v -0.0410487 0.00770827 -0.00709381
v -0.0355955 0.00691598 -0.00709381
v -0.0328653 0.00653729 -0.00709381
v -0.0301346 0.00617041 -0.00709381
v -0.0278403 0.00587141 -0.00709381
v -0.0433166 0.00805184 -0.00731781
v -0.0435259 0.00808398 -0.00731781
v -0.0383229 0.00730627 -0.00731781
v -0.0410487 0.00770827 -0.00731781
v -0.0355955 0.00691598 -0.00731781
v -0.0328653 0.00653729 -0.00731781
v -0.0301346 0.00617041 -0.00731781
v -0.0278403 0.00587141 -0.00731781
v -0.0433166 0.00805184 -0.00927781
v -0.0435259 0.00808398 -0.00927781
v -0.0383229 0.00730627 -0.00927781
v -0.0410487 0.00770827 -0.00927781
v -0.0355955 0.00691598 -0.00927781
v -0.0328653 0.00653729 -0.00927781
v -0.0301346 0.00617041 -0.00927781
v -0.0278403 0.00587141 -0.00927781
v -0.0433166 0.00805184 -0.0127718
v -0.0435259 0.00808398 -0.0127718
v -0.0383229 0.00730627 -0.0127718
v -0.0410487 0.00770827 -0.0127718
v -0.0355955 0.00691598 -0.0127718
v -0.0328653 0.00653729 -0.0127718
v -0.0301346 0.00617041 -0.0127718
v -0.0278403 0.00587141 -0.0127718
v -0.0433166 0.00805184 -0.0175608
v -0.0435259 0.00808398 -0.0175608
v -0.0383229 0.00730627 -0.0175608
v -0.0410487 0.00770827 -0.0175608
v -0.0355955 0.00691598 -0.0175608
v -0.0328653 0.00653729 -0.0175608
v -0.0301346 0.00617041 -0.0175608
v -0.0278403 0.00587141 -0.0175608
v -0.0433166 0.00805184 -0.0207358
v -0.0435259 0.00808398 -0.0207358
v -0.0383229 0.00730627 -0.0207358
v -0.0410487 0.00770827 -0.0207358
v -0.0355955 0.00691598 -0.0207358
v -0.0328653 0.00653729 -0.0207358
v -0.0301346 0.00617041 -0.0207358
v -0.0278403 0.00587141 -0.0207358
v -0.0433166 0.00805184 -0.0239108
v -0.0435259 0.00808398 -0.0239108
v -0.0383229 0.00730627 -0.0239108
v -0.0410487 0.00770827 -0.0239108
v -0.0355955 0.00691598 -0.0239108
v -0.0328653 0.00653729 -0.0239108
v -0.0301346 0.00617041 -0.0239108
v -0.0278403 0.00587141 -0.0239108
v -0.0433166 0.00805184 -0.0270858
v -0.0435259 0.00808398 -0.0270858
v -0.0383229 0.00730627 -0.0270858
v -0.0410487 0.00770827 -0.0270858
v -0.0355955 0.00691598 -0.0270858
v -0.0328653 0.00653729 -0.0270858
v -0.0301346 0.00617041 -0.0270858
v -0.0278403 0.00587141 -0.0270858
v -0.0433166 0.00805184 -0.0302608
v -0.0435259 0.00808398 -0.0302608
v -0.0383229 0.00730627 -0.0302608
v -0.0410487 0.00770827 -0.0302608
v -0.0355955 0.00691598 -0.0302608
v -0.0328653 0.00653729 -0.0302608
v -0.0301346 0.00617041 -0.0302608
v -0.0278403 0.00587141 -0.0302608
v -0.0276154 0.00584253 -0.00927781
v -0.0276154 0.00584253 -0.00731781
v -0.0276154 0.00584253 -0.0127718
v -0.0276154 0.00584253 -0.0175608
v -0.0276154 0.00584253 -0.0207358
v -0.0276154 0.00584253 -0.0239108
v -0.0276154 0.00584253 -0.0270858
v -0.0276154 0.00584253 -0.0302608
v -0.0276154 0.00584253 -0.00709381
v -0.0293755 0.00588097 -0.0567038
v -0.0321085 0.0062447 -0.0567038
v -0.0321085 0.0062447 -0.0549598
v -0.0293755 0.00588097 -0.0549598
v -0.0869919 0.0161127 -0.0426138
v -0.08826 0.0163994 -0.0440828
v -0.0902238 0.0168488 -0.0422358
v -0.0889557 0.0165579 -0.0407608
v -0.0728747 0.0131023 -0.0567038
v -0.0755694 0.0136514 -0.0559368
v -0.0750428 0.0135431 -0.0541108
v -0.0728718 0.0131017 -0.0549398
v 0.0174145 0.00149028 -0.0386938
v 0.0202403 0.0013354 -0.0418688
v 0.0202403 0.0013354 -0.0435018
v 0.0174145 0.00149028 -0.0403268
v 0.0535405 0.000449153 -0.0567038
v 0.0535275 0.000449153 -0.0549598
v 0.0564012 0.000449 -0.0549598
v 0.0564012 0.000449 -0.0567038
v -0.0701718 0.0125637 -0.0567038
v -0.0701718 0.0125637 -0.0549598
v -0.0674656 0.0120365 -0.0567038
v -0.0674656 0.0120365 -0.0549598
v -0.0647581 0.011521 -0.0567038
v -0.0647581 0.011521 -0.0549598
v -0.0620485 0.0110172 -0.0567038
v -0.0620485 0.0110172 -0.0549598
v -0.0593357 0.0105249 -0.0567038
v -0.0593357 0.0105249 -0.0549598
v -0.0566219 0.0100444 -0.0567038
v -0.0566219 0.0100444 -0.0549598
v -0.053906 0.00957551 -0.0567038
v -0.053906 0.00957551 -0.0549598
v -0.0511871 0.00911813 -0.0567038
v -0.0511871 0.00911813 -0.0549598
v -0.0484673 0.00867261 -0.0567038
v -0.0484673 0.00867261 -0.0549598
v -0.0457446 0.00823858 -0.0567038
v -0.0457456 0.00823873 -0.0549598
v -0.0430211 0.00781645 -0.0567038
v -0.0430211 0.00781645 -0.0549598
v -0.0402957 0.00740596 -0.0567038
v -0.0402957 0.00740596 -0.0549598
v -0.0375677 0.00700706 -0.0567038
v -0.0375677 0.00700706 -0.0549598
v -0.0348389 0.00662002 -0.0567038
v -0.0348389 0.00662002 -0.0549598
v 0.00901545 0.00202447 -0.0321188
v 0.0115418 0.00185217 -0.0321188
v 0.0117652 0.0018374 -0.0339768
v 0.00626656 0.00222329 -0.0321188
v 0.00901545 0.00202447 -0.0339768
v 0.00626656 0.00222329 -0.0339768
v 0.00351756 0.00243404 -0.0321188
v 0.00351756 0.00243404 -0.0339768
v 0.000770478 0.00265648 -0.0321188
v 0.000770478 0.00265648 -0.0339768
v -0.00197661 0.00289081 -0.0321188
v -0.00197661 0.00289081 -0.0339768
v -0.00472168 0.00313682 -0.0321188
v -0.00472168 0.00313682 -0.0339768
v -0.00746567 0.00339465 -0.0321188
v -0.00746567 0.00339465 -0.0339768
v -0.0102095 0.00366431 -0.0321188
v -0.0102095 0.00366431 -0.0339768
v -0.0129512 0.00394568 -0.0321188
v -0.0129512 0.00394568 -0.0339768
v -0.0156916 0.00423879 -0.0321188
v -0.0156916 0.00423879 -0.0339768
v -0.0184318 0.00454378 -0.0321188
v -0.0184318 0.00454378 -0.0339768
v -0.0211696 0.00486043 -0.0321188
v -0.0211696 0.00486043 -0.0339768
v -0.023907 0.00518895 -0.0321188
v -0.023907 0.00518895 -0.0339768
v -0.026642 0.00552907 -0.0321188
v -0.026642 0.00552907 -0.0339768
v -0.0293755 0.00588097 -0.0321188
v -0.0293755 0.00588097 -0.0339768
v -0.0966537 0.0183655 -0.0359288
v -0.0990161 0.0189402 -0.0321188
v -0.0968703 0.0184177 -0.0321188
v -0.0946907 0.017895 -0.0349588
v -0.0761684 0.0137751 -0.0321188
v -0.0744985 0.0134317 -0.0321188
v -0.0744985 0.0134317 -0.0366308
v -0.0761654 0.0137745 -0.0354108
v -0.0781571 0.01419 -0.0321188
v 0.0223107 0.00913342 -0.0412678
v 0.0199092 0.0106147 -0.0381428
v 0.0199092 0.0106147 -0.0366938
v 0.0223107 0.00913342 -0.0398178
v 0.0548702 0.000449 -0.0478568
v 0.0544782 0.000449 -0.0467658
v 0.0553982 0.000449 -0.0455468
v 0.0564012 0.000449 -0.0460168
v 0.0564012 0.000449 -0.0492888
v 0.0521794 0.000451488 -0.0483488
v 0.0524552 0.000450799 -0.0490528
v 0.0517467 0.000452827 -0.0501978
v 0.0520186 0.000451947 -0.0481488
v 0.0509893 0.000455889 -0.0494948
v 0.0481553 0.000475292 -0.0494948
v 0.0517747 0.000452751 -0.0480538
v 0.0510097 0.000519532 -0.0432998
v 0.053495 0.000450989 -0.0432998
v 0.053488 0.00045104 -0.0452808
v 0.0517616 0.000488219 -0.0455088
v 0.0510097 0.000519532 -0.0461378
v 0.0520375 0.000479019 -0.0475818
v 0.0517904 0.000487202 -0.0476768
v 0.0482013 0.000717518 -0.0461378
v 0.0398713 0.00207158 -0.0405048
v 0.0398713 0.00207158 -0.0377098
v 0.0426259 0.00149446 -0.0377098
v 0.0426259 0.00149446 -0.0405048
v 0.0424878 0.000551643 -0.0494948
v 0.0396554 0.000608514 -0.0494948
v 0.0396554 0.000608514 -0.0482188
v 0.0424878 0.000551643 -0.0482188
v 0.0424878 0.000551643 -0.0567038
v 0.0396554 0.000608514 -0.0567038
v 0.0396554 0.000608514 -0.0549598
v 0.0424878 0.000551643 -0.0549598
v 0.0426259 0.00149446 -0.0475168
v 0.0398713 0.00207158 -0.0475168
v 0.0398713 0.00207158 -0.0461378
v 0.0426259 0.00149446 -0.0461378
v 0.0272702 0.006487 -0.0405048
v 0.0272702 0.006487 -0.0377098
v 0.0291951 0.00560931 -0.0377098
v 0.0291951 0.00560931 -0.0405048
v 0.0283249 0.00096122 -0.0494948
v 0.0258938 0.00106302 -0.0494948
v 0.0258938 0.00106302 -0.0482188
v 0.0283249 0.00096122 -0.0482188
v 0.0283249 0.00096122 -0.0567038
v 0.0258938 0.00106302 -0.0567038
v 0.0258938 0.00106302 -0.0549598
v 0.0283249 0.00096122 -0.0549598
v 0.0291951 0.00560931 -0.0475168
v 0.0272702 0.006487 -0.0475168
v 0.0272702 0.006487 -0.0461378
v 0.0291951 0.00560931 -0.0461378
v 0.0318012 0.00454399 -0.0377098
v 0.0318012 0.00454399 -0.0405048
v 0.0344529 0.00359801 -0.0377098
v 0.0344529 0.00359801 -0.0405048
v 0.0371448 0.0027733 -0.0377098
v 0.0371448 0.0027733 -0.0405048
v 0.0510097 0.000519532 -0.0377098
v 0.0510097 0.000519532 -0.0405048
v 0.0482013 0.000717518 -0.0405048
v 0.0482013 0.000717518 -0.0377098
v 0.0454048 0.00104272 -0.0405048
v 0.0454048 0.00104272 -0.0377098
v 0.0311569 0.000854291 -0.0494948
v 0.0311569 0.000854291 -0.0482188
v 0.0339894 0.000759876 -0.0494948
v 0.0339894 0.000759876 -0.0482188
v 0.0368222 0.000677938 -0.0494948
v 0.0368222 0.000677938 -0.0482188
v 0.0453215 0.00050721 -0.0482188
v 0.0481553 0.000475292 -0.0482188
v 0.0453215 0.00050721 -0.0494948
v 0.0311569 0.000854291 -0.0567038
v 0.0311569 0.000854291 -0.0549598
v 0.0339894 0.000759876 -0.0567038
v 0.0339894 0.000759876 -0.0549598
v 0.0368222 0.000677938 -0.0567038
v 0.0368222 0.000677938 -0.0549598
v 0.0509893 0.000455889 -0.0514658
v 0.0481553 0.000475292 -0.0514658
v 0.0453215 0.00050721 -0.0514658
v 0.0424878 0.000551643 -0.0514658
v 0.0318012 0.00454399 -0.0475168
v 0.0318012 0.00454399 -0.0461378
v 0.0344529 0.00359801 -0.0475168
v 0.0344529 0.00359801 -0.0461378
v 0.0371448 0.0027733 -0.0475168
v 0.0371448 0.0027733 -0.0461378
v 0.0454048 0.00104272 -0.0461378
v 0.0482013 0.000717518 -0.0475168
v 0.0454048 0.00104272 -0.0475168
v 0.0258938 0.00106302 -0.0514658
v 0.0230667 0.00119299 -0.0514658
v 0.0230667 0.00119299 -0.0466768
v 0.0230667 0.00119299 -0.0450438
v 0.0145895 0.0016576 -0.0567038
v 0.0117652 0.0018374 -0.0567038
v 0.0117652 0.0018374 -0.0549598
v 0.0145895 0.0016576 -0.0549598
v 0.0174145 0.00149028 -0.0567038
v 0.0174145 0.00149028 -0.0549598
v 0.0175076 0.0121154 -0.0350188
v 0.0152959 0.0134974 -0.0321188
v 0.0165043 0.0127423 -0.0321188
v 0.0175076 0.0121154 -0.0335688
v 0.0247605 0.00775401 -0.0443918
v 0.0247605 0.00775401 -0.0429418
v 0.0223107 0.00913342 -0.0321188
v 0.0247605 0.00775401 -0.0321188
v 0.0247605 0.00775401 -0.0351628
v 0.0199092 0.0106147 -0.0352608
v 0.0223107 0.00913342 -0.0383858
v 0.0175076 0.0121154 -0.0321188
v 0.0272702 0.006487 -0.0321188
v 0.0272702 0.006487 -0.0349138
v 0.0593322 0.000449 -0.0492888
v 0.0622632 0.000449 -0.0492888
v 0.0622632 0.000449 -0.0514658
v 0.0593322 0.000449 -0.0514658
v 0.0593322 0.000449 -0.0460168
v 0.0622632 0.000449 -0.0460168
v 0.0622632 0.000449 -0.0377098
v 0.0622632 0.000449 -0.0405048
v 0.0593322 0.000449 -0.0405048
v 0.0593322 0.000449 -0.0377098
v 0.0699292 0.000449 -0.0486208
v 0.0699292 0.000449 -0.0514658
v 0.0681142 0.000449 -0.0514648
v 0.0681252 0.000449 -0.0486208
v 0.0699292 0.000449 -0.0460168
v 0.0681252 0.000449 -0.0460168
v 0.0699292 0.000449 -0.0377098
v 0.0699292 0.000449 -0.0405048
v 0.0681252 0.000449 -0.0405048
v 0.0681252 0.000449 -0.0377098
v 0.0651942 0.000449 -0.0486208
v 0.0651942 0.000449 -0.0514658
v 0.0593322 0.000449 -0.0567038
v 0.0593322 0.000449 -0.0549598
v 0.0651942 0.000449 -0.0460168
v 0.0651942 0.000449 -0.0405048
v 0.0651942 0.000449 -0.0377098
v 0.0564012 0.000449 -0.0405048
v 0.0564012 0.000449 -0.0377098
v -0.0321085 0.0062447 -0.0514658
v -0.0293755 0.00588097 -0.0514658
v -0.0856745 0.0158178 -0.0321188
v -0.0856676 0.0158162 -0.0359928
v -0.0876314 0.016257 -0.0321188
v -0.0744985 0.0134317 -0.0507398
v -0.0728747 0.0131023 -0.0514658
v 0.0202403 0.0013354 -0.0567038
v 0.0202403 0.0013354 -0.0549598
v 0.0535025 0.000449153 -0.0514658
v 0.0564012 0.000449 -0.0514658
v -0.0701718 0.0125637 -0.0514658
v -0.0674656 0.0120365 -0.0514658
v -0.0647581 0.011521 -0.0514658
v -0.0620485 0.0110172 -0.0514658
v -0.0593357 0.0105249 -0.0514658
v -0.0566219 0.0100444 -0.0514658
v -0.053906 0.00957551 -0.0514658
v -0.0511871 0.00911813 -0.0514658
v -0.0484673 0.00867261 -0.0514658
v -0.0457446 0.00823858 -0.0514658
v -0.0430211 0.00781645 -0.0514658
v -0.0402957 0.00740596 -0.0514658
v -0.0375677 0.00700706 -0.0514658
v -0.0348389 0.00662002 -0.0514658
v 0.00901545 0.00202447 -0.0567038
v 0.00901545 0.00202447 -0.0549598
v 0.00626656 0.00222329 -0.0567038
v 0.00626656 0.00222329 -0.0549598
v 0.00351756 0.00243404 -0.0567038
v 0.00351756 0.00243404 -0.0549598
v 0.000770481 0.00265648 -0.0567038
v 0.000770481 0.00265648 -0.0549598
v -0.00197661 0.00289081 -0.0567038
v -0.00197661 0.00289081 -0.0549598
v -0.00472168 0.00313682 -0.0567038
v -0.00472168 0.00313682 -0.0549598
v -0.00746567 0.00339465 -0.0567038
v -0.00746567 0.00339465 -0.0549598
v -0.0102095 0.00366431 -0.0567038
v -0.0102095 0.00366431 -0.0549598
v -0.0129512 0.00394568 -0.0567038
v -0.0129512 0.00394568 -0.0549598
v -0.0156916 0.00423879 -0.0567038
v -0.0156916 0.00423879 -0.0549598
v -0.0184318 0.00454378 -0.0567038
v -0.0184318 0.00454378 -0.0549598
v -0.0211696 0.00486043 -0.0567038
v -0.0211696 0.00486043 -0.0549598
v -0.023907 0.00518895 -0.0567038
v -0.023907 0.00518895 -0.0549598
v -0.026642 0.00552907 -0.0567038
v -0.026642 0.00552907 -0.0549598
v -0.0781728 0.0141933 -0.0535708
v -0.0770215 0.0139522 -0.0520358
v -0.0803947 0.0146646 -0.0514678
v -0.0791251 0.0143943 -0.0500278
v 0.0509893 0.000455889 -0.0567038
v 0.0509893 0.000455889 -0.0549598
v 0.0396554 0.000608514 -0.0514658
v 0.0283249 0.00096122 -0.0514658
v 0.0311569 0.000854291 -0.0514658
v 0.0339894 0.000759876 -0.0514658
v 0.0368222 0.000677938 -0.0514658
v 0.0481553 0.000475292 -0.0567038
v 0.0481553 0.000475292 -0.0549598
v 0.0453215 0.00050721 -0.0567038
v 0.0453215 0.00050721 -0.0549598
v 0.0230667 0.00119299 -0.0567038
v 0.0230667 0.00119299 -0.0549598
v 0.0117652 0.0018374 -0.0514658
v 0.0145895 0.0016576 -0.0514658
v 0.0174145 0.00149028 -0.0514658
v 0.0622632 0.000449 -0.0567038
v 0.0622632 0.000449 -0.0549598
v 0.0693272 0.000449 -0.0558648
v 0.0673252 0.000449 -0.0567198
v 0.0665132 0.000449 -0.0546558
v 0.0673162 0.000449 -0.0539578
v 0.0651942 0.000449 -0.0567038
v 0.0651912 0.000449 -0.0549348
v -0.082363 0.0150891 -0.0496218
v -0.0810933 0.0148145 -0.0481738
v -0.0843301 0.0155197 -0.0477758
v -0.0830612 0.0152412 -0.0463208
v -0.0862947 0.0159563 -0.0459298
v -0.0850277 0.015674 -0.0444728
v -0.0942231 0.0177839 -0.0384408
v -0.092879 0.0174666 -0.0370538
v -0.0921872 0.0173045 -0.0404288
v -0.0909171 0.0170089 -0.0389068
v -0.0798826 0.0145553 -0.0321188
v -0.0781454 0.0141875 -0.0367248
v -0.0798768 0.014554 -0.0350958
v -0.0817556 0.0149574 -0.0321188
v -0.0837152 0.0153844 -0.0321188
v -0.0817458 0.0149553 -0.0365448
v -0.0837025 0.0153816 -0.0378458
v -0.091542 0.017154 -0.0321188
v -0.0895879 0.0167025 -0.0321188
v -0.0895811 0.016701 -0.0365548
v -0.0876197 0.0162543 -0.0384078
v 0.0202403 0.0013354 -0.0514658
v 0.00901545 0.00202447 -0.0514658
v 0.00626656 0.00222329 -0.0514658
v 0.00351756 0.00243404 -0.0514658
v 0.000770478 0.00265648 -0.0514658
v -0.00197661 0.00289081 -0.0514658
v -0.00472168 0.00313682 -0.0514658
v -0.00746567 0.00339465 -0.0514658
v -0.0102095 0.00366431 -0.0514658
v -0.0129512 0.00394568 -0.0514658
v -0.0156916 0.00423879 -0.0514658
v -0.0184318 0.00454378 -0.0514658
v -0.0211696 0.00486043 -0.0514658
v -0.023907 0.00518895 -0.0514658
v -0.026642 0.00552907 -0.0514658
v 0.0699462 0.000449 -0.0537198
v 0.0679782 0.000449 -0.0529088
v -0.0321085 0.0062447 -0.0466768
v -0.0293755 0.00588097 -0.0466768
v 0.0534905 0.000449191 -0.0503768
v 0.0553982 0.000449 -0.0501598
v -0.0728747 0.0131023 -0.0466768
v -0.0701718 0.0125637 -0.0466768
v -0.0674656 0.0120365 -0.0466768
v -0.0647581 0.011521 -0.0466768
v -0.0620485 0.0110172 -0.0466768
v -0.0593357 0.0105249 -0.0466768
v -0.0566219 0.0100444 -0.0466768
v -0.053906 0.00957551 -0.0466768
v -0.0511871 0.00911813 -0.0466768
v -0.0484673 0.00867261 -0.0466768
v -0.0457446 0.00823858 -0.0466768
v -0.0430211 0.00781645 -0.0466768
v -0.0402957 0.00740596 -0.0466768
v -0.0375677 0.00700706 -0.0466768
v -0.0348389 0.00662002 -0.0466768
v 0.0117652 0.0018374 -0.0466768
v 0.0145895 0.0016576 -0.0466768
v 0.0174145 0.00149028 -0.0466768
v -0.0761449 0.0137702 -0.0493368
v -0.0781121 0.0141805 -0.0474088
v -0.0856559 0.0158136 -0.0402618
v -0.0798445 0.0145471 -0.0457558
v -0.0817243 0.0149506 -0.0439748
v -0.0836908 0.015379 -0.0421148
v -0.0744985 0.0134317 -0.0463398
v 0.0202403 0.0013354 -0.0466768
v 0.0174145 0.00149028 -0.0435018
v 0.0145895 0.0016576 -0.0355188
v 0.0145895 0.0016576 -0.0371518
v 0.0117652 0.0018374 -0.0371518
v 0.00901545 0.00202447 -0.0371518
v 0.00901545 0.00202447 -0.0466768
v 0.00626656 0.00222329 -0.0466768
v 0.00351756 0.00243404 -0.0466768
v 0.000770478 0.00265648 -0.0466768
v -0.00197661 0.00289081 -0.0466768
v -0.00472168 0.00313682 -0.0466768
v -0.00746567 0.00339465 -0.0466768
v -0.0102095 0.00366431 -0.0466768
v -0.0129512 0.00394568 -0.0466768
v -0.0156916 0.00423879 -0.0466768
v -0.0184318 0.00454378 -0.0466768
v -0.0211696 0.00486043 -0.0466768
v -0.023907 0.00518895 -0.0466768
v -0.026642 0.00552907 -0.0466768
v -0.0321085 0.0062447 -0.0435018
v -0.0293755 0.00588097 -0.0435018
v -0.0728747 0.0131023 -0.0435018
v -0.0701718 0.0125637 -0.0435018
v -0.0674656 0.0120365 -0.0435018
v -0.0647581 0.011521 -0.0435018
v -0.0620485 0.0110172 -0.0435018
v -0.0593357 0.0105249 -0.0435018
v -0.0566219 0.0100444 -0.0435018
v -0.053906 0.00957551 -0.0435018
v -0.0511871 0.00911813 -0.0435018
v -0.0484673 0.00867261 -0.0435018
v -0.0457446 0.00823858 -0.0435018
v -0.0430211 0.00781645 -0.0435018
v -0.0402957 0.00740596 -0.0435018
v -0.0375677 0.00700706 -0.0435018
v -0.0348389 0.00662002 -0.0435018
v 0.0117652 0.0018374 -0.0435018
v 0.0145895 0.0016576 -0.0435018
v 0.00901545 0.00202447 -0.0435018
v 0.00626656 0.00222329 -0.0435018
v 0.00351756 0.00243404 -0.0435018
v 0.000770478 0.00265648 -0.0435018
v -0.00197661 0.00289081 -0.0435018
v -0.00472168 0.00313682 -0.0435018
v -0.00746567 0.00339465 -0.0435018
v -0.0102095 0.00366431 -0.0435018
v -0.0129512 0.00394568 -0.0435018
v -0.0156916 0.00423879 -0.0435018
v -0.0184318 0.00454378 -0.0435018
v -0.0211696 0.00486043 -0.0435018
v -0.023907 0.00518895 -0.0435018
v -0.026642 0.00552907 -0.0435018
v -0.0321085 0.0062447 -0.0403268
v -0.0293755 0.00588097 -0.0403268
v -0.0728747 0.0131023 -0.0403268
v -0.0701718 0.0125637 -0.0403268
v -0.0674656 0.0120365 -0.0403268
v -0.0647581 0.011521 -0.0403268
v -0.0620485 0.0110172 -0.0403268
v -0.0593357 0.0105249 -0.0403268
v -0.0566219 0.0100444 -0.0403268
v -0.053906 0.00957551 -0.0403268
v -0.0511871 0.00911813 -0.0403268
v -0.0484673 0.00867261 -0.0403268
v -0.0457446 0.00823858 -0.0403268
v -0.0430211 0.00781645 -0.0403268
v -0.0402957 0.00740596 -0.0403268
v -0.0375677 0.00700706 -0.0403268
v -0.0348389 0.00662002 -0.0403268
v 0.0117652 0.0018374 -0.0403268
v 0.0145895 0.0016576 -0.0403268
v 0.00901545 0.00202447 -0.0403268
v 0.00626656 0.00222329 -0.0403268
v 0.00351756 0.00243404 -0.0403268
v 0.000770478 0.00265648 -0.0403268
v -0.00197661 0.00289081 -0.0403268
v -0.00472168 0.00313682 -0.0403268
v -0.00746567 0.00339465 -0.0403268
v -0.0102095 0.00366431 -0.0403268
v -0.0129512 0.00394568 -0.0403268
v -0.0156916 0.00423879 -0.0403268
v -0.0184318 0.00454378 -0.0403268
v -0.0211696 0.00486043 -0.0403268
v -0.023907 0.00518895 -0.0403268
v -0.026642 0.00552907 -0.0403268
v -0.0321085 0.0062447 -0.0371518
v -0.0293755 0.00588097 -0.0371518
v -0.0728747 0.0131023 -0.0371518
v -0.0701718 0.0125637 -0.0371518
v -0.0674656 0.0120365 -0.0371518
v -0.0647581 0.011521 -0.0371518
v -0.0620485 0.0110172 -0.0371518
v -0.0593357 0.0105249 -0.0371518
v -0.0566219 0.0100444 -0.0371518
v -0.053906 0.00957551 -0.0371518
v -0.0511871 0.00911813 -0.0371518
v -0.0484673 0.00867261 -0.0371518
v -0.0457446 0.00823858 -0.0371518
v -0.0430211 0.00781645 -0.0371518
v -0.0402957 0.00740596 -0.0371518
v -0.0375677 0.00700706 -0.0371518
v -0.0348389 0.00662002 -0.0371518
v 0.00626656 0.00222329 -0.0371518
v 0.00351756 0.00243404 -0.0371518
v 0.000770478 0.00265648 -0.0371518
v -0.00197661 0.00289081 -0.0371518
v -0.00472168 0.00313682 -0.0371518
v -0.00746567 0.00339465 -0.0371518
v -0.0102095 0.00366431 -0.0371518
v -0.0129512 0.00394568 -0.0371518
v -0.0156916 0.00423879 -0.0371518
v -0.0184318 0.00454378 -0.0371518
v -0.0211696 0.00486043 -0.0371518
v -0.023907 0.00518895 -0.0371518
v -0.026642 0.00552907 -0.0371518
v -0.0321085 0.0062447 -0.0339768
v -0.0728747 0.0131023 -0.0339768
v -0.0701718 0.0125637 -0.0339768
v -0.0674656 0.0120365 -0.0339768
v -0.0647581 0.011521 -0.0339768
v -0.0620485 0.0110172 -0.0339768
v -0.0593357 0.0105249 -0.0339768
v -0.0566219 0.0100444 -0.0339768
v -0.053906 0.00957551 -0.0339768
v -0.0511871 0.00911813 -0.0339768
v -0.0484673 0.00867261 -0.0339768
v -0.0457446 0.00823858 -0.0339768
v -0.0430211 0.00781645 -0.0339768
v -0.0402957 0.00740596 -0.0339768
v -0.0375677 0.00700706 -0.0339768
v -0.0348389 0.00662002 -0.0339768
v -0.0321085 0.0062447 -0.0321188
v -0.0728747 0.0131023 -0.0321188
v -0.0701718 0.0125637 -0.0321188
v -0.0674656 0.0120365 -0.0321188
v -0.0647581 0.011521 -0.0321188
v -0.0620485 0.0110172 -0.0321188
v -0.0593357 0.0105249 -0.0321188
v -0.0566219 0.0100444 -0.0321188
v -0.053906 0.00957551 -0.0321188
v -0.0511871 0.00911813 -0.0321188
v -0.0484673 0.00867261 -0.0321188
v -0.0457446 0.00823858 -0.0321188
v -0.0430211 0.00781645 -0.0321188
v -0.0402957 0.00740596 -0.0321188
v -0.0375677 0.00700706 -0.0321188
v -0.0348389 0.00662002 -0.0321188
v 0.0535197 0.000450765 -0.0377098
v 0.0535078 0.000450854 -0.0405048
v 0.0398713 0.00207158 -0.0349138
v 0.0398713 0.00207158 -0.0321188
v 0.0426259 0.00149446 -0.0321188
v 0.0426259 0.00149446 -0.0349138
v 0.0426259 0.00149446 -0.0432998
v 0.0398713 0.00207158 -0.0432998
v 0.0291951 0.00560931 -0.0321188
v 0.0291951 0.00560931 -0.0349138
v 0.0291951 0.00560931 -0.0432998
v 0.0272702 0.006487 -0.0432998
v 0.0318012 0.00454399 -0.0321188
v 0.0318012 0.00454399 -0.0349138
v 0.0318012 0.00454399 -0.0432998
v 0.0344529 0.00359801 -0.0321188
v 0.0344529 0.00359801 -0.0349138
v 0.0344529 0.00359801 -0.0432998
v 0.0371448 0.0027733 -0.0321188
v 0.0371448 0.0027733 -0.0349138
v 0.0371448 0.0027733 -0.0432998
v 0.0482013 0.000717518 -0.0432998
v 0.0482013 0.000717518 -0.0349138
v 0.0482013 0.000717518 -0.0321188
v 0.0510097 0.000519532 -0.0321188
v 0.0510097 0.000519532 -0.0349138
v 0.0454048 0.00104272 -0.0432998
v 0.0454048 0.00104272 -0.0349138
v 0.0454048 0.00104272 -0.0321188
v 0.0622632 0.000449 -0.0432998
v 0.0593322 0.000449 -0.0432998
v 0.0593322 0.000449 -0.0349138
v 0.0593322 0.000449 -0.0321188
v 0.0622632 0.000449 -0.0321188
v 0.0622632 0.000449 -0.0349138
v 0.0699292 0.000449 -0.0432998
v 0.0681252 0.000449 -0.0432998
v 0.0681252 0.000449 -0.0321188
v 0.0699292 0.000449 -0.0321188
v 0.0699292 0.000449 -0.0349138
v 0.0681252 0.000449 -0.0349138
v 0.0651942 0.000449 -0.0432998
v 0.0651942 0.000449 -0.0349138
v 0.0651942 0.000449 -0.0321188
v 0.0564012 0.000449 -0.0349138
v 0.0564012 0.000449 -0.0321188
v 0.0564012 0.000449 -0.0432998
v 0.0535445 0.000450592 -0.0321188
v 0.0535326 0.000450677 -0.0349138
v 0.053488 0.00045104 -0.0463128
v 0.0534855 0.000449191 -0.0494228
v 0.0524672 0.000467138 -0.0466808
v 0.0521913 0.000474423 -0.0473878
v 0.0544802 0.000449 -0.0489688
v -0.0761517 0.0137716 -0.0450648
v -0.0781248 0.0141832 -0.0431368
v -0.0798572 0.0145498 -0.0414848
v -0.081737 0.0149534 -0.0397058
v -0.0744985 0.0134317 -0.0429168
v -0.0761556 0.0137724 -0.0417548
v -0.0781356 0.0141854 -0.0399288
v -0.079867 0.0145519 -0.0383098
v -0.0744985 0.0134317 -0.0398068
v -0.0761605 0.0137734 -0.0385898
v 0.0247605 0.00775401 -0.0415098
v 0.0199092 0.0106147 -0.0321188
v 0.0223107 0.00913342 -0.0351858
v 0.0247605 0.00775401 -0.0383108
v 0.0117652 0.0018374 -0.0321188
v -0.0293755 0.00588097 -0.0569288
v -0.0321085 0.0062447 -0.0569288
v -0.0884032 0.016432 -0.0442528
v -0.090366 0.0168815 -0.0424058
v -0.0728747 0.0131023 -0.0569288
v -0.0756379 0.0136655 -0.0561498
v 0.0174145 0.00149028 -0.0384688
v 0.0202403 0.0013354 -0.0416438
v 0.0564012 0.000449 -0.0569288
v 0.0535415 0.000449153 -0.0569288
v -0.0701718 0.0125637 -0.0569288
v -0.0674656 0.0120365 -0.0569288
v -0.0647581 0.011521 -0.0569288
v -0.0620485 0.0110172 -0.0569288
v -0.0593357 0.0105249 -0.0569288
v -0.0566219 0.0100444 -0.0569288
v -0.053906 0.00957551 -0.0569288
v -0.0511871 0.00911813 -0.0569288
v -0.0484673 0.00867261 -0.0569288
v -0.0457446 0.00823858 -0.0569288
v -0.0430211 0.00781645 -0.0569288
v -0.0402957 0.00740596 -0.0569288
v -0.0375677 0.00700706 -0.0569288
v -0.0348389 0.00662002 -0.0569288
v -0.0968577 0.0184147 -0.0360078
v -0.0992344 0.0189939 -0.0321188
v 0.0223107 0.00913342 -0.0414918
v 0.0199092 0.0106147 -0.0383678
v 0.0547082 0.000449 -0.0478678
v 0.0543432 0.000449 -0.0469448
v 0.0522304 0.000451335 -0.0481298
v 0.0525732 0.000450531 -0.0488618
v 0.0519826 0.000452062 -0.0479708
v 0.0521555 0.000451564 -0.0479708
v 0.0521675 0.00047511 -0.0477648
v 0.0519958 0.000480332 -0.0477648
v 0.0396554 0.000608514 -0.0479938
v 0.0424878 0.000551643 -0.0479938
v 0.0424878 0.000551643 -0.0569288
v 0.0396554 0.000608514 -0.0569288
v 0.0426259 0.00149446 -0.0477418
v 0.0398713 0.00207158 -0.0477408
v 0.0258938 0.00106302 -0.0479938
v 0.0283249 0.00096122 -0.0479938
v 0.0283249 0.00096122 -0.0569288
v 0.0258938 0.00106302 -0.0569288
v 0.0291951 0.00560931 -0.0477408
v 0.0272702 0.006487 -0.0477408
v 0.0311569 0.000854291 -0.0479938
v 0.0339894 0.000759876 -0.0479938
v 0.0368222 0.000677938 -0.0479938
v 0.0453215 0.00050721 -0.0479938
v 0.0481553 0.000475292 -0.0479938
v 0.0311569 0.000854291 -0.0569288
v 0.0339894 0.000759876 -0.0569288
v 0.0368222 0.000677938 -0.0569288
v 0.0318012 0.00454399 -0.0477408
v 0.0344529 0.00359801 -0.0477408
v 0.0371448 0.0027733 -0.0477408
v 0.0482013 0.000717518 -0.0477418
v 0.0454048 0.00104272 -0.0477418
v 0.0230667 0.00119299 -0.0448188
v 0.0145895 0.0016576 -0.0569288
v 0.0117652 0.0018374 -0.0569288
v 0.0174145 0.00149028 -0.0569288
v 0.0175076 0.0121154 -0.0352428
v 0.0151059 0.0136161 -0.0321188
v 0.0247605 0.00775401 -0.0446168
v 0.0701542 0.000449 -0.0486208
v 0.0701542 0.000449 -0.0514658
v 0.0701542 0.000449 -0.0460168
v 0.0701542 0.000449 -0.0377098
v 0.0701542 0.000449 -0.0405048
v 0.0593322 0.000449 -0.0569288
v 0.0202403 0.0013354 -0.0569288
v 0.00901545 0.00202447 -0.0569288
v 0.00626656 0.00222329 -0.0569288
v 0.00351756 0.00243404 -0.0569288
v 0.000770481 0.00265648 -0.0569288
v -0.00197661 0.00289081 -0.0569288
v -0.00472168 0.00313682 -0.0569288
v -0.00746567 0.00339465 -0.0569288
v -0.0102095 0.00366431 -0.0569288
v -0.0129512 0.00394568 -0.0569288
v -0.0156916 0.00423879 -0.0569288
v -0.0184318 0.00454378 -0.0569288
v -0.0211696 0.00486043 -0.0569288
v -0.023907 0.00518895 -0.0569288
v -0.026642 0.00552907 -0.0569288
v -0.0783009 0.0142202 -0.0537538
v -0.0805403 0.0146958 -0.0516368
v 0.0509893 0.000455889 -0.0569288
v 0.0481553 0.000475292 -0.0569288
v 0.0453215 0.00050721 -0.0569288
v 0.0230667 0.00119299 -0.0569288
v 0.0622632 0.000449 -0.0569288
v 0.0694912 0.000449 -0.0560188
v 0.0674082 0.000449 -0.0569288
v 0.0651942 0.000449 -0.0569288
v -0.0825076 0.0151205 -0.0497908
v -0.0844745 0.0155516 -0.0479448
v -0.0864391 0.0159886 -0.0460988
v -0.0943777 0.0178206 -0.0385998
v -0.0923264 0.017337 -0.0406018
v 0.0701542 0.000449 -0.0538058
v 0.0145895 0.0016576 -0.0352938
v 0.0701542 0.000449 -0.0432998
v 0.0701542 0.000449 -0.0321188
v 0.0701542 0.000449 -0.0349138
v 0.053488 0.00045104 -0.0465368
v 0.0534845 0.000449191 -0.0491988
v 0.0525823 0.000464457 -0.0468728
v 0.0522409 0.000473021 -0.0476058
v 0.0543432 0.000449 -0.0487908
v -0.0969103 0.018197 -0.0360078
v -0.0992879 0.0187763 -0.0321188
v -0.0944294 0.0176027 -0.0385998
v -0.0923774 0.0171189 -0.0406018
v -0.0904163 0.0166633 -0.0424058
v -0.0884529 0.0162136 -0.0442528
v -0.086488 0.01577 -0.0460988
v -0.0845228 0.0153328 -0.0479448
v -0.0825552 0.0149016 -0.0497908
v -0.0805872 0.0144768 -0.0516368
v -0.078347 0.014001 -0.0537538
v -0.0756831 0.0134461 -0.0561498
v -0.0729189 0.0128828 -0.0569288
v -0.0702151 0.0123439 -0.0569288
v -0.067508 0.0118165 -0.0569288
v -0.0647996 0.0113009 -0.0569288
v -0.062089 0.0107969 -0.0569288
v -0.0593753 0.0103044 -0.0569288
v -0.0566605 0.00982371 -0.0569288
v -0.0539436 0.00935469 -0.0569288
v -0.0512238 0.00889715 -0.0569288
v -0.048503 0.00845148 -0.0569288
v -0.0457804 0.00801745 -0.0569288
v -0.0430549 0.00759502 -0.0569288
v -0.0403286 0.00718438 -0.0569288
v -0.0375996 0.00678534 -0.0569288
v -0.0348699 0.00639817 -0.0569288
v -0.0321385 0.00602272 -0.0569288
v -0.0294046 0.00565886 -0.0569288
v -0.0266702 0.00530684 -0.0569288
v -0.0239342 0.0049666 -0.0569288
v -0.0211958 0.00463797 -0.0569288
v -0.018457 0.0043212 -0.0569288
v -0.0157159 0.00401612 -0.0569288
v -0.0129745 0.0037229 -0.0569288
v -0.0102319 0.00344143 -0.0569288
v -0.00748711 0.00317168 -0.0569288
v -0.00474216 0.00291375 -0.0569288
v -0.00199613 0.00266766 -0.0569288
v 0.000751922 0.00243325 -0.0569288
v 0.00349996 0.00221074 -0.0569288
v 0.00624992 0.0019999 -0.0569288
v 0.00899977 0.00180102 -0.0569288
v 0.0117504 0.00161388 -0.0569288
v 0.0145757 0.00143402 -0.0569288
v 0.0174018 0.00126664 -0.0569288
v 0.0202286 0.00111171 -0.0569288
v 0.023056 0.000969249 -0.0569288
v 0.025884 0.000839235 -0.0569288
v 0.028316 0.000737399 -0.0569288
v 0.031149 0.000630432 -0.0569288
v 0.0339824 0.000535984 -0.0569288
v 0.0368162 0.000454017 -0.0569288
v 0.0396504 0.00038457 -0.0569288
v 0.0424838 0.000327679 -0.0569288
v 0.0453185 0.000283231 -0.0569288
v 0.0481533 0.000251301 -0.0569288
v 0.0509882 0.000231891 -0.0569288
v 0.0535413 0.000225153 -0.0569288
v 0.0564012 0.000225 -0.0569288
v 0.0593322 0.000225 -0.0569288
v 0.0622632 0.000225 -0.0569288
v 0.0651942 0.000225 -0.0569288
v 0.0674082 0.000225 -0.0569288
v 0.0694912 0.000225 -0.0560188
v 0.0701542 0.000225 -0.0538058
v 0.0701542 0.000225 -0.0514658
v 0.0701542 0.000225 -0.0486208
v 0.0701542 0.000225 -0.0460168
v 0.0701542 0.000225 -0.0432998
v 0.0701542 0.000225 -0.0405048
v 0.0701542 0.000225 -0.0377098
v 0.0701542 0.000225 -0.0349138
v 0.0701542 0.000225 -0.0321188
v 0.0173889 0.0119255 -0.0352428
v 0.0149872 0.0134262 -0.0321188
v 0.0197905 0.0104247 -0.0383678
v 0.0221964 0.00894078 -0.0414918
v 0.024655 0.00755639 -0.0446168
v 0.0271738 0.00628481 -0.0477408
v 0.0291057 0.00540394 -0.0477408
v 0.0317212 0.00433478 -0.0477408
v 0.0343824 0.00338538 -0.0477408
v 0.037084 0.0025577 -0.0477408
v 0.0398204 0.00185344 -0.0477408
v 0.0425849 0.00127423 -0.0477418
v 0.0453739 0.000820859 -0.0477418
v 0.0481805 0.000494487 -0.0477418
v 0.0519887 0.000256445 -0.0477648
v 0.052161 0.000251205 -0.0477648
v 0.0522347 0.000249108 -0.0476058
v 0.0525773 0.000240513 -0.0468728
v 0.0534861 0.000227051 -0.0465368
v 0.0543432 0.000225 -0.0469448
v 0.0547082 0.000225 -0.0478678
v 0.0543432 0.000225 -0.0487908
v 0.0534844 0.000225191 -0.0491988
v 0.0525727 0.000226531 -0.0488618
v 0.0522298 0.000227335 -0.0481298
v 0.0521548 0.000227565 -0.0479708
v 0.0519819 0.000228063 -0.0479708
v 0.0481533 0.000251301 -0.0479938
v 0.0453185 0.000283231 -0.0479938
v 0.0424838 0.000327679 -0.0479938
v 0.0396504 0.00038457 -0.0479938
v 0.0368162 0.000454018 -0.0479938
v 0.0339824 0.000535985 -0.0479938
v 0.031149 0.000630432 -0.0479938
v 0.028316 0.000737399 -0.0479938
v 0.025884 0.000839235 -0.0479938
v 0.023056 0.00096925 -0.0448188
v 0.0202286 0.00111171 -0.0416438
v 0.0174018 0.00126664 -0.0384688
v 0.0145757 0.00143402 -0.0352938
v 0.0117504 0.00161388 -0.0321188
v -0.0294338 0.00543577 -0.0567038
v -0.0294338 0.00543577 -0.0549598
v -0.0321687 0.00579975 -0.0549598
v -0.0321687 0.00579975 -0.0567038
v -0.0870905 0.0156747 -0.0426138
v -0.0890556 0.0161201 -0.0407608
v -0.0903237 0.016411 -0.0422358
v -0.0883594 0.0159616 -0.0440828
v -0.0729634 0.0126622 -0.0567038
v -0.0729605 0.0126616 -0.0549398
v -0.075134 0.0131035 -0.0541108
v -0.07566 0.0132116 -0.0559368
v 0.017389 0.00104201 -0.0386938
v 0.017389 0.00104201 -0.0403268
v 0.0202167 0.000887016 -0.0435018
v 0.0202167 0.000887016 -0.0418688
v 0.0535402 1.53191e-07 -0.0567038
v 0.0564012 0 -0.0567038
v 0.0564012 0 -0.0549598
v 0.0535272 1.53191e-07 -0.0549598
v -0.0702586 0.0121231 -0.0567038
v -0.0702586 0.0121231 -0.0549598
v -0.0675505 0.0115956 -0.0567038
v -0.0675505 0.0115956 -0.0549598
v -0.0648412 0.0110798 -0.0567038
v -0.0648412 0.0110798 -0.0549598
v -0.0621296 0.0105756 -0.0567038
v -0.0621296 0.0105756 -0.0549598
v -0.059415 0.0100829 -0.0567038
v -0.059415 0.0100829 -0.0549598
v -0.0566992 0.00960207 -0.0567038
v -0.0566992 0.00960207 -0.0549598
v -0.0539814 0.00913289 -0.0567038
v -0.0539814 0.00913289 -0.0549598
v -0.0512607 0.00867519 -0.0567038
v -0.0512607 0.00867519 -0.0549598
v -0.0485389 0.00822937 -0.0567038
v -0.0485389 0.00822937 -0.0549598
v -0.0458153 0.00779518 -0.0567038
v -0.0458153 0.00779518 -0.0549598
v -0.0430889 0.0073726 -0.0567038
v -0.0430889 0.0073726 -0.0549598
v -0.0403616 0.00696182 -0.0567038
v -0.0403616 0.00696182 -0.0549598
v -0.0376317 0.00656264 -0.0567038
v -0.0376317 0.00656264 -0.0549598
v -0.034901 0.00617534 -0.0567038
v -0.034901 0.00617534 -0.0549598
v 0.00898402 0.00157657 -0.0321188
v 0.0117357 0.00138937 -0.0339768
v 0.0115121 0.00140415 -0.0321188
v 0.00623321 0.00177553 -0.0321188
v 0.00623321 0.00177553 -0.0339768
v 0.00898402 0.00157657 -0.0339768
v 0.00348228 0.00198643 -0.0321188
v 0.00348228 0.00198643 -0.0339768
v 0.000733277 0.00220902 -0.0321188
v 0.000733277 0.00220902 -0.0339768
v -0.00201573 0.00244352 -0.0321188
v -0.00201573 0.00244352 -0.0339768
v -0.00476273 0.0026897 -0.0321188
v -0.00476273 0.0026897 -0.0339768
v -0.00750863 0.00294771 -0.0321188
v -0.00750863 0.00294771 -0.0339768
v -0.0102544 0.00321756 -0.0321188
v -0.0102544 0.00321756 -0.0339768
v -0.012998 0.00349912 -0.0321188
v -0.012998 0.00349912 -0.0339768
v -0.0157403 0.00379244 -0.0321188
v -0.0157403 0.00379244 -0.0339768
v -0.0184824 0.00409764 -0.0321188
v -0.0184824 0.00409764 -0.0339768
v -0.0212221 0.00441452 -0.0321188
v -0.0212221 0.00441452 -0.0339768
v -0.0239615 0.00474326 -0.0321188
v -0.0239615 0.00474326 -0.0339768
v -0.0266984 0.00508362 -0.0321188
v -0.0266984 0.00508362 -0.0339768
v -0.0294338 0.00543577 -0.0321188
v -0.0294338 0.00543577 -0.0339768
v -0.096759 0.017929 -0.0359288
v -0.0947947 0.0174582 -0.0349588
v -0.0969758 0.0179813 -0.0321188
v -0.0991231 0.0185042 -0.0321188
v -0.0762594 0.0133354 -0.0321188
v -0.0762564 0.0133348 -0.0354108
v -0.0745883 0.0129918 -0.0366308
v -0.0745883 0.0129918 -0.0321188
v -0.0782495 0.0137506 -0.0321188
v 0.0220816 0.00874727 -0.0412678
v 0.0220816 0.00874727 -0.0398178
v 0.0196713 0.0102339 -0.0366938
v 0.0196713 0.0102339 -0.0381428
v 0.0548702 0 -0.0478568
v 0.0564012 0 -0.0460168
v 0.0553982 0 -0.0455468
v 0.0544782 0 -0.0467658
v 0.0564012 0 -0.0492888
v 0.0521782 2.48936e-06 -0.0483488
v 0.0517452 3.82979e-06 -0.0501978
v 0.0524542 1.8e-06 -0.0490528
v 0.0520172 2.94893e-06 -0.0481488
v 0.0517732 3.75319e-06 -0.0480538
v 0.0481513 2.63106e-05 -0.0494948
v 0.0509872 6.89361e-06 -0.0494948
v 0.0509883 7.10428e-05 -0.0432998
v 0.0517457 3.9503e-05 -0.0455088
v 0.0534842 2.0575e-06 -0.0452808
v 0.0534912 2.00536e-06 -0.0432998
v 0.0509883 7.10428e-05 -0.0461378
v 0.0481596 0.000270461 -0.0461378
v 0.0517746 3.84787e-05 -0.0476768
v 0.0520235 3.02362e-05 -0.0475818
v 0.0397693 0.00163432 -0.0405048
v 0.0425438 0.00105302 -0.0405048
v 0.0425438 0.00105302 -0.0377098
v 0.0397693 0.00163432 -0.0377098
v 0.0424798 0.000102715 -0.0494948
v 0.0424798 0.000102715 -0.0482188
v 0.0396454 0.000159625 -0.0482188
v 0.0396454 0.000159625 -0.0494948
v 0.0424798 0.000102715 -0.0567038
v 0.0424798 0.000102715 -0.0549598
v 0.0396454 0.000159625 -0.0549598
v 0.0396454 0.000159625 -0.0567038
v 0.0425438 0.00105302 -0.0475168
v 0.0425438 0.00105302 -0.0461378
v 0.0397693 0.00163432 -0.0461378
v 0.0397693 0.00163432 -0.0475168
v 0.027077 0.0060817 -0.0405048
v 0.0290159 0.00519765 -0.0405048
v 0.0290159 0.00519765 -0.0377098
v 0.027077 0.0060817 -0.0377098
v 0.028307 0.000512578 -0.0494948
v 0.028307 0.000512578 -0.0482188
v 0.0258741 0.000614451 -0.0482188
v 0.0258741 0.000614451 -0.0494948
v 0.028307 0.000512578 -0.0567038
v 0.028307 0.000512578 -0.0549598
v 0.0258741 0.000614451 -0.0549598
v 0.0258741 0.000614451 -0.0567038
v 0.0290159 0.00519765 -0.0475168
v 0.0290159 0.00519765 -0.0461378
v 0.027077 0.0060817 -0.0461378
v 0.027077 0.0060817 -0.0475168
v 0.0316408 0.00412463 -0.0405048
v 0.0316408 0.00412463 -0.0377098
v 0.0343117 0.0031718 -0.0405048
v 0.0343117 0.0031718 -0.0377098
v 0.037023 0.00234113 -0.0405048
v 0.037023 0.00234113 -0.0377098
v 0.0509883 7.10428e-05 -0.0377098
v 0.0481596 0.000270461 -0.0377098
v 0.0481596 0.000270461 -0.0405048
v 0.0509883 7.10428e-05 -0.0405048
v 0.0453428 0.000598012 -0.0377098
v 0.0453428 0.000598012 -0.0405048
v 0.031141 0.000405574 -0.0494948
v 0.031141 0.000405574 -0.0482188
v 0.0339754 0.000311093 -0.0494948
v 0.0339754 0.000311093 -0.0482188
v 0.0368102 0.000229098 -0.0494948
v 0.0368102 0.000229098 -0.0482188
v 0.0453155 5.8251e-05 -0.0482188
v 0.0453155 5.8251e-05 -0.0494948
v 0.0481513 2.63106e-05 -0.0482188
v 0.031141 0.000405574 -0.0567038
v 0.031141 0.000405574 -0.0549598
v 0.0339754 0.000311093 -0.0567038
v 0.0339754 0.000311093 -0.0549598
v 0.0368102 0.000229098 -0.0567038
v 0.0368102 0.000229098 -0.0549598
v 0.0481513 2.63106e-05 -0.0514658
v 0.0509872 6.89361e-06 -0.0514658
v 0.0453155 5.8251e-05 -0.0514658
v 0.0424798 0.000102715 -0.0514658
v 0.0316408 0.00412463 -0.0475168
v 0.0316408 0.00412463 -0.0461378
v 0.0343117 0.0031718 -0.0475168
v 0.0343117 0.0031718 -0.0461378
v 0.037023 0.00234113 -0.0475168
v 0.037023 0.00234113 -0.0461378
v 0.0453428 0.000598012 -0.0461378
v 0.0453428 0.000598012 -0.0475168
v 0.0481596 0.000270461 -0.0475168
v 0.0230451 0.00074451 -0.0466768
v 0.0230451 0.00074451 -0.0514658
v 0.0258741 0.000614451 -0.0514658
v 0.0230451 0.00074451 -0.0450438
v 0.0145619 0.00120945 -0.0567038
v 0.0145619 0.00120945 -0.0549598
v 0.0117357 0.00138937 -0.0549598
v 0.0117357 0.00138937 -0.0567038
v 0.017389 0.00104201 -0.0567038
v 0.017389 0.00104201 -0.0549598
v 0.0172696 0.0117346 -0.0350188
v 0.0172696 0.0117346 -0.0335688
v 0.0162664 0.0123615 -0.0321188
v 0.0150579 0.0131167 -0.0321188
v 0.0245491 0.00735788 -0.0429418
v 0.0245491 0.00735788 -0.0443918
v 0.0220816 0.00874727 -0.0321188
v 0.0245491 0.00735788 -0.0351628
v 0.0245491 0.00735788 -0.0321188
v 0.0220816 0.00874727 -0.0383858
v 0.0196713 0.0102339 -0.0352608
v 0.0172696 0.0117346 -0.0321188
v 0.027077 0.0060817 -0.0349138
v 0.027077 0.0060817 -0.0321188
v 0.0593322 0 -0.0492888
v 0.0593322 0 -0.0514658
v 0.0622632 0 -0.0514658
v 0.0622632 0 -0.0492888
v 0.0593322 0 -0.0460168
v 0.0622632 0 -0.0460168
v 0.0622632 0 -0.0377098
v 0.0593322 0 -0.0377098
v 0.0593322 0 -0.0405048
v 0.0622632 0 -0.0405048
v 0.0699292 0 -0.0486208
v 0.0681252 0 -0.0486208
v 0.0681142 0 -0.0514648
v 0.0699292 0 -0.0514658
v 0.0699292 0 -0.0460168
v 0.0681252 0 -0.0460168
v 0.0699292 0 -0.0377098
v 0.0681252 0 -0.0377098
v 0.0681252 0 -0.0405048
v 0.0699292 0 -0.0405048
v 0.0651942 0 -0.0486208
v 0.0651942 0 -0.0514658
v 0.0593322 0 -0.0567038
v 0.0593322 0 -0.0549598
v 0.0651942 0 -0.0460168
v 0.0651942 0 -0.0377098
v 0.0651942 0 -0.0405048
v 0.0564012 0 -0.0405048
v 0.0564012 0 -0.0377098
v -0.0294338 0.00543577 -0.0514658
v -0.0321687 0.00579975 -0.0514658
v -0.0857721 0.0153795 -0.0321188
v -0.0877304 0.015819 -0.0321188
v -0.0857653 0.015378 -0.0359928
v -0.0729634 0.0126622 -0.0514658
v -0.0745883 0.0129918 -0.0507398
v 0.0202167 0.000887017 -0.0567038
v 0.0202167 0.000887017 -0.0549598
v 0.0564012 0 -0.0514658
v 0.0535022 1.53191e-07 -0.0514658
v -0.0702586 0.0121231 -0.0514658
v -0.0675505 0.0115956 -0.0514658
v -0.0648412 0.0110798 -0.0514658
v -0.0621296 0.0105756 -0.0514658
v -0.059415 0.0100829 -0.0514658
v -0.0566992 0.00960207 -0.0514658
v -0.0539814 0.00913289 -0.0514658
v -0.0512607 0.00867519 -0.0514658
v -0.0485389 0.00822937 -0.0514658
v -0.0458153 0.00779518 -0.0514658
v -0.0430889 0.0073726 -0.0514658
v -0.0403616 0.00696182 -0.0514658
v -0.0376317 0.00656264 -0.0514658
v -0.034901 0.00617534 -0.0514658
v 0.00898402 0.00157657 -0.0549598
v 0.00898402 0.00157657 -0.0567038
v 0.00623321 0.00177553 -0.0549598
v 0.00623321 0.00177553 -0.0567038
v 0.00348228 0.00198643 -0.0549598
v 0.00348228 0.00198643 -0.0567038
v 0.00073328 0.00220902 -0.0549598
v 0.00073328 0.00220902 -0.0567038
v -0.00201573 0.00244352 -0.0549598
v -0.00201573 0.00244352 -0.0567038
v -0.00476273 0.0026897 -0.0549598
v -0.00476273 0.0026897 -0.0567038
v -0.00750863 0.00294771 -0.0549598
v -0.00750863 0.00294771 -0.0567038
v -0.0102544 0.00321756 -0.0549598
v -0.0102544 0.00321756 -0.0567038
v -0.012998 0.00349912 -0.0549598
v -0.012998 0.00349912 -0.0567038
v -0.0157403 0.00379244 -0.0549598
v -0.0157403 0.00379244 -0.0567038
v -0.0184824 0.00409764 -0.0549598
v -0.0184824 0.00409764 -0.0567038
v -0.0212221 0.00441452 -0.0549598
v -0.0212221 0.00441452 -0.0567038
v -0.0239615 0.00474326 -0.0549598
v -0.0239615 0.00474326 -0.0567038
v -0.0266984 0.00508362 -0.0549598
v -0.0266984 0.00508362 -0.0567038
v -0.0771131 0.0135127 -0.0520358
v -0.0782652 0.0137539 -0.0535708
v -0.0792181 0.013955 -0.0500278
v -0.0804887 0.0142256 -0.0514678
v 0.0509872 6.89361e-06 -0.0549598
v 0.0509872 6.89361e-06 -0.0567038
v 0.0396454 0.000159625 -0.0514658
v 0.028307 0.000512578 -0.0514658
v 0.031141 0.000405574 -0.0514658
v 0.0339754 0.000311093 -0.0514658
v 0.0368102 0.000229098 -0.0514658
v 0.0481513 2.63106e-05 -0.0549598
v 0.0481513 2.63106e-05 -0.0567038
v 0.0453155 5.8251e-05 -0.0549598
v 0.0453155 5.8251e-05 -0.0567038
v 0.0230451 0.00074451 -0.0549598
v 0.0230451 0.00074451 -0.0567038
v 0.0145619 0.00120945 -0.0514658
v 0.0117357 0.00138937 -0.0514658
v 0.017389 0.00104201 -0.0514658
v 0.0622632 0 -0.0567038
v 0.0622632 0 -0.0549598
v 0.0693272 0 -0.0558648
v 0.0673162 0 -0.0539578
v 0.0665132 0 -0.0546558
v 0.0673252 0 -0.0567198
v 0.0651942 0 -0.0567038
v 0.0651912 0 -0.0549348
v -0.0811877 0.0143756 -0.0481738
v -0.0824584 0.0146503 -0.0496218
v -0.083157 0.0148025 -0.0463208
v -0.0844268 0.0150812 -0.0477758
v -0.0851249 0.0152356 -0.0444728
v -0.0863928 0.0155181 -0.0459298
v -0.0943267 0.017347 -0.0384408
v -0.0929817 0.0170295 -0.0370538
v -0.0922894 0.0168673 -0.0404288
v -0.0910184 0.0165715 -0.0389068
v -0.0799762 0.0141161 -0.0321188
v -0.0799704 0.0141149 -0.0350958
v -0.0782378 0.0137481 -0.0367248
v -0.0818505 0.0145185 -0.0321188
v -0.0838115 0.0149458 -0.0321188
v -0.0818407 0.0145164 -0.0365448
v -0.0837988 0.0149431 -0.0378458
v -0.0916437 0.0167167 -0.0321188
v -0.0896814 0.0162633 -0.0365548
v -0.0896883 0.0162649 -0.0321188
v -0.0877187 0.0158164 -0.0384078
v 0.0202167 0.000887017 -0.0514658
v 0.00898402 0.00157657 -0.0514658
v 0.00623321 0.00177553 -0.0514658
v 0.00348228 0.00198643 -0.0514658
v 0.000733277 0.00220902 -0.0514658
v -0.00201573 0.00244352 -0.0514658
v -0.00476273 0.0026897 -0.0514658
v -0.00750863 0.00294771 -0.0514658
v -0.0102544 0.00321756 -0.0514658
v -0.012998 0.00349912 -0.0514658
v -0.0157403 0.00379244 -0.0514658
v -0.0184824 0.00409764 -0.0514658
v -0.0212221 0.00441452 -0.0514658
v -0.0239615 0.00474326 -0.0514658
v -0.0266984 0.00508362 -0.0514658
v 0.0679782 0 -0.0529088
v 0.0699462 0 -0.0537198
v -0.0294338 0.00543577 -0.0466768
v -0.0321687 0.00579975 -0.0466768
v 0.0553982 0 -0.0501598
v 0.0534902 1.91489e-07 -0.0503768
v -0.0702586 0.0121231 -0.0466768
v -0.0729634 0.0126622 -0.0466768
v -0.0675505 0.0115956 -0.0466768
v -0.0648412 0.0110798 -0.0466768
v -0.0621296 0.0105756 -0.0466768
v -0.059415 0.0100829 -0.0466768
v -0.0566992 0.00960207 -0.0466768
v -0.0539814 0.00913289 -0.0466768
v -0.0512607 0.00867519 -0.0466768
v -0.0485389 0.00822937 -0.0466768
v -0.0458153 0.00779518 -0.0466768
v -0.0430889 0.0073726 -0.0466768
v -0.0403616 0.00696182 -0.0466768
v -0.0376317 0.00656264 -0.0466768
v -0.034901 0.00617534 -0.0466768
v 0.0145619 0.00120945 -0.0466768
v 0.0117357 0.00138937 -0.0466768
v 0.017389 0.00104201 -0.0466768
v -0.0762358 0.0133305 -0.0493368
v -0.0782045 0.0137411 -0.0474088
v -0.0857536 0.0153754 -0.0402618
v -0.0799381 0.014108 -0.0457558
v -0.0818192 0.0145118 -0.0439748
v -0.0837871 0.0149405 -0.0421148
v -0.0745883 0.0129918 -0.0463398
v 0.017389 0.00104201 -0.0435018
v 0.0202167 0.000887016 -0.0466768
v 0.0145619 0.00120945 -0.0371518
v 0.0145619 0.00120945 -0.0355188
v 0.00898402 0.00157657 -0.0371518
v 0.0117357 0.00138937 -0.0371518
v 0.00898402 0.00157657 -0.0466768
v 0.00623321 0.00177553 -0.0466768
v 0.00348228 0.00198643 -0.0466768
v 0.000733277 0.00220902 -0.0466768
v -0.00201573 0.00244352 -0.0466768
v -0.00476273 0.0026897 -0.0466768
v -0.00750863 0.00294771 -0.0466768
v -0.0102544 0.00321756 -0.0466768
v -0.012998 0.00349912 -0.0466768
v -0.0157403 0.00379244 -0.0466768
v -0.0184824 0.00409764 -0.0466768
v -0.0212221 0.00441452 -0.0466768
v -0.0239615 0.00474326 -0.0466768
v -0.0266984 0.00508362 -0.0466768
v -0.0294338 0.00543577 -0.0435018
v -0.0321687 0.00579975 -0.0435018
v -0.0702586 0.0121231 -0.0435018
v -0.0729634 0.0126622 -0.0435018
v -0.0675505 0.0115956 -0.0435018
v -0.0648412 0.0110798 -0.0435018
v -0.0621296 0.0105756 -0.0435018
v -0.059415 0.0100829 -0.0435018
v -0.0566992 0.00960207 -0.0435018
v -0.0539814 0.00913289 -0.0435018
v -0.0512607 0.00867519 -0.0435018
v -0.0485389 0.00822937 -0.0435018
v -0.0458153 0.00779518 -0.0435018
v -0.0430889 0.0073726 -0.0435018
v -0.0403616 0.00696182 -0.0435018
v -0.0376317 0.00656264 -0.0435018
v -0.034901 0.00617534 -0.0435018
v 0.0145619 0.00120945 -0.0435018
v 0.0117357 0.00138937 -0.0435018
v 0.00898402 0.00157657 -0.0435018
v 0.00623321 0.00177553 -0.0435018
v 0.00348228 0.00198643 -0.0435018
v 0.000733277 0.00220902 -0.0435018
v -0.00201573 0.00244352 -0.0435018
v -0.00476273 0.0026897 -0.0435018
v -0.00750863 0.00294771 -0.0435018
v -0.0102544 0.00321756 -0.0435018
v -0.012998 0.00349912 -0.0435018
v -0.0157403 0.00379244 -0.0435018
v -0.0184824 0.00409764 -0.0435018
v -0.0212221 0.00441452 -0.0435018
v -0.0239615 0.00474326 -0.0435018
v -0.0266984 0.00508362 -0.0435018
v -0.0294338 0.00543577 -0.0403268
v -0.0321687 0.00579975 -0.0403268
v -0.0702586 0.0121231 -0.0403268
v -0.0729634 0.0126622 -0.0403268
v -0.0675505 0.0115956 -0.0403268
v -0.0648412 0.0110798 -0.0403268
v -0.0621296 0.0105756 -0.0403268
v -0.059415 0.0100829 -0.0403268
v -0.0566992 0.00960207 -0.0403268
v -0.0539814 0.00913289 -0.0403268
v -0.0512607 0.00867519 -0.0403268
v -0.0485389 0.00822937 -0.0403268
v -0.0458153 0.00779518 -0.0403268
v -0.0430889 0.0073726 -0.0403268
v -0.0403616 0.00696182 -0.0403268
v -0.0376317 0.00656264 -0.0403268
v -0.034901 0.00617534 -0.0403268
v 0.0145619 0.00120945 -0.0403268
v 0.0117357 0.00138937 -0.0403268
v 0.00898402 0.00157657 -0.0403268
v 0.00623321 0.00177553 -0.0403268
v 0.00348228 0.00198643 -0.0403268
v 0.000733277 0.00220902 -0.0403268
v -0.00201573 0.00244352 -0.0403268
v -0.00476273 0.0026897 -0.0403268
v -0.00750863 0.00294771 -0.0403268
v -0.0102544 0.00321756 -0.0403268
v -0.012998 0.00349912 -0.0403268
v -0.0157403 0.00379244 -0.0403268
v -0.0184824 0.00409764 -0.0403268
v -0.0212221 0.00441452 -0.0403268
v -0.0239615 0.00474326 -0.0403268
v -0.0266984 0.00508362 -0.0403268
v -0.0294338 0.00543577 -0.0371518
v -0.0321687 0.00579975 -0.0371518
v -0.0702586 0.0121231 -0.0371518
v -0.0729634 0.0126622 -0.0371518
v -0.0675505 0.0115956 -0.0371518
v -0.0648412 0.0110798 -0.0371518
v -0.0621296 0.0105756 -0.0371518
v -0.059415 0.0100829 -0.0371518
v -0.0566992 0.00960207 -0.0371518
v -0.0539814 0.00913289 -0.0371518
v -0.0512607 0.00867519 -0.0371518
v -0.0485389 0.00822937 -0.0371518
v -0.0458153 0.00779518 -0.0371518
v -0.0430889 0.0073726 -0.0371518
v -0.0403616 0.00696182 -0.0371518
v -0.0376317 0.00656264 -0.0371518
v -0.034901 0.00617534 -0.0371518
v 0.00623321 0.00177553 -0.0371518
v 0.00348228 0.00198643 -0.0371518
v 0.000733277 0.00220902 -0.0371518
v -0.00201573 0.00244352 -0.0371518
v -0.00476273 0.0026897 -0.0371518
v -0.00750863 0.00294771 -0.0371518
v -0.0102544 0.00321756 -0.0371518
v -0.012998 0.00349912 -0.0371518
v -0.0157403 0.00379244 -0.0371518
v -0.0184824 0.00409764 -0.0371518
v -0.0212221 0.00441452 -0.0371518
v -0.0239615 0.00474326 -0.0371518
v -0.0266984 0.00508362 -0.0371518
v -0.0321687 0.00579975 -0.0339768
v -0.0702586 0.0121231 -0.0339768
v -0.0729634 0.0126622 -0.0339768
v -0.0675505 0.0115956 -0.0339768
v -0.0648412 0.0110798 -0.0339768
v -0.0621296 0.0105756 -0.0339768
v -0.059415 0.0100829 -0.0339768
v -0.0566992 0.00960207 -0.0339768
v -0.0539814 0.00913289 -0.0339768
v -0.0512607 0.00867519 -0.0339768
v -0.0485389 0.00822936 -0.0339768
v -0.0458153 0.00779518 -0.0339768
v -0.0430889 0.0073726 -0.0339768
v -0.0403616 0.00696182 -0.0339768
v -0.0376317 0.00656264 -0.0339768
v -0.034901 0.00617534 -0.0339768
v -0.0321687 0.00579975 -0.0321188
v -0.0702586 0.0121231 -0.0321188
v -0.0729634 0.0126622 -0.0321188
v -0.0675505 0.0115956 -0.0321188
v -0.0648412 0.0110798 -0.0321188
v -0.0621296 0.0105756 -0.0321188
v -0.059415 0.0100829 -0.0321188
v -0.0566992 0.00960207 -0.0321188
v -0.0539814 0.00913289 -0.0321188
v -0.0512607 0.00867519 -0.0321188
v -0.0485389 0.00822936 -0.0321188
v -0.0458153 0.00779518 -0.0321188
v -0.0430889 0.0073726 -0.0321188
v -0.0403616 0.00696182 -0.0321188
v -0.0376317 0.00656264 -0.0321188
v -0.034901 0.00617534 -0.0321188
v 0.0535042 1.87022e-06 -0.0405048
v 0.0535162 1.78083e-06 -0.0377098
v 0.0397693 0.00163432 -0.0349138
v 0.0425438 0.00105302 -0.0349138
v 0.0425438 0.00105302 -0.0321188
v 0.0397693 0.00163432 -0.0321188
v 0.0425438 0.00105302 -0.0432998
v 0.0397693 0.00163432 -0.0432998
v 0.0290159 0.00519765 -0.0349138
v 0.0290159 0.00519765 -0.0321188
v 0.0290159 0.00519765 -0.0432998
v 0.027077 0.0060817 -0.0432998
v 0.0316408 0.00412463 -0.0349138
v 0.0316408 0.00412463 -0.0321188
v 0.0316408 0.00412463 -0.0432998
v 0.0343117 0.0031718 -0.0349138
v 0.0343117 0.0031718 -0.0321188
v 0.0343117 0.0031718 -0.0432998
v 0.037023 0.00234113 -0.0349138
v 0.037023 0.00234113 -0.0321188
v 0.037023 0.00234113 -0.0432998
v 0.0481596 0.000270461 -0.0432998
v 0.0481596 0.000270461 -0.0349138
v 0.0509883 7.10428e-05 -0.0349138
v 0.0509883 7.10428e-05 -0.0321188
v 0.0481596 0.000270461 -0.0321188
v 0.0453428 0.000598012 -0.0432998
v 0.0453428 0.000598012 -0.0349138
v 0.0453428 0.000598012 -0.0321188
v 0.0622632 0 -0.0432998
v 0.0593322 0 -0.0432998
v 0.0593322 0 -0.0349138
v 0.0622632 0 -0.0349138
v 0.0622632 0 -0.0321188
v 0.0593322 0 -0.0321188
v 0.0699292 0 -0.0432998
v 0.0681252 0 -0.0432998
v 0.0681252 0 -0.0321188
v 0.0681252 0 -0.0349138
v 0.0699292 0 -0.0349138
v 0.0699292 0 -0.0321188
v 0.0651942 0 -0.0432998
v 0.0651942 0 -0.0349138
v 0.0651942 0 -0.0321188
v 0.0564012 0 -0.0349138
v 0.0564012 0 -0.0321188
v 0.0564012 0 -0.0432998
v 0.0535292 1.68772e-06 -0.0349138
v 0.0535412 1.60578e-06 -0.0321188
v 0.0534842 2.0575e-06 -0.0463128
v 0.0534852 1.91489e-07 -0.0494228
v 0.0524563 1.82691e-05 -0.0466808
v 0.0521784 2.56065e-05 -0.0473878
v 0.0544802 0 -0.0489688
v -0.0762427 0.0133319 -0.0450648
v -0.0782172 0.0137438 -0.0431368
v -0.0799508 0.0141107 -0.0414848
v -0.0818319 0.0145145 -0.0397058
v -0.0745883 0.0129918 -0.0429168
v -0.0762466 0.0133327 -0.0417548
v -0.078228 0.013746 -0.0399288
v -0.0799606 0.0141128 -0.0383098
v -0.0745883 0.0129918 -0.0398068
v -0.0762515 0.0133337 -0.0385898
v 0.0245491 0.00735788 -0.0415098
v 0.0220816 0.00874727 -0.0351858
v 0.0196713 0.0102339 -0.0321188
v 0.0245491 0.00735788 -0.0383108
v 0.0117357 0.00138937 -0.0321188
v -0.0321687 0.00579975 -0.0569288
v -0.0294338 0.00543577 -0.0569288
v -0.0904669 0.016444 -0.0424058
v -0.0885028 0.0159942 -0.0442528
v -0.0757286 0.0132257 -0.0561498
v -0.0729634 0.0126622 -0.0569288
v 0.0202167 0.000887016 -0.0416438
v 0.017389 0.00104201 -0.0384688
v 0.0535412 1.53191e-07 -0.0569288
v 0.0564012 0 -0.0569288
v -0.0702586 0.0121231 -0.0569288
v -0.0675505 0.0115956 -0.0569288
v -0.0648412 0.0110798 -0.0569288
v -0.0621296 0.0105756 -0.0569288
v -0.059415 0.0100829 -0.0569288
v -0.0566992 0.00960207 -0.0569288
v -0.0539814 0.00913289 -0.0569288
v -0.0512607 0.00867519 -0.0569288
v -0.0485389 0.00822937 -0.0569288
v -0.0458153 0.00779518 -0.0569288
v -0.0430889 0.0073726 -0.0569288
v -0.0403616 0.00696182 -0.0569288
v -0.0376317 0.00656264 -0.0569288
v -0.034901 0.00617534 -0.0569288
v -0.0993416 0.0185578 -0.0321188
v -0.0969632 0.0179783 -0.0360078
v 0.0196713 0.0102339 -0.0383678
v 0.0220816 0.00874727 -0.0414918
v 0.0543432 0 -0.0469448
v 0.0547082 0 -0.0478678
v 0.0525722 1.53191e-06 -0.0488618
v 0.0522292 2.33617e-06 -0.0481298
v 0.0521542 2.56596e-06 -0.0479708
v 0.0519812 3.06383e-06 -0.0479708
v 0.0519815 3.15584e-05 -0.0477648
v 0.0521544 2.62993e-05 -0.0477648
v 0.0424798 0.000102715 -0.0479938
v 0.0396454 0.000159625 -0.0479938
v 0.0396454 0.000159625 -0.0569288
v 0.0424798 0.000102715 -0.0569288
v 0.0397693 0.00163432 -0.0477408
v 0.0425438 0.00105302 -0.0477418
v 0.028307 0.000512578 -0.0479938
v 0.0258741 0.000614451 -0.0479938
v 0.0258741 0.000614451 -0.0569288
v 0.028307 0.000512578 -0.0569288
v 0.027077 0.0060817 -0.0477408
v 0.0290159 0.00519765 -0.0477408
v 0.031141 0.000405574 -0.0479938
v 0.0339754 0.000311093 -0.0479938
v 0.0368102 0.000229098 -0.0479938
v 0.0481513 2.63106e-05 -0.0479938
v 0.0453155 5.8251e-05 -0.0479938
v 0.031141 0.000405574 -0.0569288
v 0.0339754 0.000311093 -0.0569288
v 0.0368102 0.000229098 -0.0569288
v 0.0316408 0.00412463 -0.0477408
v 0.0343117 0.0031718 -0.0477408
v 0.037023 0.00234113 -0.0477408
v 0.0453428 0.000598012 -0.0477418
v 0.0481596 0.000270461 -0.0477418
v 0.0230451 0.00074451 -0.0448188
v 0.0117357 0.00138937 -0.0569288
v 0.0145619 0.00120945 -0.0569288
v 0.017389 0.00104201 -0.0569288
v 0.014868 0.0132354 -0.0321188
v 0.0172696 0.0117346 -0.0352428
v 0.0245491 0.00735788 -0.0446168
v 0.0701542 0 -0.0514658
v 0.0701542 0 -0.0486208
v 0.0701542 0 -0.0460168
v 0.0701542 0 -0.0405048
v 0.0701542 0 -0.0377098
v 0.0593322 0 -0.0569288
v 0.0202167 0.000887017 -0.0569288
v 0.00898402 0.00157657 -0.0569288
v 0.00623321 0.00177553 -0.0569288
v 0.00348228 0.00198643 -0.0569288
v 0.00073328 0.00220902 -0.0569288
v -0.00201573 0.00244352 -0.0569288
v -0.00476273 0.0026897 -0.0569288
v -0.00750863 0.00294771 -0.0569288
v -0.0102544 0.00321756 -0.0569288
v -0.012998 0.00349912 -0.0569288
v -0.0157403 0.00379244 -0.0569288
v -0.0184824 0.00409764 -0.0569288
v -0.0212221 0.00441452 -0.0569288
v -0.0239615 0.00474326 -0.0569288
v -0.0266984 0.00508362 -0.0569288
v -0.0783933 0.0137808 -0.0537538
v -0.0806344 0.0142568 -0.0516368
v 0.0509872 6.89361e-06 -0.0569288
v 0.0481513 2.63106e-05 -0.0569288
v 0.0453155 5.8251e-05 -0.0569288
v 0.0230451 0.00074451 -0.0569288
v 0.0622632 0 -0.0569288
v 0.0674082 0 -0.0569288
v 0.0694912 0 -0.0560188
v 0.0651942 0 -0.0569288
v -0.082603 0.0146817 -0.0497908
v -0.0845713 0.0151131 -0.0479448
v -0.0865372 0.0155505 -0.0460988
v -0.0944814 0.0173837 -0.0385998
v -0.0924287 0.0168998 -0.0406018
v 0.0701542 0 -0.0538058
v 0.0145619 0.00120945 -0.0352938
v 0.0701542 0 -0.0432998
v 0.0701542 0 -0.0349138
v 0.0701542 0 -0.0321188
v 0.0534842 2.0575e-06 -0.0465368
v 0.0534842 1.91489e-07 -0.0491988
v 0.0525723 1.55688e-05 -0.0468728
v 0.0522284 2.41949e-05 -0.0476058
v 0.0543432 0 -0.0487908
v -0.0293755 0.00588097 -0.00753381
v -0.0293755 0.00588097 -0.00927781
v -0.0321085 0.0062447 -0.00927781
v -0.0321085 0.0062447 -0.00753381
v -0.0869919 0.0161127 -0.0216238
v -0.0889557 0.0165579 -0.0234768
v -0.0902238 0.0168488 -0.0220018
v -0.08826 0.0163994 -0.0201548
v -0.0728747 0.0131023 -0.00753381
v -0.0728718 0.0131017 -0.00929781
v -0.0750428 0.0135431 -0.0101268
v -0.0755694 0.0136514 -0.00830081
v 0.0174145 0.00149028 -0.0255438
v 0.0174145 0.00149028 -0.0239108
v 0.0202403 0.0013354 -0.0207358
v 0.0202403 0.0013354 -0.0223688
v 0.0535405 0.000449153 -0.00753381
v 0.0564012 0.000449 -0.00753381
v 0.0564012 0.000449 -0.00927781
v 0.0535275 0.000449153 -0.00927781
v -0.0701718 0.0125637 -0.00753381
v -0.0701718 0.0125637 -0.00927781
v -0.0674656 0.0120365 -0.00753381
v -0.0674656 0.0120365 -0.00927781
v -0.0647581 0.011521 -0.00753381
v -0.0647581 0.011521 -0.00927781
v -0.0620485 0.0110172 -0.00753381
v -0.0620485 0.0110172 -0.00927781
v -0.0593357 0.0105249 -0.00753381
v -0.0593357 0.0105249 -0.00927781
v -0.0566219 0.0100444 -0.00753381
v -0.0566219 0.0100444 -0.00927781
v -0.053906 0.00957551 -0.00753381
v -0.053906 0.00957551 -0.00927781
v -0.0511871 0.00911813 -0.00753381
v -0.0511871 0.00911813 -0.00927781
v -0.0484673 0.00867261 -0.00753381
v -0.0484673 0.00867261 -0.00927781
v -0.0457446 0.00823858 -0.00753381
v -0.0457456 0.00823874 -0.00927781
v -0.0430211 0.00781645 -0.00753381
v -0.0430211 0.00781645 -0.00927781
v -0.0402957 0.00740596 -0.00753381
v -0.0402957 0.00740596 -0.00927781
v -0.0375677 0.00700706 -0.00753381
v -0.0375677 0.00700706 -0.00927781
v -0.0348389 0.00662002 -0.00753381
v -0.0348389 0.00662002 -0.00927781
v 0.0117652 0.0018374 -0.0302608
v 0.00626656 0.00222329 -0.0302608
v 0.00901545 0.00202447 -0.0302608
v 0.00351756 0.00243404 -0.0302608
v 0.000770478 0.00265648 -0.0302608
v -0.00197661 0.00289081 -0.0302608
v -0.00472168 0.00313682 -0.0302608
v -0.00746567 0.00339465 -0.0302608
v -0.0102095 0.00366431 -0.0302608
v -0.0129512 0.00394568 -0.0302608
v -0.0156916 0.00423879 -0.0302608
v -0.0184318 0.00454378 -0.0302608
v -0.0211696 0.00486043 -0.0302608
v -0.023907 0.00518895 -0.0302608
v -0.026642 0.00552907 -0.0302608
v -0.0293755 0.00588097 -0.0302608
v -0.0966537 0.0183655 -0.0283088
v -0.0946907 0.017895 -0.0292788
v -0.0761654 0.0137745 -0.0288268
v -0.0744985 0.0134317 -0.0276068
v 0.0223107 0.00913342 -0.0229698
v 0.0223107 0.00913342 -0.0244198
v 0.0199092 0.0106147 -0.0275438
v 0.0199092 0.0106147 -0.0260948
v 0.0548702 0.000449 -0.0163808
v 0.0564012 0.000449 -0.0182208
v 0.0553982 0.000449 -0.0186908
v 0.0544782 0.000449 -0.0174718
v 0.0564012 0.000449 -0.0149488
v 0.0521794 0.000451488 -0.0158888
v 0.0517467 0.000452827 -0.0140398
v 0.0524552 0.000450799 -0.0151848
v 0.0520186 0.000451947 -0.0160888
v 0.0517747 0.000452751 -0.0161838
v 0.0481553 0.000475292 -0.0147428
v 0.0509893 0.000455889 -0.0147428
v 0.0510097 0.000519532 -0.0209378
v 0.0517616 0.000488219 -0.0187288
v 0.053488 0.00045104 -0.0189568
v 0.053495 0.000450989 -0.0209378
v 0.0510097 0.000519532 -0.0180998
v 0.0482013 0.000717518 -0.0180998
v 0.0517904 0.000487202 -0.0165608
v 0.0520375 0.000479019 -0.0166558
v 0.0398713 0.00207158 -0.0237328
v 0.0426259 0.00149446 -0.0237328
v 0.0426259 0.00149446 -0.0265278
v 0.0398713 0.00207158 -0.0265278
v 0.0424878 0.000551643 -0.0147428
v 0.0424878 0.000551643 -0.0160188
v 0.0396554 0.000608514 -0.0160188
v 0.0396554 0.000608514 -0.0147428
v 0.0424878 0.000551643 -0.00753381
v 0.0424878 0.000551643 -0.00927781
v 0.0396554 0.000608514 -0.00927781
v 0.0396554 0.000608514 -0.00753381
v 0.0426259 0.00149445 -0.0167208
v 0.0426259 0.00149445 -0.0180998
v 0.0398713 0.00207158 -0.0180998
v 0.0398713 0.00207158 -0.0167208
v 0.0272702 0.006487 -0.0237328
v 0.0291951 0.00560931 -0.0237328
v 0.0291951 0.00560931 -0.0265278
v 0.0272702 0.006487 -0.0265278
v 0.0283249 0.00096122 -0.0147428
v 0.0283249 0.00096122 -0.0160188
v 0.0258938 0.00106302 -0.0160188
v 0.0258938 0.00106302 -0.0147428
v 0.0283249 0.00096122 -0.00753381
v 0.0283249 0.00096122 -0.00927781
v 0.0258938 0.00106302 -0.00927781
v 0.0258938 0.00106302 -0.00753381
v 0.0291951 0.00560931 -0.0167208
v 0.0291951 0.00560931 -0.0180998
v 0.0272702 0.006487 -0.0180998
v 0.0272702 0.006487 -0.0167208
v 0.0318012 0.00454399 -0.0237328
v 0.0318012 0.00454399 -0.0265278
v 0.0344529 0.00359801 -0.0237328
v 0.0344529 0.00359801 -0.0265278
v 0.0371448 0.0027733 -0.0237328
v 0.0371448 0.0027733 -0.0265278
v 0.0510097 0.000519532 -0.0265278
v 0.0482013 0.000717518 -0.0265278
v 0.0482013 0.000717518 -0.0237328
v 0.0510097 0.000519532 -0.0237328
v 0.0454048 0.00104272 -0.0265278
v 0.0454048 0.00104272 -0.0237328
v 0.0311569 0.000854291 -0.0147428
v 0.0311569 0.000854291 -0.0160188
v 0.0339894 0.000759876 -0.0147428
v 0.0339894 0.000759876 -0.0160188
v 0.0368222 0.000677938 -0.0147428
v 0.0368222 0.000677938 -0.0160188
v 0.0453215 0.00050721 -0.0160188
v 0.0453215 0.00050721 -0.0147428
v 0.0481553 0.000475292 -0.0160188
v 0.0311569 0.000854291 -0.00753381
v 0.0311569 0.000854291 -0.00927781
v 0.0339894 0.000759876 -0.00753381
v 0.0339894 0.000759876 -0.00927781
v 0.0368222 0.000677938 -0.00753381
v 0.0368222 0.000677938 -0.00927781
v 0.0481553 0.000475292 -0.0127718
v 0.0509893 0.000455889 -0.0127718
v 0.0453215 0.00050721 -0.0127718
v 0.0424878 0.000551643 -0.0127718
v 0.0318012 0.00454399 -0.0167208
v 0.0318012 0.00454399 -0.0180998
v 0.0344529 0.00359801 -0.0167208
v 0.0344529 0.00359801 -0.0180998
v 0.0371448 0.0027733 -0.0167208
v 0.0371448 0.0027733 -0.0180998
v 0.0454048 0.00104272 -0.0180998
v 0.0454048 0.00104272 -0.0167208
v 0.0482013 0.000717518 -0.0167208
v 0.0230667 0.00119299 -0.0175608
v 0.0230667 0.00119299 -0.0127718
v 0.0258938 0.00106302 -0.0127718
v 0.0230667 0.00119299 -0.0191938
v 0.0145895 0.0016576 -0.00753381
v 0.0145895 0.0016576 -0.00927781
v 0.0117652 0.0018374 -0.00927781
v 0.0117652 0.0018374 -0.00753381
v 0.0174145 0.00149028 -0.00753381
v 0.0174145 0.00149028 -0.00927781
v 0.0175076 0.0121154 -0.0292188
v 0.0175076 0.0121154 -0.0306688
v 0.0247605 0.00775401 -0.0212958
v 0.0247605 0.00775401 -0.0198458
v 0.0247605 0.00775401 -0.0290748
v 0.0223107 0.00913342 -0.0258518
v 0.0199092 0.0106147 -0.0289768
v 0.0272702 0.006487 -0.0293238
v 0.0593322 0.000449 -0.0149488
v 0.0593322 0.000449 -0.0127718
v 0.0622632 0.000449 -0.0127718
v 0.0622632 0.000449 -0.0149488
v 0.0593322 0.000449 -0.0182208
v 0.0622632 0.000449 -0.0182208
v 0.0622632 0.000449 -0.0265278
v 0.0593322 0.000449 -0.0265278
v 0.0593322 0.000449 -0.0237328
v 0.0622632 0.000449 -0.0237328
v 0.0699292 0.000449 -0.0156168
v 0.0681252 0.000449 -0.0156168
v 0.0681142 0.000449 -0.0127728
v 0.0699292 0.000449 -0.0127718
v 0.0699292 0.000449 -0.0182208
v 0.0681252 0.000449 -0.0182208
v 0.0699292 0.000449 -0.0265278
v 0.0681252 0.000449 -0.0265278
v 0.0681252 0.000449 -0.0237328
v 0.0699292 0.000449 -0.0237328
v 0.0651942 0.000449 -0.0156168
v 0.0651942 0.000449 -0.0127718
v 0.0593322 0.000449 -0.00753381
v 0.0593322 0.000449 -0.00927781
v 0.0651942 0.000449 -0.0182208
v 0.0651942 0.000449 -0.0265278
v 0.0651942 0.000449 -0.0237328
v 0.0564012 0.000449 -0.0237328
v 0.0564012 0.000449 -0.0265278
v -0.0293755 0.00588097 -0.0127718
v -0.0321085 0.0062447 -0.0127718
v -0.0856676 0.0158162 -0.0282448
v -0.0728747 0.0131023 -0.0127718
v -0.0744985 0.0134317 -0.0134978
v 0.0202403 0.0013354 -0.00753381
v 0.0202403 0.0013354 -0.00927781
v 0.0564012 0.000449 -0.0127718
v 0.0535025 0.000449153 -0.0127718
v -0.0701718 0.0125637 -0.0127718
v -0.0674656 0.0120365 -0.0127718
v -0.0647581 0.011521 -0.0127718
v -0.0620485 0.0110172 -0.0127718
v -0.0593357 0.0105249 -0.0127718
v -0.0566219 0.0100444 -0.0127718
v -0.053906 0.00957551 -0.0127718
v -0.0511871 0.00911813 -0.0127718
v -0.0484673 0.00867261 -0.0127718
v -0.0457446 0.00823858 -0.0127718
v -0.0430211 0.00781645 -0.0127718
v -0.0402957 0.00740596 -0.0127718
v -0.0375677 0.00700706 -0.0127718
v -0.0348389 0.00662002 -0.0127718
v 0.00901545 0.00202447 -0.00927781
v 0.00901545 0.00202447 -0.00753381
v 0.00626656 0.00222329 -0.00927781
v 0.00626656 0.00222329 -0.00753381
v 0.00351756 0.00243404 -0.00927781
v 0.00351756 0.00243404 -0.00753381
v 0.000770478 0.00265648 -0.00927781
v 0.000770478 0.00265648 -0.00753381
v -0.00197662 0.00289081 -0.00927781
v -0.00197662 0.00289081 -0.00753381
v -0.00472168 0.00313682 -0.00927781
v -0.00472168 0.00313682 -0.00753381
v -0.00746567 0.00339461 -0.00927781
v -0.00746567 0.00339461 -0.00753381
v -0.0102095 0.00366431 -0.00927781
v -0.0102095 0.00366431 -0.00753381
v -0.0129512 0.00394568 -0.00927781
v -0.0129512 0.00394568 -0.00753381
v -0.0156916 0.00423879 -0.00927781
v -0.0156916 0.00423879 -0.00753381
v -0.0184318 0.00454378 -0.00927781
v -0.0184318 0.00454378 -0.00753381
v -0.0211696 0.00486043 -0.00927781
v -0.0211696 0.00486043 -0.00753381
v -0.023907 0.00518895 -0.00927781
v -0.023907 0.00518895 -0.00753381
v -0.026642 0.00552907 -0.00927781
v -0.026642 0.00552907 -0.00753381
v -0.0770215 0.0139522 -0.0122018
v -0.0781728 0.0141933 -0.0106668
v -0.0791251 0.0143943 -0.0142098
v -0.0803947 0.0146646 -0.0127698
v 0.0509893 0.000455889 -0.00927781
v 0.0509893 0.000455889 -0.00753381
v 0.0396554 0.000608514 -0.0127718
v 0.0283249 0.00096122 -0.0127718
v 0.0311569 0.000854291 -0.0127718
v 0.0339894 0.000759876 -0.0127718
v 0.0368222 0.000677938 -0.0127718
v 0.0481553 0.000475292 -0.00927781
v 0.0481553 0.000475292 -0.00753381
v 0.0453215 0.00050721 -0.00927781
v 0.0453215 0.00050721 -0.00753381
v 0.0230667 0.00119299 -0.00927781
v 0.0230667 0.00119299 -0.00753381
v 0.0145895 0.0016576 -0.0127718
v 0.0117652 0.0018374 -0.0127718
v 0.0174145 0.00149028 -0.0127718
v 0.0622632 0.000449 -0.00753381
v 0.0622632 0.000449 -0.00927781
v 0.0693272 0.000449 -0.00837281
v 0.0673162 0.000449 -0.0102798
v 0.0665132 0.000449 -0.00958181
v 0.0673252 0.000449 -0.00751781
v 0.0651942 0.000449 -0.00753381
v 0.0651912 0.000449 -0.00930281
v -0.0810933 0.0148145 -0.0160638
v -0.0823631 0.0150891 -0.0146158
v -0.0830612 0.0152412 -0.0179168
v -0.0843301 0.0155197 -0.0164618
v -0.0850277 0.015674 -0.0197648
v -0.0862947 0.0159563 -0.0183078
v -0.0942231 0.0177839 -0.0257968
v -0.092879 0.0174666 -0.0271838
v -0.0921872 0.0173045 -0.0238088
v -0.0909171 0.0170089 -0.0253308
v -0.0798768 0.014554 -0.0291418
v -0.0781454 0.0141875 -0.0275128
v -0.0817458 0.0149553 -0.0276928
v -0.0837025 0.0153816 -0.0263918
v -0.0895811 0.016701 -0.0276828
v -0.0876197 0.0162543 -0.0258298
v 0.0202403 0.0013354 -0.0127718
v 0.00901545 0.00202447 -0.0127718
v 0.00626656 0.00222329 -0.0127718
v 0.00351756 0.00243404 -0.0127718
v 0.000770478 0.00265648 -0.0127718
v -0.00197662 0.00289081 -0.0127718
v -0.00472168 0.00313682 -0.0127718
v -0.00746567 0.00339461 -0.0127718
v -0.0102095 0.00366431 -0.0127718
v -0.0129512 0.00394568 -0.0127718
v -0.0156916 0.00423879 -0.0127718
v -0.0184318 0.00454378 -0.0127718
v -0.0211696 0.00486043 -0.0127718
v -0.023907 0.00518895 -0.0127718
v -0.026642 0.00552907 -0.0127718
v 0.0679782 0.000449 -0.0113288
v 0.0699462 0.000449 -0.0105178
v -0.0293755 0.00588097 -0.0175608
v -0.0321085 0.0062447 -0.0175608
v 0.0553982 0.000449 -0.0140778
v 0.0534905 0.000449191 -0.0138608
v -0.0701718 0.0125637 -0.0175608
v -0.0728747 0.0131023 -0.0175608
v -0.0674656 0.0120365 -0.0175608
v -0.0647581 0.011521 -0.0175608
v -0.0620485 0.0110172 -0.0175608
v -0.0593357 0.0105249 -0.0175608
v -0.0566219 0.0100444 -0.0175608
v -0.053906 0.00957551 -0.0175608
v -0.0511871 0.00911813 -0.0175608
v -0.0484673 0.00867261 -0.0175608
v -0.0457446 0.00823858 -0.0175608
v -0.0430211 0.00781645 -0.0175608
v -0.0402957 0.00740596 -0.0175608
v -0.0375677 0.00700706 -0.0175608
v -0.0348389 0.00662002 -0.0175608
v 0.0145895 0.0016576 -0.0175608
v 0.0117652 0.0018374 -0.0175608
v 0.0174145 0.00149028 -0.0175608
v -0.0761449 0.0137702 -0.0149008
v -0.0781121 0.0141805 -0.0168288
v -0.0856559 0.0158136 -0.0239758
v -0.0798445 0.0145471 -0.0184818
v -0.0817244 0.0149506 -0.0202628
v -0.0836908 0.015379 -0.0221228
v -0.0744985 0.0134317 -0.0178978
v 0.0174145 0.00149028 -0.0207358
v 0.0202403 0.0013354 -0.0175608
v 0.0145895 0.0016576 -0.0270858
v 0.0145895 0.0016576 -0.0287188
v 0.00901545 0.00202447 -0.0270858
v 0.0117652 0.0018374 -0.0270858
v 0.00901545 0.00202447 -0.0175608
v 0.00626656 0.00222329 -0.0175608
v 0.00351756 0.00243404 -0.0175608
v 0.000770478 0.00265648 -0.0175608
v -0.00197662 0.00289081 -0.0175608
v -0.00472168 0.00313682 -0.0175608
v -0.00746567 0.00339461 -0.0175608
v -0.0102095 0.00366431 -0.0175608
v -0.0129512 0.00394568 -0.0175608
v -0.0156916 0.00423879 -0.0175608
v -0.0184318 0.00454378 -0.0175608
v -0.0211696 0.00486043 -0.0175608
v -0.023907 0.00518895 -0.0175608
v -0.026642 0.00552907 -0.0175608
v -0.0293755 0.00588097 -0.0207358
v -0.0321085 0.0062447 -0.0207358
v -0.0701718 0.0125637 -0.0207358
v -0.0728747 0.0131023 -0.0207358
v -0.0674656 0.0120365 -0.0207358
v -0.0647581 0.011521 -0.0207358
v -0.0620485 0.0110172 -0.0207358
v -0.0593357 0.0105249 -0.0207358
v -0.0566219 0.0100444 -0.0207358
v -0.053906 0.00957551 -0.0207358
v -0.0511871 0.00911813 -0.0207358
v -0.0484673 0.00867261 -0.0207358
v -0.0457446 0.00823858 -0.0207358
v -0.0430211 0.00781645 -0.0207358
v -0.0402957 0.00740596 -0.0207358
v -0.0375677 0.00700706 -0.0207358
v -0.0348389 0.00662002 -0.0207358
v 0.0145895 0.0016576 -0.0207358
v 0.0117652 0.0018374 -0.0207358
v 0.00901545 0.00202447 -0.0207358
v 0.00626656 0.00222329 -0.0207358
v 0.00351756 0.00243404 -0.0207358
v 0.000770478 0.00265648 -0.0207358
v -0.00197662 0.00289081 -0.0207358
v -0.00472168 0.00313682 -0.0207358
v -0.00746567 0.00339461 -0.0207358
v -0.0102095 0.00366431 -0.0207358
v -0.0129512 0.00394568 -0.0207358
v -0.0156916 0.00423879 -0.0207358
v -0.0184318 0.00454378 -0.0207358
v -0.0211696 0.00486043 -0.0207358
v -0.023907 0.00518895 -0.0207358
v -0.026642 0.00552907 -0.0207358
v -0.0293755 0.00588097 -0.0239108
v -0.0321085 0.0062447 -0.0239108
v -0.0701718 0.0125637 -0.0239108
v -0.0728747 0.0131023 -0.0239108
v -0.0674656 0.0120365 -0.0239108
v -0.0647581 0.011521 -0.0239108
v -0.0620485 0.0110172 -0.0239108
v -0.0593357 0.0105249 -0.0239108
v -0.0566219 0.0100444 -0.0239108
v -0.053906 0.00957551 -0.0239108
v -0.0511871 0.00911813 -0.0239108
v -0.0484673 0.00867261 -0.0239108
v -0.0457446 0.00823858 -0.0239108
v -0.0430211 0.00781645 -0.0239108
v -0.0402957 0.00740596 -0.0239108
v -0.0375677 0.00700706 -0.0239108
v -0.0348389 0.00662002 -0.0239108
v 0.0145895 0.0016576 -0.0239108
v 0.0117652 0.0018374 -0.0239108
v 0.00901545 0.00202447 -0.0239108
v 0.00626656 0.00222329 -0.0239108
v 0.00351756 0.00243404 -0.0239108
v 0.000770478 0.00265648 -0.0239108
v -0.00197661 0.00289081 -0.0239108
v -0.00472168 0.00313682 -0.0239108
v -0.00746567 0.00339461 -0.0239108
v -0.0102095 0.00366431 -0.0239108
v -0.0129512 0.00394568 -0.0239108
v -0.0156916 0.00423879 -0.0239108
v -0.0184318 0.00454378 -0.0239108
v -0.0211696 0.00486043 -0.0239108
v -0.023907 0.00518895 -0.0239108
v -0.026642 0.00552907 -0.0239108
v -0.0293755 0.00588097 -0.0270858
v -0.0321085 0.0062447 -0.0270858
v -0.0701718 0.0125637 -0.0270858
v -0.0728747 0.0131023 -0.0270858
v -0.0674656 0.0120365 -0.0270858
v -0.0647581 0.011521 -0.0270858
v -0.0620485 0.0110172 -0.0270858
v -0.0593357 0.0105249 -0.0270858
v -0.0566219 0.0100444 -0.0270858
v -0.053906 0.00957551 -0.0270858
v -0.0511871 0.00911813 -0.0270858
v -0.0484673 0.00867261 -0.0270858
v -0.0457446 0.00823858 -0.0270858
v -0.0430211 0.00781645 -0.0270858
v -0.0402957 0.00740596 -0.0270858
v -0.0375677 0.00700706 -0.0270858
v -0.0348389 0.00662002 -0.0270858
v 0.00626656 0.00222329 -0.0270858
v 0.00351756 0.00243404 -0.0270858
v 0.000770478 0.00265648 -0.0270858
v -0.00197661 0.00289081 -0.0270858
v -0.00472168 0.00313682 -0.0270858
v -0.00746567 0.00339465 -0.0270858
v -0.0102095 0.00366431 -0.0270858
v -0.0129512 0.00394568 -0.0270858
v -0.0156916 0.00423879 -0.0270858
v -0.0184318 0.00454378 -0.0270858
v -0.0211696 0.00486043 -0.0270858
v -0.023907 0.00518895 -0.0270858
v -0.026642 0.00552907 -0.0270858
v -0.0321085 0.0062447 -0.0302608
v -0.0701718 0.0125637 -0.0302608
v -0.0728747 0.0131023 -0.0302608
v -0.0674656 0.0120365 -0.0302608
v -0.0647581 0.011521 -0.0302608
v -0.0620485 0.0110172 -0.0302608
v -0.0593357 0.0105249 -0.0302608
v -0.0566219 0.0100444 -0.0302608
v -0.053906 0.00957551 -0.0302608
v -0.0511871 0.00911813 -0.0302608
v -0.0484673 0.00867261 -0.0302608
v -0.0457446 0.00823858 -0.0302608
v -0.0430211 0.00781645 -0.0302608
v -0.0402957 0.00740596 -0.0302608
v -0.0375677 0.00700706 -0.0302608
v -0.0348389 0.00662002 -0.0302608
v 0.0535078 0.000450854 -0.0237328
v 0.0535197 0.000450765 -0.0265278
v 0.0398713 0.00207158 -0.0293238
v 0.0426259 0.00149446 -0.0293238
v 0.0426259 0.00149445 -0.0209378
v 0.0398713 0.00207158 -0.0209378
v 0.0291951 0.00560931 -0.0293238
v 0.0291951 0.00560931 -0.0209378
v 0.0272702 0.006487 -0.0209378
v 0.0318012 0.00454399 -0.0293238
v 0.0318012 0.00454399 -0.0209378
v 0.0344529 0.00359801 -0.0293238
v 0.0344529 0.00359801 -0.0209378
v 0.0371448 0.0027733 -0.0293238
v 0.0371448 0.0027733 -0.0209378
v 0.0482013 0.000717518 -0.0209378
v 0.0482013 0.000717518 -0.0293238
v 0.0510097 0.000519532 -0.0293238
v 0.0454048 0.00104272 -0.0209378
v 0.0454048 0.00104272 -0.0293238
v 0.0622632 0.000449 -0.0209378
v 0.0593322 0.000449 -0.0209378
v 0.0593322 0.000449 -0.0293238
v 0.0622632 0.000449 -0.0293238
v 0.0699292 0.000449 -0.0209378
v 0.0681252 0.000449 -0.0209378
v 0.0681252 0.000449 -0.0293238
v 0.0699292 0.000449 -0.0293238
v 0.0651942 0.000449 -0.0209378
v 0.0651942 0.000449 -0.0293238
v 0.0564012 0.000449 -0.0293238
v 0.0564012 0.000449 -0.0209378
v 0.0535326 0.000450677 -0.0293238
v 0.053488 0.00045104 -0.0179248
v 0.0534855 0.000449191 -0.0148148
v 0.0524672 0.000467138 -0.0175568
v 0.0521913 0.000474423 -0.0168498
v 0.0544802 0.000449 -0.0152688
v -0.0761517 0.0137716 -0.0191728
v -0.0781248 0.0141832 -0.0211008
v -0.0798572 0.0145498 -0.0227528
v -0.081737 0.0149534 -0.0245318
v -0.0744985 0.0134317 -0.0213208
v -0.0761556 0.0137724 -0.0224828
v -0.0781356 0.0141854 -0.0243088
v -0.079867 0.0145519 -0.0259278
v -0.0744985 0.0134317 -0.0244308
v -0.0761605 0.0137734 -0.0256478
v 0.0247605 0.00775401 -0.0227278
v 0.0223107 0.00913342 -0.0290518
v 0.0247605 0.00775401 -0.0259268
v -0.0321085 0.0062447 -0.00730881
v -0.0293755 0.00588097 -0.00730881
v -0.090366 0.0168815 -0.0218318
v -0.0884032 0.016432 -0.0199848
v -0.0756379 0.0136655 -0.00808781
v -0.0728747 0.0131023 -0.00730881
v 0.0202403 0.0013354 -0.0225938
v 0.0174145 0.00149028 -0.0257688
v 0.0535415 0.000449153 -0.00730881
v 0.0564012 0.000449 -0.00730881
v -0.0701718 0.0125637 -0.00730881
v -0.0674656 0.0120365 -0.00730881
v -0.0647581 0.011521 -0.00730881
v -0.0620485 0.0110172 -0.00730881
v -0.0593357 0.0105249 -0.00730881
v -0.0566219 0.0100444 -0.00730881
v -0.053906 0.00957551 -0.00730881
v -0.0511871 0.00911813 -0.00730881
v -0.0484673 0.00867261 -0.00730881
v -0.0457446 0.00823858 -0.00730881
v -0.0430211 0.00781645 -0.00730881
v -0.0402957 0.00740596 -0.00730881
v -0.0375677 0.00700706 -0.00730881
v -0.0348389 0.00662002 -0.00730881
v -0.0968577 0.0184147 -0.0282298
v 0.0199092 0.0106147 -0.0258698
v 0.0223107 0.00913342 -0.0227458
v 0.0543432 0.000449 -0.0172928
v 0.0547082 0.000449 -0.0163698
v 0.0525732 0.000450531 -0.0153758
v 0.0522304 0.000451335 -0.0161078
v 0.0521555 0.000451564 -0.0162668
v 0.0519826 0.000452062 -0.0162668
v 0.0519958 0.000480332 -0.0164728
v 0.0521675 0.00047511 -0.0164728
v 0.0424878 0.000551643 -0.0162438
v 0.0396554 0.000608514 -0.0162438
v 0.0396554 0.000608514 -0.00730881
v 0.0424878 0.000551643 -0.00730881
v 0.0398713 0.00207158 -0.0164968
v 0.0426259 0.00149445 -0.0164958
v 0.0283249 0.00096122 -0.0162438
v 0.0258938 0.00106302 -0.0162438
v 0.0258938 0.00106302 -0.00730881
v 0.0283249 0.00096122 -0.00730881
v 0.0272702 0.006487 -0.0164968
v 0.0291951 0.00560931 -0.0164968
v 0.0311569 0.000854291 -0.0162438
v 0.0339894 0.000759876 -0.0162438
v 0.0368222 0.000677938 -0.0162438
v 0.0481553 0.000475292 -0.0162438
v 0.0453215 0.00050721 -0.0162438
v 0.0311569 0.000854291 -0.00730881
v 0.0339894 0.000759876 -0.00730881
v 0.0368222 0.000677938 -0.00730881
v 0.0318012 0.00454399 -0.0164968
v 0.0344529 0.00359801 -0.0164968
v 0.0371448 0.0027733 -0.0164968
v 0.0454048 0.00104272 -0.0164958
v 0.0482013 0.000717518 -0.0164958
v 0.0230667 0.00119299 -0.0194188
v 0.0117652 0.0018374 -0.00730881
v 0.0145895 0.0016576 -0.00730881
v 0.0174145 0.00149028 -0.00730881
v 0.0175076 0.0121154 -0.0289948
v 0.0247605 0.00775401 -0.0196208
v 0.0701542 0.000449 -0.0127718
v 0.0701542 0.000449 -0.0156168
v 0.0701542 0.000449 -0.0182208
v 0.0701542 0.000449 -0.0237328
v 0.0701542 0.000449 -0.0265278
v 0.0593322 0.000449 -0.00730881
v 0.0202403 0.0013354 -0.00730881
v 0.00901545 0.00202447 -0.00730881
v 0.00626656 0.00222329 -0.00730881
v 0.00351756 0.00243404 -0.00730881
v 0.000770478 0.00265648 -0.00730881
v -0.00197662 0.00289081 -0.00730881
v -0.00472168 0.00313682 -0.00730881
v -0.00746567 0.00339461 -0.00730881
v -0.0102095 0.00366431 -0.00730881
v -0.0129512 0.00394568 -0.00730881
v -0.0156916 0.00423879 -0.00730881
v -0.0184318 0.00454378 -0.00730881
v -0.0211696 0.00486043 -0.00730881
v -0.023907 0.00518895 -0.00730881
v -0.026642 0.00552907 -0.00730881
v -0.0783009 0.0142202 -0.0104838
v -0.0805403 0.0146958 -0.0126008
v 0.0509893 0.000455889 -0.00730881
v 0.0481553 0.000475292 -0.00730881
v 0.0453215 0.00050721 -0.00730881
v 0.0230667 0.00119299 -0.00730881
v 0.0622632 0.000449 -0.00730881
v 0.0674082 0.000449 -0.00730881
v 0.0694912 0.000449 -0.00821881
v 0.0651942 0.000449 -0.00730881
v -0.0825076 0.0151205 -0.0144468
v -0.0844745 0.0155516 -0.0162928
v -0.0864391 0.0159886 -0.0181388
v -0.0943777 0.0178206 -0.0256378
v -0.0923264 0.017337 -0.0236358
v 0.0701542 0.000449 -0.0104318
v 0.0145895 0.0016576 -0.0289438
v 0.0701542 0.000449 -0.0209378
v 0.0701542 0.000449 -0.0293238
v 0.053488 0.00045104 -0.0177008
v 0.0534845 0.000449191 -0.0150388
v 0.0525823 0.000464457 -0.0173648
v 0.0522409 0.000473021 -0.0166318
v 0.0543432 0.000449 -0.0154468
v -0.0969103 0.018197 -0.0282298
v -0.0944294 0.0176027 -0.0256378
v -0.0923774 0.0171189 -0.0236358
v -0.0904163 0.0166633 -0.0218318
v -0.0884529 0.0162136 -0.0199848
v -0.086488 0.01577 -0.0181388
v -0.0845228 0.0153328 -0.0162928
v -0.0825552 0.0149016 -0.0144468
v -0.0805872 0.0144768 -0.0126008
v -0.078347 0.014001 -0.0104838
v -0.0756831 0.0134461 -0.00808781
v -0.0729189 0.0128828 -0.00730881
v -0.0702151 0.0123439 -0.00730881
v -0.067508 0.0118165 -0.00730881
v -0.0647996 0.0113009 -0.00730881
v -0.062089 0.0107969 -0.00730881
v -0.0593753 0.0103044 -0.00730881
v -0.0566605 0.00982371 -0.00730881
v -0.0539436 0.00935469 -0.00730881
v -0.0512238 0.00889715 -0.00730881
v -0.048503 0.00845148 -0.00730881
v -0.0457804 0.00801745 -0.00730881
v -0.0430549 0.00759502 -0.00730881
v -0.0403286 0.00718438 -0.00730881
v -0.0375996 0.00678535 -0.00730881
v -0.0348699 0.00639817 -0.00730881
v -0.0321385 0.00602272 -0.00730881
v -0.0294046 0.00565886 -0.00730881
v -0.0266702 0.00530684 -0.00730881
v -0.0239342 0.0049666 -0.00730881
v -0.0211958 0.00463797 -0.00730881
v -0.018457 0.0043212 -0.00730881
v -0.0157159 0.00401612 -0.00730881
v -0.0129745 0.0037229 -0.00730881
v -0.0102319 0.00344143 -0.00730881
v -0.00748711 0.00317164 -0.00730881
v -0.00474216 0.00291375 -0.00730881
v -0.00199614 0.00266766 -0.00730881
v 0.000751918 0.00243325 -0.00730881
v 0.00349996 0.00221074 -0.00730881
v 0.00624992 0.0019999 -0.00730881
v 0.00899977 0.00180102 -0.00730881
v 0.0117504 0.00161388 -0.00730881
v 0.0145757 0.00143402 -0.00730881
v 0.0174018 0.00126664 -0.00730881
v 0.0202286 0.00111171 -0.00730881
v 0.023056 0.00096925 -0.00730881
v 0.025884 0.000839235 -0.00730881
v 0.028316 0.000737399 -0.00730881
v 0.031149 0.000630432 -0.00730881
v 0.0339824 0.000535985 -0.00730881
v 0.0368162 0.000454018 -0.00730881
v 0.0396504 0.00038457 -0.00730881
v 0.0424838 0.000327679 -0.00730881
v 0.0453185 0.000283231 -0.00730881
v 0.0481533 0.000251301 -0.00730881
v 0.0509882 0.000231891 -0.00730881
v 0.0535413 0.000225153 -0.00730881
v 0.0564012 0.000225 -0.00730881
v 0.0593322 0.000225 -0.00730881
v 0.0622632 0.000225 -0.00730881
v 0.0651942 0.000225 -0.00730881
v 0.0674082 0.000225 -0.00730881
v 0.0694912 0.000225 -0.00821881
v 0.0701542 0.000225 -0.0104318
v 0.0701542 0.000225 -0.0127718
v 0.0701542 0.000225 -0.0156168
v 0.0701542 0.000225 -0.0182208
v 0.0701542 0.000225 -0.0209378
v 0.0701542 0.000225 -0.0237328
v 0.0701542 0.000225 -0.0265278
v 0.0701542 0.000225 -0.0293238
v 0.0173889 0.0119255 -0.0289948
v 0.0197905 0.0104247 -0.0258698
v 0.0221964 0.00894078 -0.0227458
v 0.024655 0.00755639 -0.0196208
v 0.0271738 0.00628481 -0.0164968
v 0.0291057 0.00540394 -0.0164968
v 0.0317212 0.00433478 -0.0164968
v 0.0343824 0.00338538 -0.0164968
v 0.037084 0.0025577 -0.0164968
v 0.0398204 0.00185344 -0.0164968
v 0.0425849 0.00127423 -0.0164958
v 0.0453739 0.000820859 -0.0164958
v 0.0481805 0.000494487 -0.0164958
v 0.0519887 0.000256445 -0.0164728
v 0.052161 0.000251205 -0.0164728
v 0.0522347 0.000249108 -0.0166318
v 0.0525773 0.000240513 -0.0173648
v 0.0534861 0.000227051 -0.0177008
v 0.0543432 0.000225 -0.0172928
v 0.0547082 0.000225 -0.0163698
v 0.0543432 0.000225 -0.0154468
v 0.0534844 0.000225191 -0.0150388
v 0.0525727 0.000226531 -0.0153758
v 0.0522298 0.000227335 -0.0161078
v 0.0521548 0.000227565 -0.0162668
v 0.0519819 0.000228063 -0.0162668
v 0.0481533 0.000251301 -0.0162438
v 0.0453185 0.000283231 -0.0162438
v 0.0424838 0.000327679 -0.0162438
v 0.0396504 0.00038457 -0.0162438
v 0.0368162 0.000454017 -0.0162438
v 0.0339824 0.000535984 -0.0162438
v 0.031149 0.000630432 -0.0162438
v 0.028316 0.000737399 -0.0162438
v 0.025884 0.000839235 -0.0162438
v 0.023056 0.000969249 -0.0194188
v 0.0202286 0.00111171 -0.0225938
v 0.0174018 0.00126664 -0.0257688
v 0.0145757 0.00143402 -0.0289438
v -0.0294338 0.00543577 -0.00753381
v -0.0321687 0.00579975 -0.00753381
v -0.0321687 0.00579975 -0.00927781
v -0.0294338 0.00543577 -0.00927781
v -0.0870905 0.0156747 -0.0216238
v -0.0883594 0.0159616 -0.0201548
v -0.0903237 0.016411 -0.0220018
v -0.0890556 0.0161201 -0.0234768
v -0.0729634 0.0126622 -0.00753381
v -0.07566 0.0132116 -0.00830081
v -0.075134 0.0131035 -0.0101268
v -0.0729605 0.0126616 -0.00929781
v 0.017389 0.00104201 -0.0255438
v 0.0202167 0.000887016 -0.0223688
v 0.0202167 0.000887016 -0.0207358
v 0.017389 0.00104201 -0.0239108
v 0.0535402 1.53191e-07 -0.00753381
v 0.0535272 1.53191e-07 -0.00927781
v 0.0564012 0 -0.00927781
v 0.0564012 0 -0.00753381
v -0.0702586 0.0121231 -0.00753381
v -0.0702586 0.0121231 -0.00927781
v -0.0675505 0.0115956 -0.00753381
v -0.0675505 0.0115956 -0.00927781
v -0.0648412 0.0110798 -0.00753381
v -0.0648412 0.0110798 -0.00927781
v -0.0621296 0.0105756 -0.00753381
v -0.0621296 0.0105756 -0.00927781
v -0.059415 0.0100829 -0.00753381
v -0.059415 0.0100829 -0.00927781
v -0.0566992 0.00960208 -0.00753381
v -0.0566992 0.00960208 -0.00927781
v -0.0539814 0.00913289 -0.00753381
v -0.0539814 0.00913289 -0.00927781
v -0.0512607 0.00867519 -0.00753381
v -0.0512607 0.00867519 -0.00927781
v -0.0485389 0.00822936 -0.00753381
v -0.0485389 0.00822936 -0.00927781
v -0.0458153 0.00779518 -0.00753381
v -0.0458153 0.00779518 -0.00927781
v -0.0430889 0.0073726 -0.00753381
v -0.0430889 0.0073726 -0.00927781
v -0.0403616 0.00696182 -0.00753381
v -0.0403616 0.00696182 -0.00927781
v -0.0376317 0.00656264 -0.00753381
v -0.0376317 0.00656264 -0.00927781
v -0.034901 0.00617534 -0.00753381
v -0.034901 0.00617534 -0.00927781
v 0.0117357 0.00138937 -0.0302608
v 0.00898402 0.00157657 -0.0302608
v 0.00623321 0.00177553 -0.0302608
v 0.00348228 0.00198643 -0.0302608
v 0.000733277 0.00220902 -0.0302608
v -0.00201573 0.00244352 -0.0302608
v -0.00476273 0.0026897 -0.0302608
v -0.00750863 0.00294771 -0.0302608
v -0.0102544 0.00321756 -0.0302608
v -0.012998 0.00349912 -0.0302608
v -0.0157403 0.00379244 -0.0302608
v -0.0184824 0.00409764 -0.0302608
v -0.0212221 0.00441452 -0.0302608
v -0.0239615 0.00474326 -0.0302608
v -0.0266984 0.00508362 -0.0302608
v -0.0294338 0.00543577 -0.0302608
v -0.096759 0.017929 -0.0283088
v -0.0947947 0.0174582 -0.0292788
v -0.0745883 0.0129918 -0.0276068
v -0.0762564 0.0133348 -0.0288268
v 0.0220816 0.00874727 -0.0229698
v 0.0196713 0.0102339 -0.0260948
v 0.0196713 0.0102339 -0.0275438
v 0.0220816 0.00874727 -0.0244198
v 0.0548702 0 -0.0163808
v 0.0544782 0 -0.0174718
v 0.0553982 0 -0.0186908
v 0.0564012 0 -0.0182208
v 0.0564012 0 -0.0149488
v 0.0521782 2.48936e-06 -0.0158888
v 0.0524542 1.8e-06 -0.0151848
v 0.0517452 3.82978e-06 -0.0140398
v 0.0520172 2.94893e-06 -0.0160888
v 0.0509872 6.89361e-06 -0.0147428
v 0.0481513 2.63106e-05 -0.0147428
v 0.0517732 3.75319e-06 -0.0161838
v 0.0509883 7.10428e-05 -0.0209378
v 0.0534912 2.00536e-06 -0.0209378
v 0.0534842 2.0575e-06 -0.0189568
v 0.0517457 3.9503e-05 -0.0187288
v 0.0509883 7.10428e-05 -0.0180998
v 0.0520235 3.02362e-05 -0.0166558
v 0.0517746 3.84787e-05 -0.0165608
v 0.0481596 0.000270461 -0.0180998
v 0.0397693 0.00163432 -0.0237328
v 0.0397693 0.00163432 -0.0265278
v 0.0425438 0.00105302 -0.0265278
v 0.0425438 0.00105302 -0.0237328
v 0.0424798 0.000102715 -0.0147428
v 0.0396454 0.000159625 -0.0147428
v 0.0396454 0.000159625 -0.0160188
v 0.0424798 0.000102715 -0.0160188
v 0.0424798 0.000102715 -0.00753381
v 0.0396454 0.000159625 -0.00753381
v 0.0396454 0.000159625 -0.00927781
v 0.0424798 0.000102715 -0.00927781
v 0.0425438 0.00105302 -0.0167208
v 0.0397693 0.00163432 -0.0167208
v 0.0397693 0.00163432 -0.0180998
v 0.0425438 0.00105302 -0.0180998
v 0.027077 0.0060817 -0.0237328
v 0.027077 0.0060817 -0.0265278
v 0.0290159 0.00519765 -0.0265278
v 0.0290159 0.00519765 -0.0237328
v 0.028307 0.000512578 -0.0147428
v 0.0258741 0.000614451 -0.0147428
v 0.0258741 0.000614451 -0.0160188
v 0.028307 0.000512578 -0.0160188
v 0.028307 0.000512578 -0.00753381
v 0.0258741 0.000614451 -0.00753381
v 0.0258741 0.000614451 -0.00927781
v 0.028307 0.000512578 -0.00927781
v 0.0290159 0.00519765 -0.0167208
v 0.027077 0.0060817 -0.0167208
v 0.027077 0.0060817 -0.0180998
v 0.0290159 0.00519765 -0.0180998
v 0.0316408 0.00412463 -0.0265278
v 0.0316408 0.00412463 -0.0237328
v 0.0343117 0.0031718 -0.0265278
v 0.0343117 0.0031718 -0.0237328
v 0.037023 0.00234113 -0.0265278
v 0.037023 0.00234113 -0.0237328
v 0.0509883 7.10428e-05 -0.0265278
v 0.0509883 7.10428e-05 -0.0237328
v 0.0481596 0.000270461 -0.0237328
v 0.0481596 0.000270461 -0.0265278
v 0.0453428 0.000598012 -0.0237328
v 0.0453428 0.000598012 -0.0265278
v 0.031141 0.000405574 -0.0147428
v 0.031141 0.000405574 -0.0160188
v 0.0339754 0.000311093 -0.0147428
v 0.0339754 0.000311093 -0.0160188
v 0.0368102 0.000229098 -0.0147428
v 0.0368102 0.000229098 -0.0160188
v 0.0453155 5.8251e-05 -0.0160188
v 0.0481513 2.63106e-05 -0.0160188
v 0.0453155 5.8251e-05 -0.0147428
v 0.031141 0.000405574 -0.00753381
v 0.031141 0.000405574 -0.00927781
v 0.0339754 0.000311093 -0.00753381
v 0.0339754 0.000311093 -0.00927781
v 0.0368102 0.000229098 -0.00753381
v 0.0368102 0.000229098 -0.00927781
v 0.0509872 6.89361e-06 -0.0127718
v 0.0481513 2.63106e-05 -0.0127718
v 0.0453155 5.8251e-05 -0.0127718
v 0.0424798 0.000102715 -0.0127718
v 0.0316408 0.00412463 -0.0167208
v 0.0316408 0.00412463 -0.0180998
v 0.0343117 0.0031718 -0.0167208
v 0.0343117 0.0031718 -0.0180998
v 0.037023 0.00234113 -0.0167208
v 0.037023 0.00234113 -0.0180998
v 0.0453428 0.000598012 -0.0180998
v 0.0481596 0.000270461 -0.0167208
v 0.0453428 0.000598012 -0.0167208
v 0.0258741 0.000614451 -0.0127718
v 0.0230451 0.00074451 -0.0127718
v 0.0230451 0.00074451 -0.0175608
v 0.0230451 0.00074451 -0.0191938
v 0.0145619 0.00120945 -0.00753381
v 0.0117357 0.00138937 -0.00753381
v 0.0117357 0.00138937 -0.00927781
v 0.0145619 0.00120945 -0.00927781
v 0.017389 0.00104201 -0.00753381
v 0.017389 0.00104201 -0.00927781
v 0.0172696 0.0117346 -0.0292188
v 0.0172696 0.0117346 -0.0306688
v 0.0245491 0.00735788 -0.0198458
v 0.0245491 0.00735788 -0.0212958
v 0.0245491 0.00735788 -0.0290748
v 0.0196713 0.0102339 -0.0289768
v 0.0220816 0.00874727 -0.0258518
v 0.027077 0.0060817 -0.0293238
v 0.0593322 0 -0.0149488
v 0.0622632 0 -0.0149488
v 0.0622632 0 -0.0127718
v 0.0593322 0 -0.0127718
v 0.0593322 0 -0.0182208
v 0.0622632 0 -0.0182208
v 0.0622632 0 -0.0265278
v 0.0622632 0 -0.0237328
v 0.0593322 0 -0.0237328
v 0.0593322 0 -0.0265278
v 0.0699292 0 -0.0156168
v 0.0699292 0 -0.0127718
v 0.0681142 0 -0.0127728
v 0.0681252 0 -0.0156168
v 0.0699292 0 -0.0182208
v 0.0681252 0 -0.0182208
v 0.0699292 0 -0.0265278
v 0.0699292 0 -0.0237328
v 0.0681252 0 -0.0237328
v 0.0681252 0 -0.0265278
v 0.0651942 0 -0.0156168
v 0.0651942 0 -0.0127718
v 0.0593322 0 -0.00753381
v 0.0593322 0 -0.00927781
v 0.0651942 0 -0.0182208
v 0.0651942 0 -0.0237328
v 0.0651942 0 -0.0265278
v 0.0564012 0 -0.0237328
v 0.0564012 0 -0.0265278
v -0.0321687 0.00579975 -0.0127718
v -0.0294338 0.00543577 -0.0127718
v -0.0857653 0.015378 -0.0282448
v -0.0745883 0.0129918 -0.0134978
v -0.0729634 0.0126622 -0.0127718
v 0.0202167 0.000887016 -0.00753381
v 0.0202167 0.000887016 -0.00927781
v 0.0535022 1.53191e-07 -0.0127718
v 0.0564012 0 -0.0127718
v -0.0702586 0.0121231 -0.0127718
v -0.0675505 0.0115956 -0.0127718
v -0.0648412 0.0110798 -0.0127718
v -0.0621296 0.0105756 -0.0127718
v -0.059415 0.0100829 -0.0127718
v -0.0566992 0.00960208 -0.0127718
v -0.0539814 0.00913289 -0.0127718
v -0.0512607 0.00867519 -0.0127718
v -0.0485389 0.00822936 -0.0127718
v -0.0458153 0.00779518 -0.0127718
v -0.0430889 0.0073726 -0.0127718
v -0.0403616 0.00696182 -0.0127718
v -0.0376317 0.00656264 -0.0127718
v -0.034901 0.00617534 -0.0127718
v 0.00898402 0.00157657 -0.00753381
v 0.00898402 0.00157657 -0.00927781
v 0.00623321 0.00177553 -0.00753381
v 0.00623321 0.00177553 -0.00927781
v 0.00348228 0.00198643 -0.00753381
v 0.00348228 0.00198643 -0.00927781
v 0.000733277 0.00220902 -0.00753381
v 0.000733277 0.00220902 -0.00927781
v -0.00201574 0.00244352 -0.00753381
v -0.00201574 0.00244352 -0.00927781
v -0.00476272 0.0026897 -0.00753381
v -0.00476272 0.0026897 -0.00927781
v -0.00750863 0.00294767 -0.00753381
v -0.00750863 0.00294767 -0.00927781
v -0.0102544 0.00321756 -0.00753381
v -0.0102544 0.00321756 -0.00927781
v -0.012998 0.00349912 -0.00753381
v -0.012998 0.00349912 -0.00927781
v -0.0157403 0.00379244 -0.00753381
v -0.0157403 0.00379244 -0.00927781
v -0.0184824 0.00409764 -0.00753381
v -0.0184824 0.00409764 -0.00927781
v -0.0212221 0.00441452 -0.00753381
v -0.0212221 0.00441452 -0.00927781
v -0.0239615 0.00474326 -0.00753381
v -0.0239615 0.00474326 -0.00927781
v -0.0266984 0.00508362 -0.00753381
v -0.0266984 0.00508362 -0.00927781
v -0.0782652 0.0137539 -0.0106668
v -0.0771131 0.0135127 -0.0122018
v -0.0804887 0.0142256 -0.0127698
v -0.0792181 0.013955 -0.0142098
v 0.0509872 6.89361e-06 -0.00753381
v 0.0509872 6.89361e-06 -0.00927781
v 0.0396454 0.000159625 -0.0127718
v 0.028307 0.000512578 -0.0127718
v 0.031141 0.000405574 -0.0127718
v 0.0339754 0.000311093 -0.0127718
v 0.0368102 0.000229098 -0.0127718
v 0.0481513 2.63106e-05 -0.00753381
v 0.0481513 2.63106e-05 -0.00927781
v 0.0453155 5.8251e-05 -0.00753381
v 0.0453155 5.8251e-05 -0.00927781
v 0.0230451 0.00074451 -0.00753381
v 0.0230451 0.00074451 -0.00927781
v 0.0117357 0.00138937 -0.0127718
v 0.0145619 0.00120945 -0.0127718
v 0.017389 0.00104201 -0.0127718
v 0.0622632 0 -0.00753381
v 0.0622632 0 -0.00927781
v 0.0693272 0 -0.00837281
v 0.0673252 0 -0.00751781
v 0.0665132 0 -0.00958181
v 0.0673162 0 -0.0102798
v 0.0651942 0 -0.00753381
v 0.0651912 0 -0.00930281
v -0.0824584 0.0146503 -0.0146158
v -0.0811877 0.0143756 -0.0160638
v -0.0844268 0.0150812 -0.0164618
v -0.083157 0.0148025 -0.0179168
v -0.0863928 0.0155181 -0.0183078
v -0.0851249 0.0152356 -0.0197648
v -0.0943267 0.017347 -0.0257968
v -0.0929817 0.0170295 -0.0271838
v -0.0922894 0.0168673 -0.0238088
v -0.0910184 0.0165715 -0.0253308
v -0.0782378 0.0137481 -0.0275128
v -0.0799704 0.0141149 -0.0291418
v -0.0818407 0.0145164 -0.0276928
v -0.0837988 0.0149431 -0.0263918
v -0.0896814 0.0162633 -0.0276828
v -0.0877187 0.0158164 -0.0258298
v 0.0202167 0.000887016 -0.0127718
v 0.00898402 0.00157657 -0.0127718
v 0.00623321 0.00177553 -0.0127718
v 0.00348228 0.00198643 -0.0127718
v 0.000733277 0.00220902 -0.0127718
v -0.00201574 0.00244352 -0.0127718
v -0.00476272 0.0026897 -0.0127718
v -0.00750863 0.00294767 -0.0127718
v -0.0102544 0.00321756 -0.0127718
v -0.012998 0.00349912 -0.0127718
v -0.0157403 0.00379244 -0.0127718
v -0.0184824 0.00409764 -0.0127718
v -0.0212221 0.00441452 -0.0127718
v -0.0239615 0.00474326 -0.0127718
v -0.0266984 0.00508362 -0.0127718
v 0.0699462 0 -0.0105178
v 0.0679782 0 -0.0113288
v -0.0321687 0.00579975 -0.0175608
v -0.0294338 0.00543577 -0.0175608
v 0.0534902 1.91489e-07 -0.0138608
v 0.0553982 0 -0.0140778
v -0.0729634 0.0126622 -0.0175608
v -0.0702586 0.0121231 -0.0175608
v -0.0675505 0.0115956 -0.0175608
v -0.0648412 0.0110798 -0.0175608
v -0.0621296 0.0105756 -0.0175608
v -0.059415 0.0100829 -0.0175608
v -0.0566992 0.00960208 -0.0175608
v -0.0539814 0.00913289 -0.0175608
v -0.0512607 0.00867519 -0.0175608
v -0.0485389 0.00822936 -0.0175608
v -0.0458153 0.00779518 -0.0175608
v -0.0430889 0.0073726 -0.0175608
v -0.0403616 0.00696182 -0.0175608
v -0.0376317 0.00656264 -0.0175608
v -0.034901 0.00617534 -0.0175608
v 0.0117357 0.00138937 -0.0175608
v 0.0145619 0.00120945 -0.0175608
v 0.017389 0.00104201 -0.0175608
v -0.0762358 0.0133305 -0.0149008
v -0.0782045 0.0137411 -0.0168288
v -0.0857536 0.0153754 -0.0239758
v -0.0799381 0.014108 -0.0184818
v -0.0818192 0.0145118 -0.0202628
v -0.0837871 0.0149405 -0.0221228
v -0.0745883 0.0129918 -0.0178978
v 0.0202167 0.000887016 -0.0175608
v 0.017389 0.00104201 -0.0207358
v 0.0145619 0.00120945 -0.0287188
v 0.0145619 0.00120945 -0.0270858
v 0.0117357 0.00138937 -0.0270858
v 0.00898402 0.00157657 -0.0270858
v 0.00898402 0.00157657 -0.0175608
v 0.00623321 0.00177553 -0.0175608
v 0.00348228 0.00198643 -0.0175608
v 0.000733277 0.00220902 -0.0175608
v -0.00201574 0.00244352 -0.0175608
v -0.00476272 0.0026897 -0.0175608
v -0.00750863 0.00294767 -0.0175608
v -0.0102544 0.00321756 -0.0175608
v -0.012998 0.00349912 -0.0175608
v -0.0157403 0.00379244 -0.0175608
v -0.0184824 0.00409764 -0.0175608
v -0.0212221 0.00441452 -0.0175608
v -0.0239615 0.00474326 -0.0175608
v -0.0266984 0.00508362 -0.0175608
v -0.0321687 0.00579975 -0.0207358
v -0.0294338 0.00543577 -0.0207358
v -0.0729634 0.0126622 -0.0207358
v -0.0702586 0.0121231 -0.0207358
v -0.0675505 0.0115956 -0.0207358
v -0.0648412 0.0110798 -0.0207358
v -0.0621296 0.0105756 -0.0207358
v -0.059415 0.0100829 -0.0207358
v -0.0566992 0.00960208 -0.0207358
v -0.0539814 0.00913289 -0.0207358
v -0.0512607 0.00867519 -0.0207358
v -0.0485389 0.00822936 -0.0207358
v -0.0458153 0.00779518 -0.0207358
v -0.0430889 0.0073726 -0.0207358
v -0.0403616 0.00696182 -0.0207358
v -0.0376317 0.00656264 -0.0207358
v -0.034901 0.00617534 -0.0207358
v 0.0117357 0.00138937 -0.0207358
v 0.0145619 0.00120945 -0.0207358
v 0.00898402 0.00157657 -0.0207358
v 0.00623321 0.00177553 -0.0207358
v 0.00348228 0.00198643 -0.0207358
v 0.000733277 0.00220902 -0.0207358
v -0.00201574 0.00244352 -0.0207358
v -0.00476272 0.0026897 -0.0207358
v -0.00750863 0.00294767 -0.0207358
v -0.0102544 0.00321756 -0.0207358
v -0.012998 0.00349912 -0.0207358
v -0.0157403 0.00379244 -0.0207358
v -0.0184824 0.00409764 -0.0207358
v -0.0212221 0.00441452 -0.0207358
v -0.0239615 0.00474326 -0.0207358
v -0.0266984 0.00508362 -0.0207358
v -0.0321687 0.00579975 -0.0239108
v -0.0294338 0.00543577 -0.0239108
v -0.0729634 0.0126622 -0.0239108
v -0.0702586 0.0121231 -0.0239108
v -0.0675505 0.0115956 -0.0239108
v -0.0648412 0.0110798 -0.0239108
v -0.0621296 0.0105756 -0.0239108
v -0.059415 0.0100829 -0.0239108
v -0.0566992 0.00960208 -0.0239108
v -0.0539814 0.00913289 -0.0239108
v -0.0512607 0.00867519 -0.0239108
v -0.0485389 0.00822936 -0.0239108
v -0.0458153 0.00779518 -0.0239108
v -0.0430889 0.0073726 -0.0239108
v -0.0403616 0.00696182 -0.0239108
v -0.0376317 0.00656264 -0.0239108
v -0.034901 0.00617534 -0.0239108
v 0.0117357 0.00138937 -0.0239108
v 0.0145619 0.00120945 -0.0239108
v 0.00898402 0.00157657 -0.0239108
v 0.00623321 0.00177553 -0.0239108
v 0.00348228 0.00198643 -0.0239108
v 0.000733277 0.00220902 -0.0239108
v -0.00201573 0.00244352 -0.0239108
v -0.00476273 0.0026897 -0.0239108
v -0.00750863 0.00294767 -0.0239108
v -0.0102544 0.00321756 -0.0239108
v -0.012998 0.00349912 -0.0239108
v -0.0157403 0.00379244 -0.0239108
v -0.0184824 0.00409764 -0.0239108
v -0.0212221 0.00441452 -0.0239108
v -0.0239615 0.00474326 -0.0239108
v -0.0266984 0.00508362 -0.0239108
v -0.0321687 0.00579975 -0.0270858
v -0.0294338 0.00543577 -0.0270858
v -0.0729634 0.0126622 -0.0270858
v -0.0702586 0.0121231 -0.0270858
v -0.0675505 0.0115956 -0.0270858
v -0.0648412 0.0110798 -0.0270858
v -0.0621296 0.0105756 -0.0270858
v -0.059415 0.0100829 -0.0270858
v -0.0566992 0.00960208 -0.0270858
v -0.0539814 0.00913289 -0.0270858
v -0.0512607 0.00867519 -0.0270858
v -0.0485389 0.00822936 -0.0270858
v -0.0458153 0.00779518 -0.0270858
v -0.0430889 0.0073726 -0.0270858
v -0.0403616 0.00696182 -0.0270858
v -0.0376317 0.00656264 -0.0270858
v -0.034901 0.00617534 -0.0270858
v 0.00623321 0.00177553 -0.0270858
v 0.00348228 0.00198643 -0.0270858
v 0.000733277 0.00220902 -0.0270858
v -0.00201573 0.00244352 -0.0270858
v -0.00476273 0.0026897 -0.0270858
v -0.00750863 0.00294771 -0.0270858
v -0.0102544 0.00321756 -0.0270858
v -0.012998 0.00349912 -0.0270858
v -0.0157403 0.00379244 -0.0270858
v -0.0184824 0.00409764 -0.0270858
v -0.0212221 0.00441452 -0.0270858
v -0.0239615 0.00474326 -0.0270858
v -0.0266984 0.00508362 -0.0270858
v -0.0321687 0.00579975 -0.0302608
v -0.0729634 0.0126622 -0.0302608
v -0.0702586 0.0121231 -0.0302608
v -0.0675505 0.0115956 -0.0302608
v -0.0648412 0.0110798 -0.0302608
v -0.0621296 0.0105756 -0.0302608
v -0.059415 0.0100829 -0.0302608
v -0.0566992 0.00960208 -0.0302608
v -0.0539814 0.00913289 -0.0302608
v -0.0512607 0.00867519 -0.0302608
v -0.0485389 0.00822936 -0.0302608
v -0.0458153 0.00779518 -0.0302608
v -0.0430889 0.0073726 -0.0302608
v -0.0403616 0.00696182 -0.0302608
v -0.0376317 0.00656264 -0.0302608
v -0.034901 0.00617534 -0.0302608
v 0.0535162 1.78083e-06 -0.0265278
v 0.0535042 1.87022e-06 -0.0237328
v 0.0397693 0.00163432 -0.0293238
v 0.0425438 0.00105302 -0.0293238
v 0.0425438 0.00105302 -0.0209378
v 0.0397693 0.00163432 -0.0209378
v 0.0290159 0.00519765 -0.0293238
v 0.0290159 0.00519765 -0.0209378
v 0.027077 0.0060817 -0.0209378
v 0.0316408 0.00412463 -0.0293238
v 0.0316408 0.00412463 -0.0209378
v 0.0343117 0.0031718 -0.0293238
v 0.0343117 0.0031718 -0.0209378
v 0.037023 0.00234113 -0.0293238
v 0.037023 0.00234113 -0.0209378
v 0.0481596 0.000270461 -0.0209378
v 0.0481596 0.000270461 -0.0293238
v 0.0509883 7.10428e-05 -0.0293238
v 0.0453428 0.000598012 -0.0209378
v 0.0453428 0.000598012 -0.0293238
v 0.0622632 0 -0.0209378
v 0.0593322 0 -0.0209378
v 0.0593322 0 -0.0293238
v 0.0622632 0 -0.0293238
v 0.0699292 0 -0.0209378
v 0.0681252 0 -0.0209378
v 0.0699292 0 -0.0293238
v 0.0681252 0 -0.0293238
v 0.0651942 0 -0.0209378
v 0.0651942 0 -0.0293238
v 0.0564012 0 -0.0293238
v 0.0564012 0 -0.0209378
v 0.0535292 1.68772e-06 -0.0293238
v 0.0534842 2.0575e-06 -0.0179248
v 0.0534852 1.91489e-07 -0.0148148
v 0.0524563 1.82691e-05 -0.0175568
v 0.0521784 2.56065e-05 -0.0168498
v 0.0544802 0 -0.0152688
v -0.0762427 0.0133319 -0.0191728
v -0.0782172 0.0137438 -0.0211008
v -0.0799508 0.0141107 -0.0227528
v -0.0818319 0.0145145 -0.0245318
v -0.0745883 0.0129918 -0.0213208
v -0.0762466 0.0133327 -0.0224828
v -0.078228 0.013746 -0.0243088
v -0.0799606 0.0141128 -0.0259278
v -0.0745883 0.0129918 -0.0244308
v -0.0762515 0.0133337 -0.0256478
v 0.0245491 0.00735788 -0.0227278
v 0.0220816 0.00874727 -0.0290518
v 0.0245491 0.00735788 -0.0259268
v -0.0294338 0.00543577 -0.00730881
v -0.0321687 0.00579975 -0.00730881
v -0.0885028 0.0159942 -0.0199848
v -0.0904669 0.016444 -0.0218318
v -0.0729634 0.0126622 -0.00730881
v -0.0757286 0.0132257 -0.00808781
v 0.017389 0.00104201 -0.0257688
v 0.0202167 0.000887016 -0.0225938
v 0.0564012 0 -0.00730881
v 0.0535412 1.53191e-07 -0.00730881
v -0.0702586 0.0121231 -0.00730881
v -0.0675505 0.0115956 -0.00730881
v -0.0648412 0.0110798 -0.00730881
v -0.0621296 0.0105756 -0.00730881
v -0.059415 0.0100829 -0.00730881
v -0.0566992 0.00960208 -0.00730881
v -0.0539814 0.00913289 -0.00730881
v -0.0512607 0.00867519 -0.00730881
v -0.0485389 0.00822936 -0.00730881
v -0.0458153 0.00779518 -0.00730881
v -0.0430889 0.0073726 -0.00730881
v -0.0403616 0.00696182 -0.00730881
v -0.0376317 0.00656264 -0.00730881
v -0.034901 0.00617534 -0.00730881
v -0.0969632 0.0179783 -0.0282298
v 0.0220816 0.00874727 -0.0227458
v 0.0196713 0.0102339 -0.0258698
v 0.0547082 0 -0.0163698
v 0.0543432 0 -0.0172928
v 0.0522292 2.33617e-06 -0.0161078
v 0.0525722 1.53191e-06 -0.0153758
v 0.0519812 3.06383e-06 -0.0162668
v 0.0521542 2.56596e-06 -0.0162668
v 0.0521544 2.62993e-05 -0.0164728
v 0.0519815 3.15584e-05 -0.0164728
v 0.0396454 0.000159625 -0.0162438
v 0.0424798 0.000102715 -0.0162438
v 0.0424798 0.000102715 -0.00730881
v 0.0396454 0.000159625 -0.00730881
v 0.0425438 0.00105302 -0.0164958
v 0.0397693 0.00163432 -0.0164968
v 0.0258741 0.000614451 -0.0162438
v 0.028307 0.000512578 -0.0162438
v 0.028307 0.000512578 -0.00730881
v 0.0258741 0.000614451 -0.00730881
v 0.0290159 0.00519765 -0.0164968
v 0.027077 0.0060817 -0.0164968
v 0.031141 0.000405574 -0.0162438
v 0.0339754 0.000311093 -0.0162438
v 0.0368102 0.000229098 -0.0162438
v 0.0453155 5.8251e-05 -0.0162438
v 0.0481513 2.63106e-05 -0.0162438
v 0.031141 0.000405574 -0.00730881
v 0.0339754 0.000311093 -0.00730881
v 0.0368102 0.000229098 -0.00730881
v 0.0316408 0.00412463 -0.0164968
v 0.0343117 0.0031718 -0.0164968
v 0.037023 0.00234113 -0.0164968
v 0.0481596 0.000270461 -0.0164958
v 0.0453428 0.000598012 -0.0164958
v 0.0230451 0.00074451 -0.0194188
v 0.0145619 0.00120945 -0.00730881
v 0.0117357 0.00138937 -0.00730881
v 0.017389 0.00104201 -0.00730881
v 0.0172696 0.0117346 -0.0289948
v 0.0245491 0.00735788 -0.0196208
v 0.0701542 0 -0.0156168
v 0.0701542 0 -0.0127718
v 0.0701542 0 -0.0182208
v 0.0701542 0 -0.0265278
v 0.0701542 0 -0.0237328
v 0.0593322 0 -0.00730881
v 0.0202167 0.000887016 -0.00730881
v 0.00898402 0.00157657 -0.00730881
v 0.00623321 0.00177553 -0.00730881
v 0.00348228 0.00198643 -0.00730881
v 0.000733277 0.00220902 -0.00730881
v -0.00201574 0.00244352 -0.00730881
v -0.00476272 0.0026897 -0.00730881
v -0.00750863 0.00294767 -0.00730881
v -0.0102544 0.00321756 -0.00730881
v -0.012998 0.00349912 -0.00730881
v -0.0157403 0.00379244 -0.00730881
v -0.0184824 0.00409764 -0.00730881
v -0.0212221 0.00441452 -0.00730881
v -0.0239615 0.00474326 -0.00730881
v -0.0266984 0.00508362 -0.00730881
v -0.0783933 0.0137808 -0.0104838
v -0.0806344 0.0142568 -0.0126008
v 0.0509872 6.89361e-06 -0.00730881
v 0.0481513 2.63106e-05 -0.00730881
v 0.0453155 5.8251e-05 -0.00730881
v 0.0230451 0.00074451 -0.00730881
v 0.0622632 0 -0.00730881
v 0.0694912 0 -0.00821881
v 0.0674082 0 -0.00730881
v 0.0651942 0 -0.00730881
v -0.082603 0.0146817 -0.0144468
v -0.0845713 0.0151131 -0.0162928
v -0.0865372 0.0155505 -0.0181388
v -0.0944814 0.0173837 -0.0256378
v -0.0924287 0.0168998 -0.0236358
v 0.0701542 0 -0.0104318
v 0.0145619 0.00120945 -0.0289438
v 0.0701542 0 -0.0209378
v 0.0701542 0 -0.0293238
v 0.0534842 2.0575e-06 -0.0177008
v 0.0534842 1.91489e-07 -0.0150388
v 0.0525723 1.55688e-05 -0.0173648
v 0.0522284 2.41949e-05 -0.0166318
v 0.0543432 0 -0.0154468
vn 0.131278 0.991346 0
vn 0.135275 0.990808 0
vn 0.147777 0.989021 0
vn 0.150523 0.988607 0
vn 0.143777 0.98961 0
vn 0.143777 0.98961 6.59449e-08
vn 0.139524 0.990219 0
vn 0.131278 0.991346 0
vn 0.128555 0.991702 0
vn -0.591828 0.806065 0
vn 0.147777 0.989021 0
vn 0.139524 0.990219 0
vn 0.791535 0.611124 0
vn 0.128556 0.991702 0
vn 0.150523 0.988607 1.44994e-07
vn -0.591826 0.806066 0
vn 0.150525 0.988606 1.44994e-07
vn 0.147777 0.989021 0
vn 0.128556 0.991702 7.2724e-08
vn 0.150525 0.988606 0
vn 0.791534 0.611125 0
vn 0.128555 0.991702 7.2724e-08
vn 0.135275 0.990808 -3.83934e-07
vn 0.150525 0.988606 -6.4644e-07
vn 0.147777 0.989021 -3.9602e-07
vn -0.698932 0.107198 -0.707108
vn 0 0 -1
vn -0.106436 -0.69905 -0.707107
vn -0.658134 -0.483193 -0.577395
vn -0.101666 -0.699759 -0.707108
vn -0.104494 -0.699343 -0.707107
vn -0.0986582 -0.70019 -0.707108
vn -0.0956536 -0.700606 -0.707108
vn -0.0928274 -0.700987 -0.707107
vn -0.0909026 -0.701239 -0.707107
vn 0.0928274 0.700987 -0.707107
vn 0.0956536 0.700606 -0.707108
vn 0.106436 0.69905 -0.707107
vn -0.483242 0.658168 -0.577314
vn 0.101666 0.699759 -0.707108
vn 0.104494 0.699343 -0.707107
vn 0.0986583 0.70019 -0.707108
vn 0.0909027 0.701239 -0.707107
vn 0.701341 -0.0901108 -0.707108
vn 0.646316 0.499003 -0.577297
vn -0.150524 -0.988606 0
vn -0.806074 -0.591814 0
vn -0.143777 -0.98961 0
vn -0.147777 -0.989021 0
vn -0.139524 -0.990219 0
vn -0.135275 -0.990808 0
vn -0.131278 -0.991346 0
vn -0.128556 -0.991702 0
vn -0.147777 -0.989021 -7.25273e-08
vn -0.150524 -0.988606 0
vn -0.143777 -0.98961 0
vn -0.147777 -0.989021 -7.25273e-08
vn -0.147777 -0.989021 0
vn -0.150524 -0.988606 3.9867e-07
vn -0.147777 -0.989021 5.19957e-07
vn -0.135275 -0.990808 2.48321e-07
vn 0.611119 -0.791539 0
vn 0.991847 -0.127436 -1.12998e-06
vn 0.991847 -0.127436 0
vn 0.498955 -0.646259 -0.577403
vn -0.988442 0.151599 0
vn -0.988442 0.151599 -2.05689e-06
vn 0.131278 0.991346 0
vn 0.135275 0.990808 6.60248e-08
vn 0.147777 0.989021 0
vn 0.150519 0.988607 0
vn 0.143777 0.98961 0
vn 0.139524 0.990219 0
vn 0.131278 0.991346 0
vn -0.59183 0.806063 0
vn 0.139524 0.990219 0
vn 0.150519 0.988607 -6.46435e-07
vn 0.147777 0.989021 -3.9602e-07
vn -0.698932 0.107198 0.707108
vn -0.658131 -0.483195 0.577396
vn -0.106434 -0.69905 0.707107
vn 0 0 1
vn -0.104494 -0.699343 0.707107
vn -0.101666 -0.699759 0.707108
vn -0.0986581 -0.70019 0.707108
vn -0.0956535 -0.700606 0.707108
vn -0.0928276 -0.700987 0.707107
vn -0.0909026 -0.701239 0.707107
vn 0.0956536 0.700606 0.707108
vn 0.0928276 0.700987 0.707107
vn -0.483245 0.658167 0.577313
vn 0.106433 0.699051 0.707107
vn 0.104494 0.699343 0.707107
vn 0.101666 0.699759 0.707108
vn 0.0986581 0.70019 0.707108
vn 0.0909021 0.701239 0.707107
vn 0.701341 -0.0901109 0.707107
vn 0.646316 0.499003 0.577297
vn -0.806072 -0.591817 0
vn -0.15052 -0.988607 0
vn -0.147777 -0.989021 0
vn -0.143777 -0.98961 0
vn -0.139524 -0.990219 0
vn -0.135275 -0.990808 0
vn -0.131278 -0.991346 0
vn -0.147777 -0.989021 -4.8084e-08
vn -0.139524 -0.990219 -4.81422e-08
vn -0.15052 -0.988607 0
vn -0.147777 -0.989021 -4.8084e-08
vn -0.147777 -0.989021 0
vn -0.15052 -0.988607 3.98666e-07
vn -0.147777 -0.989021 5.19957e-07
vn 0.991847 -0.127436 9.98108e-07
vn 0.498955 -0.646259 0.577403
vn -0.988442 0.151599 2.05689e-06
vn -0.698903 0.107399 -0.707107
vn -0.106606 -0.699024 -0.707107
vn -0.658294 -0.48299 -0.577382
vn -0.101666 -0.699759 -0.707108
vn -0.104543 -0.699335 -0.707107
vn -0.0986582 -0.70019 -0.707108
vn -0.0956535 -0.700606 -0.707108
vn -0.0927667 -0.700995 -0.707107
vn -0.0907252 -0.701262 -0.707107
vn -0.150764 -0.98857 0
vn -0.806264 -0.591556 0
vn -0.143777 -0.98961 0
vn -0.147846 -0.98901 0
vn -0.139524 -0.990219 0
vn -0.135275 -0.990808 0
vn -0.131192 -0.991357 0
vn -0.128305 -0.991735 -1.21979e-07
vn -0.131192 -0.991357 0
vn -0.128304 -0.991735 -1.21979e-07
vn -0.128304 -0.991735 0
vn -0.131192 -0.991357 -7.26986e-08
vn -0.135275 -0.990808 0
vn -0.131192 -0.991357 -7.26986e-08
vn -0.128304 -0.991735 0
vn -0.806264 -0.591556 9.56539e-07
vn -0.147846 -0.98901 3.96086e-07
vn -0.135275 -0.990808 2.48321e-07
vn -0.131192 -0.991357 0
vn 0.61139 -0.791329 0
vn 0.611389 -0.79133 0
vn 0.99189 -0.127096 0
vn 0.61139 -0.791329 1.42416e-06
vn 0.99189 -0.127096 2.02059e-06
vn 0.701372 -0.0898703 -0.707107
vn 0.499173 -0.646087 -0.577405
vn -0.988398 0.151884 -3.80661e-08
vn -0.988398 0.151884 0
vn -0.698903 0.107399 0.707107
vn -0.658291 -0.483004 0.577373
vn -0.106609 -0.699024 0.707107
vn -0.104543 -0.699335 0.707107
vn -0.101666 -0.699759 0.707108
vn -0.098658 -0.70019 0.707108
vn -0.0956536 -0.700606 0.707108
vn -0.0927669 -0.700995 0.707107
vn -0.0907245 -0.701262 0.707107
vn -0.806255 -0.591569 0
vn -0.150768 -0.988569 0
vn -0.147846 -0.98901 0
vn -0.143777 -0.98961 0
vn -0.139524 -0.990219 0
vn -0.131192 -0.991357 0
vn -0.128304 -0.991735 0
vn -0.143777 -0.98961 -7.25706e-08
vn -0.147846 -0.98901 0
vn -0.139524 -0.990219 0
vn -0.806255 -0.591569 9.56532e-07
vn -0.147846 -0.98901 3.96086e-07
vn 0.61139 -0.791329 0
vn 0.61139 -0.791329 1.42416e-06
vn 0.701372 -0.0898703 0.707107
vn 0.499174 -0.646087 0.577405
vn -0.483027 0.658316 -0.577326
vn 0.106606 0.699024 -0.707107
vn 0.104543 0.699335 -0.707107
vn 0.101666 0.699759 -0.707108
vn 0.0986582 0.70019 -0.707108
vn 0.0956536 0.700606 -0.707108
vn 0.0927668 0.700995 -0.707107
vn 0.0907245 0.701262 -0.707107
vn -0.591572 0.806252 0
vn 0.150764 0.98857 0
vn 0.147846 0.98901 0
vn 0.143777 0.98961 0
vn 0.139524 0.990219 0
vn 0.135275 0.990808 0
vn 0.131192 0.991357 0
vn 0.128304 0.991735 0
vn 0.147846 0.98901 7.25266e-08
vn 0.150764 0.98857 0
vn 0.147846 0.98901 7.25266e-08
vn 0.143777 0.98961 0
vn 0.147846 0.98901 0
vn -0.591572 0.806252 3.90984e-07
vn 0.147846 0.98901 -5.20022e-07
vn 0.135275 0.990808 -2.48321e-07
vn 0.79133 0.61139 0
vn 0.79133 0.61139 1.43339e-06
vn 0.646148 0.499221 -0.577296
vn 0.106609 0.699024 0.707107
vn -0.483014 0.658331 0.577319
vn 0.101666 0.699759 0.707108
vn 0.104543 0.699335 0.707107
vn 0.0986581 0.70019 0.707108
vn 0.0956535 0.700606 0.707108
vn 0.0927669 0.700995 0.707107
vn 0.0907245 0.701262 0.707107
vn 0.150767 0.988569 0
vn -0.591553 0.806266 0
vn 0.143777 0.98961 0
vn 0.147846 0.98901 0
vn 0.139524 0.990219 0
vn 0.131192 0.991357 0
vn 0.128304 0.991735 0
vn 0.147846 0.98901 4.80835e-08
vn 0.139524 0.990219 4.81422e-08
vn 0.150767 0.988569 0
vn 0.147846 0.98901 4.80835e-08
vn 0.147846 0.98901 0
vn -0.591553 0.806266 3.90962e-07
vn 0.147846 0.98901 -5.20022e-07
vn 0.79133 0.61139 0
vn 0.79133 0.61139 1.43339e-06
vn 0.646148 0.499221 0.577296
vn 0.129805 0.99154 0
vn 0.134054 0.990974 0
vn 0.219576 0.975595 3.93943e-05
vn 0.221334 0.975198 -0.000201912
vn 0.224348 0.974509 -0.000253788
vn 0.222631 0.974903 4.37631e-05
vn 0.197546 0.980294 5.38647e-06
vn 0.201555 0.979477 1.51706e-05
vn 0.200784 0.979636 5.4158e-05
vn 0.197342 0.980335 2.86879e-06
vn 0.0569263 0.998378 0
vn 0.0525245 0.99862 0
vn 0.0529653 0.998596 0
vn 0.0573658 0.998353 0
vn 0.00134686 0.999999 8.00561e-06
vn 0.0013535 0.999999 9.87942e-06
vn 2.66358e-05 1 0
vn 2.67567e-05 1 0
vn 0.193337 0.981133 0
vn 0.193332 0.981133 0
vn 0.189122 0.981954 0
vn 0.189122 0.981954 1.30869e-07
vn 0.184908 0.982756 0
vn 0.180688 0.98354 0
vn 0.176461 0.984308 0
vn 0.172231 0.985057 0
vn 0.168006 0.985786 0
vn 0.163771 0.986498 0
vn 0.159537 0.987192 0
vn 0.159538 0.987192 0
vn 0.155295 0.987868 6.94767e-07
vn 0.155296 0.987868 3.48093e-07
vn 0.151053 0.988526 0
vn 0.151053 0.988526 0
vn 0.146813 0.989164 0
vn 0.142557 0.989787 0
vn 0.138306 0.99039 0
vn 0.138306 0.99039 6.59968e-08
vn 0.0614185 0.998112 0
vn 0.0657988 0.997833 -9.63315e-09
vn 0.649711 0.760181 -3.26203e-08
vn 0.570228 0.673401 0.470501
vn 0.0742908 0.997237 6.24831e-08
vn 0.0693519 0.997592 -2.57992e-12
vn 0.070007 0.997546 0
vn 0.0742908 0.997237 0
vn 0.0785747 0.996908 0
vn 0.0828501 0.996562 0
vn 0.087127 0.996197 0
vn 0.0914054 0.995814 0
vn 0.0956786 0.995412 0
vn 0.0956786 0.995412 0
vn 0.0999487 0.994993 6.23425e-08
vn 0.104222 0.994554 -1.44777e-07
vn 0.104222 0.994554 0
vn 0.108486 0.994098 1.24573e-07
vn 0.108486 0.994098 0
vn 0.112756 0.993623 0
vn 0.117025 0.993129 0
vn 0.121281 0.992618 0
vn 0.125545 0.992088 -3.11571e-07
vn 0.125545 0.992088 0
vn 0.234003 0.972236 -0.000205664
vn 0.237534 0.971379 -9.83277e-12
vn 0.233683 0.972313 -1.31175e-10
vn 0.231397 0.97286 -0.000183026
vn 0.202806 0.979219 -1.8604e-07
vn 0.199671 0.979863 -2.45622e-07
vn 0.200098 0.979776 0
vn 0.2028 0.97922 -3.18479e-06
vn 0.205183 0.978724 -6.11759e-08
vn 0.507911 0.861409 0
vn 0.527449 0.849587 0
vn 0 1 0
vn 0.000765891 1 -0.000577824
vn 0.000493026 1 -0.000294579
vn 0.00280113 0.999996 5.80411e-05
vn 0.00214182 0.999998 0.00026319
vn 0.0029932 0.999995 0.000291955
vn 0.00318867 0.999995 9.43399e-05
vn 0.0054223 0.999985 -0.000600475
vn 0.00848924 0.999964 -0.000310817
vn 0.0052206 0.999986 -0.00112318
vn 0.0474879 0.998871 -0.000957297
vn 0.0141284 0.9999 -2.0266e-05
vn 0.0113025 0.999936 -6.7886e-06
vn 0.0309474 0.999519 -0.0020388
vn 0.055763 0.998427 0.00576354
vn 0.0328071 0.999461 -0.0013646
vn 0.0531484 0.998534 0.0102835
vn 0.0871639 0.99619 0.0029438
vn 0.227213 0.973845 -4.05619e-08
vn 0.227213 0.973845 0
vn 0.182805 0.983149 0
vn 0.182805 0.983149 -2.04747e-08
vn 0.0178764 0.99984 0
vn 0.0222855 0.999752 0
vn 0.227213 0.973845 8.22122e-08
vn 0.182805 0.983149 0
vn 0.432854 0.901464 0
vn 0.432854 0.901464 0
vn 0.396709 0.917944 7.64671e-08
vn 0.396709 0.917944 7.64671e-08
vn 0.0397838 0.999208 0
vn 0.0438809 0.999037 0
vn 0.0397838 0.999208 0
vn 0.0438809 0.999037 0
vn 0.0438809 0.999037 -1.66433e-08
vn 0.396709 0.917944 0
vn 0.35729 0.933994 7.77762e-08
vn 0.35729 0.933994 0
vn 0.314548 0.949241 3.9523e-08
vn 0.314548 0.949241 0
vn 0.271158 0.962535 0
vn 0.271158 0.962535 4.00908e-08
vn 0.048866 0.998805 0
vn 0.0489134 0.998803 0
vn 0.0929392 0.995672 0
vn 0.138017 0.99043 -2.06263e-08
vn 0.138017 0.99043 0
vn 0.0355229 0.999369 0
vn 0.0311138 0.999516 0
vn 0.0267046 0.999643 0
vn 0.0134705 0.999909 0
vn 0.00874523 0.999962 0
vn 0.0355229 0.999369 0
vn 0.0355229 0.999369 -8.3244e-09
vn 0.0311137 0.999516 0
vn 0.0311137 0.999516 -1.66512e-08
vn 0.0267046 0.999643 0
vn 0.0046191 0.999989 0.000162719
vn 0.00905457 0.999959 0
vn 0.314548 0.949241 0
vn 0.271158 0.962535 0
vn 0.138017 0.99043 4.18062e-08
vn 0.0898036 0.99596 0
vn 0.0438809 0.999037 -1.66433e-08
vn 0.0481227 0.998841 -1.664e-08
vn 0.0485622 0.99882 0
vn 0.0481227 0.998841 0
vn 0.0613282 0.998118 0
vn 0.065704 0.997839 3.33039e-08
vn 0.0613282 0.998118 0
vn 0.529919 0.848048 0
vn 0.529918 0.848049 3.39538e-13
vn 0.529919 0.848048 0
vn 0.529919 0.848048 0
vn 0.470777 0.882252 0
vn 0.502178 0.864764 0
vn 0.464099 0.885783 2.47935e-08
vn 0.470778 0.882252 6.52526e-08
vn 0.432854 0.901464 7.50943e-08
vn 0.000320405 1 0
vn 0.000306326 1 0
vn 0.134054 0.990974 0
vn 0.217483 0.976064 -4.69298e-07
vn 0.217475 0.976066 -6.77164e-07
vn 0.220017 0.975496 -1.55802e-07
vn 0.200085 0.979779 3.56138e-05
vn 0.197129 0.980377 -2.7877e-06
vn 0.0525245 0.99862 0
vn 0.00136645 0.999999 -5.16252e-06
vn 2.1125e-05 1 8.11191e-06
vn 0.184907 0.982756 0
vn 0.155295 0.987868 -3.46787e-07
vn 0.142557 0.989787 0
vn 0.070007 0.997546 0
vn 0.0742907 0.997237 0
vn 0.0785747 0.996908 0
vn 0.0785747 0.996908 -1.08319e-07
vn 0.0828502 0.996562 0
vn 0.0828502 0.996562 1.09632e-08
vn 0.087127 0.996197 0
vn 0.0914054 0.995814 0
vn 0.0999486 0.994993 0
vn 0.108486 0.994098 0
vn 0.112756 0.993623 6.62123e-08
vn 0.117025 0.993129 0
vn 0.205527 0.978651 -0.00012666
vn 0.204166 0.978936 9.379e-05
vn 0.20898 0.97792 -0.000199496
vn 0.207375 0.978261 0.000156779
vn 0.00474342 0.999989 0
vn 0.00475017 0.999989 0
vn 0.0355229 0.999369 -8.3244e-09
vn 0.0311138 0.999516 -1.66512e-08
vn 0.0481227 0.998841 0
vn 0.0481227 0.998841 -1.664e-08
vn 0.065704 0.997839 0
vn 0.212127 0.977242 -0.000217014
vn 0.210411 0.977613 6.93162e-05
vn 0.215199 0.97657 -0.000208887
vn 0.213455 0.976953 4.54486e-05
vn 0.218276 0.975887 -0.000192346
vn 0.216515 0.976279 4.15518e-05
vn 0.230661 0.973034 -0.000287743
vn 0.228781 0.973478 0.000195029
vn 0.227463 0.973787 -0.00018816
vn 0.225681 0.974201 4.11159e-05
vn 0.208512 0.97802 -7.19866e-07
vn 0.205652 0.978625 -4.09197e-06
vn 0.208509 0.97802 -3.17286e-08
vn 0.210911 0.977505 -2.39649e-07
vn 0.213925 0.97685 -3.54449e-13
vn 0.211408 0.977398 4.75113e-06
vn 0.214409 0.976744 2.12712e-07
vn 0.22787 0.973692 -1.40997e-07
vn 0.223579 0.974686 -4.09263e-07
vn 0.223726 0.974652 0.000220419
vn 0.220687 0.975345 0.000202614
vn 0.0742908 0.997237 0
vn 0.0785747 0.996908 -1.08319e-07
vn 0.0828501 0.996562 1.09631e-08
vn 0.00109356 0.999999 -8.68257e-06
vn 4.61186e-05 1 3.5483e-05
vn 0.19713 0.980377 0
vn 0.155295 0.987868 0
vn 0.202814 0.979217 7.30593e-05
vn 0.205742 0.978606 0.000127161
vn 0.217638 0.97603 0.00020237
vn 0.208616 0.977998 0.000163551
vn 0.211537 0.97737 0.000191969
vn 0.214574 0.976708 0.000198802
vn 0.200094 0.979777 0
vn 0.0660945 0.997813 -1.93588e-05
vn 0.061769 0.99809 0
vn 0.0785747 0.996908 3.65529e-08
vn 0.0828501 0.996562 0
vn 0.0956786 0.995412 3.64981e-08
vn 0.0999487 0.994993 0
vn 0.184907 0.982756 1.44136e-07
vn 0.180688 0.98354 1.44251e-07
vn 0.189123 0.981954 0
vn 0.184908 0.982756 1.44136e-07
vn 0.180688 0.98354 1.44251e-07
vn 0.176461 0.984308 0
vn 0.142557 0.989787 1.24033e-07
vn 0.134054 0.990974 -2.48363e-07
vn 0.19713 0.980377 -7.37121e-07
vn 0.184908 0.982756 -4.92607e-07
vn 0.180688 0.98354 0
vn 0.172231 0.985057 -4.19541e-07
vn 0.163771 0.986498 -4.11421e-07
vn 0.155295 0.987868 -2.47585e-07
vn 0.146813 0.989164 -3.95089e-07
vn 0.142557 0.989787 -2.48065e-07
vn 0.138306 0.99039 0
vn 0.0140009 0.999902 -3.03845e-05
vn 0.0140625 0.999901 -2.24394e-05
vn 0.227213 0.973845 0
vn 0.182805 0.983149 2.04747e-08
vn 0.182805 0.983149 -2.04747e-08
vn 0.227213 0.973845 -4.05619e-08
vn 0.396709 0.917944 0
vn 0.35729 0.933994 0
vn 0.35729 0.933994 7.77762e-08
vn 0.314548 0.949241 0
vn 0.314548 0.949241 3.9523e-08
vn 0.271158 0.962535 0
vn 0.271158 0.962535 4.00908e-08
vn 0.0929391 0.995672 0
vn 0.0487664 0.99881 -1.04004e-08
vn 0.0488136 0.998808 0
vn 0.138017 0.99043 -2.06263e-08
vn 0.138017 0.99043 0
vn 0.000292236 1 0
vn 0.000278569 1 0
vn 0.000273686 1 -6.1083e-05
vn 0.0138735 0.999904 1.01387e-11
vn 0.0139344 0.999903 -3.07371e-05
vn 0.00891421 0.99996 0
vn 0.000877411 1 4.25437e-06
vn 0.0220983 0.999752 -0.00269221
vn 0.02886 0.999583 -0.000298241
vn 7.11713e-05 1 5.48177e-05
vn 0.202772 0.979226 -2.79453e-06
vn 0.205623 0.978631 -1.73861e-07
vn 0.208487 0.978025 1.39207e-09
vn 0.211391 0.977402 2.88126e-06
vn 0.200094 0.979777 0
vn 0.202783 0.979224 3.39649e-06
vn 0.205644 0.978627 -9.82263e-07
vn 0.208497 0.978023 -5.91878e-07
vn 0.200091 0.979777 0
vn 0.20279 0.979222 -1.3916e-07
vn 0.526625 0.850098 0
vn 0.0917857 0.701124 -0.707108
vn 0.0947902 0.700724 -0.707108
vn -0.309232 0.795468 -0.521159
vn -0.303912 0.795744 -0.52386
vn 0.0476365 0.714999 -0.6975
vn -0.180768 0.768476 -0.613814
vn 0.567255 0.675906 0.470503
vn 0.564266 0.678406 0.470499
vn 1.89265e-05 0.707107 -0.707107
vn 0.000952017 0.707108 -0.707105
vn 0.136709 0.693765 -0.707108
vn 0.13373 0.694345 -0.707108
vn 0.130749 0.694913 -0.707108
vn 0.127766 0.695467 -0.707108
vn 0.124776 0.69601 -0.707108
vn 0.121785 0.696539 -0.707108
vn 0.118798 0.697055 -0.707108
vn 0.115803 0.697559 -0.707108
vn 0.11281 0.698049 -0.707108
vn 0.10981 0.698527 -0.707108
vn 0.106811 0.698992 -0.707108
vn 0.103812 0.699444 -0.707108
vn 0.100803 0.699884 -0.707108
vn 0.0977969 0.70031 -0.707108
vn -0.370987 0.81919 -0.437375
vn -0.445367 0.895348 2.07207e-07
vn -0.0925745 0.876209 -0.472956
vn -0.0716414 0.87767 -0.473881
vn -0.680984 0.732298 0
vn -0.497371 0.732093 -0.46547
vn 0.641939 0.705338 0.300687
vn 0.461116 0.733044 0.500018
vn 0.00105525 0.708151 0.706061
vn 0.347751 0.763038 0.544832
vn 0.369748 0.754151 -0.542717
vn 0.0312585 0.716896 -0.696479
vn 0.0157582 0.70693 0.707108
vn 0.0126405 0.706993 0.707108
vn 0.0126405 0.706993 -0.707108
vn 0.0157582 0.70693 -0.707108
vn 0.129122 0.695125 -0.707198
vn 0.16052 0.688552 -0.707198
vn 0.307853 0.725885 0.615075
vn 0.0281313 0.706546 0.707108
vn 0.0281313 0.706546 -0.707108
vn 0.0310284 0.706425 -0.707108
vn 0.280488 0.649021 -0.707177
vn 0.0718447 0.784072 -0.616498
vn 0.0251184 0.70666 0.707108
vn 0.0220007 0.706764 0.707108
vn 0.018883 0.706854 0.707108
vn 0.00952505 0.707042 0.707108
vn 0.00400332 0.707099 0.707103
vn 0.0251185 0.70666 -0.707108
vn 0.0220007 0.706764 -0.707108
vn 0.018883 0.706854 -0.707108
vn 0.25261 0.660348 -0.707198
vn 0.222391 0.671129 -0.707198
vn 0.191713 0.680527 -0.707198
vn 0.0607754 0.704373 -0.707223
vn 0.09758 0.700249 -0.707198
vn 0.561273 0.680883 0.470501
vn 0.0433655 0.705775 -0.707108
vn 0.0464597 0.705578 -0.707108
vn 0.0402529 0.705959 -0.707108
vn -0.0695963 0.877299 -0.474872
vn -0.0790539 0.99687 5.51937e-09
vn -0.131012 0.871288 -0.472963
vn 0.707107 0.707107 0
vn 0 0.707107 -0.707107
vn 0.0371404 0.70613 -0.707108
vn 0.0495023 0.705371 -0.707108
vn 0.0525314 0.705152 -0.707108
vn 0.0555607 0.70492 -0.707108
vn 0.0585839 0.704675 -0.707108
vn 0.061608 0.704417 -0.707108
vn 0.0646333 0.704146 -0.707108
vn 0.0676549 0.703862 -0.707108
vn 0.0706743 0.703565 -0.707108
vn 0.0736963 0.703255 -0.707108
vn 0.0767113 0.702933 -0.707108
vn 0.0797306 0.702597 -0.707108
vn 0.0827488 0.702247 -0.707108
vn 0.0857583 0.701886 -0.707108
vn 0.0887733 0.701511 -0.707108
vn -0.318032 0.789532 -0.524876
vn -0.320356 0.791723 -0.520141
vn 0.00335373 0.707098 -0.707108
vn 0.00640254 0.707077 -0.707108
vn 0.00952505 0.707042 -0.707108
vn 0.0340278 0.706287 -0.707108
vn 0.50296 0.74059 -0.445599
vn 0.143043 0.714617 -0.684735
vn -0.316704 0.79251 -0.521178
vn -0.314221 0.793499 -0.521177
vn -0.311715 0.794495 -0.521163
vn -0.318732 0.802497 -0.504389
vn -0.305763 0.797803 -0.519634
vn 0.695903 0.710855 -0.102005
vn -0.0241242 0.735795 -0.676775
vn -0.0296558 0.735405 0.676979
vn 0.475113 0.7237 -0.500526
vn 0.660584 0.689142 -0.297846
vn -0.497463 0.732135 0.465305
vn -0.762167 0.184174 -0.620629
vn -0.971118 0.238601 5.06004e-09
vn -0.681794 0.161898 -0.713404
vn -0.660202 0.154489 -0.735028
vn -0.654408 0.150971 -0.740917
vn -0.658915 0.149839 -0.737143
vn -0.659377 0.147763 -0.737149
vn -0.659836 0.1457 -0.737148
vn -0.660286 0.143636 -0.73715
vn -0.662279 0.141893 -0.735699
vn -0.65551 0.137991 -0.742472
vn -0.465852 0.0960146 -0.879638
vn -0.13166 0.026532 -0.99094
vn 0.204488 0 -0.978869
vn 0.748499 0 -0.663135
vn 0.989427 0 -0.145029
vn 1 0 0
vn -0.628347 0.392642 -0.671574
vn -0.848047 0.529921 1.57616e-07
vn -0.628615 0.392804 -0.671229
vn -0.638076 0.378577 -0.670476
vn -0.654855 0.349439 -0.670118
vn -0.36657 0.174752 -0.913832
vn -0.000172797 4.0314e-05 -1
vn -0.000174447 3.24378e-05 -1
vn -0.00300176 0.000280151 -0.999995
vn -0.00301328 9.58014e-05 -0.999995
vn 0.537954 -0.0156193 -0.84283
vn 0.906172 -0.0252414 -0.422156
vn 0.676886 -0.0151109 -0.735933
vn -0.045075 0.000381474 -0.998984
vn -0.730635 0 -0.682768
vn -1 0 0
vn -0.730367 0 0.683055
vn -0.0447021 3.33784e-05 0.999
vn 0.676796 -0.00145998 0.736169
vn 0.905028 -0.0024329 0.425344
vn 0.535485 -0.00151058 0.844543
vn -0.00300362 9.27079e-06 0.999995
vn -0.00300351 2.71636e-05 0.999995
vn 0.408562 -0.0178813 0.912556
vn 0.74552 -0.0359174 0.665515
vn 0.745353 -0.0392118 0.665516
vn 0.745173 -0.0424939 0.665516
vn 0.744979 -0.045776 0.665515
vn 0.997838 -0.0657277 -6.15867e-09
vn -0.129805 -0.99154 0
vn -0.134054 -0.990974 0
vn -0.219576 -0.975595 -3.92785e-05
vn -0.22263 -0.974903 -4.35331e-05
vn -0.224349 -0.974509 0.000253078
vn -0.221334 -0.975198 0.000200817
vn -0.197546 -0.980294 -4.96943e-06
vn -0.19734 -0.980335 -2.53331e-06
vn -0.200785 -0.979635 -5.50476e-05
vn -0.201556 -0.979477 -1.68366e-05
vn -0.0569263 -0.998378 0
vn -0.0573658 -0.998353 0
vn -0.0529653 -0.998596 0
vn -0.0525244 -0.99862 0
vn -0.00134687 -0.999999 -8.00858e-06
vn -2.67723e-05 -1 0
vn -2.66512e-05 -1 0
vn -0.00135351 -0.999999 -9.88674e-06
vn -0.193337 -0.981132 0
vn -0.193332 -0.981133 0
vn -0.189122 -0.981954 0
vn -0.184907 -0.982756 0
vn -0.180688 -0.98354 0
vn -0.176461 -0.984308 0
vn -0.17223 -0.985057 0
vn -0.168006 -0.985786 0
vn -0.163771 -0.986498 0
vn -0.159538 -0.987192 0
vn -0.155296 -0.987868 0
vn -0.151053 -0.988526 0
vn -0.146813 -0.989164 0
vn -0.142557 -0.989787 0
vn -0.138306 -0.99039 0
vn -0.0614185 -0.998112 0
vn 0.483334 -0.738137 0.470683
vn 0.54397 -0.839105 1.10026e-08
vn -0.0657987 -0.997833 4.8212e-09
vn -0.0742908 -0.997237 0
vn -0.070007 -0.997546 0
vn -0.0693519 -0.997592 2.5824e-12
vn -0.0785747 -0.996908 0
vn -0.0828502 -0.996562 0
vn -0.087127 -0.996197 0
vn -0.0914053 -0.995814 0
vn -0.0956786 -0.995412 0
vn -0.0999487 -0.994993 0
vn -0.104222 -0.994554 8.24622e-08
vn -0.104222 -0.994554 0
vn -0.108486 -0.994098 0
vn -0.112756 -0.993623 0
vn -0.117025 -0.993129 0
vn -0.121281 -0.992618 0
vn -0.125545 -0.992088 3.11571e-07
vn -0.125545 -0.992088 0
vn -0.129805 -0.99154 0
vn -0.234004 -0.972236 0.000203964
vn -0.231396 -0.97286 0.000183068
vn -0.233682 -0.972313 1.31146e-10
vn -0.237535 -0.971379 9.84959e-12
vn -0.202806 -0.979219 4.15539e-07
vn -0.202801 -0.97922 3.09003e-06
vn -0.200098 -0.979776 0
vn -0.199671 -0.979863 2.45622e-07
vn -0.205183 -0.978724 1.37885e-07
vn -0.507902 -0.861415 0
vn -0.52744 -0.849593 0
vn 0 -1 0
vn -0.000496279 -1 0.000296526
vn -0.000770164 -1 0.000581048
vn -0.00280104 -0.999996 -5.8048e-05
vn -0.00299319 -0.999995 -0.000292162
vn -0.00214179 -0.999998 -0.000263355
vn -0.00318868 -0.999995 -9.43757e-05
vn -0.00522063 -0.999986 0.00112401
vn -0.00848925 -0.999964 0.000311039
vn -0.00542229 -0.999985 0.000600895
vn -0.0474891 -0.998871 0.000964046
vn -0.0309485 -0.999519 0.00205308
vn -0.0113072 -0.999936 6.8315e-06
vn -0.0141322 -0.9999 2.04992e-05
vn -0.0557632 -0.998427 -0.00580537
vn -0.0871639 -0.99619 -0.00296517
vn -0.0531483 -0.998533 -0.0103563
vn -0.032808 -0.999461 0.00137461
vn -0.227213 -0.973845 4.05619e-08
vn -0.182805 -0.983149 2.04747e-08
vn -0.182805 -0.983149 0
vn -0.227213 -0.973845 0
vn -0.0178764 -0.99984 0
vn -0.0222855 -0.999752 0
vn -0.0178764 -0.99984 -1.04104e-09
vn -0.0222855 -0.999752 0
vn -0.227213 -0.973845 -1.99737e-08
vn -0.227213 -0.973845 0
vn -0.432854 -0.901464 0
vn -0.396709 -0.917944 -7.64671e-08
vn -0.396709 -0.917944 -7.64671e-08
vn -0.432854 -0.901464 0
vn -0.0397837 -0.999208 -1.47543e-08
vn -0.0397837 -0.999208 0
vn -0.0438809 -0.999037 0
vn -0.0397838 -0.999208 0
vn -0.0397838 -0.999208 1.66461e-08
vn -0.0438809 -0.999037 8.32163e-09
vn -0.396709 -0.917944 0
vn -0.432854 -0.901464 -7.39565e-08
vn -0.432854 -0.901464 0
vn -0.35729 -0.933994 -7.78041e-08
vn -0.35729 -0.933994 0
vn -0.314548 -0.949242 0
vn -0.314548 -0.949242 0
vn -0.271158 -0.962535 -4.00908e-08
vn -0.0488672 -0.998805 4.65295e-13
vn -0.0929392 -0.995672 -1.85534e-12
vn -0.0929392 -0.995672 -5.18388e-09
vn -0.0489147 -0.998803 1.03421e-25
vn -0.138017 -0.99043 -1.03132e-08
vn -0.138017 -0.99043 1.03132e-08
vn -0.0355229 -0.999369 0
vn -0.0311138 -0.999516 -7.37944e-09
vn -0.0311138 -0.999516 0
vn -0.0267046 -0.999643 -3.69019e-09
vn -0.0267046 -0.999643 0
vn -0.0134704 -0.999909 0
vn -0.00874523 -0.999962 8.08409e-09
vn -0.0355229 -0.999369 4.61987e-08
vn -0.0311137 -0.999516 0
vn -0.0311137 -0.999516 8.32562e-09
vn -0.0267046 -0.999643 0
vn -0.0267046 -0.999643 6.24501e-09
vn -0.00905458 -0.999959 -7.21711e-10
vn -0.0046191 -0.999989 -0.000162828
vn -0.0134704 -0.999909 -5.20556e-10
vn -0.35729 -0.933994 0
vn -0.314548 -0.949242 0
vn -0.314548 -0.949242 -3.89381e-08
vn -0.271158 -0.962535 0
vn -0.138017 -0.99043 0
vn -0.138017 -0.99043 0
vn -0.0898035 -0.99596 -1.05099e-08
vn -0.0485621 -0.99882 0
vn -0.0481226 -0.998841 8.32e-09
vn -0.0438809 -0.999037 8.32163e-09
vn -0.0481226 -0.998841 0
vn -0.0613282 -0.998118 0
vn -0.065704 -0.997839 0
vn -0.0569263 -0.998378 0
vn -0.529919 -0.848048 0
vn -0.529919 -0.848048 0
vn -0.52992 -0.848048 0
vn -0.529918 -0.848049 -6.64742e-13
vn -0.470778 -0.882252 0
vn -0.502172 -0.864768 0
vn -0.470778 -0.882252 0
vn -0.464099 -0.885783 0
vn -0.529919 -0.848048 0
vn -0.000322787 -1 0
vn -0.000308637 -1 0
vn -0.134054 -0.990974 -4.8179e-08
vn -0.217483 -0.976064 2.60164e-07
vn -0.220017 -0.975496 8.58615e-08
vn -0.217475 -0.976066 3.98178e-07
vn -0.197129 -0.980377 2.70766e-06
vn -0.200084 -0.979779 -3.42088e-05
vn -0.0525244 -0.99862 0
vn -2.11371e-05 -1 -8.11657e-06
vn -0.00136647 -0.999999 5.16541e-06
vn -0.070007 -0.997546 0
vn -0.0742907 -0.997237 0
vn -0.0785747 -0.996908 6.64312e-08
vn -0.0785747 -0.996908 0
vn -0.0828502 -0.996562 -1.09632e-08
vn -0.0828502 -0.996562 0
vn -0.087127 -0.996197 0
vn -0.0914054 -0.995814 0
vn -0.0956787 -0.995412 0
vn -0.0999487 -0.994993 0
vn -0.104222 -0.994554 0
vn -0.108486 -0.994098 0
vn -0.112756 -0.993623 0
vn -0.117025 -0.993129 -1.32587e-07
vn -0.121281 -0.992618 0
vn -0.125545 -0.992088 0
vn -0.204168 -0.978936 -9.28738e-05
vn -0.205527 -0.978651 0.000127008
vn -0.207375 -0.978261 -0.000156893
vn -0.208979 -0.97792 0.000201021
vn -0.00475018 -0.999989 6.52988e-11
vn -0.00474343 -0.999989 1.30373e-10
vn -0.0222855 -0.999752 0
vn -0.0397837 -0.999208 1.89178e-09
vn -0.0355229 -0.999369 4.61987e-08
vn -0.0311138 -0.999516 9.46181e-10
vn -0.0267046 -0.999643 2.55482e-09
vn -0.00905458 -0.999959 -2.60291e-10
vn -0.00905458 -0.999959 0
vn -0.0134704 -0.999909 -5.20556e-10
vn -0.0134704 -0.999909 0
vn -0.0481227 -0.998841 8.32e-09
vn -0.0481227 -0.998841 0
vn -0.21041 -0.977613 -6.95221e-05
vn -0.212125 -0.977243 0.000220323
vn -0.213455 -0.976953 -4.57074e-05
vn -0.215198 -0.97657 0.00020973
vn -0.216516 -0.976279 -4.14275e-05
vn -0.218275 -0.975887 0.000194044
vn -0.230657 -0.973035 0.000291546
vn -0.228781 -0.973478 -0.000195244
vn -0.227463 -0.973787 0.000188798
vn -0.225681 -0.974201 -4.1169e-05
vn -0.208511 -0.97802 7.19866e-07
vn -0.208509 -0.97802 5.54631e-08
vn -0.205652 -0.978625 4.0962e-06
vn -0.210912 -0.977505 1.70974e-07
vn -0.213925 -0.97685 -3.40941e-08
vn -0.211409 -0.977398 -4.89247e-06
vn -0.214409 -0.976744 -1.08703e-07
vn -0.22787 -0.973692 1.40997e-07
vn -0.223726 -0.974652 -0.000220488
vn -0.223578 -0.974686 4.09263e-07
vn -0.220687 -0.975345 -0.000203007
vn -0.0525244 -0.99862 -6.06883e-09
vn -0.0742908 -0.997237 0
vn -0.0785747 -0.996908 4.21975e-08
vn -0.0828501 -0.996562 -1.09632e-08
vn -0.117025 -0.993129 0
vn -4.61428e-05 -1 -3.55017e-05
vn -0.00109359 -0.999999 8.69063e-06
vn -0.19713 -0.980377 0
vn -0.138306 -0.99039 -7.26278e-08
vn -0.202814 -0.979217 -7.31287e-05
vn -0.205742 -0.978606 -0.00012713
vn -0.217638 -0.97603 -0.000202598
vn -0.208616 -0.977998 -0.00016392
vn -0.211536 -0.97737 -0.000191866
vn -0.214575 -0.976708 -0.000199095
vn -0.200094 -0.979777 0
vn -0.0660946 -0.997813 1.93462e-05
vn -0.061769 -0.99809 0
vn -0.0785747 -0.996908 -2.42337e-08
vn -0.0956787 -0.995412 -3.64981e-08
vn -0.129805 -0.99154 -7.2712e-08
vn -0.134054 -0.990974 0
vn -0.151053 -0.988526 -7.2491e-08
vn -0.142557 -0.989787 0
vn -0.0785747 -0.996908 0
vn -0.155296 -0.987868 0
vn -0.146813 -0.989164 0
vn -0.138306 -0.99039 0
vn -0.0742908 -0.997237 -1.82825e-08
vn -0.0999487 -0.994993 -3.64827e-08
vn -0.112756 -0.993623 -7.28649e-08
vn -0.159538 -0.987192 -1.44786e-07
vn -0.155296 -0.987868 -7.24428e-08
vn -0.163771 -0.986498 0
vn -0.159538 -0.987192 -1.44786e-07
vn -0.155295 -0.987868 -7.24428e-08
vn -0.151053 -0.988526 0
vn -0.134054 -0.990974 3.82752e-07
vn -0.19713 -0.980377 7.37121e-07
vn -0.184907 -0.982756 2.46303e-07
vn -0.17223 -0.985057 4.19541e-07
vn -0.163771 -0.986498 2.47241e-07
vn -0.159538 -0.987192 0
vn -0.155295 -0.987868 3.71377e-07
vn -0.146813 -0.989164 3.95089e-07
vn -0.142557 -0.989787 3.90979e-07
vn -0.0140661 -0.999901 2.27374e-05
vn -0.0140044 -0.999902 2.99909e-05
vn -0.227213 -0.973845 -2.02809e-08
vn -0.182805 -0.983149 0
vn -0.182805 -0.983149 2.04747e-08
vn -0.227213 -0.973845 2.05882e-08
vn -0.396709 -0.917944 0
vn -0.432854 -0.901464 -7.39565e-08
vn -0.271158 -0.962535 0
vn -0.271158 -0.962535 0
vn -0.0929392 -0.995672 0
vn -0.0929392 -0.995672 5.18202e-09
vn -0.0488155 -0.998808 4.6443e-13
vn -0.0487675 -0.99881 2.60011e-09
vn -0.0929392 -0.995672 0
vn -0.138017 -0.99043 2.06263e-08
vn -0.138017 -0.99043 0
vn -0.000293824 -1 0
vn -0.000280731 -1 0
vn -0.000275652 -1 6.15216e-05
vn -0.0139378 -0.999903 3.10072e-05
vn -0.0138767 -0.999904 -3.1042e-11
vn -0.00892029 -0.99996 3.97349e-10
vn -0.000877447 -1 -4.25455e-06
vn -0.0220995 -0.999752 0.00271089
vn -0.0288607 -0.999583 0.000300373
vn -7.12024e-05 -1 -5.48417e-05
vn -0.202772 -0.979226 2.81095e-06
vn -0.205622 -0.978631 3.52444e-07
vn -0.208487 -0.978025 -2.16469e-07
vn -0.211391 -0.977402 -2.70746e-06
vn -0.200093 -0.979777 0
vn -0.202783 -0.979224 -3.34298e-06
vn -0.205643 -0.978627 9.31826e-07
vn -0.208496 -0.978023 9.19388e-07
vn -0.200091 -0.979777 0
vn -0.202789 -0.979222 1.89296e-07
vn -0.526612 -0.850106 0
vn -0.0947901 -0.700724 -0.707108
vn -0.0917857 -0.701124 -0.707108
vn -0.621573 -0.582351 -0.523941
vn -0.622625 -0.583574 -0.521326
vn -0.469491 -0.634474 -0.614021
vn -0.232981 -0.677642 -0.697511
vn 0.489817 -0.733853 0.470679
vn 0.486584 -0.735998 0.470684
vn -0.000952022 -0.707104 -0.707109
vn -1.89375e-05 -0.707107 -0.707107
vn -0.13671 -0.693765 -0.707108
vn -0.13373 -0.694345 -0.707108
vn -0.130749 -0.694913 -0.707108
vn -0.127766 -0.695467 -0.707108
vn -0.124776 -0.69601 -0.707108
vn -0.121785 -0.696539 -0.707108
vn -0.118798 -0.697055 -0.707108
vn -0.115803 -0.697559 -0.707108
vn -0.11281 -0.698049 -0.707108
vn -0.10981 -0.698527 -0.707108
vn -0.106811 -0.698992 -0.707108
vn -0.103812 -0.699444 -0.707108
vn -0.100803 -0.699884 -0.707108
vn -0.0977968 -0.70031 -0.707108
vn -0.80943 -0.587216 3.27907e-09
vn -0.703747 -0.559556 -0.437763
vn -0.818157 -0.323463 -0.475384
vn -0.810609 -0.342008 -0.475335
vn -0.498074 -0.732069 -0.464755
vn -0.680984 -0.732298 0
vn 0.458119 -0.735031 0.499856
vn 0.637967 -0.708867 0.300842
vn 0.343267 -0.764939 0.545011
vn -0.00529361 -0.706043 0.708149
vn -0.0345059 -0.694941 -0.718238
vn 0.323636 -0.774431 -0.543615
vn -0.0126405 -0.706993 0.707108
vn -0.0157582 -0.70693 0.707108
vn -0.0157582 -0.70693 -0.707108
vn -0.0126405 -0.706993 -0.707108
vn -0.160765 -0.688495 -0.707198
vn -0.129369 -0.695079 -0.707198
vn -0.0281313 -0.706546 0.707108
vn 0.242949 -0.750013 0.615188
vn -0.0310285 -0.706425 -0.707108
vn -0.0281313 -0.706546 -0.707108
vn -0.565988 -0.547279 -0.616558
vn -0.280488 -0.64902 -0.707177
vn -0.0251184 -0.70666 0.707108
vn -0.0220007 -0.706764 0.707108
vn -0.018883 -0.706854 0.707108
vn -0.00825093 -0.707062 0.707104
vn -0.00952503 -0.707042 0.707108
vn -0.0251184 -0.70666 -0.707108
vn -0.0220007 -0.706764 -0.707108
vn -0.018883 -0.706854 -0.707108
vn -0.25261 -0.660348 -0.707198
vn -0.222391 -0.671129 -0.707198
vn -0.191713 -0.680527 -0.707198
vn -0.0975799 -0.70025 -0.707198
vn -0.0650221 -0.703985 -0.707232
vn 0.493054 -0.731678 0.470685
vn -0.0464597 -0.705578 -0.707108
vn -0.0433655 -0.705775 -0.707108
vn -0.0402529 -0.705959 -0.707108
vn -0.930635 -0.365948 9.38285e-08
vn -0.81902 -0.322025 -0.474875
vn -0.795209 -0.377046 -0.474846
vn 0.707107 -0.707107 0
vn 0 -0.707107 -0.707107
vn -0.0371403 -0.70613 -0.707108
vn -0.0495024 -0.705371 -0.707108
vn -0.0525314 -0.705152 -0.707108
vn -0.0555607 -0.70492 -0.707108
vn -0.0585839 -0.704675 -0.707108
vn -0.061608 -0.704417 -0.707108
vn -0.0646333 -0.704146 -0.707108
vn -0.067655 -0.703862 -0.707108
vn -0.0706743 -0.703565 -0.707108
vn -0.0736962 -0.703255 -0.707108
vn -0.0767113 -0.702933 -0.707108
vn -0.0797307 -0.702596 -0.707108
vn -0.0827488 -0.702247 -0.707108
vn -0.0857582 -0.701886 -0.707108
vn -0.0887733 -0.701511 -0.707108
vn -0.608985 -0.594478 -0.525103
vn -0.616277 -0.591179 -0.520298
vn -0.00335374 -0.707098 -0.707108
vn -0.00640255 -0.707077 -0.707108
vn -0.00952503 -0.707042 -0.707108
vn -0.0340278 -0.706287 -0.707108
vn 0.143043 -0.714617 -0.684735
vn 0.50296 -0.74059 -0.445599
vn -0.61709 -0.58944 -0.521305
vn -0.618942 -0.587488 -0.521314
vn -0.620787 -0.585527 -0.521326
vn -0.645405 -0.573577 -0.504442
vn -0.627852 -0.579317 -0.519802
vn 0.695903 -0.710855 -0.102005
vn -0.0369617 -0.734992 -0.677067
vn -0.0309285 -0.735332 0.677001
vn 0.444189 -0.744134 -0.49896
vn 0.620947 -0.72452 -0.299159
vn -0.497531 -0.732133 0.465236
vn 0.129805 0.99154 0
vn 0.219578 0.975595 -3.98149e-05
vn 0.222631 0.974903 -4.33111e-05
vn 0.224347 0.974509 0.00025415
vn 0.22133 0.975199 0.000205702
vn 0.197546 0.980294 -6.16263e-06
vn 0.197342 0.980335 -3.119e-06
vn 0.200785 0.979635 -5.39076e-05
vn 0.201554 0.979477 -1.48787e-05
vn 0.0569263 0.998378 0
vn 0.0573658 0.998353 0
vn 0.0529653 0.998596 1.46463e-08
vn 0.0525245 0.99862 0
vn 0.00134686 0.999999 -8.00561e-06
vn 0.0013535 0.999999 -9.87942e-06
vn 0.193337 0.981132 0
vn 0.189122 0.981954 0
vn 0.180689 0.98354 0
vn 0.17646 0.984308 0
vn 0.17223 0.985057 0
vn 0.159537 0.987192 0
vn 0.155295 0.987868 -5.28955e-07
vn 0.155296 0.987868 -2.65043e-07
vn 0.151053 0.988526 0
vn 0.146813 0.989164 0
vn 0.142557 0.989787 0
vn 0.142557 0.989787 6.59567e-08
vn 0.0614184 0.998112 3.55773e-08
vn 0.570228 0.673401 -0.470501
vn 0.0700069 0.997546 0
vn 0.0785748 0.996908 0
vn 0.0999488 0.994993 0
vn 0.104222 0.994554 -1.44777e-07
vn 0.108486 0.994098 1.24573e-07
vn 0.112756 0.993623 0
vn 0.121281 0.992618 0
vn 0.233999 0.972237 0.000207829
vn 0.231397 0.97286 0.000183027
vn 0.202801 0.97922 3.19148e-06
vn 0.200098 0.979776 0
vn 0.507911 0.861409 0
vn 0.000493025 1 0.000294579
vn 0.000765891 1 0.000577824
vn 0.00280113 0.999996 -5.80412e-05
vn 0.0029932 0.999995 -0.000291955
vn 0.00214182 0.999998 -0.000263191
vn 0.00318867 0.999995 -9.43392e-05
vn 0.0052206 0.999986 0.00112317
vn 0.00848924 0.999964 0.000310818
vn 0.0054223 0.999985 0.000600474
vn 0.0474879 0.998871 0.000957297
vn 0.0309475 0.999519 0.00203879
vn 0.0113025 0.999936 6.7886e-06
vn 0.0141284 0.9999 2.0266e-05
vn 0.0557631 0.998427 -0.00576354
vn 0.0871639 0.99619 -0.00294379
vn 0.0531484 0.998534 -0.0102833
vn 0.0328071 0.999461 0.00136462
vn 0.182805 0.983149 6.34716e-07
vn 0.227213 0.973845 4.05619e-08
vn 0.227213 0.973845 0
vn 0.0438809 0.999037 -1.66433e-08
vn 0.048866 0.998805 -3.72106e-12
vn 0.0929391 0.995672 0
vn 0.0489134 0.998803 8.27371e-25
vn 0.138017 0.99043 2.06263e-08
vn 0.138017 0.99043 1.65479e-24
vn 0.0355229 0.999369 -8.3244e-09
vn 0.0311138 0.999516 -1.66513e-08
vn 0.0046191 0.999989 -0.000162718
vn 0.314548 0.949241 3.89381e-08
vn 0.271158 0.962535 0
vn 0.138016 0.99043 0
vn 0.0485622 0.99882 7.32398e-09
vn 0.0481227 0.998841 -1.664e-08
vn 0.0438809 0.999037 -1.66433e-08
vn 0.0613281 0.998118 0
vn 0.0657039 0.997839 0
vn 0.470778 0.882252 0
vn 0.432854 0.901464 7.50943e-08
vn 0.217475 0.976066 6.34245e-07
vn 0.197129 0.980378 3.3137e-06
vn 0.200084 0.979779 -3.60663e-05
vn 2.1125e-05 1 -8.11192e-06
vn 0.00136645 0.999999 5.16251e-06
vn 0.155295 0.987868 2.64023e-07
vn 0.146812 0.989164 0
vn 0.070007 0.997546 0
vn 0.0742908 0.997237 -3.32266e-08
vn 0.0785747 0.996908 0
vn 0.0828501 0.996562 0
vn 0.0871271 0.996197 0
vn 0.0913986 0.995814 0
vn 0.0956785 0.995412 0
vn 0.0999554 0.994992 0
vn 0.104222 0.994554 6.62744e-08
vn 0.104222 0.994554 0
vn 0.108486 0.994098 0
vn 0.121281 0.992618 0
vn 0.204166 0.978936 -9.3739e-05
vn 0.205528 0.978651 0.000126245
vn 0.207375 0.978261 -0.000157689
vn 0.20898 0.97792 0.000199179
vn 0.0355229 0.999369 -8.3244e-09
vn 0.0311137 0.999516 -1.66513e-08
vn 0.0481226 0.998841 -1.664e-08
vn 0.0481226 0.998841 0
vn 0.0657039 0.997839 1.21282e-08
vn 0.210411 0.977613 -6.94595e-05
vn 0.212126 0.977242 0.000218177
vn 0.213455 0.976953 -4.5135e-05
vn 0.215198 0.97657 0.000211092
vn 0.216516 0.976279 -4.20631e-05
vn 0.218273 0.975888 0.000197334
vn 0.230656 0.973035 0.000292929
vn 0.228781 0.973478 -0.000195845
vn 0.227468 0.973785 0.000182951
vn 0.225679 0.974202 -4.10967e-05
vn 0.20851 0.97802 -2.04907e-07
vn 0.205654 0.978625 3.42078e-06
vn 0.211408 0.977398 -4.75035e-06
vn 0.21441 0.976744 -7.23059e-07
vn 0.223726 0.974652 -0.000220563
vn 0.220689 0.975344 -0.000203174
vn 0.070007 0.997546 2.42493e-08
vn 0.0999555 0.994992 0
vn 0.108486 0.994098 0
vn 4.61186e-05 1 -3.5483e-05
vn 0.00109356 0.999999 8.68255e-06
vn 0.197129 0.980378 0
vn 0.17646 0.984308 1.44363e-07
vn 0.155295 0.987868 0
vn 0.0613281 0.998118 0
vn 0.065704 0.997839 1.21282e-08
vn 0.202814 0.979217 -7.35306e-05
vn 0.205742 0.978606 -0.000127167
vn 0.217637 0.97603 -0.000202146
vn 0.208616 0.977998 -0.00016305
vn 0.211538 0.97737 -0.0001919
vn 0.214574 0.976708 -0.000198766
vn 0.200093 0.979777 0
vn 0.0569263 0.998378 0
vn 0.0525245 0.99862 1.83078e-08
vn 0.0660945 0.997813 1.93599e-05
vn 0.061769 0.99809 2.8462e-08
vn 0.065704 0.997839 0
vn 0.0700069 0.997546 2.42493e-08
vn 0.180688 0.98354 0
vn 0.0871271 0.996197 1.45872e-08
vn 0.0913986 0.995814 -3.65128e-08
vn 0.197129 0.980377 0
vn 0.151053 0.988526 1.44982e-07
vn 0.0828501 0.996562 3.65402e-08
vn 0.087127 0.996197 1.45871e-08
vn 0.0913986 0.995814 -3.65128e-08
vn 0.0956785 0.995412 5.89305e-06
vn 0.117025 0.993129 7.28286e-08
vn 0.146813 0.989164 0
vn 0.0956786 0.995412 5.89305e-06
vn 0.19713 0.980377 -7.37121e-07
vn 0.163771 0.986498 -4.11421e-07
vn 0.146813 0.989164 -3.95089e-07
vn 0.142557 0.989787 -3.72098e-07
vn 0.0140625 0.999901 2.24395e-05
vn 0.0140009 0.999902 3.03846e-05
vn 0.182805 0.983149 6.34716e-07
vn 0.227213 0.973845 -4.05619e-08
vn 0.271158 0.962535 4.00908e-08
vn 0.0929391 0.995672 0
vn 0.0488136 0.998808 -3.72151e-12
vn 0.138016 0.99043 -2.06263e-08
vn 0.000273686 1 6.10829e-05
vn 0.0139344 0.999903 3.07372e-05
vn 0.000877411 1 -4.25436e-06
vn 0.0220983 0.999752 0.00269222
vn 0.02886 0.999583 0.000298241
vn 7.11711e-05 1 -5.48178e-05
vn 0.202772 0.979226 3.31485e-06
vn 0.205623 0.978631 8.51248e-07
vn 0.208487 0.978025 7.35844e-08
vn 0.21139 0.977402 -3.01493e-06
vn 0.200093 0.979777 1.46702e-07
vn 0.202784 0.979223 -3.4176e-06
vn 0.205643 0.978627 1.03486e-06
vn 0.208496 0.978023 8.34956e-07
vn 0.20009 0.979777 1.46702e-07
vn 0.20279 0.979222 -1.00682e-07
vn 0.0947901 0.700724 0.707108
vn 0.0917856 0.701124 0.707108
vn -0.303912 0.795744 0.52386
vn -0.309238 0.795463 0.521162
vn -0.180768 0.768476 0.613814
vn 0.0476365 0.714999 0.6975
vn 0.564266 0.678406 -0.470499
vn 0.567255 0.675906 -0.470503
vn 0.000952017 0.707108 0.707105
vn 1.89265e-05 0.707107 0.707107
vn 0.13671 0.693765 0.707108
vn 0.133729 0.694345 0.707108
vn 0.130749 0.694913 0.707108
vn 0.127766 0.695467 0.707108
vn 0.124776 0.69601 0.707108
vn 0.121785 0.696539 0.707108
vn 0.118798 0.697055 0.707108
vn 0.115803 0.697559 0.707108
vn 0.11281 0.698049 0.707108
vn 0.10981 0.698527 0.707108
vn 0.106811 0.698992 0.707108
vn 0.103812 0.699444 0.707108
vn 0.100803 0.699884 0.707108
vn 0.0977968 0.70031 0.707108
vn -0.370989 0.819188 0.437377
vn -0.071642 0.877669 0.473882
vn -0.0925751 0.876209 0.472956
vn -0.497371 0.732093 0.46547
vn -0.680984 0.732298 1.17489e-07
vn 0.461115 0.733045 -0.500019
vn 0.641939 0.705338 -0.300687
vn 0.347751 0.763038 -0.544832
vn 0.00105525 0.708151 -0.706061
vn 0.0312582 0.716896 0.696479
vn 0.369748 0.754151 0.542717
vn 0.160521 0.688552 0.707198
vn 0.129122 0.695125 0.707198
vn 0.307853 0.725885 -0.615075
vn 0.0310285 0.706425 0.707108
vn 0.0718448 0.784072 0.616498
vn 0.280488 0.649021 0.707177
vn 0.00400332 0.707099 -0.707103
vn 0.25261 0.660348 0.707198
vn 0.222391 0.671129 0.707198
vn 0.191713 0.680527 0.707198
vn 0.0975796 0.70025 0.707198
vn 0.0607752 0.704373 0.707223
vn 0.561273 0.680883 -0.470501
vn 0.0464596 0.705578 0.707108
vn 0.0433655 0.705775 0.707108
vn 0.0402529 0.705959 0.707108
vn -0.0695985 0.877298 0.474873
vn -0.131012 0.871288 0.472963
vn 0 0.707107 0.707107
vn 0.0371404 0.70613 0.707108
vn 0.0495024 0.705371 0.707108
vn 0.0525315 0.705152 0.707108
vn 0.0555606 0.70492 0.707108
vn 0.0585838 0.704675 0.707108
vn 0.0616081 0.704417 0.707108
vn 0.0646285 0.704146 0.707108
vn 0.0676548 0.703862 0.707108
vn 0.0706791 0.703565 0.707108
vn 0.0736963 0.703255 0.707108
vn 0.0767112 0.702933 0.707108
vn 0.0797306 0.702597 0.707108
vn 0.0827488 0.702247 0.707108
vn 0.0857585 0.701886 0.707108
vn 0.0887733 0.701511 0.707108
vn -0.31803 0.789533 0.524875
vn -0.320356 0.791723 0.520141
vn 0.00335373 0.707098 0.707108
vn 0.00640254 0.707077 0.707108
vn 0.0340278 0.706287 0.707108
vn 0.143043 0.714617 0.684735
vn 0.50296 0.74059 0.445599
vn -0.316706 0.792509 0.521178
vn -0.314221 0.793497 0.521179
vn -0.311719 0.794491 0.521168
vn -0.318738 0.802492 0.504393
vn -0.305757 0.797808 0.51963
vn 0.695903 0.710855 0.102005
vn -0.0241245 0.735795 0.676774
vn -0.0296558 0.735405 -0.676979
vn 0.475114 0.7237 0.500526
vn 0.660584 0.689142 0.297846
vn -0.497462 0.732135 -0.465305
vn -0.762167 0.184174 0.62063
vn -0.681794 0.161898 0.713404
vn -0.660204 0.154479 0.735028
vn -0.654408 0.150971 0.740917
vn -0.658918 0.149828 0.737142
vn -0.659376 0.147763 0.73715
vn -0.659835 0.1457 0.737149
vn -0.660287 0.143636 0.73715
vn -0.662281 0.141882 0.735699
vn -0.65551 0.137991 0.742473
vn -0.465852 0.0960145 0.879638
vn -0.13166 0.026532 0.99094
vn 0.204488 0 0.978869
vn 0.748499 0 0.663135
vn 0.989427 0 0.145029
vn -0.628349 0.392639 0.671575
vn -0.628615 0.392804 0.671229
vn -0.638076 0.378577 0.670476
vn -0.654855 0.349439 0.670117
vn -0.36657 0.174752 0.913832
vn -0.000172475 4.0239e-05 1
vn -0.000174122 3.23775e-05 1
vn -0.00300213 0.000280185 0.999995
vn -0.00301365 9.5813e-05 0.999995
vn 0.537954 -0.0156193 0.84283
vn 0.906172 -0.0252414 0.422156
vn 0.676887 -0.0151109 0.735932
vn -0.0450754 0.000381477 0.998984
vn -0.730636 0 0.682768
vn -1 0 1.72529e-07
vn -0.730367 0 -0.683055
vn -0.0447021 3.33784e-05 -0.999
vn 0.676796 -0.00145998 -0.73617
vn 0.905028 -0.0024329 -0.425344
vn 0.535485 -0.00151058 -0.844543
vn -0.00300362 9.27055e-06 -0.999995
vn -0.00300351 2.71636e-05 -0.999995
vn 0.408562 -0.0178812 -0.912556
vn 0.74552 -0.0359174 -0.665515
vn 0.745353 -0.0392118 -0.665516
vn 0.745173 -0.0424939 -0.665516
vn 0.744979 -0.045776 -0.665515
vn -0.129805 -0.99154 0
vn -0.219578 -0.975595 3.96014e-05
vn -0.221329 -0.975199 -0.000204967
vn -0.224349 -0.974509 -0.00025079
vn -0.22263 -0.974903 4.2562e-05
vn -0.197546 -0.980294 5.74559e-06
vn -0.201555 -0.979477 1.63776e-05
vn -0.200786 -0.979635 5.46301e-05
vn -0.19734 -0.980335 2.91488e-06
vn -0.0569263 -0.998378 0
vn -0.0525243 -0.99862 -1.29172e-07
vn -0.0529653 -0.998596 0
vn -0.0573658 -0.998353 0
vn -0.00134687 -0.999999 8.00858e-06
vn -0.00135351 -0.999999 9.88674e-06
vn -0.193337 -0.981132 0
vn -0.189122 -0.981954 0
vn -0.184907 -0.982756 0
vn -0.180688 -0.98354 0
vn -0.17646 -0.984308 0
vn -0.168006 -0.985786 0
vn -0.155295 -0.987868 0
vn -0.151053 -0.988526 0
vn -0.146812 -0.989164 0
vn -0.142557 -0.989787 0
vn -0.138306 -0.99039 0
vn -0.0614184 -0.998112 0
vn 0.483333 -0.738137 -0.470683
vn -0.070007 -0.997546 -1.82881e-08
vn -0.0828502 -0.996562 -3.65402e-08
vn -0.0999488 -0.994993 0
vn -0.104222 -0.994554 8.24622e-08
vn -0.108486 -0.994098 0
vn -0.121281 -0.992618 0
vn -0.129805 -0.99154 0
vn -0.234004 -0.972236 -0.0002037
vn -0.231396 -0.97286 -0.000183068
vn -0.200098 -0.979776 0
vn -0.202801 -0.97922 -3.10499e-06
vn -0.507903 -0.861415 0
vn -0.000770164 -1 -0.000581048
vn -0.000496279 -1 -0.000296525
vn -0.00280104 -0.999996 5.80478e-05
vn -0.00214179 -0.999998 0.000263355
vn -0.00299319 -0.999995 0.000292162
vn -0.00318868 -0.999995 9.43749e-05
vn -0.0054223 -0.999985 -0.000600894
vn -0.00848925 -0.999964 -0.00031104
vn -0.00522063 -0.999986 -0.001124
vn -0.0474891 -0.998871 -0.000964046
vn -0.0141322 -0.9999 -2.04992e-05
vn -0.0113072 -0.999936 -6.83172e-06
vn -0.0309485 -0.999519 -0.00205308
vn -0.0557632 -0.998427 0.00580537
vn -0.0328081 -0.999461 -0.00137461
vn -0.0531483 -0.998533 0.0103561
vn -0.0871639 -0.99619 0.00296515
vn -0.227213 -0.973845 2.0281e-08
vn -0.227213 -0.973845 0
vn -0.182805 -0.983149 -2.04674e-08
vn -0.182805 -0.983149 -6.34716e-07
vn -0.0222855 -0.999752 -5.70074e-09
vn -0.0178764 -0.99984 0
vn -0.0178764 -0.99984 -2.08567e-09
vn -0.0222855 -0.999752 0
vn -0.227213 -0.973845 0
vn -0.432854 -0.901464 -7.50943e-08
vn -0.0397837 -0.999208 -1.66748e-08
vn -0.0438809 -0.999037 8.32164e-09
vn -0.0397837 -0.999208 -2.86502e-11
vn -0.314548 -0.949242 -3.9523e-08
vn -0.271158 -0.962535 0
vn -0.0488672 -0.998805 4.65133e-13
vn -0.0929392 -0.995672 -5.18388e-09
vn -0.0929392 -0.995672 -1.85469e-12
vn -0.138017 -0.99043 -1.03095e-08
vn -0.0355229 -0.999369 0
vn -0.0311138 -0.999516 0
vn -0.0267046 -0.999643 0
vn -0.0355229 -0.999369 8.3244e-09
vn -0.0311138 -0.999516 -8.33996e-09
vn -0.0311138 -0.999516 -1.43295e-11
vn -0.0267046 -0.999643 6.24502e-09
vn -0.0046191 -0.999989 0.000162828
vn -0.00905458 -0.999959 -2.60291e-10
vn -0.0134704 -0.999909 -5.20556e-10
vn -0.271158 -0.962535 -3.94834e-08
vn -0.138016 -0.99043 0
vn -0.0898036 -0.99596 -1.05099e-08
vn -0.138016 -0.99043 -1.28112e-07
vn -0.0438809 -0.999037 8.32164e-09
vn -0.0481226 -0.998841 8.32001e-09
vn -0.0613281 -0.998118 0
vn -0.065704 -0.997839 0
vn -0.470778 -0.882252 0
vn -0.470778 -0.882252 -6.52526e-08
vn -0.000322787 -1 0
vn -0.217475 -0.976066 -3.74363e-07
vn -0.200083 -0.979779 3.46598e-05
vn -0.197129 -0.980378 -3.10212e-06
vn -0.0525244 -0.99862 0
vn -0.00136647 -0.999999 -5.16539e-06
vn -2.11371e-05 -1 8.11658e-06
vn -0.180688 -0.98354 -9.56351e-08
vn -0.070007 -0.997546 0
vn -0.0742908 -0.997237 0
vn -0.0742908 -0.997237 3.32266e-08
vn -0.0785747 -0.996908 0
vn -0.0828502 -0.996562 0
vn -0.0871272 -0.996197 0
vn -0.0913986 -0.995814 0
vn -0.0956785 -0.995412 0
vn -0.0999555 -0.994992 0
vn -0.104222 -0.994554 0
vn -0.108486 -0.994098 0
vn -0.112756 -0.993623 0
vn -0.121281 -0.992618 0
vn -0.125545 -0.992088 -6.611e-08
vn -0.205528 -0.978651 -0.000126743
vn -0.204168 -0.978936 9.28991e-05
vn -0.20898 -0.97792 -0.000200496
vn -0.207376 -0.978261 0.000158133
vn -0.00474343 -0.999989 2.60747e-10
vn -0.00475018 -0.999989 1.30597e-10
vn -0.0397837 -0.999208 1.66461e-08
vn -0.0355229 -0.999369 8.3244e-09
vn -0.0311138 -0.999516 8.32563e-09
vn -0.0267046 -0.999643 6.24502e-09
vn -0.00905458 -0.999959 0
vn -0.00905458 -0.999959 -2.60291e-10
vn -0.0481226 -0.998841 0
vn -0.0481226 -0.998841 8.32001e-09
vn -0.212122 -0.977243 -0.000222789
vn -0.210411 -0.977613 6.97532e-05
vn -0.215197 -0.976571 -0.000211821
vn -0.213455 -0.976953 4.55115e-05
vn -0.218274 -0.975888 -0.000196668
vn -0.216516 -0.976279 4.1682e-05
vn -0.230655 -0.973036 -0.000294271
vn -0.228781 -0.973478 0.000195911
vn -0.22747 -0.973785 -0.000181141
vn -0.225679 -0.974202 4.1074e-05
vn -0.205654 -0.978625 -3.66481e-06
vn -0.20851 -0.97802 4.23796e-07
vn -0.211409 -0.977398 4.78743e-06
vn -0.21441 -0.976744 6.1861e-07
vn -0.223726 -0.974652 0.000220825
vn -0.220688 -0.975344 0.000203567
vn -0.0525245 -0.99862 0
vn -0.0785747 -0.996908 0
vn -0.104222 -0.994554 -2.41765e-08
vn -0.108486 -0.994098 -2.41654e-08
vn -0.00109359 -0.999999 -8.69063e-06
vn -4.61428e-05 -1 3.55017e-05
vn -0.197129 -0.980377 0
vn -0.180688 -0.98354 -9.56351e-08
vn -0.17646 -0.984308 0
vn -0.065704 -0.997839 -1.82935e-08
vn -0.202814 -0.979217 7.36634e-05
vn -0.205742 -0.978606 0.000127009
vn -0.217637 -0.97603 0.000202564
vn -0.208616 -0.977998 0.000163234
vn -0.211538 -0.97737 0.000192077
vn -0.214574 -0.976708 0.000198933
vn -0.200093 -0.979777 0
vn -0.0660946 -0.997813 -1.93474e-05
vn -0.061769 -0.99809 0
vn -0.0999555 -0.994992 0
vn -0.104222 -0.994554 -2.41765e-08
vn -0.108486 -0.994098 -2.41654e-08
vn -0.180688 -0.98354 0
vn -0.0613282 -0.998118 0
vn -0.0871272 -0.996197 -1.45872e-08
vn -0.0913986 -0.995814 9.01327e-08
vn -0.0871271 -0.996197 -1.45871e-08
vn -0.0913986 -0.995814 9.01327e-08
vn -0.0956786 -0.995412 -5.89305e-06
vn -0.0871271 -0.996197 0
vn -0.0956786 -0.995412 -5.89305e-06
vn -0.19713 -0.980377 7.37121e-07
vn -0.146812 -0.989164 3.95089e-07
vn -0.142557 -0.989787 3.90979e-07
vn -0.0140044 -0.999902 -2.99909e-05
vn -0.0140661 -0.999901 -2.27374e-05
vn -0.182805 -0.983149 -2.04674e-08
vn -0.182805 -0.983149 -6.34716e-07
vn -0.227213 -0.973845 2.02809e-08
vn -0.432854 -0.901464 -7.50943e-08
vn -0.0929392 -0.995672 0
vn -0.0929392 -0.995672 5.18202e-09
vn -0.0488155 -0.998808 4.65188e-13
vn -0.138016 -0.99043 2.06263e-08
vn -0.138017 -0.99043 -1.03095e-08
vn -0.000293824 -1 0
vn -0.000275652 -1 -6.15215e-05
vn -0.0139378 -0.999903 -3.10072e-05
vn -0.00892029 -0.99996 3.97351e-10
vn -0.000877447 -1 4.25453e-06
vn -0.0220995 -0.999752 -0.00271089
vn -0.0288607 -0.999583 -0.00030037
vn -7.12023e-05 -1 5.48419e-05
vn -0.202772 -0.979226 -3.55957e-06
vn -0.205623 -0.978631 -8.35464e-07
vn -0.208486 -0.978025 -1.12816e-07
vn -0.21139 -0.977402 2.94611e-06
vn -0.200094 -0.979777 0
vn -0.202784 -0.979224 3.37382e-06
vn -0.205643 -0.978627 -7.44705e-07
vn -0.208496 -0.978023 -7.75531e-07
vn -0.200091 -0.979777 0
vn -0.20279 -0.979222 5.16087e-08
vn -0.0917857 -0.701124 0.707108
vn -0.0947901 -0.700724 0.707108
vn -0.622619 -0.583588 0.521316
vn -0.621575 -0.582348 0.523942
vn -0.232981 -0.677642 0.697511
vn -0.46949 -0.634474 0.614021
vn 0.486584 -0.735998 -0.470684
vn 0.489817 -0.733853 -0.470679
vn -1.89375e-05 -0.707107 0.707107
vn -0.000952022 -0.707104 0.707109
vn -0.13671 -0.693765 0.707108
vn -0.13373 -0.694345 0.707108
vn -0.130749 -0.694913 0.707108
vn -0.127766 -0.695467 0.707108
vn -0.124776 -0.69601 0.707108
vn -0.121785 -0.696539 0.707108
vn -0.118798 -0.697055 0.707108
vn -0.115803 -0.697559 0.707108
vn -0.11281 -0.698049 0.707108
vn -0.10981 -0.698527 0.707108
vn -0.106811 -0.698992 0.707108
vn -0.103812 -0.699444 0.707108
vn -0.100803 -0.699884 0.707108
vn -0.0977969 -0.70031 0.707108
vn -0.703747 -0.559556 0.437763
vn -0.810609 -0.342007 0.475336
vn -0.818157 -0.323462 0.475385
vn -0.680984 -0.732298 1.17489e-07
vn -0.498074 -0.732069 0.464755
vn 0.637967 -0.708867 -0.300842
vn 0.458119 -0.735031 -0.499857
vn -0.00529361 -0.706043 -0.708149
vn 0.343267 -0.764939 -0.545011
vn 0.323636 -0.774431 0.543615
vn -0.0345062 -0.694941 0.718238
vn -0.0126405 -0.706993 -0.707108
vn -0.0157582 -0.70693 0.707108
vn -0.129369 -0.695079 0.707198
vn -0.160765 -0.688495 0.707198
vn 0.242949 -0.750013 -0.615188
vn -0.0281313 -0.706546 -0.707108
vn -0.0310285 -0.706425 0.707108
vn -0.280488 -0.649021 0.707177
vn -0.565988 -0.547279 0.616557
vn -0.0251184 -0.70666 -0.707108
vn -0.0220007 -0.706764 -0.707108
vn -0.018883 -0.706854 -0.707108
vn -0.00825093 -0.707062 -0.707104
vn -0.0220007 -0.706764 0.707108
vn -0.25261 -0.660348 0.707198
vn -0.222391 -0.671129 0.707198
vn -0.191713 -0.680527 0.707198
vn -0.0650223 -0.703985 0.707232
vn -0.0975795 -0.70025 0.707198
vn 0.493054 -0.731678 -0.470684
vn -0.0433655 -0.705775 0.707108
vn -0.0464597 -0.705578 0.707108
vn -0.0402529 -0.705959 0.707108
vn -0.81902 -0.322025 0.474875
vn -0.795209 -0.377046 0.474846
vn 0 -0.707107 0.707107
vn -0.0371403 -0.70613 0.707108
vn -0.0495024 -0.705371 0.707108
vn -0.0525315 -0.705152 0.707108
vn -0.0555606 -0.70492 0.707108
vn -0.0585838 -0.704675 0.707108
vn -0.0616081 -0.704417 0.707108
vn -0.0646285 -0.704146 0.707108
vn -0.0676548 -0.703862 0.707108
vn -0.0706791 -0.703565 0.707108
vn -0.0736962 -0.703255 0.707108
vn -0.0767112 -0.702933 0.707108
vn -0.0797306 -0.702597 0.707108
vn -0.0827488 -0.702247 0.707108
vn -0.0857584 -0.701886 0.707108
vn -0.0887733 -0.701511 0.707108
vn -0.608986 -0.594476 0.525104
vn -0.616274 -0.591188 0.520292
vn -0.00335374 -0.707098 0.707108
vn -0.00640255 -0.707077 0.707108
vn -0.0340278 -0.706287 0.707108
vn 0.50296 -0.74059 0.445599
vn 0.143043 -0.714617 0.684735
vn -0.617088 -0.589444 0.521304
vn -0.618941 -0.58749 0.521314
vn -0.620786 -0.58553 0.521324
vn -0.645403 -0.57358 0.504441
vn -0.627853 -0.579316 0.519802
vn 0.695903 -0.710855 0.102005
vn -0.036962 -0.734993 0.677067
vn -0.0309285 -0.735332 -0.677001
vn 0.444189 -0.744134 0.49896
vn 0.620947 -0.72452 0.299159
vn -0.49753 -0.732133 -0.465236
vt 0.543866 0.304476
vt 0.543866 0.28954
vt 0.553311 0.28954
vt 0.553311 0.304476
vt 0.543866 0.244724
vt 0.543866 0.233297
vt 0.553311 0.233297
vt 0.553311 0.244724
vt 0.543866 0.259661
vt 0.553311 0.259661
vt 0.543866 0.274597
vt 0.553311 0.274597
vt 0.677012 0.304476
vt 0.677012 0.315828
vt 0.66695 0.315828
vt 0.66695 0.304476
vt 0.572234 0.28954
vt 0.572234 0.304476
vt 0.572234 0.232143
vt 0.572234 0.233297
vt 0.553311 0.232143
vt 0.572234 0.244724
vt 0.572234 0.259661
vt 0.572234 0.274597
vt 0.543866 0.317057
vt 0.543866 0.315828
vt 0.553311 0.315828
vt 0.553311 0.317057
vt 0.572234 0.317057
vt 0.572234 0.315828
vt 0.59817 0.28954
vt 0.59817 0.304476
vt 0.59817 0.232143
vt 0.59817 0.233297
vt 0.59817 0.244724
vt 0.59817 0.259661
vt 0.59817 0.274597
vt 0.59817 0.317057
vt 0.59817 0.315828
vt 0.615365 0.28954
vt 0.615365 0.304476
vt 0.615365 0.232143
vt 0.615365 0.233297
vt 0.615365 0.244724
vt 0.615365 0.259661
vt 0.615365 0.274597
vt 0.615365 0.317057
vt 0.615365 0.315828
vt 0.63256 0.28954
vt 0.63256 0.304476
vt 0.63256 0.232143
vt 0.63256 0.233297
vt 0.63256 0.244724
vt 0.63256 0.259661
vt 0.63256 0.274597
vt 0.63256 0.317057
vt 0.63256 0.315828
vt 0.649755 0.28954
vt 0.649755 0.304476
vt 0.649755 0.232143
vt 0.649755 0.233297
vt 0.649755 0.244724
vt 0.649755 0.259661
vt 0.649755 0.274597
vt 0.649755 0.317057
vt 0.649755 0.315828
vt 0.66695 0.28954
vt 0.66695 0.232143
vt 0.66695 0.233297
vt 0.66695 0.244724
vt 0.66695 0.259661
vt 0.66695 0.274597
vt 0.66695 0.317057
vt 0.677012 0.28954
vt 0.677012 0.232143
vt 0.677012 0.233297
vt 0.677012 0.244724
vt 0.677012 0.259661
vt 0.677012 0.274597
vt 0.0408438 0.0794341
vt 0.0408438 0.078355
vt 0.0414365 0.078355
vt 0.0414365 0.0794341
vt 0.0408438 0.0676651
vt 0.0408438 0.0536924
vt 0.0414365 0.0536924
vt 0.0414365 0.0676651
vt 0.0408438 0.0397196
vt 0.0414365 0.0397196
vt 0.0408438 0.0257417
vt 0.0414365 0.0257417
vt 0.0408438 0.011769
vt 0.0414365 0.011769
vt 0.0408438 0.00115004
vt 0.0414365 0.00115004
vt 0.542647 0.304476
vt 0.542647 0.28954
vt 0.543866 0.232143
vt 0.542647 0.233297
vt 0.542647 0.232143
vt 0.542647 0.259661
vt 0.542647 0.244724
vt 0.542647 0.274597
vt 0.542647 0.315828
vt 0.0401598 0.078355
vt 0.0401598 0.0676651
vt 0.0401598 0.0536924
vt 0.0401598 0.0397196
vt 0.0401598 0.0257417
vt 0.0401598 0.011769
vt 0.0408438 0
vt 0.0401598 0.00115004
vt 0.0401598 0
vt 0.811377 0.31932
vt 0.811377 0.320473
vt 0.810158 0.320473
vt 0.810158 0.31932
vt 0.811377 0.3319
vt 0.811377 0.346837
vt 0.810158 0.346837
vt 0.810158 0.3319
vt 0.811377 0.361774
vt 0.810158 0.361774
vt 0.811377 0.376716
vt 0.810158 0.376716
vt 0.811377 0.391652
vt 0.810158 0.391652
vt 0.811377 0.403004
vt 0.810158 0.403004
vt 0.800713 0.320473
vt 0.800713 0.31932
vt 0.800713 0.346837
vt 0.800713 0.3319
vt 0.800713 0.361774
vt 0.800713 0.376716
vt 0.800713 0.391652
vt 0.800713 0.403004
vt 0.781791 0.320473
vt 0.781791 0.31932
vt 0.781791 0.346837
vt 0.781791 0.3319
vt 0.781791 0.361774
vt 0.781791 0.376716
vt 0.781791 0.391652
vt 0.781791 0.403004
vt 0.755854 0.320473
vt 0.755854 0.31932
vt 0.755854 0.346837
vt 0.755854 0.3319
vt 0.755854 0.361774
vt 0.755854 0.376716
vt 0.755854 0.391652
vt 0.755854 0.403004
vt 0.738659 0.320473
vt 0.738659 0.31932
vt 0.738659 0.346837
vt 0.738659 0.3319
vt 0.738659 0.361774
vt 0.738659 0.376716
vt 0.738659 0.391652
vt 0.738659 0.403004
vt 0.721465 0.320473
vt 0.721465 0.31932
vt 0.721465 0.346837
vt 0.721465 0.3319
vt 0.721465 0.361774
vt 0.721465 0.376716
vt 0.721465 0.391652
vt 0.721465 0.403004
vt 0.704269 0.320473
vt 0.704269 0.31932
vt 0.704269 0.346837
vt 0.704269 0.3319
vt 0.704269 0.361774
vt 0.704269 0.376716
vt 0.704269 0.391652
vt 0.704269 0.403004
vt 0.687074 0.320473
vt 0.687074 0.31932
vt 0.687074 0.346837
vt 0.687074 0.3319
vt 0.687074 0.361774
vt 0.687074 0.376716
vt 0.687074 0.391652
vt 0.687074 0.403004
vt 0.677012 0.320473
vt 0.677012 0.31932
vt 0.677012 0.346837
vt 0.677012 0.3319
vt 0.677012 0.361774
vt 0.677012 0.376716
vt 0.677012 0.391652
vt 0.677012 0.403004
vt 0.547545 0.656496
vt 0.547545 0.64762
vt 0.54814 0.64762
vt 0.54814 0.656496
vt 0.547545 0.674278
vt 0.54814 0.674278
vt 0.547545 0.698651
vt 0.54814 0.698651
vt 0.547545 0.714809
vt 0.54814 0.714809
vt 0.547545 0.730968
vt 0.54814 0.730968
vt 0.547545 0.747127
vt 0.54814 0.747127
vt 0.547545 0.763285
vt 0.54814 0.763285
vt 0.547545 0.772741
vt 0.54814 0.772741
vt 0.548827 0.64762
vt 0.548827 0.656496
vt 0.548827 0.674278
vt 0.548827 0.698651
vt 0.548827 0.714809
vt 0.548827 0.730968
vt 0.548827 0.747127
vt 0.548827 0.763285
vt 0.548827 0.772741
vt 0.54814 0.646475
vt 0.547545 0.646475
vt 0.548827 0.646475
vt 0.55274 0.762765
vt 0.55274 0.772179
vt 0.552147 0.772179
vt 0.552147 0.762765
vt 0.55274 0.746679
vt 0.552147 0.746679
vt 0.55274 0.730592
vt 0.552147 0.730592
vt 0.55274 0.714505
vt 0.552147 0.714505
vt 0.55274 0.698419
vt 0.552147 0.698419
vt 0.55274 0.674154
vt 0.552147 0.674154
vt 0.55274 0.656451
vt 0.552147 0.656451
vt 0.55274 0.647615
vt 0.552147 0.647615
vt 0.551463 0.772179
vt 0.551463 0.762765
vt 0.551463 0.746679
vt 0.551463 0.730592
vt 0.551463 0.714505
vt 0.551463 0.698419
vt 0.551463 0.674154
vt 0.551463 0.656451
vt 0.551463 0.647615
vt 0.551463 0.646475
vt 0.552147 0.646475
vt 0.55274 0.646475
vt 0.677012 0.317057
vt 0.0414365 0
vt 0.542647 0.317057
vt 0.811377 0.404233
vt 0.810158 0.404233
vt 0.800713 0.404233
vt 0.781791 0.404233
vt 0.755854 0.404233
vt 0.738659 0.404233
vt 0.721465 0.404233
vt 0.704269 0.404233
vt 0.687074 0.404233
vt 0.677012 0.404233
vt 0.0401598 0.0794341
vt 0.810159 0.304476
vt 0.800714 0.304476
vt 0.800714 0.28954
vt 0.810159 0.28954
vt 0.810159 0.244724
vt 0.800714 0.244724
vt 0.800714 0.233297
vt 0.810159 0.233297
vt 0.810159 0.259661
vt 0.800714 0.259661
vt 0.810159 0.274597
vt 0.800714 0.274597
vt 0.687075 0.304476
vt 0.687075 0.315828
vt 0.781791 0.304476
vt 0.781791 0.28954
vt 0.781791 0.232143
vt 0.800714 0.232143
vt 0.781791 0.233297
vt 0.781791 0.259661
vt 0.781791 0.244724
vt 0.781791 0.274597
vt 0.810159 0.317057
vt 0.800714 0.317057
vt 0.800714 0.315828
vt 0.810159 0.315828
vt 0.781791 0.317057
vt 0.781791 0.315828
vt 0.755855 0.304476
vt 0.755855 0.28954
vt 0.755855 0.233297
vt 0.755855 0.232143
vt 0.755855 0.259661
vt 0.755855 0.244724
vt 0.755855 0.274597
vt 0.755855 0.317057
vt 0.755855 0.315828
vt 0.73866 0.304476
vt 0.73866 0.28954
vt 0.73866 0.233297
vt 0.73866 0.232143
vt 0.73866 0.259661
vt 0.73866 0.244724
vt 0.73866 0.274597
vt 0.73866 0.317057
vt 0.73866 0.315828
vt 0.721465 0.304476
vt 0.721465 0.28954
vt 0.721465 0.233297
vt 0.721465 0.232143
vt 0.721465 0.259661
vt 0.721465 0.244724
vt 0.721465 0.274597
vt 0.721465 0.317057
vt 0.721465 0.315828
vt 0.70427 0.304476
vt 0.70427 0.28954
vt 0.70427 0.233297
vt 0.70427 0.232143
vt 0.70427 0.259661
vt 0.70427 0.244724
vt 0.70427 0.274597
vt 0.70427 0.317057
vt 0.70427 0.315828
vt 0.687075 0.28954
vt 0.687075 0.233297
vt 0.687075 0.232143
vt 0.687075 0.259661
vt 0.687075 0.244724
vt 0.687075 0.274597
vt 0.687075 0.317057
vt 0.0446706 0.0794337
vt 0.0440779 0.0794337
vt 0.0440779 0.0783546
vt 0.0446706 0.0783546
vt 0.0446706 0.0676648
vt 0.0440779 0.0676648
vt 0.0440779 0.0536921
vt 0.0446706 0.0536921
vt 0.0440779 0.0397194
vt 0.0446706 0.0397194
vt 0.0440779 0.0257416
vt 0.0446706 0.0257416
vt 0.0440779 0.0117689
vt 0.0446706 0.0117689
vt 0.0440779 0.00115004
vt 0.0446706 0.00115004
vt 0.811378 0.28954
vt 0.811378 0.304476
vt 0.810159 0.232143
vt 0.811378 0.232143
vt 0.811378 0.233297
vt 0.811378 0.244724
vt 0.811378 0.259661
vt 0.811378 0.274597
vt 0.811378 0.315828
vt 0.0453546 0.0676648
vt 0.0453546 0.0783546
vt 0.0453546 0.0536921
vt 0.0453546 0.0397194
vt 0.0453546 0.0257416
vt 0.0453546 0.0117689
vt 0.0446706 0
vt 0.0453546 0
vt 0.0453546 0.00115004
vt 0.542647 0.31932
vt 0.543866 0.31932
vt 0.543866 0.320473
vt 0.542647 0.320473
vt 0.542647 0.3319
vt 0.543866 0.3319
vt 0.543866 0.346837
vt 0.542647 0.346837
vt 0.543866 0.361774
vt 0.542647 0.361774
vt 0.543866 0.376716
vt 0.542647 0.376716
vt 0.543866 0.391652
vt 0.542647 0.391652
vt 0.543866 0.403004
vt 0.542647 0.403004
vt 0.553311 0.31932
vt 0.553311 0.320473
vt 0.553311 0.3319
vt 0.553311 0.346837
vt 0.553311 0.361774
vt 0.553311 0.376716
vt 0.553311 0.391652
vt 0.553311 0.403004
vt 0.572234 0.31932
vt 0.572234 0.320473
vt 0.572234 0.3319
vt 0.572234 0.346837
vt 0.572234 0.361774
vt 0.572234 0.376716
vt 0.572234 0.391652
vt 0.572234 0.403004
vt 0.59817 0.31932
vt 0.59817 0.320473
vt 0.59817 0.3319
vt 0.59817 0.346837
vt 0.59817 0.361774
vt 0.59817 0.376716
vt 0.59817 0.391652
vt 0.59817 0.403004
vt 0.615365 0.31932
vt 0.615365 0.320473
vt 0.615365 0.3319
vt 0.615365 0.346837
vt 0.615365 0.361774
vt 0.615365 0.376716
vt 0.615365 0.391652
vt 0.615365 0.403004
vt 0.63256 0.31932
vt 0.63256 0.320473
vt 0.63256 0.3319
vt 0.63256 0.346837
vt 0.63256 0.361774
vt 0.63256 0.376716
vt 0.63256 0.391652
vt 0.63256 0.403004
vt 0.649755 0.31932
vt 0.649755 0.320473
vt 0.649755 0.3319
vt 0.649755 0.346837
vt 0.649755 0.361774
vt 0.649755 0.376716
vt 0.649755 0.391652
vt 0.649755 0.403004
vt 0.66695 0.31932
vt 0.66695 0.320473
vt 0.66695 0.3319
vt 0.66695 0.346837
vt 0.66695 0.361774
vt 0.66695 0.376716
vt 0.66695 0.391652
vt 0.66695 0.403004
vt 0.547545 0.888986
vt 0.54814 0.888986
vt 0.54814 0.897862
vt 0.547545 0.897862
vt 0.547545 0.871204
vt 0.54814 0.871204
vt 0.547545 0.846831
vt 0.54814 0.846831
vt 0.547545 0.830673
vt 0.54814 0.830673
vt 0.547545 0.814514
vt 0.54814 0.814514
vt 0.547545 0.798356
vt 0.54814 0.798356
vt 0.547545 0.782197
vt 0.54814 0.782197
vt 0.548827 0.888986
vt 0.548827 0.897862
vt 0.548827 0.871204
vt 0.548827 0.846831
vt 0.548827 0.830673
vt 0.548827 0.814514
vt 0.548827 0.798356
vt 0.548827 0.782197
vt 0.54814 0.899007
vt 0.547545 0.899007
vt 0.548827 0.899007
vt 0.55274 0.781593
vt 0.552147 0.781593
vt 0.55274 0.79768
vt 0.552147 0.79768
vt 0.55274 0.813766
vt 0.552147 0.813766
vt 0.55274 0.829853
vt 0.552147 0.829853
vt 0.55274 0.84594
vt 0.552147 0.84594
vt 0.55274 0.870204
vt 0.552147 0.870204
vt 0.55274 0.887907
vt 0.552147 0.887907
vt 0.55274 0.896743
vt 0.552147 0.896743
vt 0.551463 0.781593
vt 0.551463 0.79768
vt 0.551463 0.813766
vt 0.551463 0.829853
vt 0.551463 0.84594
vt 0.551463 0.870204
vt 0.551463 0.887907
vt 0.551463 0.896743
vt 0.552147 0.897883
vt 0.551463 0.897883
vt 0.55274 0.897883
vt 0.0440779 0
vt 0.811378 0.317057
vt 0.543866 0.404233
vt 0.542647 0.404233
vt 0.553311 0.404233
vt 0.572234 0.404233
vt 0.59817 0.404233
vt 0.615365 0.404233
vt 0.63256 0.404233
vt 0.649755 0.404233
vt 0.66695 0.404233
vt 0.0453546 0.0794337
vt 0.0377104 0.0836893
vt 0.0377104 0.0825862
vt 0.0381995 0.0825862
vt 0.0381995 0.0836893
vt 0.0377104 0.0706395
vt 0.0377104 0.0562889
vt 0.0381995 0.0562889
vt 0.0381995 0.0706395
vt 0.0377104 0.0419383
vt 0.0381995 0.0419383
vt 0.0377104 0.0275825
vt 0.0381995 0.0275825
vt 0.0377104 0.0132319
vt 0.0381995 0.0132319
vt 0.0377104 0.00118113
vt 0.0381995 0.00118113
vt 0.813364 0.143008
vt 0.813364 0.144156
vt 0.812145 0.144156
vt 0.812145 0.143008
vt 0.813364 0.156592
vt 0.813364 0.171529
vt 0.812145 0.171529
vt 0.812145 0.156592
vt 0.813364 0.186467
vt 0.812145 0.186467
vt 0.813364 0.20141
vt 0.812145 0.20141
vt 0.813364 0.216347
vt 0.812145 0.216347
vt 0.813364 0.228891
vt 0.812145 0.228891
vt 0.801893 0.144156
vt 0.801893 0.143008
vt 0.801893 0.171529
vt 0.801893 0.156592
vt 0.801893 0.186467
vt 0.801893 0.20141
vt 0.801893 0.216347
vt 0.801893 0.228891
vt 0.782969 0.144156
vt 0.782969 0.143008
vt 0.782969 0.171529
vt 0.782969 0.156592
vt 0.782969 0.186467
vt 0.782969 0.20141
vt 0.782969 0.216347
vt 0.782969 0.228891
vt 0.757031 0.144156
vt 0.757031 0.143008
vt 0.757031 0.171529
vt 0.757031 0.156592
vt 0.757031 0.186467
vt 0.757031 0.20141
vt 0.757031 0.216347
vt 0.757031 0.228891
vt 0.739835 0.144156
vt 0.739835 0.143008
vt 0.739835 0.171529
vt 0.739835 0.156592
vt 0.739835 0.186467
vt 0.739835 0.20141
vt 0.739835 0.216347
vt 0.739835 0.228891
vt 0.722639 0.144156
vt 0.722639 0.143008
vt 0.722639 0.171529
vt 0.722639 0.156592
vt 0.722639 0.186467
vt 0.722639 0.20141
vt 0.722639 0.216347
vt 0.722639 0.228891
vt 0.705443 0.144156
vt 0.705443 0.143008
vt 0.705443 0.171529
vt 0.705443 0.156592
vt 0.705443 0.186467
vt 0.705443 0.20141
vt 0.705443 0.216347
vt 0.705443 0.228891
vt 0.688247 0.144156
vt 0.688247 0.143008
vt 0.688247 0.171529
vt 0.688247 0.156592
vt 0.688247 0.186467
vt 0.688247 0.20141
vt 0.688247 0.216347
vt 0.688247 0.228891
vt 0.678184 0.144156
vt 0.678184 0.143008
vt 0.678184 0.171529
vt 0.678184 0.156592
vt 0.678184 0.186467
vt 0.678184 0.20141
vt 0.678184 0.216347
vt 0.678184 0.228891
vt 0.555381 0.417577
vt 0.555381 0.407673
vt 0.555873 0.407673
vt 0.555873 0.417577
vt 0.555381 0.435857
vt 0.555873 0.435857
vt 0.555381 0.460912
vt 0.555873 0.460912
vt 0.555381 0.477523
vt 0.555873 0.477523
vt 0.555381 0.494134
vt 0.555873 0.494134
vt 0.555381 0.510745
vt 0.555873 0.510745
vt 0.555381 0.527356
vt 0.555873 0.527356
vt 0.555381 0.537076
vt 0.555873 0.537076
vt 0.555873 0.406496
vt 0.555381 0.406496
vt 0.560275 0.526421
vt 0.560275 0.536066
vt 0.559787 0.536066
vt 0.559787 0.526421
vt 0.560275 0.509938
vt 0.559787 0.509938
vt 0.560275 0.493456
vt 0.559787 0.493456
vt 0.560275 0.476973
vt 0.559787 0.476973
vt 0.560275 0.460491
vt 0.559787 0.460491
vt 0.560275 0.435629
vt 0.559787 0.435629
vt 0.560275 0.417491
vt 0.559787 0.417491
vt 0.560275 0.407664
vt 0.559787 0.407664
vt 0.559787 0.406496
vt 0.560275 0.406496
vt 0.0377104 0
vt 0.0381995 0
vt 0.813364 0.23012
vt 0.812145 0.23012
vt 0.801893 0.23012
vt 0.782969 0.23012
vt 0.757031 0.23012
vt 0.739835 0.23012
vt 0.722639 0.23012
vt 0.705443 0.23012
vt 0.688247 0.23012
vt 0.678184 0.23012
vt 0.0347716 0.0836493
vt 0.0342828 0.0836493
vt 0.0342828 0.0825467
vt 0.0347716 0.0825467
vt 0.0347716 0.0706057
vt 0.0342828 0.0706057
vt 0.0342828 0.056262
vt 0.0347716 0.056262
vt 0.0342828 0.0419183
vt 0.0347716 0.0419183
vt 0.0342828 0.0275693
vt 0.0347716 0.0275693
vt 0.0342828 0.0132256
vt 0.0347716 0.0132256
vt 0.0342828 0.00118057
vt 0.0347716 0.00118057
vt 0.542647 0.143008
vt 0.54386 0.143008
vt 0.54386 0.144156
vt 0.542647 0.144156
vt 0.542647 0.156592
vt 0.54386 0.156592
vt 0.54386 0.171529
vt 0.542647 0.171529
vt 0.54386 0.186467
vt 0.542647 0.186467
vt 0.54386 0.20141
vt 0.542647 0.20141
vt 0.54386 0.216347
vt 0.542647 0.216347
vt 0.54386 0.228891
vt 0.542647 0.228891
vt 0.554476 0.143008
vt 0.554476 0.144156
vt 0.554476 0.156592
vt 0.554476 0.171529
vt 0.554476 0.186467
vt 0.554476 0.20141
vt 0.554476 0.216347
vt 0.554476 0.228891
vt 0.5734 0.143008
vt 0.5734 0.144156
vt 0.5734 0.156592
vt 0.5734 0.171529
vt 0.5734 0.186467
vt 0.5734 0.20141
vt 0.5734 0.216347
vt 0.5734 0.228891
vt 0.599337 0.143008
vt 0.599337 0.144156
vt 0.599337 0.156592
vt 0.599337 0.171529
vt 0.599337 0.186467
vt 0.599337 0.20141
vt 0.599337 0.216347
vt 0.599337 0.228891
vt 0.616533 0.143008
vt 0.616533 0.144156
vt 0.616533 0.156592
vt 0.616533 0.171529
vt 0.616533 0.186467
vt 0.616533 0.20141
vt 0.616533 0.216347
vt 0.616533 0.228891
vt 0.633729 0.143008
vt 0.633729 0.144156
vt 0.633729 0.156592
vt 0.633729 0.171529
vt 0.633729 0.186467
vt 0.633729 0.20141
vt 0.633729 0.216347
vt 0.633729 0.228891
vt 0.650925 0.143008
vt 0.650925 0.144156
vt 0.650925 0.156592
vt 0.650925 0.171529
vt 0.650925 0.186467
vt 0.650925 0.20141
vt 0.650925 0.216347
vt 0.650925 0.228891
vt 0.668121 0.143008
vt 0.668121 0.144156
vt 0.668121 0.156592
vt 0.668121 0.171529
vt 0.668121 0.186467
vt 0.668121 0.20141
vt 0.668121 0.216347
vt 0.668121 0.228891
vt 0.555381 0.656576
vt 0.555873 0.656576
vt 0.555873 0.66683
vt 0.555381 0.66683
vt 0.555381 0.638296
vt 0.555873 0.638296
vt 0.555381 0.613241
vt 0.555873 0.613241
vt 0.555381 0.59663
vt 0.555873 0.59663
vt 0.555381 0.580019
vt 0.555873 0.580019
vt 0.555381 0.563408
vt 0.555873 0.563408
vt 0.555381 0.546797
vt 0.555873 0.546797
vt 0.555873 0.668002
vt 0.555381 0.668002
vt 0.560275 0.545712
vt 0.559787 0.545712
vt 0.560275 0.562194
vt 0.559787 0.562194
vt 0.560275 0.578676
vt 0.559787 0.578676
vt 0.560275 0.595159
vt 0.559787 0.595159
vt 0.560275 0.611641
vt 0.559787 0.611641
vt 0.560275 0.636503
vt 0.559787 0.636503
vt 0.560275 0.654641
vt 0.559787 0.654641
vt 0.560275 0.664816
vt 0.559787 0.664816
vt 0.559787 0.665979
vt 0.560275 0.665979
vt 0.0342828 0
vt 0.0347716 0
vt 0.54386 0.23012
vt 0.542647 0.23012
vt 0.554476 0.23012
vt 0.5734 0.23012
vt 0.599337 0.23012
vt 0.616533 0.23012
vt 0.633729 0.23012
vt 0.650925 0.23012
vt 0.668121 0.23012
vt 0.0372213 0.0836893
vt 0.0372213 0.0825862
vt 0.0372213 0.0706395
vt 0.0372213 0.0562889
vt 0.0372213 0.0419383
vt 0.0372213 0.0275825
vt 0.0372213 0.0132319
vt 0.0372213 0.00118113
vt 0.500528 0
vt 0.501747 0
vt 0.501747 0.00114822
vt 0.500528 0.00114822
vt 0.500528 0.0135835
vt 0.501747 0.0135835
vt 0.501747 0.028521
vt 0.500528 0.028521
vt 0.501747 0.0434585
vt 0.500528 0.0434585
vt 0.501747 0.0584015
vt 0.500528 0.0584015
vt 0.501747 0.0733389
vt 0.500528 0.0733389
vt 0.501747 0.0858826
vt 0.500528 0.0858826
vt 0.512 0
vt 0.512 0.00114822
vt 0.512 0.0135835
vt 0.512 0.028521
vt 0.512 0.0434585
vt 0.512 0.0584015
vt 0.512 0.0733389
vt 0.512 0.0858826
vt 0.530923 0
vt 0.530923 0.00114822
vt 0.530923 0.0135835
vt 0.530923 0.028521
vt 0.530923 0.0434585
vt 0.530923 0.0584015
vt 0.530923 0.0733389
vt 0.530923 0.0858826
vt 0.556861 0
vt 0.556861 0.00114822
vt 0.556861 0.0135835
vt 0.556861 0.028521
vt 0.556861 0.0434585
vt 0.556861 0.0584015
vt 0.556861 0.0733389
vt 0.556861 0.0858826
vt 0.574057 0
vt 0.574057 0.00114822
vt 0.574057 0.0135835
vt 0.574057 0.028521
vt 0.574057 0.0434585
vt 0.574057 0.0584015
vt 0.574057 0.0733389
vt 0.574057 0.0858826
vt 0.591253 0
vt 0.591253 0.00114822
vt 0.591253 0.0135835
vt 0.591253 0.028521
vt 0.591253 0.0434585
vt 0.591253 0.0584015
vt 0.591253 0.0733389
vt 0.591253 0.0858826
vt 0.608449 0
vt 0.608449 0.00114822
vt 0.608449 0.0135835
vt 0.608449 0.028521
vt 0.608449 0.0434585
vt 0.608449 0.0584015
vt 0.608449 0.0733389
vt 0.608449 0.0858826
vt 0.625645 0
vt 0.625645 0.00114822
vt 0.625645 0.0135835
vt 0.625645 0.028521
vt 0.625645 0.0434585
vt 0.625645 0.0584015
vt 0.625645 0.0733389
vt 0.625645 0.0858826
vt 0.635708 0
vt 0.635708 0.00114822
vt 0.635708 0.0135835
vt 0.635708 0.028521
vt 0.635708 0.0434585
vt 0.635708 0.0584015
vt 0.635708 0.0733389
vt 0.635708 0.0858826
vt 0.556364 0.417577
vt 0.556364 0.407673
vt 0.556364 0.435857
vt 0.556364 0.460912
vt 0.556364 0.477523
vt 0.556364 0.494134
vt 0.556364 0.510745
vt 0.556364 0.527356
vt 0.556364 0.537076
vt 0.556364 0.406496
vt 0.559299 0.526421
vt 0.559299 0.536066
vt 0.559299 0.509938
vt 0.559299 0.493456
vt 0.559299 0.476973
vt 0.559299 0.460491
vt 0.559299 0.435629
vt 0.559299 0.417491
vt 0.559299 0.407664
vt 0.559299 0.406496
vt 0.0372213 0
vt 0.501747 0.087112
vt 0.500528 0.087112
vt 0.512 0.087112
vt 0.530923 0.087112
vt 0.556861 0.087112
vt 0.574057 0.087112
vt 0.591253 0.087112
vt 0.608449 0.087112
vt 0.625645 0.087112
vt 0.635708 0.087112
vt 0.0352605 0.0825467
vt 0.0352605 0.0836493
vt 0.0352605 0.056262
vt 0.0352605 0.0706057
vt 0.0352605 0.0419183
vt 0.0352605 0.0275693
vt 0.0352605 0.0132256
vt 0.0352605 0.00118057
vt 0.771245 0
vt 0.771245 0.00114822
vt 0.770032 0.00114822
vt 0.770032 0
vt 0.771245 0.0135835
vt 0.771245 0.028521
vt 0.770032 0.028521
vt 0.770032 0.0135835
vt 0.771245 0.0434585
vt 0.770032 0.0434585
vt 0.771245 0.0584015
vt 0.770032 0.0584015
vt 0.771245 0.0733389
vt 0.770032 0.0733389
vt 0.771245 0.0858826
vt 0.770032 0.0858826
vt 0.759417 0.00114822
vt 0.759417 0
vt 0.759417 0.028521
vt 0.759417 0.0135835
vt 0.759417 0.0434585
vt 0.759417 0.0584015
vt 0.759417 0.0733389
vt 0.759417 0.0858826
vt 0.740493 0.00114822
vt 0.740493 0
vt 0.740493 0.028521
vt 0.740493 0.0135835
vt 0.740493 0.0434585
vt 0.740493 0.0584015
vt 0.740493 0.0733389
vt 0.740493 0.0858826
vt 0.714555 0.00114822
vt 0.714555 0
vt 0.714555 0.028521
vt 0.714555 0.0135835
vt 0.714555 0.0434585
vt 0.714555 0.0584015
vt 0.714555 0.0733389
vt 0.714555 0.0858826
vt 0.697359 0.00114822
vt 0.697359 0
vt 0.697359 0.028521
vt 0.697359 0.0135835
vt 0.697359 0.0434585
vt 0.697359 0.0584015
vt 0.697359 0.0733389
vt 0.697359 0.0858826
vt 0.680163 0.00114822
vt 0.680163 0
vt 0.680163 0.028521
vt 0.680163 0.0135835
vt 0.680163 0.0434585
vt 0.680163 0.0584015
vt 0.680163 0.0733389
vt 0.680163 0.0858826
vt 0.662967 0.00114822
vt 0.662967 0
vt 0.662967 0.028521
vt 0.662967 0.0135835
vt 0.662967 0.0434585
vt 0.662967 0.0584015
vt 0.662967 0.0733389
vt 0.662967 0.0858826
vt 0.645771 0.00114822
vt 0.645771 0
vt 0.645771 0.028521
vt 0.645771 0.0135835
vt 0.645771 0.0434585
vt 0.645771 0.0584015
vt 0.645771 0.0733389
vt 0.645771 0.0858826
vt 0.556364 0.656576
vt 0.556364 0.66683
vt 0.556364 0.638296
vt 0.556364 0.613241
vt 0.556364 0.59663
vt 0.556364 0.580019
vt 0.556364 0.563408
vt 0.556364 0.546797
vt 0.556364 0.668002
vt 0.559299 0.545712
vt 0.559299 0.562194
vt 0.559299 0.578676
vt 0.559299 0.595159
vt 0.559299 0.611641
vt 0.559299 0.636503
vt 0.559299 0.654641
vt 0.559299 0.664816
vt 0.559299 0.665979
vt 0.0352605 0
vt 0.771245 0.087112
vt 0.770032 0.087112
vt 0.759417 0.087112
vt 0.740493 0.087112
vt 0.714555 0.087112
vt 0.697359 0.087112
vt 0.680163 0.087112
vt 0.662967 0.087112
vt 0.645771 0.087112
vt 0.272544 0.385986
vt 0.272544 0.371022
vt 0.282003 0.371022
vt 0.282003 0.385986
vt 0.348966 0.0682642
vt 0.340998 0.0612078
vt 0.351016 0.0502735
vt 0.359016 0.0573351
vt 0.272544 0.146611
vt 0.276704 0.131685
vt 0.286608 0.134603
vt 0.282112 0.146627
vt 0.370227 0.641117
vt 0.353006 0.656477
vt 0.344149 0.656477
vt 0.36137 0.641117
vt 0.272544 0.837301
vt 0.282003 0.837231
vt 0.282003 0.852819
vt 0.272544 0.852819
vt 0.272544 0.16157
vt 0.282003 0.16157
vt 0.272544 0.176534
vt 0.282003 0.176534
vt 0.272544 0.191493
vt 0.282003 0.191493
vt 0.272544 0.206452
vt 0.282003 0.206452
vt 0.272544 0.221416
vt 0.282003 0.221416
vt 0.272544 0.236375
vt 0.282003 0.236375
vt 0.272544 0.251334
vt 0.282003 0.251334
vt 0.272544 0.266299
vt 0.282003 0.266299
vt 0.272544 0.281257
vt 0.282003 0.281257
vt 0.272544 0.296222
vt 0.282003 0.296216
vt 0.272544 0.311181
vt 0.282003 0.311181
vt 0.272544 0.326139
vt 0.282003 0.326139
vt 0.272544 0.341104
vt 0.282003 0.341104
vt 0.272544 0.356063
vt 0.282003 0.356063
vt 0.387448 0.625757
vt 0.405889 0.609181
vt 0.405889 0.610396
vt 0.388668 0.625757
vt 0.405889 0.580478
vt 0.405889 0.595437
vt 0.395811 0.595437
vt 0.395811 0.580478
vt 0.405889 0.565514
vt 0.395811 0.565514
vt 0.405889 0.550555
vt 0.395811 0.550555
vt 0.405889 0.535591
vt 0.395811 0.535591
vt 0.405889 0.520632
vt 0.395811 0.520632
vt 0.405889 0.505673
vt 0.395811 0.505673
vt 0.405889 0.490709
vt 0.395811 0.490709
vt 0.405889 0.47575
vt 0.395811 0.47575
vt 0.405889 0.460791
vt 0.395811 0.460791
vt 0.405889 0.445827
vt 0.395811 0.445827
vt 0.405889 0.430868
vt 0.395811 0.430868
vt 0.405889 0.415904
vt 0.395811 0.415904
vt 0.405889 0.400945
vt 0.395811 0.400945
vt 0.405889 0.385986
vt 0.395811 0.385986
vt 0.385224 0.0144165
vt 0.405889 0.00122035
vt 0.405889 0.013207
vt 0.390485 0.0253727
vt 0.405889 0.128365
vt 0.405889 0.137618
vt 0.381416 0.137618
vt 0.388033 0.128382
vt 0.405889 0.117339
vt 0.356266 0.658126
vt 0.373215 0.642766
vt 0.381075 0.642766
vt 0.364131 0.658126
vt 0.320529 0.844515
vt 0.326446 0.842389
vt 0.333058 0.847379
vt 0.330508 0.852819
vt 0.312762 0.852819
vt 0.31786 0.829914
vt 0.314042 0.831411
vt 0.307831 0.827566
vt 0.318945 0.829041
vt 0.311644 0.823455
vt 0.311644 0.808073
vt 0.31946 0.827718
vt 0.345245 0.823455
vt 0.345245 0.837036
vt 0.3345 0.836998
vt 0.333264 0.827566
vt 0.329852 0.823455
vt 0.32202 0.829074
vt 0.321505 0.827723
vt 0.329852 0.808073
vt 0.360404 0.761932
vt 0.375564 0.761932
vt 0.375564 0.777309
vt 0.360404 0.777309
vt 0.311644 0.777309
vt 0.311644 0.761932
vt 0.318565 0.761932
vt 0.318565 0.777309
vt 0.272544 0.777309
vt 0.272544 0.761932
vt 0.282003 0.761932
vt 0.282003 0.777309
vt 0.322373 0.777309
vt 0.322373 0.761932
vt 0.329852 0.761932
vt 0.329852 0.777309
vt 0.360404 0.688846
vt 0.375564 0.688846
vt 0.375564 0.700404
vt 0.360404 0.700404
vt 0.311644 0.700404
vt 0.311644 0.687197
vt 0.318565 0.687197
vt 0.318565 0.700404
vt 0.272544 0.700404
vt 0.272544 0.687197
vt 0.282003 0.687197
vt 0.282003 0.700404
vt 0.322373 0.700404
vt 0.322373 0.688846
vt 0.329852 0.688846
vt 0.329852 0.700404
vt 0.375564 0.715786
vt 0.360404 0.715786
vt 0.375564 0.731168
vt 0.360404 0.731168
vt 0.375564 0.74655
vt 0.360404 0.74655
vt 0.375564 0.823455
vt 0.360404 0.823455
vt 0.360404 0.808073
vt 0.375564 0.808073
vt 0.360404 0.792691
vt 0.375564 0.792691
vt 0.311644 0.715786
vt 0.318565 0.715786
vt 0.311644 0.731168
vt 0.318565 0.731168
vt 0.311644 0.74655
vt 0.318565 0.74655
vt 0.318565 0.792691
vt 0.318565 0.808073
vt 0.311644 0.792691
vt 0.272544 0.715786
vt 0.282003 0.715786
vt 0.272544 0.731168
vt 0.282003 0.731168
vt 0.272544 0.74655
vt 0.282003 0.74655
vt 0.300954 0.823455
vt 0.300954 0.808073
vt 0.300954 0.792691
vt 0.300954 0.777309
vt 0.322373 0.715786
vt 0.329852 0.715786
vt 0.322373 0.731168
vt 0.329852 0.731168
vt 0.322373 0.74655
vt 0.329852 0.74655
vt 0.329852 0.792691
vt 0.322373 0.808073
vt 0.322373 0.792691
vt 0.300954 0.687197
vt 0.300954 0.671837
vt 0.326929 0.671837
vt 0.335786 0.671837
vt 0.272544 0.625757
vt 0.272544 0.610396
vt 0.282003 0.610396
vt 0.282003 0.625757
vt 0.272544 0.641117
vt 0.282003 0.641117
vt 0.390159 0.627405
vt 0.405889 0.61326
vt 0.405889 0.620989
vt 0.398024 0.627405
vt 0.339322 0.673486
vt 0.347187 0.673486
vt 0.405889 0.658126
vt 0.405889 0.673486
vt 0.389378 0.673486
vt 0.388847 0.642766
vt 0.371897 0.658126
vt 0.405889 0.627405
vt 0.405889 0.688846
vt 0.390729 0.688846
vt 0.312762 0.868716
vt 0.312762 0.884613
vt 0.300954 0.884613
vt 0.300954 0.868716
vt 0.330508 0.868716
vt 0.330508 0.884613
vt 0.375564 0.884613
vt 0.360404 0.884613
vt 0.360404 0.868716
vt 0.375564 0.868716
vt 0.316385 0.926192
vt 0.300954 0.926192
vt 0.300959 0.916348
vt 0.316385 0.916408
vt 0.330508 0.926192
vt 0.330508 0.916408
vt 0.375564 0.926192
vt 0.360404 0.926192
vt 0.360404 0.916408
vt 0.375564 0.916408
vt 0.316385 0.900511
vt 0.300954 0.900511
vt 0.272544 0.868716
vt 0.282003 0.868716
vt 0.330508 0.900511
vt 0.360404 0.900511
vt 0.375564 0.900511
vt 0.360404 0.852819
vt 0.375564 0.852819
vt 0.300954 0.371022
vt 0.300954 0.385986
vt 0.405889 0.0755917
vt 0.384877 0.0756296
vt 0.405889 0.0647061
vt 0.304892 0.137618
vt 0.300954 0.146611
vt 0.272544 0.656477
vt 0.282003 0.656477
vt 0.300954 0.837096
vt 0.300954 0.852819
vt 0.300954 0.16157
vt 0.300954 0.176534
vt 0.300954 0.191493
vt 0.300954 0.206452
vt 0.300954 0.221416
vt 0.300954 0.236375
vt 0.300954 0.251334
vt 0.300954 0.266299
vt 0.300954 0.281257
vt 0.300954 0.296222
vt 0.300954 0.311181
vt 0.300954 0.326139
vt 0.300954 0.341104
vt 0.300954 0.356063
vt 0.272544 0.595437
vt 0.282003 0.595437
vt 0.272544 0.580478
vt 0.282003 0.580478
vt 0.272544 0.565514
vt 0.282003 0.565514
vt 0.272544 0.550555
vt 0.282003 0.550555
vt 0.272544 0.535591
vt 0.282003 0.535591
vt 0.272544 0.520632
vt 0.282003 0.520632
vt 0.272544 0.505673
vt 0.282003 0.505673
vt 0.272544 0.490709
vt 0.282003 0.490709
vt 0.272544 0.47575
vt 0.282003 0.47575
vt 0.272544 0.460791
vt 0.282003 0.460791
vt 0.272544 0.445827
vt 0.282003 0.445827
vt 0.272544 0.430868
vt 0.282003 0.430868
vt 0.272544 0.415904
vt 0.282003 0.415904
vt 0.272544 0.400945
vt 0.282003 0.400945
vt 0.289537 0.117252
vt 0.297862 0.123636
vt 0.300943 0.104924
vt 0.308753 0.111969
vt 0.272544 0.823455
vt 0.282003 0.823455
vt 0.300954 0.761932
vt 0.300954 0.700404
vt 0.300954 0.715786
vt 0.300954 0.731168
vt 0.300954 0.74655
vt 0.272544 0.808073
vt 0.282003 0.808073
vt 0.272544 0.792691
vt 0.282003 0.792691
vt 0.272544 0.671837
vt 0.282003 0.671837
vt 0.300954 0.610396
vt 0.300954 0.625757
vt 0.300954 0.641117
vt 0.272544 0.884613
vt 0.282003 0.884613
vt 0.277095 0.922927
vt 0.272457 0.912069
vt 0.283652 0.907665
vt 0.287438 0.91202
vt 0.272544 0.900511
vt 0.282139 0.900494
vt 0.310955 0.0939947
vt 0.318809 0.101046
vt 0.320968 0.0830657
vt 0.328859 0.0901168
vt 0.33098 0.0721421
vt 0.338883 0.0791877
vt 0.371599 0.0279815
vt 0.379122 0.0354773
vt 0.360817 0.0393335
vt 0.369072 0.0464116
vt 0.405889 0.107766
vt 0.380906 0.117404
vt 0.389742 0.107798
vt 0.405889 0.0973684
vt 0.405889 0.0864827
vt 0.381883 0.0974226
vt 0.374826 0.0865533
vt 0.405889 0.0429295
vt 0.405889 0.0538151
vt 0.381828 0.0538531
vt 0.371778 0.0647713
vt 0.300954 0.656477
vt 0.300954 0.595437
vt 0.300954 0.580478
vt 0.300954 0.565514
vt 0.300954 0.550555
vt 0.300954 0.535591
vt 0.300954 0.520632
vt 0.300954 0.505673
vt 0.300954 0.490709
vt 0.300954 0.47575
vt 0.300954 0.460791
vt 0.300954 0.445827
vt 0.300954 0.430868
vt 0.300954 0.415904
vt 0.300954 0.400945
vt 0.288729 0.926285
vt 0.293127 0.915611
vt 0.326929 0.371022
vt 0.326929 0.385986
vt 0.306861 0.83703
vt 0.308037 0.847379
vt 0.326929 0.146611
vt 0.326929 0.16157
vt 0.326929 0.176534
vt 0.326929 0.191493
vt 0.326929 0.206452
vt 0.326929 0.221416
vt 0.326929 0.236375
vt 0.326929 0.251334
vt 0.326929 0.266299
vt 0.326929 0.281257
vt 0.326929 0.296222
vt 0.326929 0.311181
vt 0.326929 0.326139
vt 0.326929 0.341104
vt 0.326929 0.356063
vt 0.326929 0.610396
vt 0.326929 0.625757
vt 0.326929 0.641117
vt 0.312501 0.128496
vt 0.322958 0.117588
vt 0.361722 0.0756948
vt 0.331924 0.107977
vt 0.341584 0.0975419
vt 0.351672 0.0866184
vt 0.328756 0.137618
vt 0.326929 0.656477
vt 0.344149 0.641117
vt 0.395811 0.610396
vt 0.37859 0.625757
vt 0.37859 0.610396
vt 0.37859 0.595437
vt 0.326929 0.595437
vt 0.326929 0.580478
vt 0.326929 0.565514
vt 0.326929 0.550555
vt 0.326929 0.535591
vt 0.326929 0.520632
vt 0.326929 0.505673
vt 0.326929 0.490709
vt 0.326929 0.47575
vt 0.326929 0.460791
vt 0.326929 0.445827
vt 0.326929 0.430868
vt 0.326929 0.415904
vt 0.326929 0.400945
vt 0.344149 0.371022
vt 0.344149 0.385986
vt 0.344149 0.146611
vt 0.344149 0.16157
vt 0.344149 0.176534
vt 0.344149 0.191493
vt 0.344149 0.206452
vt 0.344149 0.221416
vt 0.344149 0.236375
vt 0.344149 0.251334
vt 0.344149 0.266299
vt 0.344149 0.281257
vt 0.344149 0.296222
vt 0.344149 0.311181
vt 0.344149 0.326139
vt 0.344149 0.341104
vt 0.344149 0.356063
vt 0.344149 0.610396
vt 0.344149 0.625757
vt 0.344149 0.595437
vt 0.344149 0.580478
vt 0.344149 0.565514
vt 0.344149 0.550555
vt 0.344149 0.535591
vt 0.344149 0.520632
vt 0.344149 0.505673
vt 0.344149 0.490709
vt 0.344149 0.47575
vt 0.344149 0.460791
vt 0.344149 0.445827
vt 0.344149 0.430868
vt 0.344149 0.415904
vt 0.344149 0.400945
vt 0.36137 0.371022
vt 0.36137 0.385986
vt 0.36137 0.146611
vt 0.36137 0.16157
vt 0.36137 0.176534
vt 0.36137 0.191493
vt 0.36137 0.206452
vt 0.36137 0.221416
vt 0.36137 0.236375
vt 0.36137 0.251334
vt 0.36137 0.266299
vt 0.36137 0.281257
vt 0.36137 0.296222
vt 0.36137 0.311181
vt 0.36137 0.326139
vt 0.36137 0.341104
vt 0.36137 0.356063
vt 0.36137 0.610396
vt 0.36137 0.625757
vt 0.36137 0.595437
vt 0.36137 0.580478
vt 0.36137 0.565514
vt 0.36137 0.550555
vt 0.36137 0.535591
vt 0.36137 0.520632
vt 0.36137 0.505673
vt 0.36137 0.490709
vt 0.36137 0.47575
vt 0.36137 0.460791
vt 0.36137 0.445827
vt 0.36137 0.430868
vt 0.36137 0.415904
vt 0.36137 0.400945
vt 0.37859 0.371022
vt 0.37859 0.385986
vt 0.37859 0.146611
vt 0.37859 0.16157
vt 0.37859 0.176534
vt 0.37859 0.191493
vt 0.37859 0.206452
vt 0.37859 0.221416
vt 0.37859 0.236375
vt 0.37859 0.251334
vt 0.37859 0.266299
vt 0.37859 0.281257
vt 0.37859 0.296222
vt 0.37859 0.311181
vt 0.37859 0.326139
vt 0.37859 0.341104
vt 0.37859 0.356063
vt 0.37859 0.580478
vt 0.37859 0.565514
vt 0.37859 0.550555
vt 0.37859 0.535591
vt 0.37859 0.520632
vt 0.37859 0.505673
vt 0.37859 0.490709
vt 0.37859 0.47575
vt 0.37859 0.460791
vt 0.37859 0.445827
vt 0.37859 0.430868
vt 0.37859 0.415904
vt 0.37859 0.400945
vt 0.395811 0.371022
vt 0.395811 0.146611
vt 0.395811 0.16157
vt 0.395811 0.176534
vt 0.395811 0.191493
vt 0.395811 0.206452
vt 0.395811 0.221416
vt 0.395811 0.236375
vt 0.395811 0.251334
vt 0.395811 0.266299
vt 0.395811 0.281257
vt 0.395811 0.296222
vt 0.395811 0.311181
vt 0.395811 0.326139
vt 0.395811 0.341104
vt 0.395811 0.356063
vt 0.405889 0.371022
vt 0.405889 0.146611
vt 0.405889 0.16157
vt 0.405889 0.176534
vt 0.405889 0.191493
vt 0.405889 0.206452
vt 0.405889 0.221416
vt 0.405889 0.236375
vt 0.405889 0.251334
vt 0.405889 0.266299
vt 0.405889 0.281257
vt 0.405889 0.296222
vt 0.405889 0.311181
vt 0.405889 0.326139
vt 0.405889 0.341104
vt 0.405889 0.356063
vt 0.375564 0.837171
vt 0.360404 0.837106
vt 0.390729 0.761932
vt 0.405889 0.761932
vt 0.405889 0.777309
vt 0.390729 0.777309
vt 0.345245 0.777309
vt 0.345245 0.761932
vt 0.405889 0.700404
vt 0.390729 0.700404
vt 0.345245 0.700404
vt 0.345245 0.688846
vt 0.405889 0.715786
vt 0.390729 0.715786
vt 0.345245 0.715786
vt 0.405889 0.731168
vt 0.390729 0.731168
vt 0.345245 0.731168
vt 0.405889 0.74655
vt 0.390729 0.74655
vt 0.345245 0.74655
vt 0.345245 0.808073
vt 0.390729 0.808073
vt 0.405889 0.808073
vt 0.405889 0.823455
vt 0.390729 0.823455
vt 0.345245 0.792691
vt 0.390729 0.792691
vt 0.405889 0.792691
vt 0.345245 0.884613
vt 0.345245 0.868716
vt 0.390729 0.868716
vt 0.405889 0.868716
vt 0.405889 0.884613
vt 0.390729 0.884613
vt 0.345245 0.926192
vt 0.345245 0.916408
vt 0.405889 0.916408
vt 0.405889 0.926192
vt 0.390729 0.926192
vt 0.390729 0.916408
vt 0.345245 0.900511
vt 0.390729 0.900511
vt 0.405889 0.900511
vt 0.390729 0.852819
vt 0.405889 0.852819
vt 0.345245 0.852819
vt 0.405889 0.837307
vt 0.390729 0.837242
vt 0.328903 0.836998
vt 0.312035 0.837003
vt 0.326907 0.831422
vt 0.323072 0.829914
vt 0.314497 0.8424
vt 0.335672 0.128458
vt 0.346129 0.117518
vt 0.355089 0.107907
vt 0.364738 0.0974713
vt 0.347322 0.137618
vt 0.353625 0.128436
vt 0.363529 0.117458
vt 0.37231 0.107853
vt 0.36419 0.137618
vt 0.370791 0.128409
vt 0.354953 0.673486
vt 0.405889 0.642766
vt 0.389254 0.658126
vt 0.372304 0.673486
vt 0.271324 0.385986
vt 0.271324 0.371022
vt 0.340076 0.0604105
vt 0.350094 0.0494815
vt 0.271324 0.146611
vt 0.275549 0.131305
vt 0.371447 0.641117
vt 0.354227 0.656477
vt 0.271324 0.852819
vt 0.271324 0.837307
vt 0.271324 0.16157
vt 0.271324 0.176534
vt 0.271324 0.191493
vt 0.271324 0.206452
vt 0.271324 0.221416
vt 0.271324 0.236375
vt 0.271324 0.251334
vt 0.271324 0.266299
vt 0.271324 0.281257
vt 0.271324 0.296222
vt 0.271324 0.311181
vt 0.271324 0.326139
vt 0.271324 0.341104
vt 0.271324 0.356063
vt 0.384795 0.0132775
vt 0.405889 0
vt 0.355051 0.658126
vt 0.371995 0.642766
vt 0.320469 0.843637
vt 0.325475 0.841657
vt 0.319048 0.830191
vt 0.315078 0.832051
vt 0.31991 0.828846
vt 0.31991 0.829784
vt 0.321027 0.829784
vt 0.321027 0.828846
vt 0.319785 0.761932
vt 0.319785 0.777309
vt 0.271324 0.777309
vt 0.271324 0.761932
vt 0.321152 0.777309
vt 0.321158 0.761932
vt 0.319785 0.687197
vt 0.319785 0.700404
vt 0.271324 0.700404
vt 0.271324 0.687197
vt 0.321158 0.700404
vt 0.321158 0.688846
vt 0.319785 0.715786
vt 0.319785 0.731168
vt 0.319785 0.74655
vt 0.319785 0.792691
vt 0.319785 0.808073
vt 0.271324 0.715786
vt 0.271324 0.731168
vt 0.271324 0.74655
vt 0.321158 0.715786
vt 0.321158 0.731168
vt 0.321158 0.74655
vt 0.321152 0.808073
vt 0.321152 0.792691
vt 0.337006 0.671837
vt 0.271324 0.625757
vt 0.271324 0.610396
vt 0.271324 0.641117
vt 0.388944 0.627405
vt 0.405889 0.612045
vt 0.338102 0.673486
vt 0.316385 0.927413
vt 0.300954 0.927413
vt 0.330508 0.927413
vt 0.375564 0.927413
vt 0.360404 0.927413
vt 0.271324 0.868716
vt 0.271324 0.656477
vt 0.271324 0.595437
vt 0.271324 0.580478
vt 0.271324 0.565514
vt 0.271324 0.550555
vt 0.271324 0.535591
vt 0.271324 0.520632
vt 0.271324 0.505673
vt 0.271324 0.490709
vt 0.271324 0.47575
vt 0.271324 0.460791
vt 0.271324 0.445827
vt 0.271324 0.430868
vt 0.271324 0.415904
vt 0.271324 0.400945
vt 0.288544 0.116541
vt 0.300026 0.104116
vt 0.271324 0.823455
vt 0.271324 0.808073
vt 0.271324 0.792691
vt 0.271324 0.671837
vt 0.271324 0.884613
vt 0.276259 0.923817
vt 0.271324 0.912519
vt 0.271324 0.900511
vt 0.310039 0.0931919
vt 0.320051 0.082263
vt 0.330064 0.0713395
vt 0.370737 0.0271191
vt 0.359878 0.0385579
vt 0.288262 0.927413
vt 0.345245 0.927413
vt 0.405889 0.927413
vt 0.390729 0.927413
vt 0.327688 0.836998
vt 0.31325 0.836998
vt 0.325866 0.832051
vt 0.32189 0.830185
vt 0.315463 0.841657
vt 0.543748 0.566599
vt 0.543748 0.589178
vt 0.542647 0.589178
vt 0.542647 0.566599
vt 0.543748 0.548727
vt 0.542647 0.548727
vt 0.543748 0.53444
vt 0.542647 0.53444
vt 0.543748 0.521155
vt 0.542647 0.521155
vt 0.543748 0.507724
vt 0.542647 0.507724
vt 0.543748 0.494297
vt 0.542647 0.494297
vt 0.543748 0.480874
vt 0.542647 0.480874
vt 0.543748 0.467447
vt 0.542647 0.467447
vt 0.543748 0.454024
vt 0.542647 0.454024
vt 0.543748 0.438697
vt 0.542647 0.438697
vt 0.543748 0.42088
vt 0.542647 0.42088
vt 0.543748 0.406496
vt 0.542647 0.406496
vt 0.826836 0.697864
vt 0.826836 0.711541
vt 0.825725 0.711541
vt 0.825725 0.697864
vt 0.826836 0.684182
vt 0.825725 0.684182
vt 0.826836 0.670505
vt 0.825725 0.670505
vt 0.826836 0.656828
vt 0.825725 0.656828
vt 0.826836 0.643146
vt 0.825725 0.643146
vt 0.826836 0.629469
vt 0.825725 0.629469
vt 0.826836 0.615792
vt 0.825725 0.615792
vt 0.826836 0.602111
vt 0.825725 0.602111
vt 0.826836 0.588434
vt 0.825725 0.588434
vt 0.826836 0.574754
vt 0.825725 0.574754
vt 0.826836 0.561075
vt 0.825725 0.561075
vt 0.826836 0.547398
vt 0.825725 0.547398
vt 0.826836 0.533716
vt 0.825725 0.533716
vt 0.826836 0.520039
vt 0.825725 0.520039
vt 0.826836 0.506362
vt 0.825725 0.506362
vt 0.826836 0.492681
vt 0.825725 0.492681
vt 0.826836 0.479004
vt 0.825725 0.479004
vt 0.826836 0.465327
vt 0.825725 0.465327
vt 0.826836 0.451645
vt 0.825725 0.451645
vt 0.826836 0.437968
vt 0.825725 0.437968
vt 0.826836 0.424286
vt 0.825725 0.424286
vt 0.826836 0.410609
vt 0.825725 0.410609
vt 0.826836 0.396933
vt 0.825725 0.396933
vt 0.826836 0.383251
vt 0.825725 0.383251
vt 0.826836 0.369574
vt 0.825725 0.369574
vt 0.826836 0.355897
vt 0.825725 0.355897
vt 0.826836 0.342215
vt 0.825725 0.342215
vt 0.826836 0.328538
vt 0.825725 0.328538
vt 0.826836 0.314856
vt 0.825725 0.314856
vt 0.826836 0.301179
vt 0.825725 0.301179
vt 0.826836 0.287503
vt 0.825725 0.287503
vt 0.826836 0.273459
vt 0.825725 0.273459
vt 0.826836 0.259415
vt 0.825725 0.259415
vt 0.826836 0.245371
vt 0.825725 0.245371
vt 0.826836 0.231327
vt 0.825725 0.231327
vt 0.826836 0.217283
vt 0.825725 0.217283
vt 0.826836 0.205208
vt 0.825725 0.205208
vt 0.826836 0.191145
vt 0.825725 0.191145
vt 0.826836 0.177081
vt 0.825725 0.177081
vt 0.826836 0.163017
vt 0.825725 0.163017
vt 0.826836 0.148953
vt 0.825725 0.148953
vt 0.826836 0.134895
vt 0.825725 0.134895
vt 0.826836 0.120831
vt 0.825725 0.120831
vt 0.826836 0.106767
vt 0.825725 0.106767
vt 0.826836 0.0927038
vt 0.825725 0.0927038
vt 0.826836 0.0800385
vt 0.825725 0.0800385
vt 0.826836 0.0658557
vt 0.825725 0.0658557
vt 0.826836 0.051321
vt 0.825725 0.051321
vt 0.826836 0.0367862
vt 0.825725 0.0367862
vt 0.826836 0.0222514
vt 0.825725 0.0222514
vt 0.826836 0.0112722
vt 0.825725 0.0112722
vt 0.826836 0
vt 0.825725 0
vt 0.548657 0.417911
vt 0.548657 0.406496
vt 0.549763 0.406496
vt 0.549763 0.417911
vt 0.548657 0.429473
vt 0.549763 0.429473
vt 0.548657 0.443531
vt 0.549763 0.443531
vt 0.548657 0.456397
vt 0.549763 0.456397
vt 0.548657 0.469822
vt 0.549763 0.469822
vt 0.548657 0.483633
vt 0.549763 0.483633
vt 0.548657 0.497444
vt 0.549763 0.497444
vt 0.548657 0.511259
vt 0.549763 0.511259
vt 0.548657 0.525069
vt 0.549763 0.525069
vt 0.817023 0.247255
vt 0.817023 0.267837
vt 0.81593 0.267837
vt 0.81593 0.247255
vt 0.817023 0.226669
vt 0.81593 0.226669
vt 0.817023 0.206086
vt 0.81593 0.206086
vt 0.817023 0.1855
vt 0.81593 0.1855
vt 0.817023 0.164918
vt 0.81593 0.164918
vt 0.817023 0.154516
vt 0.81593 0.154516
vt 0.817023 0.140672
vt 0.81593 0.140672
vt 0.817023 0.126829
vt 0.81593 0.126829
vt 0.817023 0.112985
vt 0.81593 0.112985
vt 0.817023 0.0991421
vt 0.81593 0.0991421
vt 0.817023 0.0853035
vt 0.81593 0.0853035
vt 0.817023 0.0714602
vt 0.81593 0.0714602
vt 0.817023 0.0576167
vt 0.81593 0.0576167
vt 0.817023 0.038921
vt 0.81593 0.038921
vt 0.817023 0.0380766
vt 0.81593 0.0380766
vt 0.817023 0.0372205
vt 0.81593 0.0372205
vt 0.817023 0.0332682
vt 0.81593 0.0332682
vt 0.817023 0.0285239
vt 0.81593 0.0285239
vt 0.817023 0.0238819
vt 0.81593 0.0238819
vt 0.817023 0.0190369
vt 0.81593 0.0190369
vt 0.817023 0.0141919
vt 0.81593 0.0141919
vt 0.817023 0.00955003
vt 0.81593 0.00955003
vt 0.817023 0.00480407
vt 0.81593 0.00480407
vt 0.817023 0.000858128
vt 0.81593 0.000858128
vt 0.817023 0
vt 0.81593 0
vt 0.817023 0.999155
vt 0.817023 1
vt 0.81593 1
vt 0.81593 0.999155
vt 0.817023 0.98046
vt 0.81593 0.98046
vt 0.817023 0.966616
vt 0.81593 0.966616
vt 0.817023 0.952773
vt 0.81593 0.952773
vt 0.817023 0.938935
vt 0.81593 0.938935
vt 0.817023 0.925091
vt 0.81593 0.925091
vt 0.817023 0.911247
vt 0.81593 0.911247
vt 0.817023 0.897404
vt 0.81593 0.897404
vt 0.817023 0.883561
vt 0.81593 0.883561
vt 0.817023 0.871675
vt 0.81593 0.871675
vt 0.817023 0.850907
vt 0.81593 0.850907
vt 0.817023 0.83014
vt 0.81593 0.83014
vt 0.817023 0.809372
vt 0.81593 0.809372
vt 0.817023 0.788605
vt 0.81593 0.788605
vt 0.817023 0.767837
vt 0.81593 0.767837
vt 0.26791 0.385986
vt 0.25845 0.385986
vt 0.25845 0.371022
vt 0.26791 0.371022
vt 0.191488 0.0682642
vt 0.181438 0.0573352
vt 0.189438 0.0502789
vt 0.199456 0.0612078
vt 0.26791 0.146611
vt 0.258342 0.146628
vt 0.253846 0.134597
vt 0.26375 0.131685
vt 0.170227 0.641117
vt 0.179084 0.641117
vt 0.196304 0.656477
vt 0.187447 0.656477
vt 0.26791 0.837302
vt 0.26791 0.85282
vt 0.25845 0.85282
vt 0.25845 0.837232
vt 0.26791 0.16157
vt 0.25845 0.16157
vt 0.26791 0.176534
vt 0.25845 0.176534
vt 0.26791 0.191493
vt 0.25845 0.191493
vt 0.26791 0.206452
vt 0.25845 0.206452
vt 0.26791 0.221417
vt 0.25845 0.221417
vt 0.26791 0.236376
vt 0.25845 0.236376
vt 0.26791 0.251334
vt 0.25845 0.251334
vt 0.26791 0.266299
vt 0.25845 0.266299
vt 0.26791 0.281258
vt 0.25845 0.281258
vt 0.26791 0.296217
vt 0.25845 0.296217
vt 0.26791 0.311181
vt 0.25845 0.311181
vt 0.26791 0.32614
vt 0.25845 0.32614
vt 0.26791 0.341104
vt 0.25845 0.341104
vt 0.26791 0.356063
vt 0.25845 0.356063
vt 0.153006 0.625757
vt 0.151786 0.625757
vt 0.134565 0.610397
vt 0.134565 0.609182
vt 0.134565 0.580479
vt 0.144642 0.580479
vt 0.144642 0.595438
vt 0.134565 0.595438
vt 0.134565 0.565515
vt 0.144642 0.565515
vt 0.134565 0.550556
vt 0.144642 0.550556
vt 0.134565 0.535591
vt 0.144642 0.535591
vt 0.134565 0.520633
vt 0.144642 0.520633
vt 0.134565 0.505674
vt 0.144642 0.505674
vt 0.134565 0.490709
vt 0.144642 0.490709
vt 0.134565 0.47575
vt 0.144642 0.47575
vt 0.134565 0.460791
vt 0.144642 0.460791
vt 0.134565 0.445827
vt 0.144642 0.445827
vt 0.134565 0.430868
vt 0.144642 0.430868
vt 0.134565 0.415904
vt 0.144642 0.415904
vt 0.134565 0.400945
vt 0.144642 0.400945
vt 0.134565 0.385986
vt 0.144642 0.385986
vt 0.15523 0.0144165
vt 0.149969 0.0253727
vt 0.134565 0.013207
vt 0.134565 0.00122035
vt 0.134565 0.128366
vt 0.15242 0.128382
vt 0.159037 0.137619
vt 0.134565 0.137619
vt 0.134565 0.117339
vt 0.184187 0.658126
vt 0.176323 0.658126
vt 0.159379 0.642766
vt 0.167238 0.642766
vt 0.219925 0.844516
vt 0.209945 0.85282
vt 0.207396 0.84738
vt 0.214008 0.84239
vt 0.227692 0.85282
vt 0.222594 0.829915
vt 0.232622 0.827567
vt 0.226412 0.831412
vt 0.221509 0.829042
vt 0.220994 0.827718
vt 0.228809 0.808073
vt 0.228809 0.823455
vt 0.195209 0.823455
vt 0.20719 0.827567
vt 0.205953 0.836999
vt 0.195209 0.837036
vt 0.210601 0.823455
vt 0.210601 0.808073
vt 0.218949 0.827724
vt 0.218433 0.829074
vt 0.180049 0.761933
vt 0.180049 0.777309
vt 0.164889 0.777309
vt 0.164889 0.761933
vt 0.228809 0.777309
vt 0.221888 0.777309
vt 0.221888 0.761933
vt 0.228809 0.761933
vt 0.26791 0.777309
vt 0.25845 0.777309
vt 0.25845 0.761933
vt 0.26791 0.761933
vt 0.218081 0.777309
vt 0.210601 0.777309
vt 0.210601 0.761933
vt 0.218081 0.761933
vt 0.180049 0.688847
vt 0.180049 0.700405
vt 0.164889 0.700405
vt 0.164889 0.688847
vt 0.228809 0.700405
vt 0.221888 0.700405
vt 0.221888 0.687198
vt 0.228809 0.687198
vt 0.26791 0.700405
vt 0.25845 0.700405
vt 0.25845 0.687198
vt 0.26791 0.687198
vt 0.218081 0.700405
vt 0.210601 0.700405
vt 0.210601 0.688847
vt 0.218081 0.688847
vt 0.180049 0.715787
vt 0.164889 0.715787
vt 0.180049 0.731169
vt 0.164889 0.731169
vt 0.180049 0.746551
vt 0.164889 0.746551
vt 0.164889 0.823455
vt 0.164889 0.808073
vt 0.180049 0.808073
vt 0.180049 0.823455
vt 0.164889 0.792691
vt 0.180049 0.792691
vt 0.228809 0.715787
vt 0.221888 0.715787
vt 0.228809 0.731169
vt 0.221888 0.731169
vt 0.228809 0.746551
vt 0.221888 0.746551
vt 0.221888 0.792691
vt 0.228809 0.792691
vt 0.221888 0.808073
vt 0.26791 0.715787
vt 0.25845 0.715787
vt 0.26791 0.731169
vt 0.25845 0.731169
vt 0.26791 0.746551
vt 0.25845 0.746551
vt 0.2395 0.808073
vt 0.2395 0.823455
vt 0.2395 0.792691
vt 0.2395 0.777309
vt 0.218081 0.715787
vt 0.210601 0.715787
vt 0.218081 0.731169
vt 0.210601 0.731169
vt 0.218081 0.746551
vt 0.210601 0.746551
vt 0.210601 0.792691
vt 0.218081 0.792691
vt 0.218081 0.808073
vt 0.213525 0.671838
vt 0.2395 0.671838
vt 0.2395 0.687198
vt 0.204668 0.671838
vt 0.26791 0.625757
vt 0.25845 0.625757
vt 0.25845 0.610397
vt 0.26791 0.610397
vt 0.26791 0.641117
vt 0.25845 0.641117
vt 0.150294 0.627406
vt 0.142429 0.627406
vt 0.134565 0.62099
vt 0.134565 0.61326
vt 0.193267 0.673487
vt 0.201132 0.673487
vt 0.134565 0.658126
vt 0.151075 0.673487
vt 0.134565 0.673487
vt 0.168556 0.658126
vt 0.151607 0.642766
vt 0.134565 0.627406
vt 0.149725 0.688847
vt 0.134565 0.688847
vt 0.227692 0.868717
vt 0.2395 0.868717
vt 0.2395 0.884614
vt 0.227692 0.884614
vt 0.209945 0.868717
vt 0.209945 0.884614
vt 0.164889 0.884614
vt 0.164889 0.868717
vt 0.180049 0.868717
vt 0.180049 0.884614
vt 0.224069 0.926193
vt 0.224069 0.916409
vt 0.239494 0.916349
vt 0.2395 0.926193
vt 0.209945 0.926193
vt 0.209945 0.916409
vt 0.164889 0.926193
vt 0.164889 0.916409
vt 0.180049 0.916409
vt 0.180049 0.926193
vt 0.224069 0.900511
vt 0.2395 0.900511
vt 0.26791 0.868717
vt 0.25845 0.868717
vt 0.209945 0.900511
vt 0.164889 0.900511
vt 0.180049 0.900511
vt 0.180049 0.85282
vt 0.164889 0.85282
vt 0.2395 0.385986
vt 0.2395 0.371022
vt 0.134565 0.0755918
vt 0.134565 0.0647062
vt 0.155577 0.0756297
vt 0.2395 0.146611
vt 0.235562 0.137619
vt 0.26791 0.656477
vt 0.25845 0.656477
vt 0.2395 0.85282
vt 0.2395 0.837096
vt 0.2395 0.16157
vt 0.2395 0.176534
vt 0.2395 0.191493
vt 0.2395 0.206452
vt 0.2395 0.221417
vt 0.2395 0.236376
vt 0.2395 0.251334
vt 0.2395 0.266299
vt 0.2395 0.281258
vt 0.2395 0.296217
vt 0.2395 0.311181
vt 0.2395 0.32614
vt 0.2395 0.341104
vt 0.2395 0.356063
vt 0.25845 0.595438
vt 0.26791 0.595438
vt 0.25845 0.580479
vt 0.26791 0.580479
vt 0.25845 0.565515
vt 0.26791 0.565515
vt 0.25845 0.550556
vt 0.26791 0.550556
vt 0.25845 0.535591
vt 0.26791 0.535591
vt 0.25845 0.520633
vt 0.26791 0.520633
vt 0.25845 0.505674
vt 0.26791 0.505674
vt 0.25845 0.490709
vt 0.26791 0.490709
vt 0.25845 0.47575
vt 0.26791 0.47575
vt 0.25845 0.460791
vt 0.26791 0.460791
vt 0.25845 0.445827
vt 0.26791 0.445827
vt 0.25845 0.430868
vt 0.26791 0.430868
vt 0.25845 0.415904
vt 0.26791 0.415904
vt 0.25845 0.400945
vt 0.26791 0.400945
vt 0.242591 0.123636
vt 0.250917 0.117252
vt 0.2317 0.111969
vt 0.23951 0.104924
vt 0.25845 0.823455
vt 0.26791 0.823455
vt 0.2395 0.761933
vt 0.2395 0.700405
vt 0.2395 0.715787
vt 0.2395 0.731169
vt 0.2395 0.746551
vt 0.25845 0.808073
vt 0.26791 0.808073
vt 0.25845 0.792691
vt 0.26791 0.792691
vt 0.25845 0.671838
vt 0.26791 0.671838
vt 0.2395 0.625757
vt 0.2395 0.610397
vt 0.2395 0.641117
vt 0.26791 0.884614
vt 0.25845 0.884614
vt 0.263359 0.922928
vt 0.253016 0.912021
vt 0.256802 0.907666
vt 0.267996 0.91207
vt 0.26791 0.900511
vt 0.258315 0.900495
vt 0.221644 0.101046
vt 0.229498 0.0939948
vt 0.211594 0.0901168
vt 0.219486 0.0830658
vt 0.201571 0.0791877
vt 0.209473 0.0721421
vt 0.168854 0.0279815
vt 0.161332 0.0354773
vt 0.179637 0.0393335
vt 0.171382 0.0464117
vt 0.134565 0.107766
vt 0.150712 0.107798
vt 0.159547 0.117404
vt 0.134565 0.0973684
vt 0.134565 0.0864828
vt 0.158571 0.0974226
vt 0.165627 0.0865534
vt 0.134565 0.0429296
vt 0.158625 0.0538531
vt 0.134565 0.0538152
vt 0.168675 0.0647713
vt 0.2395 0.656477
vt 0.2395 0.595438
vt 0.2395 0.580479
vt 0.2395 0.565515
vt 0.2395 0.550556
vt 0.2395 0.535591
vt 0.2395 0.520633
vt 0.2395 0.505674
vt 0.2395 0.490709
vt 0.2395 0.47575
vt 0.2395 0.460791
vt 0.2395 0.445827
vt 0.2395 0.430868
vt 0.2395 0.415904
vt 0.2395 0.400945
vt 0.247326 0.915611
vt 0.251725 0.926285
vt 0.213525 0.385986
vt 0.213525 0.371022
vt 0.232416 0.84738
vt 0.233593 0.837031
vt 0.213525 0.16157
vt 0.213525 0.146611
vt 0.213525 0.176534
vt 0.213525 0.191493
vt 0.213525 0.206452
vt 0.213525 0.221417
vt 0.213525 0.236376
vt 0.213525 0.251334
vt 0.213525 0.266299
vt 0.213525 0.281258
vt 0.213525 0.296217
vt 0.213525 0.311181
vt 0.213525 0.32614
vt 0.213525 0.341104
vt 0.213525 0.356063
vt 0.213525 0.625757
vt 0.213525 0.610397
vt 0.213525 0.641117
vt 0.227952 0.128496
vt 0.217495 0.117588
vt 0.178731 0.0756948
vt 0.20853 0.107977
vt 0.19887 0.0975419
vt 0.188781 0.0866185
vt 0.211697 0.137619
vt 0.196304 0.641117
vt 0.213525 0.656477
vt 0.144642 0.610397
vt 0.161863 0.625757
vt 0.161863 0.595438
vt 0.161863 0.610397
vt 0.213525 0.595438
vt 0.213525 0.580479
vt 0.213525 0.565515
vt 0.213525 0.550556
vt 0.213525 0.535591
vt 0.213525 0.520633
vt 0.213525 0.505674
vt 0.213525 0.490709
vt 0.213525 0.47575
vt 0.213525 0.460791
vt 0.213525 0.445827
vt 0.213525 0.430868
vt 0.213525 0.415904
vt 0.213525 0.400945
vt 0.196304 0.385986
vt 0.196304 0.371022
vt 0.196304 0.16157
vt 0.196304 0.146611
vt 0.196304 0.176534
vt 0.196304 0.191493
vt 0.196304 0.206452
vt 0.196304 0.221417
vt 0.196304 0.236376
vt 0.196304 0.251334
vt 0.196304 0.266299
vt 0.196304 0.281258
vt 0.196304 0.296217
vt 0.196304 0.311181
vt 0.196304 0.32614
vt 0.196304 0.341104
vt 0.196304 0.356063
vt 0.196304 0.625757
vt 0.196304 0.610397
vt 0.196304 0.595438
vt 0.196304 0.580479
vt 0.196304 0.565515
vt 0.196304 0.550556
vt 0.196304 0.535591
vt 0.196304 0.520633
vt 0.196304 0.505674
vt 0.196304 0.490709
vt 0.196304 0.47575
vt 0.196304 0.460791
vt 0.196304 0.445827
vt 0.196304 0.430868
vt 0.196304 0.415904
vt 0.196304 0.400945
vt 0.179084 0.385986
vt 0.179084 0.371022
vt 0.179084 0.16157
vt 0.179084 0.146611
vt 0.179084 0.176534
vt 0.179084 0.191493
vt 0.179084 0.206452
vt 0.179084 0.221417
vt 0.179084 0.236376
vt 0.179084 0.251334
vt 0.179084 0.266299
vt 0.179084 0.281258
vt 0.179084 0.296217
vt 0.179084 0.311181
vt 0.179084 0.32614
vt 0.179084 0.341104
vt 0.179084 0.356063
vt 0.179084 0.625757
vt 0.179084 0.610397
vt 0.179084 0.595438
vt 0.179084 0.580479
vt 0.179084 0.565515
vt 0.179084 0.550556
vt 0.179084 0.535591
vt 0.179084 0.520633
vt 0.179084 0.505674
vt 0.179084 0.490709
vt 0.179084 0.47575
vt 0.179084 0.460791
vt 0.179084 0.445827
vt 0.179084 0.430868
vt 0.179084 0.415904
vt 0.179084 0.400945
vt 0.161863 0.385986
vt 0.161863 0.371022
vt 0.161863 0.16157
vt 0.161863 0.146611
vt 0.161863 0.176534
vt 0.161863 0.191493
vt 0.161863 0.206452
vt 0.161863 0.221417
vt 0.161863 0.236376
vt 0.161863 0.251334
vt 0.161863 0.266299
vt 0.161863 0.281258
vt 0.161863 0.296217
vt 0.161863 0.311181
vt 0.161863 0.32614
vt 0.161863 0.341104
vt 0.161863 0.356063
vt 0.161863 0.580479
vt 0.161863 0.565515
vt 0.161863 0.550556
vt 0.161863 0.535591
vt 0.161863 0.520633
vt 0.161863 0.505674
vt 0.161863 0.490709
vt 0.161863 0.47575
vt 0.161863 0.460791
vt 0.161863 0.445827
vt 0.161863 0.430868
vt 0.161863 0.415904
vt 0.161863 0.400945
vt 0.144642 0.371022
vt 0.144642 0.16157
vt 0.144642 0.146611
vt 0.144642 0.176534
vt 0.144642 0.191493
vt 0.144642 0.206452
vt 0.144642 0.221417
vt 0.144642 0.236376
vt 0.144642 0.251334
vt 0.144642 0.266299
vt 0.144642 0.281258
vt 0.144642 0.296217
vt 0.144642 0.311181
vt 0.144642 0.32614
vt 0.144642 0.341104
vt 0.144642 0.356063
vt 0.134565 0.371022
vt 0.134565 0.16157
vt 0.134565 0.146611
vt 0.134565 0.176534
vt 0.134565 0.191493
vt 0.134565 0.206452
vt 0.134565 0.221417
vt 0.134565 0.236376
vt 0.134565 0.251334
vt 0.134565 0.266299
vt 0.134565 0.281258
vt 0.134565 0.296217
vt 0.134565 0.311181
vt 0.134565 0.32614
vt 0.134565 0.341104
vt 0.134565 0.356063
vt 0.180049 0.837107
vt 0.164889 0.837172
vt 0.149725 0.761933
vt 0.149725 0.777309
vt 0.134565 0.777309
vt 0.134565 0.761933
vt 0.195209 0.777309
vt 0.195209 0.761933
vt 0.149725 0.700405
vt 0.134565 0.700405
vt 0.195209 0.700405
vt 0.195209 0.688847
vt 0.149725 0.715787
vt 0.134565 0.715787
vt 0.195209 0.715787
vt 0.149725 0.731169
vt 0.134565 0.731169
vt 0.195209 0.731169
vt 0.149725 0.746551
vt 0.134565 0.746551
vt 0.195209 0.746551
vt 0.195209 0.808073
vt 0.149725 0.808073
vt 0.149725 0.823455
vt 0.134565 0.823455
vt 0.134565 0.808073
vt 0.195209 0.792691
vt 0.149725 0.792691
vt 0.134565 0.792691
vt 0.195209 0.884614
vt 0.195209 0.868717
vt 0.149725 0.868717
vt 0.149725 0.884614
vt 0.134565 0.884614
vt 0.134565 0.868717
vt 0.195209 0.926193
vt 0.195209 0.916409
vt 0.134565 0.916409
vt 0.149725 0.916409
vt 0.149725 0.926193
vt 0.134565 0.926193
vt 0.195209 0.900511
vt 0.149725 0.900511
vt 0.134565 0.900511
vt 0.149725 0.85282
vt 0.134565 0.85282
vt 0.195209 0.85282
vt 0.149725 0.837242
vt 0.134565 0.837308
vt 0.211551 0.836999
vt 0.228419 0.837004
vt 0.213547 0.831423
vt 0.217381 0.829915
vt 0.225956 0.842401
vt 0.204782 0.128458
vt 0.194325 0.117518
vt 0.185364 0.107907
vt 0.175715 0.0974714
vt 0.193131 0.137619
vt 0.186829 0.128436
vt 0.176925 0.117458
vt 0.168144 0.107853
vt 0.176263 0.137619
vt 0.169662 0.128409
vt 0.1855 0.673487
vt 0.1512 0.658126
vt 0.134565 0.642766
vt 0.168149 0.673487
vt 0.26913 0.371022
vt 0.26913 0.385986
vt 0.19036 0.0494816
vt 0.200378 0.0604105
vt 0.264905 0.131305
vt 0.26913 0.146611
vt 0.186227 0.656477
vt 0.169006 0.641117
vt 0.26913 0.837308
vt 0.26913 0.85282
vt 0.26913 0.16157
vt 0.26913 0.176534
vt 0.26913 0.191493
vt 0.26913 0.206452
vt 0.26913 0.221417
vt 0.26913 0.236376
vt 0.26913 0.251334
vt 0.26913 0.266299
vt 0.26913 0.281258
vt 0.26913 0.296217
vt 0.26913 0.311181
vt 0.26913 0.32614
vt 0.26913 0.341104
vt 0.26913 0.356063
vt 0.134565 0
vt 0.155658 0.0132775
vt 0.168458 0.642766
vt 0.185402 0.658126
vt 0.214978 0.841658
vt 0.219985 0.843637
vt 0.225376 0.832052
vt 0.221406 0.830192
vt 0.220543 0.829785
vt 0.220543 0.828847
vt 0.219426 0.828847
vt 0.219426 0.829785
vt 0.220668 0.777309
vt 0.220668 0.761933
vt 0.26913 0.761933
vt 0.26913 0.777309
vt 0.219296 0.761933
vt 0.219301 0.777309
vt 0.220668 0.700405
vt 0.220668 0.687198
vt 0.26913 0.687198
vt 0.26913 0.700405
vt 0.219296 0.688847
vt 0.219296 0.700405
vt 0.220668 0.715787
vt 0.220668 0.731169
vt 0.220668 0.746551
vt 0.220668 0.808073
vt 0.220668 0.792691
vt 0.26913 0.715787
vt 0.26913 0.731169
vt 0.26913 0.746551
vt 0.219296 0.715787
vt 0.219296 0.731169
vt 0.219296 0.746551
vt 0.219301 0.792691
vt 0.219301 0.808073
vt 0.203447 0.671838
vt 0.26913 0.610397
vt 0.26913 0.625757
vt 0.26913 0.641117
vt 0.134565 0.612045
vt 0.151509 0.627406
vt 0.202352 0.673487
vt 0.2395 0.927414
vt 0.224069 0.927414
vt 0.209945 0.927414
vt 0.180049 0.927414
vt 0.164889 0.927414
vt 0.26913 0.868717
vt 0.26913 0.656477
vt 0.26913 0.595438
vt 0.26913 0.580479
vt 0.26913 0.565515
vt 0.26913 0.550556
vt 0.26913 0.535591
vt 0.26913 0.520633
vt 0.26913 0.505674
vt 0.26913 0.490709
vt 0.26913 0.47575
vt 0.26913 0.460791
vt 0.26913 0.445827
vt 0.26913 0.430868
vt 0.26913 0.415904
vt 0.26913 0.400945
vt 0.251909 0.116542
vt 0.240427 0.104116
vt 0.26913 0.823455
vt 0.26913 0.808073
vt 0.26913 0.792691
vt 0.26913 0.671838
vt 0.26913 0.884614
vt 0.26913 0.91252
vt 0.264194 0.923818
vt 0.26913 0.900511
vt 0.230415 0.093192
vt 0.220402 0.0822631
vt 0.21039 0.0713395
vt 0.169717 0.0271191
vt 0.180575 0.0385579
vt 0.252191 0.927414
vt 0.195209 0.927414
vt 0.149725 0.927414
vt 0.134565 0.927414
vt 0.212766 0.836999
vt 0.227204 0.836999
vt 0.214588 0.832052
vt 0.218564 0.830186
vt 0.224991 0.841658
vt 0.544854 0.566599
vt 0.544854 0.589178
vt 0.544854 0.548727
vt 0.544854 0.53444
vt 0.544854 0.521155
vt 0.544854 0.507724
vt 0.544854 0.494297
vt 0.544854 0.480874
vt 0.544854 0.467447
vt 0.544854 0.454024
vt 0.544854 0.438697
vt 0.544854 0.42088
vt 0.544854 0.406496
vt 0.827952 0.697864
vt 0.827952 0.711541
vt 0.827952 0.684182
vt 0.827952 0.670505
vt 0.827952 0.656828
vt 0.827952 0.643146
vt 0.827952 0.629469
vt 0.827952 0.615792
vt 0.827952 0.602111
vt 0.827952 0.588434
vt 0.827952 0.574754
vt 0.827952 0.561075
vt 0.827952 0.547398
vt 0.827952 0.533716
vt 0.827952 0.520039
vt 0.827952 0.506362
vt 0.827952 0.492681
vt 0.827952 0.479004
vt 0.827952 0.465327
vt 0.827952 0.451645
vt 0.827952 0.437968
vt 0.827952 0.424286
vt 0.827952 0.410609
vt 0.827952 0.396933
vt 0.827952 0.383251
vt 0.827952 0.369574
vt 0.827952 0.355897
vt 0.827952 0.342215
vt 0.827952 0.328538
vt 0.827952 0.314856
vt 0.827952 0.301179
vt 0.827952 0.287503
vt 0.827952 0.273459
vt 0.827952 0.259415
vt 0.827952 0.245371
vt 0.827952 0.231327
vt 0.827952 0.217283
vt 0.827952 0.205208
vt 0.827952 0.191145
vt 0.827952 0.177081
vt 0.827952 0.163017
vt 0.827952 0.148953
vt 0.827952 0.134895
vt 0.827952 0.120831
vt 0.827952 0.106767
vt 0.827952 0.0927038
vt 0.827952 0.0800385
vt 0.827952 0.0658557
vt 0.827952 0.051321
vt 0.827952 0.0367862
vt 0.827952 0.0222514
vt 0.827952 0.0112722
vt 0.827952 0
vt 0.547545 0.417911
vt 0.547545 0.406496
vt 0.547545 0.429473
vt 0.547545 0.443531
vt 0.547545 0.456397
vt 0.547545 0.469822
vt 0.547545 0.483633
vt 0.547545 0.497444
vt 0.547545 0.511259
vt 0.547545 0.525069
vt 0.818122 0.247255
vt 0.818122 0.267837
vt 0.818122 0.226669
vt 0.818122 0.206086
vt 0.818122 0.1855
vt 0.818122 0.164918
vt 0.818122 0.154516
vt 0.818122 0.140672
vt 0.818122 0.126829
vt 0.818122 0.112985
vt 0.818122 0.0991421
vt 0.818122 0.0853035
vt 0.818122 0.0714602
vt 0.818122 0.0576167
vt 0.818122 0.038921
vt 0.818122 0.0380766
vt 0.818122 0.0372205
vt 0.818122 0.0332682
vt 0.818122 0.0285239
vt 0.818122 0.0238819
vt 0.818122 0.0190369
vt 0.818122 0.0141919
vt 0.818122 0.00955003
vt 0.818122 0.00480407
vt 0.818122 0.000858128
vt 0.818122 0
vt 0.818122 0.999155
vt 0.818122 1
vt 0.818122 0.98046
vt 0.818122 0.966616
vt 0.818122 0.952773
vt 0.818122 0.938935
vt 0.818122 0.925091
vt 0.818122 0.911247
vt 0.818122 0.897404
vt 0.818122 0.883561
vt 0.818122 0.871675
vt 0.818122 0.850907
vt 0.818122 0.83014
vt 0.818122 0.809372
vt 0.818122 0.788605
vt 0.818122 0.767837
vt 0.539233 0.385986
vt 0.529774 0.385986
vt 0.529774 0.371022
vt 0.539233 0.371022
vt 0.462811 0.0682642
vt 0.452761 0.0573351
vt 0.460761 0.0502735
vt 0.470779 0.0612078
vt 0.539233 0.146611
vt 0.529665 0.146627
vt 0.525169 0.134603
vt 0.535073 0.131685
vt 0.44155 0.641117
vt 0.450407 0.641117
vt 0.467628 0.656477
vt 0.458771 0.656477
vt 0.539233 0.837301
vt 0.539233 0.852819
vt 0.529774 0.852819
vt 0.529774 0.837231
vt 0.539233 0.16157
vt 0.529774 0.16157
vt 0.539233 0.176534
vt 0.529774 0.176534
vt 0.539233 0.191493
vt 0.529774 0.191493
vt 0.539233 0.206452
vt 0.529774 0.206452
vt 0.539233 0.221416
vt 0.529774 0.221416
vt 0.539233 0.236375
vt 0.529774 0.236375
vt 0.539233 0.251334
vt 0.529774 0.251334
vt 0.539233 0.266299
vt 0.529774 0.266299
vt 0.539233 0.281257
vt 0.529774 0.281257
vt 0.539233 0.296222
vt 0.529774 0.296216
vt 0.539233 0.311181
vt 0.529774 0.311181
vt 0.539233 0.326139
vt 0.529774 0.326139
vt 0.539233 0.341104
vt 0.529774 0.341104
vt 0.539233 0.356063
vt 0.529774 0.356063
vt 0.424329 0.625757
vt 0.423109 0.625757
vt 0.415966 0.580478
vt 0.415966 0.595437
vt 0.415966 0.565514
vt 0.415966 0.550555
vt 0.415966 0.535591
vt 0.415966 0.520632
vt 0.415966 0.505673
vt 0.415966 0.490709
vt 0.415966 0.47575
vt 0.415966 0.460791
vt 0.415966 0.445827
vt 0.415966 0.430868
vt 0.415966 0.415904
vt 0.415966 0.400945
vt 0.415966 0.385986
vt 0.426553 0.0144165
vt 0.421292 0.0253727
vt 0.423744 0.128382
vt 0.430361 0.137618
vt 0.455511 0.658126
vt 0.447646 0.658126
vt 0.430702 0.642766
vt 0.438561 0.642766
vt 0.491249 0.844515
vt 0.481269 0.852819
vt 0.47872 0.847379
vt 0.485331 0.842389
vt 0.499015 0.852819
vt 0.493917 0.829914
vt 0.503946 0.827566
vt 0.497735 0.831411
vt 0.492832 0.829041
vt 0.492317 0.827718
vt 0.500133 0.808073
vt 0.500133 0.823455
vt 0.466532 0.823455
vt 0.478513 0.827566
vt 0.477277 0.836998
vt 0.466532 0.837036
vt 0.481925 0.823455
vt 0.481925 0.808073
vt 0.490272 0.827723
vt 0.489757 0.829074
vt 0.451373 0.761932
vt 0.451373 0.777309
vt 0.436213 0.777309
vt 0.436213 0.761932
vt 0.500133 0.777309
vt 0.493212 0.777309
vt 0.493212 0.761932
vt 0.500133 0.761932
vt 0.539233 0.777309
vt 0.529774 0.777309
vt 0.529774 0.761932
vt 0.539233 0.761932
vt 0.489404 0.777309
vt 0.481925 0.777309
vt 0.481925 0.761932
vt 0.489404 0.761932
vt 0.451373 0.688846
vt 0.451373 0.700404
vt 0.436213 0.700404
vt 0.436213 0.688846
vt 0.500133 0.700404
vt 0.493212 0.700404
vt 0.493212 0.687197
vt 0.500133 0.687197
vt 0.539233 0.700404
vt 0.529774 0.700404
vt 0.529774 0.687197
vt 0.539233 0.687197
vt 0.489404 0.700404
vt 0.481925 0.700404
vt 0.481925 0.688846
vt 0.489404 0.688846
vt 0.451373 0.715786
vt 0.436213 0.715786
vt 0.451373 0.731168
vt 0.436213 0.731168
vt 0.451373 0.74655
vt 0.436213 0.74655
vt 0.436213 0.823455
vt 0.436213 0.808073
vt 0.451373 0.808073
vt 0.451373 0.823455
vt 0.436213 0.792691
vt 0.451373 0.792691
vt 0.500133 0.715786
vt 0.493212 0.715786
vt 0.500133 0.731168
vt 0.493212 0.731168
vt 0.500133 0.74655
vt 0.493212 0.74655
vt 0.493212 0.792691
vt 0.500133 0.792691
vt 0.493212 0.808073
vt 0.539233 0.715786
vt 0.529774 0.715786
vt 0.539233 0.731168
vt 0.529774 0.731168
vt 0.539233 0.74655
vt 0.529774 0.74655
vt 0.510823 0.808073
vt 0.510823 0.823455
vt 0.510823 0.792691
vt 0.510823 0.777309
vt 0.489404 0.715786
vt 0.481925 0.715786
vt 0.489404 0.731168
vt 0.481925 0.731168
vt 0.489404 0.74655
vt 0.481925 0.74655
vt 0.481925 0.792691
vt 0.489404 0.792691
vt 0.489404 0.808073
vt 0.484848 0.671837
vt 0.510823 0.671837
vt 0.510823 0.687197
vt 0.475991 0.671837
vt 0.539233 0.625757
vt 0.529774 0.625757
vt 0.529774 0.610396
vt 0.539233 0.610396
vt 0.539233 0.641117
vt 0.529774 0.641117
vt 0.421618 0.627405
vt 0.413753 0.627405
vt 0.46459 0.673486
vt 0.472455 0.673486
vt 0.422399 0.673486
vt 0.43988 0.658126
vt 0.42293 0.642766
vt 0.421048 0.688846
vt 0.499015 0.868716
vt 0.510823 0.868716
vt 0.510823 0.884613
vt 0.499015 0.884613
vt 0.481269 0.868716
vt 0.481269 0.884613
vt 0.436213 0.884613
vt 0.436213 0.868716
vt 0.451373 0.868716
vt 0.451373 0.884613
vt 0.495392 0.926192
vt 0.495392 0.916408
vt 0.510818 0.916348
vt 0.510823 0.926192
vt 0.481269 0.926192
vt 0.481269 0.916408
vt 0.436213 0.926192
vt 0.436213 0.916408
vt 0.451373 0.916408
vt 0.451373 0.926192
vt 0.495392 0.900511
vt 0.510823 0.900511
vt 0.539233 0.868716
vt 0.529774 0.868716
vt 0.481269 0.900511
vt 0.436213 0.900511
vt 0.451373 0.900511
vt 0.451373 0.852819
vt 0.436213 0.852819
vt 0.510823 0.385986
vt 0.510823 0.371022
vt 0.4269 0.0756296
vt 0.510823 0.146611
vt 0.506885 0.137618
vt 0.539233 0.656477
vt 0.529774 0.656477
vt 0.510823 0.852819
vt 0.510823 0.837096
vt 0.510823 0.16157
vt 0.510823 0.176534
vt 0.510823 0.191493
vt 0.510823 0.206452
vt 0.510823 0.221416
vt 0.510823 0.236375
vt 0.510823 0.251334
vt 0.510823 0.266299
vt 0.510823 0.281257
vt 0.510823 0.296222
vt 0.510823 0.311181
vt 0.510823 0.326139
vt 0.510823 0.341104
vt 0.510823 0.356063
vt 0.529774 0.595437
vt 0.539233 0.595437
vt 0.529774 0.580478
vt 0.539233 0.580478
vt 0.529774 0.565514
vt 0.539233 0.565514
vt 0.529774 0.550555
vt 0.539233 0.550555
vt 0.529774 0.535591
vt 0.539233 0.535591
vt 0.529774 0.520632
vt 0.539233 0.520632
vt 0.529774 0.505673
vt 0.539233 0.505673
vt 0.529774 0.490709
vt 0.539233 0.490709
vt 0.529774 0.47575
vt 0.539233 0.47575
vt 0.529774 0.460791
vt 0.539233 0.460791
vt 0.529774 0.445827
vt 0.539233 0.445827
vt 0.529774 0.430868
vt 0.539233 0.430868
vt 0.529774 0.415904
vt 0.539233 0.415904
vt 0.529774 0.400945
vt 0.539233 0.400945
vt 0.513915 0.123636
vt 0.52224 0.117252
vt 0.503024 0.111969
vt 0.510834 0.104924
vt 0.529774 0.823455
vt 0.539233 0.823455
vt 0.510823 0.761932
vt 0.510823 0.700404
vt 0.510823 0.715786
vt 0.510823 0.731168
vt 0.510823 0.74655
vt 0.529774 0.808073
vt 0.539233 0.808073
vt 0.529774 0.792691
vt 0.539233 0.792691
vt 0.529774 0.671837
vt 0.539233 0.671837
vt 0.510823 0.625757
vt 0.510823 0.610396
vt 0.510823 0.641117
vt 0.539233 0.884613
vt 0.529774 0.884613
vt 0.534683 0.922927
vt 0.524339 0.91202
vt 0.528125 0.907665
vt 0.53932 0.912069
vt 0.539233 0.900511
vt 0.529638 0.900494
vt 0.492968 0.101046
vt 0.500822 0.0939947
vt 0.482917 0.0901168
vt 0.490809 0.0830657
vt 0.472894 0.0791877
vt 0.480797 0.0721421
vt 0.440178 0.0279815
vt 0.432655 0.0354773
vt 0.45096 0.0393335
vt 0.442705 0.0464116
vt 0.422035 0.107798
vt 0.430871 0.117404
vt 0.429894 0.0974226
vt 0.436951 0.0865533
vt 0.429948 0.0538531
vt 0.439999 0.0647713
vt 0.510823 0.656477
vt 0.510823 0.595437
vt 0.510823 0.580478
vt 0.510823 0.565514
vt 0.510823 0.550555
vt 0.510823 0.535591
vt 0.510823 0.520632
vt 0.510823 0.505673
vt 0.510823 0.490709
vt 0.510823 0.47575
vt 0.510823 0.460791
vt 0.510823 0.445827
vt 0.510823 0.430868
vt 0.510823 0.415904
vt 0.510823 0.400945
vt 0.51865 0.915611
vt 0.523048 0.926285
vt 0.484848 0.385986
vt 0.484848 0.371022
vt 0.50374 0.847379
vt 0.504917 0.83703
vt 0.484848 0.16157
vt 0.484848 0.146611
vt 0.484848 0.176534
vt 0.484848 0.191493
vt 0.484848 0.206452
vt 0.484848 0.221416
vt 0.484848 0.236375
vt 0.484848 0.251334
vt 0.484848 0.266299
vt 0.484848 0.281257
vt 0.484848 0.296222
vt 0.484848 0.311181
vt 0.484848 0.326139
vt 0.484848 0.341104
vt 0.484848 0.356063
vt 0.484848 0.625757
vt 0.484848 0.610396
vt 0.484848 0.641117
vt 0.499276 0.128496
vt 0.488819 0.117588
vt 0.450055 0.0756948
vt 0.479853 0.107977
vt 0.470193 0.0975419
vt 0.460105 0.0866184
vt 0.483021 0.137618
vt 0.467628 0.641117
vt 0.484848 0.656477
vt 0.415966 0.610396
vt 0.433187 0.625757
vt 0.433187 0.595437
vt 0.433187 0.610396
vt 0.484848 0.595437
vt 0.484848 0.580478
vt 0.484848 0.565514
vt 0.484848 0.550555
vt 0.484848 0.535591
vt 0.484848 0.520632
vt 0.484848 0.505673
vt 0.484848 0.490709
vt 0.484848 0.47575
vt 0.484848 0.460791
vt 0.484848 0.445827
vt 0.484848 0.430868
vt 0.484848 0.415904
vt 0.484848 0.400945
vt 0.467628 0.385986
vt 0.467628 0.371022
vt 0.467628 0.16157
vt 0.467628 0.146611
vt 0.467628 0.176534
vt 0.467628 0.191493
vt 0.467628 0.206452
vt 0.467628 0.221416
vt 0.467628 0.236375
vt 0.467628 0.251334
vt 0.467628 0.266299
vt 0.467628 0.281257
vt 0.467628 0.296222
vt 0.467628 0.311181
vt 0.467628 0.326139
vt 0.467628 0.341104
vt 0.467628 0.356063
vt 0.467628 0.625757
vt 0.467628 0.610396
vt 0.467628 0.595437
vt 0.467628 0.580478
vt 0.467628 0.565514
vt 0.467628 0.550555
vt 0.467628 0.535591
vt 0.467628 0.520632
vt 0.467628 0.505673
vt 0.467628 0.490709
vt 0.467628 0.47575
vt 0.467628 0.460791
vt 0.467628 0.445827
vt 0.467628 0.430868
vt 0.467628 0.415904
vt 0.467628 0.400945
vt 0.450407 0.385986
vt 0.450407 0.371022
vt 0.450407 0.16157
vt 0.450407 0.146611
vt 0.450407 0.176534
vt 0.450407 0.191493
vt 0.450407 0.206452
vt 0.450407 0.221416
vt 0.450407 0.236375
vt 0.450407 0.251334
vt 0.450407 0.266299
vt 0.450407 0.281257
vt 0.450407 0.296222
vt 0.450407 0.311181
vt 0.450407 0.326139
vt 0.450407 0.341104
vt 0.450407 0.356063
vt 0.450407 0.625757
vt 0.450407 0.610396
vt 0.450407 0.595437
vt 0.450407 0.580478
vt 0.450407 0.565514
vt 0.450407 0.550555
vt 0.450407 0.535591
vt 0.450407 0.520632
vt 0.450407 0.505673
vt 0.450407 0.490709
vt 0.450407 0.47575
vt 0.450407 0.460791
vt 0.450407 0.445827
vt 0.450407 0.430868
vt 0.450407 0.415904
vt 0.450407 0.400945
vt 0.433187 0.385986
vt 0.433187 0.371022
vt 0.433187 0.16157
vt 0.433187 0.146611
vt 0.433187 0.176534
vt 0.433187 0.191493
vt 0.433187 0.206452
vt 0.433187 0.221416
vt 0.433187 0.236375
vt 0.433187 0.251334
vt 0.433187 0.266299
vt 0.433187 0.281257
vt 0.433187 0.296222
vt 0.433187 0.311181
vt 0.433187 0.326139
vt 0.433187 0.341104
vt 0.433187 0.356063
vt 0.433187 0.580478
vt 0.433187 0.565514
vt 0.433187 0.550555
vt 0.433187 0.535591
vt 0.433187 0.520632
vt 0.433187 0.505673
vt 0.433187 0.490709
vt 0.433187 0.47575
vt 0.433187 0.460791
vt 0.433187 0.445827
vt 0.433187 0.430868
vt 0.433187 0.415904
vt 0.433187 0.400945
vt 0.415966 0.371022
vt 0.415966 0.16157
vt 0.415966 0.146611
vt 0.415966 0.176534
vt 0.415966 0.191493
vt 0.415966 0.206452
vt 0.415966 0.221416
vt 0.415966 0.236375
vt 0.415966 0.251334
vt 0.415966 0.266299
vt 0.415966 0.281257
vt 0.415966 0.296222
vt 0.415966 0.311181
vt 0.415966 0.326139
vt 0.415966 0.341104
vt 0.415966 0.356063
vt 0.451373 0.837106
vt 0.436213 0.837171
vt 0.421048 0.761932
vt 0.421048 0.777309
vt 0.466532 0.777309
vt 0.466532 0.761932
vt 0.421048 0.700404
vt 0.466532 0.700404
vt 0.466532 0.688846
vt 0.421048 0.715786
vt 0.466532 0.715786
vt 0.421048 0.731168
vt 0.466532 0.731168
vt 0.421048 0.74655
vt 0.466532 0.74655
vt 0.466532 0.808073
vt 0.421048 0.808073
vt 0.421048 0.823455
vt 0.466532 0.792691
vt 0.421048 0.792691
vt 0.466532 0.884613
vt 0.466532 0.868716
vt 0.421048 0.868716
vt 0.421048 0.884613
vt 0.466532 0.926192
vt 0.466532 0.916408
vt 0.421048 0.916408
vt 0.421048 0.926192
vt 0.466532 0.900511
vt 0.421048 0.900511
vt 0.421048 0.852819
vt 0.466532 0.852819
vt 0.421048 0.837242
vt 0.482874 0.836998
vt 0.499742 0.837003
vt 0.48487 0.831422
vt 0.488705 0.829914
vt 0.49728 0.8424
vt 0.476105 0.128458
vt 0.465648 0.117518
vt 0.456688 0.107907
vt 0.447039 0.0974713
vt 0.464455 0.137618
vt 0.458152 0.128436
vt 0.448249 0.117458
vt 0.439467 0.107853
vt 0.447587 0.137618
vt 0.440986 0.128409
vt 0.456823 0.673486
vt 0.422523 0.658126
vt 0.439473 0.673486
vt 0.540453 0.371022
vt 0.540453 0.385986
vt 0.461683 0.0494815
vt 0.471701 0.0604105
vt 0.536228 0.131305
vt 0.540453 0.146611
vt 0.45755 0.656477
vt 0.44033 0.641117
vt 0.540453 0.837307
vt 0.540453 0.852819
vt 0.540453 0.16157
vt 0.540453 0.176534
vt 0.540453 0.191493
vt 0.540453 0.206452
vt 0.540453 0.221416
vt 0.540453 0.236375
vt 0.540453 0.251334
vt 0.540453 0.266299
vt 0.540453 0.281257
vt 0.540453 0.296222
vt 0.540453 0.311181
vt 0.540453 0.326139
vt 0.540453 0.341104
vt 0.540453 0.356063
vt 0.426982 0.0132775
vt 0.439782 0.642766
vt 0.456726 0.658126
vt 0.486302 0.841657
vt 0.491308 0.843637
vt 0.496699 0.832051
vt 0.492729 0.830191
vt 0.491867 0.829784
vt 0.491867 0.828846
vt 0.49075 0.828846
vt 0.49075 0.829784
vt 0.491992 0.777309
vt 0.491992 0.761932
vt 0.540453 0.761932
vt 0.540453 0.777309
vt 0.490619 0.761932
vt 0.490625 0.777309
vt 0.491992 0.700404
vt 0.491992 0.687197
vt 0.540453 0.687197
vt 0.540453 0.700404
vt 0.490619 0.688846
vt 0.490619 0.700404
vt 0.491992 0.715786
vt 0.491992 0.731168
vt 0.491992 0.74655
vt 0.491992 0.808073
vt 0.491992 0.792691
vt 0.540453 0.715786
vt 0.540453 0.731168
vt 0.540453 0.74655
vt 0.490619 0.715786
vt 0.490619 0.731168
vt 0.490619 0.74655
vt 0.490625 0.792691
vt 0.490625 0.808073
vt 0.474771 0.671837
vt 0.540453 0.610396
vt 0.540453 0.625757
vt 0.540453 0.641117
vt 0.422832 0.627405
vt 0.473675 0.673486
vt 0.510823 0.927413
vt 0.495392 0.927413
vt 0.481269 0.927413
vt 0.451373 0.927413
vt 0.436213 0.927413
vt 0.540453 0.868716
vt 0.540453 0.656477
vt 0.540453 0.595437
vt 0.540453 0.580478
vt 0.540453 0.565514
vt 0.540453 0.550555
vt 0.540453 0.535591
vt 0.540453 0.520632
vt 0.540453 0.505673
vt 0.540453 0.490709
vt 0.540453 0.47575
vt 0.540453 0.460791
vt 0.540453 0.445827
vt 0.540453 0.430868
vt 0.540453 0.415904
vt 0.540453 0.400945
vt 0.523233 0.116541
vt 0.51175 0.104116
vt 0.540453 0.823455
vt 0.540453 0.808073
vt 0.540453 0.792691
vt 0.540453 0.671837
vt 0.540453 0.884613
vt 0.540453 0.912519
vt 0.535518 0.923817
vt 0.540453 0.900511
vt 0.501738 0.0931919
vt 0.491726 0.082263
vt 0.481713 0.0713395
vt 0.44104 0.0271191
vt 0.451899 0.0385579
vt 0.523515 0.927413
vt 0.466532 0.927413
vt 0.421048 0.927413
vt 0.484089 0.836998
vt 0.498527 0.836998
vt 0.485911 0.832051
vt 0.489887 0.830185
vt 0.496314 0.841657
vt 0.543748 0.611756
vt 0.542647 0.611756
vt 0.543748 0.629628
vt 0.542647 0.629628
vt 0.543748 0.643916
vt 0.542647 0.643916
vt 0.543748 0.657201
vt 0.542647 0.657201
vt 0.543748 0.670631
vt 0.542647 0.670631
vt 0.543748 0.684058
vt 0.542647 0.684058
vt 0.543748 0.697481
vt 0.542647 0.697481
vt 0.543748 0.710908
vt 0.542647 0.710908
vt 0.543748 0.724332
vt 0.542647 0.724332
vt 0.543748 0.739658
vt 0.542647 0.739658
vt 0.543748 0.757476
vt 0.542647 0.757476
vt 0.821943 0.711571
vt 0.823054 0.711571
vt 0.823054 0.726089
vt 0.821943 0.726089
vt 0.821943 0.697893
vt 0.823054 0.697893
vt 0.821943 0.684211
vt 0.823054 0.684211
vt 0.821943 0.670533
vt 0.823054 0.670533
vt 0.821943 0.656856
vt 0.823054 0.656856
vt 0.821943 0.643174
vt 0.823054 0.643174
vt 0.821943 0.629496
vt 0.823054 0.629496
vt 0.821943 0.615818
vt 0.823054 0.615818
vt 0.821943 0.602136
vt 0.823054 0.602136
vt 0.821943 0.588459
vt 0.823054 0.588459
vt 0.821943 0.574779
vt 0.823054 0.574779
vt 0.821943 0.561099
vt 0.823054 0.561099
vt 0.821943 0.547421
vt 0.823054 0.547421
vt 0.821943 0.533739
vt 0.823054 0.533739
vt 0.821943 0.520061
vt 0.823054 0.520061
vt 0.821943 0.506384
vt 0.823054 0.506384
vt 0.821943 0.492702
vt 0.823054 0.492702
vt 0.821943 0.479024
vt 0.823054 0.479024
vt 0.821943 0.465347
vt 0.823054 0.465347
vt 0.821943 0.451664
vt 0.823054 0.451664
vt 0.821943 0.437987
vt 0.823054 0.437987
vt 0.821943 0.424304
vt 0.823054 0.424304
vt 0.821943 0.410627
vt 0.823054 0.410627
vt 0.821943 0.396949
vt 0.823054 0.396949
vt 0.821943 0.383267
vt 0.823054 0.383267
vt 0.821943 0.369589
vt 0.823054 0.369589
vt 0.821943 0.355912
vt 0.823054 0.355912
vt 0.821943 0.34223
vt 0.823054 0.34223
vt 0.821943 0.328552
vt 0.823054 0.328552
vt 0.821943 0.31487
vt 0.823054 0.31487
vt 0.821943 0.301192
vt 0.823054 0.301192
vt 0.821943 0.287515
vt 0.823054 0.287515
vt 0.821943 0.27347
vt 0.823054 0.27347
vt 0.821943 0.259426
vt 0.823054 0.259426
vt 0.821943 0.245381
vt 0.823054 0.245381
vt 0.821943 0.231337
vt 0.823054 0.231337
vt 0.821943 0.217293
vt 0.823054 0.217293
vt 0.821943 0.205217
vt 0.823054 0.205217
vt 0.821943 0.191153
vt 0.823054 0.191153
vt 0.821943 0.177088
vt 0.823054 0.177088
vt 0.821943 0.163024
vt 0.823054 0.163024
vt 0.821943 0.14896
vt 0.823054 0.14896
vt 0.821943 0.134901
vt 0.823054 0.134901
vt 0.821943 0.120836
vt 0.823054 0.120836
vt 0.821943 0.106772
vt 0.823054 0.106772
vt 0.821943 0.0927077
vt 0.823054 0.0927077
vt 0.821943 0.0800419
vt 0.823054 0.0800419
vt 0.821943 0.0658585
vt 0.823054 0.0658585
vt 0.821943 0.0513232
vt 0.823054 0.0513232
vt 0.821943 0.0367878
vt 0.823054 0.0367878
vt 0.821943 0.0222524
vt 0.823054 0.0222524
vt 0.821943 0.0112727
vt 0.823054 0.0112727
vt 0.821943 0
vt 0.823054 0
vt 0.548657 0.632228
vt 0.549763 0.632228
vt 0.549763 0.643643
vt 0.548657 0.643643
vt 0.548657 0.620666
vt 0.549763 0.620666
vt 0.548657 0.606608
vt 0.549763 0.606608
vt 0.548657 0.593741
vt 0.549763 0.593741
vt 0.548657 0.580316
vt 0.549763 0.580316
vt 0.548657 0.566506
vt 0.549763 0.566506
vt 0.548657 0.552695
vt 0.549763 0.552695
vt 0.548657 0.53888
vt 0.549763 0.53888
vt 0.817023 0.288419
vt 0.81593 0.288419
vt 0.817023 0.309006
vt 0.81593 0.309006
vt 0.817023 0.329588
vt 0.81593 0.329588
vt 0.817023 0.350174
vt 0.81593 0.350174
vt 0.817023 0.370757
vt 0.81593 0.370757
vt 0.817023 0.381159
vt 0.81593 0.381159
vt 0.817023 0.395002
vt 0.81593 0.395002
vt 0.817023 0.408845
vt 0.81593 0.408845
vt 0.817023 0.422689
vt 0.81593 0.422689
vt 0.817023 0.436532
vt 0.81593 0.436532
vt 0.817023 0.450371
vt 0.81593 0.450371
vt 0.817023 0.464214
vt 0.81593 0.464214
vt 0.817023 0.478058
vt 0.81593 0.478058
vt 0.817023 0.496753
vt 0.81593 0.496753
vt 0.817023 0.497598
vt 0.81593 0.497598
vt 0.817023 0.498454
vt 0.81593 0.498454
vt 0.817023 0.502406
vt 0.81593 0.502406
vt 0.817023 0.50715
vt 0.81593 0.50715
vt 0.817023 0.511792
vt 0.81593 0.511792
vt 0.817023 0.516637
vt 0.81593 0.516637
vt 0.817023 0.521482
vt 0.81593 0.521482
vt 0.817023 0.526124
vt 0.81593 0.526124
vt 0.817023 0.53087
vt 0.81593 0.53087
vt 0.817023 0.534816
vt 0.81593 0.534816
vt 0.817023 0.535674
vt 0.81593 0.535674
vt 0.817023 0.536519
vt 0.81593 0.536519
vt 0.817023 0.555215
vt 0.81593 0.555215
vt 0.817023 0.569058
vt 0.81593 0.569058
vt 0.817023 0.582901
vt 0.81593 0.582901
vt 0.817023 0.59674
vt 0.81593 0.59674
vt 0.817023 0.610583
vt 0.81593 0.610583
vt 0.817023 0.624426
vt 0.81593 0.624426
vt 0.817023 0.63827
vt 0.81593 0.63827
vt 0.817023 0.652113
vt 0.81593 0.652113
vt 0.817023 0.663999
vt 0.81593 0.663999
vt 0.817023 0.684767
vt 0.81593 0.684767
vt 0.817023 0.705534
vt 0.81593 0.705534
vt 0.817023 0.726302
vt 0.81593 0.726302
vt 0.817023 0.747069
vt 0.81593 0.747069
vt 0.00122032 0.385986
vt 0.00122032 0.371022
vt 0.0106795 0.371022
vt 0.0106795 0.385986
vt 0.077642 0.0682642
vt 0.0696744 0.0612078
vt 0.0796922 0.0502789
vt 0.0876923 0.0573352
vt 0.00122032 0.146611
vt 0.00538042 0.131685
vt 0.0152843 0.134597
vt 0.0107879 0.146628
vt 0.0989033 0.641117
vt 0.0816827 0.656477
vt 0.0728256 0.656477
vt 0.0900462 0.641117
vt 0.00122032 0.837302
vt 0.0106795 0.837232
vt 0.0106795 0.85282
vt 0.00122032 0.85282
vt 0.00122032 0.16157
vt 0.0106795 0.16157
vt 0.00122032 0.176534
vt 0.0106795 0.176534
vt 0.00122032 0.191493
vt 0.0106795 0.191493
vt 0.00122032 0.206452
vt 0.0106795 0.206452
vt 0.00122032 0.221417
vt 0.0106795 0.221417
vt 0.00122032 0.236376
vt 0.0106795 0.236376
vt 0.00122032 0.251334
vt 0.0106795 0.251334
vt 0.00122032 0.266299
vt 0.0106795 0.266299
vt 0.00122032 0.281258
vt 0.0106795 0.281258
vt 0.00122032 0.296217
vt 0.0106795 0.296217
vt 0.00122032 0.311181
vt 0.0106795 0.311181
vt 0.00122032 0.32614
vt 0.0106795 0.32614
vt 0.00122032 0.341104
vt 0.0106795 0.341104
vt 0.00122032 0.356063
vt 0.0106795 0.356063
vt 0.116124 0.625757
vt 0.117344 0.625757
vt 0.124487 0.595438
vt 0.124487 0.580479
vt 0.124487 0.565515
vt 0.124487 0.550556
vt 0.124487 0.535591
vt 0.124487 0.520633
vt 0.124487 0.505674
vt 0.124487 0.490709
vt 0.124487 0.47575
vt 0.124487 0.460791
vt 0.124487 0.445827
vt 0.124487 0.430868
vt 0.124487 0.415904
vt 0.124487 0.400945
vt 0.124487 0.385986
vt 0.1139 0.0144165
vt 0.119161 0.0253727
vt 0.110093 0.137619
vt 0.11671 0.128382
vt 0.0849424 0.658126
vt 0.101892 0.642766
vt 0.109751 0.642766
vt 0.092807 0.658126
vt 0.0492049 0.844516
vt 0.0551223 0.84239
vt 0.0617339 0.84738
vt 0.0591847 0.85282
vt 0.0414379 0.85282
vt 0.0465363 0.829915
vt 0.042718 0.831412
vt 0.0365077 0.827567
vt 0.0476211 0.829042
vt 0.0403207 0.823455
vt 0.0403207 0.808073
vt 0.0481364 0.827718
vt 0.0739212 0.823455
vt 0.0739212 0.837036
vt 0.0631766 0.836999
vt 0.06194 0.827567
vt 0.0585284 0.823455
vt 0.0506964 0.829074
vt 0.0501812 0.827724
vt 0.0585284 0.808073
vt 0.0890808 0.761933
vt 0.10424 0.761933
vt 0.10424 0.777309
vt 0.0890808 0.777309
vt 0.0403207 0.777309
vt 0.0403207 0.761933
vt 0.0472414 0.761933
vt 0.0472414 0.777309
vt 0.00122032 0.777309
vt 0.00122032 0.761933
vt 0.0106795 0.761933
vt 0.0106795 0.777309
vt 0.051049 0.777309
vt 0.051049 0.761933
vt 0.0585284 0.761933
vt 0.0585284 0.777309
vt 0.0890808 0.688847
vt 0.10424 0.688847
vt 0.10424 0.700405
vt 0.0890808 0.700405
vt 0.0403207 0.700405
vt 0.0403207 0.687198
vt 0.0472414 0.687198
vt 0.0472414 0.700405
vt 0.00122032 0.700405
vt 0.00122032 0.687198
vt 0.0106795 0.687198
vt 0.0106795 0.700405
vt 0.051049 0.700405
vt 0.051049 0.688847
vt 0.0585284 0.688847
vt 0.0585284 0.700405
vt 0.10424 0.715787
vt 0.0890808 0.715787
vt 0.10424 0.731169
vt 0.0890808 0.731169
vt 0.10424 0.746551
vt 0.0890808 0.746551
vt 0.10424 0.823455
vt 0.0890808 0.823455
vt 0.0890808 0.808073
vt 0.10424 0.808073
vt 0.0890808 0.792691
vt 0.10424 0.792691
vt 0.0403207 0.715787
vt 0.0472414 0.715787
vt 0.0403207 0.731169
vt 0.0472414 0.731169
vt 0.0403207 0.746551
vt 0.0472414 0.746551
vt 0.0472414 0.792691
vt 0.0472414 0.808073
vt 0.0403207 0.792691
vt 0.00122032 0.715787
vt 0.0106795 0.715787
vt 0.00122032 0.731169
vt 0.0106795 0.731169
vt 0.00122032 0.746551
vt 0.0106795 0.746551
vt 0.0296303 0.823455
vt 0.0296303 0.808073
vt 0.0296303 0.792691
vt 0.0296303 0.777309
vt 0.051049 0.715787
vt 0.0585284 0.715787
vt 0.051049 0.731169
vt 0.0585284 0.731169
vt 0.051049 0.746551
vt 0.0585284 0.746551
vt 0.0585284 0.792691
vt 0.051049 0.808073
vt 0.051049 0.792691
vt 0.0296303 0.687198
vt 0.0296303 0.671838
vt 0.0556049 0.671838
vt 0.0644621 0.671838
vt 0.00122032 0.625757
vt 0.00122032 0.610397
vt 0.0106795 0.610397
vt 0.0106795 0.625757
vt 0.00122032 0.641117
vt 0.0106795 0.641117
vt 0.118836 0.627406
vt 0.1267 0.627406
vt 0.0679984 0.673487
vt 0.0758629 0.673487
vt 0.118055 0.673487
vt 0.117523 0.642766
vt 0.100574 0.658126
vt 0.119405 0.688847
vt 0.0414379 0.868717
vt 0.0414379 0.884614
vt 0.0296303 0.884614
vt 0.0296303 0.868717
vt 0.0591847 0.868717
vt 0.0591847 0.884614
vt 0.10424 0.884614
vt 0.0890808 0.884614
vt 0.0890808 0.868717
vt 0.10424 0.868717
vt 0.0450611 0.926193
vt 0.0296303 0.926193
vt 0.0296357 0.916349
vt 0.0450611 0.916409
vt 0.0591847 0.926193
vt 0.0591847 0.916409
vt 0.10424 0.926193
vt 0.0890808 0.926193
vt 0.0890808 0.916409
vt 0.10424 0.916409
vt 0.0450611 0.900511
vt 0.0296303 0.900511
vt 0.00122032 0.868717
vt 0.0106795 0.868717
vt 0.0591847 0.900511
vt 0.0890808 0.900511
vt 0.10424 0.900511
vt 0.0890808 0.85282
vt 0.10424 0.85282
vt 0.0296303 0.371022
vt 0.0296303 0.385986
vt 0.113553 0.0756297
vt 0.033568 0.137619
vt 0.0296303 0.146611
vt 0.00122032 0.656477
vt 0.0106795 0.656477
vt 0.0296303 0.837096
vt 0.0296303 0.85282
vt 0.0296303 0.16157
vt 0.0296303 0.176534
vt 0.0296303 0.191493
vt 0.0296303 0.206452
vt 0.0296303 0.221417
vt 0.0296303 0.236376
vt 0.0296303 0.251334
vt 0.0296303 0.266299
vt 0.0296303 0.281258
vt 0.0296303 0.296217
vt 0.0296303 0.311181
vt 0.0296303 0.32614
vt 0.0296303 0.341104
vt 0.0296303 0.356063
vt 0.00122032 0.595438
vt 0.0106795 0.595438
vt 0.00122032 0.580479
vt 0.0106795 0.580479
vt 0.00122032 0.565515
vt 0.0106795 0.565515
vt 0.00122032 0.550556
vt 0.0106795 0.550556
vt 0.00122032 0.535591
vt 0.0106795 0.535591
vt 0.00122032 0.520633
vt 0.0106795 0.520633
vt 0.00122032 0.505674
vt 0.0106795 0.505674
vt 0.00122032 0.490709
vt 0.0106795 0.490709
vt 0.00122032 0.47575
vt 0.0106795 0.47575
vt 0.00122032 0.460791
vt 0.0106795 0.460791
vt 0.00122032 0.445827
vt 0.0106795 0.445827
vt 0.00122032 0.430868
vt 0.0106795 0.430868
vt 0.00122032 0.415904
vt 0.0106795 0.415904
vt 0.00122032 0.400945
vt 0.0106795 0.400945
vt 0.0182132 0.117252
vt 0.0265387 0.123636
vt 0.0296194 0.104924
vt 0.0374297 0.111969
vt 0.00122032 0.823455
vt 0.0106795 0.823455
vt 0.0296303 0.761933
vt 0.0296303 0.700405
vt 0.0296303 0.715787
vt 0.0296303 0.731169
vt 0.0296303 0.746551
vt 0.00122032 0.808073
vt 0.0106795 0.808073
vt 0.00122032 0.792691
vt 0.0106795 0.792691
vt 0.00122032 0.671838
vt 0.0106795 0.671838
vt 0.0296303 0.610397
vt 0.0296303 0.625757
vt 0.0296303 0.641117
vt 0.00122032 0.884614
vt 0.0106795 0.884614
vt 0.00577089 0.922928
vt 0.00113356 0.91207
vt 0.0123283 0.907666
vt 0.0161141 0.912021
vt 0.00122032 0.900511
vt 0.0108151 0.900495
vt 0.0396318 0.0939948
vt 0.0474855 0.101046
vt 0.0496442 0.0830658
vt 0.0575358 0.0901168
vt 0.0596566 0.0721421
vt 0.0675591 0.0791877
vt 0.100276 0.0279815
vt 0.107798 0.0354773
vt 0.089493 0.0393335
vt 0.0977481 0.0464117
vt 0.109583 0.117404
vt 0.118418 0.107798
vt 0.110559 0.0974226
vt 0.103503 0.0865534
vt 0.110505 0.0538531
vt 0.100455 0.0647713
vt 0.0296303 0.656477
vt 0.0296303 0.595438
vt 0.0296303 0.580479
vt 0.0296303 0.565515
vt 0.0296303 0.550556
vt 0.0296303 0.535591
vt 0.0296303 0.520633
vt 0.0296303 0.505674
vt 0.0296303 0.490709
vt 0.0296303 0.47575
vt 0.0296303 0.460791
vt 0.0296303 0.445827
vt 0.0296303 0.430868
vt 0.0296303 0.415904
vt 0.0296303 0.400945
vt 0.017405 0.926285
vt 0.0218037 0.915611
vt 0.0556049 0.371022
vt 0.0556049 0.385986
vt 0.0355369 0.837031
vt 0.0367138 0.84738
vt 0.0556049 0.146611
vt 0.0556049 0.16157
vt 0.0556049 0.176534
vt 0.0556049 0.191493
vt 0.0556049 0.206452
vt 0.0556049 0.221417
vt 0.0556049 0.236376
vt 0.0556049 0.251334
vt 0.0556049 0.266299
vt 0.0556049 0.281258
vt 0.0556049 0.296217
vt 0.0556049 0.311181
vt 0.0556049 0.32614
vt 0.0556049 0.341104
vt 0.0556049 0.356063
vt 0.0556049 0.610397
vt 0.0556049 0.625757
vt 0.0556049 0.641117
vt 0.0411776 0.128496
vt 0.0516347 0.117588
vt 0.0903988 0.0756948
vt 0.0606003 0.107977
vt 0.0702602 0.0975419
vt 0.0803484 0.0866185
vt 0.0574328 0.137619
vt 0.0556049 0.656477
vt 0.0728256 0.641117
vt 0.124487 0.610397
vt 0.107267 0.625757
vt 0.107267 0.610397
vt 0.107267 0.595438
vt 0.0556049 0.595438
vt 0.0556049 0.580479
vt 0.0556049 0.565515
vt 0.0556049 0.550556
vt 0.0556049 0.535591
vt 0.0556049 0.520633
vt 0.0556049 0.505674
vt 0.0556049 0.490709
vt 0.0556049 0.47575
vt 0.0556049 0.460791
vt 0.0556049 0.445827
vt 0.0556049 0.430868
vt 0.0556049 0.415904
vt 0.0556049 0.400945
vt 0.0728256 0.371022
vt 0.0728256 0.385986
vt 0.0728256 0.146611
vt 0.0728256 0.16157
vt 0.0728256 0.176534
vt 0.0728256 0.191493
vt 0.0728256 0.206452
vt 0.0728256 0.221417
vt 0.0728256 0.236376
vt 0.0728256 0.251334
vt 0.0728256 0.266299
vt 0.0728256 0.281258
vt 0.0728256 0.296217
vt 0.0728256 0.311181
vt 0.0728256 0.32614
vt 0.0728256 0.341104
vt 0.0728256 0.356063
vt 0.0728256 0.610397
vt 0.0728256 0.625757
vt 0.0728256 0.595438
vt 0.0728256 0.580479
vt 0.0728256 0.565515
vt 0.0728256 0.550556
vt 0.0728256 0.535591
vt 0.0728256 0.520633
vt 0.0728256 0.505674
vt 0.0728256 0.490709
vt 0.0728256 0.47575
vt 0.0728256 0.460791
vt 0.0728256 0.445827
vt 0.0728256 0.430868
vt 0.0728256 0.415904
vt 0.0728256 0.400945
vt 0.0900462 0.371022
vt 0.0900462 0.385986
vt 0.0900462 0.146611
vt 0.0900462 0.16157
vt 0.0900462 0.176534
vt 0.0900462 0.191493
vt 0.0900462 0.206452
vt 0.0900462 0.221417
vt 0.0900462 0.236376
vt 0.0900462 0.251334
vt 0.0900462 0.266299
vt 0.0900462 0.281258
vt 0.0900462 0.296217
vt 0.0900462 0.311181
vt 0.0900462 0.32614
vt 0.0900462 0.341104
vt 0.0900462 0.356063
vt 0.0900462 0.610397
vt 0.0900462 0.625757
vt 0.0900462 0.595438
vt 0.0900462 0.580479
vt 0.0900462 0.565515
vt 0.0900462 0.550556
vt 0.0900462 0.535591
vt 0.0900462 0.520633
vt 0.0900462 0.505674
vt 0.0900462 0.490709
vt 0.0900462 0.47575
vt 0.0900462 0.460791
vt 0.0900462 0.445827
vt 0.0900462 0.430868
vt 0.0900462 0.415904
vt 0.0900462 0.400945
vt 0.107267 0.371022
vt 0.107267 0.385986
vt 0.107267 0.146611
vt 0.107267 0.16157
vt 0.107267 0.176534
vt 0.107267 0.191493
vt 0.107267 0.206452
vt 0.107267 0.221417
vt 0.107267 0.236376
vt 0.107267 0.251334
vt 0.107267 0.266299
vt 0.107267 0.281258
vt 0.107267 0.296217
vt 0.107267 0.311181
vt 0.107267 0.32614
vt 0.107267 0.341104
vt 0.107267 0.356063
vt 0.107267 0.580479
vt 0.107267 0.565515
vt 0.107267 0.550556
vt 0.107267 0.535591
vt 0.107267 0.520633
vt 0.107267 0.505674
vt 0.107267 0.490709
vt 0.107267 0.47575
vt 0.107267 0.460791
vt 0.107267 0.445827
vt 0.107267 0.430868
vt 0.107267 0.415904
vt 0.107267 0.400945
vt 0.124487 0.371022
vt 0.124487 0.146611
vt 0.124487 0.16157
vt 0.124487 0.176534
vt 0.124487 0.191493
vt 0.124487 0.206452
vt 0.124487 0.221417
vt 0.124487 0.236376
vt 0.124487 0.251334
vt 0.124487 0.266299
vt 0.124487 0.281258
vt 0.124487 0.296217
vt 0.124487 0.311181
vt 0.124487 0.32614
vt 0.124487 0.341104
vt 0.124487 0.356063
vt 0.10424 0.837172
vt 0.0890808 0.837107
vt 0.119405 0.761933
vt 0.119405 0.777309
vt 0.0739212 0.777309
vt 0.0739212 0.761933
vt 0.119405 0.700405
vt 0.0739212 0.700405
vt 0.0739212 0.688847
vt 0.119405 0.715787
vt 0.0739212 0.715787
vt 0.119405 0.731169
vt 0.0739212 0.731169
vt 0.119405 0.746551
vt 0.0739212 0.746551
vt 0.0739212 0.808073
vt 0.119405 0.808073
vt 0.119405 0.823455
vt 0.0739212 0.792691
vt 0.119405 0.792691
vt 0.0739212 0.884614
vt 0.0739212 0.868717
vt 0.119405 0.868717
vt 0.119405 0.884614
vt 0.0739212 0.926193
vt 0.0739212 0.916409
vt 0.119405 0.926193
vt 0.119405 0.916409
vt 0.0739212 0.900511
vt 0.119405 0.900511
vt 0.119405 0.85282
vt 0.0739212 0.85282
vt 0.119405 0.837242
vt 0.0575792 0.836999
vt 0.0407111 0.837004
vt 0.0555833 0.831423
vt 0.0517486 0.829915
vt 0.0431736 0.842401
vt 0.0643482 0.128458
vt 0.0748053 0.117518
vt 0.0837654 0.107907
vt 0.0934144 0.0974714
vt 0.0759985 0.137619
vt 0.082301 0.128436
vt 0.0922049 0.117458
vt 0.100986 0.107853
vt 0.0928666 0.137619
vt 0.0994674 0.128409
vt 0.0836299 0.673487
vt 0.11793 0.658126
vt 0.100981 0.673487
vt 0 0.385986
vt 0 0.371022
vt 0.0687523 0.0604105
vt 0.0787701 0.0494816
vt 0 0.146611
vt 0.00422514 0.131305
vt 0.100124 0.641117
vt 0.0829031 0.656477
vt 0 0.85282
vt 0 0.837308
vt 0 0.16157
vt 0 0.176534
vt 0 0.191493
vt 0 0.206452
vt 0 0.221417
vt 0 0.236376
vt 0 0.251334
vt 0 0.266299
vt 0 0.281258
vt 0 0.296217
vt 0 0.311181
vt 0 0.32614
vt 0 0.341104
vt 0 0.356063
vt 0.113472 0.0132775
vt 0.0837275 0.658126
vt 0.100671 0.642766
vt 0.0491452 0.843637
vt 0.0541514 0.841658
vt 0.0477241 0.830192
vt 0.0437539 0.832052
vt 0.0485865 0.828847
vt 0.0485865 0.829785
vt 0.0497039 0.829785
vt 0.0497039 0.828847
vt 0.0484618 0.761933
vt 0.0484618 0.777309
vt 0 0.777309
vt 0 0.761933
vt 0.0498286 0.777309
vt 0.049834 0.761933
vt 0.0484618 0.687198
vt 0.0484618 0.700405
vt 0 0.700405
vt 0 0.687198
vt 0.049834 0.700405
vt 0.049834 0.688847
vt 0.0484618 0.715787
vt 0.0484618 0.731169
vt 0.0484618 0.746551
vt 0.0484618 0.792691
vt 0.0484618 0.808073
vt 0 0.715787
vt 0 0.731169
vt 0 0.746551
vt 0.049834 0.715787
vt 0.049834 0.731169
vt 0.049834 0.746551
vt 0.0498286 0.808073
vt 0.0498286 0.792691
vt 0.0656824 0.671838
vt 0 0.625757
vt 0 0.610397
vt 0 0.641117
vt 0.117621 0.627406
vt 0.0667781 0.673487
vt 0.0450611 0.927414
vt 0.0296303 0.927414
vt 0.0591847 0.927414
vt 0.10424 0.927414
vt 0.0890808 0.927414
vt 0 0.868717
vt 0 0.656477
vt 0 0.595438
vt 0 0.580479
vt 0 0.565515
vt 0 0.550556
vt 0 0.535591
vt 0 0.520633
vt 0 0.505674
vt 0 0.490709
vt 0 0.47575
vt 0 0.460791
vt 0 0.445827
vt 0 0.430868
vt 0 0.415904
vt 0 0.400945
vt 0.0172206 0.116542
vt 0.0287028 0.104116
vt 0 0.823455
vt 0 0.808073
vt 0 0.792691
vt 0 0.671838
vt 0 0.884614
vt 0.00493565 0.923818
vt 0 0.91252
vt 0 0.900511
vt 0.0387152 0.093192
vt 0.0487276 0.0822631
vt 0.0587399 0.0713395
vt 0.0994132 0.0271191
vt 0.0885547 0.0385579
vt 0.0169386 0.927414
vt 0.0739212 0.927414
vt 0.119405 0.927414
vt 0.0563643 0.836999
vt 0.0419261 0.836999
vt 0.0545419 0.832052
vt 0.0505662 0.830186
vt 0.044139 0.841658
vt 0.544854 0.611756
vt 0.544854 0.629628
vt 0.544854 0.643916
vt 0.544854 0.657201
vt 0.544854 0.670631
vt 0.544854 0.684058
vt 0.544854 0.697481
vt 0.544854 0.710908
vt 0.544854 0.724332
vt 0.544854 0.739658
vt 0.544854 0.757476
vt 0.820827 0.726089
vt 0.820827 0.711571
vt 0.820827 0.697893
vt 0.820827 0.684211
vt 0.820827 0.670533
vt 0.820827 0.656856
vt 0.820827 0.643174
vt 0.820827 0.629496
vt 0.820827 0.615818
vt 0.820827 0.602136
vt 0.820827 0.588459
vt 0.820827 0.574779
vt 0.820827 0.561099
vt 0.820827 0.547421
vt 0.820827 0.533739
vt 0.820827 0.520061
vt 0.820827 0.506384
vt 0.820827 0.492702
vt 0.820827 0.479024
vt 0.820827 0.465347
vt 0.820827 0.451664
vt 0.820827 0.437987
vt 0.820827 0.424304
vt 0.820827 0.410627
vt 0.820827 0.396949
vt 0.820827 0.383267
vt 0.820827 0.369589
vt 0.820827 0.355912
vt 0.820827 0.34223
vt 0.820827 0.328552
vt 0.820827 0.31487
vt 0.820827 0.301192
vt 0.820827 0.287515
vt 0.820827 0.27347
vt 0.820827 0.259426
vt 0.820827 0.245381
vt 0.820827 0.231337
vt 0.820827 0.217293
vt 0.820827 0.205217
vt 0.820827 0.191153
vt 0.820827 0.177088
vt 0.820827 0.163024
vt 0.820827 0.14896
vt 0.820827 0.134901
vt 0.820827 0.120836
vt 0.820827 0.106772
vt 0.820827 0.0927077
vt 0.820827 0.0800419
vt 0.820827 0.0658585
vt 0.820827 0.0513232
vt 0.820827 0.0367878
vt 0.820827 0.0222524
vt 0.820827 0.0112727
vt 0.820827 0
vt 0.547545 0.643643
vt 0.547545 0.632228
vt 0.547545 0.620666
vt 0.547545 0.606608
vt 0.547545 0.593741
vt 0.547545 0.580316
vt 0.547545 0.566506
vt 0.547545 0.552695
vt 0.547545 0.53888
vt 0.818122 0.288419
vt 0.818122 0.309006
vt 0.818122 0.329588
vt 0.818122 0.350174
vt 0.818122 0.370757
vt 0.818122 0.381159
vt 0.818122 0.395002
vt 0.818122 0.408845
vt 0.818122 0.422689
vt 0.818122 0.436532
vt 0.818122 0.450371
vt 0.818122 0.464214
vt 0.818122 0.478058
vt 0.818122 0.496753
vt 0.818122 0.497598
vt 0.818122 0.498454
vt 0.818122 0.502406
vt 0.818122 0.50715
vt 0.818122 0.511792
vt 0.818122 0.516637
vt 0.818122 0.521482
vt 0.818122 0.526124
vt 0.818122 0.53087
vt 0.818122 0.534816
vt 0.818122 0.535674
vt 0.818122 0.536519
vt 0.818122 0.555215
vt 0.818122 0.569058
vt 0.818122 0.582901
vt 0.818122 0.59674
vt 0.818122 0.610583
vt 0.818122 0.624426
vt 0.818122 0.63827
vt 0.818122 0.652113
vt 0.818122 0.663999
vt 0.818122 0.684767
vt 0.818122 0.705534
vt 0.818122 0.726302
vt 0.818122 0.747069
mtllib bookmark-007.mtl
usemtl wires115115
g Object001
f 3741/4440/251 3742/4441/252 3743/4442/252 3744/4443/251
f 3745/4444/253 3746/4445/254 3747/4446/254 3748/4447/253
f 3749/4448/255 3745/4444/253 3748/4447/253 3750/4449/256
f 3751/4450/257 3749/4448/255 3750/4449/256 3752/4451/257
f 3742/4441/252 3751/4450/257 3752/4451/257 3743/4442/252
f 3753/4452/258 3754/4453/259 3755/4454/259 3756/4455/258
f 3743/4442/252 3757/4456/252 3758/4457/251 3744/4443/251
f 3759/4458/260 3760/4459/254 3747/4446/254 3761/4460/260
f 3748/4447/253 3762/4461/261 3763/4462/256 3750/4449/256
f 3750/4449/256 3763/4462/256 3764/4463/262 3752/4451/257
f 3752/4451/257 3764/4463/262 3757/4456/252 3743/4442/252
f 3765/4464/263 3766/4465/264 3767/4466/264 3768/4467/263
f 3769/4468/263 3768/4467/263 3767/4466/264 3770/4469/264
f 3757/4456/252 3771/4470/252 3772/4471/251 3758/4457/251
f 3759/4458/260 3773/4472/260 3774/4473/265 3760/4459/254
f 3762/4461/261 3775/4474/261 3776/4475/255 3763/4462/256
f 3763/4462/256 3776/4475/255 3777/4476/262 3764/4463/262
f 3764/4463/262 3777/4476/262 3771/4470/252 3757/4456/252
f 3778/4477/263 3769/4468/263 3770/4469/264 3779/4478/264
f 3771/4470/252 3780/4479/252 3781/4480/251 3772/4471/251
f 3773/4472/260 3782/4481/266 3783/4482/267 3774/4473/265
f 3775/4474/261 3784/4483/268 3785/4484/255 3776/4475/255
f 3776/4475/255 3785/4484/255 3786/4485/262 3777/4476/262
f 3777/4476/262 3786/4485/262 3780/4479/252 3771/4470/252
f 3787/4486/263 3778/4477/263 3779/4478/264 3788/4487/269
f 3780/4479/252 3789/4488/252 3790/4489/258 3781/4480/251
f 3782/4481/266 3791/4490/266 3792/4491/270 3783/4482/267
f 3784/4483/268 3793/4492/268 3794/4493/255 3785/4484/255
f 3785/4484/255 3794/4493/255 3795/4494/262 3786/4485/262
f 3786/4485/262 3795/4494/262 3789/4488/252 3780/4479/252
f 3796/4495/271 3787/4486/263 3788/4487/269 3797/4496/272
f 3789/4488/252 3798/4497/252 3799/4498/258 3790/4489/258
f 3791/4490/266 3800/4499/266 3801/4500/270 3792/4491/270
f 3793/4492/268 3802/4501/268 3803/4502/255 3794/4493/255
f 3794/4493/255 3803/4502/255 3804/4503/262 3795/4494/262
f 3795/4494/262 3804/4503/262 3798/4497/252 3789/4488/252
f 3805/4504/271 3796/4495/271 3797/4496/272 3806/4505/259
f 3798/4497/252 3807/4506/252 3756/4455/258 3799/4498/258
f 3800/4499/266 3808/4507/266 3809/4508/270 3801/4500/270
f 3802/4501/268 3810/4509/268 3811/4510/255 3803/4502/255
f 3803/4502/255 3811/4510/255 3812/4511/262 3804/4503/262
f 3804/4503/262 3812/4511/262 3807/4506/252 3798/4497/252
f 3813/4512/271 3805/4504/271 3806/4505/259 3755/4454/259
f 3807/4506/252 3814/4513/273 3753/4452/258 3756/4455/258
f 3808/4507/266 3815/4514/266 3816/4515/274 3809/4508/270
f 3810/4509/268 3817/4516/275 3818/4517/255 3811/4510/255
f 3811/4510/255 3818/4517/255 3819/4518/262 3812/4511/262
f 3812/4511/262 3819/4518/262 3814/4513/273 3807/4506/252
f 3820/4519/276 3821/4520/277 3822/4521/278 3823/4522/279
f 3824/4523/277 3825/4524/277 3826/4525/280 3827/4526/281
f 3825/4524/277 3828/4527/277 3829/4528/282 3826/4525/280
f 3828/4527/277 3830/4529/277 3831/4530/283 3829/4528/282
f 3830/4529/277 3832/4531/277 3833/4532/284 3831/4530/283
f 3832/4531/277 3834/4533/277 3835/4534/285 3833/4532/284
f 3742/4441/252 3741/4440/251 3836/4535/286 3837/4536/287
f 3838/4537/260 3746/4445/254 3839/4538/288 3840/4539/289
f 3745/4444/253 3749/4448/255 3841/4540/290 3842/4541/291
f 3749/4448/255 3751/4450/257 3843/4542/292 3841/4540/290
f 3751/4450/257 3742/4441/252 3837/4536/287 3843/4542/292
f 3741/4440/251 3766/4465/264 3844/4543/293 3836/4535/286
f 3824/4523/277 3821/4520/277 3839/4544/288 3842/4545/291
f 3825/4524/277 3824/4523/277 3842/4545/291 3841/4546/290
f 3828/4527/277 3825/4524/277 3841/4546/290 3843/4547/292
f 3830/4529/277 3828/4527/277 3843/4547/292 3837/4548/287
f 3832/4531/277 3830/4529/277 3837/4548/287 3836/4549/286
f 3845/4550/294 3834/4533/277 3844/4551/293 3846/4552/295
f 3823/4553/279 3822/4554/278 3847/4555/296 3848/4556/297
f 3827/4557/281 3826/4558/280 3849/4559/298 3850/4560/299
f 3826/4558/280 3829/4561/282 3851/4562/300 3849/4559/298
f 3829/4561/282 3831/4563/283 3852/4564/301 3851/4562/300
f 3831/4563/283 3833/4565/284 3853/4566/302 3852/4564/301
f 3833/4565/284 3835/4567/285 3854/4568/303 3853/4566/302
f 3848/4556/297 3847/4555/296 3855/4569/296 3856/4570/297
f 3850/4560/299 3849/4559/298 3857/4571/298 3858/4572/299
f 3849/4559/298 3851/4562/300 3859/4573/300 3857/4571/298
f 3851/4562/300 3852/4564/301 3860/4574/301 3859/4573/300
f 3852/4564/301 3853/4566/302 3861/4575/302 3860/4574/301
f 3853/4566/302 3854/4568/303 3862/4576/303 3861/4575/302
f 3856/4570/297 3855/4569/296 3863/4577/296 3864/4578/297
f 3858/4572/299 3857/4571/298 3865/4579/298 3866/4580/299
f 3857/4571/298 3859/4573/300 3867/4581/300 3865/4579/298
f 3859/4573/300 3860/4574/301 3868/4582/301 3867/4581/300
f 3860/4574/301 3861/4575/302 3869/4583/302 3868/4582/301
f 3861/4575/302 3862/4576/303 3870/4584/303 3869/4583/302
f 3864/4578/297 3863/4577/296 3871/4585/296 3872/4586/297
f 3866/4580/299 3865/4579/298 3873/4587/298 3874/4588/299
f 3865/4579/298 3867/4581/300 3875/4589/300 3873/4587/298
f 3867/4581/300 3868/4582/301 3876/4590/301 3875/4589/300
f 3868/4582/301 3869/4583/302 3877/4591/302 3876/4590/301
f 3869/4583/302 3870/4584/303 3878/4592/303 3877/4591/302
f 3872/4586/297 3871/4585/296 3879/4593/296 3880/4594/297
f 3874/4588/299 3873/4587/298 3881/4595/298 3882/4596/304
f 3873/4587/298 3875/4589/300 3883/4597/300 3881/4595/298
f 3875/4589/300 3876/4590/301 3884/4598/301 3883/4597/300
f 3876/4590/301 3877/4591/302 3885/4599/302 3884/4598/301
f 3877/4591/302 3878/4592/303 3886/4600/303 3885/4599/302
f 3880/4594/297 3879/4593/296 3887/4601/305 3888/4602/297
f 3882/4596/304 3881/4595/298 3889/4603/306 3890/4604/307
f 3881/4595/298 3883/4597/300 3891/4605/300 3889/4603/306
f 3883/4597/300 3884/4598/301 3892/4606/301 3891/4605/300
f 3884/4598/301 3885/4599/302 3893/4607/302 3892/4606/301
f 3885/4599/302 3886/4600/303 3894/4608/303 3893/4607/302
f 3888/4602/297 3887/4601/305 3895/4609/305 3896/4610/297
f 3890/4604/307 3889/4603/306 3897/4611/306 3898/4612/308
f 3889/4603/306 3891/4605/300 3899/4613/300 3897/4611/306
f 3891/4605/300 3892/4606/301 3900/4614/301 3899/4613/300
f 3892/4606/301 3893/4607/302 3901/4615/302 3900/4614/301
f 3893/4607/302 3894/4608/303 3902/4616/303 3901/4615/302
f 3896/4610/297 3895/4609/305 3903/4617/305 3904/4618/297
f 3898/4612/308 3897/4611/306 3905/4619/306 3906/4620/308
f 3897/4611/306 3899/4613/300 3907/4621/300 3905/4619/306
f 3899/4613/300 3900/4614/301 3908/4622/301 3907/4621/300
f 3900/4614/301 3901/4615/302 3909/4623/302 3908/4622/301
f 3901/4615/302 3902/4616/303 3910/4624/303 3909/4623/302
f 3904/4618/297 3903/4617/305 3911/4625/309 3912/4626/297
f 3906/4620/308 3905/4619/306 3913/4627/306 3914/4628/310
f 3905/4619/306 3907/4621/300 3915/4629/300 3913/4627/306
f 3907/4621/300 3908/4622/301 3916/4630/311 3915/4629/300
f 3908/4622/301 3909/4623/302 3917/4631/302 3916/4630/311
f 3909/4623/302 3910/4624/303 3918/4632/303 3917/4631/302
f 3919/4633/312 3920/4634/312 3921/4635/313 3922/4636/314
f 3923/4637/312 3919/4633/312 3922/4636/314 3924/4638/314
f 3925/4639/312 3923/4637/312 3924/4638/314 3926/4640/314
f 3927/4641/312 3925/4639/312 3926/4640/314 3928/4642/314
f 3929/4643/312 3927/4641/312 3928/4642/314 3930/4644/314
f 3931/4645/312 3929/4643/312 3930/4644/314 3932/4646/314
f 3933/4647/312 3931/4645/312 3932/4646/314 3934/4648/314
f 3935/4649/312 3933/4647/312 3934/4648/314 3936/4650/314
f 3921/4635/313 3765/4651/263 3768/4652/263 3922/4636/314
f 3922/4636/314 3768/4652/263 3769/4653/263 3924/4638/314
f 3924/4638/314 3769/4653/263 3778/4654/263 3926/4640/314
f 3926/4640/314 3778/4654/263 3787/4655/263 3928/4642/314
f 3928/4642/314 3787/4655/263 3796/4656/271 3930/4644/314
f 3930/4644/314 3796/4656/271 3805/4657/271 3932/4646/314
f 3932/4646/314 3805/4657/271 3813/4658/271 3934/4648/314
f 3934/4648/314 3813/4658/271 3937/4659/271 3936/4650/314
f 3845/4660/294 3921/4635/313 3920/4634/312 3938/4661/315
f 3845/4660/294 3846/4662/295 3765/4651/263 3921/4635/313
f 3904/4663/297 3912/4664/297 3939/4665/316 3940/4666/316
f 3896/4667/297 3904/4663/297 3940/4666/316 3941/4668/316
f 3888/4669/297 3896/4667/297 3941/4668/316 3942/4670/316
f 3880/4671/297 3888/4669/297 3942/4670/316 3943/4672/316
f 3872/4673/297 3880/4671/297 3943/4672/316 3944/4674/316
f 3864/4675/297 3872/4673/297 3944/4674/316 3945/4676/316
f 3856/4677/297 3864/4675/297 3945/4676/316 3946/4678/316
f 3848/4679/297 3856/4677/297 3946/4678/316 3947/4680/317
f 3939/4665/316 3815/4681/266 3808/4682/266 3940/4666/316
f 3940/4666/316 3808/4682/266 3800/4683/266 3941/4668/316
f 3941/4668/316 3800/4683/266 3791/4684/266 3942/4670/316
f 3942/4670/316 3791/4684/266 3782/4685/266 3943/4672/316
f 3943/4672/316 3782/4685/266 3773/4686/260 3944/4674/316
f 3944/4674/316 3773/4686/260 3759/4687/260 3945/4676/316
f 3945/4676/316 3759/4687/260 3761/4688/260 3946/4678/316
f 3946/4678/316 3761/4688/260 3838/4689/260 3947/4680/317
f 3947/4680/317 3838/4689/260 3840/4690/289 3820/4691/276
f 3820/4691/276 3823/4692/279 3848/4679/297 3947/4680/317
f 3754/4453/259 3937/4693/271 3813/4512/271 3755/4454/259
f 3766/4465/264 3741/4440/251 3744/4443/251 3767/4466/264
f 3767/4466/264 3744/4443/251 3758/4457/251 3770/4469/264
f 3770/4469/264 3758/4457/251 3772/4471/251 3779/4478/264
f 3779/4478/264 3772/4471/251 3781/4480/251 3788/4487/269
f 3788/4487/269 3781/4480/251 3790/4489/258 3797/4496/272
f 3797/4496/272 3790/4489/258 3799/4498/258 3806/4505/259
f 3806/4505/259 3799/4498/258 3756/4455/258 3755/4454/259
f 3834/4533/277 3845/4550/294 3938/4694/315 3835/4534/285
f 3766/4465/264 3765/4464/263 3846/4695/295 3844/4543/293
f 3834/4533/277 3832/4531/277 3836/4549/286 3844/4551/293
f 3835/4567/285 3938/4696/315 3920/4697/312 3854/4568/303
f 3854/4568/303 3920/4697/312 3919/4698/312 3862/4576/303
f 3862/4576/303 3919/4698/312 3923/4699/312 3870/4584/303
f 3870/4584/303 3923/4699/312 3925/4700/312 3878/4592/303
f 3878/4592/303 3925/4700/312 3927/4701/312 3886/4600/303
f 3886/4600/303 3927/4701/312 3929/4702/312 3894/4608/303
f 3894/4608/303 3929/4702/312 3931/4703/312 3902/4616/303
f 3902/4616/303 3931/4703/312 3933/4704/312 3910/4624/303
f 3910/4624/303 3933/4704/312 3935/4705/312 3918/4632/303
f 3746/4445/254 3838/4537/260 3761/4460/260 3747/4446/254
f 3760/4459/254 3762/4461/261 3748/4447/253 3747/4446/254
f 3774/4473/265 3775/4474/261 3762/4461/261 3760/4459/254
f 3783/4482/267 3784/4483/268 3775/4474/261 3774/4473/265
f 3792/4491/270 3793/4492/268 3784/4483/268 3783/4482/267
f 3801/4500/270 3802/4501/268 3793/4492/268 3792/4491/270
f 3809/4508/270 3810/4509/268 3802/4501/268 3801/4500/270
f 3816/4515/274 3817/4516/275 3810/4509/268 3809/4508/270
f 3821/4520/277 3824/4523/277 3827/4526/281 3822/4521/278
f 3746/4445/254 3745/4444/253 3842/4541/291 3839/4538/288
f 3821/4520/277 3820/4519/276 3840/4706/289 3839/4544/288
f 3822/4554/278 3827/4557/281 3850/4560/299 3847/4555/296
f 3847/4555/296 3850/4560/299 3858/4572/299 3855/4569/296
f 3855/4569/296 3858/4572/299 3866/4580/299 3863/4577/296
f 3863/4577/296 3866/4580/299 3874/4588/299 3871/4585/296
f 3871/4585/296 3874/4588/299 3882/4596/304 3879/4593/296
f 3879/4593/296 3882/4596/304 3890/4604/307 3887/4601/305
f 3887/4601/305 3890/4604/307 3898/4612/308 3895/4609/305
f 3895/4609/305 3898/4612/308 3906/4620/308 3903/4617/305
f 3903/4617/305 3906/4620/308 3914/4628/310 3911/4625/309
f 3948/4707/318 3949/4708/318 3950/4709/319 3951/4710/252
f 3952/4711/320 3953/4712/320 3954/4713/321 3955/4714/321
f 3956/4715/322 3957/4716/322 3953/4712/320 3952/4711/320
f 3958/4717/323 3959/4718/323 3957/4716/322 3956/4715/322
f 3951/4710/252 3950/4709/319 3959/4718/323 3958/4717/323
f 3753/4452/258 3960/4719/324 3961/4720/259 3754/4453/259
f 3950/4709/319 3949/4708/318 3962/4721/324 3963/4722/319
f 3964/4723/325 3965/4724/325 3954/4713/321 3966/4725/321
f 3953/4712/320 3957/4716/322 3967/4726/322 3968/4727/320
f 3957/4716/322 3959/4718/323 3969/4728/326 3967/4726/322
f 3959/4718/323 3950/4709/319 3963/4722/319 3969/4728/326
f 3970/4729/271 3971/4730/271 3972/4731/259 3973/4732/259
f 3974/4733/271 3975/4734/259 3972/4731/259 3971/4730/271
f 3963/4722/319 3962/4721/324 3976/4735/324 3977/4736/252
f 3964/4723/325 3966/4725/321 3978/4737/321 3979/4738/325
f 3968/4727/320 3967/4726/322 3980/4739/322 3981/4740/320
f 3967/4726/322 3969/4728/326 3982/4741/326 3980/4739/322
f 3969/4728/326 3963/4722/319 3977/4736/252 3982/4741/326
f 3983/4742/271 3984/4743/259 3975/4734/259 3974/4733/271
f 3977/4736/252 3976/4735/324 3985/4744/324 3986/4745/252
f 3979/4738/325 3978/4737/321 3987/4746/321 3988/4747/325
f 3981/4740/320 3980/4739/322 3989/4748/322 3990/4749/320
f 3980/4739/322 3982/4741/326 3991/4750/326 3989/4748/322
f 3982/4741/326 3977/4736/252 3986/4745/252 3991/4750/326
f 3992/4751/271 3993/4752/259 3984/4743/259 3983/4742/271
f 3986/4745/252 3985/4744/324 3994/4753/324 3995/4754/252
f 3988/4747/325 3987/4746/321 3996/4755/321 3997/4756/325
f 3990/4749/320 3989/4748/322 3998/4757/322 3999/4758/320
f 3989/4748/322 3991/4750/326 4000/4759/326 3998/4757/322
f 3991/4750/326 3986/4745/252 3995/4754/252 4000/4759/326
f 4001/4760/271 4002/4761/259 3993/4752/259 3992/4751/271
f 3995/4754/252 3994/4753/324 4003/4762/324 4004/4763/252
f 3997/4756/325 3996/4755/321 4005/4764/321 4006/4765/325
f 3999/4758/320 3998/4757/322 4007/4766/322 4008/4767/320
f 3998/4757/322 4000/4759/326 4009/4768/326 4007/4766/322
f 4000/4759/326 3995/4754/252 4004/4763/252 4009/4768/326
f 4010/4769/271 4011/4770/259 4002/4761/259 4001/4760/271
f 4004/4763/252 4003/4762/324 3960/4719/324 4012/4771/273
f 4006/4765/325 4005/4764/321 4013/4772/327 4014/4773/325
f 4008/4767/320 4007/4766/322 4015/4774/322 4016/4775/328
f 4007/4766/322 4009/4768/326 4017/4776/326 4015/4774/322
f 4009/4768/326 4004/4763/252 4012/4771/273 4017/4776/326
f 4018/4777/271 3961/4720/259 4011/4770/259 4010/4769/271
f 4012/4771/273 3960/4719/324 3753/4452/258 3814/4513/273
f 4014/4773/325 4013/4772/327 3816/4515/274 3815/4514/266
f 4016/4775/328 4015/4774/322 3818/4517/255 3817/4516/275
f 4015/4774/322 4017/4776/326 3819/4518/262 3818/4517/255
f 4017/4776/326 4012/4771/273 3814/4513/273 3819/4518/262
f 4019/4778/329 4020/4779/330 4021/4780/331 4022/4781/332
f 4023/4782/332 4024/4783/333 4025/4784/334 4026/4785/332
f 4026/4785/332 4025/4784/334 4027/4786/335 4028/4787/332
f 4028/4787/332 4027/4786/335 4029/4788/336 4030/4789/332
f 4030/4789/332 4029/4788/336 4031/4790/337 4032/4791/332
f 4032/4791/332 4031/4790/337 4033/4792/338 4034/4793/332
f 3951/4710/252 4035/4794/339 4036/4795/340 3948/4707/318
f 4037/4796/325 4038/4797/341 4039/4798/342 3955/4714/321
f 3952/4711/320 4040/4799/343 4041/4800/344 3956/4715/322
f 3956/4715/322 4041/4800/344 4042/4801/345 3958/4717/323
f 3958/4717/323 4042/4801/345 4035/4794/339 3951/4710/252
f 3948/4707/318 4036/4795/340 4043/4802/346 3973/4732/259
f 4023/4782/332 4040/4803/343 4039/4804/342 4022/4781/332
f 4026/4785/332 4041/4805/344 4040/4803/343 4023/4782/332
f 4028/4787/332 4042/4806/345 4041/4805/344 4026/4785/332
f 4030/4789/332 4035/4807/339 4042/4806/345 4028/4787/332
f 4032/4791/332 4036/4808/340 4035/4807/339 4030/4789/332
f 4044/4809/347 4045/4810/348 4043/4811/346 4034/4793/332
f 4020/4812/330 4046/4813/349 4047/4814/350 4021/4815/331
f 4024/4816/333 4048/4817/351 4049/4818/352 4025/4819/334
f 4025/4819/334 4049/4818/352 4050/4820/353 4027/4821/335
f 4027/4821/335 4050/4820/353 4051/4822/354 4029/4823/336
f 4029/4823/336 4051/4822/354 4052/4824/355 4031/4825/337
f 4031/4825/337 4052/4824/355 4053/4826/303 4033/4827/338
f 4046/4813/349 4054/4828/349 4055/4829/350 4047/4814/350
f 4048/4817/351 4056/4830/351 4057/4831/352 4049/4818/352
f 4049/4818/352 4057/4831/352 4058/4832/353 4050/4820/353
f 4050/4820/353 4058/4832/353 4059/4833/354 4051/4822/354
f 4051/4822/354 4059/4833/354 4060/4834/355 4052/4824/355
f 4052/4824/355 4060/4834/355 4061/4835/303 4053/4826/303
f 4054/4828/349 4062/4836/349 4063/4837/350 4055/4829/350
f 4056/4830/351 4064/4838/356 4065/4839/352 4057/4831/352
f 4057/4831/352 4065/4839/352 4066/4840/357 4058/4832/353
f 4058/4832/353 4066/4840/357 4067/4841/354 4059/4833/354
f 4059/4833/354 4067/4841/354 4068/4842/355 4060/4834/355
f 4060/4834/355 4068/4842/355 4069/4843/303 4061/4835/303
f 4062/4836/349 4070/4844/349 4071/4845/358 4063/4837/350
f 4064/4838/356 4072/4846/359 4073/4847/352 4065/4839/352
f 4065/4839/352 4073/4847/352 4074/4848/357 4066/4840/357
f 4066/4840/357 4074/4848/357 4075/4849/301 4067/4841/354
f 4067/4841/354 4075/4849/301 4076/4850/355 4068/4842/355
f 4068/4842/355 4076/4850/355 4077/4851/303 4069/4843/303
f 4070/4844/349 4078/4852/349 4079/4853/358 4071/4845/358
f 4072/4846/359 4080/4854/360 4081/4855/352 4073/4847/352
f 4073/4847/352 4081/4855/352 4082/4856/353 4074/4848/357
f 4074/4848/357 4082/4856/353 4083/4857/301 4075/4849/301
f 4075/4849/301 4083/4857/301 4084/4858/355 4076/4850/355
f 4076/4850/355 4084/4858/355 4085/4859/303 4077/4851/303
f 4078/4852/349 4086/4860/349 4087/4861/358 4079/4853/358
f 4080/4854/360 4088/4862/360 4089/4863/352 4081/4855/352
f 4081/4855/352 4089/4863/352 4090/4864/353 4082/4856/353
f 4082/4856/353 4090/4864/353 4091/4865/301 4083/4857/301
f 4083/4857/301 4091/4865/301 4092/4866/355 4084/4858/355
f 4084/4858/355 4092/4866/355 4093/4867/303 4085/4859/303
f 4086/4860/349 4094/4868/349 4095/4869/358 4087/4861/358
f 4088/4862/360 4096/4870/360 4097/4871/352 4089/4863/352
f 4089/4863/352 4097/4871/352 4098/4872/353 4090/4864/353
f 4090/4864/353 4098/4872/353 4099/4873/301 4091/4865/301
f 4091/4865/301 4099/4873/301 4100/4874/355 4092/4866/355
f 4092/4866/355 4100/4874/355 4101/4875/303 4093/4867/303
f 4094/4868/349 4102/4876/349 4103/4877/361 4095/4869/358
f 4096/4870/360 4104/4878/362 4105/4879/352 4097/4871/352
f 4097/4871/352 4105/4879/352 4106/4880/353 4098/4872/353
f 4098/4872/353 4106/4880/353 4107/4881/311 4099/4873/301
f 4099/4873/301 4107/4881/311 4108/4882/355 4100/4874/355
f 4100/4874/355 4108/4882/355 4109/4883/303 4101/4875/303
f 4102/4876/349 3912/4626/297 3911/4625/309 4103/4877/361
f 4104/4878/362 3914/4628/310 3913/4627/306 4105/4879/352
f 4105/4879/352 3913/4627/306 3915/4629/300 4106/4880/353
f 4106/4880/353 3915/4629/300 3916/4630/311 4107/4881/311
f 4107/4881/311 3916/4630/311 3917/4631/302 4108/4882/355
f 4108/4882/355 3917/4631/302 3918/4632/303 4109/4883/303
f 4110/4884/312 4111/4885/314 4112/4886/363 4113/4887/312
f 4114/4888/312 4115/4889/314 4111/4885/314 4110/4884/312
f 4116/4890/312 4117/4891/314 4115/4889/314 4114/4888/312
f 4118/4892/312 4119/4893/314 4117/4891/314 4116/4890/312
f 4120/4894/312 4121/4895/314 4119/4893/314 4118/4892/312
f 4122/4896/312 4123/4897/314 4121/4895/314 4120/4894/312
f 4124/4898/312 4125/4899/314 4123/4897/314 4122/4896/312
f 3935/4649/312 3936/4650/314 4125/4899/314 4124/4898/312
f 4112/4886/363 4111/4885/314 3971/4900/271 3970/4901/271
f 4111/4885/314 4115/4889/314 3974/4902/271 3971/4900/271
f 4115/4889/314 4117/4891/314 3983/4903/271 3974/4902/271
f 4117/4891/314 4119/4893/314 3992/4904/271 3983/4903/271
f 4119/4893/314 4121/4895/314 4001/4905/271 3992/4904/271
f 4121/4895/314 4123/4897/314 4010/4906/271 4001/4905/271
f 4123/4897/314 4125/4899/314 4018/4907/271 4010/4906/271
f 4125/4899/314 3936/4650/314 3937/4659/271 4018/4907/271
f 4044/4908/347 4126/4909/364 4113/4887/312 4112/4886/363
f 4044/4908/347 4112/4886/363 3970/4901/271 4045/4910/348
f 4102/4911/349 4127/4912/316 3939/4665/316 3912/4664/297
f 4094/4913/349 4128/4914/316 4127/4912/316 4102/4911/349
f 4086/4915/349 4129/4916/316 4128/4914/316 4094/4913/349
f 4078/4917/349 4130/4918/316 4129/4916/316 4086/4915/349
f 4070/4919/349 4131/4920/316 4130/4918/316 4078/4917/349
f 4062/4921/349 4132/4922/316 4131/4920/316 4070/4919/349
f 4054/4923/349 4133/4924/316 4132/4922/316 4062/4921/349
f 4046/4925/349 4134/4926/365 4133/4924/316 4054/4923/349
f 3939/4665/316 4127/4912/316 4014/4927/325 3815/4681/266
f 4127/4912/316 4128/4914/316 4006/4928/325 4014/4927/325
f 4128/4914/316 4129/4916/316 3997/4929/325 4006/4928/325
f 4129/4916/316 4130/4918/316 3988/4930/325 3997/4929/325
f 4130/4918/316 4131/4920/316 3979/4931/325 3988/4930/325
f 4131/4920/316 4132/4922/316 3964/4932/325 3979/4931/325
f 4132/4922/316 4133/4924/316 3965/4933/325 3964/4932/325
f 4133/4924/316 4134/4926/365 4037/4934/325 3965/4933/325
f 4134/4926/365 4019/4935/329 4038/4936/341 4037/4934/325
f 4019/4935/329 4134/4926/365 4046/4925/349 4020/4937/330
f 3754/4453/259 3961/4720/259 4018/4777/271 3937/4693/271
f 3973/4732/259 3972/4731/259 3949/4708/318 3948/4707/318
f 3972/4731/259 3975/4734/259 3962/4721/324 3949/4708/318
f 3975/4734/259 3984/4743/259 3976/4735/324 3962/4721/324
f 3984/4743/259 3993/4752/259 3985/4744/324 3976/4735/324
f 3993/4752/259 4002/4761/259 3994/4753/324 3985/4744/324
f 4002/4761/259 4011/4770/259 4003/4762/324 3994/4753/324
f 4011/4770/259 3961/4720/259 3960/4719/324 4003/4762/324
f 4034/4793/332 4033/4792/338 4126/4938/364 4044/4809/347
f 3973/4732/259 4043/4802/346 4045/4939/348 3970/4729/271
f 4034/4793/332 4043/4811/346 4036/4808/340 4032/4791/332
f 4033/4827/338 4053/4826/303 4113/4940/312 4126/4941/364
f 4053/4826/303 4061/4835/303 4110/4942/312 4113/4940/312
f 4061/4835/303 4069/4843/303 4114/4943/312 4110/4942/312
f 4069/4843/303 4077/4851/303 4116/4944/312 4114/4943/312
f 4077/4851/303 4085/4859/303 4118/4945/312 4116/4944/312
f 4085/4859/303 4093/4867/303 4120/4946/312 4118/4945/312
f 4093/4867/303 4101/4875/303 4122/4947/312 4120/4946/312
f 4101/4875/303 4109/4883/303 4124/4948/312 4122/4947/312
f 4109/4883/303 3918/4632/303 3935/4705/312 4124/4948/312
f 3955/4714/321 3954/4713/321 3965/4724/325 4037/4796/325
f 3966/4725/321 3954/4713/321 3953/4712/320 3968/4727/320
f 3978/4737/321 3966/4725/321 3968/4727/320 3981/4740/320
f 3987/4746/321 3978/4737/321 3981/4740/320 3990/4749/320
f 3996/4755/321 3987/4746/321 3990/4749/320 3999/4758/320
f 4005/4764/321 3996/4755/321 3999/4758/320 4008/4767/320
f 4013/4772/327 4005/4764/321 4008/4767/320 4016/4775/328
f 3816/4515/274 4013/4772/327 4016/4775/328 3817/4516/275
f 4022/4781/332 4021/4780/331 4024/4783/333 4023/4782/332
f 3955/4714/321 4039/4798/342 4040/4799/343 3952/4711/320
f 4022/4781/332 4039/4804/342 4038/4949/341 4019/4778/329
f 4021/4815/331 4047/4814/350 4048/4817/351 4024/4816/333
f 4047/4814/350 4055/4829/350 4056/4830/351 4048/4817/351
f 4055/4829/350 4063/4837/350 4064/4838/356 4056/4830/351
f 4063/4837/350 4071/4845/358 4072/4846/359 4064/4838/356
f 4071/4845/358 4079/4853/358 4080/4854/360 4072/4846/359
f 4079/4853/358 4087/4861/358 4088/4862/360 4080/4854/360
f 4087/4861/358 4095/4869/358 4096/4870/360 4088/4862/360
f 4095/4869/358 4103/4877/361 4104/4878/362 4096/4870/360
f 4103/4877/361 3911/4625/309 3914/4628/310 4104/4878/362
usemtl wire_135006006
g Object002
f 4135/4950/366 4136/4951/277 4137/4952/367 4138/4953/368
f 4139/4954/277 4140/4955/277 4141/4956/369 4142/4957/370
f 4140/4955/277 4143/4958/277 4144/4959/371 4141/4956/369
f 4143/4958/277 4145/4960/277 4146/4961/372 4144/4959/371
f 4145/4960/277 4147/4962/277 4148/4963/373 4146/4961/372
f 4147/4962/277 4149/4964/277 4150/4965/374 4148/4963/373
f 4138/4966/368 4137/4967/367 4151/4968/375 4152/4969/376
f 4142/4970/370 4141/4971/369 4153/4972/377 4154/4973/378
f 4141/4971/369 4144/4974/371 4155/4975/379 4153/4972/377
f 4144/4974/371 4146/4976/372 4156/4977/380 4155/4975/379
f 4146/4976/372 4148/4978/373 4157/4979/381 4156/4977/380
f 4148/4978/373 4150/4980/374 4158/4981/382 4157/4979/381
f 4152/4969/376 4151/4968/375 4159/4982/375 4160/4983/376
f 4154/4973/378 4153/4972/377 4161/4984/377 4162/4985/378
f 4153/4972/377 4155/4975/379 4163/4986/379 4161/4984/377
f 4155/4975/379 4156/4977/380 4164/4987/380 4163/4986/379
f 4156/4977/380 4157/4979/381 4165/4988/383 4164/4987/380
f 4157/4979/381 4158/4981/382 4166/4989/384 4165/4988/383
f 4160/4983/376 4159/4982/375 4167/4990/375 4168/4991/376
f 4162/4985/378 4161/4984/377 4169/4992/377 4170/4993/378
f 4161/4984/377 4163/4986/379 4171/4994/379 4169/4992/377
f 4163/4986/379 4164/4987/380 4172/4995/380 4171/4994/379
f 4164/4987/380 4165/4988/383 4173/4996/383 4172/4995/380
f 4165/4988/383 4166/4989/384 4174/4997/385 4173/4996/383
f 4168/4991/376 4167/4990/375 4175/4998/375 4176/4999/376
f 4170/4993/378 4169/4992/377 4177/5000/377 4178/5001/378
f 4169/4992/377 4171/4994/379 4179/5002/379 4177/5000/377
f 4171/4994/379 4172/4995/380 4180/5003/380 4179/5002/379
f 4172/4995/380 4173/4996/383 4181/5004/383 4180/5003/380
f 4173/4996/383 4174/4997/385 4182/5005/385 4181/5004/383
f 4176/4999/376 4175/4998/375 4183/5006/375 4184/5007/376
f 4178/5001/378 4177/5000/377 4185/5008/377 4186/5009/378
f 4177/5000/377 4179/5002/379 4187/5010/379 4185/5008/377
f 4179/5002/379 4180/5003/380 4188/5011/380 4187/5010/379
f 4180/5003/380 4181/5004/383 4189/5012/383 4188/5011/380
f 4181/5004/383 4182/5005/385 4190/5013/385 4189/5012/383
f 4184/5007/376 4183/5006/375 4191/5014/375 4192/5015/376
f 4186/5009/378 4185/5008/377 4193/5016/377 4194/5017/378
f 4185/5008/377 4187/5010/379 4195/5018/379 4193/5016/377
f 4187/5010/379 4188/5011/380 4196/5019/380 4195/5018/379
f 4188/5011/380 4189/5012/383 4197/5020/383 4196/5019/380
f 4189/5012/383 4190/5013/385 4198/5021/385 4197/5020/383
f 4192/5015/376 4191/5014/375 4199/5022/375 4200/5023/376
f 4194/5017/378 4193/5016/377 4201/5024/377 4202/5025/378
f 4193/5016/377 4195/5018/379 4203/5026/379 4201/5024/377
f 4195/5018/379 4196/5019/380 4204/5027/380 4203/5026/379
f 4196/5019/380 4197/5020/383 4205/5028/386 4204/5027/380
f 4197/5020/383 4198/5021/385 4206/5029/385 4205/5028/386
f 4200/5023/376 4199/5022/375 4207/5030/375 4208/5031/376
f 4202/5025/378 4201/5024/377 4209/5032/377 4210/5033/378
f 4201/5024/377 4203/5026/379 4211/5034/379 4209/5032/377
f 4203/5026/379 4204/5027/380 4212/5035/387 4211/5034/379
f 4204/5027/380 4205/5028/386 4213/5036/388 4212/5035/387
f 4205/5028/386 4206/5029/385 4214/5037/389 4213/5036/388
f 4208/5031/376 4207/5030/375 4215/5038/375 4216/5039/390
f 4210/5033/378 4209/5032/377 4217/5040/377 4218/5041/391
f 4209/5032/377 4211/5034/379 4219/5042/379 4217/5040/377
f 4211/5034/379 4212/5035/387 4220/5043/392 4219/5042/379
f 4212/5035/387 4213/5036/388 4221/5044/393 4220/5043/392
f 4213/5036/388 4214/5037/389 4222/5045/389 4221/5044/393
f 4223/5046/394 4224/5047/395 4225/5048/396 4226/5049/396
f 4227/5050/394 4223/5046/394 4226/5049/396 4228/5051/396
f 4229/5052/394 4227/5050/394 4228/5051/396 4230/5053/396
f 4231/5054/394 4229/5052/394 4230/5053/396 4232/5055/396
f 4233/5056/394 4231/5054/394 4232/5055/396 4234/5057/396
f 4235/5058/394 4233/5056/394 4234/5057/396 4236/5059/396
f 4237/5060/394 4235/5058/394 4236/5059/396 4238/5061/396
f 4239/5062/397 4237/5060/394 4238/5061/396 4240/5063/398
f 4241/5064/399 4225/5048/396 4224/5047/395 4242/5065/400
f 4208/5066/376 4216/5067/390 4243/5068/401 4244/5069/402
f 4200/5070/376 4208/5066/376 4244/5069/402 4245/5071/402
f 4192/5072/376 4200/5070/376 4245/5071/402 4246/5073/402
f 4184/5074/376 4192/5072/376 4246/5073/402 4247/5075/402
f 4176/5076/376 4184/5074/376 4247/5075/402 4248/5077/402
f 4168/5078/376 4176/5076/376 4248/5077/402 4249/5079/402
f 4160/5080/376 4168/5078/376 4249/5079/402 4250/5081/402
f 4152/5082/376 4160/5080/376 4250/5081/402 4251/5083/402
f 4135/5084/366 4138/5085/368 4152/5082/376 4251/5083/402
f 4149/4964/277 4241/5086/399 4242/5087/400 4150/4965/374
f 4150/4980/374 4242/5088/400 4224/5089/395 4158/4981/382
f 4158/4981/382 4224/5089/395 4223/5090/394 4166/4989/384
f 4166/4989/384 4223/5090/394 4227/5091/394 4174/4997/385
f 4174/4997/385 4227/5091/394 4229/5092/394 4182/5005/385
f 4182/5005/385 4229/5092/394 4231/5093/394 4190/5013/385
f 4190/5013/385 4231/5093/394 4233/5094/394 4198/5021/385
f 4198/5021/385 4233/5094/394 4235/5095/394 4206/5029/385
f 4206/5029/385 4235/5095/394 4237/5096/394 4214/5037/389
f 4214/5037/389 4237/5096/394 4239/5097/397 4222/5045/389
f 4136/4951/277 4139/4954/277 4142/4957/370 4137/4952/367
f 4137/4967/367 4142/4970/370 4154/4973/378 4151/4968/375
f 4151/4968/375 4154/4973/378 4162/4985/378 4159/4982/375
f 4159/4982/375 4162/4985/378 4170/4993/378 4167/4990/375
f 4167/4990/375 4170/4993/378 4178/5001/378 4175/4998/375
f 4175/4998/375 4178/5001/378 4186/5009/378 4183/5006/375
f 4183/5006/375 4186/5009/378 4194/5017/378 4191/5014/375
f 4191/5014/375 4194/5017/378 4202/5025/378 4199/5022/375
f 4199/5022/375 4202/5025/378 4210/5033/378 4207/5030/375
f 4207/5030/375 4210/5033/378 4218/5041/391 4215/5038/375
f 4252/5098/403 4253/5099/404 4254/5100/405 4255/5101/332
f 4256/5102/332 4257/5103/406 4258/5104/407 4259/5105/332
f 4259/5105/332 4258/5104/407 4260/5106/408 4261/5107/332
f 4261/5107/332 4260/5106/408 4262/5108/409 4263/5109/332
f 4263/5109/332 4262/5108/409 4264/5110/410 4265/5111/332
f 4265/5111/332 4264/5110/410 4266/5112/411 4267/5113/332
f 4253/5114/404 4268/5115/412 4269/5116/413 4254/5117/405
f 4257/5118/406 4270/5119/414 4271/5120/415 4258/5121/407
f 4258/5121/407 4271/5120/415 4272/5122/416 4260/5123/408
f 4260/5123/408 4272/5122/416 4273/5124/387 4262/5125/409
f 4262/5125/409 4273/5124/387 4274/5126/417 4264/5127/410
f 4264/5127/410 4274/5126/417 4275/5128/418 4266/5129/411
f 4268/5115/412 4276/5130/412 4277/5131/413 4269/5116/413
f 4270/5119/414 4278/5132/414 4279/5133/415 4271/5120/415
f 4271/5120/415 4279/5133/415 4280/5134/416 4272/5122/416
f 4272/5122/416 4280/5134/416 4281/5135/387 4273/5124/387
f 4273/5124/387 4281/5135/387 4282/5136/417 4274/5126/417
f 4274/5126/417 4282/5136/417 4283/5137/418 4275/5128/418
f 4276/5130/412 4284/5138/412 4285/5139/413 4277/5131/413
f 4278/5132/414 4286/5140/414 4287/5141/415 4279/5133/415
f 4279/5133/415 4287/5141/415 4288/5142/416 4280/5134/416
f 4280/5134/416 4288/5142/416 4289/5143/387 4281/5135/387
f 4281/5135/387 4289/5143/387 4290/5144/417 4282/5136/417
f 4282/5136/417 4290/5144/417 4291/5145/418 4283/5137/418
f 4284/5138/412 4292/5146/412 4293/5147/413 4285/5139/413
f 4286/5140/414 4294/5148/414 4295/5149/415 4287/5141/415
f 4287/5141/415 4295/5149/415 4296/5150/416 4288/5142/416
f 4288/5142/416 4296/5150/416 4297/5151/387 4289/5143/387
f 4289/5143/387 4297/5151/387 4298/5152/417 4290/5144/417
f 4290/5144/417 4298/5152/417 4299/5153/418 4291/5145/418
f 4292/5146/412 4300/5154/412 4301/5155/413 4293/5147/413
f 4294/5148/414 4302/5156/414 4303/5157/419 4295/5149/415
f 4295/5149/415 4303/5157/419 4304/5158/416 4296/5150/416
f 4296/5150/416 4304/5158/416 4305/5159/387 4297/5151/387
f 4297/5151/387 4305/5159/387 4306/5160/417 4298/5152/417
f 4298/5152/417 4306/5160/417 4307/5161/418 4299/5153/418
f 4300/5154/412 4308/5162/412 4309/5163/413 4301/5155/413
f 4302/5156/414 4310/5164/420 4311/5165/419 4303/5157/419
f 4303/5157/419 4311/5165/419 4312/5166/421 4304/5158/416
f 4304/5158/416 4312/5166/421 4313/5167/387 4305/5159/387
f 4305/5159/387 4313/5167/387 4314/5168/417 4306/5160/417
f 4306/5160/417 4314/5168/417 4315/5169/418 4307/5161/418
f 4308/5162/412 4316/5170/412 4317/5171/413 4309/5163/413
f 4310/5164/420 4318/5172/420 4319/5173/415 4311/5165/419
f 4311/5165/419 4319/5173/415 4320/5174/421 4312/5166/421
f 4312/5166/421 4320/5174/421 4321/5175/387 4313/5167/387
f 4313/5167/387 4321/5175/387 4322/5176/417 4314/5168/417
f 4314/5168/417 4322/5176/417 4323/5177/418 4315/5169/418
f 4316/5170/412 4324/5178/422 4325/5179/413 4317/5171/413
f 4318/5172/420 4326/5180/423 4327/5181/415 4319/5173/415
f 4319/5173/415 4327/5181/415 4328/5182/421 4320/5174/421
f 4320/5174/421 4328/5182/421 4329/5183/392 4321/5175/387
f 4321/5175/387 4329/5183/392 4330/5184/417 4322/5176/417
f 4322/5176/417 4330/5184/417 4331/5185/418 4323/5177/418
f 4324/5178/422 4216/5039/390 4215/5038/375 4325/5179/413
f 4326/5180/423 4218/5041/391 4217/5040/377 4327/5181/415
f 4327/5181/415 4217/5040/377 4219/5042/379 4328/5182/421
f 4328/5182/421 4219/5042/379 4220/5043/392 4329/5183/392
f 4329/5183/392 4220/5043/392 4221/5044/393 4330/5184/417
f 4330/5184/417 4221/5044/393 4222/5045/389 4331/5185/418
f 4332/5186/424 4333/5187/396 4334/5188/396 4335/5189/424
f 4336/5190/424 4337/5191/396 4333/5187/396 4332/5186/424
f 4338/5192/424 4339/5193/396 4337/5191/396 4336/5190/424
f 4340/5194/424 4341/5195/396 4339/5193/396 4338/5192/424
f 4342/5196/424 4343/5197/396 4341/5195/396 4340/5194/424
f 4344/5198/424 4345/5199/396 4343/5197/396 4342/5196/424
f 4346/5200/425 4347/5201/398 4345/5199/396 4344/5198/424
f 4239/5062/397 4240/5063/398 4347/5201/398 4346/5200/425
f 4348/5202/426 4349/5203/427 4335/5189/424 4334/5188/396
f 4324/5204/422 4350/5205/401 4243/5068/401 4216/5067/390
f 4316/5206/412 4351/5207/402 4350/5205/401 4324/5204/422
f 4308/5208/412 4352/5209/402 4351/5207/402 4316/5206/412
f 4300/5210/412 4353/5211/402 4352/5209/402 4308/5208/412
f 4292/5212/412 4354/5213/402 4353/5211/402 4300/5210/412
f 4284/5214/412 4355/5215/402 4354/5213/402 4292/5212/412
f 4276/5216/412 4356/5217/402 4355/5215/402 4284/5214/412
f 4268/5218/412 4357/5219/402 4356/5217/402 4276/5216/412
f 4252/5220/403 4357/5219/402 4268/5218/412 4253/5221/404
f 4267/5113/332 4266/5112/411 4349/5222/427 4348/5223/426
f 4266/5129/411 4275/5128/418 4335/5224/424 4349/5225/427
f 4275/5128/418 4283/5137/418 4332/5226/424 4335/5224/424
f 4283/5137/418 4291/5145/418 4336/5227/424 4332/5226/424
f 4291/5145/418 4299/5153/418 4338/5228/424 4336/5227/424
f 4299/5153/418 4307/5161/418 4340/5229/424 4338/5228/424
f 4307/5161/418 4315/5169/418 4342/5230/424 4340/5229/424
f 4315/5169/418 4323/5177/418 4344/5231/424 4342/5230/424
f 4323/5177/418 4331/5185/418 4346/5232/425 4344/5231/424
f 4331/5185/418 4222/5045/389 4239/5097/397 4346/5232/425
f 4255/5101/332 4254/5100/405 4257/5103/406 4256/5102/332
f 4254/5117/405 4269/5116/413 4270/5119/414 4257/5118/406
f 4269/5116/413 4277/5131/413 4278/5132/414 4270/5119/414
f 4277/5131/413 4285/5139/413 4286/5140/414 4278/5132/414
f 4285/5139/413 4293/5147/413 4294/5148/414 4286/5140/414
f 4293/5147/413 4301/5155/413 4302/5156/414 4294/5148/414
f 4301/5155/413 4309/5163/413 4310/5164/420 4302/5156/414
f 4309/5163/413 4317/5171/413 4318/5172/420 4310/5164/420
f 4317/5171/413 4325/5179/413 4326/5180/423 4318/5172/420
f 4325/5179/413 4215/5038/375 4218/5041/391 4326/5180/423
f 4135/4950/366 4358/5233/428 4359/5234/429 4136/4951/277
f 4139/4954/277 4360/5235/430 4361/5236/431 4140/4955/277
f 4140/4955/277 4361/5236/431 4362/5237/432 4143/4958/277
f 4143/4958/277 4362/5237/432 4363/5238/433 4145/4960/277
f 4145/4960/277 4363/5238/433 4364/5239/434 4147/4962/277
f 4147/4962/277 4364/5239/434 4365/5240/435 4149/4964/277
f 4358/5241/428 4366/5242/436 4367/5243/437 4359/5244/429
f 4360/5245/430 4368/5246/438 4369/5247/439 4361/5248/431
f 4361/5248/431 4369/5247/439 4370/5249/440 4362/5250/432
f 4362/5250/432 4370/5249/440 4371/5251/441 4363/5252/433
f 4363/5252/433 4371/5251/441 4372/5253/442 4364/5254/434
f 4364/5254/434 4372/5253/442 4373/5255/443 4365/5256/435
f 4366/5242/436 4374/5257/436 4375/5258/437 4367/5243/437
f 4368/5246/438 4376/5259/438 4377/5260/439 4369/5247/439
f 4369/5247/439 4377/5260/439 4378/5261/440 4370/5249/440
f 4370/5249/440 4378/5261/440 4379/5262/441 4371/5251/441
f 4371/5251/441 4379/5262/441 4380/5263/442 4372/5253/442
f 4372/5253/442 4380/5263/442 4381/5264/443 4373/5255/443
f 4374/5257/436 4382/5265/436 4383/5266/437 4375/5258/437
f 4376/5259/438 4384/5267/438 4385/5268/439 4377/5260/439
f 4377/5260/439 4385/5268/439 4386/5269/440 4378/5261/440
f 4378/5261/440 4386/5269/440 4387/5270/441 4379/5262/441
f 4379/5262/441 4387/5270/441 4388/5271/442 4380/5263/442
f 4380/5263/442 4388/5271/442 4389/5272/443 4381/5264/443
f 4382/5265/436 4390/5273/436 4391/5274/437 4383/5266/437
f 4384/5267/438 4392/5275/438 4393/5276/439 4385/5268/439
f 4385/5268/439 4393/5276/439 4394/5277/440 4386/5269/440
f 4386/5269/440 4394/5277/440 4395/5278/441 4387/5270/441
f 4387/5270/441 4395/5278/441 4396/5279/442 4388/5271/442
f 4388/5271/442 4396/5279/442 4397/5280/443 4389/5272/443
f 4390/5273/436 4398/5281/436 4399/5282/437 4391/5274/437
f 4392/5275/438 4400/5283/444 4401/5284/439 4393/5276/439
f 4393/5276/439 4401/5284/439 4402/5285/440 4394/5277/440
f 4394/5277/440 4402/5285/440 4403/5286/441 4395/5278/441
f 4395/5278/441 4403/5286/441 4404/5287/442 4396/5279/442
f 4396/5279/442 4404/5287/442 4405/5288/443 4397/5280/443
f 4398/5281/436 4406/5289/436 4407/5290/445 4399/5282/437
f 4400/5283/444 4408/5291/446 4409/5292/447 4401/5284/439
f 4401/5284/439 4409/5292/447 4410/5293/440 4402/5285/440
f 4402/5285/440 4410/5293/440 4411/5294/441 4403/5286/441
f 4403/5286/441 4411/5294/441 4412/5295/442 4404/5287/442
f 4404/5287/442 4412/5295/442 4413/5296/443 4405/5288/443
f 4406/5289/436 4414/5297/436 4415/5298/445 4407/5290/445
f 4408/5291/446 4416/5299/448 4417/5300/447 4409/5292/447
f 4409/5292/447 4417/5300/447 4418/5301/440 4410/5293/440
f 4410/5293/440 4418/5301/440 4419/5302/441 4411/5294/441
f 4411/5294/441 4419/5302/441 4420/5303/442 4412/5295/442
f 4412/5295/442 4420/5303/442 4421/5304/443 4413/5296/443
f 4414/5297/436 4422/5305/436 4423/5306/445 4415/5298/445
f 4416/5299/448 4424/5307/448 4425/5308/447 4417/5300/447
f 4417/5300/447 4425/5308/447 4426/5309/440 4418/5301/440
f 4418/5301/440 4426/5309/440 4427/5310/441 4419/5302/441
f 4419/5302/441 4427/5310/441 4428/5311/442 4420/5303/442
f 4420/5303/442 4428/5311/442 4429/5312/443 4421/5304/443
f 4422/5305/436 4430/5313/449 4431/5314/445 4423/5306/445
f 4424/5307/448 4432/5315/450 4433/5316/447 4425/5308/447
f 4425/5308/447 4433/5316/447 4434/5317/440 4426/5309/440
f 4426/5309/440 4434/5317/440 4435/5318/451 4427/5310/441
f 4427/5310/441 4435/5318/451 4436/5319/442 4428/5311/442
f 4428/5311/442 4436/5319/442 4437/5320/443 4429/5312/443
f 4438/5321/452 4226/5049/396 4225/5048/396 4439/5322/452
f 4440/5323/452 4228/5051/396 4226/5049/396 4438/5321/452
f 4441/5324/452 4230/5053/396 4228/5051/396 4440/5323/452
f 4442/5325/452 4232/5055/396 4230/5053/396 4441/5324/452
f 4443/5326/452 4234/5057/396 4232/5055/396 4442/5325/452
f 4444/5327/452 4236/5059/396 4234/5057/396 4443/5326/452
f 4445/5328/452 4238/5061/396 4236/5059/396 4444/5327/452
f 4446/5329/453 4240/5063/398 4238/5061/396 4445/5328/452
f 4241/5064/399 4447/5330/454 4439/5322/452 4225/5048/396
f 4422/5331/436 4244/5069/402 4243/5068/401 4430/5332/449
f 4414/5333/436 4245/5071/402 4244/5069/402 4422/5331/436
f 4406/5334/436 4246/5073/402 4245/5071/402 4414/5333/436
f 4398/5335/436 4247/5075/402 4246/5073/402 4406/5334/436
f 4390/5336/436 4248/5077/402 4247/5075/402 4398/5335/436
f 4382/5337/436 4249/5079/402 4248/5077/402 4390/5336/436
f 4374/5338/436 4250/5081/402 4249/5079/402 4382/5337/436
f 4366/5339/436 4251/5083/402 4250/5081/402 4374/5338/436
f 4135/5084/366 4251/5083/402 4366/5339/436 4358/5340/428
f 4149/4964/277 4365/5240/435 4447/5341/454 4241/5086/399
f 4365/5256/435 4373/5255/443 4439/5342/452 4447/5343/454
f 4373/5255/443 4381/5264/443 4438/5344/452 4439/5342/452
f 4381/5264/443 4389/5272/443 4440/5345/452 4438/5344/452
f 4389/5272/443 4397/5280/443 4441/5346/452 4440/5345/452
f 4397/5280/443 4405/5288/443 4442/5347/452 4441/5346/452
f 4405/5288/443 4413/5296/443 4443/5348/452 4442/5347/452
f 4413/5296/443 4421/5304/443 4444/5349/452 4443/5348/452
f 4421/5304/443 4429/5312/443 4445/5350/452 4444/5349/452
f 4429/5312/443 4437/5320/443 4446/5351/453 4445/5350/452
f 4136/4951/277 4359/5234/429 4360/5235/430 4139/4954/277
f 4359/5244/429 4367/5243/437 4368/5246/438 4360/5245/430
f 4367/5243/437 4375/5258/437 4376/5259/438 4368/5246/438
f 4375/5258/437 4383/5266/437 4384/5267/438 4376/5259/438
f 4383/5266/437 4391/5274/437 4392/5275/438 4384/5267/438
f 4391/5274/437 4399/5282/437 4400/5283/444 4392/5275/438
f 4399/5282/437 4407/5290/445 4408/5291/446 4400/5283/444
f 4407/5290/445 4415/5298/445 4416/5299/448 4408/5291/446
f 4415/5298/445 4423/5306/445 4424/5307/448 4416/5299/448
f 4423/5306/445 4431/5314/445 4432/5315/450 4424/5307/448
f 4252/5098/403 4255/5101/332 4448/5352/455 4449/5353/456
f 4256/5102/332 4259/5105/332 4450/5354/457 4451/5355/458
f 4259/5105/332 4261/5107/332 4452/5356/459 4450/5354/457
f 4261/5107/332 4263/5109/332 4453/5357/460 4452/5356/459
f 4263/5109/332 4265/5111/332 4454/5358/461 4453/5357/460
f 4265/5111/332 4267/5113/332 4455/5359/462 4454/5358/461
f 4449/5360/456 4448/5361/455 4456/5362/463 4457/5363/464
f 4451/5364/458 4450/5365/457 4458/5366/465 4459/5367/466
f 4450/5365/457 4452/5368/459 4460/5369/467 4458/5366/465
f 4452/5368/459 4453/5370/460 4461/5371/252 4460/5369/467
f 4453/5370/460 4454/5372/461 4462/5373/468 4461/5371/252
f 4454/5372/461 4455/5374/462 4463/5375/469 4462/5373/468
f 4457/5363/464 4456/5362/463 4464/5376/463 4465/5377/464
f 4459/5367/466 4458/5366/465 4466/5378/465 4467/5379/466
f 4458/5366/465 4460/5369/467 4468/5380/467 4466/5378/465
f 4460/5369/467 4461/5371/252 4469/5381/252 4468/5380/467
f 4461/5371/252 4462/5373/468 4470/5382/468 4469/5381/252
f 4462/5373/468 4463/5375/469 4471/5383/469 4470/5382/468
f 4465/5377/464 4464/5376/463 4472/5384/463 4473/5385/464
f 4467/5379/466 4466/5378/465 4474/5386/465 4475/5387/470
f 4466/5378/465 4468/5380/467 4476/5388/471 4474/5386/465
f 4468/5380/467 4469/5381/252 4477/5389/252 4476/5388/471
f 4469/5381/252 4470/5382/468 4478/5390/468 4477/5389/252
f 4470/5382/468 4471/5383/469 4479/5391/469 4478/5390/468
f 4473/5385/464 4472/5384/463 4480/5392/472 4481/5393/464
f 4475/5387/470 4474/5386/465 4482/5394/465 4483/5395/473
f 4474/5386/465 4476/5388/471 4484/5396/471 4482/5394/465
f 4476/5388/471 4477/5389/252 4485/5397/441 4484/5396/471
f 4477/5389/252 4478/5390/468 4486/5398/468 4485/5397/441
f 4478/5390/468 4479/5391/469 4487/5399/469 4486/5398/468
f 4481/5393/464 4480/5392/472 4488/5400/472 4489/5401/464
f 4483/5395/473 4482/5394/465 4490/5402/465 4491/5403/474
f 4482/5394/465 4484/5396/471 4492/5404/467 4490/5402/465
f 4484/5396/471 4485/5397/441 4493/5405/441 4492/5404/467
f 4485/5397/441 4486/5398/468 4494/5406/468 4493/5405/441
f 4486/5398/468 4487/5399/469 4495/5407/469 4494/5406/468
f 4489/5401/464 4488/5400/472 4496/5408/472 4497/5409/464
f 4491/5403/474 4490/5402/465 4498/5410/465 4499/5411/474
f 4490/5402/465 4492/5404/467 4500/5412/467 4498/5410/465
f 4492/5404/467 4493/5405/441 4501/5413/441 4500/5412/467
f 4493/5405/441 4494/5406/468 4502/5414/468 4501/5413/441
f 4494/5406/468 4495/5407/469 4503/5415/469 4502/5414/468
f 4497/5409/464 4496/5408/472 4504/5416/472 4505/5417/464
f 4499/5411/474 4498/5410/465 4506/5418/465 4507/5419/474
f 4498/5410/465 4500/5412/467 4508/5420/467 4506/5418/465
f 4500/5412/467 4501/5413/441 4509/5421/441 4508/5420/467
f 4501/5413/441 4502/5414/468 4510/5422/468 4509/5421/441
f 4502/5414/468 4503/5415/469 4511/5423/469 4510/5422/468
f 4505/5417/464 4504/5416/472 4512/5424/472 4513/5425/475
f 4507/5419/474 4506/5418/465 4514/5426/465 4515/5427/476
f 4506/5418/465 4508/5420/467 4516/5428/467 4514/5426/465
f 4508/5420/467 4509/5421/441 4517/5429/451 4516/5428/467
f 4509/5421/441 4510/5422/468 4518/5430/468 4517/5429/451
f 4510/5422/468 4511/5423/469 4519/5431/469 4518/5430/468
f 4513/5425/475 4512/5424/472 4431/5314/445 4430/5313/449
f 4515/5427/476 4514/5426/465 4433/5316/447 4432/5315/450
f 4514/5426/465 4516/5428/467 4434/5317/440 4433/5316/447
f 4516/5428/467 4517/5429/451 4435/5318/451 4434/5317/440
f 4517/5429/451 4518/5430/468 4436/5319/442 4435/5318/451
f 4518/5430/468 4519/5431/469 4437/5320/443 4436/5319/442
f 4520/5432/477 4521/5433/477 4334/5188/396 4333/5187/396
f 4522/5434/477 4520/5432/477 4333/5187/396 4337/5191/396
f 4523/5435/477 4522/5434/477 4337/5191/396 4339/5193/396
f 4524/5436/477 4523/5435/477 4339/5193/396 4341/5195/396
f 4525/5437/477 4524/5436/477 4341/5195/396 4343/5197/396
f 4526/5438/477 4525/5437/477 4343/5197/396 4345/5199/396
f 4527/5439/478 4526/5438/477 4345/5199/396 4347/5201/398
f 4446/5329/453 4527/5439/478 4347/5201/398 4240/5063/398
f 4348/5202/426 4334/5188/396 4521/5433/477 4528/5440/479
f 4513/5441/475 4430/5332/449 4243/5068/401 4350/5205/401
f 4505/5442/464 4513/5441/475 4350/5205/401 4351/5207/402
f 4497/5443/464 4505/5442/464 4351/5207/402 4352/5209/402
f 4489/5444/464 4497/5443/464 4352/5209/402 4353/5211/402
f 4481/5445/464 4489/5444/464 4353/5211/402 4354/5213/402
f 4473/5446/464 4481/5445/464 4354/5213/402 4355/5215/402
f 4465/5447/464 4473/5446/464 4355/5215/402 4356/5217/402
f 4457/5448/464 4465/5447/464 4356/5217/402 4357/5219/402
f 4252/5220/403 4449/5449/456 4457/5448/464 4357/5219/402
f 4267/5113/332 4348/5223/426 4528/5450/479 4455/5359/462
f 4455/5374/462 4528/5451/479 4521/5452/477 4463/5375/469
f 4463/5375/469 4521/5452/477 4520/5453/477 4471/5383/469
f 4471/5383/469 4520/5453/477 4522/5454/477 4479/5391/469
f 4479/5391/469 4522/5454/477 4523/5455/477 4487/5399/469
f 4487/5399/469 4523/5455/477 4524/5456/477 4495/5407/469
f 4495/5407/469 4524/5456/477 4525/5457/477 4503/5415/469
f 4503/5415/469 4525/5457/477 4526/5458/477 4511/5423/469
f 4511/5423/469 4526/5458/477 4527/5459/478 4519/5431/469
f 4519/5431/469 4527/5459/478 4446/5351/453 4437/5320/443
f 4255/5101/332 4256/5102/332 4451/5355/458 4448/5352/455
f 4448/5361/455 4451/5364/458 4459/5367/466 4456/5362/463
f 4456/5362/463 4459/5367/466 4467/5379/466 4464/5376/463
f 4464/5376/463 4467/5379/466 4475/5387/470 4472/5384/463
f 4472/5384/463 4475/5387/470 4483/5395/473 4480/5392/472
f 4480/5392/472 4483/5395/473 4491/5403/474 4488/5400/472
f 4488/5400/472 4491/5403/474 4499/5411/474 4496/5408/472
f 4496/5408/472 4499/5411/474 4507/5419/474 4504/5416/472
f 4504/5416/472 4507/5419/474 4515/5427/476 4512/5424/472
f 4512/5424/472 4515/5427/476 4432/5315/450 4431/5314/445
usemtl wireX144225
g Plane002
f 4529/5460/480 4530/5461/481 4531/5462/481 4532/5463/480
f 4533/5464/482 4534/5465/483 4535/5466/484 4536/5467/485
f 4537/5468/486 4538/5469/487 4539/5470/488 4540/5471/489
f 4541/5472/490 4542/5473/491 4543/5474/492 4544/5475/493
f 4545/5476/494 4546/5477/495 4547/5478/496 4548/5479/497
f 4549/5480/498 4537/5468/486 4540/5471/489 4550/5481/499
f 4551/5482/500 4549/5480/498 4550/5481/499 4552/5483/501
f 4553/5484/502 4551/5482/500 4552/5483/501 4554/5485/502
f 4555/5486/503 4553/5484/502 4554/5485/502 4556/5487/503
f 4557/5488/504 4555/5486/503 4556/5487/503 4558/5489/504
f 4559/5490/505 4557/5488/504 4558/5489/504 4560/5491/505
f 4561/5492/506 4559/5490/505 4560/5491/505 4562/5493/506
f 4563/5494/507 4561/5492/506 4562/5493/506 4564/5495/507
f 4565/5496/508 4563/5494/507 4564/5495/507 4566/5497/509
f 4567/5498/510 4565/5496/508 4566/5497/509 4568/5499/511
f 4569/5500/512 4567/5498/510 4568/5499/511 4570/5501/513
f 4571/5502/514 4569/5500/512 4570/5501/513 4572/5503/514
f 4573/5504/515 4571/5502/514 4572/5503/514 4574/5505/515
f 4575/5506/516 4573/5504/515 4574/5505/515 4576/5507/517
f 4530/5461/481 4575/5506/516 4576/5507/517 4531/5462/481
f 4917/5508/518 4578/5509/519 5131/5510/520 5237/5511/521
f 4580/5512/522 4577/5513/523 4581/5514/524 4582/5515/525
f 4583/5516/526 4580/5512/522 4582/5515/525 4584/5517/526
f 4585/5518/527 4583/5516/526 4584/5517/526 4586/5519/527
f 4587/5520/528 4585/5518/527 4586/5519/527 4588/5521/528
f 4589/5522/529 4587/5520/528 4588/5521/528 4590/5523/529
f 4591/5524/530 4589/5522/529 4590/5523/529 4592/5525/531
f 4593/5526/532 4591/5524/530 4592/5525/531 4594/5527/532
f 4595/5528/533 4593/5526/532 4594/5527/532 4596/5529/534
f 4597/5530/535 4595/5528/533 4596/5529/534 4598/5531/536
f 4599/5532/537 4597/5530/535 4598/5531/536 4600/5533/537
f 4601/5534/538 4599/5532/537 4600/5533/537 4602/5535/538
f 4603/5536/539 4601/5534/538 4602/5535/538 4604/5537/539
f 4605/5538/540 4603/5536/539 4604/5537/539 4606/5539/541
f 4607/5540/480 4605/5538/540 4606/5539/541 4608/5541/480
f 4609/5542/542 4610/5543/543 4611/5544/544 4612/5545/545
f 4613/5546/546 4614/5547/547 4615/5548/548 4616/5549/549
f 4617/5550/550 4613/5546/546 4616/5549/549
f 4618/5551/551 4619/5552/552 4620/5553/552 4621/5554/551
f 4622/5555/553 4623/5556/554 4624/5557/555 4625/5558/553
f 4622/5555/553 4625/5558/553 4626/5559/553
f 4627/5560/556 4628/5561/557 4629/5562/558
f 4630/5563/559 4631/5564/560 4632/5565/561 4633/5566/562
f 4634/5567/563 4635/5568/564 4636/5569/565 4637/5570/566
f 4638/5571/567 4639/5572/568 4640/5573/569 4641/5574/570
f 4642/5575/571 4643/5576/572 4644/5577/573 4645/5578/574
f 4646/5579/575 4647/5580/576 4648/5581/576 4649/5582/575
f 4650/5583/575 4651/5584/576 4652/5585/576 4653/5586/575
f 4654/5587/573 4655/5588/577 4656/5589/577 4657/5590/578
f 4658/5591/579 4659/5592/580 4660/5593/581 4661/5594/582
f 4662/5595/583 4663/5596/584 4664/5597/584 4665/5598/583
f 4666/5599/585 4667/5600/586 4668/5601/587 4669/5602/585
f 4670/5603/588 4671/5604/579 4672/5605/579 4673/5606/588
f 4661/5594/582 4660/5593/581 4674/5607/589 4675/5608/590
f 4675/5608/590 4674/5607/589 4676/5609/591 4677/5610/592
f 4677/5610/592 4676/5609/591 4678/5611/593 4679/5612/594
f 4679/5612/594 4678/5611/593 4643/5576/572 4642/5575/571
f 4680/5613/595 4681/5614/596 4682/5615/597 4683/5616/597
f 4683/5616/597 4682/5615/597 4684/5617/598 4685/5618/599
f 4685/5618/599 4684/5617/598 4645/5578/574 4644/5577/573
f 4686/5619/600 4662/5595/583 4665/5598/583 4687/5620/600
f 4688/5621/601 4686/5619/600 4687/5620/600 4689/5622/601
f 4690/5623/602 4688/5621/601 4689/5622/601 4691/5624/602
f 4647/5580/576 4690/5623/602 4691/5624/602 4648/5581/576
f 4692/5625/603 4693/5626/604 4632/5565/561 4694/5627/603
f 4649/5582/575 4692/5625/603 4694/5627/603 4646/5579/575
f 4695/5628/605 4666/5599/585 4669/5602/585 4696/5629/606
f 4697/5630/607 4695/5628/605 4696/5629/606 4698/5631/608
f 4699/5632/609 4697/5630/607 4698/5631/608 4700/5633/609
f 4651/5584/576 4699/5632/609 4700/5633/609 4652/5585/576
f 4632/5565/561 4631/5564/560 4701/5634/610 4702/5635/611
f 4694/5627/603 4632/5565/561 4702/5635/611 4703/5636/603
f 4646/5579/575 4694/5627/603 4703/5636/603 4704/5637/575
f 4705/5638/590 4670/5603/588 4673/5606/588 4706/5639/590
f 4707/5640/612 4705/5638/590 4706/5639/590 4708/5641/612
f 4709/5642/593 4707/5640/612 4708/5641/612 4710/5643/613
f 4655/5588/577 4709/5642/593 4710/5643/613 4656/5589/577
f 4711/5644/614 4641/5574/570 4712/5645/615 4713/5646/614
f 4657/5590/578 4711/5644/614 4713/5646/614 4654/5587/573
f 4663/5596/584 4714/5647/616 4715/5648/617 4716/5649/618
f 4542/5473/491 4717/5650/619 4716/5649/618 4543/5474/492
f 4718/5651/620 4719/5652/621 4720/5653/621 4721/5654/622
f 4722/5655/490 4718/5651/620 4721/5654/622 4723/5656/490
f 4724/5657/623 4725/5658/624 4726/5659/625 4727/5660/626
f 4619/5552/552 4724/5657/623 4727/5660/626 4620/5553/552
f 4672/5605/579 4671/5604/579 4728/5661/627 4729/5662/627
f 4730/5663/628 4731/5664/629 4732/5665/630
f 4620/5553/552 4733/5666/552 4734/5667/551 4621/5554/551
f 4727/5660/626 4735/5668/623 4733/5666/552 4620/5553/552
f 4729/5662/627 4728/5661/627 4618/5551/551 4621/5554/551
f 4731/5664/629 4736/5669/631 4737/5670/580
f 4738/5671/553 4739/5672/553 4740/5673/553 4741/5674/553
f 4742/5675/553 4743/5676/553 4739/5672/553 4738/5671/553
f 4744/5677/553 4745/5678/553 4746/5679/553 4747/5680/553
f 4748/5681/553 4749/5682/553 4750/5683/553 4751/5684/553
f 4752/5685/553 4748/5681/553 4751/5684/553 4753/5686/553
f 4754/5687/553 4755/5688/553 4756/5689/553 4757/5690/553
f 4758/5691/553 4751/5684/553 4750/5683/553 4759/5692/553
f 4739/5672/553 4758/5691/553 4759/5692/553 4740/5673/553
f 4760/5693/553 4548/5479/497 4547/5478/496 4761/5694/553
f 4762/5695/553 4753/5686/553 4751/5684/553 4758/5691/553
f 4743/5676/553 4762/5695/553 4758/5691/553 4739/5672/553
f 4738/5671/553 4626/5559/553 4625/5558/553 4742/5675/553
f 4757/5690/553 4756/5689/553 4763/5696/553 4764/5697/553
f 4764/5697/553 4763/5696/553 4745/5678/553 4744/5677/553
f 4765/5698/632 4766/5699/633 4747/5680/553 4746/5679/553
f 4531/5462/481 4767/5700/634 4768/5701/480 4532/5463/480
f 4769/5702/635 4770/5703/636 4771/5704/637
f 4539/5470/488 4772/5705/638 4773/5706/639 4540/5471/489
f 4774/5707/640 4722/5655/490 4723/5656/490 4775/5708/640
f 4546/5477/495 4776/5709/641 4777/5710/642 4547/5478/496
f 4540/5471/489 4773/5706/639 4778/5711/498 4550/5481/499
f 4550/5481/499 4778/5711/498 4779/5712/501 4552/5483/501
f 4552/5483/501 4779/5712/501 4780/5713/643 4554/5485/502
f 4554/5485/502 4780/5713/643 4781/5714/503 4556/5487/503
f 4556/5487/503 4781/5714/503 4782/5715/504 4558/5489/504
f 4558/5489/504 4782/5715/504 4783/5716/505 4560/5491/505
f 4560/5491/505 4783/5716/505 4784/5717/506 4562/5493/506
f 4562/5493/506 4784/5717/506 4785/5718/507 4564/5495/507
f 4564/5495/507 4785/5718/507 4786/5719/508 4566/5497/509
f 4566/5497/509 4786/5719/508 4787/5720/644 4568/5499/511
f 4568/5499/511 4787/5720/644 4788/5721/512 4570/5501/513
f 4570/5501/513 4788/5721/512 4789/5722/514 4572/5503/514
f 4572/5503/514 4789/5722/514 4790/5723/645 4574/5505/515
f 4574/5505/515 4790/5723/645 4791/5724/517 4576/5507/517
f 4576/5507/517 4791/5724/517 4767/5700/634 4531/5462/481
f 4719/5652/621 4792/5725/646 4793/5726/524 4720/5653/621
f 4792/5725/646 4794/5727/647 4795/5728/647 4793/5726/524
f 4794/5727/647 4796/5729/648 4797/5730/649 4795/5728/647
f 4796/5729/648 4798/5731/650 4799/5732/651 4797/5730/649
f 4798/5731/650 4800/5733/652 4801/5734/652 4799/5732/651
f 4800/5733/652 4802/5735/653 4803/5736/653 4801/5734/652
f 4802/5735/653 4804/5737/531 4805/5738/531 4803/5736/653
f 4804/5737/531 4806/5739/654 4807/5740/654 4805/5738/531
f 4806/5739/654 4808/5741/534 4809/5742/534 4807/5740/654
f 4808/5741/534 4810/5743/655 4811/5744/655 4809/5742/534
f 4810/5743/655 4812/5745/537 4813/5746/656 4811/5744/655
f 4812/5745/537 4814/5747/657 4815/5748/657 4813/5746/656
f 4814/5747/657 4816/5749/539 4817/5750/539 4815/5748/657
f 4816/5749/539 4818/5751/541 4819/5752/541 4817/5750/539
f 4818/5751/541 4529/5460/480 4532/5463/480 4819/5752/541
f 4538/5469/487 4820/5753/658 4821/5754/659 4539/5470/488
f 4820/5753/658 4822/5755/660 4823/5756/661 4821/5754/659
f 4545/5476/494 4824/5757/662 4825/5758/663 4546/5477/495
f 4652/5585/576 4826/5759/576 4704/5637/575 4653/5586/575
f 4668/5601/587 4714/5647/616 4827/5760/583 4669/5602/585
f 4669/5602/585 4827/5760/583 4828/5761/664 4696/5629/606
f 4696/5629/606 4828/5761/664 4829/5762/665 4698/5631/608
f 4698/5631/608 4829/5762/665 4830/5763/602 4700/5633/609
f 4700/5633/609 4830/5763/602 4826/5759/576 4652/5585/576
f 4824/5757/662 4831/5764/611 4832/5765/611 4825/5758/663
f 4831/5764/611 4833/5766/603 4834/5767/603 4832/5765/611
f 4833/5766/603 4650/5583/575 4653/5586/575 4834/5767/603
f 4667/5600/586 4835/5768/666 4836/5769/667 4668/5601/587
f 4835/5768/666 4774/5707/640 4775/5708/640 4836/5769/667
f 4720/5653/621 4837/5770/668 4838/5771/622 4721/5654/622
f 4721/5654/622 4838/5771/622 4839/5772/490 4723/5656/490
f 4840/5773/553 4760/5693/553 4761/5694/553 4841/5774/553
f 4842/5775/553 4843/5776/553 4844/5777/553 4845/5778/553
f 4846/5779/553 4840/5773/553 4841/5774/553 4847/5780/553
f 4547/5478/496 4777/5710/642 4741/5674/553 4761/5694/553
f 4823/5756/661 4822/5755/660 4848/5781/669 4849/5782/670
f 4849/5782/670 4848/5781/669 4850/5783/671 4851/5784/672
f 4851/5784/672 4850/5783/671 4852/5785/673 4853/5786/674
f 4853/5786/674 4852/5785/673 4534/5465/483 4533/5464/482
f 4854/5787/675 4609/5542/542 4612/5545/545 4855/5788/676
f 4856/5789/677 4854/5787/675 4855/5788/676 4857/5790/678
f 4535/5466/484 4856/5789/677 4857/5790/678 4536/5467/485
f 4858/5791/679 4617/5550/550 4859/5792/680 4860/5793/681
f 4861/5794/682 4858/5791/679 4860/5793/681
f 4862/5795/683 4861/5794/682 4863/5796/684
f 4769/5702/635 4862/5795/683 4864/5797/685 4770/5703/636
f 4855/5788/676 4612/5545/545 4865/5798/686
f 4865/5798/686 4866/5799/687 4867/5800/688
f 4536/5467/485 4857/5790/678 4867/5800/688 4868/5801/689
f 4612/5545/545 4611/5544/544 4865/5798/686
f 4869/5802/491 4775/5708/640 4723/5656/490 4839/5772/490
f 4837/5770/668 4720/5653/621 4793/5726/524 4870/5803/524
f 4870/5803/524 4793/5726/524 4795/5728/647 4871/5804/690
f 4871/5804/690 4795/5728/647 4797/5730/649 4872/5805/691
f 4872/5805/691 4797/5730/649 4799/5732/651 4873/5806/692
f 4873/5806/692 4799/5732/651 4801/5734/652 4874/5807/528
f 4874/5807/528 4801/5734/652 4803/5736/653 4875/5808/653
f 4875/5808/653 4803/5736/653 4805/5738/531 4876/5809/531
f 4876/5809/531 4805/5738/531 4807/5740/654 4877/5810/654
f 4877/5810/654 4807/5740/654 4809/5742/534 4878/5811/534
f 4878/5811/534 4809/5742/534 4811/5744/655 4879/5812/536
f 4879/5812/536 4811/5744/655 4813/5746/656 4880/5813/656
f 4880/5813/656 4813/5746/656 4815/5748/657 4881/5814/538
f 4881/5814/538 4815/5748/657 4817/5750/539 4882/5815/539
f 4882/5815/539 4817/5750/539 4819/5752/541 4883/5816/541
f 4883/5816/541 4819/5752/541 4532/5463/480 4768/5701/480
f 4776/5709/641 4546/5477/495 4825/5758/663 4701/5634/610
f 4701/5634/610 4825/5758/663 4832/5765/611 4702/5635/611
f 4702/5635/611 4832/5765/611 4834/5767/603 4703/5636/603
f 4703/5636/603 4834/5767/603 4653/5586/575 4704/5637/575
f 4714/5647/616 4668/5601/587 4836/5769/667 4715/5648/617
f 4715/5648/617 4836/5769/667 4775/5708/640 4869/5802/491
f 4740/5673/553 4841/5774/553 4761/5694/553 4741/5674/553
f 4749/5682/553 4884/5817/553 4885/5818/553 4750/5683/553
f 4885/5818/553 4845/5778/553 4759/5692/553 4750/5683/553
f 4759/5692/553 4847/5780/553 4841/5774/553 4740/5673/553
f 4767/5700/634 4886/5819/634 4887/5820/480 4768/5701/480
f 4776/5709/641 4888/5821/693 4889/5822/694 4777/5710/642
f 4773/5706/639 4890/5823/695 4891/5824/498 4778/5711/498
f 4778/5711/498 4891/5824/498 4892/5825/500 4779/5712/501
f 4779/5712/501 4892/5825/500 4893/5826/643 4780/5713/643
f 4780/5713/643 4893/5826/643 4894/5827/503 4781/5714/503
f 4781/5714/503 4894/5827/503 4895/5828/504 4782/5715/504
f 4782/5715/504 4895/5828/504 4896/5829/505 4783/5716/505
f 4783/5716/505 4896/5829/505 4897/5830/506 4784/5717/506
f 4784/5717/506 4897/5830/506 4898/5831/507 4785/5718/507
f 4785/5718/507 4898/5831/507 4899/5832/508 4786/5719/508
f 4786/5719/508 4899/5832/508 4900/5833/696 4787/5720/644
f 4787/5720/644 4900/5833/696 4901/5834/512 4788/5721/512
f 4788/5721/512 4901/5834/512 4902/5835/514 4789/5722/514
f 4789/5722/514 4902/5835/514 4903/5836/645 4790/5723/645
f 4790/5723/645 4903/5836/645 4904/5837/516 4791/5724/517
f 4791/5724/517 4904/5837/516 4886/5819/634 4767/5700/634
f 4826/5759/576 4647/5580/576 4646/5579/575 4704/5637/575
f 4714/5647/616 4663/5596/584 4662/5595/583 4827/5760/583
f 4827/5760/583 4662/5595/583 4686/5619/600 4828/5761/664
f 4828/5761/664 4686/5619/600 4688/5621/601 4829/5762/665
f 4829/5762/665 4688/5621/601 4690/5623/602 4830/5763/602
f 4830/5763/602 4690/5623/602 4647/5580/576 4826/5759/576
f 4837/5770/668 4905/5838/668 4906/5839/622 4838/5771/622
f 4838/5771/622 4906/5839/622 4907/5840/490 4839/5772/490
f 4777/5710/642 4626/5559/553 4738/5671/553 4741/5674/553
f 4772/5705/638 4539/5470/488 4821/5754/659 4908/5841/697
f 4908/5841/697 4821/5754/659 4823/5756/661 4909/5842/698
f 4910/5843/699 4533/5464/482 4536/5467/485 4868/5801/689
f 4909/5842/698 4823/5756/661 4849/5782/670 4911/5844/700
f 4911/5844/700 4849/5782/670 4851/5784/672 4912/5845/701
f 4912/5845/701 4851/5784/672 4853/5786/674 4913/5846/702
f 4913/5846/702 4853/5786/674 4533/5464/482 4910/5843/699
f 4867/5800/688 4866/5799/687 4771/5704/637 4868/5801/689
f 4772/5705/638 4914/5847/703 4890/5823/695 4773/5706/639
f 4867/5800/688 4857/5790/678 4855/5788/676 4865/5798/686
f 4543/5474/492 4915/5848/491 4907/5840/490 4916/5849/490
f 4716/5649/618 4715/5648/617 4869/5802/491 4915/5848/491
f 4579/5850/704 4578/5509/519 4917/5508/518 4918/5851/705
f 4918/5851/705 4917/5508/518 4541/5472/490 4544/5475/493
f 4716/5649/618 4717/5650/619 4664/5597/584 4663/5596/584
f 4579/5850/704 4919/5852/668 4920/5853/524 4581/5514/524
f 4921/5854/524 4870/5803/524 4871/5804/690 4922/5855/690
f 4922/5855/690 4871/5804/690 4872/5805/691 4923/5856/706
f 4923/5856/706 4872/5805/691 4873/5806/692 4924/5857/707
f 4924/5857/707 4873/5806/692 4874/5807/528 4925/5858/528
f 4925/5858/528 4874/5807/528 4875/5808/653 4926/5859/653
f 4926/5859/653 4875/5808/653 4876/5809/531 4927/5860/708
f 4927/5860/708 4876/5809/531 4877/5810/654 4928/5861/654
f 4928/5861/654 4877/5810/654 4878/5811/534 4929/5862/534
f 4929/5862/534 4878/5811/534 4879/5812/536 4930/5863/536
f 4930/5863/536 4879/5812/536 4880/5813/656 4931/5864/537
f 4931/5864/537 4880/5813/656 4881/5814/538 4932/5865/538
f 4932/5865/538 4881/5814/538 4882/5815/539 4933/5866/539
f 4933/5866/539 4882/5815/539 4883/5816/541 4934/5867/541
f 4934/5867/541 4883/5816/541 4768/5701/480 4887/5820/480
f 4886/5819/634 4935/5868/634 4936/5869/480 4887/5820/480
f 4890/5823/695 4937/5870/695 4938/5871/498 4891/5824/498
f 4891/5824/498 4938/5871/498 4939/5872/500 4892/5825/500
f 4892/5825/500 4939/5872/500 4940/5873/643 4893/5826/643
f 4893/5826/643 4940/5873/643 4941/5874/503 4894/5827/503
f 4894/5827/503 4941/5874/503 4942/5875/504 4895/5828/504
f 4895/5828/504 4942/5875/504 4943/5876/505 4896/5829/505
f 4896/5829/505 4943/5876/505 4944/5877/506 4897/5830/506
f 4897/5830/506 4944/5877/506 4945/5878/507 4898/5831/507
f 4898/5831/507 4945/5878/507 4946/5879/508 4899/5832/508
f 4899/5832/508 4946/5879/508 4947/5880/696 4900/5833/696
f 4900/5833/696 4947/5880/696 4948/5881/512 4901/5834/512
f 4901/5834/512 4948/5881/512 4949/5882/514 4902/5835/514
f 4902/5835/514 4949/5882/514 4950/5883/645 4903/5836/645
f 4903/5836/645 4950/5883/645 4951/5884/516 4904/5837/516
f 4904/5837/516 4951/5884/516 4935/5868/634 4886/5819/634
f 4905/5838/668 4952/5885/668 4953/5886/622 4906/5839/622
f 4906/5839/622 4953/5886/622 4916/5849/490 4907/5840/490
f 4915/5848/491 4869/5802/491 4839/5772/490 4907/5840/490
f 4905/5838/668 4837/5770/668 4870/5803/524 4921/5854/524
f 4954/5887/524 4921/5854/524 4922/5855/690 4955/5888/525
f 4955/5888/525 4922/5855/690 4923/5856/706 4956/5889/706
f 4956/5889/706 4923/5856/706 4924/5857/707 4957/5890/527
f 4957/5890/527 4924/5857/707 4925/5858/528 4958/5891/528
f 4958/5891/528 4925/5858/528 4926/5859/653 4959/5892/529
f 4959/5892/529 4926/5859/653 4927/5860/708 4960/5893/708
f 4960/5893/708 4927/5860/708 4928/5861/654 4961/5894/709
f 4961/5894/709 4928/5861/654 4929/5862/534 4962/5895/534
f 4962/5895/534 4929/5862/534 4930/5863/536 4963/5896/536
f 4963/5896/536 4930/5863/536 4931/5864/537 4964/5897/537
f 4964/5897/537 4931/5864/537 4932/5865/538 4965/5898/538
f 4965/5898/538 4932/5865/538 4933/5866/539 4966/5899/539
f 4966/5899/539 4933/5866/539 4934/5867/541 4967/5900/541
f 4967/5900/541 4934/5867/541 4887/5820/480 4936/5869/480
f 4952/5885/668 4905/5838/668 4921/5854/524 4954/5887/524
f 4935/5868/634 4968/5901/634 4969/5902/480 4936/5869/480
f 4937/5870/695 4970/5903/695 4971/5904/498 4938/5871/498
f 4938/5871/498 4971/5904/498 4972/5905/500 4939/5872/500
f 4939/5872/500 4972/5905/500 4973/5906/643 4940/5873/643
f 4940/5873/643 4973/5906/643 4974/5907/503 4941/5874/503
f 4941/5874/503 4974/5907/503 4975/5908/504 4942/5875/504
f 4942/5875/504 4975/5908/504 4976/5909/505 4943/5876/505
f 4943/5876/505 4976/5909/505 4977/5910/506 4944/5877/506
f 4944/5877/506 4977/5910/506 4978/5911/507 4945/5878/507
f 4945/5878/507 4978/5911/507 4979/5912/508 4946/5879/508
f 4946/5879/508 4979/5912/508 4980/5913/696 4947/5880/696
f 4947/5880/696 4980/5913/696 4981/5914/512 4948/5881/512
f 4948/5881/512 4981/5914/512 4982/5915/514 4949/5882/514
f 4949/5882/514 4982/5915/514 4983/5916/645 4950/5883/645
f 4950/5883/645 4983/5916/645 4984/5917/516 4951/5884/516
f 4951/5884/516 4984/5917/516 4968/5901/634 4935/5868/634
f 4952/5885/668 4985/5918/668 4986/5919/622 4953/5886/622
f 4953/5886/622 4986/5919/622 4544/5475/493 4916/5849/490
f 4987/5920/524 4954/5887/524 4955/5888/525 4988/5921/525
f 4988/5921/525 4955/5888/525 4956/5889/706 4989/5922/526
f 4989/5922/526 4956/5889/706 4957/5890/527 4990/5923/527
f 4990/5923/527 4957/5890/527 4958/5891/528 4991/5924/528
f 4991/5924/528 4958/5891/528 4959/5892/529 4992/5925/529
f 4992/5925/529 4959/5892/529 4960/5893/708 4993/5926/531
f 4993/5926/531 4960/5893/708 4961/5894/709 4994/5927/709
f 4994/5927/709 4961/5894/709 4962/5895/534 4995/5928/534
f 4995/5928/534 4962/5895/534 4963/5896/536 4996/5929/536
f 4996/5929/536 4963/5896/536 4964/5897/537 4997/5930/537
f 4997/5930/537 4964/5897/537 4965/5898/538 4998/5931/538
f 4998/5931/538 4965/5898/538 4966/5899/539 4999/5932/539
f 4999/5932/539 4966/5899/539 4967/5900/541 5000/5933/541
f 5000/5933/541 4967/5900/541 4936/5869/480 4969/5902/480
f 4985/5918/668 4952/5885/668 4954/5887/524 4987/5920/524
f 4968/5901/634 5001/5934/634 5002/5935/480 4969/5902/480
f 4970/5903/695 5003/5936/695 5004/5937/498 4971/5904/498
f 4971/5904/498 5004/5937/498 5005/5938/500 4972/5905/500
f 4972/5905/500 5005/5938/500 5006/5939/710 4973/5906/643
f 4973/5906/643 5006/5939/710 5007/5940/711 4974/5907/503
f 4974/5907/503 5007/5940/711 5008/5941/504 4975/5908/504
f 4975/5908/504 5008/5941/504 5009/5942/505 4976/5909/505
f 4976/5909/505 5009/5942/505 5010/5943/506 4977/5910/506
f 4977/5910/506 5010/5943/506 5011/5944/507 4978/5911/507
f 4978/5911/507 5011/5944/507 5012/5945/508 4979/5912/508
f 4979/5912/508 5012/5945/508 5013/5946/696 4980/5913/696
f 4980/5913/696 5013/5946/696 5014/5947/512 4981/5914/512
f 4981/5914/512 5014/5947/512 5015/5948/514 4982/5915/514
f 4982/5915/514 5015/5948/514 5016/5949/645 4983/5916/645
f 4983/5916/645 5016/5949/645 5017/5950/516 4984/5917/516
f 4984/5917/516 5017/5950/516 5001/5934/634 4968/5901/634
f 4985/5918/668 4919/5852/668 4918/5851/705 4986/5919/622
f 4920/5853/524 4987/5920/524 4988/5921/525 5018/5951/525
f 5018/5951/525 4988/5921/525 4989/5922/526 5019/5952/526
f 5019/5952/526 4989/5922/526 4990/5923/527 5020/5953/527
f 5020/5953/527 4990/5923/527 4991/5924/528 5021/5954/528
f 5021/5954/528 4991/5924/528 4992/5925/529 5022/5955/529
f 5022/5955/529 4992/5925/529 4993/5926/531 5023/5956/531
f 5023/5956/531 4993/5926/531 4994/5927/709 5024/5957/709
f 5024/5957/709 4994/5927/709 4995/5928/534 5025/5958/534
f 5025/5958/534 4995/5928/534 4996/5929/536 5026/5959/536
f 5026/5959/536 4996/5929/536 4997/5930/537 5027/5960/537
f 5027/5960/537 4997/5930/537 4998/5931/538 5028/5961/538
f 5028/5961/538 4998/5931/538 4999/5932/539 5029/5962/539
f 5029/5962/539 4999/5932/539 5000/5933/541 5030/5963/541
f 5030/5963/541 5000/5933/541 4969/5902/480 5002/5935/480
f 4919/5852/668 4985/5918/668 4987/5920/524 4920/5853/524
f 5001/5934/634 5031/5964/634 4608/5541/480 5002/5935/480
f 5003/5936/695 5032/5965/695 5033/5966/498 5004/5937/498
f 5004/5937/498 5033/5966/498 5034/5967/712 5005/5938/500
f 5005/5938/500 5034/5967/712 5035/5968/713 5006/5939/710
f 5006/5939/710 5035/5968/713 5036/5969/714 5007/5940/711
f 5007/5940/711 5036/5969/714 5037/5970/715 5008/5941/504
f 5008/5941/504 5037/5970/715 5038/5971/505 5009/5942/505
f 5009/5942/505 5038/5971/505 5039/5972/506 5010/5943/506
f 5010/5943/506 5039/5972/506 5040/5973/507 5011/5944/507
f 5011/5944/507 5040/5973/507 5041/5974/508 5012/5945/508
f 5012/5945/508 5041/5974/508 5042/5975/696 5013/5946/696
f 5013/5946/696 5042/5975/696 5043/5976/512 5014/5947/512
f 5014/5947/512 5043/5976/512 5044/5977/514 5015/5948/514
f 5015/5948/514 5044/5977/514 5045/5978/716 5016/5949/645
f 5016/5949/645 5045/5978/716 5046/5979/516 5017/5950/516
f 5017/5950/516 5046/5979/516 5031/5964/634 5001/5934/634
f 4581/5514/524 4920/5853/524 5018/5951/525 4582/5515/525
f 4582/5515/525 5018/5951/525 5019/5952/526 4584/5517/526
f 4584/5517/526 5019/5952/526 5020/5953/527 4586/5519/527
f 4586/5519/527 5020/5953/527 5021/5954/528 4588/5521/528
f 4588/5521/528 5021/5954/528 5022/5955/529 4590/5523/529
f 4590/5523/529 5022/5955/529 5023/5956/531 4592/5525/531
f 4592/5525/531 5023/5956/531 5024/5957/709 4594/5527/532
f 4594/5527/532 5024/5957/709 5025/5958/534 4596/5529/534
f 4596/5529/534 5025/5958/534 5026/5959/536 4598/5531/536
f 4598/5531/536 5026/5959/536 5027/5960/537 4600/5533/537
f 4600/5533/537 5027/5960/537 5028/5961/538 4602/5535/538
f 4602/5535/538 5028/5961/538 5029/5962/539 4604/5537/539
f 4604/5537/539 5029/5962/539 5030/5963/541 4606/5539/541
f 4606/5539/541 5030/5963/541 5002/5935/480 4608/5541/480
f 5031/5964/634 5047/5980/717 4607/5540/480 4608/5541/480
f 5032/5965/695 5048/5981/718 5049/5982/498 5033/5966/498
f 5033/5966/498 5049/5982/498 5050/5983/712 5034/5967/712
f 5034/5967/712 5050/5983/712 5051/5984/719 5035/5968/713
f 5035/5968/713 5051/5984/719 5052/5985/720 5036/5969/714
f 5036/5969/714 5052/5985/720 5053/5986/715 5037/5970/715
f 5037/5970/715 5053/5986/715 5054/5987/721 5038/5971/505
f 5038/5971/505 5054/5987/721 5055/5988/506 5039/5972/506
f 5039/5972/506 5055/5988/506 5056/5989/722 5040/5973/507
f 5040/5973/507 5056/5989/722 5057/5990/508 5041/5974/508
f 5041/5974/508 5057/5990/508 5058/5991/723 5042/5975/696
f 5042/5975/696 5058/5991/723 5059/5992/512 5043/5976/512
f 5043/5976/512 5059/5992/512 5060/5993/724 5044/5977/514
f 5044/5977/514 5060/5993/724 5061/5994/725 5045/5978/716
f 5045/5978/716 5061/5994/725 5062/5995/726 5046/5979/516
f 5046/5979/516 5062/5995/726 5047/5980/717 5031/5964/634
f 4681/5614/596 4680/5613/595 5063/5996/727 5064/5997/728
f 5064/5997/728 5063/5996/727 4766/5699/633 4765/5698/632
f 5065/5998/572 5066/5999/729 5067/6000/730 5068/6001/730
f 4643/5576/572 5065/5998/572 5068/6001/730 4644/5577/573
f 5069/6002/731 4657/5590/578 4656/5589/577 5070/6003/732
f 4645/5578/574 5069/6002/731 5070/6003/732 4642/5575/571
f 4737/5670/580 4736/5669/631 5071/6004/733 5072/6005/733
f 4659/5592/580 4737/5670/580 5072/6005/733 4660/5593/581
f 5073/6006/588 4673/5606/588 4672/5605/579 5074/6007/579
f 4661/5594/582 5073/6006/588 5074/6007/579 4658/5591/579
f 5072/6005/733 5071/6004/733 5075/6008/734 5076/6009/735
f 4660/5593/581 5072/6005/733 5076/6009/735 4674/5607/589
f 5077/6010/590 4706/5639/590 4673/5606/588 5073/6006/588
f 4675/5608/590 5077/6010/590 5073/6006/588 4661/5594/582
f 5076/6009/735 5075/6008/734 5078/6011/736 5079/6012/737
f 4674/5607/589 5076/6009/735 5079/6012/737 4676/5609/591
f 5080/6013/612 4708/5641/612 4706/5639/590 5077/6010/590
f 4677/5610/592 5080/6013/612 5077/6010/590 4675/5608/590
f 5079/6012/737 5078/6011/736 5081/6014/738 5082/6015/738
f 4676/5609/591 5079/6012/737 5082/6015/738 4678/5611/593
f 5083/6016/739 4710/5643/613 4708/5641/612 5080/6013/612
f 4679/5612/594 5083/6016/739 5080/6013/612 4677/5610/592
f 5082/6015/738 5081/6014/738 5066/5999/729 5065/5998/572
f 4678/5611/593 5082/6015/738 5065/5998/572 4643/5576/572
f 5070/6003/732 4656/5589/577 4710/5643/613 5083/6016/739
f 4642/5575/571 5070/6003/732 5083/6016/739 4679/5612/594
f 4634/5567/563 4638/5571/567 4641/5574/570 5084/6017/740
f 4681/5614/596 4634/5567/563 5084/6017/740 4682/5615/597
f 5085/6018/597 5086/6019/597 5087/6020/741 5088/6021/742
f 4683/5616/597 5085/6018/597 5088/6021/742 4680/5613/595
f 5084/6017/740 4641/5574/570 4711/5644/614 5089/6022/743
f 4682/5615/597 5084/6017/740 5089/6022/743 4684/5617/598
f 5090/6023/599 5091/6024/744 5086/6019/597 5085/6018/597
f 4685/5618/599 5090/6023/599 5085/6018/597 4683/5616/597
f 5089/6022/743 4711/5644/614 4657/5590/578 5069/6002/731
f 4684/5617/598 5089/6022/743 5069/6002/731 4645/5578/574
f 5068/6001/730 5067/6000/730 5091/6024/744 5090/6023/599
f 4644/5577/573 5068/6001/730 5090/6023/599 4685/5618/599
f 5092/6025/553 4743/5676/553 4742/5675/553 5093/6026/553
f 4745/5678/553 5092/6025/553 5093/6026/553 4746/5679/553
f 5094/6027/553 5095/6028/553 5096/6029/553 5097/6030/553
f 4747/5680/553 5094/6027/553 5097/6030/553 4744/5677/553
f 5098/6031/553 4752/5685/553 4753/5686/553 5099/6032/553
f 4755/5688/553 5098/6031/553 5099/6032/553 4756/5689/553
f 5100/6033/553 5101/6034/553 5102/6035/553 5103/6036/553
f 5103/6036/553 5102/6035/553 4754/5687/553 4757/5690/553
f 5099/6032/553 4753/5686/553 4762/5695/553 5104/6037/553
f 4756/5689/553 5099/6032/553 5104/6037/553 4763/5696/553
f 5105/6038/553 5106/6039/553 5100/6033/553 5103/6036/553
f 4764/5697/553 5105/6038/553 5103/6036/553 4757/5690/553
f 5104/6037/553 4762/5695/553 4743/5676/553 5092/6025/553
f 4763/5696/553 5104/6037/553 5092/6025/553 4745/5678/553
f 5097/6030/553 5096/6029/553 5106/6039/553 5105/6038/553
f 4744/5677/553 5097/6030/553 5105/6038/553 4764/5697/553
f 5107/6040/745 5108/6041/746 5095/6028/553 5094/6027/553
f 4766/5699/633 5107/6040/745 5094/6027/553 4747/5680/553
f 5093/6026/553 4742/5675/553 4625/5558/553 5109/6042/747
f 4746/5679/553 5093/6026/553 5109/6042/747 4765/5698/632
f 5088/6021/742 5087/6020/741 5110/6043/748 5111/6044/749
f 4680/5613/595 5088/6021/742 5111/6044/749 5063/5996/727
f 5064/5997/728 4635/5568/564 4634/5567/563 4681/5614/596
f 5111/6044/749 5110/6043/748 5108/6041/746 5107/6040/745
f 5063/5996/727 5111/6044/749 5107/6040/745 4766/5699/633
f 4765/5698/632 5109/6042/747 4635/5568/564 5064/5997/728
f 4623/5556/554 5112/6045/750 4636/5569/565 4624/5557/555
f 4638/5571/567 4634/5567/563 4637/5570/566
f 4626/5559/553 4777/5710/642 4889/5822/694
f 4628/5561/557 5113/6046/751 4888/5821/693 4629/5562/558
f 4636/5569/565 5112/6045/750 5114/6047/752 4637/5570/566
f 4636/5569/565 4635/5568/564 5109/6042/747 4624/5557/555
f 4624/5557/555 5109/6042/747 4625/5558/553
f 5115/6048/753 4639/5572/568 4638/5571/567 4637/5570/566
f 4888/5821/693 5113/6046/751 5116/6049/754 4889/5822/694
f 4888/5821/693 4776/5709/641 4701/5634/610 4629/5562/558
f 4889/5822/694 5116/6049/754 4622/5555/553 4626/5559/553
f 4629/5562/558 4701/5634/610 4631/5564/560
f 4884/5817/553 4842/5775/553 4845/5778/553 4885/5818/553
f 4843/5776/553 4846/5779/553 4847/5780/553 4844/5777/553
f 4844/5777/553 4847/5780/553 4759/5692/553 4845/5778/553
f 4914/5847/703 4772/5705/638 4908/5841/697 5117/6050/755
f 5117/6050/755 4908/5841/697 4909/5842/698 5118/6051/756
f 4770/5703/636 4910/5843/699 4868/5801/689 4771/5704/637
f 5118/6051/756 4909/5842/698 4911/5844/700 5119/6052/757
f 5119/6052/757 4911/5844/700 4912/5845/701 5120/6053/758
f 5120/6053/758 4912/5845/701 4913/5846/702 4864/5797/685
f 4864/5797/685 4913/5846/702 4910/5843/699 4770/5703/636
f 4914/5847/703 5121/6054/759 4937/5870/695 4890/5823/695
f 5121/6054/759 4914/5847/703 5117/6050/755 5122/6055/760
f 5122/6055/760 5117/6050/755 5118/6051/756 5123/6056/761
f 5123/6056/761 5118/6051/756 5119/6052/757 5124/6057/762
f 5124/6057/762 5119/6052/757 5120/6053/758 4863/5796/684
f 4863/5796/684 5120/6053/758 4864/5797/685 4862/5795/683
f 5121/6054/759 5125/6058/763 4970/5903/695 4937/5870/695
f 5125/6058/763 5121/6054/759 5122/6055/760 5126/6059/764
f 5126/6059/764 5122/6055/760 5123/6056/761 4859/5792/680
f 4859/5792/680 5123/6056/761 5124/6057/762 4860/5793/681
f 5125/6058/763 4615/5548/548 5003/5936/695 4970/5903/695
f 4860/5793/681 5124/6057/762 4863/5796/684 4861/5794/682
f 4615/5548/548 5125/6058/763 5126/6059/764 4616/5549/549
f 4616/5549/549 5126/6059/764 4859/5792/680 4617/5550/550
f 4614/5547/547 5048/5981/718 5032/5965/695
f 5032/5965/695 5003/5936/695 4615/5548/548 4614/5547/547
f 4637/5570/566 5114/6047/752 5115/6048/753
f 4629/5562/558 4631/5564/560 4630/5563/559 4627/5560/556
f 4632/5565/561 4693/5626/604 4633/5566/562
f 4640/5573/569 4712/5645/615 4641/5574/570
f 4915/5848/491 4543/5474/492 4716/5649/618
f 4916/5849/490 4544/5475/493 4543/5474/492
f 4986/5919/622 4918/5851/705 4544/5475/493
f 4919/5852/668 4579/5850/704 4918/5851/705
f 4581/5514/524 4577/5513/523 4579/5850/704
f 4727/5660/626 4726/5659/625 4735/5668/623
f 5127/6060/627 4729/5662/627 4621/5554/551 4734/5667/551
f 4733/5666/552 5128/6061/765 5129/6062/551 4734/5667/551
f 4735/5668/623 5128/6061/765 4733/5666/552
f 5130/6063/630 5127/6060/627 4734/5667/551 5129/6062/551
f 5128/6061/765 4730/5663/628 5129/6062/551
f 4732/5665/630 5130/6063/630 5129/6062/551 4730/5663/628
f 5074/6007/579 4672/5605/579 4729/5662/627 5127/6060/627
f 4658/5591/579 5074/6007/579 5127/6060/627 5130/6063/630
f 4659/5592/580 4658/5591/579 5130/6063/630 4732/5665/630
f 4737/5670/580 4659/5592/580 4732/5665/630 4731/5664/629
f 4530/5461/481 4529/5460/480 5132/6064/766 5133/6065/767
f 4535/5466/484 4534/5465/483 5134/6066/768 5135/6067/769
f 4538/5469/487 4537/5468/486 5136/6068/770 5137/6069/771
f 4542/5473/491 4541/5472/490 5138/6070/772 5139/6071/773
f 4545/5476/494 4548/5479/497 5140/6072/774 5141/6073/775
f 4537/5468/486 4549/5480/498 5142/6074/776 5136/6068/770
f 4549/5480/498 4551/5482/500 5143/6075/777 5142/6074/776
f 4551/5482/500 4553/5484/502 5144/6076/778 5143/6075/777
f 4553/5484/502 4555/5486/503 5145/6077/779 5144/6076/778
f 4555/5486/503 4557/5488/504 5146/6078/780 5145/6077/779
f 4557/5488/504 4559/5490/505 5147/6079/781 5146/6078/780
f 4559/5490/505 4561/5492/506 5148/6080/782 5147/6079/781
f 4561/5492/506 4563/5494/507 5149/6081/783 5148/6080/782
f 4563/5494/507 4565/5496/508 5150/6082/784 5149/6081/783
f 4565/5496/508 4567/5498/510 5151/6083/785 5150/6082/784
f 4567/5498/510 4569/5500/512 5152/6084/786 5151/6083/785
f 4569/5500/512 4571/5502/514 5153/6085/787 5152/6084/786
f 4571/5502/514 4573/5504/515 5154/6086/788 5153/6085/787
f 4573/5504/515 4575/5506/516 5155/6087/789 5154/6086/788
f 4575/5506/516 4530/5461/481 5133/6065/767 5155/6087/789
f 4610/5543/543 4609/5542/542 5156/6088/790 5157/6089/791
f 4619/5552/552 4618/5551/551 5158/6090/792 5159/6091/793
f 4623/5556/554 4622/5555/553 5160/6092/794 5161/6093/795
f 4628/5561/557 4627/5560/556 5162/6094/796 5163/6095/797
f 4630/5563/559 4633/5566/562 5164/6096/798 5165/6097/799
f 4640/5573/569 4639/5572/568 5166/6098/800 5167/6099/801
f 4649/5582/575 4648/5581/576 5168/6100/802 5169/6101/803
f 4651/5584/576 4650/5583/575 5170/6102/804 5171/6103/805
f 4655/5588/577 4654/5587/573 5172/6104/806 5173/6105/807
f 4665/5598/583 4664/5597/584 5174/6106/808 5175/6107/809
f 4667/5600/586 4666/5599/585 5176/6108/810 5177/6109/811
f 4671/5604/579 4670/5603/588 5178/6110/812 5179/6111/813
f 4687/5620/600 4665/5598/583 5175/6107/809 5180/6112/814
f 4689/5622/601 4687/5620/600 5180/6112/814 5181/6113/815
f 4691/5624/602 4689/5622/601 5181/6113/815 5182/6114/816
f 4648/5581/576 4691/5624/602 5182/6114/816 5168/6100/802
f 4693/5626/604 4692/5625/603 5183/6115/817 5184/6116/818
f 4692/5625/603 4649/5582/575 5169/6101/803 5183/6115/817
f 4666/5599/585 4695/5628/605 5185/6117/819 5176/6108/810
f 4695/5628/605 4697/5630/607 5186/6118/820 5185/6117/819
f 4697/5630/607 4699/5632/609 5187/6119/821 5186/6118/820
f 4699/5632/609 4651/5584/576 5171/6103/805 5187/6119/821
f 4670/5603/588 4705/5638/590 5188/6120/822 5178/6110/812
f 4705/5638/590 4707/5640/612 5189/6121/823 5188/6120/822
f 4707/5640/612 4709/5642/593 5190/6122/824 5189/6121/823
f 4709/5642/593 4655/5588/577 5173/6105/807 5190/6122/824
f 4713/5646/614 4712/5645/615 5191/6123/825 5192/6124/826
f 4654/5587/573 4713/5646/614 5192/6124/826 5172/6104/806
f 4717/5650/619 4542/5473/491 5139/6071/773 5193/6125/827
f 4719/5652/621 4718/5651/620 5194/6126/828 5195/6127/829
f 4718/5651/620 4722/5655/490 5196/6128/830 5194/6126/828
f 4725/5658/624 4724/5657/623 5197/6129/831 5198/6130/832
f 4724/5657/623 4619/5552/552 5159/6091/793 5197/6129/831
f 4728/5661/627 4671/5604/579 5179/6111/813 5199/6131/833
f 4618/5551/551 4728/5661/627 5199/6131/833 5158/6090/792
f 4749/5682/553 4748/5681/553 5200/6132/834 5201/6133/834
f 4748/5681/553 4752/5685/553 5202/6134/834 5200/6132/834
f 4755/5688/553 4754/5687/553 5203/6135/834 5204/6136/834
f 4548/5479/497 4760/5693/553 5205/6137/835 5140/6072/774
f 4722/5655/490 4774/5707/640 5206/6138/836 5196/6128/830
f 4792/5725/646 4719/5652/621 5195/6127/829 5207/6139/837
f 4794/5727/647 4792/5725/646 5207/6139/837 5208/6140/838
f 4796/5729/648 4794/5727/647 5208/6140/838 5209/6141/839
f 4798/5731/650 4796/5729/648 5209/6141/839 5210/6142/840
f 4800/5733/652 4798/5731/650 5210/6142/840 5211/6143/841
f 4802/5735/653 4800/5733/652 5211/6143/841 5212/6144/842
f 4804/5737/531 4802/5735/653 5212/6144/842 5213/6145/843
f 4806/5739/654 4804/5737/531 5213/6145/843 5214/6146/844
f 4808/5741/534 4806/5739/654 5214/6146/844 5215/6147/845
f 4810/5743/655 4808/5741/534 5215/6147/845 5216/6148/846
f 4812/5745/537 4810/5743/655 5216/6148/846 5217/6149/847
f 4814/5747/657 4812/5745/537 5217/6149/847 5218/6150/848
f 4816/5749/539 4814/5747/657 5218/6150/848 5219/6151/849
f 4818/5751/541 4816/5749/539 5219/6151/849 5220/6152/850
f 4529/5460/480 4818/5751/541 5220/6152/850 5132/6064/766
f 4820/5753/658 4538/5469/487 5137/6069/771 5221/6153/851
f 4822/5755/660 4820/5753/658 5221/6153/851 5222/6154/852
f 4824/5757/662 4545/5476/494 5141/6073/775 5223/6155/853
f 4831/5764/611 4824/5757/662 5223/6155/853 5224/6156/854
f 4833/5766/603 4831/5764/611 5224/6156/854 5225/6157/855
f 4650/5583/575 4833/5766/603 5225/6157/855 5170/6102/804
f 4835/5768/666 4667/5600/586 5177/6109/811 5226/6158/856
f 4774/5707/640 4835/5768/666 5226/6158/856 5206/6138/836
f 4760/5693/553 4840/5773/553 5227/6159/835 5205/6137/835
f 4843/5776/553 4842/5775/553 5228/6160/857 5229/6161/858
f 4840/5773/553 4846/5779/553 5230/6162/835 5227/6159/835
f 4848/5781/669 4822/5755/660 5222/6154/852 5231/6163/859
f 4850/5783/671 4848/5781/669 5231/6163/859 5232/6164/860
f 4852/5785/673 4850/5783/671 5232/6164/860 5233/6165/861
f 4534/5465/483 4852/5785/673 5233/6165/861 5134/6066/768
f 4609/5542/542 4854/5787/675 5234/6166/862 5156/6088/790
f 4854/5787/675 4856/5789/677 5235/6167/863 5234/6166/862
f 4856/5789/677 4535/5466/484 5135/6067/769 5235/6167/863
f 4884/5817/553 4749/5682/553 5201/6133/834 5236/6168/864
f 4577/5513/523 4578/5509/519 4579/5850/704
f 4541/5472/490 4917/5508/518 5237/5511/521 5138/6070/772
f 4664/5597/584 4717/5650/619 5193/6125/827 5174/6106/808
f 4752/5685/553 5098/6031/553 5238/6169/834 5202/6134/834
f 5098/6031/553 4755/5688/553 5204/6136/834 5238/6169/834
f 5102/6035/553 5101/6034/553 5239/6170/834 5240/6171/834
f 4754/5687/553 5102/6035/553 5240/6171/834 5203/6135/834
f 5112/6045/750 4623/5556/554 5161/6093/795 5241/6172/865
f 5113/6046/751 4628/5561/557 5163/6095/797 5242/6173/866
f 5114/6047/752 5112/6045/750 5241/6172/865 5243/6174/867
f 4639/5572/568 5115/6048/753 5244/6175/868 5166/6098/800
f 5116/6049/754 5113/6046/751 5242/6173/866 5245/6176/869
f 4622/5555/553 5116/6049/754 5245/6176/869 5160/6092/794
f 4842/5775/553 4884/5817/553 5236/6168/864 5228/6160/857
f 4846/5779/553 4843/5776/553 5229/6161/858 5230/6162/835
f 5115/6048/753 5114/6047/752 5243/6174/867 5244/6175/868
f 4627/5560/556 4630/5563/559 5165/6097/799 5162/6094/796
f 4633/5566/562 4693/5626/604 5184/6116/818 5164/6096/798
f 4712/5645/615 4640/5573/569 5167/6099/801 5191/6123/825
f 5246/6177/870 5247/6178/871 5157/6179/791 5156/6180/790
f 5248/6181/872 5246/6177/870 5156/6180/790 5234/6182/862
f 5249/6183/873 5248/6181/872 5234/6182/862 5235/6184/863
f 5250/6185/874 5249/6183/873 5235/6184/863 5135/6186/769
f 5251/6187/875 5250/6185/874 5135/6186/769 5134/6188/768
f 5252/6189/876 5251/6187/875 5134/6188/768 5233/6190/861
f 5253/6191/877 5252/6189/876 5233/6190/861 5232/6192/860
f 5254/6193/878 5253/6191/877 5232/6192/860 5231/6194/859
f 5255/6195/879 5254/6193/878 5231/6194/859 5222/6196/852
f 5256/6197/880 5255/6195/879 5222/6196/852 5221/6198/851
f 5257/6199/881 5256/6197/880 5221/6198/851 5137/6200/771
f 5258/6201/882 5257/6199/881 5137/6200/771 5136/6202/770
f 5259/6203/277 5258/6204/882 5136/6205/770 5142/6206/776
f 5260/6207/277 5259/6203/277 5142/6206/776 5143/6208/777
f 5261/6209/277 5260/6207/277 5143/6208/777 5144/6210/778
f 5262/6211/277 5261/6209/277 5144/6210/778 5145/6212/779
f 5263/6213/277 5262/6211/277 5145/6212/779 5146/6214/780
f 5264/6215/277 5263/6213/277 5146/6214/780 5147/6216/781
f 5265/6217/277 5264/6215/277 5147/6216/781 5148/6218/782
f 5266/6219/277 5265/6217/277 5148/6218/782 5149/6220/783
f 5267/6221/277 5266/6219/277 5149/6220/783 5150/6222/784
f 5268/6223/277 5267/6221/277 5150/6222/784 5151/6224/785
f 5269/6225/277 5268/6223/277 5151/6224/785 5152/6226/786
f 5270/6227/277 5269/6225/277 5152/6226/786 5153/6228/787
f 5271/6229/277 5270/6227/277 5153/6228/787 5154/6230/788
f 5272/6231/277 5271/6229/277 5154/6230/788 5155/6232/789
f 5273/6233/277 5272/6231/277 5155/6232/789 5133/6234/767
f 5274/6235/277 5273/6233/277 5133/6234/767 5132/6236/766
f 5275/6237/277 5274/6235/277 5132/6236/766 5220/6238/850
f 5276/6239/277 5275/6237/277 5220/6238/850 5219/6240/849
f 5277/6241/277 5276/6239/277 5219/6240/849 5218/6242/848
f 5278/6243/277 5277/6241/277 5218/6242/848 5217/6244/847
f 5279/6245/277 5278/6243/277 5217/6244/847 5216/6246/846
f 5280/6247/277 5279/6245/277 5216/6246/846 5215/6248/845
f 5281/6249/277 5280/6247/277 5215/6248/845 5214/6250/844
f 5282/6251/277 5281/6249/277 5214/6250/844 5213/6252/843
f 5283/6253/277 5282/6251/277 5213/6252/843 5212/6254/842
f 5284/6255/277 5283/6253/277 5212/6254/842 5211/6256/841
f 5285/6257/277 5284/6255/277 5211/6256/841 5210/6258/840
f 5286/6259/277 5285/6257/277 5210/6258/840 5209/6260/839
f 5287/6261/277 5286/6259/277 5209/6260/839 5208/6262/838
f 5288/6263/277 5287/6261/277 5208/6262/838 5207/6264/837
f 5289/6265/277 5288/6263/277 5207/6264/837 5195/6266/829
f 5290/6267/277 5289/6265/277 5195/6266/829 5194/6268/828
f 5291/6269/277 5290/6267/277 5194/6268/828 5196/6270/830
f 5292/6271/277 5291/6269/277 5196/6270/830 5206/6272/836
f 5293/6273/277 5292/6271/277 5206/6272/836 5226/6274/856
f 5294/6275/277 5293/6273/277 5226/6274/856 5177/6276/811
f 5295/6277/277 5294/6275/277 5177/6276/811 5176/6278/810
f 5296/6279/277 5295/6277/277 5176/6278/810 5185/6280/819
f 5297/6281/277 5296/6279/277 5185/6280/819 5186/6282/820
f 5298/6283/277 5297/6281/277 5186/6282/820 5187/6284/821
f 5299/6285/277 5298/6283/277 5187/6284/821 5171/6286/805
f 5300/6287/277 5299/6285/277 5171/6286/805 5170/6288/804
f 5301/6289/277 5300/6287/277 5170/6288/804 5225/6290/855
f 5302/6291/277 5301/6289/277 5225/6290/855 5224/6292/854
f 5303/6293/277 5302/6291/277 5224/6292/854 5223/6294/853
f 5304/6295/277 5303/6293/277 5223/6294/853 5141/6296/775
f 5305/6297/277 5304/6295/277 5141/6296/775 5140/6298/774
f 5306/6299/277 5305/6297/277 5140/6298/774 5205/6300/835
f 5307/6301/277 5306/6299/277 5205/6300/835 5227/6302/835
f 5308/6303/277 5307/6301/277 5227/6302/835 5230/6304/835
f 5309/6305/883 5308/6303/277 5230/6304/835 5229/6306/858
f 5310/6307/884 5309/6305/883 5229/6306/858 5228/6308/857
f 5311/6309/885 5310/6310/884 5228/6311/857 5236/6312/864
f 5312/6313/886 5311/6309/885 5236/6312/864 5201/6314/834
f 5313/6315/886 5312/6313/886 5201/6314/834 5200/6316/834
f 5314/6317/886 5313/6315/886 5200/6316/834 5202/6318/834
f 5315/6319/886 5314/6317/886 5202/6318/834 5238/6320/834
f 5316/6321/886 5315/6319/886 5238/6320/834 5204/6322/834
f 5317/6323/886 5316/6321/886 5204/6322/834 5203/6324/834
f 5318/6325/886 5317/6323/886 5203/6324/834 5240/6326/834
f 5319/6327/886 5318/6325/886 5240/6326/834 5239/6328/834
f 5320/6329/887 5321/6330/888 5198/6331/832 5197/6332/831
f 5322/6333/889 5320/6329/887 5197/6332/831 5159/6334/793
f 5323/6335/890 5322/6333/889 5159/6334/793 5158/6336/792
f 5324/6337/891 5323/6335/890 5158/6336/792 5199/6338/833
f 5325/6339/892 5324/6337/891 5199/6338/833 5179/6340/813
f 5326/6341/277 5325/6339/892 5179/6340/813 5178/6342/812
f 5327/6343/277 5326/6341/277 5178/6342/812 5188/6344/822
f 5328/6345/277 5327/6343/277 5188/6344/822 5189/6346/823
f 5329/6347/277 5328/6345/277 5189/6346/823 5190/6348/824
f 5330/6349/893 5329/6347/277 5190/6348/824 5173/6350/807
f 5331/6351/894 5330/6349/893 5173/6350/807 5172/6352/806
f 5332/6353/277 5331/6351/894 5172/6352/806 5192/6354/826
f 5333/6355/895 5332/6353/277 5192/6354/826 5191/6356/825
f 5334/6357/896 5333/6355/895 5191/6356/825 5167/6358/801
f 5335/6359/897 5334/6357/896 5167/6358/801 5166/6360/800
f 5336/6361/898 5335/6359/897 5166/6360/800 5244/6362/868
f 5337/6363/899 5336/6361/898 5244/6362/868 5243/6364/867
f 5338/6365/900 5337/6363/899 5243/6364/867 5241/6366/865
f 5339/6367/901 5338/6365/900 5241/6366/865 5161/6368/795
f 5340/6369/902 5339/6367/901 5161/6368/795 5160/6370/794
f 5341/6371/903 5340/6369/902 5160/6370/794 5245/6372/869
f 5342/6373/904 5341/6371/903 5245/6372/869 5242/6374/866
f 5343/6375/905 5342/6373/904 5242/6374/866 5163/6376/797
f 5344/6377/906 5343/6375/905 5163/6376/797 5162/6378/796
f 5345/6379/907 5344/6377/906 5162/6378/796 5165/6380/799
f 5346/6381/908 5345/6382/907 5165/6383/799 5164/6384/798
f 5347/6385/909 5346/6381/908 5164/6384/798 5184/6386/818
f 5348/6387/332 5347/6385/909 5184/6386/818 5183/6388/817
f 5349/6389/332 5348/6387/332 5183/6388/817 5169/6390/803
f 5350/6391/332 5349/6389/332 5169/6390/803 5168/6392/802
f 5351/6393/332 5350/6391/332 5168/6392/802 5182/6394/816
f 5352/6395/332 5351/6393/332 5182/6394/816 5181/6396/815
f 5353/6397/332 5352/6395/332 5181/6396/815 5180/6398/814
f 5354/6399/332 5353/6397/332 5180/6398/814 5175/6400/809
f 5355/6401/910 5354/6399/332 5175/6400/809 5174/6402/808
f 5356/6403/911 5355/6401/910 5174/6402/808 5193/6404/827
f 5357/6405/912 5356/6403/911 5193/6404/827 5139/6406/773
f 5358/6407/913 5357/6405/912 5139/6406/773 5138/6408/772
f 5359/6409/914 5358/6407/913 5138/6408/772 5237/6410/521
f 5360/6411/915 5359/6409/914 5237/6410/521 5131/6412/520
f 5361/6413/916 5362/6414/916 5363/6415/917 5364/6416/917
f 5365/6417/918 5366/6418/919 5367/6419/920 5368/6420/921
f 5369/6421/922 5370/6422/923 5371/6423/924 5372/6424/925
f 5373/6425/926 5374/6426/927 5375/6427/928 5376/6428/929
f 5377/6429/930 5378/6430/931 5379/6431/932 5380/6432/933
f 5381/6433/934 5382/6434/935 5370/6422/923 5369/6421/922
f 5383/6435/936 5384/6436/936 5382/6434/935 5381/6433/934
f 5385/6437/937 5386/6438/937 5384/6436/936 5383/6435/936
f 5387/6439/938 5388/6440/938 5386/6438/937 5385/6437/937
f 5389/6441/939 5390/6442/939 5388/6440/938 5387/6439/938
f 5391/6443/940 5392/6444/940 5390/6442/939 5389/6441/939
f 5393/6445/941 5394/6446/941 5392/6444/940 5391/6443/940
f 5395/6447/942 5396/6448/942 5394/6446/941 5393/6445/941
f 5397/6449/943 5398/6450/943 5396/6448/942 5395/6447/942
f 5399/6451/944 5400/6452/944 5398/6450/943 5397/6449/943
f 5401/6453/945 5402/6454/945 5400/6452/944 5399/6451/944
f 5403/6455/946 5404/6456/946 5402/6454/945 5401/6453/945
f 5405/6457/947 5406/6458/947 5404/6456/946 5403/6455/946
f 5407/6459/948 5408/6460/948 5406/6458/947 5405/6457/947
f 5364/6416/917 5363/6415/917 5408/6460/948 5407/6459/948
f 5750/6461/949 6069/6462/950 5963/6463/951 5411/6464/952
f 5412/6465/953 5413/6466/953 5414/6467/954 5409/6468/955
f 5415/6469/956 5416/6470/956 5413/6466/953 5412/6465/953
f 5417/6471/957 5418/6472/957 5416/6470/956 5415/6469/956
f 5419/6473/958 5420/6474/958 5418/6472/957 5417/6471/957
f 5421/6475/959 5422/6476/959 5420/6474/958 5419/6473/958
f 5423/6477/960 5424/6478/960 5422/6476/959 5421/6475/959
f 5425/6479/961 5426/6480/961 5424/6478/960 5423/6477/960
f 5427/6481/962 5428/6482/963 5426/6480/961 5425/6479/961
f 5429/6483/964 5430/6484/964 5428/6482/963 5427/6481/962
f 5431/6485/965 5432/6486/965 5430/6484/964 5429/6483/964
f 5433/6487/966 5434/6488/966 5432/6486/965 5431/6485/965
f 5435/6489/967 5436/6490/967 5434/6488/966 5433/6487/966
f 5437/6491/968 5438/6492/969 5436/6490/967 5435/6489/967
f 5439/6493/970 5440/6494/970 5438/6492/969 5437/6491/968
f 5441/6495/971 5442/6496/972 5443/6497/973 5444/6498/974
f 5445/6499/975 5446/6500/976 5447/6501/977 5448/6502/978
f 5449/6503/979 5446/6500/976 5445/6499/975
f 5450/6504/980 5451/6505/980 5452/6506/981 5453/6507/981
f 5454/6508/982 5455/6509/982 5456/6510/983 5457/6511/984
f 5454/6508/982 5458/6512/982 5455/6509/982
f 5459/6513/985 5460/6514/986 5461/6515/987
f 5462/6516/988 5463/6517/989 5464/6518/990 5465/6519/991
f 5466/6520/992 5467/6521/993 5468/6522/994 5469/6523/995
f 5470/6524/996 5471/6525/997 5472/6526/998 5473/6527/999
f 5474/6528/1000 5475/6529/1001 5476/6530/1002 5477/6531/1003
f 5478/6532/1004 5479/6533/1004 5480/6534/1005 5481/6535/1005
f 5482/6536/1004 5483/6537/1006 5484/6538/1007 5485/6539/1007
f 5486/6540/1002 5487/6541/1002 5488/6542/1008 5489/6543/1009
f 5490/6544/1010 5491/6545/1011 5492/6546/1012 5493/6547/1013
f 5494/6548/1014 5495/6549/1015 5496/6550/1016 5497/6551/1016
f 5498/6552/1017 5499/6553/1018 5500/6554/1019 5501/6555/1016
f 5502/6556/1020 5503/6557/1020 5504/6558/1021 5505/6559/1022
f 5491/6545/1011 5506/6560/1023 5507/6561/1024 5492/6546/1012
f 5506/6560/1023 5508/6562/1025 5509/6563/1026 5507/6561/1024
f 5508/6562/1025 5510/6564/1027 5511/6565/1027 5509/6563/1026
f 5510/6564/1027 5474/6528/1000 5477/6531/1003 5511/6565/1027
f 5512/6566/1028 5513/6567/1029 5514/6568/1030 5515/6569/1031
f 5513/6567/1029 5516/6570/1032 5517/6571/1033 5514/6568/1030
f 5516/6570/1032 5476/6530/1002 5475/6529/1001 5517/6571/1033
f 5518/6572/1034 5519/6573/1034 5495/6549/1015 5494/6548/1014
f 5520/6574/1035 5521/6575/1036 5519/6573/1034 5518/6572/1034
f 5522/6576/1037 5523/6577/1038 5521/6575/1036 5520/6574/1035
f 5481/6535/1005 5480/6534/1005 5523/6577/1038 5522/6576/1037
f 5524/6578/1039 5525/6579/1039 5464/6518/990 5526/6580/1040
f 5479/6533/1004 5478/6532/1004 5525/6579/1039 5524/6578/1039
f 5527/6581/1034 5528/6582/1041 5499/6553/1018 5498/6552/1017
f 5529/6583/1042 5530/6584/1043 5528/6582/1041 5527/6581/1034
f 5531/6585/1044 5532/6586/1045 5530/6584/1043 5529/6583/1042
f 5485/6539/1007 5484/6538/1007 5532/6586/1045 5531/6585/1044
f 5464/6518/990 5533/6587/1046 5534/6588/1047 5465/6519/991
f 5525/6579/1039 5535/6589/1048 5533/6587/1046 5464/6518/990
f 5478/6532/1004 5536/6590/1006 5535/6589/1048 5525/6579/1039
f 5537/6591/1049 5538/6592/1049 5503/6557/1020 5502/6556/1020
f 5539/6593/1050 5540/6594/1051 5538/6592/1049 5537/6591/1049
f 5541/6595/1052 5542/6596/1052 5540/6594/1051 5539/6593/1050
f 5489/6543/1009 5488/6542/1008 5542/6596/1052 5541/6595/1052
f 5543/6597/1053 5544/6598/1054 5545/6599/1055 5471/6525/997
f 5487/6541/1002 5486/6540/1002 5544/6598/1054 5543/6597/1053
f 5497/6551/1016 5546/6600/1056 5547/6601/1057 5548/6602/1058
f 5376/6428/929 5375/6427/928 5546/6600/1056 5549/6603/1059
f 5550/6604/1060 5551/6605/1060 5552/6606/1061 5553/6607/1061
f 5554/6608/1062 5555/6609/1062 5551/6605/1060 5550/6604/1060
f 5556/6610/1063 5557/6611/1064 5558/6612/1065 5559/6613/1066
f 5453/6507/981 5452/6506/981 5557/6611/1064 5556/6610/1063
f 5504/6558/1021 5560/6614/1067 5561/6615/1067 5505/6559/1022
f 5562/6616/1068 5563/6617/1069 5564/6618/1070
f 5452/6506/981 5451/6505/980 5565/6619/980 5566/6620/981
f 5557/6611/1064 5452/6506/981 5566/6620/981 5567/6621/1071
f 5560/6614/1067 5451/6505/980 5450/6504/980 5561/6615/1067
f 5564/6618/1070 5568/6622/1013 5569/6623/1013
f 5570/6624/982 5571/6625/982 5572/6626/982 5573/6627/982
f 5574/6628/982 5570/6624/982 5573/6627/982 5575/6629/982
f 5576/6630/982 5577/6631/982 5578/6632/982 5579/6633/982
f 5580/6634/982 5581/6635/982 5582/6636/982 5583/6637/982
f 5584/6638/982 5585/6639/982 5581/6635/982 5580/6634/982
f 5586/6640/982 5587/6641/982 5588/6642/982 5589/6643/982
f 5590/6644/982 5591/6645/982 5582/6636/982 5581/6635/982
f 5573/6627/982 5572/6626/982 5591/6645/982 5590/6644/982
f 5592/6646/982 5593/6647/982 5379/6431/932 5378/6430/931
f 5594/6648/982 5590/6644/982 5581/6635/982 5585/6639/982
f 5575/6629/982 5573/6627/982 5590/6644/982 5594/6648/982
f 5570/6624/982 5574/6628/982 5455/6509/982 5458/6512/982
f 5587/6641/982 5595/6649/982 5596/6650/982 5588/6642/982
f 5595/6649/982 5576/6630/982 5579/6633/982 5596/6650/982
f 5597/6651/1072 5578/6632/982 5577/6631/982 5598/6652/1073
f 5363/6415/917 5362/6414/916 5599/6653/916 5600/6654/1074
f 5601/6655/1075 5602/6656/1076 5603/6657/1077
f 5371/6423/924 5370/6422/923 5604/6658/1078 5605/6659/1079
f 5606/6660/1080 5607/6661/1080 5555/6609/1062 5554/6608/1062
f 5380/6432/933 5379/6431/932 5608/6662/1081 5609/6663/1082
f 5370/6422/923 5382/6434/935 5610/6664/934 5604/6658/1078
f 5382/6434/935 5384/6436/936 5611/6665/936 5610/6664/934
f 5384/6436/936 5386/6438/937 5612/6666/937 5611/6665/936
f 5386/6438/937 5388/6440/938 5613/6667/938 5612/6666/937
f 5388/6440/938 5390/6442/939 5614/6668/939 5613/6667/938
f 5390/6442/939 5392/6444/940 5615/6669/940 5614/6668/939
f 5392/6444/940 5394/6446/941 5616/6670/941 5615/6669/940
f 5394/6446/941 5396/6448/942 5617/6671/942 5616/6670/941
f 5396/6448/942 5398/6450/943 5618/6672/943 5617/6671/942
f 5398/6450/943 5400/6452/944 5619/6673/944 5618/6672/943
f 5400/6452/944 5402/6454/945 5620/6674/945 5619/6673/944
f 5402/6454/945 5404/6456/946 5621/6675/946 5620/6674/945
f 5404/6456/946 5406/6458/947 5622/6676/947 5621/6675/946
f 5406/6458/947 5408/6460/948 5623/6677/948 5622/6676/947
f 5408/6460/948 5363/6415/917 5600/6654/1074 5623/6677/948
f 5553/6607/1061 5552/6606/1061 5624/6678/1083 5625/6679/1083
f 5625/6679/1083 5624/6678/1083 5626/6680/1084 5627/6681/1084
f 5627/6681/1084 5626/6680/1084 5628/6682/1085 5629/6683/1086
f 5629/6683/1086 5628/6682/1085 5630/6684/1087 5631/6685/1088
f 5631/6685/1088 5630/6684/1087 5632/6686/1089 5633/6687/1089
f 5633/6687/1089 5632/6686/1089 5634/6688/1090 5635/6689/1090
f 5635/6689/1090 5634/6688/1090 5636/6690/1091 5637/6691/1091
f 5637/6691/1091 5636/6690/1091 5638/6692/1092 5639/6693/1092
f 5639/6693/1092 5638/6692/1092 5640/6694/1093 5641/6695/1093
f 5641/6695/1093 5640/6694/1093 5642/6696/1094 5643/6697/1094
f 5643/6697/1094 5642/6696/1094 5644/6698/965 5645/6699/1095
f 5645/6699/1095 5644/6698/965 5646/6700/1096 5647/6701/1096
f 5647/6701/1096 5646/6700/1096 5648/6702/967 5649/6703/1097
f 5649/6703/1097 5648/6702/967 5650/6704/1098 5651/6705/1098
f 5651/6705/1098 5650/6704/1098 5362/6414/916 5361/6413/916
f 5372/6424/925 5371/6423/924 5652/6706/1099 5653/6707/1100
f 5653/6707/1100 5652/6706/1099 5654/6708/1101 5655/6709/1102
f 5377/6429/930 5380/6432/933 5656/6710/1103 5657/6711/1104
f 5484/6538/1007 5483/6537/1006 5536/6590/1006 5658/6712/1105
f 5500/6554/1019 5499/6553/1018 5659/6713/1106 5548/6602/1058
f 5499/6553/1018 5528/6582/1041 5660/6714/1107 5659/6713/1106
f 5528/6582/1041 5530/6584/1043 5661/6715/1108 5660/6714/1107
f 5530/6584/1043 5532/6586/1045 5662/6716/1109 5661/6715/1108
f 5532/6586/1045 5484/6538/1007 5658/6712/1105 5662/6716/1109
f 5657/6711/1104 5656/6710/1103 5663/6717/1110 5664/6718/1111
f 5664/6718/1111 5663/6717/1110 5665/6719/1112 5666/6720/1113
f 5666/6720/1113 5665/6719/1112 5483/6537/1006 5482/6536/1004
f 5501/6555/1016 5500/6554/1019 5667/6721/1114 5668/6722/1115
f 5668/6722/1115 5667/6721/1114 5607/6661/1080 5606/6660/1080
f 5552/6606/1061 5551/6605/1060 5669/6723/1060 5670/6724/1061
f 5551/6605/1060 5555/6609/1062 5671/6725/1062 5669/6723/1060
f 5672/6726/982 5673/6727/982 5593/6647/982 5592/6646/982
f 5674/6728/982 5675/6729/982 5676/6730/982 5677/6731/982
f 5678/6732/982 5679/6733/982 5673/6727/982 5672/6726/982
f 5379/6431/932 5593/6647/982 5571/6625/982 5608/6662/1081
f 5654/6708/1101 5680/6734/1116 5681/6735/1117 5655/6709/1102
f 5680/6734/1116 5682/6736/1118 5683/6737/1119 5681/6735/1117
f 5682/6736/1118 5684/6738/1120 5685/6739/1121 5683/6737/1119
f 5684/6738/1120 5365/6417/918 5368/6420/921 5685/6739/1121
f 5686/6740/1122 5687/6741/1123 5442/6496/972 5441/6495/971
f 5688/6742/1124 5689/6743/1125 5687/6741/1123 5686/6740/1122
f 5367/6419/920 5366/6418/919 5689/6743/1125 5688/6742/1124
f 5690/6744/1126 5691/6745/1127 5692/6746/1128 5449/6503/979
f 5693/6747/1129 5691/6745/1127 5690/6744/1126
f 5694/6748/1130 5695/6749/1131 5693/6747/1129
f 5601/6655/1075 5603/6657/1077 5696/6750/1132 5694/6748/1130
f 5687/6741/1123 5697/6751/1133 5442/6496/972
f 5697/6751/1133 5698/6752/1134 5699/6753/1135
f 5366/6418/919 5700/6754/1136 5698/6752/1134 5689/6743/1125
f 5442/6496/972 5697/6751/1133 5443/6497/973
f 5701/6755/1137 5671/6725/1062 5555/6609/1062 5607/6661/1080
f 5670/6724/1061 5702/6756/1083 5624/6678/1083 5552/6606/1061
f 5702/6756/1083 5703/6757/1138 5626/6680/1084 5624/6678/1083
f 5703/6757/1138 5704/6758/1139 5628/6682/1085 5626/6680/1084
f 5704/6758/1139 5705/6759/1140 5630/6684/1087 5628/6682/1085
f 5705/6759/1140 5706/6760/958 5632/6686/1089 5630/6684/1087
f 5706/6760/958 5707/6761/1090 5634/6688/1090 5632/6686/1089
f 5707/6761/1090 5708/6762/1091 5636/6690/1091 5634/6688/1090
f 5708/6762/1091 5709/6763/1092 5638/6692/1092 5636/6690/1091
f 5709/6763/1092 5710/6764/1093 5640/6694/1093 5638/6692/1092
f 5710/6764/1093 5711/6765/1094 5642/6696/1094 5640/6694/1093
f 5711/6765/1094 5712/6766/965 5644/6698/965 5642/6696/1094
f 5712/6766/965 5713/6767/1141 5646/6700/1096 5644/6698/965
f 5713/6767/1141 5714/6768/967 5648/6702/967 5646/6700/1096
f 5714/6768/967 5715/6769/1098 5650/6704/1098 5648/6702/967
f 5715/6769/1098 5599/6653/916 5362/6414/916 5650/6704/1098
f 5609/6663/1082 5534/6588/1047 5656/6710/1103 5380/6432/933
f 5534/6588/1047 5533/6587/1046 5663/6717/1110 5656/6710/1103
f 5533/6587/1046 5535/6589/1048 5665/6719/1112 5663/6717/1110
f 5535/6589/1048 5536/6590/1006 5483/6537/1006 5665/6719/1112
f 5548/6602/1058 5547/6601/1057 5667/6721/1114 5500/6554/1019
f 5547/6601/1057 5701/6755/1137 5607/6661/1080 5667/6721/1114
f 5572/6626/982 5571/6625/982 5593/6647/982 5673/6727/982
f 5583/6637/982 5582/6636/982 5716/6770/982 5717/6771/982
f 5716/6770/982 5582/6636/982 5591/6645/982 5675/6729/982
f 5591/6645/982 5572/6626/982 5673/6727/982 5679/6733/982
f 5600/6654/1074 5599/6653/916 5718/6772/970 5719/6773/1074
f 5609/6663/1082 5608/6662/1081 5720/6774/1142 5721/6775/1143
f 5604/6658/1078 5610/6664/934 5722/6776/934 5723/6777/1144
f 5610/6664/934 5611/6665/936 5724/6778/936 5722/6776/934
f 5611/6665/936 5612/6666/937 5725/6779/937 5724/6778/936
f 5612/6666/937 5613/6667/938 5726/6780/938 5725/6779/937
f 5613/6667/938 5614/6668/939 5727/6781/939 5726/6780/938
f 5614/6668/939 5615/6669/940 5728/6782/940 5727/6781/939
f 5615/6669/940 5616/6670/941 5729/6783/941 5728/6782/940
f 5616/6670/941 5617/6671/942 5730/6784/942 5729/6783/941
f 5617/6671/942 5618/6672/943 5731/6785/943 5730/6784/942
f 5618/6672/943 5619/6673/944 5732/6786/944 5731/6785/943
f 5619/6673/944 5620/6674/945 5733/6787/945 5732/6786/944
f 5620/6674/945 5621/6675/946 5734/6788/946 5733/6787/945
f 5621/6675/946 5622/6676/947 5735/6789/947 5734/6788/946
f 5622/6676/947 5623/6677/948 5736/6790/1145 5735/6789/947
f 5623/6677/948 5600/6654/1074 5719/6773/1074 5736/6790/1145
f 5658/6712/1105 5536/6590/1006 5478/6532/1004 5481/6535/1005
f 5548/6602/1058 5659/6713/1106 5494/6548/1014 5497/6551/1016
f 5659/6713/1106 5660/6714/1107 5518/6572/1034 5494/6548/1014
f 5660/6714/1107 5661/6715/1108 5520/6574/1035 5518/6572/1034
f 5661/6715/1108 5662/6716/1109 5522/6576/1037 5520/6574/1035
f 5662/6716/1109 5658/6712/1105 5481/6535/1005 5522/6576/1037
f 5670/6724/1061 5669/6723/1060 5737/6791/1060 5738/6792/1061
f 5669/6723/1060 5671/6725/1062 5739/6793/926 5737/6791/1060
f 5608/6662/1081 5571/6625/982 5570/6624/982 5458/6512/982
f 5605/6659/1079 5740/6794/1146 5652/6706/1099 5371/6423/924
f 5740/6794/1146 5741/6795/1147 5654/6708/1101 5652/6706/1099
f 5742/6796/1148 5700/6754/1136 5366/6418/919 5365/6417/918
f 5741/6795/1147 5743/6797/1149 5680/6734/1116 5654/6708/1101
f 5743/6797/1149 5744/6798/1150 5682/6736/1118 5680/6734/1116
f 5744/6798/1150 5745/6799/1151 5684/6738/1120 5682/6736/1118
f 5745/6799/1151 5742/6796/1148 5365/6417/918 5684/6738/1120
f 5698/6752/1134 5700/6754/1136 5602/6656/1076 5699/6753/1135
f 5605/6659/1079 5604/6658/1078 5723/6777/1144 5746/6800/1152
f 5698/6752/1134 5697/6751/1133 5687/6741/1123 5689/6743/1125
f 5375/6427/928 5747/6801/926 5739/6793/926 5748/6802/1137
f 5546/6600/1056 5748/6802/1137 5701/6755/1137 5547/6601/1057
f 5410/6803/1153 5749/6804/1154 5750/6461/949 5411/6464/952
f 5749/6804/1154 5374/6426/927 5373/6425/926 5750/6461/949
f 5546/6600/1056 5497/6551/1016 5496/6550/1016 5549/6603/1059
f 5410/6803/1153 5414/6467/954 5751/6805/954 5752/6806/1061
f 5753/6807/1083 5754/6808/953 5703/6757/1138 5702/6756/1083
f 5754/6808/953 5755/6809/1155 5704/6758/1139 5703/6757/1138
f 5755/6809/1155 5756/6810/957 5705/6759/1140 5704/6758/1139
f 5756/6810/957 5757/6811/958 5706/6760/958 5705/6759/1140
f 5757/6811/958 5758/6812/1090 5707/6761/1090 5706/6760/958
f 5758/6812/1090 5759/6813/1156 5708/6762/1091 5707/6761/1090
f 5759/6813/1156 5760/6814/1092 5709/6763/1092 5708/6762/1091
f 5760/6814/1092 5761/6815/1093 5710/6764/1093 5709/6763/1092
f 5761/6815/1093 5762/6816/1094 5711/6765/1094 5710/6764/1093
f 5762/6816/1094 5763/6817/965 5712/6766/965 5711/6765/1094
f 5763/6817/965 5764/6818/1141 5713/6767/1141 5712/6766/965
f 5764/6818/1141 5765/6819/967 5714/6768/967 5713/6767/1141
f 5765/6819/967 5766/6820/1098 5715/6769/1098 5714/6768/967
f 5766/6820/1098 5718/6772/970 5599/6653/916 5715/6769/1098
f 5719/6773/1074 5718/6772/970 5767/6821/1157 5768/6822/1158
f 5723/6777/1144 5722/6776/934 5769/6823/934 5770/6824/1144
f 5722/6776/934 5724/6778/936 5771/6825/936 5769/6823/934
f 5724/6778/936 5725/6779/937 5772/6826/937 5771/6825/936
f 5725/6779/937 5726/6780/938 5773/6827/938 5772/6826/937
f 5726/6780/938 5727/6781/939 5774/6828/939 5773/6827/938
f 5727/6781/939 5728/6782/940 5775/6829/940 5774/6828/939
f 5728/6782/940 5729/6783/941 5776/6830/941 5775/6829/940
f 5729/6783/941 5730/6784/942 5777/6831/942 5776/6830/941
f 5730/6784/942 5731/6785/943 5778/6832/943 5777/6831/942
f 5731/6785/943 5732/6786/944 5779/6833/944 5778/6832/943
f 5732/6786/944 5733/6787/945 5780/6834/1159 5779/6833/944
f 5733/6787/945 5734/6788/946 5781/6835/946 5780/6834/1159
f 5734/6788/946 5735/6789/947 5782/6836/1160 5781/6835/946
f 5735/6789/947 5736/6790/1145 5783/6837/1145 5782/6836/1160
f 5736/6790/1145 5719/6773/1074 5768/6822/1158 5783/6837/1145
f 5738/6792/1061 5737/6791/1060 5784/6838/1060 5785/6839/1061
f 5737/6791/1060 5739/6793/926 5747/6801/926 5784/6838/1060
f 5748/6802/1137 5739/6793/926 5671/6725/1062 5701/6755/1137
f 5738/6792/1061 5753/6807/1083 5702/6756/1083 5670/6724/1061
f 5786/6840/1083 5787/6841/953 5754/6808/953 5753/6807/1083
f 5787/6841/953 5788/6842/1161 5755/6809/1155 5754/6808/953
f 5788/6842/1161 5789/6843/957 5756/6810/957 5755/6809/1155
f 5789/6843/957 5790/6844/958 5757/6811/958 5756/6810/957
f 5790/6844/958 5791/6845/959 5758/6812/1090 5757/6811/958
f 5791/6845/959 5792/6846/1156 5759/6813/1156 5758/6812/1090
f 5792/6846/1156 5793/6847/961 5760/6814/1092 5759/6813/1156
f 5793/6847/961 5794/6848/1093 5761/6815/1093 5760/6814/1092
f 5794/6848/1093 5795/6849/1094 5762/6816/1094 5761/6815/1093
f 5795/6849/1094 5796/6850/965 5763/6817/965 5762/6816/1094
f 5796/6850/965 5797/6851/1141 5764/6818/1141 5763/6817/965
f 5797/6851/1141 5798/6852/967 5765/6819/967 5764/6818/1141
f 5798/6852/967 5799/6853/1098 5766/6820/1098 5765/6819/967
f 5799/6853/1098 5767/6821/1157 5718/6772/970 5766/6820/1098
f 5785/6839/1061 5786/6840/1083 5753/6807/1083 5738/6792/1061
f 5768/6822/1158 5767/6821/1157 5800/6854/1157 5801/6855/917
f 5770/6824/1144 5769/6823/934 5802/6856/934 5803/6857/1144
f 5769/6823/934 5771/6825/936 5804/6858/936 5802/6856/934
f 5771/6825/936 5772/6826/937 5805/6859/937 5804/6858/936
f 5772/6826/937 5773/6827/938 5806/6860/938 5805/6859/937
f 5773/6827/938 5774/6828/939 5807/6861/939 5806/6860/938
f 5774/6828/939 5775/6829/940 5808/6862/940 5807/6861/939
f 5775/6829/940 5776/6830/941 5809/6863/941 5808/6862/940
f 5776/6830/941 5777/6831/942 5810/6864/942 5809/6863/941
f 5777/6831/942 5778/6832/943 5811/6865/943 5810/6864/942
f 5778/6832/943 5779/6833/944 5812/6866/1162 5811/6865/943
f 5779/6833/944 5780/6834/1159 5813/6867/1159 5812/6866/1162
f 5780/6834/1159 5781/6835/946 5814/6868/1163 5813/6867/1159
f 5781/6835/946 5782/6836/1160 5815/6869/1160 5814/6868/1163
f 5782/6836/1160 5783/6837/1145 5816/6870/1164 5815/6869/1160
f 5783/6837/1145 5768/6822/1158 5801/6855/917 5816/6870/1164
f 5785/6839/1061 5784/6838/1060 5817/6871/1060 5818/6872/1061
f 5784/6838/1060 5747/6801/926 5374/6426/927 5817/6871/1060
f 5819/6873/1083 5820/6874/1165 5787/6841/953 5786/6840/1083
f 5820/6874/1165 5821/6875/1161 5788/6842/1161 5787/6841/953
f 5821/6875/1161 5822/6876/957 5789/6843/957 5788/6842/1161
f 5822/6876/957 5823/6877/958 5790/6844/958 5789/6843/957
f 5823/6877/958 5824/6878/959 5791/6845/959 5790/6844/958
f 5824/6878/959 5825/6879/1091 5792/6846/1156 5791/6845/959
f 5825/6879/1091 5826/6880/1166 5793/6847/961 5792/6846/1156
f 5826/6880/1166 5827/6881/1093 5794/6848/1093 5793/6847/961
f 5827/6881/1093 5828/6882/1094 5795/6849/1094 5794/6848/1093
f 5828/6882/1094 5829/6883/1167 5796/6850/965 5795/6849/1094
f 5829/6883/1167 5830/6884/1141 5797/6851/1141 5796/6850/965
f 5830/6884/1141 5831/6885/967 5798/6852/967 5797/6851/1141
f 5831/6885/967 5832/6886/969 5799/6853/1098 5798/6852/967
f 5832/6886/969 5800/6854/1157 5767/6821/1157 5799/6853/1098
f 5818/6872/1061 5819/6873/1083 5786/6840/1083 5785/6839/1061
f 5801/6855/917 5800/6854/1157 5833/6887/970 5834/6888/917
f 5803/6857/1144 5802/6856/934 5835/6889/934 5836/6890/1144
f 5802/6856/934 5804/6858/936 5837/6891/936 5835/6889/934
f 5804/6858/936 5805/6859/937 5838/6892/937 5837/6891/936
f 5805/6859/937 5806/6860/938 5839/6893/938 5838/6892/937
f 5806/6860/938 5807/6861/939 5840/6894/939 5839/6893/938
f 5807/6861/939 5808/6862/940 5841/6895/940 5840/6894/939
f 5808/6862/940 5809/6863/941 5842/6896/941 5841/6895/940
f 5809/6863/941 5810/6864/942 5843/6897/942 5842/6896/941
f 5810/6864/942 5811/6865/943 5844/6898/1168 5843/6897/942
f 5811/6865/943 5812/6866/1162 5845/6899/1169 5844/6898/1168
f 5812/6866/1162 5813/6867/1159 5846/6900/945 5845/6899/1169
f 5813/6867/1159 5814/6868/1163 5847/6901/1163 5846/6900/945
f 5814/6868/1163 5815/6869/1160 5848/6902/1160 5847/6901/1163
f 5815/6869/1160 5816/6870/1164 5849/6903/1164 5848/6902/1160
f 5816/6870/1164 5801/6855/917 5834/6888/917 5849/6903/1164
f 5818/6872/1061 5817/6871/1060 5749/6804/1154 5752/6806/1061
f 5751/6805/954 5850/6904/1165 5820/6874/1165 5819/6873/1083
f 5850/6904/1165 5851/6905/956 5821/6875/1161 5820/6874/1165
f 5851/6905/956 5852/6906/957 5822/6876/957 5821/6875/1161
f 5852/6906/957 5853/6907/958 5823/6877/958 5822/6876/957
f 5853/6907/958 5854/6908/959 5824/6878/959 5823/6877/958
f 5854/6908/959 5855/6909/960 5825/6879/1091 5824/6878/959
f 5855/6909/960 5856/6910/1166 5826/6880/1166 5825/6879/1091
f 5856/6910/1166 5857/6911/963 5827/6881/1093 5826/6880/1166
f 5857/6911/963 5858/6912/964 5828/6882/1094 5827/6881/1093
f 5858/6912/964 5859/6913/1167 5829/6883/1167 5828/6882/1094
f 5859/6913/1167 5860/6914/966 5830/6884/1141 5829/6883/1167
f 5860/6914/966 5861/6915/967 5831/6885/967 5830/6884/1141
f 5861/6915/967 5862/6916/969 5832/6886/969 5831/6885/967
f 5862/6916/969 5833/6887/970 5800/6854/1157 5832/6886/969
f 5752/6806/1061 5751/6805/954 5819/6873/1083 5818/6872/1061
f 5834/6888/917 5833/6887/970 5440/6494/970 5863/6917/917
f 5836/6890/1144 5835/6889/934 5864/6918/934 5865/6919/1144
f 5835/6889/934 5837/6891/936 5866/6920/936 5864/6918/934
f 5837/6891/936 5838/6892/937 5867/6921/937 5866/6920/936
f 5838/6892/937 5839/6893/938 5868/6922/938 5867/6921/937
f 5839/6893/938 5840/6894/939 5869/6923/939 5868/6922/938
f 5840/6894/939 5841/6895/940 5870/6924/940 5869/6923/939
f 5841/6895/940 5842/6896/941 5871/6925/941 5870/6924/940
f 5842/6896/941 5843/6897/942 5872/6926/1170 5871/6925/941
f 5843/6897/942 5844/6898/1168 5873/6927/1171 5872/6926/1170
f 5844/6898/1168 5845/6899/1169 5874/6928/1172 5873/6927/1171
f 5845/6899/1169 5846/6900/945 5875/6929/1173 5874/6928/1172
f 5846/6900/945 5847/6901/1163 5876/6930/1163 5875/6929/1173
f 5847/6901/1163 5848/6902/1160 5877/6931/1160 5876/6930/1163
f 5848/6902/1160 5849/6903/1164 5878/6932/1164 5877/6931/1160
f 5849/6903/1164 5834/6888/917 5863/6917/917 5878/6932/1164
f 5414/6467/954 5413/6466/953 5850/6904/1165 5751/6805/954
f 5413/6466/953 5416/6470/956 5851/6905/956 5850/6904/1165
f 5416/6470/956 5418/6472/957 5852/6906/957 5851/6905/956
f 5418/6472/957 5420/6474/958 5853/6907/958 5852/6906/957
f 5420/6474/958 5422/6476/959 5854/6908/959 5853/6907/958
f 5422/6476/959 5424/6478/960 5855/6909/960 5854/6908/959
f 5424/6478/960 5426/6480/961 5856/6910/1166 5855/6909/960
f 5426/6480/961 5428/6482/963 5857/6911/963 5856/6910/1166
f 5428/6482/963 5430/6484/964 5858/6912/964 5857/6911/963
f 5430/6484/964 5432/6486/965 5859/6913/1167 5858/6912/964
f 5432/6486/965 5434/6488/966 5860/6914/966 5859/6913/1167
f 5434/6488/966 5436/6490/967 5861/6915/967 5860/6914/966
f 5436/6490/967 5438/6492/969 5862/6916/969 5861/6915/967
f 5438/6492/969 5440/6494/970 5833/6887/970 5862/6916/969
f 5863/6917/917 5440/6494/970 5439/6493/970 5879/6933/1174
f 5865/6919/1144 5864/6918/934 5880/6934/934 5881/6935/1175
f 5864/6918/934 5866/6920/936 5882/6936/936 5880/6934/934
f 5866/6920/936 5867/6921/937 5883/6937/1176 5882/6936/936
f 5867/6921/937 5868/6922/938 5884/6938/938 5883/6937/1176
f 5868/6922/938 5869/6923/939 5885/6939/939 5884/6938/938
f 5869/6923/939 5870/6924/940 5886/6940/1177 5885/6939/939
f 5870/6924/940 5871/6925/941 5887/6941/941 5886/6940/1177
f 5871/6925/941 5872/6926/1170 5888/6942/1178 5887/6941/941
f 5872/6926/1170 5873/6927/1171 5889/6943/1179 5888/6942/1178
f 5873/6927/1171 5874/6928/1172 5890/6944/1180 5889/6943/1179
f 5874/6928/1172 5875/6929/1173 5891/6945/1173 5890/6944/1180
f 5875/6929/1173 5876/6930/1163 5892/6946/1181 5891/6945/1173
f 5876/6930/1163 5877/6931/1160 5893/6947/1182 5892/6946/1181
f 5877/6931/1160 5878/6932/1164 5894/6948/1164 5893/6947/1182
f 5878/6932/1164 5863/6917/917 5879/6933/1174 5894/6948/1164
f 5515/6569/1031 5895/6949/1183 5896/6950/1184 5512/6566/1028
f 5895/6949/1183 5597/6651/1072 5598/6652/1073 5896/6950/1184
f 5897/6951/1185 5898/6952/1002 5899/6953/1186 5900/6954/1185
f 5477/6531/1003 5476/6530/1002 5898/6952/1002 5897/6951/1185
f 5901/6955/1187 5902/6956/1188 5488/6542/1008 5487/6541/1002
f 5475/6529/1001 5474/6528/1000 5902/6956/1188 5901/6955/1187
f 5568/6622/1013 5903/6957/1020 5904/6958/1020 5569/6623/1013
f 5493/6547/1013 5492/6546/1012 5903/6957/1020 5568/6622/1013
f 5905/6959/1189 5906/6960/1190 5504/6558/1021 5503/6557/1020
f 5491/6545/1011 5490/6544/1010 5906/6960/1190 5905/6959/1189
f 5903/6957/1020 5907/6961/1024 5908/6962/1024 5904/6958/1020
f 5492/6546/1012 5507/6561/1024 5907/6961/1024 5903/6957/1020
f 5909/6963/1023 5905/6959/1189 5503/6557/1020 5538/6592/1049
f 5506/6560/1023 5491/6545/1011 5905/6959/1189 5909/6963/1023
f 5907/6961/1024 5910/6964/1026 5911/6965/1026 5908/6962/1024
f 5507/6561/1024 5509/6563/1026 5910/6964/1026 5907/6961/1024
f 5912/6966/1051 5909/6963/1023 5538/6592/1049 5540/6594/1051
f 5508/6562/1025 5506/6560/1023 5909/6963/1023 5912/6966/1051
f 5910/6964/1026 5913/6967/1191 5914/6968/1191 5911/6965/1026
f 5509/6563/1026 5511/6565/1027 5913/6967/1191 5910/6964/1026
f 5915/6969/1192 5912/6966/1051 5540/6594/1051 5542/6596/1052
f 5510/6564/1027 5508/6562/1025 5912/6966/1051 5915/6969/1192
f 5913/6967/1191 5897/6951/1185 5900/6954/1185 5914/6968/1191
f 5511/6565/1027 5477/6531/1003 5897/6951/1185 5913/6967/1191
f 5902/6956/1188 5915/6969/1192 5542/6596/1052 5488/6542/1008
f 5474/6528/1000 5510/6564/1027 5915/6969/1192 5902/6956/1188
f 5466/6520/992 5916/6970/1193 5471/6525/997 5470/6524/996
f 5515/6569/1031 5514/6568/1030 5916/6970/1193 5466/6520/992
f 5917/6971/1194 5918/6972/1195 5919/6973/1196 5920/6974/1197
f 5513/6567/1029 5512/6566/1028 5918/6972/1195 5917/6971/1194
f 5916/6970/1193 5921/6975/1198 5543/6597/1053 5471/6525/997
f 5514/6568/1030 5517/6571/1033 5921/6975/1198 5916/6970/1193
f 5922/6976/1199 5917/6971/1194 5920/6974/1197 5923/6977/1199
f 5516/6570/1032 5513/6567/1029 5917/6971/1194 5922/6976/1199
f 5921/6975/1198 5901/6955/1187 5487/6541/1002 5543/6597/1053
f 5517/6571/1033 5475/6529/1001 5901/6955/1187 5921/6975/1198
f 5898/6952/1002 5922/6976/1199 5923/6977/1199 5899/6953/1186
f 5476/6530/1002 5516/6570/1032 5922/6976/1199 5898/6952/1002
f 5924/6978/982 5925/6979/982 5574/6628/982 5575/6629/982
f 5579/6633/982 5578/6632/982 5925/6979/982 5924/6978/982
f 5926/6980/982 5927/6981/982 5928/6982/982 5929/6983/982
f 5577/6631/982 5576/6630/982 5927/6981/982 5926/6980/982
f 5930/6984/982 5931/6985/982 5585/6639/982 5584/6638/982
f 5589/6643/982 5588/6642/982 5931/6985/982 5930/6984/982
f 5932/6986/982 5933/6987/982 5934/6988/982 5935/6989/982
f 5933/6987/982 5587/6641/982 5586/6640/982 5934/6988/982
f 5931/6985/982 5936/6990/982 5594/6648/982 5585/6639/982
f 5588/6642/982 5596/6650/982 5936/6990/982 5931/6985/982
f 5937/6991/982 5933/6987/982 5932/6986/982 5938/6992/982
f 5595/6649/982 5587/6641/982 5933/6987/982 5937/6991/982
f 5936/6990/982 5924/6978/982 5575/6629/982 5594/6648/982
f 5596/6650/982 5579/6633/982 5924/6978/982 5936/6990/982
f 5927/6981/982 5937/6991/982 5938/6992/982 5928/6982/982
f 5576/6630/982 5595/6649/982 5937/6991/982 5927/6981/982
f 5939/6993/1200 5926/6980/982 5929/6983/982 5940/6994/1201
f 5598/6652/1073 5577/6631/982 5926/6980/982 5939/6993/1200
f 5925/6979/982 5941/6995/1202 5455/6509/982 5574/6628/982
f 5578/6632/982 5597/6651/1072 5941/6995/1202 5925/6979/982
f 5918/6972/1195 5942/6996/1203 5943/6997/1204 5919/6973/1196
f 5512/6566/1028 5896/6950/1184 5942/6996/1203 5918/6972/1195
f 5895/6949/1183 5515/6569/1031 5466/6520/992 5469/6523/995
f 5942/6996/1203 5939/6993/1200 5940/6994/1201 5943/6997/1204
f 5896/6950/1184 5598/6652/1073 5939/6993/1200 5942/6996/1203
f 5597/6651/1072 5895/6949/1183 5469/6523/995 5941/6995/1202
f 5457/6511/984 5456/6510/983 5468/6522/994 5944/6998/1205
f 5470/6524/996 5467/6521/993 5466/6520/992
f 5458/6512/982 5720/6774/1142 5608/6662/1081
f 5461/6515/987 5460/6514/986 5721/6775/1143 5945/6999/1206
f 5468/6522/994 5467/6521/993 5946/7000/1207 5944/6998/1205
f 5468/6522/994 5456/6510/983 5941/6995/1202 5469/6523/995
f 5456/6510/983 5455/6509/982 5941/6995/1202
f 5947/7001/1208 5467/6521/993 5470/6524/996 5473/6527/999
f 5721/6775/1143 5720/6774/1142 5948/7002/1209 5945/6999/1206
f 5721/6775/1143 5460/6514/986 5534/6588/1047 5609/6663/1082
f 5720/6774/1142 5458/6512/982 5454/6508/982 5948/7002/1209
f 5460/6514/986 5465/6519/991 5534/6588/1047
f 5717/6771/982 5716/6770/982 5675/6729/982 5674/6728/982
f 5677/6731/982 5676/6730/982 5679/6733/982 5678/6732/982
f 5676/6730/982 5675/6729/982 5591/6645/982 5679/6733/982
f 5746/6800/1152 5949/7003/1210 5740/6794/1146 5605/6659/1079
f 5949/7003/1210 5950/7004/1211 5741/6795/1147 5740/6794/1146
f 5603/6657/1077 5602/6656/1076 5700/6754/1136 5742/6796/1148
f 5950/7004/1211 5951/7005/1212 5743/6797/1149 5741/6795/1147
f 5951/7005/1212 5952/7006/1213 5744/6798/1150 5743/6797/1149
f 5952/7006/1213 5696/6750/1132 5745/6799/1151 5744/6798/1150
f 5696/6750/1132 5603/6657/1077 5742/6796/1148 5745/6799/1151
f 5746/6800/1152 5723/6777/1144 5770/6824/1144 5953/7007/1214
f 5953/7007/1214 5954/7008/1215 5949/7003/1210 5746/6800/1152
f 5954/7008/1215 5955/7009/1216 5950/7004/1211 5949/7003/1210
f 5955/7009/1216 5956/7010/1217 5951/7005/1212 5950/7004/1211
f 5956/7010/1217 5695/6749/1131 5952/7006/1213 5951/7005/1212
f 5695/6749/1131 5694/6748/1130 5696/6750/1132 5952/7006/1213
f 5953/7007/1214 5770/6824/1144 5803/6857/1144 5957/7011/1218
f 5957/7011/1218 5958/7012/1219 5954/7008/1215 5953/7007/1214
f 5958/7012/1219 5692/6746/1128 5955/7009/1216 5954/7008/1215
f 5692/6746/1128 5691/6745/1127 5956/7010/1217 5955/7009/1216
f 5957/7011/1218 5803/6857/1144 5836/6890/1144 5447/6501/977
f 5691/6745/1127 5693/6747/1129 5695/6749/1131 5956/7010/1217
f 5447/6501/977 5446/6500/976 5958/7012/1219 5957/7011/1218
f 5446/6500/976 5449/6503/979 5692/6746/1128 5958/7012/1219
f 5448/6502/978 5865/6919/1144 5881/6935/1175
f 5865/6919/1144 5448/6502/978 5447/6501/977 5836/6890/1144
f 5467/6521/993 5947/7001/1208 5946/7000/1207
f 5460/6514/986 5459/6513/985 5462/6516/988 5465/6519/991
f 5464/6518/990 5463/6517/989 5526/6580/1040
f 5472/6526/998 5471/6525/997 5545/6599/1055
f 5748/6802/1137 5546/6600/1056 5375/6427/928
f 5747/6801/926 5375/6427/928 5374/6426/927
f 5817/6871/1060 5374/6426/927 5749/6804/1154
f 5752/6806/1061 5749/6804/1154 5410/6803/1153
f 5414/6467/954 5410/6803/1153 5409/6468/955
f 5557/6611/1064 5567/6621/1071 5558/6612/1065
f 5959/7013/1069 5565/6619/980 5451/6505/980 5560/6614/1067
f 5566/6620/981 5565/6619/980 5960/7014/980 5961/7015/1220
f 5567/6621/1071 5566/6620/981 5961/7015/1220
f 5962/7016/1069 5960/7014/980 5565/6619/980 5959/7013/1069
f 5961/7015/1220 5960/7014/980 5562/6616/1068
f 5563/6617/1069 5562/6616/1068 5960/7014/980 5962/7016/1069
f 5906/6960/1190 5959/7013/1069 5560/6614/1067 5504/6558/1021
f 5490/6544/1010 5962/7016/1069 5959/7013/1069 5906/6960/1190
f 5493/6547/1013 5563/6617/1069 5962/7016/1069 5490/6544/1010
f 5568/6622/1013 5564/6618/1070 5563/6617/1069 5493/6547/1013
f 5364/6416/917 5964/7017/1221 5965/7018/1222 5361/6413/916
f 5367/6419/920 5966/7019/1223 5967/7020/1224 5368/6420/921
f 5372/6424/925 5968/7021/1225 5969/7022/1226 5369/6421/922
f 5376/6428/929 5970/7023/1227 5971/7024/1228 5373/6425/926
f 5377/6429/930 5972/7025/1229 5973/7026/1230 5378/6430/931
f 5369/6421/922 5969/7022/1226 5974/7027/1231 5381/6433/934
f 5381/6433/934 5974/7027/1231 5975/7028/1232 5383/6435/936
f 5383/6435/936 5975/7028/1232 5976/7029/1233 5385/6437/937
f 5385/6437/937 5976/7029/1233 5977/7030/1234 5387/6439/938
f 5387/6439/938 5977/7030/1234 5978/7031/1235 5389/6441/939
f 5389/6441/939 5978/7031/1235 5979/7032/1236 5391/6443/940
f 5391/6443/940 5979/7032/1236 5980/7033/1237 5393/6445/941
f 5393/6445/941 5980/7033/1237 5981/7034/1238 5395/6447/942
f 5395/6447/942 5981/7034/1238 5982/7035/1239 5397/6449/943
f 5397/6449/943 5982/7035/1239 5983/7036/1240 5399/6451/944
f 5399/6451/944 5983/7036/1240 5984/7037/1241 5401/6453/945
f 5401/6453/945 5984/7037/1241 5985/7038/1242 5403/6455/946
f 5403/6455/946 5985/7038/1242 5986/7039/1243 5405/6457/947
f 5405/6457/947 5986/7039/1243 5987/7040/1244 5407/6459/948
f 5407/6459/948 5987/7040/1244 5964/7017/1221 5364/6416/917
f 5444/6498/974 5988/7041/1245 5989/7042/1246 5441/6495/971
f 5453/6507/981 5990/7043/1247 5991/7044/1248 5450/6504/980
f 5457/6511/984 5992/7045/1249 5993/7046/1250 5454/6508/982
f 5461/6515/987 5994/7047/1251 5995/7048/1252 5459/6513/985
f 5462/6516/988 5996/7049/1253 5997/7050/1254 5463/6517/989
f 5472/6526/998 5998/7051/1255 5999/7052/1256 5473/6527/999
f 5479/6533/1004 6000/7053/1257 6001/7054/1258 5480/6534/1005
f 5485/6539/1007 6002/7055/1259 6003/7056/1260 5482/6536/1004
f 5489/6543/1009 6004/7057/1261 6005/7058/1262 5486/6540/1002
f 5495/6549/1015 6006/7059/1263 6007/7060/1264 5496/6550/1016
f 5501/6555/1016 6008/7061/1265 6009/7062/1266 5498/6552/1017
f 5505/6559/1022 6010/7063/1267 6011/7064/1268 5502/6556/1020
f 5519/6573/1034 6012/7065/1269 6006/7059/1263 5495/6549/1015
f 5521/6575/1036 6013/7066/1270 6012/7065/1269 5519/6573/1034
f 5523/6577/1038 6014/7067/1271 6013/7066/1270 5521/6575/1036
f 5480/6534/1005 6001/7054/1258 6014/7067/1271 5523/6577/1038
f 5526/6580/1040 6015/7068/1272 6016/7069/1273 5524/6578/1039
f 5524/6578/1039 6016/7069/1273 6000/7053/1257 5479/6533/1004
f 5498/6552/1017 6009/7062/1266 6017/7070/1274 5527/6581/1034
f 5527/6581/1034 6017/7070/1274 6018/7071/1275 5529/6583/1042
f 5529/6583/1042 6018/7071/1275 6019/7072/1276 5531/6585/1044
f 5531/6585/1044 6019/7072/1276 6002/7055/1259 5485/6539/1007
f 5502/6556/1020 6011/7064/1268 6020/7073/1277 5537/6591/1049
f 5537/6591/1049 6020/7073/1277 6021/7074/1278 5539/6593/1050
f 5539/6593/1050 6021/7074/1278 6022/7075/1279 5541/6595/1052
f 5541/6595/1052 6022/7075/1279 6004/7057/1261 5489/6543/1009
f 5544/6598/1054 6023/7076/1280 6024/7077/1281 5545/6599/1055
f 5486/6540/1002 6005/7058/1262 6023/7076/1280 5544/6598/1054
f 5549/6603/1059 6025/7078/1282 5970/7023/1227 5376/6428/929
f 5553/6607/1061 6026/7079/1283 6027/7080/1284 5550/6604/1060
f 5550/6604/1060 6027/7080/1284 6028/7081/1285 5554/6608/1062
f 5559/6613/1066 6029/7082/1286 6030/7083/1287 5556/6610/1063
f 5556/6610/1063 6030/7083/1287 5990/7043/1247 5453/6507/981
f 5561/6615/1067 6031/7084/1288 6010/7063/1267 5505/6559/1022
f 5450/6504/980 5991/7044/1248 6031/7084/1288 5561/6615/1067
f 5583/6637/982 6032/7085/1289 6033/7086/1289 5580/6634/982
f 5580/6634/982 6033/7086/1289 6034/7087/1289 5584/6638/982
f 5589/6643/982 6035/7088/1289 6036/7089/1289 5586/6640/982
f 5378/6430/931 5973/7026/1230 6037/7090/1290 5592/6646/982
f 5554/6608/1062 6028/7081/1285 6038/7091/1291 5606/6660/1080
f 5625/6679/1083 6039/7092/1292 6026/7079/1283 5553/6607/1061
f 5627/6681/1084 6040/7093/1293 6039/7092/1292 5625/6679/1083
f 5629/6683/1086 6041/7094/1294 6040/7093/1293 5627/6681/1084
f 5631/6685/1088 6042/7095/1295 6041/7094/1294 5629/6683/1086
f 5633/6687/1089 6043/7096/1296 6042/7095/1295 5631/6685/1088
f 5635/6689/1090 6044/7097/1297 6043/7096/1296 5633/6687/1089
f 5637/6691/1091 6045/7098/1298 6044/7097/1297 5635/6689/1090
f 5639/6693/1092 6046/7099/1299 6045/7098/1298 5637/6691/1091
f 5641/6695/1093 6047/7100/1300 6046/7099/1299 5639/6693/1092
f 5643/6697/1094 6048/7101/1301 6047/7100/1300 5641/6695/1093
f 5645/6699/1095 6049/7102/1302 6048/7101/1301 5643/6697/1094
f 5647/6701/1096 6050/7103/1303 6049/7102/1302 5645/6699/1095
f 5649/6703/1097 6051/7104/1304 6050/7103/1303 5647/6701/1096
f 5651/6705/1098 6052/7105/1305 6051/7104/1304 5649/6703/1097
f 5361/6413/916 5965/7018/1222 6052/7105/1305 5651/6705/1098
f 5653/6707/1100 6053/7106/1306 5968/7021/1225 5372/6424/925
f 5655/6709/1102 6054/7107/1307 6053/7106/1306 5653/6707/1100
f 5657/6711/1104 6055/7108/1308 5972/7025/1229 5377/6429/930
f 5664/6718/1111 6056/7109/1309 6055/7108/1308 5657/6711/1104
f 5666/6720/1113 6057/7110/1310 6056/7109/1309 5664/6718/1111
f 5482/6536/1004 6003/7056/1260 6057/7110/1310 5666/6720/1113
f 5668/6722/1115 6058/7111/1311 6008/7061/1265 5501/6555/1016
f 5606/6660/1080 6038/7091/1291 6058/7111/1311 5668/6722/1115
f 5592/6646/982 6037/7090/1290 6059/7112/1290 5672/6726/982
f 5677/6731/982 6060/7113/1312 6061/7114/1313 5674/6728/982
f 5672/6726/982 6059/7112/1290 6062/7115/1290 5678/6732/982
f 5681/6735/1117 6063/7116/1314 6054/7107/1307 5655/6709/1102
f 5683/6737/1119 6064/7117/1315 6063/7116/1314 5681/6735/1117
f 5685/6739/1121 6065/7118/1316 6064/7117/1315 5683/6737/1119
f 5368/6420/921 5967/7020/1224 6065/7118/1316 5685/6739/1121
f 5441/6495/971 5989/7042/1246 6066/7119/1317 5686/6740/1122
f 5686/6740/1122 6066/7119/1317 6067/7120/1318 5688/6742/1124
f 5688/6742/1124 6067/7120/1318 5966/7019/1223 5367/6419/920
f 5717/6771/982 6068/7121/1319 6032/7085/1289 5583/6637/982
f 5409/6468/955 5410/6803/1153 5411/6464/952
f 5373/6425/926 5971/7024/1228 6069/6462/950 5750/6461/949
f 5496/6550/1016 6007/7060/1264 6025/7078/1282 5549/6603/1059
f 5584/6638/982 6034/7087/1289 6070/7122/1289 5930/6984/982
f 5930/6984/982 6070/7122/1289 6035/7088/1289 5589/6643/982
f 5934/6988/982 6071/7123/1289 6072/7124/1289 5935/6989/982
f 5586/6640/982 6036/7089/1289 6071/7123/1289 5934/6988/982
f 5944/6998/1205 6073/7125/1320 5992/7045/1249 5457/6511/984
f 5945/6999/1206 6074/7126/1321 5994/7047/1251 5461/6515/987
f 5946/7000/1207 6075/7127/1322 6073/7125/1320 5944/6998/1205
f 5473/6527/999 5999/7052/1256 6076/7128/1323 5947/7001/1208
f 5948/7002/1209 6077/7129/1324 6074/7126/1321 5945/6999/1206
f 5454/6508/982 5993/7046/1250 6077/7129/1324 5948/7002/1209
f 5674/6728/982 6061/7114/1313 6068/7121/1319 5717/6771/982
f 5678/6732/982 6062/7115/1290 6060/7113/1312 5677/6731/982
f 5947/7001/1208 6076/7128/1323 6075/7127/1322 5946/7000/1207
f 5459/6513/985 5995/7048/1252 5996/7049/1253 5462/6516/988
f 5463/6517/989 5997/7050/1254 6015/7068/1272 5526/6580/1040
f 5545/6599/1055 6024/7077/1281 5998/7051/1255 5472/6526/998
f 5246/6177/870 5989/7130/1246 5988/7131/1245 5247/6178/871
f 5248/6181/872 6066/7132/1317 5989/7130/1246 5246/6177/870
f 5249/6183/873 6067/7133/1318 6066/7132/1317 5248/6181/872
f 5250/6185/874 5966/7134/1223 6067/7133/1318 5249/6183/873
f 5251/6187/875 5967/7135/1224 5966/7134/1223 5250/6185/874
f 5252/6189/876 6065/7136/1316 5967/7135/1224 5251/6187/875
f 5253/6191/877 6064/7137/1315 6065/7136/1316 5252/6189/876
f 5254/6193/878 6063/7138/1314 6064/7137/1315 5253/6191/877
f 5255/6195/879 6054/7139/1307 6063/7138/1314 5254/6193/878
f 5256/6197/880 6053/7140/1306 6054/7139/1307 5255/6195/879
f 5257/6199/881 5968/7141/1225 6053/7140/1306 5256/6197/880
f 5258/6201/882 5969/7142/1226 5968/7141/1225 5257/6199/881
f 5259/6203/277 5974/7143/1231 5969/7144/1226 5258/6204/882
f 5260/6207/277 5975/7145/1232 5974/7143/1231 5259/6203/277
f 5261/6209/277 5976/7146/1233 5975/7145/1232 5260/6207/277
f 5262/6211/277 5977/7147/1234 5976/7146/1233 5261/6209/277
f 5263/6213/277 5978/7148/1235 5977/7147/1234 5262/6211/277
f 5264/6215/277 5979/7149/1236 5978/7148/1235 5263/6213/277
f 5265/6217/277 5980/7150/1237 5979/7149/1236 5264/6215/277
f 5266/6219/277 5981/7151/1238 5980/7150/1237 5265/6217/277
f 5267/6221/277 5982/7152/1239 5981/7151/1238 5266/6219/277
f 5268/6223/277 5983/7153/1240 5982/7152/1239 5267/6221/277
f 5269/6225/277 5984/7154/1241 5983/7153/1240 5268/6223/277
f 5270/6227/277 5985/7155/1242 5984/7154/1241 5269/6225/277
f 5271/6229/277 5986/7156/1243 5985/7155/1242 5270/6227/277
f 5272/6231/277 5987/7157/1244 5986/7156/1243 5271/6229/277
f 5273/6233/277 5964/7158/1221 5987/7157/1244 5272/6231/277
f 5274/6235/277 5965/7159/1222 5964/7158/1221 5273/6233/277
f 5275/6237/277 6052/7160/1305 5965/7159/1222 5274/6235/277
f 5276/6239/277 6051/7161/1304 6052/7160/1305 5275/6237/277
f 5277/6241/277 6050/7162/1303 6051/7161/1304 5276/6239/277
f 5278/6243/277 6049/7163/1302 6050/7162/1303 5277/6241/277
f 5279/6245/277 6048/7164/1301 6049/7163/1302 5278/6243/277
f 5280/6247/277 6047/7165/1300 6048/7164/1301 5279/6245/277
f 5281/6249/277 6046/7166/1299 6047/7165/1300 5280/6247/277
f 5282/6251/277 6045/7167/1298 6046/7166/1299 5281/6249/277
f 5283/6253/277 6044/7168/1297 6045/7167/1298 5282/6251/277
f 5284/6255/277 6043/7169/1296 6044/7168/1297 5283/6253/277
f 5285/6257/277 6042/7170/1295 6043/7169/1296 5284/6255/277
f 5286/6259/277 6041/7171/1294 6042/7170/1295 5285/6257/277
f 5287/6261/277 6040/7172/1293 6041/7171/1294 5286/6259/277
f 5288/6263/277 6039/7173/1292 6040/7172/1293 5287/6261/277
f 5289/6265/277 6026/7174/1283 6039/7173/1292 5288/6263/277
f 5290/6267/277 6027/7175/1284 6026/7174/1283 5289/6265/277
f 5291/6269/277 6028/7176/1285 6027/7175/1284 5290/6267/277
f 5292/6271/277 6038/7177/1291 6028/7176/1285 5291/6269/277
f 5293/6273/277 6058/7178/1311 6038/7177/1291 5292/6271/277
f 5294/6275/277 6008/7179/1265 6058/7178/1311 5293/6273/277
f 5295/6277/277 6009/7180/1266 6008/7179/1265 5294/6275/277
f 5296/6279/277 6017/7181/1274 6009/7180/1266 5295/6277/277
f 5297/6281/277 6018/7182/1275 6017/7181/1274 5296/6279/277
f 5298/6283/277 6019/7183/1276 6018/7182/1275 5297/6281/277
f 5299/6285/277 6002/7184/1259 6019/7183/1276 5298/6283/277
f 5300/6287/277 6003/7185/1260 6002/7184/1259 5299/6285/277
f 5301/6289/277 6057/7186/1310 6003/7185/1260 5300/6287/277
f 5302/6291/277 6056/7187/1309 6057/7186/1310 5301/6289/277
f 5303/6293/277 6055/7188/1308 6056/7187/1309 5302/6291/277
f 5304/6295/277 5972/7189/1229 6055/7188/1308 5303/6293/277
f 5305/6297/277 5973/7190/1230 5972/7189/1229 5304/6295/277
f 5306/6299/277 6037/7191/1290 5973/7190/1230 5305/6297/277
f 5307/6301/277 6059/7192/1290 6037/7191/1290 5306/6299/277
f 5308/6303/277 6062/7193/1290 6059/7192/1290 5307/6301/277
f 5309/6305/883 6060/7194/1312 6062/7193/1290 5308/6303/277
f 5310/6307/884 6061/7195/1313 6060/7194/1312 5309/6305/883
f 5311/6309/885 6068/7196/1319 6061/7197/1313 5310/6310/884
f 5312/6313/886 6032/7198/1289 6068/7196/1319 5311/6309/885
f 5313/6315/886 6033/7199/1289 6032/7198/1289 5312/6313/886
f 5314/6317/886 6034/7200/1289 6033/7199/1289 5313/6315/886
f 5315/6319/886 6070/7201/1289 6034/7200/1289 5314/6317/886
f 5316/6321/886 6035/7202/1289 6070/7201/1289 5315/6319/886
f 5317/6323/886 6036/7203/1289 6035/7202/1289 5316/6321/886
f 5318/6325/886 6071/7204/1289 6036/7203/1289 5317/6323/886
f 5319/6327/886 6072/7205/1289 6071/7204/1289 5318/6325/886
f 5320/6329/887 6030/7206/1287 6029/7207/1286 5321/6330/888
f 5322/6333/889 5990/7208/1247 6030/7206/1287 5320/6329/887
f 5323/6335/890 5991/7209/1248 5990/7208/1247 5322/6333/889
f 5324/6337/891 6031/7210/1288 5991/7209/1248 5323/6335/890
f 5325/6339/892 6010/7211/1267 6031/7210/1288 5324/6337/891
f 5326/6341/277 6011/7212/1268 6010/7211/1267 5325/6339/892
f 5327/6343/277 6020/7213/1277 6011/7212/1268 5326/6341/277
f 5328/6345/277 6021/7214/1278 6020/7213/1277 5327/6343/277
f 5329/6347/277 6022/7215/1279 6021/7214/1278 5328/6345/277
f 5330/6349/893 6004/7216/1261 6022/7215/1279 5329/6347/277
f 5331/6351/894 6005/7217/1262 6004/7216/1261 5330/6349/893
f 5332/6353/277 6023/7218/1280 6005/7217/1262 5331/6351/894
f 5333/6355/895 6024/7219/1281 6023/7218/1280 5332/6353/277
f 5334/6357/896 5998/7220/1255 6024/7219/1281 5333/6355/895
f 5335/6359/897 5999/7221/1256 5998/7220/1255 5334/6357/896
f 5336/6361/898 6076/7222/1323 5999/7221/1256 5335/6359/897
f 5337/6363/899 6075/7223/1322 6076/7222/1323 5336/6361/898
f 5338/6365/900 6073/7224/1320 6075/7223/1322 5337/6363/899
f 5339/6367/901 5992/7225/1249 6073/7224/1320 5338/6365/900
f 5340/6369/902 5993/7226/1250 5992/7225/1249 5339/6367/901
f 5341/6371/903 6077/7227/1324 5993/7226/1250 5340/6369/902
f 5342/6373/904 6074/7228/1321 6077/7227/1324 5341/6371/903
f 5343/6375/905 5994/7229/1251 6074/7228/1321 5342/6373/904
f 5344/6377/906 5995/7230/1252 5994/7229/1251 5343/6375/905
f 5345/6379/907 5996/7231/1253 5995/7230/1252 5344/6377/906
f 5346/6381/908 5997/7232/1254 5996/7233/1253 5345/6382/907
f 5347/6385/909 6015/7234/1272 5997/7232/1254 5346/6381/908
f 5348/6387/332 6016/7235/1273 6015/7234/1272 5347/6385/909
f 5349/6389/332 6000/7236/1257 6016/7235/1273 5348/6387/332
f 5350/6391/332 6001/7237/1258 6000/7236/1257 5349/6389/332
f 5351/6393/332 6014/7238/1271 6001/7237/1258 5350/6391/332
f 5352/6395/332 6013/7239/1270 6014/7238/1271 5351/6393/332
f 5353/6397/332 6012/7240/1269 6013/7239/1270 5352/6395/332
f 5354/6399/332 6006/7241/1263 6012/7240/1269 5353/6397/332
f 5355/6401/910 6007/7242/1264 6006/7241/1263 5354/6399/332
f 5356/6403/911 6025/7243/1282 6007/7242/1264 5355/6401/910
f 5357/6405/912 5970/7244/1227 6025/7243/1282 5356/6403/911
f 5358/6407/913 5971/7245/1228 5970/7244/1227 5357/6405/912
f 5359/6409/914 6069/7246/950 5971/7245/1228 5358/6407/913
f 5360/6411/915 5963/7247/951 6069/7246/950 5359/6409/914
f 6078/7248/1325 6079/7249/1325 6080/7250/634 6081/7251/634
f 6082/7252/1326 6083/7253/1327 6084/7254/1328 6085/7255/1329
f 6086/7256/1330 6087/7257/1331 6088/7258/1332 6089/7259/1333
f 6090/7260/1334 6091/7261/1335 6092/7262/1336 6093/7263/1337
f 6094/7264/1338 6095/7265/497 6096/7266/496 6097/7267/1339
f 6098/7268/1340 6099/7269/499 6087/7257/1331 6086/7256/1330
f 6100/7270/1341 6101/7271/1341 6099/7269/499 6098/7268/1340
f 6102/7272/502 6103/7273/502 6101/7271/1341 6100/7270/1341
f 6104/7274/1342 6105/7275/1342 6103/7273/502 6102/7272/502
f 6106/7276/1343 6107/7277/1343 6105/7275/1342 6104/7274/1342
f 6108/7278/1344 6109/7279/1344 6107/7277/1343 6106/7276/1343
f 6110/7280/506 6111/7281/506 6109/7279/1344 6108/7278/1344
f 6112/7282/507 6113/7283/507 6111/7281/506 6110/7280/506
f 6114/7284/1345 6115/7285/509 6113/7283/507 6112/7282/507
f 6116/7286/1346 6117/7287/1347 6115/7285/509 6114/7284/1345
f 6118/7288/1348 6119/7289/513 6117/7287/1347 6116/7286/1346
f 6120/7290/1349 6121/7291/1349 6119/7289/513 6118/7288/1348
f 6122/7292/1350 6123/7293/1351 6121/7291/1349 6120/7290/1349
f 6124/7294/726 6125/7295/726 6123/7293/1351 6122/7292/1350
f 6081/7251/634 6080/7250/634 6125/7295/726 6124/7294/726
f 6433/7296/1352 6716/7297/1353 5131/5510/520 4578/5509/519
f 4580/5512/522 6127/7298/522 6128/7299/1354 4577/5513/523
f 4583/5516/526 6129/7300/1355 6127/7298/522 4580/5512/522
f 4585/5518/527 6130/7301/527 6129/7300/1355 4583/5516/526
f 4587/5520/528 6131/7302/528 6130/7301/527 4585/5518/527
f 4589/5522/529 6132/7303/529 6131/7302/528 4587/5520/528
f 4591/5524/530 6133/7304/530 6132/7303/529 4589/5522/529
f 4593/5526/532 6134/7305/1356 6133/7304/530 4591/5524/530
f 4595/5528/533 6135/7306/1357 6134/7305/1356 4593/5526/532
f 4597/5530/535 6136/7307/1358 6135/7306/1357 4595/5528/533
f 4599/5532/537 6137/7308/1359 6136/7307/1358 4597/5530/535
f 4601/5534/538 6138/7309/538 6137/7308/1359 4599/5532/537
f 4603/5536/539 6139/7310/1360 6138/7309/538 4601/5534/538
f 4605/5538/540 6140/7311/540 6139/7310/1360 4603/5536/539
f 4607/5540/480 6141/7312/1325 6140/7311/540 4605/5538/540
f 6142/7313/1361 6143/7314/1362 4611/5544/544 4610/5543/543
f 4613/5546/546 6144/7315/1363 6145/7316/1364 4614/5547/547
f 4617/5550/550 6144/7315/1363 4613/5546/546
f 6146/7317/1365 6147/7318/1365 6148/7319/552 6149/7320/552
f 6150/7321/553 6151/7322/553 6152/7323/1366 6153/7324/1367
f 6150/7321/553 6154/7325/553 6151/7322/553
f 6155/7326/1368 6156/7327/1369 6157/7328/1370
f 6158/7329/1371 6159/7330/1372 6160/7331/1373 6161/7332/1374
f 6162/7333/1375 6163/7334/1376 6164/7335/1377 6165/7336/1378
f 6166/7337/1379 6167/7338/1380 6168/7339/1381 6169/7340/1382
f 6170/7341/729 6171/7342/1383 6172/7343/573 6173/7344/1384
f 6174/7345/575 6175/7346/575 6176/7347/576 6177/7348/576
f 6178/7349/575 6179/7350/575 6180/7351/576 6181/7352/576
f 6182/7353/573 6183/7354/573 6184/7355/1385 6185/7356/1385
f 6186/7357/579 6187/7358/588 6188/7359/588 6189/7360/579
f 6190/7361/585 6191/7362/585 6192/7363/586 6193/7364/586
f 6194/7365/583 6195/7366/583 6196/7367/1386 6197/7368/584
f 6198/7369/588 6199/7370/588 6200/7371/579 6201/7372/579
f 6187/7358/588 6202/7373/734 6203/7374/734 6188/7359/588
f 6202/7373/734 6204/7375/736 6205/7376/736 6203/7374/734
f 6204/7375/736 6206/7377/594 6207/7378/738 6205/7376/736
f 6206/7377/594 6170/7341/729 6173/7344/1384 6207/7378/738
f 6208/7379/1387 6209/7380/597 6210/7381/1388 6211/7382/1389
f 6209/7380/597 6212/7383/1390 6213/7384/1391 6210/7381/1388
f 6212/7383/1390 6172/7343/573 6171/7342/1383 6213/7384/1391
f 6214/7385/605 6215/7386/605 6191/7362/585 6190/7361/585
f 6216/7387/607 6217/7388/607 6215/7386/605 6214/7385/605
f 6218/7389/609 6219/7390/609 6217/7388/607 6216/7387/607
f 6177/7348/576 6176/7347/576 6219/7390/609 6218/7389/609
f 6220/7391/603 6221/7392/603 6160/7331/1373 6222/7393/604
f 6175/7346/575 6174/7345/575 6221/7392/603 6220/7391/603
f 6223/7394/600 6224/7395/1392 6195/7366/583 6194/7365/583
f 6225/7396/601 6226/7397/1393 6224/7395/1392 6223/7394/600
f 6227/7398/602 6228/7399/602 6226/7397/1393 6225/7396/601
f 6181/7352/576 6180/7351/576 6228/7399/602 6227/7398/602
f 6160/7331/1373 6229/7400/611 6230/7401/1394 6161/7332/1374
f 6221/7392/603 6231/7402/603 6229/7400/611 6160/7331/1373
f 6174/7345/575 6232/7403/575 6231/7402/603 6221/7392/603
f 6233/7404/590 6234/7405/590 6199/7370/588 6198/7369/588
f 6235/7406/612 6236/7407/1395 6234/7405/590 6233/7404/590
f 6237/7408/1396 6238/7409/1396 6236/7407/1395 6235/7406/612
f 6185/7356/1385 6184/7355/1385 6238/7409/1396 6237/7408/1396
f 6239/7410/1397 6240/7411/1397 6241/7412/615 6167/7338/1380
f 6183/7354/573 6182/7353/573 6240/7411/1397 6239/7410/1397
f 6193/7364/586 6242/7413/1398 6243/7414/1399 6244/7415/1400
f 6093/7263/1337 6092/7262/1336 6242/7413/1398 6245/7416/666
f 6246/7417/1401 6247/7418/1401 6248/7419/1402 6249/7420/1402
f 6250/7421/1334 6251/7422/1334 6247/7418/1401 6246/7417/1401
f 6252/7423/623 6253/7424/626 4726/5659/625 4725/5658/624
f 6149/7320/552 6148/7319/552 6253/7424/626 6252/7423/623
f 6200/7371/579 6254/7425/1403 6255/7426/1403 6201/7372/579
f 4730/5663/628 6256/7427/1403 4731/5664/629
f 6148/7319/552 6147/7318/1365 6257/7428/1365 6258/7429/552
f 6253/7424/626 6148/7319/552 6258/7429/552 4735/5668/623
f 6254/7425/1403 6147/7318/1365 6146/7317/1365 6255/7426/1403
f 4731/5664/629 6259/7430/1404 4736/5669/631
f 6260/7431/553 6261/7432/553 6262/7433/553 6263/7434/553
f 6264/7435/553 6260/7431/553 6263/7434/553 6265/7436/553
f 6266/7437/553 6267/7438/553 6268/7439/553 6269/7440/553
f 6270/7441/553 6271/7442/553 6272/7443/553 6273/7444/553
f 6274/7445/553 6275/7446/553 6271/7442/553 6270/7441/553
f 6276/7447/553 6277/7448/553 6278/7449/553 6279/7450/553
f 6280/7451/553 6281/7452/553 6272/7443/553 6271/7442/553
f 6263/7434/553 6262/7433/553 6281/7452/553 6280/7451/553
f 6282/7453/553 6283/7454/553 6096/7266/496 6095/7265/497
f 6284/7455/553 6280/7451/553 6271/7442/553 6275/7446/553
f 6265/7436/553 6263/7434/553 6280/7451/553 6284/7455/553
f 6260/7431/553 6264/7435/553 6151/7322/553 6154/7325/553
f 6277/7448/553 6285/7456/553 6286/7457/553 6278/7449/553
f 6285/7456/553 6266/7437/553 6269/7440/553 6286/7457/553
f 6287/7458/632 6268/7439/553 6267/7438/553 6288/7459/633
f 6080/7250/634 6079/7249/1325 6289/7460/1325 6290/7461/634
f 4769/5702/635 4771/5704/637 6291/7462/1405
f 6088/7258/1332 6087/7257/1331 6292/7463/1406 6293/7464/1407
f 6294/7465/640 6295/7466/640 6251/7422/1334 6250/7421/1334
f 6097/7267/1339 6096/7266/496 6296/7467/1408 6297/7468/1409
f 6087/7257/1331 6099/7269/499 6298/7469/1340 6292/7463/1406
f 6099/7269/499 6101/7271/1341 6299/7470/1341 6298/7469/1340
f 6101/7271/1341 6103/7273/502 6300/7471/502 6299/7470/1341
f 6103/7273/502 6105/7275/1342 6301/7472/1342 6300/7471/502
f 6105/7275/1342 6107/7277/1343 6302/7473/1343 6301/7472/1342
f 6107/7277/1343 6109/7279/1344 6303/7474/1344 6302/7473/1343
f 6109/7279/1344 6111/7281/506 6304/7475/506 6303/7474/1344
f 6111/7281/506 6113/7283/507 6305/7476/507 6304/7475/506
f 6113/7283/507 6115/7285/509 6306/7477/1345 6305/7476/507
f 6115/7285/509 6117/7287/1347 6307/7478/1410 6306/7477/1345
f 6117/7287/1347 6119/7289/513 6308/7479/1348 6307/7478/1410
f 6119/7289/513 6121/7291/1349 6309/7480/1411 6308/7479/1348
f 6121/7291/1349 6123/7293/1351 6310/7481/1351 6309/7480/1411
f 6123/7293/1351 6125/7295/726 6311/7482/516 6310/7481/1351
f 6125/7295/726 6080/7250/634 6290/7461/634 6311/7482/516
f 6249/7420/1402 6248/7419/1402 6312/7483/1412 6313/7484/1412
f 6313/7484/1412 6312/7483/1412 6314/7485/1413 6315/7486/690
f 6315/7486/690 6314/7485/1413 6316/7487/1414 6317/7488/1414
f 6317/7488/1414 6316/7487/1414 6318/7489/1415 6319/7490/1415
f 6319/7490/1415 6318/7489/1415 6320/7491/1416 6321/7492/1416
f 6321/7492/1416 6320/7491/1416 6322/7493/1417 6323/7494/1417
f 6323/7494/1417 6322/7493/1417 6324/7495/1418 6325/7496/1418
f 6325/7496/1418 6324/7495/1418 6326/7497/1419 6327/7498/1419
f 6327/7498/1419 6326/7497/1419 6328/7499/1420 6329/7500/1421
f 6329/7500/1421 6328/7499/1420 6330/7501/1422 6331/7502/1422
f 6331/7502/1422 6330/7501/1422 6332/7503/537 6333/7504/537
f 6333/7504/537 6332/7503/537 6334/7505/538 6335/7506/538
f 6335/7506/538 6334/7505/538 6336/7507/1423 6337/7508/1423
f 6337/7508/1423 6336/7507/1423 6338/7509/541 6339/7510/541
f 6339/7510/541 6338/7509/541 6079/7249/1325 6078/7248/1325
f 6089/7259/1333 6088/7258/1332 6340/7511/1424 6341/7512/1425
f 6341/7512/1425 6340/7511/1424 6342/7513/1426 6343/7514/1427
f 6094/7264/1338 6097/7267/1339 6344/7515/663 6345/7516/662
f 6180/7351/576 6179/7350/575 6232/7403/575 6346/7517/576
f 6196/7367/1386 6195/7366/583 6347/7518/585 6244/7415/1400
f 6195/7366/583 6224/7395/1392 6348/7519/1428 6347/7518/585
f 6224/7395/1392 6226/7397/1393 6349/7520/1429 6348/7519/1428
f 6226/7397/1393 6228/7399/602 6350/7521/609 6349/7520/1429
f 6228/7399/602 6180/7351/576 6346/7517/576 6350/7521/609
f 6345/7516/662 6344/7515/663 6351/7522/611 6352/7523/611
f 6352/7523/611 6351/7522/611 6353/7524/603 6354/7525/603
f 6354/7525/603 6353/7524/603 6179/7350/575 6178/7349/575
f 6197/7368/584 6196/7367/1386 6355/7526/1430 6356/7527/1431
f 6356/7527/1431 6355/7526/1430 6295/7466/640 6294/7465/640
f 6248/7419/1402 6247/7418/1401 6357/7528/1401 6358/7529/1432
f 6247/7418/1401 6251/7422/1334 6359/7530/1334 6357/7528/1401
f 6360/7531/553 6361/7532/553 6283/7454/553 6282/7453/553
f 6362/7533/553 6363/7534/553 6364/7535/553 6365/7536/553
f 6366/7537/553 6367/7538/553 6361/7532/553 6360/7531/553
f 6096/7266/496 6283/7454/553 6261/7432/553 6296/7467/1408
f 6342/7513/1426 6368/7539/1433 6369/7540/1434 6343/7514/1427
f 6368/7539/1433 6370/7541/1435 6371/7542/1436 6369/7540/1434
f 6370/7541/1435 6372/7543/1437 6373/7544/1438 6371/7542/1436
f 6372/7543/1437 6082/7252/1326 6085/7255/1329 6373/7544/1438
f 6374/7545/1439 6375/7546/1440 6143/7314/1362 6142/7313/1361
f 6376/7547/1441 6377/7548/1442 6375/7546/1440 6374/7545/1439
f 6084/7254/1328 6083/7253/1327 6377/7548/1442 6376/7547/1441
f 4858/5791/679 6378/7549/1443 6379/7550/1444 4617/5550/550
f 4861/5794/682 6378/7549/1443 4858/5791/679
f 4862/5795/683 6380/7551/1445 4861/5794/682
f 4769/5702/635 6291/7462/1405 6381/7552/1446 4862/5795/683
f 6375/7546/1440 4865/5798/686 6143/7314/1362
f 4865/5798/686 6382/7553/1447 4866/5799/687
f 6083/7253/1327 6383/7554/1448 6382/7553/1447 6377/7548/1442
f 6143/7314/1362 4865/5798/686 4611/5544/544
f 6384/7555/1337 6359/7530/1334 6251/7422/1334 6295/7466/640
f 6358/7529/1432 6385/7556/1449 6312/7483/1412 6248/7419/1402
f 6385/7556/1449 6386/7557/1413 6314/7485/1413 6312/7483/1412
f 6386/7557/1413 6387/7558/526 6316/7487/1414 6314/7485/1413
f 6387/7558/526 6388/7559/1415 6318/7489/1415 6316/7487/1414
f 6388/7559/1415 6389/7560/1416 6320/7491/1416 6318/7489/1415
f 6389/7560/1416 6390/7561/1417 6322/7493/1417 6320/7491/1416
f 6390/7561/1417 6391/7562/1418 6324/7495/1418 6322/7493/1417
f 6391/7562/1418 6392/7563/1450 6326/7497/1419 6324/7495/1418
f 6392/7563/1450 6393/7564/1420 6328/7499/1420 6326/7497/1419
f 6393/7564/1420 6394/7565/1451 6330/7501/1422 6328/7499/1420
f 6394/7565/1451 6395/7566/537 6332/7503/537 6330/7501/1422
f 6395/7566/537 6396/7567/538 6334/7505/538 6332/7503/537
f 6396/7567/538 6397/7568/1423 6336/7507/1423 6334/7505/538
f 6397/7568/1423 6398/7569/541 6338/7509/541 6336/7507/1423
f 6398/7569/541 6289/7460/1325 6079/7249/1325 6338/7509/541
f 6297/7468/1409 6230/7401/1394 6344/7515/663 6097/7267/1339
f 6230/7401/1394 6229/7400/611 6351/7522/611 6344/7515/663
f 6229/7400/611 6231/7402/603 6353/7524/603 6351/7522/611
f 6231/7402/603 6232/7403/575 6179/7350/575 6353/7524/603
f 6244/7415/1400 6243/7414/1399 6355/7526/1430 6196/7367/1386
f 6243/7414/1399 6384/7555/1337 6295/7466/640 6355/7526/1430
f 6262/7433/553 6261/7432/553 6283/7454/553 6361/7532/553
f 6273/7444/553 6272/7443/553 6399/7570/553 6400/7571/553
f 6399/7570/553 6272/7443/553 6281/7452/553 6363/7534/553
f 6281/7452/553 6262/7433/553 6361/7532/553 6367/7538/553
f 6290/7461/634 6289/7460/1325 6401/7572/1325 6402/7573/634
f 6297/7468/1409 6296/7467/1408 6403/7574/1452 6404/7575/1453
f 6292/7463/1406 6298/7469/1340 6405/7576/1340 6406/7577/1454
f 6298/7469/1340 6299/7470/1341 6407/7578/1341 6405/7576/1340
f 6299/7470/1341 6300/7471/502 6408/7579/502 6407/7578/1341
f 6300/7471/502 6301/7472/1342 6409/7580/1342 6408/7579/502
f 6301/7472/1342 6302/7473/1343 6410/7581/1455 6409/7580/1342
f 6302/7473/1343 6303/7474/1344 6411/7582/1344 6410/7581/1455
f 6303/7474/1344 6304/7475/506 6412/7583/506 6411/7582/1344
f 6304/7475/506 6305/7476/507 6413/7584/507 6412/7583/506
f 6305/7476/507 6306/7477/1345 6414/7585/1345 6413/7584/507
f 6306/7477/1345 6307/7478/1410 6415/7586/1456 6414/7585/1345
f 6307/7478/1410 6308/7479/1348 6416/7587/1348 6415/7586/1456
f 6308/7479/1348 6309/7480/1411 6417/7588/1411 6416/7587/1348
f 6309/7480/1411 6310/7481/1351 6418/7589/1350 6417/7588/1411
f 6310/7481/1351 6311/7482/516 6419/7590/516 6418/7589/1350
f 6311/7482/516 6290/7461/634 6402/7573/634 6419/7590/516
f 6346/7517/576 6232/7403/575 6174/7345/575 6177/7348/576
f 6244/7415/1400 6347/7518/585 6190/7361/585 6193/7364/586
f 6347/7518/585 6348/7519/1428 6214/7385/605 6190/7361/585
f 6348/7519/1428 6349/7520/1429 6216/7387/607 6214/7385/605
f 6349/7520/1429 6350/7521/609 6218/7389/609 6216/7387/607
f 6350/7521/609 6346/7517/576 6177/7348/576 6218/7389/609
f 6358/7529/1432 6357/7528/1401 6420/7591/1457 6421/7592/1458
f 6357/7528/1401 6359/7530/1334 6422/7593/1334 6420/7591/1457
f 6296/7467/1408 6261/7432/553 6260/7431/553 6154/7325/553
f 6293/7464/1407 6423/7594/1459 6340/7511/1424 6088/7258/1332
f 6423/7594/1459 6424/7595/1460 6342/7513/1426 6340/7511/1424
f 6425/7596/1461 6383/7554/1448 6083/7253/1327 6082/7252/1326
f 6424/7595/1460 6426/7597/1462 6368/7539/1433 6342/7513/1426
f 6426/7597/1462 6427/7598/1463 6370/7541/1435 6368/7539/1433
f 6427/7598/1463 6428/7599/1464 6372/7543/1437 6370/7541/1435
f 6428/7599/1464 6425/7596/1461 6082/7252/1326 6372/7543/1437
f 6382/7553/1447 6383/7554/1448 4771/5704/637 4866/5799/687
f 6293/7464/1407 6292/7463/1406 6406/7577/1454 6429/7600/1465
f 6382/7553/1447 4865/5798/686 6375/7546/1440 6377/7548/1442
f 6092/7262/1336 6430/7601/1466 6422/7593/1334 6431/7602/1467
f 6242/7413/1398 6431/7602/1467 6384/7555/1337 6243/7414/1399
f 6126/7603/1468 6432/7604/1469 6433/7296/1352 4578/5509/519
f 6432/7604/1469 6091/7261/1335 6090/7260/1334 6433/7296/1352
f 6242/7413/1398 6193/7364/586 6192/7363/586 6245/7416/666
f 6126/7603/1468 6128/7299/1354 6434/7605/1354 6435/7606/1470
f 6436/7607/1471 6437/7608/525 6386/7557/1413 6385/7556/1449
f 6437/7608/525 6438/7609/526 6387/7558/526 6386/7557/1413
f 6438/7609/526 6439/7610/1415 6388/7559/1415 6387/7558/526
f 6439/7610/1415 6440/7611/1416 6389/7560/1416 6388/7559/1415
f 6440/7611/1416 6441/7612/1417 6390/7561/1417 6389/7560/1416
f 6441/7612/1417 6442/7613/1418 6391/7562/1418 6390/7561/1417
f 6442/7613/1418 6443/7614/1450 6392/7563/1450 6391/7562/1418
f 6443/7614/1450 6444/7615/1421 6393/7564/1420 6392/7563/1450
f 6444/7615/1421 6445/7616/1451 6394/7565/1451 6393/7564/1420
f 6445/7616/1451 6446/7617/537 6395/7566/537 6394/7565/1451
f 6446/7617/537 6447/7618/538 6396/7567/538 6395/7566/537
f 6447/7618/538 6448/7619/1423 6397/7568/1423 6396/7567/538
f 6448/7619/1423 6449/7620/541 6398/7569/541 6397/7568/1423
f 6449/7620/541 6401/7572/1325 6289/7460/1325 6398/7569/541
f 6402/7573/634 6401/7572/1325 6450/7621/1325 6451/7622/634
f 6406/7577/1454 6405/7576/1340 6452/7623/1340 6453/7624/1454
f 6405/7576/1340 6407/7578/1341 6454/7625/1341 6452/7623/1340
f 6407/7578/1341 6408/7579/502 6455/7626/502 6454/7625/1341
f 6408/7579/502 6409/7580/1342 6456/7627/1472 6455/7626/502
f 6409/7580/1342 6410/7581/1455 6457/7628/1455 6456/7627/1472
f 6410/7581/1455 6411/7582/1344 6458/7629/505 6457/7628/1455
f 6411/7582/1344 6412/7583/506 6459/7630/506 6458/7629/505
f 6412/7583/506 6413/7584/507 6460/7631/507 6459/7630/506
f 6413/7584/507 6414/7585/1345 6461/7632/1345 6460/7631/507
f 6414/7585/1345 6415/7586/1456 6462/7633/1456 6461/7632/1345
f 6415/7586/1456 6416/7587/1348 6463/7634/1348 6462/7633/1456
f 6416/7587/1348 6417/7588/1411 6464/7635/1411 6463/7634/1348
f 6417/7588/1411 6418/7589/1350 6465/7636/1350 6464/7635/1411
f 6418/7589/1350 6419/7590/516 6466/7637/516 6465/7636/1350
f 6419/7590/516 6402/7573/634 6451/7622/634 6466/7637/516
f 6421/7592/1458 6420/7591/1457 6467/7638/1457 6468/7639/1470
f 6420/7591/1457 6422/7593/1334 6430/7601/1466 6467/7638/1457
f 6431/7602/1467 6422/7593/1334 6359/7530/1334 6384/7555/1337
f 6421/7592/1458 6436/7607/1471 6385/7556/1449 6358/7529/1432
f 6469/7640/1354 6470/7641/525 6437/7608/525 6436/7607/1471
f 6470/7641/525 6471/7642/526 6438/7609/526 6437/7608/525
f 6471/7642/526 6472/7643/1415 6439/7610/1415 6438/7609/526
f 6472/7643/1415 6473/7644/1473 6440/7611/1416 6439/7610/1415
f 6473/7644/1473 6474/7645/1474 6441/7612/1417 6440/7611/1416
f 6474/7645/1474 6475/7646/1418 6442/7613/1418 6441/7612/1417
f 6475/7646/1418 6476/7647/1450 6443/7614/1450 6442/7613/1418
f 6476/7647/1450 6477/7648/1421 6444/7615/1421 6443/7614/1450
f 6477/7648/1421 6478/7649/1451 6445/7616/1451 6444/7615/1421
f 6478/7649/1451 6479/7650/537 6446/7617/537 6445/7616/1451
f 6479/7650/537 6480/7651/538 6447/7618/538 6446/7617/537
f 6480/7651/538 6481/7652/1423 6448/7619/1423 6447/7618/538
f 6481/7652/1423 6482/7653/541 6449/7620/541 6448/7619/1423
f 6482/7653/541 6450/7621/1325 6401/7572/1325 6449/7620/541
f 6468/7639/1470 6469/7640/1354 6436/7607/1471 6421/7592/1458
f 6451/7622/634 6450/7621/1325 6483/7654/1325 6484/7655/634
f 6453/7624/1454 6452/7623/1340 6485/7656/1340 6486/7657/1475
f 6452/7623/1340 6454/7625/1341 6487/7658/1341 6485/7656/1340
f 6454/7625/1341 6455/7626/502 6488/7659/502 6487/7658/1341
f 6455/7626/502 6456/7627/1472 6489/7660/1472 6488/7659/502
f 6456/7627/1472 6457/7628/1455 6490/7661/1343 6489/7660/1472
f 6457/7628/1455 6458/7629/505 6491/7662/505 6490/7661/1343
f 6458/7629/505 6459/7630/506 6492/7663/506 6491/7662/505
f 6459/7630/506 6460/7631/507 6493/7664/507 6492/7663/506
f 6460/7631/507 6461/7632/1345 6494/7665/1345 6493/7664/507
f 6461/7632/1345 6462/7633/1456 6495/7666/1456 6494/7665/1345
f 6462/7633/1456 6463/7634/1348 6496/7667/1476 6495/7666/1456
f 6463/7634/1348 6464/7635/1411 6497/7668/1411 6496/7667/1476
f 6464/7635/1411 6465/7636/1350 6498/7669/1350 6497/7668/1411
f 6465/7636/1350 6466/7637/516 6499/7670/516 6498/7669/1350
f 6466/7637/516 6451/7622/634 6484/7655/634 6499/7670/516
f 6468/7639/1470 6467/7638/1457 6500/7671/1457 6501/7672/1470
f 6467/7638/1457 6430/7601/1466 6091/7261/1335 6500/7671/1457
f 6502/7673/1354 6503/7674/525 6470/7641/525 6469/7640/1354
f 6503/7674/525 6504/7675/526 6471/7642/526 6470/7641/525
f 6504/7675/526 6505/7676/1477 6472/7643/1415 6471/7642/526
f 6505/7676/1477 6506/7677/1478 6473/7644/1473 6472/7643/1415
f 6506/7677/1478 6507/7678/1479 6474/7645/1474 6473/7644/1473
f 6507/7678/1479 6508/7679/1480 6475/7646/1418 6474/7645/1474
f 6508/7679/1480 6509/7680/1450 6476/7647/1450 6475/7646/1418
f 6509/7680/1450 6510/7681/1421 6477/7648/1421 6476/7647/1450
f 6510/7681/1421 6511/7682/1451 6478/7649/1451 6477/7648/1421
f 6511/7682/1451 6512/7683/537 6479/7650/537 6478/7649/1451
f 6512/7683/537 6513/7684/1481 6480/7651/538 6479/7650/537
f 6513/7684/1481 6514/7685/1423 6481/7652/1423 6480/7651/538
f 6514/7685/1423 6515/7686/541 6482/7653/541 6481/7652/1423
f 6515/7686/541 6483/7654/1325 6450/7621/1325 6482/7653/541
f 6501/7672/1470 6502/7673/1354 6469/7640/1354 6468/7639/1470
f 6484/7655/634 6483/7654/1325 6516/7687/1325 6517/7688/634
f 6486/7657/1475 6485/7656/1340 6518/7689/1340 6519/7690/1475
f 6485/7656/1340 6487/7658/1341 6520/7691/1341 6518/7689/1340
f 6487/7658/1341 6488/7659/502 6521/7692/502 6520/7691/1341
f 6488/7659/502 6489/7660/1472 6522/7693/1472 6521/7692/502
f 6489/7660/1472 6490/7661/1343 6523/7694/1343 6522/7693/1472
f 6490/7661/1343 6491/7662/505 6524/7695/505 6523/7694/1343
f 6491/7662/505 6492/7663/506 6525/7696/506 6524/7695/505
f 6492/7663/506 6493/7664/507 6526/7697/507 6525/7696/506
f 6493/7664/507 6494/7665/1345 6527/7698/1345 6526/7697/507
f 6494/7665/1345 6495/7666/1456 6528/7699/696 6527/7698/1345
f 6495/7666/1456 6496/7667/1476 6529/7700/1476 6528/7699/696
f 6496/7667/1476 6497/7668/1411 6530/7701/1482 6529/7700/1476
f 6497/7668/1411 6498/7669/1350 6531/7702/1350 6530/7701/1482
f 6498/7669/1350 6499/7670/516 6532/7703/516 6531/7702/1350
f 6499/7670/516 6484/7655/634 6517/7688/634 6532/7703/516
f 6501/7672/1470 6500/7671/1457 6432/7604/1469 6435/7606/1470
f 6434/7605/1354 6533/7704/525 6503/7674/525 6502/7673/1354
f 6533/7704/525 6534/7705/1355 6504/7675/526 6503/7674/525
f 6534/7705/1355 6535/7706/1477 6505/7676/1477 6504/7675/526
f 6535/7706/1477 6536/7707/528 6506/7677/1478 6505/7676/1477
f 6536/7707/528 6537/7708/529 6507/7678/1479 6506/7677/1478
f 6537/7708/529 6538/7709/1483 6508/7679/1480 6507/7678/1479
f 6538/7709/1483 6539/7710/1356 6509/7680/1450 6508/7679/1480
f 6539/7710/1356 6540/7711/1421 6510/7681/1421 6509/7680/1450
f 6540/7711/1421 6541/7712/1451 6511/7682/1451 6510/7681/1421
f 6541/7712/1451 6542/7713/1359 6512/7683/537 6511/7682/1451
f 6542/7713/1359 6543/7714/1481 6513/7684/1481 6512/7683/537
f 6543/7714/1481 6544/7715/1360 6514/7685/1423 6513/7684/1481
f 6544/7715/1360 6545/7716/541 6515/7686/541 6514/7685/1423
f 6545/7716/541 6516/7687/1325 6483/7654/1325 6515/7686/541
f 6435/7606/1470 6434/7605/1354 6502/7673/1354 6501/7672/1470
f 6517/7688/634 6516/7687/1325 6141/7312/1325 6546/7717/717
f 6519/7690/1475 6518/7689/1340 6547/7718/1340 6548/7719/1484
f 6518/7689/1340 6520/7691/1341 6549/7720/1341 6547/7718/1340
f 6520/7691/1341 6521/7692/502 6550/7721/719 6549/7720/1341
f 6521/7692/502 6522/7693/1472 6551/7722/1472 6550/7721/719
f 6522/7693/1472 6523/7694/1343 6552/7723/1343 6551/7722/1472
f 6523/7694/1343 6524/7695/505 6553/7724/721 6552/7723/1343
f 6524/7695/505 6525/7696/506 6554/7725/506 6553/7724/721
f 6525/7696/506 6526/7697/507 6555/7726/1485 6554/7725/506
f 6526/7697/507 6527/7698/1345 6556/7727/1345 6555/7726/1485
f 6527/7698/1345 6528/7699/696 6557/7728/723 6556/7727/1345
f 6528/7699/696 6529/7700/1476 6558/7729/1348 6557/7728/723
f 6529/7700/1476 6530/7701/1482 6559/7730/1486 6558/7729/1348
f 6530/7701/1482 6531/7702/1350 6560/7731/1487 6559/7730/1486
f 6531/7702/1350 6532/7703/516 6561/7732/516 6560/7731/1487
f 6532/7703/516 6517/7688/634 6546/7717/717 6561/7732/516
f 6128/7299/1354 6127/7298/522 6533/7704/525 6434/7605/1354
f 6127/7298/522 6129/7300/1355 6534/7705/1355 6533/7704/525
f 6129/7300/1355 6130/7301/527 6535/7706/1477 6534/7705/1355
f 6130/7301/527 6131/7302/528 6536/7707/528 6535/7706/1477
f 6131/7302/528 6132/7303/529 6537/7708/529 6536/7707/528
f 6132/7303/529 6133/7304/530 6538/7709/1483 6537/7708/529
f 6133/7304/530 6134/7305/1356 6539/7710/1356 6538/7709/1483
f 6134/7305/1356 6135/7306/1357 6540/7711/1421 6539/7710/1356
f 6135/7306/1357 6136/7307/1358 6541/7712/1451 6540/7711/1421
f 6136/7307/1358 6137/7308/1359 6542/7713/1359 6541/7712/1451
f 6137/7308/1359 6138/7309/538 6543/7714/1481 6542/7713/1359
f 6138/7309/538 6139/7310/1360 6544/7715/1360 6543/7714/1481
f 6139/7310/1360 6140/7311/540 6545/7716/541 6544/7715/1360
f 6140/7311/540 6141/7312/1325 6516/7687/1325 6545/7716/541
f 6546/7717/717 6141/7312/1325 4607/5540/480 5047/5980/717
f 6548/7719/1484 6547/7718/1340 5049/5982/498 5048/5981/718
f 6547/7718/1340 6549/7720/1341 5050/5983/712 5049/5982/498
f 6549/7720/1341 6550/7721/719 5051/5984/719 5050/5983/712
f 6550/7721/719 6551/7722/1472 5052/5985/720 5051/5984/719
f 6551/7722/1472 6552/7723/1343 5053/5986/715 5052/5985/720
f 6552/7723/1343 6553/7724/721 5054/5987/721 5053/5986/715
f 6553/7724/721 6554/7725/506 5055/5988/506 5054/5987/721
f 6554/7725/506 6555/7726/1485 5056/5989/722 5055/5988/506
f 6555/7726/1485 6556/7727/1345 5057/5990/508 5056/5989/722
f 6556/7727/1345 6557/7728/723 5058/5991/723 5057/5990/508
f 6557/7728/723 6558/7729/1348 5059/5992/512 5058/5991/723
f 6558/7729/1348 6559/7730/1486 5060/5993/724 5059/5992/512
f 6559/7730/1486 6560/7731/1487 5061/5994/725 5060/5993/724
f 6560/7731/1487 6561/7732/516 5062/5995/726 5061/5994/725
f 6561/7732/516 6546/7717/717 5047/5980/717 5062/5995/726
f 6211/7382/1389 6562/7733/1488 6563/7734/1489 6208/7379/1387
f 6562/7733/1488 6287/7458/632 6288/7459/633 6563/7734/1489
f 6564/7735/729 6565/7736/573 5067/6000/730 5066/5999/729
f 6173/7344/1384 6172/7343/573 6565/7736/573 6564/7735/729
f 6566/7737/1490 6567/7738/1491 6184/7355/1385 6183/7354/573
f 6171/7342/1383 6170/7341/729 6567/7738/1491 6566/7737/1490
f 6259/7430/1404 6568/7739/588 5071/6004/733 4736/5669/631
f 6189/7360/579 6188/7359/588 6568/7739/588 6259/7430/1404
f 6569/7740/588 6570/7741/579 6200/7371/579 6199/7370/588
f 6187/7358/588 6186/7357/579 6570/7741/579 6569/7740/588
f 6568/7739/588 6571/7742/734 5075/6008/734 5071/6004/733
f 6188/7359/588 6203/7374/734 6571/7742/734 6568/7739/588
f 6572/7743/734 6569/7740/588 6199/7370/588 6234/7405/590
f 6202/7373/734 6187/7358/588 6569/7740/588 6572/7743/734
f 6571/7742/734 6573/7744/736 5078/6011/736 5075/6008/734
f 6203/7374/734 6205/7376/736 6573/7744/736 6571/7742/734
f 6574/7745/1395 6572/7743/734 6234/7405/590 6236/7407/1395
f 6204/7375/736 6202/7373/734 6572/7743/734 6574/7745/1395
f 6573/7744/736 6575/7746/738 5081/6014/738 5078/6011/736
f 6205/7376/736 6207/7378/738 6575/7746/738 6573/7744/736
f 6576/7747/1492 6574/7745/1395 6236/7407/1395 6238/7409/1396
f 6206/7377/594 6204/7375/736 6574/7745/1395 6576/7747/1492
f 6575/7746/738 6564/7735/729 5066/5999/729 5081/6014/738
f 6207/7378/738 6173/7344/1384 6564/7735/729 6575/7746/738
f 6567/7738/1491 6576/7747/1492 6238/7409/1396 6184/7355/1385
f 6170/7341/729 6206/7377/594 6576/7747/1492 6567/7738/1491
f 6162/7333/1375 6577/7748/597 6167/7338/1380 6166/7337/1379
f 6211/7382/1389 6210/7381/1388 6577/7748/597 6162/7333/1375
f 6578/7749/1493 6579/7750/1494 5087/6020/741 5086/6019/597
f 6209/7380/597 6208/7379/1387 6579/7750/1494 6578/7749/1493
f 6577/7748/597 6580/7751/1495 6239/7410/1397 6167/7338/1380
f 6210/7381/1388 6213/7384/1391 6580/7751/1495 6577/7748/597
f 6581/7752/744 6578/7749/1493 5086/6019/597 5091/6024/744
f 6212/7383/1390 6209/7380/597 6578/7749/1493 6581/7752/744
f 6580/7751/1495 6566/7737/1490 6183/7354/573 6239/7410/1397
f 6213/7384/1391 6171/7342/1383 6566/7737/1490 6580/7751/1495
f 6565/7736/573 6581/7752/744 5091/6024/744 5067/6000/730
f 6172/7343/573 6212/7383/1390 6581/7752/744 6565/7736/573
f 6582/7753/553 6583/7754/553 6264/7435/553 6265/7436/553
f 6269/7440/553 6268/7439/553 6583/7754/553 6582/7753/553
f 6584/7755/553 6585/7756/553 5096/6029/553 5095/6028/553
f 6267/7438/553 6266/7437/553 6585/7756/553 6584/7755/553
f 6586/7757/553 6587/7758/553 6275/7446/553 6274/7445/553
f 6279/7450/553 6278/7449/553 6587/7758/553 6586/7757/553
f 5100/6033/553 6588/7759/553 6589/7760/553 5101/6034/553
f 6588/7759/553 6277/7448/553 6276/7447/553 6589/7760/553
f 6587/7758/553 6590/7761/553 6284/7455/553 6275/7446/553
f 6278/7449/553 6286/7457/553 6590/7761/553 6587/7758/553
f 6591/7762/553 6588/7759/553 5100/6033/553 5106/6039/553
f 6285/7456/553 6277/7448/553 6588/7759/553 6591/7762/553
f 6590/7761/553 6582/7753/553 6265/7436/553 6284/7455/553
f 6286/7457/553 6269/7440/553 6582/7753/553 6590/7761/553
f 6585/7756/553 6591/7762/553 5106/6039/553 5096/6029/553
f 6266/7437/553 6285/7456/553 6591/7762/553 6585/7756/553
f 6592/7763/745 6584/7755/553 5095/6028/553 5108/6041/746
f 6288/7459/633 6267/7438/553 6584/7755/553 6592/7763/745
f 6583/7754/553 6593/7764/1496 6151/7322/553 6264/7435/553
f 6268/7439/553 6287/7458/632 6593/7764/1496 6583/7754/553
f 6579/7750/1494 6594/7765/1497 5110/6043/748 5087/6020/741
f 6208/7379/1387 6563/7734/1489 6594/7765/1497 6579/7750/1494
f 6562/7733/1488 6211/7382/1389 6162/7333/1375 6165/7336/1378
f 6594/7765/1497 6592/7763/745 5108/6041/746 5110/6043/748
f 6563/7734/1489 6288/7459/633 6592/7763/745 6594/7765/1497
f 6287/7458/632 6562/7733/1488 6165/7336/1378 6593/7764/1496
f 6153/7324/1367 6152/7323/1366 6164/7335/1377 6595/7766/750
f 6166/7337/1379 6163/7334/1376 6162/7333/1375
f 6154/7325/553 6403/7574/1452 6296/7467/1408
f 6157/7328/1370 6156/7327/1369 6404/7575/1453 6596/7767/1498
f 6164/7335/1377 6163/7334/1376 6597/7768/1499 6595/7766/750
f 6164/7335/1377 6152/7323/1366 6593/7764/1496 6165/7336/1378
f 6152/7323/1366 6151/7322/553 6593/7764/1496
f 6598/7769/1500 6163/7334/1376 6166/7337/1379 6169/7340/1382
f 6404/7575/1453 6403/7574/1452 6599/7770/1501 6596/7767/1498
f 6404/7575/1453 6156/7327/1369 6230/7401/1394 6297/7468/1409
f 6403/7574/1452 6154/7325/553 6150/7321/553 6599/7770/1501
f 6156/7327/1369 6161/7332/1374 6230/7401/1394
f 6400/7571/553 6399/7570/553 6363/7534/553 6362/7533/553
f 6365/7536/553 6364/7535/553 6367/7538/553 6366/7537/553
f 6364/7535/553 6363/7534/553 6281/7452/553 6367/7538/553
f 6429/7600/1465 6600/7771/1502 6423/7594/1459 6293/7464/1407
f 6600/7771/1502 6601/7772/1503 6424/7595/1460 6423/7594/1459
f 6291/7462/1405 4771/5704/637 6383/7554/1448 6425/7596/1461
f 6601/7772/1503 6602/7773/1504 6426/7597/1462 6424/7595/1460
f 6602/7773/1504 6603/7774/1505 6427/7598/1463 6426/7597/1462
f 6603/7774/1505 6381/7552/1446 6428/7599/1464 6427/7598/1463
f 6381/7552/1446 6291/7462/1405 6425/7596/1461 6428/7599/1464
f 6429/7600/1465 6406/7577/1454 6453/7624/1454 6604/7775/1506
f 6604/7775/1506 6605/7776/1507 6600/7771/1502 6429/7600/1465
f 6605/7776/1507 6606/7777/1508 6601/7772/1503 6600/7771/1502
f 6606/7777/1508 6607/7778/1509 6602/7773/1504 6601/7772/1503
f 6607/7778/1509 6380/7551/1445 6603/7774/1505 6602/7773/1504
f 6380/7551/1445 4862/5795/683 6381/7552/1446 6603/7774/1505
f 6604/7775/1506 6453/7624/1454 6486/7657/1475 6608/7779/1510
f 6608/7779/1510 6609/7780/1511 6605/7776/1507 6604/7775/1506
f 6609/7780/1511 6379/7550/1444 6606/7777/1508 6605/7776/1507
f 6379/7550/1444 6378/7549/1443 6607/7778/1509 6606/7777/1508
f 6608/7779/1510 6486/7657/1475 6519/7690/1475 6145/7316/1364
f 6378/7549/1443 4861/5794/682 6380/7551/1445 6607/7778/1509
f 6145/7316/1364 6144/7315/1363 6609/7780/1511 6608/7779/1510
f 6144/7315/1363 4617/5550/550 6379/7550/1444 6609/7780/1511
f 4614/5547/547 6548/7719/1484 5048/5981/718
f 6548/7719/1484 4614/5547/547 6145/7316/1364 6519/7690/1475
f 6163/7334/1376 6598/7769/1500 6597/7768/1499
f 6156/7327/1369 6155/7326/1368 6158/7329/1371 6161/7332/1374
f 6160/7331/1373 6159/7330/1372 6222/7393/604
f 6168/7339/1381 6167/7338/1380 6241/7412/615
f 6431/7602/1467 6242/7413/1398 6092/7262/1336
f 6430/7601/1466 6092/7262/1336 6091/7261/1335
f 6500/7671/1457 6091/7261/1335 6432/7604/1469
f 6435/7606/1470 6432/7604/1469 6126/7603/1468
f 6128/7299/1354 6126/7603/1468 4577/5513/523
f 6253/7424/626 4735/5668/623 4726/5659/625
f 6610/7781/1403 6257/7428/1365 6147/7318/1365 6254/7425/1403
f 6258/7429/552 6257/7428/1365 6611/7782/1365 5128/6061/765
f 4735/5668/623 6258/7429/552 5128/6061/765
f 6612/7783/1403 6611/7782/1365 6257/7428/1365 6610/7781/1403
f 5128/6061/765 6611/7782/1365 4730/5663/628
f 6256/7427/1403 4730/5663/628 6611/7782/1365 6612/7783/1403
f 6570/7741/579 6610/7781/1403 6254/7425/1403 6200/7371/579
f 6186/7357/579 6612/7783/1403 6610/7781/1403 6570/7741/579
f 6189/7360/579 6256/7427/1403 6612/7783/1403 6186/7357/579
f 6259/7430/1404 4731/5664/629 6256/7427/1403 6189/7360/579
f 6081/7251/634 6613/7784/1512 6614/7785/1513 6078/7248/1325
f 6084/7254/1328 6615/7786/1514 6616/7787/1515 6085/7255/1329
f 6089/7259/1333 6617/7788/1516 6618/7789/1517 6086/7256/1330
f 6093/7263/1337 6619/7790/1518 6620/7791/1519 6090/7260/1334
f 6094/7264/1338 6621/7792/1520 6622/7793/1521 6095/7265/497
f 6086/7256/1330 6618/7789/1517 6623/7794/1522 6098/7268/1340
f 6098/7268/1340 6623/7794/1522 6624/7795/1523 6100/7270/1341
f 6100/7270/1341 6624/7795/1523 6625/7796/1524 6102/7272/502
f 6102/7272/502 6625/7796/1524 6626/7797/1525 6104/7274/1342
f 6104/7274/1342 6626/7797/1525 6627/7798/1526 6106/7276/1343
f 6106/7276/1343 6627/7798/1526 6628/7799/1527 6108/7278/1344
f 6108/7278/1344 6628/7799/1527 6629/7800/1528 6110/7280/506
f 6110/7280/506 6629/7800/1528 6630/7801/1529 6112/7282/507
f 6112/7282/507 6630/7801/1529 6631/7802/1530 6114/7284/1345
f 6114/7284/1345 6631/7802/1530 6632/7803/1531 6116/7286/1346
f 6116/7286/1346 6632/7803/1531 6633/7804/1532 6118/7288/1348
f 6118/7288/1348 6633/7804/1532 6634/7805/1533 6120/7290/1349
f 6120/7290/1349 6634/7805/1533 6635/7806/1534 6122/7292/1350
f 6122/7292/1350 6635/7806/1534 6636/7807/1535 6124/7294/726
f 6124/7294/726 6636/7807/1535 6613/7784/1512 6081/7251/634
f 4610/5543/543 5157/6089/791 6637/7808/1536 6142/7313/1361
f 6149/7320/552 6638/7809/1537 6639/7810/1538 6146/7317/1365
f 6153/7324/1367 6640/7811/1539 6641/7812/1540 6150/7321/553
f 6157/7328/1370 6642/7813/1541 6643/7814/1542 6155/7326/1368
f 6158/7329/1371 6644/7815/1543 6645/7816/1544 6159/7330/1372
f 6168/7339/1381 6646/7817/1545 6647/7818/1546 6169/7340/1382
f 6175/7346/575 6648/7819/804 6649/7820/805 6176/7347/576
f 6181/7352/576 6650/7821/802 6651/7822/803 6178/7349/575
f 6185/7356/1385 6652/7823/1547 6653/7824/1548 6182/7353/573
f 6191/7362/585 6654/7825/810 6655/7826/1549 6192/7363/586
f 6197/7368/584 6656/7827/1550 6657/7828/809 6194/7365/583
f 6201/7372/579 6658/7829/1551 6659/7830/1552 6198/7369/588
f 6215/7386/605 6660/7831/819 6654/7825/810 6191/7362/585
f 6217/7388/607 6661/7832/820 6660/7831/819 6215/7386/605
f 6219/7390/609 6662/7833/821 6661/7832/820 6217/7388/607
f 6176/7347/576 6649/7820/805 6662/7833/821 6219/7390/609
f 6222/7393/604 6663/7834/1553 6664/7835/855 6220/7391/603
f 6220/7391/603 6664/7835/855 6648/7819/804 6175/7346/575
f 6194/7365/583 6657/7828/809 6665/7836/814 6223/7394/600
f 6223/7394/600 6665/7836/814 6666/7837/815 6225/7396/601
f 6225/7396/601 6666/7837/815 6667/7838/816 6227/7398/602
f 6227/7398/602 6667/7838/816 6650/7821/802 6181/7352/576
f 6198/7369/588 6659/7830/1552 6668/7839/1554 6233/7404/590
f 6233/7404/590 6668/7839/1554 6669/7840/1555 6235/7406/612
f 6235/7406/612 6669/7840/1555 6670/7841/1556 6237/7408/1396
f 6237/7408/1396 6670/7841/1556 6652/7823/1547 6185/7356/1385
f 6240/7411/1397 6671/7842/1557 6672/7843/1558 6241/7412/615
f 6182/7353/573 6653/7824/1548 6671/7842/1557 6240/7411/1397
f 6245/7416/666 6673/7844/1559 6619/7790/1518 6093/7263/1337
f 6249/7420/1402 6674/7845/1560 6675/7846/1561 6246/7417/1401
f 6246/7417/1401 6675/7846/1561 6676/7847/1562 6250/7421/1334
f 4725/5658/624 5198/6130/832 6677/7848/1563 6252/7423/623
f 6252/7423/623 6677/7848/1563 6638/7809/1537 6149/7320/552
f 6255/7426/1403 6678/7849/1564 6658/7829/1551 6201/7372/579
f 6146/7317/1365 6639/7810/1538 6678/7849/1564 6255/7426/1403
f 6273/7444/553 6679/7850/834 6680/7851/834 6270/7441/553
f 6270/7441/553 6680/7851/834 6681/7852/834 6274/7445/553
f 6279/7450/553 6682/7853/834 6683/7854/834 6276/7447/553
f 6095/7265/497 6622/7793/1521 6684/7855/1565 6282/7453/553
f 6250/7421/1334 6676/7847/1562 6685/7856/1566 6294/7465/640
f 6313/7484/1412 6686/7857/1567 6674/7845/1560 6249/7420/1402
f 6315/7486/690 6687/7858/1568 6686/7857/1567 6313/7484/1412
f 6317/7488/1414 6688/7859/1569 6687/7858/1568 6315/7486/690
f 6319/7490/1415 6689/7860/1570 6688/7859/1569 6317/7488/1414
f 6321/7492/1416 6690/7861/1571 6689/7860/1570 6319/7490/1415
f 6323/7494/1417 6691/7862/1572 6690/7861/1571 6321/7492/1416
f 6325/7496/1418 6692/7863/1573 6691/7862/1572 6323/7494/1417
f 6327/7498/1419 6693/7864/1574 6692/7863/1573 6325/7496/1418
f 6329/7500/1421 6694/7865/1575 6693/7864/1574 6327/7498/1419
f 6331/7502/1422 6695/7866/1576 6694/7865/1575 6329/7500/1421
f 6333/7504/537 6696/7867/1577 6695/7866/1576 6331/7502/1422
f 6335/7506/538 6697/7868/1578 6696/7867/1577 6333/7504/537
f 6337/7508/1423 6698/7869/1579 6697/7868/1578 6335/7506/538
f 6339/7510/541 6699/7870/1580 6698/7869/1579 6337/7508/1423
f 6078/7248/1325 6614/7785/1513 6699/7870/1580 6339/7510/541
f 6341/7512/1425 6700/7871/1581 6617/7788/1516 6089/7259/1333
f 6343/7514/1427 6701/7872/1582 6700/7871/1581 6341/7512/1425
f 6345/7516/662 6702/7873/1583 6621/7792/1520 6094/7264/1338
f 6352/7523/611 6703/7874/1584 6702/7873/1583 6345/7516/662
f 6354/7525/603 6704/7875/817 6703/7874/1584 6352/7523/611
f 6178/7349/575 6651/7822/803 6704/7875/817 6354/7525/603
f 6356/7527/1431 6705/7876/1585 6656/7827/1550 6197/7368/584
f 6294/7465/640 6685/7856/1566 6705/7876/1585 6356/7527/1431
f 6282/7453/553 6684/7855/1565 6706/7877/1565 6360/7531/553
f 6365/7536/553 6707/7878/1586 6708/7879/1587 6362/7533/553
f 6360/7531/553 6706/7877/1565 6709/7880/1565 6366/7537/553
f 6369/7540/1434 6710/7881/1588 6701/7872/1582 6343/7514/1427
f 6371/7542/1436 6711/7882/1589 6710/7881/1588 6369/7540/1434
f 6373/7544/1438 6712/7883/1590 6711/7882/1589 6371/7542/1436
f 6085/7255/1329 6616/7787/1515 6712/7883/1590 6373/7544/1438
f 6142/7313/1361 6637/7808/1536 6713/7884/1591 6374/7545/1439
f 6374/7545/1439 6713/7884/1591 6714/7885/1592 6376/7547/1441
f 6376/7547/1441 6714/7885/1592 6615/7786/1514 6084/7254/1328
f 6400/7571/553 6715/7886/1593 6679/7850/834 6273/7444/553
f 4577/5513/523 6126/7603/1468 4578/5509/519
f 6090/7260/1334 6620/7791/1519 6716/7297/1353 6433/7296/1352
f 6192/7363/586 6655/7826/1549 6673/7844/1559 6245/7416/666
f 6274/7445/553 6681/7852/834 6717/7887/834 6586/7757/553
f 6586/7757/553 6717/7887/834 6682/7853/834 6279/7450/553
f 6589/7760/553 6718/7888/834 5239/6170/834 5101/6034/553
f 6276/7447/553 6683/7854/834 6718/7888/834 6589/7760/553
f 6595/7766/750 6719/7889/1594 6640/7811/1539 6153/7324/1367
f 6596/7767/1498 6720/7890/1595 6642/7813/1541 6157/7328/1370
f 6597/7768/1499 6721/7891/1596 6719/7889/1594 6595/7766/750
f 6169/7340/1382 6647/7818/1546 6722/7892/1597 6598/7769/1500
f 6599/7770/1501 6723/7893/1598 6720/7890/1595 6596/7767/1498
f 6150/7321/553 6641/7812/1540 6723/7893/1598 6599/7770/1501
f 6362/7533/553 6708/7879/1587 6715/7886/1593 6400/7571/553
f 6366/7537/553 6709/7880/1565 6707/7878/1586 6365/7536/553
f 6598/7769/1500 6722/7892/1597 6721/7891/1596 6597/7768/1499
f 6155/7326/1368 6643/7814/1542 6644/7815/1543 6158/7329/1371
f 6159/7330/1372 6645/7816/1544 6663/7834/1553 6222/7393/604
f 6241/7412/615 6672/7843/1558 6646/7817/1545 6168/7339/1381
f 6724/7894/1599 6637/7895/1536 5157/6179/791 5247/6178/871
f 6725/7896/1600 6713/7897/1591 6637/7895/1536 6724/7894/1599
f 6726/7898/1601 6714/7899/1592 6713/7897/1591 6725/7896/1600
f 6727/7900/1602 6615/7901/1514 6714/7899/1592 6726/7898/1601
f 6728/7902/1603 6616/7903/1515 6615/7901/1514 6727/7900/1602
f 6729/7904/1604 6712/7905/1590 6616/7903/1515 6728/7902/1603
f 6730/7906/1605 6711/7907/1589 6712/7905/1590 6729/7904/1604
f 6731/7908/1606 6710/7909/1588 6711/7907/1589 6730/7906/1605
f 6732/7910/1607 6701/7911/1582 6710/7909/1588 6731/7908/1606
f 6733/7912/1608 6700/7913/1581 6701/7911/1582 6732/7910/1607
f 6734/7914/1609 6617/7915/1516 6700/7913/1581 6733/7912/1608
f 6735/7916/1610 6618/7917/1517 6617/7918/1516 6734/7919/1609
f 6736/7920/332 6623/7921/1522 6618/7917/1517 6735/7916/1610
f 6737/7922/332 6624/7923/1523 6623/7921/1522 6736/7920/332
f 6738/7924/332 6625/7925/1524 6624/7923/1523 6737/7922/332
f 6739/7926/332 6626/7927/1525 6625/7925/1524 6738/7924/332
f 6740/7928/332 6627/7929/1526 6626/7927/1525 6739/7926/332
f 6741/7930/332 6628/7931/1527 6627/7929/1526 6740/7928/332
f 6742/7932/332 6629/7933/1528 6628/7931/1527 6741/7930/332
f 6743/7934/332 6630/7935/1529 6629/7933/1528 6742/7932/332
f 6744/7936/332 6631/7937/1530 6630/7935/1529 6743/7934/332
f 6745/7938/332 6632/7939/1531 6631/7937/1530 6744/7936/332
f 6746/7940/332 6633/7941/1532 6632/7939/1531 6745/7938/332
f 6747/7942/332 6634/7943/1533 6633/7941/1532 6746/7940/332
f 6748/7944/332 6635/7945/1534 6634/7943/1533 6747/7942/332
f 6749/7946/332 6636/7947/1535 6635/7945/1534 6748/7944/332
f 6750/7948/332 6613/7949/1512 6636/7947/1535 6749/7946/332
f 6751/7950/332 6614/7951/1513 6613/7949/1512 6750/7948/332
f 6752/7952/332 6699/7953/1580 6614/7951/1513 6751/7950/332
f 6753/7954/332 6698/7955/1579 6699/7953/1580 6752/7952/332
f 6754/7956/332 6697/7957/1578 6698/7955/1579 6753/7954/332
f 6755/7958/332 6696/7959/1577 6697/7957/1578 6754/7956/332
f 6756/7960/332 6695/7961/1576 6696/7959/1577 6755/7958/332
f 6757/7962/332 6694/7963/1575 6695/7961/1576 6756/7960/332
f 6758/7964/332 6693/7965/1574 6694/7963/1575 6757/7962/332
f 6759/7966/332 6692/7967/1573 6693/7965/1574 6758/7964/332
f 6760/7968/332 6691/7969/1572 6692/7967/1573 6759/7966/332
f 6761/7970/332 6690/7971/1571 6691/7969/1572 6760/7968/332
f 6762/7972/332 6689/7973/1570 6690/7971/1571 6761/7970/332
f 6763/7974/332 6688/7975/1569 6689/7973/1570 6762/7972/332
f 6764/7976/332 6687/7977/1568 6688/7975/1569 6763/7974/332
f 6765/7978/332 6686/7979/1567 6687/7977/1568 6764/7976/332
f 6766/7980/332 6674/7981/1560 6686/7979/1567 6765/7978/332
f 6767/7982/332 6675/7983/1561 6674/7981/1560 6766/7980/332
f 6768/7984/332 6676/7985/1562 6675/7983/1561 6767/7982/332
f 6769/7986/332 6685/7987/1566 6676/7985/1562 6768/7984/332
f 6770/7988/332 6705/7989/1585 6685/7987/1566 6769/7986/332
f 6771/7990/332 6656/7991/1550 6705/7989/1585 6770/7988/332
f 6772/7992/332 6657/7993/809 6656/7991/1550 6771/7990/332
f 6773/7994/332 6665/7995/814 6657/7993/809 6772/7992/332
f 6774/7996/332 6666/7997/815 6665/7995/814 6773/7994/332
f 6775/7998/332 6667/7999/816 6666/7997/815 6774/7996/332
f 6776/8000/332 6650/8001/802 6667/7999/816 6775/7998/332
f 6777/8002/332 6651/8003/803 6650/8001/802 6776/8000/332
f 6778/8004/332 6704/8005/817 6651/8003/803 6777/8002/332
f 6779/8006/332 6703/8007/1584 6704/8005/817 6778/8004/332
f 6780/8008/332 6702/8009/1583 6703/8007/1584 6779/8006/332
f 6781/8010/332 6621/8011/1520 6702/8009/1583 6780/8008/332
f 6782/8012/332 6622/8013/1521 6621/8011/1520 6781/8010/332
f 6783/8014/332 6684/8015/1565 6622/8013/1521 6782/8012/332
f 6784/8016/332 6706/8017/1565 6684/8015/1565 6783/8014/332
f 6785/8018/332 6709/8019/1565 6706/8017/1565 6784/8016/332
f 6786/8020/1611 6707/8021/1586 6709/8019/1565 6785/8018/332
f 6787/8022/1612 6708/8023/1587 6707/8021/1586 6786/8020/1611
f 6788/8024/1613 6715/8025/1593 6708/8026/1587 6787/8027/1612
f 6789/8028/886 6679/8029/834 6715/8025/1593 6788/8024/1613
f 6790/8030/886 6680/8031/834 6679/8029/834 6789/8028/886
f 6791/8032/886 6681/8033/834 6680/8031/834 6790/8030/886
f 6792/8034/886 6717/8035/834 6681/8033/834 6791/8032/886
f 6793/8036/886 6682/8037/834 6717/8035/834 6792/8034/886
f 6794/8038/886 6683/8039/834 6682/8037/834 6793/8036/886
f 6795/8040/886 6718/8041/834 6683/8039/834 6794/8038/886
f 5319/6327/886 5239/6328/834 6718/8041/834 6795/8040/886
f 6796/8042/1614 6677/8043/1563 5198/6331/832 5321/6330/888
f 6797/8044/1615 6638/8045/1537 6677/8043/1563 6796/8042/1614
f 6798/8046/1616 6639/8047/1538 6638/8045/1537 6797/8044/1615
f 6799/8048/1617 6678/8049/1564 6639/8047/1538 6798/8046/1616
f 6800/8050/1618 6658/8051/1551 6678/8049/1564 6799/8048/1617
f 6801/8052/332 6659/8053/1552 6658/8051/1551 6800/8050/1618
f 6802/8054/332 6668/8055/1554 6659/8053/1552 6801/8052/332
f 6803/8056/332 6669/8057/1555 6668/8055/1554 6802/8054/332
f 6804/8058/332 6670/8059/1556 6669/8057/1555 6803/8056/332
f 6805/8060/1619 6652/8061/1547 6670/8059/1556 6804/8058/332
f 6806/8062/1620 6653/8063/1548 6652/8061/1547 6805/8060/1619
f 6807/8064/332 6671/8065/1557 6653/8063/1548 6806/8062/1620
f 6808/8066/1621 6672/8067/1558 6671/8065/1557 6807/8064/332
f 6809/8068/1622 6646/8069/1545 6672/8067/1558 6808/8066/1621
f 6810/8070/1623 6647/8071/1546 6646/8069/1545 6809/8068/1622
f 6811/8072/1624 6722/8073/1597 6647/8071/1546 6810/8070/1623
f 6812/8074/1625 6721/8075/1596 6722/8073/1597 6811/8072/1624
f 6813/8076/1626 6719/8077/1594 6721/8075/1596 6812/8074/1625
f 6814/8078/1627 6640/8079/1539 6719/8077/1594 6813/8076/1626
f 6815/8080/1628 6641/8081/1540 6640/8079/1539 6814/8078/1627
f 6816/8082/1629 6723/8083/1598 6641/8081/1540 6815/8080/1628
f 6817/8084/1630 6720/8085/1595 6723/8083/1598 6816/8082/1629
f 6818/8086/1631 6642/8087/1541 6720/8085/1595 6817/8084/1630
f 6819/8088/1632 6643/8089/1542 6642/8087/1541 6818/8086/1631
f 6820/8090/1633 6644/8091/1543 6643/8089/1542 6819/8088/1632
f 6821/8092/1634 6645/8093/1544 6644/8091/1543 6820/8090/1633
f 6822/8094/1635 6663/8095/1553 6645/8093/1544 6821/8092/1634
f 6823/8096/277 6664/8097/855 6663/8095/1553 6822/8094/1635
f 6824/8098/277 6648/8099/804 6664/8097/855 6823/8096/277
f 6825/8100/277 6649/8101/805 6648/8099/804 6824/8098/277
f 6826/8102/277 6662/8103/821 6649/8101/805 6825/8100/277
f 6827/8104/277 6661/8105/820 6662/8103/821 6826/8102/277
f 6828/8106/277 6660/8107/819 6661/8105/820 6827/8104/277
f 6829/8108/277 6654/8109/810 6660/8107/819 6828/8106/277
f 6830/8110/1636 6655/8111/1549 6654/8109/810 6829/8108/277
f 6831/8112/1637 6673/8113/1559 6655/8111/1549 6830/8110/1636
f 6832/8114/1638 6619/8115/1518 6673/8113/1559 6831/8112/1637
f 6833/8116/1639 6620/8117/1519 6619/8115/1518 6832/8114/1638
f 6834/8118/1640 6716/8119/1353 6620/8117/1519 6833/8116/1639
f 5360/6411/915 5131/6412/520 6716/8119/1353 6834/8118/1640
f 6835/8120/1641 6836/8121/917 6837/8122/917 6838/8123/1641
f 6839/8124/1642 6840/8125/1643 6841/8126/1644 6842/8127/1645
f 6843/8128/1646 6844/8129/1647 6845/8130/1648 6846/8131/1649
f 6847/8132/1650 6848/8133/1651 6849/8134/1652 6850/8135/1653
f 6851/8136/1654 6852/8137/1655 6853/8138/932 6854/8139/931
f 6855/8140/1656 6843/8128/1646 6846/8131/1649 6856/8141/935
f 6857/8142/1657 6855/8140/1656 6856/8141/935 6858/8143/1657
f 6859/8144/1658 6857/8142/1657 6858/8143/1657 6860/8145/1658
f 6861/8146/1659 6859/8144/1658 6860/8145/1658 6862/8147/1659
f 6863/8148/1660 6861/8146/1659 6862/8147/1659 6864/8149/1660
f 6865/8150/940 6863/8148/1660 6864/8149/1660 6866/8151/940
f 6867/8152/1661 6865/8150/940 6866/8151/940 6868/8153/1661
f 6869/8154/1170 6867/8152/1661 6868/8153/1661 6870/8155/1170
f 6871/8156/943 6869/8154/1170 6870/8155/1170 6872/8157/943
f 6873/8158/1662 6871/8156/943 6872/8157/943 6874/8159/1662
f 6875/8160/1663 6873/8158/1662 6874/8159/1662 6876/8161/1663
f 6877/8162/1664 6875/8160/1663 6876/8161/1663 6878/8163/1664
f 6879/8164/1665 6877/8162/1664 6878/8163/1664 6880/8165/1665
f 6881/8166/1666 6879/8164/1665 6880/8165/1665 6882/8167/1666
f 6836/8121/917 6881/8166/1666 6882/8167/1666 6837/8122/917
f 7189/8168/1667 5411/6464/952 5963/6463/951 7473/8169/1668
f 5412/6465/953 5409/6468/955 6884/8170/1669 6885/8171/953
f 5415/6469/956 5412/6465/953 6885/8171/953 6886/8172/956
f 5417/6471/957 5415/6469/956 6886/8172/956 6887/8173/1670
f 5419/6473/958 5417/6471/957 6887/8173/1670 6888/8174/958
f 5421/6475/959 5419/6473/958 6888/8174/958 6889/8175/959
f 5423/6477/960 5421/6475/959 6889/8175/959 6890/8176/960
f 5425/6479/961 5423/6477/960 6890/8176/960 6891/8177/1671
f 5427/6481/962 5425/6479/961 6891/8177/1671 6892/8178/1672
f 5429/6483/964 5427/6481/962 6892/8178/1672 6893/8179/1673
f 5431/6485/965 5429/6483/964 6893/8179/1673 6894/8180/965
f 5433/6487/966 5431/6485/965 6894/8180/965 6895/8181/966
f 5435/6489/967 5433/6487/966 6895/8181/966 6896/8182/1674
f 5437/6491/968 5435/6489/967 6896/8182/1674 6897/8183/968
f 5439/6493/970 5437/6491/968 6897/8183/968 6898/8184/1675
f 6899/8185/1676 5444/6498/974 5443/6497/973 6900/8186/1677
f 5445/6499/975 5448/6502/978 6901/8187/1678 6902/8188/1679
f 5449/6503/979 5445/6499/975 6902/8188/1679
f 6903/8189/1680 6904/8190/981 6905/8191/981 6906/8192/1680
f 6907/8193/982 6908/8194/1681 6909/8195/1682 6910/8196/982
f 6907/8193/982 6910/8196/982 6911/8197/982
f 6912/8198/1683 6913/8199/1684 6914/8200/1685
f 6915/8201/1686 6916/8202/1687 6917/8203/1688 6918/8204/1689
f 6919/8205/1690 6920/8206/1691 6921/8207/1692 6922/8208/1693
f 6923/8209/1694 6924/8210/1695 6925/8211/1696 6926/8212/1697
f 6927/8213/1698 6928/8214/1699 6929/8215/1700 6930/8216/1701
f 6931/8217/1004 6932/8218/1702 6933/8219/1702 6934/8220/1703
f 6935/8221/1704 6936/8222/1105 6937/8223/1705 6938/8224/1704
f 6939/8225/1186 6940/8226/1706 6941/8227/1706 6942/8228/1186
f 6943/8229/1707 6944/8230/1013 6945/8231/1020 6946/8232/1020
f 6947/8233/1015 6948/8234/1016 6949/8235/1016 6950/8236/1015
f 6951/8237/1708 6952/8238/1016 6953/8239/1709 6954/8240/1710
f 6955/8241/1189 6956/8242/1010 6957/8243/1010 6958/8244/1189
f 6946/8232/1020 6945/8231/1020 6959/8245/1049 6960/8246/1049
f 6960/8246/1049 6959/8245/1049 6961/8247/1711 6962/8248/1026
f 6962/8248/1026 6961/8247/1711 6963/8249/1712 6964/8250/1712
f 6964/8250/1712 6963/8249/1712 6928/8214/1699 6927/8213/1698
f 6965/8251/1713 6966/8252/1031 6967/8253/1714 6968/8254/1715
f 6968/8254/1715 6967/8253/1714 6969/8255/1198 6970/8256/1716
f 6970/8256/1716 6969/8255/1198 6930/8216/1701 6929/8215/1700
f 6971/8257/1717 6947/8233/1015 6950/8236/1015 6972/8258/1717
f 6973/8259/1718 6971/8257/1717 6972/8258/1717 6974/8260/1718
f 6975/8261/1044 6973/8259/1718 6974/8260/1718 6976/8262/1719
f 6932/8218/1702 6975/8261/1044 6976/8262/1719 6933/8219/1702
f 6977/8263/1113 6978/8264/1040 6917/8203/1688 6979/8265/1113
f 6934/8220/1703 6977/8263/1113 6979/8265/1113 6931/8217/1004
f 6980/8266/1034 6951/8237/1708 6954/8240/1710 6981/8267/1720
f 6982/8268/1721 6980/8266/1034 6981/8267/1720 6983/8269/1722
f 6984/8270/1038 6982/8268/1721 6983/8269/1722 6985/8271/1723
f 6936/8222/1105 6984/8270/1038 6985/8271/1723 6937/8223/1705
f 6917/8203/1688 6916/8202/1687 6986/8272/1724 6987/8273/1725
f 6979/8265/1113 6917/8203/1688 6987/8273/1725 6988/8274/1726
f 6931/8217/1004 6979/8265/1113 6988/8274/1726 6989/8275/1004
f 6990/8276/1049 6955/8241/1189 6958/8244/1189 6991/8277/1049
f 6992/8278/1050 6990/8276/1049 6991/8277/1049 6993/8279/1050
f 6994/8280/1712 6992/8278/1050 6993/8279/1050 6995/8281/1727
f 6940/8226/1706 6994/8280/1712 6995/8281/1727 6941/8227/1706
f 6996/8282/1728 6926/8212/1697 6997/8283/1729 6998/8284/1730
f 6942/8228/1186 6996/8282/1728 6998/8284/1730 6939/8225/1186
f 6948/8234/1016 6999/8285/1731 7000/8286/1732 7001/8287/1056
f 6848/8133/1651 7002/8288/1059 7001/8287/1056 6849/8134/1652
f 7003/8289/1733 7004/8290/1734 7005/8291/1734 7006/8292/1733
f 7007/8293/1650 7003/8289/1733 7006/8292/1733 7008/8294/1650
f 7009/8295/1063 5559/6613/1066 5558/6612/1065 7010/8296/1064
f 6904/8190/981 7009/8295/1063 7010/8296/1064 6905/8191/981
f 6957/8243/1010 6956/8242/1010 7011/8297/1735 7012/8298/1735
f 5562/6616/1068 5564/6618/1070 7013/8299/1736
f 6905/8191/981 7014/8300/981 7015/8301/1680 6906/8192/1680
f 7010/8296/1064 5567/6621/1071 7014/8300/981 6905/8191/981
f 7012/8298/1735 7011/8297/1735 6903/8189/1680 6906/8192/1680
f 5564/6618/1070 5569/6623/1013 7016/8302/1013
f 7017/8303/982 7018/8304/982 7019/8305/982 7020/8306/982
f 7021/8307/982 7022/8308/982 7018/8304/982 7017/8303/982
f 7023/8309/982 7024/8310/982 7025/8311/982 7026/8312/982
f 7027/8313/982 7028/8314/982 7029/8315/982 7030/8316/982
f 7031/8317/982 7027/8313/982 7030/8316/982 7032/8318/982
f 7033/8319/982 7034/8320/982 7035/8321/982 7036/8322/982
f 7037/8323/982 7030/8316/982 7029/8315/982 7038/8324/982
f 7018/8304/982 7037/8323/982 7038/8324/982 7019/8305/982
f 7039/8325/982 6854/8139/931 6853/8138/932 7040/8326/982
f 7041/8327/982 7032/8318/982 7030/8316/982 7037/8323/982
f 7022/8308/982 7041/8327/982 7037/8323/982 7018/8304/982
f 7017/8303/982 6911/8197/982 6910/8196/982 7021/8307/982
f 7036/8322/982 7035/8321/982 7042/8328/982 7043/8329/982
f 7043/8329/982 7042/8328/982 7024/8310/982 7023/8309/982
f 7044/8330/1737 7045/8331/1073 7026/8312/982 7025/8311/982
f 6837/8122/917 7046/8332/917 7047/8333/1675 6838/8123/1641
f 5601/6655/1075 7048/8334/1738 5602/6656/1076
f 6845/8130/1648 7049/8335/1739 7050/8336/1740 6846/8131/1649
f 7051/8337/1741 7007/8293/1650 7008/8294/1650 7052/8338/1741
f 6852/8137/1655 7053/8339/1742 7054/8340/1743 6853/8138/932
f 6846/8131/1649 7050/8336/1740 7055/8341/1656 6856/8141/935
f 6856/8141/935 7055/8341/1656 7056/8342/1657 6858/8143/1657
f 6858/8143/1657 7056/8342/1657 7057/8343/1658 6860/8145/1658
f 6860/8145/1658 7057/8343/1658 7058/8344/1744 6862/8147/1659
f 6862/8147/1659 7058/8344/1744 7059/8345/1660 6864/8149/1660
f 6864/8149/1660 7059/8345/1660 7060/8346/940 6866/8151/940
f 6866/8151/940 7060/8346/940 7061/8347/1661 6868/8153/1661
f 6868/8153/1661 7061/8347/1661 7062/8348/1170 6870/8155/1170
f 6870/8155/1170 7062/8348/1170 7063/8349/943 6872/8157/943
f 6872/8157/943 7063/8349/943 7064/8350/1662 6874/8159/1662
f 6874/8159/1662 7064/8350/1662 7065/8351/1663 6876/8161/1663
f 6876/8161/1663 7065/8351/1663 7066/8352/1664 6878/8163/1664
f 6878/8163/1664 7066/8352/1664 7067/8353/1665 6880/8165/1665
f 6880/8165/1665 7067/8353/1665 7068/8354/1666 6882/8167/1666
f 6882/8167/1666 7068/8354/1666 7046/8332/917 6837/8122/917
f 7004/8290/1734 7069/8355/1745 7070/8356/1745 7005/8291/1734
f 7069/8355/1745 7071/8357/1746 7072/8358/1747 7070/8356/1745
f 7071/8357/1746 7073/8359/1748 7074/8360/1748 7072/8358/1747
f 7073/8359/1748 7075/8361/1749 7076/8362/1749 7074/8360/1748
f 7075/8361/1749 7077/8363/1750 7078/8364/1750 7076/8362/1749
f 7077/8363/1750 7079/8365/1751 7080/8366/1751 7078/8364/1750
f 7079/8365/1751 7081/8367/1752 7082/8368/1752 7080/8366/1751
f 7081/8367/1752 7083/8369/1753 7084/8370/1753 7082/8368/1752
f 7083/8369/1753 7085/8371/1754 7086/8372/1754 7084/8370/1753
f 7085/8371/1754 7087/8373/1755 7088/8374/1755 7086/8372/1754
f 7087/8373/1755 7089/8375/1756 7090/8376/1756 7088/8374/1755
f 7089/8375/1756 7091/8377/966 7092/8378/966 7090/8376/1756
f 7091/8377/966 7093/8379/1757 7094/8380/1757 7092/8378/966
f 7093/8379/1757 7095/8381/969 7096/8382/1758 7094/8380/1757
f 7095/8381/969 6835/8120/1641 6838/8123/1641 7096/8382/1758
f 6844/8129/1647 7097/8383/1759 7098/8384/1760 6845/8130/1648
f 7097/8383/1759 7099/8385/1761 7100/8386/1762 7098/8384/1760
f 6851/8136/1654 7101/8387/1763 7102/8388/1764 6852/8137/1655
f 6937/8223/1705 7103/8389/1007 6989/8275/1004 6938/8224/1704
f 6953/8239/1709 6999/8285/1731 7104/8390/1765 6954/8240/1710
f 6954/8240/1710 7104/8390/1765 7105/8391/1766 6981/8267/1720
f 6981/8267/1720 7105/8391/1766 7106/8392/1767 6983/8269/1722
f 6983/8269/1722 7106/8392/1767 7107/8393/1768 6985/8271/1723
f 6985/8271/1723 7107/8393/1768 7103/8389/1007 6937/8223/1705
f 7101/8387/1763 7108/8394/1769 7109/8395/1770 7102/8388/1764
f 7108/8394/1769 7110/8396/1039 7111/8397/1726 7109/8395/1770
f 7110/8396/1039 6935/8221/1704 6938/8224/1704 7111/8397/1726
f 6952/8238/1016 7112/8398/1771 7113/8399/1772 6953/8239/1709
f 7112/8398/1771 7051/8337/1741 7052/8338/1741 7113/8399/1772
f 7005/8291/1734 7114/8400/1734 7115/8401/1733 7006/8292/1733
f 7006/8292/1733 7115/8401/1733 7116/8402/1650 7008/8294/1650
f 7117/8403/982 7039/8325/982 7040/8326/982 7118/8404/982
f 7119/8405/982 7120/8406/982 7121/8407/982 7122/8408/982
f 7123/8409/982 7117/8403/982 7118/8404/982 7124/8410/982
f 6853/8138/932 7054/8340/1743 7020/8306/982 7040/8326/982
f 7100/8386/1762 7099/8385/1761 7125/8411/1773 7126/8412/1774
f 7126/8412/1774 7125/8411/1773 7127/8413/1775 7128/8414/1776
f 7128/8414/1776 7127/8413/1775 7129/8415/1777 7130/8416/1778
f 7130/8416/1778 7129/8415/1777 6840/8125/1643 6839/8124/1642
f 7131/8417/1779 6899/8185/1676 6900/8186/1677 7132/8418/1780
f 7133/8419/1781 7131/8417/1779 7132/8418/1780 7134/8420/1782
f 6841/8126/1644 7133/8419/1781 7134/8420/1782 6842/8127/1645
f 5690/6744/1126 5449/6503/979 7135/8421/1783 7136/8422/1784
f 5693/6747/1129 5690/6744/1126 7136/8422/1784
f 5694/6748/1130 5693/6747/1129 7137/8423/1785
f 5601/6655/1075 5694/6748/1130 7138/8424/1786 7048/8334/1738
f 7132/8418/1780 6900/8186/1677 5697/6751/1133
f 5697/6751/1133 5699/6753/1135 7139/8425/1787
f 6842/8127/1645 7134/8420/1782 7139/8425/1787 7140/8426/1788
f 6900/8186/1677 5443/6497/973 5697/6751/1133
f 7141/8427/1789 7052/8338/1741 7008/8294/1650 7116/8402/1650
f 7114/8400/1734 7005/8291/1734 7070/8356/1745 7142/8428/1083
f 7142/8428/1083 7070/8356/1745 7072/8358/1747 7143/8429/1747
f 7143/8429/1747 7072/8358/1747 7074/8360/1748 7144/8430/1790
f 7144/8430/1790 7074/8360/1748 7076/8362/1749 7145/8431/1749
f 7145/8431/1749 7076/8362/1749 7078/8364/1750 7146/8432/1750
f 7146/8432/1750 7078/8364/1750 7080/8366/1751 7147/8433/1751
f 7147/8433/1751 7080/8366/1751 7082/8368/1752 7148/8434/1752
f 7148/8434/1752 7082/8368/1752 7084/8370/1753 7149/8435/1753
f 7149/8435/1753 7084/8370/1753 7086/8372/1754 7150/8436/1791
f 7150/8436/1791 7086/8372/1754 7088/8374/1755 7151/8437/1792
f 7151/8437/1792 7088/8374/1755 7090/8376/1756 7152/8438/1756
f 7152/8438/1756 7090/8376/1756 7092/8378/966 7153/8439/966
f 7153/8439/966 7092/8378/966 7094/8380/1757 7154/8440/1674
f 7154/8440/1674 7094/8380/1757 7096/8382/1758 7155/8441/1758
f 7155/8441/1758 7096/8382/1758 6838/8123/1641 7047/8333/1675
f 7053/8339/1742 6852/8137/1655 7102/8388/1764 6986/8272/1724
f 6986/8272/1724 7102/8388/1764 7109/8395/1770 6987/8273/1725
f 6987/8273/1725 7109/8395/1770 7111/8397/1726 6988/8274/1726
f 6988/8274/1726 7111/8397/1726 6938/8224/1704 6989/8275/1004
f 6999/8285/1731 6953/8239/1709 7113/8399/1772 7000/8286/1732
f 7000/8286/1732 7113/8399/1772 7052/8338/1741 7141/8427/1789
f 7019/8305/982 7118/8404/982 7040/8326/982 7020/8306/982
f 7028/8314/982 7156/8442/982 7157/8443/982 7029/8315/982
f 7157/8443/982 7122/8408/982 7038/8324/982 7029/8315/982
f 7038/8324/982 7124/8410/982 7118/8404/982 7019/8305/982
f 7046/8332/917 7158/8444/917 7159/8445/1675 7047/8333/1675
f 7053/8339/1742 7160/8446/1793 7161/8447/1794 7054/8340/1743
f 7050/8336/1740 7162/8448/1795 7163/8449/1656 7055/8341/1656
f 7055/8341/1656 7163/8449/1656 7164/8450/1657 7056/8342/1657
f 7056/8342/1657 7164/8450/1657 7165/8451/937 7057/8343/1658
f 7057/8343/1658 7165/8451/937 7166/8452/1796 7058/8344/1744
f 7058/8344/1744 7166/8452/1796 7167/8453/1797 7059/8345/1660
f 7059/8345/1660 7167/8453/1797 7168/8454/940 7060/8346/940
f 7060/8346/940 7168/8454/940 7169/8455/1661 7061/8347/1661
f 7061/8347/1661 7169/8455/1661 7170/8456/1170 7062/8348/1170
f 7062/8348/1170 7170/8456/1170 7171/8457/943 7063/8349/943
f 7063/8349/943 7171/8457/943 7172/8458/1662 7064/8350/1662
f 7064/8350/1662 7172/8458/1662 7173/8459/1663 7065/8351/1663
f 7065/8351/1663 7173/8459/1663 7174/8460/1664 7066/8352/1664
f 7066/8352/1664 7174/8460/1664 7175/8461/1665 7067/8353/1665
f 7067/8353/1665 7175/8461/1665 7176/8462/1666 7068/8354/1666
f 7068/8354/1666 7176/8462/1666 7158/8444/917 7046/8332/917
f 7103/8389/1007 6932/8218/1702 6931/8217/1004 6989/8275/1004
f 6999/8285/1731 6948/8234/1016 6947/8233/1015 7104/8390/1765
f 7104/8390/1765 6947/8233/1015 6971/8257/1717 7105/8391/1766
f 7105/8391/1766 6971/8257/1717 6973/8259/1718 7106/8392/1767
f 7106/8392/1767 6973/8259/1718 6975/8261/1044 7107/8393/1768
f 7107/8393/1768 6975/8261/1044 6932/8218/1702 7103/8389/1007
f 7114/8400/1734 7177/8463/1798 7178/8464/1733 7115/8401/1733
f 7115/8401/1733 7178/8464/1733 7179/8465/1650 7116/8402/1650
f 7054/8340/1743 6911/8197/982 7017/8303/982 7020/8306/982
f 7049/8335/1739 6845/8130/1648 7098/8384/1760 7180/8466/1799
f 7180/8466/1799 7098/8384/1760 7100/8386/1762 7181/8467/1800
f 7182/8468/1801 6839/8124/1642 6842/8127/1645 7140/8426/1788
f 7181/8467/1800 7100/8386/1762 7126/8412/1774 7183/8469/1802
f 7183/8469/1802 7126/8412/1774 7128/8414/1776 7184/8470/1803
f 7184/8470/1803 7128/8414/1776 7130/8416/1778 7185/8471/1804
f 7185/8471/1804 7130/8416/1778 6839/8124/1642 7182/8468/1801
f 7139/8425/1787 5699/6753/1135 5602/6656/1076 7140/8426/1788
f 7049/8335/1739 7186/8472/1805 7162/8448/1795 7050/8336/1740
f 7139/8425/1787 7134/8420/1782 7132/8418/1780 5697/6751/1133
f 6849/8134/1652 7187/8473/1789 7179/8465/1650 7188/8474/1650
f 7001/8287/1056 7000/8286/1732 7141/8427/1789 7187/8473/1789
f 6883/8475/1806 5411/6464/952 7189/8168/1667 7190/8476/1807
f 7190/8476/1807 7189/8168/1667 6847/8132/1650 6850/8135/1653
f 7001/8287/1056 7002/8288/1059 6949/8235/1016 6948/8234/1016
f 6883/8475/1806 7191/8477/1734 7192/8478/1669 6884/8170/1669
f 7193/8479/1083 7142/8428/1083 7143/8429/1747 7194/8480/1746
f 7194/8480/1746 7143/8429/1747 7144/8430/1790 7195/8481/1790
f 7195/8481/1790 7144/8430/1790 7145/8431/1749 7196/8482/1749
f 7196/8482/1749 7145/8431/1749 7146/8432/1750 7197/8483/1750
f 7197/8483/1750 7146/8432/1750 7147/8433/1751 7198/8484/1751
f 7198/8484/1751 7147/8433/1751 7148/8434/1752 7199/8485/1752
f 7199/8485/1752 7148/8434/1752 7149/8435/1753 7200/8486/1808
f 7200/8486/1808 7149/8435/1753 7150/8436/1791 7201/8487/1809
f 7201/8487/1809 7150/8436/1791 7151/8437/1792 7202/8488/1810
f 7202/8488/1810 7151/8437/1792 7152/8438/1756 7203/8489/965
f 7203/8489/965 7152/8438/1756 7153/8439/966 7204/8490/966
f 7204/8490/966 7153/8439/966 7154/8440/1674 7205/8491/1674
f 7205/8491/1674 7154/8440/1674 7155/8441/1758 7206/8492/969
f 7206/8492/969 7155/8441/1758 7047/8333/1675 7159/8445/1675
f 7158/8444/917 7207/8493/917 7208/8494/1675 7159/8445/1675
f 7162/8448/1795 7209/8495/1795 7210/8496/1656 7163/8449/1656
f 7163/8449/1656 7210/8496/1656 7211/8497/1657 7164/8450/1657
f 7164/8450/1657 7211/8497/1657 7212/8498/937 7165/8451/937
f 7165/8451/937 7212/8498/937 7213/8499/1811 7166/8452/1796
f 7166/8452/1796 7213/8499/1811 7214/8500/1797 7167/8453/1797
f 7167/8453/1797 7214/8500/1797 7215/8501/940 7168/8454/940
f 7168/8454/940 7215/8501/940 7216/8502/1661 7169/8455/1661
f 7169/8455/1661 7216/8502/1661 7217/8503/1170 7170/8456/1170
f 7170/8456/1170 7217/8503/1170 7218/8504/943 7171/8457/943
f 7171/8457/943 7218/8504/943 7219/8505/1662 7172/8458/1662
f 7172/8458/1662 7219/8505/1662 7220/8506/1663 7173/8459/1663
f 7173/8459/1663 7220/8506/1663 7221/8507/1664 7174/8460/1664
f 7174/8460/1664 7221/8507/1664 7222/8508/1665 7175/8461/1665
f 7175/8461/1665 7222/8508/1665 7223/8509/1666 7176/8462/1666
f 7176/8462/1666 7223/8509/1666 7207/8493/917 7158/8444/917
f 7177/8463/1798 7224/8510/1798 7225/8511/1812 7178/8464/1733
f 7178/8464/1733 7225/8511/1812 7188/8474/1650 7179/8465/1650
f 7187/8473/1789 7141/8427/1789 7116/8402/1650 7179/8465/1650
f 7177/8463/1798 7114/8400/1734 7142/8428/1083 7193/8479/1083
f 7226/8512/954 7193/8479/1083 7194/8480/1746 7227/8513/1746
f 7227/8513/1746 7194/8480/1746 7195/8481/1790 7228/8514/1790
f 7228/8514/1790 7195/8481/1790 7196/8482/1749 7229/8515/1749
f 7229/8515/1749 7196/8482/1749 7197/8483/1750 7230/8516/1813
f 7230/8516/1813 7197/8483/1750 7198/8484/1751 7231/8517/1814
f 7231/8517/1814 7198/8484/1751 7199/8485/1752 7232/8518/1752
f 7232/8518/1752 7199/8485/1752 7200/8486/1808 7233/8519/1808
f 7233/8519/1808 7200/8486/1808 7201/8487/1809 7234/8520/963
f 7234/8520/963 7201/8487/1809 7202/8488/1810 7235/8521/1673
f 7235/8521/1673 7202/8488/1810 7203/8489/965 7236/8522/965
f 7236/8522/965 7203/8489/965 7204/8490/966 7237/8523/966
f 7237/8523/966 7204/8490/966 7205/8491/1674 7238/8524/1674
f 7238/8524/1674 7205/8491/1674 7206/8492/969 7239/8525/969
f 7239/8525/969 7206/8492/969 7159/8445/1675 7208/8494/1675
f 7224/8510/1798 7177/8463/1798 7193/8479/1083 7226/8512/954
f 7207/8493/917 7240/8526/917 7241/8527/1675 7208/8494/1675
f 7209/8495/1795 7242/8528/1795 7243/8529/1656 7210/8496/1656
f 7210/8496/1656 7243/8529/1656 7244/8530/1657 7211/8497/1657
f 7211/8497/1657 7244/8530/1657 7245/8531/937 7212/8498/937
f 7212/8498/937 7245/8531/937 7246/8532/1811 7213/8499/1811
f 7213/8499/1811 7246/8532/1811 7247/8533/1797 7214/8500/1797
f 7214/8500/1797 7247/8533/1797 7248/8534/940 7215/8501/940
f 7215/8501/940 7248/8534/940 7249/8535/1661 7216/8502/1661
f 7216/8502/1661 7249/8535/1661 7250/8536/1170 7217/8503/1170
f 7217/8503/1170 7250/8536/1170 7251/8537/943 7218/8504/943
f 7218/8504/943 7251/8537/943 7252/8538/1662 7219/8505/1662
f 7219/8505/1662 7252/8538/1662 7253/8539/1663 7220/8506/1663
f 7220/8506/1663 7253/8539/1663 7254/8540/1664 7221/8507/1664
f 7221/8507/1664 7254/8540/1664 7255/8541/1665 7222/8508/1665
f 7222/8508/1665 7255/8541/1665 7256/8542/1666 7223/8509/1666
f 7223/8509/1666 7256/8542/1666 7240/8526/917 7207/8493/917
f 7224/8510/1798 7257/8543/1734 7258/8544/1812 7225/8511/1812
f 7225/8511/1812 7258/8544/1812 6850/8135/1653 7188/8474/1650
f 7259/8545/954 7226/8512/954 7227/8513/1746 7260/8546/1746
f 7260/8546/1746 7227/8513/1746 7228/8514/1790 7261/8547/1790
f 7261/8547/1790 7228/8514/1790 7229/8515/1749 7262/8548/957
f 7262/8548/957 7229/8515/1749 7230/8516/1813 7263/8549/1815
f 7263/8549/1815 7230/8516/1813 7231/8517/1814 7264/8550/1816
f 7264/8550/1816 7231/8517/1814 7232/8518/1752 7265/8551/1817
f 7265/8551/1817 7232/8518/1752 7233/8519/1808 7266/8552/1808
f 7266/8552/1808 7233/8519/1808 7234/8520/963 7267/8553/963
f 7267/8553/963 7234/8520/963 7235/8521/1673 7268/8554/1673
f 7268/8554/1673 7235/8521/1673 7236/8522/965 7269/8555/965
f 7269/8555/965 7236/8522/965 7237/8523/966 7270/8556/966
f 7270/8556/966 7237/8523/966 7238/8524/1674 7271/8557/1674
f 7271/8557/1674 7238/8524/1674 7239/8525/969 7272/8558/969
f 7272/8558/969 7239/8525/969 7208/8494/1675 7241/8527/1675
f 7257/8543/1734 7224/8510/1798 7226/8512/954 7259/8545/954
f 7240/8526/917 7273/8559/917 7274/8560/1675 7241/8527/1675
f 7242/8528/1795 7275/8561/1795 7276/8562/1656 7243/8529/1656
f 7243/8529/1656 7276/8562/1656 7277/8563/1657 7244/8530/1657
f 7244/8530/1657 7277/8563/1657 7278/8564/937 7245/8531/937
f 7245/8531/937 7278/8564/937 7279/8565/1811 7246/8532/1811
f 7246/8532/1811 7279/8565/1811 7280/8566/1797 7247/8533/1797
f 7247/8533/1797 7280/8566/1797 7281/8567/940 7248/8534/940
f 7248/8534/940 7281/8567/940 7282/8568/1661 7249/8535/1661
f 7249/8535/1661 7282/8568/1661 7283/8569/1170 7250/8536/1170
f 7250/8536/1170 7283/8569/1170 7284/8570/943 7251/8537/943
f 7251/8537/943 7284/8570/943 7285/8571/1662 7252/8538/1662
f 7252/8538/1662 7285/8571/1662 7286/8572/1663 7253/8539/1663
f 7253/8539/1663 7286/8572/1663 7287/8573/1664 7254/8540/1664
f 7254/8540/1664 7287/8573/1664 7288/8574/1665 7255/8541/1665
f 7255/8541/1665 7288/8574/1665 7289/8575/1666 7256/8542/1666
f 7256/8542/1666 7289/8575/1666 7273/8559/917 7240/8526/917
f 7257/8543/1734 7191/8477/1734 7190/8476/1807 7258/8544/1812
f 7192/8478/1669 7259/8545/954 7260/8546/1746 7290/8576/1746
f 7290/8576/1746 7260/8546/1746 7261/8547/1790 7291/8577/1790
f 7291/8577/1790 7261/8547/1790 7262/8548/957 7292/8578/1670
f 7292/8578/1670 7262/8548/957 7263/8549/1815 7293/8579/1818
f 7293/8579/1818 7263/8549/1815 7264/8550/1816 7294/8580/959
f 7294/8580/959 7264/8550/1816 7265/8551/1817 7295/8581/1819
f 7295/8581/1819 7265/8551/1817 7266/8552/1808 7296/8582/1671
f 7296/8582/1671 7266/8552/1808 7267/8553/963 7297/8583/963
f 7297/8583/963 7267/8553/963 7268/8554/1673 7298/8584/1673
f 7298/8584/1673 7268/8554/1673 7269/8555/965 7299/8585/965
f 7299/8585/965 7269/8555/965 7270/8556/966 7300/8586/966
f 7300/8586/966 7270/8556/966 7271/8557/1674 7301/8587/1674
f 7301/8587/1674 7271/8557/1674 7272/8558/969 7302/8588/969
f 7302/8588/969 7272/8558/969 7241/8527/1675 7274/8560/1675
f 7191/8477/1734 7257/8543/1734 7259/8545/954 7192/8478/1669
f 7273/8559/917 7303/8589/1174 6898/8184/1675 7274/8560/1675
f 7275/8561/1795 7304/8590/1820 7305/8591/1656 7276/8562/1656
f 7276/8562/1656 7305/8591/1656 7306/8592/1657 7277/8563/1657
f 7277/8563/1657 7306/8592/1657 7307/8593/1176 7278/8564/937
f 7278/8564/937 7307/8593/1176 7308/8594/1811 7279/8565/1811
f 7279/8565/1811 7308/8594/1811 7309/8595/1797 7280/8566/1797
f 7280/8566/1797 7309/8595/1797 7310/8596/1177 7281/8567/940
f 7281/8567/940 7310/8596/1177 7311/8597/1661 7282/8568/1661
f 7282/8568/1661 7311/8597/1661 7312/8598/1178 7283/8569/1170
f 7283/8569/1170 7312/8598/1178 7313/8599/943 7284/8570/943
f 7284/8570/943 7313/8599/943 7314/8600/1180 7285/8571/1662
f 7285/8571/1662 7314/8600/1180 7315/8601/1663 7286/8572/1663
f 7286/8572/1663 7315/8601/1663 7316/8602/1821 7287/8573/1664
f 7287/8573/1664 7316/8602/1821 7317/8603/1822 7288/8574/1665
f 7288/8574/1665 7317/8603/1822 7318/8604/1666 7289/8575/1666
f 7289/8575/1666 7318/8604/1666 7303/8589/1174 7273/8559/917
f 6884/8170/1669 7192/8478/1669 7290/8576/1746 6885/8171/953
f 6885/8171/953 7290/8576/1746 7291/8577/1790 6886/8172/956
f 6886/8172/956 7291/8577/1790 7292/8578/1670 6887/8173/1670
f 6887/8173/1670 7292/8578/1670 7293/8579/1818 6888/8174/958
f 6888/8174/958 7293/8579/1818 7294/8580/959 6889/8175/959
f 6889/8175/959 7294/8580/959 7295/8581/1819 6890/8176/960
f 6890/8176/960 7295/8581/1819 7296/8582/1671 6891/8177/1671
f 6891/8177/1671 7296/8582/1671 7297/8583/963 6892/8178/1672
f 6892/8178/1672 7297/8583/963 7298/8584/1673 6893/8179/1673
f 6893/8179/1673 7298/8584/1673 7299/8585/965 6894/8180/965
f 6894/8180/965 7299/8585/965 7300/8586/966 6895/8181/966
f 6895/8181/966 7300/8586/966 7301/8587/1674 6896/8182/1674
f 6896/8182/1674 7301/8587/1674 7302/8588/969 6897/8183/968
f 6897/8183/968 7302/8588/969 7274/8560/1675 6898/8184/1675
f 7303/8589/1174 5879/6933/1174 5439/6493/970 6898/8184/1675
f 7304/8590/1820 5881/6935/1175 5880/6934/934 7305/8591/1656
f 7305/8591/1656 5880/6934/934 5882/6936/936 7306/8592/1657
f 7306/8592/1657 5882/6936/936 5883/6937/1176 7307/8593/1176
f 7307/8593/1176 5883/6937/1176 5884/6938/938 7308/8594/1811
f 7308/8594/1811 5884/6938/938 5885/6939/939 7309/8595/1797
f 7309/8595/1797 5885/6939/939 5886/6940/1177 7310/8596/1177
f 7310/8596/1177 5886/6940/1177 5887/6941/941 7311/8597/1661
f 7311/8597/1661 5887/6941/941 5888/6942/1178 7312/8598/1178
f 7312/8598/1178 5888/6942/1178 5889/6943/1179 7313/8599/943
f 7313/8599/943 5889/6943/1179 5890/6944/1180 7314/8600/1180
f 7314/8600/1180 5890/6944/1180 5891/6945/1173 7315/8601/1663
f 7315/8601/1663 5891/6945/1173 5892/6946/1181 7316/8602/1821
f 7316/8602/1821 5892/6946/1181 5893/6947/1182 7317/8603/1822
f 7317/8603/1822 5893/6947/1182 5894/6948/1164 7318/8604/1666
f 7318/8604/1666 5894/6948/1164 5879/6933/1174 7303/8589/1174
f 6966/8252/1031 6965/8251/1713 7319/8605/1823 7320/8606/1824
f 7320/8606/1824 7319/8605/1823 7045/8331/1073 7044/8330/1737
f 7321/8607/1003 5900/6954/1185 5899/6953/1186 7322/8608/1825
f 6928/8214/1699 7321/8607/1003 7322/8608/1825 6929/8215/1700
f 7323/8609/1826 6942/8228/1186 6941/8227/1706 7324/8610/1827
f 6930/8216/1701 7323/8609/1826 7324/8610/1827 6927/8213/1698
f 7016/8302/1013 5569/6623/1013 5904/6958/1020 7325/8611/1020
f 6944/8230/1013 7016/8302/1013 7325/8611/1020 6945/8231/1020
f 7326/8612/1189 6958/8244/1189 6957/8243/1010 7327/8613/1828
f 6946/8232/1020 7326/8612/1189 7327/8613/1828 6943/8229/1707
f 7325/8611/1020 5904/6958/1020 5908/6962/1024 7328/8614/1024
f 6945/8231/1020 7325/8611/1020 7328/8614/1024 6959/8245/1049
f 7329/8615/1049 6991/8277/1049 6958/8244/1189 7326/8612/1189
f 6960/8246/1049 7329/8615/1049 7326/8612/1189 6946/8232/1020
f 7328/8614/1024 5908/6962/1024 5911/6965/1026 7330/8616/1711
f 6959/8245/1049 7328/8614/1024 7330/8616/1711 6961/8247/1711
f 7331/8617/1026 6993/8279/1050 6991/8277/1049 7329/8615/1049
f 6962/8248/1026 7331/8617/1026 7329/8615/1049 6960/8246/1049
f 7330/8616/1711 5911/6965/1026 5914/6968/1191 7332/8618/1191
f 6961/8247/1711 7330/8616/1711 7332/8618/1191 6963/8249/1712
f 7333/8619/1727 6995/8281/1727 6993/8279/1050 7331/8617/1026
f 6964/8250/1712 7333/8619/1727 7331/8617/1026 6962/8248/1026
f 7332/8618/1191 5914/6968/1191 5900/6954/1185 7321/8607/1003
f 6963/8249/1712 7332/8618/1191 7321/8607/1003 6928/8214/1699
f 7324/8610/1827 6941/8227/1706 6995/8281/1727 7333/8619/1727
f 6927/8213/1698 7324/8610/1827 7333/8619/1727 6964/8250/1712
f 6919/8205/1690 6923/8209/1694 6926/8212/1697 7334/8620/1829
f 6966/8252/1031 6919/8205/1690 7334/8620/1829 6967/8253/1714
f 7335/8621/1830 5920/6974/1197 5919/6973/1196 7336/8622/1831
f 6968/8254/1715 7335/8621/1830 7336/8622/1831 6965/8251/1713
f 7334/8620/1829 6926/8212/1697 6996/8282/1728 7337/8623/1832
f 6967/8253/1714 7334/8620/1829 7337/8623/1832 6969/8255/1198
f 7338/8624/1833 5923/6977/1199 5920/6974/1197 7335/8621/1830
f 6970/8256/1716 7338/8624/1833 7335/8621/1830 6968/8254/1715
f 7337/8623/1832 6996/8282/1728 6942/8228/1186 7323/8609/1826
f 6969/8255/1198 7337/8623/1832 7323/8609/1826 6930/8216/1701
f 7322/8608/1825 5899/6953/1186 5923/6977/1199 7338/8624/1833
f 6929/8215/1700 7322/8608/1825 7338/8624/1833 6970/8256/1716
f 7339/8625/982 7022/8308/982 7021/8307/982 7340/8626/982
f 7024/8310/982 7339/8625/982 7340/8626/982 7025/8311/982
f 7341/8627/982 5929/6983/982 5928/6982/982 7342/8628/982
f 7026/8312/982 7341/8627/982 7342/8628/982 7023/8309/982
f 7343/8629/982 7031/8317/982 7032/8318/982 7344/8630/982
f 7034/8320/982 7343/8629/982 7344/8630/982 7035/8321/982
f 5932/6986/982 5935/6989/982 7345/8631/982 7346/8632/982
f 7346/8632/982 7345/8631/982 7033/8319/982 7036/8322/982
f 7344/8630/982 7032/8318/982 7041/8327/982 7347/8633/982
f 7035/8321/982 7344/8630/982 7347/8633/982 7042/8328/982
f 7348/8634/982 5938/6992/982 5932/6986/982 7346/8632/982
f 7043/8329/982 7348/8634/982 7346/8632/982 7036/8322/982
f 7347/8633/982 7041/8327/982 7022/8308/982 7339/8625/982
f 7042/8328/982 7347/8633/982 7339/8625/982 7024/8310/982
f 7342/8628/982 5928/6982/982 5938/6992/982 7348/8634/982
f 7023/8309/982 7342/8628/982 7348/8634/982 7043/8329/982
f 7349/8635/1834 5940/6994/1201 5929/6983/982 7341/8627/982
f 7045/8331/1073 7349/8635/1834 7341/8627/982 7026/8312/982
f 7340/8626/982 7021/8307/982 6910/8196/982 7350/8636/1835
f 7025/8311/982 7340/8626/982 7350/8636/1835 7044/8330/1737
f 7336/8622/1831 5919/6973/1196 5943/6997/1204 7351/8637/1836
f 6965/8251/1713 7336/8622/1831 7351/8637/1836 7319/8605/1823
f 7320/8606/1824 6920/8206/1691 6919/8205/1690 6966/8252/1031
f 7351/8637/1836 5943/6997/1204 5940/6994/1201 7349/8635/1834
f 7319/8605/1823 7351/8637/1836 7349/8635/1834 7045/8331/1073
f 7044/8330/1737 7350/8636/1835 6920/8206/1691 7320/8606/1824
f 6908/8194/1681 7352/8638/1837 6921/8207/1692 6909/8195/1682
f 6923/8209/1694 6919/8205/1690 6922/8208/1693
f 6911/8197/982 7054/8340/1743 7161/8447/1794
f 6913/8199/1684 7353/8639/1838 7160/8446/1793 6914/8200/1685
f 6921/8207/1692 7352/8638/1837 7354/8640/1839 6922/8208/1693
f 6921/8207/1692 6920/8206/1691 7350/8636/1835 6909/8195/1682
f 6909/8195/1682 7350/8636/1835 6910/8196/982
f 7355/8641/1840 6924/8210/1695 6923/8209/1694 6922/8208/1693
f 7160/8446/1793 7353/8639/1838 7356/8642/1841 7161/8447/1794
f 7160/8446/1793 7053/8339/1742 6986/8272/1724 6914/8200/1685
f 7161/8447/1794 7356/8642/1841 6907/8193/982 6911/8197/982
f 6914/8200/1685 6986/8272/1724 6916/8202/1687
f 7156/8442/982 7119/8405/982 7122/8408/982 7157/8443/982
f 7120/8406/982 7123/8409/982 7124/8410/982 7121/8407/982
f 7121/8407/982 7124/8410/982 7038/8324/982 7122/8408/982
f 7186/8472/1805 7049/8335/1739 7180/8466/1799 7357/8643/1842
f 7357/8643/1842 7180/8466/1799 7181/8467/1800 7358/8644/1843
f 7048/8334/1738 7182/8468/1801 7140/8426/1788 5602/6656/1076
f 7358/8644/1843 7181/8467/1800 7183/8469/1802 7359/8645/1844
f 7359/8645/1844 7183/8469/1802 7184/8470/1803 7360/8646/1845
f 7360/8646/1845 7184/8470/1803 7185/8471/1804 7138/8424/1786
f 7138/8424/1786 7185/8471/1804 7182/8468/1801 7048/8334/1738
f 7186/8472/1805 7361/8647/1846 7209/8495/1795 7162/8448/1795
f 7361/8647/1846 7186/8472/1805 7357/8643/1842 7362/8648/1847
f 7362/8648/1847 7357/8643/1842 7358/8644/1843 7363/8649/1848
f 7363/8649/1848 7358/8644/1843 7359/8645/1844 7364/8650/1849
f 7364/8650/1849 7359/8645/1844 7360/8646/1845 7137/8423/1785
f 7137/8423/1785 7360/8646/1845 7138/8424/1786 5694/6748/1130
f 7361/8647/1846 7365/8651/1850 7242/8528/1795 7209/8495/1795
f 7365/8651/1850 7361/8647/1846 7362/8648/1847 7366/8652/1851
f 7366/8652/1851 7362/8648/1847 7363/8649/1848 7135/8421/1783
f 7135/8421/1783 7363/8649/1848 7364/8650/1849 7136/8422/1784
f 7365/8651/1850 6901/8187/1678 7275/8561/1795 7242/8528/1795
f 7136/8422/1784 7364/8650/1849 7137/8423/1785 5693/6747/1129
f 6901/8187/1678 7365/8651/1850 7366/8652/1851 6902/8188/1679
f 6902/8188/1679 7366/8652/1851 7135/8421/1783 5449/6503/979
f 5448/6502/978 5881/6935/1175 7304/8590/1820
f 7304/8590/1820 7275/8561/1795 6901/8187/1678 5448/6502/978
f 6922/8208/1693 7354/8640/1839 7355/8641/1840
f 6914/8200/1685 6916/8202/1687 6915/8201/1686 6912/8198/1683
f 6917/8203/1688 6978/8264/1040 6918/8204/1689
f 6925/8211/1696 6997/8283/1729 6926/8212/1697
f 7187/8473/1789 6849/8134/1652 7001/8287/1056
f 7188/8474/1650 6850/8135/1653 6849/8134/1652
f 7258/8544/1812 7190/8476/1807 6850/8135/1653
f 7191/8477/1734 6883/8475/1806 7190/8476/1807
f 6884/8170/1669 5409/6468/955 6883/8475/1806
f 7010/8296/1064 5558/6612/1065 5567/6621/1071
f 7367/8653/1735 7012/8298/1735 6906/8192/1680 7015/8301/1680
f 7014/8300/981 5961/7015/1220 7368/8654/1680 7015/8301/1680
f 5567/6621/1071 5961/7015/1220 7014/8300/981
f 7369/8655/1736 7367/8653/1735 7015/8301/1680 7368/8654/1680
f 5961/7015/1220 5562/6616/1068 7368/8654/1680
f 7013/8299/1736 7369/8655/1736 7368/8654/1680 5562/6616/1068
f 7327/8613/1828 6957/8243/1010 7012/8298/1735 7367/8653/1735
f 6943/8229/1707 7327/8613/1828 7367/8653/1735 7369/8655/1736
f 6944/8230/1013 6943/8229/1707 7369/8655/1736 7013/8299/1736
f 7016/8302/1013 6944/8230/1013 7013/8299/1736 5564/6618/1070
f 6836/8121/917 6835/8120/1641 7370/8656/1852 7371/8657/1853
f 6841/8126/1644 6840/8125/1643 7372/8658/1854 7373/8659/1855
f 6844/8129/1647 6843/8128/1646 7374/8660/1856 7375/8661/1857
f 6848/8133/1651 6847/8132/1650 7376/8662/1858 7377/8663/1859
f 6851/8136/1654 6854/8139/931 7378/8664/1860 7379/8665/1861
f 6843/8128/1646 6855/8140/1656 7380/8666/1862 7374/8660/1856
f 6855/8140/1656 6857/8142/1657 7381/8667/1863 7380/8666/1862
f 6857/8142/1657 6859/8144/1658 7382/8668/1864 7381/8667/1863
f 6859/8144/1658 6861/8146/1659 7383/8669/1865 7382/8668/1864
f 6861/8146/1659 6863/8148/1660 7384/8670/1866 7383/8669/1865
f 6863/8148/1660 6865/8150/940 7385/8671/1867 7384/8670/1866
f 6865/8150/940 6867/8152/1661 7386/8672/1868 7385/8671/1867
f 6867/8152/1661 6869/8154/1170 7387/8673/1869 7386/8672/1868
f 6869/8154/1170 6871/8156/943 7388/8674/1870 7387/8673/1869
f 6871/8156/943 6873/8158/1662 7389/8675/1871 7388/8674/1870
f 6873/8158/1662 6875/8160/1663 7390/8676/1872 7389/8675/1871
f 6875/8160/1663 6877/8162/1664 7391/8677/1873 7390/8676/1872
f 6877/8162/1664 6879/8164/1665 7392/8678/1874 7391/8677/1873
f 6879/8164/1665 6881/8166/1666 7393/8679/1875 7392/8678/1874
f 6881/8166/1666 6836/8121/917 7371/8657/1853 7393/8679/1875
f 5444/6498/974 6899/8185/1676 7394/8680/1876 5988/7041/1245
f 6904/8190/981 6903/8189/1680 7395/8681/1877 7396/8682/1878
f 6908/8194/1681 6907/8193/982 7397/8683/1879 7398/8684/1880
f 6913/8199/1684 6912/8198/1683 7399/8685/1881 7400/8686/1882
f 6915/8201/1686 6918/8204/1689 7401/8687/1883 7402/8688/1884
f 6925/8211/1696 6924/8210/1695 7403/8689/1885 7404/8690/1886
f 6934/8220/1703 6933/8219/1702 7405/8691/1259 7406/8692/1887
f 6936/8222/1105 6935/8221/1704 7407/8693/1257 7408/8694/1888
f 6940/8226/1706 6939/8225/1186 7409/8695/1889 7410/8696/1890
f 6950/8236/1015 6949/8235/1016 7411/8697/1891 7412/8698/1892
f 6952/8238/1016 6951/8237/1708 7413/8699/1263 7414/8700/1893
f 6956/8242/1010 6955/8241/1189 7415/8701/1894 7416/8702/1895
f 6972/8258/1717 6950/8236/1015 7412/8698/1892 7417/8703/1896
f 6974/8260/1718 6972/8258/1717 7417/8703/1896 7418/8704/1897
f 6976/8262/1719 6974/8260/1718 7418/8704/1897 7419/8705/1898
f 6933/8219/1702 6976/8262/1719 7419/8705/1898 7405/8691/1259
f 6978/8264/1040 6977/8263/1113 7420/8706/1310 7421/8707/1899
f 6977/8263/1113 6934/8220/1703 7406/8692/1887 7420/8706/1310
f 6951/8237/1708 6980/8266/1034 7422/8708/1269 7413/8699/1263
f 6980/8266/1034 6982/8268/1721 7423/8709/1900 7422/8708/1269
f 6982/8268/1721 6984/8270/1038 7424/8710/1271 7423/8709/1900
f 6984/8270/1038 6936/8222/1105 7408/8694/1888 7424/8710/1271
f 6955/8241/1189 6990/8276/1049 7425/8711/1901 7415/8701/1894
f 6990/8276/1049 6992/8278/1050 7426/8712/1902 7425/8711/1901
f 6992/8278/1050 6994/8280/1712 7427/8713/1903 7426/8712/1902
f 6994/8280/1712 6940/8226/1706 7410/8696/1890 7427/8713/1903
f 6998/8284/1730 6997/8283/1729 7428/8714/1904 7429/8715/1905
f 6939/8225/1186 6998/8284/1730 7429/8715/1905 7409/8695/1889
f 7002/8288/1059 6848/8133/1651 7377/8663/1859 7430/8716/1906
f 7004/8290/1734 7003/8289/1733 7431/8717/1907 7432/8718/1908
f 7003/8289/1733 7007/8293/1650 7433/8719/1909 7431/8717/1907
f 5559/6613/1066 7009/8295/1063 7434/8720/1910 6029/7082/1286
f 7009/8295/1063 6904/8190/981 7396/8682/1878 7434/8720/1910
f 7011/8297/1735 6956/8242/1010 7416/8702/1895 7435/8721/1911
f 6903/8189/1680 7011/8297/1735 7435/8721/1911 7395/8681/1877
f 7028/8314/982 7027/8313/982 7436/8722/1289 7437/8723/1289
f 7027/8313/982 7031/8317/982 7438/8724/1289 7436/8722/1289
f 7034/8320/982 7033/8319/982 7439/8725/1289 7440/8726/1289
f 6854/8139/931 7039/8325/982 7441/8727/1912 7378/8664/1860
f 7007/8293/1650 7051/8337/1741 7442/8728/1913 7433/8719/1909
f 7069/8355/1745 7004/8290/1734 7432/8718/1908 7443/8729/1914
f 7071/8357/1746 7069/8355/1745 7443/8729/1914 7444/8730/1915
f 7073/8359/1748 7071/8357/1746 7444/8730/1915 7445/8731/1916
f 7075/8361/1749 7073/8359/1748 7445/8731/1916 7446/8732/1917
f 7077/8363/1750 7075/8361/1749 7446/8732/1917 7447/8733/1918
f 7079/8365/1751 7077/8363/1750 7447/8733/1918 7448/8734/1919
f 7081/8367/1752 7079/8365/1751 7448/8734/1919 7449/8735/1920
f 7083/8369/1753 7081/8367/1752 7449/8735/1920 7450/8736/1921
f 7085/8371/1754 7083/8369/1753 7450/8736/1921 7451/8737/1922
f 7087/8373/1755 7085/8371/1754 7451/8737/1922 7452/8738/1923
f 7089/8375/1756 7087/8373/1755 7452/8738/1923 7453/8739/1924
f 7091/8377/966 7089/8375/1756 7453/8739/1924 7454/8740/1925
f 7093/8379/1757 7091/8377/966 7454/8740/1925 7455/8741/1926
f 7095/8381/969 7093/8379/1757 7455/8741/1926 7456/8742/1927
f 6835/8120/1641 7095/8381/969 7456/8742/1927 7370/8656/1852
f 7097/8383/1759 6844/8129/1647 7375/8661/1857 7457/8743/1928
f 7099/8385/1761 7097/8383/1759 7457/8743/1928 7458/8744/1929
f 7101/8387/1763 6851/8136/1654 7379/8665/1861 7459/8745/1930
f 7108/8394/1769 7101/8387/1763 7459/8745/1930 7460/8746/1931
f 7110/8396/1039 7108/8394/1769 7460/8746/1931 7461/8747/1273
f 6935/8221/1704 7110/8396/1039 7461/8747/1273 7407/8693/1257
f 7112/8398/1771 6952/8238/1016 7414/8700/1893 7462/8748/1932
f 7051/8337/1741 7112/8398/1771 7462/8748/1932 7442/8728/1913
f 7039/8325/982 7117/8403/982 7463/8749/1912 7441/8727/1912
f 7120/8406/982 7119/8405/982 7464/8750/1933 7465/8751/1934
f 7117/8403/982 7123/8409/982 7466/8752/1912 7463/8749/1912
f 7125/8411/1773 7099/8385/1761 7458/8744/1929 7467/8753/1935
f 7127/8413/1775 7125/8411/1773 7467/8753/1935 7468/8754/1936
f 7129/8415/1777 7127/8413/1775 7468/8754/1936 7469/8755/1937
f 6840/8125/1643 7129/8415/1777 7469/8755/1937 7372/8658/1854
f 6899/8185/1676 7131/8417/1779 7470/8756/1938 7394/8680/1876
f 7131/8417/1779 7133/8419/1781 7471/8757/1939 7470/8756/1938
f 7133/8419/1781 6841/8126/1644 7373/8659/1855 7471/8757/1939
f 7156/8442/982 7028/8314/982 7437/8723/1289 7472/8758/1940
f 5409/6468/955 5411/6464/952 6883/8475/1806
f 6847/8132/1650 7189/8168/1667 7473/8169/1668 7376/8662/1858
f 6949/8235/1016 7002/8288/1059 7430/8716/1906 7411/8697/1891
f 7031/8317/982 7343/8629/982 7474/8759/1289 7438/8724/1289
f 7343/8629/982 7034/8320/982 7440/8726/1289 7474/8759/1289
f 7345/8631/982 5935/6989/982 6072/7124/1289 7475/8760/1289
f 7033/8319/982 7345/8631/982 7475/8760/1289 7439/8725/1289
f 7352/8638/1837 6908/8194/1681 7398/8684/1880 7476/8761/1941
f 7353/8639/1838 6913/8199/1684 7400/8686/1882 7477/8762/1942
f 7354/8640/1839 7352/8638/1837 7476/8761/1941 7478/8763/1943
f 6924/8210/1695 7355/8641/1840 7479/8764/1944 7403/8689/1885
f 7356/8642/1841 7353/8639/1838 7477/8762/1942 7480/8765/1945
f 6907/8193/982 7356/8642/1841 7480/8765/1945 7397/8683/1879
f 7119/8405/982 7156/8442/982 7472/8758/1940 7464/8750/1933
f 7123/8409/982 7120/8406/982 7465/8751/1934 7466/8752/1912
f 7355/8641/1840 7354/8640/1839 7478/8763/1943 7479/8764/1944
f 6912/8198/1683 6915/8201/1686 7402/8688/1884 7399/8685/1881
f 6918/8204/1689 6978/8264/1040 7421/8707/1899 7401/8687/1883
f 6997/8283/1729 6925/8211/1696 7404/8690/1886 7428/8714/1904
f 6724/7894/1599 5247/6178/871 5988/7131/1245 7394/8766/1876
f 6725/7896/1600 6724/7894/1599 7394/8766/1876 7470/8767/1938
f 6726/7898/1601 6725/7896/1600 7470/8767/1938 7471/8768/1939
f 6727/7900/1602 6726/7898/1601 7471/8768/1939 7373/8769/1855
f 6728/7902/1603 6727/7900/1602 7373/8769/1855 7372/8770/1854
f 6729/7904/1604 6728/7902/1603 7372/8770/1854 7469/8771/1937
f 6730/7906/1605 6729/7904/1604 7469/8771/1937 7468/8772/1936
f 6731/7908/1606 6730/7906/1605 7468/8772/1936 7467/8773/1935
f 6732/7910/1607 6731/7908/1606 7467/8773/1935 7458/8774/1929
f 6733/7912/1608 6732/7910/1607 7458/8774/1929 7457/8775/1928
f 6734/7914/1609 6733/7912/1608 7457/8775/1928 7375/8776/1857
f 6735/7916/1610 6734/7919/1609 7375/8777/1857 7374/8778/1856
f 6736/7920/332 6735/7916/1610 7374/8778/1856 7380/8779/1862
f 6737/7922/332 6736/7920/332 7380/8779/1862 7381/8780/1863
f 6738/7924/332 6737/7922/332 7381/8780/1863 7382/8781/1864
f 6739/7926/332 6738/7924/332 7382/8781/1864 7383/8782/1865
f 6740/7928/332 6739/7926/332 7383/8782/1865 7384/8783/1866
f 6741/7930/332 6740/7928/332 7384/8783/1866 7385/8784/1867
f 6742/7932/332 6741/7930/332 7385/8784/1867 7386/8785/1868
f 6743/7934/332 6742/7932/332 7386/8785/1868 7387/8786/1869
f 6744/7936/332 6743/7934/332 7387/8786/1869 7388/8787/1870
f 6745/7938/332 6744/7936/332 7388/8787/1870 7389/8788/1871
f 6746/7940/332 6745/7938/332 7389/8788/1871 7390/8789/1872
f 6747/7942/332 6746/7940/332 7390/8789/1872 7391/8790/1873
f 6748/7944/332 6747/7942/332 7391/8790/1873 7392/8791/1874
f 6749/7946/332 6748/7944/332 7392/8791/1874 7393/8792/1875
f 6750/7948/332 6749/7946/332 7393/8792/1875 7371/8793/1853
f 6751/7950/332 6750/7948/332 7371/8793/1853 7370/8794/1852
f 6752/7952/332 6751/7950/332 7370/8794/1852 7456/8795/1927
f 6753/7954/332 6752/7952/332 7456/8795/1927 7455/8796/1926
f 6754/7956/332 6753/7954/332 7455/8796/1926 7454/8797/1925
f 6755/7958/332 6754/7956/332 7454/8797/1925 7453/8798/1924
f 6756/7960/332 6755/7958/332 7453/8798/1924 7452/8799/1923
f 6757/7962/332 6756/7960/332 7452/8799/1923 7451/8800/1922
f 6758/7964/332 6757/7962/332 7451/8800/1922 7450/8801/1921
f 6759/7966/332 6758/7964/332 7450/8801/1921 7449/8802/1920
f 6760/7968/332 6759/7966/332 7449/8802/1920 7448/8803/1919
f 6761/7970/332 6760/7968/332 7448/8803/1919 7447/8804/1918
f 6762/7972/332 6761/7970/332 7447/8804/1918 7446/8805/1917
f 6763/7974/332 6762/7972/332 7446/8805/1917 7445/8806/1916
f 6764/7976/332 6763/7974/332 7445/8806/1916 7444/8807/1915
f 6765/7978/332 6764/7976/332 7444/8807/1915 7443/8808/1914
f 6766/7980/332 6765/7978/332 7443/8808/1914 7432/8809/1908
f 6767/7982/332 6766/7980/332 7432/8809/1908 7431/8810/1907
f 6768/7984/332 6767/7982/332 7431/8810/1907 7433/8811/1909
f 6769/7986/332 6768/7984/332 7433/8811/1909 7442/8812/1913
f 6770/7988/332 6769/7986/332 7442/8812/1913 7462/8813/1932
f 6771/7990/332 6770/7988/332 7462/8813/1932 7414/8814/1893
f 6772/7992/332 6771/7990/332 7414/8814/1893 7413/8815/1263
f 6773/7994/332 6772/7992/332 7413/8815/1263 7422/8816/1269
f 6774/7996/332 6773/7994/332 7422/8816/1269 7423/8817/1900
f 6775/7998/332 6774/7996/332 7423/8817/1900 7424/8818/1271
f 6776/8000/332 6775/7998/332 7424/8818/1271 7408/8819/1888
f 6777/8002/332 6776/8000/332 7408/8819/1888 7407/8820/1257
f 6778/8004/332 6777/8002/332 7407/8820/1257 7461/8821/1273
f 6779/8006/332 6778/8004/332 7461/8821/1273 7460/8822/1931
f 6780/8008/332 6779/8006/332 7460/8822/1931 7459/8823/1930
f 6781/8010/332 6780/8008/332 7459/8823/1930 7379/8824/1861
f 6782/8012/332 6781/8010/332 7379/8824/1861 7378/8825/1860
f 6783/8014/332 6782/8012/332 7378/8825/1860 7441/8826/1912
f 6784/8016/332 6783/8014/332 7441/8826/1912 7463/8827/1912
f 6785/8018/332 6784/8016/332 7463/8827/1912 7466/8828/1912
f 6786/8020/1611 6785/8018/332 7466/8828/1912 7465/8829/1934
f 6787/8022/1612 6786/8020/1611 7465/8829/1934 7464/8830/1933
f 6788/8024/1613 6787/8027/1612 7464/8831/1933 7472/8832/1940
f 6789/8028/886 6788/8024/1613 7472/8832/1940 7437/8833/1289
f 6790/8030/886 6789/8028/886 7437/8833/1289 7436/8834/1289
f 6791/8032/886 6790/8030/886 7436/8834/1289 7438/8835/1289
f 6792/8034/886 6791/8032/886 7438/8835/1289 7474/8836/1289
f 6793/8036/886 6792/8034/886 7474/8836/1289 7440/8837/1289
f 6794/8038/886 6793/8036/886 7440/8837/1289 7439/8838/1289
f 6795/8040/886 6794/8038/886 7439/8838/1289 7475/8839/1289
f 5319/6327/886 6795/8040/886 7475/8839/1289 6072/7205/1289
f 6796/8042/1614 5321/6330/888 6029/7207/1286 7434/8840/1910
f 6797/8044/1615 6796/8042/1614 7434/8840/1910 7396/8841/1878
f 6798/8046/1616 6797/8044/1615 7396/8841/1878 7395/8842/1877
f 6799/8048/1617 6798/8046/1616 7395/8842/1877 7435/8843/1911
f 6800/8050/1618 6799/8048/1617 7435/8843/1911 7416/8844/1895
f 6801/8052/332 6800/8050/1618 7416/8844/1895 7415/8845/1894
f 6802/8054/332 6801/8052/332 7415/8845/1894 7425/8846/1901
f 6803/8056/332 6802/8054/332 7425/8846/1901 7426/8847/1902
f 6804/8058/332 6803/8056/332 7426/8847/1902 7427/8848/1903
f 6805/8060/1619 6804/8058/332 7427/8848/1903 7410/8849/1890
f 6806/8062/1620 6805/8060/1619 7410/8849/1890 7409/8850/1889
f 6807/8064/332 6806/8062/1620 7409/8850/1889 7429/8851/1905
f 6808/8066/1621 6807/8064/332 7429/8851/1905 7428/8852/1904
f 6809/8068/1622 6808/8066/1621 7428/8852/1904 7404/8853/1886
f 6810/8070/1623 6809/8068/1622 7404/8853/1886 7403/8854/1885
f 6811/8072/1624 6810/8070/1623 7403/8854/1885 7479/8855/1944
f 6812/8074/1625 6811/8072/1624 7479/8855/1944 7478/8856/1943
f 6813/8076/1626 6812/8074/1625 7478/8856/1943 7476/8857/1941
f 6814/8078/1627 6813/8076/1626 7476/8857/1941 7398/8858/1880
f 6815/8080/1628 6814/8078/1627 7398/8858/1880 7397/8859/1879
f 6816/8082/1629 6815/8080/1628 7397/8859/1879 7480/8860/1945
f 6817/8084/1630 6816/8082/1629 7480/8860/1945 7477/8861/1942
f 6818/8086/1631 6817/8084/1630 7477/8861/1942 7400/8862/1882
f 6819/8088/1632 6818/8086/1631 7400/8862/1882 7399/8863/1881
f 6820/8090/1633 6819/8088/1632 7399/8863/1881 7402/8864/1884
f 6821/8092/1634 6820/8090/1633 7402/8864/1884 7401/8865/1883
f 6822/8094/1635 6821/8092/1634 7401/8865/1883 7421/8866/1899
f 6823/8096/277 6822/8094/1635 7421/8866/1899 7420/8867/1310
f 6824/8098/277 6823/8096/277 7420/8867/1310 7406/8868/1887
f 6825/8100/277 6824/8098/277 7406/8868/1887 7405/8869/1259
f 6826/8102/277 6825/8100/277 7405/8869/1259 7419/8870/1898
f 6827/8104/277 6826/8102/277 7419/8870/1898 7418/8871/1897
f 6828/8106/277 6827/8104/277 7418/8871/1897 7417/8872/1896
f 6829/8108/277 6828/8106/277 7417/8872/1896 7412/8873/1892
f 6830/8110/1636 6829/8108/277 7412/8873/1892 7411/8874/1891
f 6831/8112/1637 6830/8110/1636 7411/8874/1891 7430/8875/1906
f 6832/8114/1638 6831/8112/1637 7430/8875/1906 7377/8876/1859
f 6833/8116/1639 6832/8114/1638 7377/8876/1859 7376/8877/1858
f 6834/8118/1640 6833/8116/1639 7376/8877/1858 7473/8878/1668
f 5360/6411/915 6834/8118/1640 7473/8878/1668 5963/7247/951
