# Blender v3.2.2 OBJ File: 'book-with-bookmark-001.blend'
# www.blender.org
mtllib book-with-bookmark-001.mtl
o book-01
v 0.167595 0.230000 0.012500
v 0.167595 0.230000 -0.012500
v 0.167595 0.000000 0.012500
v 0.167595 0.000000 -0.012500
v 0.017595 0.230000 0.010618
v 0.019477 0.230000 0.012500
v 0.017847 0.230000 0.011559
v 0.018536 0.230000 0.012248
v 0.017595 0.230000 -0.010618
v 0.019477 0.230000 -0.012500
v 0.017847 0.230000 -0.011559
v 0.018536 0.230000 -0.012248
v 0.019477 0.000000 0.012500
v 0.017595 0.000000 0.010618
v 0.018536 0.000000 0.012248
v 0.017847 0.000000 0.011559
v 0.019477 0.000000 -0.012500
v 0.017595 0.000000 -0.010618
v 0.018536 0.000000 -0.012248
v 0.017847 0.000000 -0.011559
v 0.025530 0.000000 0.012500
v 0.024797 0.000000 0.012500
v 0.025364 0.000000 0.012404
v 0.024963 0.000000 0.012404
v 0.024797 0.230000 0.012500
v 0.025530 0.230000 0.012500
v 0.024963 0.230000 0.012404
v 0.025364 0.230000 0.012404
v 0.025530 0.000000 -0.012500
v 0.024797 0.000000 -0.012500
v 0.025364 0.000000 -0.012400
v 0.024963 0.000000 -0.012400
v 0.024797 0.230000 -0.012500
v 0.025530 0.230000 -0.012500
v 0.024963 0.230000 -0.012400
v 0.025364 0.230000 -0.012400
v 0.167595 0.230000 0.011500
v 0.167595 0.230000 -0.011500
v 0.167595 0.000000 0.011500
v 0.167595 0.000000 -0.011500
v 0.018595 0.230000 0.010486
v 0.019609 0.230000 0.011500
v 0.018744 0.230000 0.011041
v 0.019054 0.230000 0.011351
v 0.018595 0.230000 -0.010486
v 0.019609 0.230000 -0.011500
v 0.018744 0.230000 -0.011041
v 0.019054 0.230000 -0.011351
v 0.019609 0.000000 0.011500
v 0.018595 0.000000 0.010486
v 0.019054 0.000000 0.011351
v 0.018744 0.000000 0.011041
v 0.019609 0.000000 -0.011500
v 0.018595 0.000000 -0.010486
v 0.019054 0.000000 -0.011351
v 0.018744 0.000000 -0.011041
v 0.025530 0.000000 0.011500
v 0.024797 0.000000 0.011500
v 0.025364 0.000000 0.011500
v 0.024963 0.000000 0.011500
v 0.024797 0.230000 0.011500
v 0.025530 0.230000 0.011500
v 0.024963 0.230000 0.011500
v 0.025364 0.230000 0.011500
v 0.025530 0.000000 -0.011500
v 0.024797 0.000000 -0.011500
v 0.025364 0.000000 -0.011500
v 0.024963 0.000000 -0.011500
v 0.024797 0.230000 -0.011500
v 0.025530 0.230000 -0.011500
v 0.024963 0.230000 -0.011500
v 0.025364 0.230000 -0.011500
v 0.096562 0.230000 0.012500
v 0.096562 0.000000 0.012500
v 0.096562 0.230000 0.011500
v 0.096562 0.000000 0.011500
v 0.096562 0.000000 -0.012500
v 0.096562 0.230000 -0.012500
v 0.096562 0.000000 -0.011500
v 0.096562 0.230000 -0.011500
v 0.167595 0.115000 -0.012500
v 0.167595 0.115000 0.012500
v 0.019477 0.115000 0.012500
v 0.018536 0.115000 0.012248
v 0.017847 0.115000 0.011559
v 0.017595 0.115000 0.010618
v 0.018536 0.115000 -0.012248
v 0.017595 0.115000 -0.010618
v 0.019477 0.115000 -0.012500
v 0.017847 0.115000 -0.011559
v 0.024797 0.115000 0.012500
v 0.024963 0.115000 0.012404
v 0.025364 0.115000 0.012404
v 0.025530 0.115000 0.012500
v 0.024963 0.115000 -0.012400
v 0.025530 0.115000 -0.012500
v 0.025364 0.115000 -0.012400
v 0.024797 0.115000 -0.012500
v 0.167595 0.115000 -0.011500
v 0.167595 0.115000 0.011500
v 0.019609 0.115000 0.011500
v 0.019054 0.115000 0.011351
v 0.018744 0.115000 0.011041
v 0.018595 0.115000 0.010486
v 0.019054 0.115000 -0.011351
v 0.018595 0.115000 -0.010486
v 0.019609 0.115000 -0.011500
v 0.018744 0.115000 -0.011041
v 0.024797 0.115000 0.011500
v 0.024963 0.115000 0.011500
v 0.025364 0.115000 0.011500
v 0.025530 0.115000 0.011500
v 0.024963 0.115000 -0.011500
v 0.025530 0.115000 -0.011500
v 0.025364 0.115000 -0.011500
v 0.024797 0.115000 -0.011500
v 0.096562 0.115000 0.011500
v 0.096562 0.115000 0.012500
v 0.096562 0.115000 -0.011500
v 0.096562 0.115000 -0.012500
v 0.019477 0.172500 0.012500
v 0.019477 0.172500 -0.012500
v 0.024963 0.172500 0.012404
v 0.025364 0.172500 0.012404
v 0.025530 0.172500 0.012500
v 0.024963 0.172500 -0.012400
v 0.025530 0.172500 -0.012500
v 0.025364 0.172500 -0.012400
v 0.019609 0.172500 0.011500
v 0.019609 0.172500 -0.011500
v 0.024963 0.172500 0.011500
v 0.025364 0.172500 0.011500
v 0.025530 0.172500 0.011500
v 0.024963 0.172500 -0.011500
v 0.025530 0.172500 -0.011500
v 0.025364 0.172500 -0.011500
v 0.096562 0.172500 0.011500
v 0.096562 0.172500 -0.012500
v 0.167595 0.172500 -0.012500
v 0.167595 0.172500 0.012500
v 0.018536 0.172500 0.012248
v 0.017847 0.172500 0.011559
v 0.017595 0.172500 0.010618
v 0.018536 0.172500 -0.012248
v 0.017595 0.172500 -0.010618
v 0.017847 0.172500 -0.011559
v 0.024797 0.172500 0.012500
v 0.024797 0.172500 -0.012500
v 0.167595 0.172500 -0.011500
v 0.167595 0.172500 0.011500
v 0.019054 0.172500 0.011351
v 0.018744 0.172500 0.011041
v 0.018595 0.172500 0.010486
v 0.019054 0.172500 -0.011351
v 0.018595 0.172500 -0.010486
v 0.018744 0.172500 -0.011041
v 0.024797 0.172500 0.011500
v 0.024797 0.172500 -0.011500
v 0.096562 0.172500 0.012500
v 0.096562 0.172500 -0.011500
v 0.167595 0.057500 -0.012500
v 0.167595 0.057500 0.012500
v 0.018536 0.057500 0.012248
v 0.017847 0.057500 0.011559
v 0.017595 0.057500 0.010618
v 0.018536 0.057500 -0.012248
v 0.017595 0.057500 -0.010618
v 0.017847 0.057500 -0.011559
v 0.024797 0.057500 0.012500
v 0.024797 0.057500 -0.012500
v 0.167595 0.057500 -0.011500
v 0.167595 0.057500 0.011500
v 0.019054 0.057500 0.011351
v 0.018744 0.057500 0.011041
v 0.018595 0.057500 0.010486
v 0.019054 0.057500 -0.011351
v 0.018595 0.057500 -0.010486
v 0.018744 0.057500 -0.011041
v 0.024797 0.057500 0.011500
v 0.024797 0.057500 -0.011500
v 0.096562 0.057500 0.012500
v 0.096562 0.057500 -0.011500
v 0.019477 0.057500 0.012500
v 0.019477 0.057500 -0.012500
v 0.024963 0.057500 0.012404
v 0.025364 0.057500 0.012404
v 0.025530 0.057500 0.012500
v 0.024963 0.057500 -0.012400
v 0.025530 0.057500 -0.012500
v 0.025364 0.057500 -0.012400
v 0.019609 0.057500 0.011500
v 0.019609 0.057500 -0.011500
v 0.024963 0.057500 0.011500
v 0.025364 0.057500 0.011500
v 0.025530 0.057500 0.011500
v 0.024963 0.057500 -0.011500
v 0.025530 0.057500 -0.011500
v 0.025364 0.057500 -0.011500
v 0.096562 0.057500 0.011500
v 0.096562 0.057500 -0.012500
v 0.167595 0.028750 -0.012500
v 0.167595 0.028750 0.012500
v 0.018536 0.028750 0.012248
v 0.017847 0.028750 0.011559
v 0.017595 0.028750 0.010618
v 0.018536 0.028750 -0.012248
v 0.017595 0.028750 -0.010618
v 0.017847 0.028750 -0.011559
v 0.024797 0.028750 0.012500
v 0.024797 0.028750 -0.012500
v 0.167595 0.028750 -0.011500
v 0.167595 0.028750 0.011500
v 0.019054 0.028750 0.011351
v 0.018744 0.028750 0.011041
v 0.018595 0.028750 0.010486
v 0.019054 0.028750 -0.011351
v 0.018595 0.028750 -0.010486
v 0.018744 0.028750 -0.011041
v 0.024797 0.028750 0.011500
v 0.024797 0.028750 -0.011500
v 0.096562 0.028750 0.012500
v 0.096562 0.028750 -0.011500
v 0.019477 0.028750 0.012500
v 0.019477 0.028750 -0.012500
v 0.024963 0.028750 0.012404
v 0.025364 0.028750 0.012404
v 0.025530 0.028750 0.012500
v 0.024963 0.028750 -0.012400
v 0.025530 0.028750 -0.012500
v 0.025364 0.028750 -0.012400
v 0.019609 0.028750 0.011500
v 0.019609 0.028750 -0.011500
v 0.024963 0.028750 0.011500
v 0.025364 0.028750 0.011500
v 0.025530 0.028750 0.011500
v 0.024963 0.028750 -0.011500
v 0.025530 0.028750 -0.011500
v 0.025364 0.028750 -0.011500
v 0.096562 0.028750 0.011500
v 0.096562 0.028750 -0.012500
v 0.019477 0.086250 0.012500
v 0.019477 0.086250 -0.012500
v 0.024963 0.086250 0.012404
v 0.025364 0.086250 0.012404
v 0.025530 0.086250 0.012500
v 0.024963 0.086250 -0.012400
v 0.025530 0.086250 -0.012500
v 0.025364 0.086250 -0.012400
v 0.019609 0.086250 0.011500
v 0.019609 0.086250 -0.011500
v 0.024963 0.086250 0.011500
v 0.025364 0.086250 0.011500
v 0.025530 0.086250 0.011500
v 0.024963 0.086250 -0.011500
v 0.025530 0.086250 -0.011500
v 0.025364 0.086250 -0.011500
v 0.096562 0.086250 0.011500
v 0.096562 0.086250 -0.012500
v 0.167595 0.086250 -0.012500
v 0.167595 0.086250 0.012500
v 0.018536 0.086250 0.012248
v 0.017847 0.086250 0.011559
v 0.017595 0.086250 0.010618
v 0.018536 0.086250 -0.012248
v 0.017595 0.086250 -0.010618
v 0.017847 0.086250 -0.011559
v 0.024797 0.086250 0.012500
v 0.024797 0.086250 -0.012500
v 0.167595 0.086250 -0.011500
v 0.167595 0.086250 0.011500
v 0.019054 0.086250 0.011351
v 0.018744 0.086250 0.011041
v 0.018595 0.086250 0.010486
v 0.019054 0.086250 -0.011351
v 0.018595 0.086250 -0.010486
v 0.018744 0.086250 -0.011041
v 0.024797 0.086250 0.011500
v 0.024797 0.086250 -0.011500
v 0.096562 0.086250 0.012500
v 0.096562 0.086250 -0.011500
v 0.167595 0.143750 -0.012500
v 0.167595 0.143750 0.012500
v 0.018536 0.143750 0.012248
v 0.017847 0.143750 0.011559
v 0.017595 0.143750 0.010618
v 0.018536 0.143750 -0.012248
v 0.017595 0.143750 -0.010618
v 0.017847 0.143750 -0.011559
v 0.024797 0.143750 0.012500
v 0.024797 0.143750 -0.012500
v 0.167595 0.143750 -0.011500
v 0.167595 0.143750 0.011500
v 0.019054 0.143750 0.011351
v 0.018744 0.143750 0.011041
v 0.018595 0.143750 0.010486
v 0.019054 0.143750 -0.011351
v 0.018595 0.143750 -0.010486
v 0.018744 0.143750 -0.011041
v 0.024797 0.143750 0.011500
v 0.024797 0.143750 -0.011500
v 0.096562 0.143750 0.012500
v 0.096562 0.143750 -0.011500
v 0.019477 0.143750 0.012500
v 0.019477 0.143750 -0.012500
v 0.024963 0.143750 0.012404
v 0.025364 0.143750 0.012404
v 0.025530 0.143750 0.012500
v 0.024963 0.143750 -0.012400
v 0.025530 0.143750 -0.012500
v 0.025364 0.143750 -0.012400
v 0.019609 0.143750 0.011500
v 0.019609 0.143750 -0.011500
v 0.024963 0.143750 0.011500
v 0.025364 0.143750 0.011500
v 0.025530 0.143750 0.011500
v 0.024963 0.143750 -0.011500
v 0.025530 0.143750 -0.011500
v 0.025364 0.143750 -0.011500
v 0.096562 0.143750 0.011500
v 0.096562 0.143750 -0.012500
v 0.019477 0.201250 0.012500
v 0.019477 0.201250 -0.012500
v 0.024963 0.201250 0.012404
v 0.025364 0.201250 0.012404
v 0.025530 0.201250 0.012500
v 0.024963 0.201250 -0.012400
v 0.025530 0.201250 -0.012500
v 0.025364 0.201250 -0.012400
v 0.019609 0.201250 0.011500
v 0.019609 0.201250 -0.011500
v 0.024963 0.201250 0.011500
v 0.025364 0.201250 0.011500
v 0.025530 0.201250 0.011500
v 0.024963 0.201250 -0.011500
v 0.025530 0.201250 -0.011500
v 0.025364 0.201250 -0.011500
v 0.096562 0.201250 0.011500
v 0.096562 0.201250 -0.012500
v 0.167595 0.201250 -0.012500
v 0.167595 0.201250 0.012500
v 0.018536 0.201250 0.012248
v 0.017847 0.201250 0.011559
v 0.017595 0.201250 0.010618
v 0.018536 0.201250 -0.012248
v 0.017595 0.201250 -0.010618
v 0.017847 0.201250 -0.011559
v 0.024797 0.201250 0.012500
v 0.024797 0.201250 -0.012500
v 0.167595 0.201250 -0.011500
v 0.167595 0.201250 0.011500
v 0.019054 0.201250 0.011351
v 0.018744 0.201250 0.011041
v 0.018595 0.201250 0.010486
v 0.019054 0.201250 -0.011351
v 0.018595 0.201250 -0.010486
v 0.018744 0.201250 -0.011041
v 0.024797 0.201250 0.011500
v 0.024797 0.201250 -0.011500
v 0.096562 0.201250 0.012500
v 0.096562 0.201250 -0.011500
v 0.061046 0.230000 0.012500
v 0.061046 0.230000 0.011500
v 0.061046 0.000000 0.012500
v 0.061046 0.000000 0.011500
v 0.061046 0.115000 0.011500
v 0.061046 0.115000 0.012500
v 0.061046 0.172500 0.012500
v 0.061046 0.172500 0.011500
v 0.061046 0.057500 0.011500
v 0.061046 0.057500 0.012500
v 0.061046 0.028750 0.011500
v 0.061046 0.028750 0.012500
v 0.061046 0.086250 0.012500
v 0.061046 0.086250 0.011500
v 0.061046 0.143750 0.012500
v 0.061046 0.143750 0.011500
v 0.061046 0.201250 0.011500
v 0.061046 0.201250 0.012500
v 0.132079 0.000000 0.012500
v 0.132079 0.000000 0.011500
v 0.132079 0.230000 0.012500
v 0.132079 0.230000 0.011500
v 0.132079 0.115000 0.012500
v 0.132079 0.115000 0.011500
v 0.132079 0.172500 0.011500
v 0.132079 0.172500 0.012500
v 0.132079 0.057500 0.012500
v 0.132079 0.057500 0.011500
v 0.132079 0.028750 0.012500
v 0.132079 0.028750 0.011500
v 0.132079 0.086250 0.011500
v 0.132079 0.086250 0.012500
v 0.132079 0.143750 0.011500
v 0.132079 0.143750 0.012500
v 0.132079 0.201250 0.012500
v 0.132079 0.201250 0.011500
v 0.061046 0.230000 -0.012500
v 0.061046 0.230000 -0.011500
v 0.061046 0.000000 -0.012500
v 0.061046 0.000000 -0.011500
v 0.061046 0.115000 -0.011500
v 0.061046 0.115000 -0.012500
v 0.061046 0.172500 -0.012500
v 0.061046 0.172500 -0.011500
v 0.061046 0.057500 -0.011500
v 0.061046 0.057500 -0.012500
v 0.061046 0.028750 -0.011500
v 0.061046 0.028750 -0.012500
v 0.061046 0.086250 -0.012500
v 0.061046 0.086250 -0.011500
v 0.061046 0.143750 -0.012500
v 0.061046 0.143750 -0.011500
v 0.061046 0.201250 -0.011500
v 0.061046 0.201250 -0.012500
v 0.132079 0.000000 -0.012500
v 0.132079 0.000000 -0.011500
v 0.132079 0.230000 -0.012500
v 0.132079 0.230000 -0.011500
v 0.132079 0.115000 -0.012500
v 0.132079 0.115000 -0.011500
v 0.132079 0.172500 -0.011500
v 0.132079 0.172500 -0.012500
v 0.132079 0.057500 -0.012500
v 0.132079 0.057500 -0.011500
v 0.132079 0.028750 -0.012500
v 0.132079 0.028750 -0.011500
v 0.132079 0.086250 -0.011500
v 0.132079 0.086250 -0.012500
v 0.132079 0.143750 -0.011500
v 0.132079 0.143750 -0.012500
v 0.132079 0.201250 -0.012500
v 0.132079 0.201250 -0.011500
v 0.024580 0.230000 0.012500
v 0.024580 0.000000 0.012500
v 0.024585 0.230000 0.011500
v 0.024585 0.000000 0.011500
v 0.024585 0.115000 0.011500
v 0.024580 0.115000 0.012500
v 0.024580 0.172500 0.012500
v 0.024585 0.172500 0.011500
v 0.024585 0.057500 0.011500
v 0.024580 0.057500 0.012500
v 0.024585 0.028750 0.011500
v 0.024580 0.028750 0.012500
v 0.024580 0.086250 0.012500
v 0.024585 0.086250 0.011500
v 0.024580 0.143750 0.012500
v 0.024585 0.143750 0.011500
v 0.024585 0.201250 0.011500
v 0.024580 0.201250 0.012500
v 0.025767 0.230000 0.012500
v 0.025767 0.230000 0.011500
v 0.025767 0.115000 0.011500
v 0.025767 0.172500 0.011500
v 0.025767 0.057500 0.011500
v 0.025767 0.028750 0.011500
v 0.025767 0.086250 0.011500
v 0.025767 0.143750 0.011500
v 0.025767 0.201250 0.011500
v 0.025767 0.000000 0.012500
v 0.025767 0.000000 0.011500
v 0.025767 0.115000 0.012500
v 0.025767 0.172500 0.012500
v 0.025767 0.057500 0.012500
v 0.025767 0.028750 0.012500
v 0.025767 0.086250 0.012500
v 0.025767 0.143750 0.012500
v 0.025767 0.201250 0.012500
v 0.024477 0.000000 -0.012500
v 0.024477 0.230000 -0.012500
v 0.024485 0.000000 -0.011500
v 0.024485 0.230000 -0.011500
v 0.024485 0.115000 -0.011500
v 0.024477 0.115000 -0.012500
v 0.024477 0.172500 -0.012500
v 0.024485 0.172500 -0.011500
v 0.024485 0.057500 -0.011500
v 0.024477 0.057500 -0.012500
v 0.024485 0.028750 -0.011500
v 0.024477 0.028750 -0.012500
v 0.024477 0.086250 -0.012500
v 0.024485 0.086250 -0.011500
v 0.024477 0.143750 -0.012500
v 0.024485 0.143750 -0.011500
v 0.024485 0.201250 -0.011500
v 0.024477 0.201250 -0.012500
v 0.025850 0.230000 -0.012500
v 0.025850 0.230000 -0.011500
v 0.025850 0.115000 -0.012500
v 0.025850 0.172500 -0.012500
v 0.025850 0.057500 -0.012500
v 0.025850 0.028750 -0.012500
v 0.025850 0.086250 -0.012500
v 0.025850 0.143750 -0.012500
v 0.025850 0.201250 -0.012500
v 0.025850 0.000000 -0.012500
v 0.025850 0.000000 -0.011500
v 0.025850 0.115000 -0.011500
v 0.025850 0.172500 -0.011500
v 0.025850 0.057500 -0.011500
v 0.025850 0.028750 -0.011500
v 0.025850 0.086250 -0.011500
v 0.025850 0.143750 -0.011500
v 0.025850 0.201250 -0.011500
v 0.167595 0.230000 0.012329
v 0.167595 0.230000 -0.012329
v 0.167595 0.000000 0.012329
v 0.167595 0.000000 -0.012329
v 0.017766 0.230000 0.010595
v 0.019500 0.230000 0.012329
v 0.018001 0.230000 0.011470
v 0.018625 0.230000 0.012094
v 0.017766 0.230000 -0.010595
v 0.019500 0.230000 -0.012329
v 0.018001 0.230000 -0.011470
v 0.018625 0.230000 -0.012094
v 0.019500 0.000000 0.012329
v 0.017766 0.000000 0.010595
v 0.018625 0.000000 0.012094
v 0.018001 0.000000 0.011470
v 0.019500 0.000000 -0.012329
v 0.017766 0.000000 -0.010595
v 0.018625 0.000000 -0.012094
v 0.018001 0.000000 -0.011470
v 0.025530 0.000000 0.012329
v 0.024797 0.000000 0.012329
v 0.025364 0.000000 0.012249
v 0.024963 0.000000 0.012249
v 0.024797 0.230000 0.012329
v 0.025530 0.230000 0.012329
v 0.024963 0.230000 0.012249
v 0.025364 0.230000 0.012249
v 0.025530 0.000000 -0.012329
v 0.024797 0.000000 -0.012329
v 0.025364 0.000000 -0.012246
v 0.024963 0.000000 -0.012246
v 0.024797 0.230000 -0.012329
v 0.025530 0.230000 -0.012329
v 0.024963 0.230000 -0.012246
v 0.025364 0.230000 -0.012246
v 0.096562 0.000000 0.012329
v 0.096562 0.230000 0.012329
v 0.096562 0.230000 -0.012329
v 0.096562 0.000000 -0.012329
v 0.167595 0.115000 0.012329
v 0.167595 0.115000 -0.012329
v 0.167595 0.172500 0.012329
v 0.167595 0.172500 -0.012329
v 0.167595 0.057500 -0.012329
v 0.167595 0.057500 0.012329
v 0.167595 0.028750 -0.012329
v 0.167595 0.028750 0.012329
v 0.167595 0.086250 0.012329
v 0.167595 0.086250 -0.012329
v 0.167595 0.143750 -0.012329
v 0.167595 0.143750 0.012329
v 0.167595 0.201250 0.012329
v 0.167595 0.201250 -0.012329
v 0.061046 0.230000 0.012329
v 0.061046 0.000000 0.012329
v 0.132079 0.000000 0.012329
v 0.132079 0.230000 0.012329
v 0.061046 0.000000 -0.012329
v 0.061046 0.230000 -0.012329
v 0.132079 0.230000 -0.012329
v 0.132079 0.000000 -0.012329
v 0.024581 0.000000 0.012329
v 0.024581 0.230000 0.012329
v 0.025767 0.230000 0.012329
v 0.025767 0.000000 0.012329
v 0.024478 0.230000 -0.012329
v 0.024478 0.000000 -0.012329
v 0.025850 0.000000 -0.012329
v 0.025850 0.230000 -0.012329
v 0.167595 0.230000 0.011671
v 0.167595 0.230000 -0.011671
v 0.167595 0.000000 0.011671
v 0.167595 0.000000 -0.011671
v 0.018424 0.230000 0.010509
v 0.019586 0.230000 0.011671
v 0.018590 0.230000 0.011130
v 0.018965 0.230000 0.011505
v 0.018424 0.230000 -0.010509
v 0.019586 0.230000 -0.011671
v 0.018590 0.230000 -0.011130
v 0.018965 0.230000 -0.011505
v 0.019586 0.000000 0.011671
v 0.018424 0.000000 0.010509
v 0.018965 0.000000 0.011505
v 0.018590 0.000000 0.011130
v 0.019586 0.000000 -0.011671
v 0.018424 0.000000 -0.010509
v 0.018965 0.000000 -0.011505
v 0.018590 0.000000 -0.011130
v 0.025530 0.000000 0.011671
v 0.024797 0.000000 0.011671
v 0.025364 0.000000 0.011655
v 0.024963 0.000000 0.011655
v 0.024797 0.230000 0.011671
v 0.025530 0.230000 0.011671
v 0.024963 0.230000 0.011655
v 0.025364 0.230000 0.011655
v 0.025530 0.000000 -0.011671
v 0.024797 0.000000 -0.011671
v 0.025364 0.000000 -0.011654
v 0.024963 0.000000 -0.011654
v 0.024797 0.230000 -0.011671
v 0.025530 0.230000 -0.011671
v 0.024963 0.230000 -0.011654
v 0.025364 0.230000 -0.011654
v 0.096562 0.000000 0.011671
v 0.096562 0.230000 0.011671
v 0.096562 0.230000 -0.011671
v 0.096562 0.000000 -0.011671
v 0.167595 0.115000 0.011671
v 0.167595 0.115000 -0.011671
v 0.167595 0.172500 0.011671
v 0.167595 0.172500 -0.011671
v 0.167595 0.057500 -0.011671
v 0.167595 0.057500 0.011671
v 0.167595 0.028750 -0.011671
v 0.167595 0.028750 0.011671
v 0.167595 0.086250 0.011671
v 0.167595 0.086250 -0.011671
v 0.167595 0.143750 -0.011671
v 0.167595 0.143750 0.011671
v 0.167595 0.201250 0.011671
v 0.167595 0.201250 -0.011671
v 0.061046 0.230000 0.011671
v 0.061046 0.000000 0.011671
v 0.132079 0.000000 0.011671
v 0.132079 0.230000 0.011671
v 0.061046 0.000000 -0.011671
v 0.061046 0.230000 -0.011671
v 0.132079 0.230000 -0.011671
v 0.132079 0.000000 -0.011671
v 0.024584 0.000000 0.011671
v 0.024584 0.230000 0.011671
v 0.025767 0.230000 0.011671
v 0.025767 0.000000 0.011671
v 0.024483 0.230000 -0.011671
v 0.024483 0.000000 -0.011671
v 0.025850 0.000000 -0.011671
v 0.025850 0.230000 -0.011671
v 0.167595 0.000334 -0.012500
v 0.167595 0.000334 0.012500
v 0.018536 0.000334 0.012248
v 0.017847 0.000334 0.011559
v 0.017595 0.000334 0.010618
v 0.018536 0.000334 -0.012248
v 0.017595 0.000334 -0.010618
v 0.017847 0.000334 -0.011559
v 0.024797 0.000334 0.012500
v 0.024797 0.000334 -0.012500
v 0.167595 0.000334 -0.011500
v 0.167595 0.000334 0.011500
v 0.019054 0.000334 0.011351
v 0.018744 0.000334 0.011041
v 0.018595 0.000334 0.010486
v 0.019054 0.000334 -0.011351
v 0.018595 0.000334 -0.010486
v 0.018744 0.000334 -0.011041
v 0.024797 0.000334 0.011500
v 0.024797 0.000334 -0.011500
v 0.096562 0.000334 0.012500
v 0.096562 0.000334 -0.011500
v 0.019477 0.000334 0.012500
v 0.019477 0.000334 -0.012500
v 0.024963 0.000334 0.012404
v 0.025364 0.000334 0.012404
v 0.025530 0.000334 0.012500
v 0.024963 0.000334 -0.012400
v 0.025530 0.000334 -0.012500
v 0.025364 0.000334 -0.012400
v 0.019609 0.000334 0.011500
v 0.019609 0.000334 -0.011500
v 0.024963 0.000334 0.011500
v 0.025364 0.000334 0.011500
v 0.025530 0.000334 0.011500
v 0.024963 0.000334 -0.011500
v 0.025530 0.000334 -0.011500
v 0.025364 0.000334 -0.011500
v 0.096562 0.000334 0.011500
v 0.096562 0.000334 -0.012500
v 0.061046 0.000334 0.011500
v 0.061046 0.000334 0.012500
v 0.132079 0.000334 0.012500
v 0.132079 0.000334 0.011500
v 0.061046 0.000334 -0.011500
v 0.061046 0.000334 -0.012500
v 0.132079 0.000334 -0.012500
v 0.132079 0.000334 -0.011500
v 0.024585 0.000334 0.011500
v 0.024580 0.000334 0.012500
v 0.025767 0.000334 0.011500
v 0.025767 0.000334 0.012500
v 0.024485 0.000334 -0.011500
v 0.024477 0.000334 -0.012500
v 0.025850 0.000334 -0.011500
v 0.025850 0.000334 -0.012500
v 0.167595 0.000334 -0.012329
v 0.167595 0.000334 0.012329
v 0.167595 0.000334 -0.011671
v 0.167595 0.000334 0.011671
v 0.019477 0.229428 0.012500
v 0.019477 0.229428 -0.012500
v 0.024963 0.229428 0.012404
v 0.025364 0.229428 0.012404
v 0.025530 0.229428 0.012500
v 0.024963 0.229428 -0.012400
v 0.025530 0.229428 -0.012500
v 0.025364 0.229428 -0.012400
v 0.019609 0.229428 0.011500
v 0.019609 0.229428 -0.011500
v 0.024963 0.229428 0.011500
v 0.025364 0.229428 0.011500
v 0.025530 0.229428 0.011500
v 0.024963 0.229428 -0.011500
v 0.025530 0.229428 -0.011500
v 0.025364 0.229428 -0.011500
v 0.096562 0.229428 0.011500
v 0.096562 0.229428 -0.012500
v 0.167595 0.229428 -0.012500
v 0.167595 0.229428 0.012500
v 0.018536 0.229428 0.012248
v 0.017847 0.229428 0.011559
v 0.017595 0.229428 0.010618
v 0.018536 0.229428 -0.012248
v 0.017595 0.229428 -0.010618
v 0.017847 0.229428 -0.011559
v 0.024797 0.229428 0.012500
v 0.024797 0.229428 -0.012500
v 0.167595 0.229428 -0.011500
v 0.167595 0.229428 0.011500
v 0.019054 0.229428 0.011351
v 0.018744 0.229428 0.011041
v 0.018595 0.229428 0.010486
v 0.019054 0.229428 -0.011351
v 0.018595 0.229428 -0.010486
v 0.018744 0.229428 -0.011041
v 0.024797 0.229428 0.011500
v 0.024797 0.229428 -0.011500
v 0.096562 0.229428 0.012500
v 0.096562 0.229428 -0.011500
v 0.061046 0.229428 0.012500
v 0.061046 0.229428 0.011500
v 0.132079 0.229428 0.011500
v 0.132079 0.229428 0.012500
v 0.061046 0.229428 -0.012500
v 0.061046 0.229428 -0.011500
v 0.132079 0.229428 -0.011500
v 0.132079 0.229428 -0.012500
v 0.024580 0.229428 0.012500
v 0.024585 0.229428 0.011500
v 0.025767 0.229428 0.012500
v 0.025767 0.229428 0.011500
v 0.024477 0.229428 -0.012500
v 0.024485 0.229428 -0.011500
v 0.025850 0.229428 -0.012500
v 0.025850 0.229428 -0.011500
v 0.167595 0.229428 0.012329
v 0.167595 0.229428 -0.012329
v 0.167595 0.229428 0.011671
v 0.167595 0.229428 -0.011671
v 0.017595 0.000000 -0.000000
v 0.017595 0.230000 0.000000
v 0.018595 0.000000 -0.000000
v 0.018595 0.230000 0.000000
v 0.018595 0.115000 0.000000
v 0.017595 0.115000 0.000000
v 0.017595 0.172500 0.000000
v 0.018595 0.172500 0.000000
v 0.018595 0.057500 0.000000
v 0.017595 0.057500 0.000000
v 0.018595 0.028750 0.000000
v 0.017595 0.028750 0.000000
v 0.017595 0.086250 0.000000
v 0.018595 0.086250 0.000000
v 0.017595 0.143750 0.000000
v 0.018595 0.143750 0.000000
v 0.018595 0.201250 0.000000
v 0.017595 0.201250 0.000000
v 0.017766 0.230000 0.000000
v 0.017766 0.000000 -0.000000
v 0.018424 0.230000 0.000000
v 0.018424 0.000000 -0.000000
v 0.018595 0.000334 -0.000000
v 0.017595 0.000334 -0.000000
v 0.017595 0.229428 0.000000
v 0.018595 0.229428 0.000000
v 0.017595 0.230000 0.008988
v 0.018595 0.230000 0.008877
v 0.017595 0.115000 0.008988
v 0.017595 0.172500 0.008988
v 0.017595 0.057500 0.008988
v 0.017595 0.028750 0.008988
v 0.017595 0.086250 0.008988
v 0.017595 0.143750 0.008988
v 0.017595 0.201250 0.008988
v 0.017766 0.000000 0.008969
v 0.018424 0.000000 0.008896
v 0.017595 0.000334 0.008988
v 0.017595 0.229428 0.008988
v 0.017595 0.000000 0.008988
v 0.018595 0.000000 0.008877
v 0.018595 0.115000 0.008877
v 0.018595 0.172500 0.008877
v 0.018595 0.057500 0.008877
v 0.018595 0.028750 0.008877
v 0.018595 0.086250 0.008877
v 0.018595 0.143750 0.008877
v 0.018595 0.201250 0.008877
v 0.017766 0.230000 0.008969
v 0.018424 0.230000 0.008896
v 0.018595 0.000334 0.008877
v 0.018595 0.229428 0.008877
v 0.017595 0.000000 -0.009130
v 0.018595 0.000000 -0.009017
v 0.018595 0.115000 -0.009017
v 0.018595 0.172500 -0.009017
v 0.018595 0.057500 -0.009017
v 0.018595 0.028750 -0.009017
v 0.018595 0.086250 -0.009017
v 0.018595 0.143750 -0.009017
v 0.018595 0.201250 -0.009017
v 0.017766 0.230000 -0.009111
v 0.018424 0.230000 -0.009036
v 0.018595 0.000334 -0.009017
v 0.018595 0.229428 -0.009017
v 0.017595 0.230000 -0.009130
v 0.018595 0.230000 -0.009017
v 0.017595 0.115000 -0.009130
v 0.017595 0.172500 -0.009130
v 0.017595 0.057500 -0.009130
v 0.017595 0.028750 -0.009130
v 0.017595 0.086250 -0.009130
v 0.017595 0.143750 -0.009130
v 0.017595 0.201250 -0.009130
v 0.017766 0.000000 -0.009111
v 0.018424 0.000000 -0.009036
v 0.017595 0.000334 -0.009130
v 0.017595 0.229428 -0.009130
v 0.020971 0.230000 0.012500
v 0.021066 0.230000 0.011500
v 0.021066 0.115000 0.011500
v 0.021066 0.172500 0.011500
v 0.021066 0.057500 0.011500
v 0.021066 0.028750 0.011500
v 0.021066 0.086250 0.011500
v 0.021066 0.143750 0.011500
v 0.021066 0.201250 0.011500
v 0.020971 0.000000 0.012500
v 0.021066 0.000000 0.011500
v 0.020971 0.115000 0.012500
v 0.020971 0.172500 0.012500
v 0.020971 0.057500 0.012500
v 0.020971 0.028750 0.012500
v 0.020971 0.086250 0.012500
v 0.020971 0.143750 0.012500
v 0.020971 0.201250 0.012500
v 0.020987 0.230000 0.012329
v 0.020987 0.000000 0.012329
v 0.021049 0.230000 0.011671
v 0.021049 0.000000 0.011671
v 0.021066 0.000334 0.011500
v 0.020971 0.000334 0.012500
v 0.020971 0.229428 0.012500
v 0.021066 0.229428 0.011500
v 0.020977 0.230000 -0.012500
v 0.021072 0.230000 -0.011500
v 0.020977 0.115000 -0.012500
v 0.020977 0.172500 -0.012500
v 0.020977 0.057500 -0.012500
v 0.020977 0.028750 -0.012500
v 0.020977 0.086250 -0.012500
v 0.020977 0.143750 -0.012500
v 0.020977 0.201250 -0.012500
v 0.020977 0.000000 -0.012500
v 0.021072 0.000000 -0.011500
v 0.021072 0.115000 -0.011500
v 0.021072 0.172500 -0.011500
v 0.021072 0.057500 -0.011500
v 0.021072 0.028750 -0.011500
v 0.021072 0.086250 -0.011500
v 0.021072 0.143750 -0.011500
v 0.021072 0.201250 -0.011500
v 0.020993 0.000000 -0.012329
v 0.020993 0.230000 -0.012329
v 0.021055 0.000000 -0.011671
v 0.021055 0.230000 -0.011671
v 0.021072 0.000334 -0.011500
v 0.020977 0.000334 -0.012500
v 0.020977 0.229428 -0.012500
v 0.021072 0.229428 -0.011500
v 0.167595 0.226486 -0.012500
v 0.167595 0.226486 0.012500
v 0.018536 0.226486 0.012248
v 0.017847 0.226486 0.011559
v 0.017595 0.226486 0.010618
v 0.018536 0.226486 -0.012248
v 0.017595 0.226486 -0.010618
v 0.017847 0.226486 -0.011559
v 0.024797 0.226486 0.012500
v 0.024797 0.226486 -0.012500
v 0.167595 0.226486 -0.011500
v 0.167595 0.226486 0.011500
v 0.019054 0.226486 0.011351
v 0.018744 0.226486 0.011041
v 0.018595 0.226486 0.010486
v 0.019054 0.226486 -0.011351
v 0.018595 0.226486 -0.010486
v 0.018744 0.226486 -0.011041
v 0.024797 0.226486 0.011500
v 0.024797 0.226486 -0.011500
v 0.096562 0.226486 0.012500
v 0.096562 0.226486 -0.011500
v 0.061046 0.226486 0.012500
v 0.132079 0.226486 0.012500
v 0.061046 0.226486 -0.011500
v 0.132079 0.226486 -0.011500
v 0.024580 0.226486 0.012500
v 0.025767 0.226486 0.012500
v 0.024485 0.226486 -0.011500
v 0.025850 0.226486 -0.011500
v 0.167595 0.226486 -0.012329
v 0.167595 0.226486 -0.011671
v 0.019477 0.226486 0.012500
v 0.019477 0.226486 -0.012500
v 0.024963 0.226486 0.012404
v 0.025364 0.226486 0.012404
v 0.025530 0.226486 0.012500
v 0.024963 0.226486 -0.012400
v 0.025530 0.226486 -0.012500
v 0.025364 0.226486 -0.012400
v 0.019609 0.226486 0.011500
v 0.019609 0.226486 -0.011500
v 0.024963 0.226486 0.011500
v 0.025364 0.226486 0.011500
v 0.025530 0.226486 0.011500
v 0.024963 0.226486 -0.011500
v 0.025530 0.226486 -0.011500
v 0.025364 0.226486 -0.011500
v 0.096562 0.226486 0.011500
v 0.096562 0.226486 -0.012500
v 0.061046 0.226486 0.011500
v 0.132079 0.226486 0.011500
v 0.061046 0.226486 -0.012500
v 0.132079 0.226486 -0.012500
v 0.024585 0.226486 0.011500
v 0.025767 0.226486 0.011500
v 0.024477 0.226486 -0.012500
v 0.025850 0.226486 -0.012500
v 0.167595 0.226486 0.012329
v 0.167595 0.226486 0.011671
v 0.017595 0.226486 0.000000
v 0.018595 0.226486 0.000000
v 0.018595 0.226486 0.008877
v 0.017595 0.226486 0.008988
v 0.017595 0.226486 -0.009130
v 0.018595 0.226486 -0.009017
v 0.020971 0.226486 0.012500
v 0.021066 0.226486 0.011500
v 0.020977 0.226486 -0.012500
v 0.021072 0.226486 -0.011500
v 0.019477 0.002407 0.012500
v 0.019477 0.002407 -0.012500
v 0.024963 0.002407 0.012404
v 0.025364 0.002407 0.012404
v 0.025530 0.002407 0.012500
v 0.024963 0.002407 -0.012400
v 0.025530 0.002407 -0.012500
v 0.025364 0.002407 -0.012400
v 0.019609 0.002407 0.011500
v 0.019609 0.002407 -0.011500
v 0.024963 0.002407 0.011500
v 0.025364 0.002407 0.011500
v 0.025530 0.002407 0.011500
v 0.024963 0.002407 -0.011500
v 0.025530 0.002407 -0.011500
v 0.025364 0.002407 -0.011500
v 0.096562 0.002407 0.011500
v 0.096562 0.002407 -0.012500
v 0.061046 0.002407 0.011500
v 0.132079 0.002407 0.011500
v 0.061046 0.002407 -0.012500
v 0.132079 0.002407 -0.012500
v 0.024585 0.002407 0.011500
v 0.025767 0.002407 0.011500
v 0.024477 0.002407 -0.012500
v 0.025850 0.002407 -0.012500
v 0.167595 0.002407 0.012329
v 0.167595 0.002407 0.011671
v 0.167595 0.002407 -0.012500
v 0.167595 0.002407 0.012500
v 0.018536 0.002407 0.012248
v 0.017847 0.002407 0.011559
v 0.017595 0.002407 0.010618
v 0.018536 0.002407 -0.012248
v 0.017595 0.002407 -0.010618
v 0.017847 0.002407 -0.011559
v 0.024797 0.002407 0.012500
v 0.024797 0.002407 -0.012500
v 0.167595 0.002407 -0.011500
v 0.167595 0.002407 0.011500
v 0.019054 0.002407 0.011351
v 0.018744 0.002407 0.011041
v 0.018595 0.002407 0.010486
v 0.019054 0.002407 -0.011351
v 0.018595 0.002407 -0.010486
v 0.018744 0.002407 -0.011041
v 0.024797 0.002407 0.011500
v 0.024797 0.002407 -0.011500
v 0.096562 0.002407 0.012500
v 0.096562 0.002407 -0.011500
v 0.061046 0.002407 0.012500
v 0.132079 0.002407 0.012500
v 0.061046 0.002407 -0.011500
v 0.132079 0.002407 -0.011500
v 0.024580 0.002407 0.012500
v 0.025767 0.002407 0.012500
v 0.024485 0.002407 -0.011500
v 0.025850 0.002407 -0.011500
v 0.167595 0.002407 -0.012329
v 0.167595 0.002407 -0.011671
v 0.017595 0.002407 -0.000000
v 0.018595 0.002407 -0.000000
v 0.018595 0.002407 0.008877
v 0.017595 0.002407 0.008988
v 0.017595 0.002407 -0.009130
v 0.018595 0.002407 -0.009017
v 0.020971 0.002407 0.012500
v 0.021066 0.002407 0.011500
v 0.020977 0.002407 -0.012500
v 0.021072 0.002407 -0.011500
v 0.167191 0.000000 0.012500
v 0.167191 0.000000 0.011500
v 0.167191 0.115000 0.012500
v 0.167191 0.172500 0.012500
v 0.167191 0.057500 0.012500
v 0.167191 0.028750 0.012500
v 0.167191 0.086250 0.012500
v 0.167191 0.143750 0.012500
v 0.167191 0.201250 0.012500
v 0.167191 0.230000 0.012500
v 0.167191 0.230000 0.011500
v 0.167191 0.115000 0.011500
v 0.167191 0.172500 0.011500
v 0.167191 0.057500 0.011500
v 0.167191 0.028750 0.011500
v 0.167191 0.086250 0.011500
v 0.167191 0.143750 0.011500
v 0.167191 0.201250 0.011500
v 0.167191 0.000000 0.012329
v 0.167191 0.230000 0.012329
v 0.167191 0.000000 0.011671
v 0.167191 0.230000 0.011671
v 0.167191 0.000334 0.011500
v 0.167191 0.000334 0.012500
v 0.167191 0.229428 0.012500
v 0.167191 0.229428 0.011500
v 0.167191 0.226486 0.012500
v 0.167191 0.226486 0.011500
v 0.167191 0.002407 0.012500
v 0.167191 0.002407 0.011500
v 0.164236 0.230000 0.012500
v 0.164236 0.230000 0.011500
v 0.164236 0.115000 0.011500
v 0.164236 0.172500 0.011500
v 0.164236 0.057500 0.011500
v 0.164236 0.028750 0.011500
v 0.164236 0.086250 0.011500
v 0.164236 0.143750 0.011500
v 0.164236 0.201250 0.011500
v 0.164236 0.230000 0.012329
v 0.164236 0.230000 0.011671
v 0.164236 0.000334 0.011500
v 0.164236 0.229428 0.011500
v 0.164236 0.226486 0.011500
v 0.164236 0.002407 0.011500
v 0.164236 0.000000 0.012500
v 0.164236 0.000000 0.011500
v 0.164236 0.115000 0.012500
v 0.164236 0.172500 0.012500
v 0.164236 0.057500 0.012500
v 0.164236 0.028750 0.012500
v 0.164236 0.086250 0.012500
v 0.164236 0.143750 0.012500
v 0.164236 0.201250 0.012500
v 0.164236 0.000000 0.012329
v 0.164236 0.000000 0.011671
v 0.164236 0.000334 0.012500
v 0.164236 0.229428 0.012500
v 0.164236 0.226486 0.012500
v 0.164236 0.002407 0.012500
v 0.043448 0.000000 -0.012500
v 0.043448 0.000000 -0.011500
v 0.043448 0.115000 -0.011500
v 0.043448 0.172500 -0.011500
v 0.043448 0.057500 -0.011500
v 0.043448 0.028750 -0.011500
v 0.043448 0.086250 -0.011500
v 0.043448 0.143750 -0.011500
v 0.043448 0.201250 -0.011500
v 0.043448 0.230000 -0.012500
v 0.043448 0.230000 -0.011500
v 0.043448 0.115000 -0.012500
v 0.043448 0.172500 -0.012500
v 0.043448 0.057500 -0.012500
v 0.043448 0.028750 -0.012500
v 0.043448 0.086250 -0.012500
v 0.043448 0.143750 -0.012500
v 0.043448 0.201250 -0.012500
v 0.043448 0.230000 -0.012329
v 0.043448 0.000000 -0.012329
v 0.043448 0.230000 -0.011671
v 0.043448 0.000000 -0.011671
v 0.043448 0.000334 -0.012500
v 0.043448 0.000334 -0.011500
v 0.043448 0.229428 -0.011500
v 0.043448 0.229428 -0.012500
v 0.043448 0.226486 -0.011500
v 0.043448 0.226486 -0.012500
v 0.043448 0.002407 -0.011500
v 0.043448 0.002407 -0.012500
v 0.043406 0.000000 0.012500
v 0.043406 0.000000 0.011500
v 0.043406 0.115000 0.012500
v 0.043406 0.172500 0.012500
v 0.043406 0.057500 0.012500
v 0.043406 0.028750 0.012500
v 0.043406 0.086250 0.012500
v 0.043406 0.143750 0.012500
v 0.043406 0.201250 0.012500
v 0.043406 0.230000 0.012500
v 0.043406 0.230000 0.011500
v 0.043406 0.115000 0.011500
v 0.043406 0.172500 0.011500
v 0.043406 0.057500 0.011500
v 0.043406 0.028750 0.011500
v 0.043406 0.086250 0.011500
v 0.043406 0.143750 0.011500
v 0.043406 0.201250 0.011500
v 0.043406 0.000000 0.012329
v 0.043406 0.230000 0.012329
v 0.043406 0.000000 0.011671
v 0.043406 0.230000 0.011671
v 0.043406 0.000334 0.012500
v 0.043406 0.000334 0.011500
v 0.043406 0.229428 0.011500
v 0.043406 0.229428 0.012500
v 0.043406 0.226486 0.011500
v 0.043406 0.226486 0.012500
v 0.043406 0.002407 0.011500
v 0.043406 0.002407 0.012500
v 0.025045 0.230000 0.012404
v 0.025045 0.000000 0.012404
v 0.025045 0.230000 0.011500
v 0.025045 0.000000 0.011500
v 0.025045 0.115000 0.011500
v 0.025045 0.115000 0.012404
v 0.025045 0.172500 0.012404
v 0.025045 0.172500 0.011500
v 0.025045 0.057500 0.011500
v 0.025045 0.057500 0.012404
v 0.025045 0.028750 0.011500
v 0.025045 0.028750 0.012404
v 0.025045 0.086250 0.012404
v 0.025045 0.086250 0.011500
v 0.025045 0.143750 0.012404
v 0.025045 0.143750 0.011500
v 0.025045 0.201250 0.011500
v 0.025045 0.201250 0.012404
v 0.025045 0.000000 0.012249
v 0.025045 0.230000 0.012249
v 0.025045 0.000000 0.011655
v 0.025045 0.230000 0.011655
v 0.025045 0.000334 0.011500
v 0.025045 0.000334 0.012404
v 0.025045 0.229428 0.012404
v 0.025045 0.229428 0.011500
v 0.025045 0.226486 0.012404
v 0.025045 0.226486 0.011500
v 0.025045 0.002407 0.012404
v 0.025045 0.002407 0.011500
v 0.025312 0.000000 0.012404
v 0.025312 0.000000 0.011500
v 0.025312 0.115000 0.012404
v 0.025312 0.172500 0.012404
v 0.025312 0.057500 0.012404
v 0.025312 0.028750 0.012404
v 0.025312 0.086250 0.012404
v 0.025312 0.143750 0.012404
v 0.025312 0.201250 0.012404
v 0.025312 0.000000 0.012249
v 0.025312 0.000000 0.011655
v 0.025312 0.000334 0.012404
v 0.025312 0.229428 0.012404
v 0.025312 0.226486 0.012404
v 0.025312 0.002407 0.012404
v 0.025312 0.230000 0.012404
v 0.025312 0.230000 0.011500
v 0.025312 0.115000 0.011500
v 0.025312 0.172500 0.011500
v 0.025312 0.057500 0.011500
v 0.025312 0.028750 0.011500
v 0.025312 0.086250 0.011500
v 0.025312 0.143750 0.011500
v 0.025312 0.201250 0.011500
v 0.025312 0.230000 0.012249
v 0.025312 0.230000 0.011655
v 0.025312 0.000334 0.011500
v 0.025312 0.229428 0.011500
v 0.025312 0.226486 0.011500
v 0.025312 0.002407 0.011500
v 0.025020 0.000000 -0.012400
v 0.025020 0.230000 -0.012400
v 0.025020 0.000000 -0.011500
v 0.025020 0.230000 -0.011500
v 0.025020 0.115000 -0.011500
v 0.025020 0.115000 -0.012400
v 0.025020 0.172500 -0.012400
v 0.025020 0.172500 -0.011500
v 0.025020 0.057500 -0.011500
v 0.025020 0.057500 -0.012400
v 0.025020 0.028750 -0.011500
v 0.025020 0.028750 -0.012400
v 0.025020 0.086250 -0.012400
v 0.025020 0.086250 -0.011500
v 0.025020 0.143750 -0.012400
v 0.025020 0.143750 -0.011500
v 0.025020 0.201250 -0.011500
v 0.025020 0.201250 -0.012400
v 0.025020 0.230000 -0.012246
v 0.025020 0.000000 -0.012246
v 0.025020 0.230000 -0.011654
v 0.025020 0.000000 -0.011654
v 0.025020 0.000334 -0.011500
v 0.025020 0.000334 -0.012400
v 0.025020 0.229428 -0.012400
v 0.025020 0.229428 -0.011500
v 0.025020 0.226486 -0.012400
v 0.025020 0.226486 -0.011500
v 0.025020 0.002407 -0.012400
v 0.025020 0.002407 -0.011500
v 0.025307 0.000000 -0.012400
v 0.025307 0.000000 -0.011500
v 0.025307 0.115000 -0.011500
v 0.025307 0.172500 -0.011500
v 0.025307 0.057500 -0.011500
v 0.025307 0.028750 -0.011500
v 0.025307 0.086250 -0.011500
v 0.025307 0.143750 -0.011500
v 0.025307 0.201250 -0.011500
v 0.025307 0.230000 -0.012246
v 0.025307 0.230000 -0.011654
v 0.025307 0.000334 -0.011500
v 0.025307 0.229428 -0.011500
v 0.025307 0.226486 -0.011500
v 0.025307 0.002407 -0.011500
v 0.025307 0.230000 -0.012400
v 0.025307 0.230000 -0.011500
v 0.025307 0.115000 -0.012400
v 0.025307 0.172500 -0.012400
v 0.025307 0.057500 -0.012400
v 0.025307 0.028750 -0.012400
v 0.025307 0.086250 -0.012400
v 0.025307 0.143750 -0.012400
v 0.025307 0.201250 -0.012400
v 0.025307 0.000000 -0.012246
v 0.025307 0.000000 -0.011654
v 0.025307 0.000334 -0.012400
v 0.025307 0.229428 -0.012400
v 0.025307 0.226486 -0.012400
v 0.025307 0.002407 -0.012400
v 0.167112 0.000000 -0.012500
v 0.167112 0.000000 -0.011500
v 0.167112 0.115000 -0.011500
v 0.167112 0.172500 -0.011500
v 0.167112 0.057500 -0.011500
v 0.167112 0.028750 -0.011500
v 0.167112 0.086250 -0.011500
v 0.167112 0.143750 -0.011500
v 0.167112 0.201250 -0.011500
v 0.167112 0.230000 -0.012500
v 0.167112 0.230000 -0.011500
v 0.167112 0.115000 -0.012500
v 0.167112 0.172500 -0.012500
v 0.167112 0.057500 -0.012500
v 0.167112 0.028750 -0.012500
v 0.167112 0.086250 -0.012500
v 0.167112 0.143750 -0.012500
v 0.167112 0.201250 -0.012500
v 0.167112 0.230000 -0.012329
v 0.167112 0.000000 -0.012329
v 0.167112 0.230000 -0.011671
v 0.167112 0.000000 -0.011671
v 0.167112 0.000334 -0.011500
v 0.167112 0.000334 -0.012500
v 0.167112 0.229428 -0.012500
v 0.167112 0.229428 -0.011500
v 0.167112 0.226486 -0.012500
v 0.167112 0.226486 -0.011500
v 0.167112 0.002407 -0.012500
v 0.167112 0.002407 -0.011500
v 0.164267 0.230000 -0.012500
v 0.164267 0.230000 -0.011500
v 0.164267 0.115000 -0.012500
v 0.164267 0.172500 -0.012500
v 0.164267 0.057500 -0.012500
v 0.164267 0.028750 -0.012500
v 0.164267 0.086250 -0.012500
v 0.164267 0.143750 -0.012500
v 0.164267 0.201250 -0.012500
v 0.164267 0.000000 -0.012329
v 0.164267 0.000000 -0.011671
v 0.164267 0.000334 -0.012500
v 0.164267 0.229428 -0.012500
v 0.164267 0.226486 -0.012500
v 0.164267 0.002407 -0.012500
v 0.164267 0.000000 -0.012500
v 0.164267 0.000000 -0.011500
v 0.164267 0.115000 -0.011500
v 0.164267 0.172500 -0.011500
v 0.164267 0.057500 -0.011500
v 0.164267 0.028750 -0.011500
v 0.164267 0.086250 -0.011500
v 0.164267 0.143750 -0.011500
v 0.164267 0.201250 -0.011500
v 0.164267 0.230000 -0.012329
v 0.164267 0.230000 -0.011671
v 0.164267 0.000334 -0.011500
v 0.164267 0.229428 -0.011500
v 0.164267 0.226486 -0.011500
v 0.164267 0.002407 -0.011500
v 0.019593 0.199334 0.011500
v 0.019593 0.171223 -0.011500
v 0.019593 0.199334 -0.011500
v 0.019361 0.115000 -0.010486
v 0.019820 0.115000 0.011351
v 0.019820 0.115000 -0.011351
v 0.019510 0.115000 -0.011041
v 0.019361 0.115000 0.010486
v 0.019510 0.115000 0.011041
v 0.020375 0.115000 0.011500
v 0.020375 0.115000 -0.011500
v 0.020375 0.171223 -0.011500
v 0.020375 0.171223 0.011500
v 0.019510 0.171223 0.011041
v 0.019361 0.171223 0.010486
v 0.019510 0.171223 -0.011041
v 0.019820 0.171223 -0.011351
v 0.019820 0.171223 0.011351
v 0.019361 0.171223 -0.010486
v 0.019820 0.058777 -0.011351
v 0.019510 0.058777 -0.011041
v 0.019361 0.058777 0.010486
v 0.019510 0.058777 0.011041
v 0.019361 0.058777 -0.010486
v 0.019820 0.058777 0.011351
v 0.020375 0.058777 0.011500
v 0.020375 0.058777 -0.011500
v 0.020375 0.030666 0.011500
v 0.020375 0.030666 -0.011500
v 0.019820 0.030666 -0.011351
v 0.019510 0.030666 -0.011041
v 0.019361 0.030666 0.010486
v 0.019510 0.030666 0.011041
v 0.019361 0.030666 -0.010486
v 0.019820 0.030666 0.011351
v 0.019510 0.199334 0.011041
v 0.019361 0.199334 0.010486
v 0.019510 0.199334 -0.011041
v 0.019820 0.199334 -0.011351
v 0.019820 0.199334 0.011351
v 0.019361 0.199334 -0.010486
v 0.020375 0.199334 -0.011500
v 0.020375 0.199334 0.011500
v 0.020375 0.143111 -0.011500
v 0.020375 0.143111 0.011500
v 0.019510 0.143111 0.011041
v 0.019361 0.143111 0.010486
v 0.019510 0.143111 -0.011041
v 0.019820 0.143111 -0.011351
v 0.019820 0.143111 0.011351
v 0.019361 0.143111 -0.010486
v 0.019820 0.086889 -0.011351
v 0.019510 0.086889 -0.011041
v 0.019361 0.086889 0.010486
v 0.019510 0.086889 0.011041
v 0.019361 0.086889 -0.010486
v 0.019820 0.086889 0.011351
v 0.020375 0.086889 0.011500
v 0.020375 0.086889 -0.011500
v 0.020375 0.227484 0.011500
v 0.020370 0.227895 0.011502
v 0.019361 0.227484 0.010486
v 0.019368 0.227895 0.010513
v 0.019820 0.227484 0.011351
v 0.019801 0.227895 0.011323
v 0.019510 0.227484 0.011041
v 0.019526 0.227895 0.011040
v 0.020375 0.227484 -0.011500
v 0.020365 0.227895 -0.011501
v 0.019361 0.227484 -0.010486
v 0.019368 0.227895 -0.010513
v 0.019820 0.227484 -0.011351
v 0.019805 0.227895 -0.011326
v 0.019510 0.227484 -0.011041
v 0.019525 0.227895 -0.011038
v 0.020375 0.002548 0.011500
v 0.019038 0.086889 0.011351
v 0.020418 0.002137 0.011502
v 0.019361 0.002548 0.010486
v 0.019368 0.002137 0.010513
v 0.018579 0.086889 -0.010486
v 0.019820 0.002548 0.011351
v 0.019801 0.002137 0.011323
v 0.019593 0.143111 0.011500
v 0.019510 0.002548 0.011041
v 0.019526 0.002137 0.011040
v 0.019593 0.115000 -0.011500
v 0.020375 0.002548 -0.011500
v 0.020412 0.002137 -0.011501
v 0.019361 0.002548 -0.010486
v 0.019368 0.002137 -0.010513
v 0.019820 0.002548 -0.011351
v 0.019593 0.143111 -0.011500
v 0.019805 0.002137 -0.011326
v 0.018579 0.115000 -0.010486
v 0.019510 0.002548 -0.011041
v 0.019525 0.002137 -0.011038
v 0.020375 0.004291 0.011500
v 0.019820 0.004291 0.011351
v 0.019361 0.004291 0.010486
v 0.019361 0.004291 -0.010486
v 0.019510 0.004291 0.011041
v 0.020375 0.004291 -0.011500
v 0.019820 0.004291 -0.011351
v 0.019510 0.004291 -0.011041
v 0.020375 0.225060 0.011500
v 0.019820 0.225060 0.011351
v 0.019510 0.225060 0.011041
v 0.019361 0.225060 0.010486
v 0.019361 0.225060 -0.010486
v 0.020375 0.225060 -0.011500
v 0.019820 0.225060 -0.011351
v 0.019510 0.225060 -0.011041
v 0.019593 0.115000 0.011500
v 0.019038 0.115000 0.011351
v 0.018728 0.115000 0.011041
v 0.018728 0.086889 0.011041
v 0.018579 0.115000 0.010486
v 0.018579 0.086889 0.010486
v 0.018728 0.115000 -0.011041
v 0.018728 0.086889 -0.011041
v 0.019038 0.115000 -0.011351
v 0.019038 0.086889 -0.011351
v 0.019593 0.171223 0.011500
v 0.018728 0.143111 0.011041
v 0.018728 0.171223 0.011041
v 0.018579 0.143111 0.010486
v 0.018579 0.171223 0.010486
v 0.018728 0.143111 -0.011041
v 0.018728 0.171223 -0.011041
v 0.019038 0.143111 -0.011351
v 0.019038 0.171223 -0.011351
v 0.019038 0.143111 0.011351
v 0.019038 0.171223 0.011351
v 0.018579 0.143111 -0.010486
v 0.018579 0.171223 -0.010486
v 0.019038 0.030666 -0.011351
v 0.019038 0.058777 -0.011351
v 0.018728 0.030666 -0.011041
v 0.018728 0.058777 -0.011041
v 0.018579 0.030666 0.010486
v 0.018579 0.058777 0.010486
v 0.018728 0.030666 0.011041
v 0.018728 0.058777 0.011041
v 0.018579 0.030666 -0.010486
v 0.018579 0.058777 -0.010486
v 0.019038 0.030666 0.011351
v 0.019038 0.058777 0.011351
v 0.019593 0.086889 0.011500
v 0.019593 0.058777 0.011500
v 0.019593 0.086889 -0.011500
v 0.019593 0.058777 -0.011500
v 0.019593 0.030666 0.011500
v 0.019593 0.030666 -0.011500
v 0.018728 0.199334 0.011041
v 0.018579 0.199334 0.010486
v 0.018728 0.199334 -0.011041
v 0.019038 0.199334 -0.011351
v 0.019038 0.199334 0.011351
v 0.018579 0.199334 -0.010486
v 0.019019 0.002137 0.011323
v 0.019038 0.002548 0.011351
v 0.019593 0.002548 0.011500
v 0.019636 0.002137 0.011502
v 0.018744 0.002137 0.011040
v 0.018728 0.002548 0.011041
v 0.018587 0.227895 -0.010513
v 0.018579 0.227484 -0.010486
v 0.018728 0.227484 -0.011041
v 0.018743 0.227895 -0.011038
v 0.018587 0.002137 0.010513
v 0.018579 0.002548 0.010486
v 0.018743 0.002137 -0.011038
v 0.018587 0.002137 -0.010513
v 0.018579 0.002548 -0.010486
v 0.018728 0.002548 -0.011041
v 0.019630 0.002137 -0.011501
v 0.019023 0.002137 -0.011326
v 0.019038 0.002548 -0.011351
v 0.019593 0.002548 -0.011500
v 0.019023 0.227895 -0.011326
v 0.019038 0.227484 -0.011351
v 0.019593 0.227484 -0.011500
v 0.019630 0.227895 -0.011501
v 0.019019 0.227895 0.011323
v 0.018744 0.227895 0.011040
v 0.018728 0.227484 0.011041
v 0.019038 0.227484 0.011351
v 0.019636 0.227895 0.011502
v 0.019593 0.227484 0.011500
v 0.018587 0.227895 0.010513
v 0.018579 0.227484 0.010486
v 0.019593 0.225060 0.011500
v 0.019038 0.225060 0.011351
v 0.018728 0.225060 0.011041
v 0.018579 0.225060 0.010486
v 0.018579 0.225060 -0.010486
v 0.019593 0.225060 -0.011500
v 0.019038 0.225060 -0.011351
v 0.018728 0.225060 -0.011041
v 0.019593 0.004291 0.011500
v 0.019038 0.004291 0.011351
v 0.018579 0.004291 0.010486
v 0.018579 0.004291 -0.010486
v 0.018728 0.004291 0.011041
v 0.019593 0.004291 -0.011500
v 0.019038 0.004291 -0.011351
v 0.018728 0.004291 -0.011041
v 0.018579 0.115000 0.006453
v 0.018579 0.115000 0.009680
v 0.019361 0.115000 -0.001613
v 0.019361 0.115000 0.001613
v 0.019361 0.171223 -0.001613
v 0.019361 0.171223 0.001613
v 0.019361 0.058777 -0.001613
v 0.019361 0.058777 0.001613
v 0.019361 0.030666 -0.001613
v 0.019361 0.030666 0.001613
v 0.019361 0.199334 -0.001613
v 0.019361 0.199334 0.001613
v 0.019361 0.143111 0.001613
v 0.019361 0.143111 -0.001613
v 0.019361 0.086889 0.001613
v 0.019361 0.086889 -0.001613
v 0.019368 0.002137 -0.000303
v 0.019368 0.002137 0.000303
v 0.019361 0.002548 -0.000303
v 0.019361 0.002548 0.000303
v 0.019361 0.227484 -0.000303
v 0.019361 0.227484 0.000303
v 0.019368 0.227895 0.000303
v 0.019368 0.227895 -0.000303
v 0.019361 0.004291 0.001613
v 0.019361 0.004291 -0.001613
v 0.019361 0.225060 0.001613
v 0.019361 0.225060 -0.001613
v 0.019361 0.115000 0.009680
v 0.019361 0.115000 0.006453
v 0.019361 0.171223 0.009680
v 0.019361 0.171223 0.006453
v 0.019361 0.058777 0.009680
v 0.019361 0.058777 0.006453
v 0.019361 0.030666 0.009680
v 0.019361 0.030666 0.006453
v 0.019361 0.199334 0.009680
v 0.019361 0.199334 0.006453
v 0.019361 0.143111 0.006453
v 0.019361 0.143111 0.009680
v 0.019361 0.086889 0.006453
v 0.019361 0.086889 0.009680
v 0.019368 0.002137 0.007693
v 0.019368 0.002137 0.008300
v 0.019361 0.002548 0.008280
v 0.019361 0.002548 0.007673
v 0.019368 0.227895 0.008300
v 0.019368 0.227895 0.007693
v 0.019361 0.004291 0.006453
v 0.019361 0.004291 0.009680
v 0.019361 0.225060 0.006453
v 0.019361 0.225060 0.009680
v 0.019361 0.227484 0.008280
v 0.019361 0.227484 0.007673
v 0.019361 0.227484 -0.007823
v 0.019361 0.227484 -0.007217
v 0.019361 0.115000 -0.009680
v 0.019361 0.115000 -0.006453
v 0.019361 0.171223 -0.009680
v 0.019361 0.171223 -0.006453
v 0.019361 0.058777 -0.009680
v 0.019361 0.058777 -0.006453
v 0.019361 0.030666 -0.009680
v 0.019361 0.030666 -0.006453
v 0.019361 0.199334 -0.009680
v 0.019361 0.199334 -0.006453
v 0.019361 0.143111 -0.006453
v 0.019361 0.143111 -0.009680
v 0.019361 0.086889 -0.006453
v 0.019361 0.086889 -0.009680
v 0.019368 0.002137 -0.007843
v 0.019368 0.002137 -0.007236
v 0.019361 0.002548 -0.007823
v 0.019361 0.002548 -0.007217
v 0.019368 0.227895 -0.007236
v 0.019368 0.227895 -0.007843
v 0.019361 0.004291 -0.006453
v 0.019361 0.004291 -0.009680
v 0.019361 0.225060 -0.006453
v 0.019361 0.225060 -0.009680
v 0.019361 0.227484 0.004291
v 0.019361 0.227484 0.003685
v 0.019361 0.115000 0.005646
v 0.019361 0.115000 0.002420
v 0.019361 0.171223 0.005646
v 0.019361 0.171223 0.002420
v 0.019361 0.058777 0.005646
v 0.019361 0.058777 0.002420
v 0.019361 0.030666 0.005646
v 0.019361 0.030666 0.002420
v 0.019361 0.199334 0.005646
v 0.019361 0.199334 0.002420
v 0.019361 0.143111 0.002420
v 0.019361 0.143111 0.005646
v 0.019361 0.086889 0.002420
v 0.019361 0.086889 0.005646
v 0.019368 0.002137 0.003695
v 0.019368 0.002137 0.004302
v 0.019361 0.002548 0.004291
v 0.019361 0.002548 0.003685
v 0.019368 0.227895 0.004302
v 0.019368 0.227895 0.003695
v 0.019361 0.004291 0.002420
v 0.019361 0.004291 0.005646
v 0.019361 0.225060 0.002420
v 0.019361 0.225060 0.005646
v 0.019361 0.115000 -0.002420
v 0.019361 0.115000 -0.005646
v 0.019361 0.171223 -0.002420
v 0.019361 0.171223 -0.005646
v 0.019361 0.058777 -0.002420
v 0.019361 0.058777 -0.005646
v 0.019361 0.030666 -0.002420
v 0.019361 0.030666 -0.005646
v 0.019361 0.199334 -0.002420
v 0.019361 0.199334 -0.005646
v 0.019361 0.143111 -0.005646
v 0.019361 0.143111 -0.002420
v 0.019361 0.086889 -0.005646
v 0.019361 0.086889 -0.002420
v 0.019368 0.002137 -0.004073
v 0.019368 0.002137 -0.003466
v 0.019361 0.002548 -0.003457
v 0.019361 0.002548 -0.004063
v 0.019368 0.227895 -0.003466
v 0.019368 0.227895 -0.004073
v 0.019361 0.004291 -0.005646
v 0.019361 0.004291 -0.002420
v 0.019361 0.225060 -0.005646
v 0.019361 0.225060 -0.002420
v 0.019361 0.227484 -0.003457
v 0.019361 0.227484 -0.004063
v 0.018579 0.171223 0.006453
v 0.018579 0.171223 0.009680
v 0.018579 0.058777 0.006453
v 0.018579 0.058777 0.009680
v 0.018579 0.030666 0.006453
v 0.018579 0.030666 0.009680
v 0.018579 0.199334 0.006453
v 0.018579 0.199334 0.009680
v 0.018579 0.143111 0.009680
v 0.018579 0.143111 0.006453
v 0.018579 0.086889 0.009680
v 0.018579 0.086889 0.006453
v 0.018587 0.002137 0.008300
v 0.018587 0.002137 0.007693
v 0.018579 0.002548 0.007673
v 0.018579 0.002548 0.008280
v 0.018579 0.227484 -0.007217
v 0.018579 0.227484 -0.007823
v 0.018587 0.227895 0.007693
v 0.018587 0.227895 0.008300
v 0.018579 0.004291 0.009680
v 0.018579 0.004291 0.006453
v 0.018579 0.225060 0.009680
v 0.018579 0.225060 0.006453
v 0.018579 0.115000 -0.005646
v 0.018579 0.115000 -0.002420
v 0.018579 0.115000 0.001613
v 0.018579 0.115000 -0.001613
v 0.018579 0.171223 -0.005646
v 0.018579 0.171223 -0.002420
v 0.018579 0.171223 0.001613
v 0.018579 0.171223 -0.001613
v 0.018579 0.058777 -0.005646
v 0.018579 0.058777 -0.002420
v 0.018579 0.058777 0.001613
v 0.018579 0.058777 -0.001613
v 0.018579 0.030666 -0.005646
v 0.018579 0.030666 -0.002420
v 0.018579 0.030666 0.001613
v 0.018579 0.030666 -0.001613
v 0.018579 0.199334 -0.005646
v 0.018579 0.199334 -0.002420
v 0.018579 0.199334 0.001613
v 0.018579 0.199334 -0.001613
v 0.018579 0.143111 -0.002420
v 0.018579 0.143111 -0.005646
v 0.018579 0.143111 -0.001613
v 0.018579 0.143111 0.001613
v 0.018579 0.086889 -0.002420
v 0.018579 0.086889 -0.005646
v 0.018579 0.086889 -0.001613
v 0.018579 0.086889 0.001613
v 0.018587 0.002137 -0.003466
v 0.018587 0.002137 -0.004073
v 0.018587 0.002137 0.000303
v 0.018587 0.002137 -0.000303
v 0.018579 0.002548 -0.004063
v 0.018579 0.002548 -0.003457
v 0.018579 0.002548 0.000303
v 0.018579 0.002548 -0.000303
v 0.018579 0.227484 0.003685
v 0.018579 0.227484 0.004291
v 0.018579 0.227484 0.000303
v 0.018579 0.227484 -0.000303
v 0.018587 0.227895 -0.004073
v 0.018587 0.227895 -0.003466
v 0.018587 0.227895 -0.000303
v 0.018587 0.227895 0.000303
v 0.018579 0.004291 -0.002420
v 0.018579 0.004291 -0.005646
v 0.018579 0.004291 -0.001613
v 0.018579 0.004291 0.001613
v 0.018579 0.225060 -0.002420
v 0.018579 0.225060 -0.005646
v 0.018579 0.225060 -0.001613
v 0.018579 0.225060 0.001613
v 0.018579 0.115000 0.002420
v 0.018579 0.115000 0.005646
v 0.018579 0.171223 0.002420
v 0.018579 0.171223 0.005646
v 0.018579 0.058777 0.002420
v 0.018579 0.058777 0.005646
v 0.018579 0.030666 0.002420
v 0.018579 0.030666 0.005646
v 0.018579 0.199334 0.002420
v 0.018579 0.199334 0.005646
v 0.018579 0.143111 0.005646
v 0.018579 0.143111 0.002420
v 0.018579 0.086889 0.005646
v 0.018579 0.086889 0.002420
v 0.018587 0.002137 0.004302
v 0.018587 0.002137 0.003695
v 0.018579 0.002548 0.003685
v 0.018579 0.002548 0.004291
v 0.018587 0.227895 0.003695
v 0.018587 0.227895 0.004302
v 0.018579 0.004291 0.005646
v 0.018579 0.004291 0.002420
v 0.018579 0.225060 0.005646
v 0.018579 0.225060 0.002420
v 0.018579 0.227484 0.007673
v 0.018579 0.227484 0.008280
v 0.018579 0.227484 -0.004063
v 0.018579 0.227484 -0.003457
v 0.018579 0.115000 -0.006453
v 0.018579 0.115000 -0.009680
v 0.018579 0.171223 -0.006453
v 0.018579 0.171223 -0.009680
v 0.018579 0.058777 -0.006453
v 0.018579 0.058777 -0.009680
v 0.018579 0.030666 -0.006453
v 0.018579 0.030666 -0.009680
v 0.018579 0.199334 -0.006453
v 0.018579 0.199334 -0.009680
v 0.018579 0.143111 -0.009680
v 0.018579 0.143111 -0.006453
v 0.018579 0.086889 -0.009680
v 0.018579 0.086889 -0.006453
v 0.018587 0.002137 -0.007236
v 0.018587 0.002137 -0.007843
v 0.018579 0.002548 -0.007217
v 0.018579 0.002548 -0.007823
v 0.018587 0.227895 -0.007843
v 0.018587 0.227895 -0.007236
v 0.018579 0.004291 -0.009680
v 0.018579 0.004291 -0.006453
v 0.018579 0.225060 -0.009680
v 0.018579 0.225060 -0.006453
v 0.018579 0.115000 0.007260
v 0.018579 0.115000 0.008873
v 0.018579 0.115000 0.008066
v 0.019361 0.115000 -0.000807
v 0.019361 0.115000 0.000807
v 0.019361 0.115000 0.000000
v 0.019361 0.171223 -0.000807
v 0.019361 0.171223 0.000807
v 0.019361 0.171223 0.000000
v 0.019361 0.058777 -0.000807
v 0.019361 0.058777 0.000807
v 0.019361 0.058777 0.000000
v 0.019361 0.030666 -0.000807
v 0.019361 0.030666 0.000807
v 0.019361 0.030666 0.000000
v 0.019361 0.199334 -0.000807
v 0.019361 0.199334 0.000807
v 0.019361 0.199334 0.000000
v 0.019361 0.143111 0.000807
v 0.019361 0.143111 -0.000807
v 0.019361 0.143111 0.000000
v 0.019361 0.086889 0.000807
v 0.019361 0.086889 -0.000807
v 0.019361 0.086889 0.000000
v 0.019368 0.002256 -0.000107
v 0.019368 0.002256 0.000107
v 0.019368 0.002321 0.000000
v 0.019361 0.002667 -0.000108
v 0.019361 0.002667 0.000108
v 0.019361 0.002733 0.000000
v 0.019361 0.227484 -0.000108
v 0.019361 0.227484 0.000108
v 0.019361 0.227484 0.000000
v 0.019368 0.227767 0.000107
v 0.019368 0.227767 -0.000107
v 0.019370 0.227732 0.000000
v 0.019361 0.004291 0.000807
v 0.019361 0.004291 -0.000807
v 0.019361 0.004291 0.000000
v 0.019361 0.225060 0.000807
v 0.019361 0.225060 -0.000807
v 0.019361 0.225060 0.000000
v 0.019361 0.115000 0.008873
v 0.019361 0.115000 0.007260
v 0.019361 0.115000 0.008066
v 0.019361 0.171223 0.008873
v 0.019361 0.171223 0.007260
v 0.019361 0.171223 0.008066
v 0.019361 0.058777 0.008873
v 0.019361 0.058777 0.007260
v 0.019361 0.058777 0.008066
v 0.019361 0.030666 0.008873
v 0.019361 0.030666 0.007260
v 0.019361 0.030666 0.008066
v 0.019361 0.199334 0.008873
v 0.019361 0.199334 0.007260
v 0.019361 0.199334 0.008066
v 0.019361 0.143111 0.007260
v 0.019361 0.143111 0.008873
v 0.019361 0.143111 0.008066
v 0.019361 0.086889 0.007260
v 0.019361 0.086889 0.008873
v 0.019361 0.086889 0.008066
v 0.019368 0.002257 0.007890
v 0.019368 0.002256 0.008105
v 0.019368 0.002321 0.007997
v 0.019361 0.002667 0.008085
v 0.019361 0.002668 0.007869
v 0.019361 0.002733 0.007976
v 0.019368 0.227768 0.008104
v 0.019368 0.227767 0.007891
v 0.019368 0.227698 0.007997
v 0.019361 0.004291 0.007260
v 0.019361 0.004291 0.008873
v 0.019361 0.004291 0.008066
v 0.019361 0.225060 0.007260
v 0.019361 0.225060 0.008873
v 0.019361 0.225060 0.008066
v 0.019361 0.227357 0.008084
v 0.019361 0.227356 0.007869
v 0.019361 0.227286 0.007976
v 0.019361 0.227357 -0.007628
v 0.019361 0.227356 -0.007413
v 0.019361 0.227286 -0.007520
v 0.019361 0.115000 -0.008873
v 0.019361 0.115000 -0.007260
v 0.019361 0.115000 -0.008066
v 0.019361 0.171223 -0.008873
v 0.019361 0.171223 -0.007260
v 0.019361 0.171223 -0.008066
v 0.019361 0.058777 -0.008873
v 0.019361 0.058777 -0.007260
v 0.019361 0.058777 -0.008066
v 0.019361 0.030666 -0.008873
v 0.019361 0.030666 -0.007260
v 0.019361 0.030666 -0.008066
v 0.019361 0.199334 -0.008873
v 0.019361 0.199334 -0.007260
v 0.019361 0.199334 -0.008066
v 0.019361 0.143111 -0.007260
v 0.019361 0.143111 -0.008873
v 0.019361 0.143111 -0.008066
v 0.019361 0.086889 -0.007260
v 0.019361 0.086889 -0.008873
v 0.019361 0.086889 -0.008066
v 0.019368 0.002256 -0.007647
v 0.019368 0.002256 -0.007433
v 0.019368 0.002321 -0.007540
v 0.019361 0.002667 -0.007629
v 0.019361 0.002668 -0.007413
v 0.019361 0.002733 -0.007520
v 0.019368 0.227767 -0.007433
v 0.019368 0.227768 -0.007647
v 0.019368 0.227698 -0.007540
v 0.019361 0.004291 -0.007260
v 0.019361 0.004291 -0.008873
v 0.019361 0.004291 -0.008066
v 0.019361 0.225060 -0.007260
v 0.019361 0.225060 -0.008873
v 0.019361 0.225060 -0.008066
v 0.019361 0.227356 0.004096
v 0.019361 0.227356 0.003881
v 0.019361 0.227286 0.003988
v 0.019361 0.115000 0.004840
v 0.019361 0.115000 0.003227
v 0.019361 0.115000 0.004033
v 0.019361 0.171223 0.004840
v 0.019361 0.171223 0.003227
v 0.019361 0.171223 0.004033
v 0.019361 0.058777 0.004840
v 0.019361 0.058777 0.003227
v 0.019361 0.058777 0.004033
v 0.019361 0.030666 0.004840
v 0.019361 0.030666 0.003227
v 0.019361 0.030666 0.004033
v 0.019361 0.199334 0.004840
v 0.019361 0.199334 0.003227
v 0.019361 0.199334 0.004033
v 0.019361 0.143111 0.003227
v 0.019361 0.143111 0.004840
v 0.019361 0.143111 0.004033
v 0.019361 0.086889 0.003227
v 0.019361 0.086889 0.004840
v 0.019361 0.086889 0.004033
v 0.019368 0.002256 0.003892
v 0.019368 0.002256 0.004106
v 0.019368 0.002321 0.003998
v 0.019361 0.002667 0.004096
v 0.019361 0.002667 0.003881
v 0.019361 0.002733 0.003988
v 0.019368 0.227767 0.004106
v 0.019368 0.227767 0.003892
v 0.019368 0.227698 0.003998
v 0.019361 0.004291 0.003227
v 0.019361 0.004291 0.004840
v 0.019361 0.004291 0.004033
v 0.019361 0.225060 0.003227
v 0.019361 0.225060 0.004840
v 0.019361 0.225060 0.004033
v 0.019361 0.115000 -0.003227
v 0.019361 0.115000 -0.004840
v 0.019361 0.115000 -0.004033
v 0.019361 0.171223 -0.003227
v 0.019361 0.171223 -0.004840
v 0.019361 0.171223 -0.004033
v 0.019361 0.058777 -0.003227
v 0.019361 0.058777 -0.004840
v 0.019361 0.058777 -0.004033
v 0.019361 0.030666 -0.003227
v 0.019361 0.030666 -0.004840
v 0.019361 0.030666 -0.004033
v 0.019361 0.199334 -0.003227
v 0.019361 0.199334 -0.004840
v 0.019361 0.199334 -0.004033
v 0.019361 0.143111 -0.004840
v 0.019361 0.143111 -0.003227
v 0.019361 0.143111 -0.004033
v 0.019361 0.086889 -0.004840
v 0.019361 0.086889 -0.003227
v 0.019361 0.086889 -0.004033
v 0.019368 0.002256 -0.003877
v 0.019368 0.002256 -0.003663
v 0.019368 0.002321 -0.003770
v 0.019361 0.002667 -0.003653
v 0.019361 0.002667 -0.003868
v 0.019361 0.002733 -0.003760
v 0.019368 0.227767 -0.003663
v 0.019368 0.227767 -0.003877
v 0.019368 0.227698 -0.003770
v 0.019361 0.004291 -0.004840
v 0.019361 0.004291 -0.003227
v 0.019361 0.004291 -0.004033
v 0.019361 0.225060 -0.004840
v 0.019361 0.225060 -0.003227
v 0.019361 0.225060 -0.004033
v 0.019361 0.227356 -0.003653
v 0.019361 0.227356 -0.003868
v 0.019361 0.227286 -0.003760
v 0.018579 0.171223 0.007260
v 0.018579 0.171223 0.008873
v 0.018579 0.171223 0.008066
v 0.018579 0.058777 0.007260
v 0.018579 0.058777 0.008873
v 0.018579 0.058777 0.008066
v 0.018579 0.030666 0.007260
v 0.018579 0.030666 0.008873
v 0.018579 0.030666 0.008066
v 0.018579 0.199334 0.007260
v 0.018579 0.199334 0.008873
v 0.018579 0.199334 0.008066
v 0.018579 0.143111 0.008873
v 0.018579 0.143111 0.007260
v 0.018579 0.143111 0.008066
v 0.018579 0.086889 0.008873
v 0.018579 0.086889 0.007260
v 0.018579 0.086889 0.008066
v 0.018587 0.002256 0.008105
v 0.018587 0.002257 0.007890
v 0.018587 0.002321 0.007997
v 0.018579 0.002668 0.007869
v 0.018579 0.002667 0.008085
v 0.018579 0.002733 0.007976
v 0.018579 0.227356 -0.007413
v 0.018579 0.227357 -0.007628
v 0.018579 0.227286 -0.007520
v 0.018587 0.227767 0.007891
v 0.018587 0.227768 0.008104
v 0.018587 0.227698 0.007997
v 0.018579 0.004291 0.008873
v 0.018579 0.004291 0.007260
v 0.018579 0.004291 0.008066
v 0.018579 0.225060 0.008873
v 0.018579 0.225060 0.007260
v 0.018579 0.225060 0.008066
v 0.018579 0.115000 -0.004840
v 0.018579 0.115000 -0.003227
v 0.018579 0.115000 -0.004033
v 0.018579 0.115000 0.000807
v 0.018579 0.115000 -0.000807
v 0.018579 0.115000 0.000000
v 0.018579 0.171223 -0.004840
v 0.018579 0.171223 -0.003227
v 0.018579 0.171223 -0.004033
v 0.018579 0.171223 0.000807
v 0.018579 0.171223 -0.000807
v 0.018579 0.171223 0.000000
v 0.018579 0.058777 -0.004840
v 0.018579 0.058777 -0.003227
v 0.018579 0.058777 -0.004033
v 0.018579 0.058777 0.000807
v 0.018579 0.058777 -0.000807
v 0.018579 0.058777 0.000000
v 0.018579 0.030666 -0.004840
v 0.018579 0.030666 -0.003227
v 0.018579 0.030666 -0.004033
v 0.018579 0.030666 0.000807
v 0.018579 0.030666 -0.000807
v 0.018579 0.030666 0.000000
v 0.018579 0.199334 -0.004840
v 0.018579 0.199334 -0.003227
v 0.018579 0.199334 -0.004033
v 0.018579 0.199334 0.000807
v 0.018579 0.199334 -0.000807
v 0.018579 0.199334 0.000000
v 0.018579 0.143111 -0.003227
v 0.018579 0.143111 -0.004840
v 0.018579 0.143111 -0.004033
v 0.018579 0.143111 -0.000807
v 0.018579 0.143111 0.000807
v 0.018579 0.143111 0.000000
v 0.018579 0.086889 -0.003227
v 0.018579 0.086889 -0.004840
v 0.018579 0.086889 -0.004033
v 0.018579 0.086889 -0.000807
v 0.018579 0.086889 0.000807
v 0.018579 0.086889 0.000000
v 0.018587 0.002256 -0.003663
v 0.018587 0.002256 -0.003877
v 0.018587 0.002321 -0.003770
v 0.018587 0.002256 0.000107
v 0.018587 0.002256 -0.000107
v 0.018587 0.002321 0.000000
v 0.018579 0.002667 -0.003868
v 0.018579 0.002667 -0.003653
v 0.018579 0.002733 -0.003760
v 0.018579 0.002667 0.000108
v 0.018579 0.002667 -0.000108
v 0.018579 0.002733 0.000000
v 0.018579 0.227356 0.003881
v 0.018579 0.227356 0.004096
v 0.018579 0.227286 0.003988
v 0.018579 0.227356 0.000108
v 0.018579 0.227356 -0.000107
v 0.018579 0.227286 0.000000
v 0.018587 0.227767 -0.003877
v 0.018587 0.227767 -0.003663
v 0.018587 0.227698 -0.003770
v 0.018587 0.227767 -0.000107
v 0.018587 0.227767 0.000107
v 0.018587 0.227698 0.000000
v 0.018579 0.004291 -0.003227
v 0.018579 0.004291 -0.004840
v 0.018579 0.004291 -0.004033
v 0.018579 0.004291 -0.000807
v 0.018579 0.004291 0.000807
v 0.018579 0.004291 0.000000
v 0.018579 0.225060 -0.003227
v 0.018579 0.225060 -0.004840
v 0.018579 0.225060 -0.004033
v 0.018579 0.225060 -0.000807
v 0.018579 0.225060 0.000807
v 0.018579 0.225060 0.000000
v 0.018579 0.115000 0.003227
v 0.018579 0.115000 0.004840
v 0.018579 0.115000 0.004033
v 0.018579 0.171223 0.003227
v 0.018579 0.171223 0.004840
v 0.018579 0.171223 0.004033
v 0.018579 0.058777 0.003227
v 0.018579 0.058777 0.004840
v 0.018579 0.058777 0.004033
v 0.018579 0.030666 0.003227
v 0.018579 0.030666 0.004840
v 0.018579 0.030666 0.004033
v 0.018579 0.199334 0.003227
v 0.018579 0.199334 0.004840
v 0.018579 0.199334 0.004033
v 0.018579 0.143111 0.004840
v 0.018579 0.143111 0.003227
v 0.018579 0.143111 0.004033
v 0.018579 0.086889 0.004840
v 0.018579 0.086889 0.003227
v 0.018579 0.086889 0.004033
v 0.018587 0.002256 0.004106
v 0.018587 0.002256 0.003892
v 0.018587 0.002321 0.003998
v 0.018579 0.002667 0.003881
v 0.018579 0.002667 0.004096
v 0.018579 0.002733 0.003988
v 0.018587 0.227767 0.003892
v 0.018587 0.227767 0.004106
v 0.018587 0.227698 0.003998
v 0.018579 0.004291 0.004840
v 0.018579 0.004291 0.003227
v 0.018579 0.004291 0.004033
v 0.018579 0.225060 0.004840
v 0.018579 0.225060 0.003227
v 0.018579 0.225060 0.004033
v 0.018579 0.227356 0.007869
v 0.018579 0.227357 0.008084
v 0.018579 0.227286 0.007976
v 0.018579 0.227356 -0.003868
v 0.018579 0.227356 -0.003653
v 0.018579 0.227286 -0.003760
v 0.018579 0.115000 -0.007260
v 0.018579 0.115000 -0.008873
v 0.018579 0.115000 -0.008066
v 0.018579 0.171223 -0.007260
v 0.018579 0.171223 -0.008873
v 0.018579 0.171223 -0.008066
v 0.018579 0.058777 -0.007260
v 0.018579 0.058777 -0.008873
v 0.018579 0.058777 -0.008066
v 0.018579 0.030666 -0.007260
v 0.018579 0.030666 -0.008873
v 0.018579 0.030666 -0.008066
v 0.018579 0.199334 -0.007260
v 0.018579 0.199334 -0.008873
v 0.018579 0.199334 -0.008066
v 0.018579 0.143111 -0.008873
v 0.018579 0.143111 -0.007260
v 0.018579 0.143111 -0.008066
v 0.018579 0.086889 -0.008873
v 0.018579 0.086889 -0.007260
v 0.018579 0.086889 -0.008066
v 0.018587 0.002256 -0.007433
v 0.018587 0.002256 -0.007647
v 0.018587 0.002321 -0.007540
v 0.018579 0.002668 -0.007413
v 0.018579 0.002667 -0.007629
v 0.018579 0.002733 -0.007520
v 0.018587 0.227768 -0.007647
v 0.018587 0.227767 -0.007433
v 0.018587 0.227698 -0.007540
v 0.018579 0.004291 -0.008873
v 0.018579 0.004291 -0.007260
v 0.018579 0.004291 -0.008066
v 0.018579 0.225060 -0.008873
v 0.018579 0.225060 -0.007260
v 0.018579 0.225060 -0.008066
v 0.019188 0.227895 0.011323
v 0.018914 0.227895 0.011040
v 0.019763 0.002548 0.011500
v 0.019763 0.004291 0.011500
v 0.019763 0.199334 0.011500
v 0.019763 0.225060 0.011500
v 0.018914 0.002137 0.011040
v 0.019188 0.002137 0.011323
v 0.018756 0.002137 -0.010513
v 0.019763 0.171223 -0.011500
v 0.019763 0.143111 -0.011500
v 0.018913 0.227895 -0.011038
v 0.019192 0.227895 -0.011326
v 0.018756 0.227895 -0.010513
v 0.019763 0.143111 0.011500
v 0.019763 0.171223 0.011500
v 0.019763 0.199334 -0.011500
v 0.019763 0.004291 -0.011500
v 0.019763 0.002548 -0.011500
v 0.018756 0.227895 0.010513
v 0.019192 0.002137 -0.011326
v 0.018913 0.002137 -0.011038
v 0.019763 0.225060 -0.011500
v 0.019800 0.002137 -0.011501
v 0.019763 0.227484 0.011500
v 0.019763 0.030666 0.011500
v 0.019763 0.058777 0.011500
v 0.018756 0.002137 0.010513
v 0.019763 0.030666 -0.011500
v 0.019806 0.002137 0.011502
v 0.019763 0.058777 -0.011500
v 0.019795 0.227895 0.011502
v 0.019763 0.115000 -0.011500
v 0.019763 0.086889 0.011500
v 0.019763 0.115000 0.011500
v 0.019763 0.227484 -0.011500
v 0.019763 0.086889 -0.011500
v 0.019789 0.227895 -0.011501
v 0.018756 0.002137 -0.007843
v 0.018756 0.002137 -0.007236
v 0.018756 0.002137 -0.003466
v 0.018756 0.002137 -0.004073
v 0.018756 0.227895 0.000303
v 0.018756 0.227895 -0.000303
v 0.018756 0.227895 -0.004073
v 0.018756 0.227895 -0.003466
v 0.018756 0.002137 -0.000303
v 0.018756 0.002137 0.000303
v 0.018756 0.002137 0.004302
v 0.018756 0.002137 0.003695
v 0.018756 0.227895 -0.007843
v 0.018756 0.227895 -0.007236
v 0.018756 0.227895 0.004302
v 0.018756 0.227895 0.003695
v 0.018756 0.227895 0.007693
v 0.018756 0.227895 0.008300
v 0.018756 0.002137 0.007693
v 0.018756 0.002137 0.008300
v 0.018756 0.002256 -0.007433
v 0.018756 0.002321 -0.007540
v 0.018756 0.002256 -0.007647
v 0.018756 0.002256 -0.003877
v 0.018756 0.002321 -0.003770
v 0.018756 0.002256 -0.003663
v 0.018756 0.227767 -0.000107
v 0.018756 0.227705 0.000000
v 0.018756 0.227767 0.000107
v 0.018756 0.227767 -0.003663
v 0.018756 0.227698 -0.003770
v 0.018756 0.227767 -0.003877
v 0.018756 0.002256 0.000107
v 0.018756 0.002321 0.000000
v 0.018756 0.002256 -0.000107
v 0.018756 0.002256 0.003892
v 0.018756 0.002321 0.003998
v 0.018756 0.002256 0.004106
v 0.018756 0.227767 -0.007433
v 0.018756 0.227698 -0.007540
v 0.018756 0.227768 -0.007647
v 0.018756 0.227767 0.003892
v 0.018756 0.227698 0.003998
v 0.018756 0.227767 0.004106
v 0.018756 0.227768 0.008104
v 0.018756 0.227698 0.007997
v 0.018756 0.227767 0.007891
v 0.018756 0.002256 0.008105
v 0.018756 0.002321 0.007997
v 0.018756 0.002257 0.007890
v 0.019393 0.227895 0.011040
v 0.020242 0.004291 0.011500
v 0.020242 0.225060 0.011500
v 0.019668 0.002137 0.011323
v 0.020242 0.143111 -0.011500
v 0.019672 0.227895 -0.011326
v 0.019236 0.227895 -0.010513
v 0.020242 0.171223 0.011500
v 0.020242 0.002548 -0.011500
v 0.019392 0.002137 -0.011038
v 0.020242 0.227484 0.011500
v 0.020242 0.058777 0.011500
v 0.019236 0.002137 0.010513
v 0.020242 0.115000 -0.011500
v 0.020242 0.115000 0.011500
v 0.020242 0.086889 -0.011500
v 0.019236 0.002137 -0.007236
v 0.019236 0.002137 -0.003466
v 0.019236 0.227895 -0.000303
v 0.019236 0.227895 -0.004073
v 0.019236 0.002137 0.000303
v 0.019236 0.002137 0.004302
v 0.019236 0.227895 -0.007843
v 0.019236 0.227895 0.003695
v 0.019236 0.227895 0.007693
v 0.019236 0.002137 0.008300
v 0.019236 0.002256 -0.007433
v 0.019236 0.002321 -0.003770
v 0.019236 0.002256 -0.003663
v 0.019236 0.227767 -0.000107
v 0.019236 0.227698 -0.003770
v 0.019236 0.227767 -0.003877
v 0.019236 0.002256 0.000107
v 0.019236 0.002321 0.003998
v 0.019236 0.002256 0.004106
v 0.019236 0.227698 -0.007540
v 0.019236 0.227768 -0.007647
v 0.019236 0.227767 0.003892
v 0.019236 0.227698 0.007997
v 0.019236 0.227767 0.007891
v 0.019236 0.002256 0.008105
v 0.019668 0.227895 0.011323
v 0.020242 0.002548 0.011500
v 0.020242 0.199334 0.011500
v 0.019393 0.002137 0.011040
v 0.019236 0.002137 -0.010513
v 0.020242 0.171223 -0.011500
v 0.019392 0.227895 -0.011038
v 0.020242 0.143111 0.011500
v 0.020242 0.199334 -0.011500
v 0.020242 0.004291 -0.011500
v 0.019236 0.227895 0.010513
v 0.019672 0.002137 -0.011326
v 0.020242 0.225060 -0.011500
v 0.020280 0.002137 -0.011501
v 0.020242 0.030666 0.011500
v 0.020242 0.030666 -0.011500
v 0.020285 0.002137 0.011502
v 0.020242 0.058777 -0.011500
v 0.020246 0.227895 0.011502
v 0.020242 0.086889 0.011500
v 0.020242 0.227484 -0.011500
v 0.020240 0.227895 -0.011501
v 0.019236 0.002137 -0.007843
v 0.019236 0.002137 -0.004073
v 0.019236 0.227895 0.000303
v 0.019236 0.227895 -0.003466
v 0.019236 0.002137 -0.000303
v 0.019236 0.002137 0.003695
v 0.019236 0.227895 -0.007236
v 0.019236 0.227895 0.004302
v 0.019236 0.227895 0.008300
v 0.019236 0.002137 0.007693
v 0.019236 0.002321 -0.007540
v 0.019236 0.002256 -0.007647
v 0.019236 0.002256 -0.003877
v 0.019237 0.227727 0.000000
v 0.019236 0.227767 0.000107
v 0.019236 0.227767 -0.003663
v 0.019236 0.002321 0.000000
v 0.019236 0.002256 -0.000107
v 0.019236 0.002256 0.003892
v 0.019236 0.227767 -0.007433
v 0.019236 0.227698 0.003998
v 0.019236 0.227767 0.004106
v 0.019236 0.227768 0.008104
v 0.019236 0.002321 0.007997
v 0.019236 0.002257 0.007890
v 0.038550 0.215922 -0.000370
v 0.033810 0.215922 -0.000370
v 0.028378 0.215922 -0.000370
v 0.023475 0.215922 -0.000370
v 0.038326 0.228452 -0.000370
v 0.033586 0.228452 -0.000370
v 0.028155 0.228452 -0.000370
v 0.023251 0.228453 -0.000370
v 0.038326 0.231886 0.001216
v 0.033586 0.231886 0.001216
v 0.028155 0.231886 0.001216
v 0.023251 0.231886 0.001216
v 0.038326 0.233394 0.005435
v 0.033586 0.233394 0.005435
v 0.028155 0.233394 0.005436
v 0.023251 0.233394 0.005436
v 0.038326 0.233202 0.011025
v 0.033586 0.233202 0.011025
v 0.028155 0.233202 0.011025
v 0.023251 0.233202 0.011025
v 0.038326 0.230089 0.014959
v 0.033586 0.230090 0.014958
v 0.028155 0.230090 0.014958
v 0.023251 0.230091 0.014956
v 0.038701 0.224966 0.017458
v 0.033961 0.224969 0.017456
v 0.028529 0.224969 0.017456
v 0.023626 0.224973 0.017455
v 0.039848 0.211306 0.017567
v 0.035108 0.211307 0.017567
v 0.029677 0.211307 0.017567
v 0.024773 0.211308 0.017567
v 0.040591 0.191187 0.015287
v 0.036170 0.191187 0.015287
v 0.030739 0.191187 0.015287
v 0.025835 0.191186 0.015287
v 0.040888 0.168638 0.015221
v 0.036147 0.168638 0.015221
v 0.030716 0.168638 0.015221
v 0.025812 0.168638 0.015221
v 0.041976 0.138968 0.014882
v 0.037235 0.138966 0.014882
v 0.031803 0.138964 0.014882
v 0.026900 0.138962 0.014882
v 0.044624 0.100403 0.015440
v 0.039932 0.100402 0.014934
v 0.034570 0.100399 0.014232
v 0.029726 0.100397 0.013646
v 0.048388 0.044180 0.017694
v 0.043701 0.044178 0.017155
v 0.038347 0.044177 0.016406
v 0.033512 0.044176 0.015782
v 0.036455 0.072283 0.016921
v 0.041813 0.072284 0.017647
v 0.031615 0.072283 0.016316
v 0.046503 0.072285 0.018170
v 0.038550 0.215922 -0.000070
v 0.033810 0.215922 -0.000070
v 0.028378 0.215922 -0.000070
v 0.023475 0.215922 -0.000070
v 0.038326 0.228386 -0.000070
v 0.033586 0.228386 -0.000070
v 0.028155 0.228386 -0.000070
v 0.023251 0.228386 -0.000070
v 0.038326 0.231646 0.001435
v 0.033586 0.231646 0.001435
v 0.028155 0.231646 0.001435
v 0.023251 0.231646 0.001435
v 0.038326 0.233092 0.005482
v 0.033586 0.233092 0.005482
v 0.028155 0.233092 0.005482
v 0.023251 0.233092 0.005482
v 0.038326 0.232905 0.010937
v 0.033586 0.232905 0.010937
v 0.028155 0.232905 0.010937
v 0.023251 0.232905 0.010937
v 0.038326 0.229870 0.014740
v 0.033586 0.229870 0.014740
v 0.028155 0.229870 0.014740
v 0.023251 0.229870 0.014740
v 0.038701 0.224877 0.017161
v 0.033961 0.224877 0.017161
v 0.028529 0.224877 0.017161
v 0.023626 0.224877 0.017161
v 0.039848 0.211320 0.017265
v 0.035108 0.211320 0.017265
v 0.029677 0.211320 0.017265
v 0.024773 0.211320 0.017265
v 0.040591 0.191212 0.014987
v 0.036170 0.191212 0.014987
v 0.030739 0.191212 0.014987
v 0.025835 0.191212 0.014987
v 0.040888 0.168644 0.014921
v 0.036147 0.168644 0.014921
v 0.030716 0.168644 0.014921
v 0.025812 0.168644 0.014921
v 0.041984 0.138959 0.014582
v 0.037244 0.138959 0.014582
v 0.031813 0.138959 0.014582
v 0.026909 0.138959 0.014582
v 0.044649 0.100380 0.015142
v 0.039959 0.100380 0.014636
v 0.034598 0.100380 0.013934
v 0.029752 0.100380 0.013348
v 0.048423 0.044114 0.017403
v 0.043740 0.044114 0.016864
v 0.038389 0.044114 0.016115
v 0.033551 0.044114 0.015491
v 0.036493 0.072247 0.016626
v 0.041850 0.072247 0.017351
v 0.031652 0.072247 0.016021
v 0.046536 0.072247 0.017874
v 0.028267 0.222187 -0.000370
v 0.033698 0.222187 -0.000370
v 0.023363 0.222187 -0.000370
v 0.038438 0.222187 -0.000370
v 0.028267 0.222154 -0.000070
v 0.033698 0.222154 -0.000070
v 0.023363 0.222154 -0.000070
v 0.038438 0.222154 -0.000070
v 0.033808 0.216018 -0.000370
v 0.038548 0.216018 -0.000370
v 0.033808 0.216018 -0.000070
v 0.038548 0.216018 -0.000070
v 0.028377 0.216018 -0.000370
v 0.023473 0.216018 -0.000370
v 0.028377 0.216018 -0.000070
v 0.023473 0.216018 -0.000070
v 0.023624 0.215922 -0.000370
v 0.023400 0.228452 -0.000370
v 0.023400 0.231886 0.001216
v 0.023400 0.233394 0.005436
v 0.023400 0.233202 0.011025
v 0.023400 0.230091 0.014956
v 0.023775 0.224973 0.017455
v 0.024922 0.211308 0.017567
v 0.025984 0.191186 0.015287
v 0.025962 0.168638 0.015221
v 0.027049 0.138962 0.014882
v 0.029873 0.100397 0.013664
v 0.033659 0.044176 0.015801
v 0.031762 0.072283 0.016335
v 0.023624 0.215922 -0.000070
v 0.023400 0.228386 -0.000070
v 0.023400 0.231646 0.001435
v 0.023400 0.233092 0.005482
v 0.023400 0.232905 0.010937
v 0.023400 0.229870 0.014740
v 0.023775 0.224877 0.017161
v 0.024922 0.211320 0.017265
v 0.025984 0.191212 0.014987
v 0.025962 0.168644 0.014921
v 0.027058 0.138959 0.014582
v 0.029900 0.100380 0.013366
v 0.033698 0.044114 0.015510
v 0.031799 0.072247 0.016039
v 0.023512 0.222154 -0.000070
v 0.023512 0.222187 -0.000370
v 0.023622 0.216018 -0.000370
v 0.023622 0.216018 -0.000070
v 0.038362 0.215922 -0.000370
v 0.038138 0.228452 -0.000370
v 0.038138 0.231886 0.001216
v 0.038138 0.233394 0.005435
v 0.038138 0.233202 0.011025
v 0.038138 0.230089 0.014959
v 0.038513 0.224966 0.017458
v 0.039661 0.211306 0.017567
v 0.040416 0.191187 0.015287
v 0.040700 0.168638 0.015221
v 0.041788 0.138968 0.014882
v 0.044438 0.100403 0.015420
v 0.048202 0.044180 0.017673
v 0.046317 0.072285 0.018149
v 0.038362 0.215922 -0.000070
v 0.038138 0.228386 -0.000070
v 0.038138 0.231646 0.001435
v 0.038138 0.233092 0.005482
v 0.038138 0.232905 0.010937
v 0.038138 0.229870 0.014740
v 0.038513 0.224877 0.017161
v 0.039661 0.211320 0.017265
v 0.040416 0.191212 0.014987
v 0.040700 0.168644 0.014921
v 0.041796 0.138959 0.014582
v 0.044463 0.100380 0.015122
v 0.048237 0.044114 0.017382
v 0.046350 0.072247 0.017853
v 0.038250 0.222154 -0.000070
v 0.038250 0.222187 -0.000370
v 0.038360 0.216018 -0.000370
v 0.038360 0.216018 -0.000070
v 0.038550 0.215922 -0.000310
v 0.033810 0.215922 -0.000310
v 0.028378 0.215922 -0.000310
v 0.023475 0.215922 -0.000310
v 0.038326 0.228439 -0.000310
v 0.023251 0.228439 -0.000310
v 0.038326 0.231838 0.001260
v 0.023251 0.231838 0.001260
v 0.038326 0.233334 0.005445
v 0.023251 0.233334 0.005445
v 0.038326 0.233143 0.011007
v 0.023251 0.233143 0.011007
v 0.038326 0.230045 0.014915
v 0.023251 0.230047 0.014913
v 0.038701 0.224948 0.017398
v 0.023626 0.224954 0.017397
v 0.039848 0.211309 0.017506
v 0.024773 0.211311 0.017506
v 0.040591 0.191192 0.015227
v 0.025835 0.191191 0.015227
v 0.040888 0.168639 0.015161
v 0.025812 0.168639 0.015161
v 0.041977 0.138966 0.014822
v 0.026902 0.138962 0.014822
v 0.044629 0.100398 0.015380
v 0.029731 0.100394 0.013587
v 0.048395 0.044167 0.017636
v 0.033520 0.044163 0.015724
v 0.031622 0.072276 0.016257
v 0.046509 0.072277 0.018110
v 0.038438 0.222180 -0.000310
v 0.023363 0.222181 -0.000310
v 0.038548 0.216018 -0.000310
v 0.023473 0.216018 -0.000310
v 0.023624 0.215922 -0.000310
v 0.038362 0.215922 -0.000310
v 0.038550 0.215922 -0.000121
v 0.033810 0.215922 -0.000121
v 0.028378 0.215922 -0.000121
v 0.023475 0.215922 -0.000121
v 0.038326 0.228397 -0.000121
v 0.023251 0.228397 -0.000121
v 0.038326 0.231687 0.001398
v 0.023251 0.231687 0.001398
v 0.038326 0.233144 0.005474
v 0.023251 0.233144 0.005474
v 0.038326 0.232955 0.010952
v 0.023251 0.232955 0.010952
v 0.038326 0.229908 0.014777
v 0.023251 0.229908 0.014777
v 0.038701 0.224892 0.017212
v 0.023626 0.224893 0.017212
v 0.039848 0.211317 0.017317
v 0.024773 0.211318 0.017317
v 0.040591 0.191208 0.015038
v 0.025835 0.191207 0.015038
v 0.040888 0.168643 0.014972
v 0.025812 0.168643 0.014972
v 0.041982 0.138960 0.014634
v 0.026907 0.138959 0.014634
v 0.044645 0.100384 0.015192
v 0.029748 0.100383 0.013399
v 0.048417 0.044125 0.017453
v 0.033544 0.044125 0.015541
v 0.031646 0.072253 0.016071
v 0.046530 0.072253 0.017924
v 0.038438 0.222160 -0.000121
v 0.023363 0.222160 -0.000121
v 0.038548 0.216018 -0.000121
v 0.023473 0.216018 -0.000121
v 0.023624 0.215922 -0.000121
v 0.038362 0.215922 -0.000121
v 0.028354 0.217293 -0.000370
v 0.023450 0.217293 -0.000370
v 0.028354 0.217286 -0.000070
v 0.023450 0.217286 -0.000070
v 0.033785 0.217293 -0.000370
v 0.038525 0.217293 -0.000370
v 0.033785 0.217286 -0.000070
v 0.038525 0.217286 -0.000070
v 0.023599 0.217293 -0.000370
v 0.023599 0.217286 -0.000070
v 0.038338 0.217293 -0.000370
v 0.038338 0.217286 -0.000070
v 0.023450 0.217291 -0.000310
v 0.038525 0.217291 -0.000310
v 0.023450 0.217287 -0.000121
v 0.038525 0.217287 -0.000121
v 0.033226 0.072283 0.016518
v 0.033263 0.072247 0.016222
v 0.024995 0.222187 -0.000370
v 0.025105 0.216018 -0.000370
v 0.025107 0.215922 -0.000370
v 0.024883 0.228452 -0.000370
v 0.024883 0.231886 0.001216
v 0.024883 0.233394 0.005436
v 0.024883 0.233202 0.011025
v 0.024883 0.230091 0.014957
v 0.025258 0.224972 0.017456
v 0.026405 0.211308 0.017567
v 0.027467 0.191186 0.015287
v 0.027444 0.168638 0.015221
v 0.028532 0.138963 0.014882
v 0.031338 0.100398 0.013841
v 0.035121 0.044176 0.015990
v 0.025107 0.215922 -0.000070
v 0.024883 0.228386 -0.000070
v 0.024883 0.231646 0.001435
v 0.024883 0.233092 0.005482
v 0.024883 0.232905 0.010937
v 0.024883 0.229870 0.014740
v 0.025258 0.224877 0.017161
v 0.026405 0.211320 0.017265
v 0.027467 0.191212 0.014987
v 0.027444 0.168644 0.014921
v 0.028541 0.138959 0.014582
v 0.031365 0.100380 0.013543
v 0.035161 0.044114 0.015699
v 0.024995 0.222154 -0.000070
v 0.025105 0.216018 -0.000070
v 0.025107 0.215922 -0.000310
v 0.025107 0.215922 -0.000121
v 0.025082 0.217286 -0.000070
v 0.025082 0.217293 -0.000370
v 0.036932 0.215922 -0.000370
v 0.036708 0.228452 -0.000370
v 0.036708 0.231886 0.001216
v 0.036708 0.233394 0.005435
v 0.036708 0.233202 0.011025
v 0.036708 0.230089 0.014958
v 0.037083 0.224967 0.017457
v 0.038231 0.211306 0.017567
v 0.039082 0.191187 0.015287
v 0.039270 0.168638 0.015221
v 0.040358 0.138967 0.014882
v 0.043023 0.100403 0.015267
v 0.046788 0.044180 0.017510
v 0.036932 0.215922 -0.000070
v 0.036708 0.228386 -0.000070
v 0.036708 0.231646 0.001435
v 0.036708 0.233092 0.005482
v 0.036708 0.232905 0.010937
v 0.036708 0.229870 0.014740
v 0.037083 0.224877 0.017161
v 0.038231 0.211320 0.017265
v 0.039082 0.191212 0.014987
v 0.039270 0.168644 0.014921
v 0.040366 0.138959 0.014582
v 0.043049 0.100380 0.014969
v 0.046825 0.044114 0.017219
v 0.036820 0.222154 -0.000070
v 0.036931 0.216018 -0.000070
v 0.044903 0.072284 0.017991
v 0.044937 0.072247 0.017695
v 0.036820 0.222187 -0.000370
v 0.036931 0.216018 -0.000370
v 0.036932 0.215922 -0.000310
v 0.036932 0.215922 -0.000121
v 0.036908 0.217293 -0.000370
v 0.036908 0.217286 -0.000070
v 0.037401 0.058230 0.016952
v 0.032563 0.058229 0.016338
v 0.042757 0.058231 0.017689
v 0.047445 0.058233 0.018221
v 0.037441 0.058180 0.016659
v 0.032601 0.058180 0.016044
v 0.042795 0.058180 0.017396
v 0.047479 0.058180 0.017927
v 0.032749 0.058180 0.016063
v 0.032710 0.058229 0.016357
v 0.047294 0.058180 0.017906
v 0.047260 0.058233 0.018200
v 0.047452 0.058222 0.018162
v 0.032571 0.058220 0.016279
v 0.047474 0.058189 0.017977
v 0.032595 0.058189 0.016094
v 0.034173 0.058230 0.016542
v 0.034212 0.058180 0.016249
v 0.045881 0.058180 0.017746
v 0.045846 0.058232 0.018039
v 0.044518 0.032451 0.016054
v 0.049188 0.032456 0.016654
v 0.039188 0.032449 0.015219
v 0.034371 0.032444 0.014525
v 0.044558 0.032342 0.015776
v 0.049225 0.032342 0.016378
v 0.039230 0.032342 0.014940
v 0.034412 0.032342 0.014244
v 0.034559 0.032342 0.014265
v 0.034518 0.032444 0.014546
v 0.049040 0.032342 0.016354
v 0.049003 0.032456 0.016630
v 0.034380 0.032423 0.014469
v 0.049195 0.032433 0.016599
v 0.034405 0.032359 0.014292
v 0.049218 0.032361 0.016425
v 0.036016 0.032342 0.014476
v 0.035974 0.032445 0.014756
v 0.047595 0.032454 0.016450
v 0.047632 0.032342 0.016173
v 0.038550 0.215922 0.000030
v 0.033150 0.215922 0.000030
v 0.028544 0.215922 0.000030
v 0.023475 0.215922 0.000030
v 0.038326 0.228467 0.000030
v 0.032926 0.228467 0.000030
v 0.028320 0.228467 0.000030
v 0.023251 0.228468 0.000030
v 0.038326 0.231519 0.001805
v 0.032926 0.231519 0.001805
v 0.028320 0.231519 0.001805
v 0.023251 0.231519 0.001805
v 0.038326 0.232482 0.005418
v 0.032926 0.232482 0.005418
v 0.028320 0.232482 0.005418
v 0.023251 0.232482 0.005418
v 0.038326 0.232435 0.010020
v 0.032926 0.232435 0.010020
v 0.028320 0.232435 0.010020
v 0.023251 0.232435 0.010020
v 0.038326 0.229927 0.013572
v 0.032926 0.229927 0.013572
v 0.028320 0.229927 0.013572
v 0.023251 0.229927 0.013572
v 0.038326 0.224952 0.015093
v 0.032926 0.224952 0.015093
v 0.028320 0.224952 0.015093
v 0.023251 0.224952 0.015093
v 0.038060 0.210994 0.015549
v 0.032660 0.210994 0.015549
v 0.028054 0.210994 0.015549
v 0.022985 0.210994 0.015549
v 0.037544 0.191196 0.013980
v 0.032144 0.191196 0.013980
v 0.027538 0.191196 0.013980
v 0.022469 0.191196 0.013980
v 0.037701 0.168641 0.013332
v 0.032301 0.168641 0.013332
v 0.027695 0.168641 0.013332
v 0.022626 0.168641 0.013332
v 0.037624 0.138961 0.013712
v 0.032225 0.138961 0.013712
v 0.027619 0.138961 0.013712
v 0.022549 0.138961 0.013712
v 0.037921 0.123977 0.013695
v 0.032522 0.123977 0.013695
v 0.027916 0.123977 0.013695
v 0.022846 0.123977 0.013695
v 0.038207 0.108569 0.013687
v 0.032822 0.108890 0.013687
v 0.028222 0.109043 0.013687
v 0.023168 0.109376 0.013687
v 0.038287 0.087631 0.013169
v 0.032920 0.088120 0.013169
v 0.028330 0.088352 0.013169
v 0.023295 0.088858 0.013169
v 0.038281 0.062697 0.014708
v 0.032920 0.063226 0.014708
v 0.028333 0.063477 0.014708
v 0.023304 0.064025 0.014708
v 0.038224 0.011880 0.013347
v 0.032912 0.012667 0.013353
v 0.028348 0.013043 0.013352
v 0.023373 0.013858 0.013358
v 0.028342 0.038214 0.014769
v 0.032917 0.037899 0.014769
v 0.023340 0.038901 0.014769
v 0.038254 0.037235 0.013574
v 0.038550 0.215922 0.000330
v 0.033150 0.215922 0.000330
v 0.028544 0.215922 0.000330
v 0.023475 0.215922 0.000330
v 0.038326 0.228386 0.000330
v 0.032926 0.228386 0.000330
v 0.028320 0.228386 0.000330
v 0.023251 0.228386 0.000330
v 0.038326 0.231261 0.002002
v 0.032926 0.231261 0.002002
v 0.028320 0.231261 0.002002
v 0.023251 0.231261 0.002002
v 0.038326 0.232182 0.005456
v 0.032926 0.232182 0.005456
v 0.028320 0.232182 0.005456
v 0.023251 0.232182 0.005456
v 0.038326 0.232136 0.009923
v 0.032926 0.232136 0.009923
v 0.028320 0.232136 0.009923
v 0.023251 0.232136 0.009923
v 0.038326 0.229741 0.013315
v 0.032926 0.229741 0.013315
v 0.028320 0.229741 0.013315
v 0.023251 0.229741 0.013315
v 0.038326 0.224902 0.014794
v 0.032926 0.224902 0.014794
v 0.028320 0.224902 0.014794
v 0.023251 0.224902 0.014794
v 0.038060 0.211001 0.015249
v 0.032660 0.211001 0.015249
v 0.028054 0.211001 0.015249
v 0.022985 0.211001 0.015249
v 0.037544 0.191212 0.013680
v 0.032144 0.191212 0.013680
v 0.027538 0.191212 0.013680
v 0.022469 0.191212 0.013680
v 0.037701 0.168644 0.013032
v 0.032301 0.168644 0.013032
v 0.027695 0.168644 0.013032
v 0.022626 0.168644 0.013032
v 0.037624 0.138959 0.013412
v 0.032225 0.138959 0.013412
v 0.027619 0.138959 0.013412
v 0.022549 0.138959 0.013412
v 0.037921 0.123978 0.013395
v 0.032522 0.123978 0.013395
v 0.027916 0.123978 0.013395
v 0.022846 0.123978 0.013395
v 0.038207 0.108565 0.013387
v 0.032821 0.108887 0.013387
v 0.028222 0.109040 0.013387
v 0.023167 0.109373 0.013387
v 0.038285 0.087618 0.012869
v 0.032919 0.088108 0.012869
v 0.028329 0.088340 0.012869
v 0.023294 0.088846 0.012869
v 0.038279 0.062672 0.014409
v 0.032918 0.063201 0.014409
v 0.028330 0.063452 0.014409
v 0.023301 0.064000 0.014409
v 0.038217 0.011708 0.013078
v 0.032907 0.012507 0.013078
v 0.028343 0.012886 0.013078
v 0.023366 0.013714 0.013078
v 0.028337 0.038169 0.014472
v 0.032912 0.037854 0.014472
v 0.023334 0.038857 0.014472
v 0.038248 0.037190 0.013277
v 0.028432 0.222195 0.000030
v 0.033038 0.222195 0.000030
v 0.023363 0.222195 0.000030
v 0.038438 0.222194 0.000030
v 0.028432 0.222154 0.000330
v 0.033038 0.222154 0.000330
v 0.023363 0.222154 0.000330
v 0.038438 0.222154 0.000330
v 0.033149 0.216017 0.000030
v 0.038548 0.216017 0.000030
v 0.033149 0.216017 0.000330
v 0.038548 0.216017 0.000330
v 0.028543 0.216017 0.000030
v 0.023473 0.216017 0.000030
v 0.028543 0.216017 0.000330
v 0.023473 0.216017 0.000330
v 0.023627 0.215922 0.000030
v 0.023403 0.228468 0.000030
v 0.023403 0.231519 0.001805
v 0.023403 0.232482 0.005418
v 0.023403 0.232435 0.010020
v 0.023403 0.229927 0.013572
v 0.023403 0.224952 0.015093
v 0.023137 0.210994 0.015549
v 0.022621 0.191196 0.013980
v 0.022778 0.168641 0.013332
v 0.022702 0.138961 0.013712
v 0.022999 0.123977 0.013695
v 0.023320 0.109366 0.013687
v 0.023446 0.088843 0.013169
v 0.023455 0.064008 0.014708
v 0.023522 0.013834 0.013358
v 0.023490 0.038881 0.014769
v 0.023627 0.215922 0.000330
v 0.023403 0.228386 0.000330
v 0.023403 0.231261 0.002002
v 0.023403 0.232182 0.005456
v 0.023403 0.232136 0.009923
v 0.023403 0.229741 0.013315
v 0.023403 0.224902 0.014794
v 0.023137 0.211001 0.015249
v 0.022621 0.191212 0.013680
v 0.022778 0.168644 0.013032
v 0.022702 0.138959 0.013412
v 0.022999 0.123978 0.013395
v 0.023319 0.109363 0.013387
v 0.023445 0.088831 0.012869
v 0.023452 0.063984 0.014409
v 0.023516 0.013689 0.013078
v 0.023484 0.038837 0.014472
v 0.023515 0.222154 0.000330
v 0.023515 0.222195 0.000030
v 0.023626 0.216017 0.000030
v 0.023626 0.216017 0.000330
v 0.038415 0.215922 0.000030
v 0.038191 0.228467 0.000030
v 0.038191 0.231519 0.001805
v 0.038191 0.232482 0.005418
v 0.038191 0.232435 0.010020
v 0.038191 0.229927 0.013572
v 0.038191 0.224952 0.015093
v 0.037925 0.210994 0.015549
v 0.037409 0.191196 0.013980
v 0.037566 0.168641 0.013332
v 0.037489 0.138961 0.013712
v 0.037786 0.123977 0.013695
v 0.038072 0.108577 0.013687
v 0.038153 0.087643 0.013169
v 0.038147 0.062710 0.014708
v 0.038091 0.011900 0.013347
v 0.038120 0.037252 0.013574
v 0.038415 0.215922 0.000330
v 0.038191 0.228386 0.000330
v 0.038191 0.231261 0.002002
v 0.038191 0.232182 0.005456
v 0.038191 0.232136 0.009923
v 0.038191 0.229741 0.013315
v 0.038191 0.224902 0.014794
v 0.037925 0.211001 0.015249
v 0.037409 0.191212 0.013680
v 0.037566 0.168644 0.013032
v 0.037489 0.138959 0.013412
v 0.037786 0.123978 0.013395
v 0.038072 0.108573 0.013387
v 0.038151 0.087631 0.012869
v 0.038145 0.062685 0.014409
v 0.038084 0.011728 0.013078
v 0.038115 0.037206 0.013277
v 0.038303 0.222154 0.000330
v 0.038303 0.222194 0.000030
v 0.038413 0.216017 0.000030
v 0.038413 0.216017 0.000330
v 0.028521 0.217225 0.000030
v 0.023451 0.217225 0.000030
v 0.028521 0.217217 0.000330
v 0.023451 0.217217 0.000330
v 0.033127 0.217225 0.000030
v 0.038527 0.217225 0.000030
v 0.033127 0.217217 0.000330
v 0.038527 0.217217 0.000330
v 0.023604 0.217225 0.000030
v 0.023604 0.217217 0.000330
v 0.038392 0.217225 0.000030
v 0.038392 0.217217 0.000330
v 0.038550 0.215922 0.000078
v 0.033150 0.215922 0.000078
v 0.028544 0.215922 0.000078
v 0.023475 0.215922 0.000078
v 0.038326 0.228454 0.000078
v 0.023251 0.228455 0.000078
v 0.038326 0.231478 0.001837
v 0.023251 0.231478 0.001837
v 0.038326 0.232434 0.005424
v 0.023251 0.232434 0.005424
v 0.038326 0.232388 0.010004
v 0.023251 0.232388 0.010004
v 0.038326 0.229897 0.013531
v 0.023251 0.229897 0.013531
v 0.038326 0.224944 0.015045
v 0.023251 0.224944 0.015045
v 0.038060 0.210995 0.015502
v 0.022985 0.210995 0.015502
v 0.037544 0.191198 0.013932
v 0.022469 0.191198 0.013932
v 0.037701 0.168642 0.013284
v 0.022626 0.168641 0.013284
v 0.037624 0.138960 0.013665
v 0.022549 0.138960 0.013665
v 0.037921 0.123977 0.013648
v 0.022846 0.123977 0.013648
v 0.038207 0.108568 0.013639
v 0.023168 0.109376 0.013639
v 0.038286 0.087629 0.013121
v 0.023295 0.088857 0.013121
v 0.038281 0.062693 0.014661
v 0.023303 0.064021 0.014661
v 0.038223 0.011853 0.013304
v 0.023372 0.013835 0.013314
v 0.023339 0.038894 0.014722
v 0.038253 0.037228 0.013526
v 0.038438 0.222188 0.000078
v 0.023363 0.222188 0.000078
v 0.038548 0.216017 0.000078
v 0.023473 0.216017 0.000078
v 0.023627 0.215922 0.000078
v 0.038415 0.215922 0.000078
v 0.023451 0.217224 0.000078
v 0.038527 0.217224 0.000078
v 0.038550 0.215922 0.000264
v 0.033150 0.215922 0.000264
v 0.028544 0.215922 0.000264
v 0.023475 0.215922 0.000264
v 0.038326 0.228404 0.000264
v 0.023251 0.228404 0.000264
v 0.038326 0.231318 0.001959
v 0.023251 0.231318 0.001959
v 0.038326 0.232248 0.005448
v 0.023251 0.232248 0.005448
v 0.038326 0.232202 0.009944
v 0.023251 0.232202 0.009944
v 0.038326 0.229782 0.013372
v 0.023251 0.229782 0.013372
v 0.038326 0.224913 0.014860
v 0.023251 0.224913 0.014860
v 0.038060 0.211000 0.015315
v 0.022985 0.211000 0.015315
v 0.037544 0.191208 0.013746
v 0.022469 0.191208 0.013746
v 0.037701 0.168643 0.013098
v 0.022626 0.168643 0.013098
v 0.037624 0.138959 0.013478
v 0.022549 0.138959 0.013478
v 0.037921 0.123978 0.013461
v 0.022846 0.123978 0.013461
v 0.038207 0.108566 0.013453
v 0.023168 0.109374 0.013453
v 0.038286 0.087621 0.012935
v 0.023294 0.088849 0.012935
v 0.038279 0.062678 0.014475
v 0.023302 0.064006 0.014475
v 0.038219 0.011746 0.013137
v 0.023368 0.013746 0.013139
v 0.023335 0.038867 0.014538
v 0.038249 0.037200 0.013342
v 0.038438 0.222163 0.000264
v 0.023363 0.222163 0.000264
v 0.038548 0.216017 0.000264
v 0.023473 0.216017 0.000264
v 0.023627 0.215922 0.000264
v 0.038415 0.215922 0.000264
v 0.023451 0.217219 0.000264
v 0.038527 0.217219 0.000264
v 0.024505 0.038741 0.014769
v 0.024499 0.038697 0.014472
v 0.024543 0.222195 0.000030
v 0.024654 0.216017 0.000030
v 0.024655 0.215922 0.000030
v 0.024431 0.228467 0.000030
v 0.024431 0.231519 0.001805
v 0.024431 0.232482 0.005418
v 0.024431 0.232435 0.010020
v 0.024431 0.229927 0.013572
v 0.024431 0.224952 0.015093
v 0.024165 0.210994 0.015549
v 0.023649 0.191196 0.013980
v 0.023806 0.168641 0.013332
v 0.023730 0.138961 0.013712
v 0.024027 0.123977 0.013695
v 0.024345 0.109299 0.013687
v 0.024467 0.088741 0.013169
v 0.024475 0.063897 0.014708
v 0.024531 0.013669 0.013357
v 0.024655 0.215922 0.000330
v 0.024431 0.228386 0.000330
v 0.024431 0.231261 0.002002
v 0.024431 0.232182 0.005456
v 0.024431 0.232136 0.009923
v 0.024431 0.229741 0.013315
v 0.024431 0.224902 0.014794
v 0.024165 0.211001 0.015249
v 0.023649 0.191212 0.013680
v 0.023806 0.168644 0.013032
v 0.023730 0.138959 0.013412
v 0.024027 0.123978 0.013395
v 0.024345 0.109295 0.013387
v 0.024466 0.088728 0.012869
v 0.024472 0.063873 0.014409
v 0.024525 0.013522 0.013078
v 0.024543 0.222154 0.000330
v 0.024654 0.216017 0.000330
v 0.024632 0.217217 0.000330
v 0.024632 0.217225 0.000030
v 0.024655 0.215922 0.000078
v 0.024655 0.215922 0.000264
v 0.037563 0.215922 0.000030
v 0.037339 0.228467 0.000030
v 0.037339 0.231519 0.001805
v 0.037339 0.232482 0.005418
v 0.037339 0.232435 0.010020
v 0.037339 0.229927 0.013572
v 0.037339 0.224952 0.015093
v 0.037073 0.210994 0.015549
v 0.036557 0.191196 0.013980
v 0.036714 0.168641 0.013332
v 0.036637 0.138961 0.013712
v 0.036934 0.123977 0.013695
v 0.037223 0.108628 0.013687
v 0.037306 0.087720 0.013169
v 0.037301 0.062794 0.014708
v 0.037253 0.012024 0.013348
v 0.037563 0.215922 0.000330
v 0.037339 0.228386 0.000330
v 0.037339 0.231261 0.002002
v 0.037339 0.232182 0.005456
v 0.037339 0.232136 0.009923
v 0.037339 0.229741 0.013315
v 0.037339 0.224902 0.014794
v 0.037073 0.211001 0.015249
v 0.036557 0.191212 0.013680
v 0.036714 0.168644 0.013032
v 0.036637 0.138959 0.013412
v 0.036934 0.123978 0.013395
v 0.037222 0.108624 0.013387
v 0.037305 0.087708 0.012869
v 0.037299 0.062769 0.014409
v 0.037247 0.011854 0.013078
v 0.037451 0.222154 0.000330
v 0.037561 0.216017 0.000330
v 0.037278 0.037357 0.014769
v 0.037273 0.037311 0.014472
v 0.037451 0.222194 0.000030
v 0.037561 0.216017 0.000030
v 0.037540 0.217225 0.000030
v 0.037540 0.217217 0.000330
v 0.037563 0.215922 0.000078
v 0.037563 0.215922 0.000264
v 0.028345 0.025142 0.012903
v 0.023356 0.025893 0.012906
v 0.032914 0.024796 0.012904
v 0.038239 0.024071 0.012901
v 0.028340 0.025041 0.012618
v 0.023350 0.025799 0.012618
v 0.032910 0.024694 0.012618
v 0.038232 0.023962 0.012618
v 0.023500 0.025776 0.012618
v 0.023506 0.025871 0.012906
v 0.038100 0.023980 0.012618
v 0.038106 0.024089 0.012901
v 0.038238 0.024054 0.012855
v 0.023355 0.025878 0.012860
v 0.038234 0.023986 0.012680
v 0.023351 0.025820 0.012681
v 0.024518 0.025718 0.012906
v 0.024512 0.025623 0.012618
v 0.037260 0.024096 0.012618
v 0.037266 0.024204 0.012901
v 0.038224 0.002340 0.014081
v 0.032912 0.003127 0.014087
v 0.028348 0.003503 0.014086
v 0.023373 0.004319 0.014092
v 0.038217 0.002168 0.013812
v 0.032907 0.002967 0.013812
v 0.028343 0.003346 0.013812
v 0.023366 0.004175 0.013812
v 0.023522 0.004294 0.014092
v 0.023516 0.004150 0.013812
v 0.038091 0.002360 0.014081
v 0.038084 0.002188 0.013812
v 0.038223 0.002313 0.014038
v 0.023372 0.004296 0.014047
v 0.038219 0.002206 0.013871
v 0.023368 0.004206 0.013873
v 0.024531 0.004129 0.014091
v 0.024525 0.003982 0.013812
v 0.037253 0.002484 0.014082
v 0.037247 0.002314 0.013812
v 0.044870 0.023477 0.015393
v 0.049540 0.023482 0.015993
v 0.039540 0.023475 0.014558
v 0.034723 0.023470 0.013864
v 0.044910 0.023368 0.015115
v 0.049576 0.023368 0.015717
v 0.039582 0.023368 0.014280
v 0.034764 0.023368 0.013583
v 0.034911 0.023368 0.013604
v 0.034870 0.023471 0.013885
v 0.049392 0.023368 0.015693
v 0.049355 0.023482 0.015970
v 0.034731 0.023450 0.013808
v 0.049547 0.023460 0.015938
v 0.034757 0.023386 0.013631
v 0.049570 0.023388 0.015764
v 0.036368 0.023368 0.013815
v 0.036326 0.023472 0.014095
v 0.047947 0.023481 0.015789
v 0.047984 0.023368 0.015512
v 0.044870 0.012205 0.016274
v 0.049540 0.012210 0.016874
v 0.039540 0.012203 0.015439
v 0.034723 0.012198 0.014745
v 0.044910 0.012096 0.015996
v 0.049576 0.012096 0.016598
v 0.039582 0.012096 0.015160
v 0.034764 0.012096 0.014463
v 0.034911 0.012096 0.014484
v 0.034870 0.012198 0.014766
v 0.049392 0.012096 0.016574
v 0.049355 0.012210 0.016850
v 0.034731 0.012178 0.014689
v 0.049547 0.012187 0.016819
v 0.034757 0.012113 0.014511
v 0.049570 0.012115 0.016645
v 0.036368 0.012096 0.014695
v 0.036326 0.012200 0.014976
v 0.047947 0.012208 0.016669
v 0.047984 0.012096 0.016392
v 0.036334 0.012180 0.014924
v 0.034877 0.012179 0.014714
v 0.039548 0.012183 0.015387
v 0.044877 0.012185 0.016222
v 0.047954 0.012187 0.016618
v 0.049362 0.012189 0.016799
v 0.036362 0.012110 0.014734
v 0.034905 0.012110 0.014523
v 0.039576 0.012111 0.015199
v 0.044905 0.012111 0.016034
v 0.047979 0.012111 0.016430
v 0.049387 0.012112 0.016612
v 0.034764 0.012202 0.014455
v 0.034757 0.012219 0.014503
v 0.034731 0.012284 0.014680
v 0.049570 0.012221 0.016636
v 0.049576 0.012202 0.016589
v 0.049540 0.012316 0.016866
v 0.049547 0.012293 0.016810
v 0.049392 0.012202 0.016565
v 0.034723 0.012304 0.014737
v 0.047984 0.012202 0.016384
v 0.044910 0.012202 0.015987
v 0.039582 0.012202 0.015152
v 0.036368 0.012202 0.014687
v 0.047947 0.012314 0.016661
v 0.049355 0.012316 0.016842
v 0.044870 0.012311 0.016266
v 0.034870 0.012304 0.014758
v 0.036326 0.012306 0.014967
v 0.034911 0.012202 0.014476
v 0.039540 0.012309 0.015430
v 0.034757 0.014726 0.014307
v 0.034731 0.014791 0.014484
v 0.049576 0.014709 0.016393
v 0.049547 0.014800 0.016614
v 0.049392 0.014709 0.016370
v 0.034723 0.014811 0.014541
v 0.044910 0.014709 0.015792
v 0.036368 0.014709 0.014491
v 0.049355 0.014823 0.016646
v 0.036326 0.014813 0.014772
v 0.034911 0.014709 0.014280
v 0.039540 0.014816 0.015235
v 0.034764 0.014709 0.014259
v 0.049570 0.014728 0.016441
v 0.049540 0.014823 0.016670
v 0.047984 0.014709 0.016188
v 0.039582 0.014709 0.014956
v 0.047947 0.014821 0.016465
v 0.044870 0.014818 0.016070
v 0.034870 0.014811 0.014562
v 0.024530 0.004109 0.014053
v 0.028347 0.003482 0.014049
v 0.032911 0.003105 0.014050
v 0.037252 0.002461 0.014045
v 0.038090 0.002337 0.014044
v 0.023521 0.004275 0.014054
v 0.024526 0.004011 0.013867
v 0.028344 0.003378 0.013866
v 0.032908 0.002999 0.013866
v 0.037248 0.002348 0.013865
v 0.038086 0.002222 0.013865
v 0.023517 0.004178 0.013867
v 0.038219 0.002326 0.013861
v 0.038217 0.002288 0.013802
v 0.038091 0.002481 0.014072
v 0.038224 0.002461 0.014071
v 0.028348 0.003624 0.014077
v 0.032912 0.003247 0.014078
v 0.037253 0.002605 0.014073
v 0.023366 0.004295 0.013802
v 0.023368 0.004327 0.013864
v 0.024525 0.004102 0.013802
v 0.023516 0.004270 0.013802
v 0.038084 0.002308 0.013802
v 0.037247 0.002434 0.013802
v 0.032907 0.003088 0.013802
v 0.024531 0.004249 0.014081
v 0.038223 0.002433 0.014029
v 0.023372 0.004416 0.014038
v 0.028343 0.003467 0.013802
v 0.023373 0.004439 0.014083
v 0.023522 0.004414 0.014083
v 0.038217 0.004560 0.013627
v 0.038224 0.004733 0.013897
v 0.032912 0.005519 0.013903
v 0.023368 0.006598 0.013689
v 0.023516 0.006542 0.013627
v 0.037247 0.004706 0.013627
v 0.032907 0.005359 0.013627
v 0.023372 0.006688 0.013863
v 0.028343 0.005739 0.013627
v 0.023373 0.006711 0.013908
v 0.038219 0.004598 0.013687
v 0.038091 0.004752 0.013897
v 0.028348 0.005895 0.013902
v 0.037253 0.004876 0.013898
v 0.023366 0.006567 0.013627
v 0.024525 0.006374 0.013627
v 0.038084 0.004580 0.013627
v 0.024531 0.006521 0.013907
v 0.038223 0.004705 0.013854
v 0.023522 0.006686 0.013908
v 0.020169 0.227466 -0.010486
v 0.020190 0.227466 0.010486
v 0.020694 0.227466 0.010486
v 0.020724 0.227466 -0.010486
v 0.019361 0.115021 0.010486
v 0.019820 0.115021 -0.011351
v 0.019820 0.115021 0.011351
v 0.019510 0.115021 0.011041
v 0.019361 0.115021 -0.010486
v 0.019510 0.115021 -0.011041
v 0.164938 0.115021 0.010486
v 0.164938 0.115021 -0.010486
v 0.020169 0.002575 -0.010486
v 0.020190 0.002575 0.010486
v 0.020694 0.002575 0.010486
v 0.020724 0.002575 -0.010486
v 0.020375 0.115021 -0.011500
v 0.020375 0.115021 0.011500
v 0.164938 0.058798 -0.010486
v 0.164938 0.058798 0.010486
v 0.020375 0.058798 0.011500
v 0.020375 0.058798 -0.011500
v 0.019510 0.058798 -0.011041
v 0.019361 0.058798 -0.010486
v 0.019510 0.058798 0.011041
v 0.019820 0.058798 0.011351
v 0.019820 0.058798 -0.011351
v 0.019361 0.058798 0.010486
v 0.019820 0.171243 0.011351
v 0.019510 0.171243 0.011041
v 0.019361 0.171243 -0.010486
v 0.019510 0.171243 -0.011041
v 0.164938 0.171243 0.010486
v 0.164938 0.171243 -0.010486
v 0.019361 0.171243 0.010486
v 0.019820 0.171243 -0.011351
v 0.020375 0.171243 -0.011500
v 0.020375 0.171243 0.011500
v 0.092508 0.002575 -0.010486
v 0.092508 0.227466 -0.010486
v 0.092493 0.002575 0.010486
v 0.092493 0.227466 0.010486
v 0.092333 0.115021 -0.011500
v 0.092333 0.115021 0.011500
v 0.092333 0.058798 -0.011500
v 0.092333 0.058798 0.011500
v 0.092333 0.171243 0.011500
v 0.092333 0.171243 -0.011500
v 0.055971 0.115021 0.011500
v 0.055971 0.058798 0.011500
v 0.055971 0.171243 0.011500
v 0.056233 0.002575 -0.010486
v 0.056233 0.227466 -0.010486
v 0.056210 0.002575 0.010486
v 0.056210 0.227466 0.010486
v 0.055971 0.115021 -0.011500
v 0.055971 0.058798 -0.011500
v 0.055971 0.171243 -0.011500
v 0.128783 0.002575 -0.010486
v 0.128783 0.227466 -0.010486
v 0.128775 0.002575 0.010486
v 0.128775 0.227466 0.010486
v 0.128695 0.115021 -0.011500
v 0.128695 0.058798 -0.011500
v 0.128695 0.171243 -0.011500
v 0.128695 0.115021 0.011500
v 0.128695 0.058798 0.011500
v 0.128695 0.171243 0.011500
v 0.020375 0.199355 -0.011500
v 0.020375 0.199355 0.011500
v 0.019820 0.199355 0.011351
v 0.019510 0.199355 0.011041
v 0.019361 0.199355 -0.010486
v 0.019510 0.199355 -0.011041
v 0.164938 0.199355 0.010486
v 0.164938 0.199355 -0.010486
v 0.019361 0.199355 0.010486
v 0.019820 0.199355 -0.011351
v 0.092333 0.199355 -0.011500
v 0.092333 0.199355 0.011500
v 0.055971 0.199355 0.011500
v 0.055971 0.199355 -0.011500
v 0.128695 0.199355 -0.011500
v 0.128695 0.199355 0.011500
v 0.164938 0.030687 -0.010486
v 0.164938 0.030687 0.010486
v 0.019510 0.030687 -0.011041
v 0.019361 0.030687 -0.010486
v 0.019510 0.030687 0.011041
v 0.019820 0.030687 0.011351
v 0.019820 0.030687 -0.011351
v 0.019361 0.030687 0.010486
v 0.020375 0.030687 0.011500
v 0.020375 0.030687 -0.011500
v 0.092333 0.030687 -0.011500
v 0.092333 0.030687 0.011500
v 0.055971 0.030687 0.011500
v 0.055971 0.030687 -0.011500
v 0.128695 0.030687 -0.011500
v 0.128695 0.030687 0.011500
v 0.020375 0.086909 0.011500
v 0.020375 0.086909 -0.011500
v 0.164938 0.086909 -0.010486
v 0.164938 0.086909 0.010486
v 0.019510 0.086909 -0.011041
v 0.019361 0.086909 -0.010486
v 0.019510 0.086909 0.011041
v 0.019820 0.086909 0.011351
v 0.019820 0.086909 -0.011351
v 0.019361 0.086909 0.010486
v 0.092333 0.086909 0.011500
v 0.092333 0.086909 -0.011500
v 0.055971 0.086909 -0.011500
v 0.055971 0.086909 0.011500
v 0.128695 0.086909 0.011500
v 0.128695 0.086909 -0.011500
v 0.019820 0.143132 0.011351
v 0.019510 0.143132 0.011041
v 0.019361 0.143132 -0.010486
v 0.019510 0.143132 -0.011041
v 0.164938 0.143132 0.010486
v 0.164938 0.143132 -0.010486
v 0.019361 0.143132 0.010486
v 0.019820 0.143132 -0.011351
v 0.020375 0.143132 -0.011500
v 0.020375 0.143132 0.011500
v 0.092333 0.143132 0.011500
v 0.092333 0.143132 -0.011500
v 0.055971 0.143132 -0.011500
v 0.055971 0.143132 0.011500
v 0.128695 0.143132 0.011500
v 0.128695 0.143132 -0.011500
v 0.164812 0.002987 -0.011500
v 0.164776 0.002575 -0.011238
v 0.164988 0.002987 -0.011237
v 0.164827 0.002575 -0.011500
v 0.165058 0.002575 -0.011500
v 0.165005 0.002575 -0.011238
v 0.165024 0.002987 -0.011500
v 0.164992 0.002987 0.011297
v 0.164782 0.002575 0.011297
v 0.164810 0.002987 0.011500
v 0.165006 0.002575 0.011297
v 0.165038 0.002575 0.011500
v 0.164819 0.002575 0.011500
v 0.165018 0.002987 0.011500
v 0.164827 0.227054 -0.011500
v 0.165007 0.227054 -0.011237
v 0.164778 0.227466 -0.011238
v 0.165058 0.227054 -0.011500
v 0.165058 0.227466 -0.011500
v 0.165010 0.227466 -0.011238
v 0.164827 0.227466 -0.011500
v 0.165018 0.227054 0.011297
v 0.164827 0.227054 0.011500
v 0.164789 0.227466 0.011297
v 0.165058 0.227054 0.011500
v 0.165058 0.227466 0.011500
v 0.164827 0.227466 0.011500
v 0.165020 0.227466 0.011297
v 0.020481 0.002575 -0.011240
v 0.020375 0.002987 -0.011500
v 0.020418 0.002575 -0.011502
v 0.019361 0.002987 -0.010486
v 0.019789 0.002575 -0.010486
v 0.019368 0.002575 -0.010513
v 0.019916 0.002575 -0.011084
v 0.019820 0.002987 -0.011351
v 0.019801 0.002575 -0.011323
v 0.019510 0.002987 -0.011041
v 0.019751 0.002575 -0.010915
v 0.019526 0.002575 -0.011040
v 0.020375 0.002987 0.011500
v 0.020458 0.002575 0.011299
v 0.020412 0.002575 0.011501
v 0.019789 0.002575 0.010486
v 0.019361 0.002987 0.010486
v 0.019368 0.002575 0.010513
v 0.019896 0.002575 0.011142
v 0.019820 0.002987 0.011351
v 0.019805 0.002575 0.011326
v 0.019510 0.002987 0.011041
v 0.019699 0.002575 0.010940
v 0.019525 0.002575 0.011038
v 0.020375 0.227054 -0.011500
v 0.020481 0.227466 -0.011240
v 0.020418 0.227466 -0.011502
v 0.019789 0.227466 -0.010486
v 0.019361 0.227054 -0.010486
v 0.019368 0.227466 -0.010513
v 0.019916 0.227466 -0.011084
v 0.019820 0.227054 -0.011351
v 0.019801 0.227466 -0.011323
v 0.019751 0.227466 -0.010915
v 0.019510 0.227054 -0.011041
v 0.019526 0.227466 -0.011040
v 0.020458 0.227466 0.011299
v 0.020375 0.227054 0.011500
v 0.020412 0.227466 0.011501
v 0.019361 0.227054 0.010486
v 0.019789 0.227466 0.010486
v 0.019368 0.227466 0.010513
v 0.019820 0.227054 0.011351
v 0.019896 0.227466 0.011142
v 0.019805 0.227466 0.011326
v 0.019699 0.227466 0.010940
v 0.019510 0.227054 0.011041
v 0.019525 0.227466 0.011038
v 0.164701 0.227466 0.010486
v 0.164930 0.227054 0.010486
v 0.164933 0.227466 0.010486
v 0.164702 0.227466 -0.010486
v 0.164930 0.227054 -0.010486
v 0.164934 0.227466 -0.010486
v 0.165025 0.115021 0.011297
v 0.164827 0.115021 0.011500
v 0.165058 0.115021 0.011500
v 0.164827 0.115021 -0.011500
v 0.165016 0.115021 -0.011237
v 0.165058 0.115021 -0.011500
v 0.164923 0.002987 0.010486
v 0.164698 0.002575 0.010486
v 0.164928 0.002575 0.010486
v 0.164925 0.002987 -0.010486
v 0.164699 0.002575 -0.010486
v 0.164929 0.002575 -0.010486
v 0.164827 0.058798 -0.011500
v 0.165016 0.058798 -0.011237
v 0.165058 0.058798 -0.011500
v 0.165025 0.058798 0.011297
v 0.164827 0.058798 0.011500
v 0.165058 0.058798 0.011500
v 0.165025 0.171243 0.011297
v 0.164827 0.171243 0.011500
v 0.165058 0.171243 0.011500
v 0.164827 0.171243 -0.011500
v 0.165016 0.171243 -0.011237
v 0.165058 0.171243 -0.011500
v 0.092333 0.227054 -0.011500
v 0.092392 0.227466 -0.011238
v 0.092369 0.227466 -0.011500
v 0.092382 0.227466 0.011298
v 0.092333 0.227054 0.011500
v 0.092366 0.227466 0.011500
v 0.092392 0.002575 -0.011238
v 0.092333 0.002987 -0.011500
v 0.092369 0.002575 -0.011500
v 0.092333 0.002987 0.011500
v 0.092382 0.002575 0.011298
v 0.092366 0.002575 0.011500
v 0.056058 0.227466 -0.011239
v 0.055971 0.227054 -0.011500
v 0.056025 0.227466 -0.011500
v 0.055971 0.227054 0.011500
v 0.056044 0.227466 0.011298
v 0.056020 0.227466 0.011500
v 0.055971 0.002987 -0.011500
v 0.056058 0.002575 -0.011239
v 0.056025 0.002575 -0.011500
v 0.056044 0.002575 0.011298
v 0.055971 0.002987 0.011500
v 0.056020 0.002575 0.011500
v 0.128725 0.227466 -0.011238
v 0.128695 0.227054 -0.011500
v 0.128713 0.227466 -0.011500
v 0.128695 0.227054 0.011500
v 0.128720 0.227466 0.011298
v 0.128712 0.227466 0.011500
v 0.128695 0.002987 -0.011500
v 0.128725 0.002575 -0.011238
v 0.128713 0.002575 -0.011500
v 0.128720 0.002575 0.011298
v 0.128695 0.002987 0.011500
v 0.128712 0.002575 0.011500
v 0.164827 0.199355 0.011500
v 0.165025 0.199355 0.011297
v 0.165058 0.199355 0.011500
v 0.165016 0.199355 -0.011237
v 0.164827 0.199355 -0.011500
v 0.165058 0.199355 -0.011500
v 0.165016 0.030687 -0.011237
v 0.164827 0.030687 -0.011500
v 0.165058 0.030687 -0.011500
v 0.164827 0.030687 0.011500
v 0.165025 0.030687 0.011297
v 0.165058 0.030687 0.011500
v 0.165016 0.086909 -0.011237
v 0.164827 0.086909 -0.011500
v 0.165058 0.086909 -0.011500
v 0.164827 0.086909 0.011500
v 0.165025 0.086909 0.011297
v 0.165058 0.086909 0.011500
v 0.164827 0.143132 0.011500
v 0.165025 0.143132 0.011297
v 0.165058 0.143132 0.011500
v 0.165016 0.143132 -0.011237
v 0.164827 0.143132 -0.011500
v 0.165058 0.143132 -0.011500
v 0.165018 0.224627 0.011297
v 0.165058 0.224627 0.011500
v 0.164827 0.224627 0.011500
v 0.164827 0.224627 -0.011500
v 0.165058 0.224627 -0.011500
v 0.165007 0.224627 -0.011237
v 0.128695 0.224627 -0.011500
v 0.164930 0.224627 -0.010486
v 0.164930 0.224627 0.010486
v 0.128695 0.224627 0.011500
v 0.020375 0.224627 -0.011500
v 0.019820 0.224627 -0.011351
v 0.055971 0.224627 -0.011500
v 0.019361 0.224627 -0.010486
v 0.019361 0.224627 0.010486
v 0.019510 0.224627 -0.011041
v 0.020375 0.224627 0.011500
v 0.019820 0.224627 0.011351
v 0.055971 0.224627 0.011500
v 0.019510 0.224627 0.011041
v 0.092333 0.224627 -0.011500
v 0.092333 0.224627 0.011500
v 0.164812 0.006231 -0.011500
v 0.165024 0.006231 -0.011500
v 0.164988 0.006231 -0.011237
v 0.164992 0.006231 0.011297
v 0.165018 0.006231 0.011500
v 0.164810 0.006231 0.011500
v 0.164925 0.006231 -0.010486
v 0.128695 0.006231 -0.011500
v 0.164923 0.006231 0.010486
v 0.128695 0.006231 0.011500
v 0.020375 0.006231 -0.011500
v 0.055971 0.006231 -0.011500
v 0.019820 0.006231 -0.011351
v 0.019510 0.006231 -0.011041
v 0.019361 0.006231 -0.010486
v 0.019361 0.006231 0.010486
v 0.020375 0.006231 0.011500
v 0.019820 0.006231 0.011351
v 0.055971 0.006231 0.011500
v 0.019510 0.006231 0.011041
v 0.092333 0.006231 -0.011500
v 0.092333 0.006231 0.011500
v 0.162131 0.227054 -0.011500
v 0.162133 0.227466 -0.011500
v 0.162083 0.227466 -0.011238
v 0.162093 0.227466 0.011297
v 0.162133 0.227466 0.011500
v 0.162131 0.227054 0.011500
v 0.162083 0.002575 -0.011238
v 0.162133 0.002575 -0.011500
v 0.162131 0.002987 -0.011500
v 0.162131 0.002987 0.011500
v 0.162133 0.002575 0.011500
v 0.162093 0.002575 0.011297
v 0.162010 0.002575 -0.010486
v 0.162131 0.030687 -0.011500
v 0.162009 0.002575 0.010486
v 0.162131 0.030687 0.011500
v 0.162131 0.199355 -0.011500
v 0.162010 0.227466 -0.010486
v 0.162009 0.227466 0.010486
v 0.162131 0.199355 0.011500
v 0.162131 0.143132 0.011500
v 0.162131 0.115021 0.011500
v 0.162131 0.086909 0.011500
v 0.162131 0.143132 -0.011500
v 0.162131 0.115021 -0.011500
v 0.162131 0.086909 -0.011500
v 0.162131 0.058798 -0.011500
v 0.162131 0.058798 0.011500
v 0.162131 0.171243 0.011500
v 0.162131 0.171243 -0.011500
v 0.162131 0.224627 -0.011500
v 0.162131 0.224627 0.011500
v 0.162131 0.006231 -0.011500
v 0.162131 0.006231 0.011500
v 0.020180 0.002575 -0.000000
v 0.020180 0.227466 0.000000
v 0.020709 0.227466 0.000000
v 0.164379 0.115021 -0.000001
v 0.020709 0.002575 0.000000
v 0.019361 0.115021 -0.000000
v 0.164379 0.058798 -0.000001
v 0.019361 0.058798 -0.000000
v 0.019361 0.171243 -0.000000
v 0.164379 0.171243 -0.000001
v 0.092500 0.002575 -0.000000
v 0.092500 0.227466 0.000000
v 0.056221 0.227466 0.000000
v 0.056221 0.002575 0.000000
v 0.128779 0.002575 -0.000000
v 0.128779 0.227466 0.000000
v 0.019361 0.199355 0.000000
v 0.164379 0.199355 -0.000001
v 0.164379 0.030687 -0.000001
v 0.019361 0.030687 -0.000000
v 0.019361 0.086909 -0.000000
v 0.164379 0.086909 -0.000001
v 0.164379 0.143132 -0.000001
v 0.019361 0.143132 -0.000000
v 0.164149 0.227466 -0.000001
v 0.164379 0.227466 -0.000001
v 0.164379 0.227054 -0.000001
v 0.019789 0.227466 0.000000
v 0.019368 0.227466 0.000000
v 0.019361 0.227054 0.000000
v 0.164379 0.002987 -0.000001
v 0.164379 0.002575 -0.000001
v 0.164149 0.002575 -0.000001
v 0.019361 0.002987 -0.000000
v 0.019368 0.002575 -0.000000
v 0.019789 0.002575 -0.000000
v 0.019361 0.224627 0.000000
v 0.164379 0.224627 -0.000001
v 0.019361 0.006231 -0.000000
v 0.164379 0.006231 -0.000001
v 0.161459 0.002575 -0.000001
v 0.161459 0.227466 -0.000001
v 0.164674 0.115021 -0.007873
v 0.019361 0.115021 -0.007865
v 0.164674 0.058798 -0.007873
v 0.019361 0.058798 -0.007865
v 0.019361 0.171243 -0.007865
v 0.164674 0.171243 -0.007873
v 0.092506 0.002575 -0.007865
v 0.056230 0.002575 -0.007865
v 0.128782 0.002575 -0.007865
v 0.019361 0.199355 -0.007865
v 0.164674 0.199355 -0.007873
v 0.164674 0.030687 -0.007873
v 0.019361 0.030687 -0.007865
v 0.019361 0.086909 -0.007865
v 0.164674 0.086909 -0.007873
v 0.164674 0.143132 -0.007873
v 0.019361 0.143132 -0.007865
v 0.164442 0.227466 -0.007873
v 0.019368 0.227466 -0.007885
v 0.019361 0.227054 -0.007865
v 0.164670 0.002987 -0.007873
v 0.019368 0.002575 -0.007885
v 0.019789 0.002575 -0.007865
v 0.019361 0.224627 -0.007865
v 0.164672 0.224627 -0.007873
v 0.019361 0.006231 -0.007865
v 0.164670 0.006231 -0.007873
v 0.161751 0.002575 -0.007873
v 0.020171 0.002575 -0.007865
v 0.020171 0.227466 -0.007865
v 0.020720 0.227466 -0.007865
v 0.020720 0.002575 -0.007865
v 0.092506 0.227466 -0.007865
v 0.056230 0.227466 -0.007865
v 0.128782 0.227466 -0.007865
v 0.164674 0.227466 -0.007873
v 0.164672 0.227054 -0.007873
v 0.019789 0.227466 -0.007865
v 0.164672 0.002575 -0.007873
v 0.164442 0.002575 -0.007873
v 0.019361 0.002987 -0.007865
v 0.161751 0.227466 -0.007873
v 0.020188 0.002575 0.007865
v 0.020188 0.227466 0.007865
v 0.020697 0.227466 0.007865
v 0.020697 0.002575 0.007865
v 0.092494 0.227466 0.007865
v 0.056213 0.227466 0.007865
v 0.128776 0.227466 0.007865
v 0.164697 0.227466 0.007871
v 0.164695 0.227054 0.007871
v 0.019789 0.227466 0.007865
v 0.164695 0.002575 0.007871
v 0.164464 0.002575 0.007871
v 0.019361 0.002987 0.007865
v 0.161774 0.227466 0.007871
v 0.164698 0.115021 0.007871
v 0.019361 0.115021 0.007865
v 0.164698 0.058798 0.007871
v 0.019361 0.058798 0.007865
v 0.019361 0.171243 0.007865
v 0.164698 0.171243 0.007871
v 0.092494 0.002575 0.007865
v 0.056213 0.002575 0.007865
v 0.128776 0.002575 0.007865
v 0.019361 0.199355 0.007865
v 0.164698 0.199355 0.007871
v 0.164698 0.030687 0.007871
v 0.019361 0.030687 0.007865
v 0.019361 0.086909 0.007865
v 0.164698 0.086909 0.007871
v 0.164698 0.143132 0.007871
v 0.019361 0.143132 0.007865
v 0.164465 0.227466 0.007871
v 0.019368 0.227466 0.007885
v 0.019361 0.227054 0.007865
v 0.164692 0.002987 0.007870
v 0.019368 0.002575 0.007885
v 0.019789 0.002575 0.007865
v 0.019361 0.224627 0.007865
v 0.164695 0.224627 0.007871
v 0.019361 0.006231 0.007865
v 0.164692 0.006231 0.007870
v 0.161774 0.002575 0.007871
v 0.022899 0.115021 0.011500
v 0.022899 0.058798 0.011500
v 0.022899 0.171243 0.011500
v 0.023242 0.002575 -0.010486
v 0.023242 0.227466 -0.010486
v 0.023212 0.002575 0.010486
v 0.023212 0.227466 0.010486
v 0.022899 0.115021 -0.011500
v 0.022899 0.058798 -0.011500
v 0.022899 0.171243 -0.011500
v 0.022899 0.199355 -0.011500
v 0.022899 0.199355 0.011500
v 0.022899 0.030687 -0.011500
v 0.022899 0.030687 0.011500
v 0.022899 0.086909 0.011500
v 0.022899 0.086909 -0.011500
v 0.022899 0.143132 0.011500
v 0.022899 0.143132 -0.011500
v 0.022899 0.227054 -0.011500
v 0.022943 0.227466 -0.011502
v 0.023003 0.227466 -0.011240
v 0.022981 0.227466 0.011299
v 0.022937 0.227466 0.011501
v 0.022899 0.227054 0.011500
v 0.023003 0.002575 -0.011240
v 0.022943 0.002575 -0.011502
v 0.022899 0.002987 -0.011500
v 0.022899 0.002987 0.011500
v 0.022937 0.002575 0.011501
v 0.022981 0.002575 0.011299
v 0.022899 0.224627 0.011500
v 0.022899 0.224627 -0.011500
v 0.022899 0.006231 0.011500
v 0.022899 0.006231 -0.011500
v 0.023227 0.002575 0.000000
v 0.039349 0.171243 -0.011500
v 0.023238 0.227466 -0.007976
v 0.023238 0.002575 -0.007865
v 0.023216 0.002575 0.007865
v 0.023216 0.227466 0.007520
v 0.020174 0.002575 -0.005243
v 0.020174 0.227466 -0.005243
v 0.020716 0.227466 -0.005243
v 0.020716 0.002575 -0.005243
v 0.092504 0.227466 -0.005243
v 0.056227 0.227466 -0.005243
v 0.128781 0.227466 -0.005243
v 0.164529 0.227466 -0.005251
v 0.164529 0.227054 -0.005251
v 0.019789 0.227466 -0.005243
v 0.164529 0.002575 -0.005251
v 0.164299 0.002575 -0.005251
v 0.019361 0.002987 -0.005243
v 0.161608 0.227466 -0.005251
v 0.164529 0.115021 -0.005251
v 0.019361 0.115021 -0.005243
v 0.164529 0.058798 -0.005251
v 0.019361 0.058798 -0.005243
v 0.019361 0.171243 -0.005243
v 0.164529 0.171243 -0.005251
v 0.092504 0.002575 -0.005243
v 0.056227 0.002575 -0.005243
v 0.128781 0.002575 -0.005243
v 0.019361 0.199355 -0.005243
v 0.164529 0.199355 -0.005251
v 0.164529 0.030687 -0.005251
v 0.019361 0.030687 -0.005243
v 0.019361 0.086909 -0.005243
v 0.164529 0.086909 -0.005251
v 0.164529 0.143132 -0.005251
v 0.019361 0.143132 -0.005243
v 0.164299 0.227466 -0.005251
v 0.019368 0.227466 -0.005257
v 0.019361 0.227054 -0.005243
v 0.164528 0.002987 -0.005251
v 0.019368 0.002575 -0.005257
v 0.019789 0.002575 -0.005243
v 0.019361 0.224627 -0.005243
v 0.164529 0.224627 -0.005251
v 0.019361 0.006231 -0.005243
v 0.164528 0.006231 -0.005251
v 0.161608 0.002575 -0.005251
v 0.023232 0.227466 -0.003988
v 0.023234 0.002575 -0.005243
v 0.164540 0.115021 0.005250
v 0.019361 0.115021 0.005243
v 0.164540 0.058798 0.005250
v 0.019361 0.058798 0.005243
v 0.019361 0.171243 0.005243
v 0.164540 0.171243 0.005250
v 0.092496 0.002575 0.005243
v 0.056216 0.002575 0.005243
v 0.128777 0.002575 0.005243
v 0.019361 0.199355 0.005243
v 0.164540 0.199355 0.005250
v 0.164540 0.030687 0.005250
v 0.019361 0.030687 0.005243
v 0.019361 0.086909 0.005243
v 0.164540 0.086909 0.005250
v 0.164540 0.143132 0.005250
v 0.019361 0.143132 0.005243
v 0.164310 0.227466 0.005249
v 0.019368 0.227466 0.005257
v 0.019361 0.227054 0.005243
v 0.164540 0.002987 0.005249
v 0.019368 0.002575 0.005257
v 0.019789 0.002575 0.005243
v 0.019361 0.224627 0.005243
v 0.164540 0.224627 0.005249
v 0.019361 0.006231 0.005243
v 0.164540 0.006231 0.005249
v 0.161620 0.002575 0.005249
v 0.020185 0.002575 0.005243
v 0.020185 0.227466 0.005243
v 0.020701 0.227466 0.005243
v 0.020701 0.002575 0.005243
v 0.092496 0.227466 0.005243
v 0.056216 0.227466 0.005243
v 0.128777 0.227466 0.005243
v 0.164541 0.227466 0.005249
v 0.164540 0.227054 0.005249
v 0.019789 0.227466 0.005243
v 0.164540 0.002575 0.005249
v 0.164310 0.002575 0.005249
v 0.019361 0.002987 0.005243
v 0.161620 0.227466 0.005249
v 0.023222 0.227466 0.003760
v 0.023219 0.002575 0.005243
v 0.038963 0.002575 -0.010486
v 0.038963 0.227466 -0.010486
v 0.038936 0.002575 0.010486
v 0.038936 0.227466 0.010486
v 0.038644 0.115021 -0.011500
v 0.038644 0.058798 -0.011500
v 0.038644 0.171243 -0.011500
v 0.038644 0.199355 -0.011500
v 0.038644 0.030687 -0.011500
v 0.038644 0.086909 -0.011500
v 0.038644 0.143132 -0.011500
v 0.038644 0.227054 -0.011500
v 0.038723 0.227466 0.011298
v 0.038743 0.002575 -0.011239
v 0.038644 0.002987 0.011500
v 0.038644 0.224627 -0.011500
v 0.038644 0.006231 -0.011500
v 0.038950 0.002575 0.000000
v 0.038960 0.002575 -0.007865
v 0.038939 0.002575 0.007865
v 0.038644 0.115021 0.011500
v 0.038644 0.058798 0.011500
v 0.038644 0.171243 0.011500
v 0.038644 0.199355 0.011500
v 0.038644 0.030687 0.011500
v 0.038644 0.086909 0.011500
v 0.038644 0.143132 0.011500
v 0.038690 0.227466 -0.011501
v 0.038743 0.227466 -0.011239
v 0.038685 0.227466 0.011501
v 0.038644 0.227054 0.011500
v 0.038690 0.002575 -0.011501
v 0.038644 0.002987 -0.011500
v 0.038685 0.002575 0.011501
v 0.038723 0.002575 0.011298
v 0.038644 0.224627 0.011500
v 0.038644 0.006231 0.011500
v 0.039349 0.171243 0.011500
v 0.038960 0.227466 -0.007976
v 0.038940 0.227466 0.007520
v 0.038955 0.227466 -0.003988
v 0.038957 0.002575 -0.005243
v 0.038945 0.227466 0.003760
v 0.038943 0.002575 0.005243
v 0.022183 0.115021 0.011500
v 0.022183 0.058798 0.011500
v 0.022183 0.171243 0.011500
v 0.022183 0.199355 0.011500
v 0.022183 0.030687 0.011500
v 0.022183 0.086909 0.011500
v 0.022183 0.143132 0.011500
v 0.022226 0.227466 -0.011502
v 0.022287 0.227466 -0.011240
v 0.022220 0.227466 0.011501
v 0.022183 0.227054 0.011500
v 0.022226 0.002575 -0.011502
v 0.022183 0.002987 -0.011500
v 0.022220 0.002575 0.011501
v 0.022265 0.002575 0.011299
v 0.022183 0.224627 0.011500
v 0.022183 0.006231 0.011500
v 0.022512 0.227466 0.000000
v 0.022523 0.227466 -0.007976
v 0.022502 0.227466 0.007520
v 0.022527 0.002575 -0.010486
v 0.022527 0.227466 -0.010486
v 0.022497 0.002575 0.010486
v 0.022497 0.227466 0.010486
v 0.022183 0.115021 -0.011500
v 0.022183 0.058798 -0.011500
v 0.022183 0.171243 -0.011500
v 0.022183 0.199355 -0.011500
v 0.022183 0.030687 -0.011500
v 0.022183 0.086909 -0.011500
v 0.022183 0.143132 -0.011500
v 0.022183 0.227054 -0.011500
v 0.022265 0.227466 0.011299
v 0.022287 0.002575 -0.011240
v 0.022183 0.002987 0.011500
v 0.022183 0.224627 -0.011500
v 0.022183 0.006231 -0.011500
v 0.022512 0.002575 0.000000
v 0.022523 0.002575 -0.007865
v 0.022501 0.002575 0.007865
v 0.022520 0.002575 -0.005243
v 0.022518 0.227466 -0.003988
v 0.022505 0.002575 0.005243
v 0.022507 0.227466 0.003760
v 0.023227 0.227466 -0.000604
v 0.023226 0.227466 0.001226
v 0.039374 0.227466 -0.011501
v 0.038949 0.227466 0.001226
v 0.038950 0.227466 -0.000604
v 0.039517 0.227466 0.000000
v 0.039392 0.227466 0.011298
v 0.039509 0.002575 0.010486
v 0.039520 0.002575 -0.005243
v 0.039522 0.002575 -0.007865
v 0.039522 0.227466 -0.007976
v 0.039403 0.227466 -0.011239
v 0.039371 0.002575 0.011501
v 0.039349 0.199355 0.011500
v 0.039349 0.002987 0.011500
v 0.039349 0.224627 -0.011500
v 0.039511 0.227466 0.007520
v 0.039392 0.002575 0.011298
v 0.039509 0.227466 0.010486
v 0.039371 0.227466 0.011501
v 0.039349 0.030687 0.011500
v 0.039517 0.002575 0.000000
v 0.039513 0.002575 0.005243
v 0.039511 0.002575 0.007865
v 0.039349 0.227054 -0.011500
v 0.039349 0.224627 0.011500
v 0.039349 0.115021 -0.011500
v 0.039349 0.227054 0.011500
v 0.039349 0.086909 0.011500
v 0.039349 0.086909 -0.011500
v 0.039349 0.115021 0.011500
v 0.039349 0.143132 -0.011500
v 0.039519 0.227466 -0.003988
v 0.039403 0.002575 -0.011239
v 0.039349 0.058798 -0.011500
v 0.039524 0.002575 -0.010486
v 0.039374 0.002575 -0.011501
v 0.039349 0.006231 0.011500
v 0.039349 0.143132 0.011500
v 0.039349 0.030687 -0.011500
v 0.039349 0.058798 0.011500
v 0.039514 0.227466 0.003760
v 0.039349 0.199355 -0.011500
v 0.039524 0.227466 -0.010486
v 0.039349 0.006231 -0.011500
v 0.039349 0.002987 -0.011500
v 0.022660 0.213425 0.000000
v 0.022512 0.213496 0.000000
v 0.022569 0.213425 -0.000000
v 0.023227 0.213496 -0.000604
v 0.023246 0.213425 -0.000531
v 0.023228 0.213425 -0.000601
v 0.023245 0.213425 0.001154
v 0.023226 0.213496 0.001226
v 0.023227 0.213425 0.001224
v 0.038949 0.213496 0.001226
v 0.038926 0.213425 0.001154
v 0.038948 0.213425 0.001223
v 0.038927 0.213425 -0.000531
v 0.038950 0.213496 -0.000604
v 0.038949 0.213425 -0.000600
v 0.039517 0.213496 0.000000
v 0.039392 0.213425 0.000000
v 0.039475 0.213425 0.000000
v 0.023226 0.216290 0.001226
v 0.023226 0.219084 0.001226
v 0.023226 0.221878 0.001226
v 0.023226 0.224672 0.001226
v 0.022512 0.224672 0.000000
v 0.022512 0.221878 0.000000
v 0.022512 0.219084 0.000000
v 0.022512 0.216290 0.000000
v 0.023227 0.224672 -0.000604
v 0.023227 0.221878 -0.000604
v 0.023227 0.219084 -0.000604
v 0.023227 0.216290 -0.000604
v 0.038950 0.224672 -0.000604
v 0.038950 0.221878 -0.000604
v 0.038950 0.219084 -0.000604
v 0.038950 0.216290 -0.000604
v 0.038949 0.216290 0.001226
v 0.038949 0.219084 0.001226
v 0.038949 0.221878 0.001226
v 0.038949 0.224672 0.001226
v 0.039517 0.216290 0.000000
v 0.039517 0.219084 0.000000
v 0.039517 0.221878 0.000000
v 0.039517 0.224672 0.000000
v 0.023226 0.227382 0.001226
v 0.038949 0.227382 0.001226
v 0.039517 0.227382 0.000000
v 0.022512 0.227382 0.000000
v 0.023227 0.227382 -0.000604
v 0.038950 0.227382 -0.000604
v 0.164459 0.115021 0.002625
v 0.019361 0.115021 0.002622
v 0.164459 0.058798 0.002625
v 0.019361 0.058798 0.002622
v 0.019361 0.171243 0.002622
v 0.164459 0.171243 0.002625
v 0.092498 0.002575 0.002622
v 0.056218 0.002575 0.002622
v 0.128778 0.002575 0.002622
v 0.019361 0.199355 0.002622
v 0.164459 0.199355 0.002625
v 0.164459 0.030687 0.002625
v 0.019361 0.030687 0.002622
v 0.019361 0.086909 0.002622
v 0.164459 0.086909 0.002625
v 0.164459 0.143132 0.002625
v 0.019361 0.143132 0.002622
v 0.164229 0.227466 0.002624
v 0.019368 0.227466 0.002628
v 0.019361 0.227054 0.002622
v 0.164459 0.002987 0.002624
v 0.019368 0.002575 0.002628
v 0.019789 0.002575 0.002622
v 0.019361 0.224627 0.002622
v 0.164459 0.224627 0.002624
v 0.019361 0.006231 0.002622
v 0.164459 0.006231 0.002624
v 0.161538 0.002575 0.002624
v 0.023223 0.002575 0.002622
v 0.020182 0.002575 0.002622
v 0.020182 0.227466 0.002622
v 0.020705 0.227466 0.002622
v 0.020705 0.002575 0.002622
v 0.092498 0.227466 0.002622
v 0.056218 0.227466 0.002622
v 0.128778 0.227466 0.002622
v 0.164459 0.227466 0.002624
v 0.164459 0.227054 0.002624
v 0.019789 0.227466 0.002622
v 0.164459 0.002575 0.002624
v 0.164229 0.002575 0.002624
v 0.019361 0.002987 0.002622
v 0.161538 0.227466 0.002624
v 0.038946 0.002575 0.002622
v 0.022512 0.227466 0.000229
v 0.022508 0.002575 0.002622
v 0.023226 0.227466 0.001431
v 0.038949 0.227466 0.001431
v 0.039515 0.002575 0.002622
v 0.039517 0.227466 0.000439
v 0.020177 0.002575 -0.002622
v 0.020177 0.227466 -0.002622
v 0.020712 0.227466 -0.002622
v 0.020712 0.002575 -0.002622
v 0.092502 0.227466 -0.002622
v 0.056224 0.227466 -0.002622
v 0.128780 0.227466 -0.002622
v 0.164457 0.227466 -0.002626
v 0.164457 0.227054 -0.002625
v 0.019789 0.227466 -0.002622
v 0.164457 0.002575 -0.002625
v 0.164227 0.002575 -0.002625
v 0.019361 0.002987 -0.002622
v 0.161537 0.227466 -0.002626
v 0.164457 0.115021 -0.002626
v 0.019361 0.115021 -0.002622
v 0.164457 0.058798 -0.002626
v 0.019361 0.058798 -0.002622
v 0.019361 0.171243 -0.002622
v 0.164457 0.171243 -0.002626
v 0.092502 0.002575 -0.002622
v 0.056224 0.002575 -0.002622
v 0.128780 0.002575 -0.002622
v 0.019361 0.199355 -0.002622
v 0.164457 0.199355 -0.002626
v 0.164457 0.030687 -0.002626
v 0.019361 0.030687 -0.002622
v 0.019361 0.086909 -0.002622
v 0.164457 0.086909 -0.002626
v 0.164457 0.143132 -0.002626
v 0.019361 0.143132 -0.002622
v 0.164227 0.227466 -0.002626
v 0.019368 0.227466 -0.002628
v 0.019361 0.227054 -0.002622
v 0.164457 0.002987 -0.002625
v 0.019368 0.002575 -0.002628
v 0.019789 0.002575 -0.002622
v 0.019361 0.224627 -0.002622
v 0.164457 0.224627 -0.002625
v 0.019361 0.006231 -0.002622
v 0.164457 0.006231 -0.002625
v 0.161537 0.002575 -0.002626
v 0.023230 0.002575 -0.002622
v 0.038953 0.002575 -0.002622
v 0.022516 0.002575 -0.002622
v 0.022512 0.227466 -0.000202
v 0.023228 0.227466 -0.000786
v 0.038950 0.227466 -0.000786
v 0.039518 0.002575 -0.002622
v 0.039518 0.227466 -0.000407
v 0.039893 0.002575 -0.010486
v 0.039893 0.227466 -0.010486
v 0.039878 0.002575 0.010486
v 0.039878 0.227466 0.010486
v 0.039716 0.115021 -0.011500
v 0.039716 0.058798 -0.011500
v 0.039716 0.171243 -0.011500
v 0.039716 0.199355 -0.011500
v 0.039716 0.030687 -0.011500
v 0.039716 0.086909 -0.011500
v 0.039716 0.143132 -0.011500
v 0.039716 0.227054 -0.011500
v 0.039760 0.227466 0.011298
v 0.039772 0.002575 -0.011239
v 0.039716 0.002987 0.011500
v 0.039716 0.224627 -0.011500
v 0.039716 0.006231 -0.011500
v 0.039885 0.002575 0.000000
v 0.039891 0.002575 -0.007865
v 0.039880 0.002575 0.007865
v 0.039739 0.002575 0.011501
v 0.039772 0.227466 -0.011239
v 0.039889 0.002575 -0.005243
v 0.039891 0.227466 -0.007976
v 0.039882 0.002575 0.005243
v 0.039716 0.171243 0.011500
v 0.039742 0.227466 -0.011501
v 0.039716 0.199355 0.011500
v 0.039880 0.227466 0.007520
v 0.039760 0.002575 0.011298
v 0.039739 0.227466 0.011501
v 0.039716 0.030687 0.011500
v 0.039716 0.224627 0.011500
v 0.039716 0.227054 0.011500
v 0.039716 0.086909 0.011500
v 0.039716 0.115021 0.011500
v 0.039888 0.227466 -0.003988
v 0.039742 0.002575 -0.011501
v 0.039716 0.006231 0.011500
v 0.039716 0.143132 0.011500
v 0.039716 0.058798 0.011500
v 0.039883 0.227466 0.003760
v 0.039716 0.002987 -0.011500
v 0.039886 0.227466 0.000000
v 0.039884 0.002575 0.002622
v 0.039886 0.227466 0.000229
v 0.039886 0.227466 -0.000202
v 0.039887 0.002575 -0.002622
v 0.021890 0.115021 0.011500
v 0.021890 0.058798 0.011500
v 0.021890 0.171243 0.011500
v 0.021890 0.199355 0.011500
v 0.021890 0.030687 0.011500
v 0.021890 0.086909 0.011500
v 0.021890 0.143132 0.011500
v 0.021933 0.227466 -0.011502
v 0.021995 0.227466 -0.011240
v 0.021928 0.227466 0.011501
v 0.021890 0.227054 0.011500
v 0.021933 0.002575 -0.011502
v 0.021890 0.002987 -0.011500
v 0.021928 0.002575 0.011501
v 0.021972 0.002575 0.011299
v 0.021890 0.224627 0.011500
v 0.021890 0.006231 0.011500
v 0.022220 0.227466 0.000000
v 0.022231 0.227466 -0.007976
v 0.022209 0.227466 0.007520
v 0.022226 0.227466 -0.003988
v 0.022215 0.227466 0.003760
v 0.022235 0.002575 -0.010486
v 0.022235 0.227466 -0.010486
v 0.022205 0.002575 0.010486
v 0.022205 0.227466 0.010486
v 0.021890 0.115021 -0.011500
v 0.021890 0.058798 -0.011500
v 0.021890 0.171243 -0.011500
v 0.021890 0.199355 -0.011500
v 0.021890 0.030687 -0.011500
v 0.021890 0.086909 -0.011500
v 0.021890 0.143132 -0.011500
v 0.021890 0.227054 -0.011500
v 0.021972 0.227466 0.011299
v 0.021995 0.002575 -0.011240
v 0.021890 0.002987 0.011500
v 0.021890 0.224627 -0.011500
v 0.021890 0.006231 -0.011500
v 0.022220 0.002575 0.000000
v 0.022231 0.002575 -0.007865
v 0.022209 0.002575 0.007865
v 0.022228 0.002575 -0.005243
v 0.022213 0.002575 0.005243
v 0.022216 0.002575 0.002622
v 0.022220 0.227466 0.000229
v 0.022220 0.227466 -0.000202
v 0.022224 0.002575 -0.002622
v 0.040323 0.002575 -0.010486
v 0.040323 0.227466 -0.010486
v 0.040307 0.002575 0.010486
v 0.040307 0.227466 0.010486
v 0.040141 0.115021 -0.011500
v 0.040141 0.058798 -0.011500
v 0.040141 0.171243 -0.011500
v 0.040141 0.199355 -0.011500
v 0.040141 0.030687 -0.011500
v 0.040141 0.086909 -0.011500
v 0.040141 0.143132 -0.011500
v 0.040141 0.227054 -0.011500
v 0.040187 0.227466 0.011298
v 0.040198 0.002575 -0.011239
v 0.040141 0.002987 0.011500
v 0.040141 0.224627 -0.011500
v 0.040141 0.006231 -0.011500
v 0.040315 0.002575 0.000000
v 0.040321 0.002575 -0.007865
v 0.040309 0.002575 0.007865
v 0.040319 0.002575 -0.005243
v 0.040311 0.002575 0.005243
v 0.040316 0.227466 0.000000
v 0.040313 0.002575 0.002622
v 0.040316 0.227466 0.000229
v 0.040316 0.227466 -0.000202
v 0.040317 0.002575 -0.002622
v 0.040165 0.002575 0.011501
v 0.040198 0.227466 -0.011239
v 0.040321 0.227466 -0.007976
v 0.040141 0.171243 0.011500
v 0.040168 0.227466 -0.011501
v 0.040141 0.199355 0.011500
v 0.040309 0.227466 0.007520
v 0.040187 0.002575 0.011298
v 0.040165 0.227466 0.011501
v 0.040141 0.030687 0.011500
v 0.040141 0.224627 0.011500
v 0.040141 0.227054 0.011500
v 0.040141 0.086909 0.011500
v 0.040141 0.115021 0.011500
v 0.040318 0.227466 -0.003988
v 0.040168 0.002575 -0.011501
v 0.040141 0.006231 0.011500
v 0.040141 0.143132 0.011500
v 0.040141 0.058798 0.011500
v 0.040312 0.227466 0.003760
v 0.040141 0.002987 -0.011500
v 0.041065 0.002575 -0.010486
v 0.041065 0.227466 -0.010486
v 0.041049 0.002575 0.010486
v 0.041049 0.227466 0.010486
v 0.040880 0.115021 -0.011500
v 0.040880 0.058798 -0.011500
v 0.040880 0.171243 -0.011500
v 0.040880 0.199355 -0.011500
v 0.040880 0.030687 -0.011500
v 0.040880 0.086909 -0.011500
v 0.040880 0.143132 -0.011500
v 0.040880 0.227054 -0.011500
v 0.040927 0.227466 0.011298
v 0.040938 0.002575 -0.011239
v 0.040880 0.002987 0.011500
v 0.040880 0.224627 -0.011500
v 0.040880 0.006231 -0.011500
v 0.041057 0.002575 0.000000
v 0.041063 0.002575 -0.007865
v 0.041051 0.002575 0.007865
v 0.041061 0.002575 -0.005243
v 0.041053 0.002575 0.005243
v 0.041058 0.227466 0.000000
v 0.041055 0.002575 0.002622
v 0.041055 0.227466 0.002622
v 0.041059 0.227466 -0.002622
v 0.041059 0.002575 -0.002622
v 0.040906 0.002575 0.011501
v 0.040938 0.227466 -0.011239
v 0.041063 0.227466 -0.007865
v 0.040880 0.171243 0.011500
v 0.040909 0.227466 -0.011501
v 0.040880 0.199355 0.011500
v 0.041051 0.227466 0.007865
v 0.040927 0.002575 0.011298
v 0.040906 0.227466 0.011501
v 0.040880 0.030687 0.011500
v 0.040880 0.224627 0.011500
v 0.040880 0.227054 0.011500
v 0.040880 0.086909 0.011500
v 0.040880 0.115021 0.011500
v 0.041061 0.227466 -0.005243
v 0.040909 0.002575 -0.011501
v 0.040880 0.006231 0.011500
v 0.040880 0.143132 0.011500
v 0.040880 0.058798 0.011500
v 0.041053 0.227466 0.005243
v 0.040880 0.002987 -0.011500
vt 0.256373 0.005686
vt 0.253998 0.005686
vt 0.253998 0.005156
vt 0.256373 0.005156
vt 0.231419 0.005686
vt 0.231329 0.005686
vt 0.231329 0.005156
vt 0.231419 0.005156
vt 0.232229 0.005686
vt 0.231966 0.005686
vt 0.231966 0.005156
vt 0.232229 0.005156
vt 0.253998 0.369983
vt 0.253998 0.370892
vt 0.252502 0.370892
vt 0.252502 0.369983
vt 0.785747 0.739453
vt 0.785747 0.740374
vt 0.784637 0.740374
vt 0.784637 0.739453
vt 0.783122 0.740374
vt 0.783122 0.739453
vt 0.240690 0.369987
vt 0.242186 0.369987
vt 0.242186 0.370897
vt 0.240690 0.370897
vt 0.747412 0.739453
vt 0.748927 0.739453
vt 0.748927 0.740374
vt 0.747412 0.740374
vt 0.746303 0.739453
vt 0.746303 0.740374
vt 0.238305 0.005686
vt 0.238305 0.005156
vt 0.240690 0.005156
vt 0.240690 0.005686
vt 0.262458 0.005686
vt 0.262458 0.005156
vt 0.262722 0.005156
vt 0.262722 0.005686
vt 0.263276 0.005686
vt 0.263276 0.005156
vt 0.263359 0.005156
vt 0.263359 0.005686
vt 0.263622 0.005156
vt 0.263622 0.005686
vt 0.231065 0.005686
vt 0.231065 0.005156
vt 0.230556 0.005686
vt 0.230556 0.005156
vt 0.264000 0.005686
vt 0.264000 0.005156
vt 0.751323 0.370556
vt 0.748927 0.370556
vt 0.748927 0.370018
vt 0.751323 0.370018
vt 0.238110 0.382912
vt 0.238110 0.382381
vt 0.240426 0.382381
vt 0.240426 0.382912
vt 0.509778 0.005688
vt 0.509778 0.005158
vt 0.509868 0.005158
vt 0.509868 0.005688
vt 0.508968 0.005688
vt 0.508968 0.005158
vt 0.509231 0.005158
vt 0.509231 0.005688
vt 0.240426 0.747128
vt 0.241308 0.747128
vt 0.241308 0.748038
vt 0.240426 0.748038
vt 0.845109 0.743293
vt 0.845605 0.743293
vt 0.845605 0.744209
vt 0.845109 0.744209
vt 0.846493 0.743293
vt 0.846493 0.744209
vt 0.500719 0.369905
vt 0.500719 0.370815
vt 0.499836 0.370815
vt 0.499836 0.369905
vt 0.880938 0.743293
vt 0.880938 0.744209
vt 0.880050 0.744209
vt 0.880050 0.743293
vt 0.881434 0.743293
vt 0.881434 0.744209
vt 0.503044 0.005688
vt 0.500719 0.005688
vt 0.500719 0.005158
vt 0.503044 0.005158
vt 0.232177 0.382912
vt 0.231913 0.382912
vt 0.231914 0.382381
vt 0.232177 0.382381
vt 0.231360 0.382912
vt 0.231277 0.382912
vt 0.231277 0.382381
vt 0.231360 0.382381
vt 0.231013 0.382912
vt 0.231013 0.382381
vt 0.510132 0.005158
vt 0.510131 0.005688
vt 0.510641 0.005688
vt 0.510641 0.005158
vt 0.230636 0.382912
vt 0.230636 0.382381
vt 0.877699 0.376734
vt 0.877699 0.376201
vt 0.880050 0.376201
vt 0.880050 0.376734
vt 0.993533 0.747100
vt 0.993533 0.748010
vt 0.993261 0.748010
vt 0.993261 0.747100
vt 0.994445 0.005682
vt 0.994445 0.005152
vt 0.994717 0.005152
vt 0.994717 0.005682
vt 0.626061 0.793915
vt 0.625073 0.793651
vt 0.625214 0.793407
vt 0.626097 0.793643
vt 0.007336 0.802430
vt 0.008324 0.802165
vt 0.008359 0.802437
vt 0.007477 0.802674
vt 0.624478 0.793055
vt 0.624722 0.792914
vt 0.006740 0.803025
vt 0.006984 0.803166
vt 0.624213 0.792068
vt 0.624485 0.792032
vt 0.006476 0.804013
vt 0.006748 0.804049
vt 0.006740 0.838411
vt 0.006476 0.837424
vt 0.006748 0.837388
vt 0.006984 0.838270
vt 0.007336 0.839007
vt 0.007477 0.838763
vt 0.624213 0.758655
vt 0.624478 0.757667
vt 0.624722 0.757808
vt 0.624485 0.758691
vt 0.016871 0.839244
vt 0.016608 0.839272
vt 0.016608 0.838999
vt 0.016871 0.838999
vt 0.008324 0.839272
vt 0.008359 0.838999
vt 0.625073 0.757071
vt 0.626061 0.756807
vt 0.626097 0.757079
vt 0.625214 0.757316
vt 0.016608 0.802165
vt 0.016871 0.802191
vt 0.016871 0.802437
vt 0.016608 0.802437
vt 0.634609 0.793889
vt 0.634345 0.793915
vt 0.634345 0.793643
vt 0.634609 0.793643
vt 0.017425 0.802191
vt 0.017508 0.802191
vt 0.017508 0.802437
vt 0.017425 0.802437
vt 0.634739 0.793889
vt 0.634739 0.793643
vt 0.017771 0.802165
vt 0.017771 0.802437
vt 0.635509 0.793915
vt 0.635246 0.793889
vt 0.635246 0.793643
vt 0.635509 0.793643
vt 0.860588 0.756807
vt 0.861356 0.756807
vt 0.861356 0.757079
vt 0.860588 0.757079
vt 0.017771 0.839272
vt 0.017508 0.839244
vt 0.017508 0.838999
vt 0.017771 0.838999
vt 0.635156 0.756834
vt 0.635246 0.756834
vt 0.635246 0.757079
vt 0.635155 0.757079
vt 0.018281 0.839272
vt 0.018281 0.838999
vt 0.016961 0.839244
vt 0.016961 0.838999
vt 0.633846 0.756807
vt 0.634345 0.756807
vt 0.634345 0.757079
vt 0.633848 0.757079
vt 0.010659 0.839272
vt 0.010685 0.838999
vt 0.242964 0.802165
vt 0.243606 0.802165
vt 0.243606 0.802437
vt 0.242964 0.802437
vt 0.635887 0.793915
vt 0.635887 0.793643
vt 0.016268 0.802165
vt 0.016270 0.802437
vt 0.628387 0.793915
vt 0.628413 0.793643
vt 0.634609 0.756834
vt 0.634609 0.757079
vt 0.635509 0.756807
vt 0.635509 0.757079
vt 0.624213 0.760996
vt 0.624485 0.761027
vt 0.006476 0.806577
vt 0.006748 0.806607
vt 0.804894 0.793915
vt 0.748433 0.793915
vt 0.748432 0.793643
vt 0.804894 0.793643
vt 0.074230 0.802165
vt 0.130689 0.802165
vt 0.130689 0.802437
vt 0.074230 0.802437
vt 0.061620 0.382911
vt 0.061620 0.382381
vt 0.118085 0.382381
vt 0.118085 0.382911
vt 0.433052 0.005686
vt 0.376576 0.005686
vt 0.376576 0.005156
vt 0.433052 0.005156
vt 0.187147 0.839272
vt 0.130689 0.839272
vt 0.130689 0.838999
vt 0.187147 0.838999
vt 0.691971 0.756807
vt 0.748433 0.756807
vt 0.748432 0.757079
vt 0.691971 0.757079
vt 0.679525 0.005688
vt 0.623061 0.005688
vt 0.623060 0.005158
vt 0.679525 0.005158
vt 0.061633 0.005686
vt 0.061633 0.005156
vt 0.118110 0.005156
vt 0.118111 0.005686
vt 0.061633 0.233744
vt 0.061633 0.188026
vt 0.118111 0.188026
vt 0.118111 0.233744
vt 0.679525 0.233693
vt 0.623061 0.233693
vt 0.623061 0.187986
vt 0.679525 0.187986
vt 0.433052 0.233741
vt 0.376576 0.233741
vt 0.376576 0.188024
vt 0.433052 0.188024
vt 0.061620 0.610917
vt 0.061620 0.565210
vt 0.118085 0.565210
vt 0.118085 0.610917
vt 0.994445 0.233672
vt 0.994445 0.187968
vt 0.994717 0.187968
vt 0.994717 0.233672
vt 0.993533 0.519492
vt 0.993533 0.565196
vt 0.993261 0.565196
vt 0.993261 0.519492
vt 0.877699 0.606206
vt 0.877699 0.560205
vt 0.880050 0.560205
vt 0.880050 0.606206
vt 0.230636 0.610917
vt 0.230636 0.565210
vt 0.231013 0.565210
vt 0.231013 0.610917
vt 0.510641 0.233693
vt 0.510131 0.233693
vt 0.510131 0.187986
vt 0.510641 0.187986
vt 0.509868 0.233693
vt 0.509868 0.187986
vt 0.231277 0.610917
vt 0.231277 0.565210
vt 0.231360 0.610917
vt 0.231360 0.565210
vt 0.232177 0.610917
vt 0.231913 0.610917
vt 0.231913 0.565210
vt 0.232177 0.565210
vt 0.503044 0.233693
vt 0.500719 0.233693
vt 0.500719 0.187986
vt 0.503044 0.187986
vt 0.881434 0.514204
vt 0.881434 0.560205
vt 0.880938 0.560205
vt 0.880938 0.514204
vt 0.880050 0.514204
vt 0.500719 0.142279
vt 0.499836 0.187986
vt 0.499836 0.142279
vt 0.845605 0.514204
vt 0.846493 0.514204
vt 0.846493 0.560205
vt 0.845605 0.560205
vt 0.845109 0.514204
vt 0.845109 0.560205
vt 0.240426 0.519503
vt 0.241308 0.519503
vt 0.241308 0.565210
vt 0.240426 0.565210
vt 0.508968 0.233693
vt 0.508968 0.187986
vt 0.509231 0.187986
vt 0.509231 0.233693
vt 0.509778 0.233693
vt 0.509778 0.187986
vt 0.238110 0.610917
vt 0.238110 0.565210
vt 0.240426 0.610917
vt 0.751323 0.601491
vt 0.748927 0.601491
vt 0.748927 0.555196
vt 0.751323 0.555196
vt 0.264000 0.233741
vt 0.263622 0.233741
vt 0.263622 0.188024
vt 0.264000 0.188024
vt 0.230556 0.233744
vt 0.230556 0.188026
vt 0.231065 0.188026
vt 0.231065 0.233744
vt 0.231329 0.233744
vt 0.231329 0.188026
vt 0.263359 0.233741
vt 0.263359 0.188024
vt 0.263276 0.233741
vt 0.263276 0.188024
vt 0.262458 0.233741
vt 0.262458 0.188024
vt 0.262722 0.188024
vt 0.262722 0.233741
vt 0.238305 0.233744
vt 0.238305 0.188026
vt 0.240690 0.188026
vt 0.240690 0.233744
vt 0.746303 0.508902
vt 0.747412 0.508902
vt 0.747412 0.555196
vt 0.746303 0.555196
vt 0.748927 0.508902
vt 0.240690 0.142309
vt 0.242186 0.142309
vt 0.242186 0.188026
vt 0.784637 0.508902
vt 0.784637 0.555196
vt 0.783122 0.555196
vt 0.783122 0.508902
vt 0.785747 0.508902
vt 0.785747 0.555196
vt 0.253998 0.142307
vt 0.253998 0.188024
vt 0.252502 0.188024
vt 0.252502 0.142307
vt 0.232229 0.233744
vt 0.231966 0.233744
vt 0.231966 0.188026
vt 0.232229 0.188026
vt 0.231419 0.233744
vt 0.231419 0.188026
vt 0.256373 0.233741
vt 0.253998 0.233741
vt 0.256373 0.188024
vt 0.256373 0.325175
vt 0.253998 0.325175
vt 0.253998 0.279458
vt 0.256373 0.279458
vt 0.231419 0.325179
vt 0.231329 0.325179
vt 0.231329 0.279462
vt 0.231419 0.279462
vt 0.232229 0.325179
vt 0.231966 0.325179
vt 0.231966 0.279462
vt 0.232229 0.279462
vt 0.238305 0.325179
vt 0.238305 0.279462
vt 0.240690 0.279462
vt 0.240690 0.325179
vt 0.262458 0.325175
vt 0.262458 0.279458
vt 0.262722 0.279458
vt 0.262722 0.325175
vt 0.263276 0.325175
vt 0.263276 0.279458
vt 0.263359 0.279458
vt 0.263359 0.325175
vt 0.263622 0.279458
vt 0.263622 0.325175
vt 0.231065 0.325179
vt 0.231065 0.279462
vt 0.230556 0.325179
vt 0.230556 0.279462
vt 0.264000 0.325175
vt 0.264000 0.279458
vt 0.751323 0.694079
vt 0.748927 0.694079
vt 0.748927 0.647785
vt 0.751323 0.647785
vt 0.238110 0.702331
vt 0.238110 0.656624
vt 0.240426 0.656624
vt 0.240426 0.702331
vt 0.509778 0.325108
vt 0.509778 0.279400
vt 0.509868 0.279400
vt 0.509868 0.325108
vt 0.508968 0.325108
vt 0.508968 0.279400
vt 0.509231 0.279400
vt 0.509231 0.325108
vt 0.503044 0.325108
vt 0.500719 0.325108
vt 0.500719 0.279400
vt 0.503044 0.279400
vt 0.232177 0.702331
vt 0.231913 0.702331
vt 0.231913 0.656624
vt 0.232177 0.656624
vt 0.231360 0.702331
vt 0.231277 0.702331
vt 0.231277 0.656624
vt 0.231360 0.656624
vt 0.231013 0.702331
vt 0.231013 0.656624
vt 0.510131 0.279400
vt 0.510131 0.325108
vt 0.510641 0.325108
vt 0.510641 0.279400
vt 0.230636 0.702331
vt 0.230636 0.656624
vt 0.877699 0.698208
vt 0.877699 0.652206
vt 0.880050 0.652206
vt 0.880050 0.698208
vt 0.994445 0.325080
vt 0.994445 0.279376
vt 0.994717 0.279376
vt 0.994717 0.325080
vt 0.061620 0.702331
vt 0.061620 0.656624
vt 0.118085 0.656624
vt 0.118085 0.702331
vt 0.433052 0.325175
vt 0.376576 0.325175
vt 0.376576 0.279458
vt 0.433052 0.279458
vt 0.679525 0.325108
vt 0.623061 0.325108
vt 0.623061 0.279400
vt 0.679525 0.279400
vt 0.061633 0.325179
vt 0.061633 0.279462
vt 0.118111 0.279462
vt 0.118111 0.325179
vt 0.993533 0.610899
vt 0.993533 0.656603
vt 0.993261 0.656603
vt 0.993261 0.610899
vt 0.881434 0.606206
vt 0.881434 0.652207
vt 0.880938 0.652206
vt 0.880938 0.606206
vt 0.499836 0.279400
vt 0.499836 0.233693
vt 0.845605 0.606206
vt 0.846493 0.606206
vt 0.846493 0.652206
vt 0.845605 0.652206
vt 0.845109 0.606206
vt 0.845109 0.652207
vt 0.241308 0.610917
vt 0.241308 0.656624
vt 0.746303 0.601491
vt 0.747412 0.601491
vt 0.747412 0.647785
vt 0.746303 0.647785
vt 0.242186 0.233744
vt 0.242186 0.279462
vt 0.784637 0.601491
vt 0.784637 0.647785
vt 0.783122 0.647785
vt 0.783122 0.601491
vt 0.785747 0.601491
vt 0.785747 0.647785
vt 0.252502 0.279458
vt 0.252502 0.233741
vt 0.253998 0.050873
vt 0.253998 0.096590
vt 0.252502 0.096590
vt 0.252502 0.050873
vt 0.785747 0.416313
vt 0.785747 0.462607
vt 0.784637 0.462607
vt 0.784637 0.416313
vt 0.783122 0.462607
vt 0.783122 0.416313
vt 0.240690 0.050874
vt 0.242186 0.050874
vt 0.242186 0.096591
vt 0.240690 0.096591
vt 0.747412 0.416313
vt 0.748927 0.416313
vt 0.748927 0.462607
vt 0.747412 0.462607
vt 0.746303 0.416313
vt 0.746303 0.462607
vt 0.240426 0.428088
vt 0.241309 0.428088
vt 0.241308 0.473796
vt 0.240426 0.473795
vt 0.845109 0.422202
vt 0.845605 0.422202
vt 0.845605 0.468203
vt 0.845109 0.468203
vt 0.846493 0.422202
vt 0.846493 0.468203
vt 0.500719 0.050865
vt 0.500719 0.096572
vt 0.499836 0.096572
vt 0.499836 0.050865
vt 0.880938 0.422202
vt 0.880938 0.468203
vt 0.880050 0.468203
vt 0.880050 0.422202
vt 0.881434 0.422202
vt 0.881434 0.468203
vt 0.993533 0.428085
vt 0.993533 0.473788
vt 0.993261 0.473788
vt 0.993261 0.428085
vt 0.061633 0.142309
vt 0.061633 0.096591
vt 0.118111 0.096591
vt 0.118111 0.142309
vt 0.679525 0.142279
vt 0.623061 0.142279
vt 0.623061 0.096572
vt 0.679525 0.096572
vt 0.433052 0.142307
vt 0.376576 0.142307
vt 0.376576 0.096590
vt 0.433052 0.096590
vt 0.061620 0.519503
vt 0.061620 0.473795
vt 0.118085 0.473795
vt 0.118085 0.519503
vt 0.994445 0.142264
vt 0.994445 0.096560
vt 0.994717 0.096560
vt 0.994717 0.142264
vt 0.877699 0.514204
vt 0.877699 0.468203
vt 0.230636 0.519503
vt 0.230636 0.473795
vt 0.231013 0.473795
vt 0.231013 0.519503
vt 0.510641 0.142279
vt 0.510131 0.142279
vt 0.510131 0.096572
vt 0.510641 0.096572
vt 0.509868 0.142279
vt 0.509868 0.096572
vt 0.231277 0.519503
vt 0.231277 0.473795
vt 0.231360 0.519503
vt 0.231360 0.473795
vt 0.232177 0.519503
vt 0.231913 0.519503
vt 0.231913 0.473795
vt 0.232177 0.473795
vt 0.503044 0.142279
vt 0.503044 0.096572
vt 0.508968 0.142279
vt 0.508968 0.096572
vt 0.509231 0.096572
vt 0.509231 0.142279
vt 0.509778 0.142279
vt 0.509778 0.096572
vt 0.238110 0.519503
vt 0.238110 0.473795
vt 0.751323 0.508902
vt 0.751323 0.462607
vt 0.264000 0.142307
vt 0.263622 0.142307
vt 0.263622 0.096590
vt 0.264000 0.096590
vt 0.230556 0.142309
vt 0.230556 0.096591
vt 0.231065 0.096591
vt 0.231065 0.142309
vt 0.231329 0.142309
vt 0.231329 0.096591
vt 0.263359 0.142307
vt 0.263359 0.096590
vt 0.263276 0.142307
vt 0.263276 0.096590
vt 0.262458 0.142307
vt 0.262458 0.096590
vt 0.262722 0.096590
vt 0.262722 0.142307
vt 0.238305 0.142309
vt 0.238305 0.096591
vt 0.232229 0.142309
vt 0.231966 0.142309
vt 0.231966 0.096591
vt 0.232229 0.096591
vt 0.231419 0.142309
vt 0.231419 0.096591
vt 0.256373 0.142307
vt 0.256373 0.096590
vt 0.993533 0.386208
vt 0.993261 0.386208
vt 0.881434 0.380052
vt 0.880938 0.380052
vt 0.880050 0.380052
vt 0.500719 0.008985
vt 0.499836 0.008985
vt 0.845605 0.380052
vt 0.846493 0.380052
vt 0.845109 0.380052
vt 0.240426 0.386208
vt 0.241309 0.386208
vt 0.746303 0.373895
vt 0.747412 0.373895
vt 0.748927 0.373895
vt 0.240690 0.008984
vt 0.242186 0.008984
vt 0.784637 0.373895
vt 0.783122 0.373895
vt 0.785747 0.373895
vt 0.253998 0.008984
vt 0.252502 0.008984
vt 0.061633 0.050874
vt 0.118111 0.050874
vt 0.623061 0.050865
vt 0.679525 0.050865
vt 0.376576 0.050873
vt 0.433052 0.050873
vt 0.061620 0.428088
vt 0.118085 0.428088
vt 0.994445 0.050856
vt 0.994717 0.050856
vt 0.877699 0.422202
vt 0.230636 0.428088
vt 0.231013 0.428088
vt 0.510131 0.050865
vt 0.510641 0.050865
vt 0.509868 0.050865
vt 0.231277 0.428088
vt 0.231360 0.428088
vt 0.231913 0.428088
vt 0.232177 0.428088
vt 0.503044 0.050865
vt 0.508968 0.050865
vt 0.509231 0.050865
vt 0.509778 0.050865
vt 0.238110 0.428088
vt 0.751323 0.416313
vt 0.263622 0.050873
vt 0.264000 0.050873
vt 0.230556 0.050874
vt 0.231065 0.050874
vt 0.231329 0.050874
vt 0.263359 0.050873
vt 0.263276 0.050873
vt 0.262458 0.050873
vt 0.262722 0.050873
vt 0.238305 0.050874
vt 0.231966 0.050874
vt 0.232229 0.050874
vt 0.231419 0.050874
vt 0.256373 0.050873
vt 0.061633 0.365309
vt 0.118111 0.365309
vt 0.679525 0.365228
vt 0.623061 0.365228
vt 0.433052 0.365305
vt 0.376576 0.365305
vt 0.061620 0.742451
vt 0.118085 0.742451
vt 0.994445 0.365198
vt 0.994717 0.365198
vt 0.877699 0.738586
vt 0.880050 0.738586
vt 0.230636 0.742451
vt 0.231013 0.742451
vt 0.510641 0.365228
vt 0.510131 0.365228
vt 0.509868 0.365228
vt 0.231277 0.742451
vt 0.231360 0.742451
vt 0.232177 0.742451
vt 0.231913 0.742451
vt 0.503044 0.365228
vt 0.500719 0.365228
vt 0.508968 0.365228
vt 0.509231 0.365228
vt 0.509778 0.365228
vt 0.238110 0.742451
vt 0.240426 0.742451
vt 0.751323 0.734716
vt 0.748927 0.734716
vt 0.264000 0.365305
vt 0.263622 0.365305
vt 0.230556 0.365309
vt 0.231065 0.365309
vt 0.231329 0.365309
vt 0.263359 0.365305
vt 0.263276 0.365305
vt 0.262458 0.365305
vt 0.262722 0.365305
vt 0.238305 0.365309
vt 0.240690 0.365309
vt 0.232229 0.365309
vt 0.231966 0.365309
vt 0.231419 0.365309
vt 0.256373 0.365305
vt 0.253998 0.365305
vt 0.993533 0.702306
vt 0.993261 0.702306
vt 0.881434 0.698208
vt 0.880938 0.698208
vt 0.499836 0.325107
vt 0.846493 0.698208
vt 0.845605 0.698208
vt 0.845109 0.698208
vt 0.241308 0.702331
vt 0.747412 0.694079
vt 0.746303 0.694079
vt 0.242186 0.325179
vt 0.784637 0.694079
vt 0.783122 0.694079
vt 0.785747 0.694079
vt 0.252502 0.325175
vt 0.320099 0.365305
vt 0.320099 0.325175
vt 0.174549 0.702331
vt 0.174549 0.742451
vt 0.174549 0.610917
vt 0.174549 0.656624
vt 0.320099 0.279458
vt 0.320099 0.233741
vt 0.174549 0.519503
vt 0.174549 0.565210
vt 0.320099 0.188024
vt 0.320099 0.142307
vt 0.320099 0.096590
vt 0.320099 0.050873
vt 0.174549 0.428088
vt 0.174549 0.473795
vt 0.046190 0.802165
vt 0.046190 0.802437
vt 0.691971 0.793915
vt 0.691971 0.793643
vt 0.174549 0.382381
vt 0.174549 0.382912
vt 0.320099 0.005686
vt 0.320099 0.005156
vt 0.010496 0.742451
vt 0.010496 0.702331
vt 0.484188 0.365305
vt 0.484188 0.325175
vt 0.484188 0.279458
vt 0.484188 0.233741
vt 0.010496 0.656624
vt 0.010496 0.610917
vt 0.484188 0.188024
vt 0.484188 0.142307
vt 0.010496 0.565210
vt 0.010496 0.519503
vt 0.010496 0.473795
vt 0.010496 0.428088
vt 0.484188 0.096590
vt 0.484188 0.050873
vt 0.484188 0.005686
vt 0.484188 0.005156
vt 0.010496 0.382911
vt 0.010496 0.382381
vt 0.856016 0.793915
vt 0.856016 0.793643
vt 0.187147 0.802165
vt 0.187147 0.802437
vt 0.174588 0.325179
vt 0.174588 0.365309
vt 0.566596 0.365228
vt 0.566596 0.325108
vt 0.566596 0.279400
vt 0.566596 0.233693
vt 0.174588 0.233744
vt 0.174588 0.279462
vt 0.566596 0.187986
vt 0.566596 0.142279
vt 0.174588 0.142309
vt 0.174588 0.188026
vt 0.174588 0.050874
vt 0.174588 0.096591
vt 0.566596 0.096572
vt 0.566596 0.050865
vt 0.663995 0.756807
vt 0.663995 0.757079
vt 0.074230 0.839272
vt 0.074230 0.838999
vt 0.566596 0.005688
vt 0.566596 0.005158
vt 0.174588 0.005156
vt 0.174588 0.005686
vt 0.730698 0.365228
vt 0.730698 0.325108
vt 0.010448 0.365309
vt 0.010448 0.325179
vt 0.010448 0.279462
vt 0.010448 0.233744
vt 0.730698 0.279400
vt 0.730698 0.233693
vt 0.010448 0.188026
vt 0.010448 0.142309
vt 0.730698 0.187986
vt 0.730698 0.142279
vt 0.730698 0.096572
vt 0.730698 0.050865
vt 0.010448 0.096591
vt 0.010448 0.050874
vt 0.010448 0.005686
vt 0.010448 0.005156
vt 0.730698 0.005688
vt 0.730698 0.005158
vt 0.238316 0.839272
vt 0.238316 0.838999
vt 0.804894 0.756807
vt 0.804894 0.757079
vt 0.262112 0.365305
vt 0.262112 0.325175
vt 0.232515 0.702331
vt 0.232515 0.742451
vt 0.232515 0.610917
vt 0.232515 0.656624
vt 0.262112 0.279458
vt 0.262112 0.233741
vt 0.232515 0.519503
vt 0.232515 0.565210
vt 0.262112 0.188024
vt 0.262112 0.142307
vt 0.262112 0.096590
vt 0.262112 0.050873
vt 0.232515 0.428088
vt 0.232515 0.473795
vt 0.634006 0.793915
vt 0.634008 0.793643
vt 0.010649 0.802165
vt 0.010675 0.802437
vt 0.232515 0.382381
vt 0.232515 0.382912
vt 0.262112 0.005686
vt 0.262112 0.005156
vt 0.018149 0.802165
vt 0.018149 0.802437
vt 0.292050 0.365305
vt 0.292050 0.325175
vt 0.202592 0.742451
vt 0.202592 0.702331
vt 0.202592 0.656624
vt 0.202592 0.610917
vt 0.292050 0.279458
vt 0.292050 0.233741
vt 0.202592 0.565210
vt 0.202592 0.519503
vt 0.292050 0.188024
vt 0.292050 0.142307
vt 0.292050 0.096590
vt 0.292050 0.050873
vt 0.202592 0.473795
vt 0.202592 0.428088
vt 0.663929 0.793915
vt 0.663929 0.793643
vt 0.202592 0.382912
vt 0.202592 0.382381
vt 0.292050 0.005686
vt 0.292050 0.005156
vt 0.232739 0.325179
vt 0.232739 0.365309
vt 0.508470 0.365228
vt 0.508470 0.325108
vt 0.508470 0.279400
vt 0.508471 0.233693
vt 0.232739 0.233744
vt 0.232739 0.279462
vt 0.508471 0.187986
vt 0.508471 0.142279
vt 0.232739 0.142309
vt 0.232739 0.188026
vt 0.232739 0.050874
vt 0.232739 0.096591
vt 0.508471 0.096572
vt 0.508471 0.050865
vt 0.016108 0.839272
vt 0.016110 0.838999
vt 0.628396 0.756807
vt 0.628422 0.757079
vt 0.508471 0.005688
vt 0.508470 0.005158
vt 0.232739 0.005156
vt 0.232739 0.005686
vt 0.636019 0.756807
vt 0.636019 0.757079
vt 0.202572 0.365309
vt 0.202572 0.325179
vt 0.538618 0.365228
vt 0.538618 0.325108
vt 0.538618 0.279400
vt 0.538618 0.233693
vt 0.202572 0.279462
vt 0.202572 0.233744
vt 0.538618 0.187986
vt 0.538618 0.142279
vt 0.202572 0.188026
vt 0.202572 0.142309
vt 0.202572 0.096591
vt 0.202572 0.050874
vt 0.538618 0.096572
vt 0.538618 0.050865
vt 0.046255 0.839272
vt 0.046255 0.838999
vt 0.538618 0.005688
vt 0.538619 0.005158
vt 0.202572 0.005686
vt 0.202572 0.005156
vt 0.046255 0.840589
vt 0.018281 0.840589
vt 0.018281 0.840317
vt 0.046255 0.840317
vt 0.635509 0.755489
vt 0.636019 0.755489
vt 0.636019 0.755762
vt 0.635509 0.755762
vt 0.628272 0.755489
vt 0.633835 0.755489
vt 0.633838 0.755762
vt 0.628298 0.755762
vt 0.016608 0.840589
vt 0.016098 0.840589
vt 0.016100 0.840317
vt 0.016608 0.840317
vt 0.663929 0.795233
vt 0.635887 0.795233
vt 0.635887 0.794961
vt 0.663929 0.794961
vt 0.017771 0.800848
vt 0.018149 0.800848
vt 0.018149 0.801120
vt 0.017771 0.801120
vt 0.010525 0.800848
vt 0.016261 0.800848
vt 0.016263 0.801120
vt 0.010550 0.801120
vt 0.634345 0.795233
vt 0.633999 0.795233
vt 0.634001 0.794961
vt 0.634345 0.794961
vt 0.748432 0.755489
vt 0.804894 0.755489
vt 0.804894 0.755762
vt 0.748433 0.755762
vt 0.238316 0.840589
vt 0.187147 0.840589
vt 0.187147 0.840317
vt 0.238316 0.840317
vt 0.130689 0.840589
vt 0.074230 0.840589
vt 0.074230 0.840317
vt 0.130689 0.840317
vt 0.663995 0.755489
vt 0.691971 0.755489
vt 0.691971 0.755762
vt 0.663995 0.755762
vt 0.130689 0.800848
vt 0.187147 0.800848
vt 0.187147 0.801120
vt 0.130689 0.801120
vt 0.856016 0.795233
vt 0.804894 0.795233
vt 0.804894 0.794961
vt 0.856016 0.794961
vt 0.748432 0.795233
vt 0.691971 0.795233
vt 0.691971 0.794961
vt 0.748433 0.794961
vt 0.046190 0.800848
vt 0.074230 0.800848
vt 0.074230 0.801120
vt 0.046190 0.801120
vt 0.994851 0.656603
vt 0.994851 0.702306
vt 0.994579 0.702306
vt 0.994579 0.656603
vt 0.993127 0.365198
vt 0.993127 0.325080
vt 0.993400 0.325080
vt 0.993400 0.365198
vt 0.993127 0.279376
vt 0.993127 0.233672
vt 0.993400 0.233672
vt 0.993400 0.279376
vt 0.994851 0.565196
vt 0.994851 0.610899
vt 0.994579 0.610899
vt 0.994579 0.565196
vt 0.994851 0.473788
vt 0.994851 0.519492
vt 0.994579 0.519492
vt 0.994579 0.473788
vt 0.993127 0.187968
vt 0.993127 0.142264
vt 0.993400 0.142264
vt 0.993400 0.187968
vt 0.993127 0.096560
vt 0.993127 0.050856
vt 0.993400 0.050856
vt 0.993400 0.096560
vt 0.994851 0.386208
vt 0.994851 0.428085
vt 0.994579 0.428085
vt 0.994579 0.386208
vt 0.005158 0.806430
vt 0.005158 0.803839
vt 0.005430 0.803875
vt 0.005430 0.806460
vt 0.622895 0.760847
vt 0.622895 0.758482
vt 0.623168 0.758517
vt 0.623168 0.760878
vt 0.623296 0.756986
vt 0.624391 0.755890
vt 0.624532 0.756135
vt 0.623540 0.757126
vt 0.635246 0.755649
vt 0.635246 0.755894
vt 0.634345 0.755489
vt 0.634609 0.755649
vt 0.634609 0.755894
vt 0.634345 0.755762
vt 0.628262 0.795233
vt 0.625887 0.795233
vt 0.625923 0.794961
vt 0.628288 0.794961
vt 0.016608 0.800848
vt 0.016608 0.801120
vt 0.635509 0.795233
vt 0.635509 0.794961
vt 0.242964 0.800848
vt 0.243606 0.800848
vt 0.243606 0.801120
vt 0.242964 0.801120
vt 0.010534 0.840589
vt 0.008150 0.840589
vt 0.008186 0.840317
vt 0.010560 0.840317
vt 0.016961 0.840430
vt 0.016871 0.840430
vt 0.016871 0.840185
vt 0.016961 0.840185
vt 0.017771 0.840589
vt 0.017771 0.840317
vt 0.635155 0.755649
vt 0.635156 0.755894
vt 0.017508 0.840430
vt 0.017508 0.840185
vt 0.860588 0.755489
vt 0.861356 0.755489
vt 0.861356 0.755762
vt 0.860588 0.755762
vt 0.635246 0.795080
vt 0.635246 0.794834
vt 0.017508 0.801001
vt 0.017508 0.801247
vt 0.634739 0.795080
vt 0.634609 0.795080
vt 0.634609 0.794834
vt 0.634739 0.794834
vt 0.017425 0.801001
vt 0.017425 0.801247
vt 0.016871 0.801001
vt 0.016871 0.801247
vt 0.625887 0.755489
vt 0.625923 0.755762
vt 0.006654 0.840188
vt 0.006795 0.839944
vt 0.005559 0.839093
vt 0.005803 0.838952
vt 0.005158 0.837597
vt 0.005430 0.837561
vt 0.005559 0.802343
vt 0.005803 0.802484
vt 0.623296 0.793737
vt 0.622895 0.792241
vt 0.623168 0.792205
vt 0.623540 0.793596
vt 0.006654 0.801248
vt 0.006795 0.801493
vt 0.624391 0.794832
vt 0.624532 0.794588
vt 0.008150 0.800848
vt 0.008186 0.801120
vt 0.993127 0.005682
vt 0.993127 0.005152
vt 0.993400 0.005152
vt 0.993400 0.005682
vt 0.994851 0.747100
vt 0.994851 0.748010
vt 0.994579 0.748010
vt 0.994579 0.747100
vt 0.993400 0.008979
vt 0.994445 0.008979
vt 0.994579 0.382381
vt 0.994579 0.382912
vt 0.993533 0.382912
vt 0.993533 0.382381
vt 0.993127 0.008979
vt 0.994851 0.382381
vt 0.994851 0.382912
vt 0.202572 0.008984
vt 0.230556 0.008984
vt 0.538618 0.008985
vt 0.510641 0.008985
vt 0.232229 0.008984
vt 0.232739 0.008984
vt 0.508968 0.008985
vt 0.508471 0.008985
vt 0.292050 0.008984
vt 0.264000 0.008984
vt 0.202592 0.386208
vt 0.230636 0.386208
vt 0.262458 0.008984
vt 0.262112 0.008984
vt 0.232177 0.386208
vt 0.232515 0.386208
vt 0.730698 0.008985
vt 0.679525 0.008985
vt 0.010448 0.008984
vt 0.061633 0.008984
vt 0.118111 0.008984
vt 0.174588 0.008984
vt 0.623061 0.008985
vt 0.566596 0.008985
vt 0.010496 0.386208
vt 0.061620 0.386208
vt 0.484188 0.008984
vt 0.433052 0.008984
vt 0.376576 0.008984
vt 0.320099 0.008984
vt 0.118085 0.386208
vt 0.174549 0.386208
vt 0.252502 0.005686
vt 0.252502 0.005156
vt 0.785747 0.370018
vt 0.785747 0.370555
vt 0.784637 0.370556
vt 0.784637 0.370018
vt 0.783122 0.370556
vt 0.783122 0.370018
vt 0.242186 0.005156
vt 0.242186 0.005686
vt 0.747412 0.370018
vt 0.747412 0.370556
vt 0.746303 0.370018
vt 0.746303 0.370555
vt 0.241309 0.382381
vt 0.241309 0.382912
vt 0.845109 0.376201
vt 0.845605 0.376201
vt 0.845605 0.376734
vt 0.845109 0.376734
vt 0.846493 0.376201
vt 0.846493 0.376734
vt 0.499836 0.005688
vt 0.499836 0.005158
vt 0.880938 0.376201
vt 0.880938 0.376734
vt 0.881434 0.376201
vt 0.881434 0.376734
vt 0.993261 0.382912
vt 0.993261 0.382381
vt 0.994717 0.008979
vt 0.877699 0.380052
vt 0.231013 0.386208
vt 0.510131 0.008985
vt 0.509868 0.008985
vt 0.231277 0.386208
vt 0.231360 0.386208
vt 0.231913 0.386208
vt 0.503044 0.008985
vt 0.509231 0.008985
vt 0.509778 0.008985
vt 0.238110 0.386208
vt 0.751323 0.373895
vt 0.263622 0.008984
vt 0.231065 0.008984
vt 0.231329 0.008984
vt 0.263359 0.008984
vt 0.263276 0.008984
vt 0.262722 0.008984
vt 0.238305 0.008984
vt 0.231966 0.008984
vt 0.231419 0.008984
vt 0.256373 0.008984
vt 0.994579 0.742423
vt 0.993533 0.742423
vt 0.993400 0.370784
vt 0.993400 0.369875
vt 0.994445 0.369875
vt 0.994445 0.370784
vt 0.994851 0.742423
vt 0.993127 0.370784
vt 0.993127 0.369875
vt 0.538619 0.370815
vt 0.510641 0.370815
vt 0.510641 0.369905
vt 0.538618 0.369905
vt 0.202572 0.370897
vt 0.202572 0.369987
vt 0.230556 0.369987
vt 0.230556 0.370897
vt 0.508968 0.370815
vt 0.508470 0.370815
vt 0.508470 0.369905
vt 0.508968 0.369905
vt 0.232229 0.370897
vt 0.232229 0.369987
vt 0.232739 0.369987
vt 0.232739 0.370897
vt 0.202592 0.748038
vt 0.202592 0.747128
vt 0.230636 0.747128
vt 0.230636 0.748038
vt 0.292050 0.370893
vt 0.264000 0.370893
vt 0.264000 0.369983
vt 0.292050 0.369983
vt 0.232177 0.748038
vt 0.232177 0.747128
vt 0.232515 0.747128
vt 0.232515 0.748038
vt 0.262458 0.370892
vt 0.262112 0.370893
vt 0.262112 0.369983
vt 0.262458 0.369983
vt 0.010448 0.370897
vt 0.010448 0.369987
vt 0.061633 0.369987
vt 0.061633 0.370897
vt 0.730698 0.370815
vt 0.679525 0.370815
vt 0.679525 0.369905
vt 0.730698 0.369905
vt 0.623060 0.370815
vt 0.566596 0.370815
vt 0.566596 0.369905
vt 0.623061 0.369905
vt 0.118110 0.370897
vt 0.118111 0.369987
vt 0.174588 0.369987
vt 0.174588 0.370897
vt 0.484188 0.370893
vt 0.433052 0.370893
vt 0.433052 0.369983
vt 0.484188 0.369983
vt 0.010496 0.748038
vt 0.010496 0.747128
vt 0.061620 0.747128
vt 0.061620 0.748038
vt 0.118084 0.748038
vt 0.118085 0.747128
vt 0.174549 0.747128
vt 0.174549 0.748038
vt 0.376576 0.370893
vt 0.320099 0.370893
vt 0.320099 0.369983
vt 0.376576 0.369983
vt 0.256373 0.370893
vt 0.256373 0.369983
vt 0.231419 0.370897
vt 0.231329 0.370897
vt 0.231329 0.369987
vt 0.231419 0.369987
vt 0.231966 0.370897
vt 0.231966 0.369987
vt 0.238305 0.370897
vt 0.238305 0.369987
vt 0.262722 0.369983
vt 0.262722 0.370893
vt 0.263276 0.370893
vt 0.263276 0.369983
vt 0.263359 0.369983
vt 0.263359 0.370893
vt 0.263622 0.369983
vt 0.263622 0.370892
vt 0.231065 0.370897
vt 0.231065 0.369987
vt 0.751323 0.740374
vt 0.751323 0.739453
vt 0.238110 0.748038
vt 0.238110 0.747128
vt 0.509778 0.370815
vt 0.509778 0.369905
vt 0.509868 0.369905
vt 0.509868 0.370815
vt 0.509231 0.369905
vt 0.509231 0.370815
vt 0.503044 0.370815
vt 0.503044 0.369905
vt 0.231913 0.748038
vt 0.231913 0.747128
vt 0.231360 0.748038
vt 0.231277 0.748038
vt 0.231277 0.747128
vt 0.231360 0.747128
vt 0.231013 0.748038
vt 0.231013 0.747128
vt 0.510131 0.369905
vt 0.510131 0.370815
vt 0.877699 0.744209
vt 0.877699 0.743293
vt 0.994717 0.369875
vt 0.994717 0.370784
vt 0.993261 0.742423
vt 0.881434 0.738586
vt 0.880938 0.738586
vt 0.499836 0.365228
vt 0.845605 0.738586
vt 0.846493 0.738586
vt 0.845109 0.738586
vt 0.241308 0.742451
vt 0.746303 0.734716
vt 0.747412 0.734716
vt 0.242186 0.365309
vt 0.784637 0.734716
vt 0.783122 0.734716
vt 0.785747 0.734716
vt 0.252502 0.365305
vt 0.849068 0.744209
vt 0.849068 0.743293
vt 0.863272 0.743293
vt 0.863272 0.744209
vt 0.780498 0.740374
vt 0.766025 0.740374
vt 0.766025 0.739453
vt 0.780498 0.739453
vt 0.780498 0.373895
vt 0.766025 0.373895
vt 0.766025 0.370556
vt 0.780498 0.370556
vt 0.849068 0.380052
vt 0.849068 0.376734
vt 0.863272 0.376734
vt 0.863272 0.380052
vt 0.623168 0.789620
vt 0.623168 0.775361
vt 0.624213 0.775361
vt 0.624213 0.789504
vt 0.005430 0.835201
vt 0.005430 0.820718
vt 0.006476 0.820718
vt 0.006476 0.835083
vt 0.622895 0.789651
vt 0.622895 0.775361
vt 0.005158 0.835232
vt 0.005158 0.820718
vt 0.780498 0.734716
vt 0.766025 0.734716
vt 0.766025 0.694079
vt 0.780498 0.694079
vt 0.849068 0.738586
vt 0.849068 0.698208
vt 0.863272 0.698208
vt 0.863272 0.738586
vt 0.849068 0.652206
vt 0.849068 0.606206
vt 0.863272 0.606206
vt 0.863272 0.652206
vt 0.780498 0.647785
vt 0.766025 0.647785
vt 0.766025 0.601491
vt 0.780498 0.601491
vt 0.849068 0.560205
vt 0.849068 0.514204
vt 0.863272 0.514204
vt 0.863272 0.560205
vt 0.780498 0.555196
vt 0.766025 0.555196
vt 0.766025 0.508902
vt 0.780498 0.508902
vt 0.780498 0.462607
vt 0.766025 0.462607
vt 0.766025 0.416313
vt 0.780498 0.416313
vt 0.849068 0.468203
vt 0.849068 0.422202
vt 0.863272 0.422202
vt 0.863272 0.468203
vt 0.006748 0.820718
vt 0.006748 0.835052
vt 0.624485 0.775361
vt 0.624485 0.789473
vt 0.849068 0.376201
vt 0.863272 0.376201
vt 0.766025 0.370018
vt 0.780498 0.370018
vt 0.005156 0.428088
vt 0.005156 0.386208
vt 0.005798 0.386208
vt 0.005798 0.428088
vt 0.489529 0.050873
vt 0.488887 0.050873
vt 0.488887 0.008984
vt 0.489529 0.008984
vt 0.005156 0.747128
vt 0.005156 0.742451
vt 0.005798 0.742451
vt 0.005798 0.747128
vt 0.489529 0.369983
vt 0.488887 0.369983
vt 0.488887 0.365305
vt 0.489529 0.365305
vt 0.005156 0.748038
vt 0.005798 0.748038
vt 0.489529 0.370892
vt 0.488887 0.370893
vt 0.488887 0.005686
vt 0.489529 0.005686
vt 0.005156 0.382911
vt 0.005798 0.382911
vt 0.238267 0.801120
vt 0.238267 0.802165
vt 0.861356 0.794961
vt 0.860714 0.794961
vt 0.860714 0.793915
vt 0.861356 0.793915
vt 0.238267 0.800848
vt 0.861356 0.795233
vt 0.860714 0.795233
vt 0.860714 0.793643
vt 0.861356 0.793643
vt 0.005156 0.382381
vt 0.005798 0.382381
vt 0.488887 0.005156
vt 0.489529 0.005156
vt 0.489529 0.233741
vt 0.488887 0.233741
vt 0.488887 0.188024
vt 0.489529 0.188024
vt 0.005156 0.610917
vt 0.005156 0.565210
vt 0.005798 0.565210
vt 0.005798 0.610917
vt 0.005156 0.702331
vt 0.005156 0.656624
vt 0.005798 0.656624
vt 0.005798 0.702331
vt 0.489529 0.325175
vt 0.488887 0.325175
vt 0.488887 0.279458
vt 0.489529 0.279458
vt 0.489529 0.142307
vt 0.488887 0.142307
vt 0.488887 0.096590
vt 0.489529 0.096590
vt 0.005156 0.519502
vt 0.005156 0.473795
vt 0.005798 0.473795
vt 0.005798 0.519503
vt 0.238267 0.802437
vt 0.231784 0.428088
vt 0.231784 0.386208
vt 0.262852 0.008984
vt 0.262852 0.050873
vt 0.231784 0.747128
vt 0.231784 0.742451
vt 0.262852 0.365305
vt 0.262852 0.369983
vt 0.231784 0.748038
vt 0.262852 0.370893
vt 0.262852 0.005686
vt 0.231784 0.382912
vt 0.017001 0.801247
vt 0.017001 0.802191
vt 0.635163 0.794834
vt 0.635163 0.793889
vt 0.017001 0.801001
vt 0.635163 0.795080
vt 0.262852 0.325175
vt 0.231784 0.702331
vt 0.231784 0.656624
vt 0.231784 0.610917
vt 0.262852 0.233741
vt 0.262852 0.279458
vt 0.231784 0.565210
vt 0.231784 0.519503
vt 0.262852 0.142307
vt 0.262852 0.188024
vt 0.262852 0.096590
vt 0.231784 0.473795
vt 0.635163 0.793643
vt 0.017001 0.802437
vt 0.231784 0.382381
vt 0.262852 0.005156
vt 0.509321 0.008985
vt 0.509321 0.050865
vt 0.231876 0.050874
vt 0.231876 0.008984
vt 0.509321 0.365228
vt 0.509321 0.369905
vt 0.231876 0.369987
vt 0.231876 0.365309
vt 0.509321 0.370815
vt 0.231876 0.370897
vt 0.231876 0.005686
vt 0.509321 0.005688
vt 0.634699 0.755894
vt 0.634699 0.756834
vt 0.017418 0.840185
vt 0.017418 0.839244
vt 0.634699 0.755649
vt 0.017418 0.840430
vt 0.231876 0.325179
vt 0.509321 0.325108
vt 0.509321 0.233693
vt 0.509321 0.279400
vt 0.231876 0.279462
vt 0.231876 0.233744
vt 0.509321 0.142279
vt 0.509321 0.187986
vt 0.231876 0.188026
vt 0.231876 0.142309
vt 0.231876 0.096591
vt 0.509321 0.096572
vt 0.017418 0.838999
vt 0.634699 0.757079
vt 0.509321 0.005158
vt 0.231876 0.005156
vt 0.735989 0.050865
vt 0.735221 0.050865
vt 0.735221 0.008985
vt 0.735989 0.008985
vt 0.005156 0.050874
vt 0.005156 0.008984
vt 0.005924 0.008984
vt 0.005924 0.050874
vt 0.735989 0.369905
vt 0.735221 0.369905
vt 0.735221 0.365228
vt 0.735989 0.365228
vt 0.005156 0.369987
vt 0.005156 0.365309
vt 0.005924 0.365309
vt 0.005924 0.369987
vt 0.735989 0.370815
vt 0.735221 0.370815
vt 0.005156 0.370897
vt 0.005924 0.370897
vt 0.005156 0.005686
vt 0.005924 0.005686
vt 0.735221 0.005688
vt 0.735989 0.005688
vt 0.856065 0.755762
vt 0.856065 0.756807
vt 0.243606 0.840317
vt 0.242839 0.840317
vt 0.242839 0.839272
vt 0.243606 0.839272
vt 0.856065 0.755489
vt 0.243606 0.840589
vt 0.242839 0.840589
vt 0.242839 0.838999
vt 0.243606 0.838999
vt 0.735221 0.005158
vt 0.735989 0.005158
vt 0.005156 0.005156
vt 0.005924 0.005156
vt 0.005156 0.233744
vt 0.005156 0.188026
vt 0.005924 0.188026
vt 0.005924 0.233744
vt 0.735989 0.233693
vt 0.735221 0.233693
vt 0.735221 0.187986
vt 0.735989 0.187986
vt 0.735989 0.325107
vt 0.735221 0.325108
vt 0.735221 0.279400
vt 0.735989 0.279400
vt 0.005156 0.325179
vt 0.005156 0.279462
vt 0.005924 0.279462
vt 0.005924 0.325179
vt 0.005156 0.142309
vt 0.005156 0.096591
vt 0.005924 0.096591
vt 0.005924 0.142309
vt 0.735989 0.142279
vt 0.735221 0.142279
vt 0.735221 0.096572
vt 0.735989 0.096572
vt 0.856065 0.757079
vt 0.833889 0.373577
vt 0.833171 0.373578
vt 0.833176 0.370756
vt 0.833873 0.370755
vt 0.797514 0.373577
vt 0.797530 0.370755
vt 0.798227 0.370756
vt 0.798232 0.373578
vt 0.824610 0.373567
vt 0.825883 0.373567
vt 0.825859 0.415881
vt 0.824590 0.415880
vt 0.752370 0.269491
vt 0.752254 0.313147
vt 0.751013 0.313140
vt 0.751139 0.269492
vt 0.833067 0.595567
vt 0.832164 0.595566
vt 0.832167 0.550646
vt 0.833070 0.550646
vt 0.797531 0.595565
vt 0.797534 0.550645
vt 0.798317 0.550644
vt 0.798315 0.595564
vt 0.833880 0.726732
vt 0.833171 0.726732
vt 0.833108 0.685394
vt 0.833858 0.685393
vt 0.797490 0.726733
vt 0.797512 0.685392
vt 0.798262 0.685392
vt 0.798199 0.726733
vt 0.834800 0.373575
vt 0.834789 0.370744
vt 0.749500 0.225816
vt 0.749499 0.182138
vt 0.750261 0.182137
vt 0.750262 0.225815
vt 0.822103 0.730634
vt 0.827087 0.730639
vt 0.827117 0.731301
vt 0.822118 0.731295
vt 0.834753 0.595567
vt 0.833851 0.595567
vt 0.833854 0.550647
vt 0.834756 0.550647
vt 0.830894 0.640487
vt 0.832161 0.640487
vt 0.832204 0.685396
vt 0.830933 0.685398
vt 0.796629 0.595565
vt 0.796631 0.550644
vt 0.799220 0.550644
vt 0.799218 0.595564
vt 0.798312 0.640485
vt 0.799214 0.640485
vt 0.799166 0.685394
vt 0.796607 0.685392
vt 0.796626 0.640485
vt 0.797528 0.640485
vt 0.833064 0.640487
vt 0.833848 0.640487
vt 0.834763 0.685393
vt 0.834751 0.640487
vt 0.830906 0.460803
vt 0.832173 0.460803
vt 0.832170 0.505725
vt 0.830903 0.505724
vt 0.833073 0.505725
vt 0.833076 0.460803
vt 0.830983 0.373571
vt 0.832260 0.373574
vt 0.832208 0.415889
vt 0.830938 0.415888
vt 0.796633 0.505723
vt 0.796636 0.460802
vt 0.797538 0.460802
vt 0.797536 0.505723
vt 0.798322 0.460801
vt 0.798320 0.505723
vt 0.833856 0.505726
vt 0.833859 0.460804
vt 0.834759 0.505726
vt 0.834762 0.460804
vt 0.799225 0.460801
vt 0.799222 0.505723
vt 0.832265 0.370755
vt 0.832261 0.726734
vt 0.796578 0.726735
vt 0.748623 0.225816
vt 0.748622 0.182138
vt 0.799139 0.370755
vt 0.799143 0.373574
vt 0.833112 0.415891
vt 0.796628 0.415891
vt 0.797532 0.415891
vt 0.798291 0.415890
vt 0.833872 0.415892
vt 0.834776 0.415892
vt 0.799195 0.415888
vt 0.834792 0.726734
vt 0.796603 0.373575
vt 0.796614 0.370744
vt 0.799109 0.726735
vt 0.824561 0.595566
vt 0.825828 0.595566
vt 0.825826 0.640486
vt 0.824559 0.640486
vt 0.824567 0.505724
vt 0.825834 0.505724
vt 0.825831 0.550645
vt 0.824564 0.550645
vt 0.825837 0.460802
vt 0.824570 0.460802
vt 0.796557 0.370073
vt 0.797584 0.370087
vt 0.783608 0.358076
vt 0.783608 0.358777
vt 0.780023 0.358506
vt 0.780024 0.357830
vt 0.798216 0.370091
vt 0.748045 0.009594
vt 0.748043 0.006246
vt 0.749084 0.006334
vt 0.749015 0.009542
vt 0.832263 0.730644
vt 0.833172 0.730642
vt 0.833180 0.731306
vt 0.832308 0.731308
vt 0.799094 0.370089
vt 0.832309 0.370089
vt 0.833184 0.370091
vt 0.785381 0.353781
vt 0.784635 0.353800
vt 0.784186 0.313137
vt 0.784920 0.313134
vt 0.833826 0.370087
vt 0.834837 0.370073
vt 0.833866 0.730644
vt 0.834779 0.730654
vt 0.834755 0.731322
vt 0.833819 0.731309
vt 0.798187 0.731307
vt 0.797558 0.731310
vt 0.797503 0.730645
vt 0.798197 0.730643
vt 0.748916 0.353758
vt 0.749395 0.313130
vt 0.750129 0.313134
vt 0.749662 0.353779
vt 0.822125 0.370109
vt 0.827118 0.370102
vt 0.827088 0.370764
vt 0.822110 0.370770
vt 0.796605 0.731323
vt 0.796591 0.730655
vt 0.799062 0.731309
vt 0.799107 0.730645
vt 0.824606 0.726739
vt 0.825881 0.726739
vt 0.824580 0.685408
vt 0.825851 0.685406
vt 0.817592 0.275465
vt 0.817593 0.275196
vt 0.822619 0.275197
vt 0.822619 0.275466
vt 0.811863 0.726739
vt 0.813137 0.726739
vt 0.815207 0.730632
vt 0.809866 0.730634
vt 0.816165 0.730632
vt 0.821145 0.730634
vt 0.821160 0.731295
vt 0.816165 0.731293
vt 0.811069 0.275463
vt 0.811069 0.275194
vt 0.816459 0.275195
vt 0.816459 0.275465
vt 0.818241 0.415876
vt 0.819511 0.415877
vt 0.819501 0.460802
vt 0.818233 0.460802
vt 0.818231 0.505724
vt 0.819498 0.505724
vt 0.819495 0.550645
vt 0.818228 0.550645
vt 0.818225 0.595565
vt 0.819492 0.595566
vt 0.819490 0.640486
vt 0.818223 0.640486
vt 0.811897 0.460802
vt 0.813164 0.460802
vt 0.813162 0.505724
vt 0.811894 0.505723
vt 0.811886 0.640485
vt 0.813154 0.640485
vt 0.813143 0.685412
vt 0.811873 0.685412
vt 0.811892 0.550645
vt 0.813159 0.550645
vt 0.813156 0.595565
vt 0.811889 0.595565
vt 0.818234 0.726739
vt 0.819508 0.726739
vt 0.784814 0.225816
vt 0.784052 0.225815
vt 0.784053 0.182136
vt 0.784815 0.182137
vt 0.818227 0.685413
vt 0.819497 0.685412
vt 0.805521 0.373566
vt 0.806794 0.373566
vt 0.806813 0.415879
vt 0.805543 0.415880
vt 0.751139 0.182137
vt 0.751140 0.225815
vt 0.805490 0.726740
vt 0.806765 0.726739
vt 0.808908 0.730635
vt 0.803563 0.730641
vt 0.805556 0.550644
vt 0.806823 0.550644
vt 0.806821 0.595565
vt 0.805553 0.595565
vt 0.805550 0.640485
vt 0.806817 0.640485
vt 0.806790 0.685408
vt 0.805519 0.685406
vt 0.805561 0.460801
vt 0.806828 0.460801
vt 0.806826 0.505723
vt 0.805558 0.505723
vt 0.804545 0.275462
vt 0.804545 0.275192
vt 0.809935 0.275194
vt 0.809935 0.275463
vt 0.835562 0.264153
vt 0.835557 0.264422
vt 0.830169 0.264316
vt 0.830174 0.264047
vt 0.803596 0.370762
vt 0.808934 0.370769
vt 0.829914 0.275468
vt 0.829914 0.275199
vt 0.834158 0.275200
vt 0.834158 0.275469
vt 0.859857 0.263946
vt 0.859862 0.264215
vt 0.855620 0.264301
vt 0.855614 0.264032
vt 0.830900 0.550646
vt 0.830897 0.595566
vt 0.823753 0.275466
vt 0.823753 0.275197
vt 0.828780 0.275198
vt 0.828780 0.275468
vt 0.830984 0.726736
vt 0.828047 0.730640
vt 0.751935 0.353825
vt 0.750612 0.353800
vt 0.800437 0.685397
vt 0.800386 0.726737
vt 0.785319 0.009563
vt 0.784559 0.009541
vt 0.784501 0.006400
vt 0.785273 0.006350
vt 0.828077 0.731303
vt 0.800490 0.505723
vt 0.800487 0.550644
vt 0.800485 0.595565
vt 0.800482 0.640485
vt 0.800465 0.415887
vt 0.800492 0.460801
vt 0.800421 0.373570
vt 0.802636 0.370761
vt 0.802602 0.730642
vt 0.802570 0.731305
vt 0.829018 0.264024
vt 0.829012 0.264293
vt 0.825496 0.264224
vt 0.825501 0.263955
vt 0.799893 0.275461
vt 0.799894 0.275191
vt 0.803411 0.275192
vt 0.803411 0.275461
vt 0.811885 0.373567
vt 0.813157 0.373568
vt 0.813162 0.415876
vt 0.811892 0.415876
vt 0.749853 0.006388
vt 0.749774 0.009523
vt 0.815207 0.731293
vt 0.809850 0.731295
vt 0.818246 0.373568
vt 0.819519 0.373567
vt 0.809875 0.370110
vt 0.815224 0.370112
vt 0.815224 0.370772
vt 0.809891 0.370770
vt 0.848277 0.264180
vt 0.848282 0.264449
vt 0.843257 0.264550
vt 0.843251 0.264281
vt 0.785691 0.225816
vt 0.785692 0.182137
vt 0.783174 0.225815
vt 0.783175 0.182136
vt 0.783302 0.313143
vt 0.783176 0.269491
vt 0.784054 0.269491
vt 0.785803 0.313130
vt 0.784816 0.269492
vt 0.785692 0.269491
vt 0.749499 0.269492
vt 0.750261 0.269491
vt 0.748512 0.313126
vt 0.748623 0.269491
vt 0.752365 0.094768
vt 0.752369 0.138455
vt 0.751137 0.138455
vt 0.751133 0.094768
vt 0.750259 0.138455
vt 0.750255 0.094768
vt 0.752048 0.009504
vt 0.752277 0.051089
vt 0.751038 0.051095
vt 0.750726 0.009508
vt 0.785693 0.138455
vt 0.784817 0.138455
vt 0.784820 0.094769
vt 0.785696 0.094769
vt 0.784054 0.138454
vt 0.784057 0.094768
vt 0.749497 0.138456
vt 0.749493 0.094769
vt 0.748620 0.138456
vt 0.748616 0.094769
vt 0.783176 0.138454
vt 0.783180 0.094768
vt 0.750830 0.006450
vt 0.786345 0.353737
vt 0.783608 0.009521
vt 0.783520 0.006460
vt 0.750154 0.051099
vt 0.784899 0.051105
vt 0.785782 0.051108
vt 0.784157 0.051101
vt 0.749412 0.051103
vt 0.748530 0.051105
vt 0.783274 0.051097
vt 0.747953 0.353710
vt 0.786287 0.009621
vt 0.786321 0.006267
vt 0.783685 0.353819
vt 0.752372 0.225815
vt 0.752371 0.182137
vt 0.785157 0.005599
vt 0.786349 0.005482
vt 0.784452 0.005672
vt 0.750673 0.358073
vt 0.750669 0.358774
vt 0.749734 0.358847
vt 0.749693 0.358123
vt 0.783516 0.005761
vt 0.750833 0.005755
vt 0.749907 0.005664
vt 0.749194 0.005588
vt 0.748031 0.005468
vt 0.748929 0.358164
vt 0.749024 0.358906
vt 0.747878 0.358993
vt 0.747906 0.358231
vt 0.784543 0.358853
vt 0.784584 0.358131
vt 0.785345 0.358176
vt 0.785239 0.358913
vt 0.755073 0.006716
vt 0.786361 0.358248
vt 0.786396 0.359007
vt 0.758351 0.353814
vt 0.760861 0.357648
vt 0.755953 0.357763
vt 0.757084 0.353824
vt 0.755073 0.006054
vt 0.766697 0.006209
vt 0.766696 0.006854
vt 0.761837 0.006838
vt 0.761826 0.006193
vt 0.770907 0.353800
vt 0.772840 0.357646
vt 0.767615 0.357613
vt 0.769654 0.353794
vt 0.766676 0.357612
vt 0.766678 0.358259
vt 0.761795 0.358286
vt 0.761804 0.357638
vt 0.764670 0.009587
vt 0.763424 0.009583
vt 0.770875 0.051060
vt 0.770854 0.094768
vt 0.769622 0.094768
vt 0.769636 0.051059
vt 0.770854 0.138454
vt 0.770854 0.182136
vt 0.769621 0.182136
vt 0.769621 0.138454
vt 0.770854 0.225815
vt 0.770855 0.269490
vt 0.769622 0.269490
vt 0.769621 0.225815
vt 0.764676 0.051059
vt 0.763437 0.051059
vt 0.764691 0.094768
vt 0.764692 0.138454
vt 0.763460 0.138454
vt 0.763458 0.094768
vt 0.764692 0.269490
vt 0.764673 0.313192
vt 0.763431 0.313190
vt 0.763460 0.269490
vt 0.772849 0.358294
vt 0.767613 0.358260
vt 0.764641 0.353792
vt 0.763388 0.353797
vt 0.777165 0.009543
vt 0.777075 0.051073
vt 0.775835 0.051069
vt 0.775910 0.009560
vt 0.777210 0.353836
vt 0.779051 0.357798
vt 0.773783 0.357657
vt 0.775944 0.353822
vt 0.777014 0.182136
vt 0.777014 0.225815
vt 0.775782 0.225815
vt 0.775782 0.182136
vt 0.777016 0.269491
vt 0.777092 0.313175
vt 0.775850 0.313179
vt 0.775784 0.269490
vt 0.777018 0.094768
vt 0.777015 0.138454
vt 0.775783 0.138454
vt 0.775785 0.094768
vt 0.781945 0.269491
vt 0.781942 0.225815
vt 0.781943 0.182136
vt 0.781944 0.138454
vt 0.781947 0.094768
vt 0.782034 0.051091
vt 0.779028 0.006068
vt 0.779015 0.006723
vt 0.773780 0.006827
vt 0.773787 0.006181
vt 0.779063 0.358460
vt 0.773786 0.358309
vt 0.770882 0.313191
vt 0.769640 0.313192
vt 0.772842 0.006836
vt 0.770904 0.009583
vt 0.769657 0.009588
vt 0.767631 0.006854
vt 0.754983 0.357791
vt 0.772854 0.006190
vt 0.767630 0.006209
vt 0.758477 0.051068
vt 0.758528 0.094768
vt 0.757295 0.094768
vt 0.757237 0.051071
vt 0.758530 0.138454
vt 0.758532 0.182136
vt 0.757299 0.182136
vt 0.757298 0.138454
vt 0.758532 0.225815
vt 0.758531 0.269491
vt 0.757298 0.269491
vt 0.757301 0.225815
vt 0.760857 0.358299
vt 0.755940 0.358423
vt 0.782363 0.353840
vt 0.782060 0.313150
vt 0.764692 0.182136
vt 0.764693 0.225815
vt 0.763461 0.225815
vt 0.763460 0.182136
vt 0.782287 0.009511
vt 0.779975 0.006692
vt 0.754984 0.358465
vt 0.779975 0.006025
vt 0.758420 0.009559
vt 0.757164 0.009544
vt 0.758463 0.313177
vt 0.757221 0.313172
vt 0.760894 0.006185
vt 0.760900 0.006831
vt 0.756028 0.006745
vt 0.756015 0.006093
vt 0.824670 0.263688
vt 0.824665 0.263957
vt 0.824223 0.263512
vt 0.824228 0.263243
vt 0.786677 0.009628
vt 0.786639 0.006253
vt 0.828047 0.370763
vt 0.786722 0.353729
vt 0.786535 0.313130
vt 0.842107 0.264281
vt 0.842102 0.264550
vt 0.836713 0.264445
vt 0.836718 0.264175
vt 0.798607 0.276147
vt 0.798607 0.275878
vt 0.799057 0.275441
vt 0.799057 0.275711
vt 0.828077 0.370100
vt 0.747863 0.225812
vt 0.747862 0.269487
vt 0.816181 0.370772
vt 0.821153 0.370770
vt 0.861133 0.263227
vt 0.861139 0.263496
vt 0.860691 0.263950
vt 0.860686 0.263681
vt 0.854458 0.264055
vt 0.854464 0.264324
vt 0.849438 0.264425
vt 0.849433 0.264157
vt 0.786452 0.269495
vt 0.786452 0.225820
vt 0.747781 0.313119
vt 0.747727 0.006230
vt 0.747655 0.009602
vt 0.808892 0.731296
vt 0.803531 0.731304
vt 0.834992 0.275718
vt 0.834992 0.275448
vt 0.835448 0.275893
vt 0.835448 0.276163
vt 0.747576 0.353702
vt 0.835727 0.276858
vt 0.835727 0.277128
vt 0.786669 0.358260
vt 0.786457 0.094774
vt 0.786522 0.051114
vt 0.802604 0.370098
vt 0.747789 0.051104
vt 0.786670 0.005459
vt 0.747712 0.005443
vt 0.747855 0.094765
vt 0.798322 0.277128
vt 0.798322 0.276858
vt 0.823959 0.262526
vt 0.823964 0.262273
vt 0.747861 0.182133
vt 0.786453 0.182142
vt 0.786454 0.138460
vt 0.786687 0.359024
vt 0.803564 0.370100
vt 0.808919 0.370109
vt 0.747597 0.358242
vt 0.747859 0.138451
vt 0.816180 0.370112
vt 0.821168 0.370110
vt 0.747585 0.359010
vt 0.861393 0.262273
vt 0.861398 0.262526
vt 0.816956 0.685413
vt 0.816960 0.726739
vt 0.816825 0.275465
vt 0.816825 0.275195
vt 0.815872 0.370963
vt 0.816974 0.373568
vt 0.814412 0.726739
vt 0.815516 0.730632
vt 0.815855 0.730632
vt 0.815854 0.731088
vt 0.815871 0.370303
vt 0.817226 0.275465
vt 0.817226 0.275195
vt 0.816966 0.460802
vt 0.816963 0.505724
vt 0.816971 0.415876
vt 0.816961 0.550645
vt 0.816958 0.595565
vt 0.816955 0.640486
vt 0.814431 0.460802
vt 0.814429 0.505724
vt 0.814430 0.373568
vt 0.814432 0.415876
vt 0.814421 0.640485
vt 0.814414 0.685413
vt 0.814426 0.550645
vt 0.814424 0.595565
vt 0.815517 0.731088
vt 0.842482 0.264289
vt 0.842476 0.264558
vt 0.804247 0.373566
vt 0.804274 0.415882
vt 0.801707 0.685399
vt 0.801663 0.726738
vt 0.804214 0.726739
vt 0.803252 0.730435
vt 0.827156 0.726739
vt 0.827398 0.730434
vt 0.804291 0.505723
vt 0.804289 0.550644
vt 0.804286 0.595565
vt 0.804283 0.640485
vt 0.804249 0.685404
vt 0.804293 0.460801
vt 0.801752 0.595565
vt 0.801749 0.640485
vt 0.801759 0.460801
vt 0.801757 0.505723
vt 0.801754 0.550644
vt 0.801734 0.415885
vt 0.801697 0.373568
vt 0.803253 0.370292
vt 0.803286 0.370954
vt 0.804177 0.275462
vt 0.804177 0.275192
vt 0.803219 0.731097
vt 0.830189 0.263284
vt 0.829813 0.263277
vt 0.829817 0.263066
vt 0.830193 0.263074
vt 0.829406 0.263269
vt 0.829033 0.263261
vt 0.829037 0.263051
vt 0.829410 0.263058
vt 0.803776 0.275461
vt 0.803777 0.275192
vt 0.829663 0.685401
vt 0.829708 0.726737
vt 0.829148 0.275468
vt 0.829148 0.275198
vt 0.827739 0.370954
vt 0.829707 0.373569
vt 0.854819 0.263285
vt 0.854443 0.263293
vt 0.854439 0.263082
vt 0.854814 0.263075
vt 0.827738 0.730435
vt 0.827767 0.731097
vt 0.827768 0.370292
vt 0.829548 0.275468
vt 0.829549 0.275198
vt 0.829639 0.460803
vt 0.829635 0.505724
vt 0.829669 0.415886
vt 0.829633 0.550646
vt 0.829630 0.595566
vt 0.829627 0.640487
vt 0.827104 0.460802
vt 0.827101 0.505724
vt 0.827157 0.373567
vt 0.827129 0.415882
vt 0.827093 0.640486
vt 0.827121 0.685405
vt 0.827098 0.550645
vt 0.827095 0.595566
vt 0.827429 0.731095
vt 0.810613 0.373567
vt 0.810623 0.415877
vt 0.808061 0.685409
vt 0.808040 0.726739
vt 0.810589 0.726739
vt 0.809556 0.730429
vt 0.809539 0.731090
vt 0.810627 0.505723
vt 0.810625 0.550644
vt 0.810622 0.595565
vt 0.810619 0.640485
vt 0.810602 0.685411
vt 0.810630 0.460802
vt 0.808088 0.595565
vt 0.808085 0.640485
vt 0.808095 0.460802
vt 0.808093 0.505723
vt 0.808090 0.550644
vt 0.808083 0.415878
vt 0.808067 0.373567
vt 0.809565 0.370301
vt 0.809582 0.370961
vt 0.810701 0.276226
vt 0.811068 0.276226
vt 0.811068 0.276436
vt 0.810701 0.276436
vt 0.809217 0.730430
vt 0.835936 0.264160
vt 0.835931 0.264429
vt 0.809934 0.276226
vt 0.810301 0.276226
vt 0.810301 0.276436
vt 0.809934 0.276436
vt 0.823336 0.373567
vt 0.823320 0.415879
vt 0.820768 0.685412
vt 0.820782 0.726739
vt 0.823331 0.726739
vt 0.821794 0.730429
vt 0.778248 0.269491
vt 0.778334 0.313170
vt 0.823300 0.505724
vt 0.823297 0.550645
vt 0.823294 0.595566
vt 0.823292 0.640486
vt 0.823309 0.685410
vt 0.823302 0.460802
vt 0.820759 0.595566
vt 0.820757 0.640486
vt 0.820768 0.460802
vt 0.820765 0.505724
vt 0.820762 0.550645
vt 0.820781 0.415877
vt 0.820791 0.373567
vt 0.821816 0.370301
vt 0.821802 0.370961
vt 0.823387 0.276229
vt 0.823753 0.276229
vt 0.823753 0.276440
vt 0.823387 0.276439
vt 0.821808 0.731090
vt 0.849418 0.263394
vt 0.849044 0.263401
vt 0.849039 0.263191
vt 0.849413 0.263184
vt 0.848637 0.263410
vt 0.848262 0.263417
vt 0.848257 0.263207
vt 0.848633 0.263199
vt 0.822619 0.276229
vt 0.822986 0.276229
vt 0.822986 0.276439
vt 0.822619 0.276439
vt 0.768398 0.313193
vt 0.768400 0.353792
vt 0.761193 0.006375
vt 0.761201 0.007020
vt 0.767330 0.007041
vt 0.768410 0.009589
vt 0.773146 0.357447
vt 0.773156 0.358096
vt 0.767312 0.357411
vt 0.767311 0.358058
vt 0.767329 0.006397
vt 0.759674 0.009567
vt 0.768389 0.094768
vt 0.768389 0.138454
vt 0.768396 0.051058
vt 0.768389 0.182136
vt 0.768389 0.225815
vt 0.768390 0.269490
vt 0.765924 0.094768
vt 0.765924 0.138454
vt 0.759717 0.051065
vt 0.765925 0.269490
vt 0.765914 0.313193
vt 0.759760 0.094768
vt 0.759763 0.138454
vt 0.765925 0.182136
vt 0.765925 0.225815
vt 0.759763 0.269491
vt 0.759705 0.313181
vt 0.766979 0.357411
vt 0.766981 0.358058
vt 0.761163 0.357443
vt 0.761157 0.358092
vt 0.759614 0.353809
vt 0.780989 0.009516
vt 0.780794 0.051086
vt 0.778484 0.353845
vt 0.781060 0.353846
vt 0.779715 0.357611
vt 0.759764 0.182136
vt 0.759765 0.225815
vt 0.780712 0.138454
vt 0.780711 0.182136
vt 0.780710 0.225815
vt 0.780712 0.269491
vt 0.780818 0.313157
vt 0.780715 0.094768
vt 0.778246 0.225815
vt 0.778250 0.094768
vt 0.778247 0.138454
vt 0.778247 0.182136
vt 0.778315 0.051077
vt 0.778429 0.009531
vt 0.779677 0.006232
vt 0.779670 0.006895
vt 0.779328 0.006906
vt 0.779721 0.358282
vt 0.779370 0.357600
vt 0.753234 0.353828
vt 0.755292 0.357574
vt 0.779340 0.006247
vt 0.755979 0.313167
vt 0.755809 0.353829
vt 0.755370 0.006259
vt 0.755376 0.006917
vt 0.755716 0.006928
vt 0.755900 0.009533
vt 0.755636 0.357563
vt 0.755624 0.358228
vt 0.755704 0.006272
vt 0.753341 0.009514
vt 0.756062 0.094768
vt 0.756066 0.138454
vt 0.755997 0.051075
vt 0.756067 0.182137
vt 0.756068 0.225815
vt 0.756066 0.269491
vt 0.753597 0.094768
vt 0.753601 0.138454
vt 0.753517 0.051084
vt 0.753602 0.269491
vt 0.753496 0.313155
vt 0.753603 0.182137
vt 0.753604 0.225815
vt 0.755285 0.358242
vt 0.779381 0.358266
vt 0.774654 0.009567
vt 0.774595 0.051066
vt 0.772124 0.313189
vt 0.772162 0.353806
vt 0.774680 0.353816
vt 0.773481 0.357451
vt 0.773487 0.358101
vt 0.774550 0.138454
vt 0.774550 0.182136
vt 0.774550 0.225815
vt 0.774552 0.269490
vt 0.774608 0.313183
vt 0.774552 0.094768
vt 0.772086 0.225815
vt 0.772087 0.269490
vt 0.772087 0.094768
vt 0.772086 0.138454
vt 0.772086 0.182136
vt 0.772115 0.051062
vt 0.772152 0.009579
vt 0.773488 0.006372
vt 0.773480 0.007017
vt 0.773146 0.007021
vt 0.765894 0.353791
vt 0.773158 0.006376
vt 0.762176 0.009578
vt 0.762197 0.051061
vt 0.765917 0.009589
vt 0.765916 0.051058
vt 0.762132 0.353800
vt 0.761498 0.357439
vt 0.762227 0.138454
vt 0.762228 0.182136
vt 0.762229 0.225815
vt 0.762228 0.269490
vt 0.762189 0.313188
vt 0.762225 0.094768
vt 0.761523 0.006378
vt 0.761534 0.007023
vt 0.766999 0.006397
vt 0.766997 0.007041
vt 0.761488 0.358087
vt 0.827398 0.370955
vt 0.827429 0.370294
vt 0.821478 0.370302
vt 0.821462 0.370962
vt 0.842876 0.264289
vt 0.842883 0.264558
vt 0.821455 0.730429
vt 0.821471 0.731089
vt 0.815532 0.370963
vt 0.815533 0.370303
vt 0.809227 0.370301
vt 0.809242 0.370960
vt 0.809202 0.731091
vt 0.855599 0.263269
vt 0.855226 0.263277
vt 0.855221 0.263067
vt 0.855595 0.263059
vt 0.836343 0.264168
vt 0.836338 0.264437
vt 0.802911 0.730437
vt 0.802880 0.731099
vt 0.802944 0.370952
vt 0.802914 0.370290
vt 0.815686 0.726739
vt 0.815685 0.685413
vt 0.815702 0.373568
vt 0.815702 0.371068
vt 0.815686 0.731032
vt 0.815686 0.730632
vt 0.815702 0.370408
vt 0.815696 0.505724
vt 0.815699 0.460802
vt 0.815691 0.595565
vt 0.815693 0.550645
vt 0.815688 0.640486
vt 0.815701 0.415876
vt 0.803004 0.415883
vt 0.802972 0.373567
vt 0.803082 0.730323
vt 0.802939 0.726739
vt 0.803022 0.550644
vt 0.803024 0.505723
vt 0.803016 0.640485
vt 0.803019 0.595565
vt 0.803026 0.460801
vt 0.802978 0.685402
vt 0.803116 0.371059
vt 0.803084 0.370396
vt 0.803050 0.730986
vt 0.828432 0.726738
vt 0.828392 0.685403
vt 0.828432 0.373568
vt 0.827568 0.371060
vt 0.827597 0.730984
vt 0.827567 0.730322
vt 0.827597 0.370398
vt 0.828368 0.505724
vt 0.828372 0.460803
vt 0.828363 0.595566
vt 0.828366 0.550646
vt 0.828361 0.640487
vt 0.828399 0.415884
vt 0.809353 0.415877
vt 0.809340 0.373567
vt 0.809387 0.730317
vt 0.809314 0.726739
vt 0.809358 0.550644
vt 0.809360 0.505723
vt 0.809352 0.640485
vt 0.809355 0.595565
vt 0.809362 0.460802
vt 0.809331 0.685410
vt 0.809412 0.371066
vt 0.809397 0.370406
vt 0.809371 0.730978
vt 0.822050 0.415878
vt 0.822064 0.373567
vt 0.821624 0.730316
vt 0.822057 0.726739
vt 0.822029 0.550645
vt 0.822032 0.505724
vt 0.822024 0.640486
vt 0.822027 0.595566
vt 0.822035 0.460802
vt 0.822039 0.685411
vt 0.821632 0.371067
vt 0.821647 0.370406
vt 0.821639 0.730978
vt 0.767147 0.353792
vt 0.767156 0.313193
vt 0.767164 0.009589
vt 0.767164 0.007144
vt 0.767146 0.357949
vt 0.767146 0.357301
vt 0.767164 0.006499
vt 0.767157 0.138454
vt 0.767156 0.094768
vt 0.767157 0.225815
vt 0.767157 0.182136
vt 0.767157 0.269490
vt 0.767156 0.051058
vt 0.779554 0.051081
vt 0.779703 0.009522
vt 0.779544 0.357491
vt 0.779767 0.353848
vt 0.779479 0.182136
vt 0.779480 0.138454
vt 0.779480 0.269491
vt 0.779478 0.225815
vt 0.779483 0.094768
vt 0.779576 0.313164
vt 0.779501 0.007006
vt 0.779511 0.006344
vt 0.779554 0.358161
vt 0.754526 0.353830
vt 0.754738 0.313161
vt 0.754625 0.009524
vt 0.755544 0.007028
vt 0.755452 0.358123
vt 0.755463 0.357455
vt 0.755535 0.006370
vt 0.754834 0.138454
vt 0.754830 0.094768
vt 0.754836 0.225815
vt 0.754835 0.182137
vt 0.754834 0.269491
vt 0.754757 0.051079
vt 0.773355 0.051064
vt 0.773402 0.009574
vt 0.773314 0.357338
vt 0.773420 0.353811
vt 0.773318 0.182136
vt 0.773318 0.138454
vt 0.773319 0.269490
vt 0.773318 0.225815
vt 0.773320 0.094768
vt 0.773366 0.313186
vt 0.773313 0.007122
vt 0.773323 0.006476
vt 0.773322 0.357989
vt 0.760957 0.051063
vt 0.760926 0.009573
vt 0.761330 0.357330
vt 0.760874 0.353805
vt 0.760996 0.182136
vt 0.760995 0.138454
vt 0.760995 0.269490
vt 0.760997 0.225815
vt 0.760993 0.094768
vt 0.760947 0.313185
vt 0.761367 0.007125
vt 0.761357 0.006479
vt 0.761322 0.357980
vt 0.829148 0.276230
vt 0.829347 0.276230
vt 0.829347 0.276441
vt 0.829147 0.276441
vt 0.829548 0.276230
vt 0.829548 0.276441
vt 0.823387 0.275466
vt 0.823186 0.275466
vt 0.823186 0.275197
vt 0.823387 0.275197
vt 0.822987 0.275466
vt 0.822987 0.275197
vt 0.842861 0.263525
vt 0.842679 0.263527
vt 0.842679 0.263316
vt 0.842857 0.263315
vt 0.842497 0.263525
vt 0.842500 0.263315
vt 0.848652 0.264172
vt 0.848855 0.264168
vt 0.848860 0.264437
vt 0.848658 0.264442
vt 0.849059 0.264164
vt 0.849065 0.264433
vt 0.816825 0.276228
vt 0.817025 0.276228
vt 0.817025 0.276438
vt 0.816825 0.276438
vt 0.817226 0.276228
vt 0.817226 0.276438
vt 0.810701 0.275463
vt 0.810502 0.275463
vt 0.810502 0.275194
vt 0.810701 0.275194
vt 0.810301 0.275463
vt 0.810301 0.275194
vt 0.854834 0.264048
vt 0.855036 0.264043
vt 0.855042 0.264312
vt 0.854840 0.264317
vt 0.855241 0.264039
vt 0.855247 0.264309
vt 0.836358 0.263405
vt 0.836155 0.263401
vt 0.836159 0.263191
vt 0.836362 0.263195
vt 0.835951 0.263397
vt 0.835955 0.263187
vt 0.829391 0.264031
vt 0.829596 0.264035
vt 0.829590 0.264305
vt 0.829386 0.264300
vt 0.829798 0.264039
vt 0.829792 0.264309
vt 0.803776 0.276224
vt 0.803978 0.276224
vt 0.803978 0.276435
vt 0.803776 0.276435
vt 0.804177 0.276224
vt 0.804177 0.276435
vt 0.803978 0.275192
vt 0.803978 0.275461
vt 0.829611 0.263273
vt 0.836135 0.264433
vt 0.836140 0.264164
vt 0.855021 0.263281
vt 0.810501 0.276226
vt 0.817026 0.275195
vt 0.817026 0.275465
vt 0.848840 0.263405
vt 0.842679 0.264563
vt 0.842679 0.264293
vt 0.823186 0.276229
vt 0.829347 0.275198
vt 0.829347 0.275468
vt 0.836733 0.263413
vt 0.843236 0.263519
vt 0.835577 0.263390
vt 0.829914 0.276231
vt 0.828780 0.276230
vt 0.803411 0.276224
vt 0.804545 0.276224
vt 0.842122 0.263519
vt 0.817592 0.276228
vt 0.816459 0.276227
vt 0.861378 0.261557
vt 0.861118 0.262464
vt 0.747094 0.094765
vt 0.747098 0.138451
vt 0.787273 0.051115
vt 0.787491 0.009655
vt 0.825516 0.263192
vt 0.824685 0.262926
vt 0.834157 0.276232
vt 0.834991 0.276480
vt 0.746716 0.358275
vt 0.746749 0.359048
vt 0.787215 0.138460
vt 0.787218 0.094774
vt 0.747100 0.182133
vt 0.746772 0.353679
vt 0.787213 0.225820
vt 0.787214 0.182142
vt 0.787517 0.359066
vt 0.787542 0.358298
vt 0.799057 0.276473
vt 0.799893 0.276223
vt 0.747102 0.225811
vt 0.824243 0.262480
vt 0.823977 0.261557
vt 0.798322 0.277891
vt 0.798606 0.276910
vt 0.747038 0.051105
vt 0.746799 0.005382
vt 0.746828 0.006179
vt 0.787547 0.006210
vt 0.787593 0.005405
vt 0.746838 0.009615
vt 0.860670 0.262919
vt 0.859842 0.263184
vt 0.787527 0.353715
vt 0.835448 0.276925
vt 0.835727 0.277891
vt 0.747029 0.313117
vt 0.787287 0.313129
vt 0.787213 0.269495
vt 0.747102 0.269486
vt 0.817592 0.276438
vt 0.816458 0.276438
vt 0.804545 0.276435
vt 0.835581 0.263180
vt 0.829914 0.276441
vt 0.834157 0.276442
vt 0.859837 0.262973
vt 0.828780 0.276441
vt 0.825521 0.262982
vt 0.799893 0.276434
vt 0.803411 0.276435
vt 0.843232 0.263308
vt 0.824689 0.262715
vt 0.824248 0.262270
vt 0.787802 0.009658
vt 0.787803 0.006203
vt 0.787824 0.353714
vt 0.788019 0.313133
vt 0.842126 0.263308
vt 0.836737 0.263202
vt 0.798606 0.277120
vt 0.799057 0.276684
vt 0.746340 0.225807
vt 0.746341 0.269481
vt 0.861113 0.262254
vt 0.860666 0.262708
vt 0.787974 0.269500
vt 0.787974 0.225826
vt 0.746297 0.313113
vt 0.746574 0.006170
vt 0.746528 0.009617
vt 0.834991 0.276691
vt 0.835448 0.277136
vt 0.746475 0.353677
vt 0.835727 0.278101
vt 0.787786 0.358305
vt 0.787979 0.094780
vt 0.788014 0.051119
vt 0.746297 0.051100
vt 0.787848 0.005393
vt 0.746547 0.005368
vt 0.746333 0.094761
vt 0.798322 0.278101
vt 0.823981 0.261359
vt 0.746338 0.182128
vt 0.787975 0.182147
vt 0.787977 0.138465
vt 0.787746 0.359076
vt 0.746470 0.358280
vt 0.746336 0.138446
vt 0.746518 0.359056
vt 0.861375 0.261359
vt 0.823186 0.276439
vt 0.848835 0.263195
vt 0.810502 0.276436
vt 0.855017 0.263070
vt 0.829615 0.263062
vt 0.867411 0.046208
vt 0.867411 0.054841
vt 0.857451 0.055019
vt 0.857451 0.046386
vt 0.867411 0.062400
vt 0.867411 0.062637
vt 0.857451 0.062815
vt 0.857451 0.062578
vt 0.867411 0.041243
vt 0.857451 0.041421
vt 0.975348 0.383926
vt 0.966763 0.383926
vt 0.966763 0.378054
vt 0.975348 0.378054
vt 0.959248 0.383926
vt 0.959013 0.383926
vt 0.959013 0.378054
vt 0.959248 0.378054
vt 0.980271 0.383926
vt 0.980271 0.378054
vt 0.966763 0.371060
vt 0.975348 0.371060
vt 0.959013 0.371060
vt 0.959248 0.371060
vt 0.980271 0.371060
vt 0.966763 0.362257
vt 0.975348 0.362257
vt 0.959013 0.362257
vt 0.959248 0.362257
vt 0.980271 0.362257
vt 0.966763 0.354386
vt 0.975348 0.354386
vt 0.959013 0.354386
vt 0.959248 0.354386
vt 0.980271 0.354386
vt 0.966763 0.345406
vt 0.975348 0.345406
vt 0.959013 0.345406
vt 0.959248 0.345406
vt 0.980271 0.345406
vt 0.966763 0.323644
vt 0.975348 0.323644
vt 0.959013 0.323644
vt 0.959248 0.323644
vt 0.980271 0.323644
vt 0.966763 0.291353
vt 0.975348 0.291353
vt 0.959013 0.291353
vt 0.959248 0.291353
vt 0.980271 0.291353
vt 0.966763 0.255408
vt 0.975348 0.255408
vt 0.959013 0.255408
vt 0.959248 0.255408
vt 0.980271 0.255408
vt 0.966763 0.208083
vt 0.975348 0.208083
vt 0.959013 0.208083
vt 0.959248 0.208083
vt 0.980271 0.208083
vt 0.966763 0.146453
vt 0.975348 0.146453
vt 0.959013 0.146453
vt 0.959248 0.146453
vt 0.980271 0.146453
vt 0.982525 0.146453
vt 0.982525 0.101333
vt 0.982821 0.101333
vt 0.982821 0.146453
vt 0.959248 0.078880
vt 0.959013 0.078880
vt 0.959013 0.056411
vt 0.959248 0.056411
vt 0.961592 0.146453
vt 0.961592 0.101333
vt 0.966763 0.101333
vt 0.975348 0.078880
vt 0.966763 0.078880
vt 0.966763 0.056411
vt 0.975348 0.056411
vt 0.975348 0.101333
vt 0.980271 0.078880
vt 0.980271 0.056411
vt 0.808224 0.061016
vt 0.798317 0.060838
vt 0.798316 0.052204
vt 0.808224 0.052382
vt 0.808224 0.044824
vt 0.798316 0.044646
vt 0.798316 0.044409
vt 0.808224 0.044587
vt 0.808224 0.065980
vt 0.798317 0.065803
vt 0.975435 0.394750
vt 0.975435 0.400568
vt 0.966800 0.400568
vt 0.966800 0.394750
vt 0.959242 0.394750
vt 0.959242 0.400568
vt 0.959005 0.400568
vt 0.959005 0.394750
vt 0.980387 0.394750
vt 0.980387 0.400568
vt 0.975435 0.407497
vt 0.966800 0.407497
vt 0.959242 0.407497
vt 0.959005 0.407497
vt 0.980387 0.407497
vt 0.975435 0.416219
vt 0.966800 0.416219
vt 0.959242 0.416219
vt 0.959005 0.416219
vt 0.980387 0.416219
vt 0.975435 0.424017
vt 0.966800 0.424017
vt 0.959242 0.424017
vt 0.959005 0.424017
vt 0.980387 0.424017
vt 0.975435 0.432915
vt 0.966800 0.432915
vt 0.959242 0.432915
vt 0.959005 0.432915
vt 0.980387 0.432915
vt 0.975435 0.454476
vt 0.966800 0.454476
vt 0.959242 0.454476
vt 0.959005 0.454476
vt 0.980387 0.454476
vt 0.975435 0.486470
vt 0.966800 0.486470
vt 0.959242 0.486470
vt 0.959005 0.486470
vt 0.980387 0.486470
vt 0.975435 0.522083
vt 0.966800 0.522083
vt 0.959242 0.522083
vt 0.959005 0.522083
vt 0.980387 0.522083
vt 0.975435 0.568972
vt 0.966800 0.568972
vt 0.959242 0.568972
vt 0.959005 0.568972
vt 0.980387 0.568972
vt 0.975435 0.630034
vt 0.966800 0.630034
vt 0.959242 0.630034
vt 0.959005 0.630034
vt 0.980387 0.630034
vt 0.982653 0.630034
vt 0.982951 0.630034
vt 0.982951 0.674738
vt 0.982653 0.674738
vt 0.959242 0.696984
vt 0.959242 0.719247
vt 0.959005 0.719247
vt 0.959005 0.696984
vt 0.961599 0.630034
vt 0.966800 0.674738
vt 0.961599 0.674738
vt 0.975435 0.696984
vt 0.975435 0.719247
vt 0.966800 0.719247
vt 0.966800 0.696984
vt 0.975435 0.674738
vt 0.980387 0.696984
vt 0.980387 0.719247
vt 0.822974 0.207272
vt 0.822974 0.207600
vt 0.822885 0.207600
vt 0.822884 0.207273
vt 0.822976 0.187342
vt 0.823015 0.192848
vt 0.822911 0.192849
vt 0.822884 0.187342
vt 0.823015 0.199433
vt 0.822913 0.199433
vt 0.937096 0.213830
vt 0.937096 0.214020
vt 0.936994 0.214020
vt 0.936995 0.213829
vt 0.845807 0.054273
vt 0.845834 0.062136
vt 0.845697 0.062106
vt 0.845676 0.054259
vt 0.807357 0.080138
vt 0.814750 0.080001
vt 0.814724 0.080130
vt 0.807416 0.080268
vt 0.879838 0.104550
vt 0.872460 0.104443
vt 0.872518 0.104313
vt 0.879811 0.104422
vt 0.801963 0.085858
vt 0.802085 0.085934
vt 0.867054 0.098757
vt 0.867176 0.098680
vt 0.798805 0.093772
vt 0.798954 0.093792
vt 0.863870 0.090872
vt 0.864019 0.090852
vt 0.800869 0.101477
vt 0.801002 0.101426
vt 0.865899 0.083176
vt 0.866032 0.083228
vt 0.806061 0.107614
vt 0.806160 0.107496
vt 0.871071 0.077014
vt 0.871169 0.077134
vt 0.814792 0.111415
vt 0.814852 0.111261
vt 0.879884 0.073136
vt 0.879944 0.073293
vt 0.850877 0.124312
vt 0.849074 0.106320
vt 0.849389 0.106315
vt 0.851193 0.124291
vt 0.938081 0.151891
vt 0.940063 0.133936
vt 0.940378 0.133959
vt 0.938395 0.151902
vt 0.850479 0.142394
vt 0.850793 0.142394
vt 0.939846 0.115864
vt 0.940160 0.115867
vt 0.850477 0.160473
vt 0.850792 0.160483
vt 0.940026 0.097793
vt 0.940341 0.097780
vt 0.850870 0.178560
vt 0.851186 0.178586
vt 0.939764 0.079693
vt 0.940079 0.079664
vt 0.848722 0.214650
vt 0.848978 0.196615
vt 0.849291 0.196661
vt 0.849035 0.214710
vt 0.938018 0.061645
vt 0.938331 0.061600
vt 0.850875 0.250053
vt 0.849193 0.232555
vt 0.849507 0.232630
vt 0.851193 0.250176
vt 0.937909 0.043632
vt 0.938525 0.025760
vt 0.938839 0.025684
vt 0.938222 0.043572
vt 0.845753 0.047031
vt 0.845642 0.047029
vt 0.937214 0.196207
vt 0.937187 0.204069
vt 0.937056 0.204084
vt 0.937077 0.196237
vt 0.815963 0.066119
vt 0.815963 0.061155
vt 0.815963 0.044963
vt 0.815963 0.044726
vt 0.815963 0.052521
vt 0.875191 0.041104
vt 0.875191 0.046069
vt 0.875191 0.062261
vt 0.875191 0.062498
vt 0.875191 0.054702
vt 0.877371 0.046030
vt 0.877371 0.054663
vt 0.877217 0.054666
vt 0.877217 0.046032
vt 0.877371 0.062222
vt 0.877371 0.062459
vt 0.877217 0.062461
vt 0.877217 0.062224
vt 0.877371 0.041065
vt 0.877217 0.041068
vt 0.818131 0.061194
vt 0.817979 0.061191
vt 0.817979 0.052558
vt 0.818131 0.052560
vt 0.818131 0.045002
vt 0.817979 0.044999
vt 0.817979 0.044762
vt 0.818131 0.044765
vt 0.818131 0.066158
vt 0.817979 0.066156
vt 0.845716 0.044322
vt 0.845716 0.044512
vt 0.845615 0.044513
vt 0.845614 0.044323
vt 0.937133 0.211311
vt 0.937022 0.211313
vt 0.818131 0.047359
vt 0.817979 0.047357
vt 0.877371 0.059864
vt 0.877217 0.059867
vt 0.875191 0.059903
vt 0.867411 0.060042
vt 0.815963 0.047320
vt 0.808224 0.047181
vt 0.822974 0.184493
vt 0.822974 0.184753
vt 0.822884 0.184753
vt 0.822885 0.184492
vt 0.959242 0.674738
vt 0.959005 0.674738
vt 0.961599 0.696984
vt 0.961599 0.719247
vt 0.961599 0.568972
vt 0.961599 0.522083
vt 0.961599 0.486470
vt 0.961599 0.454476
vt 0.961599 0.432915
vt 0.961599 0.424017
vt 0.961599 0.416219
vt 0.961599 0.407497
vt 0.961599 0.400568
vt 0.961599 0.394750
vt 0.798316 0.047003
vt 0.959013 0.101333
vt 0.959248 0.101333
vt 0.961592 0.078880
vt 0.961592 0.056411
vt 0.961592 0.208083
vt 0.961592 0.255408
vt 0.961592 0.291353
vt 0.961592 0.323644
vt 0.961592 0.345406
vt 0.961592 0.354386
vt 0.961592 0.362257
vt 0.961592 0.371060
vt 0.961592 0.378054
vt 0.961592 0.383926
vt 0.857451 0.060220
vt 0.818131 0.068730
vt 0.817979 0.068727
vt 0.817979 0.068428
vt 0.818131 0.068431
vt 0.877371 0.038494
vt 0.877371 0.038792
vt 0.877217 0.038795
vt 0.877217 0.038497
vt 0.875191 0.038533
vt 0.875191 0.038831
vt 0.867411 0.038970
vt 0.867411 0.038672
vt 0.815963 0.068691
vt 0.808224 0.068552
vt 0.808224 0.068253
vt 0.815963 0.068392
vt 0.822976 0.204775
vt 0.822885 0.204775
vt 0.982951 0.696984
vt 0.982951 0.719247
vt 0.982653 0.719247
vt 0.982653 0.696984
vt 0.980387 0.674738
vt 0.982951 0.568972
vt 0.982653 0.568972
vt 0.982951 0.522083
vt 0.982653 0.522083
vt 0.982951 0.486470
vt 0.982653 0.486470
vt 0.982951 0.454476
vt 0.982653 0.454476
vt 0.982951 0.432915
vt 0.982653 0.432915
vt 0.982951 0.424017
vt 0.982653 0.424017
vt 0.982951 0.416219
vt 0.982653 0.416219
vt 0.982951 0.407497
vt 0.982653 0.407497
vt 0.982951 0.400568
vt 0.982653 0.400568
vt 0.982951 0.394750
vt 0.982653 0.394750
vt 0.798317 0.068374
vt 0.798317 0.068075
vt 0.982821 0.078880
vt 0.982525 0.078880
vt 0.982525 0.056411
vt 0.982821 0.056411
vt 0.980271 0.101333
vt 0.982821 0.208083
vt 0.982525 0.208083
vt 0.982821 0.255408
vt 0.982525 0.255408
vt 0.982821 0.291353
vt 0.982525 0.291353
vt 0.982821 0.323644
vt 0.982525 0.323644
vt 0.982821 0.345406
vt 0.982525 0.345406
vt 0.982821 0.354386
vt 0.982525 0.354386
vt 0.982821 0.362257
vt 0.982525 0.362257
vt 0.982821 0.371060
vt 0.982525 0.371060
vt 0.982821 0.378054
vt 0.982525 0.378054
vt 0.982821 0.383926
vt 0.982525 0.383926
vt 0.857452 0.039149
vt 0.857452 0.038850
vt 0.823406 0.204775
vt 0.823408 0.207272
vt 0.823304 0.207272
vt 0.823302 0.204776
vt 0.823409 0.184494
vt 0.823408 0.184754
vt 0.823303 0.184754
vt 0.823304 0.184494
vt 0.937570 0.211301
vt 0.937588 0.213828
vt 0.937470 0.213829
vt 0.937447 0.211305
vt 0.846209 0.044323
vt 0.846209 0.044514
vt 0.846090 0.044513
vt 0.846090 0.044322
vt 0.937589 0.196124
vt 0.937575 0.204026
vt 0.937443 0.204041
vt 0.937452 0.196155
vt 0.846190 0.047041
vt 0.846195 0.054316
vt 0.846063 0.054301
vt 0.846067 0.047037
vt 0.937285 0.043751
vt 0.937900 0.025910
vt 0.938213 0.025835
vt 0.937597 0.043691
vt 0.848353 0.196524
vt 0.850241 0.178509
vt 0.850556 0.178535
vt 0.848666 0.196570
vt 0.850242 0.249810
vt 0.848569 0.232408
vt 0.848881 0.232482
vt 0.850558 0.249932
vt 0.939137 0.079750
vt 0.937394 0.061733
vt 0.937706 0.061688
vt 0.939451 0.079721
vt 0.848098 0.214531
vt 0.848410 0.214591
vt 0.939398 0.097817
vt 0.939712 0.097805
vt 0.849849 0.160454
vt 0.850163 0.160464
vt 0.939217 0.115859
vt 0.939532 0.115861
vt 0.849849 0.142393
vt 0.850164 0.142393
vt 0.939435 0.133889
vt 0.939749 0.133912
vt 0.850248 0.124353
vt 0.850562 0.124332
vt 0.937451 0.151867
vt 0.937766 0.151878
vt 0.848442 0.106333
vt 0.848759 0.106327
vt 0.870830 0.076740
vt 0.879764 0.072821
vt 0.879824 0.072979
vt 0.870929 0.076863
vt 0.814672 0.111726
vt 0.805815 0.107882
vt 0.805916 0.107762
vt 0.814733 0.111570
vt 0.865485 0.083019
vt 0.865621 0.083073
vt 0.800453 0.101632
vt 0.800590 0.101578
vt 0.863409 0.090930
vt 0.863563 0.090910
vt 0.798343 0.093715
vt 0.798496 0.093735
vt 0.866662 0.099013
vt 0.866787 0.098934
vt 0.801569 0.085603
vt 0.801695 0.085681
vt 0.872247 0.104941
vt 0.872309 0.104805
vt 0.807142 0.079640
vt 0.807204 0.079776
vt 0.879944 0.105069
vt 0.879916 0.104936
vt 0.814852 0.079480
vt 0.814826 0.079614
vt 0.846209 0.062217
vt 0.846072 0.062187
vt 0.937589 0.214019
vt 0.937470 0.214020
vt 0.823381 0.192848
vt 0.823383 0.199433
vt 0.823275 0.199433
vt 0.823274 0.192848
vt 0.823402 0.187341
vt 0.823300 0.187341
vt 0.823409 0.207600
vt 0.823304 0.207600
vt 0.980387 0.737978
vt 0.975435 0.737978
vt 0.975348 0.037505
vt 0.980271 0.037505
vt 0.959248 0.037505
vt 0.961592 0.037505
vt 0.961599 0.737978
vt 0.959242 0.737978
vt 0.939742 0.008320
vt 0.940059 0.008186
vt 0.939426 0.008454
vt 0.982525 0.037505
vt 0.982653 0.737978
vt 0.959013 0.037505
vt 0.959005 0.737978
vt 0.940378 0.008051
vt 0.982951 0.737978
vt 0.966800 0.737978
vt 0.982821 0.037505
vt 0.966763 0.037505
vt 0.865117 0.014301
vt 0.865117 0.021623
vt 0.855146 0.021801
vt 0.855146 0.014479
vt 0.865117 0.029440
vt 0.865117 0.029682
vt 0.855145 0.029860
vt 0.855145 0.029618
vt 0.865118 0.007286
vt 0.855146 0.007464
vt 0.906714 0.774574
vt 0.899583 0.774574
vt 0.899583 0.768981
vt 0.906714 0.768981
vt 0.891968 0.774574
vt 0.891732 0.774574
vt 0.891732 0.768981
vt 0.891968 0.768981
vt 0.913547 0.774574
vt 0.913547 0.768981
vt 0.899583 0.763015
vt 0.906714 0.763015
vt 0.891732 0.763015
vt 0.891968 0.763015
vt 0.913547 0.763015
vt 0.899583 0.755619
vt 0.906714 0.755618
vt 0.891732 0.755618
vt 0.891968 0.755618
vt 0.913547 0.755618
vt 0.899583 0.748683
vt 0.906714 0.748683
vt 0.891732 0.748683
vt 0.891968 0.748683
vt 0.913547 0.748683
vt 0.899583 0.740313
vt 0.906714 0.740313
vt 0.891732 0.740313
vt 0.891968 0.740313
vt 0.913547 0.740313
vt 0.899583 0.717577
vt 0.906714 0.717577
vt 0.891732 0.717577
vt 0.891968 0.717577
vt 0.913547 0.717577
vt 0.899583 0.685181
vt 0.906714 0.685181
vt 0.891732 0.685181
vt 0.891968 0.685181
vt 0.913547 0.685181
vt 0.899583 0.648367
vt 0.906714 0.648367
vt 0.891732 0.648367
vt 0.891968 0.648367
vt 0.913547 0.648367
vt 0.899583 0.599950
vt 0.906714 0.599950
vt 0.891732 0.599950
vt 0.891968 0.599950
vt 0.913547 0.599950
vt 0.899583 0.575509
vt 0.906714 0.575509
vt 0.891732 0.575509
vt 0.891968 0.575509
vt 0.913547 0.575509
vt 0.899583 0.551023
vt 0.906714 0.551023
vt 0.891732 0.551023
vt 0.891968 0.551023
vt 0.913547 0.551023
vt 0.899583 0.517194
vt 0.906714 0.517194
vt 0.891732 0.517194
vt 0.891968 0.517194
vt 0.913547 0.517194
vt 0.899583 0.476520
vt 0.906714 0.476520
vt 0.891732 0.476520
vt 0.891968 0.476520
vt 0.913547 0.476520
vt 0.899583 0.435237
vt 0.906714 0.435237
vt 0.893561 0.476520
vt 0.893561 0.435237
vt 0.914903 0.476520
vt 0.914903 0.435237
vt 0.915112 0.435237
vt 0.915112 0.476520
vt 0.891968 0.413688
vt 0.891732 0.413688
vt 0.891732 0.393871
vt 0.891968 0.393871
vt 0.906714 0.413688
vt 0.899583 0.413688
vt 0.899583 0.393871
vt 0.906714 0.393871
vt 0.913547 0.413688
vt 0.913547 0.393871
vt 0.838339 0.081937
vt 0.848247 0.082115
vt 0.848247 0.089437
vt 0.838340 0.089259
vt 0.838340 0.097076
vt 0.848247 0.097254
vt 0.848247 0.097496
vt 0.838340 0.097318
vt 0.838339 0.074922
vt 0.848247 0.075100
vt 0.940341 0.378259
vt 0.940341 0.383856
vt 0.933238 0.383856
vt 0.933238 0.378259
vt 0.925652 0.378259
vt 0.925652 0.383856
vt 0.925417 0.383856
vt 0.925417 0.378259
vt 0.947148 0.378259
vt 0.947148 0.383856
vt 0.940341 0.389827
vt 0.933238 0.389827
vt 0.925652 0.389827
vt 0.925417 0.389827
vt 0.947148 0.389827
vt 0.940341 0.397231
vt 0.933238 0.397231
vt 0.925652 0.397231
vt 0.925417 0.397231
vt 0.947148 0.397231
vt 0.940341 0.404171
vt 0.933238 0.404171
vt 0.925652 0.404171
vt 0.925417 0.404171
vt 0.947148 0.404171
vt 0.940341 0.412549
vt 0.933238 0.412549
vt 0.925652 0.412549
vt 0.925417 0.412549
vt 0.947148 0.412549
vt 0.940341 0.435304
vt 0.933238 0.435304
vt 0.925652 0.435304
vt 0.925417 0.435304
vt 0.947148 0.435304
vt 0.940341 0.467728
vt 0.933238 0.467728
vt 0.925652 0.467728
vt 0.925417 0.467728
vt 0.947148 0.467728
vt 0.940341 0.504573
vt 0.933238 0.504573
vt 0.925652 0.504573
vt 0.925417 0.504573
vt 0.947148 0.504573
vt 0.940341 0.553030
vt 0.933238 0.553030
vt 0.925652 0.553030
vt 0.925417 0.553030
vt 0.947148 0.553030
vt 0.940341 0.577492
vt 0.933238 0.577492
vt 0.925652 0.577492
vt 0.925417 0.577492
vt 0.947148 0.577492
vt 0.940341 0.601999
vt 0.933238 0.601999
vt 0.925652 0.601999
vt 0.925417 0.601999
vt 0.947148 0.601999
vt 0.940341 0.635856
vt 0.933238 0.635856
vt 0.925652 0.635856
vt 0.925417 0.635856
vt 0.947148 0.635856
vt 0.940341 0.676565
vt 0.933238 0.676565
vt 0.925652 0.676565
vt 0.925417 0.676565
vt 0.947148 0.676565
vt 0.940341 0.717883
vt 0.933238 0.717883
vt 0.927238 0.676565
vt 0.927238 0.717883
vt 0.948499 0.676565
vt 0.948706 0.676565
vt 0.948706 0.717883
vt 0.948499 0.717883
vt 0.925652 0.739450
vt 0.925652 0.759284
vt 0.925417 0.759284
vt 0.925417 0.739450
vt 0.940341 0.739450
vt 0.940341 0.759284
vt 0.933238 0.759284
vt 0.933238 0.739450
vt 0.947148 0.739450
vt 0.947148 0.759284
vt 0.948393 0.162065
vt 0.948397 0.161825
vt 0.948514 0.161827
vt 0.948510 0.162066
vt 0.948383 0.182526
vt 0.948379 0.176413
vt 0.948488 0.176413
vt 0.948494 0.182525
vt 0.948373 0.169948
vt 0.948485 0.169948
vt 0.874741 0.197053
vt 0.874742 0.196866
vt 0.874872 0.196867
vt 0.874871 0.197054
vt 0.835153 0.054035
vt 0.835165 0.046096
vt 0.835303 0.046133
vt 0.835285 0.054053
vt 0.873095 0.115254
vt 0.879655 0.115073
vt 0.879624 0.115203
vt 0.873151 0.115380
vt 0.836289 0.140289
vt 0.829728 0.140108
vt 0.829784 0.139982
vt 0.836258 0.140160
vt 0.868341 0.120257
vt 0.868447 0.120332
vt 0.824975 0.135104
vt 0.825080 0.135028
vt 0.864778 0.126932
vt 0.864911 0.126958
vt 0.821412 0.128427
vt 0.821545 0.128401
vt 0.865612 0.134271
vt 0.865738 0.134210
vt 0.822248 0.121088
vt 0.822373 0.121149
vt 0.871125 0.139947
vt 0.871216 0.139826
vt 0.827761 0.115412
vt 0.827853 0.115534
vt 0.879693 0.144873
vt 0.879771 0.144720
vt 0.836328 0.110489
vt 0.836406 0.110642
vt 0.798855 0.223833
vt 0.800177 0.241223
vt 0.799873 0.241227
vt 0.798550 0.223846
vt 0.812827 0.139144
vt 0.811532 0.156613
vt 0.811227 0.156600
vt 0.812522 0.139140
vt 0.798627 0.206347
vt 0.798322 0.206347
vt 0.811337 0.174176
vt 0.811031 0.174176
vt 0.799129 0.188873
vt 0.798825 0.188869
vt 0.811875 0.191725
vt 0.811570 0.191730
vt 0.799172 0.171411
vt 0.798868 0.171409
vt 0.811951 0.209264
vt 0.811646 0.209268
vt 0.799226 0.153950
vt 0.798921 0.153944
vt 0.812036 0.226804
vt 0.811730 0.226811
vt 0.798833 0.136481
vt 0.798528 0.136466
vt 0.811683 0.244353
vt 0.811377 0.244369
vt 0.800180 0.119072
vt 0.799878 0.119045
vt 0.812831 0.261860
vt 0.812526 0.261890
vt 0.861586 0.182374
vt 0.863500 0.195337
vt 0.863265 0.195302
vt 0.861344 0.182296
vt 0.836977 0.150009
vt 0.836183 0.163299
vt 0.835948 0.163333
vt 0.836745 0.150027
vt 0.863557 0.208765
vt 0.863323 0.208746
vt 0.835320 0.176650
vt 0.835619 0.190526
vt 0.835396 0.190664
vt 0.835081 0.176739
vt 0.835147 0.061385
vt 0.835276 0.061388
vt 0.874735 0.214709
vt 0.874722 0.206770
vt 0.874855 0.206752
vt 0.874872 0.214670
vt 0.830491 0.074781
vt 0.830491 0.081796
vt 0.830491 0.096935
vt 0.830491 0.097178
vt 0.830491 0.089119
vt 0.873017 0.007145
vt 0.873017 0.014160
vt 0.873017 0.029299
vt 0.873017 0.029541
vt 0.873017 0.021482
vt 0.875089 0.014123
vt 0.875089 0.021445
vt 0.874937 0.021448
vt 0.874937 0.014126
vt 0.875089 0.029262
vt 0.875089 0.029504
vt 0.874937 0.029507
vt 0.874937 0.029265
vt 0.875089 0.007108
vt 0.874937 0.007111
vt 0.828432 0.081760
vt 0.828582 0.081762
vt 0.828583 0.089084
vt 0.828432 0.089082
vt 0.828432 0.096898
vt 0.828583 0.096901
vt 0.828583 0.097143
vt 0.828432 0.097141
vt 0.828432 0.074744
vt 0.828582 0.074747
vt 0.835173 0.063941
vt 0.835171 0.063754
vt 0.835301 0.063753
vt 0.835303 0.063940
vt 0.874716 0.199422
vt 0.874845 0.199419
vt 0.828432 0.095264
vt 0.828583 0.095267
vt 0.875089 0.027628
vt 0.874937 0.027630
vt 0.873017 0.027664
vt 0.865117 0.027805
vt 0.830491 0.095301
vt 0.838340 0.095442
vt 0.948397 0.184621
vt 0.948394 0.184350
vt 0.948511 0.184349
vt 0.948514 0.184619
vt 0.927238 0.739450
vt 0.927238 0.759284
vt 0.925652 0.717883
vt 0.925417 0.717883
vt 0.927238 0.635856
vt 0.927238 0.601999
vt 0.927238 0.577492
vt 0.927238 0.553030
vt 0.927238 0.504573
vt 0.927238 0.467728
vt 0.927238 0.435304
vt 0.927238 0.412549
vt 0.927238 0.404171
vt 0.927238 0.397231
vt 0.927238 0.389827
vt 0.927238 0.383856
vt 0.927238 0.378259
vt 0.848247 0.095620
vt 0.893561 0.413688
vt 0.893561 0.393871
vt 0.891732 0.435237
vt 0.891968 0.435237
vt 0.893561 0.517194
vt 0.893561 0.551023
vt 0.893561 0.575509
vt 0.893561 0.599950
vt 0.893561 0.648367
vt 0.893561 0.685181
vt 0.893561 0.717577
vt 0.893561 0.740313
vt 0.893561 0.748683
vt 0.893561 0.755618
vt 0.893561 0.763015
vt 0.893561 0.768981
vt 0.893561 0.774574
vt 0.855145 0.027983
vt 0.828432 0.073176
vt 0.828582 0.073178
vt 0.828582 0.073393
vt 0.828432 0.073390
vt 0.875089 0.005539
vt 0.875089 0.005754
vt 0.874937 0.005756
vt 0.874937 0.005542
vt 0.873017 0.005576
vt 0.873017 0.005791
vt 0.865118 0.005932
vt 0.865118 0.005717
vt 0.830490 0.073213
vt 0.838339 0.073354
vt 0.838339 0.073568
vt 0.830490 0.073427
vt 0.948372 0.163574
vt 0.948486 0.163574
vt 0.948706 0.739450
vt 0.948706 0.759284
vt 0.948499 0.759284
vt 0.948499 0.739450
vt 0.947148 0.717883
vt 0.948706 0.635856
vt 0.948499 0.635856
vt 0.948706 0.601999
vt 0.948499 0.601999
vt 0.948706 0.577492
vt 0.948499 0.577492
vt 0.948706 0.553030
vt 0.948499 0.553030
vt 0.948706 0.504573
vt 0.948499 0.504573
vt 0.948706 0.467728
vt 0.948499 0.467728
vt 0.948706 0.435304
vt 0.948499 0.435304
vt 0.948706 0.412549
vt 0.948499 0.412549
vt 0.948706 0.404171
vt 0.948499 0.404171
vt 0.948706 0.397231
vt 0.948499 0.397231
vt 0.948706 0.389827
vt 0.948499 0.389827
vt 0.948706 0.383856
vt 0.948499 0.383856
vt 0.948706 0.378259
vt 0.948499 0.378259
vt 0.848247 0.073532
vt 0.848247 0.073746
vt 0.915112 0.413688
vt 0.914903 0.413688
vt 0.914903 0.393871
vt 0.915112 0.393871
vt 0.913547 0.435237
vt 0.915112 0.517194
vt 0.914903 0.517194
vt 0.915112 0.551023
vt 0.914903 0.551023
vt 0.915112 0.575509
vt 0.914903 0.575509
vt 0.915112 0.599950
vt 0.914903 0.599950
vt 0.915112 0.648367
vt 0.914903 0.648367
vt 0.915112 0.685181
vt 0.914903 0.685181
vt 0.915112 0.717577
vt 0.914903 0.717577
vt 0.915112 0.740313
vt 0.914903 0.740313
vt 0.915112 0.748683
vt 0.914903 0.748683
vt 0.915112 0.755618
vt 0.914903 0.755618
vt 0.915112 0.763015
vt 0.914903 0.763015
vt 0.915112 0.768981
vt 0.914903 0.768981
vt 0.915112 0.774574
vt 0.914903 0.774574
vt 0.855147 0.006110
vt 0.855147 0.005895
vt 0.834710 0.063756
vt 0.834731 0.061368
vt 0.834837 0.061372
vt 0.834805 0.063756
vt 0.874336 0.206825
vt 0.874300 0.199439
vt 0.874407 0.199435
vt 0.874469 0.206805
vt 0.947983 0.163578
vt 0.947978 0.162059
vt 0.948063 0.162060
vt 0.948078 0.163577
vt 0.947981 0.184625
vt 0.947979 0.184354
vt 0.948064 0.184354
vt 0.948066 0.184624
vt 0.874280 0.197051
vt 0.874374 0.197051
vt 0.834711 0.063944
vt 0.834805 0.063944
vt 0.874360 0.214812
vt 0.874498 0.214773
vt 0.834766 0.053982
vt 0.834899 0.054000
vt 0.835793 0.176474
vt 0.836100 0.190225
vt 0.835878 0.190364
vt 0.835557 0.176562
vt 0.863967 0.195406
vt 0.864023 0.208803
vt 0.863790 0.208783
vt 0.863734 0.195371
vt 0.837442 0.149974
vt 0.836650 0.163232
vt 0.836416 0.163266
vt 0.837210 0.149992
vt 0.862065 0.182529
vt 0.861825 0.182451
vt 0.812294 0.244321
vt 0.813438 0.261803
vt 0.813135 0.261832
vt 0.811989 0.244337
vt 0.800785 0.119127
vt 0.799442 0.136511
vt 0.799138 0.136496
vt 0.800482 0.119100
vt 0.812646 0.226790
vt 0.812341 0.226797
vt 0.799834 0.153962
vt 0.799529 0.153956
vt 0.812562 0.209258
vt 0.812256 0.209262
vt 0.799780 0.171416
vt 0.799476 0.171413
vt 0.812486 0.191715
vt 0.812180 0.191720
vt 0.799738 0.188882
vt 0.799433 0.188877
vt 0.811948 0.174174
vt 0.811642 0.174174
vt 0.799235 0.206348
vt 0.798931 0.206348
vt 0.812143 0.156639
vt 0.811838 0.156626
vt 0.799462 0.223806
vt 0.799159 0.223819
vt 0.813438 0.139151
vt 0.813132 0.139148
vt 0.800785 0.241214
vt 0.800480 0.241218
vt 0.827537 0.115129
vt 0.836171 0.110180
vt 0.836250 0.110335
vt 0.827629 0.115254
vt 0.879537 0.145182
vt 0.870901 0.140230
vt 0.870993 0.140106
vt 0.879615 0.145028
vt 0.821823 0.120890
vt 0.821953 0.120954
vt 0.865187 0.134469
vt 0.865317 0.134405
vt 0.820944 0.128514
vt 0.821082 0.128488
vt 0.864310 0.126846
vt 0.864448 0.126872
vt 0.824599 0.135378
vt 0.824705 0.135303
vt 0.867965 0.119983
vt 0.868072 0.120058
vt 0.829516 0.140583
vt 0.829571 0.140463
vt 0.872883 0.114779
vt 0.872937 0.114899
vt 0.836406 0.140775
vt 0.836377 0.140654
vt 0.879771 0.114588
vt 0.879743 0.114708
vt 0.834790 0.045994
vt 0.834929 0.046032
vt 0.874280 0.196863
vt 0.874375 0.196863
vt 0.947994 0.176413
vt 0.947996 0.169948
vt 0.948108 0.169947
vt 0.948104 0.176413
vt 0.947980 0.182523
vt 0.948073 0.182523
vt 0.947981 0.161819
vt 0.948066 0.161820
vt 0.862287 0.168483
vt 0.862024 0.168348
vt 0.862511 0.168597
vt 0.861799 0.168235
vt 0.836542 0.210656
vt 0.836736 0.210538
vt 0.836757 0.210927
vt 0.836563 0.211045
vt 0.915112 0.378462
vt 0.914903 0.378462
vt 0.914903 0.378265
vt 0.915112 0.378265
vt 0.906714 0.378462
vt 0.899583 0.378462
vt 0.899583 0.378265
vt 0.906714 0.378265
vt 0.913547 0.378462
vt 0.913547 0.378265
vt 0.863309 0.148591
vt 0.863114 0.148495
vt 0.863138 0.148117
vt 0.863334 0.148213
vt 0.925652 0.774705
vt 0.927238 0.774705
vt 0.927238 0.774903
vt 0.925652 0.774903
vt 0.947148 0.774705
vt 0.948499 0.774705
vt 0.948499 0.774903
vt 0.947148 0.774903
vt 0.948706 0.774705
vt 0.948706 0.774903
vt 0.940341 0.774705
vt 0.940341 0.774903
vt 0.893561 0.378462
vt 0.893561 0.378265
vt 0.837281 0.210207
vt 0.837303 0.210593
vt 0.925417 0.774705
vt 0.925417 0.774903
vt 0.863857 0.148863
vt 0.863883 0.148488
vt 0.933238 0.774705
vt 0.933238 0.774903
vt 0.837417 0.210121
vt 0.837442 0.210506
vt 0.863996 0.148934
vt 0.864023 0.148559
vt 0.891968 0.378462
vt 0.891968 0.378265
vt 0.891732 0.378462
vt 0.891732 0.378265
vt 0.980271 0.023168
vt 0.982525 0.023168
vt 0.975348 0.023168
vt 0.975435 0.752183
vt 0.966800 0.752183
vt 0.982653 0.752183
vt 0.980387 0.752183
vt 0.959248 0.023168
vt 0.961592 0.023168
vt 0.982821 0.023168
vt 0.959013 0.023168
vt 0.961599 0.752183
vt 0.959242 0.752183
vt 0.966763 0.023168
vt 0.959005 0.752183
vt 0.836882 0.233496
vt 0.836680 0.233596
vt 0.836680 0.222910
vt 0.836882 0.222810
vt 0.860259 0.218530
vt 0.860446 0.218557
vt 0.860446 0.229329
vt 0.860259 0.229303
vt 0.860050 0.218438
vt 0.860050 0.229210
vt 0.837068 0.233404
vt 0.837068 0.222718
vt 0.836494 0.233689
vt 0.836494 0.223003
vt 0.982951 0.752183
vt 0.859863 0.218407
vt 0.859863 0.229180
vt 0.948446 0.214007
vt 0.948561 0.214038
vt 0.948561 0.214283
vt 0.948446 0.214252
vt 0.948023 0.213890
vt 0.948022 0.214135
vt 0.823591 0.219928
vt 0.823478 0.219964
vt 0.823478 0.219717
vt 0.823592 0.219680
vt 0.823058 0.220099
vt 0.822927 0.220143
vt 0.822925 0.219897
vt 0.823057 0.219853
vt 0.982653 0.769865
vt 0.982951 0.769865
vt 0.982951 0.770033
vt 0.982653 0.770033
vt 0.947890 0.213852
vt 0.947888 0.214097
vt 0.975435 0.769865
vt 0.980387 0.769865
vt 0.980387 0.770033
vt 0.975435 0.770033
vt 0.961599 0.769865
vt 0.966800 0.769865
vt 0.966800 0.770033
vt 0.961599 0.770033
vt 0.982525 0.005322
vt 0.980271 0.005322
vt 0.980271 0.005152
vt 0.982525 0.005152
vt 0.975348 0.005322
vt 0.975348 0.005152
vt 0.961592 0.005322
vt 0.959248 0.005322
vt 0.959248 0.005152
vt 0.961592 0.005152
vt 0.982821 0.005322
vt 0.982821 0.005152
vt 0.959013 0.005322
vt 0.959013 0.005152
vt 0.959242 0.769865
vt 0.959242 0.770033
vt 0.966763 0.005322
vt 0.966763 0.005152
vt 0.959005 0.769865
vt 0.959005 0.770033
vt 0.937056 0.164146
vt 0.936954 0.164146
vt 0.936952 0.163877
vt 0.937062 0.163876
vt 0.937083 0.172153
vt 0.936983 0.172153
vt 0.936965 0.166820
vt 0.937062 0.166820
vt 0.936986 0.178420
vt 0.936886 0.178420
vt 0.937053 0.186209
vt 0.937064 0.186550
vt 0.936954 0.186550
vt 0.936951 0.186210
vt 0.937024 0.183619
vt 0.936926 0.183619
vt 0.937379 0.183614
vt 0.937424 0.186208
vt 0.937257 0.178422
vt 0.937352 0.172157
vt 0.937413 0.166825
vt 0.937427 0.164144
vt 0.937410 0.186548
vt 0.937452 0.172158
vt 0.937496 0.166826
vt 0.937503 0.164144
vt 0.937355 0.178422
vt 0.937461 0.183613
vt 0.937500 0.186207
vt 0.937503 0.186547
vt 0.937409 0.163874
vt 0.937502 0.163874
vt 0.975348 0.009329
vt 0.966763 0.009329
vt 0.823406 0.225799
vt 0.823177 0.225875
vt 0.959005 0.765895
vt 0.959242 0.765895
vt 0.961592 0.009329
vt 0.961599 0.765895
vt 0.959248 0.009329
vt 0.959013 0.009329
vt 0.982821 0.009329
vt 0.982525 0.009329
vt 0.980387 0.765895
vt 0.982653 0.765895
vt 0.966800 0.765895
vt 0.975435 0.765895
vt 0.980271 0.009329
vt 0.947997 0.208105
vt 0.948141 0.208147
vt 0.982951 0.765895
vt 0.823034 0.225923
vt 0.823535 0.225758
vt 0.948376 0.208214
vt 0.948507 0.208249
vt 0.948400 0.198945
vt 0.948561 0.198991
vt 0.948205 0.198891
vt 0.823592 0.234934
vt 0.823432 0.234987
vt 0.823243 0.235049
vt 0.823084 0.235102
vt 0.948045 0.198846
vt 0.824159 0.172149
vt 0.824237 0.172152
vt 0.824240 0.172432
vt 0.824147 0.172428
vt 0.823669 0.164261
vt 0.823759 0.170249
vt 0.823650 0.170244
vt 0.823561 0.164255
vt 0.823832 0.157923
vt 0.823723 0.157917
vt 0.823780 0.151671
vt 0.823669 0.151666
vt 0.823737 0.150131
vt 0.823621 0.150128
vt 0.823742 0.149887
vt 0.823614 0.149884
vt 0.824110 0.170260
vt 0.824198 0.170263
vt 0.823772 0.172129
vt 0.824202 0.150146
vt 0.824206 0.151699
vt 0.824116 0.151693
vt 0.824123 0.150143
vt 0.824240 0.157943
vt 0.824130 0.157937
vt 0.824083 0.164282
vt 0.823975 0.164276
vt 0.823658 0.172123
vt 0.823786 0.172410
vt 0.823659 0.172403
vt 0.824197 0.149902
vt 0.824104 0.149898
vt 0.891968 0.382179
vt 0.891732 0.382179
vt 0.893561 0.382179
vt 0.863423 0.155990
vt 0.863263 0.155907
vt 0.913547 0.382179
vt 0.906714 0.382179
vt 0.836739 0.202986
vt 0.836898 0.202885
vt 0.927238 0.770986
vt 0.933238 0.770986
vt 0.940341 0.770986
vt 0.862897 0.155717
vt 0.925417 0.770986
vt 0.925652 0.770986
vt 0.836383 0.203213
vt 0.899583 0.382179
vt 0.947148 0.770986
vt 0.948499 0.770986
vt 0.948706 0.770986
vt 0.862694 0.155616
vt 0.914903 0.382179
vt 0.915112 0.382179
vt 0.836181 0.203336
vt 0.493226 0.735471
vt 0.493226 0.739332
vt 0.492587 0.739332
vt 0.492587 0.735471
vt 0.256172 0.784003
vt 0.256173 0.788126
vt 0.252276 0.788126
vt 0.252276 0.784003
vt 0.719491 0.735471
vt 0.719491 0.695286
vt 0.723771 0.695286
vt 0.723771 0.735471
vt 0.704184 0.808638
vt 0.703273 0.808638
vt 0.703459 0.807348
vt 0.704523 0.807348
vt 0.451664 0.388224
vt 0.450494 0.388224
vt 0.450494 0.383045
vt 0.451664 0.383045
vt 0.719491 0.388197
vt 0.719491 0.383038
vt 0.723771 0.383038
vt 0.723771 0.388197
vt 0.256173 0.753752
vt 0.256173 0.755032
vt 0.252276 0.755032
vt 0.252276 0.753752
vt 0.723796 0.812806
vt 0.722986 0.812806
vt 0.722992 0.808638
vt 0.723792 0.808638
vt 0.481647 0.736818
vt 0.482284 0.736818
vt 0.482284 0.740692
vt 0.481647 0.740692
vt 0.451664 0.736818
vt 0.450494 0.736818
vt 0.450494 0.696479
vt 0.451664 0.696479
vt 0.286122 0.802643
vt 0.285701 0.801247
vt 0.286921 0.801217
vt 0.287122 0.802642
vt 0.256238 0.736818
vt 0.251974 0.736818
vt 0.251974 0.696479
vt 0.256238 0.696479
vt 0.921558 0.361481
vt 0.921558 0.320927
vt 0.925694 0.320927
vt 0.925694 0.361481
vt 0.255320 0.807111
vt 0.255289 0.802675
vt 0.256144 0.802668
vt 0.256181 0.807106
vt 0.926570 0.140485
vt 0.926570 0.185596
vt 0.925694 0.185596
vt 0.925694 0.140486
vt 0.481647 0.516999
vt 0.482284 0.516999
vt 0.482284 0.561869
vt 0.481647 0.561869
vt 0.493226 0.388197
vt 0.493226 0.427084
vt 0.492587 0.427084
vt 0.492587 0.388197
vt 0.256173 0.789311
vt 0.252276 0.789311
vt 0.254647 0.807115
vt 0.254609 0.802682
vt 0.523324 0.735471
vt 0.523324 0.695286
vt 0.524498 0.695286
vt 0.524498 0.735471
vt 0.476375 0.808537
vt 0.476594 0.804200
vt 0.481476 0.804122
vt 0.480900 0.808571
vt 0.481647 0.388224
vt 0.482284 0.388224
vt 0.482284 0.427258
vt 0.481647 0.427258
vt 0.719491 0.605885
vt 0.719491 0.561185
vt 0.723771 0.561185
vt 0.723771 0.605885
vt 0.494122 0.735471
vt 0.494122 0.739332
vt 0.254841 0.839059
vt 0.255263 0.838064
vt 0.256189 0.838065
vt 0.255782 0.839321
vt 0.606717 0.753752
vt 0.606717 0.755032
vt 0.567464 0.755032
vt 0.567464 0.753752
vt 0.606717 0.784002
vt 0.606717 0.788126
vt 0.567464 0.788126
vt 0.567464 0.784003
vt 0.921558 0.011021
vt 0.921558 0.005815
vt 0.925694 0.005815
vt 0.925694 0.011021
vt 0.432101 0.753752
vt 0.432101 0.755032
vt 0.386979 0.755032
vt 0.386980 0.753752
vt 0.606717 0.789311
vt 0.567464 0.789311
vt 0.724429 0.812806
vt 0.724429 0.808638
vt 0.494122 0.516484
vt 0.494122 0.561185
vt 0.493226 0.561185
vt 0.493226 0.516484
vt 0.492587 0.561185
vt 0.492587 0.516484
vt 0.921558 0.230706
vt 0.921558 0.185596
vt 0.925694 0.230706
vt 0.480755 0.516999
vt 0.480755 0.561869
vt 0.256238 0.561869
vt 0.251974 0.561869
vt 0.251974 0.516999
vt 0.256238 0.516999
vt 0.477222 0.784003
vt 0.477222 0.788126
vt 0.432101 0.788126
vt 0.432100 0.784003
vt 0.476671 0.802851
vt 0.481664 0.802662
vt 0.254447 0.801914
vt 0.254777 0.801568
vt 0.719491 0.516484
vt 0.723771 0.516484
vt 0.891732 0.140485
vt 0.892607 0.140486
vt 0.892607 0.185596
vt 0.891732 0.185596
vt 0.256238 0.606739
vt 0.251974 0.606739
vt 0.251974 0.472128
vt 0.256238 0.472128
vt 0.891732 0.050265
vt 0.892607 0.050265
vt 0.892607 0.095375
vt 0.891732 0.095375
vt 0.522343 0.788126
vt 0.522343 0.784003
vt 0.480755 0.427258
vt 0.481647 0.472128
vt 0.480755 0.472128
vt 0.493226 0.471784
vt 0.492587 0.471784
vt 0.494122 0.427084
vt 0.494122 0.471784
vt 0.522343 0.753752
vt 0.522343 0.755032
vt 0.477222 0.755032
vt 0.477222 0.753752
vt 0.719491 0.471784
vt 0.723771 0.471784
vt 0.921558 0.140486
vt 0.921558 0.095375
vt 0.925694 0.095375
vt 0.482284 0.472128
vt 0.926570 0.050265
vt 0.926570 0.095375
vt 0.925694 0.050265
vt 0.719491 0.427084
vt 0.723771 0.427084
vt 0.719491 0.650585
vt 0.723771 0.650585
vt 0.926570 0.230706
vt 0.926570 0.275817
vt 0.925694 0.275817
vt 0.256238 0.651609
vt 0.251974 0.651609
vt 0.921558 0.275817
vt 0.386979 0.784003
vt 0.386979 0.788126
vt 0.341858 0.788126
vt 0.341858 0.784003
vt 0.480755 0.606739
vt 0.481647 0.606739
vt 0.481647 0.651609
vt 0.480755 0.651609
vt 0.482284 0.606739
vt 0.482284 0.651609
vt 0.493226 0.605885
vt 0.493226 0.650585
vt 0.492587 0.650585
vt 0.492587 0.605885
vt 0.494122 0.605885
vt 0.494122 0.650585
vt 0.891732 0.230706
vt 0.892607 0.230706
vt 0.892607 0.275817
vt 0.891732 0.275817
vt 0.423936 0.696479
vt 0.366405 0.696479
vt 0.366405 0.651609
vt 0.423936 0.651609
vt 0.551157 0.695286
vt 0.551157 0.650585
vt 0.608906 0.650585
vt 0.608906 0.695286
vt 0.551157 0.516484
vt 0.551157 0.471784
vt 0.608906 0.471784
vt 0.608906 0.516484
vt 0.423936 0.516999
vt 0.366405 0.516999
vt 0.366405 0.472128
vt 0.423936 0.472128
vt 0.551157 0.605885
vt 0.551157 0.561185
vt 0.608906 0.561185
vt 0.608906 0.605885
vt 0.423936 0.606739
vt 0.366405 0.606739
vt 0.366405 0.561869
vt 0.423936 0.561869
vt 0.609014 0.843176
vt 0.551255 0.843176
vt 0.551163 0.841981
vt 0.608829 0.841980
vt 0.666527 0.812806
vt 0.608850 0.812807
vt 0.608853 0.808640
vt 0.666531 0.808639
vt 0.666773 0.843176
vt 0.666496 0.841979
vt 0.370039 0.837834
vt 0.370214 0.836691
vt 0.425338 0.836953
vt 0.425237 0.838102
vt 0.608906 0.388197
vt 0.608906 0.383038
vt 0.666656 0.383038
vt 0.666656 0.388197
vt 0.551174 0.808640
vt 0.551262 0.807351
vt 0.609029 0.807350
vt 0.370290 0.804789
vt 0.370130 0.803556
vt 0.425334 0.803606
vt 0.425424 0.804846
vt 0.315123 0.808037
vt 0.315308 0.803861
vt 0.370283 0.808771
vt 0.286120 0.807695
vt 0.287087 0.807705
vt 0.926570 0.361481
vt 0.926570 0.365377
vt 0.925694 0.365377
vt 0.523324 0.388197
vt 0.523324 0.383038
vt 0.524498 0.383038
vt 0.524498 0.388197
vt 0.926570 0.011021
vt 0.254566 0.838777
vt 0.254631 0.838063
vt 0.480755 0.388224
vt 0.704179 0.812806
vt 0.703270 0.812806
vt 0.724228 0.842928
vt 0.723331 0.843176
vt 0.722944 0.841978
vt 0.723827 0.841979
vt 0.451664 0.606739
vt 0.450494 0.606739
vt 0.450494 0.561869
vt 0.451664 0.561869
vt 0.523324 0.605885
vt 0.523324 0.561185
vt 0.524498 0.561185
vt 0.524498 0.605885
vt 0.451664 0.516999
vt 0.450494 0.516999
vt 0.450494 0.472128
vt 0.451664 0.472128
vt 0.523324 0.516484
vt 0.523324 0.471784
vt 0.524498 0.471784
vt 0.524498 0.516484
vt 0.523324 0.650585
vt 0.524498 0.650585
vt 0.450494 0.651609
vt 0.451664 0.651609
vt 0.308874 0.696479
vt 0.308874 0.651609
vt 0.666656 0.650585
vt 0.666656 0.695286
vt 0.666656 0.471784
vt 0.666656 0.516484
vt 0.308874 0.516999
vt 0.308874 0.472128
vt 0.666656 0.561185
vt 0.666656 0.605885
vt 0.308874 0.606739
vt 0.308874 0.561869
vt 0.366405 0.388224
vt 0.308874 0.388224
vt 0.308874 0.383045
vt 0.366405 0.383045
vt 0.551173 0.812808
vt 0.666795 0.807349
vt 0.551157 0.735471
vt 0.608906 0.735471
vt 0.551157 0.388197
vt 0.551157 0.383038
vt 0.666656 0.735471
vt 0.425428 0.808857
vt 0.423936 0.388224
vt 0.423936 0.383045
vt 0.314984 0.838498
vt 0.315226 0.837298
vt 0.285766 0.839270
vt 0.286136 0.838018
vt 0.287071 0.838014
vt 0.286874 0.839273
vt 0.255727 0.801289
vt 0.315098 0.802567
vt 0.366405 0.736818
vt 0.308874 0.736818
vt 0.891732 0.361481
vt 0.892607 0.361481
vt 0.892607 0.365377
vt 0.891732 0.365377
vt 0.476574 0.839098
vt 0.476512 0.837853
vt 0.481337 0.837949
vt 0.481492 0.839287
vt 0.704491 0.843176
vt 0.703442 0.843176
vt 0.703250 0.841979
vt 0.704141 0.841979
vt 0.926570 0.320927
vt 0.341858 0.755032
vt 0.341858 0.753752
vt 0.296737 0.788126
vt 0.296737 0.784003
vt 0.481647 0.696479
vt 0.480755 0.696479
vt 0.482284 0.696479
vt 0.493226 0.695286
vt 0.492587 0.695286
vt 0.494122 0.695286
vt 0.892607 0.320927
vt 0.891732 0.320927
vt 0.386980 0.789311
vt 0.341858 0.789311
vt 0.608906 0.427084
vt 0.666656 0.427084
vt 0.308874 0.427258
vt 0.366405 0.427258
vt 0.450494 0.427258
vt 0.451664 0.427258
vt 0.523324 0.427084
vt 0.524498 0.427084
vt 0.551157 0.427084
vt 0.423936 0.427258
vt 0.724259 0.807596
vt 0.724573 0.807916
vt 0.494122 0.388197
vt 0.498342 0.808641
vt 0.494067 0.808641
vt 0.493933 0.807351
vt 0.498208 0.807351
vt 0.723367 0.807347
vt 0.480755 0.736818
vt 0.480755 0.740692
vt 0.891732 0.011021
vt 0.892607 0.011021
vt 0.522343 0.789311
vt 0.477222 0.789311
vt 0.724491 0.842659
vt 0.724430 0.841978
vt 0.256238 0.388224
vt 0.251974 0.388224
vt 0.251974 0.383045
vt 0.256238 0.383045
vt 0.921558 0.050265
vt 0.296737 0.755032
vt 0.296737 0.753752
vt 0.432101 0.789311
vt 0.498716 0.812799
vt 0.494438 0.812799
vt 0.251974 0.427258
vt 0.256238 0.427258
vt 0.296737 0.789311
vt 0.423936 0.736818
vt 0.251613 0.383045
vt 0.251613 0.382387
vt 0.251974 0.382387
vt 0.493944 0.843177
vt 0.493862 0.843593
vt 0.493496 0.843593
vt 0.493580 0.843177
vt 0.611925 0.789311
vt 0.612586 0.789313
vt 0.612586 0.789726
vt 0.611925 0.789726
vt 0.611925 0.753752
vt 0.611925 0.753432
vt 0.612585 0.753432
vt 0.612586 0.753751
vt 0.493578 0.807352
vt 0.493527 0.807030
vt 0.493875 0.807030
vt 0.723771 0.382382
vt 0.724134 0.382382
vt 0.724134 0.383038
vt 0.251974 0.740692
vt 0.251974 0.741350
vt 0.251613 0.741350
vt 0.251613 0.740692
vt 0.252277 0.789726
vt 0.251616 0.789726
vt 0.251616 0.789313
vt 0.481909 0.839284
vt 0.481997 0.839759
vt 0.481579 0.839761
vt 0.251616 0.753751
vt 0.251616 0.753432
vt 0.252276 0.753432
vt 0.723771 0.739332
vt 0.724133 0.739332
vt 0.724133 0.739987
vt 0.723771 0.739987
vt 0.481734 0.802289
vt 0.482158 0.802293
vt 0.482086 0.802666
vt 0.386980 0.753432
vt 0.432101 0.753432
vt 0.724134 0.605885
vt 0.724134 0.561185
vt 0.481647 0.741350
vt 0.480755 0.741350
vt 0.254648 0.839458
vt 0.255676 0.839758
vt 0.482284 0.741350
vt 0.254190 0.838985
vt 0.925737 0.005154
vt 0.926565 0.005154
vt 0.926570 0.005815
vt 0.725098 0.808595
vt 0.724850 0.807761
vt 0.892565 0.366037
vt 0.891734 0.366038
vt 0.253929 0.838107
vt 0.253896 0.802643
vt 0.254150 0.801751
vt 0.925737 0.366037
vt 0.926565 0.366038
vt 0.254618 0.801258
vt 0.255645 0.800945
vt 0.493226 0.739987
vt 0.494122 0.739987
vt 0.481884 0.804134
vt 0.251616 0.755032
vt 0.480761 0.833534
vt 0.481144 0.833523
vt 0.481741 0.837940
vt 0.251615 0.784003
vt 0.251616 0.788126
vt 0.493226 0.383038
vt 0.493226 0.382382
vt 0.494122 0.382382
vt 0.494122 0.383038
vt 0.724405 0.807304
vt 0.723439 0.807025
vt 0.256238 0.740692
vt 0.256238 0.741350
vt 0.476664 0.839670
vt 0.724849 0.842859
vt 0.724412 0.843309
vt 0.482284 0.382387
vt 0.482284 0.383045
vt 0.481647 0.383045
vt 0.481647 0.382387
vt 0.476747 0.802397
vt 0.719491 0.739987
vt 0.719491 0.739332
vt 0.492587 0.739987
vt 0.253936 0.807085
vt 0.921590 0.366037
vt 0.921558 0.365377
vt 0.723431 0.843593
vt 0.480755 0.383045
vt 0.480755 0.382387
vt 0.251613 0.606739
vt 0.251613 0.561869
vt 0.386980 0.789726
vt 0.432101 0.789726
vt 0.725099 0.842021
vt 0.892565 0.005154
vt 0.892607 0.005815
vt 0.891732 0.005815
vt 0.891734 0.005154
vt 0.612585 0.755032
vt 0.611925 0.755032
vt 0.493702 0.808641
vt 0.611925 0.784002
vt 0.612585 0.784002
vt 0.612585 0.788126
vt 0.611925 0.788126
vt 0.494109 0.837827
vt 0.494475 0.837827
vt 0.494065 0.841982
vt 0.493701 0.841981
vt 0.498225 0.843177
vt 0.498146 0.843593
vt 0.256238 0.382387
vt 0.719491 0.382382
vt 0.498145 0.807030
vt 0.492587 0.383038
vt 0.492587 0.382382
vt 0.921590 0.005154
vt 0.725099 0.812773
vt 0.251613 0.388224
vt 0.606717 0.789726
vt 0.606717 0.753432
vt 0.724134 0.388197
vt 0.251613 0.516999
vt 0.251613 0.472128
vt 0.477222 0.789726
vt 0.522343 0.789726
vt 0.477222 0.753432
vt 0.522343 0.753432
vt 0.724134 0.516484
vt 0.724134 0.471784
vt 0.296737 0.753432
vt 0.341858 0.753432
vt 0.724133 0.695286
vt 0.724133 0.650585
vt 0.251613 0.696479
vt 0.251613 0.651609
vt 0.296737 0.789726
vt 0.341858 0.789726
vt 0.423936 0.740692
vt 0.423936 0.741350
vt 0.366405 0.741350
vt 0.366405 0.740692
vt 0.314923 0.839036
vt 0.369954 0.838795
vt 0.315048 0.802030
vt 0.370057 0.802595
vt 0.551157 0.739987
vt 0.551157 0.739332
vt 0.608906 0.739332
vt 0.608906 0.739987
vt 0.666826 0.843591
vt 0.609049 0.843592
vt 0.423936 0.382387
vt 0.366405 0.382387
vt 0.551157 0.382382
vt 0.608906 0.382382
vt 0.666833 0.807027
vt 0.609054 0.807028
vt 0.451664 0.740692
vt 0.451664 0.741350
vt 0.450494 0.741350
vt 0.450494 0.740692
vt 0.285676 0.839714
vt 0.286825 0.839712
vt 0.285623 0.800845
vt 0.286884 0.800853
vt 0.523324 0.739987
vt 0.523324 0.739332
vt 0.524498 0.739332
vt 0.524498 0.739987
vt 0.704575 0.843592
vt 0.703488 0.843592
vt 0.451664 0.382387
vt 0.450494 0.382387
vt 0.523324 0.382382
vt 0.524498 0.382382
vt 0.704584 0.807026
vt 0.703492 0.807026
vt 0.308873 0.741350
vt 0.308874 0.740692
vt 0.425189 0.839027
vt 0.425294 0.802681
vt 0.666656 0.739332
vt 0.666656 0.739987
vt 0.551273 0.843592
vt 0.308873 0.382387
vt 0.666656 0.382382
vt 0.551275 0.807029
vt 0.256173 0.753432
vt 0.724133 0.735471
vt 0.251613 0.736818
vt 0.256173 0.789726
vt 0.251613 0.427258
vt 0.567464 0.789726
vt 0.567464 0.753432
vt 0.724134 0.427084
vt 0.498341 0.841982
vt 0.425404 0.824913
vt 0.425416 0.820899
vt 0.475906 0.821047
vt 0.476012 0.825169
vt 0.551167 0.829478
vt 0.499093 0.829485
vt 0.499217 0.825312
vt 0.551168 0.825311
vt 0.611924 0.767438
vt 0.611924 0.771580
vt 0.606717 0.771580
vt 0.606717 0.767438
vt 0.905015 0.050265
vt 0.905015 0.011021
vt 0.909151 0.011021
vt 0.909151 0.050265
vt 0.296736 0.767437
vt 0.296736 0.771580
vt 0.256172 0.771580
vt 0.256172 0.767438
vt 0.905015 0.365377
vt 0.905015 0.361481
vt 0.909151 0.361481
vt 0.909151 0.365377
vt 0.725099 0.829487
vt 0.724430 0.829476
vt 0.724430 0.825308
vt 0.725099 0.825308
vt 0.905015 0.005815
vt 0.905004 0.005154
vt 0.909151 0.005154
vt 0.909151 0.005815
vt 0.494448 0.821139
vt 0.494813 0.821139
vt 0.494940 0.825312
vt 0.494574 0.825312
vt 0.612585 0.767438
vt 0.612585 0.771580
vt 0.905004 0.366037
vt 0.909151 0.366038
vt 0.254656 0.824872
vt 0.253943 0.824883
vt 0.253946 0.820418
vt 0.254661 0.820418
vt 0.251615 0.767438
vt 0.252276 0.767438
vt 0.252275 0.771580
vt 0.251615 0.771580
vt 0.480295 0.816964
vt 0.480656 0.816970
vt 0.480490 0.821064
vt 0.480131 0.821062
vt 0.905015 0.275817
vt 0.905015 0.230706
vt 0.909151 0.230706
vt 0.909151 0.275817
vt 0.432100 0.767437
vt 0.432100 0.771580
vt 0.386979 0.771580
vt 0.386979 0.767437
vt 0.522343 0.767437
vt 0.522342 0.771580
vt 0.477221 0.771580
vt 0.477221 0.767437
vt 0.494816 0.829485
vt 0.905015 0.185596
vt 0.905015 0.140486
vt 0.909151 0.140486
vt 0.909151 0.185596
vt 0.905015 0.095375
vt 0.909151 0.095375
vt 0.341857 0.767437
vt 0.341857 0.771580
vt 0.370246 0.824729
vt 0.370255 0.820737
vt 0.608838 0.829477
vt 0.608841 0.825310
vt 0.704157 0.829476
vt 0.703259 0.829476
vt 0.703262 0.825309
vt 0.704163 0.825309
vt 0.701001 0.843176
vt 0.700800 0.841979
vt 0.314885 0.824764
vt 0.314872 0.820580
vt 0.666509 0.829477
vt 0.666514 0.825309
vt 0.905015 0.320927
vt 0.909151 0.320927
vt 0.567464 0.767437
vt 0.567464 0.771580
vt 0.723814 0.829476
vt 0.723809 0.825308
vt 0.480261 0.825160
vt 0.255323 0.820419
vt 0.255312 0.824873
vt 0.256222 0.820420
vt 0.256219 0.824876
vt 0.722962 0.829476
vt 0.722968 0.825308
vt 0.722950 0.837811
vt 0.723822 0.837811
vt 0.896743 0.320927
vt 0.896743 0.361481
vt 0.255278 0.833691
vt 0.256195 0.833694
vt 0.254639 0.833690
vt 0.476266 0.833540
vt 0.896743 0.005815
vt 0.896743 0.011021
vt 0.724430 0.837811
vt 0.896743 0.185596
vt 0.896743 0.230706
vt 0.896743 0.095375
vt 0.896743 0.140486
vt 0.896743 0.275817
vt 0.608832 0.837812
vt 0.666500 0.837812
vt 0.315059 0.833123
vt 0.370226 0.832707
vt 0.286108 0.833839
vt 0.287045 0.833832
vt 0.703253 0.837811
vt 0.704147 0.837811
vt 0.551164 0.837813
vt 0.425364 0.832941
vt 0.896743 0.050265
vt 0.498752 0.837827
vt 0.253936 0.833722
vt 0.896743 0.365377
vt 0.896711 0.366037
vt 0.896711 0.005154
vt 0.725099 0.837843
vt 0.611924 0.779864
vt 0.606717 0.779864
vt 0.296736 0.779865
vt 0.256172 0.779865
vt 0.494336 0.833658
vt 0.494702 0.833659
vt 0.612585 0.779864
vt 0.251615 0.779865
vt 0.252276 0.779865
vt 0.480428 0.829298
vt 0.480795 0.829291
vt 0.432100 0.779865
vt 0.386979 0.779865
vt 0.522343 0.779865
vt 0.477221 0.779865
vt 0.341857 0.779865
vt 0.567464 0.779865
vt 0.256172 0.759159
vt 0.252276 0.759159
vt 0.606717 0.759159
vt 0.567464 0.759158
vt 0.477222 0.759158
vt 0.432100 0.759158
vt 0.522343 0.759158
vt 0.386979 0.759158
vt 0.341858 0.759158
vt 0.296737 0.759158
vt 0.481285 0.808585
vt 0.251616 0.759159
vt 0.612585 0.759159
vt 0.611925 0.759159
vt 0.494072 0.812799
vt 0.425429 0.812870
vt 0.476169 0.812764
vt 0.551171 0.816975
vt 0.498961 0.816967
vt 0.917423 0.050265
vt 0.917423 0.011021
vt 0.917423 0.365377
vt 0.917423 0.361481
vt 0.725099 0.816952
vt 0.724430 0.816973
vt 0.917423 0.005815
vt 0.917444 0.005154
vt 0.917444 0.366037
vt 0.254666 0.811536
vt 0.253955 0.811515
vt 0.917423 0.275817
vt 0.917423 0.230706
vt 0.494684 0.816967
vt 0.917423 0.185596
vt 0.917423 0.140486
vt 0.917423 0.095375
vt 0.370274 0.812757
vt 0.608847 0.816975
vt 0.704174 0.816974
vt 0.703268 0.816974
vt 0.286052 0.814014
vt 0.287008 0.814029
vt 0.314990 0.812216
vt 0.666522 0.816974
vt 0.917423 0.320927
vt 0.723801 0.816973
vt 0.480512 0.812820
vt 0.255334 0.811534
vt 0.256207 0.811531
vt 0.722980 0.816973
vt 0.259275 0.814017
vt 0.259237 0.807680
vt 0.260444 0.807679
vt 0.260479 0.814009
vt 0.720113 0.816973
vt 0.718977 0.816973
vt 0.718982 0.812806
vt 0.720119 0.812806
vt 0.720078 0.841978
vt 0.718942 0.841978
vt 0.718948 0.837811
vt 0.720084 0.837811
vt 0.259194 0.838069
vt 0.259203 0.833894
vt 0.260394 0.833903
vt 0.260382 0.838071
vt 0.260552 0.818970
vt 0.285959 0.818962
vt 0.720095 0.829476
vt 0.718959 0.829476
vt 0.718965 0.825308
vt 0.720101 0.825308
vt 0.477770 0.427258
vt 0.476601 0.427258
vt 0.476601 0.388224
vt 0.477770 0.388224
vt 0.497117 0.427084
vt 0.497117 0.388197
vt 0.498291 0.388197
vt 0.498291 0.427084
vt 0.477770 0.740692
vt 0.476601 0.740692
vt 0.476601 0.736818
vt 0.477770 0.736818
vt 0.497117 0.739332
vt 0.497117 0.735471
vt 0.498291 0.735471
vt 0.498291 0.739332
vt 0.720565 0.807025
vt 0.720494 0.807347
vt 0.719356 0.807347
vt 0.719426 0.807025
vt 0.497117 0.383038
vt 0.497118 0.382382
vt 0.498291 0.382382
vt 0.498291 0.383038
vt 0.477770 0.382387
vt 0.477770 0.383045
vt 0.476601 0.383045
vt 0.476601 0.382387
vt 0.720459 0.843176
vt 0.720556 0.843593
vt 0.719417 0.843593
vt 0.719321 0.843176
vt 0.497118 0.739987
vt 0.498291 0.739987
vt 0.258824 0.801251
vt 0.258743 0.800895
vt 0.260030 0.800881
vt 0.260109 0.801278
vt 0.258691 0.839761
vt 0.258794 0.839323
vt 0.259991 0.839318
vt 0.259890 0.839761
vt 0.477770 0.741350
vt 0.476601 0.741350
vt 0.477770 0.651609
vt 0.476601 0.651609
vt 0.476601 0.606739
vt 0.477770 0.606739
vt 0.497117 0.650585
vt 0.497117 0.605885
vt 0.498291 0.605885
vt 0.498291 0.650585
vt 0.477770 0.561869
vt 0.476601 0.561869
vt 0.476601 0.516999
vt 0.477770 0.516999
vt 0.497117 0.561185
vt 0.497117 0.516484
vt 0.498291 0.516484
vt 0.498291 0.561185
vt 0.497117 0.471784
vt 0.498291 0.471784
vt 0.477770 0.472128
vt 0.476601 0.472128
vt 0.477770 0.696479
vt 0.476601 0.696479
vt 0.497117 0.695286
vt 0.498291 0.695286
vt 0.718988 0.808638
vt 0.720125 0.808638
vt 0.259236 0.802653
vt 0.260466 0.802656
vt 0.718953 0.833643
vt 0.720089 0.833643
vt 0.259264 0.827225
vt 0.260462 0.827241
vt 0.256172 0.775722
vt 0.252276 0.775722
vt 0.606717 0.775722
vt 0.567464 0.775722
vt 0.477221 0.775722
vt 0.432100 0.775722
vt 0.522343 0.775722
vt 0.386979 0.775722
vt 0.341857 0.775722
vt 0.296736 0.775722
vt 0.480622 0.825157
vt 0.251615 0.775722
vt 0.611924 0.775722
vt 0.612585 0.775722
vt 0.494450 0.829485
vt 0.722956 0.833643
vt 0.723818 0.833643
vt 0.900879 0.320927
vt 0.900879 0.361481
vt 0.255298 0.829300
vt 0.256210 0.829305
vt 0.254650 0.829299
vt 0.476100 0.829323
vt 0.900879 0.005815
vt 0.900879 0.011021
vt 0.724430 0.833643
vt 0.900879 0.185596
vt 0.900879 0.230706
vt 0.900879 0.095375
vt 0.900879 0.140486
vt 0.900879 0.275817
vt 0.608835 0.833645
vt 0.666505 0.833644
vt 0.314947 0.828945
vt 0.370236 0.828719
vt 0.286041 0.827190
vt 0.286985 0.827180
vt 0.703256 0.833644
vt 0.704152 0.833644
vt 0.551165 0.833646
vt 0.425386 0.828928
vt 0.900879 0.050265
vt 0.498979 0.833659
vt 0.253943 0.829321
vt 0.900879 0.365377
vt 0.900858 0.366037
vt 0.900858 0.005154
vt 0.725099 0.833665
vt 0.720107 0.821141
vt 0.718971 0.821141
vt 0.259290 0.820771
vt 0.259292 0.820423
vt 0.260551 0.821485
vt 0.260562 0.821860
vt 0.723805 0.821141
vt 0.722974 0.821141
vt 0.913287 0.361481
vt 0.913287 0.320927
vt 0.255333 0.815968
vt 0.256219 0.815968
vt 0.254668 0.815968
vt 0.476041 0.816924
vt 0.913287 0.011021
vt 0.913287 0.005815
vt 0.724430 0.821141
vt 0.913287 0.230706
vt 0.913287 0.185596
vt 0.913287 0.140486
vt 0.913287 0.095375
vt 0.913287 0.275817
vt 0.666518 0.821142
vt 0.608844 0.821142
vt 0.314907 0.816397
vt 0.370265 0.816746
vt 0.285944 0.821832
vt 0.285948 0.821459
vt 0.286953 0.820411
vt 0.286958 0.821105
vt 0.704168 0.821141
vt 0.703264 0.821141
vt 0.551170 0.821143
vt 0.425425 0.816884
vt 0.913287 0.050265
vt 0.499090 0.821139
vt 0.253955 0.815956
vt 0.913297 0.366037
vt 0.913287 0.365377
vt 0.913297 0.005154
vt 0.725099 0.821130
vt 0.256172 0.763296
vt 0.252276 0.763296
vt 0.606717 0.763296
vt 0.567464 0.763295
vt 0.477221 0.763295
vt 0.432100 0.763295
vt 0.522343 0.763295
vt 0.386979 0.763295
vt 0.341857 0.763295
vt 0.296736 0.763295
vt 0.480880 0.812830
vt 0.251615 0.763296
vt 0.612585 0.763296
vt 0.611924 0.763296
vt 0.494318 0.816967
vt 0.286959 0.819662
vt 0.259291 0.820031
vt 0.258792 0.820031
vt 0.258779 0.814019
vt 0.720571 0.821141
vt 0.720577 0.816973
vt 0.258716 0.833891
vt 0.258771 0.827220
vt 0.720548 0.837811
vt 0.720554 0.833643
vt 0.720589 0.808638
vt 0.720959 0.807347
vt 0.478233 0.388224
vt 0.478233 0.383045
vt 0.478233 0.736818
vt 0.478233 0.696479
vt 0.258735 0.802655
vt 0.258316 0.801255
vt 0.496652 0.735471
vt 0.496652 0.695286
vt 0.258743 0.807681
vt 0.496653 0.388197
vt 0.496653 0.383038
vt 0.720583 0.812806
vt 0.478233 0.606739
vt 0.478233 0.561869
vt 0.496653 0.605885
vt 0.496653 0.561185
vt 0.478233 0.516999
vt 0.478233 0.472128
vt 0.496653 0.516484
vt 0.496653 0.471784
vt 0.496653 0.650585
vt 0.478233 0.651609
vt 0.258306 0.839323
vt 0.258708 0.838068
vt 0.720924 0.843176
vt 0.720542 0.841978
vt 0.478233 0.427258
vt 0.496653 0.427084
vt 0.478233 0.740692
vt 0.478233 0.741350
vt 0.258203 0.839760
vt 0.258234 0.800907
vt 0.496652 0.739987
vt 0.496652 0.739332
vt 0.721021 0.843593
vt 0.478233 0.382387
vt 0.496653 0.382382
vt 0.721030 0.807025
vt 0.720560 0.829476
vt 0.720565 0.825308
vt 0.258792 0.820768
vt 0.258792 0.820422
vt 0.289645 0.837992
vt 0.289449 0.839259
vt 0.447886 0.651609
vt 0.447886 0.606739
vt 0.821634 0.010772
vt 0.821634 0.005299
vt 0.823219 0.005299
vt 0.823219 0.010772
vt 0.447886 0.472128
vt 0.447886 0.427258
vt 0.701048 0.843592
vt 0.527116 0.516484
vt 0.527116 0.561185
vt 0.700819 0.816974
vt 0.700822 0.812806
vt 0.447886 0.516999
vt 0.527116 0.605885
vt 0.527116 0.650585
vt 0.527116 0.739332
vt 0.527116 0.739987
vt 0.447886 0.388224
vt 0.447886 0.383045
vt 0.289672 0.801282
vt 0.289809 0.802697
vt 0.447886 0.696479
vt 0.527116 0.735471
vt 0.289649 0.800881
vt 0.700825 0.808638
vt 0.701019 0.807348
vt 0.447886 0.736818
vt 0.527116 0.383038
vt 0.527116 0.388197
vt 0.447886 0.561869
vt 0.289594 0.815987
vt 0.289566 0.820418
vt 0.700803 0.837811
vt 0.700806 0.833644
vt 0.700816 0.821141
vt 0.700809 0.829476
vt 0.700813 0.825309
vt 0.701053 0.807026
vt 0.289407 0.839702
vt 0.289612 0.833627
vt 0.289582 0.829259
vt 0.447886 0.740692
vt 0.289574 0.824853
vt 0.447886 0.741350
vt 0.527116 0.382382
vt 0.289706 0.807161
vt 0.527116 0.695286
vt 0.527116 0.427084
vt 0.527116 0.471784
vt 0.447886 0.382387
vt 0.289636 0.811571
vt 0.875064 0.184246
vt 0.875061 0.158358
vt 0.876408 0.159825
vt 0.876411 0.183078
vt 0.843252 0.005299
vt 0.843252 0.010772
vt 0.820050 0.010772
vt 0.820050 0.005299
vt 0.798433 0.010772
vt 0.798433 0.005299
vt 0.800017 0.005299
vt 0.800017 0.010772
vt 0.844836 0.005299
vt 0.844836 0.010772
vt 0.820050 0.005151
vt 0.821634 0.005151
vt 0.873558 0.183136
vt 0.873731 0.183081
vt 0.875064 0.184456
vt 0.798433 0.005151
vt 0.800017 0.005151
vt 0.875061 0.158128
vt 0.873728 0.159827
vt 0.873553 0.159782
vt 0.823219 0.005151
vt 0.876583 0.183133
vt 0.843252 0.005151
vt 0.844836 0.005151
vt 0.876583 0.159779
vt 0.843252 0.032500
vt 0.843252 0.027191
vt 0.844836 0.027191
vt 0.844836 0.032500
vt 0.843252 0.021718
vt 0.844836 0.021718
vt 0.843252 0.016245
vt 0.844836 0.016245
vt 0.800017 0.032500
vt 0.800017 0.027191
vt 0.820050 0.027191
vt 0.820050 0.032500
vt 0.800017 0.021718
vt 0.820050 0.021718
vt 0.800017 0.016245
vt 0.820050 0.016245
vt 0.798433 0.032500
vt 0.798433 0.027191
vt 0.798433 0.021718
vt 0.798433 0.016245
vt 0.821634 0.027191
vt 0.821634 0.032500
vt 0.821634 0.021718
vt 0.821634 0.016245
vt 0.823219 0.032500
vt 0.823219 0.027191
vt 0.823219 0.021718
vt 0.823219 0.016245
vt 0.821634 0.032664
vt 0.823219 0.032664
vt 0.843252 0.032664
vt 0.820050 0.032664
vt 0.798433 0.032664
vt 0.800017 0.032664
vt 0.844836 0.032664
vt 0.260546 0.819369
vt 0.285962 0.819360
vt 0.702669 0.833644
vt 0.702672 0.829476
vt 0.287582 0.820412
vt 0.287582 0.820756
vt 0.287631 0.814037
vt 0.287583 0.820023
vt 0.702675 0.825309
vt 0.702678 0.821141
vt 0.525086 0.471784
vt 0.525086 0.516484
vt 0.287712 0.807713
vt 0.449908 0.561869
vt 0.449908 0.516999
vt 0.449908 0.383045
vt 0.449908 0.382387
vt 0.525086 0.427084
vt 0.525086 0.388197
vt 0.525086 0.695286
vt 0.525086 0.735471
vt 0.525086 0.650585
vt 0.702684 0.812806
vt 0.702687 0.808638
vt 0.287763 0.802647
vt 0.525086 0.382382
vt 0.525086 0.383038
vt 0.449908 0.741350
vt 0.449908 0.740692
vt 0.287605 0.827174
vt 0.449908 0.736818
vt 0.525086 0.561185
vt 0.525086 0.605885
vt 0.287660 0.833827
vt 0.287687 0.838011
vt 0.287490 0.839272
vt 0.287442 0.839712
vt 0.702874 0.807348
vt 0.702907 0.807026
vt 0.702681 0.816974
vt 0.702663 0.841979
vt 0.702666 0.837811
vt 0.449908 0.606739
vt 0.449908 0.696479
vt 0.287537 0.800858
vt 0.287571 0.801218
vt 0.525086 0.739332
vt 0.449908 0.651609
vt 0.449908 0.427258
vt 0.449908 0.388224
vt 0.525086 0.739987
vt 0.449908 0.472128
vt 0.702903 0.843592
vt 0.702856 0.843176
vt 0.701986 0.833644
vt 0.701989 0.829476
vt 0.288310 0.820414
vt 0.288310 0.820757
vt 0.288357 0.814047
vt 0.288311 0.820026
vt 0.701992 0.825309
vt 0.701995 0.821141
vt 0.525764 0.471784
vt 0.525764 0.516484
vt 0.288440 0.807723
vt 0.449232 0.561869
vt 0.449232 0.516999
vt 0.449232 0.383045
vt 0.449232 0.382387
vt 0.525764 0.427084
vt 0.525764 0.388197
vt 0.525764 0.695286
vt 0.525764 0.735471
vt 0.525764 0.650585
vt 0.702001 0.812806
vt 0.702004 0.808638
vt 0.288511 0.802659
vt 0.525764 0.382382
vt 0.525764 0.383038
vt 0.449232 0.741350
vt 0.449232 0.740692
vt 0.288328 0.827169
vt 0.449232 0.736818
vt 0.525764 0.561185
vt 0.525764 0.605885
vt 0.288376 0.833822
vt 0.288405 0.838006
vt 0.288205 0.839270
vt 0.288158 0.839710
vt 0.702196 0.807348
vt 0.702230 0.807026
vt 0.701998 0.816974
vt 0.701980 0.841979
vt 0.701983 0.837811
vt 0.449232 0.606739
vt 0.449232 0.696479
vt 0.288293 0.800863
vt 0.288325 0.801227
vt 0.525764 0.739332
vt 0.449232 0.651609
vt 0.449232 0.427258
vt 0.449232 0.388224
vt 0.525764 0.739987
vt 0.449232 0.472128
vt 0.702225 0.843592
vt 0.702179 0.843176
usemtl None
s 1
f 866/1 667/2 13/3 852/4
f 1271/5 674/6 31/7 1245/8
f 654/9 672/10 32/11 30/12
f 705/13 6/14 8/15 725/16
f 725/17 8/18 7/19 726/20
f 726/20 7/19 5/21 727/22
f 706/23 728/24 12/25 10/26
f 730/27 729/28 9/29 11/30
f 728/31 730/27 11/30 12/32
f 892/33 878/34 17/35 668/36
f 653/37 22/38 24/39 669/40
f 1196/41 1185/42 23/43 670/44
f 670/44 23/43 21/45 671/46
f 674/6 673/47 29/48 31/7
f 700/49 496/50 29/48 673/47
f 696/51 671/46 21/45 460/52
f 841/53 651/54 18/55 817/56
f 865/57 853/58 49/59 675/60
f 1256/61 1246/62 67/63 682/64
f 664/65 66/66 68/67 680/68
f 713/69 735/70 44/71 42/72
f 735/73 736/74 43/75 44/76
f 736/74 737/77 41/78 43/75
f 714/79 46/80 48/81 738/82
f 740/83 47/84 45/85 739/86
f 738/87 48/88 47/84 740/83
f 891/89 676/90 53/91 879/92
f 663/93 677/94 60/95 58/96
f 1211/97 678/98 59/99 1186/100
f 678/98 679/101 57/102 59/99
f 682/64 67/63 65/103 681/104
f 699/105 681/104 65/103 497/106
f 695/107 461/108 57/102 679/101
f 828/109 818/110 54/111 661/112
f 764/113 576/114 38/115 733/116
f 704/117 577/118 39/119 656/120
f 587/121 589/122 51/123 49/124
f 582/125 580/126 42/127 44/128
f 589/122 590/129 52/130 51/123
f 581/131 582/125 44/128 43/132
f 590/129 588/133 50/134 52/130
f 579/135 581/131 43/132 41/136
f 585/137 583/138 45/139 47/140
f 586/141 585/137 47/140 48/142
f 592/143 594/144 56/145 54/146
f 609/147 607/148 69/149 71/150
f 584/151 586/141 48/142 46/152
f 593/153 591/154 53/155 55/156
f 599/157 601/158 63/159 61/160
f 598/161 596/162 58/163 60/164
f 1210/165 602/166 64/167 1201/168
f 1175/169 598/161 60/164 1158/170
f 602/166 600/171 62/172 64/167
f 595/173 597/174 59/175 57/176
f 1296/177 578/178 40/179 1276/180
f 608/181 610/182 72/183 70/184
f 1270/185 605/186 67/187 1246/188
f 644/189 608/181 70/184 488/190
f 1235/191 609/147 71/150 1218/192
f 642/193 604/194 66/195 471/196
f 890/197 584/151 46/152 870/198
f 1056/199 575/200 37/201 1045/202
f 640/203 595/173 57/176 461/204
f 638/205 599/157 61/160 435/206
f 864/207 587/121 49/124 853/208
f 604/194 606/209 68/210 66/195
f 605/186 603/211 65/212 67/187
f 594/144 593/153 55/156 56/145
f 840/213 592/143 54/146 818/214
f 814/215 579/135 41/136 792/216
f 631/217 611/218 76/219 380/220
f 629/221 612/222 75/223 362/224
f 688/225 380/226 76/227 683/228
f 687/229 665/230 74/231 379/232
f 635/233 613/234 80/235 418/236
f 633/237 614/238 79/239 400/240
f 692/241 666/242 79/243 416/244
f 691/245 415/246 77/247 684/248
f 430/249 419/250 120/251 320/252
f 429/253 302/254 119/255 420/256
f 394/257 301/258 118/259 383/260
f 393/261 384/262 117/263 319/264
f 626/265 615/266 100/267 292/268
f 624/269 616/270 99/271 269/272
f 824/273 819/274 106/275 297/276
f 458/277 453/278 112/279 315/280
f 503/281 317/282 114/283 498/284
f 318/285 115/286 114/283 317/282
f 314/287 315/280 112/279 111/288
f 1207/289 314/287 111/288 1202/290
f 299/291 313/292 110/293 109/294
f 885/295 312/296 107/297 880/298
f 274/299 105/300 108/301 276/302
f 276/302 108/301 106/275 275/303
f 250/304 107/297 105/305 274/306
f 272/307 273/308 104/309 103/310
f 271/311 272/307 103/310 102/312
f 249/313 271/314 102/315 101/316
f 300/317 116/318 113/319 316/320
f 1252/321 1247/322 115/286 318/285
f 850/323 845/324 101/316 311/325
f 837/326 287/327 88/328 832/329
f 467/330 307/331 94/332 462/333
f 494/334 489/335 96/336 309/337
f 310/338 309/337 96/336 97/339
f 306/340 93/341 94/332 307/331
f 1192/342 1187/343 93/341 306/340
f 289/344 91/345 92/346 305/347
f 876/348 871/349 89/350 304/351
f 264/352 266/353 90/354 87/355
f 266/353 265/356 88/328 90/354
f 242/357 264/358 87/359 89/350
f 262/360 85/361 86/362 263/363
f 261/364 84/365 85/361 262/360
f 241/366 83/367 84/368 261/369
f 290/370 308/371 95/372 98/373
f 1267/374 310/338 97/339 1262/375
f 859/376 303/377 83/367 854/378
f 860/379 321/380 121/381 855/382
f 1268/383 328/384 128/385 1263/386
f 348/387 326/388 126/389 148/390
f 877/391 872/392 122/393 322/394
f 347/395 147/396 123/397 323/398
f 1193/399 1188/400 124/401 324/402
f 324/402 124/401 125/403 325/404
f 328/384 327/405 127/406 128/385
f 495/407 490/408 127/406 327/405
f 468/409 325/404 125/403 463/410
f 838/411 345/412 145/413 833/414
f 851/415 846/416 129/417 329/418
f 1253/419 1248/420 136/421 336/422
f 358/423 158/424 134/425 334/426
f 886/427 330/428 130/429 881/430
f 357/431 331/432 131/433 157/434
f 1208/435 332/436 132/437 1203/438
f 332/436 333/439 133/440 132/437
f 336/422 136/421 135/441 335/442
f 504/443 335/442 135/441 499/444
f 459/445 454/446 133/440 333/439
f 825/447 820/448 155/449 355/450
f 627/451 617/452 150/453 350/454
f 396/455 385/456 137/457 337/458
f 395/459 359/460 159/461 386/462
f 432/463 360/464 160/465 421/466
f 431/467 422/468 138/469 338/470
f 625/471 618/472 149/473 291/474
f 296/475 154/476 156/477 298/478
f 298/478 156/477 155/449 297/276
f 312/296 130/429 154/479 296/480
f 294/481 295/482 153/483 152/484
f 293/485 294/481 152/484 151/486
f 311/325 293/487 151/488 129/417
f 286/489 288/490 146/491 144/492
f 288/490 287/327 145/413 146/491
f 304/351 286/493 144/494 122/393
f 284/495 142/496 143/497 285/498
f 283/499 141/500 142/496 284/495
f 303/377 121/381 141/501 283/502
f 223/503 183/504 163/505 203/506
f 203/507 163/508 164/509 204/510
f 204/510 164/509 165/511 205/512
f 224/513 206/514 166/515 184/516
f 208/517 207/518 167/519 168/520
f 206/521 208/517 168/520 166/522
f 231/523 213/524 173/525 191/526
f 213/527 214/528 174/529 173/530
f 214/528 215/531 175/532 174/529
f 232/533 192/534 176/535 216/536
f 218/537 178/538 177/539 217/540
f 216/541 176/542 178/538 218/537
f 621/543 619/544 171/545 211/546
f 428/547 423/548 200/549 258/550
f 427/551 280/552 182/553 424/554
f 392/555 279/556 181/557 387/558
f 391/559 388/560 199/561 257/562
f 623/563 620/564 172/565 270/566
f 823/567 821/568 177/539 275/303
f 457/569 455/570 195/571 253/572
f 502/573 255/574 197/575 500/576
f 256/577 198/578 197/575 255/574
f 252/579 253/572 195/571 194/580
f 1206/581 252/579 194/580 1204/582
f 277/583 251/584 193/585 179/586
f 884/587 250/304 192/534 882/588
f 278/589 180/590 196/591 254/592
f 1251/593 1249/594 198/578 256/577
f 849/595 847/596 191/526 249/313
f 836/597 265/356 167/519 834/598
f 466/599 245/600 187/601 464/602
f 493/603 491/604 189/605 247/606
f 248/607 247/606 189/605 190/608
f 244/609 186/610 187/601 245/600
f 1191/611 1189/612 186/610 244/609
f 267/613 169/614 185/615 243/616
f 875/617 873/618 184/516 242/357
f 268/619 246/620 188/621 170/622
f 1266/623 248/607 190/608 1264/624
f 858/625 241/366 183/504 856/626
f 1024/627 621/543 211/546 1003/628
f 1008/629 216/541 218/537 1010/630
f 1010/630 218/537 217/540 1009/631
f 974/632 232/533 216/536 1008/633
f 1006/634 1007/635 215/531 214/528
f 1005/636 1006/634 214/528 213/527
f 973/637 1005/638 213/524 231/523
f 998/639 1000/640 208/517 206/521
f 1000/640 999/641 207/518 208/517
f 966/642 998/643 206/514 224/513
f 996/644 204/510 205/512 997/645
f 995/646 203/507 204/510 996/644
f 965/647 223/503 203/506 995/648
f 423/548 425/649 240/650 200/549
f 424/554 182/553 222/651 426/652
f 387/558 181/557 221/653 389/654
f 388/560 390/655 239/656 199/561
f 620/564 622/657 212/658 172/565
f 821/568 822/659 217/540 177/539
f 455/570 456/660 235/661 195/571
f 500/576 197/575 237/662 501/663
f 198/578 238/664 237/662 197/575
f 194/580 195/571 235/661 234/665
f 1204/582 194/580 234/665 1205/666
f 179/586 193/585 233/667 219/668
f 882/588 192/534 232/533 883/669
f 180/590 220/670 236/671 196/591
f 1249/594 1250/672 238/664 198/578
f 847/596 848/673 231/523 191/526
f 834/598 167/519 207/518 835/674
f 464/602 187/601 227/675 465/676
f 491/604 492/677 229/678 189/605
f 190/608 189/605 229/678 230/679
f 186/610 226/680 227/675 187/601
f 1189/612 1190/681 226/680 186/610
f 169/614 209/682 225/683 185/615
f 873/618 874/684 224/513 184/516
f 170/622 188/621 228/685 210/686
f 1264/624 190/608 230/679 1265/687
f 856/626 183/504 223/503 857/688
f 854/378 83/367 241/366 858/625
f 1262/375 97/339 248/607 1266/623
f 98/373 95/372 246/620 268/619
f 871/349 875/617 242/357 89/350
f 91/345 267/613 243/616 92/346
f 1187/343 1191/611 244/609 93/341
f 93/341 244/609 245/600 94/332
f 97/339 96/336 247/606 248/607
f 489/335 493/603 247/606 96/336
f 462/333 94/332 245/600 466/599
f 832/329 88/328 265/356 836/597
f 845/324 849/595 249/313 101/316
f 1247/322 1251/593 256/577 115/286
f 116/318 278/589 254/592 113/319
f 880/298 107/297 250/304 884/587
f 109/294 110/293 251/584 277/583
f 1202/290 111/288 252/579 1206/581
f 111/288 112/279 253/572 252/579
f 115/286 256/577 255/574 114/283
f 498/284 114/283 255/574 502/573
f 453/278 457/569 253/572 112/279
f 819/274 823/567 275/303 106/275
f 615/266 623/563 270/566 100/267
f 384/262 391/559 257/562 117/263
f 383/260 118/259 279/556 392/555
f 420/256 119/255 280/552 427/551
f 419/250 428/547 258/550 120/251
f 183/504 241/366 261/369 163/505
f 163/508 261/364 262/360 164/509
f 164/509 262/360 263/363 165/511
f 184/516 166/515 264/358 242/357
f 168/520 167/519 265/356 266/353
f 166/522 168/520 266/353 264/352
f 191/526 173/525 271/314 249/313
f 173/530 174/529 272/307 271/311
f 174/529 175/532 273/308 272/307
f 192/534 250/304 274/306 176/535
f 178/538 276/302 275/303 177/539
f 176/542 274/299 276/302 178/538
f 619/544 624/269 269/272 171/545
f 83/367 303/377 283/502 84/368
f 84/365 283/499 284/495 85/361
f 85/361 284/495 285/498 86/362
f 89/350 87/359 286/493 304/351
f 90/354 88/328 287/327 288/490
f 87/355 90/354 288/490 286/489
f 101/316 102/315 293/487 311/325
f 102/312 103/310 294/481 293/485
f 103/310 104/309 295/482 294/481
f 107/297 312/296 296/480 105/305
f 108/301 298/478 297/276 106/275
f 105/300 296/475 298/478 108/301
f 616/270 625/471 291/474 99/271
f 855/382 121/381 303/377 859/376
f 1263/386 128/385 310/338 1267/374
f 148/390 126/389 308/371 290/370
f 872/392 876/348 304/351 122/393
f 147/396 289/344 305/347 123/397
f 1188/400 1192/342 306/340 124/401
f 124/401 306/340 307/331 125/403
f 128/385 127/406 309/337 310/338
f 490/408 494/334 309/337 127/406
f 463/410 125/403 307/331 467/330
f 833/414 145/413 287/327 837/326
f 846/416 850/323 311/325 129/417
f 1248/420 1252/321 318/285 136/421
f 158/424 300/317 316/320 134/425
f 881/430 130/429 312/296 885/295
f 157/434 131/433 313/292 299/291
f 1203/438 132/437 314/287 1207/289
f 132/437 133/440 315/280 314/287
f 136/421 318/285 317/282 135/441
f 499/444 135/441 317/282 503/281
f 454/446 458/277 315/280 133/440
f 820/448 824/273 297/276 155/449
f 617/452 626/265 292/268 150/453
f 385/456 393/261 319/264 137/457
f 386/462 159/461 301/258 394/257
f 421/466 160/465 302/254 429/253
f 422/468 430/249 320/252 138/469
f 948/689 431/467 338/470 944/690
f 920/691 916/692 360/464 432/463
f 918/693 915/694 359/460 395/459
f 946/695 396/455 337/458 943/696
f 954/697 627/451 350/454 906/698
f 960/699 825/447 355/450 911/700
f 950/701 459/445 333/439 939/702
f 924/703 941/704 335/442 504/443
f 942/705 336/422 335/442 941/704
f 938/706 939/702 333/439 332/436
f 1213/707 938/706 332/436 1208/435
f 913/708 937/709 331/432 357/431
f 964/710 936/711 330/428 886/427
f 914/712 358/423 334/426 940/713
f 1258/714 1253/419 336/422 942/705
f 962/715 851/415 329/418 935/716
f 959/717 901/718 345/412 838/411
f 922/719 931/720 325/404 468/409
f 952/721 495/407 327/405 933/722
f 934/723 933/722 327/405 328/384
f 930/724 324/402 325/404 931/720
f 1198/725 1193/399 324/402 930/724
f 903/726 347/395 323/398 929/727
f 963/728 877/391 322/394 928/729
f 904/730 932/731 326/388 348/387
f 1273/732 934/723 328/384 1268/383
f 961/733 927/734 321/380 860/379
f 618/472 628/735 349/736 149/473
f 154/476 354/737 356/738 156/477
f 156/477 356/738 355/450 155/449
f 130/429 330/428 354/739 154/479
f 152/484 153/483 353/740 352/741
f 151/486 152/484 352/741 351/742
f 129/417 151/488 351/743 329/418
f 144/492 146/491 346/744 344/745
f 146/491 145/413 345/412 346/744
f 122/393 144/494 344/746 322/394
f 142/496 342/747 343/748 143/497
f 141/500 341/749 342/747 142/496
f 121/381 321/380 341/750 141/501
f 915/694 917/751 378/752 359/460
f 943/696 337/458 377/753 945/754
f 137/457 319/264 376/755 368/756
f 159/461 367/757 375/758 301/258
f 117/263 257/562 374/759 365/760
f 118/259 366/761 373/762 279/556
f 181/557 370/763 372/764 221/653
f 199/561 239/656 371/765 369/766
f 279/556 373/762 370/763 181/557
f 257/562 199/561 369/766 374/759
f 337/458 137/457 368/756 377/753
f 359/460 378/752 367/757 159/461
f 301/258 375/758 366/761 118/259
f 319/264 117/263 365/760 376/755
f 1146/767 629/221 362/224 1135/768
f 611/218 630/769 364/770 76/219
f 683/228 76/227 364/771 685/772
f 665/230 686/773 363/774 74/231
f 1078/775 1073/776 396/455 946/695
f 1093/777 918/693 395/459 1088/778
f 1083/779 386/462 394/257 1087/780
f 1068/781 1072/782 393/261 385/456
f 1082/783 383/260 392/555 1086/784
f 1067/785 1071/786 391/559 384/262
f 1069/787 1070/788 390/655 388/560
f 1084/789 387/558 389/654 1085/790
f 1071/786 1069/787 388/560 391/559
f 1086/784 392/555 387/558 1084/789
f 1088/778 395/459 386/462 1083/779
f 1073/776 1068/781 385/456 396/455
f 1072/782 1067/785 384/262 393/261
f 1087/780 394/257 383/260 1082/783
f 1091/791 687/229 379/232 1080/792
f 1076/793 1081/794 380/226 688/225
f 1090/795 631/217 380/220 1081/796
f 612/222 632/797 382/798 75/223
f 944/690 338/470 414/799 947/800
f 916/692 919/801 413/802 360/464
f 160/465 404/803 412/804 302/254
f 138/469 320/252 411/805 403/806
f 119/255 401/807 410/808 280/552
f 120/251 258/550 409/809 402/810
f 200/549 240/650 408/811 406/812
f 182/553 405/813 407/814 222/651
f 258/550 200/549 406/812 409/809
f 280/552 410/808 405/813 182/553
f 360/464 413/802 404/803 160/465
f 338/470 138/469 403/806 414/799
f 320/252 120/251 402/810 411/805
f 302/254 412/804 401/807 119/255
f 1116/815 633/237 400/240 1096/816
f 613/234 634/817 398/818 80/235
f 666/242 689/819 400/820 79/243
f 684/248 77/247 399/821 690/822
f 1333/823 920/691 432/463 1328/824
f 1318/825 1313/826 431/467 948/689
f 1308/827 1312/828 430/249 422/468
f 1323/829 421/466 429/253 1327/830
f 1307/831 1311/832 428/547 419/250
f 1322/833 420/256 427/551 1326/834
f 1324/835 424/554 426/652 1325/836
f 1309/837 1310/838 425/649 423/548
f 1326/834 427/551 424/554 1324/835
f 1311/832 1309/837 423/548 428/547
f 1313/826 1308/827 422/468 431/467
f 1328/824 432/463 421/466 1323/829
f 1327/830 429/253 420/256 1322/833
f 1312/828 1307/831 419/250 430/249
f 1316/839 1320/840 415/246 691/245
f 1331/841 692/241 416/244 1321/842
f 1330/843 635/233 418/236 1306/844
f 614/238 636/845 416/846 79/239
f 903/726 921/847 450/848 347/395
f 913/708 357/431 449/849 949/850
f 157/434 299/291 448/851 440/852
f 147/396 439/853 447/854 289/344
f 109/294 277/583 446/855 437/856
f 91/345 438/857 445/858 267/613
f 169/614 442/859 444/860 209/682
f 179/586 219/668 443/861 441/862
f 267/613 445/858 442/859 169/614
f 277/583 179/586 441/862 446/855
f 357/431 157/434 440/852 449/849
f 347/395 450/848 439/853 147/396
f 289/344 447/854 438/857 91/345
f 299/291 109/294 437/856 448/851
f 596/162 637/863 436/864 58/163
f 863/865 638/205 435/206 844/866
f 663/93 58/96 436/867 693/868
f 653/37 694/869 434/870 22/38
f 600/171 639/871 452/872 62/172
f 1152/873 922/719 468/409 1133/874
f 1151/875 1142/876 459/445 950/701
f 1137/877 1141/878 458/277 454/446
f 1128/879 463/410 467/330 1132/880
f 1136/881 1140/882 457/569 453/278
f 1127/883 462/333 466/599 1131/884
f 1129/885 464/602 465/676 1130/886
f 1138/887 1139/888 456/660 455/570
f 1131/884 466/599 464/602 1129/885
f 1140/882 1138/887 455/570 457/569
f 1142/876 1137/877 454/446 459/445
f 1133/874 468/409 463/410 1128/879
f 1132/880 467/330 462/333 1127/883
f 1141/878 1136/881 453/278 458/277
f 1145/889 640/203 461/204 1126/890
f 1148/891 1126/892 461/108 695/107
f 1147/893 696/51 460/52 1125/894
f 904/730 348/387 486/895 951/896
f 914/712 923/897 485/898 358/423
f 158/424 476/899 484/900 300/317
f 148/390 290/370 483/901 475/902
f 116/318 473/903 482/904 278/589
f 98/373 268/619 481/905 474/906
f 170/622 210/686 480/907 478/908
f 180/590 477/909 479/910 220/670
f 268/619 170/622 478/908 481/905
f 278/589 482/904 477/909 180/590
f 358/423 485/898 476/899 158/424
f 348/387 148/390 475/902 486/895
f 290/370 98/373 474/906 483/901
f 300/317 484/900 473/903 116/318
f 607/148 641/911 472/912 69/149
f 889/913 642/193 471/196 879/914
f 664/65 697/915 471/916 66/66
f 654/9 30/12 469/917 698/918
f 603/211 643/919 497/920 65/212
f 1122/921 1112/922 495/407 952/721
f 1121/923 924/703 504/443 1103/924
f 1098/925 499/444 503/281 1102/926
f 1107/927 1111/928 494/334 490/408
f 1097/929 498/284 502/573 1101/930
f 1106/931 1110/932 493/603 489/335
f 1108/933 1109/934 492/677 491/604
f 1099/935 500/576 501/663 1100/936
f 1110/932 1108/933 491/604 493/603
f 1101/930 502/573 500/576 1099/935
f 1103/924 504/443 499/444 1098/925
f 1112/922 1107/927 490/408 495/407
f 1111/928 1106/931 489/335 494/334
f 1102/926 503/281 498/284 1097/929
f 1115/937 644/189 488/190 1105/938
f 1118/939 699/105 497/106 1096/940
f 1117/941 1095/942 496/50 700/49
f 1104/943 487/944 574/945 1113/946
f 29/947 496/948 573/949 533/950
f 878/951 469/952 572/953 887/954
f 33/955 470/956 571/957 537/958
f 1125/959 460/960 570/961 1143/962
f 26/963 451/964 569/965 530/966
f 843/967 433/968 568/969 861/970
f 22/971 434/972 567/973 526/974
f 77/975 415/976 566/977 544/978
f 1305/979 417/980 565/981 1329/982
f 78/983 397/984 564/985 543/986
f 1095/987 399/988 563/989 1114/990
f 73/991 381/992 562/993 542/994
f 1080/995 379/996 561/997 1089/998
f 74/999 363/1000 560/1001 541/1002
f 1134/1003 361/1004 559/1005 1144/1006
f 139/1007 339/1008 558/1009 548/1010
f 896/1011 340/1012 557/1013 953/1014
f 140/1015 282/1016 556/1017 547/1018
f 81/1019 281/1020 555/1021 546/1022
f 161/1023 259/1024 554/1025 549/1026
f 82/1027 260/1028 553/1029 545/1030
f 162/1031 202/1032 552/1033 550/1034
f 993/1035 201/1036 551/1037 1023/1038
f 260/1028 162/1031 550/1034 553/1029
f 201/1036 161/1023 549/1026 551/1037
f 281/1020 139/1007 548/1010 555/1021
f 340/1012 140/1015 547/1018 557/1013
f 259/1024 81/1019 546/1022 554/1025
f 282/1016 82/1027 545/1030 556/1017
f 399/988 77/975 544/978 563/989
f 417/980 78/983 543/986 565/981
f 361/1004 73/991 542/994 559/1005
f 379/996 74/999 541/1002 561/997
f 791/1039 5/1040 509/1041 813/1042
f 817/1043 18/1044 522/1045 839/1046
f 20/1047 19/1048 523/1049 524/1050
f 31/1051 29/947 533/950 535/1052
f 30/1053 32/1054 536/1055 534/1056
f 852/1057 13/1058 517/1059 862/1060
f 433/968 25/1061 529/1062 568/969
f 460/960 21/1063 525/1064 570/961
f 1044/1065 1/1066 505/1067 1054/1068
f 869/1069 10/1070 514/1071 888/1072
f 469/952 30/1053 534/1056 572/953
f 1216/1073 35/1074 539/1075 1233/1076
f 487/944 34/1077 538/1078 574/945
f 1245/1079 31/1051 535/1052 1269/1080
f 34/1077 36/1081 540/1082 538/1078
f 1275/1083 4/1084 508/1085 1294/1086
f 21/1063 23/1087 527/1088 525/1064
f 28/1089 26/963 530/966 532/1090
f 1156/1091 24/1092 528/1093 1173/1094
f 1200/1095 28/1089 532/1090 1209/1096
f 24/1092 22/971 526/974 528/1093
f 25/1061 27/1097 531/1098 529/1062
f 19/1048 17/1099 521/1100 523/1049
f 10/1070 12/1101 516/1102 514/1071
f 35/1074 33/955 537/958 539/1075
f 18/1044 20/1047 524/1050 522/1045
f 12/1101 11/1103 515/1104 516/1102
f 11/1103 9/1105 513/1106 515/1104
f 5/1040 7/1107 511/1108 509/1041
f 16/1109 14/1110 518/1111 520/1112
f 7/1107 8/1113 512/1114 511/1108
f 15/1115 16/1109 520/1112 519/1116
f 8/1113 6/1117 510/1118 512/1114
f 13/1058 15/1115 519/1116 517/1059
f 646/1119 3/1120 507/1121 702/1122
f 723/1123 2/1124 506/1125 762/1126
f 1113/946 574/945 644/189 1115/937
f 533/950 573/949 643/919 603/211
f 887/954 572/953 642/193 889/913
f 537/958 571/957 641/911 607/148
f 1143/962 570/961 640/203 1145/889
f 530/966 569/965 639/871 600/171
f 861/970 568/969 638/205 863/865
f 526/974 567/973 637/863 596/162
f 544/978 566/977 636/845 614/238
f 1329/982 565/981 635/233 1330/843
f 543/986 564/985 634/817 613/234
f 1114/990 563/989 633/237 1116/815
f 542/994 562/993 632/797 612/222
f 1089/998 561/997 631/217 1090/795
f 541/1002 560/1001 630/769 611/218
f 1144/1006 559/1005 629/221 1146/767
f 548/1010 558/1009 628/735 618/472
f 953/1014 557/1013 627/451 954/697
f 547/1018 556/1017 626/265 617/452
f 546/1022 555/1021 625/471 616/270
f 549/1026 554/1025 624/269 619/544
f 545/1030 553/1029 623/563 615/266
f 550/1034 552/1033 622/657 620/564
f 1023/1038 551/1037 621/543 1024/627
f 553/1029 550/1034 620/564 623/563
f 551/1037 549/1026 619/544 621/543
f 555/1021 548/1010 618/472 625/471
f 557/1013 547/1018 617/452 627/451
f 554/1025 546/1022 616/270 624/269
f 556/1017 545/1030 615/266 626/265
f 563/989 544/978 614/238 633/237
f 565/981 543/986 613/234 635/233
f 559/1005 542/994 612/222 629/221
f 561/997 541/1002 611/218 631/217
f 813/1042 509/1041 579/135 814/215
f 839/1046 522/1045 592/143 840/213
f 524/1050 523/1049 593/153 594/144
f 535/1052 533/950 603/211 605/186
f 534/1056 536/1055 606/209 604/194
f 862/1060 517/1059 587/121 864/207
f 568/969 529/1062 599/157 638/205
f 570/961 525/1064 595/173 640/203
f 1054/1068 505/1067 575/200 1056/199
f 888/1072 514/1071 584/151 890/197
f 572/953 534/1056 604/194 642/193
f 1233/1076 539/1075 609/147 1235/191
f 574/945 538/1078 608/181 644/189
f 1269/1080 535/1052 605/186 1270/185
f 538/1078 540/1082 610/182 608/181
f 1294/1086 508/1085 578/178 1296/177
f 525/1064 527/1088 597/174 595/173
f 532/1090 530/966 600/171 602/166
f 1173/1094 528/1093 598/161 1175/169
f 1209/1096 532/1090 602/166 1210/165
f 528/1093 526/974 596/162 598/161
f 529/1062 531/1098 601/158 599/157
f 523/1049 521/1100 591/154 593/153
f 514/1071 516/1102 586/141 584/151
f 539/1075 537/958 607/148 609/147
f 522/1045 524/1050 594/144 592/143
f 516/1102 515/1104 585/137 586/141
f 515/1104 513/1106 583/138 585/137
f 509/1041 511/1108 581/131 579/135
f 520/1112 518/1111 588/133 590/129
f 511/1108 512/1114 582/125 581/131
f 519/1116 520/1112 590/129 589/122
f 512/1114 510/1118 580/126 582/125
f 517/1059 519/1116 589/122 587/121
f 702/1122 507/1121 577/118 704/117
f 762/1126 506/1125 576/114 764/113
f 991/1127 702/1122 704/117 992/1128
f 508/1129 701/1130 703/1131 578/1132
f 994/1133 646/1119 702/1122 991/1127
f 4/1134 645/1135 701/1130 508/1129
f 1124/1136 1117/941 700/49 990/1137
f 1123/1138 1022/1139 699/105 1118/939
f 1002/1140 654/9 698/918 989/1141
f 1012/1142 1021/1143 697/915 664/65
f 1154/1144 1020/1145 696/51 1147/893
f 1153/1146 1148/891 695/107 988/1147
f 1001/1148 1019/1149 694/869 653/37
f 1011/1150 663/93 693/868 987/1151
f 1334/1152 1018/1153 692/241 1331/841
f 1319/1154 1316/839 691/245 986/1155
f 982/1156 684/248 690/822 985/1157
f 1014/1158 1017/1159 689/819 666/242
f 1079/1160 1076/793 688/225 984/1161
f 1094/1162 1016/1163 687/229 1091/791
f 1013/1164 1015/1165 686/773 665/230
f 981/1166 683/228 685/772 983/1167
f 13/3 667/2 647/1168 15/1169
f 15/1170 647/1171 648/1172 16/1173
f 16/1173 648/1172 649/1174 14/1175
f 17/35 19/1176 650/1177 668/36
f 20/1178 18/55 651/54 652/1179
f 19/1180 20/1178 652/1179 650/1181
f 49/59 51/1182 657/1183 675/60
f 51/1184 52/1185 658/1186 657/1187
f 52/1185 50/1188 659/1189 658/1186
f 53/91 676/90 660/1190 55/1191
f 56/1192 662/1193 661/112 54/111
f 55/1194 660/1195 662/1193 56/1192
f 578/1132 703/1131 655/1196 40/1197
f 986/1155 691/245 684/248 982/1156
f 1018/1153 1014/1158 666/242 692/241
f 1016/1163 1013/1164 665/230 687/229
f 984/1161 688/225 683/228 981/1166
f 992/1128 704/117 656/120 1004/1198
f 1030/1199 828/109 661/112 1009/631
f 988/1147 695/107 679/101 977/1200
f 1022/1139 979/1201 681/104 699/105
f 980/1202 682/64 681/104 979/1201
f 976/1203 977/1200 679/101 678/98
f 1214/1204 976/1203 678/98 1211/97
f 1011/1150 975/1205 677/94 663/93
f 1034/1206 974/632 676/90 891/89
f 1012/1142 664/65 680/68 978/1207
f 1259/1208 1256/61 682/64 980/1202
f 1032/1209 865/57 675/60 973/637
f 1029/1210 999/641 651/54 841/53
f 1020/1145 969/1211 671/46 696/51
f 990/1137 700/49 673/47 971/1212
f 972/1213 971/1212 673/47 674/6
f 968/1214 670/44 671/46 969/1211
f 1199/1215 1196/41 670/44 968/1214
f 1001/1148 653/37 669/40 967/1216
f 1033/1217 892/33 668/36 966/642
f 1002/1140 970/1218 672/10 654/9
f 1274/1219 972/1213 674/6 1271/5
f 1031/1220 965/647 667/2 866/1
f 925/1221 762/1126 764/113 926/1222
f 505/1223 761/1224 763/1225 575/1226
f 895/1227 723/1123 762/1126 925/1221
f 1/1228 724/1229 761/1224 505/1223
f 1105/1230 488/1231 760/1232 1119/1233
f 1104/1234 1120/1235 759/1236 487/1237
f 69/1238 472/1239 758/1240 742/1241
f 33/1242 732/1243 757/1244 470/1245
f 1135/1246 1149/1247 756/1248 452/1249
f 1134/1250 451/1251 755/1252 1150/1253
f 61/1254 741/1255 754/1256 435/1257
f 25/1258 433/1259 753/1260 731/1261
f 1305/1262 1317/1263 752/1264 417/1265
f 1306/1266 418/1267 751/1268 1332/1269
f 80/1270 398/1271 750/1272 744/1273
f 78/1274 722/1275 749/1276 397/1277
f 1065/1278 381/1279 748/1280 1092/1281
f 1066/1282 1077/1283 747/1284 382/1285
f 75/1286 721/1287 746/1288 362/1289
f 73/1290 361/1291 745/1292 743/1293
f 843/1294 6/14 705/13 867/1295
f 1260/1296 36/1297 712/1298 1272/1299
f 33/1242 35/1300 710/1301 732/1243
f 869/1302 893/1303 706/23 10/26
f 25/1258 731/1261 707/1304 27/1305
f 1200/1306 1197/1307 708/1308 28/1309
f 28/1309 708/1308 709/1310 26/1311
f 36/1297 34/1312 711/1313 712/1298
f 487/1237 759/1236 711/1313 34/1312
f 451/1251 26/1311 709/1310 755/1252
f 830/1314 9/29 729/28 842/1315
f 844/1316 868/1317 713/69 42/72
f 1261/1318 1257/1319 720/1320 72/1321
f 69/1238 742/1241 718/1322 71/1323
f 870/1324 46/80 714/79 894/1325
f 61/1254 63/1326 715/1327 741/1255
f 1201/1328 64/1329 716/1330 1212/1331
f 64/1329 62/1332 717/1333 716/1330
f 72/1321 720/1320 719/1334 70/1335
f 488/1231 70/1335 719/1334 760/1232
f 452/1249 756/1248 717/1333 62/1332
f 831/1336 829/1337 739/86 45/85
f 575/1226 763/1225 734/1338 37/1339
f 382/1285 747/1284 721/1287 75/1286
f 381/1279 73/1290 743/1293 748/1280
f 418/1267 80/1270 744/1273 751/1268
f 417/1265 752/1264 722/1275 78/1274
f 926/1222 764/113 733/116 905/1340
f 910/1341 738/87 740/83 912/1342
f 912/1342 740/83 739/86 911/700
f 936/711 714/79 738/82 910/1343
f 908/1344 909/1345 737/77 736/74
f 907/1346 908/1344 736/74 735/73
f 935/716 907/1347 735/70 713/69
f 900/1348 902/1349 730/27 728/31
f 902/1349 901/718 729/28 730/27
f 928/729 900/1350 728/24 706/23
f 898/1351 726/20 727/22 899/1352
f 897/1353 725/17 726/20 898/1351
f 927/734 705/13 725/16 897/1354
f 792/1355 816/1356 790/1357 768/1358
f 791/1359 766/1360 789/1361 803/1362
f 1028/1363 1025/1364 788/1365 802/1366
f 1027/1367 815/1368 787/1369 1026/1370
f 800/1371 784/1372 786/1373 801/1374
f 826/1375 783/1376 785/1377 827/1378
f 804/1379 765/1380 784/1372 800/1371
f 830/1381 766/1382 783/1376 826/1375
f 958/1383 955/1384 782/1385 799/1386
f 957/1387 812/1388 781/1389 956/1390
f 807/1391 811/1392 780/1393 772/1394
f 794/1395 771/1396 779/1397 798/1398
f 806/1399 810/1400 778/1401 769/1402
f 793/1403 770/1404 777/1405 797/1406
f 795/1407 774/1408 776/1409 796/1410
f 808/1411 809/1412 775/1413 773/1414
f 797/1406 777/1405 774/1408 795/1407
f 810/1400 808/1411 773/1414 778/1401
f 812/1388 807/1391 772/1394 781/1389
f 799/1386 782/1385 771/1396 794/1395
f 798/1398 779/1397 770/1404 793/1403
f 811/1392 806/1399 769/1402 780/1393
f 827/1378 785/1377 768/1415 831/1416
f 801/1374 786/1373 767/1417 805/1418
f 815/1368 805/1419 767/1420 787/1369
f 802/1366 788/1365 765/1421 804/1422
f 649/1174 802/1366 804/1422 14/1175
f 659/1189 50/1188 805/1419 815/1368
f 588/133 801/1374 805/1418 50/134
f 295/482 104/309 806/1399 811/1392
f 285/498 798/1398 793/1403 86/362
f 343/748 799/1386 794/1395 143/497
f 353/740 153/483 807/1391 812/1388
f 273/308 175/532 808/1411 810/1400
f 263/363 797/1406 795/1407 165/511
f 175/532 215/531 809/1412 808/1411
f 165/511 795/1407 796/1410 205/512
f 86/362 793/1403 797/1406 263/363
f 104/309 273/308 810/1400 806/1399
f 143/497 794/1395 798/1398 285/498
f 153/483 295/482 811/1392 807/1391
f 909/1345 353/740 812/1388 957/1387
f 899/1352 958/1383 799/1386 343/748
f 14/1110 804/1379 800/1371 518/1111
f 518/1111 800/1371 801/1374 588/133
f 1007/635 659/1189 815/1368 1027/1367
f 997/645 1028/1363 802/1366 649/1174
f 5/21 791/1359 803/1362 727/22
f 41/78 737/77 816/1356 792/1355
f 783/1376 813/1042 814/215 785/1377
f 766/1382 791/1039 813/1042 783/1376
f 785/1377 814/215 792/216 768/1415
f 583/138 827/1378 831/1416 45/139
f 9/1105 830/1381 826/1375 513/1106
f 513/1106 826/1375 827/1378 583/138
f 768/1358 790/1357 829/1337 831/1336
f 766/1360 830/1314 842/1315 789/1361
f 1025/1364 1029/1210 841/53 788/1365
f 1026/1370 787/1369 828/109 1030/1199
f 784/1372 839/1046 840/213 786/1373
f 765/1380 817/1043 839/1046 784/1372
f 955/1384 959/717 838/411 782/1385
f 956/1390 781/1389 825/447 960/699
f 772/1394 780/1393 824/273 820/448
f 771/1396 833/414 837/326 779/1397
f 769/1402 778/1401 823/567 819/274
f 770/1404 832/329 836/597 777/1405
f 774/1408 834/598 835/674 776/1409
f 773/1414 775/1413 822/659 821/568
f 777/1405 836/597 834/598 774/1408
f 778/1401 773/1414 821/568 823/567
f 781/1389 772/1394 820/448 825/447
f 782/1385 838/411 833/414 771/1396
f 779/1397 837/326 832/329 770/1404
f 780/1393 769/1402 819/274 824/273
f 786/1373 840/213 818/214 767/1417
f 787/1369 767/1420 818/110 828/109
f 788/1365 841/53 817/56 765/1421
f 435/1257 754/1256 868/1317 844/1316
f 433/1259 843/1294 867/1295 753/1260
f 1019/1149 1031/1220 866/1 694/869
f 987/1151 693/868 865/57 1032/1209
f 567/973 862/1060 864/207 637/863
f 510/1118 861/970 863/865 580/126
f 434/972 852/1057 862/1060 567/973
f 6/1117 843/967 861/970 510/1118
f 580/126 863/865 844/866 42/127
f 921/847 961/733 860/379 450/848
f 949/850 449/849 851/415 962/715
f 440/852 448/851 850/323 846/416
f 439/853 855/382 859/376 447/854
f 437/856 446/855 849/595 845/324
f 438/857 854/378 858/625 445/858
f 442/859 856/626 857/688 444/860
f 441/862 443/861 848/673 847/596
f 445/858 858/625 856/626 442/859
f 446/855 441/862 847/596 849/595
f 449/849 440/852 846/416 851/415
f 450/848 860/379 855/382 439/853
f 447/854 859/376 854/378 438/857
f 448/851 437/856 845/324 850/323
f 637/863 864/207 853/208 436/864
f 693/868 436/867 853/58 865/57
f 694/869 866/1 852/4 434/870
f 472/1239 870/1324 894/1325 758/1240
f 470/1245 757/1244 893/1303 869/1302
f 989/1141 698/918 892/33 1033/1217
f 1021/1143 1034/1206 891/89 697/915
f 571/957 888/1072 890/197 641/911
f 521/1100 887/954 889/913 591/154
f 470/956 869/1069 888/1072 571/957
f 17/1099 878/951 887/954 521/1100
f 591/154 889/913 879/914 53/155
f 951/896 486/895 877/391 963/728
f 923/897 964/710 886/427 485/898
f 476/899 881/430 885/295 484/900
f 475/902 483/901 876/348 872/392
f 473/903 880/298 884/587 482/904
f 474/906 481/905 875/617 871/349
f 478/908 480/907 874/684 873/618
f 477/909 882/588 883/669 479/910
f 481/905 478/908 873/618 875/617
f 482/904 884/587 882/588 477/909
f 485/898 886/427 881/430 476/899
f 486/895 475/902 872/392 877/391
f 483/901 474/906 871/349 876/348
f 484/900 885/295 880/298 473/903
f 641/911 890/197 870/198 472/912
f 697/915 891/89 879/92 471/916
f 698/918 469/917 878/34 892/33
f 758/1240 894/1325 964/710 923/897
f 757/1244 951/896 963/728 893/1303
f 754/1256 949/850 962/715 868/1317
f 753/1260 867/1295 961/733 921/847
f 790/1357 956/1390 960/699 829/1337
f 789/1361 842/1315 959/717 955/1384
f 727/22 803/1362 958/1383 899/1352
f 737/77 909/1345 957/1387 816/1356
f 816/1356 957/1387 956/1390 790/1357
f 803/1362 789/1361 955/1384 958/1383
f 321/380 927/734 897/1354 341/750
f 341/749 897/1353 898/1351 342/747
f 342/747 898/1351 899/1352 343/748
f 322/394 344/746 900/1350 928/729
f 346/744 345/412 901/718 902/1349
f 344/745 346/744 902/1349 900/1348
f 329/418 351/743 907/1347 935/716
f 351/742 352/741 908/1344 907/1346
f 352/741 353/740 909/1345 908/1344
f 330/428 936/711 910/1343 354/739
f 356/738 912/1342 911/700 355/450
f 354/737 910/1341 912/1342 356/738
f 628/735 926/1222 905/1340 349/736
f 339/1008 895/1227 925/1221 558/1009
f 558/1009 925/1221 926/1222 628/735
f 761/1224 953/1014 954/697 763/1225
f 724/1229 896/1011 953/1014 761/1224
f 1119/1233 760/1232 924/703 1121/923
f 1120/1235 1122/921 952/721 759/1236
f 742/1241 758/1240 923/897 914/712
f 732/1243 904/730 951/896 757/1244
f 1149/1247 1151/875 950/701 756/1248
f 1150/1253 755/1252 922/719 1152/873
f 741/1255 913/708 949/850 754/1256
f 731/1261 753/1260 921/847 903/726
f 1317/1263 1318/825 948/689 752/1264
f 1332/1269 751/1268 920/691 1333/823
f 744/1273 750/1272 919/801 916/692
f 722/1275 944/690 947/800 749/1276
f 1092/1281 748/1280 918/693 1093/777
f 1077/1283 1078/775 946/695 747/1284
f 721/1287 943/696 945/754 746/1288
f 743/1293 745/1292 917/751 915/694
f 867/1295 705/13 927/734 961/733
f 1272/1299 712/1298 934/723 1273/732
f 732/1243 710/1301 932/731 904/730
f 893/1303 963/728 928/729 706/23
f 731/1261 903/726 929/727 707/1304
f 1197/1307 1198/725 930/724 708/1308
f 708/1308 930/724 931/720 709/1310
f 712/1298 711/1313 933/722 934/723
f 759/1236 952/721 933/722 711/1313
f 755/1252 709/1310 931/720 922/719
f 842/1315 729/28 901/718 959/717
f 868/1317 962/715 935/716 713/69
f 1257/1319 1258/714 942/705 720/1320
f 742/1241 914/712 940/713 718/1322
f 894/1325 714/79 936/711 964/710
f 741/1255 715/1327 937/709 913/708
f 1212/1331 716/1330 938/706 1213/707
f 716/1330 717/1333 939/702 938/706
f 720/1320 942/705 941/704 719/1334
f 760/1232 719/1334 941/704 924/703
f 756/1248 950/701 939/702 717/1333
f 829/1337 960/699 911/700 739/86
f 763/1225 954/697 906/698 734/1338
f 747/1284 946/695 943/696 721/1287
f 748/1280 743/1293 915/694 918/693
f 751/1268 744/1273 916/692 920/691
f 752/1264 948/689 944/690 722/1275
f 479/910 883/669 1034/1206 1021/1143
f 480/907 989/1141 1033/1217 874/684
f 443/861 987/1151 1032/1209 848/673
f 444/860 857/688 1031/1220 1019/1149
f 775/1413 1026/1370 1030/1199 822/659
f 776/1409 835/674 1029/1210 1025/1364
f 205/512 796/1410 1028/1363 997/645
f 215/531 1007/635 1027/1367 809/1412
f 809/1412 1027/1367 1026/1370 775/1413
f 796/1410 776/1409 1025/1364 1028/1363
f 857/688 223/503 965/647 1031/1220
f 1265/687 230/679 972/1213 1274/1219
f 210/686 228/685 970/1218 1002/1140
f 874/684 1033/1217 966/642 224/513
f 209/682 1001/1148 967/1216 225/683
f 1190/681 1199/1215 968/1214 226/680
f 226/680 968/1214 969/1211 227/675
f 230/679 229/678 971/1212 972/1213
f 492/677 990/1137 971/1212 229/678
f 465/676 227/675 969/1211 1020/1145
f 835/674 207/518 999/641 1029/1210
f 848/673 1032/1209 973/637 231/523
f 1250/672 1259/1208 980/1202 238/664
f 220/670 1012/1142 978/1207 236/671
f 883/669 232/533 974/632 1034/1206
f 219/668 233/667 975/1205 1011/1150
f 1205/666 234/665 976/1203 1214/1204
f 234/665 235/661 977/1200 976/1203
f 238/664 980/1202 979/1201 237/662
f 501/663 237/662 979/1201 1022/1139
f 456/660 988/1147 977/1200 235/661
f 822/659 1030/1199 1009/631 217/540
f 622/657 992/1128 1004/1198 212/658
f 390/655 984/1161 981/1166 239/656
f 389/654 221/653 1013/1164 1016/1163
f 426/652 222/651 1014/1158 1018/1153
f 425/649 986/1155 982/1156 240/650
f 239/656 981/1166 983/1167 371/765
f 221/653 372/764 1015/1165 1013/1164
f 1085/790 389/654 1016/1163 1094/1162
f 1070/788 1079/1160 984/1161 390/655
f 222/651 407/814 1017/1159 1014/1158
f 240/650 982/1156 985/1157 408/811
f 1310/838 1319/1154 986/1155 425/649
f 1325/836 426/652 1018/1153 1334/1152
f 219/668 1011/1150 987/1151 443/861
f 209/682 444/860 1019/1149 1001/1148
f 1139/888 1153/1146 988/1147 456/660
f 1130/886 465/676 1020/1145 1154/1144
f 220/670 479/910 1021/1143 1012/1142
f 210/686 1002/1140 989/1141 480/907
f 1100/936 501/663 1022/1139 1123/1138
f 1109/934 1124/1136 990/1137 492/677
f 202/1032 994/1133 991/1127 552/1033
f 552/1033 991/1127 992/1128 622/657
f 701/1130 1023/1038 1024/627 703/1131
f 645/1135 993/1035 1023/1038 701/1130
f 667/2 965/647 995/648 647/1168
f 647/1171 995/646 996/644 648/1172
f 648/1172 996/644 997/645 649/1174
f 668/36 650/1177 998/643 966/642
f 652/1179 651/54 999/641 1000/640
f 650/1181 652/1179 1000/640 998/639
f 675/60 657/1183 1005/638 973/637
f 657/1187 658/1186 1006/634 1005/636
f 658/1186 659/1189 1007/635 1006/634
f 676/90 974/632 1008/633 660/1190
f 662/1193 1010/630 1009/631 661/112
f 660/1195 1008/629 1010/630 662/1193
f 703/1131 1024/627 1003/628 655/1196
f 212/1423 1004/1424 1064/1425 1049/1426
f 202/1427 1040/1428 1063/1429 994/1430
f 734/1431 906/1432 1062/1433 1060/1434
f 724/1435 1059/1436 1061/1437 896/1438
f 37/1439 734/1431 1060/1434 1045/1440
f 1/1441 1044/1442 1059/1436 724/1435
f 994/1430 1063/1429 1058/1443 646/1444
f 1004/1424 656/1445 1057/1446 1064/1425
f 1074/1447 1054/1068 1056/199 1075/1448
f 507/1449 1053/1450 1055/1451 577/1452
f 1065/1453 1044/1065 1054/1068 1074/1447
f 3/1454 1035/1455 1053/1450 507/1449
f 577/1452 1055/1451 1036/1456 39/1457
f 656/1445 39/1458 1036/1459 1057/1446
f 646/1444 1058/1443 1035/1460 3/1461
f 282/1462 1042/1463 1037/1464 82/1465
f 292/1466 100/1467 1046/1468 1051/1469
f 350/1470 150/1471 1047/1472 1052/1473
f 340/1474 1043/1475 1038/1476 140/1477
f 260/1478 1041/1479 1039/1480 162/1481
f 270/1482 172/1483 1048/1484 1050/1485
f 162/1481 1039/1480 1040/1428 202/1427
f 172/1483 212/1423 1049/1426 1048/1484
f 100/1467 270/1482 1050/1485 1046/1468
f 82/1465 1037/1464 1041/1479 260/1478
f 150/1471 292/1466 1051/1469 1047/1472
f 140/1477 1038/1476 1042/1463 282/1462
f 896/1438 1061/1437 1043/1475 340/1474
f 906/1432 350/1470 1052/1473 1062/1433
f 1075/1448 1056/199 1045/202 1066/1486
f 632/797 1075/1448 1066/1486 382/798
f 381/992 1065/1453 1074/1447 562/993
f 562/993 1074/1447 1075/1448 632/797
f 1049/1426 1064/1425 1079/1160 1070/788
f 1040/1428 1085/790 1094/1162 1063/1429
f 1060/1434 1062/1433 1078/775 1077/1283
f 1059/1436 1092/1281 1093/777 1061/1437
f 1045/1440 1060/1434 1077/1283 1066/1282
f 1044/1442 1065/1278 1092/1281 1059/1436
f 1063/1429 1094/1162 1091/791 1058/1443
f 1064/1425 1057/1446 1076/793 1079/1160
f 1053/1450 1089/998 1090/795 1055/1451
f 1035/1455 1080/995 1089/998 1053/1450
f 1055/1451 1090/795 1081/796 1036/1456
f 1057/1446 1036/1459 1081/794 1076/793
f 1058/1443 1091/791 1080/792 1035/1460
f 1042/1463 1087/780 1082/783 1037/1464
f 1051/1469 1046/1468 1067/785 1072/782
f 1052/1473 1047/1472 1068/781 1073/776
f 1043/1475 1088/778 1083/779 1038/1476
f 1041/1479 1086/784 1084/789 1039/1480
f 1050/1485 1048/1484 1069/787 1071/786
f 1039/1480 1084/789 1085/790 1040/1428
f 1048/1484 1049/1426 1070/788 1069/787
f 1046/1468 1050/1485 1071/786 1067/785
f 1037/1464 1082/783 1086/784 1041/1479
f 1047/1472 1051/1469 1072/782 1068/781
f 1038/1476 1083/779 1087/780 1042/1463
f 1061/1437 1093/777 1088/778 1043/1475
f 1062/1433 1052/1473 1073/776 1078/775
f 408/811 985/1157 1124/1136 1109/934
f 407/814 1100/936 1123/1138 1017/1159
f 749/1276 947/800 1122/921 1120/1235
f 750/1272 1119/1233 1121/923 919/801
f 397/1277 749/1276 1120/1235 1104/1234
f 398/1271 1105/1230 1119/1233 750/1272
f 1017/1159 1123/1138 1118/939 689/819
f 985/1157 690/822 1117/941 1124/1136
f 573/949 1114/990 1116/815 643/919
f 564/985 1113/946 1115/937 634/817
f 496/948 1095/987 1114/990 573/949
f 397/984 1104/943 1113/946 564/985
f 690/822 399/821 1095/942 1117/941
f 689/819 1118/939 1096/940 400/820
f 634/817 1115/937 1105/938 398/818
f 412/804 1102/926 1097/929 401/807
f 411/805 402/810 1106/931 1111/928
f 414/799 403/806 1107/927 1112/922
f 413/802 1103/924 1098/925 404/803
f 410/808 1101/930 1099/935 405/813
f 409/809 406/812 1108/933 1110/932
f 405/813 1099/935 1100/936 407/814
f 406/812 408/811 1109/934 1108/933
f 402/810 409/809 1110/932 1106/931
f 401/807 1097/929 1101/930 410/808
f 403/806 411/805 1111/928 1107/927
f 404/803 1098/925 1102/926 412/804
f 919/801 1121/923 1103/924 413/802
f 947/800 414/799 1112/922 1122/921
f 643/919 1116/815 1096/816 497/920
f 372/764 1130/886 1154/1144 1015/1165
f 371/765 983/1167 1153/1146 1139/888
f 745/1292 1150/1253 1152/873 917/751
f 746/1288 945/754 1151/875 1149/1247
f 361/1291 1134/1250 1150/1253 745/1292
f 362/1289 746/1288 1149/1247 1135/1246
f 983/1167 685/772 1148/891 1153/1146
f 1015/1165 1154/1144 1147/893 686/773
f 569/965 1144/1006 1146/767 639/871
f 560/1001 1143/962 1145/889 630/769
f 451/964 1134/1003 1144/1006 569/965
f 363/1000 1125/959 1143/962 560/1001
f 686/773 1147/893 1125/894 363/774
f 685/772 364/771 1126/892 1148/891
f 630/769 1145/889 1126/890 364/770
f 376/755 365/760 1136/881 1141/878
f 375/758 1132/880 1127/883 366/761
f 378/752 1133/874 1128/879 367/757
f 377/753 368/756 1137/877 1142/876
f 374/759 369/766 1138/887 1140/882
f 373/762 1131/884 1129/885 370/763
f 369/766 371/765 1139/888 1138/887
f 370/763 1129/885 1130/886 372/764
f 366/761 1127/883 1131/884 373/762
f 365/760 374/759 1140/882 1136/881
f 367/757 1128/879 1132/880 375/758
f 368/756 376/755 1141/878 1137/877
f 945/754 377/753 1142/876 1151/875
f 917/751 1152/873 1133/874 378/752
f 639/871 1146/767 1135/768 452/872
f 233/667 1165/1487 1184/1488 975/1205
f 225/683 967/1216 1183/1489 1166/1490
f 715/1327 1180/1491 1182/1492 937/709
f 707/1304 929/727 1181/1493 1179/1494
f 63/1326 1157/1495 1180/1491 715/1327
f 27/1305 707/1304 1179/1494 1155/1496
f 967/1216 669/40 1178/1497 1183/1489
f 975/1205 1184/1488 1177/1498 677/94
f 531/1098 1174/1499 1176/1500 601/158
f 1194/1501 1173/1094 1175/169 1195/1502
f 27/1097 1155/1503 1174/1499 531/1098
f 1185/1504 1156/1091 1173/1094 1194/1501
f 929/727 323/398 1172/1505 1181/1493
f 937/709 1182/1492 1171/1506 331/432
f 131/433 1162/1507 1170/1508 313/292
f 123/397 305/347 1169/1509 1161/1510
f 110/293 1159/1511 1168/1512 251/584
f 92/346 243/616 1167/1513 1160/1514
f 185/615 225/683 1166/1490 1164/1515
f 193/585 1163/1516 1165/1487 233/667
f 243/616 185/615 1164/1515 1167/1513
f 251/584 1168/1512 1163/1516 193/585
f 331/432 1171/1506 1162/1507 131/433
f 323/398 123/397 1161/1510 1172/1505
f 305/347 92/346 1160/1514 1169/1509
f 313/292 1170/1508 1159/1511 110/293
f 1195/1502 1175/169 1158/170 1186/1517
f 601/158 1176/1500 1157/1518 63/159
f 677/94 1177/1498 1158/1519 60/95
f 669/40 24/39 1156/1520 1178/1497
f 597/174 1195/1502 1186/1517 59/175
f 23/1087 1185/1504 1194/1501 527/1088
f 527/1088 1194/1501 1195/1502 597/174
f 1165/1487 1205/666 1214/1204 1184/1488
f 1166/1490 1183/1489 1199/1215 1190/681
f 1180/1491 1212/1331 1213/707 1182/1492
f 1179/1494 1181/1493 1198/725 1197/1307
f 1157/1495 1201/1328 1212/1331 1180/1491
f 1155/1496 1179/1494 1197/1307 1200/1306
f 1183/1489 1178/1497 1196/41 1199/1215
f 1184/1488 1214/1204 1211/97 1177/1498
f 1174/1499 1209/1096 1210/165 1176/1500
f 1155/1503 1200/1095 1209/1096 1174/1499
f 1181/1493 1172/1505 1193/399 1198/725
f 1182/1492 1213/707 1208/435 1171/1506
f 1162/1507 1203/438 1207/289 1170/1508
f 1161/1510 1169/1509 1192/342 1188/400
f 1159/1511 1202/290 1206/581 1168/1512
f 1160/1514 1167/1513 1191/611 1187/343
f 1164/1515 1166/1490 1190/681 1189/612
f 1163/1516 1204/582 1205/666 1165/1487
f 1167/1513 1164/1515 1189/612 1191/611
f 1168/1512 1206/581 1204/582 1163/1516
f 1171/1506 1208/435 1203/438 1162/1507
f 1172/1505 1161/1510 1188/400 1193/399
f 1169/1509 1160/1514 1187/343 1192/342
f 1170/1508 1207/289 1202/290 1159/1511
f 1176/1500 1210/165 1201/168 1157/1518
f 1177/1498 1211/97 1186/100 1158/1519
f 1178/1497 1156/1520 1185/42 1196/41
f 236/671 978/1207 1244/1521 1225/1522
f 228/685 1226/1523 1243/1524 970/1218
f 718/1322 940/713 1242/1525 1240/1526
f 710/1301 1239/1527 1241/1528 932/731
f 71/1323 718/1322 1240/1526 1218/1529
f 35/1300 1216/1530 1239/1527 710/1301
f 970/1218 1243/1524 1238/1531 672/10
f 978/1207 680/68 1237/1532 1244/1521
f 536/1055 1234/1533 1236/1534 606/209
f 1254/1535 1233/1076 1235/191 1255/1536
f 32/1054 1215/1537 1234/1533 536/1055
f 1260/1538 1216/1073 1233/1076 1254/1535
f 932/731 1241/1528 1232/1539 326/388
f 940/713 334/426 1231/1540 1242/1525
f 134/425 316/320 1230/1541 1222/1542
f 126/389 1221/1543 1229/1544 308/371
f 113/319 254/592 1228/1545 1219/1546
f 95/372 1220/1547 1227/1548 246/620
f 188/621 1224/1549 1226/1523 228/685
f 196/591 236/671 1225/1522 1223/1550
f 246/620 1227/1548 1224/1549 188/621
f 254/592 196/591 1223/1550 1228/1545
f 334/426 134/425 1222/1542 1231/1540
f 326/388 1232/1539 1221/1543 126/389
f 308/371 1229/1544 1220/1547 95/372
f 316/320 113/319 1219/1546 1230/1541
f 1255/1536 1235/191 1218/192 1261/1551
f 606/209 1236/1534 1217/1552 68/210
f 680/68 68/67 1217/1553 1237/1532
f 672/10 1238/1531 1215/1554 32/11
f 610/182 1255/1536 1261/1551 72/183
f 36/1081 1260/1538 1254/1535 540/1082
f 540/1082 1254/1535 1255/1536 610/182
f 1225/1522 1244/1521 1259/1208 1250/672
f 1226/1523 1265/687 1274/1219 1243/1524
f 1240/1526 1242/1525 1258/714 1257/1319
f 1239/1527 1272/1299 1273/732 1241/1528
f 1218/1529 1240/1526 1257/1319 1261/1318
f 1216/1530 1260/1296 1272/1299 1239/1527
f 1243/1524 1274/1219 1271/5 1238/1531
f 1244/1521 1237/1532 1256/61 1259/1208
f 1234/1533 1269/1080 1270/185 1236/1534
f 1215/1537 1245/1079 1269/1080 1234/1533
f 1241/1528 1273/732 1268/383 1232/1539
f 1242/1525 1231/1540 1253/419 1258/714
f 1222/1542 1230/1541 1252/321 1248/420
f 1221/1543 1263/386 1267/374 1229/1544
f 1219/1546 1228/1545 1251/593 1247/322
f 1220/1547 1262/375 1266/623 1227/1548
f 1224/1549 1264/624 1265/687 1226/1523
f 1223/1550 1225/1522 1250/672 1249/594
f 1227/1548 1266/623 1264/624 1224/1549
f 1228/1545 1223/1550 1249/594 1251/593
f 1231/1540 1222/1542 1248/420 1253/419
f 1232/1539 1268/383 1263/386 1221/1543
f 1229/1544 1267/374 1262/375 1220/1547
f 1230/1541 1219/1546 1247/322 1252/321
f 1236/1534 1270/185 1246/188 1217/1552
f 1237/1532 1217/1553 1246/62 1256/61
f 1238/1531 1271/5 1245/8 1215/1554
f 211/1555 1280/1556 1304/1557 1003/1558
f 201/1559 993/1560 1303/1561 1289/1562
f 733/1563 1300/1564 1302/1565 905/1566
f 723/1567 895/1568 1301/1569 1299/1570
f 38/1571 1285/1572 1300/1564 733/1563
f 2/1573 723/1567 1299/1570 1284/1574
f 993/1560 645/1575 1298/1576 1303/1561
f 1003/1558 1304/1557 1297/1577 655/1578
f 1314/1579 1294/1086 1296/177 1315/1580
f 506/1581 1293/1582 1295/1583 576/1584
f 1320/1585 1275/1083 1294/1086 1314/1579
f 2/1586 1284/1587 1293/1582 506/1581
f 576/1584 1295/1583 1285/1588 38/1589
f 655/1578 1297/1577 1276/1590 40/1591
f 645/1575 4/1592 1275/1593 1298/1576
f 281/1594 81/1595 1286/1596 1291/1597
f 291/1598 1282/1599 1277/1600 99/1601
f 349/1602 1283/1603 1278/1604 149/1605
f 339/1606 139/1607 1287/1608 1292/1609
f 259/1610 161/1611 1288/1612 1290/1613
f 269/1614 1281/1615 1279/1616 171/1617
f 161/1611 201/1559 1289/1562 1288/1612
f 171/1617 1279/1616 1280/1556 211/1555
f 99/1601 1277/1600 1281/1615 269/1614
f 81/1595 259/1610 1290/1613 1286/1596
f 149/1605 1278/1604 1282/1599 291/1598
f 139/1607 281/1594 1291/1597 1287/1608
f 895/1568 339/1606 1292/1609 1301/1569
f 905/1566 1302/1565 1283/1603 349/1602
f 1315/1580 1296/177 1276/180 1321/1618
f 636/845 1315/1580 1321/1618 416/846
f 415/976 1320/1585 1314/1579 566/977
f 566/977 1314/1579 1315/1580 636/845
f 1280/1556 1325/836 1334/1152 1304/1557
f 1289/1562 1303/1561 1319/1154 1310/838
f 1300/1564 1332/1269 1333/823 1302/1565
f 1299/1570 1301/1569 1318/825 1317/1263
f 1285/1572 1306/1266 1332/1269 1300/1564
f 1284/1574 1299/1570 1317/1263 1305/1262
f 1303/1561 1298/1576 1316/839 1319/1154
f 1304/1557 1334/1152 1331/841 1297/1577
f 1293/1582 1329/982 1330/843 1295/1583
f 1284/1587 1305/979 1329/982 1293/1582
f 1295/1583 1330/843 1306/844 1285/1588
f 1297/1577 1331/841 1321/842 1276/1590
f 1298/1576 1275/1593 1320/840 1316/839
f 1291/1597 1286/1596 1307/831 1312/828
f 1282/1599 1327/830 1322/833 1277/1600
f 1283/1603 1328/824 1323/829 1278/1604
f 1292/1609 1287/1608 1308/827 1313/826
f 1290/1613 1288/1612 1309/837 1311/832
f 1281/1615 1326/834 1324/835 1279/1616
f 1288/1612 1289/1562 1310/838 1309/837
f 1279/1616 1324/835 1325/836 1280/1556
f 1277/1600 1322/833 1326/834 1281/1615
f 1286/1596 1290/1613 1311/832 1307/831
f 1278/1604 1323/829 1327/830 1282/1599
f 1287/1608 1291/1597 1312/828 1308/827
f 1301/1569 1292/1609 1313/826 1318/825
f 1302/1565 1333/823 1328/824 1283/1603
f 1438/1619 1439/1620 1430/1621 1426/1622
f 1433/1623 1416/1624 1419/1625 1436/1626
f 1669/1627 1619/1628 1606/1629 1656/1630
f 1782/1631 1788/1632 1494/1633 1470/1634
f 1382/1635 1385/1636 1338/1637 1341/1638
f 1384/1639 1339/1640 1343/1641 1380/1642
f 1446/1643 1447/1644 1372/1645 1373/1646
f 1441/1647 1374/1648 1370/1649 1442/1650
f 1437/1651 1438/1619 1426/1622 1422/1652
f 1465/1653 1456/1654 1454/1655 1463/1656
f 1674/1657 1598/1658 1617/1659 1668/1660
f 1378/1661 1383/1662 1340/1663 1345/1664
f 1383/1662 1382/1635 1341/1638 1340/1663
f 1601/1665 1353/1666 1375/1667 1607/1668
f 1379/1669 1344/1670 1339/1640 1384/1639
f 1380/1642 1343/1641 1342/1671 1381/1672
f 1370/1649 1348/1673 1349/1674 1371/1675
f 1377/1676 1347/1677 1352/1678 1374/1648
f 1373/1646 1372/1645 1350/1679 1351/1680
f 1376/1681 1373/1646 1351/1680 1346/1682
f 1603/1683 1358/1684 1390/1685 1612/1686
f 1374/1648 1352/1678 1348/1673 1370/1649
f 1372/1645 1375/1667 1353/1666 1350/1679
f 1387/1687 1390/1685 1358/1684 1355/1688
f 1620/1689 1435/1690 1368/1691 1605/1692
f 1392/1693 1360/1694 1359/1695 1391/1696
f 1391/1696 1359/1695 1357/1697 1389/1698
f 1386/1699 1387/1687 1355/1688 1354/1700
f 1393/1701 1386/1699 1354/1700 1361/1702
f 1389/1698 1357/1697 1356/1703 1388/1704
f 1439/1620 1435/1690 1424/1705 1430/1621
f 1447/1644 1444/1706 1375/1667 1372/1645
f 1440/1707 1377/1676 1374/1648 1441/1647
f 1427/1708 1421/1709 1456/1654 1465/1653
f 1436/1626 1419/1625 1413/1710 1434/1711
f 1355/1688 1358/1684 1368/1691 1365/1712
f 1360/1694 1362/1713 1369/1714 1359/1695
f 1359/1695 1369/1714 1367/1715 1357/1697
f 1354/1700 1355/1688 1365/1712 1364/1716
f 1361/1702 1354/1700 1364/1716 1363/1717
f 1357/1697 1367/1715 1366/1718 1356/1703
f 1445/1719 1446/1643 1373/1646 1376/1681
f 1432/1720 1410/1721 1416/1624 1433/1623
f 1442/1650 1370/1649 1371/1675 1443/1722
f 1659/1723 1609/1724 1602/1725 1652/1726
f 1661/1727 1611/1728 1600/1729 1650/1730
f 1348/1673 1380/1642 1381/1672 1349/1674
f 1347/1677 1379/1669 1384/1639 1352/1678
f 1351/1680 1350/1679 1382/1635 1383/1662
f 1346/1682 1351/1680 1383/1662 1378/1661
f 1352/1678 1384/1639 1380/1642 1348/1673
f 1350/1679 1353/1666 1385/1636 1382/1635
f 1343/1641 1389/1698 1388/1704 1342/1671
f 1345/1664 1340/1663 1386/1699 1393/1701
f 1340/1663 1341/1638 1387/1687 1386/1699
f 1339/1640 1391/1696 1389/1698 1343/1641
f 1344/1670 1392/1693 1391/1696 1339/1640
f 1341/1638 1338/1637 1390/1685 1387/1687
f 1656/1630 1606/1629 1604/1731 1654/1732
f 1416/1624 1410/1721 1412/1733 1417/1734
f 1526/1735 1525/1736 1694/1737 1776/1738
f 1419/1625 1416/1624 1417/1734 1420/1739
f 1540/1740 1514/1741 1513/1742 1541/1743
f 1404/1744 1408/1745 1409/1746 1405/1747
f 1413/1710 1419/1625 1420/1739 1414/1748
f 1425/1749 1431/1750 1430/1621 1424/1705
f 1528/1751 1529/1752 1489/1753 1493/1754
f 1428/1755 1423/1756 1422/1652 1426/1622
f 1406/1757 1402/1758 1403/1759 1407/1760
f 1401/1761 1399/1762 1398/1763 1400/1764
f 1533/1765 1492/1766 1491/1767 1534/1768
f 1431/1750 1428/1755 1426/1622 1430/1621
f 1663/1769 1614/1770 1616/1771 1666/1772
f 1399/1762 1395/1773 1394/1774 1398/1763
f 1397/1775 1401/1761 1400/1764 1396/1776
f 1408/1745 1406/1757 1407/1760 1409/1746
f 1671/1777 1621/1778 1598/1658 1674/1657
f 1362/1713 1432/1720 1433/1623 1369/1714
f 1367/1715 1436/1626 1434/1711 1366/1718
f 1365/1712 1368/1691 1435/1690 1439/1620
f 1363/1717 1364/1716 1438/1619 1437/1651
f 1666/1772 1616/1771 1619/1628 1669/1627
f 1369/1714 1433/1623 1436/1626 1367/1715
f 1364/1716 1365/1712 1439/1620 1438/1619
f 1400/1764 1442/1650 1443/1722 1396/1776
f 1402/1758 1406/1757 1446/1643 1445/1719
f 1394/1774 1440/1707 1441/1647 1398/1763
f 1408/1745 1404/1744 1444/1706 1447/1644
f 1658/1779 1608/1780 1621/1778 1671/1777
f 1398/1763 1441/1647 1442/1650 1400/1764
f 1406/1757 1408/1745 1447/1644 1446/1643
f 2239/1781 1730/1782 1727/1783 2233/1784
f 1647/1785 1569/1786 1564/1787 1624/1788
f 1563/1789 1673/1790 1667/1791 1566/1792
f 2242/1793 1766/1794 1729/1795 2240/1796
f 1551/1797 1655/1798 1653/1799 1549/1800
f 1558/1801 1662/1802 1649/1803 1545/1804
f 1556/1805 1660/1806 1651/1807 1547/1808
f 1630/1809 1550/1810 1557/1811 1637/1812
f 1628/1813 1548/1814 1554/1815 1634/1816
f 1626/1817 1546/1818 1555/1819 1635/1820
f 1570/1821 1672/1822 1673/1790 1563/1789
f 1467/1823 1459/1824 1450/1825 1449/1826
f 1553/1827 1657/1828 1672/1822 1570/1821
f 1591/1829 1646/1830 1631/1831 1578/1832
f 1463/1656 1454/1655 1429/1833 1469/1834
f 1593/1835 1648/1836 1623/1837 1596/1838
f 1572/1839 1625/1840 1636/1841 1581/1842
f 1574/1843 1627/1844 1633/1845 1580/1846
f 1576/1847 1629/1848 1638/1849 1583/1850
f 1581/1842 1636/1841 1627/1844 1574/1843
f 1583/1850 1638/1849 1625/1840 1572/1839
f 1578/1832 1631/1831 1629/1848 1576/1847
f 2249/1851 1688/1852 1765/1853 2241/1854
f 2245/1855 1770/1856 1693/1857 2247/1858
f 1588/1859 1641/1860 1646/1830 1591/1829
f 1580/1846 1633/1845 1648/1836 1593/1835
f 2231/1861 1794/1862 1508/1863 2201/1864
f 2206/1865 1501/1866 1797/1867 2243/1868
f 1599/1869 1338/1637 1385/1636 1610/1870
f 2234/1871 1728/1872 1793/1873 2232/1874
f 1605/1692 1368/1691 1358/1684 1603/1683
f 1612/1686 1390/1685 1338/1637 1599/1869
f 1610/1870 1385/1636 1353/1666 1601/1665
f 1654/1732 1604/1731 1611/1728 1661/1727
f 1652/1726 1602/1725 1608/1780 1658/1779
f 1650/1730 1600/1729 1609/1724 1659/1723
f 1622/1875 1444/1706 1404/1744 1597/1876
f 1788/1632 1801/1877 1531/1878 1494/1633
f 1607/1668 1375/1667 1444/1706 1622/1875
f 1371/1675 1579/1879 1594/1880 1443/1722
f 1536/1881 1539/1882 1500/1883 1496/1884
f 1597/1876 1404/1744 1405/1747 1618/1885
f 1388/1704 1584/1886 1571/1887 1342/1671
f 1381/1672 1582/1888 1573/1889 1349/1674
f 1366/1718 1577/1890 1575/1891 1356/1703
f 1356/1703 1575/1891 1584/1886 1388/1704
f 1349/1674 1573/1889 1579/1879 1371/1675
f 1434/1711 1592/1892 1577/1890 1366/1718
f 1413/1710 1587/1893 1592/1892 1434/1711
f 1396/1776 1595/1894 1589/1895 1397/1775
f 2248/1896 1694/1897 1525/1898 2212/1899
f 2220/1900 1505/1901 1687/1902 2250/1903
f 1645/1904 1567/1905 1552/1906 1632/1907
f 1541/1743 1513/1742 1510/1908 1542/1909
f 1624/1788 1564/1787 1565/1910 1644/1911
f 1547/1808 1651/1807 1657/1828 1553/1827
f 1549/1800 1653/1799 1662/1802 1558/1801
f 1568/1912 1670/1913 1655/1798 1551/1797
f 1635/1820 1555/1819 1548/1814 1628/1813
f 1637/1812 1557/1811 1546/1818 1626/1817
f 1632/1907 1552/1906 1550/1810 1630/1809
f 1639/1914 1560/1915 1562/1916 1642/1917
f 2238/1918 1740/1919 1741/1920 2236/1921
f 1642/1917 1562/1916 1567/1905 1645/1904
f 1634/1816 1554/1815 1569/1786 1647/1785
f 1418/1922 1467/1823 1449/1826 1448/1923
f 1459/1824 1461/1924 1452/1925 1450/1825
f 1489/1753 1490/1926 1462/1927 1460/1928
f 1335/1929 1493/1754 1468/1930 1458/1931
f 1492/1766 1466/1932 1464/1933 1491/1767
f 1337/1934 1336/1935 1466/1932 1492/1766
f 1784/1936 1791/1937 1415/1938 1480/1939
f 1493/1754 1489/1753 1460/1928 1468/1930
f 1491/1767 1464/1933 1470/1634 1494/1633
f 1455/1940 1474/1941 1480/1939 1415/1938
f 1799/1942 1786/1943 1479/1944 1538/1945
f 1483/1946 1411/1947 1482/1948 1484/1949
f 1411/1947 1451/1950 1478/1951 1482/1948
f 1457/1952 1472/1953 1474/1941 1455/1940
f 1485/1954 1486/1955 1472/1953 1457/1952
f 1451/1950 1453/1956 1476/1957 1478/1951
f 1542/1909 1510/1908 1509/1958 1538/1945
f 1534/1768 1491/1767 1494/1633 1531/1878
f 1527/1959 1528/1751 1493/1754 1335/1929
f 1539/1882 1537/1960 1506/1961 1500/1883
f 1474/1941 1473/1962 1479/1944 1480/1939
f 1484/1949 1482/1948 1481/1963 1487/1964
f 1482/1948 1478/1951 1477/1965 1481/1963
f 1472/1953 1471/1966 1473/1962 1474/1941
f 1486/1955 1488/1967 1471/1966 1472/1953
f 1478/1951 1476/1957 1475/1968 1477/1965
f 1532/1969 1337/1934 1492/1766 1533/1765
f 1535/1970 1536/1881 1496/1884 1497/1971
f 1529/1752 1530/1972 1490/1926 1489/1753
f 1789/1973 1782/1631 1470/1634 1469/1834
f 1791/1937 1780/1974 1429/1833 1415/1938
f 1460/1928 1462/1927 1461/1924 1459/1824
f 1458/1931 1468/1930 1467/1823 1418/1922
f 1466/1932 1465/1653 1463/1656 1464/1933
f 1336/1935 1427/1708 1465/1653 1466/1932
f 1468/1930 1460/1928 1459/1824 1467/1823
f 1464/1933 1463/1656 1469/1834 1470/1634
f 1450/1825 1452/1925 1453/1956 1451/1950
f 1421/1709 1485/1954 1457/1952 1456/1654
f 1456/1654 1457/1952 1455/1940 1454/1655
f 1449/1826 1450/1825 1451/1950 1411/1947
f 1448/1923 1449/1826 1411/1947 1483/1946
f 1454/1655 1455/1940 1415/1938 1429/1833
f 1786/1943 1784/1936 1480/1939 1479/1944
f 1496/1884 1495/1975 1498/1976 1497/1971
f 1500/1883 1499/1977 1495/1975 1496/1884
f 1502/1978 1501/1979 1504/1980 1503/1981
f 1506/1961 1505/1982 1499/1977 1500/1883
f 1508/1983 1509/1958 1510/1908 1507/1984
f 1512/1985 1513/1742 1514/1741 1511/1986
f 1516/1987 1515/1988 1518/1989 1517/1990
f 1520/1991 1521/1992 1522/1993 1519/1994
f 1507/1984 1510/1908 1513/1742 1512/1985
f 1796/1995 1799/1942 1538/1945 1509/1958
f 1519/1994 1522/1993 1524/1996 1523/1997
f 1525/1736 1526/1735 1521/1992 1520/1991
f 1503/1981 1504/1980 1515/1988 1516/1987
f 1748/1998 1777/1999 1691/2000 1802/2001
f 1487/1964 1481/1963 1536/1881 1535/1970
f 1477/1965 1475/1968 1537/1960 1539/1882
f 1473/1962 1542/1909 1538/1945 1479/1944
f 1488/1967 1540/1740 1541/1743 1471/1966
f 1481/1963 1477/1965 1539/1882 1536/1881
f 1471/1966 1541/1743 1542/1909 1473/1962
f 1521/1992 1526/1735 1530/1972 1529/1752
f 1517/1990 1532/1969 1533/1765 1516/1987
f 1524/1996 1522/1993 1528/1751 1527/1959
f 1503/1981 1534/1768 1531/1878 1502/1978
f 1794/2002 1796/1995 1509/1958 1508/1983
f 1522/1993 1521/1992 1529/1752 1528/1751
f 1516/1987 1533/1765 1534/1768 1503/1981
f 1730/2003 1734/2004 1732/2005 1727/2006
f 1774/2007 1735/2008 1737/2009 1750/2010
f 1738/2011 1741/2012 1740/2013 1778/2014
f 1734/2004 1745/2015 1743/2016 1732/2005
f 1757/2017 1755/2018 1709/2019 1713/2020
f 1764/2021 1751/2022 1701/2023 1726/2024
f 1762/2025 1753/2026 1705/2027 1722/2028
f 1745/2015 1714/2029 1712/2030 1743/2016
f 1710/2031 1725/2032 1723/2033 1708/2034
f 1706/2035 1718/2036 1716/2037 1704/2038
f 1735/2008 1769/2039 1742/2040 1737/2009
f 1718/2036 1749/2041 1747/2042 1716/2037
f 1696/2043 1679/2044 1758/2045 1771/2046
f 1698/2047 1775/2048 1736/2049 1773/2050
f 1543/2051 1684/2052 1761/2053 1752/2054
f 1675/2055 1681/2056 1760/2057 1754/2058
f 1677/2059 1686/2060 1763/2061 1756/2062
f 1461/1924 1462/1927 1676/2063 1683/2064
f 1453/1956 1452/1925 1544/2065 1685/2066
f 1475/1968 1476/1957 1678/2067 1680/2068
f 1688/2069 1689/2070 1768/2071 1765/2072
f 1775/2048 1693/2073 1770/2074 1736/2049
f 1689/2070 1696/2043 1771/2046 1768/2071
f 1681/2056 1698/2047 1773/2050 1760/2057
f 1759/2075 1774/2007 1750/2010 1717/2076
f 1767/2077 1772/2078 1746/2079 1733/2080
f 1801/1877 1692/2081 1502/1978 1531/1878
f 1766/2082 1767/2077 1733/2080 1729/2083
f 1711/2084 1707/2085 1783/2086 1785/2087
f 1724/2088 1699/2089 1779/2090 1792/2091
f 1720/2092 1703/2093 1781/2094 1790/2095
f 1755/2018 1764/2021 1726/2024 1709/2019
f 1753/2026 1759/2075 1717/2076 1705/2027
f 1751/2022 1762/2025 1722/2028 1701/2023
f 1777/1999 1739/2096 1798/2097 1691/2000
f 1772/2078 1757/2017 1713/2020 1746/2079
f 1490/1926 1530/1972 1697/2098 1682/2099
f 1702/2100 1721/2101 1719/2102 1700/2103
f 1545/1804 1649/1803 1660/1806 1556/1805
f 1476/1957 1453/1956 1685/2066 1678/2067
f 1537/1960 1475/1968 1680/2068 1695/2104
f 1684/2052 1675/2055 1754/2058 1761/2053
f 1686/2060 1543/2051 1752/2054 1763/2061
f 1679/2044 1677/2059 1756/2062 1758/2045
f 1506/1961 1537/1960 1695/2104 1690/2105
f 1530/1972 1526/1735 1776/1738 1697/2098
f 1692/2081 1797/2106 1501/1979 1502/1978
f 1505/1982 1506/1961 1690/2105 1687/2107
f 1744/2108 1711/2084 1785/2087 1800/2109
f 1780/1974 1789/1973 1469/1834 1429/1833
f 1699/2089 1720/2092 1790/2095 1779/2090
f 1703/2093 1715/2110 1787/2111 1781/2094
f 1707/2085 1724/2088 1792/2091 1783/2086
f 1721/2101 1706/2035 1704/2038 1719/2102
f 1725/2032 1702/2100 1700/2103 1723/2033
f 1714/2029 1710/2031 1708/2034 1712/2030
f 1728/2112 1731/2113 1795/2114 1793/2115
f 1749/2041 1738/2011 1778/2014 1747/2042
f 1731/2113 1744/2108 1800/2109 1795/2114
f 1715/2110 1748/1998 1802/2001 1787/2111
f 2194/2116 1520/2117 1519/2118 2193/2119
f 2196/2120 1535/1970 1497/1971 2195/2121
f 1615/2122 1424/1705 1435/1690 1620/1689
f 2198/2123 1527/1959 1335/1929 2197/2124
f 2235/2125 1742/2126 1769/2127 2246/2128
f 2200/2129 1495/2130 1499/2131 2199/2132
f 1613/2133 1425/1749 1424/1705 1615/2122
f 2203/2134 1427/1708 1336/1935 2202/2135
f 1561/2136 1665/2137 1670/1913 1568/1912
f 1462/1927 1490/1926 1682/2099 1676/2063
f 2205/2138 1515/2139 1504/2140 2204/2141
f 2244/2142 1798/2143 1739/2144 2237/2145
f 2208/2146 1458/1931 1418/1922 2207/2147
f 2202/2135 1336/1935 1337/1934 2209/2148
f 2211/2149 1514/1741 1540/1740 2210/2150
f 1342/1671 1571/1887 1582/1888 1381/1672
f 1596/1838 1623/1837 1643/2151 1590/2152
f 2197/2124 1335/1929 1458/1931 2208/2146
f 2214/2153 1507/2154 1512/2155 2213/2156
f 2209/2148 1337/1934 1532/1969 2215/2157
f 2213/2156 1512/2155 1511/2158 2216/2159
f 2217/2160 1524/1996 1527/1959 2198/2123
f 2204/2141 1504/2140 1501/1866 2206/1865
f 2219/2161 1484/1949 1487/1964 2218/2162
f 1414/1748 1586/2163 1587/1893 1413/1710
f 2210/2150 1540/1740 1488/1967 2221/2164
f 2195/2121 1497/1971 1498/1976 2222/2165
f 2216/2166 1511/1986 1514/1741 2211/2149
f 2221/2164 1488/1967 1486/1955 2223/2167
f 2222/2168 1498/2169 1495/2130 2200/2129
f 2193/2119 1519/2118 1523/2170 2224/2171
f 2225/2172 1421/1709 1427/1708 2203/2134
f 2227/2173 1448/1923 1483/1946 2226/2174
f 2199/2132 1499/2131 1505/1901 2220/1900
f 2224/2175 1523/1997 1524/1996 2217/2160
f 2207/2147 1418/1922 1448/1923 2227/2173
f 1585/2176 1640/2177 1641/1860 1588/1859
f 2215/2157 1532/1969 1517/1990 2228/2178
f 2229/2179 1485/1954 1421/1709 2225/2172
f 1559/2180 1664/2181 1665/2137 1561/2136
f 2226/2174 1483/1946 1484/1949 2219/2161
f 2228/2178 1517/1990 1518/1989 2230/2182
f 2201/1864 1508/1863 1507/2154 2214/2153
f 2212/1899 1525/1898 1520/2117 2194/2116
f 1443/1722 1594/1880 1595/1894 1396/1776
f 2218/2162 1487/1964 1535/1970 2196/2120
f 2223/2167 1486/1955 1485/1954 2229/2179
f 2230/2183 1518/2184 1515/2139 2205/2138
f 1818/2185 1553/1827 1570/1821 1843/2186
f 2263/2187 2240/1796 1729/1795 2082/2188
f 1830/2189 1561/2136 1568/1912 1840/2190
f 1569/1786 1842/2191 1834/2192 1564/1787
f 1833/2193 1563/1789 1566/1792 1837/2194
f 1843/2186 1570/1821 1563/1789 1833/2193
f 1827/2195 1559/2180 1561/2136 1830/2189
f 2239/1781 2265/2196 2083/2197 1730/1782
f 1812/2198 1549/1800 1558/1801 1825/2199
f 1815/2200 1551/1797 1549/1800 1812/2198
f 1806/2201 1545/1804 1556/1805 1822/2202
f 1825/2199 1558/1801 1545/1804 1806/2201
f 1809/2203 1547/1808 1553/1827 1818/2185
f 1822/2202 1556/1805 1547/1808 1809/2203
f 1550/1810 1813/2204 1824/2205 1557/1811
f 1567/1905 1839/2206 1816/2207 1552/1906
f 1548/1814 1810/2208 1819/2209 1554/1815
f 1552/1906 1816/2207 1813/2204 1550/1810
f 1546/1818 1807/2210 1821/2211 1555/1819
f 1555/1819 1821/2211 1810/2208 1548/1814
f 1564/1787 1834/2192 1836/2212 1565/1910
f 2235/2125 2259/2213 2101/2214 1742/2126
f 1840/2190 1568/1912 1551/1797 1815/2200
f 1554/1815 1819/2209 1842/2191 1569/1786
f 1875/2215 1591/1829 1578/1832 1855/2216
f 1579/1879 1857/2217 1879/2218 1594/1880
f 1878/2219 1593/1835 1596/1838 1882/2220
f 1621/1778 1920/2221 1885/2222 1598/1658
f 1863/2223 1583/1850 1572/1839 1846/2224
f 1846/2224 1572/1839 1581/1842 1860/2225
f 1860/2225 1581/1842 1574/1843 1849/2226
f 1849/2226 1574/1843 1580/1846 1858/2227
f 1855/2216 1578/1832 1576/1847 1852/2228
f 1852/2228 1576/1847 1583/1850 1863/2223
f 1582/1888 1861/2229 1848/2230 1573/1889
f 1575/1891 1851/2231 1864/2232 1584/1886
f 1584/1886 1864/2232 1845/2233 1571/1887
f 1573/1889 1848/2230 1857/2217 1579/1879
f 1577/1890 1854/2234 1851/2231 1575/1891
f 1592/1892 1876/2235 1854/2234 1577/1890
f 1866/2236 1585/2176 1588/1859 1870/2237
f 2249/1851 2280/2238 2020/2239 1688/1852
f 1882/2220 1596/1838 1590/2152 1873/2240
f 2305/2241 2320/2242 1873/2243 1590/2244
f 1870/2237 1588/1859 1591/1829 1875/2215
f 2366/2245 2352/2246 1589/2247 1872/2248
f 1858/2227 1580/1846 1593/1835 1878/2219
f 2278/2249 2250/1903 1687/1902 2019/2250
f 1899/2251 1607/1668 1622/1875 1921/2252
f 2251/2253 2232/1874 1793/1873 2178/2254
f 1911/2255 1615/2122 1620/1689 1918/2256
f 2363/2257 2350/2258 1617/2259 1914/2260
f 1884/2261 1597/1876 1618/1885 1915/2262
f 1921/2252 1622/1875 1597/1876 1884/2261
f 1908/2263 1613/2133 1615/2122 1911/2255
f 2231/1861 2253/2264 2179/2265 1794/1862
f 1893/2266 1603/1683 1612/1686 1906/2267
f 1896/2268 1605/1692 1603/1683 1893/2266
f 1887/2269 1599/1869 1610/1870 1903/2270
f 1906/2267 1612/1686 1599/1869 1887/2269
f 1890/2271 1601/1665 1607/1668 1899/2251
f 1903/2270 1610/1870 1601/1665 1890/2271
f 1604/1731 1894/2272 1905/2273 1611/1728
f 1619/1628 1917/2274 1897/2275 1606/1629
f 1602/1725 1891/2276 1900/2277 1608/1780
f 1606/1629 1897/2275 1894/2272 1604/1731
f 1600/1729 1888/2278 1902/2279 1609/1724
f 1609/1724 1902/2279 1891/2276 1602/1725
f 1598/1658 1885/2222 1914/2280 1617/1659
f 1611/1728 1905/2273 1888/2278 1600/1729
f 1918/2256 1620/1689 1605/1692 1896/2268
f 1608/1780 1900/2277 1920/2221 1621/1778
f 1956/2281 1645/1904 1632/1907 1936/2282
f 1633/1845 1938/2283 1960/2284 1648/1836
f 1959/2285 1647/1785 1624/1788 1924/2286
f 1924/2286 1624/1788 1644/1911 1954/2287
f 1944/2288 1637/1812 1626/1817 1927/2289
f 1927/2289 1626/1817 1635/1820 1941/2290
f 1941/2290 1635/1820 1628/1813 1930/2291
f 1930/2291 1628/1813 1634/1816 1939/2292
f 1936/2282 1632/1907 1630/1809 1933/2293
f 1933/2293 1630/1809 1637/1812 1944/2288
f 1636/1841 1942/2294 1929/2295 1627/1844
f 1629/1848 1932/2296 1945/2297 1638/1849
f 1638/1849 1945/2297 1926/2298 1625/1840
f 1627/1844 1929/2295 1938/2283 1633/1845
f 1631/1831 1935/2299 1932/2296 1629/1848
f 1646/1830 1957/2300 1935/2299 1631/1831
f 1947/2301 1639/1914 1642/1917 1951/2302
f 2362/2303 2349/2304 1639/2305 1947/2306
f 1648/1836 1960/2284 1923/2307 1623/1837
f 1625/1840 1926/2298 1942/2294 1636/1841
f 1951/2302 1642/1917 1645/1904 1956/2281
f 2245/1855 2274/2308 2143/2309 1770/1856
f 1939/2292 1634/1816 1647/1785 1959/2285
f 2302/2310 2315/2311 1948/2312 1640/2313
f 1992/2314 1669/1627 1656/1630 1972/2315
f 1657/1828 1974/2316 1996/2317 1672/1822
f 1995/2318 1671/1777 1674/1657 1999/2319
f 1675/2055 2001/2320 2010/2321 1681/2056
f 1980/2322 1661/1727 1650/1730 1963/2323
f 1963/2323 1650/1730 1659/1723 1977/2324
f 1977/2324 1659/1723 1652/1726 1966/2325
f 1966/2325 1652/1726 1658/1779 1975/2326
f 1972/2315 1656/1630 1654/1732 1969/2327
f 1969/2327 1654/1732 1661/1727 1980/2322
f 1660/1806 1978/2328 1965/2329 1651/1807
f 1653/1799 1968/2330 1981/2331 1662/1802
f 1662/1802 1981/2331 1962/2332 1649/1803
f 1651/1807 1965/2329 1974/2316 1657/1828
f 1655/1798 1971/2333 1968/2330 1653/1799
f 1670/1913 1993/2334 1971/2333 1655/1798
f 1983/2335 1663/1769 1666/1772 1987/2336
f 2356/2337 2345/2338 1663/2339 1983/2340
f 1999/2319 1674/1657 1668/1660 1990/2341
f 2300/2342 2312/2343 1990/2344 1668/2345
f 1987/2336 1666/1772 1669/1627 1992/2314
f 2359/2346 2347/2347 1667/2348 1989/2349
f 1975/2326 1658/1779 1671/1777 1995/2318
f 2298/2350 2309/2351 1984/2352 1664/2353
f 2064/2354 1717/2076 1750/2010 2113/2355
f 1728/2112 2080/2356 2085/2357 1731/2113
f 2088/2358 1733/2080 1746/2079 2107/2359
f 1735/2008 2091/2360 2142/2361 1769/2039
f 2094/2362 1737/2009 1742/2040 2101/2363
f 2113/2355 1750/2010 1737/2009 2094/2362
f 2082/2364 1729/2083 1733/2080 2088/2358
f 1731/2113 2085/2357 2104/2365 1744/2108
f 2052/2366 1709/2019 1726/2024 2077/2367
f 2058/2368 1713/2020 1709/2019 2052/2366
f 2040/2369 1701/2023 1722/2028 2071/2370
f 2077/2367 1726/2024 1701/2023 2040/2369
f 2046/2371 1705/2027 1717/2076 2064/2354
f 2071/2370 1722/2028 1705/2027 2046/2371
f 1710/2031 2053/2372 2076/2373 1725/2032
f 1744/2108 2104/2365 2055/2374 1711/2084
f 1706/2035 2047/2375 2065/2376 1718/2036
f 1707/2085 2049/2377 2074/2378 1724/2088
f 1702/2100 2041/2379 2070/2380 1721/2101
f 1703/2093 2043/2381 2061/2382 1715/2110
f 1738/2011 2095/2383 2100/2384 1741/2012
f 1777/1999 2154/2385 2097/2386 1739/2096
f 2107/2359 1746/2079 1713/2020 2058/2368
f 1715/2110 2061/2382 2110/2387 1748/1998
f 2031/2388 1695/2104 1680/2068 2008/2389
f 1681/2056 2010/2321 2035/2390 1698/2047
f 2034/2391 1697/2098 1776/1738 2152/2392
f 1699/2089 2037/2393 2068/2394 1720/2092
f 2016/2395 1685/2066 1544/2065 1804/2396
f 1804/2396 1544/2065 1683/2064 2013/2397
f 2013/2397 1683/2064 1676/2063 2002/2398
f 2002/2398 1676/2063 1682/2099 2011/2399
f 2008/2389 1680/2068 1678/2067 2005/2400
f 2005/2400 1678/2067 1685/2066 2016/2395
f 1684/2052 2014/2401 2001/2320 1675/2055
f 1677/2059 2004/2402 2017/2403 1686/2060
f 1686/2060 2017/2403 1803/2404 1543/2051
f 1557/1811 1824/2205 1807/2210 1546/1818
f 1679/2044 2007/2405 2004/2402 1677/2059
f 1696/2043 2032/2406 2007/2405 1679/2044
f 2019/2407 1687/2107 1690/2105 2023/2408
f 1689/2070 2022/2409 2032/2406 1696/2043
f 2152/2392 1776/1738 1694/1737 2029/2410
f 1698/2047 2035/2390 2151/2411 1775/2048
f 2023/2408 1690/2105 1695/2104 2031/2388
f 1801/1877 2190/2412 2026/2413 1692/2081
f 2011/2399 1682/2099 1697/2098 2034/2391
f 1688/2069 2020/2414 2022/2409 1689/2070
f 2169/2415 1787/2111 1802/2001 2191/2416
f 1794/2002 2179/2417 2182/2418 1796/1995
f 2181/2419 1795/2114 1800/2109 2188/2420
f 2025/2421 1691/2000 1798/2097 2185/2422
f 2191/2416 1802/2001 1691/2000 2025/2421
f 2178/2423 1793/2115 1795/2114 2181/2419
f 1796/1995 2182/2418 2187/2424 1799/1942
f 2163/2425 1783/2086 1792/2091 2176/2426
f 2166/2427 1785/2087 1783/2086 2163/2425
f 2157/2428 1779/2090 1790/2095 2173/2429
f 2176/2426 1792/2091 1779/2090 2157/2428
f 2160/2430 1781/2094 1787/2111 2169/2415
f 2173/2429 1790/2095 1781/2094 2160/2430
f 1784/1936 2164/2431 2175/2432 1791/1937
f 1799/1942 2187/2424 2167/2433 1786/1943
f 1782/1631 2161/2434 2170/2435 1788/1632
f 1786/1943 2167/2433 2164/2431 1784/1936
f 1780/1974 2158/2436 2172/2437 1789/1973
f 1789/1973 2172/2437 2161/2434 1782/1631
f 1692/2081 2026/2413 2184/2438 1797/2106
f 1775/2048 2151/2411 2028/2439 1693/2073
f 2188/2420 1800/2109 1785/2087 2166/2427
f 1788/1632 2170/2435 2190/2412 1801/1877
f 2145/2440 1771/2046 1758/2045 2125/2441
f 1759/2075 2127/2442 2149/2443 1774/2007
f 2148/2444 1773/2050 1736/2049 2092/2445
f 2092/2445 1736/2049 1770/2074 2143/2446
f 2133/2447 1763/2061 1752/2054 2116/2448
f 2116/2448 1752/2054 1761/2053 2130/2449
f 2130/2449 1761/2053 1754/2058 2119/2450
f 2119/2450 1754/2058 1760/2057 2128/2451
f 2125/2441 1758/2045 1756/2062 2122/2452
f 2122/2452 1756/2062 1763/2061 2133/2447
f 1762/2025 2131/2453 2118/2454 1753/2026
f 1755/2018 2121/2455 2134/2456 1764/2021
f 1764/2021 2134/2456 2115/2457 1751/2022
f 1753/2026 2118/2454 2127/2442 1759/2075
f 1757/2017 2124/2458 2121/2455 1755/2018
f 1772/2078 2146/2459 2124/2458 1757/2017
f 2136/2460 1765/2072 1768/2071 2140/2461
f 1767/2077 2139/2462 2146/2459 1772/2078
f 1774/2007 2149/2443 2091/2360 1735/2008
f 1749/2041 2112/2463 2095/2383 1738/2011
f 2140/2461 1768/2071 1771/2046 2145/2440
f 1791/1937 2175/2432 2158/2436 1780/1974
f 2128/2451 1760/2057 1773/2050 2148/2444
f 1766/2082 2137/2464 2139/2462 1767/2077
f 2103/2465 1743/2016 1712/2030 2056/2466
f 1745/2015 2106/2467 2059/2468 1714/2029
f 2109/2469 1747/2042 1778/2014 2155/2470
f 1751/2022 2115/2457 2131/2453 1762/2025
f 2073/2471 1723/2033 1700/2103 2038/2472
f 2038/2472 1700/2103 1719/2102 2067/2473
f 2067/2473 1719/2102 1704/2038 2044/2474
f 2044/2474 1704/2038 1716/2037 2062/2475
f 2056/2466 1712/2030 1708/2034 2050/2476
f 2050/2476 1708/2034 1723/2033 2073/2471
f 1720/2092 2068/2394 2043/2381 1703/2093
f 1721/2101 2070/2380 2047/2375 1706/2035
f 1724/2088 2074/2378 2037/2393 1699/2089
f 1725/2032 2076/2373 2041/2379 1702/2100
f 1711/2084 2055/2374 2049/2377 1707/2085
f 1714/2029 2059/2468 2053/2372 1710/2031
f 2079/2477 1727/2006 1732/2005 2086/2478
f 1730/2003 2083/2479 2089/2480 1734/2004
f 2155/2470 1778/2014 1740/2013 2098/2481
f 1748/1998 2110/2387 2154/2385 1777/1999
f 2086/2478 1732/2005 1743/2016 2103/2465
f 1734/2004 2089/2480 2106/2467 1745/2015
f 2062/2475 1716/2037 1747/2042 2109/2469
f 1718/2036 2065/2376 2112/2463 1749/2041
f 1616/1771 1912/2482 1917/2274 1619/1628
f 1614/1770 1909/2483 1912/2482 1616/1771
f 1664/2181 1984/2484 1986/2485 1665/2137
f 1665/2137 1986/2485 1993/2334 1670/1913
f 2257/2486 2236/1921 1741/1920 2100/2487
f 1571/1887 1845/2233 1861/2229 1582/1888
f 1672/1822 1996/2317 1998/2488 1673/1790
f 1673/1790 1998/2488 1989/2489 1667/1791
f 1562/1916 1831/2490 1839/2206 1567/1905
f 1560/1915 1828/2491 1831/2490 1562/1916
f 1640/2177 1948/2492 1950/2493 1641/1860
f 1641/1860 1950/2493 1957/2300 1646/1830
f 1623/1837 1923/2307 1953/2494 1643/2151
f 2303/2495 2317/2496 1915/2497 1618/2498
f 2272/2499 2246/2128 1769/2127 2142/2500
f 1649/1803 1962/2332 1978/2328 1660/1806
f 1594/1880 1879/2218 1881/2501 1595/1894
f 1595/1894 1881/2501 1872/2502 1589/1895
f 1587/1893 1869/2503 1876/2235 1592/1892
f 1586/2163 1867/2504 1869/2503 1587/1893
f 1452/1925 1461/1924 1683/2064 1544/2065
f 1843/2186 1844/2505 1820/2506 1818/2185
f 1844/2505 1842/2191 1819/2209 1820/2506
f 1840/2190 1841/2507 1832/2508 1830/2189
f 1841/2507 1839/2206 1831/2490 1832/2508
f 1837/2194 1838/2509 1835/2510 1833/2193
f 1838/2509 1836/2212 1834/2192 1835/2510
f 1830/2189 1832/2508 1829/2511 1827/2195
f 1832/2508 1831/2490 1828/2491 1829/2511
f 1825/2199 1826/2512 1814/2513 1812/2198
f 1826/2512 1824/2205 1813/2204 1814/2513
f 1822/2202 1823/2514 1808/2515 1806/2201
f 1823/2514 1821/2211 1807/2210 1808/2515
f 1818/2185 1820/2506 1811/2516 1809/2203
f 1820/2506 1819/2209 1810/2208 1811/2516
f 1812/2198 1814/2513 1817/2517 1815/2200
f 1814/2513 1813/2204 1816/2207 1817/2517
f 1809/2203 1811/2516 1823/2514 1822/2202
f 1811/2516 1810/2208 1821/2211 1823/2514
f 1806/2201 1808/2515 1826/2512 1825/2199
f 1808/2515 1807/2210 1824/2205 1826/2512
f 1833/2193 1835/2510 1844/2505 1843/2186
f 1835/2510 1834/2192 1842/2191 1844/2505
f 1815/2200 1817/2517 1841/2507 1840/2190
f 1817/2517 1816/2207 1839/2206 1841/2507
f 1855/2216 1856/2518 1877/2519 1875/2215
f 1856/2518 1854/2234 1876/2235 1877/2519
f 1882/2220 1883/2520 1880/2521 1878/2219
f 1883/2520 1881/2501 1879/2218 1880/2521
f 1846/2224 1847/2522 1865/2523 1863/2223
f 1847/2522 1845/2233 1864/2232 1865/2523
f 1849/2226 1850/2524 1862/2525 1860/2225
f 1850/2524 1848/2230 1861/2229 1862/2525
f 1852/2228 1853/2526 1856/2518 1855/2216
f 1853/2526 1851/2231 1854/2234 1856/2518
f 1858/2227 1859/2527 1850/2524 1849/2226
f 1859/2527 1857/2217 1848/2230 1850/2524
f 1860/2225 1862/2525 1847/2522 1846/2224
f 1862/2525 1861/2229 1845/2233 1847/2522
f 1863/2223 1865/2523 1853/2526 1852/2228
f 1865/2523 1864/2232 1851/2231 1853/2526
f 1870/2237 1871/2528 1868/2529 1866/2236
f 1871/2528 1869/2503 1867/2504 1868/2529
f 1873/2240 1874/2530 1883/2520 1882/2220
f 1874/2530 1872/2502 1881/2501 1883/2520
f 1875/2215 1877/2519 1871/2528 1870/2237
f 1877/2519 1876/2235 1869/2503 1871/2528
f 1878/2219 1880/2521 1859/2527 1858/2227
f 1880/2521 1879/2218 1857/2217 1859/2527
f 1921/2252 1922/2531 1901/2532 1899/2251
f 1922/2531 1920/2221 1900/2277 1901/2532
f 1918/2256 1919/2533 1913/2534 1911/2255
f 1919/2533 1917/2274 1912/2482 1913/2534
f 1915/2262 1916/2535 1886/2536 1884/2261
f 1916/2535 1914/2280 1885/2222 1886/2536
f 1911/2255 1913/2534 1910/2537 1908/2263
f 1913/2534 1912/2482 1909/2483 1910/2537
f 1906/2267 1907/2538 1895/2539 1893/2266
f 1907/2538 1905/2273 1894/2272 1895/2539
f 1903/2270 1904/2540 1889/2541 1887/2269
f 1904/2540 1902/2279 1888/2278 1889/2541
f 1899/2251 1901/2532 1892/2542 1890/2271
f 1901/2532 1900/2277 1891/2276 1892/2542
f 1893/2266 1895/2539 1898/2543 1896/2268
f 1895/2539 1894/2272 1897/2275 1898/2543
f 1890/2271 1892/2542 1904/2540 1903/2270
f 1892/2542 1891/2276 1902/2279 1904/2540
f 1887/2269 1889/2541 1907/2538 1906/2267
f 1889/2541 1888/2278 1905/2273 1907/2538
f 1884/2261 1886/2536 1922/2531 1921/2252
f 1886/2536 1885/2222 1920/2221 1922/2531
f 1896/2268 1898/2543 1919/2533 1918/2256
f 1898/2543 1897/2275 1917/2274 1919/2533
f 1936/2282 1937/2544 1958/2545 1956/2281
f 1937/2544 1935/2299 1957/2300 1958/2545
f 1924/2286 1925/2546 1961/2547 1959/2285
f 1925/2546 1923/2307 1960/2284 1961/2547
f 1927/2289 1928/2548 1946/2549 1944/2288
f 1928/2548 1926/2298 1945/2297 1946/2549
f 1930/2291 1931/2550 1943/2551 1941/2290
f 1931/2550 1929/2295 1942/2294 1943/2551
f 1933/2293 1934/2552 1937/2544 1936/2282
f 1934/2552 1932/2296 1935/2299 1937/2544
f 1939/2292 1940/2553 1931/2550 1930/2291
f 1940/2553 1938/2283 1929/2295 1931/2550
f 1941/2290 1943/2551 1928/2548 1927/2289
f 1943/2551 1942/2294 1926/2298 1928/2548
f 1944/2288 1946/2549 1934/2552 1933/2293
f 1946/2549 1945/2297 1932/2296 1934/2552
f 1951/2302 1952/2554 1949/2555 1947/2301
f 1952/2554 1950/2493 1948/2492 1949/2555
f 1954/2287 1955/2556 1925/2546 1924/2286
f 1955/2556 1953/2494 1923/2307 1925/2546
f 1956/2281 1958/2545 1952/2554 1951/2302
f 1958/2545 1957/2300 1950/2493 1952/2554
f 1959/2285 1961/2547 1940/2553 1939/2292
f 1961/2547 1960/2284 1938/2283 1940/2553
f 1972/2315 1973/2557 1994/2558 1992/2314
f 1973/2557 1971/2333 1993/2334 1994/2558
f 1999/2319 2000/2559 1997/2560 1995/2318
f 2000/2559 1998/2488 1996/2317 1997/2560
f 1963/2323 1964/2561 1982/2562 1980/2322
f 1964/2561 1962/2332 1981/2331 1982/2562
f 1966/2325 1967/2563 1979/2564 1977/2324
f 1967/2563 1965/2329 1978/2328 1979/2564
f 1969/2327 1970/2565 1973/2557 1972/2315
f 1970/2565 1968/2330 1971/2333 1973/2557
f 1975/2326 1976/2566 1967/2563 1966/2325
f 1976/2566 1974/2316 1965/2329 1967/2563
f 1977/2324 1979/2564 1964/2561 1963/2323
f 1979/2564 1978/2328 1962/2332 1964/2561
f 1980/2322 1982/2562 1970/2565 1969/2327
f 1982/2562 1981/2331 1968/2330 1970/2565
f 1987/2336 1988/2567 1985/2568 1983/2335
f 1988/2567 1986/2485 1984/2484 1985/2568
f 1990/2341 1991/2569 2000/2559 1999/2319
f 1991/2569 1989/2489 1998/2488 2000/2559
f 1992/2314 1994/2558 1988/2567 1987/2336
f 1994/2558 1993/2334 1986/2485 1988/2567
f 1995/2318 1997/2560 1976/2566 1975/2326
f 1997/2560 1996/2317 1974/2316 1976/2566
f 2113/2355 2114/2570 2066/2571 2064/2354
f 2114/2570 2112/2463 2065/2376 2066/2571
f 2107/2359 2108/2572 2090/2573 2088/2358
f 2108/2572 2106/2467 2089/2480 2090/2573
f 2101/2363 2102/2574 2096/2575 2094/2362
f 2102/2574 2100/2384 2095/2383 2096/2575
f 2088/2358 2090/2573 2084/2576 2082/2364
f 2090/2573 2089/2480 2083/2479 2084/2576
f 2077/2367 2078/2577 2054/2578 2052/2366
f 2078/2577 2076/2373 2053/2372 2054/2578
f 2071/2370 2072/2579 2042/2580 2040/2369
f 2072/2579 2070/2380 2041/2379 2042/2580
f 2064/2354 2066/2571 2048/2581 2046/2371
f 2066/2571 2065/2376 2047/2375 2048/2581
f 2052/2366 2054/2578 2060/2582 2058/2368
f 2054/2578 2053/2372 2059/2468 2060/2582
f 2046/2371 2048/2581 2072/2579 2071/2370
f 2048/2581 2047/2375 2070/2380 2072/2579
f 2040/2369 2042/2580 2078/2577 2077/2367
f 2042/2580 2041/2379 2076/2373 2078/2577
f 2094/2362 2096/2575 2114/2570 2113/2355
f 2096/2575 2095/2383 2112/2463 2114/2570
f 2058/2368 2060/2582 2108/2572 2107/2359
f 2060/2582 2059/2468 2106/2467 2108/2572
f 2008/2389 2009/2583 2033/2584 2031/2388
f 2009/2583 2007/2405 2032/2406 2033/2584
f 2152/2392 2153/2585 2036/2586 2034/2391
f 2153/2585 2151/2411 2035/2390 2036/2586
f 1804/2396 1805/2587 2018/2588 2016/2395
f 1805/2587 1803/2404 2017/2403 2018/2588
f 2002/2398 2003/2589 2015/2590 2013/2397
f 2003/2589 2001/2320 2014/2401 2015/2590
f 2005/2400 2006/2591 2009/2583 2008/2389
f 2006/2591 2004/2402 2007/2405 2009/2583
f 2011/2399 2012/2592 2003/2589 2002/2398
f 2012/2592 2010/2321 2001/2320 2003/2589
f 2013/2397 2015/2590 1805/2587 1804/2396
f 2015/2590 2014/2401 1803/2404 1805/2587
f 2016/2395 2018/2588 2006/2591 2005/2400
f 2018/2588 2017/2403 2004/2402 2006/2591
f 2023/2408 2024/2593 2021/2594 2019/2407
f 2024/2593 2022/2409 2020/2414 2021/2594
f 2029/2410 2030/2595 2153/2585 2152/2392
f 2030/2595 2028/2439 2151/2411 2153/2585
f 2031/2388 2033/2584 2024/2593 2023/2408
f 2033/2584 2032/2406 2022/2409 2024/2593
f 2034/2391 2036/2586 2012/2592 2011/2399
f 2036/2586 2035/2390 2010/2321 2012/2592
f 2191/2416 2192/2596 2171/2597 2169/2415
f 2192/2596 2190/2412 2170/2435 2171/2597
f 2188/2420 2189/2598 2183/2599 2181/2419
f 2189/2598 2187/2424 2182/2418 2183/2599
f 2185/2422 2186/2600 2027/2601 2025/2421
f 2186/2600 2184/2438 2026/2413 2027/2601
f 2181/2419 2183/2599 2180/2602 2178/2423
f 2183/2599 2182/2418 2179/2417 2180/2602
f 2176/2426 2177/2603 2165/2604 2163/2425
f 2177/2603 2175/2432 2164/2431 2165/2604
f 2173/2429 2174/2605 2159/2606 2157/2428
f 2174/2605 2172/2437 2158/2436 2159/2606
f 2169/2415 2171/2597 2162/2607 2160/2430
f 2171/2597 2170/2435 2161/2434 2162/2607
f 2163/2425 2165/2604 2168/2608 2166/2427
f 2165/2604 2164/2431 2167/2433 2168/2608
f 2160/2430 2162/2607 2174/2605 2173/2429
f 2162/2607 2161/2434 2172/2437 2174/2605
f 2157/2428 2159/2606 2177/2603 2176/2426
f 2159/2606 2158/2436 2175/2432 2177/2603
f 2025/2421 2027/2601 2192/2596 2191/2416
f 2027/2601 2026/2413 2190/2412 2192/2596
f 2166/2427 2168/2608 2189/2598 2188/2420
f 2168/2608 2167/2433 2187/2424 2189/2598
f 2125/2441 2126/2609 2147/2610 2145/2440
f 2126/2609 2124/2458 2146/2459 2147/2610
f 2092/2445 2093/2611 2150/2612 2148/2444
f 2093/2611 2091/2360 2149/2443 2150/2612
f 2116/2448 2117/2613 2135/2614 2133/2447
f 2117/2613 2115/2457 2134/2456 2135/2614
f 2119/2450 2120/2615 2132/2616 2130/2449
f 2120/2615 2118/2454 2131/2453 2132/2616
f 2122/2452 2123/2617 2126/2609 2125/2441
f 2123/2617 2121/2455 2124/2458 2126/2609
f 2128/2451 2129/2618 2120/2615 2119/2450
f 2129/2618 2127/2442 2118/2454 2120/2615
f 2130/2449 2132/2616 2117/2613 2116/2448
f 2132/2616 2131/2453 2115/2457 2117/2613
f 2133/2447 2135/2614 2123/2617 2122/2452
f 2135/2614 2134/2456 2121/2455 2123/2617
f 2140/2461 2141/2619 2138/2620 2136/2460
f 2141/2619 2139/2462 2137/2464 2138/2620
f 2143/2446 2144/2621 2093/2611 2092/2445
f 2144/2621 2142/2361 2091/2360 2093/2611
f 2145/2440 2147/2610 2141/2619 2140/2461
f 2147/2610 2146/2459 2139/2462 2141/2619
f 2148/2444 2150/2612 2129/2618 2128/2451
f 2150/2612 2149/2443 2127/2442 2129/2618
f 2056/2466 2057/2622 2105/2623 2103/2465
f 2057/2622 2055/2374 2104/2365 2105/2623
f 2155/2470 2156/2624 2111/2625 2109/2469
f 2156/2624 2154/2385 2110/2387 2111/2625
f 2038/2472 2039/2626 2075/2627 2073/2471
f 2039/2626 2037/2393 2074/2378 2075/2627
f 2044/2474 2045/2628 2069/2629 2067/2473
f 2045/2628 2043/2381 2068/2394 2069/2629
f 2050/2476 2051/2630 2057/2622 2056/2466
f 2051/2630 2049/2377 2055/2374 2057/2622
f 2062/2475 2063/2631 2045/2628 2044/2474
f 2063/2631 2061/2382 2043/2381 2045/2628
f 2067/2473 2069/2629 2039/2626 2038/2472
f 2069/2629 2068/2394 2037/2393 2039/2626
f 2073/2471 2075/2627 2051/2630 2050/2476
f 2075/2627 2074/2378 2049/2377 2051/2630
f 2086/2478 2087/2632 2081/2633 2079/2477
f 2087/2632 2085/2357 2080/2356 2081/2633
f 2098/2481 2099/2634 2156/2624 2155/2470
f 2099/2634 2097/2386 2154/2385 2156/2624
f 2103/2465 2105/2623 2087/2632 2086/2478
f 2105/2623 2104/2365 2085/2357 2087/2632
f 2109/2469 2111/2625 2063/2631 2062/2475
f 2111/2625 2110/2387 2061/2382 2063/2631
f 2307/2635 2354/2636 1910/2637 1909/2638
f 2354/2636 2355/2639 1908/2640 1910/2637
f 2254/2641 2255/2642 2081/2643 2080/2644
f 2255/2642 2256/2645 2079/2646 2081/2643
f 2310/2647 2357/2648 1838/2649 1837/2650
f 2357/2648 2358/2651 1836/2652 1838/2649
f 2260/2653 2261/2654 2099/2655 2098/2656
f 2261/2654 2262/2657 2097/2658 2099/2655
f 2313/2659 2360/2660 1829/2661 1828/2662
f 2360/2660 2361/2663 1827/2664 1829/2661
f 2266/2665 2267/2666 2138/2667 2137/2668
f 2267/2666 2268/2669 2136/2670 2138/2667
f 2269/2671 2270/2672 2186/2673 2185/2674
f 2270/2672 2271/2675 2184/2676 2186/2673
f 2318/2677 2364/2678 1955/2679 1954/2680
f 2364/2678 2365/2681 1953/2682 1955/2679
f 2275/2683 2276/2684 2030/2685 2029/2686
f 2276/2684 2277/2687 2028/2688 2030/2685
f 2321/2689 2367/2690 1868/2691 1867/2692
f 2367/2690 2368/2693 1866/2694 1868/2691
f 1543/2051 1803/2404 2014/2401 1684/2052
f 2021/2695 2020/2239 2280/2238 2279/2696
f 2019/2250 2021/2695 2279/2696 2278/2249
f 2319/2697 2320/2242 2277/2687 2276/2684
f 2366/2245 2319/2697 2276/2684 2275/2683
f 2144/2698 2143/2309 2274/2308 2273/2699
f 2142/2500 2144/2698 2273/2699 2272/2499
f 2316/2700 2317/2496 2271/2675 2270/2672
f 2363/2257 2316/2700 2270/2672 2269/2671
f 2314/2701 2315/2311 2268/2669 2267/2666
f 2362/2303 2314/2701 2267/2666 2266/2665
f 2084/2702 2083/2197 2265/2196 2264/2703
f 2082/2188 2084/2702 2264/2703 2263/2187
f 2311/2704 2312/2343 2262/2657 2261/2654
f 2359/2346 2311/2704 2261/2654 2260/2653
f 2102/2705 2101/2214 2259/2213 2258/2706
f 2100/2487 2102/2705 2258/2706 2257/2486
f 2308/2707 2309/2351 2256/2645 2255/2642
f 2356/2337 2308/2707 2255/2642 2254/2641
f 2180/2708 2179/2265 2253/2264 2252/2709
f 2178/2254 2180/2708 2252/2709 2251/2253
f 2318/2677 2304/2710 2246/2128 2272/2499
f 1797/1867 2184/2676 2271/2675 2243/1868
f 2310/2647 2299/2711 2236/1921 2257/2486
f 1727/1783 2079/2646 2256/2645 2233/1784
f 2098/2656 1740/1919 2238/1918 2260/2653
f 1739/2144 2097/2658 2262/2657 2237/2145
f 2080/2644 1728/1872 2234/1871 2254/2641
f 1765/1853 2136/2670 2268/2669 2241/1854
f 2351/2712 2365/2681 2274/2308 2245/1855
f 2137/2668 1766/1794 2242/1793 2266/2665
f 2344/2713 2355/2639 2253/2264 2231/1861
f 2185/2674 1798/2143 2244/2142 2269/2671
f 2307/2635 2297/2714 2232/1874 2251/2253
f 2321/2689 2306/2715 2250/1903 2278/2249
f 2029/2686 1694/1897 2248/1896 2275/2683
f 1693/1857 2028/2688 2277/2687 2247/1858
f 2353/2716 2368/2693 2280/2238 2249/1851
f 2346/2717 2358/2651 2259/2213 2235/2125
f 2348/2718 2361/2663 2265/2196 2239/1781
f 2313/2659 2301/2719 2240/1796 2263/2187
f 2343/2720 2230/2183 2205/2138 2286/2721
f 2339/2722 2223/2167 2229/2179 2296/2723
f 2336/2724 2218/2162 2196/2120 2282/2725
f 2332/2726 2212/1899 2194/2116 2281/2727
f 2326/2728 2201/1864 2214/2153 2290/2729
f 2342/2730 2228/2178 2230/2182 2343/2731
f 2341/2732 2226/2174 2219/2161 2292/2733
f 2296/2723 2229/2179 2225/2172 2294/2734
f 2334/2735 2215/2157 2228/2178 2342/2730
f 2329/2736 2207/2147 2227/2173 2295/2737
f 2340/2738 2224/2175 2217/2160 2291/2739
f 2325/2740 2199/2132 2220/1900 2293/2741
f 2295/2737 2227/2173 2226/2174 2341/2732
f 2294/2734 2225/2172 2203/2134 2285/2742
f 2322/2743 2193/2119 2224/2171 2340/2744
f 2338/2745 2222/2168 2200/2129 2284/2746
f 2337/2747 2221/2164 2223/2167 2339/2722
f 2335/2748 2216/2166 2211/2149 2289/2749
f 2323/2750 2195/2121 2222/2165 2338/2751
f 2331/2752 2210/2150 2221/2164 2337/2747
f 2292/2733 2219/2161 2218/2162 2336/2724
f 2328/2753 2204/2141 2206/1865 2287/2754
f 2291/2739 2217/2160 2198/2123 2283/2755
f 2333/2756 2213/2156 2216/2159 2335/2757
f 2330/2758 2209/2148 2215/2157 2334/2735
f 2290/2729 2214/2153 2213/2156 2333/2756
f 2324/2759 2197/2124 2208/2146 2288/2760
f 2289/2749 2211/2149 2210/2150 2331/2752
f 2327/2761 2202/2135 2209/2148 2330/2758
f 2288/2760 2208/2146 2207/2147 2329/2736
f 2350/2258 2244/2142 2237/2145 2300/2342
f 2286/2721 2205/2138 2204/2141 2328/2753
f 2285/2742 2203/2134 2202/2135 2327/2761
f 2284/2746 2200/2129 2199/2132 2325/2740
f 2346/2717 2235/2125 2246/2128 2304/2710
f 2283/2755 2198/2123 2197/2124 2324/2759
f 2282/2725 2196/2120 2195/2121 2323/2750
f 2281/2727 2194/2116 2193/2119 2322/2743
f 2347/2347 2238/1918 2236/1921 2299/2711
f 2293/2741 2220/1900 2250/1903 2306/2715
f 2352/2246 2248/1896 2212/1899 2332/2726
f 2345/2338 2234/1871 2232/1874 2297/2714
f 2287/2754 2206/1865 2243/1868 2303/2495
f 2344/2713 2231/1861 2201/1864 2326/2728
f 2351/2712 2245/1855 2247/1858 2305/2241
f 2353/2716 2249/1851 2241/1854 2302/2310
f 2349/2304 2242/1793 2240/1796 2301/2719
f 2348/2718 2239/1781 2233/1784 2298/2350
f 1559/2762 2348/2718 2298/2350 1664/2353
f 1639/2305 2349/2304 2301/2719 1560/2763
f 1585/2764 2353/2716 2302/2310 1640/2313
f 1643/2765 2351/2712 2305/2241 1590/2244
f 1613/2766 2344/2713 2326/2728 1425/2767
f 1405/2768 2287/2754 2303/2495 1618/2498
f 1663/2339 2345/2338 2297/2714 1614/2769
f 1589/2247 2352/2246 2332/2726 1397/2770
f 1414/2771 2293/2741 2306/2715 1586/2772
f 1667/2348 2347/2347 2299/2711 1566/2773
f 1401/2774 2281/2727 2322/2743 1399/2775
f 1432/2776 2282/2725 2323/2750 1410/2777
f 1440/2778 2283/2755 2324/2759 1377/2779
f 1565/2780 2346/2717 2304/2710 1644/2781
f 1417/2782 2284/2746 2325/2740 1420/2783
f 1378/2784 2285/2742 2327/2761 1346/2785
f 1407/2786 2286/2721 2328/2753 1409/2787
f 1617/2259 2350/2258 2300/2342 1668/2345
f 1347/2788 2288/2760 2329/2736 1379/2789
f 1346/2785 2327/2761 2330/2758 1376/2790
f 1422/2791 2289/2749 2331/2752 1437/2792
f 1377/2779 2324/2759 2288/2760 1347/2788
f 1431/2793 2290/2729 2333/2756 1428/2794
f 1376/2790 2330/2758 2334/2735 1445/2795
f 1428/2794 2333/2756 2335/2757 1423/2796
f 1394/2797 2291/2739 2283/2755 1440/2778
f 1409/2787 2328/2753 2287/2754 1405/2768
f 1360/2798 2292/2733 2336/2724 1362/2799
f 1437/2792 2331/2752 2337/2747 1363/2800
f 1410/2777 2323/2750 2338/2751 1412/2801
f 1423/2802 2335/2748 2289/2749 1422/2791
f 1363/2800 2337/2747 2339/2722 1361/2803
f 1412/2804 2338/2745 2284/2746 1417/2782
f 1399/2775 2322/2743 2340/2744 1395/2805
f 1345/2806 2294/2734 2285/2742 1378/2784
f 1344/2807 2295/2737 2341/2732 1392/2808
f 1420/2783 2325/2740 2293/2741 1414/2771
f 1395/2809 2340/2738 2291/2739 1394/2797
f 1379/2789 2329/2736 2295/2737 1344/2807
f 1445/2795 2334/2735 2342/2730 1402/2810
f 1393/2811 2296/2723 2294/2734 1345/2806
f 1392/2808 2341/2732 2292/2733 1360/2798
f 1402/2810 2342/2730 2343/2731 1403/2812
f 1425/2767 2326/2728 2290/2729 1431/2793
f 1397/2770 2332/2726 2281/2727 1401/2774
f 1362/2799 2336/2724 2282/2725 1432/2776
f 1361/2803 2339/2722 2296/2723 1393/2811
f 1403/2813 2343/2720 2286/2721 1407/2786
f 1828/2662 1560/2763 2301/2719 2313/2659
f 1559/2762 1827/2664 2361/2663 2348/2718
f 1565/2780 1836/2652 2358/2651 2346/2717
f 1585/2764 1866/2694 2368/2693 2353/2716
f 1867/2692 1586/2772 2306/2715 2321/2689
f 1909/2638 1614/2769 2297/2714 2307/2635
f 1613/2766 1908/2640 2355/2639 2344/2713
f 1643/2765 1953/2682 2365/2681 2351/2712
f 1837/2650 1566/2773 2299/2711 2310/2647
f 1954/2680 1644/2781 2304/2710 2318/2677
f 1983/2340 1985/2814 2308/2707 2356/2337
f 1985/2814 1984/2352 2309/2351 2308/2707
f 1989/2349 1991/2815 2311/2704 2359/2346
f 1991/2815 1990/2344 2312/2343 2311/2704
f 1947/2306 1949/2816 2314/2701 2362/2303
f 1949/2816 1948/2312 2315/2311 2314/2701
f 1914/2260 1916/2817 2316/2700 2363/2257
f 1916/2817 1915/2497 2317/2496 2316/2700
f 1872/2248 1874/2818 2319/2697 2366/2245
f 1874/2818 1873/2243 2320/2242 2319/2697
f 2279/2696 2280/2238 2368/2693 2367/2690
f 2278/2249 2279/2696 2367/2690 2321/2689
f 2273/2699 2274/2308 2365/2681 2364/2678
f 2272/2499 2273/2699 2364/2678 2318/2677
f 2264/2703 2265/2196 2361/2663 2360/2660
f 2263/2187 2264/2703 2360/2660 2313/2659
f 2258/2706 2259/2213 2358/2651 2357/2648
f 2257/2486 2258/2706 2357/2648 2310/2647
f 2252/2709 2253/2264 2355/2639 2354/2636
f 2251/2253 2252/2709 2354/2636 2307/2635
f 2243/1868 2271/2675 2317/2496 2303/2495
f 2233/1784 2256/2645 2309/2351 2298/2350
f 2260/2653 2238/1918 2347/2347 2359/2346
f 2237/2145 2262/2657 2312/2343 2300/2342
f 2254/2641 2234/1871 2345/2338 2356/2337
f 2241/1854 2268/2669 2315/2311 2302/2310
f 2266/2665 2242/1793 2349/2304 2362/2303
f 2269/2671 2244/2142 2350/2258 2363/2257
f 2275/2683 2248/1896 2352/2246 2366/2245
f 2247/1858 2277/2687 2320/2242 2305/2241
f 2482/2819 2481/2820 2375/2821 2374/2822
f 2526/2823 2483/2824 2376/2825 2498/2826
f 2715/2827 2482/2819 2374/2822 2686/2828
f 2374/2829 2375/2830 2379/2831 2378/2832
f 2498/2833 2376/2834 2380/2835 2499/2836
f 2686/2837 2374/2829 2378/2832 2687/2838
f 2378/2832 2379/2831 2383/2839 2382/2840
f 2499/2836 2380/2835 2384/2841 2500/2842
f 2687/2838 2378/2832 2382/2840 2688/2843
f 2382/2840 2383/2839 2387/2844 2386/2845
f 2500/2842 2384/2841 2388/2846 2501/2847
f 2688/2843 2382/2840 2386/2845 2689/2848
f 2386/2845 2387/2844 2391/2849 2390/2850
f 2501/2847 2388/2846 2392/2851 2502/2852
f 2689/2848 2386/2845 2390/2850 2690/2853
f 2390/2850 2391/2849 2395/2854 2394/2855
f 2502/2852 2392/2851 2396/2856 2503/2857
f 2690/2853 2390/2850 2394/2855 2691/2858
f 2394/2855 2395/2854 2399/2859 2398/2860
f 2503/2857 2396/2856 2400/2861 2504/2862
f 2691/2858 2394/2855 2398/2860 2692/2863
f 2398/2860 2399/2859 2403/2864 2402/2865
f 2504/2862 2400/2861 2404/2866 2505/2867
f 2692/2863 2398/2860 2402/2865 2693/2868
f 2402/2865 2403/2864 2407/2869 2406/2870
f 2505/2867 2404/2866 2408/2871 2506/2872
f 2693/2868 2402/2865 2406/2870 2694/2873
f 2406/2870 2407/2869 2411/2874 2410/2875
f 2506/2872 2408/2871 2412/2876 2507/2877
f 2694/2873 2406/2870 2410/2875 2695/2878
f 2410/2875 2411/2874 2415/2879 2414/2880
f 2507/2877 2412/2876 2416/2881 2508/2882
f 2695/2878 2410/2875 2414/2880 2696/2883
f 2540/2884 2542/2885 2424/2886 2413/2887
f 2730/2888 2722/2889 2420/2890 2509/2891
f 2664/2892 2649/2893 2421/2894 2415/2879
f 2723/2895 2721/2896 2419/2897 2418/2898
f 2415/2879 2421/2894 2422/2899 2414/2880
f 2740/2900 2723/2895 2418/2898 2697/2901
f 2486/2902 2430/2903 2431/2904 2485/2905
f 2525/2906 2512/2907 2432/2908 2487/2909
f 2711/2910 2699/2911 2430/2903 2486/2902
f 2430/2912 2434/2913 2435/2914 2431/2915
f 2512/2916 2513/2917 2436/2918 2432/2919
f 2699/2920 2700/2921 2434/2913 2430/2912
f 2434/2913 2438/2922 2439/2923 2435/2914
f 2513/2917 2514/2924 2440/2925 2436/2918
f 2700/2921 2701/2926 2438/2922 2434/2913
f 2438/2922 2442/2927 2443/2928 2439/2923
f 2514/2924 2515/2929 2444/2930 2440/2925
f 2701/2926 2702/2931 2442/2927 2438/2922
f 2442/2927 2446/2932 2447/2933 2443/2928
f 2515/2929 2516/2934 2448/2935 2444/2930
f 2702/2931 2703/2936 2446/2932 2442/2927
f 2446/2932 2450/2937 2451/2938 2447/2933
f 2516/2934 2517/2939 2452/2940 2448/2935
f 2703/2936 2704/2941 2450/2937 2446/2932
f 2450/2937 2454/2942 2455/2943 2451/2938
f 2517/2939 2518/2944 2456/2945 2452/2940
f 2704/2941 2705/2946 2454/2942 2450/2937
f 2454/2942 2458/2947 2459/2948 2455/2943
f 2518/2944 2519/2949 2460/2950 2456/2945
f 2705/2946 2706/2951 2458/2947 2454/2942
f 2458/2947 2462/2952 2463/2953 2459/2948
f 2519/2949 2520/2954 2464/2955 2460/2950
f 2706/2951 2707/2956 2462/2952 2458/2947
f 2462/2952 2466/2957 2467/2958 2463/2953
f 2520/2954 2521/2959 2468/2960 2464/2955
f 2707/2956 2708/2961 2466/2957 2462/2952
f 2466/2957 2470/2962 2471/2963 2467/2958
f 2521/2959 2522/2964 2472/2965 2468/2960
f 2708/2961 2709/2966 2470/2962 2466/2957
f 2554/2967 2469/2968 2480/2969 2556/2970
f 2729/2971 2523/2972 2476/2973 2726/2974
f 2677/2975 2471/2963 2477/2976 2650/2977
f 2727/2978 2474/2979 2475/2980 2725/2981
f 2471/2963 2470/2962 2478/2982 2477/2976
f 2739/2983 2710/2984 2474/2979 2727/2978
f 2632/2985 2597/2986 2425/2987 2543/2988
f 2682/2989 2599/2990 2427/2991 2666/2992
f 2599/2990 2598/2993 2426/2994 2427/2991
f 2630/2995 2600/2996 2428/2997 2496/2998
f 2627/2999 2601/3000 2429/3001 2488/3002
f 2604/3003 2602/3004 2432/3005 2436/3006
f 2601/3007 2603/3008 2433/3009 2429/3010
f 2606/3011 2604/3003 2436/3006 2440/3012
f 2603/3008 2605/3013 2437/3014 2433/3009
f 2608/3015 2606/3011 2440/3012 2444/3016
f 2605/3013 2607/3017 2441/3018 2437/3014
f 2610/3019 2608/3015 2444/3016 2448/3020
f 2607/3017 2609/3021 2445/3022 2441/3018
f 2612/3023 2610/3019 2448/3020 2452/3024
f 2609/3021 2611/3025 2449/3026 2445/3022
f 2614/3027 2612/3023 2452/3024 2456/3028
f 2611/3025 2613/3029 2453/3030 2449/3026
f 2616/3031 2614/3032 2456/3033 2460/3034
f 2613/3035 2615/3036 2457/3037 2453/3038
f 2618/3039 2616/3031 2460/3034 2464/3040
f 2615/3036 2617/3041 2461/3042 2457/3037
f 2620/3043 2618/3039 2464/3040 2468/3044
f 2617/3041 2619/3045 2465/3046 2461/3042
f 2622/3047 2620/3043 2468/3044 2472/3048
f 2619/3045 2621/3049 2469/3050 2465/3046
f 2736/3051 2625/3052 2479/3053 2726/3054
f 2621/3049 2626/3055 2480/3056 2469/3050
f 2755/3057 2624/3058 2476/3059 2748/3060
f 2625/3052 2622/3047 2472/3048 2479/3053
f 2735/3061 2623/3062 2473/3063 2728/3064
f 2648/3065 2627/2999 2488/3002 2640/3066
f 2602/3067 2628/3068 2487/3069 2432/3070
f 2720/3071 2711/2910 2486/2902 2639/3072
f 2642/3073 2525/2906 2487/2909 2636/3074
f 2639/3072 2486/2902 2485/2905 2635/3075
f 2719/3076 2637/3077 2482/2819 2715/2827
f 2641/3078 2634/3079 2483/2824 2526/2823
f 2637/3077 2633/3080 2481/2820 2482/2819
f 2370/3081 2371/3082 2493/3083 2489/3084
f 2497/3085 2372/3086 2494/3087 2527/3088
f 2685/3089 2370/3081 2489/3084 2716/3090
f 2426/3091 2491/3092 2495/3093 2427/3094
f 2511/3095 2528/3096 2496/3097 2428/3098
f 2698/3099 2712/3100 2491/3092 2426/3091
f 2597/3101 2629/3102 2492/3103 2425/3104
f 2647/3105 2630/2995 2496/2998 2636/3106
f 2666/3107 2680/3108 2528/3096 2511/3095
f 2653/3109 2497/3085 2527/3088 2652/3110
f 2684/3111 2641/3078 2526/2823 2651/3112
f 2683/3113 2679/3114 2525/2906 2642/3073
f 2600/3115 2631/3116 2511/3117 2428/3118
f 2472/2965 2522/2964 2524/3119 2479/3120
f 2738/3121 2678/3122 2523/2972 2729/2971
f 2676/3123 2677/2975 2522/2964 2521/2959
f 2675/3124 2676/3123 2521/2959 2520/2954
f 2674/3125 2675/3124 2520/2954 2519/2949
f 2673/3126 2674/3125 2519/2949 2518/2944
f 2672/3127 2673/3126 2518/2944 2517/2939
f 2671/3128 2672/3127 2517/2939 2516/2934
f 2670/3129 2671/3128 2516/2934 2515/2929
f 2669/3130 2670/3129 2515/2929 2514/2924
f 2668/3131 2669/3130 2514/2924 2513/2917
f 2667/3132 2668/3131 2513/2917 2512/2916
f 2679/3114 2667/3133 2512/2907 2525/2906
f 2416/2881 2423/3134 2510/3135 2508/2882
f 2737/3136 2730/2888 2509/2891 2665/3137
f 2663/3138 2507/2877 2508/2882 2664/2892
f 2662/3139 2506/2872 2507/2877 2663/3138
f 2661/3140 2505/2867 2506/2872 2662/3139
f 2660/3141 2504/2862 2505/2867 2661/3140
f 2659/3142 2503/2857 2504/2862 2660/3141
f 2658/3143 2502/2852 2503/2857 2659/3142
f 2657/3144 2501/2847 2502/2852 2658/3143
f 2656/3145 2500/2842 2501/2847 2657/3144
f 2655/3146 2499/2836 2500/2842 2656/3145
f 2654/3147 2498/2833 2499/2836 2655/3146
f 2651/3112 2526/2823 2498/2826 2654/3148
f 2425/3149 2492/3150 2560/3151 2543/3152
f 2369/3153 2529/3154 2559/3155 2490/3156
f 2638/3157 2643/3158 2558/3159 2484/3160
f 2640/3161 2488/3162 2557/3163 2644/3164
f 2718/3165 2632/2985 2543/2988 2698/3166
f 2728/3167 2473/3168 2555/3169 2731/3170
f 2709/2966 2554/2967 2556/2970 2714/3171
f 2465/3172 2469/2968 2554/2967 2553/3173
f 2461/3174 2465/3172 2553/3173 2552/3175
f 2457/3176 2461/3174 2552/3175 2551/3177
f 2453/3178 2457/3176 2551/3177 2550/3179
f 2449/3180 2453/3178 2550/3179 2549/3181
f 2445/3182 2449/3180 2549/3181 2548/3183
f 2441/3184 2445/3182 2548/3183 2547/3185
f 2437/3186 2441/3184 2547/3185 2546/3187
f 2433/3188 2437/3186 2546/3187 2545/3189
f 2429/3190 2433/3188 2545/3189 2544/3191
f 2488/3162 2429/3192 2544/3193 2557/3163
f 2724/3194 2732/3195 2541/3196 2417/3197
f 2696/2883 2713/3198 2542/2885 2540/2884
f 2409/3199 2539/3200 2540/2884 2413/2887
f 2405/3201 2538/3202 2539/3200 2409/3199
f 2401/3203 2537/3204 2538/3202 2405/3201
f 2397/3205 2536/3206 2537/3204 2401/3203
f 2393/3207 2535/3208 2536/3206 2397/3205
f 2389/3209 2534/3210 2535/3208 2393/3207
f 2385/3211 2533/3212 2534/3210 2389/3209
f 2381/3213 2532/3214 2533/3212 2385/3211
f 2377/3215 2531/3216 2532/3214 2381/3213
f 2373/3217 2530/3218 2531/3216 2377/3215
f 2484/3160 2558/3159 2530/3219 2373/3220
f 2685/3221 2529/3222 2596/3223 2717/3224
f 2372/3225 2497/3226 2595/3227 2564/3228
f 2634/3229 2494/3230 2594/3231 2645/3232
f 2369/3233 2490/3234 2593/3235 2561/3236
f 2376/3237 2483/3238 2592/3239 2566/3240
f 2638/3241 2484/3242 2591/3243 2646/3244
f 2724/3245 2417/3246 2587/3247 2733/3248
f 2423/3249 2416/3250 2586/3251 2589/3252
f 2744/3253 2420/3254 2588/3255 2753/3256
f 2413/3257 2424/3258 2590/3259 2585/3260
f 2722/3261 2423/3249 2589/3252 2734/3262
f 2409/3263 2413/3257 2585/3260 2583/3264
f 2416/3250 2412/3265 2584/3266 2586/3251
f 2405/3267 2409/3263 2583/3264 2581/3268
f 2412/3265 2408/3269 2582/3270 2584/3266
f 2401/3271 2405/3267 2581/3268 2579/3272
f 2408/3269 2404/3273 2580/3274 2582/3270
f 2397/3275 2401/3271 2579/3272 2577/3276
f 2404/3273 2400/3277 2578/3278 2580/3274
f 2393/3279 2397/3280 2577/3281 2575/3282
f 2400/3283 2396/3284 2576/3285 2578/3286
f 2389/3287 2393/3279 2575/3282 2573/3288
f 2396/3284 2392/3289 2574/3290 2576/3285
f 2385/3291 2389/3287 2573/3288 2571/3292
f 2392/3289 2388/3293 2572/3294 2574/3290
f 2381/3295 2385/3291 2571/3292 2569/3296
f 2388/3293 2384/3297 2570/3298 2572/3294
f 2377/3299 2381/3295 2569/3296 2567/3300
f 2384/3297 2380/3301 2568/3302 2570/3298
f 2373/3303 2377/3299 2567/3300 2565/3304
f 2380/3301 2376/3305 2566/3306 2568/3302
f 2484/3242 2373/3307 2565/3308 2591/3243
f 2494/3230 2372/3309 2564/3310 2594/3231
f 2371/3311 2370/3312 2562/3313 2563/3314
f 2653/3315 2371/3311 2563/3314 2681/3316
f 2529/3222 2369/3317 2561/3318 2596/3223
f 2717/3224 2596/3223 2632/2985 2718/3165
f 2564/3228 2595/3227 2631/3116 2600/3115
f 2645/3232 2594/3231 2630/2995 2647/3105
f 2561/3236 2593/3235 2629/3102 2597/3101
f 2566/3240 2592/3239 2628/3068 2602/3067
f 2646/3244 2591/3243 2627/2999 2648/3065
f 2733/3248 2587/3247 2623/3062 2735/3061
f 2589/3252 2586/3251 2622/3047 2625/3052
f 2753/3256 2588/3255 2624/3058 2755/3057
f 2585/3260 2590/3259 2626/3055 2621/3049
f 2734/3262 2589/3252 2625/3052 2736/3051
f 2583/3264 2585/3260 2621/3049 2619/3045
f 2586/3251 2584/3266 2620/3043 2622/3047
f 2581/3268 2583/3264 2619/3045 2617/3041
f 2584/3266 2582/3270 2618/3039 2620/3043
f 2579/3272 2581/3268 2617/3041 2615/3036
f 2582/3270 2580/3274 2616/3031 2618/3039
f 2577/3276 2579/3272 2615/3036 2613/3035
f 2580/3274 2578/3278 2614/3032 2616/3031
f 2575/3282 2577/3281 2613/3029 2611/3025
f 2578/3286 2576/3285 2612/3023 2614/3027
f 2573/3288 2575/3282 2611/3025 2609/3021
f 2576/3285 2574/3290 2610/3019 2612/3023
f 2571/3292 2573/3288 2609/3021 2607/3017
f 2574/3290 2572/3294 2608/3015 2610/3019
f 2569/3296 2571/3292 2607/3017 2605/3013
f 2572/3294 2570/3298 2606/3011 2608/3015
f 2567/3300 2569/3296 2605/3013 2603/3008
f 2570/3298 2568/3302 2604/3003 2606/3011
f 2565/3304 2567/3300 2603/3008 2601/3007
f 2568/3302 2566/3306 2602/3004 2604/3003
f 2591/3243 2565/3308 2601/3000 2627/2999
f 2594/3231 2564/3310 2600/2996 2630/2995
f 2563/3314 2562/3313 2598/2993 2599/2990
f 2681/3316 2563/3314 2599/2990 2682/2989
f 2596/3223 2561/3318 2597/2986 2632/2985
f 2593/3235 2646/3244 2648/3065 2629/3102
f 2592/3239 2645/3232 2647/3105 2628/3068
f 2490/3234 2638/3241 2646/3244 2593/3235
f 2483/3238 2634/3229 2645/3232 2592/3239
f 2492/3150 2640/3161 2644/3164 2560/3151
f 2490/3156 2559/3155 2643/3158 2638/3157
f 2680/3108 2683/3113 2642/3073 2528/3096
f 2652/3110 2527/3088 2641/3078 2684/3111
f 2628/3068 2647/3105 2636/3106 2487/3069
f 2489/3084 2493/3083 2633/3080 2637/3077
f 2527/3088 2494/3087 2634/3079 2641/3078
f 2716/3090 2489/3084 2637/3077 2719/3076
f 2491/3092 2639/3072 2635/3075 2495/3093
f 2528/3096 2642/3073 2636/3074 2496/3097
f 2712/3100 2720/3071 2639/3072 2491/3092
f 2629/3102 2648/3065 2640/3066 2492/3103
f 2493/3083 2652/3110 2684/3111 2633/3080
f 2495/3093 2635/3075 2683/3113 2680/3108
f 2595/3227 2681/3316 2682/2989 2631/3116
f 2497/3226 2653/3315 2681/3316 2595/3227
f 2481/2820 2651/3112 2654/3148 2375/2821
f 2375/2830 2654/3147 2655/3146 2379/2831
f 2379/2831 2655/3146 2656/3145 2383/2839
f 2383/2839 2656/3145 2657/3144 2387/2844
f 2387/2844 2657/3144 2658/3143 2391/2849
f 2391/2849 2658/3143 2659/3142 2395/2854
f 2395/2854 2659/3142 2660/3141 2399/2859
f 2399/2859 2660/3141 2661/3140 2403/2864
f 2403/2864 2661/3140 2662/3139 2407/2869
f 2407/2869 2662/3139 2663/3138 2411/2874
f 2411/2874 2663/3138 2664/2892 2415/2879
f 2721/2896 2737/3136 2665/3137 2419/2897
f 2485/2905 2431/2904 2667/3133 2679/3114
f 2431/2915 2435/2914 2668/3131 2667/3132
f 2435/2914 2439/2923 2669/3130 2668/3131
f 2439/2923 2443/2928 2670/3129 2669/3130
f 2443/2928 2447/2933 2671/3128 2670/3129
f 2447/2933 2451/2938 2672/3127 2671/3128
f 2451/2938 2455/2943 2673/3126 2672/3127
f 2455/2943 2459/2948 2674/3125 2673/3126
f 2459/2948 2463/2953 2675/3124 2674/3125
f 2463/2953 2467/2958 2676/3123 2675/3124
f 2467/2958 2471/2963 2677/2975 2676/3123
f 2725/2981 2475/2980 2678/3122 2738/3121
f 2635/3075 2485/2905 2679/3114 2683/3113
f 2633/3080 2684/3111 2651/3112 2481/2820
f 2371/3082 2653/3109 2652/3110 2493/3083
f 2427/3094 2495/3093 2680/3108 2666/3107
f 2631/3116 2682/2989 2666/2992 2511/3117
f 2522/2964 2677/2975 2650/2977 2524/3119
f 2508/2882 2510/3135 2649/2893 2664/2892
f 2560/3151 2644/3164 2720/3071 2712/3100
f 2559/3155 2716/3090 2719/3076 2643/3158
f 2562/3313 2717/3224 2718/3165 2598/2993
f 2370/3312 2685/3221 2717/3224 2562/3313
f 2414/2880 2422/2899 2713/3198 2696/2883
f 2470/2962 2709/2966 2714/3171 2478/2982
f 2598/2993 2718/3165 2698/3166 2426/2994
f 2543/3152 2560/3151 2712/3100 2698/3099
f 2529/3154 2685/3089 2716/3090 2559/3155
f 2643/3158 2719/3076 2715/2827 2558/3159
f 2644/3164 2557/3163 2711/2910 2720/3071
f 2731/3170 2555/3169 2710/2984 2739/2983
f 2553/3173 2554/2967 2709/2966 2708/2961
f 2552/3175 2553/3173 2708/2961 2707/2956
f 2551/3177 2552/3175 2707/2956 2706/2951
f 2550/3179 2551/3177 2706/2951 2705/2946
f 2549/3181 2550/3179 2705/2946 2704/2941
f 2548/3183 2549/3181 2704/2941 2703/2936
f 2547/3185 2548/3183 2703/2936 2702/2931
f 2546/3187 2547/3185 2702/2931 2701/2926
f 2545/3189 2546/3187 2701/2926 2700/2921
f 2544/3191 2545/3189 2700/2921 2699/2920
f 2557/3163 2544/3193 2699/2911 2711/2910
f 2732/3195 2740/2900 2697/2901 2541/3196
f 2539/3200 2695/2878 2696/2883 2540/2884
f 2538/3202 2694/2873 2695/2878 2539/3200
f 2537/3204 2693/2868 2694/2873 2538/3202
f 2536/3206 2692/2863 2693/2868 2537/3204
f 2535/3208 2691/2858 2692/2863 2536/3206
f 2534/3210 2690/2853 2691/2858 2535/3208
f 2533/3212 2689/2848 2690/2853 2534/3210
f 2532/3214 2688/2843 2689/2848 2533/3212
f 2531/3216 2687/2838 2688/2843 2532/3214
f 2530/3218 2686/2837 2687/2838 2531/3216
f 2558/3159 2715/2827 2686/2828 2530/3219
f 2542/2885 2713/3198 2740/2900 2732/3195
f 2556/2970 2731/3170 2739/2983 2714/3171
f 2477/2976 2725/2981 2738/3121 2650/2977
f 2421/2894 2649/2893 2737/3136 2721/2896
f 2588/3255 2734/3262 2736/3051 2624/3058
f 2590/3259 2733/3248 2735/3061 2626/3055
f 2420/3254 2722/3261 2734/3262 2588/3255
f 2424/3258 2724/3245 2733/3248 2590/3259
f 2424/2886 2542/2885 2732/3195 2724/3194
f 2480/2969 2728/3167 2731/3170 2556/2970
f 2649/2893 2510/3135 2730/2888 2737/3136
f 2650/2977 2738/3121 2729/2971 2524/3119
f 2626/3055 2735/3061 2728/3064 2480/3056
f 2624/3058 2736/3051 2726/3054 2476/3059
f 2714/3171 2739/2983 2727/2978 2478/2982
f 2478/2982 2727/2978 2725/2981 2477/2976
f 2524/3119 2729/2971 2726/2974 2479/3120
f 2713/3198 2422/2899 2723/2895 2740/2900
f 2422/2899 2421/2894 2721/2896 2723/2895
f 2510/3135 2423/3134 2722/2889 2730/2888
f 2474/2979 2710/2984 2760/3319 2745/3320
f 2418/2898 2741/3321 2759/3322 2697/2901
f 2509/2891 2750/3323 2758/3324 2665/3137
f 2523/2972 2678/3122 2757/3325 2749/3326
f 2587/3247 2754/3327 2756/3328 2623/3062
f 2417/3246 2742/3329 2754/3327 2587/3247
f 2697/2901 2759/3322 2752/3330 2541/3196
f 2710/2984 2555/3169 2751/3331 2760/3319
f 2420/2890 2744/3332 2750/3323 2509/2891
f 2476/2973 2523/2972 2749/3326 2748/3333
f 2623/3062 2756/3328 2746/3334 2473/3063
f 2555/3169 2473/3168 2746/3335 2751/3331
f 2678/3122 2475/2980 2747/3336 2757/3325
f 2475/2980 2474/2979 2745/3320 2747/3336
f 2541/3196 2752/3330 2742/3337 2417/3197
f 2665/3137 2758/3324 2743/3338 2419/2897
f 2419/2897 2743/3338 2741/3321 2418/2898
f 2898/3339 2897/3340 2767/3341 2766/3342
f 2948/3343 2899/3344 2768/3345 2914/3346
f 3167/3347 2898/3339 2766/3342 3132/3348
f 2766/3349 2767/3350 2771/3351 2770/3352
f 2914/3353 2768/3354 2772/3355 2915/3356
f 3132/3357 2766/3349 2770/3352 3133/3358
f 2770/3352 2771/3351 2775/3359 2774/3360
f 2915/3356 2772/3355 2776/3361 2916/3362
f 3133/3358 2770/3352 2774/3360 3134/3363
f 2774/3360 2775/3359 2779/3364 2778/3365
f 2916/3362 2776/3361 2780/3366 2917/3367
f 3134/3363 2774/3360 2778/3365 3135/3368
f 2778/3365 2779/3364 2783/3369 2782/3370
f 2917/3367 2780/3366 2784/3371 2918/3372
f 3135/3368 2778/3365 2782/3370 3136/3373
f 2782/3370 2783/3369 2787/3374 2786/3375
f 2918/3372 2784/3371 2788/3376 2919/3377
f 3136/3373 2782/3370 2786/3375 3137/3378
f 2786/3375 2787/3374 2791/3379 2790/3380
f 2919/3377 2788/3376 2792/3381 2920/3382
f 3137/3378 2786/3375 2790/3380 3138/3383
f 2790/3380 2791/3379 2795/3384 2794/3385
f 2920/3382 2792/3381 2796/3386 2921/3387
f 3138/3383 2790/3380 2794/3385 3139/3388
f 2794/3385 2795/3384 2799/3389 2798/3390
f 2921/3387 2796/3386 2800/3391 2922/3392
f 3139/3388 2794/3385 2798/3390 3140/3393
f 2798/3390 2799/3389 2803/3394 2802/3395
f 2922/3392 2800/3391 2804/3396 2923/3397
f 3140/3393 2798/3390 2802/3395 3141/3398
f 2802/3395 2803/3394 2807/3399 2806/3400
f 2923/3397 2804/3396 2808/3401 2924/3402
f 3141/3398 2802/3395 2806/3400 3142/3403
f 2806/3400 2807/3399 2811/3404 2810/3405
f 2924/3402 2808/3401 2812/3406 2925/3407
f 3142/3403 2806/3400 2810/3405 3143/3408
f 2810/3405 2811/3404 2815/3409 2814/3410
f 2925/3407 2812/3406 2816/3411 2926/3412
f 3143/3408 2810/3405 2814/3410 3144/3413
f 2814/3410 2815/3409 2819/3414 2818/3415
f 2926/3412 2816/3411 2820/3416 2927/3417
f 3144/3413 2814/3410 2818/3415 3145/3418
f 2819/3414 2825/3419 2826/3420 2818/3415
f 3107/3421 3089/3422 2825/3419 2819/3414
f 2965/3423 2967/3424 2828/3425 2817/3426
f 3182/3427 3174/3428 2824/3429 2928/3430
f 3175/3431 3173/3432 2823/3433 2822/3434
f 3192/3435 3175/3431 2822/3434 3146/3436
f 2902/3437 2834/3438 2835/3439 2901/3440
f 2947/3441 2931/3442 2836/3443 2903/3444
f 3163/3445 3148/3446 2834/3438 2902/3437
f 2834/3447 2838/3448 2839/3449 2835/3450
f 2931/3451 2932/3452 2840/3453 2836/3454
f 3148/3455 3149/3456 2838/3448 2834/3447
f 2838/3448 2842/3457 2843/3458 2839/3449
f 2932/3452 2933/3459 2844/3460 2840/3453
f 3149/3456 3150/3461 2842/3457 2838/3448
f 2842/3457 2846/3462 2847/3463 2843/3458
f 2933/3459 2934/3464 2848/3465 2844/3460
f 3150/3461 3151/3466 2846/3462 2842/3457
f 2846/3462 2850/3467 2851/3468 2847/3463
f 2934/3464 2935/3469 2852/3470 2848/3465
f 3151/3466 3152/3471 2850/3467 2846/3462
f 2850/3467 2854/3472 2855/3473 2851/3468
f 2935/3469 2936/3474 2856/3475 2852/3470
f 3152/3471 3153/3476 2854/3472 2850/3467
f 2854/3472 2858/3477 2859/3478 2855/3473
f 2936/3474 2937/3479 2860/3480 2856/3475
f 3153/3476 3154/3481 2858/3477 2854/3472
f 2858/3477 2862/3482 2863/3483 2859/3478
f 2937/3479 2938/3484 2864/3485 2860/3480
f 3154/3481 3155/3486 2862/3482 2858/3477
f 2862/3482 2866/3487 2867/3488 2863/3483
f 2938/3484 2939/3489 2868/3490 2864/3485
f 3155/3486 3156/3491 2866/3487 2862/3482
f 2866/3487 2870/3492 2871/3493 2867/3488
f 2939/3489 2940/3494 2872/3495 2868/3490
f 3156/3491 3157/3496 2870/3492 2866/3487
f 2870/3492 2874/3497 2875/3498 2871/3493
f 2940/3494 2941/3499 2876/3500 2872/3495
f 3157/3496 3158/3501 2874/3497 2870/3492
f 2874/3497 2878/3502 2879/3503 2875/3498
f 2941/3499 2942/3504 2880/3505 2876/3500
f 3158/3501 3159/3506 2878/3502 2874/3497
f 2878/3502 2882/3507 2883/3508 2879/3503
f 2942/3504 2943/3509 2884/3510 2880/3505
f 3159/3506 3160/3511 2882/3507 2878/3502
f 2882/3507 2886/3512 2887/3513 2883/3508
f 2943/3509 2944/3514 2888/3515 2884/3510
f 3160/3511 3161/3516 2886/3512 2882/3507
f 2887/3513 2886/3512 2894/3517 2893/3518
f 3123/3519 2887/3513 2893/3518 3090/3520
f 2982/3521 2885/3522 2896/3523 2984/3524
f 3181/3525 2945/3526 2892/3527 3178/3528
f 3179/3529 2890/3530 2891/3531 3177/3532
f 3191/3533 3162/3534 2890/3530 3179/3529
f 3086/3535 3045/3536 2829/3537 2968/3538
f 3130/3539 3047/3540 2831/3541 3109/3542
f 3047/3540 3046/3543 2830/3544 2831/3541
f 3084/3545 3048/3546 2832/3547 2912/3548
f 3081/3549 3049/3550 2833/3551 2904/3552
f 3052/3553 3050/3554 2836/3555 2840/3556
f 3049/3557 3051/3558 2837/3559 2833/3560
f 3054/3561 3052/3553 2840/3556 2844/3562
f 3051/3558 3053/3563 2841/3564 2837/3559
f 3056/3565 3054/3561 2844/3562 2848/3566
f 3053/3563 3055/3567 2845/3568 2841/3564
f 3058/3569 3056/3565 2848/3566 2852/3570
f 3055/3567 3057/3571 2849/3572 2845/3568
f 3060/3573 3058/3569 2852/3570 2856/3574
f 3057/3571 3059/3575 2853/3576 2849/3572
f 3062/3577 3060/3573 2856/3574 2860/3578
f 3059/3575 3061/3579 2857/3580 2853/3576
f 3064/3581 3062/3582 2860/3583 2864/3584
f 3061/3585 3063/3586 2861/3587 2857/3588
f 3066/3589 3064/3581 2864/3584 2868/3590
f 3063/3586 3065/3591 2865/3592 2861/3587
f 3068/3593 3066/3589 2868/3590 2872/3594
f 3065/3591 3067/3595 2869/3596 2865/3592
f 3070/3597 3068/3593 2872/3594 2876/3598
f 3067/3595 3069/3599 2873/3600 2869/3596
f 3072/3601 3070/3597 2876/3598 2880/3602
f 3069/3599 3071/3603 2877/3604 2873/3600
f 3074/3605 3072/3601 2880/3602 2884/3606
f 3071/3603 3073/3607 2881/3608 2877/3604
f 3076/3609 3074/3605 2884/3606 2888/3610
f 3073/3607 3075/3611 2885/3612 2881/3608
f 3188/3613 3079/3614 2895/3615 3178/3616
f 3075/3617 3080/3618 2896/3619 2885/3620
f 3079/3614 3076/3621 2888/3622 2895/3615
f 3187/3623 3077/3624 2889/3625 3180/3626
f 3088/3627 3081/3549 2904/3552 2996/3628
f 3050/3629 3082/3630 2903/3631 2836/3632
f 3170/3633 3163/3445 2902/3437 2995/3634
f 2998/3635 2947/3441 2903/3444 2992/3636
f 2995/3634 2902/3437 2901/3440 2991/3637
f 3169/3638 2993/3639 2898/3339 3167/3347
f 2997/3640 2990/3641 2899/3344 2948/3343
f 2993/3639 2989/3642 2897/3340 2898/3339
f 2762/3643 2763/3644 2909/3645 2905/3646
f 2913/3647 2764/3648 2910/3649 2949/3650
f 3131/3651 2762/3643 2905/3646 3168/3652
f 2830/3653 2907/3654 2911/3655 2831/3656
f 2930/3657 2950/3658 2912/3659 2832/3660
f 3147/3661 3164/3662 2907/3654 2830/3653
f 3045/3663 3083/3664 2908/3665 2829/3666
f 3087/3667 3084/3545 2912/3548 2992/3668
f 3109/3669 3126/3670 2950/3658 2930/3657
f 3093/3671 2913/3647 2949/3650 3092/3672
f 3128/3673 2997/3640 2948/3343 3091/3674
f 3127/3675 3125/3676 2947/3441 2998/3635
f 3048/3677 3085/3678 2930/3679 2832/3680
f 3190/3681 3124/3682 2945/3526 3181/3525
f 2888/3515 2944/3514 2946/3683 2895/3684
f 3122/3685 3123/3519 2944/3514 2943/3509
f 3121/3686 3122/3685 2943/3509 2942/3504
f 3120/3687 3121/3686 2942/3504 2941/3499
f 3119/3688 3120/3687 2941/3499 2940/3494
f 3118/3689 3119/3688 2940/3494 2939/3489
f 3117/3690 3118/3689 2939/3489 2938/3484
f 3116/3691 3117/3690 2938/3484 2937/3479
f 3115/3692 3116/3691 2937/3479 2936/3474
f 3114/3693 3115/3692 2936/3474 2935/3469
f 3113/3694 3114/3693 2935/3469 2934/3464
f 3112/3695 3113/3694 2934/3464 2933/3459
f 3111/3696 3112/3695 2933/3459 2932/3452
f 3110/3697 3111/3696 2932/3452 2931/3451
f 3125/3676 3110/3698 2931/3442 2947/3441
f 3189/3699 3182/3427 2928/3430 3108/3700
f 2820/3416 2827/3701 2929/3702 2927/3417
f 3106/3703 2926/3412 2927/3417 3107/3421
f 3105/3704 2925/3407 2926/3412 3106/3703
f 3104/3705 2924/3402 2925/3407 3105/3704
f 3103/3706 2923/3397 2924/3402 3104/3705
f 3102/3707 2922/3392 2923/3397 3103/3706
f 3101/3708 2921/3387 2922/3392 3102/3707
f 3100/3709 2920/3382 2921/3387 3101/3708
f 3099/3710 2919/3377 2920/3382 3100/3709
f 3098/3711 2918/3372 2919/3377 3099/3710
f 3097/3712 2917/3367 2918/3372 3098/3711
f 3096/3713 2916/3362 2917/3367 3097/3712
f 3095/3714 2915/3356 2916/3362 3096/3713
f 3094/3715 2914/3353 2915/3356 3095/3714
f 3091/3674 2948/3343 2914/3346 3094/3716
f 2829/3717 2908/3718 2988/3719 2968/3720
f 2761/3721 2951/3722 2987/3723 2906/3724
f 2994/3725 2999/3726 2986/3727 2900/3728
f 2996/3729 2904/3730 2985/3731 3000/3732
f 3172/3733 3086/3535 2968/3538 3147/3734
f 3180/3735 2889/3736 2983/3737 3183/3738
f 3161/3516 2982/3521 2984/3524 3166/3739
f 2881/3740 2885/3522 2982/3521 2981/3741
f 2877/3742 2881/3740 2981/3741 2980/3743
f 2873/3744 2877/3742 2980/3743 2979/3745
f 2869/3746 2873/3744 2979/3745 2978/3747
f 2865/3748 2869/3746 2978/3747 2977/3749
f 2861/3750 2865/3748 2977/3749 2976/3751
f 2857/3752 2861/3750 2976/3751 2975/3753
f 2853/3754 2857/3752 2975/3753 2974/3755
f 2849/3756 2853/3754 2974/3755 2973/3757
f 2845/3758 2849/3756 2973/3757 2972/3759
f 2841/3760 2845/3758 2972/3759 2971/3761
f 2837/3762 2841/3760 2971/3761 2970/3763
f 2833/3764 2837/3762 2970/3763 2969/3765
f 2904/3730 2833/3766 2969/3767 2985/3731
f 3176/3768 3184/3769 2966/3770 2821/3771
f 3145/3418 3165/3772 2967/3424 2965/3423
f 2813/3773 2964/3774 2965/3423 2817/3426
f 2809/3775 2963/3776 2964/3774 2813/3773
f 2805/3777 2962/3778 2963/3776 2809/3775
f 2801/3779 2961/3780 2962/3778 2805/3777
f 2797/3781 2960/3782 2961/3780 2801/3779
f 2793/3783 2959/3784 2960/3782 2797/3781
f 2789/3785 2958/3786 2959/3784 2793/3783
f 2785/3787 2957/3788 2958/3786 2789/3785
f 2781/3789 2956/3790 2957/3788 2785/3787
f 2777/3791 2955/3792 2956/3790 2781/3789
f 2773/3793 2954/3794 2955/3792 2777/3791
f 2769/3795 2953/3796 2954/3794 2773/3793
f 2765/3797 2952/3798 2953/3796 2769/3795
f 2900/3728 2986/3727 2952/3799 2765/3800
f 2908/3718 2996/3729 3000/3732 2988/3719
f 2906/3724 2987/3723 2999/3726 2994/3725
f 3126/3670 3127/3675 2998/3635 2950/3658
f 3092/3672 2949/3650 2997/3640 3128/3673
f 3082/3630 3087/3667 2992/3668 2903/3631
f 2905/3646 2909/3645 2989/3642 2993/3639
f 2949/3650 2910/3649 2990/3641 2997/3640
f 3168/3652 2905/3646 2993/3639 3169/3638
f 2907/3654 2995/3634 2991/3637 2911/3655
f 2950/3658 2998/3635 2992/3636 2912/3659
f 3164/3662 3170/3633 2995/3634 2907/3654
f 3083/3664 3088/3627 2996/3628 2908/3665
f 2906/3801 2994/3802 3044/3803 3039/3804
f 2899/3805 2990/3806 3043/3807 3038/3808
f 3131/3809 2951/3810 3042/3811 3171/3812
f 2764/3813 2913/3814 3041/3815 3004/3816
f 2990/3806 2910/3817 3040/3818 3043/3807
f 2761/3819 2906/3801 3039/3804 3001/3820
f 2768/3821 2899/3805 3038/3808 3006/3822
f 2994/3802 2900/3823 3037/3824 3044/3803
f 3176/3825 2821/3826 3033/3827 3185/3828
f 2827/3829 2820/3830 3032/3831 3035/3832
f 2817/3833 2828/3834 3036/3835 3031/3836
f 3174/3837 2827/3829 3035/3832 3186/3838
f 2813/3839 2817/3840 3031/3841 3029/3842
f 2820/3843 2816/3844 3030/3845 3032/3846
f 2809/3847 2813/3839 3029/3842 3027/3848
f 2816/3844 2812/3849 3028/3850 3030/3845
f 2805/3851 2809/3847 3027/3848 3025/3852
f 2812/3849 2808/3853 3026/3854 3028/3850
f 2801/3855 2805/3851 3025/3852 3023/3856
f 2808/3853 2804/3857 3024/3858 3026/3854
f 2797/3859 2801/3855 3023/3856 3021/3860
f 2804/3857 2800/3861 3022/3862 3024/3858
f 2793/3863 2797/3859 3021/3860 3019/3864
f 2800/3861 2796/3865 3020/3866 3022/3862
f 2789/3867 2793/3863 3019/3864 3017/3868
f 2796/3865 2792/3869 3018/3870 3020/3866
f 2785/3871 2789/3872 3017/3873 3015/3874
f 2792/3875 2788/3876 3016/3877 3018/3878
f 2781/3879 2785/3871 3015/3874 3013/3880
f 2788/3876 2784/3881 3014/3882 3016/3877
f 2777/3883 2781/3879 3013/3880 3011/3884
f 2784/3881 2780/3885 3012/3886 3014/3882
f 2773/3887 2777/3883 3011/3884 3009/3888
f 2780/3885 2776/3889 3010/3890 3012/3886
f 2769/3891 2773/3887 3009/3888 3007/3892
f 2776/3889 2772/3893 3008/3894 3010/3890
f 2765/3895 2769/3891 3007/3892 3005/3896
f 2772/3893 2768/3897 3006/3898 3008/3894
f 2900/3823 2765/3899 3005/3900 3037/3824
f 2910/3817 2764/3901 3004/3902 3040/3818
f 2763/3903 2762/3904 3002/3905 3003/3906
f 3093/3907 2763/3903 3003/3906 3129/3908
f 2951/3810 2761/3909 3001/3910 3042/3811
f 3039/3804 3044/3803 3088/3627 3083/3664
f 3038/3808 3043/3807 3087/3667 3082/3630
f 3171/3812 3042/3811 3086/3535 3172/3733
f 3004/3816 3041/3815 3085/3678 3048/3677
f 3043/3807 3040/3818 3084/3545 3087/3667
f 3001/3820 3039/3804 3083/3664 3045/3663
f 3006/3822 3038/3808 3082/3630 3050/3629
f 3044/3803 3037/3824 3081/3549 3088/3627
f 3185/3828 3033/3827 3077/3624 3187/3623
f 3035/3832 3032/3831 3076/3621 3079/3614
f 3031/3836 3036/3835 3080/3618 3075/3617
f 3186/3838 3035/3832 3079/3614 3188/3613
f 3029/3842 3031/3841 3075/3611 3073/3607
f 3032/3846 3030/3845 3074/3605 3076/3609
f 3027/3848 3029/3842 3073/3607 3071/3603
f 3030/3845 3028/3850 3072/3601 3074/3605
f 3025/3852 3027/3848 3071/3603 3069/3599
f 3028/3850 3026/3854 3070/3597 3072/3601
f 3023/3856 3025/3852 3069/3599 3067/3595
f 3026/3854 3024/3858 3068/3593 3070/3597
f 3021/3860 3023/3856 3067/3595 3065/3591
f 3024/3858 3022/3862 3066/3589 3068/3593
f 3019/3864 3021/3860 3065/3591 3063/3586
f 3022/3862 3020/3866 3064/3581 3066/3589
f 3017/3868 3019/3864 3063/3586 3061/3585
f 3020/3866 3018/3870 3062/3582 3064/3581
f 3015/3874 3017/3873 3061/3579 3059/3575
f 3018/3878 3016/3877 3060/3573 3062/3577
f 3013/3880 3015/3874 3059/3575 3057/3571
f 3016/3877 3014/3882 3058/3569 3060/3573
f 3011/3884 3013/3880 3057/3571 3055/3567
f 3014/3882 3012/3886 3056/3565 3058/3569
f 3009/3888 3011/3884 3055/3567 3053/3563
f 3012/3886 3010/3890 3054/3561 3056/3565
f 3007/3892 3009/3888 3053/3563 3051/3558
f 3010/3890 3008/3894 3052/3553 3054/3561
f 3005/3896 3007/3892 3051/3558 3049/3557
f 3008/3894 3006/3898 3050/3554 3052/3553
f 3037/3824 3005/3900 3049/3550 3081/3549
f 3040/3818 3004/3902 3048/3546 3084/3545
f 3003/3906 3002/3905 3046/3543 3047/3540
f 3129/3908 3003/3906 3047/3540 3130/3539
f 3042/3811 3001/3910 3045/3536 3086/3535
f 3041/3815 3129/3908 3130/3539 3085/3678
f 2913/3814 3093/3907 3129/3908 3041/3815
f 2909/3645 3092/3672 3128/3673 2989/3642
f 2911/3655 2991/3637 3127/3675 3126/3670
f 2897/3340 3091/3674 3094/3716 2767/3341
f 2767/3350 3094/3715 3095/3714 2771/3351
f 2771/3351 3095/3714 3096/3713 2775/3359
f 2775/3359 3096/3713 3097/3712 2779/3364
f 2779/3364 3097/3712 3098/3711 2783/3369
f 2783/3369 3098/3711 3099/3710 2787/3374
f 2787/3374 3099/3710 3100/3709 2791/3379
f 2791/3379 3100/3709 3101/3708 2795/3384
f 2795/3384 3101/3708 3102/3707 2799/3389
f 2799/3389 3102/3707 3103/3706 2803/3394
f 2803/3394 3103/3706 3104/3705 2807/3399
f 2807/3399 3104/3705 3105/3704 2811/3404
f 2811/3404 3105/3704 3106/3703 2815/3409
f 2815/3409 3106/3703 3107/3421 2819/3414
f 3173/3432 3189/3699 3108/3700 2823/3433
f 2901/3440 2835/3439 3110/3698 3125/3676
f 2835/3450 2839/3449 3111/3696 3110/3697
f 2839/3449 2843/3458 3112/3695 3111/3696
f 2843/3458 2847/3463 3113/3694 3112/3695
f 2847/3463 2851/3468 3114/3693 3113/3694
f 2851/3468 2855/3473 3115/3692 3114/3693
f 2855/3473 2859/3478 3116/3691 3115/3692
f 2859/3478 2863/3483 3117/3690 3116/3691
f 2863/3483 2867/3488 3118/3689 3117/3690
f 2867/3488 2871/3493 3119/3688 3118/3689
f 2871/3493 2875/3498 3120/3687 3119/3688
f 2875/3498 2879/3503 3121/3686 3120/3687
f 2879/3503 2883/3508 3122/3685 3121/3686
f 2883/3508 2887/3513 3123/3519 3122/3685
f 3177/3532 2891/3531 3124/3682 3190/3681
f 2991/3637 2901/3440 3125/3676 3127/3675
f 2989/3642 3128/3673 3091/3674 2897/3340
f 2763/3644 3093/3671 3092/3672 2909/3645
f 2831/3656 2911/3655 3126/3670 3109/3669
f 3085/3678 3130/3539 3109/3542 2930/3679
f 2944/3514 3123/3519 3090/3520 2946/3683
f 2927/3417 2929/3702 3089/3422 3107/3421
f 3002/3905 3171/3812 3172/3733 3046/3543
f 2762/3904 3131/3809 3171/3812 3002/3905
f 2988/3719 3000/3732 3170/3633 3164/3662
f 2987/3723 3168/3652 3169/3638 2999/3726
f 2818/3415 2826/3420 3165/3772 3145/3418
f 2886/3512 3161/3516 3166/3739 2894/3517
f 3046/3543 3172/3733 3147/3734 2830/3544
f 2968/3720 2988/3719 3164/3662 3147/3661
f 2951/3722 3131/3651 3168/3652 2987/3723
f 2999/3726 3169/3638 3167/3347 2986/3727
f 3000/3732 2985/3731 3163/3445 3170/3633
f 3183/3738 2983/3737 3162/3534 3191/3533
f 2981/3741 2982/3521 3161/3516 3160/3511
f 2980/3743 2981/3741 3160/3511 3159/3506
f 2979/3745 2980/3743 3159/3506 3158/3501
f 2978/3747 2979/3745 3158/3501 3157/3496
f 2977/3749 2978/3747 3157/3496 3156/3491
f 2976/3751 2977/3749 3156/3491 3155/3486
f 2975/3753 2976/3751 3155/3486 3154/3481
f 2974/3755 2975/3753 3154/3481 3153/3476
f 2973/3757 2974/3755 3153/3476 3152/3471
f 2972/3759 2973/3757 3152/3471 3151/3466
f 2971/3761 2972/3759 3151/3466 3150/3461
f 2970/3763 2971/3761 3150/3461 3149/3456
f 2969/3765 2970/3763 3149/3456 3148/3455
f 2985/3731 2969/3767 3148/3446 3163/3445
f 3184/3769 3192/3435 3146/3436 2966/3770
f 2964/3774 3144/3413 3145/3418 2965/3423
f 2963/3776 3143/3408 3144/3413 2964/3774
f 2962/3778 3142/3403 3143/3408 2963/3776
f 2961/3780 3141/3398 3142/3403 2962/3778
f 2960/3782 3140/3393 3141/3398 2961/3780
f 2959/3784 3139/3388 3140/3393 2960/3782
f 2958/3786 3138/3383 3139/3388 2959/3784
f 2957/3788 3137/3378 3138/3383 2958/3786
f 2956/3790 3136/3373 3137/3378 2957/3788
f 2955/3792 3135/3368 3136/3373 2956/3790
f 2954/3794 3134/3363 3135/3368 2955/3792
f 2953/3796 3133/3358 3134/3363 2954/3794
f 2952/3798 3132/3357 3133/3358 2953/3796
f 2986/3727 3167/3347 3132/3348 2952/3799
f 2967/3424 3165/3772 3192/3435 3184/3769
f 2984/3524 3183/3738 3191/3533 3166/3739
f 2893/3518 3177/3532 3190/3681 3090/3520
f 2825/3419 3089/3422 3189/3699 3173/3432
f 3034/3911 3186/3838 3188/3613 3078/3912
f 3036/3835 3185/3828 3187/3623 3080/3618
f 2824/3913 3174/3837 3186/3838 3034/3911
f 2828/3834 3176/3825 3185/3828 3036/3835
f 2828/3425 2967/3424 3184/3769 3176/3768
f 2896/3523 3180/3735 3183/3738 2984/3524
f 3089/3422 2929/3702 3182/3427 3189/3699
f 3090/3520 3190/3681 3181/3525 2946/3683
f 3080/3618 3187/3623 3180/3626 2896/3619
f 3078/3912 3188/3613 3178/3616 2892/3914
f 3166/3739 3191/3533 3179/3529 2894/3517
f 2894/3517 3179/3529 3177/3532 2893/3518
f 2946/3683 3181/3525 3178/3528 2895/3684
f 3165/3772 2826/3420 3175/3431 3192/3435
f 2826/3420 2825/3419 3173/3432 3175/3431
f 2929/3702 2827/3701 3174/3428 3182/3427
f 3318/3915 3317/3916 3207/3917 3197/3918
f 3320/3919 3319/3920 3203/3921 3193/3922
f 3322/3923 3321/3924 3195/3925 3194/3926
f 3319/3920 3323/3927 3211/3928 3203/3921
f 3325/3929 3324/3930 3200/3931 3208/3932
f 3327/3933 3326/3934 3210/3935 3202/3936
f 3329/3937 3328/3938 3204/3939 3212/3940
f 3328/3938 3318/3941 3197/3942 3204/3939
f 3330/3943 3329/3937 3212/3940 3198/3944
f 3321/3924 3331/3945 3209/3946 3195/3925
f 3317/3916 3332/3947 3205/3948 3207/3917
f 3324/3949 3327/3933 3202/3936 3200/3950
f 3333/3951 3325/3929 3208/3932 3206/3952
f 3334/3953 3330/3943 3198/3944 3199/3954
f 3326/3934 3334/3953 3199/3954 3210/3935
f 3332/3947 3320/3955 3193/3956 3205/3948
f 3323/3927 3322/3923 3194/3926 3211/3928
f 3335/3957 3333/3951 3206/3952 3196/3958
f 3331/3945 3336/3959 3201/3960 3209/3946
f 3336/3959 3335/3961 3196/3962 3201/3960
f 2752/3330 2759/3322 3231/3963 3224/3964
f 2759/3322 2741/3321 3213/3965 3231/3963
f 2747/3336 2745/3320 3217/3966 3219/3967
f 2760/3319 2751/3331 3223/3968 3232/3969
f 2758/3324 2750/3323 3222/3970 3230/3971
f 2742/3337 2752/3330 3224/3964 3214/3972
f 2750/3323 2744/3332 3216/3973 3222/3970
f 2749/3326 2757/3325 3229/3974 3221/3975
f 2743/3338 2758/3324 3230/3971 3215/3976
f 2748/3333 2749/3326 3221/3975 3220/3977
f 2756/3978 2754/3979 3226/3980 3228/3981
f 2741/3321 2743/3338 3215/3976 3213/3965
f 2755/3982 2748/3983 3220/3984 3227/3985
f 2753/3986 2755/3982 3227/3985 3225/3987
f 2746/3988 2756/3978 3228/3981 3218/3989
f 2754/3979 2742/3990 3214/3991 3226/3980
f 2751/3331 2746/3335 3218/3992 3223/3968
f 2744/3993 2753/3986 3225/3987 3216/3994
f 2745/3320 2760/3319 3232/3969 3217/3966
f 2757/3325 2747/3336 3219/3967 3229/3974
f 3266/3995 3265/3996 3240/3997 3247/3998
f 3267/3999 3266/3995 3247/3998 3245/4000
f 3269/4001 3268/4002 3248/4003 3238/4004
f 3271/4005 3270/4006 3234/4007 3246/4008
f 3272/4009 3269/4010 3238/4011 3243/4012
f 3273/4013 3267/3999 3245/4000 3236/4014
f 3275/4015 3274/4016 3252/4017 3237/4018
f 3277/4019 3276/4020 3239/4021 3249/4022
f 3279/4023 3278/4024 3251/4025 3244/4026
f 3278/4024 3280/4027 3233/4028 3251/4025
f 3276/4020 3275/4015 3237/4018 3239/4021
f 3274/4016 3272/4009 3243/4012 3252/4017
f 3282/4029 3281/4030 3242/4031 3250/4032
f 3270/4033 3279/4023 3244/4026 3234/4034
f 3281/4030 3273/4035 3236/4036 3242/4031
f 3283/4037 3277/4019 3249/4022 3241/4038
f 3284/4039 3282/4029 3250/4032 3235/4040
f 3265/4041 3283/4037 3241/4038 3240/4042
f 3268/4002 3271/4005 3246/4008 3248/4003
f 3280/4027 3284/4039 3235/4040 3233/4028
f 3254/4043 3242/4044 3236/4045 3245/4046
f 3255/4047 3235/4048 3250/4049 3253/4050
f 3253/4050 3250/4049 3242/4044 3254/4043
f 3256/4051 3233/4052 3235/4048 3255/4047
f 3258/4053 3246/4054 3234/4055 3244/4056
f 3256/4051 3257/4057 3251/4058 3233/4052
f 3257/4057 3258/4053 3244/4056 3251/4058
f 3263/4059 3264/4060 3258/4053 3257/4057
f 3262/4061 3263/4059 3257/4057 3256/4051
f 3262/4061 3256/4051 3255/4047 3261/4062
f 3259/4063 3253/4050 3254/4043 3260/4064
f 3261/4062 3255/4047 3253/4050 3259/4063
f 3264/4060 3248/4065 3246/4054 3258/4053
f 3239/4066 3261/4062 3259/4063 3249/4067
f 3249/4067 3259/4063 3260/4064 3241/4068
f 3237/4069 3262/4061 3261/4062 3239/4066
f 3237/4069 3252/4070 3263/4059 3262/4061
f 3252/4070 3243/4071 3264/4060 3263/4059
f 3243/4071 3238/4072 3248/4065 3264/4060
f 3241/4068 3260/4064 3247/4073 3240/4074
f 3260/4064 3254/4043 3245/4046 3247/4073
f 3303/4075 3296/4076 3284/4039 3280/4027
f 3298/4077 3288/4078 3271/4005 3268/4002
f 3297/4079 3295/4080 3283/4037 3265/4041
f 3296/4076 3294/4081 3282/4029 3284/4039
f 3295/4080 3292/4082 3277/4019 3283/4037
f 3304/4083 3290/4084 3273/4035 3281/4030
f 3299/4085 3293/4086 3279/4023 3270/4033
f 3294/4081 3304/4083 3281/4030 3282/4029
f 3300/4087 3289/4088 3272/4009 3274/4016
f 3301/4089 3291/4090 3275/4015 3276/4020
f 3302/4091 3303/4075 3280/4027 3278/4024
f 3293/4086 3302/4091 3278/4024 3279/4023
f 3292/4082 3301/4089 3276/4020 3277/4019
f 3291/4090 3300/4087 3274/4016 3275/4015
f 3290/4092 3286/4093 3267/3999 3273/4013
f 3289/4088 3287/4094 3269/4010 3272/4009
f 3288/4078 3299/4095 3270/4006 3271/4005
f 3287/4096 3298/4077 3268/4002 3269/4001
f 3286/4093 3285/4097 3266/3995 3267/3999
f 3285/4097 3297/4098 3265/3996 3266/3995
f 3227/4099 3220/4100 3297/4098 3285/4097
f 3225/4101 3227/4099 3285/4097 3286/4093
f 3218/4102 3228/4103 3298/4077 3287/4096
f 3226/4104 3214/4105 3299/4095 3288/4078
f 3223/3968 3218/3992 3287/4094 3289/4088
f 3216/4106 3225/4101 3286/4093 3290/4092
f 3217/3966 3232/3969 3300/4087 3291/4090
f 3229/3974 3219/3967 3301/4089 3292/4082
f 3224/3964 3231/3963 3302/4091 3293/4086
f 3231/3963 3213/3965 3303/4075 3302/4091
f 3219/3967 3217/3966 3291/4090 3301/4089
f 3232/3969 3223/3968 3289/4088 3300/4087
f 3230/3971 3222/3970 3304/4083 3294/4081
f 3214/3972 3224/3964 3293/4086 3299/4085
f 3222/3970 3216/3973 3290/4084 3304/4083
f 3221/3975 3229/3974 3292/4082 3295/4080
f 3215/3976 3230/3971 3294/4081 3296/4076
f 3220/3977 3221/3975 3295/4080 3297/4079
f 3228/4103 3226/4104 3288/4078 3298/4077
f 3213/3965 3215/3976 3296/4076 3303/4075
f 3310/4107 3201/4108 3196/4109 3206/4110
f 3312/4111 3311/4112 3210/4113 3199/4114
f 3313/4115 3312/4111 3199/4114 3198/4116
f 3314/4117 3313/4115 3198/4116 3212/4118
f 3315/4119 3314/4117 3212/4118 3204/4120
f 3207/4121 3315/4119 3204/4120 3197/4122
f 3305/4123 3209/4124 3201/4108 3310/4107
f 3311/4112 3305/4123 3310/4107 3316/4125
f 3203/4126 3211/4127 3308/4128 3309/4129
f 3211/4127 3194/4130 3307/4131 3308/4128
f 3194/4130 3195/4132 3306/4133 3307/4131
f 3195/4132 3209/4124 3305/4123 3306/4133
f 3210/4113 3311/4112 3316/4125 3202/4134
f 3309/4129 3308/4128 3314/4117 3315/4119
f 3308/4128 3307/4131 3313/4115 3314/4117
f 3307/4131 3306/4133 3312/4111 3313/4115
f 3306/4133 3305/4123 3311/4112 3312/4111
f 3202/4134 3316/4125 3208/4135 3200/4136
f 3316/4125 3310/4107 3206/4110 3208/4135
f 3193/4137 3203/4126 3309/4129 3205/4138
f 3205/4138 3309/4129 3315/4119 3207/4121
f 3356/4139 3346/4140 3335/3961 3336/3959
f 3354/4141 3356/4139 3336/3959 3331/3945
f 3346/4142 3344/4143 3333/3951 3335/3957
f 3350/4144 3339/4145 3322/3923 3323/3927
f 3355/4146 3338/4147 3320/3955 3332/3947
f 3352/4148 3345/4149 3334/3953 3326/3934
f 3345/4149 3343/4150 3330/3943 3334/3953
f 3344/4143 3340/4151 3325/3929 3333/3951
f 3351/4152 3341/4153 3327/3933 3324/3949
f 3347/4154 3355/4146 3332/3947 3317/3916
f 3349/4155 3354/4141 3331/3945 3321/3924
f 3343/4150 3342/4156 3329/3937 3330/3943
f 3353/4157 3337/4158 3318/3941 3328/3938
f 3342/4156 3353/4157 3328/3938 3329/3937
f 3341/4153 3352/4148 3326/3934 3327/3933
f 3340/4151 3351/4159 3324/3930 3325/3929
f 3348/4160 3350/4144 3323/3927 3319/3920
f 3339/4145 3349/4155 3321/3924 3322/3923
f 3338/4161 3348/4160 3319/3920 3320/3919
f 3337/4162 3347/4154 3317/3916 3318/3915
f 2889/3625 3077/3624 3347/4154 3337/4162
f 2821/3771 2966/3770 3348/4160 3338/4161
f 2822/3434 2823/3433 3349/4155 3339/4145
f 2966/3770 3146/3436 3350/4144 3348/4160
f 3078/3912 2892/3914 3351/4159 3340/4151
f 2945/3526 3124/3682 3352/4148 3341/4153
f 3162/3534 2983/3737 3353/4157 3342/4156
f 2983/3737 2889/3736 3337/4158 3353/4157
f 2890/3530 3162/3534 3342/4156 3343/4150
f 2823/3433 3108/3700 3354/4141 3349/4155
f 3077/3624 3033/3827 3355/4146 3347/4154
f 2892/3527 2945/3526 3341/4153 3351/4152
f 3034/3911 3078/3912 3340/4151 3344/4143
f 2891/3531 2890/3530 3343/4150 3345/4149
f 3124/3682 2891/3531 3345/4149 3352/4148
f 3033/3827 2821/3826 3338/4147 3355/4146
f 3146/3436 2822/3434 3339/4145 3350/4144
f 2824/3913 3034/3911 3344/4143 3346/4142
f 3108/3700 2928/3430 3356/4139 3354/4141
f 2928/3430 2824/3429 3346/4140 3356/4139
f 3672/4163 3559/4164 3563/4165 3674/4166
f 3799/4167 3662/4168 3569/4169 3811/4170
f 3730/4171 3718/4172 3631/4173 3657/4174
f 3989/4175 4082/4176 4092/4177 4021/4178
f 4003/4179 4119/4180 4120/4181 4019/4182
f 3732/4183 3708/4184 3498/4185 3682/4186
f 3655/4187 3663/4188 3566/4189 3510/4190
f 3817/4191 3820/4192 3371/4193 3370/4194
f 3666/4195 3670/4196 3551/4197 3548/4198
f 4002/4199 4090/4200 4117/4201 3994/4202
f 3990/4203 3999/4204 4081/4205 4093/4206
f 3729/4207 3658/4208 3635/4209 3715/4210
f 3854/4211 3840/4212 3433/4213 3669/4214
f 3818/4215 3358/4216 3359/4217 3819/4218
f 3463/4219 3364/4220 3361/4221 3466/4222
f 3465/4223 3461/4224 3366/4225 3362/4226
f 3694/4227 3446/4228 3445/4229 3696/4230
f 3662/4168 3660/4231 3504/4232 3569/4169
f 3826/4233 3557/4234 3358/4216 3818/4215
f 4022/4235 4010/4236 4088/4237 4100/4238
f 3830/4239 3717/4240 3565/4241 3848/4242
f 3689/4243 3690/4244 3443/4245 3447/4246
f 3719/4247 3720/4248 3572/4249 3649/4250
f 3671/4251 3554/4252 3559/4164 3672/4163
f 3547/4253 3357/4254 3360/4255 3542/4256
f 3680/4257 3685/4258 3442/4259 3641/4260
f 3801/4261 3683/4262 3441/4263 3786/4264
f 3856/4265 3829/4266 3533/4267 3692/4268
f 3571/4269 3367/4270 3477/4271 3650/4272
f 3683/4262 3679/4273 3637/4274 3441/4263
f 3853/4275 3817/4191 3370/4194 3532/4276
f 3457/4277 3374/4278 3363/4279 3464/4280
f 3464/4280 3363/4279 3364/4281 3463/4282
f 3847/4283 3832/4284 3361/4221 3479/4285
f 3458/4286 3465/4223 3362/4226 3373/4287
f 3723/4288 3574/4289 3644/4290 3724/4291
f 3789/4292 3459/4293 3368/4294 3775/4295
f 3717/4240 3702/4296 3512/4297 3565/4241
f 3557/4234 3562/4298 3560/4299 3358/4216
f 3720/4248 3721/4300 3646/4301 3572/4249
f 3461/4302 3462/4303 3365/4304 3366/4305
f 3722/4306 3653/4307 3574/4289 3723/4288
f 3724/4291 3644/4290 3583/4308 3725/4309
f 3443/4310 3444/4311 3380/4312 3379/4313
f 3786/4264 3441/4263 3375/4314 3777/4315
f 3450/4316 3447/4246 3383/4317 3378/4318
f 3446/4228 3382/4319 3381/4320 3445/4229
f 3449/4321 3377/4322 3382/4319 3446/4228
f 3586/4323 3376/4324 3460/4325 3647/4326
f 3721/4300 3726/4327 3587/4328 3646/4301
f 3844/4329 3834/4330 3384/4331 3466/4222
f 3447/4246 3443/4245 3379/4332 3383/4317
f 3445/4333 3381/4334 3384/4331 3448/4335
f 3726/4327 3714/4336 3640/4337 3587/4328
f 3727/4338 3719/4247 3649/4250 3590/4339
f 3474/4340 3386/4341 3391/4342 3479/4285
f 3718/4172 3727/4338 3590/4339 3631/4173
f 3728/4343 3592/4344 3653/4307 3722/4306
f 3840/4212 3835/4345 3391/4342 3433/4213
f 3790/4346 3478/4347 3390/4348 3780/4349
f 3481/4350 3480/4351 3392/4352 3393/4353
f 3480/4351 3476/4354 3388/4355 3392/4352
f 3473/4356 3385/4357 3386/4358 3474/4359
f 3482/4360 3394/4361 3385/4357 3473/4356
f 3476/4362 3475/4363 3387/4364 3388/4365
f 3715/4210 3635/4209 3592/4344 3728/4343
f 3438/4366 3435/4367 3404/4368 3414/4369
f 3437/4370 3407/4371 3403/4372 3436/4373
f 3470/4374 3406/4375 3402/4376 3467/4377
f 3469/4378 3468/4379 3401/4380 3413/4381
f 3486/4382 3405/4383 3400/4384 3483/4385
f 3485/4386 3484/4387 3399/4388 3412/4389
f 3601/4390 3626/4391 3415/4392 3395/4393
f 3838/4394 3837/4395 3397/4396 3410/4397
f 3614/4398 3601/4390 3395/4393 3408/4399
f 3596/4400 3396/4401 3416/4402 3619/4403
f 3698/4404 3604/4405 3629/4406 3686/4407
f 3397/4396 3417/4408 3628/4409 3605/4410
f 3398/4411 3598/4412 3623/4413 3418/4414
f 3822/4415 3411/4416 3398/4411 3821/4417
f 4026/4418 3990/4203 4093/4206 4091/4419
f 3674/4420 3563/4421 3556/4422 3669/4214
f 4023/4423 4001/4424 4089/4425 4112/4426
f 3696/4427 3445/4333 3448/4335 3692/4268
f 3550/4428 3544/4429 3357/4254 3547/4253
f 3687/4430 3689/4243 3447/4246 3450/4316
f 4006/4431 4098/4432 4082/4176 3989/4175
f 3523/4433 3517/4434 3372/4435 3369/4436
f 3997/4437 4106/4438 4101/4439 3991/4440
f 4013/4441 4007/4442 4105/4443 4113/4444
f 3996/4445 4104/4446 4109/4447 3992/4448
f 4012/4449 4008/4450 4115/4451 4103/4452
f 4010/4236 4009/4453 4024/4454 4088/4237
f 3994/4202 4117/4201 3894/4455 3993/4456
f 3435/4367 3439/4457 3421/4458 3404/4368
f 3436/4373 3403/4372 3424/4459 3440/4460
f 3467/4377 3402/4376 3423/4461 3471/4462
f 3468/4379 3472/4463 3420/4464 3401/4380
f 3483/4385 3400/4384 3422/4465 3487/4466
f 3484/4387 3488/4467 3419/4468 3399/4388
f 3697/4469 3684/4470 3625/4471 3602/4472
f 3837/4395 3839/4473 3417/4408 3397/4396
f 3410/4397 3397/4396 3605/4410 3616/4474
f 3673/4475 3437/4370 3436/4373 3676/4476
f 3695/4477 3617/4478 3604/4405 3698/4404
f 3676/4476 3436/4373 3440/4460 3664/4479
f 3821/4417 3398/4411 3418/4414 3823/4480
f 3688/4481 3697/4469 3602/4472 3613/4482
f 3607/4483 3409/4484 3396/4401 3596/4400
f 4015/4485 3988/4486 4118/4487 4086/4488
f 3358/4216 3560/4299 3553/4489 3359/4217
f 3411/4416 3611/4490 3598/4412 3398/4411
f 3675/4491 3661/4492 3439/4457 3435/4367
f 3670/4493 3668/4494 3545/4495 3551/4496
f 3701/4497 3716/4498 3568/4499 3505/4500
f 4000/4501 4108/4502 4110/4503 3987/4504
f 3386/4341 3428/4505 3433/4213 3391/4342
f 3650/4272 3477/4271 3389/4506 3589/4507
f 3780/4349 3390/4348 3432/4508 3785/4509
f 3393/4353 3392/4352 3434/4510 3425/4511
f 3392/4352 3388/4355 3430/4512 3434/4510
f 3385/4357 3427/4513 3428/4514 3386/4358
f 3394/4361 3426/4515 3427/4513 3385/4357
f 3388/4365 3387/4364 3429/4516 3430/4517
f 3478/4347 3652/4518 3593/4519 3390/4348
f 3402/4376 3452/4520 3456/4521 3423/4461
f 3401/4380 3420/4464 3455/4522 3451/4523
f 3992/4448 4109/4447 4114/4524 3995/4525
f 4008/4450 4011/4526 4095/4527 4115/4451
f 3406/4375 3453/4528 3452/4520 3402/4376
f 3413/4381 3401/4380 3451/4523 3454/4529
f 3532/4276 3370/4194 3535/4530 3539/4531
f 3693/4532 3449/4321 3446/4228 3694/4227
f 3713/4533 3578/4534 3497/4535 3710/4536
f 3370/4194 3371/4193 3530/4537 3535/4530
f 3665/4538 3666/4195 3548/4198 3541/4539
f 3690/4540 3691/4541 3444/4311 3443/4310
f 3375/4314 3584/4542 3643/4543 3459/4293
f 3527/4544 3523/4433 3369/4436 3521/4545
f 3731/4546 3677/4547 3489/4548 3707/4549
f 3441/4263 3637/4274 3584/4542 3375/4314
f 3834/4330 3843/4550 3448/4335 3384/4331
f 3589/4507 3389/4506 3431/4551 3632/4552
f 3399/4388 3419/4468 3472/4463 3468/4379
f 3400/4384 3467/4377 3471/4462 3422/4465
f 4007/4442 4012/4449 4103/4452 4105/4443
f 3991/4440 4101/4439 4104/4446 3996/4445
f 3412/4389 3399/4388 3468/4379 3469/4378
f 3405/4383 3470/4374 3467/4377 3400/4384
f 3368/4294 3575/4553 3652/4518 3478/4347
f 3832/4284 3844/4329 3466/4222 3361/4221
f 3858/4554 3828/4555 3578/4534 3713/4533
f 3725/4309 3583/4308 3638/4556 3712/4557
f 3379/4313 3380/4312 3462/4303 3461/4302
f 3777/4315 3375/4314 3459/4293 3789/4292
f 3378/4318 3383/4317 3465/4223 3458/4286
f 3382/4319 3464/4280 3463/4282 3381/4320
f 3377/4322 3457/4277 3464/4280 3382/4319
f 3641/4260 3442/4259 3376/4324 3586/4323
f 3383/4317 3379/4332 3461/4224 3465/4223
f 3381/4334 3463/4219 3466/4222 3384/4331
f 3404/4368 3421/4458 3488/4467 3484/4387
f 3403/4372 3483/4385 3487/4466 3424/4459
f 4009/4453 4013/4441 4113/4444 4024/4454
f 3993/4456 3894/4455 4106/4438 3997/4437
f 3414/4369 3404/4368 3484/4387 3485/4386
f 3407/4371 3486/4382 3483/4385 3403/4372
f 3459/4293 3643/4543 3575/4553 3368/4294
f 3366/4305 3365/4304 3475/4363 3476/4362
f 3374/4278 3482/4360 3473/4356 3363/4279
f 3363/4279 3473/4356 3474/4359 3364/4281
f 3362/4226 3366/4225 3476/4354 3480/4351
f 3373/4287 3362/4226 3480/4351 3481/4350
f 3775/4295 3368/4294 3478/4347 3790/4346
f 3647/4326 3460/4325 3367/4270 3571/4269
f 3364/4220 3474/4340 3479/4285 3361/4221
f 3390/4348 3593/4519 3634/4558 3432/4508
f 3667/4559 3675/4491 3435/4367 3438/4366
f 3835/4345 3847/4283 3479/4285 3391/4342
f 3489/4548 3495/4560 3493/4561 3492/4562
f 3490/4563 3492/4564 3493/4565 3494/4566
f 3491/4567 3494/4568 3493/4569 3495/4570
f 3496/4571 3502/4572 3500/4573 3499/4574
f 3497/4535 3499/4575 3500/4576 3501/4577
f 3498/4185 3501/4578 3500/4579 3502/4580
f 3503/4581 3509/4582 3507/4583 3506/4584
f 3504/4232 3506/4585 3507/4586 3508/4587
f 3505/4500 3508/4588 3507/4589 3509/4590
f 3510/4190 3516/4591 3514/4592 3513/4593
f 3511/4594 3513/4595 3514/4596 3515/4597
f 3512/4297 3515/4598 3514/4599 3516/4600
f 3650/4272 3651/4601 3573/4602 3571/4269
f 3651/4603 3649/4250 3572/4249 3573/4604
f 3548/4198 3549/4605 3543/4606 3541/4539
f 3549/4607 3547/4253 3542/4256 3543/4608
f 3551/4197 3552/4609 3549/4605 3548/4198
f 3552/4610 3550/4428 3547/4253 3549/4607
f 3533/4267 3534/4611 3540/4612 3538/4613
f 3534/4614 3532/4276 3539/4531 3540/4615
f 3545/4495 3546/4616 3552/4617 3551/4496
f 3546/4618 3544/4429 3550/4428 3552/4610
f 3557/4234 3558/4619 3564/4620 3562/4298
f 3558/4621 3556/4422 3563/4421 3564/4622
f 3560/4299 3561/4623 3555/4624 3553/4489
f 3561/4625 3559/4164 3554/4252 3555/4626
f 3512/4297 3516/4600 3567/4627 3565/4241
f 3516/4591 3510/4190 3566/4189 3567/4628
f 3792/4629 3810/4630 3570/4631 3568/4499
f 3810/4632 3811/4170 3569/4169 3570/4633
f 3536/4634 3537/4635 3531/4636 3529/4637
f 3537/4638 3535/4530 3530/4537 3531/4639
f 3699/4640 3700/4641 3509/4582 3503/4581
f 3700/4642 3701/4497 3505/4500 3509/4590
f 3527/4544 3528/4643 3525/4644 3523/4433
f 3528/4645 3526/4646 3524/4647 3525/4648
f 3702/4296 3703/4649 3515/4598 3512/4297
f 3703/4650 3704/4651 3511/4594 3515/4597
f 3562/4298 3564/4620 3561/4623 3560/4299
f 3564/4652 3563/4165 3559/4164 3561/4625
f 3826/4233 3849/4653 3558/4619 3557/4234
f 3849/4654 3850/4655 3556/4422 3558/4621
f 3523/4433 3525/4644 3519/4656 3517/4434
f 3525/4648 3524/4647 3518/4657 3519/4658
f 3568/4499 3570/4631 3508/4588 3505/4500
f 3570/4633 3569/4169 3504/4232 3508/4587
f 3653/4307 3654/4659 3576/4660 3574/4289
f 3654/4661 3652/4518 3575/4553 3576/4662
f 3521/4545 3522/4663 3528/4643 3527/4544
f 3522/4664 3520/4665 3526/4666 3528/4667
f 3496/4571 3499/4574 3579/4668 3577/4669
f 3499/4575 3497/4535 3578/4534 3579/4670
f 3795/4671 3813/4672 3582/4673 3580/4674
f 3813/4675 3814/4676 3581/4677 3582/4678
f 3705/4679 3706/4680 3492/4564 3490/4563
f 3706/4681 3707/4549 3489/4548 3492/4562
f 3708/4184 3709/4682 3501/4578 3498/4185
f 3709/4683 3710/4536 3497/4535 3501/4577
f 3538/4684 3540/4685 3537/4635 3536/4634
f 3540/4615 3539/4531 3535/4530 3537/4638
f 3829/4266 3852/4686 3534/4611 3533/4267
f 3852/4687 3853/4275 3532/4276 3534/4614
f 3580/4674 3582/4673 3494/4568 3491/4567
f 3582/4678 3581/4677 3490/4563 3494/4566
f 3677/4547 3678/4688 3495/4560 3489/4548
f 3678/4689 3679/4273 3491/4567 3495/4570
f 3680/4257 3681/4690 3502/4572 3496/4571
f 3681/4691 3682/4186 3498/4185 3502/4580
f 3644/4290 3645/4692 3585/4693 3583/4308
f 3645/4694 3643/4543 3584/4542 3585/4695
f 3647/4326 3648/4696 3588/4697 3586/4323
f 3648/4698 3646/4301 3587/4328 3588/4699
f 3632/4552 3633/4700 3591/4701 3589/4507
f 3633/4702 3631/4173 3590/4339 3591/4703
f 3635/4209 3636/4704 3594/4705 3592/4344
f 3636/4706 3634/4558 3593/4519 3594/4707
f 3608/4708 3609/4709 3597/4710 3595/4711
f 3609/4712 3607/4483 3596/4400 3597/4713
f 3611/4490 3612/4714 3600/4715 3598/4412
f 3612/4716 3610/4717 3599/4718 3600/4719
f 3614/4398 3615/4720 3603/4721 3601/4390
f 3615/4722 3613/4482 3602/4472 3603/4723
f 3617/4478 3618/4724 3606/4725 3604/4405
f 3618/4726 3616/4474 3605/4410 3606/4727
f 3998/4728 4014/4729 4077/4730 4099/4731
f 4014/4732 4015/4485 4086/4488 4077/4733
f 3999/4204 4016/4734 4094/4735 4081/4205
f 4016/4736 4017/4737 4102/4738 4094/4739
f 4000/4501 4018/4740 4111/4741 4108/4502
f 4018/4742 4019/4182 4120/4181 4111/4743
f 4001/4424 4020/4744 4087/4745 4089/4425
f 4020/4746 4021/4178 4092/4177 4087/4747
f 3595/4711 3597/4710 3621/4748 3620/4749
f 3597/4713 3596/4400 3619/4403 3621/4750
f 3598/4412 3600/4715 3624/4751 3623/4413
f 3600/4719 3599/4718 3622/4752 3624/4753
f 3601/4390 3603/4721 3627/4754 3626/4391
f 3603/4723 3602/4472 3625/4471 3627/4755
f 3604/4405 3606/4725 3630/4756 3629/4406
f 3606/4727 3605/4410 3628/4409 3630/4757
f 3655/4187 3656/4758 3633/4700 3632/4552
f 3656/4759 3657/4174 3631/4173 3633/4702
f 3658/4208 3659/4760 3636/4704 3635/4209
f 3659/4761 3660/4231 3634/4558 3636/4706
f 3583/4308 3585/4693 3639/4762 3638/4556
f 3585/4695 3584/4542 3637/4274 3639/4763
f 3586/4323 3588/4697 3642/4764 3641/4260
f 3588/4699 3587/4328 3640/4337 3642/4765
f 3574/4289 3576/4660 3645/4692 3644/4290
f 3576/4662 3575/4553 3643/4543 3645/4694
f 3571/4269 3573/4602 3648/4696 3647/4326
f 3573/4604 3572/4249 3646/4301 3648/4698
f 3589/4507 3591/4701 3651/4601 3650/4272
f 3591/4703 3590/4339 3649/4250 3651/4603
f 3592/4344 3594/4705 3654/4659 3653/4307
f 3594/4707 3593/4519 3652/4518 3654/4661
f 3705/4679 3490/4563 3581/4677 3711/4766
f 3506/4585 3504/4232 3660/4231 3659/4761
f 3503/4581 3506/4584 3659/4760 3658/4208
f 3513/4595 3511/4594 3657/4174 3656/4759
f 3510/4190 3513/4593 3656/4758 3655/4187
f 3608/4708 3595/4711 3675/4491 3667/4559
f 3425/4511 3434/4510 3666/4195 3665/4538
f 3430/4517 3429/4516 3668/4494 3670/4493
f 3595/4711 3620/4749 3661/4492 3675/4491
f 3599/4718 3676/4476 3664/4479 3622/4752
f 3610/4717 3673/4475 3676/4476 3599/4718
f 3428/4505 3674/4420 3669/4214 3433/4213
f 3426/4515 3671/4251 3672/4163 3427/4513
f 4017/4737 4022/4235 4100/4238 4102/4738
f 3432/4508 3634/4558 3660/4231 3662/4168
f 3850/4655 3854/4211 3669/4214 3556/4422
f 3699/4640 3503/4581 3658/4208 3729/4207
f 3998/4728 4099/4731 4090/4200 4002/4199
f 3434/4510 3430/4512 3670/4196 3666/4195
f 3632/4552 3431/4551 3663/4188 3655/4187
f 3704/4651 3730/4171 3657/4174 3511/4594
f 3785/4509 3432/4508 3662/4168 3799/4167
f 3427/4513 3672/4163 3674/4166 3428/4514
f 3642/4765 3640/4337 3682/4186 3681/4691
f 3641/4260 3642/4764 3681/4690 3680/4257
f 3639/4763 3637/4274 3679/4273 3678/4689
f 3638/4556 3639/4762 3678/4688 3677/4547
f 3712/4557 3638/4556 3677/4547 3731/4546
f 3526/4666 3520/4665 3691/4541 3690/4540
f 3529/4637 3693/4532 3694/4227 3536/4634
f 3454/4529 3451/4523 3697/4469 3688/4481
f 3453/4528 3695/4477 3698/4404 3452/4520
f 3451/4523 3455/4522 3684/4470 3697/4469
f 3518/4657 3524/4647 3689/4243 3687/4430
f 3538/4613 3696/4427 3692/4268 3533/4267
f 4011/4526 4023/4423 4112/4426 4095/4527
f 3452/4520 3698/4404 3686/4407 3456/4521
f 3580/4674 3491/4567 3679/4273 3683/4262
f 3843/4550 3856/4265 3692/4268 3448/4335
f 3795/4671 3580/4674 3683/4262 3801/4261
f 3496/4571 3577/4669 3685/4258 3680/4257
f 3524/4647 3526/4646 3690/4244 3689/4243
f 3536/4634 3694/4227 3696/4230 3538/4684
f 3714/4336 3732/4183 3682/4186 3640/4337
f 3995/4525 4114/4524 4119/4180 4003/4179
f 3456/4521 3686/4407 3732/4183 3714/4336
f 3455/4522 3712/4557 3731/4546 3684/4470
f 3622/4752 3664/4479 3730/4171 3704/4651
f 3620/4749 3699/4640 3729/4207 3661/4492
f 3626/4391 3705/4679 3711/4766 3415/4392
f 3630/4757 3628/4409 3710/4536 3709/4683
f 3629/4406 3630/4756 3709/4682 3708/4184
f 3627/4755 3625/4471 3707/4549 3706/4681
f 3626/4391 3627/4754 3706/4680 3705/4679
f 3624/4753 3622/4752 3704/4651 3703/4650
f 3623/4413 3624/4751 3703/4649 3702/4296
f 3621/4750 3619/4403 3701/4497 3700/4642
f 3620/4749 3621/4748 3700/4641 3699/4640
f 3420/4464 3725/4309 3712/4557 3455/4522
f 3839/4473 3858/4554 3713/4533 3417/4408
f 3684/4470 3731/4546 3707/4549 3625/4471
f 3417/4408 3713/4533 3710/4536 3628/4409
f 3619/4403 3416/4402 3716/4498 3701/4497
f 3439/4457 3715/4210 3728/4343 3421/4458
f 3421/4458 3728/4343 3722/4306 3488/4467
f 3440/4460 3424/4459 3727/4338 3718/4172
f 3424/4459 3487/4466 3719/4247 3727/4338
f 3423/4461 3456/4521 3714/4336 3726/4327
f 3471/4462 3423/4461 3726/4327 3721/4300
f 3472/4463 3724/4291 3725/4309 3420/4464
f 3488/4467 3722/4306 3723/4288 3419/4468
f 3422/4465 3471/4462 3721/4300 3720/4248
f 3418/4414 3623/4413 3702/4296 3717/4240
f 3419/4468 3723/4288 3724/4291 3472/4463
f 3487/4466 3422/4465 3720/4248 3719/4247
f 3823/4480 3418/4414 3717/4240 3830/4239
f 3661/4492 3729/4207 3715/4210 3439/4457
f 3686/4407 3629/4406 3708/4184 3732/4183
f 3664/4479 3440/4460 3718/4172 3730/4171
f 4225/4767 3748/4768 3774/4769 4232/4770
f 4241/4771 4260/4772 3773/4773 3747/4774
f 4189/4775 3763/4776 3772/4777 4195/4778
f 4245/4779 4258/4780 3771/4781 3752/4782
f 4179/4783 3750/4784 3770/4785 4193/4786
f 4252/4787 4256/4788 3769/4789 3762/4790
f 4254/4791 4255/4792 3768/4793 3767/4794
f 4231/4795 4254/4796 3767/4797 3766/4798
f 4208/4799 4209/4800 3765/4801 3764/4802
f 4189/4775 4208/4803 3764/4804 3763/4776
f 4251/4805 4252/4787 3762/4790 3761/4806
f 4228/4807 4251/4808 3761/4809 3760/4810
f 4205/4811 4206/4812 3759/4813 3758/4814
f 4186/4815 4205/4816 3758/4817 3757/4818
f 4237/4819 4249/4820 3756/4821 3741/4822
f 4169/4823 3736/4824 3755/4825 4184/4826
f 4171/4827 3739/4828 3754/4829 4183/4830
f 4260/4772 4230/4831 3765/4801 3773/4773
f 4234/4832 4246/4833 3753/4834 3738/4835
f 4236/4836 4245/4779 3752/4782 3740/4837
f 4174/4838 3742/4839 3750/4784 4179/4783
f 4223/4840 3744/4841 3748/4768 4225/4767
f 4239/4842 4241/4771 3747/4774 3743/4843
f 4262/4844 4267/4845 4096/4846 4004/4847
f 4426/4848 3614/4398 3408/4399 4413/4849
f 4224/4850 3745/4851 3744/4841 4223/4840
f 4240/4852 4239/4842 3743/4843 3746/4853
f 4184/4826 3755/4825 3742/4839 4174/4838
f 4242/4854 4237/4819 3741/4822 3749/4855
f 4246/4833 4236/4836 3740/4837 3753/4834
f 4180/4856 3751/4857 3739/4828 4171/4827
f 4183/4830 3754/4829 3736/4824 4169/4823
f 4249/4820 4234/4832 3738/4835 3756/4821
f 4255/4792 4219/4858 3733/4859 3768/4793
f 4258/4780 4231/4795 3766/4798 3771/4781
f 4195/4778 3772/4777 3751/4857 4180/4856
f 4232/4770 3774/4769 3757/4818 4250/4860
f 4228/4807 3760/4810 3734/4861 4220/4862
f 4220/4862 3734/4861 3735/4863 4221/4864
f 4256/4788 4242/4854 3749/4855 3769/4789
f 4219/4858 4222/4865 3737/4866 3733/4859
f 4193/4786 3770/4785 3759/4813 4206/4812
f 3369/4436 3372/4435 3806/4867 3803/4868
f 3668/4494 3429/4516 3784/4869 3798/4870
f 3357/4254 3804/4871 3805/4872 3360/4255
f 3544/4429 3812/4873 3804/4871 3357/4254
f 3716/4498 3816/4874 3792/4629 3568/4499
f 3691/4541 3520/4665 3815/4875 3800/4876
f 3521/4545 3369/4436 3803/4868 3797/4877
f 3475/4363 3365/4304 3776/4878 3791/4879
f 3462/4303 3380/4312 3778/4880 3788/4881
f 3429/4516 3387/4364 3779/4882 3784/4869
f 3408/4399 3395/4393 3781/4883 3782/4884
f 3409/4484 3808/4885 3807/4886 3396/4401
f 3988/4486 4025/4887 4085/4888 4118/4487
f 3987/4504 4110/4503 4084/4889 4005/4890
f 3395/4393 3415/4392 3783/4891 3781/4883
f 3396/4401 3807/4886 3809/4892 3416/4402
f 3380/4312 3444/4311 3787/4893 3778/4880
f 3365/4304 3462/4303 3788/4881 3776/4878
f 3711/4766 3581/4677 3814/4676 3802/4894
f 3387/4364 3475/4363 3791/4879 3779/4882
f 3544/4429 3546/4618 3793/4895 3812/4873
f 3546/4616 3545/4495 3794/4896 3793/4897
f 3520/4665 3522/4664 3796/4898 3815/4875
f 3522/4663 3521/4545 3797/4877 3796/4899
f 3545/4495 3668/4494 3798/4870 3794/4896
f 3444/4311 3691/4541 3800/4876 3787/4893
f 3415/4392 3711/4766 3802/4894 3783/4891
f 3416/4402 3809/4892 3816/4874 3716/4498
f 3933/4900 3795/4671 3801/4261 3939/4901
f 3923/4902 3785/4509 3799/4167 3937/4903
f 3909/4904 3910/4905 3814/4676 3813/4675
f 3933/4900 3909/4906 3813/4672 3795/4671
f 3906/4907 3907/4908 3811/4170 3810/4632
f 3930/4909 3906/4910 3810/4630 3792/4629
f 3913/4911 3775/4295 3790/4346 3928/4912
f 3915/4913 3777/4315 3789/4292 3927/4914
f 3918/4915 3780/4349 3785/4509 3923/4902
f 3928/4912 3790/4346 3780/4349 3918/4915
f 3924/4916 3786/4264 3777/4315 3915/4913
f 3927/4914 3789/4292 3775/4295 3913/4911
f 3939/4901 3801/4261 3786/4264 3924/4916
f 3937/4903 3799/4167 3811/4170 3907/4908
f 3663/4188 3855/4917 3825/4918 3566/4189
f 3685/4258 3857/4919 3842/4920 3442/4259
f 3460/4325 3845/4921 3831/4922 3367/4270
f 3442/4259 3842/4920 3833/4923 3376/4324
f 3477/4271 3846/4924 3836/4925 3389/4506
f 3389/4506 3836/4925 3841/4926 3431/4551
f 3376/4324 3833/4923 3845/4921 3460/4325
f 3367/4270 3831/4922 3846/4924 3477/4271
f 3565/4241 3567/4627 3824/4927 3848/4242
f 3567/4628 3566/4189 3825/4918 3824/4928
f 3577/4669 3579/4668 3827/4929 3851/4930
f 3579/4670 3578/4534 3828/4555 3827/4931
f 3431/4551 3841/4926 3855/4917 3663/4188
f 3577/4669 3851/4930 3857/4919 3685/4258
f 3977/4932 3823/4480 3830/4239 3984/4933
f 3951/4934 3970/4935 3858/4554 3839/4473
f 3955/4936 3968/4937 3856/4265 3843/4550
f 3962/4938 3966/4939 3854/4211 3850/4655
f 3964/4940 3965/4941 3853/4275 3852/4687
f 3983/4942 3964/4943 3852/4686 3829/4266
f 3961/4944 3962/4938 3850/4655 3849/4654
f 3980/4945 3961/4946 3849/4653 3826/4233
f 3947/4947 3959/4948 3847/4283 3835/4345
f 3970/4935 3982/4949 3828/4555 3858/4554
f 3944/4950 3956/4951 3844/4329 3832/4284
f 3946/4952 3955/4936 3843/4550 3834/4330
f 3975/4953 3821/4417 3823/4480 3977/4932
f 3949/4954 3951/4934 3839/4473 3837/4395
f 4030/4955 4097/4956 4098/4432 4006/4431
f 4029/4957 4026/4418 4091/4419 4116/4958
f 3976/4959 3822/4415 3821/4417 3975/4953
f 3950/4960 3949/4954 3837/4395 3838/4394
f 3952/4961 3947/4947 3835/4345 3840/4212
f 3956/4951 3946/4952 3834/4330 3844/4329
f 3959/4948 3944/4950 3832/4284 3847/4283
f 3965/4941 3971/4962 3817/4191 3853/4275
f 3968/4937 3983/4942 3829/4266 3856/4265
f 3984/4933 3830/4239 3848/4242 3960/4963
f 3980/4945 3826/4233 3818/4215 3972/4964
f 3972/4964 3818/4215 3819/4218 3973/4965
f 3966/4939 3952/4961 3840/4212 3854/4211
f 3971/4962 3974/4966 3820/4192 3817/4191
f 4074/4967 4050/4968 3898/4969 3985/4970
f 4073/4971 3986/4972 3897/4973 4070/4974
f 4051/4975 3862/4976 3896/4977 4069/4978
f 4052/4979 4049/4980 3895/4981 3863/4982
f 4215/4983 3985/4970 4029/4957 4216/4984
f 4263/4985 4261/4986 3893/4987 4068/4988
f 4059/4989 3871/4990 3892/4991 4067/4992
f 4035/4993 4047/4994 3891/4995 3872/4996
f 4062/4997 3877/4998 3890/4999 4066/5000
f 4041/5001 4046/5002 3889/5003 3882/5004
f 4044/5005 4045/5006 3888/5007 3887/5008
f 4065/5009 4044/5010 3887/5011 3886/5012
f 4042/5013 4043/5014 3885/5015 3884/5016
f 4064/5017 4042/5018 3884/5019 3883/5020
f 4040/5021 4041/5001 3882/5004 3881/5022
f 4063/5023 4040/5024 3881/5025 3880/5026
f 4038/5027 4039/5028 3879/5029 3878/5030
f 4062/4997 4038/5031 3878/5032 3877/4998
f 4057/5033 3868/5034 3876/5035 4061/5036
f 4033/5037 4037/5038 3875/5039 3861/5040
f 4055/5041 3866/5042 3874/5043 4060/5044
f 4031/5045 4036/5046 3873/5047 3859/5048
f 4032/5049 4035/4993 3872/4996 3860/5050
f 4056/5051 3867/5052 3871/4990 4059/4989
f 4064/5017 3883/5020 3862/4976 4051/4975
f 4039/5028 4052/4979 3863/4982 3879/5029
f 4058/5053 3869/5054 3868/5034 4057/5033
f 4034/5055 4033/5037 3861/5040 3870/5056
f 4036/5046 4032/5049 3860/5050 3873/5047
f 4060/5044 3874/5043 3867/5052 4056/5051
f 4037/5038 4031/5045 3859/5048 3875/5039
f 4061/5036 3876/5035 3866/5042 4055/5041
f 4070/4974 3897/4973 3864/5057 4053/5058
f 4047/4994 4065/5009 3886/5012 3891/4995
f 4050/4968 4054/5059 3865/5060 3898/4969
f 4046/5002 4034/5055 3870/5056 3889/5003
f 4054/5059 4063/5023 3880/5026 3865/5060
f 4066/5000 3890/4999 3869/5054 4058/5053
f 4067/4992 3892/4991 3885/5015 4043/5014
f 4053/5058 3864/5057 3888/5007 4045/5006
f 4069/4978 3896/4977 3942/5061 4071/5062
f 4049/4980 4072/5063 3941/5064 3895/4981
f 4257/5065 3937/4903 3907/4908 4227/5066
f 4259/5067 3939/4901 3924/4916 4244/5068
f 4247/5069 3927/4914 3913/4911 4233/5070
f 4244/5068 3924/4916 3915/4913 4235/5071
f 4248/5072 3928/4912 3918/4915 4238/5073
f 4238/5073 3918/4915 3923/4902 4243/5074
f 4235/5071 3915/4913 3927/4914 4247/5069
f 4233/5070 3913/4911 3928/4912 4248/5072
f 4250/4860 4226/5075 3906/4910 3930/4909
f 4226/5076 4227/5066 3907/4908 3906/4907
f 4253/5077 4229/5078 3909/4906 3933/4900
f 4229/5079 4230/4831 3910/4905 3909/4904
f 4243/5074 3923/4902 3937/4903 4257/5065
f 4253/5077 3933/4900 3939/4901 4259/5067
f 3803/4868 3806/4867 3902/5080 3899/5081
f 3798/4870 3784/4869 3922/5082 3936/5083
f 3804/4871 3900/5084 3901/5085 3805/4872
f 3812/4873 3908/5086 3900/5084 3804/4871
f 3816/4874 3912/5087 3930/4909 3792/4629
f 3800/4876 3815/4875 3911/5088 3938/5089
f 3797/4877 3803/4868 3899/5081 3935/5090
f 3791/4879 3776/4878 3914/5091 3929/5092
f 3788/4881 3778/4880 3916/5093 3926/5094
f 3784/4869 3779/4882 3917/5095 3922/5082
f 3782/4884 3781/4883 3919/5096 3920/5097
f 3808/4885 3904/5098 3903/5099 3807/4886
f 4025/4887 4027/5100 4107/5101 4085/4888
f 4005/4890 4084/4889 4083/5102 4028/5103
f 3781/4883 3783/4891 3921/5104 3919/5096
f 3807/4886 3903/5099 3905/5105 3809/4892
f 3778/4880 3787/4893 3925/5106 3916/5093
f 3776/4878 3788/4881 3926/5094 3914/5091
f 3802/4894 3814/4676 3910/4905 3940/5107
f 3779/4882 3791/4879 3929/5092 3917/5095
f 3812/4873 3793/4895 3931/5108 3908/5086
f 3793/4897 3794/4896 3932/5109 3931/5110
f 3815/4875 3796/4898 3934/5111 3911/5088
f 3796/4899 3797/4877 3935/5090 3934/5112
f 3794/4896 3798/4870 3936/5083 3932/5109
f 3787/4893 3800/4876 3938/5089 3925/5106
f 3783/4891 3802/4894 3940/5107 3921/5104
f 3809/4892 3905/5105 3912/5087 3816/4874
f 4214/5113 4197/5114 3986/4972 4073/4971
f 4264/5115 4048/5116 4075/5117 4265/5118
f 4198/5119 4201/5120 3974/4966 3971/4962
f 4192/5121 4178/5122 3952/4961 3966/4939
f 4199/5123 3972/4964 3973/4965 4200/5124
f 4207/5125 3980/4945 3972/4964 4199/5123
f 4211/5126 3984/4933 3960/4963 4186/4815
f 4194/5127 4210/5128 3983/4942 3968/4937
f 4191/5129 4198/5119 3971/4962 3965/4941
f 4185/5130 4170/5131 3944/4950 3959/4948
f 4182/5132 4172/5133 3946/4952 3956/4951
f 4178/5122 4173/5134 3947/4947 3952/4961
f 4176/5135 4175/5136 3949/4954 3950/4960
f 4203/5137 3976/4959 3975/4953 4202/5138
f 4266/5139 4079/5140 4080/5141 4268/5142
f 4212/5143 4217/5144 4097/4956 4030/4955
f 4175/5136 4177/5145 3951/4934 3949/4954
f 4202/5138 3975/4953 3977/4932 4204/5146
f 4172/5133 4181/5147 3955/4936 3946/4952
f 4170/5131 4182/5132 3956/4951 3944/4950
f 4196/5148 4209/4800 3982/4949 3970/4935
f 4173/5134 4185/5130 3959/4948 3947/4947
f 4207/5125 4187/5149 3961/4946 3980/4945
f 4187/5150 4188/5151 3962/4938 3961/4944
f 4210/5128 4190/5152 3964/4943 3983/4942
f 4190/5153 4191/5129 3965/4941 3964/4940
f 4188/5151 4192/5121 3966/4939 3962/4938
f 4181/5147 4194/5127 3968/4937 3955/4936
f 4177/5145 4196/5148 3970/4935 3951/4934
f 4204/5146 3977/4932 3984/4933 4211/5126
f 3855/4917 3967/5154 3979/5155 3825/4918
f 3857/4919 3969/5156 3954/5157 3842/4920
f 3845/4921 3957/5158 3943/5159 3831/4922
f 3842/4920 3954/5157 3945/5160 3833/4923
f 3846/4924 3958/5161 3948/5162 3836/4925
f 3836/4925 3948/5162 3953/5163 3841/4926
f 3833/4923 3945/5160 3957/5158 3845/4921
f 3831/4922 3943/5159 3958/5161 3846/4924
f 3848/4242 3824/4927 3978/5164 3960/4963
f 3824/4928 3825/4918 3979/5155 3978/5165
f 3851/4930 3827/4929 3981/5166 3963/5167
f 3827/4931 3828/4555 3982/4949 3981/5168
f 3841/4926 3953/5163 3967/5154 3855/4917
f 3851/4930 3963/5167 3969/5156 3857/4919
f 4197/5114 4212/5143 4030/4955 3986/4972
f 4216/4984 4029/4957 4116/4958 4218/5169
f 3896/4977 4005/4890 4028/5103 3942/5061
f 3895/4981 3941/5064 4027/5100 4025/4887
f 3985/4970 3898/4969 4026/4418 4029/4957
f 3986/4972 4030/4955 4006/4431 3897/4973
f 3862/4976 3987/4504 4005/4890 3896/4977
f 3863/4982 3895/4981 4025/4887 3988/4486
f 4213/5170 4074/4967 3985/4970 4215/4983
f 4261/4986 4262/4844 4004/4847 3893/4987
f 3871/4990 3995/4525 4003/4179 3892/4991
f 3872/4996 3891/4995 4023/4423 4011/4526
f 3877/4998 3998/4728 4002/4199 3890/4999
f 3882/5004 3889/5003 4022/4235 4017/4737
f 3887/5008 3888/5007 4021/4178 4020/4746
f 3886/5012 3887/5011 4020/4744 4001/4424
f 3884/5016 3885/5015 4019/4182 4018/4742
f 3883/5020 3884/5019 4018/4740 4000/4501
f 3881/5022 3882/5004 4017/4737 4016/4736
f 3880/5026 3881/5025 4016/4734 3999/4204
f 3878/5030 3879/5029 4015/4485 4014/4732
f 3877/4998 3878/5032 4014/4729 3998/4728
f 3868/5034 3993/4456 3997/4437 3876/5035
f 3861/5040 3875/5039 4013/4441 4009/4453
f 3866/5042 3991/4440 3996/4445 3874/5043
f 3859/5048 3873/5047 4012/4449 4007/4442
f 3860/5050 3872/4996 4011/4526 4008/4450
f 3867/5052 3992/4448 3995/4525 3871/4990
f 3883/5020 4000/4501 3987/4504 3862/4976
f 3879/5029 3863/4982 3988/4486 4015/4485
f 3869/5054 3994/4202 3993/4456 3868/5034
f 3870/5056 3861/5040 4009/4453 4010/4236
f 3873/5047 3860/5050 4008/4450 4012/4449
f 3874/5043 3996/4445 3992/4448 3867/5052
f 3875/5039 3859/5048 4007/4442 4013/4441
f 3876/5035 3997/4437 3991/4440 3866/5042
f 3897/4973 4006/4431 3989/4175 3864/5057
f 3891/4995 3886/5012 4001/4424 4023/4423
f 3898/4969 3865/5060 3990/4203 4026/4418
f 3889/5003 3870/5056 4010/4236 4022/4235
f 3865/5060 3880/5026 3999/4204 3990/4203
f 3890/4999 4002/4199 3994/4202 3869/5054
f 3892/4991 4003/4179 4019/4182 3885/5015
f 3864/5057 3989/4175 4021/4178 3888/5007
f 4362/5171 4338/5172 4074/4967 4213/5170
f 4361/5173 4214/5113 4073/4971 4360/5174
f 4335/5175 4337/5176 4072/5063 4049/4980
f 4357/5177 4069/4978 4071/5062 4359/5178
f 4341/5179 4053/5058 4045/5006 4331/5180
f 4355/5181 4067/4992 4043/5014 4329/5182
f 4354/5183 4066/5000 4058/5053 4346/5184
f 4342/5185 4351/5186 4063/5023 4054/5059
f 4332/5187 4320/5188 4034/5055 4046/5002
f 4336/5189 4342/5185 4054/5059 4050/4968
f 4333/5190 4353/5191 4065/5009 4047/4994
f 4358/5192 4070/4974 4053/5058 4341/5179
f 4349/5193 4061/5036 4055/5041 4343/5194
f 4323/5195 4317/5196 4031/5045 4037/5038
f 4348/5197 4060/5044 4056/5051 4344/5198
f 4322/5199 4318/5200 4032/5049 4036/5046
f 4320/5188 4319/5201 4033/5037 4034/5055
f 4346/5184 4058/5053 4057/5033 4345/5202
f 4325/5203 4340/5204 4052/4979 4039/5028
f 4352/5205 4064/5017 4051/4975 4339/5206
f 4344/5198 4056/5051 4059/4989 4347/5207
f 4318/5200 4321/5208 4035/4993 4032/5049
f 4317/5196 4322/5199 4036/5046 4031/5045
f 4343/5194 4055/5041 4060/5044 4348/5197
f 4319/5201 4323/5195 4037/5038 4033/5037
f 4345/5202 4057/5033 4061/5036 4349/5193
f 4350/5209 4324/5210 4038/5031 4062/4997
f 4324/5211 4325/5203 4039/5028 4038/5027
f 4351/5186 4326/5212 4040/5024 4063/5023
f 4326/5213 4327/5214 4041/5001 4040/5021
f 4352/5205 4328/5215 4042/5018 4064/5017
f 4328/5216 4329/5182 4043/5014 4042/5013
f 4353/5191 4330/5217 4044/5010 4065/5009
f 4330/5218 4331/5180 4045/5006 4044/5005
f 4327/5214 4332/5187 4046/5002 4041/5001
f 4350/5209 4062/4997 4066/5000 4354/5183
f 4321/5208 4333/5190 4047/4994 4035/4993
f 4347/5207 4059/4989 4067/4992 4355/5181
f 4364/5219 4263/4985 4068/4988 4356/5220
f 4363/5221 4334/5222 4048/5116 4264/5115
f 4340/5204 4335/5175 4049/4980 4052/4979
f 4339/5206 4051/4975 4069/4978 4357/5177
f 4360/5174 4073/4971 4070/4974 4358/5192
f 4338/5172 4336/5189 4050/4968 4074/4967
f 4414/5223 3409/4484 3607/4483 4441/5224
f 4419/5225 3414/4369 3485/4386 4423/5226
f 4159/5227 4136/5228 4130/5229 4155/5230
f 4265/5118 4075/5117 4079/5140 4266/5139
f 4418/5231 3413/4381 3454/4529 4421/5232
f 4455/5233 3615/4720 3614/4398 4426/4848
f 4452/5234 3470/4374 3405/4383 4453/5235
f 4434/5236 3950/4960 3838/4394 4432/5237
f 4422/5238 3469/4378 3413/4381 4418/5231
f 4457/5239 3486/4382 3407/4371 4443/5240
f 4451/5241 3610/4717 3612/4716 4448/5242
f 4429/5243 3688/4481 3613/4482 4460/5244
f 4425/5245 3611/4490 3411/4416 4416/5246
f 4421/5232 3454/4529 3688/4481 4429/5243
f 4420/5247 3438/4366 3414/4369 4419/5225
f 4450/5248 3673/4475 3610/4717 4451/5241
f 4448/5249 3612/4714 3611/4490 4425/5245
f 4415/5250 3410/4397 3616/4474 4447/5251
f 4428/5252 3667/4559 3438/4366 4420/5247
f 4427/5253 3617/4478 3695/4477 4456/5254
f 4423/5226 3485/4386 3412/4389 4417/5255
f 4437/5256 4203/5137 3745/4851 4435/5257
f 4431/5258 3782/4884 3920/5097 4433/5259
f 4413/4849 3408/4399 3782/4884 4431/5258
f 4436/5260 4176/5135 3950/4960 4434/5236
f 4439/5261 4240/4852 3746/4853 4430/5262
f 4447/5251 3616/4474 3618/4726 4440/5263
f 4441/5224 3607/4483 3609/4712 4444/5264
f 4442/5265 3808/4885 3409/4484 4414/5223
f 4454/5266 3904/5098 3808/4885 4442/5265
f 4453/5235 3405/4383 3486/4382 4457/5239
f 4424/5267 3608/4708 3667/4559 4428/5252
f 4438/5268 4224/4850 3904/5098 4454/5266
f 4444/5269 3609/4709 3608/4708 4424/5267
f 4440/5270 3618/4724 3617/4478 4427/5253
f 4416/5246 3411/4416 3822/4415 4446/5271
f 4432/5237 3838/4394 3410/4397 4415/5250
f 4443/5240 3407/4371 3437/4370 4445/5272
f 4445/5272 3437/4370 3673/4475 4450/5248
f 4456/5254 3695/4477 3453/4528 4449/5273
f 4449/5273 3453/4528 3406/4375 4458/5274
f 4460/5244 3613/4482 3615/4722 4455/5275
f 4417/5255 3412/4389 3469/4378 4422/5238
f 4446/5271 3822/4415 3976/4959 4459/5276
f 4458/5274 3406/4375 3470/4374 4452/5234
f 4137/5277 4121/5278 4127/5279 4131/5280
f 4155/5230 4130/5229 4128/5281 4139/5282
f 4154/5283 4134/5284 4136/5228 4159/5227
f 4146/5285 4122/5286 4124/5287 4150/5288
f 4150/5288 4124/5287 4134/5284 4154/5283
f 4139/5282 4128/5281 4122/5289 4146/5290
f 4134/5284 4135/5291 4138/5292 4136/5228
f 4135/5293 4133/5294 4137/5277 4138/5295
f 4122/5286 4123/5296 4126/5297 4124/5287
f 4123/5298 4121/5278 4125/5299 4126/5300
f 4136/5228 4138/5292 4132/5301 4130/5229
f 4138/5295 4137/5277 4131/5280 4132/5302
f 4128/5281 4129/5303 4123/5304 4122/5289
f 4129/5305 4127/5279 4121/5278 4123/5298
f 4130/5229 4132/5301 4129/5303 4128/5281
f 4132/5302 4131/5280 4127/5279 4129/5305
f 4124/5287 4126/5297 4135/5291 4134/5284
f 4126/5300 4125/5299 4133/5294 4135/5293
f 4133/5294 4125/5299 4121/5278 4137/5277
f 4163/5306 4142/5307 4143/5308 4166/5309
f 4142/5307 4141/5310 4144/5311 4143/5308
f 4141/5310 4140/5312 4145/5313 4144/5311
f 4140/5312 4139/5282 4146/5290 4145/5313
f 4167/5314 4147/5315 4151/5316 4168/5317
f 4147/5315 4148/5318 4152/5319 4151/5316
f 4148/5318 4149/5320 4153/5321 4152/5319
f 4149/5320 4150/5288 4154/5283 4153/5321
f 4166/5322 4143/5323 4147/5315 4167/5314
f 4143/5323 4144/5324 4148/5318 4147/5315
f 4144/5324 4145/5325 4149/5320 4148/5318
f 4145/5325 4146/5285 4150/5288 4149/5320
f 4168/5317 4151/5316 4162/5326 4165/5327
f 4151/5316 4152/5319 4161/5328 4162/5326
f 4152/5319 4153/5321 4160/5329 4161/5328
f 4153/5321 4154/5283 4159/5227 4160/5329
f 4164/5330 4158/5331 4142/5307 4163/5306
f 4158/5331 4157/5332 4141/5310 4142/5307
f 4157/5332 4156/5333 4140/5312 4141/5310
f 4156/5333 4155/5230 4139/5282 4140/5312
f 4165/5327 4162/5326 4158/5331 4164/5330
f 4162/5326 4161/5328 4157/5332 4158/5331
f 4161/5328 4160/5329 4156/5333 4157/5332
f 4160/5329 4159/5227 4155/5230 4156/5333
f 4080/5334 4165/5327 4164/5330 4078/5335
f 4078/5335 4164/5330 4163/5306 4076/5336
f 4079/5337 4168/5317 4165/5327 4080/5334
f 4048/5338 4166/5322 4167/5314 4075/5339
f 4075/5339 4167/5314 4168/5317 4079/5337
f 4076/5336 4163/5306 4166/5309 4048/5340
f 4430/5262 3746/4853 4176/5135 4436/5260
f 4459/5276 3976/4959 4203/5137 4437/5256
f 4356/5220 4068/4988 4214/5113 4361/5173
f 4334/5222 4362/5171 4213/5170 4048/5116
f 4048/5116 4213/5170 4215/4983 4076/5341
f 4078/5342 4216/4984 4218/5169 4080/5141
f 3893/4987 4004/4847 4212/5143 4197/5114
f 3748/4768 4204/5146 4211/5126 3774/4769
f 3747/4774 3773/4773 4196/5148 4177/5145
f 3752/4782 3771/4781 4194/5127 4181/5147
f 3762/4790 3769/4789 4192/5121 4188/5151
f 3767/4794 3768/4793 4191/5129 4190/5153
f 3766/4798 3767/4797 4190/5152 4210/5128
f 3761/4806 3762/4790 4188/5151 4187/5150
f 3760/4810 3761/4809 4187/5149 4207/5125
f 3741/4822 3756/4821 4185/5130 4173/5134
f 3773/4773 3765/4801 4209/4800 4196/5148
f 3738/4835 3753/4834 4182/5132 4170/5131
f 3740/4837 3752/4782 4181/5147 4172/5133
f 3744/4841 4202/5138 4204/5146 3748/4768
f 3743/4843 3747/4774 4177/5145 4175/5136
f 4004/4847 4096/4846 4217/5144 4212/5143
f 3745/4851 4203/5137 4202/5138 3744/4841
f 3746/4853 3743/4843 4175/5136 4176/5135
f 3749/4855 3741/4822 4173/5134 4178/5122
f 3753/4834 3740/4837 4172/5133 4182/5132
f 3756/4821 3738/4835 4170/5131 4185/5130
f 3768/4793 3733/4859 4198/5119 4191/5129
f 3771/4781 3766/4798 4210/5128 4194/5127
f 3774/4769 4211/5126 4186/4815 3757/4818
f 3760/4810 4207/5125 4199/5123 3734/4861
f 3734/4861 4199/5123 4200/5124 3735/4863
f 3769/4789 3749/4855 4178/5122 4192/5121
f 3733/4859 3737/4866 4201/5120 4198/5119
f 4068/4988 3893/4987 4197/5114 4214/5113
f 4076/5341 4215/4983 4216/4984 4078/5342
f 3967/5154 4193/4786 4206/4812 3979/5155
f 3969/5156 4195/4778 4180/4856 3954/5157
f 3957/5158 4183/4830 4169/4823 3943/5159
f 3954/5157 4180/4856 4171/4827 3945/5160
f 3958/5161 4184/4826 4174/4838 3948/5162
f 3948/5162 4174/4838 4179/4783 3953/5163
f 3945/5160 4171/4827 4183/4830 3957/5158
f 3943/5159 4169/4823 4184/4826 3958/5161
f 3960/4963 3978/5164 4205/4816 4186/4815
f 3978/5165 3979/5155 4206/4812 4205/4811
f 3963/5167 3981/5166 4208/4803 4189/4775
f 3981/5168 3982/4949 4209/4800 4208/4799
f 3953/5163 4179/4783 4193/4786 3967/5154
f 3963/5167 4189/4775 4195/4778 3969/5156
f 4435/5257 3745/4851 4224/4850 4438/5268
f 4433/5259 3920/5097 4240/4852 4439/5261
f 3941/5064 4265/5118 4266/5139 4027/5100
f 4337/5176 4363/5221 4264/5115 4072/5063
f 4359/5178 4071/5062 4263/4985 4364/5219
f 3942/5061 4028/5103 4262/4844 4261/4986
f 4027/5100 4266/5139 4268/5142 4107/5101
f 4072/5063 4264/5115 4265/5118 3941/5064
f 3763/4776 4253/5077 4259/5067 3772/4777
f 3750/4784 4243/5074 4257/5065 3770/4785
f 3764/4802 3765/4801 4230/4831 4229/5079
f 3763/4776 3764/4804 4229/5078 4253/5077
f 3758/4814 3759/4813 4227/5066 4226/5076
f 3757/4818 3758/4817 4226/5075 4250/4860
f 3736/4824 4233/5070 4248/5072 3755/4825
f 3739/4828 4235/5071 4247/5069 3754/4829
f 3742/4839 4238/5073 4243/5074 3750/4784
f 3755/4825 4248/5072 4238/5073 3742/4839
f 3751/4857 4244/5068 4235/5071 3739/4828
f 3754/4829 4247/5069 4233/5070 3736/4824
f 3772/4777 4259/5067 4244/5068 3751/4857
f 3770/4785 4257/5065 4227/5066 3759/4813
f 4071/5062 3942/5061 4261/4986 4263/4985
f 3899/5081 3902/5080 4222/4865 4219/4858
f 3936/5083 3922/5082 4242/4854 4256/4788
f 3900/5084 4220/4862 4221/4864 3901/5085
f 3908/5086 4228/4807 4220/4862 3900/5084
f 3912/5087 4232/4770 4250/4860 3930/4909
f 3938/5089 3911/5088 4231/4795 4258/4780
f 3935/5090 3899/5081 4219/4858 4255/4792
f 3929/5092 3914/5091 4234/4832 4249/4820
f 3926/5094 3916/5093 4236/4836 4246/4833
f 3922/5082 3917/5095 4237/4819 4242/4854
f 3920/5097 3919/5096 4239/4842 4240/4852
f 3904/5098 4224/4850 4223/4840 3903/5099
f 4028/5103 4083/5102 4267/4845 4262/4844
f 3919/5096 3921/5104 4241/4771 4239/4842
f 3903/5099 4223/4840 4225/4767 3905/5105
f 3916/5093 3925/5106 4245/4779 4236/4836
f 3914/5091 3926/5094 4246/4833 4234/4832
f 3940/5107 3910/4905 4230/4831 4260/4772
f 3917/5095 3929/5092 4249/4820 4237/4819
f 3908/5086 3931/5108 4251/4808 4228/4807
f 3931/5110 3932/5109 4252/4787 4251/4805
f 3911/5088 3934/5111 4254/4796 4231/4795
f 3934/5112 3935/5090 4255/4792 4254/4791
f 3932/5109 3936/5083 4256/4788 4252/4787
f 3925/5106 3938/5089 4258/4780 4245/4779
f 3921/5104 3940/5107 4260/4772 4241/4771
f 3905/5105 4225/4767 4232/4770 3912/5087
f 4083/5102 4291/5343 4316/5344 4267/4845
f 4080/5141 4312/5345 4315/5346 4268/5142
f 4116/4958 4310/5347 4314/5348 4218/5169
f 4096/4846 4286/5349 4313/5350 4217/5144
f 4115/4451 4309/5351 4303/5352 4103/4452
f 4091/4419 4297/5353 4310/5347 4116/4958
f 4101/4439 4273/5354 4278/5355 4104/4446
f 4120/4181 4311/5356 4306/5357 4111/4743
f 4095/4527 4300/5358 4309/5351 4115/4451
f 4112/4426 4307/5359 4300/5358 4095/4527
f 4088/4237 4296/5360 4301/5361 4100/4238
f 4024/4454 4294/5362 4296/5360 4088/4237
f 4098/4432 4288/5363 4271/5364 4082/4176
f 4093/4206 4272/5365 4297/5353 4091/4419
f 4087/4745 4289/5366 4283/5367 4089/4425
f 4077/4730 4295/5368 4280/5369 4099/4731
f 4268/5142 4315/5346 4305/5370 4107/5101
f 4099/4731 4280/5369 4284/5371 4090/4200
f 4105/4443 4304/5372 4308/5373 4113/4444
f 4107/5101 4305/5370 4292/5374 4085/4888
f 4085/4888 4292/5374 4270/5375 4118/4487
f 4086/4488 4290/5376 4295/5377 4077/4733
f 4092/4177 4298/5378 4289/5379 4087/4747
f 4267/4845 4316/5344 4286/5349 4096/4846
f 4217/5144 4313/5350 4293/5380 4097/4956
f 4110/4503 4269/5381 4287/5382 4084/4889
f 4084/4889 4287/5382 4291/5343 4083/5102
f 4218/5169 4314/5348 4312/5345 4080/5141
f 4106/4438 4279/5383 4273/5354 4101/4439
f 4089/4425 4283/5367 4307/5359 4112/4426
f 4090/4200 4284/5371 4276/5384 4117/4201
f 4082/4176 4271/5364 4298/5378 4092/4177
f 4094/4735 4299/5385 4281/5386 4081/4205
f 4100/4238 4301/5361 4302/5387 4102/4738
f 4117/4201 4276/5384 4275/5388 3894/4455
f 4114/4524 4277/5389 4285/5390 4119/4180
f 4081/4205 4281/5386 4272/5365 4093/4206
f 4119/4180 4285/5390 4311/5356 4120/4181
f 4102/4738 4302/5387 4299/5391 4094/4739
f 4113/4444 4308/5373 4294/5362 4024/4454
f 4104/4446 4278/5355 4274/5392 4109/4447
f 4097/4956 4293/5380 4288/5363 4098/4432
f 4103/4452 4303/5352 4304/5372 4105/4443
f 4111/4741 4306/5393 4282/5394 4108/4502
f 4109/4447 4274/5392 4277/5389 4114/4524
f 3894/4455 4275/5388 4279/5383 4106/4438
f 4118/4487 4270/5375 4290/5376 4086/4488
f 4108/4502 4282/5394 4269/5381 4110/4503
f 3902/5080 4359/5178 4364/5219 4222/4865
f 3901/5085 4221/4864 4363/5221 4337/5176
f 3735/4863 4200/5124 4362/5171 4334/5222
f 3737/4866 4356/5220 4361/5173 4201/5120
f 3973/4965 3819/4218 4336/5189 4338/5172
f 3974/4966 4360/5174 4358/5192 3820/4192
f 3372/4435 4339/5206 4357/5177 3806/4867
f 3360/4255 3805/4872 4335/5175 4340/5204
f 4221/4864 3735/4863 4334/5222 4363/5221
f 4222/4865 4364/5219 4356/5220 3737/4866
f 3450/4316 4347/5207 4355/5181 3687/4430
f 3449/4321 3693/4532 4333/5190 4321/5208
f 3541/4539 4350/5209 4354/5183 3665/4538
f 3554/4252 3671/4251 4332/5187 4327/5214
f 3531/4639 3530/4537 4331/5180 4330/5218
f 3529/4637 3531/4636 4330/5217 4353/5191
f 3519/4658 3518/4657 4329/5182 4328/5216
f 3517/4434 3519/4656 4328/5215 4352/5205
f 3555/4626 3554/4252 4327/5214 4326/5213
f 3553/4489 3555/4624 4326/5212 4351/5186
f 3543/4608 3542/4256 4325/5203 4324/5211
f 3541/4539 3543/4606 4324/5210 4350/5209
f 3393/4353 4345/5202 4349/5193 3481/4350
f 3394/4361 3482/4360 4323/5195 4319/5201
f 3373/4287 4343/5194 4348/5197 3458/4286
f 3374/4278 3457/4277 4322/5199 4317/5196
f 3377/4322 3449/4321 4321/5208 4318/5200
f 3378/4318 4344/5198 4347/5207 3450/4316
f 3517/4434 4352/5205 4339/5206 3372/4435
f 3542/4256 3360/4255 4340/5204 4325/5203
f 3425/4511 4346/5184 4345/5202 3393/4353
f 3426/4515 3394/4361 4319/5201 4320/5188
f 3457/4277 3377/4322 4318/5200 4322/5199
f 3458/4286 4348/5197 4344/5198 3378/4318
f 3482/4360 3374/4278 4317/5196 4323/5195
f 3481/4350 4349/5193 4343/5194 3373/4287
f 3820/4192 4358/5192 4341/5179 3371/4193
f 3693/4532 3529/4637 4353/5191 4333/5190
f 3819/4218 3359/4217 4342/5185 4336/5189
f 3671/4251 3426/4515 4320/5188 4332/5187
f 3359/4217 3553/4489 4351/5186 4342/5185
f 3665/4538 4354/5183 4346/5184 3425/4511
f 3687/4430 4355/5181 4329/5182 3518/4657
f 3371/4193 4341/5179 4331/5180 3530/4537
f 3806/4867 4357/5177 4359/5178 3902/5080
f 3805/4872 3901/5085 4337/5176 4335/5175
f 4201/5120 4361/5173 4360/5174 3974/4966
f 4200/5124 3973/4965 4338/5172 4362/5171
f 4291/5343 4385/5395 4391/5396 4316/5344
f 4312/5345 4387/5397 4390/5398 4315/5346
f 4310/5347 4411/5399 4389/5400 4314/5348
f 4286/5349 4382/5401 4388/5402 4313/5350
f 4309/5351 4410/5403 4404/5404 4303/5352
f 4297/5353 4398/5405 4411/5399 4310/5347
f 4273/5354 4369/5406 4374/5407 4278/5355
f 4311/5356 4412/5408 4407/5409 4306/5357
f 4300/5358 4401/5410 4410/5403 4309/5351
f 4307/5359 4408/5411 4401/5410 4300/5358
f 4296/5360 4397/5412 4402/5413 4301/5361
f 4294/5362 4395/5414 4397/5412 4296/5360
f 4288/5363 4384/5415 4367/5416 4271/5364
f 4272/5365 4368/5417 4398/5405 4297/5353
f 4289/5366 4392/5418 4379/5419 4283/5367
f 4295/5368 4396/5420 4376/5421 4280/5369
f 4315/5346 4390/5398 4406/5422 4305/5370
f 4280/5369 4376/5421 4380/5423 4284/5371
f 4304/5372 4405/5424 4409/5425 4308/5373
f 4305/5370 4406/5422 4394/5426 4292/5374
f 4292/5374 4394/5426 4366/5427 4270/5375
f 4290/5376 4393/5428 4396/5429 4295/5377
f 4298/5378 4399/5430 4392/5431 4289/5379
f 4316/5344 4391/5396 4382/5401 4286/5349
f 4313/5350 4388/5402 4386/5432 4293/5380
f 4269/5381 4365/5433 4383/5434 4287/5382
f 4287/5382 4383/5434 4385/5395 4291/5343
f 4314/5348 4389/5400 4387/5397 4312/5345
f 4279/5383 4375/5435 4369/5406 4273/5354
f 4283/5367 4379/5419 4408/5411 4307/5359
f 4284/5371 4380/5423 4372/5436 4276/5384
f 4271/5364 4367/5416 4399/5430 4298/5378
f 4299/5385 4400/5437 4377/5438 4281/5386
f 4301/5361 4402/5413 4403/5439 4302/5387
f 4276/5384 4372/5436 4371/5440 4275/5388
f 4277/5389 4373/5441 4381/5442 4285/5390
f 4281/5386 4377/5438 4368/5417 4272/5365
f 4285/5390 4381/5442 4412/5408 4311/5356
f 4302/5387 4403/5439 4400/5443 4299/5391
f 4308/5373 4409/5425 4395/5414 4294/5362
f 4278/5355 4374/5407 4370/5444 4274/5392
f 4293/5380 4386/5432 4384/5415 4288/5363
f 4303/5352 4404/5404 4405/5424 4304/5372
f 4306/5393 4407/5445 4378/5446 4282/5394
f 4274/5392 4370/5444 4373/5441 4277/5389
f 4275/5388 4371/5440 4375/5435 4279/5383
f 4270/5375 4366/5427 4393/5428 4290/5376
f 4282/5394 4378/5446 4365/5433 4269/5381
f 4385/5395 4433/5259 4439/5261 4391/5396
f 4387/5397 4435/5257 4438/5268 4390/5398
f 4411/5399 4459/5276 4437/5256 4389/5400
f 4382/5401 4430/5262 4436/5260 4388/5402
f 4410/5403 4458/5274 4452/5234 4404/5404
f 4398/5405 4446/5271 4459/5276 4411/5399
f 4369/5406 4417/5255 4422/5238 4374/5407
f 4412/5408 4460/5244 4455/5275 4407/5409
f 4401/5410 4449/5273 4458/5274 4410/5403
f 4408/5411 4456/5254 4449/5273 4401/5410
f 4397/5412 4445/5272 4450/5248 4402/5413
f 4395/5414 4443/5240 4445/5272 4397/5412
f 4384/5415 4432/5237 4415/5250 4367/5416
f 4368/5417 4416/5246 4446/5271 4398/5405
f 4392/5418 4440/5270 4427/5253 4379/5419
f 4396/5420 4444/5269 4424/5267 4376/5421
f 4390/5398 4438/5268 4454/5266 4406/5422
f 4376/5421 4424/5267 4428/5252 4380/5423
f 4405/5424 4453/5235 4457/5239 4409/5425
f 4406/5422 4454/5266 4442/5265 4394/5426
f 4394/5426 4442/5265 4414/5223 4366/5427
f 4393/5428 4441/5224 4444/5264 4396/5429
f 4399/5430 4447/5251 4440/5263 4392/5431
f 4391/5396 4439/5261 4430/5262 4382/5401
f 4388/5402 4436/5260 4434/5236 4386/5432
f 4365/5433 4413/4849 4431/5258 4383/5434
f 4383/5434 4431/5258 4433/5259 4385/5395
f 4389/5400 4437/5256 4435/5257 4387/5397
f 4375/5435 4423/5226 4417/5255 4369/5406
f 4379/5419 4427/5253 4456/5254 4408/5411
f 4380/5423 4428/5252 4420/5247 4372/5436
f 4367/5416 4415/5250 4447/5251 4399/5430
f 4400/5437 4448/5249 4425/5245 4377/5438
f 4402/5413 4450/5248 4451/5241 4403/5439
f 4372/5436 4420/5247 4419/5225 4371/5440
f 4373/5441 4421/5232 4429/5243 4381/5442
f 4377/5438 4425/5245 4416/5246 4368/5417
f 4381/5442 4429/5243 4460/5244 4412/5408
f 4403/5439 4451/5241 4448/5242 4400/5443
f 4409/5425 4457/5239 4443/5240 4395/5414
f 4374/5407 4422/5238 4418/5231 4370/5444
f 4386/5432 4434/5236 4432/5237 4384/5415
f 4404/5404 4452/5234 4453/5235 4405/5424
f 4407/5445 4455/5233 4426/4848 4378/5446
f 4370/5444 4418/5231 4421/5232 4373/5441
f 4371/5440 4419/5225 4423/5226 4375/5435
f 4366/5427 4414/5223 4441/5224 4393/5428
f 4378/5446 4426/4848 4413/4849 4365/5433
o book-02
v -0.178838 0.007380 0.000000
v -0.174509 0.006449 0.000000
v -0.170110 0.004495 0.000000
v -0.166637 0.001459 0.000000
v -0.166278 0.001228 0.000000
v -0.165837 0.001062 0.000000
v -0.165415 0.001000 0.000000
v -0.158446 0.001000 0.000000
v -0.087467 0.001000 0.000000
v -0.178838 0.007380 0.057500
v -0.174509 0.006449 0.057500
v -0.170110 0.004495 0.057500
v -0.166278 0.001228 0.057500
v -0.165837 0.001062 0.057500
v -0.165415 0.001000 0.057500
v -0.158446 0.001000 0.057500
v -0.166637 0.001459 0.057500
v -0.087467 0.001000 0.057500
v -0.166637 0.001459 -0.057500
v -0.178838 0.007380 -0.057500
v -0.174509 0.006449 -0.057500
v -0.170110 0.004495 -0.057500
v -0.166278 0.001228 -0.057500
v -0.165837 0.001062 -0.057500
v -0.165415 0.001000 -0.057500
v -0.158446 0.001000 -0.057500
v -0.087467 0.001000 -0.057500
v -0.122956 0.001000 0.000000
v -0.122956 0.001000 0.057500
v -0.122956 0.001000 -0.057500
v -0.051977 0.001000 0.000000
v -0.051977 0.001000 0.057500
v -0.051977 0.001000 -0.057500
v -0.178838 0.007380 0.086250
v -0.174509 0.006449 0.086250
v -0.170110 0.004495 0.086250
v -0.166278 0.001228 0.086250
v -0.165837 0.001062 0.086250
v -0.165415 0.001000 0.086250
v -0.158446 0.001000 0.086250
v -0.087467 0.001000 0.086250
v -0.166637 0.001459 0.086250
v -0.122956 0.001000 0.086250
v -0.051977 0.001000 0.086250
v -0.178838 0.007380 0.112117
v -0.174509 0.006449 0.112117
v -0.170110 0.004495 0.112117
v -0.166278 0.001228 0.112117
v -0.165837 0.001062 0.112117
v -0.165415 0.001000 0.112117
v -0.158446 0.001000 0.112117
v -0.087467 0.001000 0.112117
v -0.122956 0.001000 0.112117
v -0.051977 0.001000 0.112117
v -0.166637 0.001459 0.112117
v -0.034232 0.001000 0.000000
v -0.034232 0.001000 0.057500
v -0.034232 0.001000 -0.057500
v -0.034232 0.001000 0.086250
v -0.034232 0.001000 0.112117
v -0.019603 0.001000 0.000000
v -0.019603 0.001000 0.057500
v -0.019603 0.001000 -0.057500
v -0.019603 0.001000 0.086250
v -0.019603 0.001000 0.112117
v -0.166637 0.001459 -0.086250
v -0.178838 0.007380 -0.086250
v -0.174509 0.006449 -0.086250
v -0.170110 0.004495 -0.086250
v -0.166278 0.001228 -0.086250
v -0.165837 0.001062 -0.086250
v -0.165415 0.001000 -0.086250
v -0.158446 0.001000 -0.086250
v -0.087467 0.001000 -0.086250
v -0.122956 0.001000 -0.086250
v -0.051977 0.001000 -0.086250
v -0.034232 0.001000 -0.086250
v -0.019603 0.001000 -0.086250
v -0.166637 0.001459 -0.112643
v -0.178838 0.007380 -0.112643
v -0.174509 0.006449 -0.112643
v -0.170110 0.004495 -0.112643
v -0.166278 0.001228 -0.112643
v -0.165837 0.001062 -0.112643
v -0.165415 0.001000 -0.112643
v -0.158446 0.001000 -0.112643
v -0.087467 0.001000 -0.112643
v -0.122956 0.001000 -0.112643
v -0.051977 0.001000 -0.112643
v -0.034232 0.001000 -0.112643
v -0.019603 0.001000 -0.112643
v -0.179593 0.007476 -0.057500
v -0.179593 0.007476 0.000000
v -0.174509 0.009241 -0.057500
v -0.174509 0.009241 0.000000
v -0.170110 0.009914 -0.057500
v -0.170110 0.009914 0.000000
v -0.166637 0.009999 0.057500
v -0.166637 0.009999 0.000000
v -0.166278 0.010000 -0.057500
v -0.166278 0.010000 0.000000
v -0.165837 0.009990 -0.057500
v -0.165837 0.009990 0.000000
v -0.165415 0.009983 -0.057500
v -0.165415 0.009983 0.000000
v -0.158446 0.009981 -0.057500
v -0.158446 0.009981 0.000000
v -0.122956 0.009569 0.000000
v -0.087467 0.008150 0.000000
v -0.087467 0.008150 -0.057500
v -0.179593 0.007476 0.057500
v -0.174509 0.009241 0.057500
v -0.170110 0.009914 0.057500
v -0.166278 0.010000 0.057500
v -0.165837 0.009990 0.057500
v -0.165415 0.009983 0.057500
v -0.158446 0.009981 0.057500
v -0.166637 0.009999 0.086250
v -0.087467 0.008150 0.057500
v -0.122956 0.009569 0.057500
v -0.166637 0.009999 -0.057500
v -0.179593 0.007476 -0.086250
v -0.174509 0.009241 -0.086250
v -0.170110 0.009914 -0.086250
v -0.166278 0.010000 -0.086250
v -0.165837 0.009990 -0.086250
v -0.165415 0.009983 -0.086250
v -0.158446 0.009981 -0.086250
v -0.087467 0.008150 -0.086250
v -0.122956 0.009569 -0.057500
v -0.122956 0.009569 -0.086250
v -0.051977 0.006741 0.000000
v -0.051977 0.006741 0.057500
v -0.051977 0.006741 -0.057500
v -0.051977 0.006741 -0.086250
v -0.179593 0.007476 0.086250
v -0.174509 0.009241 0.086250
v -0.170110 0.009914 0.086250
v -0.166278 0.010000 0.086250
v -0.165837 0.009990 0.086250
v -0.165415 0.009983 0.086250
v -0.158446 0.009981 0.086250
v -0.087467 0.008150 0.086250
v -0.166637 0.009999 0.112117
v -0.122956 0.009569 0.086250
v -0.051977 0.006741 0.086250
v -0.179593 0.007476 0.112117
v -0.174509 0.009241 0.112117
v -0.170110 0.009914 0.112117
v -0.166278 0.010000 0.112117
v -0.165837 0.009990 0.112117
v -0.165415 0.009983 0.112117
v -0.158446 0.009981 0.112117
v -0.087467 0.008150 0.112117
v -0.122956 0.009569 0.112117
v -0.051977 0.006741 0.112117
v -0.034232 0.005839 0.000000
v -0.034232 0.005839 0.057500
v -0.034232 0.005839 -0.057500
v -0.034232 0.005839 0.086250
v -0.034232 0.005839 0.112117
v -0.034232 0.005839 -0.086250
v -0.021240 0.004849 0.000000
v -0.021240 0.004849 0.057500
v -0.021240 0.004849 -0.057500
v -0.021240 0.004849 0.086250
v -0.021240 0.004849 0.112117
v -0.021240 0.004849 -0.086250
v -0.166637 0.009999 -0.086250
v -0.179593 0.007476 -0.112643
v -0.174509 0.009241 -0.112643
v -0.170110 0.009914 -0.112643
v -0.166278 0.010000 -0.112643
v -0.165837 0.009990 -0.112643
v -0.165415 0.009983 -0.112643
v -0.158446 0.009981 -0.112643
v -0.087467 0.008150 -0.112643
v -0.122956 0.009569 -0.112643
v -0.051977 0.006741 -0.112643
v -0.034232 0.005839 -0.112643
v -0.021240 0.004849 -0.112643
v -0.166637 0.009999 -0.112643
v -0.166637 0.001459 0.111961
v -0.178838 0.007380 0.111961
v -0.174509 0.006449 0.111961
v -0.170110 0.004495 0.111961
v -0.166278 0.001228 0.111961
v -0.165837 0.001062 0.111961
v -0.165415 0.001000 0.111961
v -0.158446 0.001000 0.111961
v -0.087467 0.001000 0.111961
v -0.122956 0.001000 0.111961
v -0.051977 0.001000 0.111961
v -0.034232 0.001000 0.111961
v -0.019603 0.001000 0.111961
v -0.166637 0.009999 0.111961
v -0.179593 0.007476 0.111961
v -0.174509 0.009241 0.111961
v -0.170110 0.009914 0.111961
v -0.166278 0.010000 0.111961
v -0.165837 0.009990 0.111961
v -0.165415 0.009983 0.111961
v -0.158446 0.009981 0.111961
v -0.087467 0.008150 0.111961
v -0.122956 0.009569 0.111961
v -0.051977 0.006741 0.111961
v -0.034232 0.005839 0.111961
v -0.021240 0.004849 0.111961
v -0.166637 0.001459 0.109459
v -0.166637 0.009999 0.109459
v -0.178838 0.007380 0.109459
v -0.174509 0.006449 0.109459
v -0.170110 0.004495 0.109459
v -0.166278 0.001228 0.109459
v -0.165837 0.001062 0.109459
v -0.165415 0.001000 0.109459
v -0.158446 0.001000 0.109459
v -0.087467 0.001000 0.109459
v -0.122956 0.001000 0.109459
v -0.051977 0.001000 0.109459
v -0.034232 0.001000 0.109459
v -0.019603 0.001000 0.109459
v -0.179593 0.007476 0.109459
v -0.174509 0.009241 0.109459
v -0.170110 0.009914 0.109459
v -0.166278 0.010000 0.109459
v -0.165837 0.009990 0.109459
v -0.165415 0.009983 0.109459
v -0.158446 0.009981 0.109459
v -0.087467 0.008150 0.109459
v -0.122956 0.009569 0.109459
v -0.051977 0.006741 0.109459
v -0.034232 0.005839 0.109459
v -0.021240 0.004849 0.109459
v -0.178838 0.007380 -0.112559
v -0.174509 0.006449 -0.112559
v -0.170110 0.004495 -0.112559
v -0.166278 0.001228 -0.112559
v -0.165837 0.001062 -0.112559
v -0.165415 0.001000 -0.112559
v -0.158446 0.001000 -0.112559
v -0.087467 0.001000 -0.112559
v -0.122956 0.001000 -0.112559
v -0.051977 0.001000 -0.112559
v -0.034232 0.001000 -0.112559
v -0.019603 0.001000 -0.112559
v -0.166637 0.001459 -0.112559
v -0.179593 0.007476 -0.112559
v -0.174509 0.009241 -0.112559
v -0.170110 0.009914 -0.112559
v -0.166278 0.010000 -0.112559
v -0.165837 0.009990 -0.112559
v -0.165415 0.009983 -0.112559
v -0.158446 0.009981 -0.112559
v -0.087467 0.008150 -0.112559
v -0.122956 0.009569 -0.112559
v -0.051977 0.006741 -0.112559
v -0.034232 0.005839 -0.112559
v -0.021240 0.004849 -0.112559
v -0.166637 0.009999 -0.112559
v -0.178838 0.007380 -0.108539
v -0.174509 0.006449 -0.108539
v -0.170110 0.004495 -0.108539
v -0.166278 0.001228 -0.108539
v -0.165837 0.001062 -0.108539
v -0.165415 0.001000 -0.108539
v -0.158446 0.001000 -0.108539
v -0.087467 0.001000 -0.108539
v -0.122956 0.001000 -0.108539
v -0.051977 0.001000 -0.108539
v -0.034232 0.001000 -0.108539
v -0.019603 0.001000 -0.108539
v -0.179593 0.007476 -0.108539
v -0.174509 0.009241 -0.108539
v -0.170110 0.009914 -0.108539
v -0.166278 0.010000 -0.108539
v -0.165837 0.009990 -0.108539
v -0.165415 0.009983 -0.108539
v -0.158446 0.009981 -0.108539
v -0.087467 0.008150 -0.108539
v -0.122956 0.009569 -0.108539
v -0.051977 0.006741 -0.108539
v -0.034232 0.005839 -0.108539
v -0.021240 0.004849 -0.108539
v -0.166637 0.001459 -0.108539
v -0.166637 0.009999 -0.108539
v -0.170110 0.009847 -0.112643
v -0.166637 0.009932 -0.112643
v -0.174509 0.009174 0.112117
v -0.179526 0.007470 0.112117
v -0.179526 0.007470 0.000000
v -0.179526 0.007470 -0.057500
v -0.179526 0.007470 0.057500
v -0.158446 0.009914 -0.112643
v -0.165415 0.009916 0.112117
v -0.179526 0.007470 -0.086250
v -0.179526 0.007470 -0.112643
v -0.166278 0.009933 0.112117
v -0.166637 0.009932 0.112117
v -0.122956 0.009502 0.112117
v -0.158446 0.009914 0.112117
v -0.165837 0.009923 0.112117
v -0.021214 0.004787 0.112117
v -0.034232 0.005772 0.112117
v -0.179526 0.007470 0.086250
v -0.087467 0.008083 0.112117
v -0.021214 0.004787 -0.086250
v -0.021214 0.004787 -0.057500
v -0.051977 0.006674 0.112117
v -0.021214 0.004787 0.000000
v -0.021214 0.004787 0.057500
v -0.122956 0.009502 -0.112643
v -0.087467 0.008083 -0.112643
v -0.051977 0.006674 -0.112643
v -0.034232 0.005772 -0.112643
v -0.021214 0.004787 0.086250
v -0.021214 0.004787 -0.112643
v -0.165837 0.009923 -0.112643
v -0.165415 0.009916 -0.112643
v -0.166278 0.009933 -0.112643
v -0.174509 0.009174 -0.112643
v -0.170110 0.009847 0.112117
v -0.021214 0.004787 0.111961
v -0.179526 0.007470 0.111961
v -0.179526 0.007470 0.109459
v -0.021214 0.004787 0.109459
v -0.021214 0.004787 -0.112559
v -0.179526 0.007470 -0.112559
v -0.021214 0.004787 -0.108539
v -0.179526 0.007470 -0.108539
v -0.166637 0.001648 -0.112643
v -0.178884 0.007406 0.112117
v -0.178884 0.007406 -0.057500
v -0.158446 0.001200 -0.112643
v -0.165415 0.001200 0.112117
v -0.178884 0.007406 -0.112643
v -0.166637 0.001648 0.112117
v -0.158446 0.001200 0.112117
v -0.034232 0.001104 0.112117
v -0.178884 0.007406 0.086250
v -0.019638 0.001082 -0.057500
v -0.019638 0.001082 0.057500
v -0.087467 0.001157 -0.112643
v -0.034232 0.001104 -0.112643
v -0.019638 0.001082 0.086250
v -0.019638 0.001082 -0.112643
v -0.165415 0.001200 -0.112643
v -0.174509 0.006507 -0.112643
v -0.170110 0.004613 0.112117
v -0.170110 0.004613 -0.112643
v -0.174509 0.006507 0.112117
v -0.178884 0.007406 0.000000
v -0.178884 0.007406 0.057500
v -0.178884 0.007406 -0.086250
v -0.166278 0.001422 0.112117
v -0.122956 0.001190 0.112117
v -0.165837 0.001260 0.112117
v -0.019638 0.001082 0.112117
v -0.087467 0.001157 0.112117
v -0.019638 0.001082 -0.086250
v -0.051977 0.001125 0.112117
v -0.019638 0.001082 0.000000
v -0.122956 0.001190 -0.112643
v -0.051977 0.001125 -0.112643
v -0.165837 0.001260 -0.112643
v -0.166278 0.001422 -0.112643
v -0.019638 0.001082 0.111961
v -0.178884 0.007406 0.111961
v -0.178884 0.007406 0.109459
v -0.019638 0.001082 0.109459
v -0.019638 0.001082 -0.112559
v -0.178884 0.007406 -0.112559
v -0.019638 0.001082 -0.108539
v -0.178884 0.007406 -0.108539
v -0.178433 0.007293 0.000000
v -0.178433 0.007293 0.057500
v -0.178433 0.007293 -0.057500
v -0.178433 0.007293 0.086250
v -0.178433 0.007293 0.112117
v -0.178433 0.007293 -0.086250
v -0.178433 0.007293 -0.112643
v -0.179117 0.007641 0.000000
v -0.179117 0.007641 0.057500
v -0.179117 0.007641 -0.057500
v -0.179117 0.007641 0.086250
v -0.179117 0.007641 0.112117
v -0.179117 0.007641 -0.086250
v -0.179117 0.007641 -0.112643
v -0.179117 0.007641 0.111961
v -0.178433 0.007293 0.111961
v -0.178433 0.007293 0.109459
v -0.179117 0.007641 0.109459
v -0.179117 0.007641 -0.112559
v -0.178433 0.007293 -0.112559
v -0.179117 0.007641 -0.108539
v -0.178433 0.007293 -0.108539
v -0.179056 0.007629 -0.112643
v -0.179056 0.007629 0.112117
v -0.178473 0.007339 0.112119
v -0.178474 0.007345 -0.112643
v -0.019744 0.001000 0.000000
v -0.019744 0.001000 0.057500
v -0.019744 0.001000 -0.057500
v -0.019744 0.001000 0.086250
v -0.019744 0.001000 0.112117
v -0.019744 0.001000 -0.086250
v -0.019744 0.001000 -0.112643
v -0.021366 0.004859 0.000000
v -0.021366 0.004859 0.057500
v -0.021366 0.004859 -0.057500
v -0.021366 0.004859 0.086250
v -0.021366 0.004859 0.112117
v -0.021366 0.004859 -0.086250
v -0.021366 0.004859 -0.112643
v -0.021366 0.004859 0.111961
v -0.019744 0.001000 0.111961
v -0.019744 0.001000 0.109459
v -0.021366 0.004859 0.109459
v -0.021366 0.004859 -0.112559
v -0.019744 0.001000 -0.112559
v -0.021366 0.004859 -0.108539
v -0.019744 0.001000 -0.108539
v -0.021340 0.004797 -0.112643
v -0.021340 0.004797 0.112117
v -0.019779 0.001082 0.112117
v -0.019779 0.001082 -0.112643
v -0.179640 0.007468 -0.057500
v -0.179640 0.007468 -0.000000
v -0.174509 0.009359 -0.057500
v -0.174509 0.009359 0.000000
v -0.170110 0.010690 -0.057500
v -0.170110 0.010690 0.000000
v -0.166637 0.010978 0.057500
v -0.166637 0.010978 0.000000
v -0.166278 0.010981 -0.057500
v -0.166278 0.010981 0.000000
v -0.165837 0.010980 -0.057500
v -0.165837 0.010980 0.000000
v -0.165415 0.010978 -0.057500
v -0.165415 0.010978 0.000000
v -0.158446 0.010765 -0.057500
v -0.158446 0.010765 0.000000
v -0.122956 0.009726 0.000000
v -0.087467 0.008150 0.000000
v -0.087467 0.008150 -0.057500
v -0.179640 0.007468 0.057500
v -0.174509 0.009359 0.057500
v -0.170110 0.010690 0.057500
v -0.166278 0.010981 0.057500
v -0.165837 0.010980 0.057500
v -0.165415 0.010978 0.057500
v -0.158446 0.010765 0.057500
v -0.166637 0.010978 0.086250
v -0.087467 0.008150 0.057500
v -0.122956 0.009726 0.057500
v -0.166637 0.010978 -0.057500
v -0.179640 0.007468 -0.086250
v -0.174509 0.009359 -0.086250
v -0.170110 0.010690 -0.086250
v -0.166278 0.010981 -0.086250
v -0.165837 0.010980 -0.086250
v -0.165415 0.010978 -0.086250
v -0.158446 0.010765 -0.086250
v -0.087467 0.008150 -0.086250
v -0.122956 0.009726 -0.057500
v -0.122956 0.009726 -0.086250
v -0.051977 0.006741 0.000000
v -0.051977 0.006741 0.057500
v -0.051977 0.006741 -0.057500
v -0.051977 0.006741 -0.086250
v -0.179640 0.007468 0.086250
v -0.174509 0.009359 0.086250
v -0.170110 0.010690 0.086250
v -0.166278 0.010981 0.086250
v -0.165837 0.010980 0.086250
v -0.165415 0.010978 0.086250
v -0.158446 0.010765 0.086250
v -0.087467 0.008150 0.086250
v -0.166637 0.010978 0.112117
v -0.122956 0.009726 0.086250
v -0.051977 0.006741 0.086250
v -0.179640 0.007468 0.112117
v -0.174509 0.009359 0.112117
v -0.170110 0.010690 0.112117
v -0.166278 0.010981 0.112117
v -0.165837 0.010980 0.112117
v -0.165415 0.010978 0.112117
v -0.158446 0.010765 0.112117
v -0.087467 0.008150 0.112117
v -0.122956 0.009726 0.112117
v -0.051977 0.006741 0.112117
v -0.034232 0.005839 0.000000
v -0.034232 0.005839 0.057500
v -0.034232 0.005839 -0.057500
v -0.034232 0.005839 0.086250
v -0.034232 0.005839 0.112117
v -0.034232 0.005839 -0.086250
v -0.021559 0.004873 0.000000
v -0.021559 0.004873 0.057500
v -0.021559 0.004873 -0.057500
v -0.021559 0.004873 0.086250
v -0.021559 0.004873 0.112117
v -0.021559 0.004873 -0.086250
v -0.166637 0.010978 -0.086250
v -0.179640 0.007468 -0.112643
v -0.174509 0.009359 -0.112643
v -0.170110 0.010690 -0.112643
v -0.166278 0.010981 -0.112643
v -0.165837 0.010980 -0.112643
v -0.165415 0.010978 -0.112643
v -0.158446 0.010765 -0.112643
v -0.087467 0.008150 -0.112643
v -0.122956 0.009726 -0.112643
v -0.051977 0.006741 -0.112643
v -0.034232 0.005839 -0.112643
v -0.021559 0.004873 -0.112643
v -0.166637 0.010978 -0.112643
v -0.181517 0.007611 -0.057500
v -0.181517 0.007611 -0.000000
v -0.174509 0.010459 -0.057500
v -0.174509 0.010459 0.000000
v -0.170110 0.011671 -0.057500
v -0.170110 0.011671 0.000000
v -0.166637 0.011802 0.057500
v -0.166637 0.011802 0.000000
v -0.166278 0.011804 -0.057500
v -0.166278 0.011804 0.000000
v -0.165837 0.011794 -0.057500
v -0.165837 0.011794 0.000000
v -0.165415 0.011799 -0.057500
v -0.165415 0.011799 0.000000
v -0.158446 0.011654 -0.057500
v -0.158446 0.011654 0.000000
v -0.122956 0.010787 0.000000
v -0.087467 0.009368 0.000000
v -0.087467 0.009368 -0.057500
v -0.181517 0.007611 0.057500
v -0.174509 0.010459 0.057500
v -0.170110 0.011671 0.057500
v -0.166278 0.011804 0.057500
v -0.165837 0.011794 0.057500
v -0.165415 0.011799 0.057500
v -0.158446 0.011654 0.057500
v -0.166637 0.011802 0.086250
v -0.087467 0.009368 0.057500
v -0.122956 0.010787 0.057500
v -0.166637 0.011802 -0.057500
v -0.181517 0.007611 -0.086250
v -0.174509 0.010459 -0.086250
v -0.170110 0.011671 -0.086250
v -0.166278 0.011804 -0.086250
v -0.165837 0.011794 -0.086250
v -0.165415 0.011799 -0.086250
v -0.158446 0.011654 -0.086250
v -0.087467 0.009368 -0.086250
v -0.122956 0.010787 -0.057500
v -0.122956 0.010787 -0.086250
v -0.051977 0.007705 0.000000
v -0.051977 0.007705 0.057500
v -0.051977 0.007705 -0.057500
v -0.051977 0.007705 -0.086250
v -0.181517 0.007611 0.086250
v -0.174509 0.010459 0.086250
v -0.170110 0.011671 0.086250
v -0.166278 0.011804 0.086250
v -0.165837 0.011794 0.086250
v -0.165415 0.011799 0.086250
v -0.158446 0.011654 0.086250
v -0.087467 0.009368 0.086250
v -0.166637 0.011802 0.112117
v -0.122956 0.010787 0.086250
v -0.051977 0.007705 0.086250
v -0.181517 0.007611 0.112117
v -0.174509 0.010459 0.112117
v -0.170110 0.011671 0.112117
v -0.166278 0.011804 0.112117
v -0.165837 0.011794 0.112117
v -0.165415 0.011799 0.112117
v -0.158446 0.011654 0.112117
v -0.087467 0.009368 0.112117
v -0.122956 0.010787 0.112117
v -0.051977 0.007705 0.112117
v -0.034232 0.006697 0.000000
v -0.034232 0.006697 0.057500
v -0.034232 0.006697 -0.057500
v -0.034232 0.006697 0.086250
v -0.034232 0.006697 0.112117
v -0.034232 0.006697 -0.086250
v -0.022096 0.005546 0.000000
v -0.022096 0.005546 0.057500
v -0.022096 0.005546 -0.057500
v -0.022096 0.005546 0.086250
v -0.022096 0.005546 0.112117
v -0.022096 0.005546 -0.086250
v -0.166637 0.011802 -0.086250
v -0.181517 0.007611 -0.112643
v -0.174509 0.010459 -0.112643
v -0.170110 0.011671 -0.112643
v -0.166278 0.011804 -0.112643
v -0.165837 0.011794 -0.112643
v -0.165415 0.011799 -0.112643
v -0.158446 0.011654 -0.112643
v -0.087467 0.009368 -0.112643
v -0.122956 0.010787 -0.112643
v -0.051977 0.007705 -0.112643
v -0.034232 0.006697 -0.112643
v -0.022096 0.005546 -0.112643
v -0.166637 0.011802 -0.112643
v -0.166637 0.010978 0.112013
v -0.179640 0.007468 0.112013
v -0.174509 0.009359 0.112013
v -0.170110 0.010690 0.112013
v -0.166278 0.010981 0.112013
v -0.165837 0.010980 0.112013
v -0.165415 0.010978 0.112013
v -0.158446 0.010765 0.112013
v -0.087467 0.008150 0.112013
v -0.122956 0.009726 0.112013
v -0.051977 0.006741 0.112013
v -0.034232 0.005839 0.112013
v -0.021559 0.004873 0.112013
v -0.166637 0.011802 0.112013
v -0.181517 0.007611 0.112013
v -0.174509 0.010459 0.112013
v -0.170110 0.011671 0.112013
v -0.166278 0.011804 0.112013
v -0.165837 0.011794 0.112013
v -0.165415 0.011799 0.112013
v -0.158446 0.011654 0.112013
v -0.087467 0.009368 0.112013
v -0.122956 0.010787 0.112013
v -0.051977 0.007705 0.112013
v -0.034232 0.006697 0.112013
v -0.022096 0.005546 0.112013
v -0.179640 0.007468 -0.112548
v -0.174509 0.009359 -0.112548
v -0.170110 0.010690 -0.112548
v -0.166278 0.010981 -0.112548
v -0.165837 0.010980 -0.112548
v -0.165415 0.010978 -0.112548
v -0.158446 0.010765 -0.112548
v -0.087467 0.008150 -0.112548
v -0.122956 0.009726 -0.112548
v -0.051977 0.006741 -0.112548
v -0.034232 0.005839 -0.112548
v -0.021559 0.004873 -0.112548
v -0.166637 0.010978 -0.112548
v -0.181517 0.007611 -0.112548
v -0.174509 0.010459 -0.112548
v -0.170110 0.011671 -0.112548
v -0.166278 0.011804 -0.112548
v -0.165837 0.011794 -0.112548
v -0.165415 0.011799 -0.112548
v -0.158446 0.011654 -0.112548
v -0.087467 0.009368 -0.112548
v -0.122956 0.010787 -0.112548
v -0.051977 0.007705 -0.112548
v -0.034232 0.006697 -0.112548
v -0.022096 0.005546 -0.112548
v -0.166637 0.011802 -0.112548
v -0.021653 0.004880 0.000000
v -0.021653 0.004880 0.057500
v -0.021653 0.004880 -0.057500
v -0.021653 0.004880 0.086250
v -0.021653 0.004880 0.112117
v -0.021653 0.004880 -0.086250
v -0.021653 0.004880 -0.112643
v -0.022186 0.005554 0.000000
v -0.022186 0.005554 0.057500
v -0.022186 0.005554 -0.057500
v -0.022186 0.005554 0.086250
v -0.022186 0.005554 0.112117
v -0.022186 0.005554 -0.086250
v -0.022186 0.005554 -0.112643
v -0.022186 0.005554 0.112013
v -0.021653 0.004880 0.112013
v -0.022186 0.005554 -0.112548
v -0.021653 0.004880 -0.112548
v -0.166637 0.011728 0.112117
v -0.170110 0.011588 0.112117
v -0.170110 0.011588 -0.112643
v -0.166637 0.011728 -0.112643
v -0.174509 0.010367 0.112117
v -0.165415 0.011729 -0.112643
v -0.158446 0.011579 -0.112643
v -0.181359 0.007603 0.112117
v -0.181359 0.007603 -0.057500
v -0.181359 0.007603 -0.086250
v -0.122956 0.010698 -0.112643
v -0.087467 0.009265 -0.112643
v -0.122956 0.010698 0.112117
v -0.158446 0.011579 0.112117
v -0.181359 0.007603 0.086250
v -0.181359 0.007603 0.057500
v -0.051977 0.007624 -0.112643
v -0.034232 0.006625 -0.112643
v -0.022051 0.005489 -0.112643
v -0.022051 0.005489 0.112117
v -0.034232 0.006625 0.112117
v -0.165837 0.011724 -0.112643
v -0.022051 0.005489 -0.086250
v -0.022051 0.005489 -0.057500
v -0.166278 0.011731 -0.112643
v -0.022051 0.005489 0.000000
v -0.022051 0.005489 0.057500
v -0.181359 0.007603 -0.000000
v -0.166278 0.011731 0.112117
v -0.051977 0.007624 0.112117
v -0.165837 0.011724 0.112117
v -0.022051 0.005489 0.086250
v -0.165415 0.011729 0.112117
v -0.087467 0.009265 0.112117
v -0.181359 0.007603 -0.112643
v -0.174509 0.010367 -0.112643
v -0.181359 0.007603 0.112013
v -0.022051 0.005489 0.112013
v -0.181359 0.007603 -0.112548
v -0.022051 0.005489 -0.112548
v -0.022141 0.005497 0.112117
v -0.022141 0.005497 -0.112643
v -0.170110 0.010756 0.112117
v -0.166637 0.011038 -0.112643
v -0.174509 0.009433 0.112117
v -0.158446 0.010825 -0.112643
v -0.179766 0.007475 0.112117
v -0.179766 0.007475 -0.086250
v -0.087467 0.008232 -0.112643
v -0.158446 0.010825 0.112117
v -0.179766 0.007475 0.057500
v -0.034232 0.005897 -0.112643
v -0.021595 0.004918 -0.112643
v -0.034232 0.005897 0.112117
v -0.021595 0.004918 -0.057500
v -0.021595 0.004918 0.057500
v -0.051977 0.006806 0.112117
v -0.021595 0.004918 0.086250
v -0.179766 0.007475 -0.112643
v -0.174509 0.009433 -0.112643
v -0.166637 0.011038 0.112117
v -0.170110 0.010756 -0.112643
v -0.165415 0.011033 -0.112643
v -0.179766 0.007475 -0.057500
v -0.122956 0.009798 -0.112643
v -0.122956 0.009798 0.112117
v -0.179766 0.007475 0.086250
v -0.051977 0.006806 -0.112643
v -0.021595 0.004918 0.112117
v -0.165837 0.011035 -0.112643
v -0.021595 0.004918 -0.086250
v -0.166278 0.011039 -0.112643
v -0.021595 0.004918 0.000000
v -0.179766 0.007475 -0.000000
v -0.166278 0.011039 0.112117
v -0.165837 0.011035 0.112117
v -0.165415 0.011033 0.112117
v -0.087467 0.008232 0.112117
v -0.179766 0.007475 0.112013
v -0.021595 0.004918 0.112013
v -0.179766 0.007475 -0.112548
v -0.021595 0.004918 -0.112548
v -0.021689 0.004926 0.112117
v -0.021689 0.004926 -0.112643
v -0.179640 0.007468 -0.108638
v -0.174509 0.009359 -0.108638
v -0.170110 0.010690 -0.108638
v -0.166278 0.010981 -0.108638
v -0.165837 0.010980 -0.108638
v -0.165415 0.010978 -0.108638
v -0.158446 0.010765 -0.108638
v -0.087467 0.008150 -0.108638
v -0.122956 0.009726 -0.108638
v -0.051977 0.006741 -0.108638
v -0.034232 0.005839 -0.108638
v -0.021559 0.004873 -0.108638
v -0.181517 0.007611 -0.108638
v -0.174509 0.010459 -0.108638
v -0.170110 0.011671 -0.108638
v -0.166278 0.011804 -0.108638
v -0.165837 0.011794 -0.108638
v -0.165415 0.011799 -0.108638
v -0.158446 0.011654 -0.108638
v -0.087467 0.009368 -0.108638
v -0.122956 0.010787 -0.108638
v -0.051977 0.007705 -0.108638
v -0.034232 0.006697 -0.108638
v -0.022096 0.005546 -0.108638
v -0.166637 0.010978 -0.108638
v -0.166637 0.011802 -0.108638
v -0.022186 0.005554 -0.108638
v -0.021653 0.004880 -0.108638
v -0.022051 0.005489 -0.108638
v -0.181359 0.007603 -0.108638
v -0.179766 0.007475 -0.108638
v -0.021595 0.004918 -0.108638
v -0.024542 0.005101 0.112013
v -0.024542 0.005101 -0.112548
v -0.024542 0.005101 0.000000
v -0.024542 0.005101 0.057500
v -0.024542 0.005101 -0.057500
v -0.024542 0.005101 0.086250
v -0.024542 0.005101 0.112117
v -0.024542 0.005101 -0.086250
v -0.024542 0.005101 -0.112643
v -0.024952 0.005817 0.000000
v -0.024952 0.005817 0.057500
v -0.024952 0.005817 -0.057500
v -0.024952 0.005817 0.086250
v -0.024952 0.005817 0.112117
v -0.024952 0.005817 -0.086250
v -0.024952 0.005817 -0.112643
v -0.024952 0.005817 0.112013
v -0.024952 0.005817 -0.112548
v -0.024918 0.005756 0.112117
v -0.024918 0.005756 -0.112643
v -0.024569 0.005149 -0.112643
v -0.024569 0.005149 0.112117
v -0.024952 0.005817 -0.108638
v -0.024542 0.005101 -0.108638
v -0.166637 0.010978 0.109464
v -0.166637 0.011802 0.109464
v -0.179640 0.007468 0.109464
v -0.174509 0.009359 0.109464
v -0.170110 0.010690 0.109464
v -0.166278 0.010981 0.109464
v -0.165837 0.010980 0.109464
v -0.165415 0.010978 0.109464
v -0.158446 0.010765 0.109464
v -0.087467 0.008150 0.109464
v -0.122956 0.009726 0.109464
v -0.051977 0.006741 0.109464
v -0.034232 0.005839 0.109464
v -0.021559 0.004873 0.109464
v -0.181517 0.007611 0.109464
v -0.174509 0.010459 0.109464
v -0.170110 0.011671 0.109464
v -0.166278 0.011804 0.109464
v -0.165837 0.011794 0.109464
v -0.165415 0.011799 0.109464
v -0.158446 0.011654 0.109464
v -0.087467 0.009368 0.109464
v -0.122956 0.010787 0.109464
v -0.051977 0.007705 0.109464
v -0.034232 0.006697 0.109464
v -0.022096 0.005546 0.109464
v -0.021653 0.004880 0.109464
v -0.022186 0.005554 0.109464
v -0.181359 0.007603 0.109464
v -0.022051 0.005489 0.109464
v -0.021595 0.004918 0.109464
v -0.179766 0.007475 0.109464
v -0.024542 0.005101 0.109464
v -0.024952 0.005817 0.109464
v -0.179525 0.007511 -0.000000
v -0.179525 0.007511 0.057500
v -0.179525 0.007511 -0.057500
v -0.179525 0.007511 0.086250
v -0.179525 0.007511 0.112117
v -0.179525 0.007511 -0.086250
v -0.179525 0.007511 -0.112643
v -0.181359 0.007685 -0.000000
v -0.181359 0.007685 0.057500
v -0.181359 0.007685 -0.057500
v -0.181359 0.007685 0.086250
v -0.181359 0.007685 0.112117
v -0.181359 0.007685 -0.086250
v -0.181359 0.007685 -0.112643
v -0.181359 0.007685 0.112013
v -0.179525 0.007511 0.112013
v -0.181359 0.007685 -0.112548
v -0.179525 0.007511 -0.112548
v -0.181205 0.007673 -0.112643
v -0.181205 0.007673 0.112117
v -0.179648 0.007520 0.112117
v -0.179648 0.007520 -0.112643
v -0.181359 0.007685 -0.108638
v -0.179525 0.007511 -0.108638
v -0.179525 0.007511 0.109464
v -0.181359 0.007685 0.109464
v -0.187325 0.007971 0.000000
v -0.181657 0.007642 0.000000
v -0.199566 0.007685 0.000000
v -0.191540 0.007989 0.000000
v -0.270474 0.004190 0.000000
v -0.187325 0.007971 0.057500
v -0.181657 0.007642 0.057500
v -0.191540 0.007989 0.057500
v -0.199566 0.007685 0.057500
v -0.270474 0.004190 0.057500
v -0.199566 0.007685 -0.057500
v -0.187325 0.007971 -0.057500
v -0.181657 0.007642 -0.057500
v -0.191540 0.007989 -0.057500
v -0.270474 0.004190 -0.057500
v -0.305928 0.002606 0.000000
v -0.305928 0.002606 0.057500
v -0.305928 0.002606 -0.057500
v -0.235020 0.006043 0.000000
v -0.235020 0.006043 0.057500
v -0.235020 0.006043 -0.057500
v -0.187325 0.007971 0.086250
v -0.181657 0.007642 0.086250
v -0.191540 0.007989 0.086250
v -0.199566 0.007685 0.086250
v -0.270474 0.004190 0.086250
v -0.305928 0.002606 0.086250
v -0.235020 0.006043 0.086250
v -0.187325 0.007971 0.112179
v -0.181657 0.007642 0.112179
v -0.191540 0.007989 0.112179
v -0.199566 0.007685 0.112179
v -0.270474 0.004190 0.112179
v -0.305928 0.002606 0.112179
v -0.235020 0.006043 0.112179
v -0.323655 0.001814 0.000000
v -0.323655 0.001814 0.057500
v -0.323655 0.001814 -0.057500
v -0.323655 0.001814 0.086250
v -0.323655 0.001814 0.112179
v -0.339918 0.001088 0.000000
v -0.339918 0.001088 0.057500
v -0.339918 0.001088 -0.057500
v -0.339918 0.001088 0.086250
v -0.339918 0.001088 0.112179
v -0.199566 0.007685 -0.086250
v -0.270474 0.004190 -0.086250
v -0.187325 0.007971 -0.086250
v -0.181657 0.007642 -0.086250
v -0.191540 0.007989 -0.086250
v -0.305928 0.002606 -0.086250
v -0.235020 0.006043 -0.086250
v -0.323655 0.001814 -0.086250
v -0.339918 0.001088 -0.086250
v -0.199566 0.007685 -0.112651
v -0.270474 0.004190 -0.112651
v -0.305928 0.002606 -0.112651
v -0.235020 0.006043 -0.112651
v -0.323655 0.001814 -0.112651
v -0.339918 0.001088 -0.112651
v -0.187325 0.007971 -0.112651
v -0.181657 0.007642 -0.112651
v -0.191540 0.007989 -0.112651
v -0.184439 0.007862 0.000000
v -0.184439 0.007862 0.057500
v -0.184439 0.007862 -0.057500
v -0.184439 0.007862 0.086250
v -0.184439 0.007862 0.112179
v -0.184439 0.007862 -0.086250
v -0.184439 0.007862 -0.112651
v -0.187325 0.009031 0.000000
v -0.181483 0.007633 0.000000
v -0.199566 0.008745 0.057500
v -0.199566 0.008745 0.000000
v -0.191540 0.009049 -0.057500
v -0.191540 0.009049 0.000000
v -0.184439 0.008922 0.000000
v -0.235020 0.007103 0.000000
v -0.305928 0.003666 0.000000
v -0.270474 0.005250 0.000000
v -0.270474 0.005250 0.057500
v -0.187325 0.009031 0.057500
v -0.181483 0.007633 0.057500
v -0.191540 0.009049 0.057500
v -0.199566 0.008745 0.086250
v -0.270474 0.005250 0.086250
v -0.305928 0.003666 0.057500
v -0.184439 0.008922 0.057500
v -0.235020 0.007103 0.057500
v -0.199566 0.008745 -0.057500
v -0.187325 0.009031 -0.057500
v -0.181483 0.007633 -0.057500
v -0.191540 0.009049 -0.086250
v -0.270474 0.005250 -0.057500
v -0.305928 0.003666 -0.057500
v -0.235020 0.007103 -0.057500
v -0.184439 0.008922 -0.057500
v -0.323655 0.002874 0.000000
v -0.323655 0.002874 0.057500
v -0.323655 0.002874 -0.057500
v -0.305928 0.003666 0.086250
v -0.235020 0.007103 0.086250
v -0.187325 0.009031 0.086250
v -0.181483 0.007633 0.086250
v -0.191540 0.009049 0.086250
v -0.199566 0.008745 0.112179
v -0.270474 0.005250 0.112179
v -0.305928 0.003666 0.112179
v -0.235020 0.007103 0.112179
v -0.323655 0.002874 0.086250
v -0.184439 0.008922 0.086250
v -0.187325 0.009031 0.112179
v -0.181483 0.007633 0.112179
v -0.191540 0.009049 0.112179
v -0.323655 0.002874 0.112179
v -0.184439 0.008922 0.112179
v -0.338859 0.002195 0.000000
v -0.338859 0.002195 0.057500
v -0.338859 0.002195 -0.057500
v -0.338859 0.002195 0.086250
v -0.338859 0.002195 0.112179
v -0.199566 0.008745 -0.086250
v -0.270474 0.005250 -0.086250
v -0.187325 0.009031 -0.086250
v -0.181483 0.007633 -0.086250
v -0.191540 0.009049 -0.112651
v -0.305928 0.003666 -0.086250
v -0.235020 0.007103 -0.086250
v -0.323655 0.002874 -0.086250
v -0.338859 0.002195 -0.086250
v -0.184439 0.008922 -0.086250
v -0.199566 0.008745 -0.112651
v -0.270474 0.005250 -0.112651
v -0.305928 0.003666 -0.112651
v -0.235020 0.007103 -0.112651
v -0.323655 0.002874 -0.112651
v -0.338859 0.002195 -0.112651
v -0.184439 0.008922 -0.112651
v -0.181483 0.007633 -0.112651
v -0.187325 0.009031 -0.112651
v -0.199566 0.007685 0.112061
v -0.270474 0.004190 0.112061
v -0.305928 0.002606 0.112061
v -0.235020 0.006043 0.112061
v -0.191540 0.007989 0.112061
v -0.323655 0.001814 0.112061
v -0.339918 0.001088 0.112061
v -0.187325 0.007971 0.112061
v -0.181657 0.007642 0.112061
v -0.184439 0.007862 0.112061
v -0.199566 0.008745 0.112061
v -0.270474 0.005250 0.112061
v -0.305928 0.003666 0.112061
v -0.235020 0.007103 0.112061
v -0.191540 0.009049 0.112061
v -0.323655 0.002874 0.112061
v -0.338859 0.002195 0.112061
v -0.187325 0.009031 0.112061
v -0.181483 0.007633 0.112061
v -0.184439 0.008922 0.112061
v -0.191540 0.007989 -0.112564
v -0.199566 0.007685 -0.112564
v -0.270474 0.004190 -0.112564
v -0.305928 0.002606 -0.112564
v -0.235020 0.006043 -0.112564
v -0.323655 0.001814 -0.112564
v -0.339918 0.001088 -0.112564
v -0.187325 0.007971 -0.112564
v -0.181657 0.007642 -0.112564
v -0.184439 0.007862 -0.112564
v -0.191540 0.009049 -0.112564
v -0.199566 0.008745 -0.112564
v -0.270474 0.005250 -0.112564
v -0.305928 0.003666 -0.112564
v -0.235020 0.007103 -0.112564
v -0.323655 0.002874 -0.112564
v -0.338859 0.002195 -0.112564
v -0.187325 0.009031 -0.112564
v -0.181483 0.007633 -0.112564
v -0.184439 0.008922 -0.112564
v -0.339763 0.001095 0.000000
v -0.339763 0.001095 0.057500
v -0.339763 0.001095 -0.057500
v -0.339763 0.001095 0.086250
v -0.339763 0.001095 0.112179
v -0.339763 0.001095 -0.086250
v -0.339763 0.001095 -0.112651
v -0.338715 0.002201 0.000000
v -0.338715 0.002201 0.057500
v -0.338715 0.002201 -0.057500
v -0.338715 0.002201 0.086250
v -0.338715 0.002201 0.112179
v -0.338715 0.002201 -0.086250
v -0.338715 0.002201 -0.112651
v -0.338715 0.002201 0.112061
v -0.339763 0.001095 0.112061
v -0.338715 0.002201 -0.112564
v -0.339763 0.001095 -0.112564
v -0.199566 0.007685 0.109498
v -0.270474 0.004190 0.109498
v -0.305928 0.002606 0.109498
v -0.235020 0.006043 0.109498
v -0.323655 0.001814 0.109498
v -0.339918 0.001088 0.109498
v -0.184439 0.007862 0.109498
v -0.199566 0.008745 0.109498
v -0.270474 0.005250 0.109498
v -0.305928 0.003666 0.109498
v -0.235020 0.007103 0.109498
v -0.323655 0.002874 0.109498
v -0.338859 0.002195 0.109498
v -0.184439 0.008922 0.109498
v -0.191540 0.007989 0.109498
v -0.187325 0.007971 0.109498
v -0.181657 0.007642 0.109498
v -0.191540 0.009049 0.109498
v -0.187325 0.009031 0.109498
v -0.181483 0.007633 0.109498
v -0.339763 0.001095 0.109498
v -0.338715 0.002201 0.109498
v -0.191540 0.007989 -0.108633
v -0.187325 0.007971 -0.108633
v -0.181657 0.007642 -0.108633
v -0.191540 0.009049 -0.108633
v -0.187325 0.009031 -0.108633
v -0.181483 0.007633 -0.108633
v -0.199566 0.007685 -0.108633
v -0.270474 0.004190 -0.108633
v -0.305928 0.002606 -0.108633
v -0.235020 0.006043 -0.108633
v -0.323655 0.001814 -0.108633
v -0.339918 0.001088 -0.108633
v -0.184439 0.007862 -0.108633
v -0.199566 0.008745 -0.108633
v -0.270474 0.005250 -0.108633
v -0.305928 0.003666 -0.108633
v -0.235020 0.007103 -0.108633
v -0.323655 0.002874 -0.108633
v -0.338859 0.002195 -0.108633
v -0.184439 0.008922 -0.108633
v -0.338715 0.002201 -0.108633
v -0.339763 0.001095 -0.108633
v -0.199566 0.008585 -0.112651
v -0.181509 0.007634 0.086250
v -0.323655 0.002714 0.112179
v -0.184439 0.008762 0.112179
v -0.181509 0.007634 -0.057500
v -0.181509 0.007634 -0.112651
v -0.235020 0.006943 0.112179
v -0.339019 0.002028 -0.057500
v -0.305928 0.003506 0.112179
v -0.339019 0.002028 0.057500
v -0.305928 0.003506 -0.112651
v -0.235020 0.006943 -0.112651
v -0.339019 0.002028 0.086250
v -0.323655 0.002714 -0.112651
v -0.339019 0.002028 0.112061
v -0.181509 0.007634 0.112061
v -0.339019 0.002028 -0.112564
v -0.181509 0.007634 -0.112564
v -0.338873 0.002035 -0.112651
v -0.338873 0.002035 0.112179
v -0.191540 0.008889 -0.112651
v -0.181509 0.007634 0.000000
v -0.181509 0.007634 -0.086250
v -0.187325 0.008871 -0.112651
v -0.339019 0.002028 0.112179
v -0.187325 0.008871 0.112179
v -0.181509 0.007634 0.112179
v -0.191540 0.008889 0.112179
v -0.270474 0.005090 0.112179
v -0.339019 0.002028 -0.086250
v -0.339019 0.002028 -0.112651
v -0.184439 0.008762 -0.112651
v -0.339019 0.002028 0.000000
v -0.270474 0.005090 -0.112651
v -0.199566 0.008585 0.112179
v -0.181509 0.007634 0.057500
v -0.339019 0.002028 0.109498
v -0.181509 0.007634 0.109498
v -0.181509 0.007634 -0.108633
v -0.339019 0.002028 -0.108633
v -0.191540 0.008152 -0.112651
v -0.181630 0.007640 0.000000
v -0.181630 0.007640 -0.086250
v -0.187325 0.008134 -0.112651
v -0.339755 0.001258 0.112179
v -0.187325 0.008134 0.112179
v -0.181630 0.007640 0.112179
v -0.191540 0.008152 0.112179
v -0.270474 0.004353 0.112179
v -0.339755 0.001258 -0.086250
v -0.339755 0.001258 -0.112651
v -0.184439 0.008025 -0.112651
v -0.339755 0.001258 0.000000
v -0.270474 0.004353 -0.112651
v -0.199566 0.007848 0.112179
v -0.181630 0.007640 0.057500
v -0.199566 0.007848 -0.112651
v -0.181630 0.007640 0.086250
v -0.323655 0.001977 0.112179
v -0.184439 0.008025 0.112179
v -0.181630 0.007640 -0.057500
v -0.181630 0.007640 -0.112651
v -0.235020 0.006206 0.112179
v -0.339755 0.001258 -0.057500
v -0.305928 0.002769 0.112179
v -0.339755 0.001258 0.057500
v -0.305928 0.002769 -0.112651
v -0.235020 0.006206 -0.112651
v -0.339755 0.001258 0.086250
v -0.323655 0.001977 -0.112651
v -0.339755 0.001258 0.112061
v -0.181630 0.007640 0.112061
v -0.339755 0.001258 -0.112564
v -0.181630 0.007640 -0.112564
v -0.339602 0.001265 -0.112651
v -0.339602 0.001265 0.112179
v -0.339755 0.001258 0.109498
v -0.181630 0.007640 0.109498
v -0.181630 0.007640 -0.108633
v -0.339755 0.001258 -0.108633
v -0.181748 0.007649 0.000000
v -0.181748 0.007649 0.057500
v -0.181748 0.007649 -0.057500
v -0.181748 0.007649 0.086250
v -0.181748 0.007649 0.112179
v -0.181748 0.007649 -0.086250
v -0.181748 0.007649 -0.112651
v -0.181579 0.007674 0.000000
v -0.181579 0.007674 0.057500
v -0.181579 0.007674 -0.057500
v -0.181579 0.007674 0.086250
v -0.181579 0.007674 0.112179
v -0.181579 0.007674 -0.086250
v -0.181579 0.007674 -0.112651
v -0.181579 0.007674 0.112061
v -0.181748 0.007649 0.112061
v -0.181748 0.007649 -0.112564
v -0.181579 0.007674 -0.112564
v -0.181748 0.007649 0.109498
v -0.181579 0.007674 0.109498
v -0.181748 0.007649 -0.108633
v -0.181579 0.007674 -0.108633
v -0.181605 0.007670 0.112179
v -0.181605 0.007670 -0.112651
v -0.181722 0.007653 -0.112651
v -0.181722 0.007653 0.112179
v -0.336447 0.001243 0.000000
v -0.336447 0.001243 0.057500
v -0.336447 0.001243 -0.057500
v -0.336447 0.001243 0.086250
v -0.336447 0.001243 0.112179
v -0.336447 0.001243 -0.086250
v -0.336447 0.001243 -0.112651
v -0.335614 0.002340 0.000000
v -0.335614 0.002340 0.057500
v -0.335614 0.002340 -0.057500
v -0.335614 0.002340 0.086250
v -0.335614 0.002340 0.112179
v -0.335614 0.002340 -0.086250
v -0.335614 0.002340 -0.112651
v -0.335614 0.002340 0.112061
v -0.335614 0.002340 -0.112564
v -0.336447 0.001243 0.112061
v -0.336447 0.001243 -0.112564
v -0.336447 0.001243 0.109498
v -0.335614 0.002340 0.109498
v -0.335614 0.002340 -0.108633
v -0.336447 0.001243 -0.108633
v -0.335740 0.002175 -0.112651
v -0.335740 0.002175 0.112179
v -0.336319 0.001411 0.112179
v -0.336319 0.001411 -0.112651
v -0.187325 0.009679 0.000000
v -0.181483 0.007633 0.000000
v -0.199566 0.009508 0.057500
v -0.199566 0.009508 0.000000
v -0.191540 0.009859 -0.057500
v -0.191540 0.009859 0.000000
v -0.184439 0.008922 0.000000
v -0.235020 0.007716 0.000000
v -0.305928 0.003920 0.000000
v -0.270474 0.005707 0.000000
v -0.270474 0.005707 0.057500
v -0.187325 0.009679 0.057500
v -0.181483 0.007633 0.057500
v -0.191540 0.009859 0.057500
v -0.199566 0.009508 0.086250
v -0.270474 0.005707 0.086250
v -0.305928 0.003920 0.057500
v -0.184439 0.008922 0.057500
v -0.235020 0.007716 0.057500
v -0.199566 0.009508 -0.057500
v -0.187325 0.009679 -0.057500
v -0.181483 0.007633 -0.057500
v -0.191540 0.009859 -0.086250
v -0.270474 0.005707 -0.057500
v -0.305928 0.003920 -0.057500
v -0.235020 0.007716 -0.057500
v -0.184439 0.008922 -0.057500
v -0.323655 0.002874 0.000000
v -0.323655 0.002874 0.057500
v -0.323655 0.002874 -0.057500
v -0.305928 0.003920 0.086250
v -0.235020 0.007716 0.086250
v -0.187325 0.009679 0.086250
v -0.181483 0.007633 0.086250
v -0.191540 0.009859 0.086250
v -0.199566 0.009508 0.112179
v -0.270474 0.005707 0.112179
v -0.305928 0.003920 0.112179
v -0.235020 0.007716 0.112179
v -0.323655 0.002874 0.086250
v -0.184439 0.008922 0.086250
v -0.187325 0.009679 0.112179
v -0.181483 0.007633 0.112179
v -0.191540 0.009859 0.112179
v -0.323655 0.002874 0.112179
v -0.184439 0.008922 0.112179
v -0.338398 0.002214 0.000000
v -0.338398 0.002214 0.057500
v -0.338398 0.002214 -0.057500
v -0.338398 0.002214 0.086250
v -0.338398 0.002214 0.112179
v -0.199566 0.009508 -0.086250
v -0.270474 0.005707 -0.086250
v -0.187325 0.009679 -0.086250
v -0.181483 0.007633 -0.086250
v -0.191540 0.009859 -0.112651
v -0.305928 0.003920 -0.086250
v -0.235020 0.007716 -0.086250
v -0.323655 0.002874 -0.086250
v -0.338398 0.002214 -0.086250
v -0.184439 0.008922 -0.086250
v -0.199566 0.009508 -0.112651
v -0.270474 0.005707 -0.112651
v -0.305928 0.003920 -0.112651
v -0.235020 0.007716 -0.112651
v -0.323655 0.002874 -0.112651
v -0.338398 0.002214 -0.112651
v -0.184439 0.008922 -0.112651
v -0.181483 0.007633 -0.112651
v -0.187325 0.009679 -0.112651
v -0.199566 0.009508 0.112064
v -0.270474 0.005707 0.112064
v -0.305928 0.003920 0.112064
v -0.235020 0.007716 0.112064
v -0.191540 0.009859 0.112064
v -0.323655 0.002874 0.112064
v -0.338398 0.002214 0.112064
v -0.187325 0.009679 0.112064
v -0.181483 0.007633 0.112064
v -0.184439 0.008922 0.112064
v -0.191540 0.009859 -0.112561
v -0.199566 0.009508 -0.112561
v -0.270474 0.005707 -0.112561
v -0.305928 0.003920 -0.112561
v -0.235020 0.007716 -0.112561
v -0.323655 0.002874 -0.112561
v -0.338398 0.002214 -0.112561
v -0.187325 0.009679 -0.112561
v -0.181483 0.007633 -0.112561
v -0.184439 0.008922 -0.112561
v -0.338249 0.002221 0.000000
v -0.338249 0.002221 0.057500
v -0.338249 0.002221 -0.057500
v -0.338249 0.002221 0.086250
v -0.338249 0.002221 0.112179
v -0.338249 0.002221 -0.086250
v -0.338249 0.002221 -0.112651
v -0.338249 0.002221 0.112064
v -0.338249 0.002221 -0.112561
v -0.199566 0.009508 0.109498
v -0.270474 0.005707 0.109498
v -0.305928 0.003920 0.109498
v -0.235020 0.007716 0.109498
v -0.323655 0.002874 0.109498
v -0.338398 0.002214 0.109498
v -0.184439 0.008922 0.109498
v -0.191540 0.009859 0.109498
v -0.187325 0.009679 0.109498
v -0.181483 0.007633 0.109498
v -0.338249 0.002221 0.109498
v -0.191540 0.009859 -0.108633
v -0.187325 0.009679 -0.108633
v -0.181483 0.007633 -0.108633
v -0.199566 0.009508 -0.108633
v -0.270474 0.005707 -0.108633
v -0.305928 0.003920 -0.108633
v -0.235020 0.007716 -0.108633
v -0.323655 0.002874 -0.108633
v -0.338398 0.002214 -0.108633
v -0.184439 0.008922 -0.108633
v -0.338249 0.002221 -0.108633
v -0.181815 0.007777 0.000000
v -0.181815 0.007777 0.057500
v -0.181815 0.007777 -0.057500
v -0.181815 0.007777 0.086250
v -0.181815 0.007777 0.112179
v -0.181815 0.007777 -0.086250
v -0.181815 0.007777 -0.112651
v -0.181815 0.007777 0.112064
v -0.181815 0.007777 -0.112561
v -0.181815 0.007777 0.109498
v -0.181815 0.007777 -0.108633
v -0.199566 0.013131 0.057500
v -0.199566 0.013131 0.000000
v -0.191540 0.013194 -0.057500
v -0.191540 0.013194 0.000000
v -0.187325 0.012359 0.000000
v -0.181815 0.008234 0.000000
v -0.181483 0.007753 0.000000
v -0.235020 0.011012 0.000000
v -0.305928 0.006523 0.000000
v -0.270474 0.008510 0.000000
v -0.270474 0.008510 0.057500
v -0.191540 0.013194 0.057500
v -0.199566 0.013131 0.086250
v -0.270474 0.008510 0.086250
v -0.305928 0.006523 0.057500
v -0.187325 0.012359 0.057500
v -0.181815 0.008234 0.057500
v -0.181483 0.007753 0.057500
v -0.235020 0.011012 0.057500
v -0.199566 0.013131 -0.057500
v -0.191540 0.013194 -0.086250
v -0.270474 0.008510 -0.057500
v -0.305928 0.006523 -0.057500
v -0.235020 0.011012 -0.057500
v -0.181815 0.008234 -0.057500
v -0.181483 0.007753 -0.057500
v -0.187325 0.012359 -0.057500
v -0.323655 0.005298 0.000000
v -0.323655 0.005298 0.057500
v -0.323655 0.005298 -0.057500
v -0.305928 0.006523 0.086250
v -0.235020 0.011012 0.086250
v -0.191540 0.013194 0.086250
v -0.199566 0.013131 0.109498
v -0.270474 0.008510 0.109498
v -0.305928 0.006523 0.109498
v -0.235020 0.011012 0.109498
v -0.323655 0.005298 0.086250
v -0.187325 0.012359 0.086250
v -0.181815 0.008234 0.086250
v -0.181483 0.007753 0.086250
v -0.191540 0.013194 0.112064
v -0.191540 0.013194 0.112179
v -0.187325 0.012359 0.112179
v -0.270474 0.008510 0.112179
v -0.235020 0.011012 0.112179
v -0.323655 0.005298 0.112179
v -0.305928 0.006523 0.112179
v -0.199566 0.013131 0.112179
v -0.181815 0.008234 0.112179
v -0.181483 0.007753 0.112179
v -0.335652 0.004307 0.000000
v -0.335652 0.004307 0.057500
v -0.335652 0.004307 -0.057500
v -0.335652 0.004307 0.086250
v -0.335652 0.004307 0.112179
v -0.323655 0.005298 0.109498
v -0.335830 0.004299 0.057500
v -0.335830 0.004299 0.000000
v -0.335830 0.004299 -0.057500
v -0.335830 0.004299 0.086250
v -0.335830 0.004299 0.109498
v -0.199566 0.013131 -0.086250
v -0.270474 0.008510 -0.086250
v -0.191540 0.013194 -0.108633
v -0.305928 0.006523 -0.086250
v -0.235020 0.011012 -0.086250
v -0.323655 0.005298 -0.086250
v -0.335830 0.004299 -0.086250
v -0.335652 0.004307 -0.086250
v -0.181815 0.008234 -0.086250
v -0.181483 0.007753 -0.086250
v -0.187325 0.012359 -0.086250
v -0.199566 0.013131 -0.112561
v -0.199566 0.013131 -0.112651
v -0.270474 0.008510 -0.112561
v -0.270474 0.008510 -0.112651
v -0.305928 0.006523 -0.112561
v -0.305928 0.006523 -0.112651
v -0.235020 0.011012 -0.112561
v -0.235020 0.011012 -0.112651
v -0.323655 0.005298 -0.112561
v -0.323655 0.005298 -0.112651
v -0.335830 0.004299 -0.112561
v -0.335830 0.004299 -0.112651
v -0.181815 0.008234 -0.112651
v -0.181483 0.007753 -0.112651
v -0.335652 0.004307 -0.112651
v -0.191540 0.013194 -0.112651
v -0.187325 0.012359 -0.112651
v -0.184439 0.010741 0.000000
v -0.184439 0.010740 0.057500
v -0.184439 0.010741 -0.057500
v -0.184439 0.010740 0.086250
v -0.187325 0.012359 0.112064
v -0.181483 0.007753 0.112064
v -0.184439 0.010740 0.112179
v -0.187325 0.012359 -0.108633
v -0.181483 0.007753 -0.108633
v -0.184439 0.010741 -0.086250
v -0.184439 0.010741 -0.112651
v -0.184439 0.010741 -0.112561
v -0.184439 0.010740 0.109498
v -0.199566 0.013131 0.112064
v -0.270474 0.008510 0.112064
v -0.305928 0.006523 0.112064
v -0.235020 0.011012 0.112064
v -0.191540 0.013194 0.109498
v -0.323655 0.005298 0.112064
v -0.335830 0.004299 0.112179
v -0.335830 0.004299 0.112064
v -0.187325 0.012359 0.109498
v -0.181483 0.007753 0.109498
v -0.184439 0.010740 0.112064
v -0.181815 0.008234 0.112064
v -0.335652 0.004307 0.112064
v -0.191540 0.013194 -0.112561
v -0.199566 0.013131 -0.108633
v -0.270474 0.008510 -0.108633
v -0.305928 0.006523 -0.108633
v -0.235020 0.011012 -0.108633
v -0.323655 0.005298 -0.108633
v -0.335830 0.004299 -0.108633
v -0.187325 0.012359 -0.112561
v -0.181483 0.007753 -0.112561
v -0.184439 0.010741 -0.108633
v -0.335652 0.004307 -0.112561
v -0.181815 0.008234 -0.112561
v -0.335652 0.004307 0.109498
v -0.335652 0.004307 -0.108633
v -0.181815 0.008234 0.109498
v -0.181815 0.008234 -0.108633
v -0.199566 0.009620 -0.112651
v -0.191540 0.009961 -0.112651
v -0.181483 0.007648 -0.112651
v -0.181483 0.007648 -0.112561
v -0.187325 0.009761 -0.112651
v -0.181483 0.007648 0.112064
v -0.181483 0.007648 0.112179
v -0.338170 0.002285 0.112179
v -0.338319 0.002278 0.112179
v -0.184439 0.008978 0.112179
v -0.187325 0.009761 0.112179
v -0.181483 0.007648 -0.057500
v -0.181483 0.007648 0.000000
v -0.338319 0.002278 -0.086250
v -0.338319 0.002278 -0.108633
v -0.338319 0.002278 -0.112651
v -0.338170 0.002285 -0.112651
v -0.323655 0.002949 0.112179
v -0.181483 0.007648 -0.108633
v -0.181483 0.007648 -0.086250
v -0.338319 0.002278 -0.057500
v -0.181483 0.007648 0.057500
v -0.338319 0.002278 0.112064
v -0.338319 0.002278 -0.112561
v -0.338319 0.002278 0.109498
v -0.184439 0.008978 -0.112651
v -0.191540 0.009961 0.112179
v -0.181815 0.007800 0.112179
v -0.305928 0.004000 -0.112651
v -0.270474 0.005793 -0.112651
v -0.235020 0.007818 0.112179
v -0.270474 0.005793 0.112179
v -0.181483 0.007648 0.109498
v -0.235020 0.007818 -0.112651
v -0.305928 0.004000 0.112179
v -0.338319 0.002278 0.057500
v -0.338319 0.002278 0.000000
v -0.181815 0.007804 -0.112651
v -0.323655 0.002949 -0.112651
v -0.181483 0.007648 0.086250
v -0.199566 0.009620 0.112179
v -0.338319 0.002278 0.086250
v -0.199566 0.013039 -0.112651
v -0.181483 0.007744 -0.112651
v -0.181483 0.007744 0.112064
v -0.335718 0.004254 0.112179
v -0.184439 0.010695 0.112179
v -0.181483 0.007744 -0.057500
v -0.335895 0.004246 -0.086250
v -0.335895 0.004247 -0.112651
v -0.323655 0.005237 0.112179
v -0.181483 0.007744 -0.108633
v -0.335895 0.004246 -0.057500
v -0.335895 0.004247 -0.112561
v -0.181815 0.008212 0.112179
v -0.305928 0.006457 -0.112651
v -0.235020 0.010929 0.112179
v -0.181483 0.007744 0.109498
v -0.235020 0.010929 -0.112651
v -0.305928 0.006457 0.112179
v -0.335895 0.004246 0.057500
v -0.323655 0.005237 -0.112651
v -0.181483 0.007744 0.086250
v -0.335895 0.004246 0.086250
v -0.191540 0.013109 -0.112651
v -0.181483 0.007744 -0.112561
v -0.187325 0.012291 -0.112651
v -0.181483 0.007744 0.112179
v -0.335895 0.004246 0.112179
v -0.187325 0.012291 0.112179
v -0.181483 0.007744 0.000000
v -0.335895 0.004247 -0.108633
v -0.335718 0.004254 -0.112651
v -0.181483 0.007744 -0.086250
v -0.181483 0.007744 0.057500
v -0.335895 0.004246 0.112064
v -0.335895 0.004246 0.109498
v -0.184439 0.010695 -0.112651
v -0.191540 0.013109 0.112179
v -0.270474 0.008439 -0.112651
v -0.270474 0.008439 0.112179
v -0.335895 0.004246 0.000000
v -0.181815 0.008209 -0.112651
v -0.199566 0.013039 0.112179
v -0.335762 0.002332 0.000000
v -0.335762 0.002332 0.057500
v -0.335762 0.002332 -0.057500
v -0.335762 0.002332 0.086250
v -0.335762 0.002332 0.112179
v -0.335762 0.002332 -0.086250
v -0.335762 0.002332 -0.112651
v -0.335762 0.002332 0.112064
v -0.335762 0.002332 -0.112561
v -0.335762 0.002332 0.109498
v -0.335762 0.002332 -0.108633
v -0.333550 0.004474 0.000000
v -0.333550 0.004474 0.057500
v -0.333550 0.004474 -0.057500
v -0.333550 0.004474 0.086250
v -0.333550 0.004474 0.112179
v -0.333550 0.004474 -0.086250
v -0.333550 0.004474 -0.112651
v -0.333550 0.004474 0.112064
v -0.333550 0.004474 -0.112561
v -0.333550 0.004474 0.109498
v -0.333550 0.004474 -0.108633
v -0.335694 0.002398 -0.112651
v -0.335694 0.002398 0.112179
v -0.333606 0.004420 -0.112651
v -0.333606 0.004420 0.112179
v -0.199595 0.015395 0.057500
v -0.199595 0.015395 0.000000
v -0.191536 0.016128 -0.057500
v -0.191536 0.016128 0.000000
v -0.185827 0.015423 0.000000
v -0.181192 0.007848 0.000000
v -0.181181 0.007770 0.000000
v -0.235046 0.011695 0.000000
v -0.305949 0.006872 0.000000
v -0.270494 0.009112 0.000000
v -0.270494 0.009112 0.057500
v -0.191536 0.016128 0.057500
v -0.199595 0.015395 0.086250
v -0.270494 0.009112 0.086250
v -0.305949 0.006872 0.057500
v -0.185827 0.015423 0.057500
v -0.181192 0.007848 0.057500
v -0.181181 0.007770 0.057500
v -0.235046 0.011695 0.057500
v -0.199595 0.015395 -0.057500
v -0.191536 0.016128 -0.086250
v -0.270494 0.009112 -0.057500
v -0.305949 0.006872 -0.057500
v -0.235046 0.011695 -0.057500
v -0.181192 0.007848 -0.057500
v -0.181181 0.007770 -0.057500
v -0.185827 0.015423 -0.057500
v -0.323679 0.005597 0.000000
v -0.323679 0.005597 0.057500
v -0.323679 0.005597 -0.057500
v -0.305949 0.006872 0.086250
v -0.235046 0.011695 0.086250
v -0.191536 0.016128 0.086250
v -0.199595 0.015395 0.109498
v -0.270494 0.009112 0.109498
v -0.305949 0.006872 0.109498
v -0.235046 0.011695 0.109498
v -0.323679 0.005597 0.086250
v -0.185827 0.015423 0.086250
v -0.181192 0.007848 0.086250
v -0.181181 0.007770 0.086250
v -0.191536 0.016128 0.112068
v -0.191536 0.016128 0.112179
v -0.185827 0.015423 0.112179
v -0.270494 0.009112 0.112179
v -0.235046 0.011695 0.112179
v -0.323679 0.005597 0.112179
v -0.305949 0.006872 0.112179
v -0.199595 0.015395 0.112179
v -0.181192 0.007848 0.112179
v -0.181181 0.007770 0.112179
v -0.335337 0.004629 0.000000
v -0.335337 0.004629 0.057500
v -0.335337 0.004629 -0.057500
v -0.335337 0.004629 0.086250
v -0.335337 0.004629 0.112179
v -0.323679 0.005597 0.109498
v -0.335422 0.004621 0.057500
v -0.335422 0.004621 0.000000
v -0.335422 0.004621 -0.057500
v -0.335422 0.004621 0.086250
v -0.335422 0.004621 0.109498
v -0.199595 0.015395 -0.086250
v -0.270494 0.009112 -0.086250
v -0.191536 0.016128 -0.108633
v -0.305949 0.006872 -0.086250
v -0.235046 0.011695 -0.086250
v -0.323679 0.005597 -0.086250
v -0.335422 0.004621 -0.086250
v -0.335337 0.004629 -0.086250
v -0.181192 0.007848 -0.086250
v -0.181181 0.007770 -0.086250
v -0.185827 0.015423 -0.086250
v -0.199595 0.015395 -0.112554
v -0.199595 0.015395 -0.112651
v -0.270494 0.009112 -0.112554
v -0.270494 0.009112 -0.112651
v -0.305949 0.006872 -0.112554
v -0.305949 0.006872 -0.112651
v -0.235046 0.011695 -0.112554
v -0.235046 0.011695 -0.112651
v -0.323679 0.005597 -0.112554
v -0.323679 0.005597 -0.112651
v -0.335422 0.004621 -0.112554
v -0.335422 0.004621 -0.112651
v -0.181192 0.007848 -0.112651
v -0.181181 0.007770 -0.112651
v -0.335337 0.004629 -0.112651
v -0.191536 0.016128 -0.112651
v -0.185827 0.015423 -0.112651
v -0.182385 0.012054 0.000000
v -0.182385 0.012054 0.057500
v -0.182385 0.012054 -0.057500
v -0.182385 0.012054 0.086250
v -0.185827 0.015423 0.112068
v -0.181181 0.007770 0.112068
v -0.182385 0.012054 0.112179
v -0.185827 0.015423 -0.108633
v -0.181181 0.007770 -0.108633
v -0.182385 0.012054 -0.086250
v -0.182385 0.012054 -0.112651
v -0.182385 0.012054 -0.112554
v -0.182385 0.012054 0.109498
v -0.199595 0.015395 0.112068
v -0.270494 0.009112 0.112068
v -0.305949 0.006872 0.112068
v -0.235046 0.011695 0.112068
v -0.191536 0.016128 0.109498
v -0.323679 0.005597 0.112068
v -0.335422 0.004621 0.112179
v -0.335422 0.004621 0.112068
v -0.185827 0.015423 0.109498
v -0.181181 0.007770 0.109498
v -0.182385 0.012054 0.112068
v -0.181192 0.007848 0.112068
v -0.335337 0.004629 0.112068
v -0.191536 0.016128 -0.112554
v -0.199595 0.015395 -0.108633
v -0.270494 0.009112 -0.108633
v -0.305949 0.006872 -0.108633
v -0.235046 0.011695 -0.108633
v -0.323679 0.005597 -0.108633
v -0.335422 0.004621 -0.108633
v -0.185827 0.015423 -0.112554
v -0.181181 0.007770 -0.112554
v -0.182385 0.012054 -0.108633
v -0.335337 0.004629 -0.112554
v -0.181192 0.007848 -0.112554
v -0.335337 0.004629 0.109498
v -0.335337 0.004629 -0.108633
v -0.181192 0.007848 0.109498
v -0.181192 0.007848 -0.108633
v -0.199566 0.015096 0.057500
v -0.199566 0.015096 0.000000
v -0.191540 0.015828 -0.057500
v -0.191540 0.015828 0.000000
v -0.185957 0.015153 0.000000
v -0.181462 0.007743 0.000000
v -0.181448 0.007658 0.000000
v -0.235020 0.011396 0.000000
v -0.305928 0.006573 0.000000
v -0.270474 0.008812 0.000000
v -0.270474 0.008812 0.057500
v -0.191540 0.015828 0.057500
v -0.199566 0.015096 0.086250
v -0.270474 0.008812 0.086250
v -0.305928 0.006573 0.057500
v -0.185957 0.015152 0.057500
v -0.181462 0.007743 0.057500
v -0.181448 0.007658 0.057500
v -0.235020 0.011396 0.057500
v -0.199566 0.015096 -0.057500
v -0.191540 0.015828 -0.086250
v -0.270474 0.008812 -0.057500
v -0.305928 0.006573 -0.057500
v -0.235020 0.011396 -0.057500
v -0.181462 0.007743 -0.057500
v -0.181448 0.007658 -0.057500
v -0.185957 0.015153 -0.057500
v -0.323655 0.005298 0.000000
v -0.323655 0.005298 0.057500
v -0.323655 0.005298 -0.057500
v -0.305928 0.006573 0.086250
v -0.235020 0.011396 0.086250
v -0.191540 0.015828 0.086250
v -0.199566 0.015096 0.109498
v -0.270474 0.008812 0.109498
v -0.305928 0.006573 0.109498
v -0.235020 0.011396 0.109498
v -0.323655 0.005298 0.086250
v -0.185957 0.015152 0.086250
v -0.181462 0.007743 0.086250
v -0.181448 0.007658 0.086250
v -0.191540 0.015828 0.112068
v -0.191540 0.015828 0.112179
v -0.185957 0.015152 0.112179
v -0.270474 0.008812 0.112179
v -0.235020 0.011396 0.112179
v -0.323655 0.005298 0.112179
v -0.305928 0.006573 0.112179
v -0.199566 0.015096 0.112179
v -0.181462 0.007743 0.112179
v -0.181448 0.007658 0.112179
v -0.335617 0.004315 0.000000
v -0.335617 0.004315 0.057500
v -0.335617 0.004315 -0.057500
v -0.335617 0.004315 0.086250
v -0.335617 0.004315 0.112179
v -0.323655 0.005298 0.109498
v -0.335716 0.004309 0.057500
v -0.335716 0.004310 0.000000
v -0.335716 0.004310 -0.057500
v -0.335716 0.004309 0.086250
v -0.335716 0.004309 0.109498
v -0.199566 0.015096 -0.086250
v -0.270474 0.008812 -0.086250
v -0.191540 0.015828 -0.108633
v -0.305928 0.006573 -0.086250
v -0.235020 0.011396 -0.086250
v -0.323655 0.005298 -0.086250
v -0.335716 0.004310 -0.086250
v -0.335617 0.004315 -0.086250
v -0.181462 0.007743 -0.086250
v -0.181448 0.007658 -0.086250
v -0.185957 0.015153 -0.086250
v -0.199566 0.015096 -0.112554
v -0.199566 0.015096 -0.112651
v -0.270474 0.008812 -0.112554
v -0.270474 0.008812 -0.112651
v -0.305928 0.006573 -0.112554
v -0.305928 0.006573 -0.112651
v -0.235020 0.011396 -0.112554
v -0.235020 0.011396 -0.112651
v -0.323655 0.005298 -0.112554
v -0.323655 0.005298 -0.112651
v -0.335716 0.004310 -0.112554
v -0.335716 0.004310 -0.112651
v -0.181462 0.007743 -0.112651
v -0.181448 0.007658 -0.112651
v -0.335617 0.004315 -0.112651
v -0.191540 0.015828 -0.112651
v -0.185957 0.015153 -0.112651
v -0.182642 0.011899 0.000000
v -0.182642 0.011899 0.057500
v -0.182642 0.011899 -0.057500
v -0.182642 0.011899 0.086250
v -0.185957 0.015152 0.112068
v -0.181448 0.007658 0.112068
v -0.182642 0.011899 0.112179
v -0.185957 0.015153 -0.108633
v -0.181448 0.007658 -0.108633
v -0.182642 0.011899 -0.086250
v -0.182642 0.011899 -0.112651
v -0.182642 0.011899 -0.112554
v -0.182642 0.011899 0.109498
v -0.199566 0.015096 0.112068
v -0.270474 0.008812 0.112068
v -0.305928 0.006573 0.112068
v -0.235020 0.011396 0.112068
v -0.191540 0.015828 0.109498
v -0.323655 0.005298 0.112068
v -0.335716 0.004309 0.112179
v -0.335716 0.004309 0.112068
v -0.185957 0.015152 0.109498
v -0.181448 0.007658 0.109498
v -0.182642 0.011899 0.112068
v -0.181462 0.007743 0.112068
v -0.335617 0.004315 0.112068
v -0.191540 0.015828 -0.112554
v -0.199566 0.015096 -0.108633
v -0.270474 0.008812 -0.108633
v -0.305928 0.006573 -0.108633
v -0.235020 0.011396 -0.108633
v -0.323655 0.005298 -0.108633
v -0.335716 0.004310 -0.108633
v -0.185957 0.015153 -0.112554
v -0.181448 0.007658 -0.112554
v -0.182642 0.011899 -0.108633
v -0.335617 0.004315 -0.112554
v -0.181462 0.007743 -0.112554
v -0.335617 0.004315 0.109498
v -0.335617 0.004315 -0.108633
v -0.181462 0.007743 0.109498
v -0.181462 0.007743 -0.108633
v -0.333512 0.004784 0.000000
v -0.333512 0.004784 0.057500
v -0.333512 0.004784 -0.057500
v -0.333512 0.004784 0.086250
v -0.333512 0.004784 0.112179
v -0.333512 0.004784 -0.086250
v -0.333512 0.004784 -0.112651
v -0.333512 0.004784 0.112068
v -0.333512 0.004784 -0.112554
v -0.333512 0.004784 0.109498
v -0.333512 0.004784 -0.108633
v -0.333723 0.004465 0.000000
v -0.333723 0.004465 0.057500
v -0.333723 0.004465 -0.057500
v -0.333723 0.004465 0.086250
v -0.333723 0.004465 0.112179
v -0.333723 0.004465 -0.086250
v -0.333723 0.004465 -0.112651
v -0.333723 0.004465 0.112068
v -0.333723 0.004465 -0.112554
v -0.333723 0.004465 0.109498
v -0.333723 0.004465 -0.108633
v -0.181237 0.007746 0.000000
v -0.181237 0.007746 0.057500
v -0.181237 0.007746 -0.057500
v -0.181237 0.007746 0.086250
v -0.191537 0.016065 0.112179
v -0.185854 0.015366 0.112179
v -0.270490 0.009048 0.112179
v -0.235041 0.011632 0.112179
v -0.323674 0.005534 0.112179
v -0.305944 0.006809 0.112179
v -0.199589 0.015332 0.112179
v -0.181249 0.007826 0.112179
v -0.181237 0.007746 0.112179
v -0.335396 0.004563 0.112179
v -0.335484 0.004555 0.057500
v -0.335484 0.004555 0.000000
v -0.335484 0.004555 -0.057500
v -0.335484 0.004555 0.086250
v -0.335484 0.004555 0.109498
v -0.335484 0.004555 -0.086250
v -0.181237 0.007746 -0.086250
v -0.199589 0.015332 -0.112651
v -0.270490 0.009049 -0.112651
v -0.305944 0.006809 -0.112651
v -0.235041 0.011632 -0.112651
v -0.323674 0.005534 -0.112651
v -0.335484 0.004555 -0.112554
v -0.335484 0.004555 -0.112651
v -0.181249 0.007826 -0.112651
v -0.181237 0.007746 -0.112651
v -0.335396 0.004563 -0.112651
v -0.191537 0.016065 -0.112651
v -0.185854 0.015366 -0.112651
v -0.181237 0.007746 0.112068
v -0.182439 0.012022 0.112179
v -0.181237 0.007746 -0.108633
v -0.182439 0.012022 -0.112651
v -0.335484 0.004555 0.112179
v -0.335484 0.004555 0.112068
v -0.181237 0.007746 0.109498
v -0.335484 0.004555 -0.108633
v -0.181237 0.007746 -0.112554
v -0.333556 0.004717 -0.112651
v -0.333556 0.004716 0.112179
v -0.181398 0.007679 0.000000
v -0.181398 0.007679 0.057500
v -0.181398 0.007679 -0.057500
v -0.181398 0.007679 0.086250
v -0.191539 0.015884 0.112179
v -0.185932 0.015203 0.112179
v -0.270478 0.008868 0.112179
v -0.235025 0.011452 0.112179
v -0.323660 0.005354 0.112179
v -0.305932 0.006629 0.112179
v -0.199571 0.015152 0.112179
v -0.181412 0.007762 0.112179
v -0.181398 0.007679 0.112179
v -0.335565 0.004373 0.112179
v -0.335661 0.004368 0.057500
v -0.335661 0.004368 0.000000
v -0.335661 0.004368 -0.057500
v -0.335661 0.004368 0.086250
v -0.335661 0.004367 0.109498
v -0.335661 0.004368 -0.086250
v -0.181398 0.007679 -0.086250
v -0.199571 0.015152 -0.112651
v -0.270478 0.008868 -0.112651
v -0.305932 0.006629 -0.112651
v -0.235025 0.011452 -0.112651
v -0.323660 0.005354 -0.112651
v -0.335661 0.004368 -0.112554
v -0.335661 0.004368 -0.112651
v -0.181412 0.007762 -0.112651
v -0.181398 0.007679 -0.112651
v -0.335565 0.004374 -0.112651
v -0.191539 0.015884 -0.112651
v -0.185932 0.015203 -0.112651
v -0.181398 0.007679 0.112068
v -0.182594 0.011928 0.112179
v -0.181398 0.007679 -0.108633
v -0.182594 0.011928 -0.112651
v -0.335661 0.004367 0.112179
v -0.335661 0.004367 0.112068
v -0.181398 0.007679 0.109498
v -0.335661 0.004368 -0.108633
v -0.181398 0.007679 -0.112554
v -0.333684 0.004525 -0.112651
v -0.333684 0.004525 0.112179
v -0.152202 0.010113 -0.101214
v -0.157601 0.010113 -0.101214
v -0.162207 0.010113 -0.101214
v -0.167277 0.010113 -0.101214
v -0.152425 0.009861 -0.113826
v -0.157825 0.009862 -0.113827
v -0.162431 0.009862 -0.113827
v -0.167500 0.009862 -0.113828
v -0.152425 0.011619 -0.115075
v -0.157825 0.011626 -0.115076
v -0.162431 0.011626 -0.115076
v -0.167500 0.011633 -0.115077
v -0.152645 0.013337 -0.114638
v -0.158044 0.013351 -0.114626
v -0.162650 0.013351 -0.114626
v -0.167720 0.013366 -0.114615
v -0.153083 0.014231 -0.112928
v -0.158482 0.014232 -0.112921
v -0.163088 0.014232 -0.112921
v -0.168158 0.014235 -0.112914
v -0.153479 0.014511 -0.109871
v -0.158881 0.014511 -0.109867
v -0.163490 0.014512 -0.109864
v -0.168561 0.014512 -0.109858
v -0.156042 0.013021 -0.095160
v -0.161381 0.013022 -0.096021
v -0.165938 0.012738 -0.096755
v -0.170945 0.012329 -0.097561
v -0.160849 0.012371 -0.076495
v -0.166220 0.012997 -0.076501
v -0.170800 0.013058 -0.075968
v -0.175832 0.013096 -0.076511
v -0.167162 0.012609 -0.052794
v -0.172415 0.013045 -0.053598
v -0.176887 0.013575 -0.054285
v -0.181808 0.014531 -0.055039
v -0.174855 0.012948 -0.023179
v -0.180118 0.013984 -0.023778
v -0.184606 0.014868 -0.024286
v -0.189551 0.016359 -0.024846
v -0.180574 0.014571 0.007666
v -0.185847 0.015761 0.007667
v -0.190358 0.016778 0.007670
v -0.195318 0.016635 0.007672
v -0.187665 0.016654 0.047871
v -0.193064 0.016558 0.047550
v -0.197684 0.015873 0.047399
v -0.202745 0.015522 0.047066
v -0.193149 0.016163 0.089513
v -0.198531 0.016163 0.089022
v -0.203137 0.015750 0.088788
v -0.208170 0.014733 0.088281
v -0.205433 0.014969 0.103765
v -0.200812 0.015788 0.103650
v -0.210498 0.014970 0.103632
v -0.195394 0.016047 0.103745
v -0.206645 0.015399 0.109544
v -0.202091 0.015767 0.110065
v -0.211651 0.014505 0.108989
v -0.196752 0.015976 0.110684
v -0.152202 0.010277 -0.101214
v -0.157601 0.010277 -0.101214
v -0.162207 0.010277 -0.101214
v -0.167277 0.010277 -0.101214
v -0.152425 0.010026 -0.113678
v -0.157825 0.010026 -0.113678
v -0.162431 0.010026 -0.113678
v -0.167500 0.010026 -0.113678
v -0.152425 0.011691 -0.114749
v -0.157825 0.011691 -0.114749
v -0.162431 0.011691 -0.114749
v -0.167500 0.011691 -0.114749
v -0.152645 0.013146 -0.114369
v -0.158044 0.013146 -0.114369
v -0.162650 0.013146 -0.114369
v -0.167720 0.013146 -0.114369
v -0.153083 0.013939 -0.112836
v -0.158482 0.013939 -0.112836
v -0.163088 0.013939 -0.112836
v -0.168158 0.013939 -0.112836
v -0.153478 0.014210 -0.109869
v -0.158877 0.014210 -0.109869
v -0.163483 0.014210 -0.109869
v -0.168553 0.014210 -0.109869
v -0.156049 0.012722 -0.095181
v -0.161380 0.012722 -0.096039
v -0.165927 0.012438 -0.096771
v -0.170932 0.012028 -0.097577
v -0.160871 0.012072 -0.076503
v -0.166234 0.012697 -0.076503
v -0.170809 0.012757 -0.075963
v -0.175844 0.012796 -0.076503
v -0.167197 0.012311 -0.052799
v -0.172449 0.012747 -0.053601
v -0.176929 0.013277 -0.054286
v -0.181861 0.014235 -0.055039
v -0.174906 0.012652 -0.023179
v -0.180171 0.013688 -0.023776
v -0.184662 0.014573 -0.024286
v -0.189606 0.016064 -0.024846
v -0.180623 0.014274 0.007671
v -0.185890 0.015463 0.007671
v -0.190383 0.016477 0.007671
v -0.195328 0.016334 0.007671
v -0.187680 0.016354 0.047873
v -0.193065 0.016257 0.047551
v -0.197663 0.015573 0.047398
v -0.202717 0.015223 0.047065
v -0.193144 0.015863 0.089509
v -0.198510 0.015863 0.089020
v -0.203100 0.015452 0.088788
v -0.208135 0.014435 0.088281
v -0.205399 0.014671 0.103775
v -0.200787 0.015489 0.103658
v -0.210470 0.014672 0.103640
v -0.195384 0.015747 0.103750
v -0.206611 0.015100 0.109547
v -0.202067 0.015466 0.110061
v -0.211615 0.014206 0.108993
v -0.196740 0.015675 0.110676
v -0.167170 0.010113 -0.101214
v -0.167394 0.009862 -0.113828
v -0.167394 0.011633 -0.115077
v -0.167614 0.013366 -0.114616
v -0.168052 0.014235 -0.112914
v -0.168455 0.014512 -0.109858
v -0.170840 0.012338 -0.097544
v -0.175726 0.013095 -0.076499
v -0.181705 0.014511 -0.055023
v -0.189447 0.016328 -0.024834
v -0.195214 0.016638 0.007672
v -0.202639 0.015529 0.047073
v -0.208065 0.014754 0.088291
v -0.210392 0.014970 0.103635
v -0.211546 0.014523 0.109001
v -0.167170 0.010277 -0.101214
v -0.167394 0.010026 -0.113678
v -0.167394 0.011691 -0.114749
v -0.167614 0.013146 -0.114369
v -0.168052 0.013939 -0.112836
v -0.168447 0.014210 -0.109869
v -0.170827 0.012037 -0.097560
v -0.175739 0.012795 -0.076492
v -0.181758 0.014215 -0.055023
v -0.189502 0.016032 -0.024834
v -0.195224 0.016337 0.007671
v -0.202611 0.015230 0.047072
v -0.208030 0.014456 0.088292
v -0.210363 0.014672 0.103643
v -0.211511 0.014225 0.109004
v -0.166501 0.010113 -0.101214
v -0.166725 0.009862 -0.113828
v -0.166725 0.011632 -0.115077
v -0.166945 0.013364 -0.114617
v -0.167383 0.014234 -0.112915
v -0.167786 0.014512 -0.109859
v -0.170179 0.012391 -0.097438
v -0.175062 0.013090 -0.076428
v -0.181055 0.014385 -0.054924
v -0.188795 0.016131 -0.024760
v -0.194560 0.016657 0.007672
v -0.201971 0.015575 0.047117
v -0.207401 0.014888 0.088358
v -0.209723 0.014970 0.103652
v -0.210885 0.014641 0.109074
v -0.166501 0.010277 -0.101214
v -0.166725 0.010026 -0.113678
v -0.166725 0.011691 -0.114749
v -0.166945 0.013146 -0.114369
v -0.167383 0.013939 -0.112836
v -0.167778 0.014210 -0.109869
v -0.170167 0.012091 -0.097454
v -0.175074 0.012790 -0.076421
v -0.181107 0.014089 -0.054924
v -0.188850 0.015836 -0.024761
v -0.194572 0.016356 0.007671
v -0.201944 0.015276 0.047116
v -0.207365 0.014590 0.088359
v -0.209694 0.014671 0.103661
v -0.210850 0.014343 0.109077
v -0.152299 0.010113 -0.101214
v -0.152523 0.009861 -0.113826
v -0.152523 0.011619 -0.115075
v -0.152743 0.013338 -0.114638
v -0.153181 0.014231 -0.112928
v -0.153577 0.014511 -0.109870
v -0.156138 0.013021 -0.095176
v -0.160946 0.012382 -0.076495
v -0.167257 0.012617 -0.052808
v -0.174950 0.012967 -0.023190
v -0.180670 0.014592 0.007666
v -0.187763 0.016652 0.047865
v -0.193246 0.016163 0.089504
v -0.195492 0.016042 0.103743
v -0.196849 0.015973 0.110673
v -0.152299 0.010277 -0.101214
v -0.152523 0.010026 -0.113678
v -0.152523 0.011691 -0.114749
v -0.152743 0.013146 -0.114369
v -0.153181 0.013939 -0.112836
v -0.153575 0.014210 -0.109869
v -0.156145 0.012722 -0.095197
v -0.160968 0.012083 -0.076503
v -0.167292 0.012319 -0.052813
v -0.175001 0.012671 -0.023190
v -0.180718 0.014296 0.007671
v -0.187778 0.016352 0.047867
v -0.193241 0.015863 0.089500
v -0.195482 0.015742 0.103748
v -0.196837 0.015672 0.110665
v -0.152949 0.010113 -0.101214
v -0.153173 0.009861 -0.113826
v -0.153173 0.011620 -0.115075
v -0.153392 0.013339 -0.114637
v -0.153830 0.014231 -0.112927
v -0.154227 0.014511 -0.109870
v -0.156781 0.013021 -0.095280
v -0.161592 0.012458 -0.076496
v -0.167889 0.012669 -0.052905
v -0.175583 0.013091 -0.023262
v -0.181304 0.014735 0.007666
v -0.188413 0.016641 0.047827
v -0.193894 0.016163 0.089445
v -0.196144 0.016011 0.103732
v -0.197491 0.015947 0.110599
v -0.152949 0.010277 -0.101214
v -0.153173 0.010026 -0.113678
v -0.153173 0.011691 -0.114749
v -0.153392 0.013146 -0.114369
v -0.153830 0.013939 -0.112836
v -0.154225 0.014210 -0.109869
v -0.156787 0.012722 -0.095300
v -0.161613 0.012158 -0.076503
v -0.167924 0.012371 -0.052910
v -0.175634 0.012795 -0.023262
v -0.181352 0.014439 0.007671
v -0.188426 0.016340 0.047828
v -0.193886 0.015863 0.089442
v -0.196132 0.015711 0.103737
v -0.197478 0.015646 0.110591
v -0.162319 0.010113 -0.107520
v -0.157713 0.010113 -0.107520
v -0.167389 0.010113 -0.107521
v -0.152313 0.010113 -0.107520
v -0.162319 0.010277 -0.107446
v -0.157713 0.010277 -0.107446
v -0.167389 0.010277 -0.107446
v -0.152313 0.010277 -0.107446
v -0.167282 0.010277 -0.107446
v -0.167282 0.010113 -0.107521
v -0.166613 0.010113 -0.107521
v -0.166613 0.010277 -0.107446
v -0.152411 0.010277 -0.107446
v -0.152411 0.010113 -0.107520
v -0.153061 0.010277 -0.107446
v -0.153061 0.010113 -0.107520
v -0.157603 0.010113 -0.101300
v -0.152203 0.010113 -0.101300
v -0.157603 0.010277 -0.101299
v -0.152203 0.010277 -0.101299
v -0.167172 0.010277 -0.101299
v -0.166503 0.010277 -0.101299
v -0.152301 0.010277 -0.101299
v -0.152951 0.010277 -0.101299
v -0.162208 0.010113 -0.101300
v -0.167278 0.010113 -0.101300
v -0.162208 0.010277 -0.101299
v -0.167278 0.010277 -0.101299
v -0.167172 0.010113 -0.101300
v -0.166503 0.010113 -0.101300
v -0.152301 0.010113 -0.101300
v -0.152951 0.010113 -0.101300
v -0.162218 0.010113 -0.101846
v -0.167288 0.010113 -0.101846
v -0.162218 0.010277 -0.101838
v -0.167288 0.010277 -0.101838
v -0.167182 0.010113 -0.101846
v -0.166513 0.010113 -0.101846
v -0.152310 0.010113 -0.101846
v -0.152960 0.010113 -0.101846
v -0.157612 0.010113 -0.101846
v -0.152213 0.010113 -0.101846
v -0.157612 0.010277 -0.101838
v -0.152213 0.010277 -0.101838
v -0.167182 0.010277 -0.101838
v -0.166513 0.010277 -0.101838
v -0.152310 0.010277 -0.101838
v -0.152960 0.010277 -0.101838
v -0.194021 0.016298 0.027535
v -0.189456 0.016132 0.027609
v -0.199032 0.016051 0.027369
v -0.184120 0.015585 0.027769
v -0.194023 0.015998 0.027535
v -0.189477 0.015833 0.027611
v -0.199022 0.015751 0.027368
v -0.184152 0.015287 0.027772
v -0.198918 0.015756 0.027372
v -0.198927 0.016056 0.027373
v -0.198266 0.016089 0.027394
v -0.198258 0.015789 0.027394
v -0.184248 0.015297 0.027769
v -0.184216 0.015595 0.027766
v -0.184889 0.015362 0.027750
v -0.184859 0.015661 0.027747
v -0.200410 0.015812 0.068094
v -0.195797 0.016361 0.068286
v -0.205458 0.015127 0.067673
v -0.190407 0.016409 0.068692
v -0.200382 0.015513 0.068093
v -0.195787 0.016060 0.068286
v -0.205426 0.014829 0.067673
v -0.190412 0.016109 0.068691
v -0.205320 0.014843 0.067682
v -0.205352 0.015141 0.067682
v -0.204686 0.015232 0.067738
v -0.204655 0.014933 0.067737
v -0.190509 0.016108 0.068684
v -0.190505 0.016408 0.068685
v -0.191156 0.016102 0.068635
v -0.191153 0.016402 0.068636
v -0.187482 0.015823 -0.008308
v -0.182983 0.014873 -0.008055
v -0.192434 0.016498 -0.008587
v -0.177714 0.013760 -0.007757
v -0.187523 0.015525 -0.008307
v -0.183030 0.014576 -0.008053
v -0.192467 0.016199 -0.008588
v -0.177764 0.013464 -0.007754
v -0.192363 0.016185 -0.008582
v -0.192331 0.016483 -0.008581
v -0.191677 0.016394 -0.008544
v -0.191711 0.016096 -0.008545
v -0.177859 0.013484 -0.007760
v -0.177810 0.013780 -0.007762
v -0.178493 0.013618 -0.007796
v -0.178444 0.013914 -0.007798
v -0.152202 0.010141 -0.101214
v -0.157601 0.010141 -0.101214
v -0.162207 0.010141 -0.101214
v -0.167277 0.010141 -0.101214
v -0.152425 0.009889 -0.113812
v -0.167500 0.009890 -0.113814
v -0.152425 0.011625 -0.115044
v -0.167500 0.011639 -0.115047
v -0.152645 0.013320 -0.114613
v -0.167720 0.013346 -0.114592
v -0.153083 0.014203 -0.112920
v -0.168158 0.014207 -0.112907
v -0.153479 0.014483 -0.109870
v -0.168561 0.014484 -0.109859
v -0.156043 0.012993 -0.095162
v -0.170944 0.012301 -0.097562
v -0.160851 0.012343 -0.076496
v -0.175833 0.013068 -0.076510
v -0.167165 0.012581 -0.052794
v -0.181813 0.014504 -0.055039
v -0.174859 0.012920 -0.023179
v -0.189556 0.016331 -0.024846
v -0.180579 0.014543 0.007666
v -0.195319 0.016607 0.007672
v -0.187667 0.016626 0.047871
v -0.202743 0.015494 0.047066
v -0.193148 0.016135 0.089512
v -0.208167 0.014705 0.088281
v -0.210495 0.014942 0.103633
v -0.195393 0.016019 0.103745
v -0.211648 0.014477 0.108990
v -0.196751 0.015948 0.110683
v -0.167170 0.010141 -0.101214
v -0.166501 0.010141 -0.101214
v -0.152299 0.010141 -0.101214
v -0.152949 0.010141 -0.101214
v -0.152313 0.010141 -0.107513
v -0.167389 0.010141 -0.107514
v -0.152203 0.010141 -0.101300
v -0.167278 0.010141 -0.101300
v -0.167288 0.010141 -0.101845
v -0.152213 0.010141 -0.101845
v -0.184123 0.015557 0.027769
v -0.199031 0.016023 0.027369
v -0.190407 0.016381 0.068692
v -0.205455 0.015099 0.067673
v -0.177719 0.013732 -0.007756
v -0.192437 0.016470 -0.008587
v -0.152202 0.010236 -0.101214
v -0.157601 0.010236 -0.101214
v -0.162207 0.010236 -0.101214
v -0.167277 0.010236 -0.101214
v -0.152425 0.009985 -0.113698
v -0.167500 0.009985 -0.113698
v -0.152425 0.011681 -0.114793
v -0.167500 0.011683 -0.114794
v -0.152645 0.013172 -0.114406
v -0.167720 0.013176 -0.114403
v -0.153083 0.013979 -0.112848
v -0.168158 0.013979 -0.112846
v -0.153478 0.014251 -0.109870
v -0.168554 0.014251 -0.109868
v -0.156048 0.012763 -0.095178
v -0.170934 0.012069 -0.097575
v -0.160868 0.012112 -0.076502
v -0.175842 0.012837 -0.076504
v -0.167192 0.012352 -0.052798
v -0.181854 0.014276 -0.055039
v -0.174899 0.012692 -0.023179
v -0.189598 0.016104 -0.024846
v -0.180616 0.014315 0.007670
v -0.195327 0.016375 0.007671
v -0.187678 0.016395 0.047873
v -0.202721 0.015263 0.047065
v -0.193144 0.015904 0.089510
v -0.208140 0.014475 0.088281
v -0.210474 0.014712 0.103639
v -0.195386 0.015788 0.103749
v -0.211620 0.014247 0.108992
v -0.196742 0.015716 0.110677
v -0.167170 0.010236 -0.101214
v -0.166501 0.010236 -0.101214
v -0.152299 0.010236 -0.101214
v -0.152949 0.010236 -0.101214
v -0.152313 0.010236 -0.107456
v -0.167389 0.010236 -0.107456
v -0.152203 0.010236 -0.101299
v -0.167278 0.010236 -0.101299
v -0.167288 0.010236 -0.101839
v -0.152213 0.010236 -0.101839
v -0.184147 0.015327 0.027772
v -0.199024 0.015792 0.027368
v -0.190411 0.016149 0.068691
v -0.205430 0.014869 0.067673
v -0.177757 0.013504 -0.007755
v -0.192462 0.016240 -0.008587
v -0.152202 0.010284 -0.101214
v -0.157601 0.010284 -0.101214
v -0.162207 0.010284 -0.101214
v -0.167277 0.010284 -0.101214
v -0.152425 0.010738 -0.113155
v -0.157825 0.010742 -0.113157
v -0.162431 0.010742 -0.113157
v -0.167500 0.010746 -0.113159
v -0.152425 0.011990 -0.113090
v -0.157825 0.011990 -0.113090
v -0.162431 0.011990 -0.113090
v -0.167500 0.011990 -0.113090
v -0.152425 0.012852 -0.112435
v -0.157825 0.012852 -0.112435
v -0.162431 0.012852 -0.112435
v -0.167500 0.012852 -0.112435
v -0.152425 0.012539 -0.108458
v -0.157825 0.012539 -0.108458
v -0.162431 0.012539 -0.108458
v -0.167500 0.012539 -0.108458
v -0.152425 0.012322 -0.103783
v -0.157825 0.012322 -0.103783
v -0.162431 0.012322 -0.103783
v -0.167500 0.012322 -0.103783
v -0.152692 0.012283 -0.092056
v -0.158091 0.012283 -0.092056
v -0.162697 0.012283 -0.092056
v -0.167767 0.012283 -0.092056
v -0.153208 0.012257 -0.076503
v -0.158607 0.012257 -0.076503
v -0.163213 0.012257 -0.076503
v -0.168283 0.012257 -0.076503
v -0.155604 0.012272 -0.053935
v -0.161003 0.012272 -0.053935
v -0.165609 0.012272 -0.053935
v -0.170679 0.012272 -0.053935
v -0.159314 0.012192 -0.024251
v -0.164712 0.012192 -0.024252
v -0.169318 0.012192 -0.024256
v -0.174387 0.012192 -0.024259
v -0.163462 0.012182 0.001419
v -0.168809 0.012922 0.001416
v -0.173372 0.013552 0.001411
v -0.178392 0.014247 0.001410
v -0.168004 0.012126 0.031489
v -0.173309 0.013052 0.031487
v -0.177839 0.013843 0.031484
v -0.182818 0.014712 0.031482
v -0.169923 0.011930 0.061037
v -0.175098 0.013349 0.061035
v -0.179524 0.014563 0.061032
v -0.184380 0.015894 0.061031
v -0.171184 0.011599 0.085934
v -0.176304 0.013187 0.085934
v -0.180686 0.014547 0.085934
v -0.185489 0.016037 0.085934
v -0.181921 0.014134 0.110653
v -0.177522 0.012937 0.111038
v -0.186732 0.015487 0.110229
v -0.172392 0.011541 0.111490
v -0.184337 0.015571 0.061032
v -0.182753 0.014396 0.031486
v -0.178304 0.013931 0.001417
v -0.174274 0.011892 -0.024251
v -0.170555 0.011972 -0.053935
v -0.168159 0.011957 -0.076503
v -0.162319 0.010284 -0.107224
v -0.157713 0.010284 -0.107224
v -0.167389 0.010284 -0.107224
v -0.152313 0.010284 -0.107224
v -0.167643 0.011983 -0.092057
v -0.167377 0.012022 -0.103791
v -0.167377 0.012239 -0.108476
v -0.167377 0.012540 -0.112295
v -0.167377 0.011880 -0.112796
v -0.167161 0.010584 -0.101646
v -0.162375 0.010209 -0.112424
v -0.167444 0.010210 -0.112427
v -0.157769 0.010209 -0.112424
v -0.152369 0.010208 -0.112420
v -0.186614 0.015455 0.110240
v -0.167321 0.010210 -0.112427
v -0.167161 0.010284 -0.101646
v -0.167265 0.010284 -0.107224
v -0.167377 0.010745 -0.113159
v -0.167153 0.010284 -0.101214
v -0.185372 0.016000 0.085934
v -0.184261 0.015862 0.061031
v -0.182697 0.014691 0.031482
v -0.178269 0.014230 0.001410
v -0.174263 0.012192 -0.024259
v -0.170555 0.012272 -0.053935
v -0.152202 0.010584 -0.101214
v -0.157601 0.010584 -0.101214
v -0.162207 0.010584 -0.101214
v -0.167277 0.010584 -0.101214
v -0.152425 0.010873 -0.112848
v -0.157825 0.010873 -0.112848
v -0.162431 0.010873 -0.112848
v -0.167500 0.010873 -0.112848
v -0.152425 0.011880 -0.112796
v -0.157825 0.011880 -0.112796
v -0.162431 0.011880 -0.112796
v -0.167500 0.011880 -0.112796
v -0.152425 0.012540 -0.112295
v -0.157825 0.012540 -0.112295
v -0.162431 0.012540 -0.112295
v -0.167500 0.012540 -0.112295
v -0.152425 0.012239 -0.108476
v -0.157825 0.012239 -0.108476
v -0.162431 0.012239 -0.108476
v -0.167500 0.012239 -0.108476
v -0.152425 0.012022 -0.103791
v -0.157825 0.012022 -0.103791
v -0.162431 0.012022 -0.103791
v -0.167500 0.012022 -0.103791
v -0.152692 0.011983 -0.092057
v -0.158091 0.011983 -0.092057
v -0.162697 0.011983 -0.092057
v -0.167767 0.011983 -0.092057
v -0.153208 0.011957 -0.076503
v -0.158607 0.011957 -0.076503
v -0.163213 0.011957 -0.076503
v -0.168283 0.011957 -0.076503
v -0.155604 0.011972 -0.053935
v -0.161003 0.011972 -0.053935
v -0.165609 0.011972 -0.053935
v -0.170679 0.011972 -0.053935
v -0.159323 0.011892 -0.024251
v -0.164723 0.011892 -0.024251
v -0.169328 0.011892 -0.024251
v -0.174398 0.011892 -0.024251
v -0.163494 0.011884 0.001417
v -0.168843 0.012623 0.001417
v -0.173405 0.013254 0.001417
v -0.178427 0.013948 0.001417
v -0.168060 0.011831 0.031486
v -0.173365 0.012757 0.031486
v -0.177895 0.013548 0.031486
v -0.182875 0.014418 0.031486
v -0.169997 0.011639 0.061032
v -0.175172 0.013058 0.061032
v -0.179599 0.014272 0.061032
v -0.184455 0.015604 0.061032
v -0.171268 0.011311 0.085928
v -0.176388 0.012899 0.085928
v -0.180770 0.014259 0.085928
v -0.185573 0.015749 0.085928
v -0.181995 0.013845 0.110593
v -0.177596 0.012648 0.110983
v -0.186805 0.015199 0.110166
v -0.172467 0.011252 0.111438
v -0.168159 0.012257 -0.076503
v -0.167643 0.012283 -0.092056
v -0.167377 0.012322 -0.103783
v -0.167377 0.012539 -0.108458
v -0.167377 0.012852 -0.112435
v -0.167377 0.011990 -0.113090
v -0.162319 0.010584 -0.107224
v -0.157713 0.010584 -0.107224
v -0.167389 0.010584 -0.107224
v -0.152313 0.010584 -0.107224
v -0.157609 0.010584 -0.101646
v -0.152210 0.010584 -0.101646
v -0.162215 0.010284 -0.101646
v -0.157609 0.010284 -0.101646
v -0.152210 0.010284 -0.101646
v -0.162209 0.010284 -0.101300
v -0.162375 0.010509 -0.112314
v -0.167444 0.010509 -0.112314
v -0.167278 0.010284 -0.101300
v -0.162209 0.010584 -0.101300
v -0.167278 0.010584 -0.101300
v -0.157769 0.010509 -0.112314
v -0.152369 0.010509 -0.112314
v -0.167285 0.010284 -0.101646
v -0.152203 0.010584 -0.101300
v -0.157603 0.010584 -0.101300
v -0.162215 0.010584 -0.101646
v -0.152203 0.010284 -0.101300
v -0.157603 0.010284 -0.101300
v -0.167285 0.010584 -0.101646
v -0.167333 0.010584 -0.104219
v -0.162263 0.010584 -0.104219
v -0.152258 0.010584 -0.104219
v -0.157657 0.010584 -0.104219
v -0.167333 0.010284 -0.104219
v -0.162263 0.010284 -0.104219
v -0.152258 0.010284 -0.104219
v -0.157657 0.010284 -0.104219
v -0.185456 0.015712 0.085928
v -0.167153 0.010584 -0.101214
v -0.167209 0.010584 -0.104219
v -0.167377 0.010873 -0.112848
v -0.167209 0.010284 -0.104219
v -0.167265 0.010584 -0.107224
v -0.167154 0.010584 -0.101300
v -0.167154 0.010284 -0.101300
v -0.167321 0.010509 -0.112314
v -0.186688 0.015167 0.110177
v -0.166927 0.010745 -0.113159
v -0.166703 0.010284 -0.101214
v -0.173813 0.012192 -0.024259
v -0.167193 0.012283 -0.092056
v -0.166927 0.012852 -0.112435
v -0.184946 0.015868 0.085934
v -0.183831 0.015744 0.061031
v -0.182255 0.014614 0.031483
v -0.170105 0.012272 -0.053935
v -0.166815 0.010284 -0.107224
v -0.166927 0.012322 -0.103783
v -0.166927 0.011990 -0.113090
v -0.166927 0.012539 -0.108458
v -0.167709 0.012257 -0.076503
v -0.177824 0.014168 0.001410
v -0.166927 0.010873 -0.112848
v -0.166711 0.010284 -0.101646
v -0.166703 0.010584 -0.101214
v -0.166871 0.010210 -0.112426
v -0.185030 0.015580 0.085928
v -0.186188 0.015339 0.110277
v -0.166711 0.010584 -0.101646
v -0.183906 0.015453 0.061032
v -0.182311 0.014319 0.031486
v -0.166759 0.010584 -0.104219
v -0.177859 0.013870 0.001417
v -0.173824 0.011892 -0.024251
v -0.170105 0.011972 -0.053935
v -0.167709 0.011957 -0.076503
v -0.166759 0.010284 -0.104219
v -0.167193 0.011983 -0.092057
v -0.166927 0.012022 -0.103791
v -0.166815 0.010584 -0.107224
v -0.166927 0.012239 -0.108476
v -0.166705 0.010584 -0.101300
v -0.166705 0.010284 -0.101300
v -0.166871 0.010509 -0.112314
v -0.186261 0.015051 0.110215
v -0.166927 0.012540 -0.112295
v -0.166927 0.011880 -0.112796
v -0.152560 0.011990 -0.113090
v -0.152560 0.012852 -0.112435
v -0.152560 0.012539 -0.108458
v -0.152560 0.012322 -0.103783
v -0.152826 0.012283 -0.092056
v -0.153342 0.012257 -0.076503
v -0.155738 0.012272 -0.053935
v -0.159448 0.012192 -0.024251
v -0.163595 0.012201 0.001419
v -0.168137 0.012149 0.031489
v -0.170051 0.011965 0.061037
v -0.171312 0.011638 0.085934
v -0.152336 0.010284 -0.101214
v -0.152560 0.010738 -0.113155
v -0.152448 0.010284 -0.107224
v -0.152344 0.010284 -0.101646
v -0.152504 0.010208 -0.112420
v -0.152344 0.010584 -0.101646
v -0.172520 0.011576 0.111479
v -0.152392 0.010284 -0.104219
v -0.152560 0.011880 -0.112796
v -0.152560 0.012540 -0.112295
v -0.152560 0.012239 -0.108476
v -0.152560 0.012022 -0.103791
v -0.152826 0.011983 -0.092057
v -0.153342 0.011957 -0.076503
v -0.155738 0.011972 -0.053935
v -0.159457 0.011892 -0.024251
v -0.163627 0.011902 0.001417
v -0.168192 0.011854 0.031486
v -0.170126 0.011675 0.061032
v -0.171396 0.011350 0.085928
v -0.152336 0.010584 -0.101214
v -0.152560 0.010873 -0.112848
v -0.152392 0.010584 -0.104219
v -0.152448 0.010584 -0.107224
v -0.152338 0.010284 -0.101300
v -0.152338 0.010584 -0.101300
v -0.152504 0.010509 -0.112314
v -0.172595 0.011287 0.111427
v -0.153468 0.011990 -0.113090
v -0.153468 0.012852 -0.112435
v -0.153468 0.012539 -0.108458
v -0.153468 0.012322 -0.103783
v -0.153734 0.012283 -0.092056
v -0.154250 0.012257 -0.076503
v -0.156646 0.012272 -0.053935
v -0.160356 0.012192 -0.024251
v -0.164494 0.012325 0.001418
v -0.169028 0.012305 0.031489
v -0.170921 0.012204 0.061037
v -0.172172 0.011905 0.085934
v -0.153244 0.010284 -0.101214
v -0.153468 0.010738 -0.113156
v -0.153468 0.011880 -0.112796
v -0.153468 0.012540 -0.112295
v -0.153468 0.012239 -0.108476
v -0.153468 0.012022 -0.103791
v -0.153734 0.011983 -0.092057
v -0.154250 0.011957 -0.076503
v -0.156646 0.011972 -0.053935
v -0.160365 0.011892 -0.024251
v -0.164526 0.012026 0.001417
v -0.169084 0.012010 0.031486
v -0.170996 0.011913 0.061032
v -0.172256 0.011617 0.085928
v -0.153244 0.010584 -0.101214
v -0.153468 0.010873 -0.112848
v -0.153356 0.010284 -0.107224
v -0.153252 0.010284 -0.101646
v -0.153412 0.010208 -0.112421
v -0.153252 0.010584 -0.101646
v -0.173382 0.011811 0.111403
v -0.153300 0.010284 -0.104219
v -0.153300 0.010584 -0.104219
v -0.153356 0.010584 -0.107224
v -0.153245 0.010284 -0.101300
v -0.153245 0.010584 -0.101300
v -0.153412 0.010509 -0.112314
v -0.173457 0.011521 0.111351
v -0.167153 0.010535 -0.101214
v -0.167285 0.010535 -0.101646
v -0.152210 0.010535 -0.101646
v -0.152258 0.010535 -0.104219
v -0.167333 0.010535 -0.104219
v -0.152203 0.010535 -0.101300
v -0.167278 0.010535 -0.101300
v -0.152202 0.010535 -0.101214
v -0.157601 0.010535 -0.101214
v -0.162207 0.010535 -0.101214
v -0.167277 0.010535 -0.101214
v -0.152425 0.010851 -0.112898
v -0.167500 0.010853 -0.112898
v -0.152425 0.011898 -0.112843
v -0.167500 0.011898 -0.112843
v -0.152425 0.012590 -0.112318
v -0.167500 0.012590 -0.112318
v -0.152425 0.012288 -0.108473
v -0.167500 0.012288 -0.108473
v -0.152425 0.012071 -0.103789
v -0.167500 0.012071 -0.103789
v -0.152692 0.012031 -0.092057
v -0.167767 0.012031 -0.092057
v -0.153208 0.012005 -0.076503
v -0.168283 0.012005 -0.076503
v -0.155604 0.012020 -0.053935
v -0.170679 0.012020 -0.053935
v -0.159321 0.011940 -0.024251
v -0.174396 0.011940 -0.024252
v -0.163489 0.011932 0.001417
v -0.178421 0.013996 0.001416
v -0.168051 0.011879 0.031487
v -0.182866 0.014465 0.031486
v -0.169985 0.011686 0.061033
v -0.184443 0.015650 0.061032
v -0.171255 0.011357 0.085929
v -0.185559 0.015795 0.085929
v -0.186794 0.015245 0.110176
v -0.172455 0.011299 0.111447
v -0.167389 0.010535 -0.107224
v -0.152313 0.010535 -0.107224
v -0.167444 0.010461 -0.112332
v -0.152369 0.010461 -0.112331
v -0.166703 0.010535 -0.101214
v -0.152336 0.010535 -0.101214
v -0.153244 0.010535 -0.101214
v -0.167153 0.010326 -0.101214
v -0.167285 0.010326 -0.101646
v -0.152210 0.010326 -0.101646
v -0.152258 0.010326 -0.104219
v -0.167333 0.010326 -0.104219
v -0.152203 0.010326 -0.101300
v -0.167278 0.010326 -0.101300
v -0.152202 0.010326 -0.101214
v -0.157601 0.010326 -0.101214
v -0.162207 0.010326 -0.101214
v -0.167277 0.010326 -0.101214
v -0.152425 0.010757 -0.113113
v -0.167500 0.010763 -0.113115
v -0.152425 0.011974 -0.113049
v -0.167500 0.011974 -0.113049
v -0.152425 0.012808 -0.112416
v -0.167500 0.012808 -0.112416
v -0.152425 0.012497 -0.108460
v -0.167500 0.012497 -0.108460
v -0.152425 0.012280 -0.103784
v -0.167500 0.012280 -0.103784
v -0.152692 0.012241 -0.092056
v -0.167767 0.012241 -0.092056
v -0.153208 0.012215 -0.076503
v -0.168283 0.012215 -0.076503
v -0.155604 0.012230 -0.053935
v -0.170679 0.012230 -0.053935
v -0.159315 0.012150 -0.024251
v -0.174388 0.012150 -0.024258
v -0.163466 0.012141 0.001418
v -0.178397 0.014205 0.001411
v -0.168012 0.012085 0.031489
v -0.182826 0.014671 0.031483
v -0.169933 0.011889 0.061036
v -0.184391 0.015854 0.061031
v -0.171196 0.011559 0.085933
v -0.185501 0.015997 0.085933
v -0.186742 0.015447 0.110220
v -0.172403 0.011501 0.111483
v -0.167389 0.010326 -0.107224
v -0.152313 0.010326 -0.107224
v -0.167444 0.010252 -0.112411
v -0.152369 0.010250 -0.112405
v -0.166703 0.010326 -0.101214
v -0.152336 0.010326 -0.101214
v -0.153244 0.010326 -0.101214
v -0.173446 0.011565 0.111358
v -0.181984 0.013888 0.110602
v -0.186677 0.015210 0.110186
v -0.177585 0.012691 0.110992
v -0.186250 0.015094 0.110224
v -0.172583 0.011330 0.111435
v -0.173392 0.011771 0.111396
v -0.181931 0.014094 0.110645
v -0.177532 0.012898 0.111031
v -0.186198 0.015300 0.110269
v -0.172530 0.011537 0.111472
v -0.186624 0.015416 0.110231
v -0.177507 0.012937 0.110913
v -0.172378 0.011540 0.111365
v -0.181907 0.014134 0.110528
v -0.186717 0.015489 0.110104
v -0.177582 0.012648 0.110858
v -0.172452 0.011251 0.111313
v -0.181980 0.013846 0.110468
v -0.186790 0.015201 0.110041
v -0.186673 0.015169 0.110052
v -0.186599 0.015457 0.110114
v -0.186246 0.015053 0.110090
v -0.186173 0.015341 0.110152
v -0.172580 0.011286 0.111302
v -0.172505 0.011575 0.111354
v -0.173368 0.011810 0.111278
v -0.173442 0.011521 0.111226
v -0.186779 0.015247 0.110051
v -0.172440 0.011298 0.111322
v -0.172388 0.011500 0.111358
v -0.186727 0.015449 0.110095
v -0.177403 0.012940 0.108491
v -0.172276 0.011525 0.108943
v -0.177478 0.012651 0.108440
v -0.172352 0.011236 0.108895
v -0.186489 0.015448 0.107692
v -0.186063 0.015330 0.107729
v -0.172404 0.011560 0.108932
v -0.173266 0.011798 0.108856
v -0.172340 0.011282 0.108903
v -0.172287 0.011485 0.108936
v -0.181799 0.014153 0.108106
v -0.186607 0.015480 0.107681
v -0.181874 0.013865 0.108050
v -0.186681 0.015192 0.107624
v -0.186564 0.015160 0.107634
v -0.186137 0.015042 0.107672
v -0.172480 0.011271 0.108883
v -0.173341 0.011509 0.108807
v -0.186669 0.015238 0.107633
v -0.186617 0.015440 0.107673
v -0.211542 0.014492 0.109001
v -0.210882 0.014610 0.109074
v -0.206642 0.015367 0.109545
v -0.202089 0.015736 0.110065
v -0.197490 0.015916 0.110598
v -0.196847 0.015941 0.110672
v -0.211514 0.014257 0.109004
v -0.210854 0.014375 0.109077
v -0.206614 0.015132 0.109547
v -0.202070 0.015498 0.110061
v -0.197479 0.015679 0.110592
v -0.196838 0.015704 0.110666
v -0.211629 0.014507 0.108900
v -0.206623 0.015389 0.109457
v -0.202068 0.015763 0.109976
v -0.196728 0.015973 0.110596
v -0.211593 0.014209 0.108904
v -0.206588 0.015090 0.109460
v -0.202044 0.015462 0.109972
v -0.196717 0.015672 0.110588
v -0.211488 0.014227 0.108915
v -0.211524 0.014526 0.108912
v -0.210828 0.014344 0.108989
v -0.210863 0.014642 0.108985
v -0.196813 0.015668 0.110577
v -0.196825 0.015969 0.110585
v -0.197468 0.015944 0.110510
v -0.197455 0.015643 0.110503
v -0.196727 0.015945 0.110595
v -0.211625 0.014479 0.108901
v -0.196719 0.015713 0.110589
v -0.211598 0.014249 0.108903
v -0.206293 0.015247 0.108168
v -0.201728 0.015757 0.108661
v -0.196381 0.015977 0.109295
v -0.206259 0.014948 0.108173
v -0.201704 0.015456 0.108660
v -0.196370 0.015676 0.109289
v -0.211197 0.014558 0.107597
v -0.210536 0.014651 0.107674
v -0.196478 0.015973 0.109283
v -0.197121 0.015946 0.109207
v -0.196380 0.015949 0.109294
v -0.196372 0.015717 0.109290
v -0.211302 0.014544 0.107585
v -0.211268 0.014245 0.107590
v -0.211163 0.014260 0.107602
v -0.210502 0.014353 0.107679
v -0.196467 0.015672 0.109278
v -0.197108 0.015646 0.109202
v -0.211298 0.014516 0.107585
v -0.211273 0.014286 0.107589
v -0.162403 0.010431 -0.112790
v -0.167472 0.010433 -0.112793
v -0.157797 0.010431 -0.112790
v -0.152397 0.010428 -0.112788
v -0.162403 0.010647 -0.112581
v -0.167472 0.010647 -0.112581
v -0.157797 0.010647 -0.112581
v -0.152397 0.010589 -0.112713
v -0.167349 0.010647 -0.112581
v -0.167349 0.010433 -0.112793
v -0.166899 0.010433 -0.112792
v -0.166899 0.010647 -0.112581
v -0.152532 0.010589 -0.112713
v -0.152532 0.010428 -0.112788
v -0.153440 0.010589 -0.112713
v -0.153440 0.010429 -0.112788
v -0.152397 0.010554 -0.112746
v -0.167472 0.010612 -0.112615
v -0.167472 0.010463 -0.112763
v -0.152397 0.010459 -0.112759
v -0.341338 0.000023 -0.115000
v -0.016488 0.000000 -0.115000
v -0.341338 0.000023 0.115000
v -0.016488 0.000000 0.115000
v -0.159084 0.001000 0.115000
v -0.159084 0.001000 -0.115000
v -0.187321 0.006969 0.115000
v -0.183154 0.006755 0.115000
v -0.178987 0.006389 0.115000
v -0.174821 0.005493 0.115000
v -0.170654 0.003643 0.115000
v -0.170654 0.003643 -0.115000
v -0.174821 0.005493 -0.115000
v -0.178987 0.006389 -0.115000
v -0.183154 0.006755 -0.115000
v -0.187321 0.006969 -0.115000
v -0.165487 0.000000 -0.115000
v -0.167240 0.000658 -0.115000
v -0.166088 0.000088 -0.115000
v -0.166730 0.000329 -0.115000
v -0.167240 0.000658 0.115000
v -0.165487 0.000000 0.115000
v -0.166730 0.000329 0.115000
v -0.166088 0.000088 0.115000
v -0.199521 0.006359 0.115000
v -0.198576 0.006401 0.115000
v -0.199332 0.006468 0.115000
v -0.198762 0.006493 0.115000
v -0.198576 0.006401 -0.115000
v -0.199521 0.006359 -0.115000
v -0.198762 0.006493 -0.115000
v -0.199332 0.006468 -0.115000
v -0.159392 0.000000 0.115000
v -0.158446 0.000000 0.115000
v -0.159185 0.000100 0.115000
v -0.158637 0.000100 0.115000
v -0.158446 0.000000 -0.115000
v -0.159392 0.000000 -0.115000
v -0.158637 0.000100 -0.115000
v -0.159185 0.000100 -0.115000
v -0.341383 0.001022 -0.115000
v -0.016488 0.001000 -0.115000
v -0.341383 0.001022 0.115000
v -0.016488 0.001000 0.115000
v -0.159084 0.000100 0.115000
v -0.159084 0.000100 -0.115000
v -0.187325 0.007971 0.115000
v -0.183085 0.007753 0.115000
v -0.178838 0.007380 0.115000
v -0.174509 0.006449 0.115000
v -0.170110 0.004495 0.115000
v -0.170110 0.004495 -0.115000
v -0.174509 0.006449 -0.115000
v -0.178838 0.007380 -0.115000
v -0.183085 0.007753 -0.115000
v -0.187325 0.007971 -0.115000
v -0.165415 0.001000 -0.115000
v -0.166637 0.001459 -0.115000
v -0.165837 0.001062 -0.115000
v -0.166278 0.001228 -0.115000
v -0.166637 0.001459 0.115000
v -0.165415 0.001000 0.115000
v -0.166278 0.001228 0.115000
v -0.165837 0.001062 0.115000
v -0.199566 0.007358 0.115000
v -0.198620 0.007400 0.115000
v -0.199372 0.007367 0.115000
v -0.198802 0.007392 0.115000
v -0.198620 0.007400 -0.115000
v -0.199566 0.007358 -0.115000
v -0.198802 0.007392 -0.115000
v -0.199372 0.007367 -0.115000
v -0.159392 0.001000 0.115000
v -0.158446 0.001000 0.115000
v -0.159185 0.001000 0.115000
v -0.158637 0.001000 0.115000
v -0.158446 0.001000 -0.115000
v -0.159392 0.001000 -0.115000
v -0.158637 0.001000 -0.115000
v -0.159185 0.001000 -0.115000
v -0.192343 0.006680 -0.115000
v -0.190632 0.006770 -0.115000
v -0.191916 0.006702 -0.115000
v -0.191488 0.006725 -0.115000
v -0.191060 0.006747 -0.115000
v -0.190632 0.006770 0.115000
v -0.192343 0.006680 0.115000
v -0.191060 0.006747 0.115000
v -0.191488 0.006725 0.115000
v -0.191916 0.006702 0.115000
v -0.190685 0.007768 -0.115000
v -0.192396 0.007678 -0.115000
v -0.191112 0.007746 -0.115000
v -0.191540 0.007723 -0.115000
v -0.191968 0.007701 -0.115000
v -0.192396 0.007678 0.115000
v -0.190685 0.007768 0.115000
v -0.191968 0.007701 0.115000
v -0.191540 0.007723 0.115000
v -0.191112 0.007746 0.115000
v -0.158730 0.000100 -0.115000
v -0.158730 0.001000 0.115000
v -0.158730 0.000100 0.115000
v -0.158730 0.001000 -0.115000
v -0.199242 0.006472 -0.115000
v -0.199242 0.006472 0.115000
v -0.199283 0.007371 -0.115000
v -0.199283 0.007371 0.115000
v -0.198834 0.006490 -0.115000
v -0.198875 0.007389 -0.115000
v -0.198834 0.006490 0.115000
v -0.198875 0.007389 0.115000
v -0.016488 0.000000 0.000000
v -0.341338 0.000023 0.000000
v -0.159084 0.000100 0.000000
v -0.187321 0.006969 0.000000
v -0.183154 0.006755 0.000000
v -0.178987 0.006389 0.000000
v -0.174821 0.005493 0.000000
v -0.170654 0.003643 0.000000
v -0.167240 0.000658 0.000000
v -0.166730 0.000329 0.000000
v -0.166088 0.000088 0.000000
v -0.165487 0.000000 0.000000
v -0.198576 0.006401 0.000000
v -0.198762 0.006493 0.000000
v -0.199332 0.006468 0.000000
v -0.199521 0.006359 0.000000
v -0.158446 0.000000 0.000000
v -0.158637 0.000100 0.000000
v -0.159185 0.000100 0.000000
v -0.159392 0.000000 0.000000
v -0.159084 0.001000 0.000000
v -0.016488 0.001000 0.000000
v -0.341383 0.001022 0.000000
v -0.187325 0.007971 0.000000
v -0.183085 0.007753 0.000000
v -0.178838 0.007380 0.000000
v -0.174509 0.006449 0.000000
v -0.170110 0.004495 0.000000
v -0.166637 0.001459 0.000000
v -0.166278 0.001228 0.000000
v -0.165837 0.001062 0.000000
v -0.165415 0.001000 0.000000
v -0.198620 0.007400 0.000000
v -0.198802 0.007392 0.000000
v -0.199372 0.007367 0.000000
v -0.199566 0.007358 0.000000
v -0.158446 0.001000 0.000000
v -0.158637 0.001000 0.000000
v -0.159185 0.001000 0.000000
v -0.159392 0.001000 0.000000
v -0.192343 0.006680 0.000000
v -0.191916 0.006702 0.000000
v -0.191488 0.006725 0.000000
v -0.191060 0.006747 0.000000
v -0.190632 0.006770 0.000000
v -0.190685 0.007768 0.000000
v -0.191112 0.007746 0.000000
v -0.191540 0.007723 0.000000
v -0.191968 0.007701 0.000000
v -0.192396 0.007678 0.000000
v -0.158730 0.000100 0.000000
v -0.158730 0.001000 0.000000
v -0.199283 0.007371 0.000000
v -0.199242 0.006472 0.000000
v -0.198834 0.006490 0.000000
v -0.198875 0.007389 0.000000
v -0.270430 0.003191 -0.115000
v -0.270430 0.003191 0.115000
v -0.270474 0.004190 -0.115000
v -0.270474 0.004190 0.115000
v -0.270474 0.004190 0.000000
v -0.270430 0.003191 0.000000
v -0.087467 0.000000 -0.115000
v -0.087467 0.000000 0.115000
v -0.087467 0.001000 -0.115000
v -0.087467 0.001000 0.115000
v -0.087467 0.001000 0.000000
v -0.087467 0.000000 0.000000
v -0.016488 0.000000 0.057500
v -0.341338 0.000023 0.057500
v -0.187321 0.006969 0.057500
v -0.183154 0.006755 0.057500
v -0.178987 0.006389 0.057500
v -0.174821 0.005493 0.057500
v -0.170654 0.003643 0.057500
v -0.166730 0.000329 0.057500
v -0.166088 0.000088 0.057500
v -0.165487 0.000000 0.057500
v -0.198576 0.006401 0.057500
v -0.158446 0.000000 0.057500
v -0.159084 0.001000 0.057500
v -0.016488 0.001000 0.057500
v -0.341383 0.001022 0.057500
v -0.187325 0.007971 0.057500
v -0.183085 0.007753 0.057500
v -0.178838 0.007380 0.057500
v -0.174509 0.006449 0.057500
v -0.170110 0.004495 0.057500
v -0.166278 0.001228 0.057500
v -0.165837 0.001062 0.057500
v -0.165415 0.001000 0.057500
v -0.198620 0.007400 0.057500
v -0.158446 0.001000 0.057500
v -0.191916 0.006702 0.057500
v -0.191488 0.006725 0.057500
v -0.191060 0.006747 0.057500
v -0.190632 0.006770 0.057500
v -0.191112 0.007746 0.057500
v -0.191540 0.007723 0.057500
v -0.191968 0.007701 0.057500
v -0.192396 0.007678 0.057500
v -0.158730 0.001000 0.057500
v -0.199283 0.007371 0.057500
v -0.198875 0.007389 0.057500
v -0.159084 0.000100 0.057500
v -0.167240 0.000658 0.057500
v -0.198762 0.006493 0.057500
v -0.199332 0.006468 0.057500
v -0.199521 0.006359 0.057500
v -0.158637 0.000100 0.057500
v -0.159185 0.000100 0.057500
v -0.159392 0.000000 0.057500
v -0.166637 0.001459 0.057500
v -0.198802 0.007392 0.057500
v -0.199372 0.007367 0.057500
v -0.199566 0.007358 0.057500
v -0.158637 0.001000 0.057500
v -0.159185 0.001000 0.057500
v -0.159392 0.001000 0.057500
v -0.192343 0.006680 0.057500
v -0.190685 0.007768 0.057500
v -0.158730 0.000100 0.057500
v -0.199242 0.006472 0.057500
v -0.198834 0.006490 0.057500
v -0.270474 0.004190 0.057500
v -0.270430 0.003191 0.057500
v -0.087467 0.001000 0.057500
v -0.087467 0.000000 0.057500
v -0.159084 0.000100 -0.057500
v -0.167240 0.000658 -0.057500
v -0.198762 0.006493 -0.057500
v -0.199332 0.006468 -0.057500
v -0.199521 0.006359 -0.057500
v -0.158637 0.000100 -0.057500
v -0.159185 0.000100 -0.057500
v -0.159392 0.000000 -0.057500
v -0.166637 0.001459 -0.057500
v -0.198802 0.007392 -0.057500
v -0.199372 0.007367 -0.057500
v -0.199566 0.007358 -0.057500
v -0.158637 0.001000 -0.057500
v -0.159185 0.001000 -0.057500
v -0.159392 0.001000 -0.057500
v -0.192343 0.006680 -0.057500
v -0.190685 0.007768 -0.057500
v -0.158730 0.000100 -0.057500
v -0.199242 0.006472 -0.057500
v -0.198834 0.006490 -0.057500
v -0.016488 0.000000 -0.057500
v -0.341338 0.000023 -0.057500
v -0.187321 0.006969 -0.057500
v -0.183154 0.006755 -0.057500
v -0.178987 0.006389 -0.057500
v -0.174821 0.005493 -0.057500
v -0.170654 0.003643 -0.057500
v -0.166730 0.000329 -0.057500
v -0.166088 0.000088 -0.057500
v -0.165487 0.000000 -0.057500
v -0.198576 0.006401 -0.057500
v -0.158446 0.000000 -0.057500
v -0.159084 0.001000 -0.057500
v -0.016488 0.001000 -0.057500
v -0.341383 0.001022 -0.057500
v -0.187325 0.007971 -0.057500
v -0.183085 0.007753 -0.057500
v -0.178838 0.007380 -0.057500
v -0.174509 0.006449 -0.057500
v -0.170110 0.004495 -0.057500
v -0.166278 0.001228 -0.057500
v -0.165837 0.001062 -0.057500
v -0.165415 0.001000 -0.057500
v -0.198620 0.007400 -0.057500
v -0.158446 0.001000 -0.057500
v -0.191916 0.006702 -0.057500
v -0.191488 0.006725 -0.057500
v -0.191060 0.006747 -0.057500
v -0.190632 0.006770 -0.057500
v -0.191112 0.007746 -0.057500
v -0.191540 0.007723 -0.057500
v -0.191968 0.007701 -0.057500
v -0.192396 0.007678 -0.057500
v -0.158730 0.001000 -0.057500
v -0.199283 0.007371 -0.057500
v -0.198875 0.007389 -0.057500
v -0.270430 0.003191 -0.057500
v -0.270474 0.004190 -0.057500
v -0.087467 0.000000 -0.057500
v -0.087467 0.001000 -0.057500
v -0.305884 0.001607 0.115000
v -0.305928 0.002606 0.115000
v -0.305884 0.001607 0.000000
v -0.305884 0.001607 -0.115000
v -0.305928 0.002606 -0.115000
v -0.305928 0.002606 0.000000
v -0.305884 0.001607 0.057500
v -0.305928 0.002606 0.057500
v -0.305928 0.002606 -0.057500
v -0.305884 0.001607 -0.057500
v -0.234975 0.004775 -0.115000
v -0.235020 0.005774 -0.115000
v -0.235020 0.005774 0.000000
v -0.234975 0.004775 0.115000
v -0.235020 0.005774 0.115000
v -0.234975 0.004775 0.000000
v -0.235020 0.005774 0.057500
v -0.234975 0.004775 0.057500
v -0.234975 0.004775 -0.057500
v -0.235020 0.005774 -0.057500
v -0.122956 0.000000 0.115000
v -0.122956 0.001000 0.115000
v -0.122956 0.000000 0.000000
v -0.122956 0.000000 -0.115000
v -0.122956 0.001000 -0.115000
v -0.122956 0.001000 0.000000
v -0.122956 0.001000 0.057500
v -0.122956 0.000000 0.057500
v -0.122956 0.000000 -0.057500
v -0.122956 0.001000 -0.057500
v -0.051977 0.000000 -0.115000
v -0.051977 0.001000 -0.115000
v -0.051977 0.001000 0.000000
v -0.051977 0.000000 0.115000
v -0.051977 0.001000 0.115000
v -0.051977 0.000000 0.000000
v -0.051977 0.000000 0.057500
v -0.051977 0.001000 0.057500
v -0.051977 0.001000 -0.057500
v -0.051977 0.000000 -0.057500
v -0.016488 0.000000 0.086250
v -0.341338 0.000023 0.086250
v -0.187321 0.006969 0.086250
v -0.183154 0.006755 0.086250
v -0.178987 0.006389 0.086250
v -0.174821 0.005493 0.086250
v -0.170654 0.003643 0.086250
v -0.166730 0.000329 0.086250
v -0.166088 0.000088 0.086250
v -0.165487 0.000000 0.086250
v -0.198576 0.006401 0.086250
v -0.158446 0.000000 0.086250
v -0.159084 0.001000 0.086250
v -0.016488 0.001000 0.086250
v -0.341383 0.001022 0.086250
v -0.187325 0.007971 0.086250
v -0.183085 0.007753 0.086250
v -0.178838 0.007380 0.086250
v -0.174509 0.006449 0.086250
v -0.170110 0.004495 0.086250
v -0.166278 0.001228 0.086250
v -0.165837 0.001062 0.086250
v -0.165415 0.001000 0.086250
v -0.198620 0.007400 0.086250
v -0.158446 0.001000 0.086250
v -0.191916 0.006702 0.086250
v -0.191488 0.006725 0.086250
v -0.191060 0.006747 0.086250
v -0.190632 0.006770 0.086250
v -0.191112 0.007746 0.086250
v -0.191540 0.007723 0.086250
v -0.191968 0.007701 0.086250
v -0.192396 0.007678 0.086250
v -0.158730 0.001000 0.086250
v -0.199283 0.007371 0.086250
v -0.198875 0.007389 0.086250
v -0.270430 0.003191 0.086250
v -0.087467 0.001000 0.086250
v -0.159084 0.000100 0.086250
v -0.167240 0.000658 0.086250
v -0.198762 0.006493 0.086250
v -0.199332 0.006468 0.086250
v -0.199521 0.006359 0.086250
v -0.158637 0.000100 0.086250
v -0.159185 0.000100 0.086250
v -0.159392 0.000000 0.086250
v -0.166637 0.001459 0.086250
v -0.198802 0.007392 0.086250
v -0.199372 0.007367 0.086250
v -0.199566 0.007358 0.086250
v -0.158637 0.001000 0.086250
v -0.159185 0.001000 0.086250
v -0.159392 0.001000 0.086250
v -0.192343 0.006680 0.086250
v -0.190685 0.007768 0.086250
v -0.158730 0.000100 0.086250
v -0.199242 0.006472 0.086250
v -0.198834 0.006490 0.086250
v -0.270474 0.004190 0.086250
v -0.087467 0.000000 0.086250
v -0.305884 0.001607 0.086250
v -0.305928 0.002606 0.086250
v -0.235020 0.005774 0.086250
v -0.234975 0.004775 0.086250
v -0.122956 0.001000 0.086250
v -0.122956 0.000000 0.086250
v -0.051977 0.000000 0.086250
v -0.051977 0.001000 0.086250
v -0.016488 0.000000 0.114377
v -0.341338 0.000023 0.114377
v -0.187321 0.006969 0.114377
v -0.183154 0.006755 0.114377
v -0.178987 0.006389 0.114377
v -0.174821 0.005493 0.114377
v -0.170654 0.003643 0.114377
v -0.166730 0.000329 0.114377
v -0.166088 0.000088 0.114377
v -0.165487 0.000000 0.114377
v -0.198576 0.006401 0.114377
v -0.158446 0.000000 0.114377
v -0.159084 0.001000 0.114377
v -0.016488 0.001000 0.114377
v -0.341383 0.001022 0.114377
v -0.187325 0.007971 0.114377
v -0.183085 0.007753 0.114377
v -0.178838 0.007380 0.114377
v -0.174509 0.006449 0.114377
v -0.170110 0.004495 0.114377
v -0.166278 0.001228 0.114377
v -0.165837 0.001062 0.114377
v -0.165415 0.001000 0.114377
v -0.198620 0.007400 0.114377
v -0.158446 0.001000 0.114377
v -0.191916 0.006702 0.114377
v -0.191488 0.006725 0.114377
v -0.191060 0.006747 0.114377
v -0.190632 0.006770 0.114377
v -0.191112 0.007746 0.114377
v -0.191540 0.007723 0.114377
v -0.191968 0.007701 0.114377
v -0.192396 0.007678 0.114377
v -0.158730 0.001000 0.114377
v -0.199283 0.007371 0.114377
v -0.198875 0.007389 0.114377
v -0.270430 0.003191 0.114377
v -0.087467 0.001000 0.114377
v -0.305884 0.001607 0.114377
v -0.234975 0.004775 0.114377
v -0.122956 0.001000 0.114377
v -0.051977 0.001000 0.114377
v -0.159084 0.000100 0.114377
v -0.167240 0.000658 0.114377
v -0.198762 0.006493 0.114377
v -0.199332 0.006468 0.114377
v -0.199521 0.006359 0.114377
v -0.158637 0.000100 0.114377
v -0.159185 0.000100 0.114377
v -0.159392 0.000000 0.114377
v -0.166637 0.001459 0.114377
v -0.198802 0.007392 0.114377
v -0.199372 0.007367 0.114377
v -0.199566 0.007358 0.114377
v -0.158637 0.001000 0.114377
v -0.159185 0.001000 0.114377
v -0.159392 0.001000 0.114377
v -0.192343 0.006680 0.114377
v -0.190685 0.007768 0.114377
v -0.158730 0.000100 0.114377
v -0.199242 0.006472 0.114377
v -0.198834 0.006490 0.114377
v -0.270474 0.004190 0.114377
v -0.087467 0.000000 0.114377
v -0.305928 0.002606 0.114377
v -0.235020 0.005774 0.114377
v -0.122956 0.000000 0.114377
v -0.051977 0.000000 0.114377
v -0.323611 0.000815 0.115000
v -0.323655 0.001814 0.115000
v -0.323611 0.000815 0.000000
v -0.323611 0.000815 0.057500
v -0.323611 0.000815 -0.057500
v -0.323611 0.000815 -0.115000
v -0.323655 0.001814 -0.115000
v -0.323655 0.001814 0.000000
v -0.323655 0.001814 0.057500
v -0.323655 0.001814 -0.057500
v -0.323655 0.001814 0.086250
v -0.323611 0.000815 0.086250
v -0.323655 0.001814 0.114377
v -0.323611 0.000815 0.114377
v -0.340703 0.000052 0.115000
v -0.340748 0.001051 0.115000
v -0.340703 0.000052 0.000000
v -0.340703 0.000052 0.057500
v -0.340703 0.000052 -0.057500
v -0.340703 0.000052 0.086250
v -0.340703 0.000052 0.114377
v -0.340703 0.000052 -0.115000
v -0.340748 0.001051 -0.115000
v -0.340748 0.001051 0.000000
v -0.340748 0.001051 0.057500
v -0.340748 0.001051 -0.057500
v -0.340748 0.001051 0.086250
v -0.340748 0.001051 0.114377
v -0.034232 0.000000 -0.115000
v -0.034232 0.001000 -0.115000
v -0.034232 0.001000 0.000000
v -0.034232 0.001000 0.057500
v -0.034232 0.001000 -0.057500
v -0.034232 0.000000 0.115000
v -0.034232 0.001000 0.115000
v -0.034232 0.000000 0.000000
v -0.034232 0.000000 0.057500
v -0.034232 0.000000 -0.057500
v -0.034232 0.001000 0.086250
v -0.034232 0.000000 0.086250
v -0.034232 0.001000 0.114377
v -0.034232 0.000000 0.114377
v -0.017190 0.000000 -0.115000
v -0.017190 0.001000 -0.115000
v -0.017190 0.001000 0.000000
v -0.017190 0.001000 0.057500
v -0.017190 0.001000 -0.057500
v -0.017190 0.001000 0.086250
v -0.017190 0.001000 0.114377
v -0.017190 0.000000 0.115000
v -0.017190 0.001000 0.115000
v -0.017190 0.000000 0.000000
v -0.017190 0.000000 0.057500
v -0.017190 0.000000 -0.057500
v -0.017190 0.000000 0.086250
v -0.017190 0.000000 0.114377
v -0.159084 0.000100 -0.086250
v -0.167240 0.000658 -0.086250
v -0.198762 0.006493 -0.086250
v -0.199332 0.006468 -0.086250
v -0.199521 0.006359 -0.086250
v -0.158637 0.000100 -0.086250
v -0.159185 0.000100 -0.086250
v -0.159392 0.000000 -0.086250
v -0.166637 0.001459 -0.086250
v -0.198802 0.007392 -0.086250
v -0.199372 0.007367 -0.086250
v -0.199566 0.007358 -0.086250
v -0.158637 0.001000 -0.086250
v -0.159185 0.001000 -0.086250
v -0.159392 0.001000 -0.086250
v -0.192343 0.006680 -0.086250
v -0.190685 0.007768 -0.086250
v -0.158730 0.000100 -0.086250
v -0.199242 0.006472 -0.086250
v -0.198834 0.006490 -0.086250
v -0.270474 0.004190 -0.086250
v -0.087467 0.000000 -0.086250
v -0.016488 0.000000 -0.086250
v -0.341338 0.000023 -0.086250
v -0.187321 0.006969 -0.086250
v -0.183154 0.006755 -0.086250
v -0.178987 0.006389 -0.086250
v -0.174821 0.005493 -0.086250
v -0.170654 0.003643 -0.086250
v -0.166730 0.000329 -0.086250
v -0.166088 0.000088 -0.086250
v -0.165487 0.000000 -0.086250
v -0.198576 0.006401 -0.086250
v -0.158446 0.000000 -0.086250
v -0.159084 0.001000 -0.086250
v -0.016488 0.001000 -0.086250
v -0.341383 0.001022 -0.086250
v -0.187325 0.007971 -0.086250
v -0.183085 0.007753 -0.086250
v -0.178838 0.007380 -0.086250
v -0.174509 0.006449 -0.086250
v -0.170110 0.004495 -0.086250
v -0.166278 0.001228 -0.086250
v -0.165837 0.001062 -0.086250
v -0.165415 0.001000 -0.086250
v -0.198620 0.007400 -0.086250
v -0.158446 0.001000 -0.086250
v -0.191916 0.006702 -0.086250
v -0.191488 0.006725 -0.086250
v -0.191060 0.006747 -0.086250
v -0.190632 0.006770 -0.086250
v -0.191112 0.007746 -0.086250
v -0.191540 0.007723 -0.086250
v -0.191968 0.007701 -0.086250
v -0.192396 0.007678 -0.086250
v -0.158730 0.001000 -0.086250
v -0.199283 0.007371 -0.086250
v -0.198875 0.007389 -0.086250
v -0.270430 0.003191 -0.086250
v -0.087467 0.001000 -0.086250
v -0.305884 0.001607 -0.086250
v -0.305928 0.002606 -0.086250
v -0.235020 0.005774 -0.086250
v -0.234975 0.004775 -0.086250
v -0.122956 0.001000 -0.086250
v -0.122956 0.000000 -0.086250
v -0.051977 0.000000 -0.086250
v -0.051977 0.001000 -0.086250
v -0.323655 0.001814 -0.086250
v -0.323611 0.000815 -0.086250
v -0.340703 0.000052 -0.086250
v -0.340748 0.001051 -0.086250
v -0.034232 0.001000 -0.086250
v -0.034232 0.000000 -0.086250
v -0.017190 0.000000 -0.086250
v -0.017190 0.001000 -0.086250
v -0.159084 0.000100 -0.114100
v -0.167240 0.000658 -0.114100
v -0.198762 0.006493 -0.114100
v -0.199332 0.006468 -0.114100
v -0.199521 0.006359 -0.114100
v -0.158637 0.000100 -0.114100
v -0.159185 0.000100 -0.114100
v -0.159392 0.000000 -0.114100
v -0.166637 0.001459 -0.114100
v -0.198802 0.007392 -0.114100
v -0.199372 0.007367 -0.114100
v -0.199566 0.007358 -0.114100
v -0.158637 0.001000 -0.114100
v -0.159185 0.001000 -0.114100
v -0.159392 0.001000 -0.114100
v -0.192343 0.006680 -0.114100
v -0.190685 0.007768 -0.114100
v -0.158730 0.000100 -0.114100
v -0.199242 0.006472 -0.114100
v -0.198834 0.006490 -0.114100
v -0.270474 0.004190 -0.114100
v -0.087467 0.000000 -0.114100
v -0.305928 0.002606 -0.114100
v -0.235020 0.005774 -0.114100
v -0.122956 0.000000 -0.114100
v -0.051977 0.000000 -0.114100
v -0.323655 0.001814 -0.114100
v -0.340748 0.001051 -0.114100
v -0.034232 0.000000 -0.114100
v -0.017190 0.000000 -0.114100
v -0.016488 0.000000 -0.114100
v -0.341338 0.000023 -0.114100
v -0.187321 0.006969 -0.114100
v -0.183154 0.006755 -0.114100
v -0.178987 0.006389 -0.114100
v -0.174821 0.005493 -0.114100
v -0.170654 0.003643 -0.114100
v -0.166730 0.000329 -0.114100
v -0.166088 0.000088 -0.114100
v -0.165487 0.000000 -0.114100
v -0.198576 0.006401 -0.114100
v -0.158446 0.000000 -0.114100
v -0.159084 0.001000 -0.114100
v -0.016488 0.001000 -0.114100
v -0.341383 0.001022 -0.114100
v -0.187325 0.007971 -0.114100
v -0.183085 0.007753 -0.114100
v -0.178838 0.007380 -0.114100
v -0.174509 0.006449 -0.114100
v -0.170110 0.004495 -0.114100
v -0.166278 0.001228 -0.114100
v -0.165837 0.001062 -0.114100
v -0.165415 0.001000 -0.114100
v -0.198620 0.007400 -0.114100
v -0.158446 0.001000 -0.114100
v -0.191916 0.006702 -0.114100
v -0.191488 0.006725 -0.114100
v -0.191060 0.006747 -0.114100
v -0.190632 0.006770 -0.114100
v -0.191112 0.007746 -0.114100
v -0.191540 0.007723 -0.114100
v -0.191968 0.007701 -0.114100
v -0.192396 0.007678 -0.114100
v -0.158730 0.001000 -0.114100
v -0.199283 0.007371 -0.114100
v -0.198875 0.007389 -0.114100
v -0.270430 0.003191 -0.114100
v -0.087467 0.001000 -0.114100
v -0.305884 0.001607 -0.114100
v -0.234975 0.004775 -0.114100
v -0.122956 0.001000 -0.114100
v -0.051977 0.001000 -0.114100
v -0.323611 0.000815 -0.114100
v -0.340703 0.000052 -0.114100
v -0.034232 0.001000 -0.114100
v -0.017190 0.001000 -0.114100
v -0.159084 0.000818 0.115000
v -0.341374 0.000820 -0.115000
v -0.016488 0.000797 -0.115000
v -0.341374 0.000820 0.115000
v -0.016488 0.000797 0.115000
v -0.159084 0.000818 -0.115000
v -0.187324 0.007768 0.115000
v -0.183099 0.007551 0.115000
v -0.178868 0.007179 0.115000
v -0.174573 0.006255 0.115000
v -0.170220 0.004322 0.115000
v -0.170220 0.004322 -0.115000
v -0.174573 0.006255 -0.115000
v -0.178868 0.007179 -0.115000
v -0.183099 0.007551 -0.115000
v -0.187324 0.007768 -0.115000
v -0.165429 0.000797 -0.115000
v -0.166759 0.001297 -0.115000
v -0.165888 0.000865 -0.115000
v -0.166370 0.001045 -0.115000
v -0.166759 0.001297 0.115000
v -0.165429 0.000797 0.115000
v -0.166370 0.001045 0.115000
v -0.165888 0.000865 0.115000
v -0.199557 0.007156 0.115000
v -0.198611 0.007198 0.115000
v -0.199364 0.007184 0.115000
v -0.198794 0.007210 0.115000
v -0.198611 0.007198 -0.115000
v -0.199557 0.007156 -0.115000
v -0.198794 0.007210 -0.115000
v -0.199364 0.007184 -0.115000
v -0.159392 0.000797 0.115000
v -0.158446 0.000797 0.115000
v -0.159185 0.000818 0.115000
v -0.158637 0.000818 0.115000
v -0.158446 0.000797 -0.115000
v -0.159392 0.000797 -0.115000
v -0.158637 0.000818 -0.115000
v -0.159185 0.000818 -0.115000
v -0.192385 0.007476 -0.115000
v -0.191957 0.007498 -0.115000
v -0.191530 0.007521 -0.115000
v -0.191102 0.007543 -0.115000
v -0.190674 0.007566 -0.115000
v -0.190674 0.007566 0.115000
v -0.191102 0.007543 0.115000
v -0.191530 0.007521 0.115000
v -0.191957 0.007498 0.115000
v -0.192385 0.007476 0.115000
v -0.158730 0.000818 -0.115000
v -0.158730 0.000818 0.115000
v -0.199274 0.007188 0.115000
v -0.199274 0.007188 -0.115000
v -0.198866 0.007207 -0.115000
v -0.198866 0.007207 0.115000
v -0.341374 0.000820 0.000000
v -0.016488 0.000797 0.000000
v -0.270465 0.003988 0.115000
v -0.270465 0.003988 -0.115000
v -0.087467 0.000797 0.115000
v -0.087467 0.000797 -0.115000
v -0.016488 0.000797 0.057500
v -0.341374 0.000820 0.057500
v -0.341374 0.000820 -0.057500
v -0.016488 0.000797 -0.057500
v -0.305919 0.002404 0.115000
v -0.305919 0.002404 -0.115000
v -0.235011 0.005572 -0.115000
v -0.235011 0.005572 0.115000
v -0.122956 0.000797 0.115000
v -0.122956 0.000797 -0.115000
v -0.051977 0.000797 -0.115000
v -0.051977 0.000797 0.115000
v -0.016488 0.000797 0.086250
v -0.341374 0.000820 0.086250
v -0.016488 0.000797 0.114377
v -0.341374 0.000820 0.114377
v -0.323646 0.001612 0.115000
v -0.323646 0.001612 -0.115000
v -0.340739 0.000848 0.115000
v -0.340739 0.000848 -0.115000
v -0.034232 0.000797 -0.115000
v -0.034232 0.000797 0.115000
v -0.017190 0.000797 -0.115000
v -0.017190 0.000797 0.115000
v -0.341374 0.000820 -0.086250
v -0.016488 0.000797 -0.086250
v -0.341374 0.000820 -0.114100
v -0.016488 0.000797 -0.114100
v -0.191926 0.006903 -0.115000
v -0.191498 0.006926 -0.115000
v -0.191071 0.006948 -0.115000
v -0.190643 0.006970 -0.115000
v -0.191071 0.006948 0.115000
v -0.191498 0.006926 0.115000
v -0.191926 0.006903 0.115000
v -0.192354 0.006881 0.115000
v -0.159084 0.000281 0.115000
v -0.341347 0.000224 -0.115000
v -0.016488 0.000201 -0.115000
v -0.341347 0.000224 0.115000
v -0.016488 0.000201 0.115000
v -0.159084 0.000281 -0.115000
v -0.187322 0.007171 0.115000
v -0.183140 0.006956 0.115000
v -0.178957 0.006588 0.115000
v -0.174758 0.005685 0.115000
v -0.170545 0.003814 0.115000
v -0.170545 0.003814 -0.115000
v -0.174758 0.005685 -0.115000
v -0.178957 0.006588 -0.115000
v -0.183140 0.006956 -0.115000
v -0.187322 0.007171 -0.115000
v -0.165473 0.000201 -0.115000
v -0.167119 0.000819 -0.115000
v -0.166038 0.000284 -0.115000
v -0.166639 0.000510 -0.115000
v -0.167119 0.000819 0.115000
v -0.165473 0.000201 0.115000
v -0.166639 0.000510 0.115000
v -0.166038 0.000284 0.115000
v -0.199530 0.006560 0.115000
v -0.198585 0.006602 0.115000
v -0.199340 0.006648 0.115000
v -0.198770 0.006674 0.115000
v -0.198585 0.006602 -0.115000
v -0.199530 0.006560 -0.115000
v -0.198770 0.006674 -0.115000
v -0.199340 0.006648 -0.115000
v -0.159392 0.000201 0.115000
v -0.158446 0.000201 0.115000
v -0.159185 0.000281 0.115000
v -0.158637 0.000281 0.115000
v -0.158446 0.000201 -0.115000
v -0.159392 0.000201 -0.115000
v -0.158637 0.000281 -0.115000
v -0.159185 0.000281 -0.115000
v -0.192354 0.006881 -0.115000
v -0.190643 0.006970 0.115000
v -0.158730 0.000281 -0.115000
v -0.158730 0.000281 0.115000
v -0.199250 0.006652 0.115000
v -0.199250 0.006652 -0.115000
v -0.198842 0.006671 -0.115000
v -0.198842 0.006671 0.115000
v -0.341347 0.000224 0.000000
v -0.016488 0.000201 0.000000
v -0.270438 0.003392 0.115000
v -0.270438 0.003392 -0.115000
v -0.087467 0.000201 0.115000
v -0.087467 0.000201 -0.115000
v -0.016488 0.000201 0.057500
v -0.341347 0.000224 0.057500
v -0.341347 0.000224 -0.057500
v -0.016488 0.000201 -0.057500
v -0.305893 0.001808 0.115000
v -0.305893 0.001808 -0.115000
v -0.234984 0.004976 -0.115000
v -0.234984 0.004976 0.115000
v -0.122956 0.000201 0.115000
v -0.122956 0.000201 -0.115000
v -0.051977 0.000201 -0.115000
v -0.051977 0.000201 0.115000
v -0.016488 0.000201 0.086250
v -0.341347 0.000224 0.086250
v -0.016488 0.000201 0.114377
v -0.341347 0.000224 0.114377
v -0.323620 0.001016 0.115000
v -0.323620 0.001016 -0.115000
v -0.340712 0.000253 0.115000
v -0.340712 0.000253 -0.115000
v -0.034232 0.000201 -0.115000
v -0.034232 0.000201 0.115000
v -0.017190 0.000201 -0.115000
v -0.017190 0.000201 0.115000
v -0.341347 0.000224 -0.086250
v -0.016488 0.000201 -0.086250
v -0.341347 0.000224 -0.114100
v -0.016488 0.000201 -0.114100
vt 0.542465 0.461205
vt 0.538143 0.461205
vt 0.538143 0.397801
vt 0.542465 0.397801
vt 0.537202 0.334396
vt 0.537202 0.397801
vt 0.536731 0.397801
vt 0.536731 0.334396
vt 0.537711 0.334396
vt 0.537711 0.397801
vt 0.538143 0.334396
vt 0.547602 0.461205
vt 0.547602 0.397801
vt 0.552022 0.461205
vt 0.552022 0.397801
vt 0.529149 0.277102
vt 0.536731 0.277102
vt 0.536731 0.302694
vt 0.529149 0.302694
vt 0.490533 0.461205
vt 0.490533 0.397801
vt 0.529149 0.397801
vt 0.529149 0.461205
vt 0.413303 0.461205
vt 0.413303 0.397801
vt 0.451918 0.397801
vt 0.451918 0.461205
vt 0.413303 0.334396
vt 0.451918 0.334396
vt 0.538143 0.302694
vt 0.537711 0.302694
vt 0.537202 0.302694
vt 0.542465 0.334396
vt 0.547602 0.334396
vt 0.552022 0.334396
vt 0.529149 0.334396
vt 0.490533 0.334396
vt 0.413303 0.492907
vt 0.451918 0.492907
vt 0.490533 0.492907
vt 0.529149 0.492907
vt 0.529149 0.521918
vt 0.536731 0.521918
vt 0.536731 0.522010
vt 0.529149 0.522010
vt 0.552022 0.492907
vt 0.547602 0.492907
vt 0.542465 0.492907
vt 0.538143 0.492907
vt 0.537202 0.461205
vt 0.536731 0.461205
vt 0.537711 0.461205
vt 0.393995 0.492907
vt 0.393995 0.461205
vt 0.393995 0.397801
vt 0.393995 0.334396
vt 0.393995 0.302694
vt 0.413303 0.302694
vt 0.451918 0.302694
vt 0.490533 0.302694
vt 0.537202 0.277102
vt 0.537711 0.277102
vt 0.538143 0.277102
vt 0.542465 0.302694
vt 0.547602 0.302694
vt 0.552022 0.302694
vt 0.393995 0.274343
vt 0.393995 0.274170
vt 0.413303 0.274170
vt 0.413303 0.274343
vt 0.451918 0.274343
vt 0.451918 0.274170
vt 0.490533 0.274170
vt 0.490533 0.274343
vt 0.542465 0.274343
vt 0.538143 0.274343
vt 0.538143 0.274170
vt 0.542465 0.274170
vt 0.547602 0.274343
vt 0.547602 0.274170
vt 0.552022 0.274343
vt 0.552022 0.274170
vt 0.536731 0.492907
vt 0.529149 0.274170
vt 0.529149 0.274343
vt 0.378231 0.274343
vt 0.378231 0.274170
vt 0.378231 0.334396
vt 0.378231 0.302694
vt 0.378231 0.461205
vt 0.378231 0.397801
vt 0.378231 0.492907
vt 0.378231 0.517485
vt 0.393995 0.517485
vt 0.413303 0.517485
vt 0.451918 0.517485
vt 0.490533 0.517485
vt 0.542465 0.517485
vt 0.538143 0.517485
vt 0.547602 0.517485
vt 0.552022 0.517485
vt 0.771314 0.594934
vt 0.778941 0.594934
vt 0.778941 0.657912
vt 0.771314 0.657912
vt 0.529149 0.517485
vt 0.537202 0.492907
vt 0.537711 0.492907
vt 0.537202 0.521918
vt 0.537202 0.522010
vt 0.537711 0.521918
vt 0.537711 0.522010
vt 0.538143 0.521918
vt 0.538143 0.522010
vt 0.766172 0.720891
vt 0.766172 0.657912
vt 0.769976 0.657912
vt 0.769976 0.720891
vt 0.770851 0.594934
vt 0.770851 0.657912
vt 0.770369 0.594934
vt 0.770369 0.657912
vt 0.769976 0.594934
vt 0.761329 0.720891
vt 0.761329 0.657912
vt 0.756223 0.720891
vt 0.756223 0.657912
vt 0.778941 0.535283
vt 0.771314 0.535283
vt 0.771314 0.535112
vt 0.778941 0.535112
vt 0.817770 0.720891
vt 0.778941 0.720891
vt 0.817770 0.657912
vt 0.895350 0.720891
vt 0.856560 0.720891
vt 0.856560 0.657912
vt 0.895350 0.657912
vt 0.856560 0.594934
vt 0.895350 0.594934
vt 0.769976 0.563444
vt 0.770369 0.563444
vt 0.770851 0.563444
vt 0.771314 0.563444
vt 0.766172 0.594934
vt 0.761329 0.594934
vt 0.756223 0.594934
vt 0.778941 0.563444
vt 0.817770 0.594934
vt 0.895350 0.752380
vt 0.856560 0.752380
vt 0.817770 0.752380
vt 0.778941 0.752380
vt 0.771314 0.781196
vt 0.778941 0.781196
vt 0.778941 0.781288
vt 0.771314 0.781288
vt 0.756223 0.752380
vt 0.761329 0.752380
vt 0.766172 0.752380
vt 0.769976 0.752380
vt 0.771314 0.720891
vt 0.770851 0.720891
vt 0.770369 0.720891
vt 0.914737 0.752380
vt 0.914737 0.720891
vt 0.914737 0.657912
vt 0.914737 0.594933
vt 0.895350 0.563444
vt 0.914737 0.563444
vt 0.817770 0.563444
vt 0.856560 0.563444
vt 0.770851 0.538024
vt 0.771314 0.538024
vt 0.770369 0.538024
vt 0.769976 0.538024
vt 0.766172 0.563444
vt 0.761329 0.563444
vt 0.756223 0.563444
vt 0.914737 0.535283
vt 0.895350 0.535283
vt 0.895350 0.535112
vt 0.914737 0.535112
vt 0.856560 0.535283
vt 0.817770 0.535283
vt 0.817771 0.535112
vt 0.856560 0.535112
vt 0.766172 0.535283
vt 0.766171 0.535112
vt 0.769976 0.535112
vt 0.769976 0.535283
vt 0.761329 0.535283
vt 0.761329 0.535112
vt 0.756223 0.535283
vt 0.756223 0.535112
vt 0.771314 0.752380
vt 0.928781 0.535283
vt 0.928781 0.535112
vt 0.928781 0.594933
vt 0.928781 0.563444
vt 0.928781 0.720891
vt 0.928781 0.657912
vt 0.928781 0.752380
vt 0.928781 0.776793
vt 0.914737 0.776793
vt 0.895350 0.776793
vt 0.856560 0.776793
vt 0.817770 0.776793
vt 0.766172 0.776793
vt 0.769976 0.776793
vt 0.761329 0.776793
vt 0.756223 0.776793
vt 0.590725 0.831193
vt 0.590725 0.831267
vt 0.583108 0.831250
vt 0.583109 0.831177
vt 0.778941 0.776793
vt 0.770851 0.752380
vt 0.770369 0.752380
vt 0.770851 0.781196
vt 0.770851 0.781288
vt 0.770369 0.781196
vt 0.770369 0.781288
vt 0.769976 0.781196
vt 0.769976 0.781288
vt 0.538807 0.831191
vt 0.542602 0.831088
vt 0.542602 0.831162
vt 0.538807 0.831264
vt 0.568205 0.828640
vt 0.573170 0.830341
vt 0.573170 0.830414
vt 0.568138 0.828653
vt 0.553243 0.461205
vt 0.553243 0.397801
vt 0.553317 0.397801
vt 0.553317 0.461205
vt 0.553243 0.334396
vt 0.553317 0.334396
vt 0.529854 0.831193
vt 0.537470 0.831177
vt 0.537471 0.831250
vt 0.529854 0.831267
vt 0.553243 0.517485
vt 0.553243 0.492907
vt 0.553317 0.492907
vt 0.553317 0.517485
vt 0.581772 0.831191
vt 0.582164 0.831193
vt 0.582164 0.831267
vt 0.581772 0.831264
vt 0.629515 0.830840
vt 0.629515 0.830914
vt 0.582646 0.831183
vt 0.582646 0.831257
vt 0.740592 0.825975
vt 0.740729 0.825965
vt 0.740701 0.826032
vt 0.740564 0.826043
vt 0.553243 0.274343
vt 0.553243 0.274170
vt 0.553317 0.274170
vt 0.553317 0.274343
vt 0.668308 0.829386
vt 0.668308 0.829459
vt 0.192716 0.823018
vt 0.224139 0.823018
vt 0.224139 0.823091
vt 0.192716 0.823091
vt 0.707101 0.827943
vt 0.707101 0.828017
vt 0.067025 0.823018
vt 0.129871 0.823018
vt 0.129871 0.823091
vt 0.067025 0.823091
vt 0.452270 0.829386
vt 0.491064 0.830840
vt 0.491064 0.830914
vt 0.452271 0.829459
vt 0.394080 0.827006
vt 0.413477 0.827943
vt 0.413477 0.828017
vt 0.394080 0.827079
vt 0.726498 0.827006
vt 0.726498 0.827079
vt 0.035602 0.823018
vt 0.035602 0.823091
vt 0.379986 0.825975
vt 0.380015 0.826042
vt 0.010235 0.823018
vt 0.010235 0.823091
vt 0.537932 0.831183
vt 0.537933 0.831257
vt 0.538414 0.831194
vt 0.538415 0.831267
vt 0.552374 0.828640
vt 0.552887 0.828464
vt 0.552960 0.828471
vt 0.552441 0.828653
vt 0.577977 0.831088
vt 0.577977 0.831162
vt 0.547409 0.830341
vt 0.547409 0.830414
vt 0.553243 0.302694
vt 0.553317 0.302694
vt 0.252894 0.823018
vt 0.252986 0.823018
vt 0.252986 0.823091
vt 0.252894 0.823091
vt 0.007329 0.823018
vt 0.007500 0.823018
vt 0.007500 0.823091
vt 0.007329 0.823091
vt 0.553243 0.277102
vt 0.553317 0.277102
vt 0.928781 0.538024
vt 0.914737 0.538024
vt 0.817770 0.538024
vt 0.778941 0.538024
vt 0.756223 0.538024
vt 0.761329 0.538024
vt 0.766172 0.538024
vt 0.895350 0.538024
vt 0.856560 0.538024
vt 0.770369 0.535112
vt 0.770369 0.535283
vt 0.770851 0.535112
vt 0.770851 0.535283
vt 0.378231 0.277102
vt 0.393995 0.277102
vt 0.490533 0.277102
vt 0.552022 0.277102
vt 0.547602 0.277102
vt 0.542465 0.277102
vt 0.413303 0.277102
vt 0.451918 0.277102
vt 0.537711 0.274343
vt 0.537711 0.274170
vt 0.537202 0.274343
vt 0.537202 0.274170
vt 0.536731 0.274343
vt 0.536731 0.274170
vt 0.248501 0.823018
vt 0.248501 0.823091
vt 0.553243 0.522010
vt 0.553243 0.521918
vt 0.553317 0.521918
vt 0.553317 0.522010
vt 0.770369 0.776793
vt 0.770851 0.776793
vt 0.771314 0.776793
vt 0.895350 0.781288
vt 0.856560 0.781288
vt 0.856560 0.781196
vt 0.895350 0.781196
vt 0.817771 0.781288
vt 0.817770 0.781196
vt 0.756223 0.781288
vt 0.756223 0.781196
vt 0.761329 0.781196
vt 0.761329 0.781288
vt 0.766172 0.781196
vt 0.766171 0.781288
vt 0.914737 0.781288
vt 0.914737 0.781196
vt 0.928781 0.781288
vt 0.928781 0.781196
vt 0.537711 0.517485
vt 0.537202 0.517485
vt 0.536731 0.517485
vt 0.413303 0.522010
vt 0.413303 0.521918
vt 0.451918 0.521918
vt 0.451918 0.522010
vt 0.490533 0.522010
vt 0.490533 0.521918
vt 0.552022 0.522010
vt 0.547602 0.522010
vt 0.547602 0.521918
vt 0.552022 0.521918
vt 0.542465 0.522010
vt 0.542465 0.521918
vt 0.393995 0.522010
vt 0.393995 0.521918
vt 0.378231 0.522010
vt 0.378231 0.521918
vt 0.552533 0.521918
vt 0.552533 0.517485
vt 0.224139 0.818617
vt 0.248501 0.818617
vt 0.552533 0.522010
vt 0.252894 0.818617
vt 0.007500 0.818617
vt 0.010235 0.818617
vt 0.552533 0.302694
vt 0.552533 0.277102
vt 0.552533 0.274343
vt 0.007329 0.818617
vt 0.252986 0.818617
vt 0.552533 0.334396
vt 0.573177 0.827425
vt 0.577991 0.825368
vt 0.542588 0.825368
vt 0.547402 0.827426
vt 0.581795 0.822137
vt 0.551738 0.828331
vt 0.552186 0.828396
vt 0.538391 0.821891
vt 0.538784 0.822137
vt 0.537909 0.821715
vt 0.491041 0.821756
vt 0.529830 0.821669
vt 0.537447 0.821650
vt 0.035602 0.818617
vt 0.413462 0.821878
vt 0.452251 0.821817
vt 0.378270 0.821920
vt 0.394067 0.821904
vt 0.067025 0.818617
vt 0.707116 0.821878
vt 0.726511 0.821904
vt 0.129871 0.818617
vt 0.192716 0.818617
vt 0.668327 0.821817
vt 0.552533 0.492907
vt 0.552533 0.461205
vt 0.629538 0.821755
vt 0.552533 0.274170
vt 0.742308 0.821920
vt 0.742462 0.821920
vt 0.582670 0.821715
vt 0.583132 0.821650
vt 0.582188 0.821891
vt 0.590749 0.821669
vt 0.552533 0.397801
vt 0.568843 0.828324
vt 0.590749 0.821451
vt 0.583133 0.821432
vt 0.538784 0.821930
vt 0.542588 0.825239
vt 0.568887 0.828274
vt 0.573177 0.827363
vt 0.552478 0.461205
vt 0.552478 0.397801
vt 0.552478 0.334396
vt 0.529830 0.821451
vt 0.537446 0.821432
vt 0.552478 0.517485
vt 0.552478 0.492907
vt 0.581795 0.821930
vt 0.582188 0.821678
vt 0.629539 0.821548
vt 0.582671 0.821498
vt 0.742346 0.821829
vt 0.742500 0.821830
vt 0.552478 0.274343
vt 0.552478 0.274170
vt 0.668328 0.821645
vt 0.192716 0.818520
vt 0.224139 0.818520
vt 0.707117 0.821742
vt 0.067025 0.818520
vt 0.129871 0.818520
vt 0.452251 0.821645
vt 0.491040 0.821548
vt 0.394067 0.821790
vt 0.413462 0.821742
vt 0.726511 0.821790
vt 0.035602 0.818520
vt 0.378232 0.821830
vt 0.010235 0.818520
vt 0.537908 0.821498
vt 0.538391 0.821678
vt 0.551692 0.828274
vt 0.552135 0.828368
vt 0.577991 0.825239
vt 0.547402 0.827363
vt 0.552478 0.302694
vt 0.252894 0.818520
vt 0.252986 0.818520
vt 0.007329 0.818520
vt 0.007500 0.818520
vt 0.552478 0.277102
vt 0.248501 0.818520
vt 0.552478 0.522010
vt 0.552478 0.521918
vt 0.568444 0.828368
vt 0.568393 0.828396
vt 0.567692 0.828464
vt 0.755695 0.781196
vt 0.755695 0.776793
vt 0.755695 0.781288
vt 0.755695 0.563444
vt 0.755695 0.538024
vt 0.755695 0.535283
vt 0.567619 0.828471
vt 0.755695 0.752380
vt 0.755695 0.535112
vt 0.755695 0.594934
vt 0.755695 0.720891
vt 0.755695 0.657912
vt 0.378078 0.821830
vt 0.378117 0.821920
vt 0.379849 0.825965
vt 0.378078 0.521918
vt 0.378078 0.517485
vt 0.928918 0.781196
vt 0.928918 0.776793
vt 0.378078 0.522010
vt 0.928918 0.781288
vt 0.928918 0.563444
vt 0.928918 0.538024
vt 0.378078 0.302694
vt 0.378078 0.277102
vt 0.378078 0.274343
vt 0.928918 0.535283
vt 0.379878 0.826032
vt 0.928918 0.752380
vt 0.928918 0.720891
vt 0.928918 0.657912
vt 0.928918 0.594934
vt 0.928918 0.535112
vt 0.378078 0.492907
vt 0.378078 0.461205
vt 0.378078 0.397801
vt 0.378078 0.334396
vt 0.378078 0.274170
vt 0.725384 0.334018
vt 0.725384 0.397024
vt 0.717756 0.397024
vt 0.717756 0.334018
vt 0.730535 0.460030
vt 0.726723 0.460030
vt 0.726723 0.397024
vt 0.730535 0.397024
vt 0.725847 0.334018
vt 0.725847 0.397024
vt 0.726330 0.334018
vt 0.726330 0.397024
vt 0.726723 0.334018
vt 0.735392 0.460030
vt 0.735392 0.397024
vt 0.740937 0.460030
vt 0.740937 0.397024
vt 0.717756 0.274285
vt 0.717756 0.274170
vt 0.725384 0.274170
vt 0.725384 0.274285
vt 0.678910 0.460030
vt 0.678910 0.397024
vt 0.717756 0.460030
vt 0.601243 0.460030
vt 0.601243 0.397024
vt 0.640079 0.397024
vt 0.640079 0.460030
vt 0.601243 0.334018
vt 0.640079 0.334018
vt 0.726723 0.302515
vt 0.726330 0.302515
vt 0.725847 0.302515
vt 0.725384 0.302515
vt 0.730535 0.334018
vt 0.735392 0.334018
vt 0.740937 0.334018
vt 0.717756 0.302515
vt 0.678910 0.334018
vt 0.601243 0.491533
vt 0.640079 0.491533
vt 0.678910 0.491533
vt 0.717756 0.491533
vt 0.725384 0.520349
vt 0.725384 0.520454
vt 0.717756 0.520454
vt 0.717756 0.520349
vt 0.740937 0.491533
vt 0.735392 0.491533
vt 0.730535 0.491533
vt 0.726723 0.491533
vt 0.725847 0.460030
vt 0.725384 0.460030
vt 0.726330 0.460030
vt 0.581830 0.491533
vt 0.581830 0.460030
vt 0.581830 0.397024
vt 0.581830 0.334018
vt 0.581830 0.302515
vt 0.601243 0.302515
vt 0.640079 0.302515
vt 0.678910 0.302515
vt 0.725847 0.277078
vt 0.725384 0.277078
vt 0.726330 0.277078
vt 0.726723 0.277078
vt 0.730535 0.302515
vt 0.735392 0.302515
vt 0.740937 0.302515
vt 0.581830 0.274285
vt 0.581830 0.274170
vt 0.601243 0.274170
vt 0.601243 0.274285
vt 0.640079 0.274285
vt 0.640079 0.274170
vt 0.678910 0.274170
vt 0.678910 0.274285
vt 0.730535 0.274285
vt 0.726723 0.274285
vt 0.726723 0.274170
vt 0.730535 0.274170
vt 0.735392 0.274285
vt 0.735392 0.274170
vt 0.740937 0.274285
vt 0.740937 0.274170
vt 0.725384 0.491533
vt 0.571236 0.274285
vt 0.571236 0.274170
vt 0.571236 0.334018
vt 0.571236 0.302515
vt 0.571236 0.460030
vt 0.571236 0.397024
vt 0.571236 0.491533
vt 0.571236 0.516065
vt 0.581830 0.516065
vt 0.601243 0.516065
vt 0.640079 0.516065
vt 0.678910 0.516065
vt 0.730535 0.516065
vt 0.726723 0.516065
vt 0.735392 0.516065
vt 0.740937 0.516065
vt 0.717756 0.516065
vt 0.725847 0.491533
vt 0.726330 0.491533
vt 0.725847 0.520349
vt 0.725847 0.520454
vt 0.726330 0.520349
vt 0.726330 0.520454
vt 0.726723 0.520349
vt 0.726723 0.520454
vt 0.395989 0.067298
vt 0.403627 0.067298
vt 0.403627 0.130432
vt 0.395989 0.130432
vt 0.390832 0.193566
vt 0.390832 0.130432
vt 0.394648 0.130432
vt 0.394648 0.193566
vt 0.395525 0.067298
vt 0.395525 0.130432
vt 0.395042 0.067298
vt 0.395042 0.130432
vt 0.394648 0.067298
vt 0.385950 0.193566
vt 0.385950 0.130432
vt 0.378307 0.193566
vt 0.378307 0.130432
vt 0.403627 0.007444
vt 0.395989 0.007444
vt 0.395989 0.007329
vt 0.403627 0.007329
vt 0.442519 0.193566
vt 0.403627 0.193566
vt 0.442519 0.130432
vt 0.520241 0.193566
vt 0.481386 0.193566
vt 0.481386 0.130432
vt 0.520242 0.130432
vt 0.481386 0.067298
vt 0.520242 0.067298
vt 0.394648 0.035731
vt 0.395042 0.035731
vt 0.395525 0.035731
vt 0.395989 0.035731
vt 0.390832 0.067298
vt 0.385950 0.067298
vt 0.378307 0.067298
vt 0.403627 0.035731
vt 0.442519 0.067298
vt 0.520241 0.225133
vt 0.481386 0.225133
vt 0.442519 0.225133
vt 0.403627 0.225133
vt 0.395989 0.254007
vt 0.403627 0.254007
vt 0.403627 0.254112
vt 0.395989 0.254112
vt 0.378307 0.225133
vt 0.385950 0.225133
vt 0.390832 0.225133
vt 0.394648 0.225133
vt 0.395989 0.193566
vt 0.395525 0.193566
vt 0.395042 0.193566
vt 0.539661 0.225133
vt 0.539661 0.193566
vt 0.539661 0.130432
vt 0.539661 0.067298
vt 0.520242 0.035731
vt 0.539661 0.035731
vt 0.442519 0.035731
vt 0.481386 0.035731
vt 0.395525 0.010243
vt 0.395989 0.010243
vt 0.395042 0.010243
vt 0.394648 0.010243
vt 0.390832 0.035731
vt 0.385950 0.035731
vt 0.378307 0.035731
vt 0.539661 0.007444
vt 0.520242 0.007444
vt 0.520242 0.007329
vt 0.539661 0.007329
vt 0.481386 0.007444
vt 0.442519 0.007444
vt 0.442519 0.007329
vt 0.481386 0.007329
vt 0.390832 0.007444
vt 0.390832 0.007329
vt 0.394648 0.007329
vt 0.394648 0.007444
vt 0.385950 0.007444
vt 0.385950 0.007329
vt 0.378307 0.007444
vt 0.378307 0.007329
vt 0.395989 0.225133
vt 0.549801 0.007444
vt 0.549801 0.007329
vt 0.549801 0.067298
vt 0.549801 0.035731
vt 0.549801 0.193566
vt 0.549801 0.130432
vt 0.549801 0.225133
vt 0.549801 0.249715
vt 0.539661 0.249715
vt 0.520241 0.249715
vt 0.481386 0.249715
vt 0.442519 0.249715
vt 0.390832 0.249715
vt 0.394648 0.249715
vt 0.385950 0.249715
vt 0.378307 0.249715
vt 0.403627 0.249715
vt 0.395525 0.225133
vt 0.395042 0.225133
vt 0.395525 0.254007
vt 0.395525 0.254112
vt 0.395042 0.254007
vt 0.395042 0.254112
vt 0.394648 0.254007
vt 0.394648 0.254112
vt 0.019724 0.858174
vt 0.023516 0.858389
vt 0.023515 0.858471
vt 0.019722 0.858264
vt 0.802778 0.850813
vt 0.806571 0.850599
vt 0.806573 0.850689
vt 0.802780 0.850895
vt 0.014938 0.856761
vt 0.014936 0.856862
vt 0.793824 0.850798
vt 0.801442 0.850837
vt 0.801444 0.850913
vt 0.793826 0.850880
vt 0.007669 0.853696
vt 0.007500 0.853707
vt 0.742944 0.491533
vt 0.742944 0.460030
vt 0.743117 0.460030
vt 0.743117 0.491533
vt 0.716214 0.849543
vt 0.755024 0.850472
vt 0.755026 0.850569
vt 0.716216 0.849655
vt 0.032470 0.858374
vt 0.071269 0.858047
vt 0.071268 0.858145
vt 0.032469 0.858456
vt 0.742944 0.334018
vt 0.742944 0.302515
vt 0.743117 0.302515
vt 0.743117 0.334018
vt 0.657991 0.847612
vt 0.677401 0.848386
vt 0.677402 0.848474
vt 0.657992 0.847691
vt 0.647796 0.846830
vt 0.647835 0.846895
vt 0.181534 0.854172
vt 0.181632 0.854165
vt 0.181582 0.854226
vt 0.181484 0.854234
vt 0.801904 0.850824
vt 0.801905 0.850900
vt 0.552969 0.193566
vt 0.552969 0.225133
vt 0.552922 0.225133
vt 0.552922 0.193566
vt 0.802386 0.850824
vt 0.802387 0.850903
vt 0.552969 0.067298
vt 0.552969 0.130432
vt 0.552922 0.130432
vt 0.552922 0.067298
vt 0.742944 0.397024
vt 0.743117 0.397024
vt 0.023908 0.858399
vt 0.023907 0.858479
vt 0.148891 0.855961
vt 0.168300 0.855188
vt 0.168299 0.855267
vt 0.148889 0.856050
vt 0.024391 0.858399
vt 0.024389 0.858476
vt 0.552969 0.035731
vt 0.552922 0.035731
vt 0.552969 0.254007
vt 0.552969 0.254112
vt 0.552922 0.254112
vt 0.552922 0.254007
vt 0.024852 0.858413
vt 0.024851 0.858489
vt 0.552969 0.010243
vt 0.552922 0.010243
vt 0.110078 0.857118
vt 0.110076 0.857231
vt 0.742944 0.274285
vt 0.742944 0.274170
vt 0.743117 0.274170
vt 0.743117 0.274285
vt 0.742944 0.516065
vt 0.743117 0.516065
vt 0.818626 0.846121
vt 0.818793 0.846042
vt 0.818966 0.846048
vt 0.818795 0.846131
vt 0.811357 0.849185
vt 0.811359 0.849286
vt 0.742944 0.277078
vt 0.743117 0.277078
vt 0.552969 0.007329
vt 0.552969 0.007444
vt 0.552922 0.007444
vt 0.552922 0.007329
vt 0.549801 0.010243
vt 0.539661 0.010243
vt 0.442519 0.010243
vt 0.403627 0.010243
vt 0.378307 0.010243
vt 0.385950 0.010243
vt 0.390832 0.010243
vt 0.520242 0.010243
vt 0.481386 0.010243
vt 0.395042 0.007329
vt 0.395042 0.007444
vt 0.395525 0.007329
vt 0.395525 0.007444
vt 0.571236 0.277078
vt 0.581830 0.277078
vt 0.678910 0.277078
vt 0.717756 0.277078
vt 0.740937 0.277078
vt 0.735392 0.277078
vt 0.730535 0.277078
vt 0.601243 0.277078
vt 0.640079 0.277078
vt 0.726330 0.274285
vt 0.726330 0.274170
vt 0.725847 0.274285
vt 0.725847 0.274170
vt 0.742944 0.520454
vt 0.742944 0.520349
vt 0.743117 0.520349
vt 0.743117 0.520454
vt 0.552969 0.249715
vt 0.552922 0.249715
vt 0.395042 0.249715
vt 0.395525 0.249715
vt 0.395989 0.249715
vt 0.520242 0.254112
vt 0.481386 0.254112
vt 0.481386 0.254007
vt 0.520241 0.254007
vt 0.442519 0.254112
vt 0.442519 0.254007
vt 0.378307 0.254112
vt 0.378307 0.254007
vt 0.385950 0.254007
vt 0.385950 0.254112
vt 0.390832 0.254007
vt 0.390832 0.254112
vt 0.539661 0.254112
vt 0.539661 0.254007
vt 0.549801 0.254112
vt 0.549801 0.254007
vt 0.726330 0.516065
vt 0.725847 0.516065
vt 0.725384 0.516065
vt 0.601243 0.520454
vt 0.601243 0.520349
vt 0.640079 0.520349
vt 0.640079 0.520454
vt 0.678910 0.520454
vt 0.678910 0.520349
vt 0.740937 0.520454
vt 0.735392 0.520454
vt 0.735392 0.520349
vt 0.740937 0.520349
vt 0.730535 0.520454
vt 0.730535 0.520349
vt 0.581830 0.520454
vt 0.581830 0.520349
vt 0.571236 0.520454
vt 0.571236 0.520349
vt 0.567975 0.520454
vt 0.567975 0.520349
vt 0.568078 0.520349
vt 0.568078 0.520454
vt 0.552823 0.254112
vt 0.552823 0.254007
vt 0.567975 0.277078
vt 0.567975 0.274285
vt 0.568078 0.274285
vt 0.568078 0.277078
vt 0.552823 0.010243
vt 0.552823 0.007444
vt 0.178495 0.854406
vt 0.178456 0.854471
vt 0.644658 0.846589
vt 0.644757 0.846597
vt 0.644807 0.846658
vt 0.644709 0.846650
vt 0.552823 0.249715
vt 0.552823 0.225133
vt 0.552823 0.193566
vt 0.552823 0.130432
vt 0.552823 0.067298
vt 0.552823 0.035731
vt 0.552823 0.007329
vt 0.567975 0.516065
vt 0.567975 0.491533
vt 0.568078 0.491533
vt 0.568078 0.516065
vt 0.567975 0.460030
vt 0.568078 0.460030
vt 0.567975 0.397024
vt 0.567975 0.334018
vt 0.568078 0.334018
vt 0.568078 0.397024
vt 0.567975 0.302515
vt 0.568078 0.302515
vt 0.567975 0.274170
vt 0.568078 0.274170
vt 0.644150 0.845974
vt 0.644252 0.845980
vt 0.178886 0.853748
vt 0.182038 0.853556
vt 0.553442 0.249715
vt 0.553442 0.254007
vt 0.741203 0.520454
vt 0.741203 0.520349
vt 0.553442 0.007329
vt 0.553442 0.007444
vt 0.741203 0.277078
vt 0.741203 0.274285
vt 0.806556 0.849690
vt 0.811340 0.848165
vt 0.024865 0.857652
vt 0.032484 0.857550
vt 0.816922 0.845982
vt 0.817050 0.845930
vt 0.741203 0.516065
vt 0.741203 0.491533
vt 0.110097 0.855989
vt 0.148905 0.855067
vt 0.741203 0.397024
vt 0.741203 0.334018
vt 0.741203 0.274170
vt 0.755008 0.849488
vt 0.793811 0.849974
vt 0.071285 0.857063
vt 0.677386 0.847492
vt 0.716196 0.848413
vt 0.553442 0.010243
vt 0.553442 0.035731
vt 0.024403 0.857647
vt 0.553442 0.254112
vt 0.553442 0.067298
vt 0.023921 0.857643
vt 0.168313 0.854392
vt 0.553442 0.130432
vt 0.553442 0.193566
vt 0.023529 0.857635
vt 0.802374 0.850067
vt 0.802766 0.850060
vt 0.741203 0.460030
vt 0.801892 0.850071
vt 0.553442 0.225133
vt 0.801430 0.850076
vt 0.182141 0.853550
vt 0.647404 0.846172
vt 0.657978 0.846816
vt 0.741203 0.302515
vt 0.009373 0.853558
vt 0.014954 0.855740
vt 0.019739 0.857265
vt 0.019740 0.857193
vt 0.023530 0.857570
vt 0.802765 0.849994
vt 0.806555 0.849618
vt 0.014956 0.855659
vt 0.793810 0.849909
vt 0.801429 0.850016
vt 0.009508 0.853550
vt 0.741065 0.491533
vt 0.741065 0.460030
vt 0.716194 0.848324
vt 0.755007 0.849410
vt 0.032485 0.857485
vt 0.071287 0.856986
vt 0.741065 0.334018
vt 0.741065 0.302515
vt 0.657977 0.846753
vt 0.677385 0.847421
vt 0.647373 0.846120
vt 0.182078 0.853507
vt 0.182181 0.853501
vt 0.801891 0.850011
vt 0.553480 0.193566
vt 0.553480 0.225133
vt 0.802373 0.850004
vt 0.553480 0.067298
vt 0.553480 0.130432
vt 0.741065 0.397024
vt 0.023922 0.857579
vt 0.148906 0.854997
vt 0.168314 0.854329
vt 0.024404 0.857586
vt 0.553480 0.035731
vt 0.553479 0.254008
vt 0.553479 0.254112
vt 0.024866 0.857592
vt 0.553480 0.010243
vt 0.110098 0.855899
vt 0.741065 0.274285
vt 0.741065 0.274170
vt 0.741065 0.516065
vt 0.816787 0.845974
vt 0.816912 0.845925
vt 0.811339 0.848084
vt 0.741065 0.277078
vt 0.553479 0.007329
vt 0.553480 0.007444
vt 0.741065 0.520454
vt 0.741065 0.520349
vt 0.553479 0.249714
vt 0.178917 0.853696
vt 0.644110 0.845925
vt 0.644212 0.845931
vt 0.378131 0.035731
vt 0.378131 0.010243
vt 0.378131 0.254008
vt 0.378131 0.249714
vt 0.009383 0.853501
vt 0.009245 0.853506
vt 0.007502 0.853617
vt 0.378131 0.254112
vt 0.378131 0.007444
vt 0.007329 0.853624
vt 0.378131 0.225133
vt 0.378131 0.007329
vt 0.378131 0.067298
vt 0.378131 0.193566
vt 0.378131 0.130432
vt 0.768774 0.333966
vt 0.777550 0.333966
vt 0.777550 0.396846
vt 0.768774 0.396846
vt 0.768774 0.302526
vt 0.764165 0.333966
vt 0.764164 0.302526
vt 0.761009 0.459727
vt 0.761009 0.396846
vt 0.764164 0.396846
vt 0.764165 0.459727
vt 0.816322 0.459727
vt 0.777550 0.459727
vt 0.816322 0.396846
vt 0.893865 0.459727
vt 0.855094 0.459727
vt 0.855094 0.396846
vt 0.893865 0.396846
vt 0.855094 0.333966
vt 0.893865 0.333966
vt 0.768774 0.459727
vt 0.777550 0.302526
vt 0.761009 0.333966
vt 0.816322 0.333966
vt 0.893865 0.491167
vt 0.855094 0.491167
vt 0.816322 0.491167
vt 0.777550 0.491167
vt 0.761009 0.491167
vt 0.764165 0.491167
vt 0.764165 0.515644
vt 0.768774 0.491167
vt 0.768774 0.515644
vt 0.913251 0.491167
vt 0.913251 0.459727
vt 0.913251 0.396846
vt 0.913251 0.333966
vt 0.816322 0.302526
vt 0.855094 0.302526
vt 0.893865 0.302526
vt 0.913251 0.302526
vt 0.768774 0.277102
vt 0.777550 0.277102
vt 0.764165 0.277102
vt 0.761009 0.302526
vt 0.855094 0.274299
vt 0.816322 0.274299
vt 0.816322 0.274170
vt 0.855094 0.274170
vt 0.913251 0.274299
vt 0.893865 0.274299
vt 0.893865 0.274170
vt 0.913251 0.274170
vt 0.761009 0.274299
vt 0.761009 0.274170
vt 0.764165 0.274170
vt 0.764165 0.274299
vt 0.777550 0.274299
vt 0.777550 0.274170
vt 0.927240 0.274299
vt 0.927240 0.274170
vt 0.927240 0.333966
vt 0.927240 0.302526
vt 0.927240 0.459727
vt 0.927240 0.396846
vt 0.927240 0.491167
vt 0.927240 0.515644
vt 0.913251 0.515644
vt 0.855094 0.515644
vt 0.816322 0.515644
vt 0.893865 0.515644
vt 0.761009 0.515644
vt 0.777550 0.515644
vt 0.768774 0.519943
vt 0.777550 0.519943
vt 0.777550 0.520038
vt 0.768774 0.520038
vt 0.758066 0.274299
vt 0.757966 0.274299
vt 0.757966 0.274170
vt 0.758066 0.274170
vt 0.758066 0.333966
vt 0.757966 0.333966
vt 0.757966 0.302526
vt 0.758066 0.302526
vt 0.758066 0.491167
vt 0.757966 0.491167
vt 0.757966 0.459727
vt 0.758066 0.459727
vt 0.758066 0.396846
vt 0.757966 0.396846
vt 0.551417 0.778996
vt 0.551417 0.754433
vt 0.551525 0.754433
vt 0.551525 0.778997
vt 0.540434 0.596676
vt 0.540434 0.659779
vt 0.531646 0.659779
vt 0.531646 0.596676
vt 0.540434 0.565124
vt 0.545056 0.565124
vt 0.545056 0.596676
vt 0.545056 0.659779
vt 0.548226 0.659779
vt 0.548226 0.722881
vt 0.545056 0.722881
vt 0.492841 0.722881
vt 0.492841 0.659779
vt 0.531646 0.722881
vt 0.415237 0.722881
vt 0.415237 0.659779
vt 0.454045 0.659779
vt 0.454045 0.722881
vt 0.415237 0.596676
vt 0.454045 0.596676
vt 0.540434 0.722881
vt 0.531646 0.565124
vt 0.548226 0.596676
vt 0.492841 0.596676
vt 0.415237 0.754433
vt 0.454045 0.754433
vt 0.492841 0.754433
vt 0.531646 0.754433
vt 0.548226 0.754433
vt 0.545056 0.754433
vt 0.545056 0.778996
vt 0.540434 0.778996
vt 0.540434 0.754433
vt 0.395832 0.754433
vt 0.395833 0.722881
vt 0.395833 0.659779
vt 0.395833 0.596676
vt 0.454045 0.565124
vt 0.492841 0.565124
vt 0.395833 0.565124
vt 0.415237 0.565124
vt 0.540434 0.539611
vt 0.531646 0.539611
vt 0.545056 0.539611
vt 0.548226 0.565124
vt 0.454045 0.536798
vt 0.454045 0.536669
vt 0.492841 0.536669
vt 0.492841 0.536798
vt 0.395833 0.536798
vt 0.395833 0.536669
vt 0.415237 0.536669
vt 0.415237 0.536798
vt 0.548226 0.539611
vt 0.531646 0.536669
vt 0.531646 0.536798
vt 0.382742 0.536798
vt 0.382742 0.536669
vt 0.382742 0.596676
vt 0.382742 0.565124
vt 0.382742 0.722881
vt 0.382742 0.659779
vt 0.382742 0.754433
vt 0.382742 0.778996
vt 0.395832 0.778996
vt 0.454045 0.778996
vt 0.492841 0.778996
vt 0.415237 0.778996
vt 0.545056 0.783311
vt 0.548226 0.783311
vt 0.548226 0.783406
vt 0.545056 0.783406
vt 0.531646 0.778996
vt 0.540434 0.783311
vt 0.540434 0.783406
vt 0.531646 0.783406
vt 0.531646 0.783311
vt 0.551417 0.536798
vt 0.551417 0.536669
vt 0.551525 0.536669
vt 0.551525 0.536798
vt 0.551417 0.596676
vt 0.551417 0.565124
vt 0.551525 0.565124
vt 0.551525 0.596676
vt 0.551417 0.722881
vt 0.551525 0.722881
vt 0.551417 0.659779
vt 0.551525 0.659779
vt 0.757804 0.396846
vt 0.757804 0.459727
vt 0.757775 0.459727
vt 0.757775 0.396846
vt 0.389005 0.863502
vt 0.397783 0.863532
vt 0.397776 0.863707
vt 0.388998 0.863676
vt 0.757804 0.519943
vt 0.757804 0.520038
vt 0.757775 0.520038
vt 0.757775 0.519943
vt 0.757804 0.277102
vt 0.757804 0.302526
vt 0.757775 0.302526
vt 0.757775 0.277102
vt 0.384403 0.863293
vt 0.384396 0.863467
vt 0.757804 0.333966
vt 0.757775 0.333966
vt 0.648721 0.866570
vt 0.661942 0.866614
vt 0.661949 0.866789
vt 0.648866 0.866745
vt 0.811096 0.867187
vt 0.814242 0.866938
vt 0.814250 0.867112
vt 0.811103 0.867362
vt 0.806494 0.867397
vt 0.806501 0.867571
vt 0.720125 0.866810
vt 0.758925 0.867234
vt 0.758932 0.867408
vt 0.720132 0.866984
vt 0.379023 0.754433
vt 0.379023 0.722881
vt 0.379190 0.722881
vt 0.379190 0.754433
vt 0.757804 0.491167
vt 0.757775 0.491167
vt 0.379023 0.778996
vt 0.379190 0.778996
vt 0.381256 0.863043
vt 0.381249 0.863218
vt 0.681337 0.866679
vt 0.681344 0.866854
vt 0.379023 0.659779
vt 0.379023 0.596676
vt 0.379190 0.596676
vt 0.379190 0.659779
vt 0.475376 0.862915
vt 0.514166 0.862784
vt 0.514158 0.862959
vt 0.475369 0.863089
vt 0.436575 0.863339
vt 0.436568 0.863513
vt 0.797716 0.867427
vt 0.797723 0.867601
vt 0.379023 0.565124
vt 0.379190 0.565124
vt 0.378210 0.861723
vt 0.378182 0.861726
vt 0.817289 0.865618
vt 0.817392 0.865574
vt 0.817420 0.865571
vt 0.817317 0.865621
vt 0.379023 0.536798
vt 0.379023 0.536669
vt 0.379190 0.536669
vt 0.379190 0.536798
vt 0.533560 0.862719
vt 0.533553 0.862894
vt 0.758066 0.515644
vt 0.757966 0.515644
vt 0.550209 0.862663
vt 0.550369 0.862663
vt 0.550187 0.862838
vt 0.550029 0.862838
vt 0.379023 0.539611
vt 0.379190 0.539611
vt 0.551417 0.539611
vt 0.551525 0.539611
vt 0.382742 0.539611
vt 0.395833 0.539611
vt 0.492841 0.539611
vt 0.545056 0.536669
vt 0.548226 0.536669
vt 0.548226 0.536798
vt 0.545056 0.536798
vt 0.415237 0.539611
vt 0.454045 0.539611
vt 0.540434 0.536798
vt 0.540434 0.536669
vt 0.758066 0.277102
vt 0.757966 0.277102
vt 0.927240 0.277102
vt 0.913251 0.277102
vt 0.816322 0.277102
vt 0.761009 0.277102
vt 0.893865 0.277102
vt 0.855094 0.277102
vt 0.768774 0.274170
vt 0.768774 0.274299
vt 0.758066 0.520038
vt 0.757966 0.520038
vt 0.757966 0.519943
vt 0.758066 0.519943
vt 0.757804 0.274170
vt 0.757804 0.274299
vt 0.757775 0.274299
vt 0.757775 0.274170
vt 0.379023 0.783406
vt 0.379023 0.783311
vt 0.379190 0.783311
vt 0.379190 0.783406
vt 0.415237 0.783406
vt 0.415237 0.783311
vt 0.454045 0.783311
vt 0.454045 0.783406
vt 0.492841 0.783406
vt 0.492841 0.783311
vt 0.548226 0.778996
vt 0.395833 0.783406
vt 0.395832 0.783311
vt 0.382742 0.783406
vt 0.382742 0.783311
vt 0.551417 0.783406
vt 0.551417 0.783311
vt 0.551525 0.783311
vt 0.551525 0.783406
vt 0.893865 0.520038
vt 0.855094 0.520038
vt 0.855094 0.519943
vt 0.893865 0.519943
vt 0.816322 0.520038
vt 0.816322 0.519943
vt 0.761009 0.520038
vt 0.761009 0.519943
vt 0.764165 0.519943
vt 0.764165 0.520038
vt 0.913251 0.520038
vt 0.913251 0.519943
vt 0.927240 0.520038
vt 0.927240 0.519943
vt 0.931035 0.520038
vt 0.930866 0.520038
vt 0.930866 0.519943
vt 0.931035 0.519943
vt 0.379348 0.783311
vt 0.379348 0.783406
vt 0.931035 0.277102
vt 0.930866 0.277102
vt 0.930866 0.274299
vt 0.931035 0.274299
vt 0.379348 0.536798
vt 0.379348 0.539611
vt 0.757804 0.515644
vt 0.757775 0.515644
vt 0.546782 0.862675
vt 0.546637 0.862850
vt 0.379348 0.754433
vt 0.379348 0.778996
vt 0.379348 0.722881
vt 0.379348 0.596676
vt 0.379348 0.659779
vt 0.379348 0.565124
vt 0.379348 0.536669
vt 0.931035 0.515644
vt 0.930866 0.515644
vt 0.930866 0.491167
vt 0.931035 0.491167
vt 0.930866 0.459727
vt 0.931035 0.459727
vt 0.931035 0.396846
vt 0.930866 0.396846
vt 0.930866 0.333966
vt 0.931035 0.333966
vt 0.930866 0.302526
vt 0.931035 0.302526
vt 0.930866 0.274170
vt 0.931035 0.274170
vt 0.645134 0.866558
vt 0.645294 0.866558
vt 0.645474 0.866733
vt 0.645316 0.866733
vt 0.378249 0.783311
vt 0.378249 0.778996
vt 0.757937 0.491167
vt 0.757937 0.515644
vt 0.757937 0.274299
vt 0.757937 0.277102
vt 0.378249 0.565124
vt 0.378249 0.539611
vt 0.644295 0.865750
vt 0.644462 0.865750
vt 0.547448 0.861867
vt 0.551041 0.861855
vt 0.757937 0.519943
vt 0.378249 0.783406
vt 0.757937 0.274170
vt 0.378249 0.536798
vt 0.551208 0.861855
vt 0.436608 0.862533
vt 0.475410 0.862110
vt 0.758892 0.866428
vt 0.797683 0.866622
vt 0.514199 0.861979
vt 0.533594 0.861914
vt 0.378249 0.536669
vt 0.817160 0.865604
vt 0.817260 0.865586
vt 0.378339 0.861709
vt 0.381290 0.862238
vt 0.378249 0.596676
vt 0.806461 0.866592
vt 0.397816 0.862727
vt 0.378249 0.722881
vt 0.378249 0.659779
vt 0.681303 0.865874
vt 0.720091 0.866004
vt 0.661909 0.865809
vt 0.384436 0.862487
vt 0.378249 0.754433
vt 0.757937 0.459727
vt 0.811063 0.866382
vt 0.814209 0.866133
vt 0.648055 0.865762
vt 0.757937 0.333966
vt 0.757937 0.396846
vt 0.757937 0.302526
vt 0.389038 0.862697
vt 0.757937 0.520038
vt 0.389046 0.862519
vt 0.397823 0.862549
vt 0.384443 0.862309
vt 0.647907 0.865584
vt 0.661902 0.865631
vt 0.811055 0.866204
vt 0.814202 0.865955
vt 0.806453 0.866414
vt 0.720084 0.865827
vt 0.758885 0.866251
vt 0.378078 0.754433
vt 0.378078 0.722881
vt 0.378078 0.778996
vt 0.381297 0.862060
vt 0.681296 0.865696
vt 0.378078 0.659779
vt 0.378078 0.596676
vt 0.475417 0.861932
vt 0.514206 0.861801
vt 0.436615 0.862356
vt 0.797676 0.866444
vt 0.378078 0.565124
vt 0.378367 0.861706
vt 0.817131 0.865601
vt 0.817230 0.865589
vt 0.378078 0.536798
vt 0.378078 0.536669
vt 0.533601 0.861736
vt 0.551224 0.861677
vt 0.551393 0.861676
vt 0.378078 0.539611
vt 0.378078 0.783406
vt 0.378078 0.783311
vt 0.547596 0.861689
vt 0.644110 0.865571
vt 0.644279 0.865572
vt 0.378268 0.861694
vt 0.378239 0.861691
vt 0.378107 0.861679
vt 0.378078 0.861676
vt 0.760689 0.248320
vt 0.760170 0.248320
vt 0.760170 0.223892
vt 0.760689 0.223892
vt 0.772386 0.067005
vt 0.781205 0.067005
vt 0.781205 0.129760
vt 0.772386 0.129760
vt 0.772386 0.035628
vt 0.767709 0.067005
vt 0.767709 0.035628
vt 0.767709 0.129760
vt 0.767709 0.192515
vt 0.764254 0.192515
vt 0.764254 0.129760
vt 0.820207 0.192515
vt 0.781205 0.192515
vt 0.820207 0.129760
vt 0.898226 0.192515
vt 0.859228 0.192515
vt 0.859228 0.129760
vt 0.898226 0.129760
vt 0.859228 0.067005
vt 0.898226 0.067005
vt 0.772386 0.192515
vt 0.781205 0.035628
vt 0.764254 0.067005
vt 0.820207 0.067005
vt 0.898226 0.223892
vt 0.859228 0.223892
vt 0.820207 0.223892
vt 0.781205 0.223892
vt 0.767709 0.223892
vt 0.764254 0.223892
vt 0.767709 0.248320
vt 0.772386 0.223892
vt 0.772386 0.248320
vt 0.917737 0.223892
vt 0.917737 0.192515
vt 0.917737 0.129760
vt 0.917737 0.067005
vt 0.820207 0.035628
vt 0.859228 0.035628
vt 0.898226 0.035628
vt 0.917737 0.035628
vt 0.772386 0.010255
vt 0.781205 0.010255
vt 0.767709 0.010255
vt 0.764254 0.035628
vt 0.859228 0.007455
vt 0.820207 0.007455
vt 0.820207 0.007329
vt 0.859228 0.007329
vt 0.917737 0.007455
vt 0.898226 0.007455
vt 0.898226 0.007329
vt 0.917737 0.007329
vt 0.764254 0.010255
vt 0.781205 0.007455
vt 0.781205 0.007329
vt 0.929844 0.007455
vt 0.929844 0.007329
vt 0.929844 0.067005
vt 0.929844 0.035628
vt 0.929844 0.192515
vt 0.929844 0.129760
vt 0.929844 0.223892
vt 0.929844 0.248320
vt 0.917737 0.248320
vt 0.859228 0.248320
vt 0.820207 0.248320
vt 0.898226 0.248320
vt 0.767709 0.252607
vt 0.767709 0.252705
vt 0.764254 0.252705
vt 0.764254 0.252607
vt 0.781205 0.248320
vt 0.772386 0.252607
vt 0.781205 0.252607
vt 0.781205 0.252705
vt 0.772386 0.252705
vt 0.760689 0.007455
vt 0.760170 0.007455
vt 0.760170 0.007329
vt 0.760688 0.007329
vt 0.760689 0.067005
vt 0.760170 0.067005
vt 0.760170 0.035628
vt 0.760689 0.035628
vt 0.760170 0.192515
vt 0.760689 0.192515
vt 0.760689 0.129760
vt 0.760170 0.129760
vt 0.760689 0.010255
vt 0.760170 0.010255
vt 0.929844 0.010255
vt 0.917737 0.010255
vt 0.820207 0.010255
vt 0.767709 0.007329
vt 0.767709 0.007455
vt 0.764254 0.007455
vt 0.764254 0.007329
vt 0.898226 0.010255
vt 0.859228 0.010255
vt 0.772386 0.007329
vt 0.772386 0.007455
vt 0.898226 0.252705
vt 0.859228 0.252705
vt 0.859228 0.252607
vt 0.898226 0.252607
vt 0.820207 0.252705
vt 0.820207 0.252607
vt 0.764254 0.248320
vt 0.917737 0.252705
vt 0.917737 0.252607
vt 0.929844 0.252705
vt 0.929844 0.252607
vt 0.760688 0.252705
vt 0.760170 0.252705
vt 0.760170 0.252607
vt 0.760689 0.252607
vt 0.932549 0.252705
vt 0.932370 0.252705
vt 0.932370 0.252607
vt 0.932549 0.252607
vt 0.932549 0.010255
vt 0.932370 0.010255
vt 0.932370 0.007455
vt 0.932549 0.007455
vt 0.932549 0.248320
vt 0.932370 0.248320
vt 0.932370 0.223892
vt 0.932549 0.223892
vt 0.932370 0.192515
vt 0.932549 0.192515
vt 0.932549 0.129760
vt 0.932370 0.129760
vt 0.932370 0.067005
vt 0.932549 0.067005
vt 0.932370 0.035628
vt 0.932549 0.035628
vt 0.932370 0.007329
vt 0.932549 0.007329
vt 0.740523 0.778538
vt 0.740523 0.753863
vt 0.741037 0.753863
vt 0.741037 0.778538
vt 0.728941 0.595391
vt 0.728941 0.658780
vt 0.720209 0.658780
vt 0.720209 0.595391
vt 0.728941 0.563697
vt 0.733572 0.563697
vt 0.733572 0.595391
vt 0.733572 0.658780
vt 0.736993 0.658780
vt 0.736993 0.722169
vt 0.733572 0.722169
vt 0.681594 0.722169
vt 0.681594 0.658780
vt 0.720209 0.722169
vt 0.604346 0.722169
vt 0.604346 0.658780
vt 0.642958 0.658780
vt 0.642958 0.722169
vt 0.604346 0.595391
vt 0.642958 0.595391
vt 0.728941 0.722169
vt 0.720209 0.563697
vt 0.736993 0.595391
vt 0.681594 0.595391
vt 0.604346 0.753863
vt 0.642958 0.753863
vt 0.681594 0.753863
vt 0.720209 0.753863
vt 0.736993 0.753863
vt 0.733572 0.753863
vt 0.733572 0.778538
vt 0.728941 0.778538
vt 0.728941 0.753863
vt 0.585029 0.753863
vt 0.585029 0.722169
vt 0.585029 0.658780
vt 0.585029 0.595391
vt 0.642958 0.563697
vt 0.681594 0.563697
vt 0.585029 0.563697
vt 0.604346 0.563697
vt 0.728941 0.538068
vt 0.720209 0.538068
vt 0.733572 0.538068
vt 0.736993 0.563697
vt 0.642958 0.535239
vt 0.642958 0.535112
vt 0.681594 0.535112
vt 0.681594 0.535239
vt 0.585029 0.535239
vt 0.585028 0.535112
vt 0.604347 0.535112
vt 0.604346 0.535239
vt 0.736993 0.538068
vt 0.720209 0.535112
vt 0.720209 0.535239
vt 0.573041 0.535239
vt 0.573041 0.535112
vt 0.573041 0.595391
vt 0.573041 0.563697
vt 0.573041 0.722169
vt 0.573041 0.658780
vt 0.573041 0.753863
vt 0.573041 0.778538
vt 0.585029 0.778538
vt 0.642958 0.778538
vt 0.681594 0.778538
vt 0.604346 0.778538
vt 0.733572 0.782868
vt 0.736993 0.782868
vt 0.736993 0.782968
vt 0.733572 0.782968
vt 0.720209 0.778538
vt 0.728941 0.782868
vt 0.728941 0.782968
vt 0.720209 0.782968
vt 0.720209 0.782868
vt 0.740523 0.535239
vt 0.740523 0.535112
vt 0.741037 0.535112
vt 0.741037 0.535239
vt 0.740523 0.595391
vt 0.740523 0.563697
vt 0.741037 0.563697
vt 0.741037 0.595391
vt 0.740523 0.722169
vt 0.741037 0.722169
vt 0.740523 0.658780
vt 0.741037 0.658780
vt 0.740523 0.538068
vt 0.741037 0.538068
vt 0.573041 0.538068
vt 0.585029 0.538068
vt 0.681594 0.538068
vt 0.733572 0.535112
vt 0.736993 0.535112
vt 0.736993 0.535239
vt 0.733572 0.535239
vt 0.604346 0.538068
vt 0.642958 0.538068
vt 0.728941 0.535239
vt 0.728941 0.535112
vt 0.604346 0.782968
vt 0.604346 0.782868
vt 0.642958 0.782868
vt 0.642958 0.782968
vt 0.681594 0.782968
vt 0.681594 0.782868
vt 0.736993 0.778538
vt 0.585028 0.782968
vt 0.585029 0.782868
vt 0.573041 0.782968
vt 0.573041 0.782868
vt 0.740523 0.782968
vt 0.740523 0.782868
vt 0.741037 0.782868
vt 0.741037 0.782968
vt 0.570363 0.782968
vt 0.570363 0.782868
vt 0.570541 0.782868
vt 0.570541 0.782968
vt 0.570363 0.538068
vt 0.570363 0.535239
vt 0.570541 0.535239
vt 0.570541 0.538068
vt 0.570363 0.778538
vt 0.570363 0.753863
vt 0.570541 0.753863
vt 0.570541 0.778538
vt 0.570363 0.722169
vt 0.570541 0.722169
vt 0.570363 0.658780
vt 0.570363 0.595391
vt 0.570541 0.595391
vt 0.570541 0.658780
vt 0.570363 0.563697
vt 0.570541 0.563697
vt 0.570363 0.535112
vt 0.570541 0.535112
vt 0.227765 0.586025
vt 0.244025 0.583939
vt 0.244034 0.584260
vt 0.227791 0.586272
vt 0.352138 0.601586
vt 0.352245 0.600999
vt 0.352301 0.601008
vt 0.352207 0.601591
vt 0.216506 0.584518
vt 0.216508 0.584712
vt 0.352236 0.670494
vt 0.352076 0.669644
vt 0.352155 0.669638
vt 0.352301 0.670483
vt 0.206723 0.554743
vt 0.207131 0.554753
vt 0.207282 0.554865
vt 0.206878 0.554862
vt 0.336542 0.554670
vt 0.344108 0.549843
vt 0.344113 0.550038
vt 0.336544 0.554864
vt 0.352024 0.636035
vt 0.352046 0.627181
vt 0.352200 0.627180
vt 0.352178 0.636034
vt 0.570301 0.778538
vt 0.570301 0.753863
vt 0.345935 0.582224
vt 0.346342 0.582205
vt 0.346189 0.582328
vt 0.345785 0.582338
vt 0.211918 0.554870
vt 0.225579 0.554556
vt 0.225604 0.554818
vt 0.212090 0.555010
vt 0.352065 0.618329
vt 0.352090 0.609488
vt 0.352235 0.609487
vt 0.352219 0.618328
vt 0.570301 0.722169
vt 0.352002 0.644889
vt 0.352156 0.644888
vt 0.570301 0.535239
vt 0.570301 0.535112
vt 0.570301 0.782968
vt 0.570301 0.782868
vt 0.570301 0.538068
vt 0.208852 0.579830
vt 0.208850 0.580025
vt 0.325317 0.556383
vt 0.325296 0.556631
vt 0.350941 0.543568
vt 0.350939 0.543691
vt 0.287852 0.582664
vt 0.309741 0.582474
vt 0.309720 0.582811
vt 0.287833 0.583046
vt 0.265196 0.554127
vt 0.287082 0.554372
vt 0.287106 0.554754
vt 0.265222 0.554508
vt 0.351984 0.662583
vt 0.352119 0.662581
vt 0.265968 0.583311
vt 0.265951 0.583693
vt 0.243313 0.554338
vt 0.243340 0.554676
vt 0.570301 0.658780
vt 0.570301 0.595391
vt 0.201928 0.573671
vt 0.201932 0.573801
vt 0.200676 0.571760
vt 0.200673 0.571826
vt 0.327481 0.582365
vt 0.327461 0.582628
vt 0.351985 0.653740
vt 0.352139 0.653739
vt 0.309026 0.554597
vt 0.309023 0.554918
vt 0.570301 0.563697
vt 0.352244 0.541517
vt 0.352247 0.541587
vt 0.341149 0.582428
vt 0.340980 0.582571
vt 0.286944 0.552084
vt 0.308813 0.551712
vt 0.308855 0.552036
vt 0.286971 0.552464
vt 0.345750 0.578377
vt 0.351898 0.577188
vt 0.351711 0.577376
vt 0.345544 0.578607
vt 0.567975 0.563697
vt 0.567975 0.538068
vt 0.568052 0.538068
vt 0.568052 0.563697
vt 0.351677 0.653742
vt 0.351695 0.644890
vt 0.351849 0.644889
vt 0.351831 0.653741
vt 0.567975 0.782868
vt 0.567975 0.778538
vt 0.568052 0.778538
vt 0.568052 0.782868
vt 0.350795 0.542038
vt 0.352124 0.541009
vt 0.352141 0.541078
vt 0.350814 0.542163
vt 0.266063 0.581020
vt 0.287933 0.580658
vt 0.287916 0.581039
vt 0.266044 0.581401
vt 0.567975 0.595391
vt 0.568052 0.595391
vt 0.351776 0.609489
vt 0.351768 0.601587
vt 0.351891 0.601571
vt 0.351921 0.609488
vt 0.325419 0.549157
vt 0.325458 0.549433
vt 0.351667 0.662584
vt 0.351803 0.662584
vt 0.309817 0.580365
vt 0.327588 0.579519
vt 0.327587 0.579831
vt 0.309806 0.580703
vt 0.567975 0.722169
vt 0.567975 0.658780
vt 0.568052 0.658780
vt 0.568052 0.722169
vt 0.243198 0.552232
vt 0.265077 0.552123
vt 0.265102 0.552504
vt 0.243215 0.552570
vt 0.200766 0.571289
vt 0.202034 0.572177
vt 0.202019 0.572307
vt 0.200753 0.571353
vt 0.209030 0.575535
vt 0.209026 0.575684
vt 0.351738 0.627183
vt 0.351758 0.618331
vt 0.351911 0.618330
vt 0.351892 0.627182
vt 0.225420 0.551713
vt 0.225426 0.552025
vt 0.244185 0.581050
vt 0.244149 0.581374
vt 0.351633 0.669636
vt 0.351744 0.669644
vt 0.343855 0.545557
vt 0.343862 0.545707
vt 0.336326 0.547821
vt 0.336338 0.548035
vt 0.216596 0.577662
vt 0.216588 0.577877
vt 0.567975 0.535239
vt 0.568052 0.535239
vt 0.567975 0.782968
vt 0.568052 0.782968
vt 0.567975 0.535112
vt 0.568052 0.535112
vt 0.351716 0.636036
vt 0.351870 0.636035
vt 0.567975 0.753863
vt 0.568052 0.753863
vt 0.207245 0.550905
vt 0.207454 0.551131
vt 0.352301 0.577141
vt 0.352099 0.577331
vt 0.200673 0.549790
vt 0.201077 0.549829
vt 0.201268 0.550014
vt 0.200879 0.549976
vt 0.351534 0.670404
vt 0.351636 0.670417
vt 0.227530 0.578800
vt 0.227496 0.579076
vt 0.351605 0.600958
vt 0.351713 0.600931
vt 0.745420 0.244993
vt 0.745420 0.220903
vt 0.745511 0.220903
vt 0.745511 0.244993
vt 0.729021 0.066181
vt 0.729020 0.128070
vt 0.720051 0.128070
vt 0.720051 0.066181
vt 0.729021 0.035237
vt 0.735338 0.035237
vt 0.735338 0.066181
vt 0.735338 0.128070
vt 0.740592 0.128070
vt 0.740592 0.189958
vt 0.735338 0.189958
vt 0.680459 0.189958
vt 0.680459 0.128070
vt 0.720051 0.189958
vt 0.601521 0.189958
vt 0.601521 0.128070
vt 0.640979 0.128070
vt 0.640979 0.189958
vt 0.601521 0.066181
vt 0.640979 0.066181
vt 0.729021 0.189958
vt 0.720051 0.035237
vt 0.740592 0.066181
vt 0.680459 0.066181
vt 0.601521 0.220903
vt 0.640979 0.220903
vt 0.680459 0.220903
vt 0.720051 0.220903
vt 0.740592 0.220903
vt 0.735338 0.220903
vt 0.735338 0.244993
vt 0.729021 0.244993
vt 0.729021 0.220903
vt 0.581779 0.220903
vt 0.581779 0.189958
vt 0.581779 0.128070
vt 0.581779 0.066181
vt 0.640979 0.035237
vt 0.680459 0.035237
vt 0.581779 0.035237
vt 0.601521 0.035237
vt 0.729021 0.010215
vt 0.720051 0.010215
vt 0.735338 0.010215
vt 0.740592 0.035237
vt 0.640979 0.007449
vt 0.640979 0.007329
vt 0.680459 0.007329
vt 0.680459 0.007449
vt 0.581779 0.007449
vt 0.581779 0.007329
vt 0.601521 0.007329
vt 0.601521 0.007449
vt 0.740592 0.010215
vt 0.720051 0.007329
vt 0.720051 0.007449
vt 0.570689 0.007449
vt 0.570689 0.007329
vt 0.570689 0.066181
vt 0.570689 0.035237
vt 0.570689 0.189958
vt 0.570689 0.128070
vt 0.570689 0.220903
vt 0.570689 0.244993
vt 0.581779 0.244993
vt 0.640979 0.244993
vt 0.680459 0.244993
vt 0.601521 0.244993
vt 0.735338 0.249214
vt 0.740592 0.249214
vt 0.740592 0.249318
vt 0.735338 0.249318
vt 0.720051 0.244993
vt 0.729020 0.249214
vt 0.729020 0.249318
vt 0.720051 0.249318
vt 0.720051 0.249214
vt 0.745420 0.007449
vt 0.745420 0.007329
vt 0.745511 0.007329
vt 0.745511 0.007449
vt 0.745420 0.066181
vt 0.745420 0.035237
vt 0.745511 0.035237
vt 0.745511 0.066181
vt 0.745420 0.189958
vt 0.745511 0.189958
vt 0.745420 0.128070
vt 0.745511 0.128070
vt 0.745420 0.010215
vt 0.745511 0.010215
vt 0.570689 0.010215
vt 0.581779 0.010215
vt 0.680459 0.010215
vt 0.735338 0.007329
vt 0.740592 0.007329
vt 0.740592 0.007449
vt 0.735338 0.007449
vt 0.601521 0.010215
vt 0.640979 0.010215
vt 0.729021 0.007449
vt 0.729020 0.007329
vt 0.601521 0.249318
vt 0.601521 0.249214
vt 0.640979 0.249214
vt 0.640979 0.249318
vt 0.680459 0.249318
vt 0.680459 0.249214
vt 0.740592 0.244993
vt 0.581779 0.249318
vt 0.581779 0.249214
vt 0.570689 0.249318
vt 0.570689 0.249214
vt 0.745420 0.249318
vt 0.745420 0.249214
vt 0.745511 0.249214
vt 0.745511 0.249318
vt 0.568513 0.249318
vt 0.568514 0.249214
vt 0.568616 0.249214
vt 0.568616 0.249318
vt 0.568514 0.010215
vt 0.568514 0.007449
vt 0.568616 0.007449
vt 0.568616 0.010215
vt 0.568514 0.244993
vt 0.568514 0.220903
vt 0.568616 0.220903
vt 0.568616 0.244993
vt 0.568514 0.189958
vt 0.568616 0.189958
vt 0.568514 0.128070
vt 0.568514 0.066181
vt 0.568616 0.066181
vt 0.568616 0.128070
vt 0.568514 0.035237
vt 0.568616 0.035237
vt 0.568514 0.007329
vt 0.568616 0.007329
vt 0.007422 0.776214
vt 0.007329 0.776214
vt 0.007329 0.752372
vt 0.007422 0.752372
vt 0.023977 0.599252
vt 0.033032 0.599252
vt 0.033032 0.660500
vt 0.023977 0.660500
vt 0.023977 0.568629
vt 0.017599 0.599253
vt 0.017599 0.568629
vt 0.017599 0.660501
vt 0.017599 0.721748
vt 0.012295 0.721748
vt 0.012295 0.660500
vt 0.073002 0.721748
vt 0.033032 0.721748
vt 0.073002 0.660500
vt 0.152693 0.721748
vt 0.112859 0.721748
vt 0.112859 0.660500
vt 0.152693 0.660500
vt 0.112859 0.599252
vt 0.152693 0.599252
vt 0.023977 0.721748
vt 0.033032 0.568629
vt 0.012295 0.599252
vt 0.073002 0.599252
vt 0.152693 0.752372
vt 0.112859 0.752372
vt 0.073002 0.752372
vt 0.033032 0.752372
vt 0.017599 0.752372
vt 0.012295 0.752372
vt 0.017599 0.776214
vt 0.023977 0.752372
vt 0.023977 0.776214
vt 0.172623 0.752372
vt 0.172623 0.721748
vt 0.172623 0.660500
vt 0.172623 0.599252
vt 0.073002 0.568629
vt 0.112859 0.568629
vt 0.152693 0.568629
vt 0.172623 0.568629
vt 0.023977 0.543865
vt 0.033032 0.543865
vt 0.017599 0.543865
vt 0.012295 0.568629
vt 0.112859 0.541128
vt 0.073002 0.541128
vt 0.073002 0.541009
vt 0.112859 0.541009
vt 0.172623 0.541128
vt 0.152693 0.541128
vt 0.152693 0.541009
vt 0.172623 0.541009
vt 0.012295 0.543865
vt 0.033032 0.541128
vt 0.033032 0.541009
vt 0.183819 0.541128
vt 0.183819 0.541009
vt 0.183819 0.599252
vt 0.183819 0.568629
vt 0.183819 0.721748
vt 0.183819 0.660500
vt 0.183819 0.752372
vt 0.183819 0.776214
vt 0.172623 0.776214
vt 0.112859 0.776214
vt 0.073002 0.776214
vt 0.152693 0.776214
vt 0.017599 0.780390
vt 0.017599 0.780494
vt 0.012295 0.780494
vt 0.012295 0.780390
vt 0.033032 0.776214
vt 0.023977 0.780390
vt 0.033032 0.780390
vt 0.033032 0.780494
vt 0.023977 0.780494
vt 0.007422 0.541128
vt 0.007329 0.541128
vt 0.007329 0.541009
vt 0.007422 0.541009
vt 0.007422 0.599252
vt 0.007329 0.599253
vt 0.007329 0.568629
vt 0.007422 0.568629
vt 0.007329 0.721748
vt 0.007422 0.721748
vt 0.007422 0.660500
vt 0.007329 0.660500
vt 0.007422 0.543865
vt 0.007329 0.543865
vt 0.183819 0.543865
vt 0.172623 0.543865
vt 0.073002 0.543865
vt 0.017599 0.541009
vt 0.017599 0.541128
vt 0.012295 0.541128
vt 0.012295 0.541009
vt 0.152693 0.543865
vt 0.112859 0.543865
vt 0.023977 0.541009
vt 0.023977 0.541128
vt 0.152693 0.780494
vt 0.112859 0.780494
vt 0.112859 0.780390
vt 0.152693 0.780390
vt 0.073002 0.780494
vt 0.073002 0.780390
vt 0.012295 0.776214
vt 0.172623 0.780494
vt 0.172623 0.780390
vt 0.183819 0.780494
vt 0.183819 0.780390
vt 0.007422 0.780494
vt 0.007329 0.780494
vt 0.007329 0.780390
vt 0.007422 0.780390
vt 0.186015 0.780494
vt 0.185912 0.780494
vt 0.185912 0.780390
vt 0.186015 0.780390
vt 0.186015 0.543865
vt 0.185912 0.543865
vt 0.185912 0.541128
vt 0.186015 0.541128
vt 0.186015 0.776214
vt 0.185912 0.776214
vt 0.185912 0.752372
vt 0.186015 0.752372
vt 0.185912 0.721748
vt 0.186015 0.721748
vt 0.186015 0.660500
vt 0.185912 0.660500
vt 0.185912 0.599252
vt 0.186015 0.599253
vt 0.185912 0.568629
vt 0.186015 0.568629
vt 0.185912 0.541009
vt 0.186015 0.541009
vt 0.201235 0.679422
vt 0.201093 0.670381
vt 0.201258 0.670397
vt 0.201386 0.679369
vt 0.205489 0.649549
vt 0.207388 0.638604
vt 0.207578 0.638637
vt 0.205679 0.649586
vt 0.209179 0.627647
vt 0.211079 0.616725
vt 0.211268 0.616760
vt 0.209370 0.627681
vt 0.203103 0.660387
vt 0.203284 0.660424
vt 0.214384 0.689145
vt 0.214198 0.689096
vt 0.214257 0.688978
vt 0.214447 0.689036
vt 0.213223 0.605854
vt 0.214239 0.601285
vt 0.214401 0.601174
vt 0.213402 0.605764
vt 0.568208 0.066181
vt 0.568208 0.128070
vt 0.568138 0.128070
vt 0.568138 0.066181
vt 0.568208 0.189958
vt 0.568138 0.189958
vt 0.568208 0.035237
vt 0.568138 0.035237
vt 0.568208 0.010215
vt 0.568138 0.010215
vt 0.568208 0.220903
vt 0.568138 0.220903
vt 0.568208 0.249214
vt 0.568208 0.249318
vt 0.568138 0.249318
vt 0.568138 0.249214
vt 0.237611 0.662871
vt 0.235820 0.651915
vt 0.236010 0.651881
vt 0.237802 0.662837
vt 0.233921 0.640970
vt 0.231535 0.630132
vt 0.231716 0.630095
vt 0.234111 0.640933
vt 0.242629 0.601423
vt 0.242815 0.601374
vt 0.242878 0.601482
vt 0.242688 0.601541
vt 0.239510 0.673793
vt 0.239700 0.673758
vt 0.241654 0.684664
vt 0.241834 0.684754
vt 0.229525 0.620138
vt 0.229691 0.620122
vt 0.229667 0.611097
vt 0.229818 0.611150
vt 0.333916 0.665841
vt 0.333938 0.651784
vt 0.334183 0.651782
vt 0.334161 0.665839
vt 0.333960 0.637727
vt 0.334204 0.637725
vt 0.333906 0.679890
vt 0.334151 0.679889
vt 0.333969 0.623677
vt 0.334214 0.623675
vt 0.334096 0.601291
vt 0.334096 0.600931
vt 0.334272 0.600931
vt 0.334272 0.601292
vt 0.206510 0.686039
vt 0.206601 0.685919
vt 0.333931 0.693918
vt 0.334141 0.693916
vt 0.234942 0.604480
vt 0.235033 0.604600
vt 0.568208 0.007329
vt 0.568208 0.007449
vt 0.568138 0.007449
vt 0.568138 0.007329
vt 0.334004 0.609649
vt 0.334202 0.609649
vt 0.568208 0.244993
vt 0.568138 0.244993
vt 0.334100 0.705097
vt 0.334093 0.704792
vt 0.334271 0.704789
vt 0.334272 0.705097
vt 0.214285 0.601048
vt 0.214447 0.600931
vt 0.242716 0.689470
vt 0.242671 0.689233
vt 0.242833 0.689343
vt 0.242878 0.689587
vt 0.210699 0.616655
vt 0.212764 0.606096
vt 0.212951 0.605997
vt 0.210887 0.616690
vt 0.241974 0.688748
vt 0.241195 0.684422
vt 0.241382 0.684521
vt 0.242147 0.688875
vt 0.234648 0.604090
vt 0.242394 0.600973
vt 0.242460 0.601096
vt 0.234741 0.604211
vt 0.213963 0.689546
vt 0.206216 0.686429
vt 0.206310 0.686308
vt 0.214029 0.689422
vt 0.568434 0.244993
vt 0.568434 0.220903
vt 0.333394 0.704795
vt 0.333427 0.693921
vt 0.333638 0.693921
vt 0.333582 0.704796
vt 0.333481 0.623680
vt 0.333492 0.609654
vt 0.333709 0.609651
vt 0.333725 0.623678
vt 0.568434 0.010215
vt 0.568434 0.007449
vt 0.242013 0.688952
vt 0.242192 0.689088
vt 0.213543 0.601770
vt 0.213582 0.601565
vt 0.213760 0.601430
vt 0.213715 0.601643
vt 0.333393 0.705090
vt 0.333578 0.705091
vt 0.568434 0.249214
vt 0.333334 0.601295
vt 0.333532 0.601293
vt 0.568434 0.007329
vt 0.229225 0.610936
vt 0.229380 0.610989
vt 0.333417 0.679893
vt 0.333662 0.679892
vt 0.200793 0.679583
vt 0.200948 0.679530
vt 0.333331 0.600933
vt 0.333530 0.600932
vt 0.333471 0.637729
vt 0.333715 0.637728
vt 0.333427 0.665844
vt 0.333672 0.665842
vt 0.333449 0.651787
vt 0.333694 0.651785
vt 0.229105 0.620175
vt 0.229274 0.620158
vt 0.231150 0.630212
vt 0.231331 0.630174
vt 0.239131 0.673863
vt 0.239318 0.673829
vt 0.235439 0.651982
vt 0.233542 0.641045
vt 0.233732 0.641008
vt 0.235629 0.651948
vt 0.237231 0.662938
vt 0.237421 0.662904
vt 0.242565 0.600931
vt 0.242630 0.601049
vt 0.568434 0.249318
vt 0.568434 0.189958
vt 0.568434 0.035237
vt 0.568434 0.066181
vt 0.568434 0.128070
vt 0.202718 0.660307
vt 0.205110 0.649474
vt 0.205300 0.649511
vt 0.202900 0.660345
vt 0.214134 0.689588
vt 0.214199 0.689470
vt 0.200673 0.670344
vt 0.200842 0.670361
vt 0.207007 0.638537
vt 0.208799 0.627581
vt 0.208989 0.627614
vt 0.207197 0.638570
vt 0.209911 0.710321
vt 0.209918 0.715355
vt 0.203056 0.715462
vt 0.203068 0.710438
vt 0.209895 0.720776
vt 0.209895 0.720894
vt 0.203054 0.720999
vt 0.203054 0.720881
vt 0.209863 0.705232
vt 0.203107 0.705347
vt 0.200696 0.715458
vt 0.200704 0.710435
vt 0.200673 0.720996
vt 0.200674 0.720879
vt 0.200708 0.705340
vt 0.948869 0.798052
vt 0.948869 0.796167
vt 0.953674 0.796167
vt 0.953674 0.798052
vt 0.944386 0.798052
vt 0.944386 0.796167
vt 0.948869 0.794036
vt 0.953674 0.794036
vt 0.943687 0.796167
vt 0.943576 0.796167
vt 0.943576 0.794036
vt 0.943687 0.794036
vt 0.958516 0.796167
vt 0.958516 0.794036
vt 0.948869 0.790571
vt 0.953674 0.790571
vt 0.943576 0.790571
vt 0.943687 0.790571
vt 0.958516 0.790571
vt 0.948869 0.774849
vt 0.953674 0.774849
vt 0.943576 0.774849
vt 0.943687 0.774849
vt 0.958516 0.774849
vt 0.948869 0.751531
vt 0.953674 0.751531
vt 0.943576 0.751531
vt 0.943687 0.751531
vt 0.958516 0.751531
vt 0.948869 0.724992
vt 0.953674 0.724992
vt 0.943576 0.724992
vt 0.943687 0.724992
vt 0.958516 0.724992
vt 0.948869 0.689878
vt 0.953674 0.689878
vt 0.943576 0.689878
vt 0.943687 0.689878
vt 0.958516 0.689878
vt 0.953674 0.671574
vt 0.948869 0.671574
vt 0.948869 0.653270
vt 0.953674 0.653270
vt 0.943687 0.671574
vt 0.943576 0.671574
vt 0.943576 0.653270
vt 0.943687 0.653270
vt 0.958516 0.671574
vt 0.958516 0.653270
vt 0.953674 0.630278
vt 0.948869 0.630278
vt 0.948869 0.607285
vt 0.953674 0.607285
vt 0.943687 0.630278
vt 0.943576 0.630278
vt 0.943576 0.607285
vt 0.943687 0.607285
vt 0.958516 0.630278
vt 0.958516 0.607285
vt 0.953674 0.583551
vt 0.948869 0.583551
vt 0.948869 0.559817
vt 0.953674 0.559817
vt 0.943687 0.583551
vt 0.943576 0.583551
vt 0.943576 0.559817
vt 0.943687 0.559817
vt 0.958516 0.583551
vt 0.958516 0.559817
vt 0.943576 0.542805
vt 0.943687 0.542805
vt 0.948869 0.542805
vt 0.953674 0.542805
vt 0.959193 0.798052
vt 0.959193 0.796167
vt 0.959294 0.796167
vt 0.959294 0.798052
vt 0.958516 0.542805
vt 0.959046 0.536424
vt 0.959148 0.536412
vt 0.959294 0.542805
vt 0.959193 0.542805
vt 0.944104 0.538195
vt 0.948628 0.537676
vt 0.944386 0.542805
vt 0.953476 0.537086
vt 0.266489 0.727216
vt 0.259723 0.727095
vt 0.259711 0.722071
vt 0.266499 0.722183
vt 0.266485 0.716760
vt 0.259708 0.716653
vt 0.259708 0.716535
vt 0.266485 0.716643
vt 0.266439 0.732306
vt 0.259754 0.732184
vt 0.257559 0.727098
vt 0.257550 0.722075
vt 0.257537 0.716655
vt 0.257537 0.716538
vt 0.257558 0.732188
vt 0.985035 0.781548
vt 0.979928 0.781548
vt 0.979928 0.779782
vt 0.985035 0.779782
vt 0.989801 0.781548
vt 0.989801 0.779782
vt 0.979928 0.777785
vt 0.985035 0.777785
vt 0.990543 0.779782
vt 0.990543 0.777785
vt 0.990661 0.777785
vt 0.990661 0.779782
vt 0.974780 0.779782
vt 0.974780 0.777785
vt 0.979928 0.774537
vt 0.985035 0.774537
vt 0.990543 0.774537
vt 0.990661 0.774537
vt 0.974780 0.774537
vt 0.979928 0.759802
vt 0.985035 0.759802
vt 0.990543 0.759802
vt 0.990661 0.759802
vt 0.974780 0.759802
vt 0.979928 0.737947
vt 0.985035 0.737947
vt 0.990543 0.737947
vt 0.990661 0.737947
vt 0.974780 0.737947
vt 0.979928 0.713074
vt 0.985035 0.713074
vt 0.990543 0.713074
vt 0.990661 0.713074
vt 0.974780 0.713074
vt 0.979928 0.680165
vt 0.985035 0.680165
vt 0.990543 0.680165
vt 0.990661 0.680164
vt 0.974780 0.680165
vt 0.979928 0.663009
vt 0.979928 0.645854
vt 0.985035 0.645854
vt 0.985035 0.663009
vt 0.990543 0.663009
vt 0.990543 0.645854
vt 0.990661 0.645854
vt 0.990661 0.663009
vt 0.974780 0.663009
vt 0.974780 0.645854
vt 0.979928 0.624305
vt 0.979928 0.602755
vt 0.985035 0.602755
vt 0.985035 0.624305
vt 0.990543 0.624305
vt 0.990543 0.602755
vt 0.990661 0.602755
vt 0.990661 0.624305
vt 0.974780 0.624305
vt 0.974780 0.602755
vt 0.979928 0.580511
vt 0.979928 0.558267
vt 0.985035 0.558267
vt 0.985035 0.580511
vt 0.990543 0.580511
vt 0.990543 0.558267
vt 0.990661 0.558267
vt 0.990661 0.580511
vt 0.974780 0.580511
vt 0.974780 0.558267
vt 0.990543 0.542322
vt 0.990661 0.542322
vt 0.979928 0.542322
vt 0.985035 0.542322
vt 0.974061 0.781548
vt 0.973953 0.781548
vt 0.973953 0.779782
vt 0.974061 0.779782
vt 0.974780 0.542322
vt 0.974217 0.536340
vt 0.974061 0.542322
vt 0.973953 0.542322
vt 0.974108 0.536329
vt 0.990099 0.538000
vt 0.989801 0.542322
vt 0.985292 0.537512
vt 0.980139 0.536960
vt 0.272807 0.748097
vt 0.272809 0.747949
vt 0.272871 0.747949
vt 0.272869 0.748098
vt 0.272785 0.760525
vt 0.272783 0.756775
vt 0.272849 0.756774
vt 0.272848 0.760524
vt 0.272783 0.752935
vt 0.272850 0.752934
vt 0.242565 0.721530
vt 0.242566 0.721745
vt 0.242462 0.721746
vt 0.242462 0.721530
vt 0.361919 0.708865
vt 0.362083 0.715701
vt 0.361973 0.715646
vt 0.361799 0.708833
vt 0.238606 0.704932
vt 0.242642 0.707146
vt 0.242539 0.707198
vt 0.238596 0.705038
vt 0.357827 0.718034
vt 0.357812 0.717924
vt 0.235032 0.706100
vt 0.235108 0.706176
vt 0.354104 0.716820
vt 0.354173 0.716733
vt 0.233215 0.710009
vt 0.233313 0.710032
vt 0.352261 0.712886
vt 0.352358 0.712858
vt 0.232769 0.715715
vt 0.232881 0.715705
vt 0.351801 0.707182
vt 0.351912 0.707186
vt 0.234385 0.722996
vt 0.234516 0.722983
vt 0.352847 0.699887
vt 0.352975 0.699900
vt 0.234394 0.730582
vt 0.234526 0.730580
vt 0.353366 0.692523
vt 0.353495 0.692530
vt 0.234197 0.738136
vt 0.234328 0.738137
vt 0.353569 0.685160
vt 0.353697 0.685164
vt 0.317721 0.611961
vt 0.318480 0.600949
vt 0.318672 0.600959
vt 0.317914 0.611970
vt 0.301740 0.701883
vt 0.302036 0.690941
vt 0.302227 0.690939
vt 0.301930 0.701887
vt 0.317495 0.623014
vt 0.317688 0.623021
vt 0.301628 0.679979
vt 0.301222 0.669022
vt 0.301413 0.669017
vt 0.301819 0.679976
vt 0.317465 0.645111
vt 0.317270 0.634062
vt 0.317463 0.634066
vt 0.317657 0.645113
vt 0.300813 0.658062
vt 0.300376 0.647098
vt 0.300567 0.647098
vt 0.301004 0.658060
vt 0.317770 0.667212
vt 0.317629 0.656161
vt 0.317822 0.656161
vt 0.317963 0.667212
vt 0.300752 0.636127
vt 0.301127 0.625162
vt 0.301318 0.625167
vt 0.300943 0.636130
vt 0.317543 0.689293
vt 0.317910 0.678260
vt 0.318103 0.678260
vt 0.317709 0.689297
vt 0.301463 0.614200
vt 0.301628 0.614202
vt 0.318371 0.695716
vt 0.318518 0.695715
vt 0.302095 0.600119
vt 0.302090 0.599822
vt 0.302224 0.599830
vt 0.302229 0.600127
vt 0.272809 0.761690
vt 0.272808 0.761530
vt 0.272869 0.761529
vt 0.272871 0.761689
vt 0.990966 0.538081
vt 0.990847 0.538069
vt 0.989801 0.558267
vt 0.989801 0.580511
vt 0.989801 0.624305
vt 0.989801 0.602755
vt 0.989801 0.663009
vt 0.989801 0.645854
vt 0.989801 0.713074
vt 0.989801 0.680165
vt 0.989801 0.737947
vt 0.989801 0.759802
vt 0.989801 0.774537
vt 0.989801 0.777785
vt 0.990661 0.781548
vt 0.990543 0.781548
vt 0.259708 0.717383
vt 0.257539 0.717387
vt 0.266488 0.717490
vt 0.943287 0.538281
vt 0.943400 0.538269
vt 0.944386 0.559817
vt 0.944386 0.583551
vt 0.944386 0.630278
vt 0.944386 0.607285
vt 0.944386 0.671574
vt 0.944386 0.653270
vt 0.944386 0.724992
vt 0.944386 0.689878
vt 0.944386 0.751531
vt 0.944386 0.774849
vt 0.944386 0.790571
vt 0.944386 0.794036
vt 0.943576 0.798052
vt 0.943687 0.798052
vt 0.203054 0.720151
vt 0.200677 0.720146
vt 0.209899 0.720046
vt 0.272783 0.749083
vt 0.272847 0.749084
vt 0.974942 0.536416
vt 0.973953 0.558267
vt 0.974061 0.558267
vt 0.974780 0.781548
vt 0.973953 0.580511
vt 0.974061 0.580511
vt 0.973953 0.624305
vt 0.973953 0.602755
vt 0.974061 0.602755
vt 0.974061 0.624305
vt 0.973953 0.663009
vt 0.973953 0.645854
vt 0.974061 0.645854
vt 0.974061 0.663009
vt 0.973953 0.713074
vt 0.973953 0.680164
vt 0.974061 0.680165
vt 0.974061 0.713074
vt 0.973953 0.737947
vt 0.974061 0.737947
vt 0.973953 0.759802
vt 0.974061 0.759802
vt 0.973953 0.774537
vt 0.974061 0.774537
vt 0.973953 0.777785
vt 0.974061 0.777785
vt 0.259762 0.733006
vt 0.257556 0.733018
vt 0.257555 0.732909
vt 0.259761 0.732893
vt 0.266433 0.733125
vt 0.266433 0.733013
vt 0.958363 0.536505
vt 0.959294 0.559817
vt 0.959193 0.559817
vt 0.958516 0.798052
vt 0.959294 0.583551
vt 0.959193 0.583551
vt 0.959294 0.630278
vt 0.959193 0.630278
vt 0.959193 0.607285
vt 0.959294 0.607285
vt 0.959294 0.671574
vt 0.959193 0.671574
vt 0.959193 0.653270
vt 0.959294 0.653270
vt 0.959294 0.724992
vt 0.959193 0.724992
vt 0.959193 0.689878
vt 0.959294 0.689878
vt 0.959294 0.751531
vt 0.959193 0.751531
vt 0.959294 0.774849
vt 0.959193 0.774849
vt 0.959294 0.790571
vt 0.959193 0.790571
vt 0.959294 0.794036
vt 0.959193 0.794036
vt 0.203115 0.704525
vt 0.203115 0.704638
vt 0.200707 0.704617
vt 0.200708 0.704508
vt 0.209858 0.704412
vt 0.209858 0.704525
vt 0.216135 0.704368
vt 0.216138 0.705086
vt 0.272642 0.733167
vt 0.272644 0.732450
vt 0.216135 0.704259
vt 0.272642 0.733275
vt 0.272644 0.722290
vt 0.272638 0.717585
vt 0.216139 0.715250
vt 0.216131 0.719957
vt 0.216129 0.720691
vt 0.272637 0.716851
vt 0.362022 0.701928
vt 0.361908 0.701925
vt 0.242487 0.713607
vt 0.242374 0.713638
vt 0.272646 0.727340
vt 0.272637 0.716735
vt 0.216141 0.710200
vt 0.216129 0.720808
vt 0.216835 0.710187
vt 0.216832 0.715239
vt 0.216737 0.715240
vt 0.216741 0.710189
vt 0.216823 0.720681
vt 0.216823 0.720797
vt 0.216728 0.720799
vt 0.216728 0.720682
vt 0.216835 0.705073
vt 0.216740 0.705074
vt 0.273332 0.727352
vt 0.273238 0.727350
vt 0.273235 0.722300
vt 0.273329 0.722302
vt 0.273322 0.716862
vt 0.273228 0.716861
vt 0.273228 0.716744
vt 0.273322 0.716746
vt 0.273332 0.732463
vt 0.273238 0.732462
vt 0.362002 0.700258
vt 0.362001 0.700486
vt 0.361892 0.700486
vt 0.361892 0.700258
vt 0.273323 0.717596
vt 0.273230 0.717594
vt 0.216825 0.719947
vt 0.216730 0.719948
vt 0.273332 0.733288
vt 0.273237 0.733286
vt 0.273238 0.733178
vt 0.273332 0.733180
vt 0.216835 0.704246
vt 0.216835 0.704355
vt 0.216740 0.704356
vt 0.216740 0.704248
vt 0.242585 0.720166
vt 0.242477 0.720169
vt 0.316885 0.634055
vt 0.317111 0.623002
vt 0.317303 0.623008
vt 0.317078 0.634059
vt 0.301654 0.690945
vt 0.301246 0.679987
vt 0.301437 0.679984
vt 0.301845 0.690943
vt 0.317526 0.678261
vt 0.317385 0.667213
vt 0.317578 0.667213
vt 0.317718 0.678260
vt 0.299993 0.647096
vt 0.300370 0.636120
vt 0.300561 0.636123
vt 0.300185 0.647097
vt 0.317245 0.656163
vt 0.317080 0.645108
vt 0.317272 0.645110
vt 0.317437 0.656162
vt 0.300840 0.669033
vt 0.300431 0.658066
vt 0.300622 0.658065
vt 0.301031 0.669028
vt 0.362329 0.700491
vt 0.362255 0.701948
vt 0.362167 0.701942
vt 0.362254 0.700489
vt 0.242715 0.713505
vt 0.242805 0.720147
vt 0.242722 0.720153
vt 0.242600 0.713537
vt 0.242875 0.721525
vt 0.242804 0.721527
vt 0.362332 0.700260
vt 0.362257 0.700259
vt 0.242878 0.706886
vt 0.242777 0.706933
vt 0.362160 0.708972
vt 0.362038 0.708939
vt 0.272636 0.752935
vt 0.272639 0.749085
vt 0.272689 0.749084
vt 0.272704 0.752935
vt 0.272620 0.748095
vt 0.272663 0.748095
vt 0.272623 0.761531
vt 0.272637 0.760524
vt 0.272686 0.760525
vt 0.272666 0.761531
vt 0.272624 0.761691
vt 0.272666 0.761690
vt 0.301220 0.600079
vt 0.301209 0.599782
vt 0.301302 0.599786
vt 0.301313 0.600083
vt 0.317906 0.695716
vt 0.317147 0.689284
vt 0.317313 0.689290
vt 0.318028 0.695718
vt 0.300745 0.625150
vt 0.301070 0.614198
vt 0.301235 0.614198
vt 0.300936 0.625155
vt 0.317337 0.611942
vt 0.317529 0.611952
vt 0.301359 0.701876
vt 0.301549 0.701879
vt 0.318097 0.600931
vt 0.318288 0.600940
vt 0.353110 0.692510
vt 0.353312 0.685152
vt 0.353441 0.685156
vt 0.353238 0.692517
vt 0.233934 0.738135
vt 0.234130 0.730584
vt 0.234262 0.730583
vt 0.234065 0.738136
vt 0.352591 0.699861
vt 0.352719 0.699874
vt 0.234121 0.723024
vt 0.234251 0.723011
vt 0.351534 0.707175
vt 0.351646 0.707181
vt 0.232492 0.715735
vt 0.232605 0.715722
vt 0.351698 0.713042
vt 0.351788 0.713022
vt 0.232649 0.709880
vt 0.232738 0.709897
vt 0.353658 0.717377
vt 0.353714 0.717310
vt 0.234539 0.705607
vt 0.234600 0.705667
vt 0.357941 0.718750
vt 0.357924 0.718659
vt 0.238683 0.704246
vt 0.238670 0.704333
vt 0.362332 0.715972
vt 0.362226 0.715922
vt 0.242878 0.721743
vt 0.242807 0.721744
vt 0.272636 0.756775
vt 0.272702 0.756774
vt 0.272621 0.747947
vt 0.272664 0.747947
vt 0.317840 0.695714
vt 0.318233 0.695723
vt 0.295658 0.727603
vt 0.289974 0.727665
vt 0.289974 0.722631
vt 0.295658 0.722569
vt 0.295658 0.732517
vt 0.289971 0.732579
vt 0.295658 0.716815
vt 0.289977 0.716876
vt 0.289977 0.716729
vt 0.295658 0.716668
vt 0.986851 0.517932
vt 0.981882 0.517932
vt 0.981882 0.516688
vt 0.986851 0.516688
vt 0.976553 0.517932
vt 0.976419 0.517932
vt 0.976419 0.516688
vt 0.976553 0.516688
vt 0.991548 0.517932
vt 0.991548 0.516688
vt 0.981882 0.515635
vt 0.986851 0.515635
vt 0.977037 0.516688
vt 0.977037 0.515635
vt 0.981882 0.511326
vt 0.986851 0.511326
vt 0.976553 0.515635
vt 0.976419 0.515635
vt 0.976419 0.511326
vt 0.976553 0.511326
vt 0.991548 0.515635
vt 0.991548 0.511326
vt 0.981882 0.506165
vt 0.986851 0.506165
vt 0.976419 0.506165
vt 0.976553 0.506165
vt 0.991548 0.506165
vt 0.981882 0.493239
vt 0.986851 0.493239
vt 0.976419 0.493239
vt 0.976553 0.493239
vt 0.991548 0.493239
vt 0.981882 0.476095
vt 0.986851 0.476095
vt 0.976419 0.476095
vt 0.976553 0.476095
vt 0.991548 0.476095
vt 0.981882 0.451092
vt 0.986851 0.451092
vt 0.976419 0.451092
vt 0.976553 0.451092
vt 0.991548 0.451092
vt 0.981882 0.418137
vt 0.986851 0.418137
vt 0.976419 0.418137
vt 0.976553 0.418137
vt 0.991548 0.418137
vt 0.981882 0.389463
vt 0.986851 0.389463
vt 0.976419 0.389463
vt 0.976553 0.389463
vt 0.991548 0.389463
vt 0.981882 0.355965
vt 0.986851 0.355965
vt 0.976419 0.355965
vt 0.976553 0.355965
vt 0.991548 0.355965
vt 0.981882 0.323346
vt 0.986851 0.323346
vt 0.976419 0.323346
vt 0.976553 0.323346
vt 0.991548 0.323346
vt 0.981882 0.295883
vt 0.986851 0.295883
vt 0.976419 0.295883
vt 0.976553 0.295883
vt 0.991548 0.295883
vt 0.981375 0.268796
vt 0.981364 0.268658
vt 0.986327 0.268229
vt 0.986339 0.268367
vt 0.976522 0.269213
vt 0.976511 0.269076
vt 0.992005 0.267880
vt 0.991993 0.267742
vt 0.992138 0.267729
vt 0.992149 0.267867
vt 0.992526 0.516688
vt 0.992526 0.515635
vt 0.992671 0.515635
vt 0.992671 0.516688
vt 0.298942 0.716753
vt 0.298942 0.716606
vt 0.333886 0.735765
vt 0.333888 0.736257
vt 0.333560 0.736227
vt 0.333558 0.735736
vt 0.961150 0.419402
vt 0.961150 0.390486
vt 0.961629 0.390486
vt 0.961629 0.419402
vt 0.298943 0.732456
vt 0.298943 0.727542
vt 0.327997 0.736323
vt 0.324714 0.736275
vt 0.324713 0.736140
vt 0.327997 0.736187
vt 0.961150 0.356707
vt 0.961150 0.323812
vt 0.961629 0.323812
vt 0.961629 0.356707
vt 0.298942 0.722508
vt 0.962264 0.269287
vt 0.962132 0.269275
vt 0.962143 0.269136
vt 0.962275 0.269148
vt 0.321902 0.736234
vt 0.321524 0.736229
vt 0.321524 0.736094
vt 0.321902 0.736099
vt 0.302161 0.762965
vt 0.302159 0.762797
vt 0.302225 0.762795
vt 0.302227 0.762964
vt 0.301755 0.733031
vt 0.298943 0.733083
vt 0.298943 0.732948
vt 0.301755 0.732895
vt 0.289509 0.717899
vt 0.289506 0.722661
vt 0.288980 0.722692
vt 0.288983 0.717929
vt 0.961150 0.452635
vt 0.961629 0.452635
vt 0.289503 0.733101
vt 0.289502 0.733236
vt 0.288977 0.733267
vt 0.288977 0.733132
vt 0.302227 0.733022
vt 0.302133 0.733024
vt 0.302133 0.732888
vt 0.302227 0.732886
vt 0.289506 0.727695
vt 0.288981 0.727726
vt 0.961150 0.296119
vt 0.961629 0.296119
vt 0.321430 0.736228
vt 0.321430 0.736092
vt 0.280211 0.677552
vt 0.280245 0.676657
vt 0.280371 0.676662
vt 0.280334 0.677557
vt 0.333526 0.725780
vt 0.333540 0.730821
vt 0.327975 0.730782
vt 0.327953 0.725748
vt 0.333560 0.736363
vt 0.333485 0.721020
vt 0.327928 0.720985
vt 0.951447 0.520038
vt 0.951447 0.518783
vt 0.956361 0.518783
vt 0.956361 0.520038
vt 0.961629 0.520038
vt 0.961629 0.518783
vt 0.961761 0.518783
vt 0.961761 0.520038
vt 0.946804 0.520038
vt 0.946804 0.518783
vt 0.951447 0.517721
vt 0.956361 0.517721
vt 0.961150 0.518783
vt 0.961150 0.517721
vt 0.951447 0.513376
vt 0.956361 0.513376
vt 0.961629 0.517721
vt 0.961629 0.513376
vt 0.961761 0.513376
vt 0.961761 0.517721
vt 0.946804 0.517721
vt 0.946804 0.513376
vt 0.951447 0.508172
vt 0.956361 0.508172
vt 0.961629 0.508172
vt 0.961761 0.508172
vt 0.946804 0.508172
vt 0.951447 0.495136
vt 0.956361 0.495136
vt 0.961629 0.495136
vt 0.961761 0.495136
vt 0.946804 0.495136
vt 0.951447 0.477848
vt 0.956361 0.477848
vt 0.961629 0.477848
vt 0.961761 0.477848
vt 0.946804 0.477848
vt 0.951447 0.452635
vt 0.956361 0.452635
vt 0.961761 0.452635
vt 0.946804 0.452635
vt 0.951447 0.419402
vt 0.956361 0.419402
vt 0.961761 0.419402
vt 0.946804 0.419402
vt 0.951447 0.390486
vt 0.956361 0.390486
vt 0.961761 0.390486
vt 0.946804 0.390486
vt 0.951447 0.356707
vt 0.956361 0.356707
vt 0.961761 0.356707
vt 0.946804 0.356707
vt 0.951447 0.323812
vt 0.956361 0.323812
vt 0.961761 0.323812
vt 0.946804 0.323812
vt 0.951447 0.296119
vt 0.956361 0.296119
vt 0.961761 0.296119
vt 0.946804 0.296119
vt 0.956855 0.268812
vt 0.951949 0.268378
vt 0.951960 0.268238
vt 0.956867 0.268673
vt 0.961654 0.269234
vt 0.961665 0.269095
vt 0.946347 0.267886
vt 0.946204 0.267873
vt 0.946216 0.267734
vt 0.946359 0.267747
vt 0.945837 0.518783
vt 0.945694 0.518783
vt 0.945694 0.517721
vt 0.945837 0.517721
vt 0.321451 0.719904
vt 0.321357 0.719903
vt 0.321356 0.719756
vt 0.321450 0.719757
vt 0.302227 0.732395
vt 0.302133 0.732397
vt 0.302133 0.727483
vt 0.302227 0.727481
vt 0.279981 0.684084
vt 0.280103 0.684089
vt 0.321522 0.735602
vt 0.321428 0.735601
vt 0.321406 0.730689
vt 0.321500 0.730690
vt 0.302227 0.716692
vt 0.302133 0.716694
vt 0.302133 0.716547
vt 0.302227 0.716545
vt 0.259834 0.625555
vt 0.259770 0.624669
vt 0.259892 0.624660
vt 0.259958 0.625545
vt 0.321384 0.725656
vt 0.321478 0.725657
vt 0.301755 0.716701
vt 0.301755 0.716554
vt 0.301755 0.727490
vt 0.301755 0.722456
vt 0.302133 0.722449
vt 0.259320 0.618206
vt 0.259441 0.618197
vt 0.327923 0.719993
vt 0.324640 0.719948
vt 0.324639 0.719801
vt 0.327922 0.719847
vt 0.302158 0.748114
vt 0.302160 0.747928
vt 0.302227 0.747929
vt 0.302225 0.748115
vt 0.327995 0.735696
vt 0.324711 0.735648
vt 0.324690 0.730735
vt 0.301755 0.732404
vt 0.259850 0.625775
vt 0.259974 0.625766
vt 0.333928 0.721048
vt 0.333856 0.725809
vt 0.302227 0.722447
vt 0.321829 0.719909
vt 0.321828 0.719762
vt 0.333889 0.736392
vt 0.321900 0.735608
vt 0.321878 0.730695
vt 0.333869 0.730851
vt 0.321856 0.725662
vt 0.324668 0.725702
vt 0.279687 0.691135
vt 0.279819 0.691140
vt 0.302133 0.762180
vt 0.302119 0.757906
vt 0.302193 0.757905
vt 0.302203 0.762179
vt 0.302118 0.753597
vt 0.302193 0.753596
vt 0.279727 0.700149
vt 0.279297 0.699436
vt 0.279432 0.699386
vt 0.279812 0.700061
vt 0.258784 0.611230
vt 0.258914 0.611220
vt 0.282967 0.700732
vt 0.280336 0.700859
vt 0.280387 0.700734
vt 0.282924 0.700612
vt 0.259066 0.601575
vt 0.261710 0.601642
vt 0.261670 0.601763
vt 0.259124 0.601698
vt 0.284741 0.699420
vt 0.284609 0.699362
vt 0.263517 0.602917
vt 0.263386 0.602978
vt 0.284081 0.692022
vt 0.283948 0.692031
vt 0.263020 0.610347
vt 0.262886 0.610341
vt 0.283687 0.684029
vt 0.283532 0.684033
vt 0.262802 0.618367
vt 0.262647 0.618366
vt 0.283634 0.673700
vt 0.283453 0.673703
vt 0.262977 0.628717
vt 0.262796 0.628719
vt 0.283527 0.663300
vt 0.283346 0.663303
vt 0.263050 0.639158
vt 0.262868 0.639160
vt 0.283519 0.652909
vt 0.283338 0.652911
vt 0.263272 0.649606
vt 0.263091 0.649608
vt 0.283335 0.642499
vt 0.283153 0.642494
vt 0.263318 0.660062
vt 0.263136 0.660066
vt 0.284127 0.632119
vt 0.283947 0.632113
vt 0.263378 0.670521
vt 0.263196 0.670526
vt 0.284133 0.621708
vt 0.283952 0.621702
vt 0.263432 0.680982
vt 0.263250 0.680988
vt 0.284715 0.611312
vt 0.284534 0.611307
vt 0.263602 0.691441
vt 0.263419 0.691446
vt 0.284973 0.600932
vt 0.284793 0.600931
vt 0.263744 0.701872
vt 0.263562 0.701877
vt 0.200431 0.752282
vt 0.200420 0.752634
vt 0.200285 0.752608
vt 0.200297 0.752257
vt 0.351501 0.741133
vt 0.352062 0.749801
vt 0.351903 0.749803
vt 0.351357 0.741157
vt 0.280255 0.676434
vt 0.280380 0.676439
vt 0.258076 0.603022
vt 0.258209 0.603063
vt 0.258327 0.601975
vt 0.258415 0.602058
vt 0.961150 0.477848
vt 0.961150 0.495136
vt 0.961150 0.508172
vt 0.961150 0.513376
vt 0.961150 0.520038
vt 0.289503 0.732610
vt 0.288977 0.732640
vt 0.295658 0.733144
vt 0.295658 0.733009
vt 0.975909 0.269267
vt 0.975897 0.269129
vt 0.976030 0.269117
vt 0.976042 0.269255
vt 0.977037 0.323346
vt 0.977037 0.295883
vt 0.977037 0.355965
vt 0.977037 0.389463
vt 0.977037 0.418137
vt 0.977037 0.451092
vt 0.977037 0.476095
vt 0.977037 0.493239
vt 0.977037 0.506165
vt 0.977037 0.511326
vt 0.977037 0.517932
vt 0.289971 0.733206
vt 0.289971 0.733070
vt 0.321833 0.720901
vt 0.321455 0.720896
vt 0.302133 0.717686
vt 0.301755 0.717693
vt 0.324645 0.720940
vt 0.333927 0.719912
vt 0.333927 0.720059
vt 0.333482 0.720029
vt 0.333482 0.719882
vt 0.302128 0.749367
vt 0.302198 0.749367
vt 0.298942 0.717746
vt 0.302227 0.717684
vt 0.321361 0.720894
vt 0.947312 0.267970
vt 0.947324 0.267831
vt 0.945694 0.323812
vt 0.945694 0.296119
vt 0.945837 0.296119
vt 0.945837 0.323812
vt 0.945694 0.356707
vt 0.945837 0.356707
vt 0.945694 0.390486
vt 0.945837 0.390486
vt 0.945694 0.419402
vt 0.945837 0.419402
vt 0.945694 0.452635
vt 0.945837 0.452635
vt 0.945694 0.477848
vt 0.945837 0.477848
vt 0.945694 0.495136
vt 0.945837 0.495136
vt 0.945694 0.508172
vt 0.945837 0.508172
vt 0.945694 0.513376
vt 0.945837 0.513376
vt 0.945694 0.520038
vt 0.945837 0.520038
vt 0.289509 0.716760
vt 0.289509 0.716907
vt 0.288984 0.716937
vt 0.288984 0.716790
vt 0.295658 0.717807
vt 0.991027 0.267963
vt 0.991016 0.267825
vt 0.992671 0.323346
vt 0.992526 0.323346
vt 0.992526 0.295883
vt 0.992671 0.295883
vt 0.992671 0.355965
vt 0.992526 0.355965
vt 0.992671 0.389463
vt 0.992526 0.389463
vt 0.992671 0.418137
vt 0.992526 0.418137
vt 0.992671 0.451092
vt 0.992526 0.451092
vt 0.992671 0.476095
vt 0.992526 0.476095
vt 0.992671 0.493239
vt 0.992526 0.493239
vt 0.992671 0.506165
vt 0.992526 0.506165
vt 0.992671 0.511326
vt 0.992526 0.511326
vt 0.992671 0.517932
vt 0.992526 0.517932
vt 0.289977 0.717868
vt 0.951951 0.268378
vt 0.301919 0.753596
vt 0.301896 0.749369
vt 0.301870 0.748111
vt 0.301878 0.762798
vt 0.301903 0.762181
vt 0.258091 0.601947
vt 0.258813 0.601038
vt 0.278888 0.699602
vt 0.279297 0.691123
vt 0.258398 0.611259
vt 0.257662 0.602888
vt 0.279702 0.676634
vt 0.279711 0.676411
vt 0.351985 0.741053
vt 0.352221 0.749800
vt 0.351798 0.741084
vt 0.201021 0.752389
vt 0.201013 0.752742
vt 0.263783 0.691436
vt 0.263925 0.701867
vt 0.285154 0.600933
vt 0.284896 0.611317
vt 0.263614 0.680977
vt 0.284314 0.621714
vt 0.263560 0.670517
vt 0.284308 0.632125
vt 0.263500 0.660059
vt 0.283516 0.642503
vt 0.263454 0.649603
vt 0.283700 0.652907
vt 0.263232 0.639155
vt 0.283708 0.663299
vt 0.263160 0.628715
vt 0.283817 0.673699
vt 0.263024 0.618370
vt 0.283908 0.684021
vt 0.263398 0.610367
vt 0.284458 0.691993
vt 0.263982 0.602678
vt 0.285210 0.699648
vt 0.261888 0.601119
vt 0.283156 0.701250
vt 0.280108 0.701405
vt 0.258815 0.618240
vt 0.279361 0.700515
vt 0.301921 0.757906
vt 0.279471 0.684067
vt 0.259314 0.625815
vt 0.259297 0.625595
vt 0.301870 0.747925
vt 0.259237 0.624704
vt 0.279672 0.677536
vt 0.301877 0.762966
vt 0.301820 0.762965
vt 0.301821 0.762797
vt 0.279561 0.677532
vt 0.279593 0.676630
vt 0.279352 0.684064
vt 0.259190 0.625603
vt 0.259127 0.624712
vt 0.258698 0.618247
vt 0.301812 0.748111
vt 0.301812 0.747925
vt 0.259206 0.625823
vt 0.279164 0.691120
vt 0.301839 0.762179
vt 0.301846 0.757906
vt 0.301844 0.753597
vt 0.279284 0.700587
vt 0.278765 0.699636
vt 0.258266 0.611267
vt 0.283194 0.701353
vt 0.280063 0.701514
vt 0.258762 0.600931
vt 0.261924 0.601015
vt 0.285335 0.699695
vt 0.264106 0.602628
vt 0.284594 0.691983
vt 0.263535 0.610375
vt 0.284062 0.684015
vt 0.263178 0.618373
vt 0.283998 0.673697
vt 0.263342 0.628713
vt 0.283889 0.663298
vt 0.263414 0.639153
vt 0.283881 0.652906
vt 0.263636 0.649601
vt 0.283697 0.642508
vt 0.263682 0.660056
vt 0.284490 0.632131
vt 0.263742 0.670512
vt 0.284495 0.621720
vt 0.263796 0.680970
vt 0.285078 0.611322
vt 0.263965 0.691431
vt 0.285335 0.600934
vt 0.264106 0.701861
vt 0.201141 0.752413
vt 0.201135 0.752768
vt 0.351790 0.741076
vt 0.352381 0.749799
vt 0.351655 0.741095
vt 0.279602 0.676407
vt 0.257537 0.602861
vt 0.258010 0.601878
vt 0.301832 0.749370
vt 0.258238 0.752489
vt 0.258311 0.752489
vt 0.258213 0.756726
vt 0.258140 0.756726
vt 0.258051 0.761887
vt 0.258115 0.761887
vt 0.258114 0.762073
vt 0.258046 0.762073
vt 0.258294 0.747467
vt 0.258296 0.747300
vt 0.258364 0.747303
vt 0.258357 0.747470
vt 0.258265 0.748282
vt 0.258333 0.748284
vt 0.258278 0.748076
vt 0.258343 0.748078
vt 0.258120 0.760855
vt 0.258051 0.760856
vt 0.258031 0.760630
vt 0.258097 0.760630
vt 0.258043 0.761885
vt 0.257777 0.760629
vt 0.257752 0.761883
vt 0.257817 0.756705
vt 0.258026 0.756708
vt 0.257999 0.760858
vt 0.257764 0.760856
vt 0.257962 0.748061
vt 0.257984 0.747448
vt 0.258231 0.748066
vt 0.257922 0.748271
vt 0.258156 0.748271
vt 0.258092 0.752481
vt 0.257884 0.752478
vt 0.258003 0.752485
vt 0.258077 0.752485
vt 0.257967 0.756724
vt 0.257893 0.756723
vt 0.257979 0.748265
vt 0.258044 0.748265
vt 0.257929 0.748049
vt 0.257905 0.747432
vt 0.257990 0.748048
vt 0.257760 0.760857
vt 0.257762 0.760629
vt 0.257720 0.761884
vt 0.257932 0.747280
vt 0.257990 0.747281
vt 0.257990 0.747455
vt 0.257757 0.762073
vt 0.257698 0.762071
vt 0.352072 0.736274
vt 0.352079 0.736628
vt 0.351960 0.736649
vt 0.351954 0.736295
vt 0.201010 0.745651
vt 0.200881 0.745631
vt 0.201109 0.745659
vt 0.200546 0.752299
vt 0.200780 0.745600
vt 0.351394 0.736744
vt 0.351386 0.736392
vt 0.951915 0.271068
vt 0.947277 0.270659
vt 0.986374 0.271034
vt 0.991065 0.270630
vt 0.992042 0.270546
vt 0.946312 0.270575
vt 0.976089 0.271919
vt 0.976573 0.271877
vt 0.962082 0.271962
vt 0.961603 0.271920
vt 0.975958 0.271930
vt 0.351289 0.736772
vt 0.351277 0.736421
vt 0.200662 0.745575
vt 0.200271 0.752245
vt 0.200522 0.745549
vt 0.946168 0.270562
vt 0.956821 0.271500
vt 0.962215 0.271974
vt 0.992186 0.270534
vt 0.981411 0.271461
vt 0.201201 0.735662
vt 0.200692 0.744849
vt 0.200548 0.744827
vt 0.201041 0.735657
vt 0.201360 0.735666
vt 0.201135 0.744919
vt 0.200948 0.744890
vt 0.201520 0.735671
vt 0.200986 0.744903
vt 0.200851 0.744885
vt 0.352027 0.736610
vt 0.351765 0.743368
vt 0.351635 0.743389
vt 0.351903 0.736632
vt 0.351987 0.743343
vt 0.351697 0.743401
vt 0.351546 0.736710
vt 0.351622 0.743423
vt 0.351481 0.743450
vt 0.351355 0.736754
vt 0.216516 0.735335
vt 0.216464 0.735334
vt 0.216478 0.735157
vt 0.216525 0.735157
vt 0.216454 0.736456
vt 0.216399 0.736456
vt 0.216437 0.735331
vt 0.216365 0.740602
vt 0.216720 0.736688
vt 0.216780 0.736691
vt 0.216433 0.740603
vt 0.216489 0.744609
vt 0.216487 0.740614
vt 0.216559 0.744607
vt 0.216763 0.748607
vt 0.216824 0.748602
vt 0.216835 0.749370
vt 0.216704 0.748291
vt 0.216763 0.748286
vt 0.216893 0.749365
vt 0.216869 0.749536
vt 0.216873 0.749374
vt 0.216938 0.749531
vt 0.216475 0.749387
vt 0.216475 0.748308
vt 0.216533 0.748307
vt 0.216531 0.749386
vt 0.216456 0.748623
vt 0.216241 0.744616
vt 0.216310 0.744614
vt 0.216516 0.748622
vt 0.216135 0.740607
vt 0.216205 0.740608
vt 0.216398 0.736690
vt 0.216457 0.736690
vt 0.216146 0.740599
vt 0.216795 0.736462
vt 0.216903 0.735345
vt 0.216916 0.735350
vt 0.216918 0.735173
vt 0.216830 0.736462
vt 0.216987 0.735350
vt 0.216783 0.748289
vt 0.216757 0.736692
vt 0.216993 0.735176
vt 0.216462 0.749554
vt 0.216509 0.749553
vt 0.317586 0.698359
vt 0.317581 0.698059
vt 0.318341 0.698049
vt 0.318347 0.698349
vt 0.301320 0.604482
vt 0.301375 0.600086
vt 0.302037 0.600119
vt 0.301965 0.604508
vt 0.317532 0.698341
vt 0.317529 0.698039
vt 0.317622 0.698039
vt 0.317625 0.698341
vt 0.301273 0.604483
vt 0.301371 0.604485
vt 0.980319 0.535461
vt 0.980308 0.535556
vt 0.975114 0.535013
vt 0.975125 0.534919
vt 0.953307 0.535484
vt 0.958196 0.534908
vt 0.958207 0.535009
vt 0.953317 0.535586
vt 0.958878 0.534825
vt 0.958889 0.534926
vt 0.974384 0.534937
vt 0.974396 0.534842
vt 0.943245 0.536674
vt 0.943950 0.536592
vt 0.943960 0.536694
vt 0.943255 0.536776
vt 0.991008 0.536576
vt 0.990997 0.536672
vt 0.990248 0.536595
vt 0.990259 0.536499
vt 0.943130 0.536687
vt 0.943141 0.536788
vt 0.991130 0.536587
vt 0.991120 0.536682
vt 0.301905 0.604506
vt 0.302255 0.600130
vt 0.302042 0.604514
vt 0.318432 0.698044
vt 0.318441 0.698344
vt 0.985462 0.536000
vt 0.985451 0.536095
vt 0.985434 0.536095
vt 0.985445 0.536000
vt 0.974268 0.534923
vt 0.974280 0.534827
vt 0.948468 0.536062
vt 0.948477 0.536163
vt 0.943956 0.536591
vt 0.958978 0.534809
vt 0.958988 0.534910
vt 0.301848 0.605191
vt 0.301993 0.605198
vt 0.301273 0.605169
vt 0.301393 0.605171
vt 0.317748 0.698041
vt 0.317706 0.693591
vt 0.318243 0.693602
vt 0.317673 0.698035
vt 0.317792 0.693575
vt 0.317896 0.693577
vt 0.317777 0.698037
vt 0.990253 0.536592
vt 0.318245 0.698049
vt 0.318060 0.693615
vt 0.318199 0.693613
vt 0.334272 0.720089
vt 0.334271 0.721081
vt 0.334272 0.719942
vt 0.334252 0.730880
vt 0.334269 0.735795
vt 0.334239 0.725841
vt 0.334271 0.736286
vt 0.334272 0.736421
vt 0.246941 0.008013
vt 0.208097 0.008013
vt 0.208097 0.007329
vt 0.246941 0.007329
vt 0.124054 0.008013
vt 0.124054 0.007329
vt 0.162962 0.007329
vt 0.162962 0.008013
vt 0.164000 0.008013
vt 0.164000 0.007329
vt 0.170682 0.007329
vt 0.170682 0.008013
vt 0.570330 0.806232
vt 0.577135 0.805927
vt 0.577145 0.806148
vt 0.570341 0.806453
vt 0.194731 0.008013
vt 0.190160 0.008013
vt 0.190160 0.007329
vt 0.194732 0.007329
vt 0.185586 0.008013
vt 0.185586 0.007329
vt 0.181003 0.008013
vt 0.181003 0.007329
vt 0.176405 0.008013
vt 0.176405 0.007329
vt 0.172614 0.258525
vt 0.172614 0.259512
vt 0.172049 0.259512
vt 0.172049 0.258525
vt 0.171342 0.259512
vt 0.171342 0.258525
vt 0.170682 0.259512
vt 0.170682 0.258525
vt 0.172614 0.008013
vt 0.172614 0.007329
vt 0.207061 0.008013
vt 0.207061 0.007329
vt 0.207267 0.007329
vt 0.207267 0.008013
vt 0.207793 0.008013
vt 0.207793 0.007329
vt 0.207892 0.007329
vt 0.207892 0.008013
vt 0.163174 0.007329
vt 0.163174 0.008013
vt 0.163663 0.008013
vt 0.163663 0.007329
vt 0.163774 0.007329
vt 0.163774 0.008013
vt 0.198359 0.008013
vt 0.198359 0.007329
vt 0.123760 0.274854
vt 0.123760 0.274170
vt 0.162570 0.274171
vt 0.162570 0.274854
vt 0.246728 0.274854
vt 0.207831 0.274854
vt 0.207831 0.274171
vt 0.246728 0.274171
vt 0.206794 0.274854
vt 0.200194 0.274854
vt 0.200194 0.274171
vt 0.206794 0.274171
vt 0.206467 0.796047
vt 0.206577 0.796047
vt 0.206577 0.796246
vt 0.206467 0.796246
vt 0.175967 0.274854
vt 0.175967 0.274171
vt 0.180621 0.274171
vt 0.180621 0.274854
vt 0.185287 0.274171
vt 0.185287 0.274854
vt 0.190060 0.274171
vt 0.190060 0.274854
vt 0.194941 0.274171
vt 0.194941 0.274854
vt 0.198840 0.525364
vt 0.199240 0.525364
vt 0.199240 0.526351
vt 0.198840 0.526351
vt 0.199728 0.525364
vt 0.199728 0.526351
vt 0.200193 0.525364
vt 0.200193 0.526351
vt 0.198840 0.274171
vt 0.198840 0.274854
vt 0.163605 0.274854
vt 0.163406 0.274854
vt 0.163406 0.274171
vt 0.163605 0.274171
vt 0.162880 0.274854
vt 0.162782 0.274854
vt 0.162782 0.274171
vt 0.162880 0.274171
vt 0.207621 0.274854
vt 0.207621 0.274170
vt 0.207132 0.274854
vt 0.207022 0.274854
vt 0.207022 0.274171
vt 0.207132 0.274171
vt 0.172291 0.274854
vt 0.172291 0.274171
vt 0.257729 0.838621
vt 0.258712 0.838621
vt 0.258712 0.838842
vt 0.257728 0.838842
vt 0.378760 0.846147
vt 0.378078 0.846147
vt 0.378078 0.845925
vt 0.378760 0.845925
vt 0.172049 0.803418
vt 0.175710 0.803639
vt 0.175709 0.803861
vt 0.172037 0.803639
vt 0.163374 0.803015
vt 0.170179 0.803319
vt 0.170167 0.803541
vt 0.163364 0.803236
vt 0.180328 0.803402
vt 0.180344 0.803624
vt 0.184952 0.802997
vt 0.184985 0.803217
vt 0.189647 0.801988
vt 0.189716 0.802200
vt 0.194405 0.799876
vt 0.194525 0.800065
vt 0.546104 0.802788
vt 0.550861 0.804900
vt 0.550792 0.805112
vt 0.545983 0.802977
vt 0.555556 0.805909
vt 0.555523 0.806129
vt 0.560180 0.806315
vt 0.560165 0.806536
vt 0.564799 0.806552
vt 0.564800 0.806773
vt 0.198188 0.796569
vt 0.198614 0.796295
vt 0.198714 0.796494
vt 0.198321 0.796747
vt 0.541895 0.799207
vt 0.542321 0.799482
vt 0.542187 0.799659
vt 0.541795 0.799406
vt 0.199140 0.796097
vt 0.199196 0.796313
vt 0.541368 0.799009
vt 0.541313 0.799225
vt 0.199642 0.796024
vt 0.199658 0.796245
vt 0.540867 0.798936
vt 0.540851 0.799158
vt 0.577335 0.805940
vt 0.577343 0.806139
vt 0.163174 0.803028
vt 0.163165 0.803227
vt 0.577860 0.805917
vt 0.577958 0.805912
vt 0.577966 0.806111
vt 0.577868 0.806116
vt 0.163095 0.803024
vt 0.163086 0.803223
vt 0.578168 0.805881
vt 0.578178 0.806102
vt 0.162340 0.802968
vt 0.162551 0.803000
vt 0.162542 0.803199
vt 0.162330 0.803190
vt 0.533234 0.798937
vt 0.533444 0.798959
vt 0.533444 0.799159
vt 0.533234 0.799159
vt 0.207065 0.796047
vt 0.207274 0.796025
vt 0.207274 0.796246
vt 0.207065 0.796246
vt 0.533931 0.798959
vt 0.534042 0.798959
vt 0.534042 0.799159
vt 0.533931 0.799159
vt 0.206964 0.796047
vt 0.206964 0.796246
vt 0.534268 0.798937
vt 0.534269 0.799159
vt 0.206240 0.796025
vt 0.206240 0.796246
vt 0.568460 0.806330
vt 0.568471 0.806552
vt 0.170419 0.274171
vt 0.170419 0.274854
vt 0.732475 0.798966
vt 0.733168 0.798935
vt 0.733178 0.799156
vt 0.732485 0.799188
vt 0.123590 0.801232
vt 0.123580 0.801453
vt 0.494445 0.798942
vt 0.494445 0.799164
vt 0.361664 0.796045
vt 0.362431 0.796045
vt 0.362431 0.796267
vt 0.361663 0.796267
vt 0.200233 0.258525
vt 0.200233 0.259512
vt 0.199764 0.259512
vt 0.199765 0.258525
vt 0.199296 0.259512
vt 0.199296 0.258525
vt 0.198827 0.259512
vt 0.198827 0.258525
vt 0.198359 0.259512
vt 0.198359 0.258525
vt 0.172291 0.525364
vt 0.172291 0.526351
vt 0.171823 0.526351
vt 0.171823 0.525364
vt 0.171355 0.526351
vt 0.171355 0.525364
vt 0.170887 0.526351
vt 0.170887 0.525364
vt 0.170419 0.526351
vt 0.170419 0.525364
vt 0.569874 0.806478
vt 0.569862 0.806256
vt 0.569406 0.806502
vt 0.569395 0.806281
vt 0.568939 0.806527
vt 0.568927 0.806306
vt 0.171570 0.803615
vt 0.171581 0.803393
vt 0.171102 0.803590
vt 0.171114 0.803369
vt 0.170634 0.803565
vt 0.170646 0.803344
vt 0.200233 0.008013
vt 0.200233 0.007329
vt 0.533545 0.798959
vt 0.533545 0.799159
vt 0.207520 0.274854
vt 0.207520 0.274170
vt 0.163275 0.008013
vt 0.163275 0.007329
vt 0.162649 0.803004
vt 0.162640 0.803204
vt 0.577414 0.805936
vt 0.577422 0.806136
vt 0.163327 0.274854
vt 0.163327 0.274171
vt 0.207346 0.008013
vt 0.207346 0.007329
vt 0.163406 0.463306
vt 0.163327 0.463306
vt 0.163327 0.400261
vt 0.163406 0.400261
vt 0.207267 0.196466
vt 0.207267 0.133421
vt 0.207346 0.133421
vt 0.207346 0.196466
vt 0.207793 0.133421
vt 0.207793 0.196466
vt 0.162880 0.463306
vt 0.162880 0.400261
vt 0.207621 0.463306
vt 0.207520 0.463306
vt 0.207520 0.400261
vt 0.207621 0.400261
vt 0.163174 0.196466
vt 0.163174 0.133421
vt 0.163275 0.133421
vt 0.163275 0.196466
vt 0.163663 0.133421
vt 0.163663 0.196466
vt 0.207132 0.463306
vt 0.207132 0.400261
vt 0.207061 0.196466
vt 0.200233 0.196466
vt 0.200233 0.133421
vt 0.207061 0.133421
vt 0.170887 0.337216
vt 0.170887 0.400261
vt 0.170419 0.400261
vt 0.170419 0.337216
vt 0.171355 0.337216
vt 0.171355 0.400261
vt 0.171823 0.337216
vt 0.171823 0.400261
vt 0.172291 0.337216
vt 0.172291 0.400261
vt 0.198827 0.070375
vt 0.198827 0.133421
vt 0.198359 0.133421
vt 0.198359 0.070375
vt 0.199296 0.070375
vt 0.199296 0.133421
vt 0.199765 0.070375
vt 0.199765 0.133421
vt 0.200233 0.070375
vt 0.163605 0.463306
vt 0.163605 0.400261
vt 0.170419 0.463306
vt 0.566608 0.846147
vt 0.503765 0.846147
vt 0.503765 0.845925
vt 0.566608 0.845925
vt 0.070175 0.838621
vt 0.133021 0.838621
vt 0.133021 0.838842
vt 0.070175 0.838842
vt 0.172291 0.463306
vt 0.175967 0.400261
vt 0.175967 0.463306
vt 0.207022 0.463306
vt 0.206794 0.463306
vt 0.206794 0.400261
vt 0.207022 0.400261
vt 0.207831 0.463306
vt 0.207831 0.400261
vt 0.162782 0.463306
vt 0.162570 0.463306
vt 0.162570 0.400261
vt 0.162782 0.400261
vt 0.194941 0.463306
vt 0.194941 0.400261
vt 0.198840 0.400261
vt 0.198840 0.463306
vt 0.199728 0.337216
vt 0.200194 0.337216
vt 0.200194 0.400261
vt 0.199728 0.400261
vt 0.199240 0.337216
vt 0.199240 0.400261
vt 0.198840 0.337216
vt 0.190060 0.463306
vt 0.190060 0.400261
vt 0.185287 0.463306
vt 0.185287 0.400261
vt 0.180621 0.463306
vt 0.180621 0.400261
vt 0.200194 0.463306
vt 0.246728 0.463306
vt 0.246728 0.400261
vt 0.123760 0.463306
vt 0.123760 0.400261
vt 0.198359 0.196466
vt 0.194731 0.196466
vt 0.194731 0.133421
vt 0.163774 0.196466
vt 0.163774 0.133421
vt 0.164000 0.133421
vt 0.164000 0.196466
vt 0.162962 0.196466
vt 0.162962 0.133421
vt 0.207892 0.196466
vt 0.207892 0.133421
vt 0.208097 0.133421
vt 0.208097 0.196466
vt 0.176405 0.196466
vt 0.172614 0.196466
vt 0.172614 0.133421
vt 0.176405 0.133421
vt 0.171342 0.070375
vt 0.171342 0.133421
vt 0.170682 0.133421
vt 0.170682 0.070375
vt 0.172049 0.070375
vt 0.172049 0.133421
vt 0.172614 0.070375
vt 0.181003 0.196466
vt 0.181003 0.133421
vt 0.185586 0.196466
vt 0.185586 0.133421
vt 0.190160 0.196466
vt 0.190160 0.133421
vt 0.170682 0.196466
vt 0.124054 0.196466
vt 0.124054 0.133421
vt 0.246941 0.196466
vt 0.246941 0.133421
vt 0.324628 0.196466
vt 0.285785 0.196466
vt 0.285785 0.133421
vt 0.324628 0.133421
vt 0.046139 0.463306
vt 0.046139 0.400261
vt 0.084950 0.400261
vt 0.084950 0.463306
vt 0.046089 0.797759
vt 0.084840 0.799496
vt 0.084830 0.799717
vt 0.046079 0.797981
vt 0.616918 0.804144
vt 0.655668 0.802408
vt 0.655678 0.802629
vt 0.616928 0.804366
vt 0.046139 0.274854
vt 0.046139 0.274170
vt 0.084950 0.274171
vt 0.084950 0.274854
vt 0.324628 0.008013
vt 0.285785 0.008013
vt 0.285785 0.007329
vt 0.324628 0.007329
vt 0.046237 0.196466
vt 0.046237 0.133421
vt 0.085146 0.133421
vt 0.085146 0.196466
vt 0.324523 0.463306
vt 0.285626 0.463306
vt 0.285626 0.400261
vt 0.324523 0.400261
vt 0.246064 0.796030
vt 0.284853 0.796035
vt 0.284853 0.796257
vt 0.246064 0.796252
vt 0.416867 0.798952
vt 0.455656 0.798947
vt 0.455656 0.799169
vt 0.416867 0.799174
vt 0.324523 0.274854
vt 0.285626 0.274854
vt 0.285626 0.274171
vt 0.324523 0.274171
vt 0.046237 0.008013
vt 0.046237 0.007329
vt 0.085146 0.007329
vt 0.085146 0.008013
vt 0.046237 0.070375
vt 0.085146 0.070375
vt 0.285626 0.337216
vt 0.324523 0.337216
vt 0.285785 0.070375
vt 0.324628 0.070375
vt 0.046139 0.337216
vt 0.084950 0.337216
vt 0.172614 0.038852
vt 0.172049 0.038852
vt 0.171342 0.038852
vt 0.170682 0.038852
vt 0.198840 0.305693
vt 0.199240 0.305693
vt 0.199728 0.305693
vt 0.200194 0.305693
vt 0.038752 0.838621
vt 0.038752 0.838842
vt 0.200233 0.038852
vt 0.199765 0.038852
vt 0.199296 0.038852
vt 0.198827 0.038852
vt 0.198359 0.038852
vt 0.172291 0.305693
vt 0.171823 0.305693
vt 0.171355 0.305693
vt 0.170887 0.305693
vt 0.170419 0.305693
vt 0.163327 0.337216
vt 0.163406 0.337216
vt 0.207267 0.070375
vt 0.207346 0.070375
vt 0.207793 0.070375
vt 0.162880 0.337216
vt 0.207520 0.337216
vt 0.207621 0.337216
vt 0.163174 0.070375
vt 0.163275 0.070375
vt 0.163663 0.070375
vt 0.207132 0.337216
vt 0.207061 0.070375
vt 0.163605 0.337216
vt 0.440922 0.846147
vt 0.440921 0.845925
vt 0.175967 0.337216
vt 0.206794 0.337216
vt 0.207022 0.337216
vt 0.207831 0.337216
vt 0.162570 0.337216
vt 0.162782 0.337216
vt 0.194941 0.337216
vt 0.190060 0.337216
vt 0.185287 0.337216
vt 0.180621 0.337216
vt 0.246728 0.337216
vt 0.123760 0.337216
vt 0.194731 0.070375
vt 0.163774 0.070375
vt 0.164000 0.070375
vt 0.162962 0.070375
vt 0.207892 0.070375
vt 0.208097 0.070375
vt 0.176405 0.070375
vt 0.181003 0.070375
vt 0.185586 0.070375
vt 0.190160 0.070375
vt 0.124054 0.070375
vt 0.246941 0.070375
vt 0.324523 0.494828
vt 0.285626 0.494828
vt 0.046237 0.227989
vt 0.085146 0.227989
vt 0.046139 0.494828
vt 0.084950 0.494828
vt 0.324628 0.227989
vt 0.285785 0.227989
vt 0.246941 0.227989
vt 0.208097 0.227989
vt 0.124054 0.227989
vt 0.162962 0.227989
vt 0.164000 0.227989
vt 0.170682 0.227989
vt 0.194731 0.227989
vt 0.190160 0.227989
vt 0.185586 0.227989
vt 0.181003 0.227989
vt 0.176405 0.227989
vt 0.172614 0.227989
vt 0.207061 0.227989
vt 0.207267 0.227989
vt 0.207793 0.227989
vt 0.207892 0.227989
vt 0.163174 0.227989
vt 0.163663 0.227989
vt 0.163774 0.227989
vt 0.198359 0.227989
vt 0.123760 0.494828
vt 0.162570 0.494828
vt 0.246728 0.494828
vt 0.207831 0.494828
vt 0.206794 0.494828
vt 0.200194 0.494828
vt 0.175967 0.494828
vt 0.180621 0.494828
vt 0.185287 0.494828
vt 0.190060 0.494828
vt 0.194941 0.494828
vt 0.198840 0.494828
vt 0.163605 0.494828
vt 0.163406 0.494828
vt 0.162880 0.494828
vt 0.162782 0.494828
vt 0.207621 0.494828
vt 0.207132 0.494828
vt 0.207022 0.494828
vt 0.172291 0.494828
vt 0.598030 0.846147
vt 0.598030 0.845925
vt 0.170419 0.494828
vt 0.200233 0.227989
vt 0.207520 0.494828
vt 0.163275 0.227989
vt 0.163327 0.494828
vt 0.207346 0.227989
vt 0.170887 0.463306
vt 0.171355 0.463306
vt 0.171823 0.463306
vt 0.198827 0.196466
vt 0.199296 0.196466
vt 0.199765 0.196466
vt 0.195867 0.838621
vt 0.195867 0.838842
vt 0.199728 0.463306
vt 0.199240 0.463306
vt 0.171342 0.196466
vt 0.172049 0.196466
vt 0.344050 0.227989
vt 0.344050 0.196466
vt 0.026734 0.494828
vt 0.026734 0.463306
vt 0.026734 0.400261
vt 0.026734 0.337216
vt 0.344050 0.133421
vt 0.344050 0.070375
vt 0.344050 0.008013
vt 0.344050 0.007329
vt 0.026734 0.274854
vt 0.026734 0.274170
vt 0.026714 0.796891
vt 0.026704 0.797112
vt 0.694418 0.800671
vt 0.694428 0.800893
vt 0.026783 0.227989
vt 0.026783 0.196466
vt 0.343971 0.494828
vt 0.343971 0.463306
vt 0.343971 0.400261
vt 0.343971 0.337216
vt 0.026783 0.133421
vt 0.026783 0.070375
vt 0.026783 0.008013
vt 0.026783 0.007329
vt 0.343971 0.274854
vt 0.343971 0.274171
vt 0.397473 0.798955
vt 0.397473 0.799177
vt 0.323642 0.796040
vt 0.323642 0.796262
vt 0.324523 0.305693
vt 0.343971 0.305693
vt 0.026783 0.038852
vt 0.046237 0.038852
vt 0.085146 0.038852
vt 0.124054 0.038852
vt 0.246728 0.305693
vt 0.285626 0.305693
vt 0.246941 0.038852
vt 0.285785 0.038852
vt 0.084950 0.305693
vt 0.123760 0.305693
vt 0.026734 0.305693
vt 0.046139 0.305693
vt 0.324628 0.038852
vt 0.344050 0.038852
vt 0.170887 0.274854
vt 0.171355 0.274854
vt 0.171823 0.274854
vt 0.198827 0.008013
vt 0.199296 0.008013
vt 0.199765 0.008013
vt 0.008011 0.838621
vt 0.008011 0.838842
vt 0.199728 0.274854
vt 0.199240 0.274854
vt 0.171342 0.008013
vt 0.172049 0.008013
vt 0.163327 0.305693
vt 0.163406 0.305693
vt 0.207267 0.038852
vt 0.207346 0.038852
vt 0.207793 0.038852
vt 0.162880 0.305693
vt 0.207520 0.305693
vt 0.207621 0.305693
vt 0.163174 0.038852
vt 0.163275 0.038852
vt 0.163663 0.038852
vt 0.207132 0.305693
vt 0.207061 0.038852
vt 0.163605 0.305693
vt 0.409500 0.846147
vt 0.409500 0.845925
vt 0.175967 0.305693
vt 0.206794 0.305693
vt 0.207022 0.305693
vt 0.207831 0.305693
vt 0.162570 0.305693
vt 0.162782 0.305693
vt 0.194941 0.305693
vt 0.190060 0.305693
vt 0.185287 0.305693
vt 0.180621 0.305693
vt 0.194731 0.038852
vt 0.163774 0.038852
vt 0.164000 0.038852
vt 0.162962 0.038852
vt 0.207892 0.038852
vt 0.208097 0.038852
vt 0.176405 0.038852
vt 0.181003 0.038852
vt 0.185586 0.038852
vt 0.190160 0.038852
vt 0.172049 0.007329
vt 0.171342 0.007329
vt 0.199240 0.274171
vt 0.199728 0.274171
vt 0.007329 0.838621
vt 0.007329 0.838842
vt 0.199765 0.007329
vt 0.199296 0.007329
vt 0.198827 0.007329
vt 0.171823 0.274171
vt 0.171355 0.274170
vt 0.170887 0.274171
vt 0.362777 0.038852
vt 0.362777 0.008013
vt 0.008024 0.305693
vt 0.008024 0.274854
vt 0.362777 0.070375
vt 0.008024 0.337216
vt 0.362777 0.196466
vt 0.362777 0.133421
vt 0.008024 0.463306
vt 0.008024 0.400261
vt 0.008033 0.796054
vt 0.008023 0.796275
vt 0.008024 0.274171
vt 0.362777 0.007329
vt 0.008024 0.494828
vt 0.362777 0.227989
vt 0.713793 0.799803
vt 0.713803 0.800025
vt 0.363472 0.227989
vt 0.363472 0.196466
vt 0.007329 0.494828
vt 0.007329 0.463306
vt 0.007329 0.400261
vt 0.007329 0.337216
vt 0.363472 0.133421
vt 0.363472 0.070375
vt 0.363472 0.008013
vt 0.363472 0.007329
vt 0.007329 0.274854
vt 0.007329 0.274171
vt 0.007339 0.796023
vt 0.007329 0.796244
vt 0.007329 0.305693
vt 0.363472 0.038852
vt 0.008099 0.038852
vt 0.008099 0.008013
vt 0.362650 0.305693
vt 0.362650 0.274854
vt 0.008099 0.070375
vt 0.362650 0.337216
vt 0.008099 0.196466
vt 0.008099 0.133421
vt 0.362650 0.463306
vt 0.362650 0.400261
vt 0.378846 0.798957
vt 0.378846 0.799179
vt 0.362650 0.274171
vt 0.008099 0.007329
vt 0.362650 0.494828
vt 0.008099 0.227989
vt 0.343037 0.796043
vt 0.343037 0.796264
vt 0.007329 0.227989
vt 0.007329 0.196466
vt 0.363420 0.494828
vt 0.363420 0.463306
vt 0.363420 0.400261
vt 0.363420 0.337216
vt 0.007329 0.133421
vt 0.007329 0.070375
vt 0.007329 0.008013
vt 0.007329 0.007329
vt 0.363420 0.274854
vt 0.363420 0.274171
vt 0.378078 0.798958
vt 0.378078 0.799179
vt 0.363420 0.305693
vt 0.007329 0.038852
vt 0.363420 0.525364
vt 0.362650 0.525364
vt 0.007329 0.258525
vt 0.008099 0.258525
vt 0.026783 0.258525
vt 0.343971 0.525364
vt 0.007329 0.525364
vt 0.008024 0.525364
vt 0.363472 0.258525
vt 0.362777 0.258525
vt 0.344050 0.258525
vt 0.026734 0.525364
vt 0.324523 0.525364
vt 0.046237 0.258525
vt 0.085146 0.258525
vt 0.124054 0.258525
vt 0.285626 0.525364
vt 0.246728 0.525364
vt 0.285785 0.258525
vt 0.246941 0.258525
vt 0.084950 0.525364
vt 0.123760 0.525364
vt 0.046139 0.525364
vt 0.324628 0.258525
vt 0.163406 0.525364
vt 0.163327 0.525364
vt 0.207267 0.258525
vt 0.207346 0.258525
vt 0.207793 0.258525
vt 0.162880 0.525364
vt 0.207621 0.525364
vt 0.207520 0.525364
vt 0.163174 0.258525
vt 0.163275 0.258525
vt 0.163663 0.258525
vt 0.207132 0.525364
vt 0.207061 0.258525
vt 0.163605 0.525364
vt 0.628468 0.846147
vt 0.628467 0.845925
vt 0.175967 0.525364
vt 0.207022 0.525364
vt 0.206794 0.525364
vt 0.207831 0.525364
vt 0.162782 0.525364
vt 0.162570 0.525364
vt 0.194941 0.525364
vt 0.190060 0.525364
vt 0.185287 0.525364
vt 0.180621 0.525364
vt 0.194731 0.258525
vt 0.163774 0.258525
vt 0.164000 0.258525
vt 0.162962 0.258525
vt 0.207892 0.258525
vt 0.208097 0.258525
vt 0.176405 0.258525
vt 0.181003 0.258525
vt 0.185586 0.258525
vt 0.190160 0.258525
vt 0.170887 0.494828
vt 0.171355 0.494828
vt 0.171823 0.494828
vt 0.198827 0.227989
vt 0.199296 0.227989
vt 0.199765 0.227989
vt 0.227289 0.838621
vt 0.227290 0.838842
vt 0.199728 0.494828
vt 0.199240 0.494828
vt 0.171342 0.227989
vt 0.172049 0.227989
vt 0.324523 0.526351
vt 0.285626 0.526351
vt 0.046237 0.259512
vt 0.085146 0.259512
vt 0.046139 0.526351
vt 0.084950 0.526351
vt 0.324628 0.259512
vt 0.285785 0.259512
vt 0.246941 0.259512
vt 0.208097 0.259512
vt 0.124054 0.259512
vt 0.162962 0.259512
vt 0.164000 0.259512
vt 0.194731 0.259512
vt 0.190160 0.259512
vt 0.185586 0.259512
vt 0.181003 0.259512
vt 0.176405 0.259512
vt 0.207061 0.259512
vt 0.207267 0.259512
vt 0.207793 0.259512
vt 0.207892 0.259512
vt 0.163174 0.259512
vt 0.163663 0.259512
vt 0.163774 0.259512
vt 0.123760 0.526351
vt 0.162570 0.526351
vt 0.246728 0.526351
vt 0.207831 0.526351
vt 0.206794 0.526351
vt 0.175967 0.526351
vt 0.180621 0.526351
vt 0.185287 0.526351
vt 0.190060 0.526351
vt 0.194941 0.526351
vt 0.163605 0.526351
vt 0.163406 0.526351
vt 0.162880 0.526351
vt 0.162782 0.526351
vt 0.207621 0.526351
vt 0.207132 0.526351
vt 0.207022 0.526351
vt 0.629452 0.846147
vt 0.629451 0.845925
vt 0.207520 0.526351
vt 0.163275 0.259512
vt 0.163327 0.526351
vt 0.207346 0.259512
vt 0.344050 0.259512
vt 0.026734 0.526351
vt 0.026783 0.259512
vt 0.343971 0.526351
vt 0.008024 0.526351
vt 0.362777 0.259512
vt 0.363472 0.259512
vt 0.007329 0.526351
vt 0.362650 0.526351
vt 0.008099 0.259512
vt 0.007329 0.259512
vt 0.363420 0.526351
vt 0.227289 0.837969
vt 0.257729 0.837969
vt 0.629452 0.846798
vt 0.628468 0.846798
vt 0.195867 0.837969
vt 0.598030 0.846798
vt 0.343037 0.795391
vt 0.361664 0.795394
vt 0.378078 0.798306
vt 0.378846 0.798306
vt 0.323642 0.795389
vt 0.397473 0.798303
vt 0.713764 0.799152
vt 0.732445 0.798315
vt 0.007368 0.795372
vt 0.008062 0.795403
vt 0.694389 0.800021
vt 0.026743 0.796240
vt 0.409500 0.846798
vt 0.378760 0.846798
vt 0.007329 0.837969
vt 0.008011 0.837969
vt 0.440922 0.846798
vt 0.038752 0.837969
vt 0.284853 0.795383
vt 0.416867 0.798301
vt 0.455656 0.798296
vt 0.494445 0.798291
vt 0.207274 0.795373
vt 0.246064 0.795378
vt 0.084869 0.798845
vt 0.123619 0.800581
vt 0.578139 0.805230
vt 0.616889 0.803493
vt 0.655639 0.801757
vt 0.046119 0.797108
vt 0.133021 0.837969
vt 0.566608 0.846798
vt 0.503765 0.846798
vt 0.070175 0.837969
vt 0.162675 0.802418
vt 0.163121 0.802438
vt 0.577308 0.805354
vt 0.577387 0.805351
vt 0.577833 0.805331
vt 0.162577 0.802414
vt 0.206577 0.795460
vt 0.206964 0.795460
vt 0.533443 0.798373
vt 0.533545 0.798373
vt 0.533931 0.798373
vt 0.170680 0.802693
vt 0.170213 0.802669
vt 0.171148 0.802718
vt 0.171615 0.802743
vt 0.172083 0.802767
vt 0.568893 0.805655
vt 0.568425 0.805679
vt 0.569360 0.805630
vt 0.569828 0.805606
vt 0.570296 0.805581
vt 0.199594 0.795372
vt 0.206240 0.795373
vt 0.534268 0.798285
vt 0.540914 0.798284
vt 0.362431 0.795394
vt 0.533234 0.798285
vt 0.162370 0.802317
vt 0.733139 0.798284
vt 0.564796 0.805899
vt 0.206467 0.795460
vt 0.534042 0.798373
vt 0.207065 0.795460
vt 0.577931 0.805326
vt 0.163200 0.802442
vt 0.163403 0.802364
vt 0.577106 0.805276
vt 0.194050 0.799320
vt 0.197795 0.796048
vt 0.542714 0.798960
vt 0.546458 0.802233
vt 0.541532 0.798375
vt 0.198977 0.795463
vt 0.542189 0.798622
vt 0.198319 0.795709
vt 0.560225 0.805665
vt 0.555654 0.805264
vt 0.551064 0.804277
vt 0.189445 0.801365
vt 0.184855 0.802351
vt 0.180283 0.802752
vt 0.175713 0.802987
vt 0.378078 0.846798
vt 0.258712 0.837969
vt 0.570284 0.805362
vt 0.577096 0.805056
vt 0.206467 0.795263
vt 0.206577 0.795263
vt 0.257728 0.837749
vt 0.258712 0.837749
vt 0.378760 0.847018
vt 0.378078 0.847018
vt 0.172095 0.802548
vt 0.175714 0.802767
vt 0.163413 0.802144
vt 0.170224 0.802449
vt 0.180268 0.802533
vt 0.184822 0.802134
vt 0.189376 0.801155
vt 0.193931 0.799133
vt 0.546578 0.802045
vt 0.551132 0.804067
vt 0.555686 0.805046
vt 0.560240 0.805445
vt 0.564795 0.805679
vt 0.197662 0.795871
vt 0.198220 0.795512
vt 0.542288 0.798424
vt 0.542846 0.798784
vt 0.198921 0.795249
vt 0.541587 0.798161
vt 0.199578 0.795152
vt 0.540930 0.798065
vt 0.577299 0.805157
vt 0.163209 0.802244
vt 0.577824 0.805133
vt 0.577922 0.805129
vt 0.163130 0.802241
vt 0.578129 0.805010
vt 0.162379 0.802098
vt 0.162586 0.802216
vt 0.533234 0.798066
vt 0.533443 0.798175
vt 0.207065 0.795263
vt 0.207274 0.795153
vt 0.533931 0.798175
vt 0.534042 0.798175
vt 0.206964 0.795263
vt 0.534268 0.798065
vt 0.206240 0.795153
vt 0.568414 0.805460
vt 0.732436 0.798096
vt 0.733130 0.798065
vt 0.123629 0.800361
vt 0.494445 0.798071
vt 0.361664 0.795174
vt 0.362431 0.795174
vt 0.569816 0.805386
vt 0.569349 0.805411
vt 0.568881 0.805435
vt 0.171627 0.802523
vt 0.171159 0.802499
vt 0.170692 0.802474
vt 0.533545 0.798175
vt 0.162684 0.802221
vt 0.577379 0.805153
vt 0.566608 0.847018
vt 0.503765 0.847018
vt 0.070175 0.837749
vt 0.133021 0.837749
vt 0.046128 0.796889
vt 0.084879 0.798625
vt 0.616879 0.803274
vt 0.655629 0.801537
vt 0.246064 0.795159
vt 0.284853 0.795164
vt 0.416867 0.798081
vt 0.455656 0.798076
vt 0.038752 0.837749
vt 0.440921 0.847018
vt 0.598030 0.847018
vt 0.195867 0.837749
vt 0.026753 0.796020
vt 0.694379 0.799801
vt 0.397473 0.798084
vt 0.323642 0.795169
vt 0.008011 0.837749
vt 0.409500 0.847018
vt 0.007329 0.837749
vt 0.008072 0.795183
vt 0.713754 0.798933
vt 0.007378 0.795152
vt 0.378846 0.798086
vt 0.343037 0.795171
vt 0.378078 0.798086
vt 0.628467 0.847018
vt 0.227290 0.837749
vt 0.629451 0.847018
usemtl None
s 1
f 4482/5447 4479/5448 4464/5449 4463/5450
f 4474/5451 4466/5452 4467/5453 4475/5454
f 4473/5455 4465/5456 4466/5452 4474/5451
f 4477/5457 4464/5449 4465/5456 4473/5455
f 4481/5458 4482/5447 4463/5450 4462/5459
f 4837/5460 4481/5458 4462/5459 4835/5461
f 4677/5462 4676/5463 4499/5464 4500/5465
f 4490/5466 4488/5467 4468/5468 4486/5469
f 4493/5470 4491/5471 4469/5472 4487/5473
f 4491/5471 4492/5474 4478/5475 4469/5472
f 4502/5476 4477/5457 4473/5455 4497/5477
f 4497/5477 4473/5455 4474/5451 4498/5478
f 4498/5478 4474/5451 4475/5454 4499/5464
f 4463/5450 4464/5449 4477/5457 4472/5479
f 4462/5459 4463/5450 4472/5479 4471/5480
f 4835/5461 4462/5459 4471/5480 4836/5481
f 4500/5465 4499/5464 4475/5454 4476/5482
f 4488/5467 4489/5483 4476/5482 4468/5468
f 4536/5484 4493/5470 4487/5473 4534/5485
f 4535/5486 4490/5466 4486/5469 4533/5487
f 4701/5488 4700/5489 4545/5490 4546/5491
f 4840/5492 4528/5493 4481/5458 4837/5460
f 4528/5493 4529/5494 4482/5447 4481/5458
f 4529/5494 4526/5495 4479/5448 4482/5447
f 4466/5452 4484/5496 4485/5497 4467/5453
f 4465/5456 4483/5498 4484/5496 4466/5452
f 4464/5449 4479/5448 4483/5498 4465/5456
f 4534/5485 4487/5473 4490/5466 4535/5486
f 4469/5472 4478/5475 4489/5483 4488/5467
f 4487/5473 4469/5472 4488/5467 4490/5466
f 4537/5499 4518/5500 4493/5470 4536/5484
f 4516/5501 4517/5502 4492/5474 4491/5471
f 4518/5500 4516/5501 4491/5471 4493/5470
f 4517/5502 4519/5503 4504/5504 4492/5474
f 4478/5475 4501/5505 4503/5506 4489/5483
f 4675/5507 4498/5478 4499/5464 4676/5463
f 4674/5508 4497/5477 4498/5478 4675/5507
f 4669/5509 4502/5476 4497/5477 4674/5508
f 4492/5474 4504/5504 4501/5505 4478/5475
f 4472/5479 4477/5457 4502/5476 4496/5510
f 4471/5480 4472/5479 4496/5510 4495/5511
f 4836/5481 4471/5480 4495/5511 4838/5512
f 4485/5497 4486/5469 4468/5468 4467/5453
f 4489/5483 4503/5506 4500/5465 4476/5482
f 4654/5513 4520/5514 4514/5515 4653/5516
f 4651/5517 4512/5518 4513/5519 4652/5520
f 4653/5516 4514/5515 4512/5518 4651/5517
f 4646/5521 4643/5522 4515/5523 4507/5524
f 4645/5525 4646/5521 4507/5524 4506/5526
f 4850/5527 4645/5525 4506/5526 4839/5528
f 4486/5469 4485/5497 4532/5529 4533/5487
f 4652/5520 4513/5519 4511/5530 4650/5531
f 4876/5532 4865/5533 4520/5514 4654/5513
f 4862/5534 4864/5535 4519/5503 4517/5502
f 4863/5536 4861/5537 4516/5501 4518/5500
f 4861/5537 4862/5534 4517/5502 4516/5501
f 4866/5538 4863/5536 4518/5500 4537/5499
f 4882/5539 4866/5538 4537/5499 4731/5540
f 4731/5540 4537/5499 4536/5484 4730/5541
f 4728/5542 4534/5485 4535/5486 4729/5543
f 4723/5544 4745/5545 4526/5495 4529/5494
f 4722/5546 4723/5544 4529/5494 4528/5493
f 4856/5547 4722/5546 4528/5493 4840/5492
f 4576/5548 4577/5549 4567/5550 4565/5551
f 4729/5543 4535/5486 4533/5487 4727/5552
f 4730/5541 4536/5484 4534/5485 4728/5542
f 4484/5496 4531/5553 4532/5529 4485/5497
f 4483/5498 4530/5554 4531/5553 4484/5496
f 4479/5448 4526/5495 4530/5554 4483/5498
f 4699/5555 4544/5556 4545/5490 4700/5489
f 4698/5557 4543/5558 4544/5556 4699/5555
f 4707/5559 4539/5560 4543/5558 4698/5557
f 4556/5561 4557/5562 4559/5563 4581/5564
f 4575/5565 4576/5548 4565/5551 4563/5566
f 4574/5567 4575/5565 4563/5566 4561/5568
f 4558/5569 4574/5567 4561/5568 4559/5563
f 4554/5570 4555/5571 4557/5562 4556/5561
f 4844/5572 4842/5573 4555/5571 4554/5570
f 4663/5574 4662/5575 4612/5576 4613/5577
f 4590/5578 4566/5579 4567/5550 4568/5580
f 4594/5581 4570/5582 4569/5583 4592/5584
f 4592/5584 4569/5583 4579/5585 4593/5586
f 4578/5587 4599/5588 4574/5567 4558/5569
f 4599/5588 4600/5589 4575/5565 4574/5567
f 4600/5589 4601/5590 4576/5548 4575/5565
f 4557/5562 4573/5591 4558/5569 4559/5563
f 4555/5571 4572/5592 4573/5591 4557/5562
f 4842/5573 4843/5593 4572/5592 4555/5571
f 4577/5549 4576/5548 4601/5590 4602/5594
f 4568/5580 4567/5550 4577/5549 4580/5595
f 4595/5596 4589/5597 4570/5582 4594/5581
f 4591/5598 4588/5599 4566/5579 4590/5578
f 4713/5600 4714/5601 4636/5602 4635/5603
f 4847/5604 4844/5572 4554/5570 4583/5605
f 4583/5605 4554/5570 4556/5561 4584/5606
f 4584/5606 4556/5561 4581/5564 4629/5607
f 4563/5566 4565/5551 4564/5608 4562/5609
f 4561/5568 4563/5566 4562/5609 4560/5610
f 4559/5563 4561/5568 4560/5610 4581/5564
f 4589/5597 4591/5598 4590/5578 4570/5582
f 4569/5583 4568/5580 4580/5595 4579/5585
f 4570/5582 4590/5578 4568/5580 4569/5583
f 4622/5611 4595/5596 4594/5581 4619/5612
f 4617/5613 4592/5584 4593/5586 4618/5614
f 4619/5612 4594/5581 4592/5584 4617/5613
f 4618/5614 4593/5586 4606/5615 4620/5616
f 4579/5585 4580/5595 4605/5617 4603/5618
f 4687/5619 4688/5620 4601/5590 4600/5589
f 4686/5621 4687/5619 4600/5589 4599/5588
f 4670/5622 4686/5621 4599/5588 4578/5587
f 4593/5586 4579/5585 4603/5618 4606/5615
f 4573/5591 4598/5623 4578/5587 4558/5569
f 4572/5592 4597/5624 4598/5623 4573/5591
f 4843/5593 4845/5625 4597/5624 4572/5592
f 4565/5551 4567/5550 4566/5579 4564/5608
f 4580/5595 4577/5549 4602/5594 4605/5617
f 4667/5626 4666/5627 4616/5628 4621/5629
f 4664/5630 4665/5631 4615/5632 4614/5633
f 4666/5627 4664/5630 4614/5633 4616/5628
f 4659/5634 4609/5635 4604/5636 4656/5637
f 4658/5638 4608/5639 4609/5635 4659/5634
f 4849/5640 4846/5641 4608/5639 4658/5638
f 4588/5599 4587/5642 4564/5608 4566/5579
f 4665/5631 4663/5574 4613/5577 4615/5632
f 4875/5643 4667/5626 4621/5629 4872/5644
f 4869/5645 4618/5614 4620/5616 4871/5646
f 4870/5647 4619/5612 4617/5613 4868/5648
f 4868/5648 4617/5613 4618/5614 4869/5645
f 4873/5649 4622/5611 4619/5612 4870/5647
f 4881/5650 4743/5651 4622/5611 4873/5649
f 4743/5651 4742/5652 4595/5596 4622/5611
f 4740/5653 4741/5654 4591/5598 4589/5597
f 4735/5655 4584/5606 4629/5607 4746/5656
f 4734/5657 4583/5605 4584/5606 4735/5655
f 4855/5658 4847/5604 4583/5605 4734/5657
f 4761/5659 4613/5660 4612/5661 4755/5662
f 4741/5654 4739/5663 4588/5599 4591/5598
f 4742/5652 4740/5653 4589/5597 4595/5596
f 4562/5609 4564/5608 4587/5642 4586/5664
f 4560/5610 4562/5609 4586/5664 4585/5665
f 4581/5564 4560/5610 4585/5665 4629/5607
f 4712/5666 4713/5600 4635/5603 4634/5667
f 4711/5668 4712/5666 4634/5667 4633/5669
f 4720/5670 4711/5668 4633/5669 4642/5671
f 4748/5672 4747/5673 4632/5674 4642/5675
f 4858/5676 4749/5677 4608/5678 4846/5679
f 4752/5680 4751/5681 4553/5682 4552/5683
f 4751/5681 4753/5684 4571/5685 4553/5682
f 4754/5686 4779/5687 4635/5688 4636/5689
f 4790/5690 4756/5691 4582/5692 4733/5693
f 4759/5694 4758/5695 4610/5696 4604/5697
f 4761/5659 4760/5698 4615/5699 4613/5660
f 4758/5695 4762/5700 4611/5701 4610/5696
f 4762/5700 4755/5662 4612/5661 4611/5701
f 4884/5702 4763/5703 4627/5704 4872/5705
f 4784/5706 4750/5707 4607/5708 4657/5709
f 4760/5698 4766/5710 4614/5711 4615/5699
f 4768/5712 4767/5713 4628/5714 4625/5715
f 4756/5691 4752/5680 4552/5683 4582/5692
f 4766/5710 4769/5716 4616/5717 4614/5711
f 4771/5718 4770/5719 4623/5720 4624/5721
f 4773/5722 4772/5723 4638/5724 4637/5725
f 4770/5719 4768/5712 4625/5715 4623/5720
f 4775/5726 4774/5727 4639/5728 4640/5729
f 4769/5716 4764/5730 4621/5731 4616/5717
f 4776/5732 4771/5718 4624/5721 4626/5733
f 4883/5734 4775/5726 4640/5729 4874/5735
f 4774/5727 4773/5722 4637/5725 4639/5728
f 4476/5482 4475/5454 4467/5453 4468/5468
f 4786/5736 4776/5732 4626/5733 4694/5737
f 4779/5687 4778/5738 4634/5739 4635/5688
f 4772/5723 4754/5686 4636/5689 4638/5724
f 4778/5738 4780/5740 4633/5741 4634/5739
f 4780/5740 4748/5672 4642/5675 4633/5741
f 4857/5742 4757/5743 4630/5744 4848/5745
f 4782/5746 4759/5694 4604/5697 4609/5747
f 4747/5673 4781/5748 4631/5749 4632/5674
f 4749/5677 4782/5746 4609/5747 4608/5678
f 4753/5684 4765/5750 4596/5751 4571/5685
f 4787/5752 4777/5753 4641/5754 4719/5755
f 4763/5756 4783/5757 4668/5758 4627/5759
f 4785/5760 4784/5706 4657/5709 4683/5761
f 4878/5762 4693/5763 4667/5626 4875/5643
f 4691/5764 4689/5765 4663/5574 4665/5631
f 4852/5766 4849/5640 4658/5638 4684/5767
f 4684/5767 4658/5638 4659/5634 4685/5768
f 4685/5768 4659/5634 4656/5637 4670/5622
f 4692/5769 4690/5770 4664/5630 4666/5627
f 4690/5770 4691/5764 4665/5631 4664/5630
f 4693/5763 4692/5769 4666/5627 4667/5626
f 4604/5636 4610/5771 4660/5772 4656/5637
f 4610/5771 4611/5773 4661/5774 4660/5772
f 4611/5773 4612/5576 4662/5575 4661/5774
f 4689/5765 4688/5620 4662/5575 4663/5574
f 4877/5775 4876/5532 4654/5513 4681/5776
f 4679/5777 4652/5520 4650/5531 4677/5462
f 4851/5778 4672/5779 4645/5525 4850/5527
f 4672/5779 4673/5780 4646/5521 4645/5525
f 4673/5780 4669/5509 4643/5522 4646/5521
f 4680/5781 4653/5516 4651/5517 4678/5782
f 4678/5782 4651/5517 4652/5520 4679/5777
f 4681/5776 4654/5513 4653/5516 4680/5781
f 4515/5523 4643/5522 4647/5783 4508/5784
f 4508/5784 4647/5783 4648/5785 4509/5786
f 4509/5786 4648/5785 4649/5787 4510/5788
f 4511/5530 4510/5788 4649/5787 4650/5531
f 4519/5503 4681/5776 4680/5781 4504/5504
f 4501/5505 4678/5782 4679/5777 4503/5506
f 4504/5504 4680/5781 4678/5782 4501/5505
f 4496/5510 4502/5476 4669/5509 4673/5780
f 4495/5511 4496/5510 4673/5780 4672/5779
f 4838/5512 4495/5511 4672/5779 4851/5778
f 4503/5506 4679/5777 4677/5462 4500/5465
f 4864/5535 4877/5775 4681/5776 4519/5503
f 4602/5594 4601/5590 4688/5620 4689/5765
f 4620/5616 4606/5615 4692/5769 4693/5763
f 4603/5618 4605/5617 4691/5764 4690/5770
f 4606/5615 4603/5618 4690/5770 4692/5769
f 4598/5623 4685/5768 4670/5622 4578/5587
f 4597/5624 4684/5767 4685/5768 4598/5623
f 4845/5625 4852/5766 4684/5767 4597/5624
f 4605/5617 4602/5594 4689/5765 4691/5764
f 4871/5646 4620/5616 4693/5763 4878/5762
f 4765/5750 4785/5760 4683/5761 4596/5751
f 4783/5757 4786/5736 4694/5737 4668/5758
f 4656/5637 4660/5772 4686/5621 4670/5622
f 4660/5772 4661/5774 4687/5619 4686/5621
f 4661/5774 4662/5575 4688/5620 4687/5619
f 4643/5522 4669/5509 4674/5508 4647/5783
f 4647/5783 4674/5508 4675/5507 4648/5785
f 4648/5785 4675/5507 4676/5463 4649/5787
f 4650/5531 4649/5787 4676/5463 4677/5462
f 4789/5789 4787/5752 4719/5755 4744/5790
f 4757/5791 4788/5792 4708/5793 4630/5794
f 4746/5656 4736/5795 4711/5668 4720/5670
f 4736/5795 4737/5796 4712/5666 4711/5668
f 4737/5796 4738/5797 4713/5600 4712/5666
f 4639/5798 4637/5799 4715/5800 4717/5801
f 4638/5802 4636/5602 4714/5601 4716/5803
f 4848/5804 4853/5805 4709/5806 4631/5807
f 4631/5807 4709/5806 4710/5808 4632/5809
f 4632/5809 4710/5808 4720/5670 4642/5671
f 4637/5799 4638/5802 4716/5803 4715/5800
f 4640/5810 4639/5798 4717/5801 4718/5811
f 4874/5812 4640/5810 4718/5811 4879/5813
f 4738/5797 4739/5663 4714/5601 4713/5600
f 4745/5545 4707/5559 4698/5557 4724/5814
f 4724/5814 4698/5557 4699/5555 4725/5815
f 4725/5815 4699/5555 4700/5489 4726/5816
f 4549/5817 4704/5818 4702/5819 4547/5820
f 4548/5821 4703/5822 4701/5488 4546/5491
f 4841/5823 4541/5824 4696/5825 4854/5826
f 4541/5824 4542/5827 4697/5828 4696/5825
f 4542/5827 4539/5560 4707/5559 4697/5828
f 4547/5820 4702/5819 4703/5822 4548/5821
f 4550/5829 4705/5830 4704/5818 4549/5817
f 4867/5831 4880/5832 4705/5830 4550/5829
f 4727/5552 4726/5816 4700/5489 4701/5488
f 4533/5487 4532/5529 4726/5816 4727/5552
f 4531/5553 4725/5815 4726/5816 4532/5529
f 4530/5554 4724/5814 4725/5815 4531/5553
f 4526/5495 4745/5545 4724/5814 4530/5554
f 4587/5642 4588/5599 4739/5663 4738/5797
f 4586/5664 4587/5642 4738/5797 4737/5796
f 4585/5665 4586/5664 4737/5796 4736/5795
f 4629/5607 4585/5665 4736/5795 4746/5656
f 4767/5713 4789/5789 4744/5790 4628/5714
f 4788/5792 4790/5690 4733/5693 4708/5793
f 4717/5801 4715/5800 4740/5653 4742/5652
f 4716/5803 4714/5601 4739/5663 4741/5654
f 4853/5805 4855/5658 4734/5657 4709/5806
f 4709/5806 4734/5657 4735/5655 4710/5808
f 4710/5808 4735/5655 4746/5656 4720/5670
f 4715/5800 4716/5803 4741/5654 4740/5653
f 4718/5811 4717/5801 4742/5652 4743/5651
f 4879/5813 4718/5811 4743/5651 4881/5650
f 4704/5818 4730/5541 4728/5542 4702/5819
f 4703/5822 4729/5543 4727/5552 4701/5488
f 4854/5826 4696/5825 4722/5546 4856/5547
f 4696/5825 4697/5828 4723/5544 4722/5546
f 4697/5828 4707/5559 4745/5545 4723/5544
f 4702/5819 4728/5542 4729/5543 4703/5822
f 4705/5830 4731/5540 4730/5541 4704/5818
f 4880/5832 4882/5539 4731/5540 4705/5830
f 4832/5833 4834/5834 4790/5690 4788/5792
f 4820/5835 4833/5836 4789/5789 4767/5713
f 4796/5837 4832/5833 4788/5792 4757/5791
f 4833/5836 4831/5838 4787/5752 4789/5789
f 4827/5839 4830/5840 4786/5736 4783/5757
f 4800/5841 4829/5842 4785/5760 4765/5750
f 4829/5842 4828/5843 4784/5706 4785/5760
f 4818/5844 4827/5839 4783/5757 4763/5756
f 4831/5838 4806/5845 4777/5753 4787/5752
f 4813/5846 4800/5841 4765/5750 4753/5684
f 4811/5847 4809/5848 4782/5746 4749/5677
f 4810/5849 4808/5850 4781/5748 4747/5673
f 4809/5848 4797/5851 4759/5694 4782/5746
f 4860/5852 4796/5853 4757/5743 4857/5742
f 4826/5854 4791/5855 4748/5672 4780/5740
f 4825/5856 4826/5854 4780/5740 4778/5738
f 4823/5857 4794/5858 4754/5686 4772/5723
f 4807/5859 4825/5856 4778/5738 4779/5687
f 4830/5840 4805/5860 4776/5732 4786/5736
f 4824/5861 4803/5862 4773/5722 4774/5727
f 4886/5863 4804/5864 4775/5726 4883/5734
f 4805/5860 4802/5865 4771/5718 4776/5732
f 4821/5866 4799/5867 4764/5730 4769/5716
f 4804/5864 4824/5861 4774/5727 4775/5726
f 4822/5868 4801/5869 4768/5712 4770/5719
f 4803/5862 4823/5857 4772/5723 4773/5722
f 4802/5865 4822/5868 4770/5719 4771/5718
f 4819/5870 4821/5866 4769/5716 4766/5710
f 4814/5871 4793/5872 4752/5680 4756/5691
f 4801/5869 4820/5835 4767/5713 4768/5712
f 4816/5873 4819/5870 4766/5710 4760/5698
f 4828/5843 4792/5874 4750/5707 4784/5706
f 4885/5875 4818/5876 4763/5703 4884/5702
f 4817/5877 4795/5878 4755/5662 4762/5700
f 4815/5879 4817/5877 4762/5700 4758/5695
f 4798/5880 4816/5873 4760/5698 4761/5659
f 4797/5851 4815/5879 4758/5695 4759/5694
f 4834/5834 4814/5871 4756/5691 4790/5690
f 4794/5858 4807/5859 4779/5687 4754/5686
f 4812/5881 4813/5846 4753/5684 4751/5681
f 4793/5872 4812/5881 4751/5681 4752/5680
f 4859/5882 4811/5847 4749/5677 4858/5676
f 4791/5855 4810/5849 4747/5673 4748/5672
f 4798/5880 4761/5659 4755/5662 4795/5878
f 4511/5883 4798/5880 4795/5878 4510/5884
f 4539/5885 4542/5886 4810/5849 4791/5855
f 4839/5887 4506/5888 4811/5847 4859/5882
f 4480/5889 4461/5890 4812/5881 4793/5872
f 4461/5890 4470/5891 4813/5846 4812/5881
f 4546/5892 4545/5893 4807/5859 4794/5858
f 4721/5894 4527/5895 4814/5871 4834/5834
f 4515/5896 4508/5897 4815/5879 4797/5851
f 4511/5883 4513/5898 4816/5873 4798/5880
f 4508/5897 4509/5899 4817/5877 4815/5879
f 4509/5899 4510/5884 4795/5878 4817/5877
f 4865/5900 4525/5901 4818/5876 4885/5875
f 4644/5902 4505/5903 4792/5874 4828/5843
f 4513/5898 4512/5904 4819/5870 4816/5873
f 4523/5905 4538/5906 4820/5835 4801/5869
f 4527/5895 4480/5889 4793/5872 4814/5871
f 4512/5904 4514/5907 4821/5866 4819/5870
f 4522/5908 4521/5909 4822/5868 4802/5865
f 4547/5910 4548/5911 4823/5857 4803/5862
f 4521/5909 4523/5905 4801/5869 4822/5868
f 4550/5912 4549/5913 4824/5861 4804/5864
f 4514/5907 4520/5914 4799/5867 4821/5866
f 4524/5915 4522/5908 4802/5865 4805/5860
f 4867/5916 4550/5912 4804/5864 4886/5863
f 4549/5913 4547/5910 4803/5862 4824/5861
f 4682/5917 4524/5915 4805/5860 4830/5840
f 4545/5893 4544/5918 4825/5856 4807/5859
f 4548/5911 4546/5892 4794/5858 4823/5857
f 4544/5918 4543/5919 4826/5854 4825/5856
f 4543/5919 4539/5885 4791/5855 4826/5854
f 4841/5920 4540/5921 4796/5853 4860/5852
f 4507/5922 4515/5896 4797/5851 4809/5848
f 4542/5886 4541/5923 4808/5850 4810/5849
f 4506/5888 4507/5922 4809/5848 4811/5847
f 4470/5891 4494/5924 4800/5841 4813/5846
f 4706/5925 4551/5926 4806/5845 4831/5838
f 4525/5927 4655/5928 4827/5839 4818/5844
f 4671/5929 4644/5902 4828/5843 4829/5842
f 4494/5924 4671/5929 4829/5842 4800/5841
f 4655/5928 4682/5917 4830/5840 4827/5839
f 4732/5930 4706/5925 4831/5838 4833/5836
f 4540/5931 4695/5932 4832/5833 4796/5837
f 4538/5906 4732/5930 4833/5836 4820/5835
f 4695/5932 4721/5894 4834/5834 4832/5833
f 4541/5923 4841/5920 4860/5852 4808/5850
f 4505/5933 4839/5887 4859/5882 4792/5934
f 4792/5934 4859/5882 4858/5676 4750/5935
f 4808/5850 4860/5852 4857/5742 4781/5748
f 4695/5932 4854/5826 4856/5547 4721/5894
f 4708/5936 4733/5937 4855/5658 4853/5805
f 4540/5931 4841/5823 4854/5826 4695/5932
f 4630/5938 4708/5936 4853/5805 4848/5804
f 4596/5939 4683/5940 4852/5766 4845/5625
f 4494/5924 4838/5512 4851/5778 4671/5929
f 4671/5929 4851/5778 4850/5527 4644/5902
f 4683/5940 4657/5941 4849/5640 4852/5766
f 4781/5748 4857/5742 4848/5745 4631/5749
f 4750/5935 4858/5676 4846/5679 4607/5942
f 4733/5937 4582/5943 4847/5604 4855/5658
f 4657/5941 4607/5944 4846/5641 4849/5640
f 4571/5945 4596/5939 4845/5625 4843/5593
f 4582/5943 4552/5946 4844/5572 4847/5604
f 4553/5947 4571/5945 4843/5593 4842/5573
f 4552/5946 4553/5947 4842/5573 4844/5572
f 4721/5894 4856/5547 4840/5492 4527/5895
f 4644/5902 4850/5527 4839/5528 4505/5903
f 4470/5891 4836/5481 4838/5512 4494/5924
f 4527/5895 4840/5492 4837/5460 4480/5889
f 4461/5890 4835/5461 4836/5481 4470/5891
f 4480/5889 4837/5460 4835/5461 4461/5890
f 4551/5948 4867/5916 4886/5863 4806/5949
f 4520/5914 4865/5900 4885/5875 4799/5867
f 4799/5867 4885/5875 4884/5702 4764/5730
f 4806/5949 4886/5863 4883/5734 4777/5950
f 4706/5951 4732/5952 4882/5539 4880/5832
f 4719/5953 4879/5813 4881/5650 4744/5954
f 4551/5955 4706/5951 4880/5832 4867/5831
f 4641/5956 4874/5812 4879/5813 4719/5953
f 4626/5957 4871/5646 4878/5762 4694/5958
f 4524/5959 4682/5960 4877/5775 4864/5535
f 4682/5960 4655/5961 4876/5532 4877/5775
f 4694/5958 4878/5762 4875/5643 4668/5962
f 4777/5950 4883/5734 4874/5735 4641/5963
f 4764/5730 4884/5702 4872/5705 4621/5731
f 4744/5954 4881/5650 4873/5649 4628/5964
f 4628/5964 4873/5649 4870/5647 4625/5965
f 4623/5966 4868/5648 4869/5645 4624/5967
f 4625/5965 4870/5647 4868/5648 4623/5966
f 4624/5967 4869/5645 4871/5646 4626/5957
f 4668/5962 4875/5643 4872/5644 4627/5968
f 4732/5952 4538/5969 4866/5538 4882/5539
f 4538/5969 4523/5970 4863/5536 4866/5538
f 4521/5971 4522/5972 4862/5534 4861/5537
f 4523/5970 4521/5971 4861/5537 4863/5536
f 4522/5972 4524/5959 4864/5535 4862/5534
f 4655/5961 4525/5973 4865/5533 4876/5532
f 4911/5974 4900/5975 4902/5976 4912/5977
f 4891/5978 4916/5979 4894/5980 4892/5981
f 4910/5982 4898/5983 4900/5975 4911/5974
f 4909/5984 4896/5985 4898/5983 4910/5982
f 4893/5986 4894/5980 4896/5985 4909/5984
f 4889/5987 4891/5978 4892/5981 4890/5988
f 5315/5989 4889/5987 4890/5988 5313/5990
f 5076/5991 4948/5992 4947/5993 5075/5994
f 4925/5995 4903/5996 4902/5976 4901/5997
f 4929/5998 4927/5999 4904/6000 4905/6001
f 4927/5999 4928/6002 4914/6003 4904/6000
f 4913/6004 4893/5986 4909/5984 4934/6005
f 4934/6005 4909/5984 4910/5982 4935/6006
f 4935/6006 4910/5982 4911/5974 4936/6007
f 4892/5981 4894/5980 4893/5986 4908/6008
f 4890/5988 4892/5981 4908/6008 4907/6009
f 5313/5990 4890/5988 4907/6009 5314/6010
f 4912/5977 4937/6011 4936/6007 4911/5974
f 4903/5996 4915/6012 4912/5977 4902/5976
f 4930/6013 4929/5998 4905/6001 4924/6014
f 4926/6015 4925/5995 4901/5997 4923/6016
f 5100/6017 4970/6018 4971/6019 5101/6020
f 5318/6021 4918/6022 4889/5987 5315/5989
f 4918/6022 4919/6023 4891/5978 4889/5987
f 4919/6023 4964/6024 4916/5979 4891/5978
f 4898/5983 4897/6025 4899/6026 4900/5975
f 4896/5985 4895/6027 4897/6025 4898/5983
f 4894/5980 4916/5979 4895/6027 4896/5985
f 4924/6014 4905/6001 4925/5995 4926/6015
f 4904/6000 4914/6003 4915/6012 4903/5996
f 4905/6001 4904/6000 4903/5996 4925/5995
f 4957/6028 4954/6029 4929/5998 4930/6013
f 4952/6030 4953/6031 4928/6002 4927/5999
f 4954/6029 4952/6030 4927/5999 4929/5998
f 4953/6031 4955/6032 4941/6033 4928/6002
f 4914/6003 4938/6034 4940/6035 4915/6012
f 5285/6036 4935/6006 4936/6007 5286/6037
f 5284/6038 4934/6005 4935/6006 5285/6036
f 5279/6039 4913/6004 4934/6005 5284/6038
f 4928/6002 4941/6033 4938/6034 4914/6003
f 4908/6008 4893/5986 4913/6004 4933/6040
f 4907/6009 4908/6008 4933/6040 4932/6041
f 5314/6010 4907/6009 4932/6041 5316/6042
f 4900/5975 4899/6026 4901/5997 4902/5976
f 4915/6012 4940/6035 4937/6011 4912/5977
f 5080/6043 4956/6044 4951/6045 5079/6046
f 5077/6047 4949/6048 4950/6049 5078/6050
f 5079/6046 4951/6045 4949/6048 5077/6047
f 5072/6051 5069/6052 4939/6053 4944/6054
f 5071/6055 5072/6051 4944/6054 4943/6056
f 5328/6057 5071/6055 4943/6056 5317/6058
f 4923/6016 4901/5997 4899/6026 4922/6059
f 5078/6050 4950/6049 4948/5992 5076/5991
f 5255/6060 5261/6061 4956/6044 5080/6043
f 5258/6062 5260/6063 4955/6032 4953/6031
f 5259/6064 5257/6065 4952/6030 4954/6029
f 5257/6065 5258/6062 4953/6031 4952/6030
f 5262/6066 5259/6064 4954/6029 4957/6028
f 5278/6067 5262/6066 4957/6028 5233/6068
f 5233/6068 4957/6028 4930/6013 5232/6069
f 5230/6070 4924/6014 4926/6015 5231/6071
f 5225/6072 5247/6073 4964/6024 4919/6023
f 5224/6074 5225/6072 4919/6023 4918/6022
f 5336/6075 5224/6074 4918/6022 5318/6021
f 5231/6071 4926/6015 4923/6016 5229/6076
f 5232/6069 4930/6013 4924/6014 5230/6070
f 4897/6025 4921/6077 4922/6059 4899/6026
f 4895/6027 4920/6078 4921/6077 4897/6025
f 4916/5979 4964/6024 4920/6078 4895/6027
f 5099/6079 4969/6080 4970/6018 5100/6017
f 5098/6081 4968/6082 4969/6080 5099/6079
f 5107/6083 4977/6084 4968/6082 5098/6081
f 5002/6085 5003/6086 4993/6087 4991/6088
f 4982/6089 4983/6090 4985/6091 5007/6092
f 5001/6093 5002/6085 4991/6088 4989/6094
f 5000/6095 5001/6093 4989/6094 4987/6096
f 4984/6097 5000/6095 4987/6096 4985/6091
f 4980/6098 4981/6099 4983/6090 4982/6089
f 5322/6100 5320/6101 4981/6099 4980/6098
f 5089/6102 5088/6103 5038/6104 5039/6105
f 5016/6106 4992/6107 4993/6087 4994/6108
f 5020/6109 4996/6110 4995/6111 5018/6112
f 5018/6112 4995/6111 5005/6113 5019/6114
f 5004/6115 5025/6116 5000/6095 4984/6097
f 5025/6116 5026/6117 5001/6093 5000/6095
f 5026/6117 5027/6118 5002/6085 5001/6093
f 4983/6090 4999/6119 4984/6097 4985/6091
f 4981/6099 4998/6120 4999/6119 4983/6090
f 5320/6101 5321/6121 4998/6120 4981/6099
f 5003/6086 5002/6085 5027/6118 5028/6122
f 4994/6108 4993/6087 5003/6086 5006/6123
f 5021/6124 5015/6125 4996/6110 5020/6109
f 5017/6126 5014/6127 4992/6107 5016/6106
f 5113/6128 5114/6129 5062/6130 5061/6131
f 5325/6132 5322/6100 4980/6098 5009/6133
f 5009/6133 4980/6098 4982/6089 5010/6134
f 5010/6134 4982/6089 5007/6092 5055/6135
f 4989/6094 4991/6088 4990/6136 4988/6137
f 4987/6096 4989/6094 4988/6137 4986/6138
f 4985/6091 4987/6096 4986/6138 5007/6092
f 5015/6125 5017/6126 5016/6106 4996/6110
f 4995/6111 4994/6108 5006/6123 5005/6113
f 4996/6110 5016/6106 4994/6108 4995/6111
f 5048/6139 5021/6124 5020/6109 5045/6140
f 5043/6141 5018/6112 5019/6114 5044/6142
f 5045/6140 5020/6109 5018/6112 5043/6141
f 5044/6142 5019/6114 5032/6143 5046/6144
f 5005/6113 5006/6123 5031/6145 5029/6146
f 5297/6147 5298/6148 5027/6118 5026/6117
f 5296/6149 5297/6147 5026/6117 5025/6116
f 5280/6150 5296/6149 5025/6116 5004/6115
f 5019/6114 5005/6113 5029/6146 5032/6143
f 4999/6119 5024/6151 5004/6115 4984/6097
f 4998/6120 5023/6152 5024/6151 4999/6119
f 5321/6121 5323/6153 5023/6152 4998/6120
f 4991/6088 4993/6087 4992/6107 4990/6136
f 5006/6123 5003/6086 5028/6122 5031/6145
f 5093/6154 5092/6155 5042/6156 5047/6157
f 5090/6158 5091/6159 5041/6160 5040/6161
f 5092/6155 5090/6158 5040/6161 5042/6156
f 5085/6162 5035/6163 5030/6164 5082/6165
f 5084/6166 5034/6167 5035/6163 5085/6162
f 5327/6168 5324/6169 5034/6167 5084/6166
f 5014/6127 5013/6170 4990/6136 4992/6107
f 5091/6159 5089/6102 5039/6105 5041/6160
f 5271/6171 5093/6154 5047/6157 5268/6172
f 5265/6173 5044/6142 5046/6144 5267/6174
f 5266/6175 5045/6140 5043/6141 5264/6176
f 5264/6176 5043/6141 5044/6142 5265/6173
f 5269/6177 5048/6139 5045/6140 5266/6175
f 5277/6178 5245/6179 5048/6139 5269/6177
f 5245/6179 5244/6180 5021/6124 5048/6139
f 5242/6181 5243/6182 5017/6126 5015/6125
f 5237/6183 5010/6134 5055/6135 5248/6184
f 5236/6185 5009/6133 5010/6134 5237/6183
f 5335/6186 5325/6132 5009/6133 5236/6185
f 5243/6182 5241/6187 5014/6127 5017/6126
f 5244/6180 5242/6181 5015/6125 5021/6124
f 4988/6137 4990/6136 5013/6170 5012/6188
f 4986/6138 4988/6137 5012/6188 5011/6189
f 5007/6092 4986/6138 5011/6189 5055/6135
f 5112/6190 5113/6128 5061/6131 5060/6191
f 5111/6192 5112/6190 5060/6191 5059/6193
f 5120/6194 5111/6192 5059/6193 5068/6195
f 5140/6196 5139/6197 5030/6198 5035/6199
f 5142/6200 5141/6201 5058/6202 5068/6203
f 5143/6204 5140/6196 5035/6199 5034/6205
f 5145/6206 5144/6207 5061/6208 5062/6209
f 5332/6210 5143/6204 5034/6205 5324/6211
f 5148/6212 5147/6213 4978/6214 5008/6215
f 5150/6216 5149/6217 5064/6218 5063/6219
f 5152/6220 5151/6221 5041/6222 5039/6223
f 5154/6224 5153/6225 5022/6226 4997/6227
f 5156/6228 5155/6229 5065/6230 5066/6231
f 5274/6232 5156/6228 5066/6231 5270/6233
f 5179/6234 5158/6235 5053/6236 5132/6237
f 5144/6207 5160/6238 5060/6239 5061/6208
f 5162/6240 5161/6241 5054/6242 5051/6243
f 5160/6238 5163/6244 5059/6245 5060/6239
f 5165/6246 5164/6247 5049/6248 5050/6249
f 5147/6213 5166/6250 4979/6251 4978/6214
f 5163/6244 5142/6200 5068/6203 5059/6245
f 5139/6197 5167/6252 5036/6253 5030/6198
f 5164/6247 5162/6240 5051/6243 5049/6248
f 5168/6254 5159/6255 5047/6256 5042/6257
f 5167/6252 5169/6258 5037/6259 5036/6253
f 5170/6260 5165/6246 5050/6249 5052/6261
f 5178/6262 5157/6263 5067/6264 5119/6265
f 5169/6258 5171/6266 5038/6267 5037/6259
f 5308/6268 5170/6260 5052/6261 5304/6269
f 5155/6229 5150/6216 5063/6219 5065/6230
f 5151/6221 5172/6270 5040/6271 5041/6222
f 5149/6217 5145/6206 5062/6209 5064/6218
f 5175/6272 5146/6273 5033/6274 5083/6275
f 5166/6250 5154/6224 4997/6227 4979/6251
f 5172/6270 5168/6254 5042/6257 5040/6271
f 5252/6276 5148/6212 5008/6215 5235/6277
f 5331/6278 5173/6279 5056/6280 5326/6281
f 5171/6266 5152/6220 5039/6223 5038/6267
f 5141/6201 5174/6282 5057/6283 5058/6202
f 5307/6284 5175/6272 5083/6275 5293/6285
f 5158/6286 5176/6287 5094/6288 5053/6289
f 5312/6290 5303/6291 5093/6154 5271/6171
f 5301/6292 5299/6293 5089/6102 5091/6159
f 5338/6294 5327/6168 5084/6166 5294/6295
f 5294/6295 5084/6166 5085/6162 5295/6296
f 5295/6296 5085/6162 5082/6165 5280/6150
f 5302/6297 5300/6298 5090/6158 5092/6155
f 5300/6298 5301/6292 5091/6159 5090/6158
f 5303/6291 5302/6297 5092/6155 5093/6154
f 5030/6164 5036/6299 5086/6300 5082/6165
f 5036/6299 5037/6301 5087/6302 5086/6300
f 5037/6301 5038/6104 5088/6103 5087/6302
f 5299/6293 5298/6148 5088/6103 5089/6102
f 5311/6303 5255/6060 5080/6043 5291/6304
f 5289/6305 5078/6050 5076/5991 5287/6306
f 5337/6307 5282/6308 5071/6055 5328/6057
f 5282/6308 5283/6309 5072/6051 5071/6055
f 5283/6309 5279/6039 5069/6052 5072/6051
f 5290/6310 5079/6046 5077/6047 5288/6311
f 5288/6311 5077/6047 5078/6050 5289/6305
f 5291/6304 5080/6043 5079/6046 5290/6310
f 4939/6053 5069/6052 5073/6312 4945/6313
f 4945/6313 5073/6312 5074/6314 4946/6315
f 4946/6315 5074/6314 5075/5994 4947/5993
f 5287/6306 5076/5991 5075/5994 5286/6037
f 5173/6316 5177/6317 5108/6318 5056/6319
f 5251/6320 5178/6262 5119/6265 5246/6321
f 5248/6184 5238/6322 5111/6192 5120/6194
f 5238/6322 5239/6323 5112/6190 5111/6192
f 5239/6323 5240/6324 5113/6128 5112/6190
f 5065/6325 5063/6326 5115/6327 5117/6328
f 5064/6329 5062/6130 5114/6129 5116/6330
f 5326/6331 5329/6332 5109/6333 5057/6334
f 5057/6334 5109/6333 5110/6335 5058/6336
f 5058/6336 5110/6335 5120/6194 5068/6195
f 5063/6326 5064/6329 5116/6330 5115/6327
f 5066/6337 5065/6325 5117/6328 5118/6338
f 5270/6339 5066/6337 5118/6338 5272/6340
f 5240/6324 5241/6187 5114/6129 5113/6128
f 5247/6073 5107/6083 5098/6081 5226/6341
f 5226/6341 5098/6081 5099/6079 5227/6342
f 5227/6342 5099/6079 5100/6017 5228/6343
f 4974/6344 5104/6345 5102/6346 4972/6347
f 4973/6348 5103/6349 5101/6020 4971/6019
f 5319/6350 4966/6351 5096/6352 5330/6353
f 4966/6351 4967/6354 5097/6355 5096/6352
f 4967/6354 4977/6084 5107/6083 5097/6355
f 4972/6347 5102/6346 5103/6349 4973/6348
f 4975/6356 5105/6357 5104/6345 4974/6344
f 5263/6358 5256/6359 5105/6357 4975/6356
f 5228/6343 5100/6017 5101/6020 5229/6076
f 4976/6360 5106/6361 5138/6362 5127/6363
f 5067/6264 5134/6364 5137/6365 5119/6265
f 5292/6366 5081/6367 5136/6368 5305/6369
f 5304/6269 5306/6370 5135/6371 5094/6288
f 5273/6372 5179/6234 5132/6237 5268/6373
f 5157/6374 5180/6375 5134/6376 5067/6377
f 5246/6321 5249/6378 5133/6379 5054/6242
f 5054/6242 5133/6379 5130/6380 5051/6243
f 5049/6248 5128/6381 5129/6382 5050/6249
f 5051/6243 5130/6380 5128/6381 5049/6248
f 5050/6249 5129/6382 5131/6383 5052/6261
f 5094/6288 5135/6371 5132/6384 5053/6289
f 5234/6385 4963/6386 5126/6387 5250/6388
f 4963/6386 4960/6389 5123/6390 5126/6387
f 4958/6391 4959/6392 5122/6393 5121/6394
f 4960/6389 4958/6391 5121/6394 5123/6390
f 4959/6392 4961/6395 5124/6396 5122/6393
f 5081/6367 4962/6397 5125/6398 5136/6368
f 5191/6399 5222/6400 5180/6375 5157/6374
f 5276/6401 5221/6402 5179/6234 5273/6372
f 5254/6403 5220/6404 5178/6262 5251/6320
f 5197/6405 5219/6406 5177/6317 5173/6316
f 5207/6407 5218/6408 5176/6287 5158/6286
f 5310/6409 5217/6410 5175/6272 5307/6284
f 5200/6411 5198/6412 5174/6282 5141/6201
f 5215/6413 5188/6414 5152/6220 5171/6266
f 5334/6415 5197/6416 5173/6279 5331/6278
f 5253/6417 5186/6418 5148/6212 5252/6276
f 5216/6419 5195/6420 5168/6254 5172/6270
f 5212/6421 5189/6422 5154/6224 5166/6250
f 5217/6410 5185/6423 5146/6273 5175/6272
f 5203/6424 5184/6425 5145/6206 5149/6217
f 5204/6426 5216/6419 5172/6270 5151/6221
f 5206/6427 5187/6428 5150/6216 5155/6229
f 5309/6429 5196/6430 5170/6260 5308/6268
f 5214/6431 5215/6413 5171/6266 5169/6258
f 5220/6404 5191/6432 5157/6263 5178/6262
f 5196/6430 5194/6433 5165/6246 5170/6260
f 5213/6434 5214/6431 5169/6258 5167/6252
f 5195/6420 5192/6435 5159/6255 5168/6254
f 5211/6436 5193/6437 5162/6240 5164/6247
f 5199/6438 5213/6434 5167/6252 5139/6197
f 5210/6439 5182/6440 5142/6200 5163/6244
f 5202/6441 5212/6421 5166/6250 5147/6213
f 5194/6433 5211/6436 5164/6247 5165/6246
f 5208/6442 5210/6439 5163/6244 5160/6238
f 5193/6437 5209/6443 5161/6241 5162/6240
f 5201/6444 5208/6442 5160/6238 5144/6207
f 5221/6402 5207/6445 5158/6235 5179/6234
f 5275/6446 5190/6447 5156/6228 5274/6232
f 5190/6447 5206/6427 5155/6229 5156/6228
f 5189/6422 5205/6448 5153/6225 5154/6224
f 5188/6414 5204/6426 5151/6221 5152/6220
f 5187/6428 5203/6424 5149/6217 5150/6216
f 5186/6418 5202/6441 5147/6213 5148/6212
f 5333/6449 5183/6450 5143/6204 5332/6210
f 5184/6425 5201/6444 5144/6207 5145/6206
f 5183/6450 5181/6451 5140/6196 5143/6204
f 5182/6440 5200/6411 5141/6201 5142/6200
f 5181/6451 5199/6438 5139/6197 5140/6196
f 4944/6452 4939/6453 5199/6438 5181/6451
f 4977/6454 4967/6455 5200/6411 5182/6440
f 4943/6456 4944/6452 5181/6451 5183/6450
f 4971/6457 4970/6458 5201/6444 5184/6425
f 5317/6459 4943/6456 5183/6450 5333/6449
f 4917/6460 4887/6461 5202/6441 5186/6418
f 4972/6462 4973/6463 5203/6424 5187/6428
f 4948/6464 4950/6465 5204/6426 5188/6414
f 4906/6466 4931/6467 5205/6448 5189/6422
f 4975/6468 4974/6469 5206/6427 5190/6447
f 5263/6470 4975/6468 5190/6447 5275/6446
f 5125/6471 4962/6472 5207/6445 5221/6402
f 4970/6458 4969/6473 5208/6442 5201/6444
f 4960/6474 4963/6475 5209/6443 5193/6437
f 4969/6473 4968/6476 5210/6439 5208/6442
f 4959/6477 4958/6478 5211/6436 5194/6433
f 4887/6461 4888/6479 5212/6421 5202/6441
f 4968/6476 4977/6454 5182/6440 5210/6439
f 4939/6453 4945/6480 5213/6434 5199/6438
f 4958/6478 4960/6474 5193/6437 5211/6436
f 4951/6481 4956/6482 5192/6435 5195/6420
f 4945/6480 4946/6483 5214/6431 5213/6434
f 4961/6484 4959/6477 5194/6433 5196/6430
f 5106/6485 4976/6486 5191/6432 5220/6404
f 4946/6483 4947/6487 5215/6413 5214/6431
f 5292/6488 4961/6484 5196/6430 5309/6429
f 4974/6469 4972/6462 5187/6428 5206/6427
f 4950/6465 4949/6489 5216/6419 5204/6426
f 4973/6463 4971/6457 5184/6425 5203/6424
f 5070/6490 4942/6491 5185/6423 5217/6410
f 4888/6479 4906/6466 5189/6422 5212/6421
f 4949/6489 4951/6481 5195/6420 5216/6419
f 5223/6492 4917/6460 5186/6418 5253/6417
f 5319/6493 4965/6494 5197/6416 5334/6415
f 4947/6487 4948/6464 5188/6414 5215/6413
f 4967/6455 4966/6495 5198/6412 5200/6411
f 5281/6496 5070/6490 5217/6410 5310/6409
f 4962/6497 5081/6498 5218/6408 5207/6407
f 4965/6499 5095/6500 5219/6406 5197/6405
f 5234/6501 5106/6485 5220/6404 5254/6403
f 5261/6502 5125/6471 5221/6402 5276/6401
f 4976/6503 5127/6504 5222/6400 5191/6399
f 4963/6475 5234/6501 5254/6403 5209/6443
f 5095/6500 5223/6492 5253/6417 5219/6406
f 5219/6406 5253/6417 5252/6276 5177/6317
f 5209/6443 5254/6403 5251/6320 5161/6241
f 5106/6361 5234/6385 5250/6388 5138/6362
f 5119/6265 5137/6365 5249/6378 5246/6321
f 4922/6059 5228/6343 5229/6076 4923/6016
f 4921/6077 5227/6342 5228/6343 4922/6059
f 4920/6078 5226/6341 5227/6342 4921/6077
f 4964/6024 5247/6073 5226/6341 4920/6078
f 5013/6170 5014/6127 5241/6187 5240/6324
f 5012/6188 5013/6170 5240/6324 5239/6323
f 5011/6189 5012/6188 5239/6323 5238/6322
f 5055/6135 5011/6189 5238/6322 5248/6184
f 5161/6241 5251/6320 5246/6321 5054/6242
f 5177/6317 5252/6276 5235/6277 5108/6318
f 5117/6328 5115/6327 5242/6181 5244/6180
f 5116/6330 5114/6129 5241/6187 5243/6182
f 5329/6332 5335/6186 5236/6185 5109/6333
f 5109/6333 5236/6185 5237/6183 5110/6335
f 5110/6335 5237/6183 5248/6184 5120/6194
f 5115/6327 5116/6330 5243/6182 5242/6181
f 5118/6338 5117/6328 5244/6180 5245/6179
f 5272/6340 5118/6338 5245/6179 5277/6178
f 5104/6345 5232/6069 5230/6070 5102/6346
f 5103/6349 5231/6071 5229/6076 5101/6020
f 5330/6353 5096/6352 5224/6074 5336/6075
f 5096/6352 5097/6355 5225/6072 5224/6074
f 5097/6355 5107/6083 5247/6073 5225/6072
f 5102/6346 5230/6070 5231/6071 5103/6349
f 5105/6357 5233/6068 5232/6069 5104/6345
f 5256/6359 5278/6067 5233/6068 5105/6357
f 5138/6362 5250/6388 5278/6067 5256/6359
f 5137/6365 5272/6340 5277/6178 5249/6378
f 4956/6482 5261/6502 5276/6401 5192/6435
f 5127/6504 5263/6470 5275/6446 5222/6400
f 5222/6400 5275/6446 5274/6232 5180/6375
f 5192/6435 5276/6401 5273/6372 5159/6255
f 5159/6255 5273/6372 5268/6373 5047/6256
f 5127/6363 5138/6362 5256/6359 5263/6358
f 5134/6364 5270/6339 5272/6340 5137/6365
f 5305/6369 5136/6368 5255/6060 5311/6303
f 5306/6370 5312/6290 5271/6171 5135/6371
f 5180/6375 5274/6232 5270/6233 5134/6376
f 5249/6378 5277/6178 5269/6177 5133/6379
f 5133/6379 5269/6177 5266/6175 5130/6380
f 5128/6381 5264/6176 5265/6173 5129/6382
f 5130/6380 5266/6175 5264/6176 5128/6381
f 5129/6382 5265/6173 5267/6174 5131/6383
f 5135/6371 5271/6171 5268/6172 5132/6384
f 5250/6388 5126/6387 5262/6066 5278/6067
f 5126/6387 5123/6390 5259/6064 5262/6066
f 5121/6394 5122/6393 5258/6062 5257/6065
f 5123/6390 5121/6394 5257/6065 5259/6064
f 5122/6393 5124/6396 5260/6063 5258/6062
f 5136/6368 5125/6398 5261/6061 5255/6060
f 5131/6383 5267/6174 5312/6290 5306/6370
f 5124/6396 5305/6369 5311/6303 5260/6063
f 4931/6467 5281/6496 5310/6409 5205/6448
f 5081/6498 5292/6488 5309/6429 5218/6408
f 5218/6408 5309/6429 5308/6268 5176/6287
f 5205/6448 5310/6409 5307/6284 5153/6225
f 5052/6261 5131/6383 5306/6370 5304/6269
f 4961/6395 5292/6366 5305/6369 5124/6396
f 4937/6011 5287/6306 5286/6037 4936/6007
f 4955/6032 5291/6304 5290/6310 4941/6033
f 4938/6034 5288/6311 5289/6305 4940/6035
f 4941/6033 5290/6310 5288/6311 4938/6034
f 4933/6040 4913/6004 5279/6039 5283/6309
f 4932/6041 4933/6040 5283/6309 5282/6308
f 5316/6042 4932/6041 5282/6308 5337/6307
f 4940/6035 5289/6305 5287/6306 4937/6011
f 5260/6063 5311/6303 5291/6304 4955/6032
f 5028/6122 5027/6118 5298/6148 5299/6293
f 5046/6144 5032/6143 5302/6297 5303/6291
f 5029/6146 5031/6145 5301/6292 5300/6298
f 5032/6143 5029/6146 5300/6298 5302/6297
f 5024/6151 5295/6296 5280/6150 5004/6115
f 5023/6152 5294/6295 5295/6296 5024/6151
f 5323/6153 5338/6294 5294/6295 5023/6152
f 5031/6145 5028/6122 5299/6293 5301/6292
f 5267/6174 5046/6144 5303/6291 5312/6290
f 5153/6225 5307/6284 5293/6285 5022/6226
f 5176/6287 5308/6268 5304/6269 5094/6288
f 5082/6165 5086/6300 5296/6149 5280/6150
f 5086/6300 5087/6302 5297/6147 5296/6149
f 5087/6302 5088/6103 5298/6148 5297/6147
f 5069/6052 5279/6039 5284/6038 5073/6312
f 5073/6312 5284/6038 5285/6036 5074/6314
f 5074/6314 5285/6036 5286/6037 5075/5994
f 5022/6505 5293/6506 5338/6294 5323/6153
f 4931/6467 5316/6042 5337/6307 5281/6496
f 5095/6500 5330/6353 5336/6075 5223/6492
f 5108/6507 5235/6508 5335/6186 5329/6332
f 4966/6495 5319/6493 5334/6415 5198/6412
f 4942/6509 5317/6459 5333/6449 5185/6510
f 5185/6510 5333/6449 5332/6210 5146/6511
f 5198/6412 5334/6415 5331/6278 5174/6282
f 4965/6499 5319/6350 5330/6353 5095/6500
f 5056/6512 5108/6507 5329/6332 5326/6331
f 5281/6496 5337/6307 5328/6057 5070/6490
f 5293/6506 5083/6513 5327/6168 5338/6294
f 5174/6282 5331/6278 5326/6281 5057/6283
f 5146/6511 5332/6210 5324/6211 5033/6514
f 5235/6508 5008/6515 5325/6132 5335/6186
f 5083/6513 5033/6516 5324/6169 5327/6168
f 4997/6517 5022/6505 5323/6153 5321/6121
f 5008/6515 4978/6518 5322/6100 5325/6132
f 4979/6519 4997/6517 5321/6121 5320/6101
f 4978/6518 4979/6519 5320/6101 5322/6100
f 5223/6492 5336/6075 5318/6021 4917/6460
f 5070/6490 5328/6057 5317/6058 4942/6491
f 4906/6466 5314/6010 5316/6042 4931/6467
f 4917/6460 5318/6021 5315/5989 4887/6461
f 4888/6479 5313/5990 5314/6010 4906/6466
f 4887/6461 5315/5989 5313/5990 4888/6479
f 5346/6520 5347/6521 5341/6522 5342/6523
f 5362/6524 5346/6520 5344/6525 5360/6526
f 5404/6527 5402/6528 5339/6529 5350/6530
f 5359/6531 5349/6532 5341/6522 5357/6533
f 5356/6534 5353/6535 5343/6536 5354/6537
f 5354/6537 5343/6536 5348/6538 5355/6539
f 5350/6530 5339/6529 5342/6523 5352/6540
f 5346/6520 5362/6524 5363/6541 5347/6521
f 5402/6528 5403/6542 5344/6525 5339/6529
f 5357/6533 5341/6522 5347/6521 5358/6543
f 5389/6544 5385/6545 5353/6535 5356/6534
f 5390/6546 5384/6547 5349/6532 5359/6531
f 5407/6548 5404/6527 5350/6530 5386/6549
f 5560/6550 5386/6549 5388/6551 5559/6552
f 5342/6523 5341/6522 5349/6532 5352/6540
f 5391/6553 5389/6544 5356/6534 5376/6554
f 5374/6555 5354/6537 5355/6539 5375/6556
f 5376/6554 5356/6534 5354/6537 5374/6555
f 5385/6545 5390/6546 5359/6531 5353/6535
f 5343/6536 5357/6533 5358/6543 5348/6538
f 5353/6535 5359/6531 5357/6533 5343/6536
f 5348/6538 5358/6543 5366/6557 5364/6558
f 5375/6556 5355/6539 5365/6559 5377/6560
f 5551/6561 5537/6562 5363/6541 5362/6524
f 5552/6563 5551/6561 5362/6524 5360/6526
f 5355/6539 5348/6538 5364/6558 5365/6559
f 5403/6542 5405/6564 5360/6526 5344/6525
f 5358/6543 5347/6521 5363/6541 5366/6557
f 5480/6565 5482/6566 5373/6567 5371/6568
f 5484/6569 5481/6570 5372/6571 5378/6572
f 5481/6570 5480/6565 5371/6568 5372/6571
f 5386/6549 5350/6530 5352/6540 5388/6551
f 5488/6573 5406/6574 5367/6575 5486/6576
f 5482/6566 5479/6577 5370/6578 5373/6567
f 5703/6579 5484/6569 5378/6572 5691/6580
f 5688/6581 5375/6556 5377/6560 5690/6582
f 5689/6583 5376/6554 5374/6555 5687/6584
f 5687/6584 5374/6555 5375/6556 5688/6581
f 5692/6585 5391/6553 5376/6554 5689/6583
f 5708/6586 5569/6587 5391/6553 5692/6585
f 5566/6588 5568/6589 5390/6546 5385/6545
f 5569/6587 5567/6590 5389/6544 5391/6553
f 5571/6591 5407/6548 5386/6549 5560/6550
f 5568/6589 5565/6592 5384/6547 5390/6546
f 5567/6590 5566/6588 5385/6545 5389/6544
f 5352/6540 5349/6532 5384/6547 5388/6551
f 5499/6593 5500/6594 5393/6595 5401/6596
f 5344/6525 5346/6520 5342/6523 5339/6529
f 5676/6597 5487/6598 5368/6599 5665/6600
f 5662/6601 5345/6602 5361/6603 5664/6604
f 5666/6605 5387/6606 5351/6607 5663/6608
f 5661/6609 5340/6610 5345/6602 5662/6601
f 5663/6608 5351/6607 5340/6610 5661/6609
f 5682/6611 5673/6612 5463/6613 5564/6614
f 5422/6615 5414/6616 5412/6617 5411/6618
f 5443/6619 5441/6620 5420/6621 5422/6615
f 5409/6622 5415/6623 5435/6624 5429/6625
f 5434/6626 5416/6627 5412/6617 5428/6628
f 5433/6629 5417/6630 5418/6631 5432/6632
f 5417/6630 5425/6633 5419/6634 5418/6631
f 5429/6625 5413/6635 5414/6616 5409/6622
f 5422/6615 5411/6618 5423/6636 5443/6619
f 5420/6621 5426/6637 5415/6623 5409/6622
f 5416/6627 5427/6638 5411/6618 5412/6617
f 5465/6639 5433/6629 5432/6632 5461/6640
f 5466/6641 5434/6626 5428/6628 5460/6642
f 5429/6625 5435/6624 5469/6643 5462/6644
f 5563/6645 5562/6646 5431/6647 5462/6644
f 5414/6616 5413/6635 5428/6628 5412/6617
f 5467/6648 5438/6649 5433/6629 5465/6639
f 5436/6650 5437/6651 5425/6633 5417/6630
f 5438/6649 5436/6650 5417/6630 5433/6629
f 5461/6640 5432/6632 5434/6626 5466/6641
f 5418/6631 5419/6634 5427/6638 5416/6627
f 5432/6632 5418/6631 5416/6627 5434/6626
f 5419/6634 5424/6652 5440/6653 5427/6638
f 5437/6651 5448/6654 5439/6655 5425/6633
f 5554/6656 5443/6619 5423/6636 5544/6657
f 5555/6658 5441/6620 5443/6619 5554/6656
f 5425/6633 5439/6655 5424/6652 5419/6634
f 5441/6620 5449/6659 5426/6637 5420/6621
f 5427/6638 5440/6653 5423/6636 5411/6618
f 5490/6660 5445/6661 5447/6662 5492/6663
f 5494/6664 5453/6665 5446/6666 5491/6667
f 5491/6667 5446/6666 5445/6661 5490/6660
f 5462/6644 5431/6647 5413/6635 5429/6625
f 5555/6658 5550/6668 5449/6659 5441/6620
f 5492/6663 5447/6662 5444/6669 5489/6670
f 5701/6671 5698/6672 5453/6665 5494/6664
f 5695/6673 5697/6674 5448/6654 5437/6651
f 5696/6675 5694/6676 5436/6650 5438/6649
f 5694/6676 5695/6673 5437/6651 5436/6650
f 5699/6677 5696/6675 5438/6649 5467/6648
f 5707/6678 5699/6677 5467/6648 5576/6679
f 5573/6680 5461/6640 5466/6641 5575/6681
f 5576/6679 5467/6648 5465/6639 5574/6682
f 5516/6683 5518/6684 5476/6685 5478/6686
f 5575/6681 5466/6641 5460/6642 5572/6687
f 5574/6682 5465/6639 5461/6640 5573/6680
f 5413/6635 5431/6647 5460/6642 5428/6628
f 5509/6688 5464/6689 5470/6690 5510/6691
f 5420/6621 5409/6622 5414/6616 5422/6615
f 5675/6692 5672/6693 5451/6694 5497/6695
f 5669/6696 5671/6697 5442/6698 5421/6699
f 5673/6612 5670/6700 5430/6701 5463/6613
f 5668/6702 5669/6696 5421/6699 5410/6703
f 5670/6700 5668/6702 5410/6703 5430/6701
f 5602/6704 5585/6705 5430/6706 5410/6707
f 5601/6708 5581/6709 5470/6710 5464/6711
f 5598/6712 5586/6713 5477/6714 5517/6715
f 5618/6716 5582/6717 5442/6718 5556/6719
f 5604/6720 5601/6708 5464/6711 5478/6721
f 5582/6717 5616/6722 5421/6723 5442/6718
f 5616/6722 5602/6704 5410/6707 5421/6723
f 5710/6724 5583/6725 5453/6726 5698/6727
f 5606/6728 5584/6729 5454/6730 5450/6731
f 5608/6732 5606/6728 5450/6731 5452/6733
f 5609/6734 5587/6735 5447/6736 5445/6737
f 5610/6738 5588/6739 5457/6740 5468/6741
f 5585/6705 5603/6742 5463/6743 5430/6706
f 5620/6744 5610/6738 5468/6741 5577/6745
f 5612/6746 5604/6720 5478/6721 5476/6747
f 5583/6725 5589/6748 5446/6749 5453/6726
f 5613/6750 5590/6751 5456/6752 5455/6753
f 5614/6754 5591/6755 5472/6756 5471/6757
f 5589/6748 5609/6734 5445/6737 5446/6749
f 5588/6739 5613/6750 5455/6753 5457/6740
f 5581/6709 5592/6758 5473/6759 5470/6710
f 5615/6760 5608/6732 5452/6733 5444/6761
f 5590/6751 5593/6762 5458/6763 5456/6752
f 5684/6764 5612/6746 5476/6747 5674/6765
f 5683/6766 5607/6767 5451/6768 5672/6769
f 5595/6770 5605/6771 5459/6772 5495/6773
f 5591/6755 5594/6774 5474/6775 5472/6756
f 5587/6735 5615/6760 5444/6761 5447/6736
f 5592/6758 5614/6754 5471/6757 5473/6759
f 5681/6776 5561/6777 5387/6606 5666/6605
f 5599/6778 5611/6779 5475/6780 5532/6781
f 5617/6782 5595/6770 5495/6773 5549/6783
f 5680/6784 5675/6692 5497/6695 5556/6785
f 5706/6786 5701/6671 5494/6664 5548/6787
f 5547/6788 5492/6663 5489/6670 5544/6657
f 5450/6789 5454/6790 5498/6791 5496/6792
f 5546/6793 5491/6667 5490/6660 5545/6794
f 5548/6787 5494/6664 5491/6667 5546/6793
f 5545/6794 5490/6660 5492/6663 5547/6788
f 5450/6789 5496/6792 5493/6795 5452/6796
f 5452/6796 5493/6795 5489/6670 5444/6669
f 5679/6797 5553/6798 5487/6598 5676/6597
f 5705/6799 5541/6800 5484/6569 5703/6579
f 5540/6801 5537/6562 5479/6577 5482/6566
f 5543/6802 5488/6573 5486/6576 5552/6563
f 5539/6803 5538/6804 5480/6565 5481/6570
f 5541/6800 5539/6803 5481/6570 5484/6569
f 5538/6804 5540/6801 5482/6566 5480/6565
f 5367/6575 5369/6805 5483/6806 5486/6576
f 5369/6805 5370/6578 5479/6577 5483/6806
f 5667/6807 5400/6808 5507/6809 5677/6810
f 5607/6811 5596/6812 5497/6813 5451/6814
f 5611/6815 5597/6816 5515/6817 5475/6818
f 5562/6646 5509/6688 5510/6691 5572/6687
f 5472/6819 5512/6820 5511/6821 5471/6822
f 5473/6823 5513/6824 5510/6691 5470/6690
f 5563/6645 5578/6825 5518/6684 5516/6683
f 5474/6826 5514/6827 5512/6820 5472/6819
f 5471/6822 5511/6821 5513/6824 5473/6823
f 5700/6828 5702/6829 5514/6827 5474/6826
f 5478/6686 5464/6689 5509/6688 5516/6683
f 5674/6830 5678/6831 5517/6832 5477/6833
f 5559/6552 5565/6592 5500/6594 5499/6593
f 5395/6834 5394/6835 5501/6836 5502/6837
f 5396/6838 5393/6595 5500/6594 5503/6839
f 5408/6840 5508/6841 5506/6842 5399/6843
f 5397/6844 5395/6834 5502/6837 5504/6845
f 5394/6835 5396/6838 5503/6839 5501/6836
f 5693/6846 5397/6844 5504/6845 5704/6847
f 5399/6843 5506/6842 5499/6593 5401/6596
f 5398/6848 5525/6849 5536/6850 5505/6851
f 5475/6818 5515/6817 5535/6852 5532/6853
f 5542/6854 5557/6855 5534/6856 5485/6857
f 5549/6783 5495/6773 5533/6858 5558/6859
f 5619/6860 5598/6712 5517/6715 5564/6861
f 5709/6862 5599/6778 5532/6781 5700/6863
f 5577/6745 5468/6741 5531/6864 5579/6865
f 5468/6741 5457/6740 5528/6866 5531/6864
f 5455/6753 5456/6752 5527/6867 5526/6868
f 5457/6740 5455/6753 5526/6868 5528/6866
f 5456/6752 5458/6763 5529/6869 5527/6867
f 5495/6773 5459/6772 5530/6870 5533/6858
f 5570/6871 5580/6872 5524/6873 5392/6874
f 5392/6874 5524/6873 5521/6875 5381/6876
f 5379/6877 5519/6878 5520/6879 5380/6880
f 5381/6876 5521/6875 5519/6878 5379/6877
f 5380/6880 5520/6879 5522/6881 5382/6882
f 5485/6857 5534/6856 5523/6883 5383/6884
f 5605/6885 5600/6886 5530/6887 5459/6888
f 5458/6763 5549/6783 5558/6859 5529/6869
f 5382/6882 5522/6881 5557/6855 5542/6854
f 5364/6558 5366/6557 5540/6801 5538/6804
f 5377/6560 5365/6559 5539/6803 5541/6800
f 5365/6559 5364/6558 5538/6804 5539/6803
f 5405/6564 5543/6802 5552/6563 5360/6526
f 5366/6557 5363/6541 5537/6562 5540/6801
f 5690/6582 5377/6560 5541/6800 5705/6799
f 5664/6604 5361/6603 5553/6798 5679/6797
f 5424/6652 5545/6794 5547/6788 5440/6653
f 5448/6654 5548/6787 5546/6793 5439/6655
f 5439/6655 5546/6793 5545/6794 5424/6652
f 5440/6653 5547/6788 5544/6657 5423/6636
f 5697/6674 5706/6786 5548/6787 5448/6654
f 5671/6697 5680/6784 5556/6785 5442/6698
f 5593/6762 5617/6782 5549/6783 5458/6763
f 5596/6812 5618/6716 5556/6719 5497/6813
f 5496/6792 5498/6791 5550/6668 5555/6658
f 5496/6792 5555/6658 5554/6656 5493/6795
f 5493/6795 5554/6656 5544/6657 5489/6670
f 5486/6576 5483/6806 5551/6561 5552/6563
f 5483/6806 5479/6577 5537/6562 5551/6561
f 5505/6851 5536/6850 5580/6872 5570/6871
f 5515/6817 5577/6745 5579/6865 5535/6852
f 5603/6742 5619/6860 5564/6861 5463/6743
f 5388/6551 5384/6547 5565/6592 5559/6552
f 5462/6644 5469/6643 5578/6825 5563/6645
f 5431/6647 5562/6646 5572/6687 5460/6642
f 5677/6810 5507/6809 5561/6777 5681/6776
f 5597/6816 5620/6744 5577/6745 5515/6817
f 5512/6820 5574/6682 5573/6680 5511/6821
f 5513/6824 5575/6681 5572/6687 5510/6691
f 5514/6827 5576/6679 5574/6682 5512/6820
f 5511/6821 5573/6680 5575/6681 5513/6824
f 5702/6829 5707/6678 5576/6679 5514/6827
f 5516/6683 5509/6688 5562/6646 5563/6645
f 5678/6831 5682/6611 5564/6614 5517/6832
f 5502/6837 5501/6836 5566/6588 5567/6590
f 5503/6839 5500/6594 5565/6592 5568/6589
f 5508/6841 5571/6591 5560/6550 5506/6842
f 5504/6845 5502/6837 5567/6590 5569/6587
f 5501/6836 5503/6839 5568/6589 5566/6588
f 5704/6847 5504/6845 5569/6587 5708/6586
f 5506/6842 5560/6550 5559/6552 5499/6593
f 5653/6889 5660/6890 5620/6744 5597/6816
f 5623/6891 5659/6892 5619/6860 5603/6742
f 5652/6893 5658/6894 5618/6716 5596/6812
f 5649/6895 5657/6896 5617/6782 5593/6762
f 5625/6897 5656/6898 5600/6886 5605/6885
f 5712/6899 5655/6900 5599/6778 5709/6862
f 5659/6892 5654/6901 5598/6712 5619/6860
f 5631/6902 5653/6889 5597/6816 5611/6815
f 5627/6903 5652/6893 5596/6812 5607/6811
f 5657/6896 5651/6904 5595/6770 5617/6782
f 5655/6900 5631/6905 5611/6779 5599/6778
f 5648/6906 5634/6907 5614/6754 5592/6758
f 5643/6908 5635/6909 5615/6760 5587/6735
f 5647/6910 5650/6911 5594/6774 5591/6755
f 5651/6904 5625/6912 5605/6771 5595/6770
f 5686/6913 5627/6914 5607/6767 5683/6766
f 5685/6915 5632/6916 5612/6746 5684/6764
f 5646/6917 5649/6895 5593/6762 5590/6751
f 5635/6909 5628/6918 5608/6732 5615/6760
f 5637/6919 5648/6906 5592/6758 5581/6709
f 5644/6920 5633/6921 5613/6750 5588/6739
f 5645/6922 5629/6923 5609/6734 5589/6748
f 5634/6907 5647/6910 5591/6755 5614/6754
f 5633/6921 5646/6917 5590/6751 5613/6750
f 5639/6924 5645/6922 5589/6748 5583/6725
f 5632/6916 5624/6925 5604/6720 5612/6746
f 5660/6890 5630/6926 5610/6738 5620/6744
f 5641/6927 5623/6891 5603/6742 5585/6705
f 5630/6926 5644/6920 5588/6739 5610/6738
f 5629/6923 5643/6908 5587/6735 5609/6734
f 5628/6918 5626/6928 5606/6728 5608/6732
f 5626/6928 5640/6929 5584/6729 5606/6728
f 5711/6930 5639/6924 5583/6725 5710/6724
f 5636/6931 5622/6932 5602/6704 5616/6722
f 5638/6933 5636/6931 5616/6722 5582/6717
f 5624/6925 5621/6934 5601/6708 5604/6720
f 5658/6894 5638/6933 5582/6717 5618/6716
f 5654/6901 5642/6935 5586/6713 5598/6712
f 5621/6934 5637/6919 5581/6709 5601/6708
f 5622/6932 5641/6927 5585/6705 5602/6704
f 5340/6610 5351/6607 5641/6927 5622/6932
f 5401/6936 5393/6937 5637/6919 5621/6934
f 5507/6809 5400/6808 5642/6935 5654/6901
f 5553/6798 5361/6603 5638/6933 5658/6894
f 5399/6938 5401/6936 5621/6934 5624/6925
f 5361/6603 5345/6602 5636/6931 5638/6933
f 5345/6602 5340/6610 5622/6932 5636/6931
f 5691/6939 5378/6940 5639/6924 5711/6930
f 5367/6941 5406/6942 5640/6929 5626/6928
f 5369/6943 5367/6941 5626/6928 5628/6918
f 5371/6944 5373/6945 5643/6908 5629/6923
f 5392/6946 5381/6947 5644/6920 5630/6926
f 5351/6607 5387/6606 5623/6891 5641/6927
f 5570/6948 5392/6946 5630/6926 5660/6890
f 5408/6949 5399/6938 5624/6925 5632/6916
f 5378/6940 5372/6950 5645/6922 5639/6924
f 5379/6951 5380/6952 5646/6917 5633/6921
f 5394/6953 5395/6954 5647/6910 5634/6907
f 5372/6950 5371/6944 5629/6923 5645/6922
f 5381/6947 5379/6951 5633/6921 5644/6920
f 5393/6937 5396/6955 5648/6906 5637/6919
f 5370/6956 5369/6943 5628/6918 5635/6909
f 5380/6952 5382/6957 5649/6895 5646/6917
f 5667/6958 5408/6949 5632/6916 5685/6915
f 5665/6959 5368/6960 5627/6914 5686/6913
f 5485/6961 5383/6962 5625/6912 5651/6904
f 5395/6954 5397/6963 5650/6911 5647/6910
f 5373/6945 5370/6956 5635/6909 5643/6908
f 5396/6955 5394/6953 5634/6907 5648/6906
f 5525/6964 5398/6965 5631/6905 5655/6900
f 5542/6966 5485/6961 5651/6904 5657/6896
f 5368/6599 5487/6598 5652/6893 5627/6903
f 5398/6967 5505/6968 5653/6889 5631/6902
f 5561/6777 5507/6809 5654/6901 5659/6892
f 5693/6969 5525/6964 5655/6900 5712/6899
f 5383/6970 5523/6971 5656/6898 5625/6897
f 5382/6957 5542/6966 5657/6896 5649/6895
f 5487/6598 5553/6798 5658/6894 5652/6893
f 5387/6606 5561/6777 5659/6892 5623/6891
f 5505/6968 5570/6948 5660/6890 5653/6889
f 5406/6942 5665/6959 5686/6913 5640/6929
f 5400/6972 5667/6958 5685/6915 5642/6973
f 5642/6973 5685/6915 5684/6764 5586/6974
f 5640/6929 5686/6913 5683/6766 5584/6729
f 5518/6684 5578/6825 5682/6611 5678/6831
f 5508/6841 5677/6810 5681/6776 5571/6591
f 5449/6659 5550/6668 5680/6784 5671/6697
f 5405/6564 5664/6604 5679/6797 5543/6802
f 5476/6685 5518/6684 5678/6831 5674/6830
f 5408/6840 5667/6807 5677/6810 5508/6841
f 5543/6802 5679/6797 5676/6597 5488/6573
f 5550/6668 5498/6791 5675/6692 5680/6784
f 5571/6591 5681/6776 5666/6605 5407/6548
f 5584/6729 5683/6766 5672/6769 5454/6730
f 5586/6974 5684/6764 5674/6765 5477/6975
f 5435/6624 5415/6623 5668/6702 5670/6700
f 5415/6623 5426/6637 5669/6696 5668/6702
f 5469/6643 5435/6624 5670/6700 5673/6612
f 5426/6637 5449/6659 5671/6697 5669/6696
f 5498/6791 5454/6790 5672/6693 5675/6692
f 5578/6825 5469/6643 5673/6612 5682/6611
f 5404/6527 5663/6608 5661/6609 5402/6528
f 5402/6528 5661/6609 5662/6601 5403/6542
f 5407/6548 5666/6605 5663/6608 5404/6527
f 5403/6542 5662/6601 5664/6604 5405/6564
f 5488/6573 5676/6597 5665/6600 5406/6574
f 5397/6963 5693/6969 5712/6899 5650/6911
f 5523/6971 5691/6939 5711/6930 5656/6898
f 5656/6898 5711/6930 5710/6724 5600/6886
f 5650/6911 5712/6899 5709/6862 5594/6774
f 5536/6850 5704/6847 5708/6586 5580/6872
f 5535/6852 5579/6865 5707/6678 5702/6829
f 5529/6869 5558/6859 5706/6786 5697/6674
f 5522/6881 5690/6582 5705/6799 5557/6855
f 5594/6774 5709/6862 5700/6863 5474/6775
f 5525/6849 5693/6846 5704/6847 5536/6850
f 5532/6853 5535/6852 5702/6829 5700/6828
f 5557/6855 5705/6799 5703/6579 5534/6856
f 5558/6859 5533/6858 5701/6671 5706/6786
f 5600/6886 5710/6724 5698/6727 5530/6887
f 5579/6865 5531/6864 5699/6677 5707/6678
f 5531/6864 5528/6866 5696/6675 5699/6677
f 5526/6868 5527/6867 5695/6673 5694/6676
f 5528/6866 5526/6868 5694/6676 5696/6675
f 5527/6867 5529/6869 5697/6674 5695/6673
f 5533/6858 5530/6870 5698/6672 5701/6671
f 5580/6872 5708/6586 5692/6585 5524/6873
f 5524/6873 5692/6585 5689/6583 5521/6875
f 5519/6878 5687/6584 5688/6581 5520/6879
f 5521/6875 5689/6583 5687/6584 5519/6878
f 5520/6879 5688/6581 5690/6582 5522/6881
f 5534/6856 5703/6579 5691/6580 5523/6883
f 5844/6976 5825/6977 5767/6978 5839/6979
f 5726/6980 5715/6981 5716/6982 5718/6983
f 5747/6984 5726/6980 5724/6985 5745/6986
f 5713/6987 5733/6988 5739/6989 5719/6990
f 5738/6991 5732/6992 5716/6982 5720/6993
f 5737/6994 5736/6995 5722/6996 5721/6997
f 5721/6997 5722/6996 5723/6998 5729/6999
f 5733/6988 5713/6987 5718/6983 5717/7000
f 5726/6980 5747/6984 5727/7001 5715/6981
f 5724/6985 5713/6987 5719/6990 5730/7002
f 5720/6993 5716/6982 5715/6981 5731/7003
f 5769/7004 5765/7005 5736/6995 5737/6994
f 5770/7006 5764/7007 5732/6992 5738/6991
f 5733/6988 5766/7008 5773/7009 5739/6989
f 5824/7010 5766/7008 5735/7011 5823/7012
f 5718/6983 5716/6982 5732/6992 5717/7000
f 5771/7013 5769/7004 5737/6994 5742/7014
f 5740/7015 5721/6997 5729/6999 5741/7016
f 5742/7014 5737/6994 5721/6997 5740/7015
f 5765/7005 5770/7006 5738/6991 5736/6995
f 5722/6996 5720/6993 5731/7003 5723/6998
f 5736/6995 5738/6991 5720/6993 5722/6996
f 5723/6998 5731/7003 5744/7017 5728/7018
f 5741/7016 5729/6999 5743/7019 5752/7020
f 5819/7021 5812/7022 5727/7001 5747/6984
f 5820/7023 5819/7021 5747/6984 5745/6986
f 5729/6999 5723/6998 5728/7018 5743/7019
f 5745/6986 5724/6985 5730/7002 5753/7024
f 5731/7003 5715/6981 5727/7001 5744/7017
f 5784/7025 5786/7026 5751/7027 5749/7028
f 5788/7029 5785/7030 5750/7031 5757/7032
f 5785/7030 5784/7025 5749/7028 5750/7031
f 5766/7008 5733/6988 5717/7000 5735/7011
f 5820/7023 5745/6986 5753/7024 5818/7033
f 5786/7026 5783/7034 5748/7035 5751/7027
f 6068/7036 5788/7029 5757/7032 6065/7037
f 6062/7038 5741/7016 5752/7020 6064/7039
f 6063/7040 5742/7014 5740/7015 6061/7041
f 6061/7041 5740/7015 5741/7016 6062/7038
f 6066/7042 5771/7013 5742/7014 6063/7040
f 6071/7043 5830/7044 5771/7013 6066/7042
f 5827/7045 5829/7046 5770/7006 5765/7005
f 5830/7044 5828/7047 5769/7004 5771/7013
f 5800/7048 5782/7049 5780/7050 5802/7051
f 5829/7046 5826/7052 5764/7007 5770/7006
f 5828/7047 5827/7045 5765/7005 5769/7004
f 5717/7000 5732/6992 5764/7007 5735/7011
f 5793/7053 5794/7054 5774/7055 5768/7056
f 5724/6985 5726/6980 5718/6983 5713/6987
f 5841/7057 5791/7058 5755/7059 5838/7060
f 5835/7061 5725/7062 5746/7063 5837/7064
f 5839/6979 5767/6978 5734/7065 5836/7066
f 5834/7067 5714/7068 5725/7062 5835/7061
f 5836/7066 5734/7065 5714/7068 5834/7067
f 5843/7069 5821/7070 5791/7058 5841/7057
f 6070/7071 5816/7072 5788/7029 6068/7036
f 5815/7073 5812/7022 5783/7034 5786/7026
f 5754/7074 5790/7075 5792/7076 5758/7077
f 5814/7078 5813/7079 5784/7025 5785/7030
f 5816/7072 5814/7078 5785/7030 5788/7029
f 5813/7079 5815/7073 5786/7026 5784/7025
f 5754/7074 5756/7080 5787/7081 5790/7075
f 5756/7080 5748/7035 5783/7034 5787/7081
f 5823/7012 5826/7052 5794/7054 5793/7053
f 5776/7082 5775/7083 5795/7084 5796/7085
f 5777/7086 5774/7055 5794/7054 5797/7087
f 5824/7010 5800/7048 5802/7051 5832/7088
f 5778/7089 5776/7082 5796/7085 5798/7090
f 5775/7083 5777/7086 5797/7087 5795/7084
f 6067/7091 5778/7089 5798/7090 6069/7092
f 5782/7049 5800/7048 5793/7053 5768/7056
f 5840/7093 5781/7094 5801/7095 5842/7096
f 5779/7097 5809/7098 5811/7099 5799/7100
f 5817/7101 5822/7102 5810/7103 5789/7104
f 5831/7105 5833/7106 5808/7107 5772/7108
f 5772/7108 5808/7107 5805/7109 5761/7110
f 5759/7111 5803/7112 5804/7113 5760/7114
f 5761/7110 5805/7109 5803/7112 5759/7111
f 5760/7114 5804/7113 5806/7115 5762/7116
f 5789/7104 5810/7103 5807/7117 5763/7118
f 5762/7116 5806/7115 5822/7102 5817/7101
f 5728/7018 5744/7017 5815/7073 5813/7079
f 5752/7020 5743/7019 5814/7078 5816/7072
f 5743/7019 5728/7018 5813/7079 5814/7078
f 5744/7017 5727/7001 5812/7022 5815/7073
f 6064/7039 5752/7020 5816/7072 6070/7071
f 5837/7064 5746/7063 5821/7070 5843/7069
f 5790/7075 5820/7023 5818/7033 5792/7076
f 5790/7075 5787/7081 5819/7021 5820/7023
f 5787/7081 5783/7034 5812/7022 5819/7021
f 5799/7100 5811/7099 5833/7106 5831/7105
f 5766/7008 5824/7010 5832/7088 5773/7009
f 5735/7011 5764/7007 5826/7052 5823/7012
f 5796/7085 5795/7084 5827/7045 5828/7047
f 5797/7087 5794/7054 5826/7052 5829/7046
f 5798/7090 5796/7085 5828/7047 5830/7044
f 5795/7084 5797/7087 5829/7046 5827/7045
f 6069/7092 5798/7090 5830/7044 6071/7043
f 5800/7048 5824/7010 5823/7012 5793/7053
f 5842/7096 5801/7095 5825/6977 5844/6976
f 5802/7051 5842/7096 5844/6976 5832/7088
f 5753/7024 5837/7064 5843/7069 5818/7033
f 5780/7050 5840/7093 5842/7096 5802/7051
f 5818/7033 5843/7069 5841/7057 5792/7076
f 5739/6989 5836/7066 5834/7067 5719/6990
f 5719/6990 5834/7067 5835/7061 5730/7002
f 5773/7009 5839/6979 5836/7066 5739/6989
f 5730/7002 5835/7061 5837/7064 5753/7024
f 5792/7076 5841/7057 5838/7060 5758/7077
f 5832/7088 5844/6976 5839/6979 5773/7009
f 5976/7119 5915/7120 5916/7121 5943/7122
f 5856/7123 5848/7124 5846/7125 5845/7126
f 5877/7127 5883/7128 5860/7129 5856/7123
f 5849/7130 5935/7131 5937/7132 5871/7133
f 5868/7134 5852/7135 5846/7125 5864/7136
f 5867/7137 5853/7138 5854/7139 5866/7140
f 5853/7138 5859/7141 5855/7142 5854/7139
f 5871/7133 5847/7143 5848/7124 5849/7130
f 5856/7123 5845/7126 5857/7144 5877/7127
f 5860/7129 5936/7145 5935/7131 5849/7130
f 5852/7135 5863/7146 5845/7126 5846/7125
f 5910/7147 5867/7137 5866/7140 5908/7148
f 5911/7149 5868/7134 5864/7136 5907/7150
f 5871/7133 5937/7132 5944/7151 5917/7152
f 5942/7153 5909/7154 5865/7155 5917/7152
f 5848/7124 5847/7143 5864/7136 5846/7125
f 5912/7156 5874/7157 5867/7137 5910/7147
f 5872/7158 5873/7159 5859/7141 5853/7138
f 5874/7157 5872/7158 5853/7138 5867/7137
f 5908/7148 5866/7140 5868/7134 5911/7149
f 5854/7139 5855/7142 5863/7146 5852/7135
f 5866/7140 5854/7139 5852/7135 5868/7134
f 5855/7142 5858/7160 5876/7161 5863/7146
f 5873/7159 5882/7162 5875/7163 5859/7141
f 5952/7164 5877/7127 5857/7144 5878/7165
f 5956/7166 5883/7128 5877/7127 5952/7164
f 5859/7141 5875/7163 5858/7160 5855/7142
f 5883/7128 5938/7167 5936/7145 5860/7129
f 5863/7146 5876/7161 5857/7144 5845/7126
f 5949/7168 5889/7169 5890/7170 5951/7171
f 5953/7172 5891/7173 5892/7174 5950/7175
f 5950/7175 5892/7174 5889/7169 5949/7168
f 5917/7152 5865/7155 5847/7143 5871/7133
f 5956/7166 5947/7176 5938/7167 5883/7128
f 5951/7171 5890/7170 5893/7177 5948/7178
f 6079/7179 6076/7180 5891/7173 5953/7172
f 6073/7181 6075/7182 5882/7162 5873/7159
f 6074/7183 6072/7184 5872/7158 5874/7157
f 6072/7184 6073/7181 5873/7159 5872/7158
f 6077/7185 6074/7183 5874/7157 5912/7156
f 6082/7186 6077/7185 5912/7156 5966/7187
f 5963/7188 5908/7148 5911/7149 5965/7189
f 5966/7187 5912/7156 5910/7147 5964/7190
f 5968/7191 5946/7192 5945/7193 5934/7194
f 5965/7189 5911/7149 5907/7150 5962/7195
f 5964/7190 5910/7147 5908/7148 5963/7188
f 5847/7143 5865/7155 5907/7150 5864/7136
f 5961/7196 5933/7197 5919/7198 5918/7199
f 5860/7129 5849/7130 5848/7124 5856/7123
f 5959/7200 5894/7201 5895/7202 5940/7203
f 5861/7204 5884/7205 5885/7206 5862/7207
f 5915/7120 5869/7208 5870/7209 5916/7121
f 5850/7210 5861/7204 5862/7207 5851/7211
f 5869/7208 5850/7210 5851/7211 5870/7209
f 5975/7212 5959/7200 5940/7203 5957/7213
f 6081/7214 6079/7179 5953/7172 5901/7215
f 5881/7216 5951/7171 5948/7178 5878/7165
f 5888/7217 5941/7218 5958/7219 5939/7220
f 5880/7221 5950/7175 5949/7168 5879/7222
f 5901/7215 5953/7172 5950/7175 5880/7221
f 5879/7222 5949/7168 5951/7171 5881/7216
f 5888/7217 5939/7220 5886/7223 5887/7224
f 5887/7224 5886/7223 5948/7178 5893/7177
f 5909/7154 5961/7196 5918/7199 5962/7195
f 5923/7225 5922/7226 5920/7227 5921/7228
f 5925/7229 5924/7230 5918/7199 5919/7198
f 5942/7153 5970/7231 5946/7192 5968/7191
f 5927/7232 5926/7233 5922/7226 5923/7225
f 5921/7228 5920/7227 5924/7230 5925/7229
f 6078/7234 6080/7235 5926/7233 5927/7232
f 5934/7194 5933/7197 5961/7196 5968/7191
f 5930/7236 5972/7237 5969/7238 5931/7239
f 5929/7240 5928/7241 5971/7242 5932/7243
f 5906/7244 5955/7245 5960/7246 5973/7247
f 5967/7248 5913/7249 5914/7250 5974/7251
f 5913/7249 5904/7252 5898/7253 5914/7250
f 5903/7254 5902/7255 5897/7256 5896/7257
f 5904/7252 5903/7254 5896/7257 5898/7253
f 5902/7255 5905/7258 5899/7259 5897/7256
f 5955/7245 5954/7260 5900/7261 5960/7246
f 5905/7258 5906/7244 5973/7247 5899/7259
f 5858/7160 5879/7222 5881/7216 5876/7161
f 5882/7162 5901/7215 5880/7221 5875/7163
f 5875/7163 5880/7221 5879/7222 5858/7160
f 5876/7161 5881/7216 5878/7165 5857/7144
f 6075/7182 6081/7214 5901/7215 5882/7162
f 5884/7205 5975/7212 5957/7213 5885/7206
f 5939/7220 5958/7219 5947/7176 5956/7166
f 5939/7220 5956/7166 5952/7164 5886/7223
f 5886/7223 5952/7164 5878/7165 5948/7178
f 5928/7241 5967/7248 5974/7251 5971/7242
f 5917/7152 5944/7151 5970/7231 5942/7153
f 5865/7155 5909/7154 5962/7195 5907/7150
f 5922/7226 5964/7190 5963/7188 5920/7227
f 5924/7230 5965/7189 5962/7195 5918/7199
f 5926/7233 5966/7187 5964/7190 5922/7226
f 5920/7227 5963/7188 5965/7189 5924/7230
f 6080/7235 6082/7186 5966/7187 5926/7233
f 5968/7191 5961/7196 5909/7154 5942/7153
f 5972/7237 5976/7119 5943/7122 5969/7238
f 5946/7192 5970/7231 5976/7119 5972/7237
f 5938/7167 5947/7176 5975/7212 5884/7205
f 5945/7193 5946/7192 5972/7237 5930/7236
f 5947/7176 5958/7219 5959/7200 5975/7212
f 5937/7132 5935/7131 5850/7210 5869/7208
f 5935/7131 5936/7145 5861/7204 5850/7210
f 5944/7151 5937/7132 5869/7208 5915/7120
f 5936/7145 5938/7167 5884/7205 5861/7204
f 5958/7219 5941/7218 5894/7201 5959/7200
f 5970/7231 5944/7151 5915/7120 5976/7119
f 6041/7262 6019/7263 5919/7264 5933/7265
f 6042/7266 6020/7267 5931/7268 5969/7269
f 6043/7270 6041/7262 5933/7265 5934/7271
f 6044/7272 6021/7273 5940/7274 5895/7275
f 6045/7276 6022/7277 5900/7278 5954/7279
f 6046/7280 6023/7281 5941/7282 5888/7283
f 6047/7284 6024/7285 5870/7286 5851/7287
f 6048/7288 6025/7289 5913/7249 5967/7248
f 6049/7290 6026/7291 5929/7292 5932/7293
f 6086/7294 6027/7295 5891/7296 6076/7297
f 6050/7298 6028/7299 5943/7300 5916/7301
f 6025/7289 6029/7302 5904/7252 5913/7249
f 6051/7303 6047/7284 5851/7287 5862/7304
f 6052/7305 6045/7306 5954/7260 5955/7245
f 6026/7307 6030/7308 5928/7241 5929/7240
f 6053/7309 6052/7305 5955/7245 5906/7244
f 6054/7310 6043/7270 5934/7271 5945/7311
f 6055/7312 6046/7280 5888/7283 5887/7313
f 6023/7281 6031/7314 5894/7315 5941/7282
f 6056/7316 6032/7317 5923/7318 5921/7319
f 6057/7320 6033/7321 5890/7322 5889/7323
f 6021/7273 6034/7324 5957/7325 5940/7274
f 6019/7263 6035/7326 5925/7327 5919/7264
f 6027/7295 6036/7328 5892/7329 5891/7296
f 6024/7285 6050/7298 5916/7301 5870/7286
f 6058/7330 6037/7331 5902/7255 5903/7254
f 6059/7332 6054/7310 5945/7311 5930/7333
f 6020/7334 6059/7332 5930/7333 5931/7335
f 6036/7328 6057/7320 5889/7323 5892/7329
f 6029/7302 6058/7330 5903/7254 5904/7252
f 6032/7317 6038/7336 5927/7337 5923/7318
f 6034/7324 6039/7338 5885/7339 5957/7325
f 6060/7340 6055/7312 5887/7313 5893/7341
f 6028/7299 6042/7266 5969/7269 5943/7300
f 6037/7331 6040/7342 5905/7258 5902/7255
f 6035/7326 6056/7316 5921/7319 5925/7327
f 6031/7314 6044/7343 5895/7344 5894/7315
f 6030/7308 6048/7288 5967/7248 5928/7241
f 6039/7338 6051/7303 5862/7304 5885/7339
f 6040/7342 6053/7309 5906/7244 5905/7258
f 6085/7345 6049/7290 5932/7293 6078/7346
f 6033/7321 6060/7340 5893/7341 5890/7322
f 5751/7347 5748/7348 6017/7349 6007/7350
f 6067/7351 5809/7352 5993/7353 6083/7354
f 5762/7355 5817/7356 6001/7357 6018/7358
f 5746/7359 5725/7360 5998/7361 6016/7362
f 5799/7363 5831/7364 5991/7365 6000/7366
f 5838/7367 5755/7368 5983/7369 6004/7370
f 5777/7371 5775/7372 6006/7373 6010/7374
f 5760/7375 5762/7355 6018/7358 6012/7376
f 5825/7377 5801/7378 5980/7379 5995/7380
f 5748/7348 5756/7381 6003/7382 6017/7349
f 5821/7383 5746/7359 6016/7362 6009/7384
f 5776/7385 5778/7386 6015/7387 6005/7388
f 5761/7389 5759/7390 6013/7391 5997/7392
f 5750/7393 5749/7394 6008/7395 6011/7396
f 5781/7397 5840/7398 6014/7399 5979/7400
f 5840/7398 5780/7401 6002/7402 6014/7399
f 5759/7390 5760/7375 6012/7376 6013/7391
f 5734/7403 5767/7404 5996/7405 5988/7406
f 5757/7407 5750/7393 6011/7396 5994/7408
f 5774/7409 5777/7371 6010/7374 5977/7410
f 5791/7411 5821/7383 6009/7384 5982/7412
f 5749/7394 5751/7347 6007/7350 6008/7395
f 5775/7372 5776/7385 6005/7388 6006/7373
f 5758/7413 5838/7367 6004/7370 5986/7414
f 5756/7381 5754/7415 5987/7416 6003/7382
f 5780/7401 5782/7417 5981/7418 6002/7402
f 5817/7356 5789/7419 5999/7420 6001/7357
f 5779/7421 5799/7363 6000/7366 5992/7422
f 5789/7419 5763/7423 5985/7424 5999/7420
f 5725/7360 5714/7425 5989/7426 5998/7361
f 5772/7427 5761/7389 5997/7392 5990/7428
f 5767/7404 5825/7377 5995/7380 5996/7405
f 6065/7429 5757/7407 5994/7408 6084/7430
f 5809/7352 5779/7431 5992/7432 5993/7353
f 5831/7364 5772/7427 5990/7428 5991/7365
f 5714/7425 5734/7403 5988/7406 5989/7426
f 5754/7415 5758/7413 5986/7414 5987/7416
f 5763/7433 5807/7434 5984/7435 5985/7436
f 5755/7437 5791/7411 5982/7412 5983/7438
f 5782/7417 5768/7439 5978/7440 5981/7418
f 5801/7378 5781/7441 5979/7442 5980/7379
f 5768/7439 5774/7409 5977/7410 5978/7440
f 6007/7350 6017/7349 6060/7340 6033/7321
f 6083/7354 5993/7353 6049/7290 6085/7345
f 6018/7358 6001/7357 6053/7309 6040/7342
f 6016/7362 5998/7361 6051/7303 6039/7338
f 6000/7366 5991/7365 6048/7288 6030/7308
f 6004/7370 5983/7369 6044/7343 6031/7314
f 6010/7374 6006/7373 6056/7316 6035/7326
f 6012/7376 6018/7358 6040/7342 6037/7331
f 5995/7380 5980/7379 6042/7266 6028/7299
f 6017/7349 6003/7382 6055/7312 6060/7340
f 6009/7384 6016/7362 6039/7338 6034/7324
f 6005/7388 6015/7387 6038/7336 6032/7317
f 5997/7392 6013/7391 6058/7330 6029/7302
f 6011/7396 6008/7395 6057/7320 6036/7328
f 5979/7400 6014/7399 6059/7332 6020/7334
f 6014/7399 6002/7402 6054/7310 6059/7332
f 6013/7391 6012/7376 6037/7331 6058/7330
f 5988/7406 5996/7405 6050/7298 6024/7285
f 5994/7408 6011/7396 6036/7328 6027/7295
f 5977/7410 6010/7374 6035/7326 6019/7263
f 5982/7412 6009/7384 6034/7324 6021/7273
f 6008/7395 6007/7350 6033/7321 6057/7320
f 6006/7373 6005/7388 6032/7317 6056/7316
f 5986/7414 6004/7370 6031/7314 6023/7281
f 6003/7382 5987/7416 6046/7280 6055/7312
f 6002/7402 5981/7418 6043/7270 6054/7310
f 6001/7357 5999/7420 6052/7305 6053/7309
f 5992/7422 6000/7366 6030/7308 6026/7307
f 5999/7420 5985/7424 6045/7306 6052/7305
f 5998/7361 5989/7426 6047/7284 6051/7303
f 5990/7428 5997/7392 6029/7302 6025/7289
f 5996/7405 5995/7380 6028/7299 6050/7298
f 6084/7430 5994/7408 6027/7295 6086/7294
f 5993/7353 5992/7432 6026/7291 6049/7290
f 5991/7365 5990/7428 6025/7289 6048/7288
f 5989/7426 5988/7406 6024/7285 6047/7284
f 5987/7416 5986/7414 6023/7281 6046/7280
f 5985/7436 5984/7435 6022/7277 6045/7276
f 5983/7438 5982/7412 6021/7273 6044/7272
f 5981/7418 5978/7440 6041/7262 6043/7270
f 5980/7379 5979/7442 6020/7267 6042/7266
f 5978/7440 5977/7410 6019/7263 6041/7262
f 5984/7435 6084/7430 6086/7294 6022/7277
f 6015/7387 6083/7354 6085/7345 6038/7336
f 5807/7434 6065/7429 6084/7430 5984/7435
f 5778/7386 6067/7351 6083/7354 6015/7387
f 6038/7336 6085/7345 6078/7346 5927/7337
f 6022/7277 6086/7294 6076/7297 5900/7278
f 5971/7242 5974/7251 6082/7186 6080/7235
f 5899/7259 5973/7247 6081/7214 6075/7182
f 5932/7243 5971/7242 6080/7235 6078/7234
f 5973/7247 5960/7246 6079/7179 6081/7214
f 5974/7251 5914/7250 6077/7185 6082/7186
f 5914/7250 5898/7253 6074/7183 6077/7185
f 5896/7257 5897/7256 6073/7181 6072/7184
f 5898/7253 5896/7257 6072/7184 6074/7183
f 5897/7256 5899/7259 6075/7182 6073/7181
f 5960/7246 5900/7261 6076/7180 6079/7179
f 5811/7099 6069/7092 6071/7043 5833/7106
f 5806/7115 6064/7039 6070/7071 5822/7102
f 5809/7098 6067/7091 6069/7092 5811/7099
f 5822/7102 6070/7071 6068/7036 5810/7103
f 5833/7106 6071/7043 6066/7042 5808/7107
f 5808/7107 6066/7042 6063/7040 5805/7109
f 5803/7112 6061/7041 6062/7038 5804/7113
f 5805/7109 6063/7040 6061/7041 5803/7112
f 5804/7113 6062/7038 6064/7039 5806/7115
f 5810/7103 6068/7036 6065/7037 5807/7117
f 6218/7443 6157/7444 6158/7445 6185/7446
f 6098/7447 6090/7448 6088/7449 6087/7450
f 6119/7451 6125/7452 6102/7453 6098/7447
f 6091/7454 6177/7455 6179/7456 6113/7457
f 6110/7458 6094/7459 6088/7449 6106/7460
f 6109/7461 6095/7462 6096/7463 6108/7464
f 6095/7462 6101/7465 6097/7466 6096/7463
f 6113/7457 6089/7467 6090/7448 6091/7454
f 6098/7447 6087/7450 6099/7468 6119/7451
f 6102/7453 6178/7469 6177/7455 6091/7454
f 6094/7459 6105/7470 6087/7450 6088/7449
f 6152/7471 6109/7461 6108/7464 6150/7472
f 6153/7473 6110/7458 6106/7460 6149/7474
f 6113/7457 6179/7456 6186/7475 6159/7476
f 6184/7477 6151/7478 6107/7479 6159/7476
f 6090/7448 6089/7467 6106/7460 6088/7449
f 6154/7480 6116/7481 6109/7461 6152/7471
f 6114/7482 6115/7483 6101/7465 6095/7462
f 6116/7481 6114/7482 6095/7462 6109/7461
f 6150/7472 6108/7464 6110/7458 6153/7473
f 6096/7463 6097/7466 6105/7470 6094/7459
f 6108/7464 6096/7463 6094/7459 6110/7458
f 6097/7466 6100/7484 6118/7485 6105/7470
f 6115/7483 6124/7486 6117/7487 6101/7465
f 6194/7488 6119/7451 6099/7468 6120/7489
f 6198/7490 6125/7452 6119/7451 6194/7488
f 6101/7465 6117/7487 6100/7484 6097/7466
f 6125/7452 6180/7491 6178/7469 6102/7453
f 6105/7470 6118/7485 6099/7468 6087/7450
f 6191/7492 6131/7493 6132/7494 6193/7495
f 6195/7496 6133/7497 6134/7498 6192/7499
f 6192/7499 6134/7498 6131/7493 6191/7492
f 6159/7476 6107/7479 6089/7467 6113/7457
f 6198/7490 6189/7500 6180/7491 6125/7452
f 6193/7495 6132/7494 6135/7501 6190/7502
f 6358/7503 6355/7504 6133/7497 6195/7496
f 6352/7505 6354/7506 6124/7486 6115/7483
f 6353/7507 6351/7508 6114/7482 6116/7481
f 6351/7508 6352/7505 6115/7483 6114/7482
f 6356/7509 6353/7507 6116/7481 6154/7480
f 6361/7510 6356/7509 6154/7480 6208/7511
f 6205/7512 6150/7472 6153/7473 6207/7513
f 6208/7511 6154/7480 6152/7471 6206/7514
f 6210/7515 6188/7516 6187/7517 6176/7518
f 6207/7513 6153/7473 6149/7474 6204/7519
f 6206/7514 6152/7471 6150/7472 6205/7512
f 6089/7467 6107/7479 6149/7474 6106/7460
f 6203/7520 6175/7521 6161/7522 6160/7523
f 6102/7453 6091/7454 6090/7448 6098/7447
f 6201/7524 6136/7525 6137/7526 6182/7527
f 6103/7528 6126/7529 6127/7530 6104/7531
f 6157/7444 6111/7532 6112/7533 6158/7445
f 6092/7534 6103/7528 6104/7531 6093/7535
f 6111/7532 6092/7534 6093/7535 6112/7533
f 6217/7536 6201/7524 6182/7527 6199/7537
f 6360/7538 6358/7503 6195/7496 6143/7539
f 6123/7540 6193/7495 6190/7502 6120/7489
f 6130/7541 6183/7542 6200/7543 6181/7544
f 6122/7545 6192/7499 6191/7492 6121/7546
f 6143/7539 6195/7496 6192/7499 6122/7545
f 6121/7546 6191/7492 6193/7495 6123/7540
f 6130/7541 6181/7544 6128/7547 6129/7548
f 6129/7548 6128/7547 6190/7502 6135/7501
f 6151/7478 6203/7520 6160/7523 6204/7519
f 6165/7549 6164/7550 6162/7551 6163/7552
f 6167/7553 6166/7554 6160/7523 6161/7522
f 6184/7477 6212/7555 6188/7516 6210/7515
f 6169/7556 6168/7557 6164/7550 6165/7549
f 6163/7552 6162/7551 6166/7554 6167/7553
f 6357/7558 6359/7559 6168/7557 6169/7556
f 6176/7518 6175/7521 6203/7520 6210/7515
f 6172/7560 6214/7561 6211/7562 6173/7563
f 6171/7564 6170/7565 6213/7566 6174/7567
f 6148/7568 6197/7569 6202/7570 6215/7571
f 6209/7572 6155/7573 6156/7574 6216/7575
f 6155/7573 6146/7576 6140/7577 6156/7574
f 6145/7578 6144/7579 6139/7580 6138/7581
f 6146/7576 6145/7578 6138/7581 6140/7577
f 6144/7579 6147/7582 6141/7583 6139/7580
f 6197/7569 6196/7584 6142/7585 6202/7570
f 6147/7582 6148/7568 6215/7571 6141/7583
f 6100/7484 6121/7546 6123/7540 6118/7485
f 6124/7486 6143/7539 6122/7545 6117/7487
f 6117/7487 6122/7545 6121/7546 6100/7484
f 6118/7485 6123/7540 6120/7489 6099/7468
f 6354/7506 6360/7538 6143/7539 6124/7486
f 6126/7529 6217/7536 6199/7537 6127/7530
f 6181/7544 6200/7543 6189/7500 6198/7490
f 6181/7544 6198/7490 6194/7488 6128/7547
f 6128/7547 6194/7488 6120/7489 6190/7502
f 6170/7565 6209/7572 6216/7575 6213/7566
f 6159/7476 6186/7475 6212/7555 6184/7477
f 6107/7479 6151/7478 6204/7519 6149/7474
f 6164/7550 6206/7514 6205/7512 6162/7551
f 6166/7554 6207/7513 6204/7519 6160/7523
f 6168/7557 6208/7511 6206/7514 6164/7550
f 6162/7551 6205/7512 6207/7513 6166/7554
f 6359/7559 6361/7510 6208/7511 6168/7557
f 6210/7515 6203/7520 6151/7478 6184/7477
f 6214/7561 6218/7443 6185/7446 6211/7562
f 6188/7516 6212/7555 6218/7443 6214/7561
f 6180/7491 6189/7500 6217/7536 6126/7529
f 6187/7517 6188/7516 6214/7561 6172/7560
f 6189/7500 6200/7543 6201/7524 6217/7536
f 6179/7456 6177/7455 6092/7534 6111/7532
f 6177/7455 6178/7469 6103/7528 6092/7534
f 6186/7475 6179/7456 6111/7532 6157/7444
f 6178/7469 6180/7491 6126/7529 6103/7528
f 6200/7543 6183/7542 6136/7525 6201/7524
f 6212/7555 6186/7475 6157/7444 6218/7443
f 6350/7586 6317/7587 6290/7588 6289/7589
f 6230/7590 6219/7591 6220/7592 6222/7593
f 6251/7594 6230/7590 6234/7595 6257/7596
f 6223/7597 6245/7598 6311/7599 6309/7600
f 6242/7601 6238/7602 6220/7592 6226/7603
f 6241/7604 6240/7605 6228/7606 6227/7607
f 6227/7607 6228/7606 6229/7608 6233/7609
f 6245/7598 6223/7597 6222/7593 6221/7610
f 6230/7590 6251/7594 6231/7611 6219/7591
f 6234/7595 6223/7597 6309/7600 6310/7612
f 6226/7603 6220/7592 6219/7591 6237/7613
f 6284/7614 6282/7615 6240/7605 6241/7604
f 6285/7616 6281/7617 6238/7602 6242/7601
f 6245/7598 6291/7618 6318/7619 6311/7599
f 6316/7620 6291/7618 6239/7621 6283/7622
f 6222/7593 6220/7592 6238/7602 6221/7610
f 6286/7623 6284/7614 6241/7604 6248/7624
f 6246/7625 6227/7607 6233/7609 6247/7626
f 6248/7624 6241/7604 6227/7607 6246/7625
f 6282/7615 6285/7616 6242/7601 6240/7605
f 6228/7606 6226/7603 6237/7613 6229/7608
f 6240/7605 6242/7601 6226/7603 6228/7606
f 6229/7608 6237/7613 6250/7627 6232/7628
f 6247/7626 6233/7609 6249/7629 6256/7630
f 6326/7631 6252/7632 6231/7611 6251/7594
f 6330/7633 6326/7631 6251/7594 6257/7596
f 6233/7609 6229/7608 6232/7628 6249/7629
f 6257/7596 6234/7595 6310/7612 6312/7634
f 6237/7613 6219/7591 6231/7611 6250/7627
f 6323/7635 6325/7636 6264/7637 6263/7638
f 6327/7639 6324/7640 6266/7641 6265/7642
f 6324/7640 6323/7635 6263/7638 6266/7641
f 6291/7618 6245/7598 6221/7610 6239/7621
f 6330/7633 6257/7596 6312/7634 6321/7643
f 6325/7636 6322/7644 6267/7645 6264/7637
f 6369/7646 6327/7639 6265/7642 6366/7647
f 6363/7648 6247/7626 6256/7630 6365/7649
f 6364/7650 6248/7624 6246/7625 6362/7651
f 6362/7651 6246/7625 6247/7626 6363/7648
f 6367/7652 6286/7623 6248/7624 6364/7650
f 6372/7653 6340/7654 6286/7623 6367/7652
f 6337/7655 6339/7656 6285/7616 6282/7615
f 6340/7654 6338/7657 6284/7614 6286/7623
f 6342/7658 6308/7659 6319/7660 6320/7661
f 6339/7656 6336/7662 6281/7617 6285/7616
f 6338/7657 6337/7655 6282/7615 6284/7614
f 6221/7610 6238/7602 6281/7617 6239/7621
f 6335/7663 6292/7664 6293/7665 6307/7666
f 6234/7595 6230/7590 6222/7593 6223/7597
f 6333/7667 6314/7668 6269/7669 6268/7670
f 6235/7671 6236/7672 6259/7673 6258/7674
f 6289/7589 6290/7588 6244/7675 6243/7676
f 6224/7677 6225/7678 6236/7672 6235/7671
f 6243/7676 6244/7675 6225/7678 6224/7677
f 6349/7679 6331/7680 6314/7668 6333/7667
f 6371/7681 6275/7682 6327/7639 6369/7646
f 6255/7683 6252/7632 6322/7644 6325/7636
f 6262/7684 6313/7685 6332/7686 6315/7687
f 6254/7688 6253/7689 6323/7635 6324/7640
f 6275/7682 6254/7688 6324/7640 6327/7639
f 6253/7689 6255/7683 6325/7636 6323/7635
f 6262/7684 6261/7690 6260/7691 6313/7685
f 6261/7690 6267/7645 6322/7644 6260/7691
f 6283/7622 6336/7662 6292/7664 6335/7663
f 6297/7692 6295/7693 6294/7694 6296/7695
f 6299/7696 6293/7665 6292/7664 6298/7697
f 6316/7620 6342/7658 6320/7661 6344/7698
f 6301/7699 6297/7692 6296/7695 6300/7700
f 6295/7693 6299/7696 6298/7697 6294/7694
f 6368/7701 6301/7699 6300/7700 6370/7702
f 6308/7659 6342/7658 6335/7663 6307/7666
f 6304/7703 6305/7704 6343/7705 6346/7706
f 6303/7707 6306/7708 6345/7709 6302/7710
f 6280/7711 6347/7712 6334/7713 6329/7714
f 6341/7715 6348/7716 6288/7717 6287/7718
f 6287/7718 6288/7717 6272/7719 6278/7720
f 6277/7721 6270/7722 6271/7723 6276/7724
f 6278/7720 6272/7719 6270/7722 6277/7721
f 6276/7724 6271/7723 6273/7725 6279/7726
f 6329/7714 6334/7713 6274/7727 6328/7728
f 6279/7726 6273/7725 6347/7712 6280/7711
f 6232/7628 6250/7627 6255/7683 6253/7689
f 6256/7630 6249/7629 6254/7688 6275/7682
f 6249/7629 6232/7628 6253/7689 6254/7688
f 6250/7627 6231/7611 6252/7632 6255/7683
f 6365/7649 6256/7630 6275/7682 6371/7681
f 6258/7674 6259/7673 6331/7680 6349/7679
f 6313/7685 6330/7633 6321/7643 6332/7686
f 6313/7685 6260/7691 6326/7631 6330/7633
f 6260/7691 6322/7644 6252/7632 6326/7631
f 6302/7710 6345/7709 6348/7716 6341/7715
f 6291/7618 6316/7620 6344/7698 6318/7619
f 6239/7621 6281/7617 6336/7662 6283/7622
f 6296/7695 6294/7694 6337/7655 6338/7657
f 6298/7697 6292/7664 6336/7662 6339/7656
f 6300/7700 6296/7695 6338/7657 6340/7654
f 6294/7694 6298/7697 6339/7656 6337/7655
f 6370/7702 6300/7700 6340/7654 6372/7653
f 6342/7658 6316/7620 6283/7622 6335/7663
f 6346/7706 6343/7705 6317/7587 6350/7586
f 6320/7661 6346/7706 6350/7586 6344/7698
f 6312/7634 6258/7674 6349/7679 6321/7643
f 6319/7660 6304/7703 6346/7706 6320/7661
f 6321/7643 6349/7679 6333/7667 6332/7686
f 6311/7599 6243/7676 6224/7677 6309/7600
f 6309/7600 6224/7677 6235/7671 6310/7612
f 6318/7619 6289/7589 6243/7676 6311/7599
f 6310/7612 6235/7671 6258/7674 6312/7634
f 6332/7686 6333/7667 6268/7670 6315/7687
f 6344/7698 6350/7586 6289/7589 6318/7619
f 6422/7729 6421/7730 6261/7731 6262/7732
f 6424/7733 6423/7734 6263/7735 6264/7736
f 6426/7737 6425/7738 6265/7739 6266/7740
f 6423/7734 6426/7737 6266/7740 6263/7735
f 6421/7730 6427/7741 6267/7742 6261/7731
f 6429/7743 6428/7744 6268/7745 6269/7746
f 6427/7741 6424/7733 6264/7736 6267/7742
f 6460/7747 6430/7748 6274/7749 6366/7750
f 6431/7751 6432/7752 6277/7753 6276/7754
f 6432/7752 6433/7755 6278/7756 6277/7753
f 6434/7757 6431/7751 6276/7754 6279/7758
f 6435/7759 6434/7757 6279/7758 6280/7760
f 6433/7755 6436/7761 6287/7762 6278/7756
f 6443/7763 6444/7764 6303/7765 6302/7766
f 6440/7767 6439/7768 6295/7769 6297/7770
f 6441/7771 6438/7772 6293/7773 6299/7774
f 6445/7775 6446/7776 6305/7777 6304/7778
f 6442/7779 6440/7767 6297/7770 6301/7780
f 6439/7768 6441/7771 6299/7774 6295/7769
f 6459/7781 6442/7779 6301/7780 6368/7782
f 6438/7772 6448/7783 6307/7784 6293/7773
f 6448/7783 6449/7785 6308/7786 6307/7784
f 6419/7787 6417/7788 6225/7789 6244/7790
f 6417/7788 6418/7791 6236/7792 6225/7789
f 6437/7793 6419/7787 6244/7790 6290/7794
f 6418/7791 6420/7795 6259/7796 6236/7792
f 6450/7797 6429/7798 6269/7799 6314/7800
f 6451/7801 6422/7729 6262/7732 6315/7802
f 6452/7803 6437/7793 6290/7794 6317/7804
f 6449/7785 6453/7805 6319/7806 6308/7786
f 6454/7807 6455/7808 6329/7809 6328/7810
f 6456/7811 6450/7797 6314/7800 6331/7812
f 6457/7813 6443/7763 6302/7766 6341/7814
f 6446/7815 6458/7816 6343/7817 6305/7818
f 6430/7748 6454/7819 6328/7820 6274/7749
f 6444/7821 6447/7822 6306/7823 6303/7824
f 6455/7808 6435/7759 6280/7760 6329/7809
f 6420/7795 6456/7811 6331/7812 6259/7796
f 6458/7816 6452/7803 6317/7804 6343/7817
f 6436/7761 6457/7813 6341/7814 6287/7762
f 6428/7744 6451/7801 6315/7802 6268/7745
f 6453/7805 6445/7775 6304/7778 6319/7806
f 6447/7822 6459/7781 6368/7782 6306/7823
f 6425/7738 6460/7747 6366/7750 6265/7739
f 6345/7709 6370/7702 6372/7653 6348/7716
f 6273/7725 6365/7649 6371/7681 6347/7712
f 6306/7708 6368/7701 6370/7702 6345/7709
f 6347/7712 6371/7681 6369/7646 6334/7713
f 6348/7716 6372/7653 6367/7652 6288/7717
f 6288/7717 6367/7652 6364/7650 6272/7719
f 6270/7722 6362/7651 6363/7648 6271/7723
f 6272/7719 6364/7650 6362/7651 6270/7722
f 6271/7723 6363/7648 6365/7649 6273/7725
f 6334/7713 6369/7646 6366/7647 6274/7727
f 6213/7566 6216/7575 6361/7510 6359/7559
f 6141/7583 6215/7571 6360/7538 6354/7506
f 6174/7567 6213/7566 6359/7559 6357/7558
f 6215/7571 6202/7570 6358/7503 6360/7538
f 6216/7575 6156/7574 6356/7509 6361/7510
f 6156/7574 6140/7577 6353/7507 6356/7509
f 6138/7581 6139/7580 6352/7505 6351/7508
f 6140/7577 6138/7581 6351/7508 6353/7507
f 6139/7580 6141/7583 6354/7506 6352/7505
f 6202/7570 6142/7585 6355/7504 6358/7503
f 6133/7825 6355/7826 6416/7827 6381/7828
f 6174/7829 6357/7830 6415/7831 6403/7832
f 6187/7833 6172/7834 6401/7835 6409/7836
f 6136/7837 6183/7838 6407/7839 6384/7840
f 6155/7573 6209/7572 6413/7841 6392/7842
f 6211/7843 6185/7844 6408/7845 6414/7846
f 6127/7847 6199/7848 6412/7849 6376/7850
f 6197/7569 6148/7568 6391/7851 6411/7852
f 6171/7853 6174/7829 6403/7832 6400/7854
f 6142/7855 6196/7856 6410/7857 6386/7858
f 6173/7859 6211/7843 6414/7846 6402/7860
f 6209/7572 6170/7565 6399/7861 6413/7841
f 6199/7848 6182/7862 6406/7863 6412/7849
f 6196/7584 6197/7569 6411/7852 6410/7864
f 6176/7865 6187/7833 6409/7836 6405/7866
f 6185/7844 6158/7867 6393/7868 6408/7845
f 6183/7838 6130/7869 6378/7870 6407/7839
f 6182/7862 6137/7871 6385/7872 6406/7863
f 6104/7873 6127/7847 6376/7850 6374/7874
f 6158/7867 6112/7875 6375/7876 6393/7868
f 6093/7877 6104/7873 6374/7874 6373/7878
f 6112/7875 6093/7877 6373/7878 6375/7876
f 6175/7879 6176/7865 6405/7866 6404/7880
f 6161/7881 6175/7879 6404/7880 6394/7882
f 6357/7830 6169/7883 6398/7884 6415/7831
f 6163/7885 6167/7886 6397/7887 6395/7888
f 6169/7883 6165/7889 6396/7890 6398/7884
f 6172/7834 6173/7891 6402/7892 6401/7835
f 6167/7886 6161/7881 6394/7882 6397/7887
f 6165/7889 6163/7885 6395/7888 6396/7890
f 6170/7565 6171/7564 6400/7893 6399/7861
f 6146/7576 6155/7573 6392/7842 6389/7894
f 6148/7568 6147/7582 6390/7895 6391/7851
f 6147/7582 6144/7579 6387/7896 6390/7895
f 6145/7578 6146/7576 6389/7894 6388/7897
f 6144/7579 6145/7578 6388/7897 6387/7896
f 6355/7826 6142/7855 6386/7858 6416/7827
f 6135/7898 6132/7899 6380/7900 6383/7901
f 6137/7902 6136/7837 6384/7840 6385/7903
f 6129/7904 6135/7898 6383/7901 6377/7905
f 6131/7906 6134/7907 6382/7908 6379/7909
f 6134/7907 6133/7825 6381/7828 6382/7908
f 6132/7899 6131/7906 6379/7909 6380/7900
f 6130/7869 6129/7904 6377/7905 6378/7870
f 6381/7828 6416/7827 6460/7747 6425/7738
f 6403/7832 6415/7831 6459/7781 6447/7822
f 6409/7836 6401/7835 6445/7775 6453/7805
f 6384/7840 6407/7839 6451/7801 6428/7744
f 6392/7842 6413/7841 6457/7813 6436/7761
f 6414/7846 6408/7845 6452/7803 6458/7816
f 6376/7850 6412/7849 6456/7811 6420/7795
f 6411/7852 6391/7851 6435/7759 6455/7808
f 6400/7854 6403/7832 6447/7822 6444/7821
f 6386/7858 6410/7857 6454/7819 6430/7748
f 6402/7860 6414/7846 6458/7816 6446/7815
f 6413/7841 6399/7861 6443/7763 6457/7813
f 6412/7849 6406/7863 6450/7797 6456/7811
f 6410/7864 6411/7852 6455/7808 6454/7807
f 6405/7866 6409/7836 6453/7805 6449/7785
f 6408/7845 6393/7868 6437/7793 6452/7803
f 6407/7839 6378/7870 6422/7729 6451/7801
f 6406/7863 6385/7872 6429/7798 6450/7797
f 6374/7874 6376/7850 6420/7795 6418/7791
f 6393/7868 6375/7876 6419/7787 6437/7793
f 6373/7878 6374/7874 6418/7791 6417/7788
f 6375/7876 6373/7878 6417/7788 6419/7787
f 6404/7880 6405/7866 6449/7785 6448/7783
f 6394/7882 6404/7880 6448/7783 6438/7772
f 6415/7831 6398/7884 6442/7779 6459/7781
f 6395/7888 6397/7887 6441/7771 6439/7768
f 6398/7884 6396/7890 6440/7767 6442/7779
f 6401/7835 6402/7892 6446/7776 6445/7775
f 6397/7887 6394/7882 6438/7772 6441/7771
f 6396/7890 6395/7888 6439/7768 6440/7767
f 6399/7861 6400/7893 6444/7764 6443/7763
f 6389/7894 6392/7842 6436/7761 6433/7755
f 6391/7851 6390/7895 6434/7757 6435/7759
f 6390/7895 6387/7896 6431/7751 6434/7757
f 6388/7897 6389/7894 6433/7755 6432/7752
f 6387/7896 6388/7897 6432/7752 6431/7751
f 6416/7827 6386/7858 6430/7748 6460/7747
f 6383/7901 6380/7900 6424/7733 6427/7741
f 6385/7903 6384/7840 6428/7744 6429/7743
f 6377/7905 6383/7901 6427/7741 6421/7730
f 6379/7909 6382/7908 6426/7737 6423/7734
f 6382/7908 6381/7828 6425/7738 6426/7737
f 6380/7900 6379/7909 6423/7734 6424/7733
f 6378/7870 6377/7905 6421/7730 6422/7729
f 6702/7910 6701/7911 6467/7912 6466/7913
f 6710/7914 6703/7915 6468/7916 6582/7917
f 6716/7918 6702/7910 6466/7913 6672/7919
f 6466/7913 6467/7912 6471/7920 6470/7921
f 6582/7917 6468/7916 6472/7922 6583/7923
f 6672/7919 6466/7913 6470/7921 6673/7924
f 6471/7925 6475/7926 6474/7927 6470/7928
f 6613/7929 6614/7930 6475/7926 6471/7925
f 6474/7927 6475/7926 6479/7931 6478/7932
f 6584/7933 6476/7934 6480/7935 6585/7936
f 6674/7937 6474/7927 6478/7932 6675/7938
f 6478/7932 6479/7931 6483/7939 6482/7940
f 6585/7936 6480/7935 6484/7941 6586/7942
f 6675/7938 6478/7932 6482/7940 6676/7943
f 6482/7940 6483/7939 6487/7944 6486/7945
f 6586/7942 6484/7941 6488/7946 6587/7947
f 6676/7943 6482/7940 6486/7945 6677/7948
f 6486/7945 6487/7944 6491/7949 6490/7950
f 6587/7947 6488/7946 6492/7951 6588/7952
f 6677/7948 6486/7945 6490/7950 6678/7953
f 6490/7950 6491/7949 6495/7954 6494/7955
f 6588/7952 6492/7951 6496/7956 6589/7957
f 6678/7953 6490/7950 6494/7955 6679/7958
f 6494/7955 6495/7954 6499/7959 6498/7960
f 6589/7957 6496/7956 6500/7961 6590/7962
f 6679/7958 6494/7955 6498/7960 6680/7963
f 6782/7964 6781/7965 6503/7966 6502/7967
f 6790/7968 6783/7969 6504/7970 6591/7971
f 6796/7972 6782/7964 6502/7967 6681/7973
f 6750/7974 6749/7975 6507/7976 6506/7977
f 6758/7978 6751/7979 6508/7980 6592/7981
f 6764/7982 6750/7974 6506/7977 6682/7983
f 6766/7984 6765/7985 6511/7986 6510/7987
f 6774/7988 6767/7989 6512/7990 6593/7991
f 6780/7992 6766/7984 6510/7987 6683/7993
f 6593/7991 6512/7990 6515/7994 6594/7995
f 6510/7987 6511/7986 6513/7996 6514/7997
f 6643/7998 6644/7999 6473/8000 6469/8001
f 6683/7993 6510/7987 6514/7997 6684/8002
f 7397/8003 7391/8004 6516/8005 6654/8006
f 7396/8007 7389/8008 6513/7996 6624/8009
f 7389/8008 7390/8010 6514/7997 6513/7996
f 6706/8011 6526/8012 6527/8013 6705/8014
f 6709/8015 6597/8016 6528/8017 6707/8018
f 6715/8019 6687/8020 6526/8012 6706/8011
f 6526/8012 6530/8021 6531/8022 6527/8013
f 6597/8016 6598/8023 6532/8024 6528/8017
f 6687/8020 6688/8025 6530/8021 6526/8012
f 6531/8026 6530/8027 6534/8028 6535/8029
f 6628/8030 6531/8026 6535/8029 6629/8031
f 6534/8028 6538/8032 6539/8033 6535/8029
f 6599/8034 6600/8035 6540/8036 6536/8037
f 6689/8038 6690/8039 6538/8032 6534/8028
f 6538/8032 6542/8040 6543/8041 6539/8033
f 6600/8035 6601/8042 6544/8043 6540/8036
f 6690/8039 6691/8044 6542/8040 6538/8032
f 6542/8040 6546/8045 6547/8046 6543/8041
f 6601/8042 6602/8047 6548/8048 6544/8043
f 6691/8044 6692/8049 6546/8045 6542/8040
f 6546/8045 6550/8050 6551/8051 6547/8046
f 6602/8047 6603/8052 6552/8053 6548/8048
f 6692/8049 6693/8054 6550/8050 6546/8045
f 6550/8050 6554/8055 6555/8056 6551/8051
f 6603/8052 6604/8057 6556/8058 6552/8053
f 6693/8054 6694/8059 6554/8055 6550/8050
f 6554/8055 6558/8060 6559/8061 6555/8056
f 6604/8057 6605/8062 6560/8063 6556/8058
f 6694/8059 6695/8064 6558/8060 6554/8055
f 6786/8065 6562/8066 6563/8067 6785/8068
f 6789/8069 6606/8070 6564/8071 6787/8072
f 6795/8073 6696/8074 6562/8066 6786/8065
f 6754/8075 6566/8076 6567/8077 6753/8078
f 6757/8079 6607/8080 6568/8081 6755/8082
f 6763/8083 6697/8084 6566/8076 6754/8075
f 6770/8085 6570/8086 6571/8087 6769/8088
f 6773/8089 6608/8090 6572/8091 6771/8092
f 6779/8093 6698/8094 6570/8086 6770/8085
f 6608/8090 6609/8095 6575/8096 6572/8091
f 6570/8086 6574/8097 6573/8098 6571/8087
f 6658/8099 6529/8100 6533/8101 6659/8102
f 6698/8094 6699/8103 6574/8097 6570/8086
f 7405/8104 6669/8105 6576/8106 7394/8107
f 7404/8108 6639/8109 6573/8098 7392/8110
f 7392/8110 6573/8098 6574/8097 7393/8111
f 6879/8112 6845/8113 6521/8114 6656/8115
f 6878/8116 6847/8117 6523/8118 6626/8119
f 6847/8117 6846/8120 6522/8121 6523/8118
f 6884/8122 6848/8123 6524/8124 6728/8125
f 6881/8126 6849/8127 6525/8128 6708/8129
f 6852/8130 6850/8131 6528/8132 6532/8133
f 6849/8127 6851/8134 6529/8135 6525/8128
f 6854/8136 6852/8130 6532/8133 6536/8137
f 6851/8134 6853/8138 6533/8139 6529/8135
f 6856/8140 6854/8136 6536/8137 6540/8141
f 6853/8138 6855/8142 6537/8143 6533/8139
f 6858/8144 6856/8140 6540/8141 6544/8145
f 6855/8142 6857/8146 6541/8147 6537/8143
f 6860/8148 6858/8144 6544/8145 6548/8149
f 6857/8146 6859/8150 6545/8151 6541/8147
f 6862/8152 6860/8148 6548/8149 6552/8153
f 6859/8150 6861/8154 6549/8155 6545/8151
f 6864/8156 6862/8152 6552/8153 6556/8157
f 6861/8154 6863/8158 6553/8159 6549/8155
f 6866/8160 6864/8161 6556/8162 6560/8163
f 6863/8164 6865/8165 6557/8166 6553/8167
f 6892/8168 6866/8160 6560/8163 6787/8169
f 6891/8170 6867/8171 6561/8172 6788/8173
f 6888/8174 6868/8175 6564/8176 6755/8177
f 6887/8178 6869/8179 6565/8180 6756/8181
f 6890/8182 6870/8183 6568/8184 6771/8185
f 6889/8186 6871/8187 6569/8188 6772/8189
f 6873/8190 6872/8191 6572/8192 6575/8193
f 6871/8187 6874/8194 6576/8195 6569/8188
f 7408/8196 6873/8190 6575/8193 7402/8197
f 7387/8198 6876/8199 6580/8200 7376/8201
f 6848/8202 6877/8203 6596/8204 6524/8205
f 7402/8206 6575/8096 6609/8095 7403/8207
f 6638/8208 6639/8109 6609/8095 6608/8090
f 6776/8209 6638/8208 6608/8090 6773/8089
f 6760/8210 6637/8211 6607/8080 6757/8079
f 6792/8212 6636/8213 6606/8070 6789/8069
f 6634/8214 6635/8215 6605/8062 6604/8057
f 6633/8216 6634/8214 6604/8057 6603/8052
f 6632/8217 6633/8216 6603/8052 6602/8047
f 6631/8218 6632/8217 6602/8047 6601/8042
f 6630/8219 6631/8218 6601/8042 6600/8035
f 6629/8031 6630/8219 6600/8035 6599/8034
f 6532/8220 6598/8221 6599/8034 6536/8037
f 6627/8222 6628/8223 6598/8023 6597/8016
f 6712/8224 6627/8222 6597/8016 6709/8015
f 7401/8225 7395/8226 6594/7995 6515/7994
f 6623/8227 6593/7991 6594/7995 6624/8009
f 6775/8228 6774/7988 6593/7991 6623/8227
f 6759/8229 6758/7978 6592/7981 6622/8230
f 6791/8231 6790/7968 6591/7971 6621/8232
f 6619/8233 6589/7957 6590/7962 6620/8234
f 6618/8235 6588/7952 6589/7957 6619/8233
f 6617/8236 6587/7947 6588/7952 6618/8235
f 6616/8237 6586/7942 6587/7947 6617/8236
f 6615/8238 6585/7936 6586/7942 6616/8237
f 6614/7930 6584/7933 6585/7936 6615/8238
f 6472/8239 6476/7934 6584/7933 6583/8240
f 6612/8241 6582/7917 6583/7923 6613/8242
f 6711/8243 6710/7914 6582/7917 6612/8241
f 6701/7911 6711/8243 6612/8241 6467/7912
f 6467/7912 6612/8241 6613/8242 6471/7920
f 6475/7926 6614/7930 6615/8238 6479/7931
f 6479/7931 6615/8238 6616/8237 6483/7939
f 6483/7939 6616/8237 6617/8236 6487/7944
f 6487/7944 6617/8236 6618/8235 6491/7949
f 6491/7949 6618/8235 6619/8233 6495/7954
f 6495/7954 6619/8233 6620/8234 6499/7959
f 6781/7965 6791/8231 6621/8232 6503/7966
f 6749/7975 6759/8229 6622/8230 6507/7976
f 6765/7985 6775/8228 6623/8227 6511/7986
f 6511/7986 6623/8227 6624/8009 6513/7996
f 6705/8014 6527/8013 6627/8222 6712/8224
f 6527/8013 6531/8022 6628/8223 6627/8222
f 6535/8029 6539/8033 6630/8219 6629/8031
f 6539/8033 6543/8041 6631/8218 6630/8219
f 6543/8041 6547/8046 6632/8217 6631/8218
f 6547/8046 6551/8051 6633/8216 6632/8217
f 6551/8051 6555/8056 6634/8214 6633/8216
f 6555/8056 6559/8061 6635/8215 6634/8214
f 6785/8068 6563/8067 6636/8213 6792/8212
f 6753/8078 6567/8077 6637/8211 6760/8210
f 6769/8088 6571/8087 6638/8208 6776/8209
f 6571/8087 6573/8098 6639/8109 6638/8208
f 6877/8203 6878/8116 6626/8119 6596/8204
f 7403/8207 6609/8095 6639/8109 7404/8108
f 6598/8221 6628/8030 6629/8031 6599/8034
f 7395/8226 7396/8007 6624/8009 6594/7995
f 6583/8240 6584/7933 6614/7930 6613/7929
f 6880/8244 6879/8112 6656/8115 6686/8245
f 7406/8246 6699/8103 6669/8105 7405/8104
f 6569/8247 6576/8106 6669/8105 6668/8248
f 6688/8249 6658/8099 6659/8102 6689/8038
f 6772/8250 6569/8247 6668/8248 6777/8251
f 6756/8252 6565/8253 6667/8254 6761/8255
f 6788/8256 6561/8257 6666/8258 6793/8259
f 6553/8260 6557/8261 6665/8262 6664/8263
f 6549/8264 6553/8260 6664/8263 6663/8265
f 6545/8266 6549/8264 6663/8265 6662/8267
f 6541/8268 6545/8266 6662/8267 6661/8269
f 6537/8270 6541/8268 6661/8269 6660/8271
f 6533/8101 6537/8270 6660/8271 6659/8102
f 6525/8272 6529/8273 6658/8274 6657/8275
f 6708/8276 6525/8272 6657/8275 6713/8277
f 7398/8278 7397/8003 6654/8006 6684/8002
f 6509/8279 6653/8280 6654/8006 6516/8005
f 6673/8281 6674/7937 6644/7999 6643/7998
f 6768/8282 6778/8283 6653/8280 6509/8279
f 6752/8284 6762/8285 6652/8286 6505/8287
f 6784/8288 6794/8289 6651/8290 6501/8291
f 6493/8292 6649/8293 6650/8294 6497/8295
f 6489/8296 6648/8297 6649/8293 6493/8292
f 6485/8298 6647/8299 6648/8297 6489/8296
f 6481/8300 6646/8301 6647/8299 6485/8298
f 6477/8302 6645/8303 6646/8301 6481/8300
f 6473/8000 6644/7999 6645/8303 6477/8302
f 6465/8304 6642/8305 6643/8306 6469/8307
f 6704/8308 6714/8309 6642/8305 6465/8304
f 6470/7928 6474/7927 6674/7937 6673/8281
f 7390/8010 7398/8278 6684/8002 6514/7997
f 6530/8027 6688/8249 6689/8038 6534/8028
f 7393/8111 6574/8097 6699/8103 7406/8246
f 6846/8120 6880/8244 6686/8245 6522/8121
f 6668/8248 6669/8105 6699/8103 6698/8094
f 6777/8251 6668/8248 6698/8094 6779/8093
f 6761/8255 6667/8254 6697/8084 6763/8083
f 6793/8259 6666/8258 6696/8074 6795/8073
f 6664/8263 6665/8262 6695/8064 6694/8059
f 6663/8265 6664/8263 6694/8059 6693/8054
f 6662/8267 6663/8265 6693/8054 6692/8049
f 6661/8269 6662/8267 6692/8049 6691/8044
f 6660/8271 6661/8269 6691/8044 6690/8039
f 6659/8102 6660/8271 6690/8039 6689/8038
f 6657/8275 6658/8274 6688/8025 6687/8020
f 6713/8277 6657/8275 6687/8020 6715/8019
f 6653/8280 6683/7993 6684/8002 6654/8006
f 6778/8283 6780/7992 6683/7993 6653/8280
f 6762/8285 6764/7982 6682/7983 6652/8286
f 6794/8289 6796/7972 6681/7973 6651/8290
f 6649/8293 6679/7958 6680/7963 6650/8294
f 6648/8297 6678/7953 6679/7958 6649/8293
f 6647/8299 6677/7948 6678/7953 6648/8297
f 6646/8301 6676/7943 6677/7948 6647/8299
f 6645/8303 6675/7938 6676/7943 6646/8301
f 6644/7999 6674/7937 6675/7938 6645/8303
f 6642/8305 6672/7919 6673/7924 6643/8306
f 6714/8309 6716/7918 6672/7919 6642/8305
f 6739/8310 6740/8311 6716/7918 6714/8309
f 6747/8312 6713/8277 6715/8019 6748/8313
f 6742/8314 6739/8310 6714/8309 6704/8308
f 6744/8315 6708/8276 6713/8277 6747/8312
f 6735/8316 6705/8014 6712/8224 6746/8317
f 6733/8318 6738/8319 6711/8243 6701/7911
f 6738/8319 6737/8320 6710/7914 6711/8243
f 6746/8317 6712/8224 6709/8015 6745/8321
f 6886/8322 6881/8126 6708/8129 6744/8323
f 6850/8131 6882/8324 6707/8325 6528/8132
f 6748/8313 6715/8019 6706/8011 6743/8326
f 6745/8321 6709/8015 6707/8018 6736/8327
f 6743/8326 6706/8011 6705/8014 6735/8316
f 6740/8311 6741/8328 6702/7910 6716/7918
f 6737/8320 6734/8329 6703/7915 6710/7914
f 6741/8328 6733/8318 6701/7911 6702/7910
f 6462/8330 6463/8331 6725/8332 6717/8333
f 6581/8334 6464/8335 6726/8336 6729/8337
f 6671/8338 6462/8330 6717/8333 6732/8339
f 6522/8340 6719/8341 6727/8342 6523/8343
f 6596/8344 6721/8345 6728/8346 6524/8347
f 6686/8348 6724/8349 6719/8341 6522/8340
f 6845/8350 6883/8351 6720/8352 6521/8353
f 6626/8354 6722/8355 6721/8345 6596/8344
f 6611/8356 6581/8334 6729/8337 6730/8357
f 6463/8331 6611/8356 6730/8357 6725/8332
f 6523/8343 6727/8342 6722/8355 6626/8354
f 6521/8358 6720/8359 6723/8360 6656/8361
f 6461/8362 6641/8363 6731/8364 6718/8365
f 6656/8361 6723/8360 6724/8349 6686/8348
f 6641/8363 6671/8338 6732/8339 6731/8364
f 6885/8366 6884/8122 6728/8125 6736/8367
f 6882/8324 6885/8366 6736/8367 6707/8325
f 6717/8333 6725/8332 6733/8318 6741/8328
f 6729/8337 6726/8336 6734/8329 6737/8320
f 6732/8339 6717/8333 6741/8328 6740/8311
f 6719/8341 6743/8326 6735/8316 6727/8342
f 6721/8345 6745/8321 6736/8327 6728/8346
f 6724/8349 6748/8313 6743/8326 6719/8341
f 6883/8351 6886/8322 6744/8323 6720/8352
f 6722/8355 6746/8317 6745/8321 6721/8345
f 6730/8357 6729/8337 6737/8320 6738/8319
f 6725/8332 6730/8357 6738/8319 6733/8318
f 6727/8342 6735/8316 6746/8317 6722/8355
f 6720/8359 6744/8315 6747/8312 6723/8360
f 6718/8365 6731/8364 6739/8310 6742/8314
f 6723/8360 6747/8312 6748/8313 6724/8349
f 6731/8364 6732/8339 6740/8311 6739/8310
f 6651/8290 6681/7973 6764/7982 6762/8285
f 6666/8258 6761/8255 6763/8083 6696/8074
f 6501/8291 6651/8290 6762/8285 6752/8284
f 6561/8257 6756/8252 6761/8255 6666/8258
f 6563/8067 6753/8078 6760/8210 6636/8213
f 6503/7966 6621/8232 6759/8229 6749/7975
f 6621/8232 6591/7971 6758/7978 6759/8229
f 6636/8213 6760/8210 6757/8079 6606/8070
f 6867/8171 6887/8178 6756/8181 6561/8172
f 6870/8183 6888/8174 6755/8177 6568/8184
f 6696/8074 6763/8083 6754/8075 6562/8066
f 6606/8070 6757/8079 6755/8082 6564/8071
f 6562/8066 6754/8075 6753/8078 6563/8067
f 6681/7973 6502/7967 6750/7974 6764/7982
f 6591/7971 6504/7970 6751/7979 6758/7978
f 6502/7967 6503/7966 6749/7975 6750/7974
f 6652/8286 6682/7983 6780/7992 6778/8283
f 6667/8254 6777/8251 6779/8093 6697/8084
f 6505/8287 6652/8286 6778/8283 6768/8282
f 6565/8253 6772/8250 6777/8251 6667/8254
f 6567/8077 6769/8088 6776/8209 6637/8211
f 6507/7976 6622/8230 6775/8228 6765/7985
f 6622/8230 6592/7981 6774/7988 6775/8228
f 6637/8211 6776/8209 6773/8089 6607/8080
f 6869/8179 6889/8186 6772/8189 6565/8180
f 6872/8191 6890/8182 6771/8185 6572/8192
f 6697/8084 6779/8093 6770/8085 6566/8076
f 6607/8080 6773/8089 6771/8092 6568/8081
f 6566/8076 6770/8085 6769/8088 6567/8077
f 6682/7983 6506/7977 6766/7984 6780/7992
f 6592/7981 6508/7980 6767/7989 6774/7988
f 6506/7977 6507/7976 6765/7985 6766/7984
f 6650/8294 6680/7963 6796/7972 6794/8289
f 6665/8262 6793/8259 6795/8073 6695/8064
f 6497/8295 6650/8294 6794/8289 6784/8288
f 6557/8261 6788/8256 6793/8259 6665/8262
f 6559/8061 6785/8068 6792/8212 6635/8215
f 6499/7959 6620/8234 6791/8231 6781/7965
f 6620/8234 6590/7962 6790/7968 6791/8231
f 6635/8215 6792/8212 6789/8069 6605/8062
f 6865/8165 6891/8170 6788/8173 6557/8166
f 6868/8175 6892/8168 6787/8169 6564/8176
f 6695/8064 6795/8073 6786/8065 6558/8060
f 6605/8062 6789/8069 6787/8072 6560/8063
f 6558/8060 6786/8065 6785/8068 6559/8061
f 6680/7963 6498/7960 6782/7964 6796/7972
f 6590/7962 6500/7961 6783/7969 6790/7968
f 6498/7960 6499/7959 6781/7965 6782/7964
f 6504/8368 6783/8369 6844/8370 6820/8371
f 6497/8372 6784/8373 6843/8374 6817/8375
f 6512/8376 6767/8377 6842/8378 6824/8379
f 6505/8380 6768/8381 6841/8382 6821/8383
f 6508/8384 6751/8385 6840/8386 6822/8387
f 6501/8388 6752/8389 6839/8390 6819/8391
f 6718/8392 6742/8393 6838/8394 6835/8395
f 6703/8396 6734/8397 6837/8398 6834/8399
f 6734/8397 6726/8400 6836/8401 6837/8398
f 6461/8402 6718/8392 6835/8395 6797/8403
f 6468/8404 6703/8396 6834/8399 6802/8405
f 6742/8393 6704/8406 6833/8407 6838/8394
f 6462/8408 6671/8409 6832/8410 6798/8411
f 6671/8409 6641/8412 6831/8413 6832/8410
f 6581/8414 6611/8415 6830/8416 6829/8417
f 6464/8418 6581/8414 6829/8417 6800/8419
f 7372/8420 6520/8421 6828/8422 7385/8423
f 7401/8424 6515/8425 6825/8426 7407/8427
f 6509/8428 6516/8429 6826/8430 6823/8431
f 6515/8425 6512/8376 6824/8379 6825/8426
f 6768/8381 6509/8428 6823/8431 6841/8382
f 6767/8377 6508/8384 6822/8387 6842/8378
f 6752/8389 6505/8380 6821/8383 6839/8390
f 6751/8385 6504/8368 6820/8371 6840/8386
f 6784/8373 6501/8388 6819/8391 6843/8374
f 6783/8369 6500/8432 6818/8433 6844/8370
f 6493/8434 6497/8372 6817/8375 6815/8435
f 6500/8432 6496/8436 6816/8437 6818/8433
f 6489/8438 6493/8439 6815/8440 6813/8441
f 6496/8442 6492/8443 6814/8444 6816/8445
f 6485/8446 6489/8438 6813/8441 6811/8447
f 6492/8443 6488/8448 6812/8449 6814/8444
f 6481/8450 6485/8446 6811/8447 6809/8451
f 6488/8448 6484/8452 6810/8453 6812/8449
f 6477/8454 6481/8450 6809/8451 6807/8455
f 6484/8452 6480/8456 6808/8457 6810/8453
f 6473/8458 6477/8454 6807/8455 6805/8459
f 6480/8456 6476/8460 6806/8461 6808/8457
f 6469/8462 6473/8458 6805/8459 6803/8463
f 6476/8460 6472/8464 6804/8465 6806/8461
f 6465/8466 6469/8462 6803/8463 6801/8467
f 6472/8464 6468/8404 6802/8405 6804/8465
f 6704/8406 6465/8466 6801/8467 6833/8407
f 6726/8400 6464/8468 6800/8469 6836/8401
f 6463/8470 6462/8408 6798/8411 6799/8471
f 6611/8415 6463/8470 6799/8471 6830/8416
f 6641/8412 6461/8472 6797/8473 6831/8413
f 6820/8371 6844/8370 6892/8168 6868/8175
f 6817/8375 6843/8374 6891/8170 6865/8165
f 6824/8379 6842/8378 6890/8182 6872/8191
f 6821/8383 6841/8382 6889/8186 6869/8179
f 6822/8387 6840/8386 6888/8174 6870/8183
f 6819/8391 6839/8390 6887/8178 6867/8171
f 6835/8395 6838/8394 6886/8322 6883/8351
f 6834/8399 6837/8398 6885/8366 6882/8324
f 6837/8398 6836/8401 6884/8122 6885/8366
f 6797/8403 6835/8395 6883/8351 6845/8350
f 6802/8405 6834/8399 6882/8324 6850/8131
f 6838/8394 6833/8407 6881/8126 6886/8322
f 6798/8411 6832/8410 6880/8244 6846/8120
f 6832/8410 6831/8413 6879/8112 6880/8244
f 6829/8417 6830/8416 6878/8116 6877/8203
f 6800/8419 6829/8417 6877/8203 6848/8202
f 7385/8423 6828/8422 6876/8199 7387/8198
f 7407/8474 6825/8426 6873/8190 7408/8475
f 6823/8431 6826/8430 6874/8194 6871/8187
f 6825/8426 6824/8379 6872/8191 6873/8190
f 6841/8382 6823/8431 6871/8187 6889/8186
f 6842/8378 6822/8387 6870/8183 6890/8182
f 6839/8390 6821/8383 6869/8179 6887/8178
f 6840/8386 6820/8371 6868/8175 6888/8174
f 6843/8374 6819/8391 6867/8171 6891/8170
f 6844/8370 6818/8433 6866/8160 6892/8168
f 6815/8435 6817/8375 6865/8165 6863/8164
f 6818/8433 6816/8437 6864/8161 6866/8160
f 6813/8441 6815/8440 6863/8158 6861/8154
f 6816/8445 6814/8444 6862/8152 6864/8156
f 6811/8447 6813/8441 6861/8154 6859/8150
f 6814/8444 6812/8449 6860/8148 6862/8152
f 6809/8451 6811/8447 6859/8150 6857/8146
f 6812/8449 6810/8453 6858/8144 6860/8148
f 6807/8455 6809/8451 6857/8146 6855/8142
f 6810/8453 6808/8457 6856/8140 6858/8144
f 6805/8459 6807/8455 6855/8142 6853/8138
f 6808/8457 6806/8461 6854/8136 6856/8140
f 6803/8463 6805/8459 6853/8138 6851/8134
f 6806/8461 6804/8465 6852/8130 6854/8136
f 6801/8467 6803/8463 6851/8134 6849/8127
f 6804/8465 6802/8405 6850/8131 6852/8130
f 6833/8407 6801/8467 6849/8127 6881/8126
f 6836/8401 6800/8469 6848/8123 6884/8122
f 6799/8471 6798/8411 6846/8120 6847/8117
f 6830/8416 6799/8471 6847/8117 6878/8116
f 6831/8413 6797/8473 6845/8113 6879/8112
f 6959/8476 6969/8477 6971/8478 6960/8479
f 7102/8480 7111/8481 6969/8477 6959/8476
f 7147/8482 7149/8483 6972/8484 6962/8485
f 6898/8486 6899/8487 6903/8488 6902/8489
f 6977/8490 6900/8491 6904/8492 7050/8493
f 7186/8494 6898/8486 6902/8489 7173/8495
f 6903/8488 6907/8496 6906/8497 6902/8489
f 7104/8498 7097/8499 6907/8496 6903/8488
f 6906/8497 6907/8496 6911/8500 6910/8501
f 7049/8502 6908/8503 6912/8504 7048/8505
f 7174/8506 6906/8497 6910/8501 7175/8507
f 6910/8501 6911/8500 6915/8508 6914/8509
f 7048/8505 6912/8504 6916/8510 7047/8511
f 7175/8507 6910/8501 6914/8509 7176/8512
f 6914/8509 6915/8508 6919/8513 6918/8514
f 7047/8511 6916/8510 6920/8515 7046/8516
f 7176/8512 6914/8509 6918/8514 7177/8517
f 6918/8514 6919/8513 6923/8518 6922/8519
f 7046/8516 6920/8515 6924/8520 7045/8521
f 7177/8517 6918/8514 6922/8519 7178/8522
f 6922/8519 6923/8518 6927/8523 6926/8524
f 7045/8521 6924/8520 6928/8525 6984/8526
f 7178/8522 6922/8519 6926/8524 7179/8527
f 6926/8524 6927/8523 6931/8528 6930/8529
f 6984/8526 6928/8525 6932/8530 6983/8531
f 7179/8527 6926/8524 6930/8529 7180/8532
f 6930/8529 6931/8528 6935/8533 6934/8534
f 6983/8531 6932/8530 6936/8535 6982/8536
f 7180/8532 6930/8529 6934/8534 7181/8537
f 6934/8534 6935/8533 6939/8538 6938/8539
f 6982/8536 6936/8535 6940/8540 6981/8541
f 7181/8537 6934/8534 6938/8539 7182/8542
f 6938/8539 6939/8538 6943/8543 6942/8544
f 6981/8541 6940/8540 6944/8545 6980/8546
f 7182/8542 6938/8539 6942/8544 7183/8547
f 6942/8544 6943/8543 6947/8548 6946/8549
f 6980/8546 6944/8545 6948/8550 6979/8551
f 7183/8547 6942/8544 6946/8549 7184/8552
f 7319/8553 6949/8554 6950/8555 7317/8556
f 7328/8557 7113/8558 6949/8554 7319/8553
f 7330/8559 7151/8560 6952/8561 7318/8562
f 7133/8563 7134/8564 6905/8565 6901/8566
f 7152/8567 7147/8482 6962/8485 7081/8568
f 7420/8569 7417/8570 7091/8571 7129/8572
f 7119/8573 7118/8574 6955/8575 6956/8576
f 7122/8577 7102/8480 6959/8476 7080/8578
f 7053/8579 7075/8580 7085/8581 7088/8582
f 7116/8583 7115/8584 6953/8585 6954/8586
f 7080/8578 6959/8476 6960/8479 7082/8587
f 7324/8588 7325/8589 7092/8590 7043/8591
f 7074/8592 7065/8593 7089/8594 6968/8595
f 7223/8596 7213/8597 7084/8598 6988/8599
f 7068/8600 7079/8601 7087/8602 6975/8603
f 7424/8604 7411/8605 6898/8606 7186/8607
f 7075/8580 7074/8592 6968/8595 7085/8581
f 7120/8608 7119/8573 6956/8576 6957/8609
f 7418/8610 7410/8611 6900/8612 6977/8613
f 7118/8574 7116/8583 6954/8586 6955/8575
f 6896/8614 7063/8615 7090/8616 6978/8617
f 7411/8605 7409/8618 6899/8619 6898/8606
f 7115/8584 7112/8620 7083/8621 6953/8585
f 7065/8593 6988/8622 7084/8623 7089/8594
f 7214/8624 7219/8625 7065/8626 7074/8627
f 7066/8628 7061/8629 7051/8630 7052/8631
f 7091/8571 7062/8632 7053/8579 7088/8582
f 7211/8633 7066/8628 7052/8631 7208/8634
f 6990/8635 6994/8636 6995/8637 6991/8638
f 7086/8639 6967/8640 6996/8641 6992/8642
f 7200/8643 7187/8644 6994/8636 6990/8635
f 6995/8637 6994/8636 6998/8645 6999/8646
f 7132/8647 6995/8637 6999/8646 7131/8648
f 6998/8645 7002/8649 7003/8650 6999/8646
f 6966/8651 6965/8652 7004/8653 7000/8654
f 7188/8655 7189/8656 7002/8649 6998/8645
f 7002/8649 7006/8657 7007/8658 7003/8650
f 6965/8652 6964/8659 7008/8660 7004/8653
f 7189/8656 7190/8661 7006/8657 7002/8649
f 7006/8657 7010/8662 7011/8663 7007/8658
f 6964/8659 6963/8664 7012/8665 7008/8660
f 7190/8661 7191/8666 7010/8662 7006/8657
f 7010/8662 7014/8667 7015/8668 7011/8663
f 6963/8664 6958/8669 7016/8670 7012/8665
f 7191/8666 7192/8671 7014/8667 7010/8662
f 7014/8667 7018/8672 7019/8673 7015/8668
f 6958/8669 6957/8609 7020/8674 7016/8670
f 7192/8671 7193/8675 7018/8672 7014/8667
f 7018/8672 7022/8676 7023/8677 7019/8673
f 6957/8609 6956/8576 7024/8678 7020/8674
f 7193/8675 7194/8679 7022/8676 7018/8672
f 7022/8676 7026/8680 7027/8681 7023/8677
f 6956/8576 6955/8575 7028/8682 7024/8678
f 7194/8679 7195/8683 7026/8680 7022/8676
f 7026/8680 7030/8684 7031/8685 7027/8681
f 6955/8575 6954/8586 7032/8686 7028/8682
f 7195/8683 7196/8687 7030/8684 7026/8680
f 7030/8684 7034/8688 7035/8689 7031/8685
f 6954/8586 6953/8585 7036/8690 7032/8686
f 7196/8687 7197/8691 7034/8688 7030/8684
f 7034/8688 7038/8692 7039/8693 7035/8689
f 6953/8585 7083/8621 7040/8694 7036/8690
f 7197/8691 7198/8695 7038/8692 7034/8688
f 7323/8696 7321/8697 7042/8698 7041/8699
f 7327/8700 7323/8696 7041/8699 7130/8701
f 7329/8702 7322/8703 7044/8704 7172/8705
f 7153/8706 6993/8707 6997/8708 7154/8709
f 7170/8710 7165/8711 6985/8712 7069/8713
f 7094/8714 7128/8715 7060/8716 6895/8717
f 7217/8718 7214/8624 7074/8627 7075/8719
f 7127/8720 7110/8721 6987/8722 7064/8723
f 7145/8724 7169/8725 7072/8726 6893/8727
f 7218/8728 7215/8729 7056/8730 7069/8731
f 7064/8723 6987/8722 6986/8732 7070/8733
f 7148/8734 7152/8567 7081/8568 7059/8735
f 7060/8716 7057/8736 7058/8737 7073/8738
f 7215/8729 7216/8739 7077/8740 7056/8730
f 7168/8741 7167/8742 7077/8743 7054/8744
f 7257/8745 7220/8746 6985/8747 7165/8748
f 7125/8749 7117/8750 7076/8751 7051/8630
f 7109/8752 7122/8577 7080/8578 7057/8736
f 7220/8753 7218/8728 7069/8731 6985/8754
f 7057/8736 7080/8578 7082/8587 7058/8737
f 7423/8755 7415/8756 7066/8628 7211/8633
f 6895/8717 7060/8716 7073/8738 6894/8757
f 7167/8742 7150/8758 7056/8759 7077/8743
f 7417/8570 7414/8760 7062/8632 7091/8571
f 7169/8725 7148/8734 7059/8735 7072/8726
f 7117/8750 7114/8761 7071/8762 7076/8751
f 7415/8756 7413/8763 7061/8629 7066/8628
f 7128/8715 7109/8752 7057/8736 7060/8716
f 7076/8751 7071/8762 7055/8764 7078/8765
f 7252/8766 7217/8718 7075/8719 7053/8767
f 7256/8768 7222/8769 6987/8770 7110/8771
f 7222/8769 7221/8772 6986/8773 6987/8770
f 7051/8630 7076/8751 7078/8765 7052/8631
f 7426/8774 7254/8775 7062/8776 7414/8777
f 7216/8739 7253/8778 7054/8779 7077/8740
f 7227/8780 7225/8781 6992/8782 6996/8783
f 7224/8784 7226/8785 6993/8786 6989/8787
f 7229/8788 7227/8780 6996/8783 7000/8789
f 7226/8785 7228/8790 6997/8791 6993/8786
f 7231/8792 7229/8788 7000/8789 7004/8793
f 7228/8790 7230/8794 7001/8795 6997/8791
f 7233/8796 7231/8792 7004/8793 7008/8797
f 7230/8794 7232/8798 7005/8799 7001/8795
f 7235/8800 7233/8796 7008/8797 7012/8801
f 7232/8798 7234/8802 7009/8803 7005/8799
f 7237/8804 7235/8800 7012/8801 7016/8805
f 7234/8802 7236/8806 7013/8807 7009/8803
f 7239/8808 7237/8804 7016/8805 7020/8809
f 7236/8806 7238/8810 7017/8811 7013/8807
f 7241/8812 7239/8808 7020/8809 7024/8813
f 7238/8810 7240/8814 7021/8815 7017/8811
f 7243/8816 7241/8812 7024/8813 7028/8817
f 7240/8814 7242/8818 7025/8819 7021/8815
f 7245/8820 7243/8816 7028/8817 7032/8821
f 7242/8818 7244/8822 7029/8823 7025/8819
f 7247/8824 7245/8820 7032/8821 7036/8825
f 7244/8822 7246/8826 7033/8827 7029/8823
f 7249/8828 7247/8824 7036/8825 7040/8829
f 7246/8826 7248/8830 7037/8831 7033/8827
f 7334/8832 7251/8833 7044/8834 7322/8835
f 7355/8836 7249/8837 7040/8838 7350/8839
f 7150/8758 7170/8710 7069/8713 7056/8759
f 7114/8761 7127/8720 7064/8723 7071/8762
f 7071/8762 7064/8723 7070/8733 7055/8764
f 7219/8625 7223/8840 6988/8841 7065/8626
f 7253/8778 7255/8842 7067/8843 7054/8779
f 7254/8775 7252/8766 7053/8767 7062/8776
f 7425/8844 7224/8784 6989/8787 7416/8845
f 7063/8615 7068/8600 6975/8603 7090/8616
f 7121/8846 7120/8608 6957/8609 6958/8669
f 7123/8847 7121/8846 6958/8669 6963/8664
f 7124/8848 7123/8847 6963/8664 6964/8659
f 7126/8849 7124/8848 6964/8659 6965/8652
f 7131/8648 7126/8849 6965/8652 6966/8651
f 6996/8641 6967/8640 6966/8651 7000/8654
f 7108/8850 7132/8647 6967/8640 7086/8639
f 7129/8572 7091/8571 7088/8582 7125/8749
f 7419/8851 7418/8610 6977/8613 7093/8852
f 7079/8601 6961/8853 6976/8854 7087/8602
f 7320/8855 6951/8856 6973/8857 7326/8858
f 7099/8859 6980/8546 6979/8551 7098/8860
f 7100/8861 6981/8541 6980/8546 7099/8859
f 7107/8862 6982/8536 6981/8541 7100/8861
f 7095/8863 6983/8531 6982/8536 7107/8862
f 7101/8864 6984/8526 6983/8531 7095/8863
f 7106/8865 7045/8521 6984/8526 7101/8864
f 7096/8866 7046/8516 7045/8521 7106/8865
f 7103/8867 7047/8511 7046/8516 7096/8866
f 7105/8868 7048/8505 7047/8511 7103/8867
f 7097/8499 7049/8502 7048/8505 7105/8868
f 6904/8492 6908/8503 7049/8502 7050/8493
f 7093/8869 6977/8490 7050/8493 7104/8498
f 6961/8853 6970/8870 6974/8871 6976/8854
f 6899/8487 7093/8869 7104/8498 6903/8488
f 6907/8496 7097/8499 7105/8868 6911/8500
f 6911/8500 7105/8868 7103/8867 6915/8508
f 6915/8508 7103/8867 7096/8866 6919/8513
f 6919/8513 7096/8866 7106/8865 6923/8518
f 6923/8518 7106/8865 7101/8864 6927/8523
f 6927/8523 7101/8864 7095/8863 6931/8528
f 6931/8528 7095/8863 7107/8862 6935/8533
f 6935/8533 7107/8862 7100/8861 6939/8538
f 6939/8538 7100/8861 7099/8859 6943/8543
f 6943/8543 7099/8859 7098/8860 6947/8548
f 7409/8618 7419/8851 7093/8852 6899/8619
f 7061/8629 7129/8572 7125/8749 7051/8630
f 6991/8638 6995/8637 7132/8647 7108/8850
f 6999/8646 7003/8650 7126/8849 7131/8648
f 7003/8650 7007/8658 7124/8848 7126/8849
f 7007/8658 7011/8663 7123/8847 7124/8848
f 7011/8663 7015/8668 7121/8846 7123/8847
f 7015/8668 7019/8673 7120/8608 7121/8846
f 6968/8595 7089/8594 7127/8720 7114/8761
f 7213/8597 7256/8768 7110/8771 7084/8598
f 7090/8616 6975/8603 7109/8752 7128/8715
f 7085/8581 6968/8595 7114/8761 7117/8750
f 6975/8603 7087/8602 7122/8577 7109/8752
f 7088/8582 7085/8581 7117/8750 7125/8749
f 7089/8594 7084/8623 7110/8721 7127/8720
f 6978/8617 7090/8616 7128/8715 7094/8714
f 7325/8589 7327/8700 7130/8701 7092/8590
f 6967/8640 7132/8647 7131/8648 6966/8651
f 7035/8689 7039/8693 7112/8620 7115/8584
f 7027/8681 7031/8685 7116/8583 7118/8574
f 7019/8673 7023/8677 7119/8573 7120/8608
f 7031/8685 7035/8689 7115/8584 7116/8583
f 7087/8602 6976/8854 7102/8480 7122/8577
f 7023/8677 7027/8681 7118/8574 7119/8573
f 7413/8763 7420/8569 7129/8572 7061/8629
f 7326/8858 6973/8857 7113/8558 7328/8557
f 7050/8493 7049/8502 7097/8499 7104/8498
f 6976/8854 6974/8871 7111/8481 7102/8480
f 7204/8872 7210/8873 7170/8710 7150/8758
f 7209/8874 7202/8875 7148/8734 7169/8725
f 7207/8876 7204/8872 7150/8758 7167/8742
f 7416/8877 7421/8878 7171/8879 7067/8880
f 7258/8881 7257/8745 7165/8748 7199/8882
f 7208/8634 7207/8876 7167/8742 7168/8741
f 7202/8875 7206/8883 7152/8567 7148/8734
f 7185/8884 7209/8874 7169/8725 7145/8724
f 7210/8873 7199/8885 7165/8711 7170/8710
f 7187/8644 7153/8706 7154/8709 7188/8655
f 7332/8886 7329/8702 7172/8705 7212/8887
f 7033/8888 7037/8889 7164/8890 7163/8891
f 7029/8892 7033/8888 7163/8891 7162/8893
f 7025/8894 7029/8892 7162/8893 7161/8895
f 7021/8896 7025/8894 7161/8895 7160/8897
f 7017/8898 7021/8896 7160/8897 7159/8899
f 7013/8900 7017/8898 7159/8899 7158/8901
f 7009/8902 7013/8900 7158/8901 7157/8903
f 7005/8904 7009/8902 7157/8903 7156/8905
f 7001/8906 7005/8904 7156/8905 7155/8907
f 6997/8708 7001/8906 7155/8907 7154/8709
f 6989/8908 6993/8707 7153/8706 7166/8909
f 7067/8880 7171/8879 7168/8741 7054/8744
f 7412/8910 7422/8911 7146/8912 6897/8913
f 7206/8883 7201/8914 7147/8482 7152/8567
f 7173/8495 7174/8506 7134/8564 7133/8563
f 7331/8915 7205/8916 7151/8560 7330/8559
f 6941/8917 7143/8918 7144/8919 6945/8920
f 6937/8921 7142/8922 7143/8918 6941/8917
f 6933/8923 7141/8924 7142/8922 6937/8921
f 6929/8925 7140/8926 7141/8924 6933/8923
f 6925/8927 7139/8928 7140/8926 6929/8925
f 6921/8929 7138/8930 7139/8928 6925/8927
f 6917/8931 7137/8932 7138/8930 6921/8929
f 6913/8933 7136/8934 7137/8932 6917/8931
f 6909/8935 7135/8936 7136/8934 6913/8933
f 6905/8565 7134/8564 7135/8936 6909/8935
f 6897/8937 7146/8938 7133/8563 6901/8566
f 7201/8914 7203/8939 7149/8483 7147/8482
f 6960/8479 6971/8478 7203/8939 7201/8914
f 7317/8556 6950/8555 7205/8916 7331/8915
f 6902/8489 6906/8497 7174/8506 7173/8495
f 7082/8587 6960/8479 7201/8914 7206/8883
f 7321/8940 7332/8886 7212/8887 7042/8698
f 6994/8636 7187/8644 7188/8655 6998/8645
f 7070/8733 6986/8732 7199/8885 7210/8873
f 6894/8757 7073/8738 7209/8874 7185/8884
f 7058/8737 7082/8587 7206/8883 7202/8875
f 7052/8631 7078/8765 7207/8876 7208/8634
f 7221/8772 7258/8881 7199/8882 6986/8773
f 7078/8765 7055/8764 7204/8872 7207/8876
f 7073/8738 7058/8737 7202/8875 7209/8874
f 7055/8764 7070/8733 7210/8873 7204/8872
f 7421/8878 7423/8755 7211/8633 7171/8879
f 7163/8891 7164/8890 7198/8695 7197/8691
f 7162/8893 7163/8891 7197/8691 7196/8687
f 7161/8895 7162/8893 7196/8687 7195/8683
f 7160/8897 7161/8895 7195/8683 7194/8679
f 7159/8899 7160/8897 7194/8679 7193/8675
f 7158/8901 7159/8899 7193/8675 7192/8671
f 7157/8903 7158/8901 7192/8671 7191/8666
f 7156/8905 7157/8903 7191/8666 7190/8661
f 7155/8907 7156/8905 7190/8661 7189/8656
f 7154/8709 7155/8907 7189/8656 7188/8655
f 7166/8909 7153/8706 7187/8644 7200/8643
f 7171/8879 7211/8633 7208/8634 7168/8741
f 7422/8911 7424/8604 7186/8607 7146/8912
f 7143/8918 7183/8547 7184/8552 7144/8919
f 7142/8922 7182/8542 7183/8547 7143/8918
f 7141/8924 7181/8537 7182/8542 7142/8922
f 7140/8926 7180/8532 7181/8537 7141/8924
f 7139/8928 7179/8527 7180/8532 7140/8926
f 7138/8930 7178/8522 7179/8527 7139/8928
f 7137/8932 7177/8517 7178/8522 7138/8930
f 7136/8934 7176/8512 7177/8517 7137/8932
f 7135/8936 7175/8507 7176/8512 7136/8934
f 7134/8564 7174/8506 7175/8507 7135/8936
f 7146/8938 7186/8494 7173/8495 7133/8563
f 7267/8941 7304/8942 7258/8881 7221/8772
f 7304/8942 7303/8943 7257/8745 7258/8881
f 7259/8944 7302/8945 7256/8768 7213/8597
f 7428/8946 7270/8947 7224/8784 7425/8844
f 7300/8948 7298/8949 7252/8766 7254/8775
f 7299/8950 7301/8951 7255/8842 7253/8778
f 7265/8952 7269/8953 7223/8840 7219/8625
f 7356/8954 7295/8955 7249/8837 7355/8956
f 7335/8957 7297/8958 7251/8833 7334/8832
f 7292/8959 7294/8960 7248/8830 7246/8826
f 7295/8961 7293/8962 7247/8824 7249/8828
f 7290/8963 7292/8959 7246/8826 7244/8822
f 7293/8962 7291/8964 7245/8820 7247/8824
f 7288/8965 7290/8963 7244/8822 7242/8818
f 7291/8964 7289/8966 7243/8816 7245/8820
f 7286/8967 7288/8965 7242/8818 7240/8814
f 7289/8966 7287/8968 7241/8812 7243/8816
f 7284/8969 7286/8967 7240/8814 7238/8810
f 7287/8968 7285/8970 7239/8808 7241/8812
f 7282/8971 7284/8969 7238/8810 7236/8806
f 7285/8970 7283/8972 7237/8804 7239/8808
f 7280/8973 7282/8971 7236/8806 7234/8802
f 7283/8972 7281/8974 7235/8800 7237/8804
f 7278/8975 7280/8973 7234/8802 7232/8798
f 7281/8974 7279/8976 7233/8796 7235/8800
f 7276/8977 7278/8975 7232/8798 7230/8794
f 7279/8976 7277/8978 7231/8792 7233/8796
f 7274/8979 7276/8977 7230/8794 7228/8790
f 7277/8978 7275/8980 7229/8788 7231/8792
f 7272/8981 7274/8979 7228/8790 7226/8785
f 7275/8980 7273/8982 7227/8780 7229/8788
f 7270/8947 7272/8981 7226/8785 7224/8784
f 7273/8982 7271/8983 7225/8781 7227/8780
f 7262/8984 7299/8950 7253/8778 7216/8739
f 7427/8985 7300/8948 7254/8775 7426/8774
f 7268/8986 7267/8941 7221/8772 7222/8769
f 7302/8945 7268/8986 7222/8769 7256/8768
f 7298/8949 7263/8987 7217/8718 7252/8766
f 7266/8988 7264/8989 7218/8728 7220/8753
f 7303/8943 7266/8990 7220/8746 7257/8745
f 7261/8991 7262/8984 7216/8739 7215/8729
f 7264/8989 7261/8991 7215/8729 7218/8728
f 7263/8987 7260/8992 7214/8624 7217/8718
f 7260/8992 7265/8952 7219/8625 7214/8624
f 7269/8993 7259/8944 7213/8597 7223/8596
f 6896/8994 6978/8995 7259/8944 7269/8993
f 7068/8996 7063/8997 7265/8952 7260/8992
f 7079/8998 7068/8996 7260/8992 7263/8987
f 7072/8999 7059/9000 7261/8991 7264/8989
f 7059/9000 7081/9001 7262/8984 7261/8991
f 7145/9002 6893/9003 7266/8990 7303/8943
f 6893/9004 7072/8999 7264/8989 7266/8988
f 6961/9005 7079/8998 7263/8987 7298/8949
f 7094/9006 6895/9007 7268/8986 7302/8945
f 6895/9007 6894/9008 7267/8941 7268/8986
f 7410/9009 6970/9010 7300/8948 7427/8985
f 7081/9001 6962/9011 7299/8950 7262/8984
f 6904/9012 6900/9013 7271/8983 7273/8982
f 6897/9014 6901/9015 7272/8981 7270/8947
f 6908/9016 6904/9012 7273/8982 7275/8980
f 6901/9015 6905/9017 7274/8979 7272/8981
f 6912/9018 6908/9016 7275/8980 7277/8978
f 6905/9017 6909/9019 7276/8977 7274/8979
f 6916/9020 6912/9018 7277/8978 7279/8976
f 6909/9019 6913/9021 7278/8975 7276/8977
f 6920/9022 6916/9020 7279/8976 7281/8974
f 6913/9021 6917/9023 7280/8973 7278/8975
f 6924/9024 6920/9022 7281/8974 7283/8972
f 6917/9023 6921/9025 7282/8971 7280/8973
f 6928/9026 6924/9024 7283/8972 7285/8970
f 6921/9025 6925/9027 7284/8969 7282/8971
f 6932/9028 6928/9026 7285/8970 7287/8968
f 6925/9027 6929/9029 7286/8967 7284/8969
f 6936/9030 6932/9028 7287/8968 7289/8966
f 6929/9029 6933/9031 7288/8965 7286/8967
f 6940/9032 6936/9030 7289/8966 7291/8964
f 6933/9031 6937/9033 7290/8963 7288/8965
f 6944/9034 6940/9032 7291/8964 7293/8962
f 6937/9033 6941/9035 7292/8959 7290/8963
f 6948/9036 6944/9034 7293/8962 7295/8961
f 6941/9035 6945/9037 7294/8960 7292/8959
f 7318/9038 6952/9039 7297/8958 7335/8957
f 7348/9040 6948/9041 7295/8955 7356/9042
f 7063/8997 6896/9043 7269/8953 7265/8952
f 6962/9011 6972/9044 7301/8951 7299/8950
f 6970/9010 6961/9005 7298/8949 7300/8948
f 7412/9045 6897/9014 7270/8947 7428/8946
f 6978/8995 7094/9006 7302/8945 7259/8944
f 7185/9046 7145/9002 7303/8943 7304/8942
f 6894/9008 7185/9046 7304/8942 7267/8941
f 7306/9047 7041/9048 7042/9049 7308/9050
f 7310/9051 7172/9052 7044/9053 7251/9054
f 7307/9055 7250/9056 7043/9057 7092/9058
f 7309/9059 7130/9060 7041/9048 7306/9047
f 7309/9061 7307/9055 7092/9058 7130/9062
f 7308/9050 7042/9049 7212/9063 7305/9064
f 7305/9065 7212/9066 7172/9052 7310/9067
f 7311/9068 7305/9065 7310/9067 7315/9069
f 7313/9070 7308/9071 7305/9072 7311/9073
f 7314/9074 7316/9075 7307/9055 7309/9076
f 7314/9077 7309/9078 7306/9079 7312/9080
f 7312/9080 7306/9079 7308/9071 7313/9070
f 6949/9081 7312/9082 7313/9083 6950/9084
f 7113/9085 7314/9086 7312/9082 6949/9081
f 7113/9087 6973/9088 7316/9075 7314/9089
f 6950/9084 7313/9083 7311/9073 7205/9090
f 7205/9091 7311/9068 7315/9069 7151/9092
f 6973/9088 6951/9093 7296/9094 7316/9075
f 7316/9095 7296/9094 7250/9056 7307/9055
f 7151/9092 7315/9069 7297/9096 6952/9097
f 7315/9069 7310/9051 7251/9054 7297/9096
f 6951/9098 7320/9099 7336/9100 7296/9101
f 7338/9102 7318/9038 7335/8957 7346/9103
f 7346/9104 7335/8957 7334/9105 7345/9106
f 7296/9101 7336/9100 7333/9107 7250/9108
f 7339/9109 7354/9110 7332/8886 7321/8940
f 7337/9111 7317/8556 7331/8915 7344/9112
f 7344/9112 7331/8915 7330/8559 7343/9113
f 7354/9110 7353/9114 7329/8702 7332/8886
f 7341/9115 7326/8858 7328/8557 7342/9116
f 7351/9117 7352/9118 7327/8700 7325/8589
f 7348/9119 7320/8855 7326/8858 7341/9115
f 7250/9108 7333/9107 7324/9120 7043/9121
f 7345/9122 7334/8832 7322/9123 7340/9124
f 7353/9114 7340/9125 7322/8703 7329/8702
f 7352/9118 7349/9126 7323/8696 7327/8700
f 7349/9126 7339/9109 7321/8697 7323/8696
f 7350/9127 7351/9117 7325/8589 7324/8588
f 7343/9113 7330/8559 7318/8562 7338/9128
f 7342/9116 7328/8557 7319/8553 7347/9129
f 7347/9129 7319/8553 7317/8556 7337/9111
f 6947/8548 7347/9129 7337/9111 6946/8549
f 7098/8860 7342/9116 7347/9129 6947/8548
f 7144/8919 7343/9113 7338/9128 6945/8920
f 7040/8694 7083/8621 7351/9117 7350/9127
f 7039/8693 7038/8692 7339/9109 7349/9126
f 7112/8620 7039/8693 7349/9126 7352/9118
f 7164/8890 7037/8889 7340/9125 7353/9114
f 7248/9130 7345/9131 7340/9132 7037/9133
f 6948/8550 7348/9119 7341/9115 6979/8551
f 7083/8621 7112/8620 7352/9118 7351/9117
f 6979/8551 7341/9115 7342/9116 7098/8860
f 7198/8695 7164/8890 7353/9114 7354/9110
f 7184/8552 7344/9112 7343/9113 7144/8919
f 6946/8549 7337/9111 7344/9112 7184/8552
f 7038/8692 7198/8695 7354/9110 7339/9109
f 7294/9134 7346/9135 7345/9136 7248/9130
f 6945/9137 7338/9138 7346/9139 7294/9134
f 7320/9140 7348/9141 7356/9142 7336/9143
f 7336/9100 7356/9144 7355/9145 7333/9146
f 7333/9146 7355/9147 7350/9148 7324/9149
f 7357/9150 6595/9151 6519/9152 6827/9153
f 7358/9154 6625/9155 6595/9156 7357/9150
f 7365/9157 7364/9158 6640/9159 6577/9160
f 7366/9161 7365/9157 6577/9162 6578/9163
f 7367/9164 7366/9161 6578/9163 6700/9165
f 7368/9166 7367/9167 6700/9168 6670/9169
f 6876/9170 7368/9171 6670/9169 6580/9172
f 6655/9173 6685/9174 7361/9175 7362/9176
f 6685/9177 6518/9178 7360/9179 7361/9180
f 6518/9178 6517/9181 7359/9182 7360/9179
f 6517/9181 6625/9183 7358/9184 7359/9185
f 7364/9186 7358/9154 7357/9150 7363/9187
f 7363/9188 7357/9150 6827/9153 6875/9189
f 6640/9190 7364/9186 7363/9187 6610/9191
f 7362/9176 7361/9175 7367/9192 7368/9171
f 7361/9180 7360/9179 7366/9161 7367/9164
f 7360/9179 7359/9182 7365/9157 7366/9161
f 7359/9182 7358/9184 7364/9193 7365/9157
f 6610/9191 7363/9187 6875/9189 6579/9194
f 6520/9195 6655/9173 7362/9176 6828/9196
f 6828/9196 7362/9176 7368/9171 6876/9170
f 6827/9197 7386/9198 7388/9199 6875/9200
f 7399/9201 7385/9202 7387/9203 7400/9204
f 6519/9205 7369/9206 7386/9207 6827/9208
f 7391/9209 7372/8420 7385/8423 7399/9210
f 6578/9211 7375/9212 7384/9213 6700/9214
f 6518/9215 6685/9216 7383/9217 7371/9218
f 6685/9216 6655/9219 7382/9220 7383/9217
f 6700/9214 7384/9213 7381/9221 6670/9222
f 6595/9223 6625/9224 7380/9225 7378/9226
f 6610/9227 7377/9228 7379/9229 6640/9230
f 6519/9231 6595/9223 7378/9226 7369/9232
f 6579/9233 7373/9234 7377/9228 6610/9227
f 7400/9235 7387/8198 7376/9236 7394/9237
f 6875/9200 7388/9199 7373/9238 6579/9239
f 6577/9240 7374/9241 7375/9212 6578/9211
f 6640/9230 7379/9229 7374/9242 6577/9243
f 6670/9222 7381/9221 7376/9244 6580/9245
f 6517/9246 6518/9215 7371/9218 7370/9247
f 6625/9248 6517/9246 7370/9247 7380/9225
f 6655/9219 6520/9249 7372/9250 7382/9220
f 6874/8194 7400/9251 7394/9252 6576/8195
f 6516/8429 7391/9253 7399/9254 6826/8430
f 6826/8430 7399/9254 7400/9251 6874/8194
f 7386/9255 7407/9256 7408/9257 7388/9199
f 7369/9258 7401/9259 7407/9260 7386/9261
f 7375/9212 7393/8111 7406/8246 7384/9213
f 7371/9218 7383/9217 7398/8278 7390/8010
f 7383/9217 7382/9220 7397/8003 7398/8278
f 7384/9213 7406/8246 7405/8104 7381/9221
f 7378/9226 7380/9225 7396/8007 7395/8226
f 7377/9228 7403/8207 7404/8108 7379/9262
f 7369/9232 7378/9226 7395/8226 7401/8225
f 7373/9234 7402/8206 7403/8207 7377/9228
f 7388/9263 7408/9264 7402/9265 7373/9238
f 7374/9242 7392/8110 7393/8111 7375/9212
f 7379/9262 7404/8108 7392/8110 7374/9242
f 7381/9221 7405/8104 7394/8107 7376/9244
f 7370/9247 7371/9218 7390/8010 7389/8008
f 7380/9225 7370/9247 7389/8008 7396/8007
f 7382/9220 7372/9250 7391/8004 7397/8003
f 6972/9044 7412/9045 7428/8946 7301/8951
f 6900/9013 7410/9009 7427/8985 7271/8983
f 7271/8983 7427/8985 7426/8774 7225/8781
f 7301/8951 7428/8946 7425/8844 7255/8842
f 7149/8483 7203/8939 7424/8604 7422/8911
f 7166/9266 7200/9267 7423/8755 7421/8878
f 6972/8484 7149/8483 7422/8911 7412/8910
f 6989/9268 7166/9266 7421/8878 7416/8877
f 6991/9269 7108/9270 7420/8569 7413/8763
f 6969/8477 7111/8481 7419/8851 7409/8618
f 7111/8481 6974/8871 7418/8610 7419/8851
f 7255/8842 7425/8844 7416/8845 7067/8843
f 7225/8781 7426/8774 7414/8777 6992/8782
f 6990/9271 6991/9269 7413/8763 7415/8756
f 7086/9272 6992/9273 7414/8760 7417/8570
f 7200/9267 6990/9271 7415/8756 7423/8755
f 6971/8478 6969/8477 7409/8618 7411/8605
f 6974/8871 6970/8870 7410/8611 7418/8610
f 7203/8939 6971/8478 7411/8605 7424/8604
f 7108/9270 7086/9272 7417/8570 7420/8569
f 7876/9274 7883/9275 7453/9276 7742/9277
f 7903/9278 7749/9279 7462/9280 7848/9281
f 7886/9282 7461/9283 7450/9284 7846/9285
f 8153/9286 8141/9287 7497/9288 7520/9289
f 7839/9290 7840/9291 7436/9292 7435/9293
f 7840/9291 7841/9294 7437/9295 7436/9292
f 7841/9294 7842/9296 7438/9297 7437/9295
f 7842/9296 7843/9298 7439/9299 7438/9297
f 8038/9300 7446/9301 7448/9302 8074/9303
f 8074/9303 7448/9302 7447/9304 8075/9305
f 8075/9305 7447/9304 7445/9306 8076/9307
f 7843/9298 7880/9308 7449/9309 7439/9299
f 7847/9310 7454/9311 7456/9312 7881/9313
f 7897/9314 7534/9315 7455/9316 7882/9317
f 7882/9317 7455/9316 7453/9276 7883/9275
f 7848/9281 7462/9280 7464/9318 7884/9319
f 7879/9320 7473/9321 7463/9322 7885/9323
f 7885/9323 7463/9322 7461/9283 7886/9282
f 7865/9324 7839/9290 7435/9293 7514/9325
f 7902/9326 7743/9327 7493/9328 7890/9329
f 7877/9330 7861/9331 7502/9332 7750/9333
f 7893/9334 7859/9335 7490/9336 7501/9337
f 8147/9338 8113/9339 7433/9340 7503/9341
f 7852/9342 7475/9343 7476/9344 7853/9345
f 7853/9345 7476/9344 7477/9346 7854/9347
f 7854/9347 7477/9346 7478/9348 7855/9349
f 7855/9349 7478/9348 7479/9350 7856/9351
f 8045/9352 8087/9353 7488/9354 7486/9355
f 8087/9353 8088/9356 7487/9357 7488/9354
f 8088/9356 8089/9358 7485/9359 7487/9357
f 7856/9351 7479/9350 7489/9360 7887/9361
f 7860/9362 7888/9363 7496/9364 7494/9365
f 7871/9366 7889/9367 7495/9368 7536/9369
f 7889/9367 7890/9329 7493/9328 7495/9368
f 7861/9331 7891/9370 7504/9371 7502/9332
f 7849/9372 7892/9373 7503/9374 7433/9375
f 7892/9373 7893/9334 7501/9337 7503/9374
f 7895/9376 7525/9377 7475/9343 7852/9342
f 8202/9378 8115/9379 7470/9380 8080/9381
f 8190/9382 8116/9383 7471/9384 7851/9385
f 8158/9386 8119/9387 7475/9388 7525/9389
f 8138/9390 8162/9391 7524/9392 7494/9393
f 8119/9387 8120/9394 7476/9395 7475/9388
f 8120/9394 8121/9396 7477/9397 7476/9395
f 8121/9396 8122/9398 7478/9399 7477/9397
f 8122/9398 8123/9400 7479/9401 7478/9399
f 8124/9402 8125/9403 7481/9404 7480/9405
f 8125/9403 8126/9406 7482/9407 7481/9404
f 8126/9406 8127/9408 7483/9409 7482/9407
f 8127/9408 8128/9410 7484/9411 7483/9409
f 8133/9412 8135/9413 7491/9414 7489/9415
f 8132/9416 8130/9417 7486/9418 7488/9419
f 8135/9413 8136/9420 7492/9421 7491/9414
f 8131/9422 8132/9416 7488/9419 7487/9423
f 8136/9420 8134/9424 7490/9425 7492/9421
f 8129/9426 8131/9422 7487/9423 7485/9427
f 8130/9417 8124/9402 7480/9405 7486/9418
f 8123/9400 8133/9412 7489/9415 7479/9401
f 8141/9287 8143/9428 7499/9429 7497/9288
f 8140/9430 8138/9390 7494/9393 7496/9431
f 8166/9432 8144/9433 7500/9434 7535/9435
f 8168/9436 8140/9430 7496/9431 7540/9437
f 8144/9433 8142/9438 7498/9439 7500/9434
f 8137/9440 8139/9441 7495/9442 7493/9443
f 8149/9444 8151/9445 7507/9446 7505/9447
f 8148/9448 8146/9449 7502/9450 7504/9451
f 8118/9452 8152/9453 7508/9454 7434/9455
f 8164/9456 8148/9448 7504/9451 7530/9457
f 8152/9453 8150/9458 7506/9459 7508/9454
f 8145/9460 8147/9338 7503/9341 7501/9461
f 8128/9410 8157/9462 7519/9463 7484/9411
f 7860/9362 7494/9365 7524/9464 7869/9465
f 8194/9466 8114/9467 7469/9468 7927/9469
f 8182/9470 8137/9440 7493/9443 7743/9471
f 8184/9472 8149/9444 7505/9447 7753/9473
f 8198/9474 8117/9475 7472/9476 7955/9477
f 8150/9458 8129/9426 7485/9427 7506/9459
f 8134/9424 8145/9460 7501/9461 7490/9425
f 8052/9478 7509/9479 7511/9480 8092/9481
f 8092/9481 7511/9480 7512/9482 8093/9483
f 8093/9483 7512/9482 7513/9484 8094/9485
f 8094/9485 7513/9484 7510/9486 8095/9487
f 8053/9488 7519/9489 7521/9490 8096/9491
f 8096/9491 7521/9490 7522/9492 8097/9493
f 8097/9493 7522/9492 7523/9494 8098/9495
f 8098/9495 7523/9494 7520/9496 8099/9497
f 8153/9286 7520/9289 7523/9498 8154/9499
f 8154/9499 7523/9498 7522/9500 8155/9501
f 8155/9501 7522/9500 7521/9502 8156/9503
f 8156/9503 7521/9502 7519/9463 8157/9462
f 8158/9386 7525/9389 7528/9504 8159/9505
f 8159/9505 7528/9504 7527/9506 8160/9507
f 8160/9507 7527/9506 7526/9508 8161/9509
f 8161/9509 7526/9508 7524/9392 8162/9391
f 7847/9310 7894/9510 7515/9511 7454/9311
f 8163/9512 8118/9452 7434/9455 7532/9513
f 7870/9514 7849/9372 7433/9375 7530/9515
f 7896/9516 7531/9517 7473/9321 7879/9320
f 7884/9319 7464/9318 7531/9517 7896/9516
f 7891/9370 7870/9514 7530/9515 7504/9371
f 8151/9445 8163/9512 7532/9513 7507/9446
f 8113/9339 8164/9456 7530/9457 7433/9340
f 8139/9441 8165/9518 7536/9519 7495/9442
f 8167/9520 8166/9432 7535/9435 7538/9521
f 7872/9522 7871/9366 7536/9369 7540/9523
f 7898/9524 7539/9525 7534/9315 7897/9314
f 7881/9313 7456/9312 7539/9525 7898/9524
f 7888/9363 7872/9522 7540/9523 7496/9364
f 8143/9428 8167/9520 7538/9521 7499/9429
f 8165/9518 8168/9436 7540/9437 7536/9519
f 7678/9526 7724/9527 7596/9528 7574/9529
f 7671/9530 7554/9531 7595/9532 7688/9533
f 7688/9533 7595/9532 7594/9534 7687/9535
f 7724/9527 7723/9536 7593/9537 7596/9528
f 7681/9538 7722/9539 7592/9540 7578/9541
f 7674/9542 7558/9543 7591/9544 7686/9545
f 7686/9545 7591/9544 7543/9546 7669/9547
f 7722/9539 7701/9548 7561/9549 7592/9540
f 7699/9550 7684/9551 7581/9552 7553/9553
f 7640/9554 7589/9555 7590/9556 7641/9557
f 7639/9558 7588/9559 7589/9555 7640/9554
f 7638/9560 7587/9561 7588/9559 7639/9558
f 7661/9562 7586/9563 7587/9561 7638/9560
f 7636/9564 7584/9565 7585/9566 7637/9567
f 7635/9568 7583/9569 7584/9565 7636/9564
f 7634/9570 7582/9571 7583/9569 7635/9568
f 7660/9572 7581/9552 7582/9571 7634/9570
f 7712/9573 7573/9574 7590/9556 7721/9575
f 8177/9576 8169/9577 7563/9578 7703/9579
f 8175/9580 8170/9581 7562/9582 7622/9583
f 7685/9584 7586/9563 7564/9585 7704/9586
f 7682/9587 7683/9588 7580/9589 7579/9590
f 7701/9548 7682/9587 7579/9590 7561/9549
f 7713/9591 7681/9538 7578/9541 7577/9592
f 7679/9593 7680/9594 7576/9595 7575/9596
f 7723/9536 7679/9593 7575/9596 7593/9537
f 7712/9573 7678/9526 7574/9529 7573/9574
f 7708/9597 7568/9598 7569/9599 7677/9600
f 7630/9601 7631/9602 7572/9603 7571/9604
f 7629/9605 7630/9601 7571/9604 7570/9606
f 7653/9607 7629/9605 7570/9606 7569/9599
f 7707/9608 7567/9609 7568/9598 7708/9597
f 7706/9610 7566/9611 7567/9609 7707/9608
f 7705/9612 7565/9613 7566/9611 7706/9610
f 7704/9586 7564/9585 7565/9613 7705/9612
f 7683/9588 7711/9614 7572/9603 7580/9589
f 7758/9615 7713/9591 7577/9592 7754/9616
f 7748/9617 7741/9618 7576/9595 7680/9594
f 7717/9619 7691/9620 7544/9621 7585/9566
f 7675/9622 7559/9623 7560/9624 7676/9625
f 7669/9547 7543/9546 7559/9623 7675/9622
f 7700/9626 7557/9627 7558/9543 7674/9542
f 7672/9628 7555/9629 7556/9630 7673/9631
f 7687/9535 7594/9534 7555/9629 7672/9628
f 7699/9550 7553/9553 7554/9531 7671/9530
f 7695/9632 7670/9633 7549/9634 7548/9635
f 7617/9636 7551/9637 7552/9638 7618/9639
f 7616/9640 7550/9641 7551/9637 7617/9636
f 7646/9642 7549/9634 7550/9641 7616/9640
f 7694/9643 7695/9632 7548/9635 7547/9644
f 7693/9645 7694/9643 7547/9644 7546/9646
f 7692/9647 7693/9645 7546/9646 7545/9648
f 7691/9620 7692/9647 7545/9648 7544/9621
f 7676/9625 7560/9624 7552/9638 7698/9649
f 7757/9650 7751/9651 7557/9627 7700/9626
f 7747/9652 7673/9631 7556/9630 7744/9653
f 7738/9654 7725/9655 7602/9656 7731/9657
f 7737/9658 7734/9659 7601/9660 7726/9661
f 8179/9662 8171/9663 7600/9664 7730/9665
f 8181/9666 8172/9667 7599/9668 7740/9669
f 7901/9670 7730/9671 7600/9672 7899/9673
f 7875/9674 7873/9675 7598/9676 7729/9677
f 7768/9678 7764/9679 7608/9680 7727/9681
f 7767/9682 7728/9683 7607/9684 7761/9685
f 8183/9686 8173/9687 7606/9688 7750/9689
f 8185/9690 8174/9691 7605/9692 7760/9693
f 7878/9694 7874/9695 7606/9696 7763/9697
f 7904/9698 7762/9699 7604/9700 7900/9701
f 7764/9679 7765/9702 7668/9703 7608/9680
f 7761/9685 7607/9684 7667/9704 7766/9705
f 7731/9657 7602/9656 7666/9706 7735/9707
f 7734/9659 7736/9708 7665/9709 7601/9660
f 7808/9710 7646/9642 7616/9640 7776/9711
f 7776/9711 7616/9640 7617/9636 7777/9712
f 7777/9712 7617/9636 7618/9639 7778/9713
f 7815/9714 7789/9715 7629/9605 7653/9607
f 7789/9715 7790/9716 7630/9601 7629/9605
f 7790/9716 7791/9717 7631/9602 7630/9601
f 8187/9718 8175/9580 7622/9583 7782/9719
f 7822/9720 7660/9572 7634/9570 7794/9721
f 7794/9721 7634/9570 7635/9568 7795/9722
f 7795/9722 7635/9568 7636/9564 7796/9723
f 7796/9723 7636/9564 7637/9567 7797/9724
f 7823/9725 7661/9562 7638/9560 7798/9726
f 7798/9726 7638/9560 7639/9558 7799/9727
f 7799/9727 7639/9558 7640/9554 7800/9728
f 7800/9728 7640/9554 7641/9557 7801/9729
f 7574/9529 7596/9528 7644/9730 7654/9731
f 7554/9531 7647/9732 7664/9733 7595/9532
f 7595/9532 7664/9733 7663/9734 7594/9534
f 7596/9528 7593/9537 7643/9735 7644/9730
f 7578/9541 7592/9540 7642/9736 7657/9737
f 7558/9543 7650/9738 7662/9739 7591/9544
f 7591/9544 7662/9739 7645/9740 7543/9546
f 7592/9540 7561/9549 7621/9741 7642/9736
f 7553/9553 7581/9552 7660/9572 7619/9742
f 7573/9574 7632/9743 7641/9557 7590/9556
f 8169/9577 8176/9744 7623/9745 7563/9578
f 7586/9563 7661/9562 7624/9746 7564/9585
f 7579/9590 7580/9589 7659/9747 7658/9748
f 7561/9549 7579/9590 7658/9748 7621/9741
f 7577/9592 7578/9541 7657/9737 7633/9749
f 7575/9596 7576/9595 7656/9750 7655/9751
f 7593/9537 7575/9596 7655/9751 7643/9735
f 7573/9574 7574/9529 7654/9731 7632/9743
f 7568/9598 7628/9752 7653/9607 7569/9599
f 7567/9609 7627/9753 7628/9752 7568/9598
f 7566/9611 7626/9754 7627/9753 7567/9609
f 7565/9613 7625/9755 7626/9754 7566/9611
f 7564/9585 7624/9746 7625/9755 7565/9613
f 7580/9589 7572/9603 7631/9602 7659/9747
f 7754/9616 7577/9592 7633/9749 7755/9756
f 7741/9618 7745/9757 7656/9750 7576/9595
f 7585/9566 7544/9621 7611/9758 7637/9567
f 7559/9623 7651/9759 7652/9760 7560/9624
f 7543/9546 7645/9740 7651/9759 7559/9623
f 7557/9627 7620/9761 7650/9738 7558/9543
f 7555/9629 7648/9762 7649/9763 7556/9630
f 7594/9534 7663/9734 7648/9762 7555/9629
f 7553/9553 7619/9742 7647/9732 7554/9531
f 7548/9635 7549/9634 7646/9642 7615/9764
f 7547/9644 7548/9635 7615/9764 7614/9765
f 7546/9646 7547/9644 7614/9765 7613/9766
f 7545/9648 7546/9646 7613/9766 7612/9767
f 7544/9621 7545/9648 7612/9767 7611/9758
f 7560/9624 7652/9760 7618/9639 7552/9638
f 7751/9651 7756/9768 7620/9761 7557/9627
f 7744/9653 7556/9630 7649/9763 7746/9769
f 8028/9770 8020/9771 7728/9683 7767/9682
f 8027/9772 7768/9678 7727/9681 7982/9773
f 8022/9774 7737/9658 7726/9661 7981/9775
f 8021/9776 8019/9777 7725/9655 7738/9654
f 8024/9778 7965/9779 7673/9631 7747/9652
f 8026/9780 7757/9650 7700/9626 7994/9781
f 7968/9782 7676/9625 7698/9649 7992/9783
f 7985/9784 7986/9785 7692/9647 7691/9620
f 7986/9785 7987/9786 7693/9645 7692/9647
f 7987/9786 7988/9787 7694/9643 7693/9645
f 7988/9787 7989/9788 7695/9632 7694/9643
f 7989/9788 7962/9789 7670/9633 7695/9632
f 7993/9790 7699/9550 7671/9530 7963/9791
f 7979/9792 7687/9535 7672/9628 7964/9793
f 7964/9793 7672/9628 7673/9631 7965/9779
f 7994/9781 7700/9626 7674/9542 7966/9794
f 7961/9795 7669/9547 7675/9622 7967/9796
f 7967/9796 7675/9622 7676/9625 7968/9782
f 8011/9797 7985/9784 7691/9620 7717/9619
f 8023/9798 7748/9617 7680/9594 7972/9799
f 8025/9800 8007/9801 7713/9591 7758/9615
f 7975/9802 8005/9803 7711/9614 7683/9588
f 7998/9804 7704/9586 7705/9612 7999/9805
f 7999/9805 7705/9612 7706/9610 8000/9806
f 8000/9806 7706/9610 7707/9608 8001/9807
f 8001/9807 7707/9608 7708/9597 8002/9808
f 8002/9808 7708/9597 7677/9600 7969/9809
f 8006/9810 7970/9811 7678/9526 7712/9573
f 8017/9812 7971/9813 7679/9593 7723/9536
f 7971/9813 7972/9799 7680/9594 7679/9593
f 8007/9801 7973/9814 7681/9538 7713/9591
f 7995/9815 7974/9816 7682/9587 7701/9548
f 7974/9816 7975/9802 7683/9588 7682/9587
f 7977/9817 7685/9584 7704/9586 7998/9804
f 8199/9818 8177/9576 7703/9579 7997/9819
f 8006/9810 7712/9573 7721/9575 8015/9820
f 7993/9790 7976/9821 7684/9551 7699/9550
f 8016/9822 7995/9815 7701/9548 7722/9539
f 7978/9823 7686/9545 7669/9547 7961/9795
f 7966/9794 7674/9542 7686/9545 7978/9823
f 7973/9814 8016/9822 7722/9539 7681/9538
f 8018/9824 8017/9812 7723/9536 7724/9527
f 7980/9825 7688/9533 7687/9535 7979/9792
f 7963/9791 7671/9530 7688/9533 7980/9825
f 7970/9811 8018/9824 7724/9527 7678/9526
f 7589/9555 7720/9826 7721/9575 7590/9556
f 7588/9559 7719/9827 7720/9826 7589/9555
f 7587/9561 7718/9828 7719/9827 7588/9559
f 7586/9563 7685/9584 7718/9828 7587/9561
f 7584/9565 7716/9829 7717/9619 7585/9566
f 7583/9569 7715/9830 7716/9829 7584/9565
f 7582/9571 7714/9831 7715/9830 7583/9569
f 7581/9552 7684/9551 7714/9831 7582/9571
f 8170/9581 8178/9832 7702/9833 7562/9582
f 7571/9604 7572/9603 7711/9614 7710/9834
f 7570/9606 7571/9604 7710/9834 7709/9835
f 7569/9599 7570/9606 7709/9835 7677/9600
f 7551/9637 7697/9836 7698/9649 7552/9638
f 7550/9641 7696/9837 7697/9836 7551/9637
f 7549/9634 7670/9633 7696/9837 7550/9641
f 8030/9838 8021/9776 7738/9654 7909/9839
f 8029/9840 7914/9841 7737/9658 8022/9774
f 7912/9842 7913/9843 7736/9708 7734/9659
f 7907/9844 7731/9657 7735/9707 7908/9845
f 7918/9846 7875/9674 7729/9677 7905/9847
f 7917/9848 7906/9849 7730/9671 7901/9670
f 8191/9850 8179/9662 7730/9665 7906/9851
f 7914/9841 7912/9842 7734/9659 7737/9658
f 7909/9839 7738/9654 7731/9657 7907/9844
f 8172/9667 8180/9852 7733/9853 7599/9668
f 7981/9775 7726/9661 7748/9617 8023/9798
f 8019/9777 8024/9778 7747/9652 7725/9655
f 7602/9656 7744/9653 7746/9769 7666/9706
f 7601/9660 7665/9709 7745/9757 7741/9618
f 8142/9438 8181/9666 7740/9669 7498/9439
f 7725/9655 7747/9652 7744/9653 7602/9656
f 7726/9661 7601/9660 7741/9618 7748/9617
f 8171/9663 8182/9470 7743/9471 7600/9664
f 7899/9673 7600/9672 7743/9327 7902/9326
f 7873/9675 7876/9274 7742/9277 7598/9676
f 8020/9771 8025/9800 7758/9615 7728/9683
f 7982/9773 7727/9681 7757/9650 8026/9780
f 7608/9680 7668/9703 7756/9768 7751/9651
f 7607/9684 7754/9616 7755/9756 7667/9704
f 8146/9449 8183/9686 7750/9689 7502/9450
f 7727/9681 7608/9680 7751/9651 7757/9650
f 7728/9683 7758/9615 7754/9616 7607/9684
f 8174/9691 8184/9472 7753/9473 7605/9692
f 7874/9695 7877/9330 7750/9333 7606/9696
f 7900/9701 7604/9700 7749/9279 7903/9278
f 8034/9854 7942/9855 7768/9678 8027/9772
f 8033/9856 8028/9770 7767/9682 7937/9857
f 7935/9858 7761/9685 7766/9705 7936/9859
f 7940/9860 7941/9861 7765/9702 7764/9679
f 7946/9862 7938/9863 7762/9699 7904/9698
f 7945/9864 7878/9694 7763/9697 7939/9865
f 8195/9866 8185/9690 7760/9693 7934/9867
f 7937/9857 7767/9682 7761/9685 7935/9858
f 7942/9855 7940/9860 7764/9679 7768/9678
f 8173/9687 8186/9868 7763/9869 7606/9688
f 7936/9859 7766/9705 7836/9870 7943/9871
f 7941/9861 7944/9872 7835/9873 7765/9702
f 7668/9703 7828/9874 7834/9875 7756/9768
f 7667/9704 7755/9756 7833/9876 7806/9877
f 7666/9706 7746/9769 7832/9878 7805/9879
f 7665/9709 7827/9880 7831/9881 7745/9757
f 7913/9843 7915/9882 7830/9883 7736/9708
f 7908/9845 7735/9707 7829/9884 7916/9885
f 7868/9886 7800/9728 7801/9729 7869/9465
f 7867/9887 7799/9727 7800/9728 7868/9886
f 7866/9888 7798/9726 7799/9727 7867/9887
f 7895/9376 7823/9725 7798/9726 7866/9888
f 7864/9889 7796/9723 7797/9724 7865/9324
f 7863/9890 7795/9722 7796/9723 7864/9889
f 7862/9891 7794/9721 7795/9722 7863/9890
f 7894/9510 7822/9720 7794/9721 7862/9891
f 8189/9892 8187/9718 7782/9719 7850/9893
f 7858/9894 7859/9335 7791/9717 7790/9716
f 7857/9895 7858/9894 7790/9716 7789/9715
f 7887/9361 7857/9895 7789/9715 7815/9714
f 7845/9896 7777/9712 7778/9713 7846/9285
f 7844/9897 7776/9711 7777/9712 7845/9896
f 7880/9308 7808/9710 7776/9711 7844/9897
f 7765/9702 7835/9873 7828/9874 7668/9703
f 7766/9705 7667/9704 7806/9877 7836/9870
f 7735/9707 7666/9706 7805/9879 7829/9884
f 7736/9708 7830/9883 7827/9880 7665/9709
f 7654/9731 7644/9730 7804/9898 7816/9899
f 7647/9732 7809/9900 7826/9901 7664/9733
f 7664/9733 7826/9901 7825/9902 7663/9734
f 7644/9730 7643/9735 7803/9903 7804/9898
f 7657/9737 7642/9736 7802/9904 7819/9905
f 7650/9738 7812/9906 7824/9907 7662/9739
f 7662/9739 7824/9907 7807/9908 7645/9740
f 7642/9736 7621/9741 7781/9909 7802/9904
f 7619/9742 7660/9572 7822/9720 7779/9910
f 7632/9743 7792/9911 7801/9729 7641/9557
f 8176/9744 8188/9912 7783/9913 7623/9745
f 7661/9562 7823/9725 7784/9914 7624/9746
f 7658/9748 7659/9747 7821/9915 7820/9916
f 7621/9741 7658/9748 7820/9916 7781/9909
f 7633/9749 7657/9737 7819/9905 7793/9917
f 7655/9751 7656/9750 7818/9918 7817/9919
f 7643/9735 7655/9751 7817/9919 7803/9903
f 7632/9743 7654/9731 7816/9899 7792/9911
f 7628/9752 7788/9920 7815/9714 7653/9607
f 7627/9753 7787/9921 7788/9920 7628/9752
f 7626/9754 7786/9922 7787/9921 7627/9753
f 7625/9755 7785/9923 7786/9922 7626/9754
f 7624/9746 7784/9914 7785/9923 7625/9755
f 7659/9747 7631/9602 7791/9717 7821/9915
f 7755/9756 7633/9749 7793/9917 7833/9876
f 7745/9757 7831/9881 7818/9918 7656/9750
f 7637/9567 7611/9758 7771/9924 7797/9724
f 7651/9759 7813/9925 7814/9926 7652/9760
f 7645/9740 7807/9908 7813/9925 7651/9759
f 7620/9761 7780/9927 7812/9906 7650/9738
f 7648/9762 7810/9928 7811/9929 7649/9763
f 7663/9734 7825/9902 7810/9928 7648/9762
f 7619/9742 7779/9910 7809/9900 7647/9732
f 7615/9764 7646/9642 7808/9710 7775/9930
f 7614/9765 7615/9764 7775/9930 7774/9931
f 7613/9766 7614/9765 7774/9931 7773/9932
f 7612/9767 7613/9766 7773/9932 7772/9933
f 7611/9758 7612/9767 7772/9933 7771/9924
f 7652/9760 7814/9926 7778/9713 7618/9639
f 7756/9768 7834/9875 7780/9927 7620/9761
f 7746/9769 7649/9763 7811/9929 7832/9878
f 7449/9309 7880/9308 7844/9897 7451/9934
f 7451/9934 7844/9897 7845/9896 7452/9935
f 7452/9935 7845/9896 7846/9285 7450/9284
f 7489/9360 7491/9936 7857/9895 7887/9361
f 7491/9936 7492/9937 7858/9894 7857/9895
f 7492/9937 7490/9336 7859/9335 7858/9894
f 8117/9938 8189/9892 7850/9893 7472/9939
f 7515/9511 7894/9510 7862/9891 7518/9940
f 7518/9940 7862/9891 7863/9890 7517/9941
f 7517/9941 7863/9890 7864/9889 7516/9942
f 7516/9942 7864/9889 7865/9324 7514/9325
f 7525/9377 7895/9376 7866/9888 7528/9943
f 7528/9943 7866/9888 7867/9887 7527/9944
f 7527/9944 7867/9887 7868/9886 7526/9945
f 7526/9945 7868/9886 7869/9465 7524/9464
f 7943/9871 7836/9870 7878/9694 7945/9864
f 7944/9872 7946/9862 7904/9698 7835/9873
f 7828/9874 7900/9701 7903/9278 7834/9875
f 7806/9877 7833/9876 7877/9330 7874/9695
f 7805/9879 7832/9878 7876/9274 7873/9675
f 7827/9880 7899/9673 7902/9326 7831/9881
f 7915/9882 7917/9848 7901/9670 7830/9883
f 7916/9885 7829/9884 7875/9674 7918/9846
f 7835/9873 7904/9698 7900/9701 7828/9874
f 7836/9870 7806/9877 7874/9695 7878/9694
f 7829/9884 7805/9879 7873/9675 7875/9674
f 7830/9883 7901/9670 7899/9673 7827/9880
f 7816/9899 7804/9898 7872/9522 7888/9363
f 7809/9900 7881/9313 7898/9524 7826/9901
f 7826/9901 7898/9524 7897/9314 7825/9902
f 7804/9898 7803/9903 7871/9366 7872/9522
f 7819/9905 7802/9904 7870/9514 7891/9370
f 7812/9906 7884/9319 7896/9516 7824/9907
f 7824/9907 7896/9516 7879/9320 7807/9908
f 7802/9904 7781/9909 7849/9372 7870/9514
f 7779/9910 7822/9720 7894/9510 7847/9310
f 7792/9911 7860/9362 7869/9465 7801/9729
f 8188/9912 8190/9382 7851/9385 7783/9913
f 7823/9725 7895/9376 7852/9342 7784/9914
f 7820/9916 7821/9915 7893/9334 7892/9373
f 7781/9909 7820/9916 7892/9373 7849/9372
f 7793/9917 7819/9905 7891/9370 7861/9331
f 7817/9919 7818/9918 7890/9329 7889/9367
f 7803/9903 7817/9919 7889/9367 7871/9366
f 7792/9911 7816/9899 7888/9363 7860/9362
f 7788/9920 7856/9351 7887/9361 7815/9714
f 7787/9921 7855/9349 7856/9351 7788/9920
f 7786/9922 7854/9347 7855/9349 7787/9921
f 7785/9923 7853/9345 7854/9347 7786/9922
f 7784/9914 7852/9342 7853/9345 7785/9923
f 7821/9915 7791/9717 7859/9335 7893/9334
f 7833/9876 7793/9917 7861/9331 7877/9330
f 7831/9881 7902/9326 7890/9329 7818/9918
f 7797/9724 7771/9924 7839/9290 7865/9324
f 7813/9925 7885/9323 7886/9282 7814/9926
f 7807/9908 7879/9320 7885/9323 7813/9925
f 7780/9927 7848/9281 7884/9319 7812/9906
f 7810/9928 7882/9317 7883/9275 7811/9929
f 7825/9902 7897/9314 7882/9317 7810/9928
f 7779/9910 7847/9310 7881/9313 7809/9900
f 7775/9930 7808/9710 7880/9308 7843/9298
f 7774/9931 7775/9930 7843/9298 7842/9296
f 7773/9932 7774/9931 7842/9296 7841/9294
f 7772/9933 7773/9932 7841/9294 7840/9291
f 7771/9924 7772/9933 7840/9291 7839/9290
f 7814/9926 7886/9282 7846/9285 7778/9713
f 7834/9875 7903/9278 7848/9281 7780/9927
f 7832/9878 7811/9929 7883/9275 7876/9274
f 7924/9946 7916/9885 7918/9846 7925/9947
f 7931/9948 7932/9949 7917/9848 7915/9882
f 7922/9950 7908/9845 7916/9885 7924/9946
f 7929/9951 7931/9948 7915/9882 7913/9843
f 7923/9952 7909/9839 7907/9844 7921/9953
f 7930/9954 7928/9955 7912/9842 7914/9841
f 8193/9956 8191/9850 7906/9851 7920/9957
f 7932/9949 7920/9958 7906/9849 7917/9848
f 7925/9947 7918/9846 7905/9847 7919/9959
f 7921/9953 7907/9844 7908/9845 7922/9950
f 7928/9955 7929/9951 7913/9843 7912/9842
f 8032/9960 7930/9954 7914/9841 8029/9840
f 8031/9961 8030/9838 7909/9839 7923/9952
f 8180/9852 8192/9962 7911/9963 7733/9853
f 7984/9964 8031/9961 7923/9952 7690/9965
f 7997/9966 7703/9967 7930/9954 8032/9960
f 7563/9968 7623/9969 7929/9951 7928/9955
f 7542/9970 7921/9953 7922/9950 7610/9971
f 7838/9972 7925/9947 7919/9959 7431/9973
f 7851/9974 7471/9975 7920/9958 7932/9949
f 8116/9976 8193/9956 7920/9957 7471/9977
f 7703/9967 7563/9968 7928/9955 7930/9954
f 7690/9965 7923/9952 7921/9953 7542/9970
f 7623/9969 7783/9978 7931/9948 7929/9951
f 7610/9971 7922/9950 7924/9946 7770/9979
f 7783/9978 7851/9974 7932/9949 7931/9948
f 7770/9979 7924/9946 7925/9947 7838/9972
f 8192/9962 8194/9466 7927/9469 7911/9963
f 7959/9980 7960/9981 7946/9862 7944/9872
f 7952/9982 7943/9871 7945/9864 7953/9983
f 7957/9984 7959/9980 7944/9872 7941/9861
f 7950/9985 7936/9859 7943/9871 7952/9982
f 7958/9986 7956/9987 7940/9860 7942/9855
f 7951/9988 7937/9857 7935/9858 7949/9989
f 8197/9990 8195/9866 7934/9867 7948/9991
f 7953/9983 7945/9864 7939/9865 7955/9992
f 7960/9981 7954/9993 7938/9863 7946/9862
f 7956/9987 7957/9984 7941/9861 7940/9860
f 7949/9989 7935/9858 7936/9859 7950/9985
f 8036/9994 8033/9856 7937/9857 7951/9988
f 8035/9995 7958/9986 7942/9855 8034/9854
f 8186/9868 8196/9996 7939/9997 7763/9869
f 7983/9998 7689/9999 7958/9986 8035/9995
f 7996/10000 8036/9994 7951/9988 7702/10001
f 7562/10002 7949/9989 7950/9985 7622/10003
f 7541/10004 7609/10005 7957/9984 7956/9987
f 7837/10006 7432/10007 7954/9993 7960/9981
f 7850/10008 7953/9983 7955/9992 7472/10009
f 8115/10010 8197/9990 7948/9991 7470/10011
f 7702/10001 7951/9988 7949/9989 7562/10002
f 7689/9999 7541/10004 7956/9987 7958/9986
f 7622/10003 7950/9985 7952/9982 7782/10012
f 7609/10005 7769/10013 7959/9980 7957/9984
f 7782/10012 7952/9982 7953/9983 7850/10008
f 7769/10013 7837/10006 7960/9981 7959/9980
f 8196/9996 8198/9474 7955/9477 7939/9997
f 8080/10014 8112/10015 8036/9994 7996/10000
f 8067/10016 7983/9998 8035/9995 8066/10017
f 8066/10017 8035/9995 8034/9854 8065/10018
f 8112/10015 8111/10019 8033/9856 8036/9994
f 8081/10020 7997/9966 8032/9960 8064/10021
f 8068/10022 8110/10023 8031/9961 7984/9964
f 8110/10023 8109/10024 8030/9838 8031/9961
f 8064/10021 8032/9960 8029/9840 8063/10025
f 8111/10019 8108/10026 8028/9770 8033/9856
f 8065/10018 8034/9854 8027/9772 8062/10027
f 8058/10028 7982/9773 8026/9780 8061/10029
f 8104/10030 8107/10031 8025/9800 8020/9771
f 8103/10032 8106/10033 8024/9778 8019/9777
f 8057/10034 7981/9775 8023/9798 8060/10035
f 8063/10025 8029/9840 8022/9774 8059/10036
f 8109/10024 8105/10037 8021/9776 8030/9838
f 8046/10038 8102/10039 8018/9824 7970/9811
f 8039/10040 7963/9791 7980/9825 8056/10041
f 8056/10041 7980/9825 7979/9792 8055/10042
f 8102/10039 8101/10043 8017/9812 8018/9824
f 8049/10044 8100/10045 8016/9822 7973/9814
f 8042/10046 7966/9794 7978/9823 8054/10047
f 8054/10047 7978/9823 7961/9795 8037/10048
f 8100/10045 8079/10049 7995/9815 8016/9822
f 8077/10050 8052/9478 7976/9821 7993/9790
f 8090/10051 8006/9810 8015/9820 8099/9497
f 8201/10052 8199/9818 7997/9819 8081/10053
f 8053/9488 7977/9817 7998/9804 8082/10054
f 8050/10055 8051/10056 7975/9802 7974/9816
f 8079/10049 8050/10055 7974/9816 7995/9815
f 8091/10057 8049/10044 7973/9814 8007/9801
f 8047/10058 8048/10059 7972/9799 7971/9813
f 8101/10043 8047/10058 7971/9813 8017/9812
f 8090/10051 8046/10038 7970/9811 8006/9810
f 8086/10060 8002/9808 7969/9809 8045/9352
f 8085/10061 8001/9807 8002/9808 8086/10060
f 8084/10062 8000/9806 8001/9807 8085/10061
f 8083/10063 7999/9805 8000/9806 8084/10062
f 8082/10054 7998/9804 7999/9805 8083/10063
f 8051/10056 8089/9358 8005/9803 7975/9802
f 8107/10031 8091/10057 8007/9801 8025/9800
f 8060/10035 8023/9798 7972/9799 8048/10059
f 8095/9487 8069/10064 7985/9784 8011/9797
f 8043/10065 7967/9796 7968/9782 8044/10066
f 8037/10048 7961/9795 7967/9796 8043/10065
f 8078/10067 7994/9781 7966/9794 8042/10046
f 8040/10068 7964/9793 7965/9779 8041/10069
f 8055/10042 7979/9792 7964/9793 8040/10068
f 8077/10050 7993/9790 7963/9791 8039/10040
f 8073/10070 8038/9300 7962/9789 7989/9788
f 8072/10071 8073/10070 7989/9788 7988/9787
f 8071/10072 8072/10071 7988/9787 7987/9786
f 8070/10073 8071/10072 7987/9786 7986/9785
f 8069/10064 8070/10073 7986/9785 7985/9784
f 8044/10066 7968/9782 7992/9783 8076/9307
f 8061/10029 8026/9780 7994/9781 8078/10067
f 8106/10033 8041/10069 7965/9779 8024/9778
f 8105/10037 8103/10032 8019/9777 8021/9776
f 8059/10036 8022/9774 7981/9775 8057/10034
f 8062/10027 8027/9772 7982/9773 8058/10028
f 8108/10026 8104/10030 8020/9771 8028/9770
f 7720/9826 8014/10074 8015/9820 7721/9575
f 7719/9827 8013/10075 8014/10074 7720/9826
f 7718/9828 8012/10076 8013/10075 7719/9827
f 7685/9584 7977/9817 8012/10076 7718/9828
f 7716/9829 8010/10077 8011/9797 7717/9619
f 7715/9830 8009/10078 8010/10077 7716/9829
f 7714/9831 8008/10079 8009/10078 7715/9830
f 7684/9551 7976/9821 8008/10079 7714/9831
f 8178/9832 8200/10080 7996/10081 7702/9833
f 7710/9834 7711/9614 8005/9803 8004/10082
f 7709/9835 7710/9834 8004/10082 8003/10083
f 7677/9600 7709/9835 8003/10083 7969/9809
f 7697/9836 7991/10084 7992/9783 7698/9649
f 7696/9837 7990/10085 7991/10084 7697/9836
f 7670/9633 7962/9789 7990/10085 7696/9837
f 7760/10086 7605/10087 8104/10030 8108/10026
f 7759/10088 8062/10027 8058/10028 7603/10089
f 7733/10090 8059/10036 8057/10034 7599/10091
f 7732/10092 7597/10093 8103/10032 8105/10037
f 7739/10094 7458/10095 8041/10069 8106/10033
f 7752/10096 8061/10029 8078/10067 7465/10097
f 7466/10098 8044/10066 8076/9307 7445/9306
f 7444/10099 7443/10100 8070/10073 8069/10064
f 7443/10100 7442/10101 8071/10072 8070/10073
f 7442/10101 7441/10102 8072/10071 8071/10072
f 7441/10102 7440/10103 8073/10070 8072/10071
f 7440/10103 7446/9301 8038/9300 8073/10070
f 7457/10104 8077/10050 8039/10040 7459/10105
f 7533/10106 8055/10042 8040/10068 7460/10107
f 7460/10107 8040/10068 8041/10069 7458/10095
f 7465/10097 8078/10067 8042/10046 7467/10108
f 7474/10109 8037/10048 8043/10065 7468/10110
f 7468/10110 8043/10065 8044/10066 7466/10098
f 7510/9486 7444/10099 8069/10064 8095/9487
f 7740/10111 8060/10035 8048/10059 7498/10112
f 7753/10113 7505/10114 8091/10057 8107/10031
f 7506/10115 7485/9359 8089/9358 8051/10056
f 7484/10116 8082/10054 8083/10063 7483/10117
f 7483/10117 8083/10063 8084/10062 7482/10118
f 7482/10118 8084/10062 8085/10061 7481/10119
f 7481/10119 8085/10061 8086/10060 7480/10120
f 7480/10120 8086/10060 8045/9352 7486/9355
f 7497/10121 7499/10122 8046/10038 8090/10051
f 7535/10123 7500/10124 8047/10058 8101/10043
f 7500/10124 7498/10112 8048/10059 8047/10058
f 7505/10114 7507/10125 8049/10044 8091/10057
f 7434/10126 7508/10127 8050/10055 8079/10049
f 7508/10127 7506/10115 8051/10056 8050/10055
f 7519/9489 8053/9488 8082/10054 7484/10116
f 8114/10128 8201/10052 8081/10053 7469/10129
f 7497/10121 8090/10051 8099/9497 7520/9496
f 7457/10104 7509/9479 8052/9478 8077/10050
f 7532/10130 7434/10126 8079/10049 8100/10045
f 7529/10131 8054/10047 8037/10048 7474/10109
f 7467/10108 8042/10046 8054/10047 7529/10131
f 7507/10125 7532/10130 8100/10045 8049/10044
f 7538/10132 7535/10123 8101/10043 8102/10039
f 7537/10133 8056/10041 8055/10042 7533/10106
f 7459/10105 8039/10040 8056/10041 7537/10133
f 7499/10122 7538/10132 8102/10039 8046/10038
f 7910/10134 7732/10092 8105/10037 8109/10024
f 7911/10135 8063/10025 8059/10036 7733/10090
f 7599/10091 8057/10034 8060/10035 7740/10111
f 7597/10093 7739/10094 8106/10033 8103/10032
f 7605/10087 7753/10113 8107/10031 8104/10030
f 7603/10089 8058/10028 8061/10029 7752/10096
f 7933/10136 8065/10018 8062/10027 7759/10088
f 7934/10137 7760/10086 8108/10026 8111/10019
f 7927/10138 8064/10021 8063/10025 7911/10135
f 7926/10139 7910/10134 8109/10024 8110/10023
f 7429/10140 7926/10139 8110/10023 8068/10022
f 7469/10141 8081/10020 8064/10021 7927/10138
f 7948/10142 7934/10137 8111/10019 8112/10015
f 7947/10143 8066/10017 8065/10018 7933/10136
f 7430/10144 8067/10016 8066/10017 7947/10143
f 7470/10145 7948/10142 8112/10015 8080/10014
f 8014/10074 8098/9495 8099/9497 8015/9820
f 8013/10075 8097/9493 8098/9495 8014/10074
f 8012/10076 8096/9491 8097/9493 8013/10075
f 7977/9817 8053/9488 8096/9491 8012/10076
f 8010/10077 8094/9485 8095/9487 8011/9797
f 8009/10078 8093/9483 8094/9485 8010/10077
f 8008/10079 8092/9481 8093/9483 8009/10078
f 7976/9821 8052/9478 8092/9481 8008/10079
f 8200/10080 8202/9378 8080/9381 7996/10081
f 8004/10082 8005/9803 8089/9358 8088/9356
f 8003/10083 8004/10082 8088/9356 8087/9353
f 7969/9809 8003/10083 8087/9353 8045/9352
f 7991/10084 8075/9305 8076/9307 7992/9783
f 7990/10085 8074/9303 8075/9305 7991/10084
f 7962/9789 8038/9300 8074/9303 7990/10085
f 8290/10146 8292/10147 8202/9378 8200/10080
f 8212/10148 8291/10149 8201/10052 8114/10128
f 8268/10150 8290/10146 8200/10080 8178/9832
f 8291/10149 8289/10151 8199/9818 8201/10052
f 8286/10152 8288/10153 8198/9474 8196/9996
f 8213/10154 8287/10155 8197/9990 8115/10010
f 8276/10156 8286/10152 8196/9996 8186/9868
f 8287/10155 8285/10157 8195/9866 8197/9990
f 8282/10158 8284/10159 8194/9466 8192/9962
f 8214/10160 8283/10161 8193/9956 8116/9976
f 8270/10162 8282/10158 8192/9962 8180/9852
f 8283/10161 8281/10163 8191/9850 8193/9956
f 8278/10164 8280/10165 8190/9382 8188/9912
f 8215/10166 8279/10167 8189/9892 8117/9938
f 8266/10168 8278/10164 8188/9912 8176/9744
f 8279/10167 8277/10169 8187/9718 8189/9892
f 8263/10170 8276/10156 8186/9868 8173/9687
f 8285/10157 8275/10171 8185/9690 8195/9866
f 8264/10172 8274/10173 8184/9472 8174/9691
f 8244/10174 8273/10175 8183/9686 8146/9449
f 8261/10176 8272/10177 8182/9470 8171/9663
f 8240/10178 8271/10179 8181/9666 8142/9438
f 8262/10180 8270/10162 8180/9852 8172/9667
f 8281/10163 8269/10181 8179/9662 8191/9850
f 8260/10182 8268/10150 8178/9832 8170/9581
f 8289/10151 8267/10183 8177/9576 8199/9818
f 8259/10184 8266/10168 8176/9744 8169/9577
f 8277/10169 8265/10185 8175/9580 8187/9718
f 8275/10171 8264/10172 8174/9691 8185/9690
f 8273/10175 8263/10170 8173/9687 8183/9686
f 8271/10179 8262/10180 8172/9667 8181/9666
f 8269/10181 8261/10176 8171/9663 8179/9662
f 8265/10185 8260/10182 8170/9581 8175/9580
f 8267/10183 8259/10184 8169/9577 8177/9576
f 8255/10186 8258/10187 8168/9436 8165/9518
f 8241/10188 8257/10189 8167/9520 8143/9428
f 8257/10189 8256/10190 8166/9432 8167/9520
f 8237/10191 8255/10186 8165/9518 8139/9441
f 8211/10192 8254/10193 8164/9456 8113/9339
f 8249/10194 8253/10195 8163/9512 8151/9445
f 8253/10195 8216/10196 8118/9452 8163/9512
f 8209/10197 8161/9509 8162/9391 8210/10198
f 8208/10199 8160/9507 8161/9509 8209/10197
f 8207/10200 8159/9505 8160/9507 8208/10199
f 8252/10201 8158/9386 8159/9505 8207/10200
f 8205/10202 8156/9503 8157/9462 8206/10203
f 8204/10204 8155/9501 8156/9503 8205/10202
f 8203/10205 8154/9499 8155/9501 8204/10204
f 8251/10206 8153/9286 8154/9499 8203/10205
f 8232/10207 8243/10208 8145/9460 8134/9424
f 8248/10209 8227/10210 8129/9426 8150/9458
f 8288/10153 8215/10211 8117/9475 8198/9474
f 8274/10173 8247/10212 8149/9444 8184/9472
f 8272/10177 8235/10213 8137/9440 8182/9470
f 8284/10159 8212/10214 8114/9467 8194/9466
f 8226/10215 8206/10203 8157/9462 8128/9410
f 8243/10208 8245/10216 8147/9338 8145/9460
f 8250/10217 8248/10209 8150/9458 8152/9453
f 8254/10193 8246/10218 8148/9448 8164/9456
f 8216/10196 8250/10217 8152/9453 8118/9452
f 8246/10218 8244/10174 8146/9449 8148/9448
f 8247/10212 8249/10194 8151/9445 8149/9444
f 8235/10213 8237/10191 8139/9441 8137/9440
f 8242/10219 8240/10178 8142/9438 8144/9433
f 8258/10187 8238/10220 8140/9430 8168/9436
f 8256/10190 8242/10219 8144/9433 8166/9432
f 8238/10220 8236/10221 8138/9390 8140/9430
f 8239/10222 8241/10188 8143/9428 8141/9287
f 8221/10223 8231/10224 8133/9412 8123/9400
f 8228/10225 8222/10226 8124/9402 8130/9417
f 8227/10210 8229/10227 8131/9422 8129/9426
f 8234/10228 8232/10207 8134/9424 8136/9420
f 8229/10227 8230/10229 8132/9416 8131/9422
f 8233/10230 8234/10228 8136/9420 8135/9413
f 8230/10229 8228/10225 8130/9417 8132/9416
f 8231/10224 8233/10230 8135/9413 8133/9412
f 8225/10231 8226/10215 8128/9410 8127/9408
f 8224/10232 8225/10231 8127/9408 8126/9406
f 8223/10233 8224/10232 8126/9406 8125/9403
f 8222/10226 8223/10233 8125/9403 8124/9402
f 8220/10234 8221/10223 8123/9400 8122/9398
f 8219/10235 8220/10234 8122/9398 8121/9396
f 8218/10236 8219/10235 8121/9396 8120/9394
f 8217/10237 8218/10236 8120/9394 8119/9387
f 8236/10221 8210/10198 8162/9391 8138/9390
f 8252/10201 8217/10237 8119/9387 8158/9386
f 8280/10165 8214/10238 8116/9383 8190/9382
f 8292/10147 8213/10239 8115/9379 8202/9378
f 8245/10216 8211/10192 8113/9339 8147/9338
f 8251/10206 8239/10222 8141/9287 8153/9286
f 7509/10240 7457/10241 8239/10222 8251/10206
f 7463/10242 7473/10243 8211/10192 8245/10216
f 8067/10244 7430/10245 8213/10239 8292/10147
f 7838/10246 7431/10247 8214/10238 8280/10165
f 7514/10248 7435/10249 8217/10237 8252/10201
f 7454/10250 7515/10251 8210/10198 8236/10221
f 7435/10249 7436/10252 8218/10236 8217/10237
f 7436/10252 7437/10253 8219/10235 8218/10236
f 7437/10253 7438/10254 8220/10234 8219/10235
f 7438/10254 7439/10255 8221/10223 8220/10234
f 7440/10256 7441/10257 8223/10233 8222/10226
f 7441/10257 7442/10258 8224/10232 8223/10233
f 7442/10258 7443/10259 8225/10231 8224/10232
f 7443/10259 7444/10260 8226/10215 8225/10231
f 7449/10261 7451/10262 8233/10230 8231/10224
f 7448/10263 7446/10264 8228/10225 8230/10229
f 7451/10262 7452/10265 8234/10228 8233/10230
f 7447/10266 7448/10263 8230/10229 8229/10227
f 7452/10265 7450/10267 8232/10207 8234/10228
f 7445/10268 7447/10266 8229/10227 8227/10210
f 7446/10264 7440/10256 8222/10226 8228/10225
f 7439/10255 7449/10261 8231/10224 8221/10223
f 7457/10241 7459/10269 8241/10188 8239/10222
f 7456/10270 7454/10250 8236/10221 8238/10220
f 7533/10271 7460/10272 8242/10219 8256/10190
f 7539/10273 7456/10270 8238/10220 8258/10187
f 7460/10272 7458/10274 8240/10178 8242/10219
f 7453/10275 7455/10276 8237/10191 8235/10213
f 7465/10277 7467/10278 8249/10194 8247/10212
f 7464/10279 7462/10280 8244/10174 8246/10218
f 7474/10281 7468/10282 8250/10217 8216/10196
f 7531/10283 7464/10279 8246/10218 8254/10193
f 7468/10282 7466/10284 8248/10209 8250/10217
f 7461/10285 7463/10242 8245/10216 8243/10208
f 7444/10260 7510/10286 8206/10203 8226/10215
f 7926/10287 7429/10288 8212/10214 8284/10159
f 7742/10289 7453/10275 8235/10213 8272/10177
f 7752/10290 7465/10277 8247/10212 8274/10173
f 7954/10291 7432/10292 8215/10211 8288/10153
f 7466/10284 7445/10268 8227/10210 8248/10209
f 7450/10267 7461/10285 8243/10208 8232/10207
f 7509/10240 8251/10206 8203/10205 7511/10293
f 7511/10293 8203/10205 8204/10204 7512/10294
f 7512/10294 8204/10204 8205/10202 7513/10295
f 7513/10295 8205/10202 8206/10203 7510/10286
f 7514/10248 8252/10201 8207/10200 7516/10296
f 7516/10296 8207/10200 8208/10199 7517/10297
f 7517/10297 8208/10199 8209/10197 7518/10298
f 7518/10298 8209/10197 8210/10198 7515/10251
f 7529/10299 7474/10281 8216/10196 8253/10195
f 7467/10278 7529/10299 8253/10195 8249/10194
f 7473/10243 7531/10283 8254/10193 8211/10192
f 7455/10276 7534/10300 8255/10186 8237/10191
f 7537/10301 7533/10271 8256/10190 8257/10189
f 7459/10269 7537/10301 8257/10189 8241/10188
f 7534/10300 7539/10273 8258/10187 8255/10186
f 7690/10302 7542/10303 8259/10184 8267/10183
f 7609/10304 7541/10305 8260/10182 8265/10185
f 7729/10306 7598/10307 8261/10176 8269/10181
f 7739/10308 7597/10309 8262/10180 8271/10179
f 7749/10310 7604/10311 8263/10170 8273/10175
f 7759/10312 7603/10313 8264/10172 8275/10171
f 7769/10314 7609/10304 8265/10185 8277/10169
f 7542/10303 7610/10315 8266/10168 8259/10184
f 7984/10316 7690/10302 8267/10183 8289/10151
f 7541/10305 7689/10317 8268/10150 8260/10182
f 7905/10318 7729/10306 8269/10181 8281/10163
f 7597/10309 7732/10319 8270/10162 8262/10180
f 7458/10274 7739/10308 8271/10179 8240/10178
f 7598/10307 7742/10289 8272/10177 8261/10176
f 7462/10280 7749/10310 8273/10175 8244/10174
f 7603/10313 7752/10290 8274/10173 8264/10172
f 7933/10320 7759/10312 8275/10171 8285/10157
f 7604/10311 7762/10321 8276/10156 8263/10170
f 7837/10322 7769/10314 8277/10169 8279/10167
f 7610/10315 7770/10323 8278/10164 8266/10168
f 7432/10324 7837/10322 8279/10167 8215/10166
f 7770/10323 7838/10246 8280/10165 8278/10164
f 7919/10325 7905/10318 8281/10163 8283/10161
f 7732/10319 7910/10326 8282/10158 8270/10162
f 7431/10327 7919/10325 8283/10161 8214/10160
f 7910/10326 7926/10287 8284/10159 8282/10158
f 7947/10328 7933/10320 8285/10157 8287/10155
f 7762/10321 7938/10329 8286/10152 8276/10156
f 7430/10330 7947/10328 8287/10155 8213/10154
f 7938/10329 7954/10291 8288/10153 8286/10152
f 8068/10331 7984/10316 8289/10151 8291/10149
f 7689/10317 7983/10332 8290/10146 8268/10150
f 7429/10333 8068/10331 8291/10149 8212/10148
f 7983/10332 8067/10244 8292/10147 8290/10146
