# OBJ written from C:\Users\Prosservic\Desktop\envelope-015\envelope-015.obj
# Units	meters

o paper-b
v -0.0955121 0.00221962 -0.103281
v -0.0990001 0.00180626 -0.109997
v -0.0964635 0.00199466 -0.107043
v -0.101476 0.00155063 -0.0119164
v -0.0955839 0.00194339 -0.0195009
v -0.0972598 0.00170535 -0.0147218
v 0 0.00245979 -0.00961611
v 0 0.001 -0.1186
v -2.85927e-09 0.0358386 -0.137384
v -0.102681 0.0311267 -0.132039
v -0.0935655 0.0358386 -0.137384
v -0.0993876 0.0346011 -0.135811
v 0 0.00541063 -0.104246
v -0.0967064 0.0024156 -0.104577
v -0.105046 0.00259361 -0.096596
v -0.102503 0.00237107 -0.102273
v -0.109919 0.00127277 -0.11856
v -0.109919 0.00127277 -0.00944038
v -0.11 0.00114449 -0.118962
v -0.109915 0.00137172 -0.00930557
v 0 0.00260739 -0.00948901
v 2.93454e-12 0.0011445 -0.118962
v -0.102284 0.0310048 -0.131921
v -0.0991288 0.0344332 -0.135609
v -0.0934902 0.0356385 -0.13712
v -0.104606 0.0026164 -0.0964827
v -0.102128 0.00240054 -0.101938
v -0.0965388 0.00244546 -0.104158
v -0.1096 0.001 -0.1186
v -0.109518 0.00127611 -0.00944088
v -0.1096 0.00114449 -0.118962
v -0.109515 0.0013752 -0.0093061
v -2.82394e-09 0.0356385 -0.13712
v 0 0.0055025 -0.103824
v -0.0934902 0.001 -0.1186
v -0.0934902 0.0011445 -0.118962
v -0.09338 0.00143458 -0.00946434
v -0.0933754 0.00154016 -0.00933059
v -0.109426 0.00292318 -0.064
v -0.1096 0.001 -0.064
v 0 0.001 -0.064
v -0.0934902 0.001 -0.064
v -0.10171 0.00155898 -0.0122903
v -0.097686 0.0017076 -0.0149595
v -0.0959961 0.00193898 -0.019597
v -0.0959689 0.00220892 -0.103236
v -0.0968992 0.00199032 -0.106923
v -0.0993112 0.00181009 -0.109762
v -0.1096 0.001 -0.1182
v -0.109916 0.00128066 -0.118159
v 0 0.001 -0.1182
v -0.0934902 0.001 -0.1182
v -0.109916 0.00128066 -0.00984124
v -0.1096 0.001 -0.00979999
v -0.0934902 0.001 -0.00979999
v 0 0.001 -0.00979999
v -0.0954438 0.00414334 -0.064
v -0.0950031 0.00417868 -0.064
v -0.0934902 0.001 -0.103337
v 0 0.001 -0.103337
v -0.1096 0.001 -0.103337
v -0.109792 0.00169784 -0.103262
v 0 0.001 -0.0194969
v -0.0934902 0.001 -0.0194969
v -0.1096 0.001 -0.0194969
v -0.109843 0.00152542 -0.0195603
v -0.109893 0.0015963 -0.0195623
v -0.109464 0.00303597 -0.064
v -0.10984 0.00177355 -0.10326
v -0.109831 0.00166886 -0.0195644
v -0.109389 0.00315643 -0.064
v -0.109779 0.00185229 -0.103258
v -0.109429 0.00167573 -0.0195653
v -0.108983 0.00318155 -0.064
v -0.109377 0.00186136 -0.103258
v -0.109968 0.00134462 -0.00994942
v -0.10997 0.00133655 -0.00954708
v -0.10991 0.00141295 -0.0100606
v -0.109911 0.00140443 -0.00965733
v -0.109503 0.00141911 -0.0101714
v -0.109502 0.00141042 -0.00976677
v -0.109969 0.0013374 -0.118276
v -0.109967 0.00134499 -0.117875
v -0.109914 0.00141187 -0.117981
v -0.109911 0.00142063 -0.117576
v -0.109519 0.00142214 -0.117683
v -0.109514 0.00143125 -0.117273
v 0 0.001 -0.1178
v -0.0934902 0.001 -0.1178
v -0.1096 0.001 -0.1178
v -0.109914 0.00128872 -0.117758
v -0.109964 0.00135336 -0.117482
v -0.109908 0.00142912 -0.117191
v -0.109511 0.00143979 -0.116896
v -0.0995296 0.00181549 -0.109533
v -0.096304 0.00219918 -0.103236
v -0.097188 0.0019897 -0.106798
v 0 0.001 -0.0102
v -0.0934902 0.001 -0.0102
v -0.1096 0.001 -0.0102
v -0.109914 0.00128872 -0.0102421
v -0.109965 0.00135294 -0.0103459
v -0.109907 0.00142143 -0.0104526
v -0.109501 0.00142764 -0.0105589
v -0.0963319 0.0019316 -0.0195961
v -0.101824 0.00156738 -0.0126139
v -0.097991 0.00170917 -0.0151296
v -0.0957821 0.00411638 -0.064
v -0.101745 0.00181823 -0.0195825
v -0.101252 0.0037012 -0.064
v -0.101709 0.00204941 -0.103249
v -0.1092 0.00114449 -0.118962
v -0.1092 0.001 -0.1186
v -0.109117 0.00127948 -0.00944138
v -0.109114 0.00137871 -0.00930662
v -0.1092 0.001 -0.1182
v -0.1092 0.001 -0.00979999
v -0.1092 0.001 -0.103337
v -0.1092 0.001 -0.064
v -0.1092 0.001 -0.0194969
v -0.1092 0.001 -0.1178
v -0.1092 0.001 -0.0102
v -0.104221 0.00263669 -0.0963821
v -0.101789 0.00242221 -0.101735
v -0.0964433 0.00246851 -0.103823
v 0 0.00557678 -0.103486
v 0 0.00739092 -0.0959628
v -0.0930302 0.00311345 -0.0963401
v -0.0934902 0.0354536 -0.13688
v -0.101927 0.0309196 -0.131839
v -0.098892 0.0342986 -0.135448
v -2.79161e-09 0.0354536 -0.13688
v -0.0934902 0.0309195 -0.131839
v -2.11729e-09 0.0309187 -0.131838
v -0.109909 0.00148901 -0.119125
v -0.109509 0.00148704 -0.119124
v -0.10911 0.00148567 -0.119124
v -0.0934902 0.00148567 -0.119124
v -2.55085e-12 0.00148566 -0.119124
v -0.109818 0.00187717 -0.119146
v -0.109418 0.00187324 -0.119146
v -0.109019 0.00187049 -0.119146
v -0.0934902 0.00187049 -0.119146
v -1.88507e-11 0.00187047 -0.119146
v -0.109886 0.00155979 -0.00933284
v -0.109485 0.00156341 -0.00933326
v -0.109085 0.00156707 -0.0093337
v -0.0933645 0.00174367 -0.00935992
v 0 0.00291233 -0.00953341
v -0.109861 0.00162549 -0.00954892
v -0.10946 0.00162945 -0.00954849
v -0.109059 0.00163345 -0.00954817
v -0.0933589 0.00181767 -0.00957542
v 0 0.00303826 -0.00975595
v -0.0915539 0.0358386 -0.137384
v -0.0914802 0.0356385 -0.13712
v -0.0944465 0.00251057 -0.104151
v -0.0946109 0.00247924 -0.10457
v -0.0914902 0.001 -0.1186
v -0.0914902 0.001 -0.1182
v -0.0914902 0.001 -0.00979999
v -0.0913767 0.00145745 -0.00946772
v -0.0914902 0.001 -0.103337
v -0.0914902 0.001 -0.064
v -0.0914902 0.001 -0.0194969
v -0.0914902 0.001 -0.1178
v -0.0914902 0.001 -0.0102
v -0.091372 0.00156397 -0.00933412
v -0.0943528 0.0025348 -0.103816
v -0.0910163 0.00320887 -0.0963317
v -0.0914902 0.0011445 -0.118962
v -0.0914802 0.0354536 -0.13688
v -0.0914802 0.0309195 -0.131839
v -0.0914902 0.00148567 -0.119124
v -0.0914902 0.00187049 -0.119146
v -0.0913607 0.00176974 -0.00936379
v -0.091355 0.0018449 -0.00957945
v -0.102754 0.0295458 -0.130575
v -0.103151 0.0296652 -0.130681
v -0.102394 0.0294625 -0.130501
v -0.0934902 0.0294624 -0.130501
v -1.93808e-09 0.0294617 -0.1305
v -0.0914802 0.0294624 -0.130501
v -0.10977 0.00177159 -0.101258
v -0.1096 0.001 -0.101337
v -0.0954815 0.00233733 -0.101272
v -0.0959375 0.00232523 -0.101229
v -0.109818 0.00184952 -0.101256
v -0.109755 0.00193078 -0.101254
v -0.109353 0.00194081 -0.101254
v -0.0962728 0.00231446 -0.10123
v -0.101681 0.00214879 -0.101243
v -0.1092 0.001 -0.101337
v -0.0934902 0.001 -0.101337
v 0 0.001 -0.101337
v -0.0914902 0.001 -0.101337
v -0.095971 0.0020391 -0.0216041
v -0.0955576 0.00204454 -0.0215124
v -0.1096 0.001 -0.0214969
v -0.109824 0.00158887 -0.0215648
v -0.109874 0.00166166 -0.0215669
v -0.109811 0.00173639 -0.0215692
v -0.109408 0.00174409 -0.0215701
v -0.0963069 0.00203083 -0.0216031
v -0.101723 0.00190376 -0.0215885
v -0.0934902 0.001 -0.0214969
v -0.1092 0.001 -0.0214969
v 0 0.001 -0.0214969
v -0.0914902 0.001 -0.0214969
v -0.10468 0.00272578 -0.0944785
v -0.105119 0.00270167 -0.0945892
v -0.104294 0.00274729 -0.0943802
v -0.0929906 0.00326948 -0.094337
v 0 0.00791503 -0.0939525
v -0.0909755 0.00337311 -0.0943284
v 0.0955126 0.00222018 -0.103281
v 0.0990006 0.00180674 -0.109997
v 0.096464 0.00199517 -0.107043
v 0.101477 0.00155106 -0.0119164
v 0.0955844 0.00194389 -0.0195009
v 0.0972604 0.00170581 -0.0147218
v 0.102681 0.0311269 -0.132039
v 0.0935655 0.0358387 -0.137384
v 0.0993876 0.0346012 -0.135811
v 0.0967064 0.0024156 -0.104577
v 0.105046 0.00259361 -0.096596
v 0.102503 0.00237107 -0.102273
v 0.109919 0.00127277 -0.11856
v 0.109919 0.00127277 -0.00944038
v 0.11 0.00114451 -0.118962
v 0.109915 0.00137172 -0.00930557
v 0.102284 0.0310049 -0.131921
v 0.0991288 0.0344333 -0.135608
v 0.0934902 0.0356386 -0.13712
v 0.104606 0.0026164 -0.0964827
v 0.102128 0.00240054 -0.101938
v 0.0965388 0.00244546 -0.104158
v 0.1096 0.001 -0.1186
v 0.109518 0.00127611 -0.00944088
v 0.1096 0.00114451 -0.118962
v 0.109515 0.0013752 -0.0093061
v 0.0934902 0.001 -0.1186
v 0.0934902 0.0011445 -0.118962
v 0.09338 0.00143458 -0.00946434
v 0.0933755 0.00154016 -0.00933059
v 0.109426 0.00292318 -0.064
v 0.1096 0.001 -0.064
v 0.0934902 0.001 -0.064
v 0.10171 0.00155941 -0.0122903
v 0.0976865 0.00170806 -0.0149595
v 0.0959966 0.00193948 -0.0195971
v 0.0959694 0.00220947 -0.103236
v 0.0968997 0.00199083 -0.106923
v 0.0993117 0.00181057 -0.109762
v 0.1096 0.001 -0.1182
v 0.109916 0.00128066 -0.118159
v 0.0934902 0.001 -0.1182
v 0.109916 0.00128066 -0.00984124
v 0.1096 0.001 -0.00979999
v 0.0934902 0.001 -0.00979999
v 0.0954442 0.00414424 -0.064
v 0.0950035 0.0041796 -0.064
v 0.0934902 0.001 -0.103337
v 0.1096 0.001 -0.103337
v 0.109792 0.00169784 -0.103262
v 0.0934902 0.001 -0.0194969
v 0.1096 0.001 -0.0194969
v 0.109843 0.00152542 -0.0195603
v 0.109893 0.00159645 -0.0195623
v 0.109464 0.00303621 -0.064
v 0.10984 0.00177371 -0.10326
v 0.109832 0.00166931 -0.0195644
v 0.109389 0.00315715 -0.064
v 0.109779 0.00185278 -0.103258
v 0.109429 0.00167619 -0.0195653
v 0.108983 0.00318227 -0.064
v 0.109378 0.00186184 -0.103258
v 0.109968 0.00134475 -0.00994943
v 0.109971 0.00133668 -0.00954709
v 0.10991 0.00141336 -0.0100607
v 0.109911 0.00140483 -0.00965734
v 0.109504 0.00141952 -0.0101715
v 0.109502 0.00141083 -0.00976678
v 0.109969 0.00133752 -0.118276
v 0.109967 0.00134512 -0.117875
v 0.109914 0.00141227 -0.117981
v 0.109911 0.00142103 -0.117576
v 0.10952 0.00142255 -0.117683
v 0.109514 0.00143166 -0.117273
v 0.0934902 0.001 -0.1178
v 0.1096 0.001 -0.1178
v 0.109914 0.00128872 -0.117758
v 0.109965 0.00135349 -0.117482
v 0.109908 0.00142953 -0.117191
v 0.109512 0.0014402 -0.116896
v 0.0995302 0.00181597 -0.109533
v 0.0963045 0.00219973 -0.103236
v 0.0971885 0.00199022 -0.106798
v 0.0934902 0.001 -0.0102
v 0.1096 0.001 -0.0102
v 0.109914 0.00128872 -0.0102421
v 0.109966 0.00135307 -0.0103459
v 0.109907 0.00142184 -0.0104527
v 0.109501 0.00142805 -0.0105589
v 0.0963324 0.0019321 -0.0195962
v 0.101825 0.00156781 -0.0126139
v 0.0979915 0.00170963 -0.0151296
v 0.0957825 0.00411728 -0.064
v 0.101746 0.00181871 -0.0195825
v 0.101252 0.00370202 -0.064
v 0.101709 0.00204993 -0.103249
v 0.1092 0.00114451 -0.118962
v 0.1092 0.001 -0.1186
v 0.109117 0.00127948 -0.00944138
v 0.109114 0.00137871 -0.00930662
v 0.1092 0.001 -0.1182
v 0.1092 0.001 -0.00979999
v 0.1092 0.001 -0.103337
v 0.1092 0.001 -0.064
v 0.1092 0.001 -0.0194969
v 0.1092 0.001 -0.1178
v 0.1092 0.001 -0.0102
v 0.104221 0.00263669 -0.0963821
v 0.101789 0.00242221 -0.101735
v 0.0964433 0.00246851 -0.103823
v 0.0930302 0.00311345 -0.0963401
v 0.0934902 0.0354537 -0.13688
v 0.101927 0.0309197 -0.131839
v 0.098892 0.0342988 -0.135448
v 0.0934902 0.0309196 -0.131839
v 0.109909 0.00148902 -0.119124
v 0.109509 0.00148705 -0.119124
v 0.10911 0.00148568 -0.119124
v 0.0934902 0.00148567 -0.119124
v 0.109818 0.00187718 -0.119146
v 0.109418 0.00187325 -0.119146
v 0.109019 0.0018705 -0.119146
v 0.0934902 0.00187049 -0.119146
v 0.109886 0.00155979 -0.00933284
v 0.109485 0.00156341 -0.00933326
v 0.109085 0.00156707 -0.0093337
v 0.0933645 0.00174367 -0.00935992
v 0.109861 0.00162549 -0.00954892
v 0.10946 0.00162945 -0.00954849
v 0.109059 0.00163345 -0.00954817
v 0.0933589 0.00181767 -0.00957542
v 0.0915539 0.0358387 -0.137384
v 0.0914802 0.0356386 -0.13712
v 0.0944465 0.00251057 -0.104151
v 0.0946109 0.00247924 -0.10457
v 0.0914902 0.001 -0.1186
v 0.0914902 0.001 -0.1182
v 0.0914902 0.001 -0.00979999
v 0.0913767 0.00145745 -0.00946772
v 0.0914902 0.001 -0.103337
v 0.0914902 0.001 -0.064
v 0.0914902 0.001 -0.0194969
v 0.0914902 0.001 -0.1178
v 0.0914902 0.001 -0.0102
v 0.091372 0.00156397 -0.00933412
v 0.0943528 0.0025348 -0.103816
v 0.0910163 0.00320887 -0.0963317
v 0.0914902 0.0011445 -0.118962
v 0.0914802 0.0354537 -0.13688
v 0.0914802 0.0309196 -0.131839
v 0.0914902 0.00148567 -0.119124
v 0.0914902 0.00187049 -0.119146
v 0.0913607 0.00176974 -0.00936379
v 0.0913549 0.0018449 -0.00957945
v 0.102754 0.029546 -0.130575
v 0.103151 0.0296653 -0.13068
v 0.102394 0.0294626 -0.130501
v 0.0934902 0.0294625 -0.130501
v 0.0914802 0.0294625 -0.130501
v 0.10977 0.00177159 -0.101258
v 0.1096 0.001 -0.101337
v 0.095482 0.00233791 -0.101272
v 0.095938 0.0023258 -0.101229
v 0.109818 0.00184969 -0.101256
v 0.109755 0.00193128 -0.101254
v 0.109354 0.00194131 -0.101254
v 0.0962733 0.00231503 -0.10123
v 0.101682 0.00214933 -0.101243
v 0.1092 0.001 -0.101337
v 0.0934902 0.001 -0.101337
v 0.0914902 0.001 -0.101337
v 0.0959715 0.00203962 -0.0216041
v 0.0955581 0.00204506 -0.0215124
v 0.1096 0.001 -0.0214969
v 0.109824 0.00158887 -0.0215648
v 0.109874 0.00166181 -0.0215669
v 0.109812 0.00173685 -0.0215692
v 0.109409 0.00174456 -0.0215701
v 0.0963074 0.00203135 -0.0216031
v 0.101723 0.00190426 -0.0215885
v 0.0934902 0.001 -0.0214969
v 0.1092 0.001 -0.0214969
v 0.0914902 0.001 -0.0214969
v 0.10468 0.00272578 -0.0944785
v 0.105119 0.00270167 -0.0945892
v 0.104294 0.00274729 -0.0943802
v 0.0929906 0.00326948 -0.094337
v 0.0909755 0.00337311 -0.0943284
v -0.10952 0.00127529 -0.0091218
v -0.109527 0.00104562 -0.00943634
v -0.109928 0.00104265 -0.0094359
v -0.10992 0.00127201 -0.00912131
v -0.1096 0.0008 -0.1186
v -0.1096 0.00100127 -0.119101
v -0.11 0.00100127 -0.119101
v -0.109928 0.00104265 -0.118564
v -0.1096 0.0008 -0.1182
v -0.109926 0.00104967 -0.118163
v -0.1096 0.0008 -0.00979999
v -0.109926 0.00104967 -0.00983667
v -0.0954784 0.00254887 -0.103267
v -0.0959353 0.00253692 -0.103222
v -0.096872 0.00229287 -0.106911
v -0.0964363 0.00229771 -0.107031
v -0.110171 0.00132984 -0.00954673
v -0.110168 0.00133738 -0.00994905
v -0.1099 0.00163875 -0.00966242
v -0.109901 0.00164825 -0.0100658
v -0.101462 0.00180197 -0.0119237
v -0.109491 0.00164545 -0.00977195
v -0.109493 0.00165515 -0.0101767
v -0.101695 0.0018113 -0.0122977
v -0.110167 0.00132586 -0.117876
v -0.11017 0.00132071 -0.118277
v -0.109917 0.00164639 -0.117976
v -0.109914 0.00165618 -0.117571
v -0.109503 0.0016687 -0.117268
v -0.109508 0.00165853 -0.117677
v -0.109923 0.00105683 -0.117763
v -0.109815 0.00142078 -0.10327
v -0.1096 0.0008 -0.103337
v -0.1096 0.0008 -0.1178
v -0.110165 0.00133458 -0.117483
v -0.110041 0.00176886 -0.103261
v -0.10991 0.00166568 -0.117185
v -0.109753 0.00213875 -0.103249
v -0.0989781 0.00208737 -0.109986
v -0.099289 0.00209165 -0.109752
v -0.1095 0.00167823 -0.116891
v -0.109351 0.00214889 -0.103248
v -0.0962706 0.00252604 -0.103223
v -0.0971608 0.00229218 -0.106786
v -0.109923 0.00105683 -0.0102374
v -0.1096 0.0008 -0.0102
v -0.1096 0.0008 -0.0194969
v -0.109861 0.0012674 -0.0195533
v -0.110166 0.00134589 -0.0103455
v -0.110094 0.00159394 -0.0195619
v -0.109898 0.00165772 -0.0104579
v -0.109812 0.00193398 -0.0195723
v -0.10949 0.00166467 -0.0105643
v -0.109409 0.00194165 -0.0195733
v -0.0976674 0.00197723 -0.0149688
v -0.0972414 0.00197471 -0.0147311
v -0.0959708 0.00223555 -0.0196088
v -0.0955586 0.00224047 -0.0195127
v -0.101809 0.00182068 -0.0126214
v -0.0979723 0.00197898 -0.0151389
v -0.0963067 0.0022273 -0.0196078
v -0.0995073 0.00209767 -0.109522
v -0.101722 0.00210073 -0.0195925
v -0.101678 0.00235884 -0.103237
v -0.1092 0.0008 -0.1182
v -0.0934902 0.0008 -0.1182
v -0.0934902 0.0008 -0.1186
v -0.1092 0.0008 -0.1186
v -0.109126 0.00104862 -0.00943679
v -0.0933922 0.00118659 -0.0094572
v -0.0934902 0.0008 -0.00979999
v -0.1092 0.0008 -0.00979999
v -0.1092 0.0008 -0.103337
v -0.0934902 0.0008 -0.103337
v -0.0934902 0.0008 -0.1178
v -0.1092 0.0008 -0.1178
v -0.0934902 0.0008 -0.0102
v -0.1092 0.0008 -0.0102
v -0.0934902 0.0008 -0.0194969
v -0.1092 0.0008 -0.0194969
v -0.109119 0.00127859 -0.00912229
v -0.10247 0.00269071 -0.102261
v -0.102094 0.00272347 -0.101925
v -0.104564 0.00296345 -0.0964697
v -0.105005 0.00293812 -0.0965831
v -0.0966734 0.00274022 -0.104563
v -0.096505 0.00277341 -0.104144
v -0.0964088 0.00279903 -0.103809
v -0.101754 0.00274756 -0.101722
v -0.104178 0.00298601 -0.0963689
v -0.0933822 0.00143059 -0.00914492
v -0.0929785 0.00351604 -0.0963221
v -0.1092 0.00100127 -0.119101
v -0.0934902 0.00100127 -0.119101
v -0.102681 0.0309874 -0.132183
v -0.102284 0.030866 -0.132065
v -0.0991288 0.0342795 -0.135736
v -0.0993876 0.0344466 -0.135939
v -0.0935655 0.0356791 -0.137505
v -0.0934902 0.0354795 -0.137242
v -0.101927 0.0307812 -0.131984
v -0.098892 0.0341455 -0.135576
v -0.0934902 0.0352954 -0.137002
v -0.0934902 0.0307811 -0.131984
v -0.109909 0.00147613 -0.119324
v -0.109509 0.00147342 -0.119324
v -0.10911 0.00147154 -0.119324
v -0.0934902 0.00147153 -0.119324
v -0.109818 0.00186524 -0.119346
v -0.109418 0.00186132 -0.119346
v -0.109019 0.00185859 -0.119345
v -0.0934902 0.00185858 -0.119345
v -0.10948 0.00171373 -0.00918511
v -0.109881 0.00171014 -0.00918484
v -0.109079 0.0017174 -0.00918541
v -0.0933567 0.00190484 -0.00921333
v -0.109449 0.00186623 -0.00955395
v -0.10985 0.00186183 -0.00955432
v -0.109048 0.00187067 -0.00955371
v -0.0933442 0.00207548 -0.00958402
v -0.0914802 0.0354795 -0.137242
v -2.80838e-09 0.0354796 -0.137241
v -2.84373e-09 0.0356791 -0.137505
v -0.0915539 0.0356791 -0.137505
v -0.0945768 0.00281096 -0.104555
v 0 0.00606988 -0.104195
v 0 0.00617203 -0.103772
v -0.0944116 0.00284579 -0.104136
v -0.0914902 0.0008 -0.1182
v 0 0.0008 -0.1182
v 0 0.0008 -0.1186
v -0.0914902 0.0008 -0.1186
v -0.0913893 0.00120693 -0.00946021
v 0 0.00209859 -0.00959215
v 0 0.0008 -0.00979999
v -0.0914902 0.0008 -0.00979999
v -0.0914902 0.0008 -0.103337
v 0 0.0008 -0.103337
v 0 0.0008 -0.1178
v -0.0914902 0.0008 -0.1178
v 0 0.0008 -0.0102
v -0.0914902 0.0008 -0.0102
v 0 0.0008 -0.0194969
v -0.0914902 0.0008 -0.0194969
v -0.0913789 0.001453 -0.00914826
v 0 0.00243534 -0.00929454
v 0 0.0062546 -0.103434
v -0.0943171 0.00287274 -0.103801
v 0 0.00827144 -0.0959025
v -0.0909631 0.00362212 -0.0963128
v 1.75859e-11 0.00100127 -0.119101
v -0.0914902 0.00100127 -0.119101
v -0.0914802 0.0352954 -0.137002
v -2.77601e-09 0.0352955 -0.137002
v -0.0914802 0.0307811 -0.131983
v -2.10082e-09 0.0307803 -0.131983
v 2.29363e-11 0.00147152 -0.119324
v -0.0914902 0.00147153 -0.119324
v 6.672e-12 0.00185856 -0.119345
v -0.0914902 0.00185858 -0.119345
v -0.0913527 0.00193251 -0.00921745
v 0 0.0031453 -0.00939805
v -0.0913398 0.00210575 -0.00958849
v 0 0.00343244 -0.00978483
v -0.103151 0.0295323 -0.13083
v -0.102754 0.0294134 -0.130725
v -0.102394 0.0293304 -0.130651
v -0.0934902 0.0293304 -0.130651
v -0.0914802 0.0293304 -0.130651
v -1.92127e-09 0.0293296 -0.130651
v -0.1096 0.0008 -0.101337
v -0.109795 0.00148638 -0.101267
v -0.10949 0.00251081 -0.064
v -0.1096 0.0008 -0.064
v -0.0959003 0.00266677 -0.101215
v -0.0954442 0.00268028 -0.101258
v -0.0949098 0.00473605 -0.064
v -0.0953512 0.00469658 -0.064
v -0.110019 0.0018444 -0.101257
v -0.109666 0.00302437 -0.064
v -0.109727 0.00222638 -0.101244
v -0.109317 0.00359476 -0.064
v -0.109324 0.00223759 -0.101244
v -0.108911 0.0036228 -0.064
v -0.0962359 0.00265475 -0.101215
v -0.0956899 0.00466649 -0.064
v -0.101648 0.00246979 -0.101231
v -0.101168 0.00420297 -0.064
v -0.0934902 0.0008 -0.101337
v -0.1092 0.0008 -0.101337
v -0.1092 0.0008 -0.064
v -0.0934902 0.0008 -0.064
v 0 0.0008 -0.101337
v -0.0914902 0.0008 -0.101337
v -0.0914902 0.0008 -0.064
v 0 0.0008 -0.064
v -0.0955292 0.0023534 -0.021525
v -0.0959426 0.00234733 -0.0216166
v -0.109844 0.00132384 -0.0215573
v -0.1096 0.0008 -0.0214969
v -0.110074 0.00165889 -0.0215665
v -0.109789 0.00200937 -0.0215776
v -0.109386 0.00201797 -0.0215786
v -0.0962787 0.00233809 -0.0216156
v -0.101697 0.00219623 -0.0215992
v -0.1092 0.0008 -0.0214969
v -0.0934902 0.0008 -0.0214969
v -0.0914902 0.0008 -0.0214969
v 0 0.0008 -0.0214969
v -0.105074 0.00305824 -0.0945761
v -0.104634 0.00308505 -0.0944652
v -0.104247 0.00310896 -0.0943668
v -0.0929344 0.0036895 -0.0943187
v -0.0909177 0.00380471 -0.0943092
v 0 0.00885411 -0.093891
v 0.10952 0.00127529 -0.0091218
v 0.10992 0.00127201 -0.00912131
v 0.109928 0.00104265 -0.0094359
v 0.109527 0.00104562 -0.00943634
v 0.1096 0.0008 -0.1186
v 0.109928 0.00104265 -0.118564
v 0.11 0.00100128 -0.119101
v 0.1096 0.00100128 -0.119101
v 0.1096 0.0008 -0.1182
v 0.109926 0.00104967 -0.118163
v 0.1096 0.0008 -0.00979999
v 0.109926 0.00104967 -0.00983667
v 0.0954789 0.00254944 -0.103267
v 0.0964368 0.00229824 -0.107031
v 0.0968725 0.00229339 -0.106911
v 0.0959358 0.00253748 -0.103222
v 0.110171 0.00132972 -0.00954673
v 0.110169 0.00133726 -0.00994905
v 0.109901 0.00163916 -0.00966243
v 0.109901 0.00164866 -0.0100659
v 0.101463 0.00180241 -0.0119237
v 0.101696 0.00181174 -0.0122977
v 0.109493 0.00165556 -0.0101767
v 0.109492 0.00164585 -0.00977197
v 0.110168 0.00132575 -0.117876
v 0.11017 0.00132059 -0.118277
v 0.109917 0.00164675 -0.117976
v 0.109914 0.00165654 -0.117571
v 0.109503 0.00166911 -0.117268
v 0.109509 0.00165894 -0.117677
v 0.109923 0.00105683 -0.117763
v 0.1096 0.0008 -0.1178
v 0.1096 0.0008 -0.103337
v 0.109815 0.00142078 -0.10327
v 0.110165 0.00133446 -0.117483
v 0.110041 0.00176872 -0.103261
v 0.109911 0.00166605 -0.117185
v 0.109754 0.00213924 -0.103249
v 0.0989786 0.00208786 -0.109986
v 0.0992896 0.00209214 -0.109752
v 0.109351 0.00214938 -0.103248
v 0.1095 0.00167864 -0.116891
v 0.0971613 0.0022927 -0.106786
v 0.0962711 0.00252661 -0.103223
v 0.109923 0.00105683 -0.0102374
v 0.1096 0.0008 -0.0102
v 0.109861 0.0012674 -0.0195533
v 0.1096 0.0008 -0.0194969
v 0.110166 0.00134577 -0.0103455
v 0.110094 0.00159381 -0.0195619
v 0.109898 0.00165812 -0.0104579
v 0.109812 0.00193444 -0.0195723
v 0.10949 0.00166508 -0.0105643
v 0.10941 0.00194211 -0.0195733
v 0.0972419 0.00197518 -0.0147312
v 0.097668 0.0019777 -0.0149689
v 0.0955591 0.00224099 -0.0195127
v 0.0959713 0.00223606 -0.0196088
v 0.0979728 0.00197945 -0.0151389
v 0.10181 0.00182112 -0.0126214
v 0.0963072 0.00222782 -0.0196078
v 0.0995078 0.00209816 -0.109522
v 0.101723 0.00210122 -0.0195925
v 0.101679 0.00235937 -0.103237
v 0.1092 0.0008 -0.1182
v 0.1092 0.0008 -0.1186
v 0.0934902 0.0008 -0.1186
v 0.0934902 0.0008 -0.1182
v 0.109126 0.00104862 -0.00943679
v 0.1092 0.0008 -0.00979999
v 0.0934902 0.0008 -0.00979999
v 0.0933922 0.00118659 -0.0094572
v 0.1092 0.0008 -0.103337
v 0.1092 0.0008 -0.1178
v 0.0934902 0.0008 -0.1178
v 0.0934902 0.0008 -0.103337
v 0.1092 0.0008 -0.0102
v 0.0934902 0.0008 -0.0102
v 0.1092 0.0008 -0.0194969
v 0.0934902 0.0008 -0.0194969
v 0.109119 0.00127859 -0.00912229
v 0.10247 0.00269071 -0.102261
v 0.105005 0.00293812 -0.0965831
v 0.104564 0.00296345 -0.0964697
v 0.102094 0.00272347 -0.101925
v 0.0966734 0.00274022 -0.104563
v 0.096505 0.00277341 -0.104144
v 0.101754 0.00274756 -0.101722
v 0.0964088 0.00279903 -0.103809
v 0.104178 0.00298601 -0.0963689
v 0.0933822 0.00143059 -0.00914492
v 0.0929785 0.00351604 -0.0963221
v 0.1092 0.00100128 -0.119101
v 0.0934902 0.00100128 -0.119101
v 0.102681 0.0309875 -0.132182
v 0.0993876 0.0344468 -0.135938
v 0.0991288 0.0342796 -0.135736
v 0.102284 0.0308661 -0.132065
v 0.0935655 0.0356792 -0.137505
v 0.0934902 0.0354796 -0.137241
v 0.098892 0.0341456 -0.135576
v 0.101927 0.0307813 -0.131984
v 0.0934902 0.0352955 -0.137002
v 0.0934902 0.0307812 -0.131983
v 0.109909 0.00147615 -0.119324
v 0.109509 0.00147344 -0.119324
v 0.10911 0.00147155 -0.119324
v 0.0934902 0.00147155 -0.119324
v 0.109818 0.00186525 -0.119346
v 0.109418 0.00186133 -0.119346
v 0.109019 0.0018586 -0.119345
v 0.0934902 0.00185859 -0.119345
v 0.10948 0.00171373 -0.00918511
v 0.109881 0.00171014 -0.00918484
v 0.109079 0.0017174 -0.00918541
v 0.0933567 0.00190484 -0.00921333
v 0.109449 0.00186623 -0.00955395
v 0.10985 0.00186183 -0.00955432
v 0.109048 0.00187067 -0.00955371
v 0.0933441 0.00207548 -0.00958402
v 0.0914802 0.0354796 -0.137241
v 0.0915539 0.0356792 -0.137505
v 0.0945768 0.00281096 -0.104555
v 0.0944115 0.00284579 -0.104136
v 0.0914902 0.0008 -0.1182
v 0.0914902 0.0008 -0.1186
v 0.0913893 0.00120693 -0.00946021
v 0.0914902 0.0008 -0.00979999
v 0.0914902 0.0008 -0.103337
v 0.0914902 0.0008 -0.1178
v 0.0914902 0.0008 -0.0102
v 0.0914902 0.0008 -0.0194969
v 0.091379 0.001453 -0.00914826
v 0.0943171 0.00287274 -0.103801
v 0.0909631 0.00362212 -0.0963128
v 0.0914902 0.00100128 -0.119101
v 0.0914802 0.0352955 -0.137002
v 0.0914802 0.0307812 -0.131983
v 0.0914902 0.00147155 -0.119324
v 0.0914902 0.00185859 -0.119345
v 0.0913527 0.00193251 -0.00921745
v 0.0913398 0.00210575 -0.00958849
v 0.103151 0.0295324 -0.13083
v 0.102754 0.0294135 -0.130724
v 0.102394 0.0293305 -0.130651
v 0.0934902 0.0293304 -0.130651
v 0.0914802 0.0293304 -0.130651
v 0.1096 0.0008 -0.101337
v 0.109795 0.00148638 -0.101267
v 0.1096 0.0008 -0.064
v 0.10949 0.00251081 -0.064
v 0.0959008 0.00266736 -0.101214
v 0.0954447 0.00268087 -0.101258
v 0.0953516 0.00469753 -0.064
v 0.0949101 0.004737 -0.064
v 0.110019 0.00184425 -0.101257
v 0.109666 0.00302415 -0.064
v 0.109727 0.00222688 -0.101244
v 0.109318 0.00359551 -0.064
v 0.109325 0.0022381 -0.101244
v 0.108911 0.00362355 -0.064
v 0.0962364 0.00265533 -0.101215
v 0.0956903 0.00466743 -0.064
v 0.101648 0.00247035 -0.101231
v 0.101168 0.00420382 -0.064
v 0.0934902 0.0008 -0.101337
v 0.1092 0.0008 -0.101337
v 0.0934902 0.0008 -0.064
v 0.1092 0.0008 -0.064
v 0.0914902 0.0008 -0.101337
v 0.0914902 0.0008 -0.064
v 0.0955297 0.00235393 -0.021525
v 0.0959431 0.00234786 -0.0216166
v 0.109844 0.00132384 -0.0215573
v 0.1096 0.0008 -0.0214969
v 0.110075 0.00165876 -0.0215665
v 0.10979 0.00200984 -0.0215777
v 0.109387 0.00201844 -0.0215786
v 0.0962792 0.00233862 -0.0216156
v 0.101697 0.00219674 -0.0215992
v 0.1092 0.0008 -0.0214969
v 0.0934902 0.0008 -0.0214969
v 0.0914902 0.0008 -0.0214969
v 0.105074 0.00305824 -0.0945761
v 0.104634 0.00308505 -0.0944652
v 0.104247 0.00310896 -0.0943668
v 0.0929344 0.0036895 -0.0943187
v 0.0909177 0.00380471 -0.0943092
v -0.10992 0.00124965 -0.00943992
v -0.109916 0.00136171 -0.00928714
v -0.109927 0.00106555 -0.00943633
v -0.10992 0.00128195 -0.00913973
v -0.11 0.00113013 -0.118976
v -0.10992 0.00124965 -0.11856
v -0.11 0.00101555 -0.119087
v -0.109927 0.00106555 -0.118564
v -0.0964609 0.00202464 -0.107042
v -0.0955089 0.00225214 -0.10328
v -0.0964391 0.00226708 -0.107032
v -0.0954819 0.00251554 -0.103269
v -0.10999 0.00133588 -0.00954705
v -0.110151 0.00133051 -0.00954676
v -0.10991 0.00142775 -0.00965782
v -0.109901 0.00161521 -0.0096619
v -0.101475 0.0015756 -0.0119171
v -0.109501 0.00143381 -0.00976727
v -0.101464 0.00177668 -0.0119229
v -0.109492 0.00162183 -0.00977142
v -0.109989 0.00133573 -0.118276
v -0.11015 0.00132237 -0.118277
v -0.109914 0.00143522 -0.117981
v -0.109916 0.00162283 -0.117977
v -0.109518 0.00144567 -0.117682
v -0.109509 0.00163478 -0.117678
v -0.0989979 0.00183411 -0.109996
v -0.0989804 0.00205901 -0.109988
v -0.0972581 0.00173207 -0.0147227
v -0.0972433 0.00194756 -0.0147302
v -0.0955815 0.00197279 -0.019502
v -0.0955612 0.00221046 -0.0195114
v -0.105042 0.00262764 -0.0965948
v -0.1025 0.00240269 -0.102272
v -0.105009 0.00290325 -0.0965844
v -0.102473 0.00265841 -0.102262
v -0.0967032 0.00244771 -0.104575
v -0.0966768 0.0027074 -0.104564
v -0.0993876 0.0345856 -0.135824
v -0.102681 0.0311128 -0.132053
v -0.0993876 0.0344621 -0.135926
v -0.102681 0.0310013 -0.132168
v -0.0935655 0.0358226 -0.137396
v -0.0935655 0.035695 -0.137493
v -0.109909 0.00148772 -0.119144
v -0.109909 0.00147742 -0.119304
v -0.109818 0.00187598 -0.119166
v -0.109818 0.00186643 -0.119326
v -0.109886 0.0015748 -0.00931804
v -0.109881 0.00169508 -0.00919965
v -0.10986 0.00164902 -0.00954945
v -0.109851 0.00183809 -0.00955377
v -2.85772e-09 0.0358227 -0.137396
v -0.0915539 0.0358226 -0.137396
v -2.84528e-09 0.0356951 -0.137493
v -0.0915539 0.035695 -0.137493
v -0.0946076 0.00251203 -0.104568
v 0 0.00547523 -0.104241
v -0.0945803 0.00277741 -0.104557
v 0 0.00600264 -0.1042
v -0.103151 0.0296519 -0.130695
v -0.103151 0.0295456 -0.130815
v -0.0954779 0.00237117 -0.101271
v -0.0954481 0.00264554 -0.101259
v -0.0949941 0.0042333 -0.064
v -0.0949194 0.00467919 -0.064
v -0.0955549 0.00207508 -0.0215136
v -0.0955321 0.00232217 -0.0215237
v -0.105115 0.00273687 -0.094588
v -0.105079 0.00302214 -0.0945775
v 0.109916 0.00136171 -0.00928714
v 0.10992 0.00124965 -0.00943992
v 0.10992 0.00128195 -0.00913973
v 0.109927 0.00106555 -0.00943633
v 0.10992 0.00124965 -0.11856
v 0.11 0.00113014 -0.118976
v 0.109927 0.00106555 -0.118564
v 0.11 0.00101557 -0.119087
v 0.0955094 0.0022527 -0.10328
v 0.0964614 0.00202515 -0.107042
v 0.0954824 0.00251611 -0.103269
v 0.0964396 0.00226761 -0.107032
v 0.109991 0.00133598 -0.00954705
v 0.110151 0.00133041 -0.00954676
v 0.10991 0.00142816 -0.00965783
v 0.109902 0.00161562 -0.00966191
v 0.109501 0.00143422 -0.00976728
v 0.101476 0.00157603 -0.0119171
v 0.109493 0.00162224 -0.00977143
v 0.101464 0.00177711 -0.0119229
v 0.10999 0.00133583 -0.118276
v 0.11015 0.00132228 -0.118277
v 0.109914 0.00143561 -0.117981
v 0.109917 0.0016232 -0.117977
v 0.109518 0.00144608 -0.117682
v 0.10951 0.00163519 -0.117678
v 0.0989984 0.00183459 -0.109996
v 0.0989809 0.00205949 -0.109987
v 0.0972586 0.00173253 -0.0147227
v 0.0972438 0.00194803 -0.0147302
v 0.095582 0.0019733 -0.019502
v 0.0955617 0.00221097 -0.0195115
v 0.1025 0.00240269 -0.102272
v 0.105042 0.00262764 -0.0965948
v 0.102473 0.00265841 -0.102262
v 0.105009 0.00290325 -0.0965844
v 0.0967032 0.00244771 -0.104575
v 0.0966768 0.0027074 -0.104564
v 0.102681 0.0311129 -0.132053
v 0.0993876 0.0345858 -0.135824
v 0.102681 0.0310015 -0.132168
v 0.0993876 0.0344622 -0.135926
v 0.0935655 0.0358227 -0.137396
v 0.0935655 0.0356951 -0.137493
v 0.109909 0.00148773 -0.119144
v 0.109909 0.00147743 -0.119304
v 0.109818 0.00187599 -0.119166
v 0.109818 0.00186644 -0.119326
v 0.109886 0.0015748 -0.00931804
v 0.109881 0.00169508 -0.00919965
v 0.10986 0.00164902 -0.00954945
v 0.109851 0.00183809 -0.00955377
v 0.0915539 0.0358227 -0.137396
v 0.0915539 0.0356951 -0.137493
v 0.0946076 0.00251203 -0.104568
v 0.0945803 0.00277741 -0.104557
v 0.103151 0.029652 -0.130695
v 0.103151 0.0295457 -0.130815
v 0.0954784 0.00237175 -0.101271
v 0.0954485 0.00264613 -0.101259
v 0.0949945 0.00423421 -0.064
v 0.0949198 0.00468014 -0.064
v 0.0955554 0.0020756 -0.0215136
v 0.0955326 0.0023227 -0.0215237
v 0.105115 0.00273687 -0.094588
v 0.105079 0.00302214 -0.0945775
v 0.0929948 0.00345188 -0.0309254
v 0.0909799 0.00355459 -0.0309346
v 0.09256 0.00516461 -0.0521188
v 0.090532 0.00535744 -0.0521251
v 0.0925237 0.00530766 -0.0731541
v 0.0904946 0.00550803 -0.0731491
v 0 0.00805595 -0.031341
v 0 0.0138092 -0.0524005
v 0 0.0142897 -0.0729285
v 0.107664 0.00279983 -0.0308665
v 0.106199 0.00402262 -0.0520816
v 0.10504 0.00420858 -0.0731817
v 0.108062 0.00278589 -0.0308901
v 0.106595 0.00399544 -0.0521293
v 0.105433 0.00417564 -0.0732549
v 0.108473 0.00277171 -0.0309167
v 0.107018 0.00396671 -0.0521831
v 0.105866 0.00413959 -0.0733373
v -0.0909798 0.00355459 -0.0309346
v -0.0929948 0.00345188 -0.0309254
v -0.090532 0.00535744 -0.0521251
v -0.09256 0.00516461 -0.0521188
v -0.0904946 0.00550803 -0.0731491
v -0.0925237 0.00530766 -0.0731541
v -0.107664 0.00279983 -0.0308665
v -0.106199 0.00402262 -0.0520816
v -0.10504 0.00420858 -0.0731817
v -0.108062 0.00278589 -0.0308901
v -0.106595 0.00399544 -0.0521293
v -0.105433 0.00417564 -0.0732549
v -0.108473 0.00277171 -0.0309167
v -0.107018 0.00396671 -0.0521831
v -0.105866 0.00413959 -0.0733373
v -0.108511 0.00244393 -0.0309051
v -0.1081 0.00245669 -0.0308783
v -0.107091 0.00351883 -0.052175
v -0.106669 0.00354467 -0.0521211
v -0.105943 0.00367433 -0.0733441
v -0.105511 0.00370676 -0.0732617
v -0.107702 0.00246922 -0.0308547
v -0.106273 0.00356912 -0.0520733
v -0.105119 0.00373639 -0.0731886
v -0.0930448 0.00305575 -0.0309076
v -0.0926539 0.00459634 -0.0521068
v -0.0926213 0.00472501 -0.0731638
v -0.0910314 0.00314813 -0.0309159
v 0 0.00719709 -0.0312813
v -0.0906288 0.00476979 -0.0521124
v 0 0.0123721 -0.05236
v -0.0905951 0.00490524 -0.0731592
v 0 0.0128044 -0.072961
v 0.1081 0.00245669 -0.0308783
v 0.108511 0.00244393 -0.0309051
v 0.106669 0.00354467 -0.0521211
v 0.107091 0.00351883 -0.052175
v 0.105511 0.00370676 -0.0732617
v 0.105943 0.00367433 -0.0733441
v 0.107702 0.00246922 -0.0308547
v 0.106273 0.00356912 -0.0520733
v 0.105119 0.00373639 -0.0731886
v 0.0930448 0.00305575 -0.0309076
v 0.0926539 0.00459634 -0.0521068
v 0.0926213 0.00472501 -0.0731638
v 0.0910314 0.00314813 -0.0309159
v 0.0906288 0.00476979 -0.0521124
v 0.0905951 0.00490524 -0.0731592
v -0.108507 0.00247634 -0.0309063
v -0.107084 0.0035629 -0.0521758
v -0.105936 0.00372009 -0.0733435
v -0.108477 0.00273857 -0.0309155
v -0.107025 0.00392121 -0.0521823
v -0.105874 0.0040923 -0.073338
v 0.108507 0.00247634 -0.0309063
v 0.107084 0.0035629 -0.0521758
v 0.105936 0.00372009 -0.0733435
v 0.108477 0.00273857 -0.0309155
v 0.107025 0.00392121 -0.0521823
v 0.105874 0.0040923 -0.073338
v 0.0934902 0.0008 -0.0427485
v 0.0914902 0.0008 -0.0427485
v 0 0.0008 -0.0427485
v 0.1096 0.0008 -0.0427485
v 0.1092 0.0008 -0.0427485
v 0.10136 0.00346344 -0.0428727
v 0.109087 0.00303104 -0.0428477
v 0.0959048 0.00380822 -0.0428925
v 0.095567 0.00383064 -0.0428938
v 0.109492 0.00301016 -0.0428465
v 0.109817 0.00252035 -0.0428329
v 0.109621 0.00207263 -0.0428218
v 0.0951392 0.00385597 -0.0428493
v -0.0914902 0.0008 -0.0427485
v -0.0934902 0.0008 -0.0427485
v -0.1092 0.0008 -0.0427485
v -0.1096 0.0008 -0.0427485
v -0.109086 0.00303039 -0.0428477
v -0.10136 0.00346272 -0.0428726
v -0.0959044 0.00380743 -0.0428925
v -0.0955665 0.00382985 -0.0428938
v -0.109491 0.00300952 -0.0428465
v -0.109817 0.00252054 -0.0428329
v -0.109621 0.00207263 -0.0428218
v -0.0951388 0.00385517 -0.0428493
v -0.0952081 0.00338968 -0.0428339
v -0.0956355 0.003367 -0.0428786
v -0.109573 0.00243061 -0.0428309
v -0.1096 0.001 -0.0427485
v -0.109615 0.00252868 -0.0428334
v -0.109545 0.00263223 -0.0428362
v -0.10914 0.00265092 -0.0428373
v -0.0959729 0.00334692 -0.0428774
v -0.101422 0.00303816 -0.0428596
v -0.1092 0.001 -0.0427485
v -0.0934902 0.001 -0.0427485
v -0.0914902 0.001 -0.0427485
v 0 0.001 -0.0427485
v 0.0956359 0.00336776 -0.0428786
v 0.0952086 0.00339045 -0.0428339
v 0.1096 0.001 -0.0427485
v 0.109573 0.00243061 -0.0428309
v 0.109615 0.00252889 -0.0428334
v 0.109545 0.00263285 -0.0428362
v 0.10914 0.00265155 -0.0428373
v 0.0959734 0.00334768 -0.0428774
v 0.101423 0.00303886 -0.0428596
v 0.0934902 0.001 -0.0427485
v 0.1092 0.001 -0.0427485
v 0.0914902 0.001 -0.0427485
v -0.0952014 0.0034354 -0.0428354
v -0.0951459 0.00380779 -0.0428477
v 0.0952018 0.00343617 -0.0428354
v 0.0951464 0.00380859 -0.0428477
v 0.0934902 0.0008 -0.0826683
v 0.0914902 0.0008 -0.0826683
v 0 0.0008 -0.0826683
v 0.1096 0.0008 -0.0826683
v 0.1092 0.0008 -0.0826683
v 0.101332 0.00361277 -0.0825574
v 0.109053 0.00315121 -0.0825756
v 0.0958796 0.0039809 -0.0825405
v 0.095542 0.00400483 -0.0825395
v 0.109458 0.00312892 -0.0825765
v 0.109786 0.00262167 -0.0825891
v 0.109594 0.00216158 -0.0825994
v 0.0950925 0.00403543 -0.0825601
v -0.0914902 0.0008 -0.0826683
v -0.0934902 0.0008 -0.0826683
v -0.1092 0.0008 -0.0826683
v -0.1096 0.0008 -0.0826683
v -0.109052 0.00315054 -0.0825756
v -0.101331 0.00361202 -0.0825574
v -0.0958791 0.00398008 -0.0825405
v -0.0955415 0.004004 -0.0825395
v -0.109457 0.00312825 -0.0825766
v -0.109786 0.00262187 -0.0825891
v -0.109594 0.00216158 -0.0825994
v -0.0950921 0.0040346 -0.0825601
v -0.109543 0.0025306 -0.0825908
v -0.1096 0.001 -0.0826683
v -0.0951664 0.0035504 -0.0825746
v -0.0956153 0.00352299 -0.0825538
v -0.109584 0.00263145 -0.0825887
v -0.109514 0.00273858 -0.0825862
v -0.10911 0.00275854 -0.0825854
v -0.0959525 0.00350156 -0.0825547
v -0.101398 0.00317189 -0.0825697
v -0.1092 0.001 -0.0826683
v -0.0934902 0.001 -0.0826683
v -0.0914902 0.001 -0.0826683
v 0 0.001 -0.0826683
v 0.1096 0.001 -0.0826683
v 0.109543 0.0025306 -0.0825908
v 0.0956157 0.00352378 -0.0825538
v 0.0951668 0.00355119 -0.0825746
v 0.109584 0.00263166 -0.0825886
v 0.109514 0.00273924 -0.0825862
v 0.10911 0.00275919 -0.0825854
v 0.0959529 0.00350235 -0.0825547
v 0.101399 0.00317261 -0.0825696
v 0.0934902 0.001 -0.0826683
v 0.1092 0.001 -0.0826683
v 0.0914902 0.001 -0.0826683
v -0.0951592 0.00359792 -0.0825732
v -0.0950998 0.00398529 -0.0825616
v 0.0951596 0.00359872 -0.0825732
v 0.0951002 0.00398611 -0.0825616
v 0.0451158 0.0065664 -0.096053
v 0.0450617 0.00700235 -0.0940444
v 0.0457451 0.0008 -0.0194969
v 0.0457451 0.0008 -0.0214969
v 0.0457451 0.0008 -0.101337
v 0.0457451 0.0008 -0.103337
v 0.0457401 0.02933 -0.130651
v 0.0457401 0.0307807 -0.131983
v 0.0457451 0.00185858 -0.119345
v 0.0455655 0.00294591 -0.00971282
v 0.045581 0.00270053 -0.00933182
v 0.0456123 0.00207509 -0.0092409
v 0.0457451 0.00147153 -0.119324
v 0.0457451 0.00100128 -0.119101
v 0.0457401 0.0352955 -0.137002
v 0.0457401 0.0354796 -0.137241
v 0.0457451 0.0008 -0.1186
v 0.0468871 0.00498519 -0.103572
v 0.0469386 0.00492269 -0.103909
v 0.0456246 0.00177159 -0.00954376
v 0.0457451 0.0008 -0.0102
v 0.0457451 0.0008 -0.00979999
v 0.0457451 0.0008 -0.1178
v 0.0457451 0.0008 -0.1182
v 0.0470264 0.00484441 -0.10433
v 0.0457769 0.0356791 -0.137505
v 0.0457769 0.0358387 -0.137384
v 0.0457401 0.0356385 -0.13712
v 0.0469831 0.00437873 -0.103947
v 0.0470699 0.00430832 -0.104368
v 0.0457451 0.001 -0.1186
v 0.0457451 0.001 -0.1182
v 0.0457451 0.001 -0.00979999
v 0.0456096 0.0020922 -0.0095617
v 0.0457451 0.001 -0.1178
v 0.0457451 0.001 -0.103337
v 0.0457451 0.001 -0.0102
v 0.0457451 0.001 -0.0194969
v 0.045604 0.00222474 -0.00943221
v 0.0469323 0.00443495 -0.10361
v 0.0451794 0.00585724 -0.0960981
v 0.0457451 0.0011445 -0.118962
v 0.0457401 0.0354537 -0.13688
v 0.0457401 0.0309192 -0.131839
v 0.0457451 0.00148566 -0.119124
v 0.0457451 0.00187048 -0.119146
v 0.0455905 0.00249331 -0.00947121
v 0.0455837 0.00260062 -0.00969122
v 0.0457401 0.0294621 -0.130501
v 0.0457451 0.001 -0.101337
v 0.0457451 0.001 -0.0214969
v 0.0451307 0.00624938 -0.0940904
v 0.0457769 0.0358227 -0.137396
v 0.0457769 0.0356951 -0.137493
v 0.0470657 0.00436096 -0.104364
v 0.0470308 0.00478984 -0.104334
v 0.0451359 0.00640517 -0.031192
v 0.0446012 0.0107097 -0.0522995
v 0.0445566 0.0110692 -0.0730094
v 0.0451974 0.00571222 -0.0311473
v 0.0447167 0.00958412 -0.0522692
v 0.0446766 0.00990752 -0.0730337
v 0.0457451 0.0008 -0.0427485
v 0.0457451 0.0008 -0.064
v 0.0457451 0.001 -0.064
v 0.0457451 0.001 -0.0427485
v 0.0457451 0.0008 -0.0826683
v 0.0457451 0.001 -0.0826683
v -0.0451158 0.0065664 -0.096053
v -0.0450617 0.00700235 -0.0940444
v -0.0457451 0.0008 -0.0194969
v -0.0457451 0.0008 -0.0214969
v -0.0457451 0.0008 -0.101337
v -0.0457451 0.0008 -0.103337
v -0.0457401 0.02933 -0.130651
v -0.0457401 0.0307807 -0.131983
v -0.0457451 0.00185857 -0.119345
v -0.0455655 0.00294591 -0.00971282
v -0.045581 0.00270053 -0.00933182
v -0.0456123 0.00207509 -0.0092409
v -0.0457451 0.00147153 -0.119324
v -0.0457451 0.00100127 -0.119101
v -0.0457401 0.0352955 -0.137002
v -0.0457401 0.0354795 -0.137241
v -0.0457451 0.0008 -0.1186
v -0.0468871 0.00498519 -0.103572
v -0.0469386 0.00492269 -0.103909
v -0.0456246 0.00177159 -0.00954376
v -0.0457451 0.0008 -0.0102
v -0.0457451 0.0008 -0.00979999
v -0.0457451 0.0008 -0.1178
v -0.0457451 0.0008 -0.1182
v -0.0470264 0.00484441 -0.10433
v -0.0457769 0.0356791 -0.137505
v -0.0457769 0.0358386 -0.137384
v -0.0457401 0.0356385 -0.13712
v -0.0469831 0.00437873 -0.103947
v -0.0470699 0.00430832 -0.104368
v -0.0457451 0.001 -0.1186
v -0.0457451 0.001 -0.1182
v -0.0457451 0.001 -0.00979999
v -0.0456096 0.0020922 -0.0095617
v -0.0457451 0.001 -0.1178
v -0.0457451 0.001 -0.103337
v -0.0457451 0.001 -0.0102
v -0.0457451 0.001 -0.0194969
v -0.045604 0.00222474 -0.00943221
v -0.0469323 0.00443495 -0.10361
v -0.0451794 0.00585724 -0.0960981
v -0.0457451 0.0011445 -0.118962
v -0.0457401 0.0354536 -0.13688
v -0.0457401 0.0309191 -0.131839
v -0.0457451 0.00148566 -0.119124
v -0.0457451 0.00187048 -0.119146
v -0.0455905 0.00249331 -0.00947121
v -0.0455837 0.00260062 -0.00969122
v -0.0457401 0.029462 -0.130501
v -0.0457451 0.001 -0.101337
v -0.0457451 0.001 -0.0214969
v -0.0451307 0.00624938 -0.0940904
v -0.0457769 0.0358227 -0.137396
v -0.0457769 0.0356951 -0.137493
v -0.0470657 0.00436096 -0.104364
v -0.0470308 0.00478984 -0.104334
v -0.0451359 0.00640517 -0.031192
v -0.0446012 0.0107097 -0.0522995
v -0.0445566 0.0110692 -0.0730094
v -0.0451974 0.00571222 -0.0311473
v -0.0447167 0.00958412 -0.0522692
v -0.0446766 0.00990752 -0.0730337
v -0.0457451 0.0008 -0.0427485
v -0.0457451 0.0008 -0.064
v -0.0457451 0.001 -0.064
v -0.0457451 0.001 -0.0427485
v -0.0457451 0.0008 -0.0826683
v -0.0457451 0.001 -0.0826683
v 0.0914852 0.0165383 -0.122705
v 0.0934902 0.0165383 -0.122705
v 0.105706 0.0165384 -0.122705
v 0.106086 0.0165907 -0.122727
v 0.106484 0.016666 -0.122758
v -0.0934902 0.0165383 -0.122705
v -0.0914852 0.0165383 -0.122705
v -0.105706 0.0165383 -0.122705
v -0.106086 0.0165907 -0.122727
v -0.106484 0.0166659 -0.122758
v -0.106086 0.0166671 -0.122542
v -0.106484 0.0167426 -0.122573
v -0.105706 0.0166144 -0.12252
v -0.0934902 0.0166144 -0.12252
v -0.0914852 0.0166144 -0.12252
v 0.106484 0.0167426 -0.122573
v 0.106086 0.0166671 -0.122542
v 0.105706 0.0166145 -0.12252
v 0.0934902 0.0166144 -0.12252
v 0.0914852 0.0166144 -0.12252
v -0.106484 0.0167349 -0.122592
v -0.106484 0.0166736 -0.122739
v 0.106484 0.016735 -0.122592
v 0.106484 0.0166736 -0.122739
v 0.0457426 0.016538 -0.122705
v -7.811e-10 0.0165378 -0.122705
v 0.0457426 0.0166141 -0.12252
v -8.01492e-10 0.0166139 -0.12252
v -0.0457426 0.016538 -0.122705
v -0.0457426 0.0166141 -0.12252
v 0.0933399 0.00209202 -0.00998433
v 0.0913354 0.00212316 -0.0099889
v 0.109024 0.00188156 -0.00995341
v 0.109425 0.00187701 -0.00995409
v 0.109826 0.00187249 -0.00995495
v -0.0913354 0.00212316 -0.0099889
v -0.09334 0.00209202 -0.00998433
v -0.109024 0.00188156 -0.00995341
v -0.109425 0.00187701 -0.00995409
v -0.109826 0.00187249 -0.00995495
v -0.109838 0.00163508 -0.00994943
v -0.109436 0.00163915 -0.00994851
v -0.109036 0.00164324 -0.00994775
v -0.0933551 0.00183255 -0.00997555
v -0.0913511 0.00186056 -0.00997966
v 0.109436 0.00163915 -0.00994851
v 0.109838 0.00163508 -0.00994943
v 0.109036 0.00164324 -0.00994775
v 0.0933551 0.00183255 -0.00997555
v 0.0913511 0.00186056 -0.00997966
v -0.109837 0.00165871 -0.00994997
v -0.109828 0.00184864 -0.00995439
v 0.109837 0.00165871 -0.00994997
v 0.109828 0.00184864 -0.00995439
v 0.0455604 0.00298748 -0.0101159
v 0 0.00348801 -0.0101894
v 0.045579 0.00263802 -0.0100938
v 0 0.00308824 -0.0101599
v -0.0455604 0.00298748 -0.0101159
v -0.045579 0.00263802 -0.0100938
v 0.0934902 0.0232638 -0.126148
v 0.0914827 0.0232637 -0.126148
v 0.10405 0.0232638 -0.126148
v 0.10442 0.0233348 -0.126192
v 0.104818 0.0234367 -0.126256
v -0.0914827 0.0232637 -0.126148
v -0.0934902 0.0232637 -0.126148
v -0.10405 0.0232638 -0.126148
v -0.10442 0.0233348 -0.126192
v -0.104818 0.0234366 -0.126256
v -0.104818 0.0235429 -0.126086
v -0.10442 0.0234407 -0.126022
v -0.10405 0.0233693 -0.125978
v -0.0934902 0.0233692 -0.125978
v -0.0914827 0.0233692 -0.125978
v 0.10442 0.0234407 -0.126022
v 0.104818 0.023543 -0.126086
v 0.10405 0.0233693 -0.125978
v 0.0934902 0.0233693 -0.125978
v 0.0914827 0.0233693 -0.125978
v -0.104818 0.0235323 -0.126103
v -0.104818 0.0234473 -0.126239
v 0.104818 0.0235323 -0.126103
v 0.104818 0.0234473 -0.126239
v 0.0457413 0.0232634 -0.126148
v -1.30053e-09 0.023263 -0.126147
v 0.0457413 0.0233689 -0.125978
v -1.31892e-09 0.0233686 -0.125978
v -0.0457413 0.0232634 -0.126148
v -0.0457413 0.0233689 -0.125978
v 0.0934902 0.00933771 -0.120417
v 0.0914877 0.00933771 -0.120417
v 0.107363 0.00933774 -0.120417
v 0.107752 0.0093667 -0.120423
v 0.108151 0.00940827 -0.120433
v -0.0914877 0.00933769 -0.120417
v -0.0934902 0.00933769 -0.120417
v -0.107363 0.00933773 -0.120417
v -0.107752 0.00936669 -0.120423
v -0.108151 0.00940826 -0.120433
v -0.108151 0.00945318 -0.120238
v -0.107752 0.00941143 -0.120228
v -0.107363 0.00938235 -0.120222
v -0.0934902 0.00938231 -0.120222
v -0.0914877 0.00938231 -0.120222
v 0.107752 0.00941145 -0.120228
v 0.108151 0.0094532 -0.120238
v 0.107363 0.00938236 -0.120222
v 0.0934902 0.00938232 -0.120222
v 0.0914877 0.00938232 -0.120222
v -0.108151 0.00944869 -0.120258
v -0.108151 0.00941275 -0.120413
v 0.108151 0.00944871 -0.120257
v 0.108151 0.00941277 -0.120413
v 0.0457438 0.00933757 -0.120417
v -3.50362e-10 0.00933743 -0.120417
v 0.0457438 0.00938218 -0.120222
v -3.73163e-10 0.00938205 -0.120222
v -0.0457438 0.00933756 -0.120417
v -0.0457438 0.00938218 -0.120222
v -0.0679608 0.00502554 -0.0961889
v -0.0679043 0.00532889 -0.0941829
v -0.0686176 0.0008 -0.0194969
v -0.0686176 0.0008 -0.0214969
v -0.0686176 0.0008 -0.101337
v -0.0686176 0.0008 -0.103337
v -0.0686101 0.0293302 -0.130651
v -0.0686101 0.030781 -0.131983
v -0.0684302 0.00250622 -0.00964776
v -0.0684464 0.00229859 -0.00927196
v -0.068479 0.00174952 -0.00919241
v -0.0686176 0.00147153 -0.119324
v -0.0686176 0.00185857 -0.119345
v -0.0686176 0.00100127 -0.119101
v -0.0686101 0.0352955 -0.137002
v -0.0686101 0.0354796 -0.137241
v -0.0686176 0.0008 -0.1186
v -0.0705468 0.00386386 -0.103694
v -0.0706207 0.00381979 -0.10403
v -0.0684919 0.00147608 -0.00950003
v -0.0686176 0.0008 -0.0102
v -0.0686176 0.0008 -0.00979999
v -0.0686176 0.0008 -0.1178
v -0.0686176 0.0008 -0.1182
v -0.0707484 0.00376382 -0.10445
v -0.0686654 0.0356792 -0.137505
v -0.0686654 0.0358387 -0.137384
v -0.0686101 0.0356386 -0.13712
v -0.0706659 0.00338668 -0.104055
v -0.0707926 0.00333633 -0.104475
v -0.0686176 0.001 -0.1186
v -0.0686176 0.001 -0.1182
v -0.0686176 0.001 -0.00979999
v -0.0684762 0.00176001 -0.00951251
v -0.0686176 0.001 -0.1178
v -0.0686176 0.001 -0.103337
v -0.0686176 0.001 -0.0102
v -0.0686176 0.001 -0.0194969
v -0.0684704 0.00187893 -0.00938088
v -0.0705928 0.00342631 -0.10372
v -0.0680272 0.00447124 -0.0962203
v -0.0686176 0.0011445 -0.118962
v -0.0686101 0.0354537 -0.13688
v -0.0686101 0.0309194 -0.131839
v -0.0686176 0.00148566 -0.119124
v -0.0686176 0.00187048 -0.119146
v -0.0684563 0.00211463 -0.00941499
v -0.0684491 0.00220512 -0.00963273
v -0.0686101 0.0294623 -0.130501
v -0.0686176 0.001 -0.101337
v -0.0686176 0.001 -0.0214969
v -0.0679764 0.00474411 -0.094215
v -0.0686654 0.0358228 -0.137396
v -0.0686654 0.0356951 -0.137492
v -0.0707883 0.00337842 -0.104473
v -0.070753 0.00372042 -0.104452
v -0.0674237 0.00790864 -0.0522083
v -0.0679817 0.00491334 -0.0310573
v -0.0673771 0.00815882 -0.0730825
v -0.068046 0.00437032 -0.0310262
v -0.0675443 0.00706459 -0.0521872
v -0.0675024 0.00728962 -0.0730994
v -0.0686176 0.0008 -0.0427485
v -0.0686176 0.0008 -0.064
v -0.0686176 0.001 -0.064
v -0.0686176 0.001 -0.0427485
v -0.0686176 0.0008 -0.0826683
v -0.0686176 0.001 -0.0826683
v -0.0684248 0.00253515 -0.0100494
v -0.0684443 0.00223114 -0.0100341
v -0.068612 0.0232635 -0.126148
v -0.0686139 0.0165381 -0.122705
v -0.068612 0.0233691 -0.125978
v -0.0686139 0.0166143 -0.12252
v -0.0686158 0.00933762 -0.120417
v -0.0686158 0.00938224 -0.120222
v -0.0224814 0.00779775 -0.0959443
v -0.0224478 0.00833966 -0.0939336
v -0.0228725 0.0008 -0.0194969
v -0.0228725 0.0008 -0.0214969
v -0.0228725 0.0008 -0.101337
v -0.0228725 0.0008 -0.103337
v -0.02287 0.0293298 -0.130651
v -0.02287 0.0307806 -0.131983
v -0.0227609 0.00329728 -0.00976482
v -0.0227706 0.00302174 -0.00937966
v -0.02279 0.00233526 -0.00927964
v -0.0228725 0.00147153 -0.119324
v -0.0228725 0.00185857 -0.119345
v -0.0228725 0.00100127 -0.119101
v -0.02287 0.0352956 -0.137002
v -0.02287 0.0354796 -0.137241
v -0.0228725 0.0008 -0.1186
v -0.0233848 0.00589939 -0.103473
v -0.0234114 0.00582235 -0.103811
v -0.0227977 0.00200774 -0.0095787
v -0.0228725 0.0008 -0.0102
v -0.0228725 0.0008 -0.00979999
v -0.0228725 0.0008 -0.1178
v -0.0228725 0.0008 -0.1182
v -0.0234563 0.00572677 -0.104233
v -0.0228885 0.0356792 -0.137505
v -0.0228885 0.0358387 -0.137384
v -0.02287 0.0356386 -0.13712
v -0.0234395 0.00518798 -0.103858
v -0.0234838 0.005102 -0.10428
v -0.0228725 0.001 -0.1186
v -0.0228725 0.001 -0.1182
v -0.0228725 0.001 -0.00979999
v -0.0227883 0.00235767 -0.009601
v -0.0228725 0.001 -0.1178
v -0.0228725 0.001 -0.103337
v -0.0228725 0.001 -0.0102
v -0.0228725 0.001 -0.0194969
v -0.0227849 0.00250109 -0.00947323
v -0.0234133 0.00525727 -0.103521
v -0.0225209 0.00696484 -0.0960004
v -0.0228725 0.0011445 -0.118962
v -0.02287 0.0354537 -0.13688
v -0.02287 0.030919 -0.131838
v -0.0228725 0.00148566 -0.119124
v -0.0228725 0.00187047 -0.119146
v -0.0227765 0.00279592 -0.00951613
v -0.0227722 0.00291667 -0.00973796
v -0.02287 0.0294619 -0.1305
v -0.0228725 0.001 -0.101337
v -0.0228725 0.001 -0.0214969
v -0.0224907 0.00745229 -0.0939908
v -0.0228885 0.0358228 -0.137396
v -0.0228885 0.0356952 -0.137492
v -0.0234812 0.00516325 -0.104276
v -0.0234592 0.00566307 -0.104238
v -0.0221616 0.0129481 -0.0523725
v -0.0224939 0.00759733 -0.0312996
v -0.0221338 0.013395 -0.072951
v -0.0225321 0.00678457 -0.031244
v -0.0222334 0.0115976 -0.0523348
v -0.0222084 0.0119996 -0.0729812
v -0.0228725 0.0008 -0.0427485
v -0.0228725 0.0008 -0.064
v -0.0228725 0.001 -0.064
v -0.0228725 0.001 -0.0427485
v -0.0228725 0.0008 -0.0826683
v -0.0228725 0.001 -0.0826683
v -0.0227577 0.00334896 -0.010169
v -0.0227693 0.00296316 -0.0101415
v -0.0228707 0.0232632 -0.126148
v -0.0228713 0.0165379 -0.122705
v -0.0228707 0.0233687 -0.125978
v -0.0228713 0.016614 -0.12252
v -0.0228719 0.0093375 -0.120417
v -0.0228719 0.00938212 -0.120222
v 0.0224814 0.00779775 -0.0959443
v 0.0224478 0.00833966 -0.0939336
v 0.0228725 0.0008 -0.0194969
v 0.0228725 0.0008 -0.0214969
v 0.0228725 0.0008 -0.101337
v 0.0228725 0.0008 -0.103337
v 0.02287 0.0293297 -0.130651
v 0.02287 0.0307805 -0.131983
v 0.0227609 0.00329728 -0.00976482
v 0.0227706 0.00302174 -0.00937966
v 0.02279 0.00233526 -0.00927964
v 0.0228725 0.00147153 -0.119324
v 0.0228725 0.00185857 -0.119345
v 0.0228725 0.00100128 -0.119101
v 0.02287 0.0352954 -0.137002
v 0.02287 0.0354795 -0.137242
v 0.0228725 0.0008 -0.1186
v 0.0233848 0.00589939 -0.103473
v 0.0234114 0.00582235 -0.103811
v 0.0227977 0.00200774 -0.0095787
v 0.0228725 0.0008 -0.0102
v 0.0228725 0.0008 -0.00979999
v 0.0228725 0.0008 -0.1178
v 0.0228725 0.0008 -0.1182
v 0.0234563 0.00572677 -0.104233
v 0.0228885 0.0356791 -0.137505
v 0.0228885 0.0358385 -0.137384
v 0.02287 0.0356384 -0.13712
v 0.0234395 0.00518798 -0.103858
v 0.0234838 0.005102 -0.10428
v 0.0228725 0.001 -0.1186
v 0.0228725 0.001 -0.1182
v 0.0228725 0.001 -0.00979999
v 0.0227883 0.00235767 -0.009601
v 0.0228725 0.001 -0.1178
v 0.0228725 0.001 -0.103337
v 0.0228725 0.001 -0.0102
v 0.0228725 0.001 -0.0194969
v 0.0227849 0.00250109 -0.00947323
v 0.0234133 0.00525727 -0.103521
v 0.0225209 0.00696484 -0.0960004
v 0.0228725 0.0011445 -0.118962
v 0.02287 0.0354535 -0.13688
v 0.02287 0.0309189 -0.131839
v 0.0228725 0.00148566 -0.119124
v 0.0228725 0.00187048 -0.119146
v 0.0227765 0.00279592 -0.00951613
v 0.0227722 0.00291667 -0.00973796
v 0.02287 0.0294618 -0.130501
v 0.0228725 0.001 -0.101337
v 0.0228725 0.001 -0.0214969
v 0.0224907 0.00745229 -0.0939908
v 0.0228885 0.0358226 -0.137396
v 0.0228885 0.035695 -0.137493
v 0.0234812 0.00516325 -0.104276
v 0.0234592 0.00566307 -0.104238
v 0.0221616 0.0129481 -0.0523725
v 0.0224939 0.00759733 -0.0312996
v 0.0221338 0.013395 -0.072951
v 0.0225321 0.00678457 -0.031244
v 0.0222334 0.0115976 -0.0523348
v 0.0222084 0.0119996 -0.0729812
v 0.0228725 0.0008 -0.0427485
v 0.0228725 0.0008 -0.064
v 0.0228725 0.001 -0.064
v 0.0228725 0.001 -0.0427485
v 0.0228725 0.0008 -0.0826683
v 0.0228725 0.001 -0.0826683
v 0.0227577 0.00334896 -0.010169
v 0.0227693 0.00296316 -0.0101415
v 0.0228707 0.0232632 -0.126148
v 0.0228713 0.0165379 -0.122705
v 0.0228707 0.0233687 -0.125978
v 0.0228713 0.016614 -0.12252
v 0.0228719 0.0093375 -0.120417
v 0.0228719 0.00938212 -0.120222
v 0.0679608 0.00502554 -0.0961889
v 0.0679043 0.00532889 -0.0941829
v 0.0686176 0.0008 -0.0194969
v 0.0686176 0.0008 -0.0214969
v 0.0686176 0.0008 -0.101337
v 0.0686176 0.0008 -0.103337
v 0.0686101 0.0293302 -0.130651
v 0.0686101 0.0307809 -0.131983
v 0.0684302 0.00250622 -0.00964776
v 0.0684464 0.00229859 -0.00927196
v 0.068479 0.00174952 -0.00919241
v 0.0686176 0.00147154 -0.119324
v 0.0686176 0.00185858 -0.119345
v 0.0686176 0.00100128 -0.119101
v 0.0686101 0.0352954 -0.137002
v 0.0686101 0.0354795 -0.137242
v 0.0686176 0.0008 -0.1186
v 0.0705468 0.00386386 -0.103694
v 0.0706207 0.00381979 -0.10403
v 0.0684919 0.00147608 -0.00950003
v 0.0686176 0.0008 -0.0102
v 0.0686176 0.0008 -0.00979999
v 0.0686176 0.0008 -0.1178
v 0.0686176 0.0008 -0.1182
v 0.0707484 0.00376382 -0.10445
v 0.0686654 0.0356791 -0.137505
v 0.0686654 0.0358386 -0.137384
v 0.0686101 0.0356384 -0.13712
v 0.0706659 0.00338668 -0.104055
v 0.0707926 0.00333633 -0.104475
v 0.0686176 0.001 -0.1186
v 0.0686176 0.001 -0.1182
v 0.0686176 0.001 -0.00979999
v 0.0684762 0.00176001 -0.00951251
v 0.0686176 0.001 -0.1178
v 0.0686176 0.001 -0.103337
v 0.0686176 0.001 -0.0102
v 0.0686176 0.001 -0.0194969
v 0.0684704 0.00187893 -0.00938088
v 0.0705928 0.00342631 -0.10372
v 0.0680272 0.00447124 -0.0962203
v 0.0686176 0.0011445 -0.118962
v 0.0686101 0.0354536 -0.13688
v 0.0686101 0.0309193 -0.131839
v 0.0686176 0.00148567 -0.119124
v 0.0686176 0.00187049 -0.119146
v 0.0684563 0.00211463 -0.00941499
v 0.0684491 0.00220512 -0.00963273
v 0.0686101 0.0294622 -0.130501
v 0.0686176 0.001 -0.101337
v 0.0686176 0.001 -0.0214969
v 0.0679764 0.00474411 -0.094215
v 0.0686654 0.0358226 -0.137396
v 0.0686654 0.035695 -0.137493
v 0.0707883 0.00337842 -0.104473
v 0.0707529 0.00372042 -0.104452
v 0.0674237 0.00790864 -0.0522083
v 0.0679817 0.00491334 -0.0310573
v 0.0673771 0.00815882 -0.0730825
v 0.068046 0.00437032 -0.0310262
v 0.0675443 0.00706459 -0.0521872
v 0.0675024 0.00728962 -0.0730994
v 0.0686176 0.0008 -0.0427485
v 0.0686176 0.0008 -0.064
v 0.0686176 0.001 -0.064
v 0.0686176 0.001 -0.0427485
v 0.0686176 0.0008 -0.0826683
v 0.0686176 0.001 -0.0826683
v 0.0684248 0.00253515 -0.0100494
v 0.0684443 0.00223114 -0.0100341
v 0.068612 0.0232636 -0.126148
v 0.0686139 0.0165382 -0.122705
v 0.068612 0.0233691 -0.125978
v 0.0686139 0.0166143 -0.12252
v 0.0686157 0.00933764 -0.120417
v 0.0686157 0.00938225 -0.120222
vn 0.0536097 0.99535 -0.0800289
vn 0.0494151 0.995657 -0.0789057
vn 0.0561318 0.995058 -0.0819104
vn 0.0609151 0.994598 -0.0840496
vn 0.0488779 0.997104 -0.058255
vn 0.0443709 0.996987 -0.063624
vn 0.0466207 0.997252 -0.057582
vn 0.0416536 0.997187 -0.0623185
vn 0.67605 0.733986 -0.0649718
vn 0.649434 0.736716 -0.188376
vn 0 -1 0
vn 0.537583 -0.843211 0
vn 0.506424 -0.862285 0
vn 0.0244933 0.998287 0.053129
vn 0.0218957 0.998811 0.0435619
vn 0.0197771 0.99922 0.0341788
vn 0.0221295 0.998851 0.0425045
vn 0.0265855 0.997749 0.0615664
vn 0.0237743 0.998431 0.0506962
vn 0.0278175 0.997683 0.0620937
vn 0.0241135 0.998403 0.051095
vn 0.434179 0.900449 0.0261023
vn 0.439428 0.897692 0.0324484
vn 0.999354 0.0351123 -0.00770866
vn 0.999194 0.0390051 -0.00947125
vn 0.843895 -0.536136 -0.0199944
vn 0.867082 -0.497589 -0.0239589
vn -0.729243 0.682029 0.0551537
vn -0.706463 0.688334 0.16464
vn 0.580009 -0.81461 0
vn 0.602585 -0.798054 0
vn 0.0289428 0.998517 -0.0461145
vn 0.0262086 0.998895 -0.0390224
vn 0.0289841 0.998167 -0.0531315
vn 0.0320167 0.997826 -0.057605
vn 0.0314534 0.99767 -0.060535
vn 0.0347365 0.997166 -0.0667303
vn 0.0322017 0.997623 -0.0609227
vn 0.03574 0.997092 -0.0673057
vn 0.455967 0.889322 -0.0346526
vn 0.450635 0.892232 -0.0291652
vn 0.998875 0.0463471 0.010005
vn 0.999095 0.0416759 0.00855205
vn 0.913239 -0.406753 0.0233962
vn 0.897486 -0.440567 0.0204853
vn -0.717919 0.681638 -0.141287
vn -0.732253 0.678396 -0.0598748
vn 2.7075e-06 -0.637071 -0.770805
vn 3.62058e-06 -0.710727 -0.703468
vn 3.48165e-06 -0.710727 -0.703468
vn 3.11867e-06 -0.637071 -0.770805
vn 0.00186537 -0.70236 -0.71182
vn -0.00459302 -0.637822 -0.77017
vn 0.00446102 -0.702736 -0.711437
vn -0.0102333 -0.640501 -0.767889
vn 0.649818 -0.304312 -0.696513
vn 0.683697 -0.337647 -0.646956
vn 0.00710035 0.596227 0.802785
vn 0.00616303 0.598355 0.801208
vn 0.0131932 0.972171 0.2339
vn 0.0152504 0.971263 0.23752
vn -0.00614459 -0.370848 0.928673
vn -0.00532825 -0.372997 0.927817
vn 2.33564e-08 -0.0988219 -0.995105
vn 2.70034e-07 -0.098831 -0.995104
vn 1.86906e-06 -0.246795 -0.969068
vn 1.85582e-06 -0.246792 -0.969068
vn 4.81781e-08 -0.728256 -0.685305
vn 4.52884e-08 -0.72826 -0.685301
vn 4.4006e-06 -0.768719 -0.639587
vn 0.00259008 -0.768719 -0.639582
vn 4.01513e-06 -0.794777 -0.606902
vn -0.00342422 -0.794507 -0.607245
vn 0 -0.981788 -0.18998
vn 0 -0.981788 -0.18998
vn 0.0362119 0.996728 -0.0722662
vn 0.0380095 0.996379 -0.0760497
vn 0.034597 0.997237 -0.065737
vn 0.0373585 0.996924 -0.0688972
vn -0.00898973 -0.717484 0.696517
vn -0.00785883 -0.729262 0.684189
vn 0 -0.911991 0.41021
vn 0 -0.905797 0.423713
vn 0.145574 0.709558 -0.689446
vn 0.0228226 0.698165 -0.715573
vn 3.69057e-06 -0.136825 -0.990595
vn 0.113148 -0.149071 -0.982332
vn 0.00546029 0.613107 0.789981
vn 0.0116567 0.977958 0.208476
vn 0.00500257 0.614211 0.789126
vn 0.0109462 0.97823 0.207235
vn 0.747434 0.462333 0.477065
vn 0.703353 0.703896 0.0991215
vn -0.00470055 -0.387887 0.921695
vn -0.00431604 -0.387959 0.921667
vn 0.762751 -0.204115 0.613635
vn 0.000134017 -0.0987924 -0.995108
vn 0.000420103 -0.246715 -0.969088
vn 0.000322233 -0.0989058 -0.995097
vn 0.00103431 -0.245954 -0.969281
vn 0.693129 0.0863286 -0.715626
vn 0.712183 -0.0257932 -0.70152
vn 2.69831e-08 -0.728254 -0.685308
vn 0 -0.727802 -0.685787
vn 0.765493 -0.55926 -0.318197
vn 0.00131086 -0.743747 -0.66846
vn -0.0137727 -0.75936 -0.650525
vn 0.412559 -0.209661 -0.886475
vn 0 -0.981788 -0.189981
vn 0.316604 -0.931236 -0.180449
vn 0.0337308 0.997604 -0.0604028
vn -0.00733255 -0.816676 0.57705
vn 0.0338794 0.997599 -0.0604042
vn 0.454954 0.741162 -0.493655
vn -0.0067362 -0.818635 0.574274
vn 0.329303 -0.944224 0
vn 0.319028 -0.897961 0.303129
vn 0 -0.955299 0.295642
vn 0.321297 -0.946978 0
vn 0.0179135 0.998791 -0.0457845
vn 0.0203493 0.998147 -0.0573423
vn 0.0146755 0.99945 -0.0297354
vn 0.0135257 0.999221 0.0370811
vn 0.0113968 0.999555 0.0275575
vn 0.0143558 0.998814 0.0465167
vn 0.0118758 0.999636 0.0242386
vn 0.0144116 0.999319 0.0339643
vn 0.019 0.998856 -0.0438732
vn 0.0260643 0.998176 -0.0544551
vn 0.0176939 0.999535 -0.0248455
vn 0.0182938 0.998898 0.0432158
vn -0.535839 0.709474 0.457738
vn -0.275357 0.703734 0.654933
vn 0.4207 0.906954 0.0211256
vn 0.42038 0.907124 0.0201453
vn 0.999969 0.00368838 -0.00690522
vn 0.999978 0.00264758 -0.00604706
vn 0.694679 -0.719076 -0.0187565
vn 0.687792 -0.725721 -0.0164746
vn -0.618881 0.693047 -0.369691
vn -0.466914 0.692513 -0.549924
vn 0.445424 0.895135 -0.0182159
vn 0.443411 0.896051 -0.0218861
vn -0.405072 0.700092 -0.588038
vn 0.999316 -0.0360303 0.00836394
vn 0.999289 -0.0370891 0.00681638
vn 0.684822 -0.728434 0.0200591
vn 0.678398 -0.734508 0.0165804
vn -0.235206 0.722913 -0.649673
vn 0.644869 0.525164 -0.555289
vn 0.853758 -0.513691 -0.0849609
vn -0.17212 0.703453 0.689586
vn 0.0434042 0.655243 0.75417
vn 0.609226 0.286104 0.739587
vn 0.604005 -0.678029 0.418872
vn -0.0536095 0.99535 -0.0800288
vn -0.060915 0.994598 -0.0840496
vn -0.0561316 0.995058 -0.0819105
vn -0.0494149 0.995657 -0.0789058
vn -0.0488779 0.997104 -0.058255
vn -0.0443709 0.996987 -0.063624
vn -0.0466207 0.997252 -0.057582
vn -0.0416542 0.997187 -0.0623187
vn -0.67605 0.733986 -0.0649741
vn -0.649434 0.736715 -0.188378
vn -0.537583 -0.843211 0
vn -0.506424 -0.862285 0
vn -0.0244889 0.998288 0.0531198
vn -0.0221249 0.998852 0.0424972
vn -0.0197743 0.99922 0.0341729
vn -0.0218918 0.998811 0.0435544
vn -0.0265812 0.99775 0.0615558
vn -0.02377 0.998432 0.0506874
vn -0.0278137 0.997683 0.062083
vn -0.0241097 0.998403 0.0510861
vn -0.438801 0.897997 0.0324649
vn -0.433523 0.900764 0.0261161
vn -0.999155 0.0399905 -0.00943852
vn -0.999318 0.0361159 -0.00768303
vn -0.867228 -0.497335 -0.0239523
vn -0.844044 -0.535901 -0.0199903
vn 0.729245 0.682028 0.0551424
vn 0.706632 0.688158 0.164653
vn -0.602585 -0.798054 0
vn -0.58 -0.814616 0
vn -0.0289354 0.998517 -0.0461066
vn -0.032011 0.997827 -0.0575954
vn -0.0289789 0.998167 -0.0531227
vn -0.0262005 0.998895 -0.0390157
vn -0.0347311 0.997167 -0.0667189
vn -0.03145 0.997671 -0.0605241
vn -0.0357354 0.997093 -0.067294
vn -0.0321973 0.997624 -0.0609119
vn -0.455352 0.889636 -0.0346674
vn -0.450022 0.892541 -0.029176
vn -0.998831 0.0473048 0.00996711
vn -0.999054 0.0426452 0.008519
vn -0.91335 -0.406503 0.0233918
vn -0.897609 -0.440316 0.0204824
vn 0.732256 0.678393 -0.0598655
vn 0.71777 0.681799 -0.141266
vn 5.12524e-06 -0.637072 -0.770805
vn 4.78674e-06 -0.637072 -0.770804
vn 3.93366e-06 -0.710727 -0.703468
vn 3.80551e-06 -0.710727 -0.703467
vn 0.00459399 -0.637829 -0.770164
vn -0.00184997 -0.702364 -0.711816
vn 0.0102266 -0.640509 -0.767883
vn -0.00445582 -0.702738 -0.711434
vn -0.683703 -0.337651 -0.646948
vn -0.649816 -0.304318 -0.696513
vn -0.00710035 0.596227 0.802785
vn -0.0152504 0.971263 0.23752
vn -0.0131931 0.972171 0.2339
vn -0.00616303 0.598355 0.801208
vn 0.00614457 -0.370848 0.928673
vn 0.00532823 -0.372997 0.927817
vn 1.51622e-07 -0.0988205 -0.995105
vn 1.4743e-07 -0.246805 -0.969065
vn -2.31688e-08 -0.246805 -0.969065
vn -1.82375e-08 -0.0988205 -0.995105
vn 4.71432e-08 -0.728281 -0.685279
vn 4.54815e-08 -0.728281 -0.685279
vn 5.88795e-06 -0.768716 -0.63959
vn -0.00258218 -0.768712 -0.63959
vn 4.94225e-06 -0.794776 -0.606903
vn 0.00343139 -0.7945 -0.607254
vn 0 -0.981791 -0.189964
vn 0 -0.981791 -0.189964
vn -0.0380096 0.996379 -0.0760488
vn -0.0362117 0.996728 -0.0722655
vn -0.0373585 0.996924 -0.0688964
vn -0.0345969 0.997237 -0.0657362
vn 0.00898976 -0.717484 0.696517
vn 0.00785886 -0.729262 0.684189
vn -0.0228226 0.698165 -0.715573
vn -0.145574 0.709558 -0.689446
vn 3.69046e-06 -0.136773 -0.990602
vn -0.113177 -0.148769 -0.982374
vn -0.0116567 0.977958 0.208476
vn -0.00546038 0.613107 0.789981
vn -0.0109462 0.97823 0.207235
vn -0.00500266 0.61421 0.789126
vn -0.703583 0.703673 0.0990689
vn -0.747169 0.462482 0.477334
vn 0.00470055 -0.387887 0.921695
vn 0.00431596 -0.387959 0.921667
vn -0.763022 -0.20399 0.613339
vn -0.000133776 -0.0987915 -0.995108
vn -0.000420078 -0.246734 -0.969083
vn -0.000331476 -0.0989033 -0.995097
vn -0.00103445 -0.245973 -0.969276
vn -0.693134 0.0863368 -0.71562
vn -0.712184 -0.0258011 -0.701519
vn 2.42856e-08 -0.72828 -0.68528
vn 1.05911e-07 -0.727828 -0.685759
vn -0.765488 -0.559282 -0.318169
vn -0.00130517 -0.743747 -0.66846
vn 0.013777 -0.759357 -0.650529
vn -0.412661 -0.209447 -0.886478
vn 0 -0.981791 -0.189963
vn -0.316604 -0.931239 -0.180432
vn -0.0337314 0.997604 -0.0604035
vn 0.00733255 -0.816676 0.57705
vn -0.0338795 0.997599 -0.0604043
vn -0.454954 0.741163 -0.493655
vn 0.0067362 -0.818635 0.574274
vn -0.329293 -0.944228 0
vn -0.319028 -0.897961 0.303129
vn -0.321297 -0.946978 0
vn -0.020345 0.998148 -0.0573326
vn -0.0179102 0.998791 -0.0457769
vn -0.0146202 0.999451 -0.0297318
vn -0.0113891 0.999555 0.0275529
vn -0.0135228 0.999221 0.0370758
vn -0.0143534 0.998815 0.0465085
vn -0.0118675 0.999636 0.0242347
vn -0.0144089 0.999319 0.0339589
vn -0.0189959 0.998857 -0.0438665
vn -0.0260585 0.998177 -0.0544464
vn -0.0176354 0.999536 -0.0248429
vn -0.0182903 0.998899 0.0432086
vn 0.535842 0.709474 0.457734
vn 0.27536 0.703736 0.654929
vn -0.420013 0.907272 0.0211353
vn -0.419678 0.907449 0.0201645
vn -0.999965 0.00471796 -0.00689988
vn -0.999975 0.00366411 -0.00602688
vn -0.694876 -0.718885 -0.0187414
vn -0.687978 -0.725545 -0.0164597
vn 0.619019 0.692896 -0.369745
vn 0.466917 0.692514 -0.549921
vn -0.444729 0.89548 -0.0182243
vn -0.442729 0.896388 -0.0218959
vn 0.405127 0.70004 -0.588062
vn -0.999351 -0.0350431 0.00835767
vn -0.999325 -0.0361122 0.00679997
vn -0.68503 -0.728239 0.0200435
vn -0.678593 -0.734327 0.0165658
vn 0.2357 0.722717 -0.649711
vn -0.644273 0.525994 -0.555197
vn -0.853841 -0.513566 -0.08489
vn 0.172162 0.703288 0.689744
vn -0.0430937 0.655387 0.754063
vn -0.608714 0.28693 0.739688
vn -0.604161 -0.677913 0.418837
vn -0.00456998 0.38649 -0.922282
vn -0.00744575 0.799704 -0.600349
vn -0.409585 0.911536 -0.0366367
vn -0.750527 0.325655 -0.575029
vn 0.350275 0.919786 0.176921
vn 0 0.728848 0.684676
vn -0.791298 0.53876 0.28911
vn 0.00724929 0.985393 -0.170141
vn 0.354977 0.934875 0
vn 0.705806 0.708169 -0.0182698
vn 0.35068 0.875373 -0.332786
vn 0.714657 0.69924 0.0181446
vn 0.678468 -0.733162 -0.0464279
vn 0.0288869 -0.998087 0.0546528
vn 0.023375 -0.998533 0.0488396
vn 0.617872 -0.736356 -0.275706
vn 0.589736 0.686858 0.424778
vn 0.999962 -0.00628172 0.00600843
vn 0.653907 -0.583605 0.481467
vn 0.417871 -0.908335 -0.0176366
vn 0.302046 -0.71849 0.626531
vn 0.192744 -0.710088 0.677219
vn 0.0106317 -0.999708 -0.0217222
vn 0.0129177 -0.999453 -0.0304452
vn 0.999403 0.0338567 -0.00688618
vn 0.559033 0.806329 -0.193172
vn 0.235687 -0.915004 -0.327445
vn 0.44302 -0.896358 0.0165925
vn 0.0152398 -0.999636 0.022278
vn 0.432486 -0.713273 -0.551542
vn 0.708901 0.70496 -0.0221516
vn 0.912892 0.407602 -0.0221064
vn 0.606173 0.795333 0
vn 0.363314 0.931667 0
vn 0.999336 0.035469 -0.00838949
vn 0.998818 -0.0478696 -0.0083949
vn 0.439343 -0.898097 0.0200043
vn 0.447487 -0.893901 0.0263808
vn 0.488707 -0.723884 -0.486989
vn 0.0170359 -0.999081 0.0393365
vn 0.0125168 -0.999566 0.0266575
vn 0.0234962 -0.999111 0.0349916
vn 0.0282156 -0.998126 0.054303
vn 0.0182515 -0.99851 0.0514204
vn 0.720875 0.692757 0.0206508
vn 0.538432 0.842669 0
vn 0.865008 0.501291 0.0216612
vn 0.999953 -0.0067933 0.00685746
vn 0.998907 -0.0461415 0.00741175
vn 0.41835 -0.908086 -0.0190459
vn 0.42634 -0.904255 -0.0235932
vn 0.0102036 -0.999643 -0.0246967
vn 0.0177291 -0.999373 -0.0306411
vn 0.016402 -0.999114 -0.0387456
vn 0.549592 -0.739301 0.38908
vn 0.0216245 -0.998716 -0.0458217
vn 0.676076 -0.732129 0.0831173
vn 0.0121245 -0.999374 -0.0332385
vn 0.0128726 -0.999047 -0.0417011
vn 0.02132 -0.998738 -0.0454632
vn 0.0160634 -0.999028 0.0410485
vn 0.0196322 -0.999044 -0.0390597
vn 0.0259957 -0.998526 0.047654
vn 0 1 0
vn 0 0.982052 0.188608
vn 0 0.982053 0.188607
vn -0.0081 0.797548 -0.603202
vn -0.00860481 0.703977 -0.71017
vn 0 0.897573 -0.440867
vn 0 0.945716 -0.324994
vn -0.00497588 0.386404 -0.922316
vn -0.484733 -0.7241 -0.490626
vn 0.0305284 -0.998051 0.0544268
vn 0.0375387 -0.997716 0.0561621
vn -0.713798 -0.687454 -0.133789
vn -0.116405 -0.715654 -0.688687
vn 0.0311768 -0.997757 0.0592387
vn 0.0326372 -0.997343 0.0651293
vn 0.030394 -0.998055 0.0544246
vn 0.0399882 -0.997553 0.0573443
vn -0.00563022 0.370752 -0.928715
vn 0.0445513 -0.996471 0.071142
vn -1.89153e-08 0.7293 0.684194
vn -4.01405e-08 0.729295 0.6842
vn -0.642425 0.699068 0.313996
vn 0.00447081 0.702739 0.711434
vn -0.013843 0.759361 0.650522
vn -0.434467 0.899123 0.0530777
vn -0.117805 0.985524 -0.121923
vn -0.00344941 0.794506 0.607246
vn 0.00185769 0.702363 0.711817
vn 0.00130519 0.74375 0.668456
vn 0.00258985 0.768722 0.639578
vn -6.77138e-06 0.710727 0.703468
vn -0.678106 0.334513 0.654426
vn 0.000756373 0.246052 0.969256
vn 0.000305752 0.246807 0.969065
vn -2.21572e-07 0.24688 0.969046
vn -0.686835 0.225019 0.691103
vn 0.000334891 0.098881 0.995099
vn 0.000135164 0.0987599 0.995111
vn 1.78631e-08 0.0987983 0.995107
vn 0.00510286 -0.650817 -0.759218
vn -0.758704 -0.326916 -0.563467
vn 0.00557285 -0.649739 -0.760137
vn 0.00634627 -0.637825 -0.770155
vn 0.00994306 -0.987155 -0.159456
vn -0.714655 -0.678113 -0.171555
vn 0.010632 -0.986944 -0.160713
vn 0.0121039 -0.983087 -0.182741
vn -4.03297e-06 0.990611 -0.136714
vn -7.17454e-06 0.794779 0.606899
vn 0.0336654 -0.997502 0.062095
vn 0.0262275 -0.71322 -0.70045
vn 0 0.982052 0.188608
vn 0 0.89098 -0.454042
vn -0.00983416 0.691769 -0.722052
vn -0.00649173 0.368495 -0.929607
vn 0.0342581 -0.99706 0.0685462
vn 0.0506075 -0.995983 0.0738731
vn -3.7929e-08 0.729295 0.6842
vn -6.70137e-06 0.768722 0.639583
vn -6.78715e-06 0.710727 0.703468
vn 8.0004e-11 0.24688 0.969046
vn -1.51373e-07 0.0987983 0.995107
vn 0.00732006 -0.636094 -0.771577
vn 0.0139965 -0.982469 -0.185899
vn -0.0102678 0.640509 0.767882
vn -0.696182 0.570263 0.43604
vn -0.00461083 0.637829 0.770164
vn -6.65048e-06 0.637072 0.770804
vn -6.7984e-06 0.637071 0.770805
vn 0.626494 0.779427 0
vn 0.926688 0.374983 -0.0252297
vn 0.0320674 -0.99766 0.0603788
vn 0.680865 -0.731608 0.0342405
vn 0.99855 -0.052927 -0.00978008
vn 0.452648 -0.891145 0.031162
vn 0.0259528 -0.998808 0.0413517
vn 0.0311673 -0.99772 0.0598601
vn 0.0287198 -0.998251 0.051665
vn 0.684296 -0.728536 -0.0312142
vn 0.0249522 -0.998136 -0.0556902
vn 0.885919 0.463115 0.0259069
vn 0.567431 0.823421 0
vn 0.998702 -0.0501183 0.00909629
vn 0.431683 -0.901549 -0.0293023
vn 0.0198421 -0.999077 -0.0381064
vn 0.0238482 -0.99819 -0.0552146
vn 0.0219665 -0.998623 -0.04764
vn -0.73613 -0.676813 0.00603283
vn 0.0420174 -0.997769 0.0518886
vn 0.0440517 -0.997649 0.0524998
vn 0.0483373 -0.996222 0.0721411
vn 0.0549266 -0.99561 0.0757877
vn 0.00457006 0.38649 -0.922282
vn 0.75053 0.325622 -0.575043
vn 0.409464 0.911608 -0.0361965
vn 0.00744589 0.799704 -0.600349
vn -0.350286 0.919779 0.176935
vn -0.00712333 0.985355 -0.170365
vn 0.791294 0.538788 0.289069
vn 0 0.728819 0.684707
vn -0.354988 0.934871 0
vn -0.705579 0.708395 -0.0182729
vn -0.350689 0.875367 -0.332791
vn -0.714437 0.699464 0.0181478
vn -0.678309 -0.733311 -0.0463907
vn -0.617978 -0.736248 -0.275758
vn -0.0233796 -0.998533 0.0488482
vn -0.0288934 -0.998087 0.0546621
vn -0.589264 0.687037 0.425145
vn -0.999968 -0.00515285 0.00605048
vn -0.655733 -0.582021 0.4809
vn -0.41883 -0.907898 -0.0173988
vn -0.302049 -0.718491 0.626528
vn -0.0129202 -0.999453 -0.0304504
vn -0.0106346 -0.999707 -0.0217262
vn -0.192743 -0.710089 0.677218
vn -0.99937 0.0348213 -0.00690534
vn -0.999497 0.02996 -0.0103694
vn -0.791009 -0.522326 -0.318559
vn -0.443602 -0.89607 0.0165869
vn -0.0152551 -0.999635 0.0222818
vn -0.432713 -0.71314 -0.551535
vn -0.708682 0.70518 -0.0221553
vn -0.363325 0.931662 0
vn -0.606181 0.795327 0
vn -0.912779 0.407855 -0.0221135
vn -0.999298 0.0365145 -0.00841632
vn -0.998864 -0.0469036 -0.00842835
vn -0.439983 -0.897783 0.0200037
vn -0.448097 -0.893596 0.0263691
vn -0.488709 -0.723884 -0.486985
vn -0.0170384 -0.99908 0.0393444
vn -0.0235007 -0.999111 0.0349978
vn -0.0125296 -0.999566 0.0266625
vn -0.018256 -0.99851 0.051429
vn -0.0282208 -0.998125 0.0543125
vn -0.720708 0.692931 0.0206536
vn -0.864842 0.501577 0.021668
vn -0.538442 0.842663 0
vn -0.99996 -0.00573293 0.00690064
vn -0.999029 -0.0434083 0.00749256
vn -0.419068 -0.907755 -0.0190381
vn -0.428505 -0.903232 -0.0235569
vn -0.0102062 -0.999643 -0.0247012
vn -0.017732 -0.999373 -0.0306467
vn -0.549474 -0.739442 0.388978
vn -0.0164042 -0.999114 -0.0387533
vn -0.676064 -0.732141 0.0831083
vn -0.021627 -0.998715 -0.0458303
vn -0.012874 -0.999047 -0.0417096
vn -0.0121269 -0.999374 -0.0332444
vn -0.0213225 -0.998738 -0.0454715
vn -0.0160659 -0.999028 0.0410563
vn -0.0196359 -0.999044 -0.0390665
vn -0.0260005 -0.998525 0.0476627
vn 0 0.98205 0.188623
vn 0 0.98205 0.188622
vn 0.00810013 0.797548 -0.603202
vn 0.00860481 0.703977 -0.71017
vn 0.00497596 0.386404 -0.922316
vn 0.484663 -0.724202 -0.490543
vn 0.713798 -0.687454 -0.133787
vn -0.0375387 -0.997716 0.0561621
vn -0.0305283 -0.998051 0.0544268
vn 0.116406 -0.715653 -0.688687
vn -0.0311767 -0.997757 0.0592382
vn -0.030394 -0.998055 0.0544246
vn -0.0326373 -0.997343 0.0651293
vn -0.0399881 -0.997553 0.0573444
vn 0.00563022 0.370752 -0.928715
vn -0.0445513 -0.996471 0.0711422
vn -1.62125e-08 0.729271 0.684225
vn -3.74371e-08 0.729273 0.684223
vn 0.642404 0.699079 0.314016
vn 0.43438 0.899155 0.053239
vn 0.0138268 0.759355 0.65053
vn -0.00448609 0.702734 0.711438
vn 0.117776 0.98555 -0.121735
vn 0.00343453 0.794502 0.607252
vn -0.00131684 0.743748 0.668458
vn -0.001873 0.702359 0.711821
vn -0.00260474 0.768712 0.63959
vn -5.8961e-06 0.710727 0.703468
vn 0.678102 0.334503 0.654435
vn -0.000756275 0.246026 0.969263
vn -0.000305995 0.246781 0.969071
vn -4.12235e-08 0.246863 0.96905
vn 0.686841 0.225025 0.691095
vn -0.000325629 0.0988831 0.995099
vn -0.000135388 0.0987597 0.995111
vn -2.70395e-07 0.0987987 0.995107
vn -0.00510276 -0.650817 -0.759218
vn 0.758711 -0.326941 -0.563442
vn -0.00557286 -0.649739 -0.760137
vn -0.00634625 -0.637825 -0.770155
vn -0.00994288 -0.987155 -0.159456
vn 0.714653 -0.678112 -0.171568
vn -0.0106321 -0.986944 -0.160714
vn -0.0121039 -0.983087 -0.182741
vn -3.88197e-06 0.990596 -0.136822
vn -7.78156e-06 0.794777 0.606902
vn -0.0336654 -0.997502 0.0620957
vn -0.0262274 -0.71322 -0.70045
vn 0 0.98205 0.188622
vn 0.00983416 0.691769 -0.722052
vn 0.00649172 0.368495 -0.929607
vn -0.0342582 -0.99706 0.0685469
vn -0.0506075 -0.995983 0.0738732
vn -3.97837e-08 0.729273 0.684223
vn -5.92637e-06 0.768721 0.639584
vn -5.91699e-06 0.710726 0.703469
vn -1.90773e-07 0.246863 0.96905
vn -2.38538e-08 0.0987987 0.995107
vn -0.00732004 -0.636094 -0.771577
vn -0.0139965 -0.982469 -0.185899
vn 0.0102628 0.640496 0.767893
vn 0.696173 0.570262 0.436056
vn 0.00460333 0.637817 0.770174
vn -5.33754e-06 0.637071 0.770805
vn -5.34077e-06 0.637071 0.770805
vn -0.626501 0.779421 0
vn -0.926581 0.375248 -0.0252388
vn -0.0320741 -0.997659 0.0603894
vn -0.680711 -0.731751 0.0342585
vn -0.998601 -0.0519566 -0.00981967
vn -0.453255 -0.890837 0.0311482
vn -0.0259591 -0.998807 0.0413589
vn -0.0311723 -0.997719 0.0598706
vn -0.028725 -0.998251 0.0516744
vn -0.684301 -0.728531 -0.0312203
vn -0.0249584 -0.998136 -0.0557003
vn -0.885761 0.463417 0.0259156
vn -0.56744 0.823415 0
vn -0.998834 -0.0473937 0.00919828
vn -0.433827 -0.900521 -0.029245
vn -0.0198449 -0.999076 -0.0381134
vn -0.0238532 -0.998189 -0.0552242
vn -0.0219706 -0.998623 -0.0476484
vn 0.735989 -0.676967 0.00604829
vn -0.0420181 -0.997769 0.0518886
vn -0.0440517 -0.997649 0.0524998
vn -0.0483373 -0.996222 0.0721413
vn -0.0549266 -0.99561 0.0757879
vn -0.953019 0.0439276 0.299707
vn -0.995276 0.0941032 0.023893
vn -0.840075 0.042669 0.54079
vn -0.997611 0.0683274 0.0101348
vn -0.99838 -0.039491 0.0409625
vn -0.998509 0.0405517 -0.0365381
vn -0.999934 -0.00796235 0.00822823
vn -0.960915 0.0421951 -0.273608
vn 0.887325 -0.0606745 -0.457136
vn 0.987574 -0.0949699 -0.125215
vn 0.887011 -0.0620279 -0.457564
vn 0.987321 -0.0966958 -0.125889
vn -0.024813 0.774559 0.632015
vn -0.0110444 0.380037 0.924905
vn 0.571911 -0.00722388 0.820284
vn 0.339467 0.00546058 0.940602
vn 0.411768 0.0030841 0.911283
vn 0.258505 0.00961149 0.965962
vn 0.411769 0.00314253 0.911283
vn 0.258577 0.00976559 0.965941
vn -0.0782422 0.9496 -0.303543
vn -0.0583818 0.72439 -0.686914
vn 0.830276 0.0240011 -0.556836
vn 0.689908 0.0248417 -0.72347
vn 0.596234 -0.00928554 -0.802757
vn 0.590903 -0.0092071 -0.80669
vn 0.67934 -0.026162 -0.733357
vn 0.679158 -0.0265664 -0.733511
vn 0.789946 -0.0322031 0.61233
vn 0.789709 -0.033287 0.612577
vn 0.982428 -0.0762852 0.170342
vn 0.982193 -0.0779452 0.170943
vn -0.965209 0.124019 -0.230198
vn -0.686677 0.0994138 -0.720133
vn -0.965095 0.12606 -0.229566
vn -0.686694 0.101244 -0.719861
vn -0.186704 0.060183 -0.980571
vn -0.186572 0.0613188 -0.980526
vn -0.617001 0.499823 -0.607854
vn -0.920444 0.280454 -0.272265
vn -0.615982 0.500576 -0.608267
vn -0.91998 0.281246 -0.273015
vn -0.164683 0.594936 -0.786722
vn -0.164187 0.595147 -0.786666
vn -0.972186 0.233724 -0.0150834
vn -0.978129 0.207567 -0.0133864
vn -0.975321 0.220397 -0.0131736
vn -0.975288 0.220543 -0.0131829
vn -0.989565 0.118443 -0.0820479
vn -0.995101 0.086256 -0.0483019
vn -0.996086 0.0436148 -0.0768766
vn -0.99707 0.0450322 -0.0618344
vn -8.19798e-08 0.603225 -0.797571
vn -1.17583e-06 0.603181 -0.797605
vn 0.00224343 0.0434707 -0.999052
vn 0.00241576 0.044178 -0.999021
vn -0.975174 0.165428 -0.147207
vn -0.975006 0.165983 -0.147691
vn 0.994246 -0.106703 -0.0094685
vn 0.994024 -0.108679 -0.0102073
vn 0.995861 -0.0903733 0.00965502
vn 0.995687 -0.0921837 0.0104324
vn -0.991092 0.125893 -0.0434528
vn -0.990874 0.127806 -0.0428194
vn 0.995279 0.0940824 0.0238313
vn 0.952863 0.0439696 0.300199
vn 0.997615 0.0682349 0.0104378
vn 0.840009 0.0427023 0.540889
vn 0.998496 0.0405985 -0.0368499
vn 0.998382 -0.0394633 0.0409419
vn 0.960861 0.042241 -0.27379
vn 0.999935 -0.00795004 0.00821494
vn -0.987557 -0.0951636 -0.125204
vn -0.887328 -0.0605296 -0.457148
vn -0.987303 -0.0968882 -0.125877
vn -0.887017 -0.0618299 -0.457579
vn 0.0257386 0.773836 0.632862
vn 0.0114859 0.379813 0.924992
vn -0.572913 -0.00730494 0.819583
vn -0.339688 0.00554299 0.940522
vn -0.2585 0.00961153 0.965963
vn -0.411768 0.00308404 0.911283
vn -0.258572 0.00999964 0.96594
vn -0.411769 0.00314249 0.911283
vn 0.0791693 0.948216 -0.307602
vn 0.059101 0.724124 -0.687133
vn -0.830207 0.0253261 -0.55688
vn -0.689779 0.0259394 -0.723556
vn -0.596427 -0.00911609 -0.802615
vn -0.590921 -0.00915657 -0.806677
vn -0.67934 -0.0261609 -0.733357
vn -0.679158 -0.0265656 -0.733512
vn -0.789944 -0.0324223 0.612321
vn -0.789709 -0.0332855 0.612578
vn -0.982425 -0.076332 0.170338
vn -0.982208 -0.0777266 0.170958
vn 0.686691 0.0992737 -0.720139
vn 0.965209 0.124019 -0.230198
vn 0.686692 0.101264 -0.719861
vn 0.965096 0.12606 -0.229564
vn 0.186704 0.0601883 -0.980571
vn 0.186572 0.0613241 -0.980525
vn 0.920443 0.280472 -0.272249
vn 0.617005 0.499972 -0.607728
vn 0.919979 0.281255 -0.273009
vn 0.615981 0.500394 -0.608419
vn 0.164683 0.595113 -0.786587
vn 0.164187 0.594914 -0.786842
vn 0.972185 0.233727 -0.0150753
vn 0.978129 0.20757 -0.0133804
vn 0.975321 0.220396 -0.0131743
vn 0.975288 0.220544 -0.0131819
vn 0.989571 0.118441 -0.0819833
vn 0.995105 0.0860753 -0.0485562
vn 0.996085 0.0436143 -0.0768951
vn 0.997061 0.0453468 -0.0617448
vn -8.99506e-07 0.603154 -0.797625
vn 2.52328e-07 0.603154 -0.797625
vn -0.00224342 0.0434708 -0.999052
vn -0.00241579 0.0441775 -0.999021
vn 0.975173 0.165437 -0.1472
vn 0.975006 0.165982 -0.147696
vn -0.994223 -0.106915 -0.00945488
vn -0.994025 -0.108674 -0.0102116
vn -0.995859 -0.0903988 0.00965431
vn -0.995685 -0.092211 0.0104313
vn 0.991115 0.125712 -0.0434446
vn 0.990871 0.127831 -0.0428173
vn 0.0472265 0.996306 0.0717285
vn 0.0888462 0.995136 0.0425524
vn 0.101951 0.993789 0.0446042
vn 0.0544135 0.995673 0.0753353
vn 0.0927412 0.995117 -0.0337839
vn 0.105936 0.993742 -0.0354109
vn 0.0409786 0.99801 0.0479221
vn 0.0776164 0.996582 0.028273
vn 0.0831347 0.996217 -0.0253119
vn 0.0376183 0.99816 0.0475615
vn 0.0715838 0.997037 0.0281609
vn 0.0785487 0.996596 -0.0250491
vn 0.678901 0.734177 -0.00876962
vn 0.673876 0.738634 -0.017661
vn 0.67416 0.737108 -0.0466977
vn -0.0544134 0.995673 0.0753352
vn -0.101951 0.993789 0.0446042
vn -0.0888462 0.995136 0.0425524
vn -0.0472263 0.996306 0.0717284
vn -0.105936 0.993742 -0.0354109
vn -0.0927415 0.995117 -0.0337838
vn -0.0776164 0.996582 0.028273
vn -0.0409779 0.99801 0.0479221
vn -0.0831347 0.996217 -0.0253119
vn -0.071585 0.997037 0.0281608
vn -0.0376182 0.99816 0.0475616
vn -0.07855 0.996595 -0.0250491
vn -0.673876 0.738633 -0.0176611
vn -0.678902 0.734177 -0.00876992
vn -0.674161 0.737107 -0.0466975
vn -0.731326 -0.67758 -0.0777609
vn -0.737608 -0.672184 -0.0640516
vn 0.0645277 -0.997593 -0.0253986
vn 0.03389 -0.998507 -0.0428453
vn -0.7386 -0.673805 -0.0213656
vn 0.0708182 -0.997233 0.022589
vn 0.0699721 -0.997223 -0.0255056
vn 0.0369191 -0.998385 -0.0431756
vn 0.0749569 -0.996925 0.0228331
vn 0.0801156 -0.996046 -0.0383956
vn 0.0425699 -0.997 -0.0646465
vn 0.0836286 -0.996031 0.0304883
vn 0.091936 -0.99495 -0.0402694
vn 0.0490498 -0.996485 -0.0679162
vn 0.0955303 -0.994913 0.0319748
vn -0.0338906 -0.998507 -0.0428452
vn -0.0645278 -0.997593 -0.0253986
vn 0.737609 -0.672183 -0.0640514
vn 0.731326 -0.677581 -0.0777606
vn -0.0708168 -0.997234 0.0225889
vn 0.7386 -0.673805 -0.0213659
vn -0.0369191 -0.998385 -0.0431756
vn -0.0699733 -0.997223 -0.0255055
vn -0.0749556 -0.996925 0.0228331
vn -0.0425699 -0.997 -0.0646465
vn -0.0801156 -0.996046 -0.0383956
vn -0.0836287 -0.99603 0.0304883
vn -0.0490498 -0.996485 -0.0679162
vn -0.091936 -0.99495 -0.0402694
vn -0.0955303 -0.994913 0.0319748
vn -0.991954 0.111679 -0.0596247
vn -0.98584 0.158376 -0.0550978
vn -0.98539 0.163134 -0.0489246
vn -0.991691 0.113682 -0.0602187
vn -0.985508 0.160342 -0.0553512
vn -0.985066 0.165135 -0.0487367
vn 0.98584 0.158376 -0.0550975
vn 0.991957 0.111651 -0.0596258
vn 0.98539 0.163134 -0.0489246
vn 0.985508 0.160342 -0.0553512
vn 0.991694 0.113654 -0.0602203
vn 0.985066 0.165135 -0.048737
vn 0.72944 -0.684045 0
vn 0.701355 -0.712812 0
vn 0.0795308 0.996831 0.00157975
vn 0.0592529 0.997163 0.0464145
vn 0.0535101 0.997877 0.0371273
vn 0.0717816 0.99742 0.00126313
vn 0.0864224 0.996257 0.00183127
vn 0.0643502 0.996477 0.0537915
vn 0.0887876 0.996049 0.00184731
vn 0.0652772 0.996391 0.0542569
vn 0.495098 0.86842 0.0269295
vn 0.519344 0.854565 0.000907406
vn 0.996259 0.0861458 -0.00681319
vn 0.994118 0.108303 -0.000207092
vn 0.976841 -0.2135 -0.0141078
vn 0.991138 -0.132835 -0.000409971
vn -0.73473 0.678357 0.00167339
vn -0.736229 0.674989 0.048545
vn -0.701355 -0.712812 0
vn -0.72944 -0.684045 0
vn -0.0717715 0.99742 0.00126289
vn -0.0534999 0.997878 0.0371211
vn -0.0592424 0.997164 0.0464065
vn -0.0795169 0.996832 0.00157943
vn -0.0643392 0.996478 0.0537823
vn -0.0864044 0.996258 0.00183101
vn -0.0652665 0.996392 0.0542476
vn -0.0887742 0.99605 0.00184706
vn -0.518897 0.854836 0.000907904
vn -0.494585 0.868711 0.0269413
vn -0.994034 0.109066 -0.000206585
vn -0.996186 0.0869865 -0.00678564
vn -0.991171 -0.132589 -0.000409348
vn -0.976897 -0.213246 -0.0141012
vn 0.736341 0.674868 0.0485311
vn 0.734647 0.678448 0.00167314
vn 0.676925 -0.736051 -0.000965533
vn 0.675581 -0.736748 -0.0281539
vn 0.058584 -0.997094 -0.0487045
vn 0.0796944 -0.996818 -0.00165979
vn 0.993488 0.113935 0.00044112
vn 0.981486 0.190928 0.0152
vn 0.713674 0.700478 0
vn 0.73821 0.674571 0
vn 0.992979 -0.118292 0.000197222
vn 0.995229 -0.0973544 0.00646367
vn 0.512937 -0.858426 -0.000820922
vn 0.487913 -0.872553 -0.0243277
vn 0.0644131 -0.997923 -0.00113433
vn 0.0480062 -0.998291 -0.0333153
vn 0.0577516 -0.997163 -0.0482847
vn 0.0775667 -0.996986 -0.00164525
vn 0.0531681 -0.997716 -0.0416559
vn 0.0713763 -0.997448 -0.00141886
vn -0.0797088 -0.996817 -0.00166013
vn -0.0585953 -0.997093 -0.0487132
vn -0.67559 -0.73674 -0.0281582
vn -0.677034 -0.735951 -0.00096539
vn -0.738213 0.674568 0
vn -0.713674 0.700478 0
vn -0.981448 0.191124 0.0152058
vn -0.993463 0.114155 0.000441697
vn -0.995442 -0.0951408 0.00653824
vn -0.99322 -0.116249 0.000199499
vn -0.489683 -0.871563 -0.0242813
vn -0.514515 -0.857481 -0.000814038
vn -0.0480137 -0.998291 -0.0333212
vn -0.0644255 -0.997922 -0.00113447
vn -0.0775791 -0.996985 -0.00164555
vn -0.0577627 -0.997162 -0.0482933
vn -0.0713893 -0.997447 -0.00141912
vn -0.0531778 -0.997716 -0.0416633
vn 0.986414 -0.16428 0.000160565
vn 0.98924 -0.146194 0.0056269
vn 0.986119 -0.166042 0.000172299
vn 0.988933 -0.14824 0.00603462
vn -0.989239 -0.146202 0.00562753
vn -0.986435 -0.164154 0.000160647
vn -0.988954 -0.148097 0.00604384
vn -0.986096 -0.166176 0.00017188
vn 0.708637 -0.705573 0
vn 0.0633306 0.996953 -0.0455487
vn 0.0572015 0.997697 -0.0364452
vn 0.0687701 0.996235 -0.0527794
vn 0.0703536 0.996101 -0.0532241
vn 0.50126 0.864898 -0.0262473
vn 0.995971 0.0894386 0.00658977
vn 0.980719 -0.194963 0.0133887
vn -0.735812 0.675499 -0.0477652
vn -0.708633 -0.705577 0
vn -0.0571883 0.997698 -0.0364391
vn -0.0633196 0.996954 -0.045541
vn -0.0687596 0.996237 -0.0527704
vn -0.0703408 0.996103 -0.053215
vn -0.500774 0.86518 -0.0262584
vn -0.995895 0.0902727 0.00656329
vn -0.980773 -0.19469 0.0133816
vn 0.735822 0.675489 -0.0477562
vn 0.984774 0.17324 -0.0144245
vn 0.720035 0.693937 0
vn 0.675836 -0.736532 0.0276727
vn 0.0631436 -0.99686 0.0477838
vn 0.995176 -0.0979045 -0.00633538
vn 0.496506 -0.867711 0.0236473
vn 0.0513202 -0.998147 0.0327067
vn 0.0617212 -0.996968 0.0473813
vn 0.0568318 -0.997546 0.0408833
vn -0.720039 0.693934 0
vn -0.984728 0.1735 -0.0144322
vn -0.0631566 -0.996859 0.0477923
vn -0.675957 -0.736422 0.0276704
vn -0.995263 -0.0970119 -0.00636522
vn -0.497053 -0.867398 0.0236415
vn -0.0513285 -0.998146 0.0327125
vn -0.0617349 -0.996967 0.0473898
vn -0.0568423 -0.997545 0.0408905
vn 0.9886 -0.150471 -0.00531233
vn 0.988313 -0.152332 -0.00570332
vn -0.988622 -0.150328 -0.00532036
vn -0.988312 -0.152339 -0.0057038
vn 0.0165937 0.998316 0.0555817
vn 0.0143428 0.998499 0.0528508
vn 0.0123818 0.999318 0.0347779
vn 0.0113773 0.999342 0.0344323
vn 0.693765 0.719974 -0.0181225
vn -0.0143428 0.998499 0.0528508
vn -0.0165937 0.998316 0.055582
vn -0.0123818 0.999318 0.0347777
vn -0.0113771 0.999342 0.0344321
vn -0.693988 0.719758 -0.0181442
vn 0.0102422 -0.999467 -0.0309956
vn -0.717159 -0.693819 -0.0655518
vn 0.0111471 -0.999448 -0.0313075
vn 0.0129181 -0.998783 -0.0475924
vn 0.014946 -0.998635 -0.0500569
vn 0.717158 -0.693819 -0.065565
vn -0.0102424 -0.999467 -0.0309956
vn -0.0111473 -0.999448 -0.0313077
vn -0.0129181 -0.998783 -0.0475922
vn -0.014946 -0.998635 -0.0500569
vn -0.997197 0.0451678 -0.059654
vn -0.997112 0.0461561 -0.0603169
vn 0.997197 0.0451283 -0.0596738
vn 0.9971 0.0464281 -0.0603068
vn 1.15919e-06 -0.527666 -0.849452
vn 2.79695e-06 -0.527666 -0.849452
vn 2.57271e-07 -0.380576 -0.92475
vn 1.06494e-06 -0.380576 -0.92475
vn -9.99263e-05 -0.527683 -0.849442
vn -5.05434e-05 -0.38059 -0.924744
vn -8.49069e-05 -0.529233 -0.848476
vn -4.52572e-05 -0.381735 -0.924272
vn 0.691953 -0.24645 -0.678574
vn 0.691879 -0.130366 -0.710146
vn 6.10808e-07 -0.527666 -0.849452
vn -9.56338e-07 -0.527667 -0.849451
vn 1.17775e-06 -0.380578 -0.924749
vn 3.35612e-07 -0.380578 -0.924749
vn 0.000103104 -0.52769 -0.849437
vn 4.93687e-05 -0.380588 -0.924745
vn 8.9786e-05 -0.529241 -0.848472
vn 4.64091e-05 -0.381733 -0.924272
vn -0.691961 -0.246449 -0.678567
vn -0.691885 -0.130362 -0.710141
vn -0.691834 0.503291 0.517749
vn -8.50307e-05 0.529242 0.848471
vn -0.691882 0.410291 0.594105
vn -4.67915e-05 0.381733 0.924273
vn -9.35836e-05 0.52769 0.849437
vn -5.12399e-05 0.380588 0.924745
vn -2.27249e-07 0.527668 0.849451
vn -2.30392e-07 0.380579 0.924748
vn -2.18713e-06 0.527667 0.849451
vn -1.32353e-06 0.380578 0.924749
vn 8.55778e-05 0.529232 0.848477
vn 0.691843 0.503281 0.517747
vn 3.6745e-05 0.381733 0.924273
vn 0.691891 0.410291 0.594094
vn 9.88254e-05 0.527681 0.849442
vn 4.41624e-05 0.380589 0.924744
vn 3.14137e-07 0.527665 0.849452
vn 5.37428e-08 0.380575 0.92475
vn -2.2439e-06 0.527665 0.849452
vn -1.09594e-06 0.380576 0.92475
vn -0.97693 0.180904 -0.113501
vn -0.97693 0.197249 -0.0818597
vn -0.976774 0.181512 -0.113872
vn -0.976774 0.197905 -0.0821385
vn 0.97693 0.180896 -0.11351
vn 0.97693 0.197244 -0.0818723
vn 0.976774 0.181507 -0.113878
vn 0.976774 0.197903 -0.0821456
vn 2.11297e-06 -0.223096 -0.974796
vn 1.52354e-06 -0.223096 -0.974796
vn -1.25099e-05 -0.223101 -0.974795
vn -1.70281e-05 -0.223735 -0.97465
vn 0.691853 -0.0106152 -0.72196
vn -2.76617e-08 -0.223097 -0.974796
vn -7.82607e-09 -0.223098 -0.974796
vn 2.20144e-05 -0.223102 -0.974795
vn 1.74007e-05 -0.223735 -0.97465
vn -0.691853 -0.0106149 -0.72196
vn -0.691949 0.305915 0.653929
vn -1.34959e-05 0.223734 0.97465
vn -1.45994e-05 0.2231 0.974795
vn -2.23986e-07 0.223098 0.974796
vn 2.76621e-08 0.223098 0.974796
vn 1.28918e-05 0.223735 0.97465
vn 0.691949 0.305915 0.653929
vn 1.34871e-05 0.223101 0.974795
vn -3.14524e-07 0.223096 0.974797
vn 1.31112e-07 0.223096 0.974796
vn -0.97693 0.208104 -0.0479717
vn -0.976774 0.208798 -0.0481318
vn 0.97693 0.208103 -0.0479723
vn 0.976774 0.2088 -0.048123
vn -0.0584899 0.977798 -0.201224
vn -0.0626838 0.988235 -0.139509
vn -0.0680991 0.98793 -0.139129
vn -0.0636437 0.977928 -0.199013
vn 7.34415e-07 -0.637064 -0.770811
vn 7.56228e-07 -0.637062 -0.770813
vn -3.36329e-08 -0.710722 -0.703473
vn 2.18909e-08 -0.710722 -0.703473
vn -0.0154942 0.943588 0.330759
vn -0.0168258 0.958696 0.283935
vn -0.00749125 0.568901 0.822372
vn -0.00658219 0.541041 0.84097
vn 0.00656587 -0.343171 0.93925
vn 0.00584572 -0.314688 0.949177
vn 1.50296e-07 -0.246803 -0.969066
vn 1.22661e-07 -0.246801 -0.969066
vn 1.42962e-07 -0.0988209 -0.995105
vn -1.15683e-08 -0.0988199 -0.995105
vn 5.18944e-08 -0.728277 -0.685283
vn 5.18944e-08 -0.728277 -0.685283
vn 4.79831e-07 -0.768725 -0.639579
vn 2.50433e-07 -0.76872 -0.639585
vn 3.57779e-07 -0.79478 -0.606898
vn 4.87241e-07 -0.794779 -0.606898
vn 0 -0.981791 -0.189967
vn 0 -0.981791 -0.189965
vn -0.0414832 0.981642 -0.186166
vn -0.0435034 0.990646 -0.129337
vn -0.040901 0.983686 -0.175181
vn -0.0428259 0.991865 -0.11987
vn 0.00875839 -0.590409 0.807057
vn 0.00728856 -0.498182 0.867042
vn 0 -0.792151 0.610325
vn 0 -0.838317 0.545183
vn -0.0243293 0.668477 -0.743335
vn -0.0258573 0.685017 -0.728068
vn 2.16878e-07 -0.136763 -0.990604
vn 6.67817e-08 -0.136769 -0.990603
vn -5.42042e-07 0.990603 -0.13677
vn -4.39146e-07 0.990595 -0.136823
vn -5.86097e-07 0.794775 0.606905
vn -4.56637e-07 0.794779 0.606899
vn 0.0369637 -0.986698 0.158307
vn 0.0386393 -0.993383 0.108154
vn 0.0307856 -0.723943 -0.689172
vn 0.0302983 -0.737514 -0.674652
vn 0 0.982052 0.188611
vn 0 0.982052 0.188609
vn 0 0.778835 -0.627229
vn 0 0.822738 -0.568421
vn -0.00952218 0.564327 -0.825496
vn -0.00791427 0.47477 -0.880074
vn -0.00691734 0.339472 -0.940591
vn -0.00613961 0.309743 -0.9508
vn 0.0375082 -0.985025 0.168283
vn 0.0392635 -0.992389 0.116718
vn 0.0528998 -0.981873 0.182007
vn 0.0565912 -0.990418 0.125974
vn -3.52633e-08 0.729296 0.684199
vn -3.52633e-08 0.729295 0.684199
vn -5.84011e-07 0.768716 0.63959
vn -5.21405e-07 0.768719 0.639586
vn -8.09557e-08 0.710722 0.703473
vn -1.66617e-07 0.710721 0.703474
vn -1.49035e-07 0.246875 0.969047
vn 2.89e-08 0.246873 0.969048
vn 1.13132e-08 0.0987886 0.995108
vn -1.42717e-07 0.098789 0.995108
vn 0.00784575 -0.613504 -0.789653
vn 0.00700659 -0.589729 -0.807571
vn 0.0155242 -0.973777 -0.226974
vn 0.0143768 -0.962879 -0.269549
vn -8.29922e-07 0.637061 0.770814
vn -7.82159e-07 0.637063 0.770812
vn 0.0575517 -0.982007 0.179862
vn 0.0614807 -0.990178 0.125573
vn -3.43613e-07 0.603195 -0.797593
vn 1.42182e-08 0.603156 -0.797623
vn -1.6471e-07 0.603195 -0.797593
vn -1.15625e-07 0.603201 -0.79759
vn 0.00201894 0.0583581 -0.998294
vn 0.00155692 0.068915 -0.997621
vn 0.00216454 0.059173 -0.998245
vn 0.00166478 0.0696925 -0.997567
vn -0.10953 0.988212 0.10696
vn -0.115182 0.990574 0.0741403
vn -0.0608879 0.990323 0.124708
vn -0.0569803 0.9823 0.178437
vn -0.114191 0.98982 -0.0849554
vn -0.119832 0.991047 -0.0588659
vn 0.0514841 -0.98558 -0.161185
vn 0.0549424 -0.992129 -0.112521
vn 0.103855 -0.992336 -0.0669652
vn 0.09868 -0.990417 -0.096627
vn 0.10803 -0.992724 0.0531781
vn 0.102831 -0.991733 0.0767598
vn -0.0173181 0.991218 0.131096
vn -0.0185449 0.9956 0.0918498
vn 0.0167189 -0.996427 -0.0827868
vn 0.0156317 -0.992856 -0.118289
vn 2.73825e-07 -0.527659 -0.849457
vn 3.04757e-07 -0.527658 -0.849457
vn 1.40622e-07 -0.380572 -0.924751
vn 2.29244e-07 -0.380575 -0.92475
vn -3.26261e-07 0.527657 0.849458
vn -2.3085e-07 0.527659 0.849456
vn -2.13746e-07 0.380575 0.92475
vn -3.06745e-07 0.380572 0.924751
vn 2.64445e-08 -0.223094 -0.974797
vn 1.48874e-07 -0.223096 -0.974797
vn 1.89824e-08 0.223096 0.974796
vn -1.85215e-07 0.223095 0.974797
vn 0 0.96329 -0.268462
vn -0.0356784 0.967609 -0.249919
vn -0.0388819 0.968366 -0.246485
vn 0 0.964346 -0.264643
vn -3.02899e-06 -0.637054 -0.770819
vn 6.82682e-07 -0.637054 -0.770819
vn 1.38944e-07 -0.710716 -0.703479
vn -3.39748e-06 -0.710714 -0.703481
vn 2.23861e-19 0.925834 0.377931
vn -0.00935811 0.930847 0.36529
vn -0.00383572 0.520394 0.853918
vn 4.21915e-20 0.512828 0.858491
vn 0.00344017 -0.293345 0.956
vn 0 -0.285468 0.958388
vn 1.88421e-08 -0.246799 -0.969067
vn 1.50296e-07 -0.246806 -0.969065
vn 1.43211e-07 -0.0988299 -0.995104
vn 1.66853e-07 -0.0988201 -0.995105
vn 5.00407e-08 -0.728272 -0.685288
vn 5.1894e-08 -0.728272 -0.685289
vn 3.54614e-07 -0.768712 -0.639595
vn -3.96287e-06 -0.768712 -0.639595
vn 4.8724e-07 -0.794773 -0.606906
vn -4.07209e-06 -0.794773 -0.606906
vn 0 -0.98179 -0.189969
vn 0 -0.98179 -0.189968
vn 0 0.968762 -0.247992
vn -0.0256276 0.972626 -0.230957
vn 0 0.971729 -0.2361
vn -0.0252952 0.975341 -0.219248
vn 0.0041354 -0.444608 0.895716
vn -5.64482e-20 -0.427061 0.904223
vn 0 -0.760936 0.648827
vn 0 -0.768188 0.640224
vn -1.67474e-19 0.648608 -0.761123
vn -0.0148563 0.654236 -0.756145
vn 2.27942e-07 -0.136622 -0.990623
vn -2.71321e-06 -0.136658 -0.990618
vn 4.02535e-06 0.990625 -0.136612
vn -5.19821e-07 0.990617 -0.13667
vn -4.8724e-07 0.794774 0.606906
vn 5.67032e-06 0.794772 0.606908
vn 4.33717e-19 -0.976878 0.213796
vn 0.0228963 -0.97985 0.198419
vn 0.0192437 -0.749364 -0.661878
vn -2.04255e-19 -0.754091 -0.65677
vn 0 0.982051 0.188613
vn 0 0.982052 0.188612
vn 0 0.749992 -0.661447
vn 0 0.756645 -0.653826
vn -0.00448904 0.423004 -0.906117
vn 1.1324e-19 0.406027 -0.913861
vn -0.00360471 0.287566 -0.957754
vn 2.09454e-20 0.27939 -0.960178
vn 0 -0.974437 0.224663
vn 0.0232115 -0.97762 0.209092
vn 8.67538e-19 -0.969938 0.243354
vn 0.0323232 -0.973498 0.2264
vn -1.46701e-07 0.729289 0.684205
vn -3.3407e-08 0.729289 0.684206
vn -4.79831e-07 0.768717 0.639589
vn 5.67284e-06 0.768717 0.639589
vn -5.21372e-08 0.710715 0.70348
vn 4.77845e-06 0.710715 0.70348
vn -1.69767e-07 0.246869 0.969049
vn -1.49663e-07 0.246876 0.969047
vn -1.666e-07 0.0987884 0.995108
vn -1.42966e-07 0.0987976 0.995108
vn 0.00413232 -0.571578 -0.820537
vn 0 -0.564814 -0.825218
vn 0.00872118 -0.953361 -0.301708
vn 2.21072e-19 -0.949539 -0.31365
vn -8.60163e-07 0.637051 0.770822
vn 4.32713e-06 0.637056 0.770818
vn -8.67602e-19 -0.970876 0.239582
vn 0.035214 -0.974175 0.223033
vn 5.51243e-08 0.603297 -0.797517
vn -2.13838e-07 0.603254 -0.797549
vn -1.49709e-08 0.603268 -0.797538
vn -6.65815e-08 0.603299 -0.797515
vn 0.000834385 0.0748738 -0.997193
vn 1.35525e-20 0.0767722 -0.997049
vn 0.000891294 0.075594 -0.997138
vn -1.35525e-20 0.0774762 -0.996994
vn 1.7489e-18 0.989499 0.144539
vn -0.0681558 0.988645 0.133926
vn -0.0348581 0.974633 0.221076
vn -8.6784e-19 0.971412 0.2374
vn 1.75289e-18 0.993376 -0.114905
vn -0.0712207 0.991766 -0.106436
vn 0 -0.976668 -0.214756
vn 0.0315342 -0.979308 -0.199905
vn 0.0613325 -0.990763 -0.120943
vn 1.74627e-18 -0.991449 -0.130492
vn 0.0640369 -0.993307 0.0961279
vn 0 -0.994604 0.103746
vn 0 0.984797 0.173711
vn -0.0105742 0.98674 0.161964
vn 0.00955513 -0.989195 -0.146292
vn 0 -0.987603 -0.156971
vn 2.24311e-07 -0.527651 -0.849461
vn 3.04838e-07 -0.52765 -0.849462
vn 3.32242e-07 -0.380566 -0.924754
vn 2.44778e-07 -0.380569 -0.924753
vn -4.64704e-07 0.527649 0.849463
vn -4.48622e-07 0.527651 0.849461
vn -3.79901e-07 0.380569 0.924752
vn -1.97115e-07 0.380566 0.924754
vn 3.26627e-07 -0.223091 -0.974798
vn -1.89714e-08 -0.223093 -0.974797
vn -1.57969e-07 0.223092 0.974797
vn -1.76939e-07 0.223091 0.974798
vn 0.0584899 0.977798 -0.201224
vn 0.0356784 0.967609 -0.249919
vn 0.0388819 0.968366 -0.246485
vn 0.0636438 0.977928 -0.199013
vn -1.20113e-07 -0.637063 -0.770812
vn -1.41879e-07 -0.637065 -0.77081
vn 5.53384e-07 -0.71072 -0.703475
vn 6.99284e-07 -0.71072 -0.703475
vn 0.0154942 0.943588 0.330759
vn 0.00935811 0.930847 0.36529
vn 0.00383572 0.520394 0.853918
vn 0.00658219 0.541041 0.84097
vn -0.00344017 -0.293345 0.956
vn -0.00584573 -0.314688 0.949177
vn 2.05567e-07 -0.246796 -0.969067
vn 2.0431e-07 -0.246797 -0.969067
vn 1.90241e-07 -0.0988199 -0.995105
vn 1.82948e-07 -0.0988206 -0.995105
vn 1.63509e-07 -0.728267 -0.685294
vn 1.61655e-07 -0.72827 -0.685291
vn 4.17222e-07 -0.768718 -0.639588
vn 3.13042e-07 -0.768722 -0.639584
vn 2.58921e-07 -0.794777 -0.606902
vn 3.23652e-07 -0.794777 -0.606902
vn -3.09415e-08 -0.981789 -0.189975
vn 0 -0.98179 -0.189971
vn 0.0414832 0.981642 -0.186166
vn 0.0256276 0.972626 -0.230957
vn 0.040901 0.983686 -0.175181
vn 0.0252952 0.975341 -0.219248
vn -0.0041354 -0.444608 0.895716
vn -0.00728857 -0.498182 0.867042
vn 0.0243293 0.668477 -0.743335
vn 0.0148563 0.654236 -0.756145
vn 2.05776e-07 -0.136859 -0.990591
vn 5.56479e-08 -0.136763 -0.990604
vn -3.58531e-07 0.990595 -0.136823
vn -4.61405e-07 0.99059 -0.136862
vn -6.16702e-07 0.794779 0.606899
vn -5.86098e-07 0.794772 0.606908
vn -0.0369637 -0.986698 0.158307
vn -0.0228963 -0.97985 0.198419
vn -0.0192437 -0.749364 -0.661878
vn -0.0302983 -0.737514 -0.674652
vn 0 0.98205 0.188619
vn 0 0.982051 0.188618
vn 0.00448904 0.423004 -0.906117
vn 0.00791426 0.47477 -0.880074
vn 0.00360471 0.287566 -0.957754
vn 0.00613961 0.309743 -0.9508
vn -0.0375082 -0.985025 0.168283
vn -0.0232115 -0.97762 0.209092
vn -0.0528998 -0.981873 0.182007
vn -0.0323232 -0.973498 0.2264
vn -3.34068e-08 0.729284 0.684211
vn -1.46701e-07 0.729285 0.68421
vn -4.7983e-07 0.768719 0.639586
vn -5.84012e-07 0.768713 0.639594
vn -8.12692e-07 0.71072 0.703475
vn -8.41637e-07 0.710721 0.703474
vn -3.14122e-08 0.246866 0.96905
vn -1.89244e-07 0.246876 0.969047
vn -1.8269e-07 0.0987886 0.995108
vn -1.90738e-07 0.0987976 0.995108
vn -0.00413232 -0.571578 -0.820537
vn -0.00700659 -0.589729 -0.807571
vn -0.00872118 -0.953361 -0.301708
vn -0.0143768 -0.962879 -0.269549
vn 1.62952e-08 0.637066 0.770809
vn -8.3267e-08 0.637063 0.770812
vn -0.0575517 -0.982007 0.179862
vn -0.035214 -0.974175 0.223033
vn -3.4865e-08 0.603154 -0.797625
vn 1.42452e-08 0.603114 -0.797655
vn -1.64712e-07 0.603199 -0.797591
vn -1.64661e-07 0.603114 -0.797655
vn -0.000834385 0.0748738 -0.997193
vn -0.00155692 0.068915 -0.997621
vn -0.000891294 0.075594 -0.997138
vn -0.00166478 0.0696925 -0.997567
vn 0.10953 0.988212 0.10696
vn 0.0681558 0.988645 0.133926
vn 0.0348581 0.974633 0.221076
vn 0.0569803 0.9823 0.178437
vn 0.114191 0.98982 -0.0849554
vn 0.0712207 0.991766 -0.106436
vn -0.0514841 -0.98558 -0.161185
vn -0.0315342 -0.979308 -0.199905
vn -0.0613325 -0.990763 -0.120943
vn -0.09868 -0.990417 -0.096627
vn -0.0640369 -0.993307 0.0961279
vn -0.102831 -0.991733 0.0767598
vn 0.0173181 0.991218 0.131096
vn 0.0105742 0.98674 0.161964
vn -0.00955513 -0.989195 -0.146292
vn -0.0156317 -0.992856 -0.118289
vn 2.60747e-07 -0.527659 -0.849456
vn 3.46699e-07 -0.527659 -0.849456
vn 1.49467e-07 -0.380571 -0.924752
vn 3.15574e-07 -0.380569 -0.924753
vn -3.25228e-07 0.527661 0.849455
vn -2.6074e-07 0.527658 0.849457
vn -1.80445e-07 0.380569 0.924753
vn -2.84593e-07 0.380571 0.924752
vn 1.8683e-07 -0.223094 -0.974797
vn 2.14078e-07 -0.223092 -0.974797
vn -1.9591e-07 0.223092 0.974797
vn -1.77747e-07 0.223094 0.974797
vn 0.0626838 0.988235 -0.139509
vn 0.0680991 0.98793 -0.139129
vn 8.34073e-08 -0.637072 -0.770804
vn 8.11604e-07 -0.710726 -0.703469
vn 0.0168258 0.958696 0.283935
vn 0.00749125 0.568901 0.822372
vn -0.00656587 -0.343171 0.93925
vn 7.4111e-08 -0.246794 -0.969068
vn 2.81664e-08 -0.0988206 -0.995105
vn 5.004e-08 -0.728263 -0.685298
vn 4.17224e-07 -0.76872 -0.639585
vn 5.21369e-07 -0.794777 -0.606902
vn -3.09421e-08 -0.981788 -0.189979
vn 0.0435034 0.990646 -0.129337
vn 0.0428259 0.991866 -0.119869
vn -0.00875839 -0.590409 0.807057
vn 0.0258573 0.685018 -0.728068
vn 2.16879e-07 -0.136767 -0.990603
vn -4.61417e-07 0.990597 -0.13681
vn -4.56639e-07 0.794782 0.606895
vn -0.0386393 -0.993383 0.108155
vn -0.0307856 -0.723944 -0.689172
vn 0 0.98205 0.188621
vn 0.00952218 0.564328 -0.825496
vn 0.00691734 0.339473 -0.94059
vn -0.0392635 -0.992389 0.116718
vn -0.0565912 -0.990418 0.125974
vn -3.52626e-08 0.729281 0.684214
vn -5.84015e-07 0.768721 0.639584
vn -7.83852e-07 0.710726 0.703469
vn -2.09346e-07 0.246864 0.96905
vn -2.81572e-08 0.0987885 0.995108
vn -0.00784575 -0.613504 -0.789653
vn -0.0155242 -0.973777 -0.226974
vn -6.16492e-08 0.637074 0.770803
vn -0.0614807 -0.990178 0.125573
vn -1.64697e-07 0.603174 -0.79761
vn -1.64715e-07 0.603203 -0.797588
vn -0.00201894 0.0583581 -0.998294
vn -0.00216452 0.0591734 -0.998245
vn 0.115182 0.990574 0.0741403
vn 0.0608879 0.990323 0.124708
vn 0.119832 0.991047 -0.0588659
vn -0.0549424 -0.992129 -0.112521
vn -0.103855 -0.992336 -0.0669652
vn -0.10803 -0.992724 0.0531781
vn 0.0185449 0.9956 0.0918498
vn -0.0167189 -0.996427 -0.0827868
vn 1.65437e-07 -0.527666 -0.849452
vn 1.80481e-07 -0.380574 -0.92475
vn -3.68275e-07 0.527668 0.849451
vn -3.62097e-07 0.380574 0.924751
vn -1.21624e-07 -0.223095 -0.974797
vn -4.62314e-08 0.223095 0.974797
vt 0.859002 0.0649279
vt 0.859002 0.057248
vt 0.851322 0.057248
vt 0.851322 0.0649279
vt 0.902066 0.0649279
vt 0.901664 0.057248
vt 0.903532 0.0645559
vt 0.903128 0.0568671
vt 0.905199 0.0641369
vt 0.904798 0.0564384
vt 0.859002 0.442388
vt 0.859002 0.434708
vt 0.851322 0.434708
vt 0.851322 0.442388
vt 0.920864 0.442388
vt 0.920864 0.434708
vt 0.919328 0.434708
vt 0.919328 0.442388
vt 0.956416 0.442388
vt 0.956421 0.434708
vt 0.927022 0.434708
vt 0.927021 0.442388
vt 0.977129 0.442388
vt 0.977133 0.434708
vt 0.978414 0.442388
vt 0.978418 0.434708
vt 0.925481 0.434708
vt 0.925481 0.442388
vt 0.923941 0.434708
vt 0.923941 0.442388
vt 0.9224 0.434708
vt 0.9224 0.442388
vt 0.98 0.442033
vt 0.98 0.434336
vt 0.851322 0.748972
vt 0.851322 0.756652
vt 0.859002 0.756652
vt 0.859002 0.748972
vt 0.919328 0.748972
vt 0.919328 0.756652
vt 0.920864 0.756652
vt 0.920864 0.748972
vt 0.927008 0.748977
vt 0.927008 0.756657
vt 0.956315 0.7567
vt 0.956315 0.749017
vt 0.976971 0.756714
vt 0.976975 0.749031
vt 0.978252 0.756715
vt 0.978256 0.749032
vt 0.925472 0.748976
vt 0.925472 0.756656
vt 0.923936 0.748974
vt 0.923936 0.756654
vt 0.9224 0.748972
vt 0.9224 0.756652
vt 0.98 0.756896
vt 0.98 0.749204
vt 0.851284 0.93776
vt 0.851284 0.94544
vt 0.859002 0.94544
vt 0.859002 0.93776
vt 0.8914 0.94544
vt 0.893193 0.93776
vt 0.892771 0.945899
vt 0.894574 0.938191
vt 0.894296 0.946557
vt 0.8961 0.938811
vt 0.851322 0.392866
vt 0.859002 0.392866
vt 0.859002 0.391332
vt 0.851322 0.391332
vt 0.851322 0.3944
vt 0.859002 0.3944
vt 0.851322 0.819792
vt 0.859002 0.819792
vt 0.859002 0.818296
vt 0.851322 0.818296
vt 0.859002 0.8168
vt 0.851322 0.8168
vt 0.851284 0.971782
vt 0.859002 0.971782
vt 0.851284 0.97296
vt 0.859002 0.97296
vt 0.859002 0.815264
vt 0.851322 0.815264
vt 0.87152 0.0286399
vt 0.863533 0.0286399
vt 0.871865 0.02736
vt 0.86387 0.02736
vt 0.851322 0.395936
vt 0.859002 0.395936
vt 0.859002 0.399008
vt 0.851322 0.399008
vt 0.859002 0.397472
vt 0.851322 0.397472
vt 0.851322 0.813728
vt 0.859002 0.813728
vt 0.859002 0.812192
vt 0.851322 0.812192
vt 0.87248 0.02576
vt 0.864472 0.02576
vt 0.851567 0.97424
vt 0.859292 0.97424
vt 0.919248 0.392866
vt 0.919167 0.391332
vt 0.920783 0.392864
vt 0.920703 0.391329
vt 0.92232 0.392862
vt 0.92224 0.391325
vt 0.919328 0.3944
vt 0.920864 0.3944
vt 0.9224 0.3944
vt 0.918633 0.819792
vt 0.918981 0.818296
vt 0.920165 0.819803
vt 0.920515 0.818302
vt 0.921701 0.819818
vt 0.92205 0.818309
vt 0.919328 0.8168
vt 0.920864 0.8168
vt 0.9224 0.8168
vt 0.879745 0.96464
vt 0.880655 0.965454
vt 0.881648 0.966476
vt 0.919328 0.815264
vt 0.920864 0.815264
vt 0.892064 0.0367039
vt 0.919328 0.395936
vt 0.893346 0.0359291
vt 0.89476 0.0346509
vt 0.920864 0.395936
vt 0.920864 0.399008
vt 0.919328 0.399008
vt 0.920864 0.397472
vt 0.919328 0.397472
vt 0.919328 0.813728
vt 0.920864 0.813728
vt 0.920864 0.812192
vt 0.919328 0.812192
vt 0.964947 0.780781
vt 0.973779 0.770336
vt 0.926975 0.808903
vt 0.956384 0.408032
vt 0.927028 0.400209
vt 0.970976 0.417632
vt 0.927028 0.398725
vt 0.956833 0.406793
vt 0.965793 0.781662
vt 0.97489 0.770821
vt 0.926974 0.810348
vt 0.972151 0.416979
vt 0.973792 0.416066
vt 0.957738 0.405359
vt 0.925468 0.399804
vt 0.925468 0.398302
vt 0.923915 0.399401
vt 0.923914 0.397882
vt 0.9224 0.399008
vt 0.9224 0.397472
vt 0.976563 0.771282
vt 0.966994 0.782561
vt 0.925408 0.811505
vt 0.92541 0.810029
vt 0.926965 0.811917
vt 0.923866 0.811139
vt 0.923864 0.812646
vt 0.9224 0.812192
vt 0.9224 0.813728
vt 0.925407 0.813059
vt 0.923874 0.814183
vt 0.9224 0.815264
vt 0.927044 0.397174
vt 0.925479 0.396757
vt 0.923916 0.39634
vt 0.9224 0.395936
vt 0.140998 0.0649279
vt 0.148678 0.0649279
vt 0.148678 0.057248
vt 0.140998 0.057248
vt 0.0979336 0.0649279
vt 0.098336 0.057248
vt 0.0964684 0.0645559
vt 0.0968724 0.0568671
vt 0.0948012 0.0641369
vt 0.0952022 0.0564384
vt 0.140998 0.442388
vt 0.148678 0.442388
vt 0.148678 0.434708
vt 0.140998 0.434708
vt 0.079136 0.442388
vt 0.080672 0.442388
vt 0.080672 0.434708
vt 0.079136 0.434708
vt 0.043584 0.442388
vt 0.0729786 0.442388
vt 0.0729783 0.434708
vt 0.0435792 0.434708
vt 0.0228708 0.442388
vt 0.0228669 0.434708
vt 0.021586 0.442388
vt 0.0215819 0.434708
vt 0.0745191 0.442388
vt 0.0745189 0.434708
vt 0.0760596 0.442388
vt 0.0760594 0.434708
vt 0.0776 0.442388
vt 0.0776 0.434708
vt 0.02 0.442033
vt 0.02 0.434336
vt 0.148678 0.748972
vt 0.140998 0.748972
vt 0.140998 0.756652
vt 0.148678 0.756652
vt 0.080672 0.748972
vt 0.079136 0.748972
vt 0.079136 0.756652
vt 0.080672 0.756652
vt 0.0729917 0.748977
vt 0.0436853 0.749017
vt 0.0436853 0.7567
vt 0.072992 0.756657
vt 0.0230256 0.749031
vt 0.0230295 0.756714
vt 0.0217445 0.749032
vt 0.0217484 0.756715
vt 0.0745278 0.748976
vt 0.074528 0.756656
vt 0.0760639 0.748974
vt 0.076064 0.756654
vt 0.0776 0.748972
vt 0.0776 0.756652
vt 0.02 0.749204
vt 0.02 0.756896
vt 0.148716 0.93776
vt 0.140998 0.93776
vt 0.140998 0.94544
vt 0.148716 0.94544
vt 0.106807 0.93776
vt 0.1086 0.94544
vt 0.105426 0.938191
vt 0.107229 0.945899
vt 0.1039 0.938811
vt 0.105704 0.946557
vt 0.148678 0.392866
vt 0.148678 0.391332
vt 0.140998 0.391332
vt 0.140998 0.392866
vt 0.148678 0.3944
vt 0.140998 0.3944
vt 0.148678 0.819792
vt 0.148678 0.818296
vt 0.140998 0.818296
vt 0.140998 0.819792
vt 0.148678 0.8168
vt 0.140998 0.8168
vt 0.148716 0.971782
vt 0.140998 0.971782
vt 0.148716 0.97296
vt 0.140998 0.97296
vt 0.148678 0.815264
vt 0.140998 0.815264
vt 0.136468 0.0286399
vt 0.12848 0.0286399
vt 0.13613 0.02736
vt 0.128135 0.02736
vt 0.148678 0.395936
vt 0.140998 0.395936
vt 0.148678 0.399008
vt 0.140998 0.399008
vt 0.148678 0.397472
vt 0.140998 0.397472
vt 0.148678 0.813728
vt 0.148678 0.812192
vt 0.140998 0.812192
vt 0.140998 0.813728
vt 0.135528 0.02576
vt 0.12752 0.02576
vt 0.148433 0.97424
vt 0.140709 0.97424
vt 0.0808327 0.391332
vt 0.0807524 0.392866
vt 0.0792974 0.391329
vt 0.0792167 0.392864
vt 0.0777602 0.391325
vt 0.0776801 0.392862
vt 0.080672 0.3944
vt 0.079136 0.3944
vt 0.0776 0.3944
vt 0.0813669 0.819792
vt 0.0810195 0.818296
vt 0.079835 0.819803
vt 0.0794855 0.818302
vt 0.0782994 0.819818
vt 0.0779497 0.818309
vt 0.080672 0.8168
vt 0.079136 0.8168
vt 0.0776 0.8168
vt 0.120255 0.96464
vt 0.119345 0.965454
vt 0.118352 0.966476
vt 0.080672 0.815264
vt 0.079136 0.815264
vt 0.107936 0.0367039
vt 0.080672 0.395936
vt 0.106654 0.0359291
vt 0.10524 0.0346509
vt 0.079136 0.395936
vt 0.080672 0.399008
vt 0.079136 0.399008
vt 0.080672 0.397472
vt 0.079136 0.397472
vt 0.080672 0.813728
vt 0.080672 0.812192
vt 0.079136 0.812192
vt 0.079136 0.813728
vt 0.0262208 0.770336
vt 0.0350528 0.780781
vt 0.0730254 0.808903
vt 0.0729724 0.400209
vt 0.043616 0.408032
vt 0.029024 0.417632
vt 0.0729721 0.398725
vt 0.0431669 0.406793
vt 0.0342067 0.781662
vt 0.0251097 0.770821
vt 0.0730263 0.810348
vt 0.0278495 0.416979
vt 0.0262081 0.416066
vt 0.0422621 0.405359
vt 0.0745318 0.399804
vt 0.0745324 0.398302
vt 0.0760849 0.399401
vt 0.0760859 0.397882
vt 0.0776 0.399008
vt 0.0776 0.397472
vt 0.023437 0.771282
vt 0.0330057 0.782561
vt 0.0745918 0.811505
vt 0.0745901 0.810029
vt 0.0730355 0.811917
vt 0.0761338 0.811139
vt 0.0761358 0.812646
vt 0.0776 0.812192
vt 0.0776 0.813728
vt 0.0745928 0.813059
vt 0.076126 0.814183
vt 0.0776 0.815264
vt 0.0729562 0.397174
vt 0.0745206 0.396757
vt 0.076084 0.39634
vt 0.0776 0.395936
vt 0.859002 0.309731
vt 0.859002 0.22813
vt 0.851322 0.22813
vt 0.851322 0.309731
vt 0.859002 0.146529
vt 0.851322 0.146529
vt 0.914892 0.309731
vt 0.910617 0.22813
vt 0.906342 0.146529
vt 0.91641 0.309636
vt 0.912117 0.227942
vt 0.907825 0.146249
vt 0.91798 0.309528
vt 0.913719 0.227731
vt 0.909459 0.145934
vt 0.148678 0.309731
vt 0.148678 0.22813
vt 0.140998 0.22813
vt 0.140998 0.309731
vt 0.148678 0.146529
vt 0.140998 0.146529
vt 0.0893832 0.22813
vt 0.085108 0.309731
vt 0.0936584 0.146529
vt 0.0878829 0.227942
vt 0.0835901 0.309636
vt 0.0921756 0.146249
vt 0.0862807 0.227731
vt 0.0820205 0.309528
vt 0.090541 0.145934
vt 0.859002 0.6056
vt 0.859002 0.523994
vt 0.851322 0.523994
vt 0.851322 0.6056
vt 0.920864 0.6056
vt 0.920864 0.523994
vt 0.919328 0.523994
vt 0.919328 0.6056
vt 0.956315 0.6056
vt 0.956365 0.523994
vt 0.927018 0.523994
vt 0.927014 0.6056
vt 0.977047 0.6056
vt 0.977088 0.523994
vt 0.978329 0.6056
vt 0.978372 0.523994
vt 0.925479 0.523994
vt 0.925476 0.6056
vt 0.923939 0.523994
vt 0.923938 0.6056
vt 0.9224 0.523994
vt 0.9224 0.6056
vt 0.98 0.6056
vt 0.98 0.523816
vt 0.148678 0.6056
vt 0.148678 0.523994
vt 0.140998 0.523994
vt 0.140998 0.6056
vt 0.080672 0.6056
vt 0.080672 0.523994
vt 0.079136 0.523994
vt 0.079136 0.6056
vt 0.0729856 0.6056
vt 0.0729821 0.523994
vt 0.0436346 0.523994
vt 0.0436853 0.6056
vt 0.0229119 0.523994
vt 0.0229532 0.6056
vt 0.0216284 0.523994
vt 0.021671 0.6056
vt 0.0745238 0.6056
vt 0.0745215 0.523994
vt 0.0760619 0.6056
vt 0.0760607 0.523994
vt 0.0776 0.6056
vt 0.0776 0.523994
vt 0.02 0.523816
vt 0.02 0.6056
vt 0.859002 0.677286
vt 0.851322 0.677286
vt 0.920864 0.677286
vt 0.919328 0.677286
vt 0.956315 0.677309
vt 0.927011 0.677289
vt 0.977011 0.677315
vt 0.978292 0.677316
vt 0.925474 0.677288
vt 0.923937 0.677287
vt 0.9224 0.677286
vt 0.98 0.677402
vt 0.148678 0.677286
vt 0.140998 0.677286
vt 0.080672 0.677286
vt 0.079136 0.677286
vt 0.0729887 0.677289
vt 0.0436853 0.677309
vt 0.0229894 0.677315
vt 0.0217077 0.677316
vt 0.0745258 0.677288
vt 0.0760629 0.677287
vt 0.0776 0.677286
vt 0.02 0.677402
vt 0.851322 0.389802
vt 0.859002 0.389802
vt 0.919087 0.389802
vt 0.920622 0.389797
vt 0.92216 0.389791
vt 0.140998 0.389802
vt 0.148678 0.389802
vt 0.0809129 0.389802
vt 0.0793779 0.389797
vt 0.0778401 0.389791
vt 0.859002 0.908268
vt 0.851294 0.908268
vt 0.859002 0.878776
vt 0.851303 0.878776
vt 0.899553 0.908268
vt 0.905913 0.878776
vt 0.900972 0.908594
vt 0.907369 0.878997
vt 0.9025 0.909063
vt 0.9089 0.879315
vt 0.148707 0.908268
vt 0.140998 0.908268
vt 0.148697 0.878776
vt 0.140998 0.878776
vt 0.100447 0.908268
vt 0.0940872 0.878776
vt 0.0990285 0.908594
vt 0.0926307 0.878997
vt 0.0975 0.909063
vt 0.0910998 0.879315
vt 0.859002 0.849284
vt 0.851313 0.849284
vt 0.912273 0.849284
vt 0.913767 0.8494
vt 0.9153 0.849566
vt 0.148687 0.849284
vt 0.140998 0.849284
vt 0.0877271 0.849284
vt 0.0862328 0.8494
vt 0.0846996 0.849566
vt 0.324339 0.057248
vt 0.236508 0.057248
vt 0.236508 0.0649279
vt 0.324339 0.0649279
vt 0.324339 0.434708
vt 0.236508 0.434708
vt 0.236508 0.442388
vt 0.324339 0.442388
vt 0.324339 0.748972
vt 0.236508 0.748972
vt 0.236508 0.756652
vt 0.324339 0.756652
vt 0.324358 0.937757
vt 0.236537 0.937759
vt 0.236537 0.945439
vt 0.324358 0.945437
vt 0.324339 0.391332
vt 0.236508 0.391332
vt 0.236508 0.392866
vt 0.324339 0.392866
vt 0.236508 0.3944
vt 0.324339 0.3944
vt 0.324339 0.818296
vt 0.236508 0.818296
vt 0.236508 0.819792
vt 0.324339 0.819792
vt 0.324339 0.8168
vt 0.236508 0.8168
vt 0.236537 0.971782
vt 0.324358 0.971782
vt 0.236537 0.97296
vt 0.324358 0.97296
vt 0.324339 0.815264
vt 0.236508 0.815264
vt 0.318234 0.0286399
vt 0.227351 0.0286399
vt 0.318065 0.02736
vt 0.227098 0.02736
vt 0.236508 0.395936
vt 0.324339 0.395936
vt 0.324339 0.399008
vt 0.236508 0.399008
vt 0.324339 0.397472
vt 0.236508 0.397472
vt 0.324339 0.812192
vt 0.236508 0.812192
vt 0.236508 0.813728
vt 0.324339 0.813728
vt 0.317764 0.02576
vt 0.226646 0.02576
vt 0.236325 0.97424
vt 0.324217 0.97424
vt 0.324339 0.22813
vt 0.236508 0.22813
vt 0.236508 0.309731
vt 0.324339 0.309731
vt 0.324339 0.146529
vt 0.236508 0.146529
vt 0.324339 0.523994
vt 0.236508 0.523994
vt 0.236508 0.6056
vt 0.324339 0.6056
vt 0.324339 0.677286
vt 0.236508 0.677286
vt 0.324339 0.389802
vt 0.236508 0.389802
vt 0.324353 0.908266
vt 0.23653 0.908267
vt 0.324349 0.878775
vt 0.236523 0.878775
vt 0.324344 0.849284
vt 0.236516 0.849284
vt 0.5 0.057248
vt 0.412169 0.057248
vt 0.412169 0.0649279
vt 0.5 0.0649279
vt 0.5 0.434708
vt 0.412169 0.434708
vt 0.412169 0.442388
vt 0.5 0.442388
vt 0.5 0.748972
vt 0.412169 0.748972
vt 0.412169 0.756652
vt 0.5 0.756652
vt 0.5 0.937755
vt 0.412179 0.937756
vt 0.412179 0.945436
vt 0.5 0.945435
vt 0.5 0.391332
vt 0.412169 0.391332
vt 0.412169 0.392866
vt 0.5 0.392866
vt 0.412169 0.3944
vt 0.5 0.3944
vt 0.5 0.818296
vt 0.412169 0.818296
vt 0.412169 0.819792
vt 0.5 0.819792
vt 0.5 0.8168
vt 0.412169 0.8168
vt 0.412179 0.971782
vt 0.5 0.971782
vt 0.412179 0.97296
vt 0.5 0.97296
vt 0.5 0.815264
vt 0.412169 0.815264
vt 0.5 0.0286399
vt 0.409117 0.0286399
vt 0.5 0.02736
vt 0.409033 0.02736
vt 0.412169 0.395936
vt 0.5 0.395936
vt 0.5 0.399008
vt 0.412169 0.399008
vt 0.5 0.397472
vt 0.412169 0.397472
vt 0.5 0.812192
vt 0.412169 0.812192
vt 0.412169 0.813728
vt 0.5 0.813728
vt 0.5 0.02576
vt 0.408882 0.02576
vt 0.412108 0.97424
vt 0.5 0.97424
vt 0.5 0.22813
vt 0.412169 0.22813
vt 0.412169 0.309731
vt 0.5 0.309731
vt 0.5 0.146529
vt 0.412169 0.146529
vt 0.5 0.523994
vt 0.412169 0.523994
vt 0.412169 0.6056
vt 0.5 0.6056
vt 0.5 0.677286
vt 0.412169 0.677286
vt 0.5 0.389802
vt 0.412169 0.389802
vt 0.5 0.908265
vt 0.412177 0.908265
vt 0.5 0.878774
vt 0.412174 0.878774
vt 0.5 0.849283
vt 0.412172 0.849283
vt 0.675661 0.057248
vt 0.587831 0.057248
vt 0.587831 0.0649279
vt 0.675661 0.0649279
vt 0.675661 0.434708
vt 0.587831 0.434708
vt 0.587831 0.442388
vt 0.675661 0.442388
vt 0.675661 0.748972
vt 0.587831 0.748972
vt 0.587831 0.756652
vt 0.675661 0.756652
vt 0.675642 0.937757
vt 0.587821 0.937756
vt 0.587821 0.945436
vt 0.675642 0.945437
vt 0.675661 0.391332
vt 0.587831 0.391332
vt 0.587831 0.392866
vt 0.675661 0.392866
vt 0.587831 0.3944
vt 0.675661 0.3944
vt 0.675661 0.818296
vt 0.587831 0.818296
vt 0.587831 0.819792
vt 0.675661 0.819792
vt 0.675661 0.8168
vt 0.587831 0.8168
vt 0.587821 0.971782
vt 0.675642 0.971782
vt 0.587821 0.97296
vt 0.675642 0.97296
vt 0.675661 0.815264
vt 0.587831 0.815264
vt 0.681766 0.0286399
vt 0.590883 0.0286399
vt 0.681935 0.02736
vt 0.590967 0.02736
vt 0.587831 0.395936
vt 0.675661 0.395936
vt 0.675661 0.399008
vt 0.587831 0.399008
vt 0.675661 0.397472
vt 0.587831 0.397472
vt 0.675661 0.812192
vt 0.587831 0.812192
vt 0.587831 0.813728
vt 0.675661 0.813728
vt 0.682236 0.02576
vt 0.591118 0.02576
vt 0.587892 0.97424
vt 0.675784 0.97424
vt 0.675661 0.22813
vt 0.587831 0.22813
vt 0.587831 0.309731
vt 0.675661 0.309731
vt 0.675661 0.146529
vt 0.587831 0.146529
vt 0.675661 0.523994
vt 0.587831 0.523994
vt 0.587831 0.6056
vt 0.675661 0.6056
vt 0.675661 0.677286
vt 0.587831 0.677286
vt 0.675661 0.389802
vt 0.587831 0.389802
vt 0.675647 0.908266
vt 0.587823 0.908265
vt 0.675652 0.878775
vt 0.587826 0.878774
vt 0.675656 0.849284
vt 0.587828 0.849283
vt 0.763492 0.057248
vt 0.763492 0.0649279
vt 0.763492 0.434708
vt 0.763492 0.442388
vt 0.763492 0.748972
vt 0.763492 0.756652
vt 0.763463 0.937759
vt 0.763463 0.945439
vt 0.763492 0.391332
vt 0.763492 0.392866
vt 0.763492 0.3944
vt 0.763492 0.818296
vt 0.763492 0.819792
vt 0.763492 0.8168
vt 0.763463 0.971782
vt 0.763463 0.97296
vt 0.763492 0.815264
vt 0.772649 0.0286399
vt 0.772902 0.02736
vt 0.763492 0.395936
vt 0.763492 0.399008
vt 0.763492 0.397472
vt 0.763492 0.812192
vt 0.763492 0.813728
vt 0.773354 0.02576
vt 0.763675 0.97424
vt 0.763492 0.22813
vt 0.763492 0.309731
vt 0.763492 0.146529
vt 0.763492 0.523994
vt 0.763492 0.6056
vt 0.763492 0.677286
vt 0.763492 0.389802
vt 0.76347 0.908267
vt 0.763477 0.878775
vt 0.763485 0.849284
mtllib envelope-015.mtl
usemtl Default
g Default
f 805/1/1 710/2/2 753/3/3 806/4/4
f 804/5/5 708/6/6 710/2/2 805/1/1
f 803/7/7 702/8/8 708/6/6 804/5/5
f 802/9/9 701/10/10 702/8/8 803/7/7
f 800/11/11 698/12/11 750/13/11 801/14/11
f 793/15/12 666/16/13 697/17/11 799/18/11
f 799/18/11 697/17/11 698/12/11 800/11/11
f 798/19/14 681/20/15 672/21/16 796/22/17
f 797/23/18 679/24/19 681/20/15 798/19/14
f 791/25/20 676/26/21 679/24/19 797/23/18
f 796/22/17 672/21/16 670/27/22 795/28/23
f 795/28/23 670/27/22 668/29/24 794/30/25
f 794/30/25 668/29/24 665/31/26 792/32/27
f 792/32/27 665/31/26 666/16/13 793/15/12
f 790/33/28 675/34/29 676/26/21 791/25/20
f 788/35/11 747/36/11 694/37/11 784/38/11
f 785/39/11 691/40/11 651/41/30 766/42/31
f 784/38/11 694/37/11 691/40/11 785/39/11
f 778/43/32 659/44/33 682/45/34 782/46/35
f 782/46/35 682/45/34 662/47/36 780/48/37
f 780/48/37 662/47/36 634/49/38 770/50/39
f 776/51/40 656/52/41 659/44/33 778/43/32
f 774/53/42 654/54/43 656/52/41 776/51/40
f 767/55/44 652/56/45 654/54/43 774/53/42
f 770/50/39 634/49/38 631/57/46 771/58/47
f 766/42/31 651/41/30 652/56/45 767/55/44
f 765/59/48 756/60/49 722/61/50 764/62/51
f 764/62/51 722/61/50 720/63/52 763/64/53
f 763/64/53 720/63/52 716/65/54 762/66/55
f 762/66/55 716/65/54 713/67/56 761/68/57
f 759/69/58 734/70/59 738/71/60 760/72/61
f 751/73/62 709/74/63 734/70/59 759/69/58
f 758/75/64 730/76/65 726/77/66 757/78/67
f 757/78/67 726/77/66 712/79/68 754/80/69
f 755/81/70 721/82/71 722/61/50 756/60/49
f 739/83/72 718/84/73 721/82/71 755/81/70
f 754/80/69 712/79/68 685/85/74 744/86/75
f 753/3/3 710/2/2 707/87/76 752/88/77
f 752/88/77 707/87/76 705/89/78 742/90/79
f 745/91/80 690/92/81 709/74/63 751/73/62
f 750/13/11 698/12/11 696/93/11 749/94/11
f 749/94/11 696/93/11 689/95/82 746/96/83
f 743/97/11 686/98/11 693/99/11 748/100/11
f 748/100/11 693/99/11 694/37/11 747/36/11
f 746/96/83 689/95/82 690/92/81 745/91/80
f 744/86/75 685/85/74 686/98/11 743/97/11
f 742/90/79 705/89/78 704/101/84 741/102/85
f 740/103/86 717/104/87 718/84/73 739/83/72
f 738/71/60 734/70/59 733/105/88 737/106/89
f 737/106/89 733/105/88 731/107/90 735/108/91
f 735/108/91 731/107/90 732/109/92 736/110/93
f 734/70/59 709/74/63 699/111/94 733/105/88
f 733/105/88 699/111/94 619/112/95 731/107/90
f 731/107/90 619/112/95 620/113/96 732/109/92
f 729/114/97 725/115/98 726/77/66 730/76/65
f 728/116/99 724/117/100 725/115/98 729/114/97
f 727/118/101 723/119/102 724/117/100 728/116/99
f 725/115/98 711/120/103 712/79/68 726/77/66
f 724/117/100 626/121/104 711/120/103 725/115/98
f 723/119/102 625/122/105 626/121/104 724/117/100
f 722/61/50 721/82/71 719/123/106 720/63/52
f 718/84/73 715/124/107 719/123/106 721/82/71
f 716/65/54 720/63/52 719/123/106 715/124/107
f 717/104/87 714/125/108 715/124/107 718/84/73
f 713/67/56 716/65/54 715/124/107 714/125/108
f 712/79/68 711/120/103 684/126/109 685/85/74
f 684/126/109 711/120/103 626/121/104 623/127/110
f 710/2/2 708/6/6 706/128/111 707/87/76
f 690/92/81 687/129/112 699/111/94 709/74/63
f 703/130/113 706/128/111 708/6/6 702/8/8
f 705/89/78 707/87/76 706/128/111 703/130/113
f 704/101/84 705/89/78 703/130/113 700/131/114
f 700/131/114 703/130/113 702/8/8 701/10/10
f 699/111/94 687/129/112 622/132/115 619/112/95
f 697/17/11 666/16/13 664/133/116 695/134/11
f 695/134/11 696/93/11 698/12/11 697/17/11
f 695/134/11 664/133/116 629/135/117 688/136/118
f 688/136/118 689/95/82 696/93/11 695/134/11
f 683/137/11 627/138/119 650/139/116 692/140/11
f 692/140/11 693/99/11 686/98/11 683/137/11
f 692/140/11 650/139/116 651/41/30 691/40/11
f 691/40/11 694/37/11 693/99/11 692/140/11
f 688/136/118 629/135/117 622/132/115 687/129/112
f 687/129/112 690/92/81 689/95/82 688/136/118
f 684/126/109 623/127/110 627/138/119 683/137/11
f 683/137/11 686/98/11 685/85/74 684/126/109
f 682/45/34 680/141/120 661/142/121 662/47/36
f 660/143/122 680/141/120 682/45/34 659/44/33
f 672/21/16 681/20/15 678/144/123 671/145/124
f 681/20/15 679/24/19 677/146/125 678/144/123
f 641/147/126 671/145/124 678/144/123 640/148/127
f 658/149/128 633/150/129 661/142/121 680/141/120
f 658/149/128 680/141/120 660/143/122 647/151/130
f 674/152/131 677/146/125 679/24/19 676/26/21
f 640/148/127 678/144/123 677/146/125 674/152/131
f 673/153/132 674/152/131 676/26/21 675/34/29
f 639/154/133 640/148/127 674/152/131 673/153/132
f 669/155/134 670/27/22 672/21/16 671/145/124
f 638/156/135 669/155/134 671/145/124 641/147/126
f 667/157/136 668/29/24 670/27/22 669/155/134
f 669/155/134 638/156/135 636/158/137 667/157/136
f 663/159/138 665/31/26 668/29/24 667/157/136
f 667/157/136 636/158/137 630/160/139 663/159/138
f 664/133/116 666/16/13 665/31/26 663/159/138
f 663/159/138 630/160/139 629/135/117 664/133/116
f 634/49/38 662/47/36 661/142/121 633/150/129
f 632/161/140 633/150/129 658/149/128 657/162/141
f 646/163/142 647/151/130 660/143/122 655/164/143
f 655/164/143 660/143/122 659/44/33 656/52/41
f 657/162/141 658/149/128 647/151/130 648/165/144
f 653/166/145 643/167/146 646/163/142 655/164/143
f 655/164/143 656/52/41 654/54/43 653/166/145
f 649/168/147 628/169/148 643/167/146 653/166/145
f 653/166/145 654/54/43 652/56/45 649/168/147
f 650/139/116 627/138/119 628/169/148 649/168/147
f 649/168/147 652/56/45 651/41/30 650/139/116
f 647/151/130 646/163/142 645/170/149 648/165/144
f 645/170/149 646/163/142 643/167/146 644/171/150
f 643/167/146 628/169/148 624/172/151 644/171/150
f 642/173/152 637/174/153 638/156/135 641/147/126
f 639/154/133 642/173/152 641/147/126 640/148/127
f 637/174/153 635/175/154 636/158/137 638/156/135
f 635/175/154 621/176/155 630/160/139 636/158/137
f 631/57/46 634/49/38 633/150/129 632/161/140
f 629/135/117 630/160/139 621/176/155 622/132/115
f 627/138/119 623/127/110 624/172/151 628/169/148
f 623/127/110 626/121/104 625/122/105 624/172/151
f 619/112/95 622/132/115 621/176/155 620/113/96
f 616/177/156 617/178/157 553/179/158 495/180/159
f 615/181/160 616/177/156 495/180/159 493/182/161
f 614/183/162 615/181/160 493/182/161 487/184/163
f 613/185/164 614/183/162 487/184/163 488/186/165
f 610/187/11 611/188/11 547/189/11 482/190/11
f 603/191/166 609/192/11 483/193/11 450/194/167
f 609/192/11 610/187/11 482/190/11 483/193/11
f 608/195/168 606/196/169 457/197/170 466/198/171
f 607/199/172 608/195/168 466/198/171 464/200/173
f 601/201/174 607/199/172 464/200/173 460/202/175
f 606/196/169 605/203/176 455/204/177 457/197/170
f 605/203/176 604/205/178 453/206/179 455/204/177
f 604/205/178 602/207/180 451/208/181 453/206/179
f 602/207/180 603/191/166 450/194/167 451/208/181
f 600/209/182 601/201/174 460/202/175 461/210/183
f 597/211/11 592/212/11 477/213/11 540/214/11
f 593/215/11 574/216/184 436/217/185 476/218/11
f 592/212/11 593/215/11 476/218/11 477/213/11
f 586/219/186 590/220/187 467/221/188 445/222/189
f 590/220/187 588/223/190 446/224/191 467/221/188
f 588/223/190 578/225/192 417/226/193 446/224/191
f 584/227/194 586/219/186 445/222/189 441/228/195
f 582/229/196 584/227/194 441/228/195 439/230/197
f 575/231/198 582/229/196 439/230/197 435/232/199
f 578/225/192 579/233/200 416/234/201 417/226/193
f 574/216/184 575/231/198 435/232/199 436/217/185
f 572/235/202 571/236/203 507/237/204 558/238/205
f 571/236/203 570/239/206 504/240/207 507/237/204
f 570/239/206 569/241/208 499/242/209 504/240/207
f 569/241/208 568/243/210 498/244/211 499/242/209
f 564/245/212 566/246/213 523/247/214 519/248/215
f 548/249/216 564/245/212 519/248/215 494/250/217
f 563/251/218 561/252/219 511/253/220 515/254/221
f 561/252/219 555/255/222 497/256/223 511/253/220
f 556/257/224 558/238/205 507/237/204 506/258/225
f 524/259/226 556/257/224 506/258/225 503/260/227
f 555/255/222 535/261/228 470/262/229 497/256/223
f 553/179/158 551/263/230 491/264/231 495/180/159
f 551/263/230 531/265/232 490/266/233 491/264/231
f 536/267/234 548/249/216 494/250/217 473/268/235
f 547/189/11 545/269/11 480/270/11 482/190/11
f 545/269/11 539/271/83 474/272/82 480/270/11
f 532/273/11 543/274/11 478/275/11 469/276/11
f 543/274/11 540/214/11 477/213/11 478/275/11
f 539/271/83 536/267/234 473/268/235 474/272/82
f 535/261/228 532/273/11 469/276/11 470/262/229
f 531/265/232 528/277/236 489/278/237 490/266/233
f 527/279/238 524/259/226 503/260/227 502/280/239
f 523/247/214 522/281/240 518/282/241 519/248/215
f 522/281/240 520/283/242 516/284/243 518/282/241
f 520/283/242 521/285/244 517/286/245 516/284/243
f 519/248/215 518/282/241 484/287/246 494/250/217
f 518/282/241 516/284/243 404/288/247 484/287/246
f 516/284/243 517/286/245 407/289/248 404/288/247
f 514/290/249 515/254/221 511/253/220 510/291/250
f 513/292/251 514/290/249 510/291/250 509/293/252
f 512/294/253 513/292/251 509/293/252 508/295/254
f 510/291/250 511/253/220 497/256/223 496/296/255
f 509/293/252 510/291/250 496/296/255 409/297/256
f 508/295/254 509/293/252 409/297/256 410/298/257
f 507/237/204 504/240/207 505/299/258 506/258/225
f 503/260/227 506/258/225 505/299/258 500/300/259
f 499/242/209 500/300/259 505/299/258 504/240/207
f 502/280/239 503/260/227 500/300/259 501/301/260
f 498/244/211 501/301/260 500/300/259 499/242/209
f 497/256/223 470/262/229 471/302/261 496/296/255
f 471/302/261 408/303/262 409/297/256 496/296/255
f 495/180/159 491/264/231 492/304/263 493/182/161
f 473/268/235 494/250/217 484/287/246 472/305/264
f 486/306/265 487/184/163 493/182/161 492/304/263
f 490/266/233 486/306/265 492/304/263 491/264/231
f 489/278/237 485/307/266 486/306/265 490/266/233
f 485/307/266 488/186/165 487/184/163 486/306/265
f 484/287/246 404/288/247 405/308/267 472/305/264
f 483/193/11 481/309/11 449/310/268 450/194/167
f 481/309/11 483/193/11 482/190/11 480/270/11
f 481/309/11 475/311/118 414/312/269 449/310/268
f 475/311/118 481/309/11 480/270/11 474/272/82
f 468/313/11 479/314/11 437/315/268 412/316/270
f 479/314/11 468/313/11 469/276/11 478/275/11
f 479/314/11 476/218/11 436/217/185 437/315/268
f 476/218/11 479/314/11 478/275/11 477/213/11
f 475/311/118 472/305/264 405/308/267 414/312/269
f 472/305/264 475/311/118 474/272/82 473/268/235
f 471/302/261 468/313/11 412/316/270 408/303/262
f 468/313/11 471/302/261 470/262/229 469/276/11
f 467/221/188 446/224/191 447/317/271 465/318/272
f 444/319/273 445/222/189 467/221/188 465/318/272
f 457/197/170 456/320/274 462/321/275 466/198/171
f 466/198/171 462/321/275 463/322/276 464/200/173
f 426/323/277 427/324/278 462/321/275 456/320/274
f 443/325/279 465/318/272 447/317/271 418/326/280
f 443/325/279 432/327/281 444/319/273 465/318/272
f 458/328/282 460/202/175 464/200/173 463/322/276
f 427/324/278 458/328/282 463/322/276 462/321/275
f 459/329/283 461/210/183 460/202/175 458/328/282
f 424/330/284 459/329/283 458/328/282 427/324/278
f 454/331/285 456/320/274 457/197/170 455/204/177
f 423/332/286 426/323/277 456/320/274 454/331/285
f 452/333/287 454/331/285 455/204/177 453/206/179
f 454/331/285 452/333/287 421/334/288 423/332/286
f 448/335/289 452/333/287 453/206/179 451/208/181
f 452/333/287 448/335/289 415/336/290 421/334/288
f 449/310/268 448/335/289 451/208/181 450/194/167
f 448/335/289 449/310/268 414/312/269 415/336/290
f 417/226/193 418/326/280 447/317/271 446/224/191
f 419/337/291 442/338/292 443/325/279 418/326/280
f 431/339/293 440/340/294 444/319/273 432/327/281
f 440/340/294 441/228/195 445/222/189 444/319/273
f 442/338/292 433/341/295 432/327/281 443/325/279
f 438/342/296 440/340/294 431/339/293 428/343/297
f 440/340/294 438/342/296 439/230/197 441/228/195
f 434/344/298 438/342/296 428/343/297 413/345/299
f 438/342/296 434/344/298 435/232/199 439/230/197
f 437/315/268 434/344/298 413/345/299 412/316/270
f 434/344/298 437/315/268 436/217/185 435/232/199
f 432/327/281 433/341/295 430/346/300 431/339/293
f 430/346/300 429/347/301 428/343/297 431/339/293
f 428/343/297 429/347/301 411/348/302 413/345/299
f 425/349/303 426/323/277 423/332/286 422/350/304
f 424/330/284 427/324/278 426/323/277 425/349/303
f 422/350/304 423/332/286 421/334/288 420/351/305
f 420/351/305 421/334/288 415/336/290 406/352/306
f 416/234/201 419/337/291 418/326/280 417/226/193
f 414/312/269 405/308/267 406/352/306 415/336/290
f 412/316/270 413/345/299 411/348/302 408/303/262
f 408/303/262 411/348/302 410/298/257 409/297/256
f 404/288/247 407/289/248 406/352/306 405/308/267
f 32/288/307 30/308/308 18/352/309 20/289/310
f 29/303/311 31/297/312 19/298/313 17/348/314
f 49/316/315 29/303/311 17/348/314 50/345/316
f 54/312/317 53/336/318 18/352/309 30/308/308
f 1/234/319 46/226/320 47/326/321 3/337/322
f 77/351/323 18/352/309 53/336/318 76/334/324
f 79/350/325 77/351/323 76/334/324 78/332/326
f 4/330/327 81/349/328 80/323/329 43/324/330
f 81/349/328 79/350/325 78/332/326 80/323/329
f 83/343/331 50/345/316 17/348/314 82/347/332
f 84/346/333 85/339/334 83/343/331 82/347/332
f 87/327/335 85/339/334 84/346/333 86/341/336
f 91/344/337 62/232/338 61/217/339 90/315/340
f 90/315/340 49/316/315 50/345/316 91/344/337
f 92/342/341 69/230/342 62/232/338 91/344/337
f 91/344/337 50/345/316 83/343/331 92/342/341
f 93/340/343 72/228/344 69/230/342 92/342/341
f 92/342/341 83/343/331 85/339/334 93/340/343
f 2/338/345 48/325/346 87/327/335 86/341/336
f 93/340/343 94/319/347 75/222/348 72/228/344
f 85/339/334 87/327/335 94/319/347 93/340/343
f 3/337/322 47/326/321 48/325/346 2/338/345
f 46/226/320 96/224/349 97/317/350 47/326/321
f 101/335/351 53/336/318 54/312/317 100/310/340
f 100/310/340 65/194/352 66/208/353 101/335/351
f 102/333/354 76/334/324 53/336/318 101/335/351
f 101/335/351 66/208/353 67/206/355 102/333/354
f 103/331/356 78/332/326 76/334/324 102/333/354
f 102/333/354 67/206/355 70/204/357 103/331/356
f 78/332/326 103/331/356 104/320/358 80/323/329
f 103/331/356 70/204/357 73/197/359 104/320/358
f 4/330/327 43/324/330 44/328/360 6/329/361
f 6/329/361 44/328/360 45/202/362 5/210/363
f 43/324/330 106/321/364 107/322/365 44/328/360
f 44/328/360 107/322/365 105/200/366 45/202/362
f 48/325/346 95/318/367 94/319/347 87/327/335
f 48/325/346 47/326/321 97/317/350 95/318/367
f 80/323/329 104/320/358 106/321/364 43/324/330
f 109/198/368 105/200/366 107/322/365 106/321/364
f 73/197/359 109/198/368 106/321/364 104/320/358
f 94/319/347 95/318/367 111/221/369 75/222/348
f 111/221/369 95/318/367 97/317/350 96/224/349
f 116/313/370 52/276/370 35/262/371 113/302/372
f 113/302/372 29/303/311 49/316/315 116/313/370
f 114/305/373 37/268/374 55/272/375 117/311/376
f 117/311/376 54/312/317 30/308/308 114/305/373
f 118/218/370 59/213/370 89/275/370 121/314/370
f 121/314/370 90/315/340 61/217/339 118/218/370
f 121/314/370 89/275/370 52/276/370 116/313/370
f 116/313/370 49/316/315 90/315/340 121/314/370
f 117/311/376 55/272/375 99/270/370 122/309/370
f 122/309/370 100/310/340 54/312/317 117/311/376
f 122/309/370 99/270/370 64/190/370 120/193/370
f 120/193/370 65/194/352 100/310/340 122/309/370
f 115/287/377 114/305/373 30/308/308 32/288/307
f 16/307/378 27/306/379 26/184/380 15/186/381
f 14/278/382 28/266/383 27/306/379 16/307/378
f 28/266/383 125/264/384 124/304/385 27/306/379
f 27/306/379 124/304/385 123/182/386 26/184/380
f 37/268/374 114/305/373 115/287/377 38/250/387
f 128/180/388 123/182/386 124/304/385 125/264/384
f 113/302/372 112/296/389 31/297/312 29/303/311
f 36/256/390 112/296/389 113/302/372 35/262/371
f 10/244/391 23/242/392 24/300/393 12/301/394
f 11/280/395 12/301/394 24/300/393 25/260/396
f 23/242/392 130/240/397 131/299/398 24/300/393
f 25/260/396 24/300/393 131/299/398 129/258/399
f 133/237/400 129/258/399 131/299/398 130/240/397
f 135/295/401 19/298/313 31/297/312 136/293/402
f 136/293/402 31/297/312 112/296/389 137/291/403
f 137/291/403 112/296/389 36/256/390 138/253/404
f 140/294/405 135/295/401 136/293/402 141/292/406
f 141/292/406 136/293/402 137/291/403 142/290/407
f 142/290/407 137/291/403 138/253/404 143/254/408
f 146/284/409 32/288/307 20/289/310 145/286/410
f 147/282/411 115/287/377 32/288/307 146/284/409
f 148/248/412 38/250/387 115/287/377 147/282/411
f 151/283/413 146/284/409 145/286/410 150/285/414
f 152/281/415 147/282/411 146/284/409 151/283/413
f 153/247/416 148/248/412 147/282/411 152/281/415
f 155/279/417 11/280/395 25/260/396 156/259/418
f 157/265/419 28/266/383 14/278/382 158/277/420
f 159/261/421 35/262/371 52/276/370 160/273/370
f 161/271/422 55/272/375 37/268/374 162/267/423
f 166/274/370 89/275/370 59/213/370 163/214/370
f 160/273/370 52/276/370 89/275/370 166/274/370
f 167/269/370 99/270/370 55/272/375 161/271/422
f 165/189/370 64/190/370 99/270/370 167/269/370
f 162/267/423 37/268/374 38/250/387 168/249/424
f 169/263/425 125/264/384 28/266/383 157/265/419
f 170/179/426 128/180/388 125/264/384 169/263/425
f 171/255/427 36/256/390 35/262/371 159/261/421
f 156/259/418 25/260/396 129/258/399 172/257/428
f 172/257/428 129/258/399 133/237/400 173/238/429
f 174/252/430 138/253/404 36/256/390 171/255/427
f 175/251/431 143/254/408 138/253/404 174/252/430
f 168/249/424 38/250/387 148/248/412 176/245/432
f 176/245/432 148/248/412 153/247/416 177/246/433
f 178/241/434 23/242/392 10/244/391 179/243/435
f 180/239/436 130/240/397 23/242/392 178/241/434
f 181/236/437 133/237/400 130/240/397 180/239/436
f 183/235/438 173/238/429 133/237/400 181/236/437
f 185/216/439 61/217/339 62/232/338 184/231/440
f 187/225/441 46/226/320 1/234/319 186/233/442
f 184/231/440 62/232/338 69/230/342 188/229/443
f 188/229/443 69/230/342 72/228/344 189/227/444
f 189/227/444 72/228/344 75/222/348 190/219/445
f 191/223/446 96/224/349 46/226/320 187/225/441
f 192/220/447 111/221/369 96/224/349 191/223/446
f 190/219/445 75/222/348 111/221/369 192/220/447
f 194/212/370 59/213/370 118/218/370 193/215/370
f 193/215/370 118/218/370 61/217/339 185/216/439
f 196/211/370 163/214/370 59/213/370 194/212/370
f 198/209/448 5/210/363 45/202/362 197/201/449
f 200/207/450 66/208/353 65/194/352 199/191/451
f 201/205/452 67/206/355 66/208/353 200/207/450
f 202/203/453 70/204/357 67/206/355 201/205/452
f 203/196/454 73/197/359 70/204/357 202/203/453
f 197/201/449 45/202/362 105/200/366 204/199/455
f 204/199/455 105/200/366 109/198/368 205/195/456
f 205/195/456 109/198/368 73/197/359 203/196/454
f 207/192/370 120/193/370 64/190/370 206/187/370
f 199/191/451 65/194/352 120/193/370 207/192/370
f 206/187/370 64/190/370 165/189/370 209/188/370
f 211/185/457 15/186/381 26/184/380 210/183/458
f 210/183/458 26/184/380 123/182/386 212/181/459
f 212/181/459 123/182/386 128/180/388 213/177/460
f 213/177/460 128/180/388 170/179/426 215/178/461
f 241/112/462 231/113/463 229/176/464 239/132/465
f 238/127/466 228/172/467 230/122/468 240/121/469
f 255/138/470 256/169/471 228/172/467 238/127/466
f 259/135/472 239/132/465 229/176/464 258/160/473
f 216/57/474 218/161/475 253/150/476 252/49/477
f 279/175/478 278/158/479 258/160/473 229/176/464
f 281/174/480 280/156/481 278/158/479 279/175/478
f 219/154/482 249/148/483 282/147/484 283/173/485
f 283/173/485 282/147/484 280/156/481 281/174/480
f 285/167/486 284/171/487 228/172/467 256/169/471
f 286/170/488 284/171/487 285/167/486 287/163/489
f 289/151/490 288/165/491 286/170/488 287/163/489
f 292/168/492 291/139/493 264/41/494 265/56/495
f 291/139/493 292/168/492 256/169/471 255/138/470
f 293/166/496 292/168/492 265/56/495 271/54/497
f 292/168/492 293/166/496 285/167/486 256/169/471
f 294/164/498 293/166/496 271/54/497 274/52/499
f 293/166/496 294/164/498 287/163/489 285/167/486
f 217/162/500 288/165/491 289/151/490 254/149/501
f 294/164/498 274/52/499 277/44/502 295/143/503
f 287/163/489 294/164/498 295/143/503 289/151/490
f 218/161/475 217/162/500 254/149/501 253/150/476
f 252/49/477 253/150/476 298/142/504 297/47/505
f 301/159/506 300/133/493 259/135/472 258/160/473
f 300/133/493 301/159/506 268/31/507 267/16/508
f 302/157/509 301/159/506 258/160/473 278/158/479
f 301/159/506 302/157/509 269/29/510 268/31/507
f 303/155/511 302/157/509 278/158/479 280/156/481
f 302/157/509 303/155/511 272/27/512 269/29/510
f 280/156/481 282/147/484 304/145/513 303/155/511
f 303/155/511 304/145/513 275/21/514 272/27/512
f 219/154/482 221/153/515 250/152/516 249/148/483
f 221/153/515 220/34/517 251/26/518 250/152/516
f 249/148/483 250/152/516 307/146/519 306/144/520
f 250/152/516 251/26/518 305/24/521 307/146/519
f 254/149/501 289/151/490 295/143/503 296/141/522
f 254/149/501 296/141/522 298/142/504 253/150/476
f 282/147/484 249/148/483 306/144/520 304/145/513
f 309/20/523 306/144/520 307/146/519 305/24/521
f 275/21/514 304/145/513 306/144/520 309/20/523
f 295/143/503 277/44/502 311/45/524 296/141/522
f 311/45/524 297/47/505 298/142/504 296/141/522
f 316/137/370 313/126/525 242/85/526 257/98/370
f 313/126/525 316/137/370 255/138/470 238/127/466
f 314/129/527 317/136/376 260/95/375 244/92/528
f 317/136/376 314/129/527 239/132/465 259/135/472
f 318/40/370 321/140/370 290/99/370 263/37/370
f 321/140/370 318/40/370 264/41/494 291/139/493
f 321/140/370 316/137/370 257/98/370 290/99/370
f 316/137/370 321/140/370 291/139/493 255/138/470
f 317/136/376 322/134/370 299/93/370 260/95/375
f 322/134/370 317/136/376 259/135/472 300/133/493
f 322/134/370 320/17/370 266/12/370 299/93/370
f 320/17/370 322/134/370 300/133/493 267/16/508
f 315/111/529 241/112/462 239/132/465 314/129/527
f 227/131/530 226/10/531 235/8/532 236/130/533
f 225/101/534 227/131/530 236/130/533 237/89/535
f 237/89/535 236/130/533 324/128/536 325/87/537
f 236/130/533 235/8/532 323/6/538 324/128/536
f 244/92/528 245/74/539 315/111/529 314/129/527
f 326/2/540 325/87/537 324/128/536 323/6/538
f 313/126/525 238/127/466 240/121/469 312/120/541
f 243/79/542 242/85/526 313/126/525 312/120/541
f 222/67/543 224/125/544 233/124/545 232/65/546
f 223/104/547 234/84/548 233/124/545 224/125/544
f 232/65/546 233/124/545 329/123/549 328/63/550
f 234/84/548 327/82/551 329/123/549 233/124/545
f 330/61/552 328/63/550 329/123/549 327/82/551
f 331/119/553 332/117/554 240/121/469 230/122/468
f 332/117/554 333/115/555 312/120/541 240/121/469
f 333/115/555 334/77/556 243/79/542 312/120/541
f 335/118/557 336/116/558 332/117/554 331/119/553
f 336/116/558 337/114/559 333/115/555 332/117/554
f 337/114/559 338/76/560 334/77/556 333/115/555
f 340/107/561 339/109/562 231/113/463 241/112/462
f 341/105/563 340/107/561 241/112/462 315/111/529
f 342/70/564 341/105/563 315/111/529 245/74/539
f 344/108/565 343/110/566 339/109/562 340/107/561
f 345/106/567 344/108/565 340/107/561 341/105/563
f 346/71/568 345/106/567 341/105/563 342/70/564
f 347/103/569 348/83/570 234/84/548 223/104/547
f 349/90/571 350/102/572 225/101/534 237/89/535
f 351/86/573 352/97/370 257/98/370 242/85/526
f 353/96/422 354/91/574 244/92/528 260/95/375
f 358/100/370 355/36/370 263/37/370 290/99/370
f 352/97/370 358/100/370 290/99/370 257/98/370
f 359/94/370 353/96/422 260/95/375 299/93/370
f 357/13/370 359/94/370 299/93/370 266/12/370
f 354/91/574 360/73/575 245/74/539 244/92/528
f 361/88/576 349/90/571 237/89/535 325/87/537
f 362/3/577 361/88/576 325/87/537 326/2/540
f 363/80/578 351/86/573 242/85/526 243/79/542
f 348/83/570 364/81/579 327/82/551 234/84/548
f 364/81/579 365/60/580 330/61/552 327/82/551
f 366/78/581 363/80/578 243/79/542 334/77/556
f 367/75/582 366/78/581 334/77/556 338/76/560
f 360/73/575 368/69/583 342/70/564 245/74/539
f 368/69/583 369/72/584 346/71/568 342/70/564
f 370/66/585 371/68/586 222/67/543 232/65/546
f 372/64/587 370/66/585 232/65/546 328/63/550
f 373/62/588 372/64/587 328/63/550 330/61/552
f 374/59/589 373/62/588 330/61/552 365/60/580
f 376/42/590 375/55/591 265/56/495 264/41/494
f 378/50/592 377/58/593 216/57/474 252/49/477
f 375/55/591 379/53/594 271/54/497 265/56/495
f 379/53/594 380/51/595 274/52/499 271/54/497
f 380/51/595 381/43/596 277/44/502 274/52/499
f 382/48/597 378/50/592 252/49/477 297/47/505
f 383/46/598 382/48/597 297/47/505 311/45/524
f 381/43/596 383/46/598 311/45/524 277/44/502
f 385/38/370 384/39/370 318/40/370 263/37/370
f 384/39/370 376/42/590 264/41/494 318/40/370
f 386/35/370 385/38/370 263/37/370 355/36/370
f 388/33/599 387/25/600 251/26/518 220/34/517
f 390/32/601 389/15/602 267/16/508 268/31/507
f 391/30/603 390/32/601 268/31/507 269/29/510
f 392/28/604 391/30/603 269/29/510 272/27/512
f 393/22/605 392/28/604 272/27/512 275/21/514
f 387/25/600 394/23/606 305/24/521 251/26/518
f 394/23/606 395/19/607 309/20/523 305/24/521
f 395/19/607 393/22/605 275/21/514 309/20/523
f 397/18/370 396/11/370 266/12/370 320/17/370
f 389/15/602 397/18/370 320/17/370 267/16/508
f 396/11/370 398/14/370 357/13/370 266/12/370
f 400/9/608 399/7/609 235/8/532 226/10/531
f 399/7/609 401/5/610 323/6/538 235/8/532
f 401/5/610 402/1/611 326/2/540 323/6/538
f 402/1/611 403/4/612 362/3/577 326/2/540
f 18/352/309 807/352/613 808/289/614 20/289/310
f 807/352/613 809/352/615 810/289/616 808/289/614
f 809/352/615 406/352/306 407/289/248 810/289/616
f 19/298/313 811/298/617 812/348/618 17/348/314
f 811/298/617 813/298/619 814/348/620 812/348/618
f 813/298/619 410/298/257 411/348/302 814/348/620
f 3/337/322 815/337/621 816/234/622 1/234/319
f 815/337/621 817/337/623 818/234/624 816/234/622
f 817/337/623 419/337/291 416/234/201 818/234/624
f 77/351/323 819/351/625 807/352/613 18/352/309
f 819/351/625 820/351/626 809/352/615 807/352/613
f 820/351/626 420/351/305 406/352/306 809/352/615
f 79/350/325 821/350/627 819/351/625 77/351/323
f 821/350/627 822/350/628 820/351/626 819/351/625
f 822/350/628 422/350/304 420/351/305 820/351/626
f 4/330/327 823/330/629 824/349/630 81/349/328
f 823/330/629 825/330/631 826/349/632 824/349/630
f 825/330/631 424/330/284 425/349/303 826/349/632
f 81/349/328 824/349/630 821/350/627 79/350/325
f 824/349/630 826/349/632 822/350/628 821/350/627
f 826/349/632 425/349/303 422/350/304 822/350/628
f 17/348/314 812/348/618 827/347/633 82/347/332
f 812/348/618 814/348/620 828/347/634 827/347/633
f 814/348/620 411/348/302 429/347/301 828/347/634
f 82/347/332 827/347/633 829/346/635 84/346/333
f 827/347/633 828/347/634 830/346/636 829/346/635
f 828/347/634 429/347/301 430/346/300 830/346/636
f 84/346/333 829/346/635 831/341/637 86/341/336
f 829/346/635 830/346/636 832/341/638 831/341/637
f 830/346/636 430/346/300 433/341/295 832/341/638
f 86/341/336 831/341/637 833/338/639 2/338/345
f 831/341/637 832/341/638 834/338/640 833/338/639
f 832/341/638 433/341/295 442/338/292 834/338/640
f 2/338/345 833/338/639 815/337/621 3/337/322
f 833/338/639 834/338/640 817/337/623 815/337/621
f 834/338/640 442/338/292 419/337/291 817/337/623
f 6/329/361 835/329/641 823/330/629 4/330/327
f 835/329/641 836/329/642 825/330/631 823/330/629
f 836/329/642 459/329/283 424/330/284 825/330/631
f 5/210/363 837/210/643 835/329/641 6/329/361
f 837/210/643 838/210/644 836/329/642 835/329/641
f 838/210/644 461/210/183 459/329/283 836/329/642
f 15/186/381 839/186/645 840/307/646 16/307/378
f 839/186/645 841/186/647 842/307/648 840/307/646
f 841/186/647 488/186/165 485/307/266 842/307/648
f 16/307/378 840/307/646 843/278/649 14/278/382
f 840/307/646 842/307/648 844/278/650 843/278/649
f 842/307/648 485/307/266 489/278/237 844/278/650
f 12/301/394 845/301/651 846/244/652 10/244/391
f 845/301/651 847/301/653 848/244/654 846/244/652
f 847/301/653 501/301/260 498/244/211 848/244/654
f 11/280/395 849/280/655 845/301/651 12/301/394
f 849/280/655 850/280/656 847/301/653 845/301/651
f 850/280/656 502/280/239 501/301/260 847/301/653
f 135/295/401 851/295/657 811/298/617 19/298/313
f 851/295/657 852/295/658 813/298/619 811/298/617
f 852/295/658 508/295/254 410/298/257 813/298/619
f 140/294/405 853/294/659 851/295/657 135/295/401
f 853/294/659 854/294/660 852/295/658 851/295/657
f 854/294/660 512/294/253 508/295/254 852/295/658
f 20/289/310 808/289/614 855/286/661 145/286/410
f 808/289/614 810/289/616 856/286/662 855/286/661
f 810/289/616 407/289/248 517/286/245 856/286/662
f 145/286/410 855/286/661 857/285/663 150/285/414
f 855/286/661 856/286/662 858/285/664 857/285/663
f 856/286/662 517/286/245 521/285/244 858/285/664
f 155/279/417 860/279/665 849/280/655 11/280/395
f 860/279/665 862/279/666 850/280/656 849/280/655
f 862/279/666 527/279/238 502/280/239 850/280/656
f 14/278/382 843/278/649 863/277/667 158/277/420
f 843/278/649 844/278/650 865/277/668 863/277/667
f 844/278/650 489/278/237 528/277/236 865/277/668
f 10/244/391 846/244/652 867/243/669 179/243/435
f 846/244/652 848/244/654 868/243/670 867/243/669
f 848/244/654 498/244/211 568/243/210 868/243/670
f 1/234/319 816/234/622 869/233/671 186/233/442
f 816/234/622 818/234/624 870/233/672 869/233/671
f 818/234/624 416/234/201 579/233/200 870/233/672
f 198/209/448 873/209/673 837/210/643 5/210/363
f 873/209/673 874/209/674 838/210/644 837/210/643
f 874/209/674 600/209/182 461/210/183 838/210/644
f 211/185/457 875/185/675 839/186/645 15/186/381
f 875/185/675 876/185/676 841/186/647 839/186/645
f 876/185/676 613/185/164 488/186/165 841/186/647
f 231/113/463 877/113/677 878/176/678 229/176/464
f 877/113/677 879/113/679 880/176/680 878/176/678
f 879/113/679 620/113/96 621/176/155 880/176/680
f 228/172/467 881/172/681 882/122/682 230/122/468
f 881/172/681 883/172/683 884/122/684 882/122/682
f 883/172/683 624/172/151 625/122/105 884/122/684
f 216/57/474 885/57/685 886/161/686 218/161/475
f 885/57/685 887/57/687 888/161/688 886/161/686
f 887/57/687 631/57/46 632/161/140 888/161/688
f 229/176/464 878/176/678 889/175/689 279/175/478
f 878/176/678 880/176/680 890/175/690 889/175/689
f 880/176/680 621/176/155 635/175/154 890/175/690
f 279/175/478 889/175/689 891/174/691 281/174/480
f 889/175/689 890/175/690 892/174/692 891/174/691
f 890/175/690 635/175/154 637/174/153 892/174/692
f 283/173/485 893/173/693 894/154/694 219/154/482
f 893/173/693 895/173/695 896/154/696 894/154/694
f 895/173/695 642/173/152 639/154/133 896/154/696
f 281/174/480 891/174/691 893/173/693 283/173/485
f 891/174/691 892/174/692 895/173/695 893/173/693
f 892/174/692 637/174/153 642/173/152 895/173/695
f 284/171/487 897/171/697 881/172/681 228/172/467
f 897/171/697 898/171/698 883/172/683 881/172/681
f 898/171/698 644/171/150 624/172/151 883/172/683
f 286/170/488 899/170/699 897/171/697 284/171/487
f 899/170/699 900/170/700 898/171/698 897/171/697
f 900/170/700 645/170/149 644/171/150 898/171/698
f 288/165/491 901/165/701 899/170/699 286/170/488
f 901/165/701 902/165/702 900/170/700 899/170/699
f 902/165/702 648/165/144 645/170/149 900/170/700
f 217/162/500 903/162/703 901/165/701 288/165/491
f 903/162/703 904/162/704 902/165/702 901/165/701
f 904/162/704 657/162/141 648/165/144 902/165/702
f 218/161/475 886/161/686 903/162/703 217/162/500
f 886/161/686 888/161/688 904/162/704 903/162/703
f 888/161/688 632/161/140 657/162/141 904/162/704
f 219/154/482 894/154/694 905/153/705 221/153/515
f 894/154/694 896/154/696 906/153/706 905/153/705
f 896/154/696 639/154/133 673/153/132 906/153/706
f 221/153/515 905/153/705 907/34/707 220/34/517
f 905/153/705 906/153/706 908/34/708 907/34/707
f 906/153/706 673/153/132 675/34/29 908/34/708
f 227/131/530 909/131/709 910/10/710 226/10/531
f 909/131/709 911/131/711 912/10/712 910/10/710
f 911/131/711 700/131/114 701/10/10 912/10/712
f 225/101/534 913/101/713 909/131/709 227/131/530
f 913/101/713 914/101/714 911/131/711 909/131/709
f 914/101/714 704/101/84 700/131/114 911/131/711
f 222/67/543 915/67/715 916/125/716 224/125/544
f 915/67/715 917/67/717 918/125/718 916/125/716
f 917/67/717 713/67/56 714/125/108 918/125/718
f 224/125/544 916/125/716 919/104/719 223/104/547
f 916/125/716 918/125/718 920/104/720 919/104/719
f 918/125/718 714/125/108 717/104/87 920/104/720
f 230/122/468 882/122/682 921/119/721 331/119/553
f 882/122/682 884/122/684 922/119/722 921/119/721
f 884/122/684 625/122/105 723/119/102 922/119/722
f 331/119/553 921/119/721 923/118/723 335/118/557
f 921/119/721 922/119/722 924/118/724 923/118/723
f 922/119/722 723/119/102 727/118/101 924/118/724
f 339/109/562 925/109/725 877/113/677 231/113/463
f 925/109/725 926/109/726 879/113/679 877/113/677
f 926/109/726 732/109/92 620/113/96 879/113/679
f 343/110/566 927/110/727 925/109/725 339/109/562
f 927/110/727 928/110/728 926/109/726 925/109/725
f 928/110/728 736/110/93 732/109/92 926/109/726
f 223/104/547 919/104/719 929/103/729 347/103/569
f 919/104/719 920/104/720 930/103/730 929/103/729
f 920/104/720 717/104/87 740/103/86 930/103/730
f 350/102/572 931/102/731 913/101/713 225/101/534
f 931/102/731 932/102/732 914/101/714 913/101/713
f 932/102/732 741/102/85 704/101/84 914/101/714
f 371/68/586 933/68/733 915/67/715 222/67/543
f 933/68/733 934/68/734 917/67/717 915/67/715
f 934/68/734 761/68/57 713/67/56 917/67/717
f 377/58/593 935/58/735 885/57/685 216/57/474
f 935/58/735 936/58/736 887/57/687 885/57/685
f 936/58/736 771/58/47 631/57/46 887/57/687
f 220/34/517 907/34/707 939/33/737 388/33/599
f 907/34/707 908/34/708 940/33/738 939/33/737
f 908/34/708 675/34/29 790/33/28 940/33/738
f 226/10/531 910/10/710 941/9/739 400/9/608
f 910/10/710 912/10/712 942/9/740 941/9/739
f 912/10/712 701/10/10 802/9/9 942/9/740
f 943/353/741 945/354/742 946/355/743 944/356/744
f 945/354/742 947/357/745 948/358/746 946/355/743
f 947/357/745 805/1/1 806/4/4 948/358/746
f 952/359/747 953/360/748 945/354/742 943/353/741
f 953/360/748 954/361/749 947/357/745 945/354/742
f 954/361/749 804/5/5 805/1/1 947/357/745
f 955/362/750 956/363/751 953/360/748 952/359/747
f 956/363/751 957/364/752 954/361/749 953/360/748
f 957/364/752 803/7/7 804/5/5 954/361/749
f 958/365/753 959/366/754 956/363/751 955/362/750
f 959/366/754 960/367/755 957/364/752 956/363/751
f 960/367/755 802/9/9 803/7/7 957/364/752
f 961/368/756 963/369/757 964/370/758 962/371/759
f 963/369/757 965/372/760 966/373/761 964/370/758
f 965/372/760 617/178/157 616/177/156 966/373/761
f 962/371/759 964/370/758 968/374/762 967/375/763
f 964/370/758 966/373/761 969/376/764 968/374/762
f 966/373/761 616/177/156 615/181/160 969/376/764
f 967/375/763 968/374/762 971/377/765 970/378/766
f 968/374/762 969/376/764 972/379/767 971/377/765
f 969/376/764 615/181/160 614/183/162 972/379/767
f 970/378/766 971/377/765 974/380/768 973/381/769
f 971/377/765 972/379/767 975/382/770 974/380/768
f 972/379/767 614/183/162 613/185/164 975/382/770
f 976/381/771 978/380/772 979/377/773 977/378/774
f 978/380/772 980/382/775 981/379/776 979/377/773
f 980/382/775 211/185/457 210/183/458 981/379/776
f 977/378/774 979/377/773 983/374/777 982/375/778
f 979/377/773 981/379/776 984/376/779 983/374/777
f 981/379/776 210/183/458 212/181/459 984/376/779
f 982/375/778 983/374/777 986/370/780 985/371/781
f 983/374/777 984/376/779 987/373/782 986/370/780
f 984/376/779 212/181/459 213/177/460 987/373/782
f 985/371/781 986/370/780 990/369/783 988/368/784
f 986/370/780 987/373/782 992/372/785 990/369/783
f 987/373/782 213/177/460 215/178/461 992/372/785
f 994/362/786 996/363/787 997/366/788 995/365/789
f 996/363/787 998/364/790 999/367/791 997/366/788
f 998/364/790 399/7/609 400/9/608 999/367/791
f 1000/359/792 1001/360/793 996/363/787 994/362/786
f 1001/360/793 1002/361/794 998/364/790 996/363/787
f 1002/361/794 401/5/610 399/7/609 998/364/790
f 1003/353/795 1004/354/796 1001/360/793 1000/359/792
f 1004/354/796 1005/357/797 1002/361/794 1001/360/793
f 1005/357/797 402/1/611 401/5/610 1002/361/794
f 1006/356/798 1007/355/799 1004/354/796 1003/353/795
f 1007/355/799 1008/358/800 1005/357/797 1004/354/796
f 1008/358/800 403/4/612 402/1/611 1005/357/797
f 1009/381/801 1010/380/802 978/380/772 976/381/771
f 1010/380/802 1011/382/803 980/382/775 978/380/772
f 1011/382/803 875/185/675 211/185/457 980/382/775
f 1012/381/804 1013/380/805 1010/380/802 1009/381/801
f 1013/380/805 1014/382/806 1011/382/803 1010/380/802
f 1014/382/806 876/185/676 875/185/675 1011/382/803
f 973/381/769 974/380/768 1013/380/805 1012/381/804
f 974/380/768 975/382/770 1014/382/806 1013/380/805
f 975/382/770 613/185/164 876/185/676 1014/382/806
f 995/365/789 997/366/788 1016/366/807 1015/365/808
f 997/366/788 999/367/791 1017/367/809 1016/366/807
f 999/367/791 400/9/608 941/9/739 1017/367/809
f 1015/365/808 1016/366/807 1019/366/810 1018/365/811
f 1016/366/807 1017/367/809 1020/367/812 1019/366/810
f 1017/367/809 941/9/739 942/9/740 1020/367/812
f 1018/365/811 1019/366/810 959/366/754 958/365/753
f 1019/366/810 1020/367/812 960/367/755 959/366/754
f 1020/367/812 942/9/740 802/9/9 960/367/755
f 786/383/11 1021/384/11 1022/385/11 789/386/11
f 1021/384/11 800/11/11 801/14/11 1022/385/11
f 768/387/813 1024/388/814 1025/389/11 787/390/11
f 1024/388/814 793/15/12 799/18/11 1025/389/11
f 787/390/11 1025/389/11 1021/384/11 786/383/11
f 1025/389/11 799/18/11 800/11/11 1021/384/11
f 783/391/815 1026/392/816 1027/393/817 779/394/818
f 1026/392/816 798/19/14 796/22/17 1027/393/817
f 781/395/819 1028/396/820 1026/392/816 783/391/815
f 1028/396/820 797/23/18 798/19/14 1026/392/816
f 772/397/821 1029/398/822 1028/396/820 781/395/819
f 1029/398/822 791/25/20 797/23/18 1028/396/820
f 779/394/818 1027/393/817 1030/399/823 777/400/824
f 1027/393/817 796/22/17 795/28/23 1030/399/823
f 777/400/824 1030/399/823 1031/401/825 775/402/826
f 1030/399/823 795/28/23 794/30/25 1031/401/825
f 775/402/826 1031/401/825 1032/403/827 769/404/828
f 1031/401/825 794/30/25 792/32/27 1032/403/827
f 769/404/828 1032/403/827 1024/388/814 768/387/813
f 1032/403/827 792/32/27 793/15/12 1024/388/814
f 773/405/829 1033/406/830 1029/398/822 772/397/821
f 1033/406/830 790/33/28 791/25/20 1029/398/822
f 598/407/11 1034/408/11 1035/409/11 595/410/11
f 1034/408/11 611/188/11 610/187/11 1035/409/11
f 594/411/11 1036/412/11 1037/413/831 577/414/832
f 1036/412/11 609/192/11 603/191/166 1037/413/831
f 595/410/11 1035/409/11 1036/412/11 594/411/11
f 1035/409/11 610/187/11 609/192/11 1036/412/11
f 587/415/833 1038/416/834 1039/417/835 591/418/836
f 1038/416/834 606/196/169 608/195/168 1039/417/835
f 591/418/836 1039/417/835 1040/419/837 589/420/838
f 1039/417/835 608/195/168 607/199/172 1040/419/837
f 589/420/838 1040/419/837 1041/421/839 581/422/840
f 1040/419/837 607/199/172 601/201/174 1041/421/839
f 585/423/841 1042/424/842 1038/416/834 587/415/833
f 1042/424/842 605/203/176 606/196/169 1038/416/834
f 583/425/843 1043/426/844 1042/424/842 585/423/841
f 1043/426/844 604/205/178 605/203/176 1042/424/842
f 576/427/845 1044/428/846 1043/426/844 583/425/843
f 1044/428/846 602/207/180 604/205/178 1043/426/844
f 577/414/832 1037/413/831 1044/428/846 576/427/845
f 1037/413/831 603/191/166 602/207/180 1044/428/846
f 581/422/840 1041/421/839 1045/429/847 580/430/848
f 1041/421/839 601/201/174 600/209/182 1045/429/847
f 58/430/849 1046/429/850 1047/421/851 57/422/852
f 1046/429/850 198/209/448 197/201/449 1047/421/851
f 39/427/853 1048/428/854 1049/413/855 40/414/856
f 1048/428/854 200/207/450 199/191/451 1049/413/855
f 68/425/857 1050/426/858 1048/428/854 39/427/853
f 1050/426/858 201/205/452 200/207/450 1048/428/854
f 71/423/859 1051/424/860 1050/426/858 68/425/857
f 1051/424/860 202/203/453 201/205/452 1050/426/858
f 74/415/861 1052/416/862 1051/424/860 71/423/859
f 1052/416/862 203/196/454 202/203/453 1051/424/860
f 57/422/852 1047/421/851 1053/419/863 108/420/864
f 1047/421/851 197/201/449 204/199/455 1053/419/863
f 108/420/864 1053/419/863 1054/417/865 110/418/866
f 1053/419/863 204/199/455 205/195/456 1054/417/865
f 110/418/866 1054/417/865 1052/416/862 74/415/861
f 1054/417/865 205/195/456 203/196/454 1052/416/862
f 119/411/370 1055/412/370 1056/409/370 42/410/370
f 1055/412/370 207/192/370 206/187/370 1056/409/370
f 40/414/856 1049/413/855 1055/412/370 119/411/370
f 1049/413/855 199/191/451 207/192/370 1055/412/370
f 42/410/370 1056/409/370 1057/408/370 164/407/370
f 1056/409/370 206/187/370 209/188/370 1057/408/370
f 261/397/867 1059/398/868 1060/406/869 262/405/870
f 1059/398/868 387/25/600 388/33/599 1060/406/869
f 247/387/871 1061/388/872 1062/403/873 246/404/874
f 1061/388/872 389/15/602 390/32/601 1062/403/873
f 246/404/874 1062/403/873 1063/401/875 270/402/876
f 1062/403/873 390/32/601 391/30/603 1063/401/875
f 270/402/876 1063/401/875 1064/399/877 273/400/878
f 1063/401/875 391/30/603 392/28/604 1064/399/877
f 273/400/878 1064/399/877 1065/393/879 276/394/880
f 1064/399/877 392/28/604 393/22/605 1065/393/879
f 308/395/881 1066/396/882 1059/398/868 261/397/867
f 1066/396/882 394/23/606 387/25/600 1059/398/868
f 310/391/883 1067/392/884 1066/396/882 308/395/881
f 1067/392/884 395/19/607 394/23/606 1066/396/882
f 276/394/880 1065/393/879 1067/392/884 310/391/883
f 1065/393/879 393/22/605 395/19/607 1067/392/884
f 248/383/370 1068/384/370 1069/389/370 319/390/370
f 1068/384/370 396/11/370 397/18/370 1069/389/370
f 319/390/370 1069/389/370 1061/388/872 247/387/871
f 1069/389/370 397/18/370 389/15/602 1061/388/872
f 356/386/370 1070/385/370 1068/384/370 248/383/370
f 1070/385/370 398/14/370 396/11/370 1068/384/370
f 871/430/885 1071/429/886 1046/429/850 58/430/849
f 1071/429/886 873/209/673 198/209/448 1046/429/850
f 872/430/887 1072/429/888 1071/429/886 871/430/885
f 1072/429/888 874/209/674 873/209/673 1071/429/886
f 580/430/848 1045/429/847 1072/429/888 872/430/887
f 1045/429/847 600/209/182 874/209/674 1072/429/888
f 262/405/870 1060/406/869 1073/406/889 937/405/890
f 1060/406/869 388/33/599 939/33/737 1073/406/889
f 937/405/890 1073/406/889 1074/406/891 938/405/892
f 1073/406/889 939/33/737 940/33/738 1074/406/891
f 938/405/892 1074/406/891 1033/406/830 773/405/829
f 1074/406/891 940/33/738 790/33/28 1033/406/830
f 784/38/11 1075/431/11 1076/432/11 788/35/11
f 1075/431/11 786/383/11 789/386/11 1076/432/11
f 766/42/31 1078/433/893 1079/434/11 785/39/11
f 1078/433/893 768/387/813 787/390/11 1079/434/11
f 785/39/11 1079/434/11 1075/431/11 784/38/11
f 1079/434/11 787/390/11 786/383/11 1075/431/11
f 782/46/35 1080/435/894 1081/436/895 778/43/32
f 1080/435/894 783/391/815 779/394/818 1081/436/895
f 780/48/37 1082/437/896 1080/435/894 782/46/35
f 1082/437/896 781/395/819 783/391/815 1080/435/894
f 770/50/39 1083/438/897 1082/437/896 780/48/37
f 1083/438/897 772/397/821 781/395/819 1082/437/896
f 778/43/32 1081/436/895 1084/439/898 776/51/40
f 1081/436/895 779/394/818 777/400/824 1084/439/898
f 776/51/40 1084/439/898 1085/440/899 774/53/42
f 1084/439/898 777/400/824 775/402/826 1085/440/899
f 774/53/42 1085/440/899 1086/441/900 767/55/44
f 1085/440/899 775/402/826 769/404/828 1086/441/900
f 771/58/47 1087/442/901 1083/438/897 770/50/39
f 1087/442/901 773/405/829 772/397/821 1083/438/897
f 767/55/44 1086/441/900 1078/433/893 766/42/31
f 1086/441/900 769/404/828 768/387/813 1078/433/893
f 597/211/11 1088/443/11 1089/444/11 592/212/11
f 1088/443/11 598/407/11 595/410/11 1089/444/11
f 593/215/11 1090/445/11 1091/446/902 574/216/184
f 1090/445/11 594/411/11 577/414/832 1091/446/902
f 592/212/11 1089/444/11 1090/445/11 593/215/11
f 1089/444/11 595/410/11 594/411/11 1090/445/11
f 586/219/186 1092/447/903 1093/448/904 590/220/187
f 1092/447/903 587/415/833 591/418/836 1093/448/904
f 590/220/187 1093/448/904 1094/449/905 588/223/190
f 1093/448/904 591/418/836 589/420/838 1094/449/905
f 588/223/190 1094/449/905 1095/450/906 578/225/192
f 1094/449/905 589/420/838 581/422/840 1095/450/906
f 584/227/194 1096/451/907 1092/447/903 586/219/186
f 1096/451/907 585/423/841 587/415/833 1092/447/903
f 582/229/196 1097/452/908 1096/451/907 584/227/194
f 1097/452/908 583/425/843 585/423/841 1096/451/907
f 575/231/198 1098/453/909 1097/452/908 582/229/196
f 1098/453/909 576/427/845 583/425/843 1097/452/908
f 578/225/192 1095/450/906 1099/454/910 579/233/200
f 1095/450/906 581/422/840 580/430/848 1099/454/910
f 574/216/184 1091/446/902 1098/453/909 575/231/198
f 1091/446/902 577/414/832 576/427/845 1098/453/909
f 184/231/440 1100/453/911 1101/446/912 185/216/439
f 1100/453/911 39/427/853 40/414/856 1101/446/912
f 186/233/442 1102/454/913 1103/450/914 187/225/441
f 1102/454/913 58/430/849 57/422/852 1103/450/914
f 188/229/443 1104/452/915 1100/453/911 184/231/440
f 1104/452/915 68/425/857 39/427/853 1100/453/911
f 189/227/444 1105/451/916 1104/452/915 188/229/443
f 1105/451/916 71/423/859 68/425/857 1104/452/915
f 190/219/445 1106/447/917 1105/451/916 189/227/444
f 1106/447/917 74/415/861 71/423/859 1105/451/916
f 187/225/441 1103/450/914 1107/449/918 191/223/446
f 1103/450/914 57/422/852 108/420/864 1107/449/918
f 191/223/446 1107/449/918 1108/448/919 192/220/447
f 1107/449/918 108/420/864 110/418/866 1108/448/919
f 192/220/447 1108/448/919 1106/447/917 190/219/445
f 1108/448/919 110/418/866 74/415/861 1106/447/917
f 193/215/370 1109/445/370 1110/444/370 194/212/370
f 1109/445/370 119/411/370 42/410/370 1110/444/370
f 185/216/439 1101/446/912 1109/445/370 193/215/370
f 1101/446/912 40/414/856 119/411/370 1109/445/370
f 194/212/370 1110/444/370 1111/443/370 196/211/370
f 1110/444/370 42/410/370 164/407/370 1111/443/370
f 376/42/590 1113/433/920 1114/441/921 375/55/591
f 1113/433/920 247/387/871 246/404/874 1114/441/921
f 378/50/592 1115/438/922 1116/442/923 377/58/593
f 1115/438/922 261/397/867 262/405/870 1116/442/923
f 375/55/591 1114/441/921 1117/440/924 379/53/594
f 1114/441/921 246/404/874 270/402/876 1117/440/924
f 379/53/594 1117/440/924 1118/439/925 380/51/595
f 1117/440/924 270/402/876 273/400/878 1118/439/925
f 380/51/595 1118/439/925 1119/436/926 381/43/596
f 1118/439/925 273/400/878 276/394/880 1119/436/926
f 382/48/597 1120/437/927 1115/438/922 378/50/592
f 1120/437/927 308/395/881 261/397/867 1115/438/922
f 383/46/598 1121/435/928 1120/437/927 382/48/597
f 1121/435/928 310/391/883 308/395/881 1120/437/927
f 381/43/596 1119/436/926 1121/435/928 383/46/598
f 1119/436/926 276/394/880 310/391/883 1121/435/928
f 385/38/370 1122/431/370 1123/434/370 384/39/370
f 1122/431/370 248/383/370 319/390/370 1123/434/370
f 384/39/370 1123/434/370 1113/433/920 376/42/590
f 1123/434/370 319/390/370 247/387/871 1113/433/920
f 386/35/370 1124/432/370 1122/431/370 385/38/370
f 1124/432/370 356/386/370 248/383/370 1122/431/370
f 869/233/671 1125/454/929 1102/454/913 186/233/442
f 1125/454/929 871/430/885 58/430/849 1102/454/913
f 870/233/672 1126/454/930 1125/454/929 869/233/671
f 1126/454/930 872/430/887 871/430/885 1125/454/929
f 579/233/200 1099/454/910 1126/454/930 870/233/672
f 1099/454/910 580/430/848 872/430/887 1126/454/930
f 377/58/593 1116/442/923 1127/442/931 935/58/735
f 1116/442/923 262/405/870 937/405/890 1127/442/931
f 935/58/735 1127/442/931 1128/442/932 936/58/736
f 1127/442/931 937/405/890 938/405/892 1128/442/932
f 936/58/736 1128/442/932 1087/442/901 771/58/47
f 1128/442/932 938/405/892 773/405/829 1087/442/901
f 1296/455/933 760/72/61 738/71/60 1295/456/934
f 1295/456/934 943/353/741 944/356/744 1296/455/933
f 1295/456/934 738/71/60 737/106/89 1297/457/935
f 1297/457/935 952/359/747 943/353/741 1295/456/934
f 1297/457/935 737/106/89 735/108/91 1298/458/936
f 1298/458/936 955/362/750 952/359/747 1297/457/935
f 1298/458/936 735/108/91 736/110/93 1299/459/937
f 1299/459/937 958/365/753 955/362/750 1298/458/936
f 1301/460/938 523/247/214 566/246/213 1300/461/939
f 1300/461/939 961/368/756 962/371/759 1301/460/938
f 1302/462/940 522/281/240 523/247/214 1301/460/938
f 1301/460/938 962/371/759 967/375/763 1302/462/940
f 1303/463/941 520/283/242 522/281/240 1302/462/940
f 1302/462/940 967/375/763 970/378/766 1303/463/941
f 1304/464/942 521/285/244 520/283/242 1303/463/941
f 1303/463/941 970/378/766 973/381/769 1304/464/942
f 1306/463/943 151/283/413 150/285/414 1305/464/944
f 1305/464/944 976/381/771 977/378/774 1306/463/943
f 1307/462/945 152/281/415 151/283/413 1306/463/943
f 1306/463/943 977/378/774 982/375/778 1307/462/945
f 1308/460/946 153/247/416 152/281/415 1307/462/945
f 1307/462/945 982/375/778 985/371/781 1308/460/946
f 1309/461/947 177/246/433 153/247/416 1308/460/946
f 1308/460/946 985/371/781 988/368/784 1309/461/947
f 1311/459/948 343/110/566 344/108/565 1310/458/949
f 1310/458/949 994/362/786 995/365/789 1311/459/948
f 1310/458/949 344/108/565 345/106/567 1312/457/950
f 1312/457/950 1000/359/792 994/362/786 1310/458/949
f 1312/457/950 345/106/567 346/71/568 1313/456/951
f 1313/456/951 1003/353/795 1000/359/792 1312/457/950
f 1313/456/951 346/71/568 369/72/584 1314/455/952
f 1314/455/952 1006/356/798 1003/353/795 1313/456/951
f 1305/464/944 150/285/414 857/285/663 1315/464/953
f 1315/464/953 1009/381/801 976/381/771 1305/464/944
f 1315/464/953 857/285/663 858/285/664 1316/464/954
f 1316/464/954 1012/381/804 1009/381/801 1315/464/953
f 1316/464/954 858/285/664 521/285/244 1304/464/942
f 1304/464/942 973/381/769 1012/381/804 1316/464/954
f 1317/459/955 927/110/727 343/110/566 1311/459/948
f 1311/459/948 995/365/789 1015/365/808 1317/459/955
f 1318/459/956 928/110/728 927/110/727 1317/459/955
f 1317/459/955 1015/365/808 1018/365/811 1318/459/956
f 1299/459/937 736/110/93 928/110/728 1318/459/956
f 1318/459/956 1018/365/811 958/365/753 1299/459/937
f 764/62/51 1325/465/957 1326/466/958 765/59/48
f 1325/465/957 1266/467/959 1265/468/960 1326/466/958
f 763/64/53 1327/469/961 1325/465/957 764/62/51
f 1327/469/961 1267/470/962 1266/467/959 1325/465/957
f 762/66/55 1328/471/963 1327/469/961 763/64/53
f 1328/471/963 1268/472/964 1267/470/962 1327/469/961
f 761/68/57 1329/473/965 1328/471/963 762/66/55
f 1329/473/965 1269/474/966 1268/472/964 1328/471/963
f 572/235/202 1330/475/967 1331/476/968 571/236/203
f 1330/475/967 1271/477/969 1270/478/970 1331/476/968
f 571/236/203 1331/476/968 1332/479/971 570/239/206
f 1331/476/968 1270/478/970 1272/480/972 1332/479/971
f 570/239/206 1332/479/971 1333/481/973 569/241/208
f 1332/479/971 1272/480/972 1273/482/974 1333/481/973
f 569/241/208 1333/481/973 1334/483/975 568/243/210
f 1333/481/973 1273/482/974 1274/484/976 1334/483/975
f 179/243/435 1335/483/977 1336/481/978 178/241/434
f 1335/483/977 1276/484/979 1275/482/980 1336/481/978
f 178/241/434 1336/481/978 1337/479/981 180/239/436
f 1336/481/978 1275/482/980 1277/480/982 1337/479/981
f 180/239/436 1337/479/981 1338/476/983 181/236/437
f 1337/479/981 1277/480/982 1278/478/984 1338/476/983
f 181/236/437 1338/476/983 1339/475/985 183/235/438
f 1338/476/983 1278/478/984 1279/477/986 1339/475/985
f 370/66/585 1340/471/987 1341/473/988 371/68/586
f 1340/471/987 1281/472/989 1280/474/990 1341/473/988
f 372/64/587 1342/469/991 1340/471/987 370/66/585
f 1342/469/991 1282/470/992 1281/472/989 1340/471/987
f 373/62/588 1343/465/993 1342/469/991 372/64/587
f 1343/465/993 1283/467/994 1282/470/992 1342/469/991
f 374/59/589 1344/466/995 1343/465/993 373/62/588
f 1344/466/995 1284/468/996 1283/467/994 1343/465/993
f 867/243/669 1345/483/997 1335/483/977 179/243/435
f 1345/483/997 1285/484/998 1276/484/979 1335/483/977
f 868/243/670 1346/483/999 1345/483/997 867/243/669
f 1346/483/999 1286/484/1000 1285/484/998 1345/483/997
f 568/243/210 1334/483/975 1346/483/999 868/243/670
f 1334/483/975 1274/484/976 1286/484/1000 1346/483/999
f 371/68/586 1341/473/988 1347/473/1001 933/68/733
f 1341/473/988 1280/474/990 1287/474/1002 1347/473/1001
f 933/68/733 1347/473/1001 1348/473/1003 934/68/734
f 1347/473/1001 1287/474/1002 1288/474/1004 1348/473/1003
f 934/68/734 1348/473/1003 1329/473/965 761/68/57
f 1348/473/1003 1288/474/1004 1269/474/966 1329/473/965
f 1266/467/959 1355/485/1005 1356/486/1006 1265/468/960
f 1355/485/1005 730/76/65 758/75/64 1356/486/1006
f 1267/470/962 1357/487/1007 1355/485/1005 1266/467/959
f 1357/487/1007 729/114/97 730/76/65 1355/485/1005
f 1268/472/964 1358/488/1008 1357/487/1007 1267/470/962
f 1358/488/1008 728/116/99 729/114/97 1357/487/1007
f 1269/474/966 1359/489/1009 1358/488/1008 1268/472/964
f 1359/489/1009 727/118/101 728/116/99 1358/488/1008
f 1271/477/969 1360/490/1010 1361/491/1011 1270/478/970
f 1360/490/1010 563/251/218 515/254/221 1361/491/1011
f 1270/478/970 1361/491/1011 1362/492/1012 1272/480/972
f 1361/491/1011 515/254/221 514/290/249 1362/492/1012
f 1272/480/972 1362/492/1012 1363/493/1013 1273/482/974
f 1362/492/1012 514/290/249 513/292/251 1363/493/1013
f 1273/482/974 1363/493/1013 1364/494/1014 1274/484/976
f 1363/493/1013 513/292/251 512/294/253 1364/494/1014
f 1276/484/979 1365/494/1015 1366/493/1016 1275/482/980
f 1365/494/1015 140/294/405 141/292/406 1366/493/1016
f 1275/482/980 1366/493/1016 1367/492/1017 1277/480/982
f 1366/493/1016 141/292/406 142/290/407 1367/492/1017
f 1277/480/982 1367/492/1017 1368/491/1018 1278/478/984
f 1367/492/1017 142/290/407 143/254/408 1368/491/1018
f 1278/478/984 1368/491/1018 1369/490/1019 1279/477/986
f 1368/491/1018 143/254/408 175/251/431 1369/490/1019
f 1281/472/989 1370/488/1020 1371/489/1021 1280/474/990
f 1370/488/1020 336/116/558 335/118/557 1371/489/1021
f 1282/470/992 1372/487/1022 1370/488/1020 1281/472/989
f 1372/487/1022 337/114/559 336/116/558 1370/488/1020
f 1283/467/994 1373/485/1023 1372/487/1022 1282/470/992
f 1373/485/1023 338/76/560 337/114/559 1372/487/1022
f 1284/468/996 1374/486/1024 1373/485/1023 1283/467/994
f 1374/486/1024 367/75/582 338/76/560 1373/485/1023
f 1285/484/998 1375/494/1025 1365/494/1015 1276/484/979
f 1375/494/1025 853/294/659 140/294/405 1365/494/1015
f 1286/484/1000 1376/494/1026 1375/494/1025 1285/484/998
f 1376/494/1026 854/294/660 853/294/659 1375/494/1025
f 1274/484/976 1364/494/1014 1376/494/1026 1286/484/1000
f 1364/494/1014 512/294/253 854/294/660 1376/494/1026
f 1280/474/990 1371/489/1021 1377/489/1027 1287/474/1002
f 1371/489/1021 335/118/557 923/118/723 1377/489/1027
f 1287/474/1002 1377/489/1027 1378/489/1028 1288/474/1004
f 1377/489/1027 923/118/723 924/118/724 1378/489/1028
f 1288/474/1004 1378/489/1028 1359/489/1009 1269/474/966
f 1378/489/1028 924/118/724 727/118/101 1359/489/1009
f 1197/495/1029 1385/496/1030 1386/497/1031 1198/498/1032
f 1385/496/1030 553/179/158 617/178/157 1386/497/1031
f 1199/499/11 1387/500/11 1388/501/11 1200/502/11
f 1387/500/11 547/189/11 611/188/11 1388/501/11
f 1201/503/11 1389/504/11 1390/505/11 1202/506/11
f 1389/504/11 597/211/11 540/214/11 1390/505/11
f 1203/507/1033 1391/508/1034 1392/509/1035 1204/510/1036
f 1391/508/1034 572/235/202 558/238/205 1392/509/1035
f 1206/511/1037 1393/512/1038 1394/513/1039 1207/514/1040
f 1393/512/1038 566/246/213 564/245/212 1394/513/1039
f 1207/514/1040 1394/513/1039 1395/515/1041 1208/516/1042
f 1394/513/1039 564/245/212 548/249/216 1395/515/1041
f 1209/517/1043 1396/518/1044 1397/519/1045 1205/520/1046
f 1396/518/1044 561/252/219 563/251/218 1397/519/1045
f 1210/521/1047 1398/522/1048 1396/518/1044 1209/517/1043
f 1398/522/1048 555/255/222 561/252/219 1396/518/1044
f 1204/510/1036 1392/509/1035 1399/523/1049 1211/524/1050
f 1392/509/1035 558/238/205 556/257/224 1399/523/1049
f 1211/524/1050 1399/523/1049 1400/525/1051 1212/526/1052
f 1399/523/1049 556/257/224 524/259/226 1400/525/1051
f 1213/527/1053 1401/528/1054 1398/522/1048 1210/521/1047
f 1401/528/1054 535/261/228 555/255/222 1398/522/1048
f 1214/529/1055 1402/530/1056 1385/496/1030 1197/495/1029
f 1402/530/1056 551/263/230 553/179/158 1385/496/1030
f 1215/531/1057 1403/532/1058 1402/530/1056 1214/529/1055
f 1403/532/1058 531/265/232 551/263/230 1402/530/1056
f 1208/516/1042 1395/515/1041 1404/533/1059 1216/534/1060
f 1395/515/1041 548/249/216 536/267/234 1404/533/1059
f 1217/535/11 1405/536/11 1387/500/11 1199/499/11
f 1405/536/11 545/269/11 547/189/11 1387/500/11
f 1218/537/1061 1406/538/1062 1405/536/11 1217/535/11
f 1406/538/1062 539/271/83 545/269/11 1405/536/11
f 1219/539/11 1407/540/11 1408/541/11 1220/542/11
f 1407/540/11 543/274/11 532/273/11 1408/541/11
f 1202/506/11 1390/505/11 1407/540/11 1219/539/11
f 1390/505/11 540/214/11 543/274/11 1407/540/11
f 1216/534/1060 1404/533/1059 1406/538/1062 1218/537/1061
f 1404/533/1059 536/267/234 539/271/83 1406/538/1062
f 1220/542/11 1408/541/11 1401/528/1054 1213/527/1053
f 1408/541/11 532/273/11 535/261/228 1401/528/1054
f 1221/543/1063 1409/544/1064 1403/532/1058 1215/531/1057
f 1409/544/1064 528/277/236 531/265/232 1403/532/1058
f 1212/526/1052 1400/525/1051 1410/545/1065 1222/546/1066
f 1400/525/1051 524/259/226 527/279/238 1410/545/1065
f 1223/546/1067 1411/545/1068 1412/525/1069 1224/526/1070
f 1411/545/1068 155/279/417 156/259/418 1412/525/1069
f 1225/531/1071 1413/532/1072 1414/544/1073 1226/543/1074
f 1413/532/1072 157/265/419 158/277/420 1414/544/1073
f 1227/527/1075 1415/528/1076 1416/541/370 1228/542/370
f 1415/528/1076 159/261/421 160/273/370 1416/541/370
f 1229/537/1077 1417/538/1078 1418/533/1079 1230/534/1080
f 1417/538/1078 161/271/422 162/267/423 1418/533/1079
f 1231/539/370 1419/540/370 1420/505/370 1232/506/370
f 1419/540/370 166/274/370 163/214/370 1420/505/370
f 1228/542/370 1416/541/370 1419/540/370 1231/539/370
f 1416/541/370 160/273/370 166/274/370 1419/540/370
f 1233/535/370 1421/536/370 1417/538/1078 1229/537/1077
f 1421/536/370 167/269/370 161/271/422 1417/538/1078
f 1234/499/370 1422/500/370 1421/536/370 1233/535/370
f 1422/500/370 165/189/370 167/269/370 1421/536/370
f 1230/534/1080 1418/533/1079 1423/515/1081 1235/516/1082
f 1418/533/1079 162/267/423 168/249/424 1423/515/1081
f 1236/529/1083 1424/530/1084 1413/532/1072 1225/531/1071
f 1424/530/1084 169/263/425 157/265/419 1413/532/1072
f 1237/495/1085 1425/496/1086 1424/530/1084 1236/529/1083
f 1425/496/1086 170/179/426 169/263/425 1424/530/1084
f 1238/521/1087 1426/522/1088 1415/528/1076 1227/527/1075
f 1426/522/1088 171/255/427 159/261/421 1415/528/1076
f 1224/526/1070 1412/525/1069 1427/523/1089 1239/524/1090
f 1412/525/1069 156/259/418 172/257/428 1427/523/1089
f 1239/524/1090 1427/523/1089 1428/509/1091 1240/510/1092
f 1427/523/1089 172/257/428 173/238/429 1428/509/1091
f 1241/517/1093 1429/518/1094 1426/522/1088 1238/521/1087
f 1429/518/1094 174/252/430 171/255/427 1426/522/1088
f 1242/520/1095 1430/519/1096 1429/518/1094 1241/517/1093
f 1430/519/1096 175/251/431 174/252/430 1429/518/1094
f 1235/516/1082 1423/515/1081 1431/513/1097 1243/514/1098
f 1423/515/1081 168/249/424 176/245/432 1431/513/1097
f 1243/514/1098 1431/513/1097 1432/512/1099 1244/511/1100
f 1431/513/1097 176/245/432 177/246/433 1432/512/1099
f 1240/510/1092 1428/509/1091 1433/508/1101 1245/507/1102
f 1428/509/1091 173/238/429 183/235/438 1433/508/1101
f 1232/506/370 1420/505/370 1434/504/370 1246/503/370
f 1420/505/370 163/214/370 196/211/370 1434/504/370
f 1247/502/370 1435/501/370 1422/500/370 1234/499/370
f 1435/501/370 209/188/370 165/189/370 1422/500/370
f 1248/498/1103 1436/497/1104 1425/496/1086 1237/495/1085
f 1436/497/1104 215/178/461 170/179/426 1425/496/1086
f 1249/546/1105 1437/545/1106 1411/545/1068 1223/546/1067
f 1437/545/1106 860/279/665 155/279/417 1411/545/1068
f 1250/546/1107 1438/545/1108 1437/545/1106 1249/546/1105
f 1438/545/1108 862/279/666 860/279/665 1437/545/1106
f 1222/546/1066 1410/545/1065 1438/545/1108 1250/546/1107
f 1410/545/1065 527/279/238 862/279/666 1438/545/1108
f 1226/543/1074 1414/544/1073 1439/544/1109 1251/543/1110
f 1414/544/1073 158/277/420 863/277/667 1439/544/1109
f 1251/543/1110 1439/544/1109 1440/544/1111 1252/543/1112
f 1439/544/1109 863/277/667 865/277/668 1440/544/1111
f 1252/543/1112 1440/544/1111 1409/544/1064 1221/543/1063
f 1440/544/1111 865/277/668 528/277/236 1409/544/1064
f 1254/547/1113 1441/548/1114 1442/549/1115 1253/550/1116
f 1441/548/1114 963/369/757 961/368/756 1442/549/1115
f 1255/551/1117 1443/552/1118 1441/548/1114 1254/547/1113
f 1443/552/1118 965/372/760 963/369/757 1441/548/1114
f 1198/498/1032 1386/497/1031 1443/552/1118 1255/551/1117
f 1386/497/1031 617/178/157 965/372/760 1443/552/1118
f 1256/550/1119 1444/549/1120 1445/548/1121 1257/547/1122
f 1444/549/1120 988/368/784 990/369/783 1445/548/1121
f 1257/547/1122 1445/548/1121 1446/552/1123 1258/551/1124
f 1445/548/1121 990/369/783 992/372/785 1446/552/1123
f 1258/551/1124 1446/552/1123 1436/497/1104 1248/498/1103
f 1446/552/1123 992/372/785 215/178/461 1436/497/1104
f 1259/553/11 1447/554/11 1448/555/11 1260/556/11
f 1447/554/11 1034/408/11 598/407/11 1448/555/11
f 1200/502/11 1388/501/11 1447/554/11 1259/553/11
f 1388/501/11 611/188/11 1034/408/11 1447/554/11
f 1261/556/370 1449/555/370 1450/554/370 1262/553/370
f 1449/555/370 164/407/370 1057/408/370 1450/554/370
f 1262/553/370 1450/554/370 1435/501/370 1247/502/370
f 1450/554/370 1057/408/370 209/188/370 1435/501/370
f 1263/557/11 1451/558/11 1389/504/11 1201/503/11
f 1451/558/11 1088/443/11 597/211/11 1389/504/11
f 1260/556/11 1448/555/11 1451/558/11 1263/557/11
f 1448/555/11 598/407/11 1088/443/11 1451/558/11
f 1246/503/370 1434/504/370 1452/558/370 1264/557/370
f 1434/504/370 196/211/370 1111/443/370 1452/558/370
f 1264/557/370 1452/558/370 1449/555/370 1261/556/370
f 1452/558/370 1111/443/370 164/407/370 1449/555/370
f 1323/559/1125 1453/560/1126 1393/512/1038 1206/511/1037
f 1453/560/1126 1300/461/939 566/246/213 1393/512/1038
f 1253/550/1116 1442/549/1115 1453/560/1126 1323/559/1125
f 1442/549/1115 961/368/756 1300/461/939 1453/560/1126
f 1244/511/1100 1432/512/1099 1454/560/1127 1324/559/1128
f 1432/512/1099 177/246/433 1309/461/947 1454/560/1127
f 1324/559/1128 1454/560/1127 1444/549/1120 1256/550/1119
f 1454/560/1127 1309/461/947 988/368/784 1444/549/1120
f 1353/561/1129 1455/562/1130 1391/508/1034 1203/507/1033
f 1455/562/1130 1330/475/967 572/235/202 1391/508/1034
f 1293/563/1131 1456/564/1132 1455/562/1130 1353/561/1129
f 1456/564/1132 1271/477/969 1330/475/967 1455/562/1130
f 1245/507/1102 1433/508/1101 1457/562/1133 1354/561/1134
f 1433/508/1101 183/235/438 1339/475/985 1457/562/1133
f 1354/561/1134 1457/562/1133 1458/564/1135 1294/563/1136
f 1457/562/1133 1339/475/985 1279/477/986 1458/564/1135
f 1383/565/1137 1459/566/1138 1456/564/1132 1293/563/1131
f 1459/566/1138 1360/490/1010 1271/477/969 1456/564/1132
f 1205/520/1046 1397/519/1045 1459/566/1138 1383/565/1137
f 1397/519/1045 563/251/218 1360/490/1010 1459/566/1138
f 1294/563/1136 1458/564/1135 1460/566/1139 1384/565/1140
f 1458/564/1135 1279/477/986 1369/490/1019 1460/566/1139
f 1384/565/1140 1460/566/1139 1430/519/1096 1242/520/1095
f 1460/566/1139 1369/490/1019 175/251/431 1430/519/1096
f 552/567/1141 1461/568/1142 1462/569/1143 618/570/1144
f 1461/568/1142 1197/495/1029 1198/498/1032 1462/569/1143
f 546/571/11 1463/572/11 1464/573/11 612/574/11
f 1463/572/11 1199/499/11 1200/502/11 1464/573/11
f 596/575/11 1465/576/11 1466/577/11 541/578/11
f 1465/576/11 1201/503/11 1202/506/11 1466/577/11
f 573/579/1145 1467/580/1146 1468/581/1147 559/582/1148
f 1467/580/1146 1203/507/1033 1204/510/1036 1468/581/1147
f 567/583/1149 1469/584/1150 1470/585/1151 565/586/1152
f 1469/584/1150 1206/511/1037 1207/514/1040 1470/585/1151
f 565/586/1152 1470/585/1151 1471/587/1153 549/588/1154
f 1470/585/1151 1207/514/1040 1208/516/1042 1471/587/1153
f 560/589/1155 1472/590/1156 1473/591/1157 562/592/1158
f 1472/590/1156 1209/517/1043 1205/520/1046 1473/591/1157
f 554/593/1159 1474/594/1160 1472/590/1156 560/589/1155
f 1474/594/1160 1210/521/1047 1209/517/1043 1472/590/1156
f 559/582/1148 1468/581/1147 1475/595/1161 557/596/1162
f 1468/581/1147 1204/510/1036 1211/524/1050 1475/595/1161
f 557/596/1162 1475/595/1161 1476/597/1163 525/598/1164
f 1475/595/1161 1211/524/1050 1212/526/1052 1476/597/1163
f 534/599/1165 1477/600/1166 1474/594/1160 554/593/1159
f 1477/600/1166 1213/527/1053 1210/521/1047 1474/594/1160
f 550/601/1167 1478/602/1168 1461/568/1142 552/567/1141
f 1478/602/1168 1214/529/1055 1197/495/1029 1461/568/1142
f 530/603/1169 1479/604/1170 1478/602/1168 550/601/1167
f 1479/604/1170 1215/531/1057 1214/529/1055 1478/602/1168
f 549/588/1154 1471/587/1153 1480/605/1171 537/606/1172
f 1471/587/1153 1208/516/1042 1216/534/1060 1480/605/1171
f 544/607/11 1481/608/11 1463/572/11 546/571/11
f 1481/608/11 1217/535/11 1199/499/11 1463/572/11
f 538/609/1173 1482/610/1174 1481/608/11 544/607/11
f 1482/610/1174 1218/537/1061 1217/535/11 1481/608/11
f 542/611/11 1483/612/11 1484/613/11 533/614/11
f 1483/612/11 1219/539/11 1220/542/11 1484/613/11
f 541/578/11 1466/577/11 1483/612/11 542/611/11
f 1466/577/11 1202/506/11 1219/539/11 1483/612/11
f 537/606/1172 1480/605/1171 1482/610/1174 538/609/1173
f 1480/605/1171 1216/534/1060 1218/537/1061 1482/610/1174
f 533/614/11 1484/613/11 1477/600/1166 534/599/1165
f 1484/613/11 1220/542/11 1213/527/1053 1477/600/1166
f 529/615/1175 1485/616/1176 1479/604/1170 530/603/1169
f 1485/616/1176 1221/543/1063 1215/531/1057 1479/604/1170
f 525/598/1164 1476/597/1163 1486/617/1177 526/618/1178
f 1476/597/1163 1212/526/1052 1222/546/1066 1486/617/1177
f 9/618/1179 1487/617/1180 1488/597/1181 33/598/1182
f 1487/617/1180 1223/546/1067 1224/526/1070 1488/597/1181
f 34/603/1183 1489/604/1184 1490/616/1185 13/615/1186
f 1489/604/1184 1225/531/1071 1226/543/1074 1490/616/1185
f 8/599/1187 1491/600/1188 1492/613/370 51/614/370
f 1491/600/1188 1227/527/1075 1228/542/370 1492/613/370
f 56/609/1189 1493/610/1190 1494/605/1191 7/606/1192
f 1493/610/1190 1229/537/1077 1230/534/1080 1494/605/1191
f 88/611/370 1495/612/370 1496/577/370 60/578/370
f 1495/612/370 1231/539/370 1232/506/370 1496/577/370
f 51/614/370 1492/613/370 1495/612/370 88/611/370
f 1492/613/370 1228/542/370 1231/539/370 1495/612/370
f 98/607/370 1497/608/370 1493/610/1190 56/609/1189
f 1497/608/370 1233/535/370 1229/537/1077 1493/610/1190
f 63/571/370 1498/572/370 1497/608/370 98/607/370
f 1498/572/370 1234/499/370 1233/535/370 1497/608/370
f 7/606/1192 1494/605/1191 1499/587/1193 21/588/1194
f 1494/605/1191 1230/534/1080 1235/516/1082 1499/587/1193
f 126/601/1195 1500/602/1196 1489/604/1184 34/603/1183
f 1500/602/1196 1236/529/1083 1225/531/1071 1489/604/1184
f 127/567/1197 1501/568/1198 1500/602/1196 126/601/1195
f 1501/568/1198 1237/495/1085 1236/529/1083 1500/602/1196
f 22/593/1199 1502/594/1200 1491/600/1188 8/599/1187
f 1502/594/1200 1238/521/1087 1227/527/1075 1491/600/1188
f 33/598/1182 1488/597/1181 1503/595/1201 132/596/1202
f 1488/597/1181 1224/526/1070 1239/524/1090 1503/595/1201
f 132/596/1202 1503/595/1201 1504/581/1203 134/582/1204
f 1503/595/1201 1239/524/1090 1240/510/1092 1504/581/1203
f 139/589/1205 1505/590/1206 1502/594/1200 22/593/1199
f 1505/590/1206 1241/517/1093 1238/521/1087 1502/594/1200
f 144/592/1207 1506/591/1208 1505/590/1206 139/589/1205
f 1506/591/1208 1242/520/1095 1241/517/1093 1505/590/1206
f 21/588/1194 1499/587/1193 1507/585/1209 149/586/1210
f 1499/587/1193 1235/516/1082 1243/514/1098 1507/585/1209
f 149/586/1210 1507/585/1209 1508/584/1211 154/583/1212
f 1507/585/1209 1243/514/1098 1244/511/1100 1508/584/1211
f 134/582/1204 1504/581/1203 1509/580/1213 182/579/1214
f 1504/581/1203 1240/510/1092 1245/507/1102 1509/580/1213
f 60/578/370 1496/577/370 1510/576/370 195/575/370
f 1496/577/370 1232/506/370 1246/503/370 1510/576/370
f 208/574/370 1511/573/370 1498/572/370 63/571/370
f 1511/573/370 1247/502/370 1234/499/370 1498/572/370
f 214/570/1215 1512/569/1216 1501/568/1198 127/567/1197
f 1512/569/1216 1248/498/1103 1237/495/1085 1501/568/1198
f 859/618/1217 1513/617/1218 1487/617/1180 9/618/1179
f 1513/617/1218 1249/546/1105 1223/546/1067 1487/617/1180
f 861/618/1219 1514/617/1220 1513/617/1218 859/618/1217
f 1514/617/1220 1250/546/1107 1249/546/1105 1513/617/1218
f 526/618/1178 1486/617/1177 1514/617/1220 861/618/1219
f 1486/617/1177 1222/546/1066 1250/546/1107 1514/617/1220
f 13/615/1186 1490/616/1185 1515/616/1221 864/615/1222
f 1490/616/1185 1226/543/1074 1251/543/1110 1515/616/1221
f 864/615/1222 1515/616/1221 1516/616/1223 866/615/1224
f 1515/616/1221 1251/543/1110 1252/543/1112 1516/616/1223
f 866/615/1224 1516/616/1223 1485/616/1176 529/615/1175
f 1516/616/1223 1252/543/1112 1221/543/1063 1485/616/1176
f 950/619/1225 1517/620/1226 1518/621/1227 949/622/1228
f 1517/620/1226 1254/547/1113 1253/550/1116 1518/621/1227
f 951/623/1229 1519/624/1230 1517/620/1226 950/619/1225
f 1519/624/1230 1255/551/1117 1254/547/1113 1517/620/1226
f 618/570/1144 1462/569/1143 1519/624/1230 951/623/1229
f 1462/569/1143 1198/498/1032 1255/551/1117 1519/624/1230
f 989/622/1231 1520/621/1232 1521/620/1233 991/619/1234
f 1520/621/1232 1256/550/1119 1257/547/1122 1521/620/1233
f 991/619/1234 1521/620/1233 1522/624/1235 993/623/1236
f 1521/620/1233 1257/547/1122 1258/551/1124 1522/624/1235
f 993/623/1236 1522/624/1235 1512/569/1216 214/570/1215
f 1522/624/1235 1258/551/1124 1248/498/1103 1512/569/1216
f 1023/625/11 1523/626/11 1524/627/11 599/628/11
f 1523/626/11 1259/553/11 1260/556/11 1524/627/11
f 612/574/11 1464/573/11 1523/626/11 1023/625/11
f 1464/573/11 1200/502/11 1259/553/11 1523/626/11
f 41/628/370 1525/627/370 1526/626/370 1058/625/370
f 1525/627/370 1261/556/370 1262/553/370 1526/626/370
f 1058/625/370 1526/626/370 1511/573/370 208/574/370
f 1526/626/370 1262/553/370 1247/502/370 1511/573/370
f 1077/629/11 1527/630/11 1465/576/11 596/575/11
f 1527/630/11 1263/557/11 1201/503/11 1465/576/11
f 599/628/11 1524/627/11 1527/630/11 1077/629/11
f 1524/627/11 1260/556/11 1263/557/11 1527/630/11
f 195/575/370 1510/576/370 1528/630/370 1112/629/370
f 1510/576/370 1246/503/370 1264/557/370 1528/630/370
f 1112/629/370 1528/630/370 1525/627/370 41/628/370
f 1528/630/370 1264/557/370 1261/556/370 1525/627/370
f 1320/631/1237 1529/632/1238 1469/584/1150 567/583/1149
f 1529/632/1238 1323/559/1125 1206/511/1037 1469/584/1150
f 949/622/1228 1518/621/1227 1529/632/1238 1320/631/1237
f 1518/621/1227 1253/550/1116 1323/559/1125 1529/632/1238
f 154/583/1212 1508/584/1211 1530/632/1239 1322/631/1240
f 1508/584/1211 1244/511/1100 1324/559/1128 1530/632/1239
f 1322/631/1240 1530/632/1239 1520/621/1232 989/622/1231
f 1530/632/1239 1324/559/1128 1256/550/1119 1520/621/1232
f 1350/633/1241 1531/634/1242 1467/580/1146 573/579/1145
f 1531/634/1242 1353/561/1129 1203/507/1033 1467/580/1146
f 1290/635/1243 1532/636/1244 1531/634/1242 1350/633/1241
f 1532/636/1244 1293/563/1131 1353/561/1129 1531/634/1242
f 182/579/1214 1509/580/1213 1533/634/1245 1352/633/1246
f 1509/580/1213 1245/507/1102 1354/561/1134 1533/634/1245
f 1352/633/1246 1533/634/1245 1534/636/1247 1292/635/1248
f 1533/634/1245 1354/561/1134 1294/563/1136 1534/636/1247
f 1380/637/1249 1535/638/1250 1532/636/1244 1290/635/1243
f 1535/638/1250 1383/565/1137 1293/563/1131 1532/636/1244
f 562/592/1158 1473/591/1157 1535/638/1250 1380/637/1249
f 1473/591/1157 1205/520/1046 1383/565/1137 1535/638/1250
f 1292/635/1248 1534/636/1247 1536/638/1251 1382/637/1252
f 1534/636/1247 1294/563/1136 1384/565/1140 1536/638/1251
f 1382/637/1252 1536/638/1251 1506/591/1208 144/592/1207
f 1536/638/1251 1384/565/1140 1242/520/1095 1506/591/1208
f 1129/639/1253 1537/640/1254 1538/641/1255 1130/642/1256
f 1537/640/1254 552/567/1141 618/570/1144 1538/641/1255
f 1131/643/11 1539/644/11 1540/645/11 1132/646/11
f 1539/644/11 546/571/11 612/574/11 1540/645/11
f 1133/647/11 1541/648/11 1542/649/11 1134/650/11
f 1541/648/11 596/575/11 541/578/11 1542/649/11
f 1135/651/1257 1543/652/1258 1544/653/1259 1136/654/1260
f 1543/652/1258 573/579/1145 559/582/1148 1544/653/1259
f 1138/655/1261 1545/656/1262 1546/657/1263 1139/658/1264
f 1545/656/1262 567/583/1149 565/586/1152 1546/657/1263
f 1139/658/1264 1546/657/1263 1547/659/1265 1140/660/1266
f 1546/657/1263 565/586/1152 549/588/1154 1547/659/1265
f 1141/661/1267 1548/662/1268 1549/663/1269 1137/664/1270
f 1548/662/1268 560/589/1155 562/592/1158 1549/663/1269
f 1142/665/1271 1550/666/1272 1548/662/1268 1141/661/1267
f 1550/666/1272 554/593/1159 560/589/1155 1548/662/1268
f 1136/654/1260 1544/653/1259 1551/667/1273 1143/668/1274
f 1544/653/1259 559/582/1148 557/596/1162 1551/667/1273
f 1143/668/1274 1551/667/1273 1552/669/1275 1144/670/1276
f 1551/667/1273 557/596/1162 525/598/1164 1552/669/1275
f 1145/671/1277 1553/672/1278 1550/666/1272 1142/665/1271
f 1553/672/1278 534/599/1165 554/593/1159 1550/666/1272
f 1146/673/1279 1554/674/1280 1537/640/1254 1129/639/1253
f 1554/674/1280 550/601/1167 552/567/1141 1537/640/1254
f 1147/675/1281 1555/676/1282 1554/674/1280 1146/673/1279
f 1555/676/1282 530/603/1169 550/601/1167 1554/674/1280
f 1140/660/1266 1547/659/1265 1556/677/1283 1148/678/1284
f 1547/659/1265 549/588/1154 537/606/1172 1556/677/1283
f 1149/679/11 1557/680/11 1539/644/11 1131/643/11
f 1557/680/11 544/607/11 546/571/11 1539/644/11
f 1150/681/1061 1558/682/1174 1557/680/11 1149/679/11
f 1558/682/1174 538/609/1173 544/607/11 1557/680/11
f 1151/683/11 1559/684/11 1560/685/11 1152/686/11
f 1559/684/11 542/611/11 533/614/11 1560/685/11
f 1134/650/11 1542/649/11 1559/684/11 1151/683/11
f 1542/649/11 541/578/11 542/611/11 1559/684/11
f 1148/678/1284 1556/677/1283 1558/682/1174 1150/681/1061
f 1556/677/1283 537/606/1172 538/609/1173 1558/682/1174
f 1152/686/11 1560/685/11 1553/672/1278 1145/671/1277
f 1560/685/11 533/614/11 534/599/1165 1553/672/1278
f 1153/687/1285 1561/688/1286 1555/676/1282 1147/675/1281
f 1561/688/1286 529/615/1175 530/603/1169 1555/676/1282
f 1144/670/1276 1552/669/1275 1562/689/1287 1154/690/1288
f 1552/669/1275 525/598/1164 526/618/1178 1562/689/1287
f 1155/690/1289 1563/689/1290 1564/669/1291 1156/670/1292
f 1563/689/1290 9/618/1179 33/598/1182 1564/669/1291
f 1157/675/1293 1565/676/1294 1566/688/1295 1158/687/1296
f 1565/676/1294 34/603/1183 13/615/1186 1566/688/1295
f 1159/671/1297 1567/672/1298 1568/685/370 1160/686/370
f 1567/672/1298 8/599/1187 51/614/370 1568/685/370
f 1161/681/1077 1569/682/1190 1570/677/1299 1162/678/1300
f 1569/682/1190 56/609/1189 7/606/1192 1570/677/1299
f 1163/683/370 1571/684/370 1572/649/370 1164/650/370
f 1571/684/370 88/611/370 60/578/370 1572/649/370
f 1160/686/370 1568/685/370 1571/684/370 1163/683/370
f 1568/685/370 51/614/370 88/611/370 1571/684/370
f 1165/679/370 1573/680/370 1569/682/1190 1161/681/1077
f 1573/680/370 98/607/370 56/609/1189 1569/682/1190
f 1166/643/370 1574/644/370 1573/680/370 1165/679/370
f 1574/644/370 63/571/370 98/607/370 1573/680/370
f 1162/678/1300 1570/677/1299 1575/659/1301 1167/660/1302
f 1570/677/1299 7/606/1192 21/588/1194 1575/659/1301
f 1168/673/1303 1576/674/1304 1565/676/1294 1157/675/1293
f 1576/674/1304 126/601/1195 34/603/1183 1565/676/1294
f 1169/639/1305 1577/640/1306 1576/674/1304 1168/673/1303
f 1577/640/1306 127/567/1197 126/601/1195 1576/674/1304
f 1170/665/1307 1578/666/1308 1567/672/1298 1159/671/1297
f 1578/666/1308 22/593/1199 8/599/1187 1567/672/1298
f 1156/670/1292 1564/669/1291 1579/667/1309 1171/668/1310
f 1564/669/1291 33/598/1182 132/596/1202 1579/667/1309
f 1171/668/1310 1579/667/1309 1580/653/1311 1172/654/1312
f 1579/667/1309 132/596/1202 134/582/1204 1580/653/1311
f 1173/661/1313 1581/662/1314 1578/666/1308 1170/665/1307
f 1581/662/1314 139/589/1205 22/593/1199 1578/666/1308
f 1174/664/1315 1582/663/1316 1581/662/1314 1173/661/1313
f 1582/663/1316 144/592/1207 139/589/1205 1581/662/1314
f 1167/660/1302 1575/659/1301 1583/657/1317 1175/658/1318
f 1575/659/1301 21/588/1194 149/586/1210 1583/657/1317
f 1175/658/1318 1583/657/1317 1584/656/1319 1176/655/1320
f 1583/657/1317 149/586/1210 154/583/1212 1584/656/1319
f 1172/654/1312 1580/653/1311 1585/652/1321 1177/651/1322
f 1580/653/1311 134/582/1204 182/579/1214 1585/652/1321
f 1164/650/370 1572/649/370 1586/648/370 1178/647/370
f 1572/649/370 60/578/370 195/575/370 1586/648/370
f 1179/646/370 1587/645/370 1574/644/370 1166/643/370
f 1587/645/370 208/574/370 63/571/370 1574/644/370
f 1180/642/1323 1588/641/1324 1577/640/1306 1169/639/1305
f 1588/641/1324 214/570/1215 127/567/1197 1577/640/1306
f 1181/690/1325 1589/689/1326 1563/689/1290 1155/690/1289
f 1589/689/1326 859/618/1217 9/618/1179 1563/689/1290
f 1182/690/1327 1590/689/1328 1589/689/1326 1181/690/1325
f 1590/689/1328 861/618/1219 859/618/1217 1589/689/1326
f 1154/690/1288 1562/689/1287 1590/689/1328 1182/690/1327
f 1562/689/1287 526/618/1178 861/618/1219 1590/689/1328
f 1158/687/1296 1566/688/1295 1591/688/1329 1183/687/1330
f 1566/688/1295 13/615/1186 864/615/1222 1591/688/1329
f 1183/687/1330 1591/688/1329 1592/688/1331 1184/687/1332
f 1591/688/1329 864/615/1222 866/615/1224 1592/688/1331
f 1184/687/1332 1592/688/1331 1561/688/1286 1153/687/1285
f 1592/688/1331 866/615/1224 529/615/1175 1561/688/1286
f 1186/691/1333 1593/692/1334 1594/693/1335 1185/694/1336
f 1593/692/1334 950/619/1225 949/622/1228 1594/693/1335
f 1187/695/1337 1595/696/1338 1593/692/1334 1186/691/1333
f 1595/696/1338 951/623/1229 950/619/1225 1593/692/1334
f 1130/642/1256 1538/641/1255 1595/696/1338 1187/695/1337
f 1538/641/1255 618/570/1144 951/623/1229 1595/696/1338
f 1188/694/1339 1596/693/1340 1597/692/1341 1189/691/1342
f 1596/693/1340 989/622/1231 991/619/1234 1597/692/1341
f 1189/691/1342 1597/692/1341 1598/696/1343 1190/695/1344
f 1597/692/1341 991/619/1234 993/623/1236 1598/696/1343
f 1190/695/1344 1598/696/1343 1588/641/1324 1180/642/1323
f 1598/696/1343 993/623/1236 214/570/1215 1588/641/1324
f 1191/697/11 1599/698/11 1600/699/11 1192/700/11
f 1599/698/11 1023/625/11 599/628/11 1600/699/11
f 1132/646/11 1540/645/11 1599/698/11 1191/697/11
f 1540/645/11 612/574/11 1023/625/11 1599/698/11
f 1193/700/370 1601/699/370 1602/698/370 1194/697/370
f 1601/699/370 41/628/370 1058/625/370 1602/698/370
f 1194/697/370 1602/698/370 1587/645/370 1179/646/370
f 1602/698/370 1058/625/370 208/574/370 1587/645/370
f 1195/701/11 1603/702/11 1541/648/11 1133/647/11
f 1603/702/11 1077/629/11 596/575/11 1541/648/11
f 1192/700/11 1600/699/11 1603/702/11 1195/701/11
f 1600/699/11 599/628/11 1077/629/11 1603/702/11
f 1178/647/370 1586/648/370 1604/702/370 1196/701/370
f 1586/648/370 195/575/370 1112/629/370 1604/702/370
f 1196/701/370 1604/702/370 1601/699/370 1193/700/370
f 1604/702/370 1112/629/370 41/628/370 1601/699/370
f 1319/703/1345 1605/704/1346 1545/656/1262 1138/655/1261
f 1605/704/1346 1320/631/1237 567/583/1149 1545/656/1262
f 1185/694/1336 1594/693/1335 1605/704/1346 1319/703/1345
f 1594/693/1335 949/622/1228 1320/631/1237 1605/704/1346
f 1176/655/1320 1584/656/1319 1606/704/1347 1321/703/1348
f 1584/656/1319 154/583/1212 1322/631/1240 1606/704/1347
f 1321/703/1348 1606/704/1347 1596/693/1340 1188/694/1339
f 1606/704/1347 1322/631/1240 989/622/1231 1596/693/1340
f 1349/705/1349 1607/706/1350 1543/652/1258 1135/651/1257
f 1607/706/1350 1350/633/1241 573/579/1145 1543/652/1258
f 1289/707/1351 1608/708/1352 1607/706/1350 1349/705/1349
f 1608/708/1352 1290/635/1243 1350/633/1241 1607/706/1350
f 1177/651/1322 1585/652/1321 1609/706/1353 1351/705/1354
f 1585/652/1321 182/579/1214 1352/633/1246 1609/706/1353
f 1351/705/1354 1609/706/1353 1610/708/1355 1291/707/1356
f 1609/706/1353 1352/633/1246 1292/635/1248 1610/708/1355
f 1379/709/1357 1611/710/1358 1608/708/1352 1289/707/1351
f 1611/710/1358 1380/637/1249 1290/635/1243 1608/708/1352
f 1137/664/1270 1549/663/1269 1611/710/1358 1379/709/1357
f 1549/663/1269 562/592/1158 1380/637/1249 1611/710/1358
f 1291/707/1356 1610/708/1355 1612/710/1359 1381/709/1360
f 1610/708/1355 1292/635/1248 1382/637/1252 1612/710/1359
f 1381/709/1360 1612/710/1359 1582/663/1316 1174/664/1315
f 1612/710/1359 1382/637/1252 144/592/1207 1582/663/1316
f 753/3/3 1613/711/1361 1614/712/1362 806/4/4
f 1613/711/1361 1129/639/1253 1130/642/1256 1614/712/1362
f 750/13/11 1615/713/11 1616/714/11 801/14/11
f 1615/713/11 1131/643/11 1132/646/11 1616/714/11
f 788/35/11 1617/715/11 1618/716/11 747/36/11
f 1617/715/11 1133/647/11 1134/650/11 1618/716/11
f 765/59/48 1619/717/1363 1620/718/1364 756/60/49
f 1619/717/1363 1135/651/1257 1136/654/1260 1620/718/1364
f 760/72/61 1621/719/1365 1622/720/1366 759/69/58
f 1621/719/1365 1138/655/1261 1139/658/1264 1622/720/1366
f 759/69/58 1622/720/1366 1623/721/1367 751/73/62
f 1622/720/1366 1139/658/1264 1140/660/1266 1623/721/1367
f 757/78/67 1624/722/1368 1625/723/1369 758/75/64
f 1624/722/1368 1141/661/1267 1137/664/1270 1625/723/1369
f 754/80/69 1626/724/1370 1624/722/1368 757/78/67
f 1626/724/1370 1142/665/1271 1141/661/1267 1624/722/1368
f 756/60/49 1620/718/1364 1627/725/1371 755/81/70
f 1620/718/1364 1136/654/1260 1143/668/1274 1627/725/1371
f 755/81/70 1627/725/1371 1628/726/1372 739/83/72
f 1627/725/1371 1143/668/1274 1144/670/1276 1628/726/1372
f 744/86/75 1629/727/1373 1626/724/1370 754/80/69
f 1629/727/1373 1145/671/1277 1142/665/1271 1626/724/1370
f 752/88/77 1630/728/1374 1613/711/1361 753/3/3
f 1630/728/1374 1146/673/1279 1129/639/1253 1613/711/1361
f 742/90/79 1631/729/1375 1630/728/1374 752/88/77
f 1631/729/1375 1147/675/1281 1146/673/1279 1630/728/1374
f 751/73/62 1623/721/1367 1632/730/1376 745/91/80
f 1623/721/1367 1140/660/1266 1148/678/1284 1632/730/1376
f 749/94/11 1633/731/11 1615/713/11 750/13/11
f 1633/731/11 1149/679/11 1131/643/11 1615/713/11
f 746/96/83 1634/732/1062 1633/731/11 749/94/11
f 1634/732/1062 1150/681/1061 1149/679/11 1633/731/11
f 748/100/11 1635/733/11 1636/734/11 743/97/11
f 1635/733/11 1151/683/11 1152/686/11 1636/734/11
f 747/36/11 1618/716/11 1635/733/11 748/100/11
f 1618/716/11 1134/650/11 1151/683/11 1635/733/11
f 745/91/80 1632/730/1376 1634/732/1062 746/96/83
f 1632/730/1376 1148/678/1284 1150/681/1061 1634/732/1062
f 743/97/11 1636/734/11 1629/727/1373 744/86/75
f 1636/734/11 1152/686/11 1145/671/1277 1629/727/1373
f 741/102/85 1637/735/1377 1631/729/1375 742/90/79
f 1637/735/1377 1153/687/1285 1147/675/1281 1631/729/1375
f 739/83/72 1628/726/1372 1638/736/1378 740/103/86
f 1628/726/1372 1144/670/1276 1154/690/1288 1638/736/1378
f 347/103/569 1639/736/1379 1640/726/1380 348/83/570
f 1639/736/1379 1155/690/1289 1156/670/1292 1640/726/1380
f 349/90/571 1641/729/1381 1642/735/1382 350/102/572
f 1641/729/1381 1157/675/1293 1158/687/1296 1642/735/1382
f 351/86/573 1643/727/1383 1644/734/370 352/97/370
f 1643/727/1383 1159/671/1297 1160/686/370 1644/734/370
f 353/96/422 1645/732/1078 1646/730/1384 354/91/574
f 1645/732/1078 1161/681/1077 1162/678/1300 1646/730/1384
f 358/100/370 1647/733/370 1648/716/370 355/36/370
f 1647/733/370 1163/683/370 1164/650/370 1648/716/370
f 352/97/370 1644/734/370 1647/733/370 358/100/370
f 1644/734/370 1160/686/370 1163/683/370 1647/733/370
f 359/94/370 1649/731/370 1645/732/1078 353/96/422
f 1649/731/370 1165/679/370 1161/681/1077 1645/732/1078
f 357/13/370 1650/713/370 1649/731/370 359/94/370
f 1650/713/370 1166/643/370 1165/679/370 1649/731/370
f 354/91/574 1646/730/1384 1651/721/1385 360/73/575
f 1646/730/1384 1162/678/1300 1167/660/1302 1651/721/1385
f 361/88/576 1652/728/1386 1641/729/1381 349/90/571
f 1652/728/1386 1168/673/1303 1157/675/1293 1641/729/1381
f 362/3/577 1653/711/1387 1652/728/1386 361/88/576
f 1653/711/1387 1169/639/1305 1168/673/1303 1652/728/1386
f 363/80/578 1654/724/1388 1643/727/1383 351/86/573
f 1654/724/1388 1170/665/1307 1159/671/1297 1643/727/1383
f 348/83/570 1640/726/1380 1655/725/1389 364/81/579
f 1640/726/1380 1156/670/1292 1171/668/1310 1655/725/1389
f 364/81/579 1655/725/1389 1656/718/1390 365/60/580
f 1655/725/1389 1171/668/1310 1172/654/1312 1656/718/1390
f 366/78/581 1657/722/1391 1654/724/1388 363/80/578
f 1657/722/1391 1173/661/1313 1170/665/1307 1654/724/1388
f 367/75/582 1658/723/1392 1657/722/1391 366/78/581
f 1658/723/1392 1174/664/1315 1173/661/1313 1657/722/1391
f 360/73/575 1651/721/1385 1659/720/1393 368/69/583
f 1651/721/1385 1167/660/1302 1175/658/1318 1659/720/1393
f 368/69/583 1659/720/1393 1660/719/1394 369/72/584
f 1659/720/1393 1175/658/1318 1176/655/1320 1660/719/1394
f 365/60/580 1656/718/1390 1661/717/1395 374/59/589
f 1656/718/1390 1172/654/1312 1177/651/1322 1661/717/1395
f 355/36/370 1648/716/370 1662/715/370 386/35/370
f 1648/716/370 1164/650/370 1178/647/370 1662/715/370
f 398/14/370 1663/714/370 1650/713/370 357/13/370
f 1663/714/370 1179/646/370 1166/643/370 1650/713/370
f 403/4/612 1664/712/1396 1653/711/1387 362/3/577
f 1664/712/1396 1180/642/1323 1169/639/1305 1653/711/1387
f 929/103/729 1665/736/1397 1639/736/1379 347/103/569
f 1665/736/1397 1181/690/1325 1155/690/1289 1639/736/1379
f 930/103/730 1666/736/1398 1665/736/1397 929/103/729
f 1666/736/1398 1182/690/1327 1181/690/1325 1665/736/1397
f 740/103/86 1638/736/1378 1666/736/1398 930/103/730
f 1638/736/1378 1154/690/1288 1182/690/1327 1666/736/1398
f 350/102/572 1642/735/1382 1667/735/1399 931/102/731
f 1642/735/1382 1158/687/1296 1183/687/1330 1667/735/1399
f 931/102/731 1667/735/1399 1668/735/1400 932/102/732
f 1667/735/1399 1183/687/1330 1184/687/1332 1668/735/1400
f 932/102/732 1668/735/1400 1637/735/1377 741/102/85
f 1668/735/1400 1184/687/1332 1153/687/1285 1637/735/1377
f 946/355/743 1669/737/1401 1670/738/1402 944/356/744
f 1669/737/1401 1186/691/1333 1185/694/1336 1670/738/1402
f 948/358/746 1671/739/1403 1669/737/1401 946/355/743
f 1671/739/1403 1187/695/1337 1186/691/1333 1669/737/1401
f 806/4/4 1614/712/1362 1671/739/1403 948/358/746
f 1614/712/1362 1130/642/1256 1187/695/1337 1671/739/1403
f 1006/356/798 1672/738/1404 1673/737/1405 1007/355/799
f 1672/738/1404 1188/694/1339 1189/691/1342 1673/737/1405
f 1007/355/799 1673/737/1405 1674/739/1406 1008/358/800
f 1673/737/1405 1189/691/1342 1190/695/1344 1674/739/1406
f 1008/358/800 1674/739/1406 1664/712/1396 403/4/612
f 1674/739/1406 1190/695/1344 1180/642/1323 1664/712/1396
f 1022/385/11 1675/740/11 1676/741/11 789/386/11
f 1675/740/11 1191/697/11 1192/700/11 1676/741/11
f 801/14/11 1616/714/11 1675/740/11 1022/385/11
f 1616/714/11 1132/646/11 1191/697/11 1675/740/11
f 356/386/370 1677/741/370 1678/740/370 1070/385/370
f 1677/741/370 1193/700/370 1194/697/370 1678/740/370
f 1070/385/370 1678/740/370 1663/714/370 398/14/370
f 1678/740/370 1194/697/370 1179/646/370 1663/714/370
f 1076/432/11 1679/742/11 1617/715/11 788/35/11
f 1679/742/11 1195/701/11 1133/647/11 1617/715/11
f 789/386/11 1676/741/11 1679/742/11 1076/432/11
f 1676/741/11 1192/700/11 1195/701/11 1679/742/11
f 386/35/370 1662/715/370 1680/742/370 1124/432/370
f 1662/715/370 1178/647/370 1196/701/370 1680/742/370
f 1124/432/370 1680/742/370 1677/741/370 356/386/370
f 1680/742/370 1196/701/370 1193/700/370 1677/741/370
f 1296/455/933 1681/743/1407 1621/719/1365 760/72/61
f 1681/743/1407 1319/703/1345 1138/655/1261 1621/719/1365
f 944/356/744 1670/738/1402 1681/743/1407 1296/455/933
f 1670/738/1402 1185/694/1336 1319/703/1345 1681/743/1407
f 369/72/584 1660/719/1394 1682/743/1408 1314/455/952
f 1660/719/1394 1176/655/1320 1321/703/1348 1682/743/1408
f 1314/455/952 1682/743/1408 1672/738/1404 1006/356/798
f 1682/743/1408 1321/703/1348 1188/694/1339 1672/738/1404
f 1326/466/958 1683/744/1409 1619/717/1363 765/59/48
f 1683/744/1409 1349/705/1349 1135/651/1257 1619/717/1363
f 1265/468/960 1684/745/1410 1683/744/1409 1326/466/958
f 1684/745/1410 1289/707/1351 1349/705/1349 1683/744/1409
f 374/59/589 1661/717/1395 1685/744/1411 1344/466/995
f 1661/717/1395 1177/651/1322 1351/705/1354 1685/744/1411
f 1344/466/995 1685/744/1411 1686/745/1412 1284/468/996
f 1685/744/1411 1351/705/1354 1291/707/1356 1686/745/1412
f 1356/486/1006 1687/746/1413 1684/745/1410 1265/468/960
f 1687/746/1413 1379/709/1357 1289/707/1351 1684/745/1410
f 758/75/64 1625/723/1369 1687/746/1413 1356/486/1006
f 1625/723/1369 1137/664/1270 1379/709/1357 1687/746/1413
f 1284/468/996 1686/745/1412 1688/746/1414 1374/486/1024
f 1686/745/1412 1291/707/1356 1381/709/1360 1688/746/1414
f 1374/486/1024 1688/746/1414 1658/723/1392 367/75/582
f 1688/746/1414 1381/709/1360 1174/664/1315 1658/723/1392

o paper-a
v -0.0955121 0.00110932 0.0237186
v -0.0990001 0.00110944 0.0170033
v -0.0964635 0.00110939 0.0199571
v -0.101476 0.00110952 0.115084
v -0.0955839 0.0011094 0.107499
v -0.0972598 0.00110947 0.112278
v 0 0.001 0.117384
v 0 0.001 0.0084
v -7.11438e-09 0.00222067 0.0489893
v -0.102681 0.00209506 0.0417814
v -0.0935655 0.0022208 0.0489893
v -0.0993876 0.00218558 0.0469679
v 0 0.00129693 0.022754
v -0.0967064 0.00129937 0.0224232
v -0.105046 0.00129923 0.030404
v -0.102503 0.00129941 0.0247269
v -0.109919 0.001 0.00844038
v -0.109919 0.001 0.11756
v -0.11 0.00125383 0.00814392
v -0.109915 0.0010877 0.117694
v 0 0.00108741 0.117511
v -1.48503e-12 0.00125384 0.00814394
v -0.102284 0.00209207 0.0416099
v -0.0991288 0.00218093 0.0467017
v -0.0934902 0.00221497 0.048656
v -0.104606 0.00129921 0.0305173
v -0.102128 0.00129939 0.0250619
v -0.0965388 0.00129935 0.0228418
v -0.1096 0.001 0.0084
v -0.109518 0.001 0.117559
v -0.1096 0.00125383 0.00814392
v -0.109515 0.0010877 0.117694
v -7.05634e-09 0.00221485 0.048656
v 0 0.00129686 0.023176
v -0.0934902 0.001 0.0084
v -0.0934902 0.00125383 0.00814392
v -0.09338 0.001 0.117536
v -0.0933754 0.00108766 0.117669
v -0.109426 0.001 0.063
v -0.1096 0.001 0.063
v 0 0.001 0.063
v -0.0934902 0.001 0.063
v -0.10171 0.00110952 0.11471
v -0.097686 0.00110947 0.11204
v -0.0959961 0.0011094 0.107403
v -0.0959689 0.00110932 0.0237644
v -0.0968992 0.00110939 0.0200766
v -0.0993112 0.00110944 0.0172376
v -0.1096 0.001 0.0088
v -0.109916 0.001 0.00884125
v 0 0.001 0.0088
v -0.0934902 0.001 0.0088
v -0.109916 0.001 0.117159
v -0.1096 0.001 0.1172
v -0.0934902 0.001 0.1172
v 0 0.001 0.1172
v -0.0954438 0.00110875 0.063
v -0.0950031 0.00110874 0.063
v -0.0934902 0.001 0.0236635
v 0 0.001 0.0236635
v -0.1096 0.001 0.0236635
v -0.109792 0.001 0.0237379
v 0 0.001 0.107503
v -0.0934902 0.001 0.107503
v -0.1096 0.001 0.107503
v -0.109843 0.001 0.10744
v -0.109893 0.00105494 0.107438
v -0.109464 0.00105459 0.063
v -0.10984 0.00105466 0.0237397
v -0.109831 0.00110948 0.107436
v -0.109389 0.00110904 0.063
v -0.109779 0.00110943 0.0237418
v -0.109429 0.00110948 0.107435
v -0.108983 0.00110903 0.063
v -0.109377 0.00110943 0.0237423
v -0.109968 0.0010535 0.117051
v -0.10997 0.0010536 0.117453
v -0.10991 0.00110956 0.116939
v -0.109911 0.00110956 0.117343
v -0.109503 0.00110956 0.116829
v -0.109502 0.00110956 0.117233
v -0.109969 0.00105126 0.00872364
v -0.109967 0.00105071 0.00912479
v -0.109914 0.00110943 0.00901861
v -0.109911 0.00110943 0.00942413
v -0.109519 0.00110956 0.00931723
v -0.109514 0.00110956 0.00972664
v 0 0.001 0.0092
v -0.0934902 0.001 0.0092
v -0.1096 0.001 0.0092
v -0.109914 0.001 0.00924212
v -0.109964 0.00105081 0.00951808
v -0.109908 0.00110944 0.00980943
v -0.109511 0.00110955 0.0101038
v -0.0995296 0.00110944 0.0174673
v -0.096304 0.00110933 0.0237638
v -0.097188 0.00110939 0.0202024
v 0 0.001 0.1168
v -0.0934902 0.001 0.1168
v -0.1096 0.001 0.1168
v -0.109914 0.001 0.116758
v -0.109965 0.00105355 0.116654
v -0.109907 0.00110956 0.116547
v -0.109501 0.00110956 0.116441
v -0.0963319 0.00110941 0.107404
v -0.101824 0.00110951 0.114386
v -0.097991 0.00110947 0.11187
v -0.0957821 0.00110876 0.063
v -0.101745 0.00110944 0.107418
v -0.101252 0.00110888 0.063
v -0.101709 0.00110937 0.0237515
v -0.1092 0.00125383 0.00814392
v -0.1092 0.001 0.0084
v -0.109117 0.001 0.117559
v -0.109114 0.0010877 0.117693
v -0.1092 0.001 0.0088
v -0.1092 0.001 0.1172
v -0.1092 0.001 0.0236635
v -0.1092 0.001 0.063
v -0.1092 0.001 0.107503
v -0.1092 0.001 0.0092
v -0.1092 0.001 0.1168
v -0.104221 0.00129919 0.0306179
v -0.101789 0.00129937 0.0252652
v -0.0964433 0.00129933 0.0231766
v 0 0.0012968 0.0235136
v 0 0.00129532 0.0310372
v -0.0930302 0.0012988 0.0306599
v -0.0934902 0.00220962 0.0483493
v -0.101927 0.00208998 0.0414905
v -0.098892 0.00217723 0.0464897
v -7.00296e-09 0.0022095 0.0483494
v -0.0934902 0.00208988 0.0414904
v -5.80864e-09 0.00208976 0.0414892
v -0.109909 0.00151189 0.00838853
v -0.109509 0.0015118 0.00838654
v -0.10911 0.00151172 0.00838515
v -0.0934902 0.00151172 0.00838515
v -4.53682e-11 0.00151171 0.00838515
v -0.109818 0.00151885 0.00878148
v -0.109418 0.00151878 0.00877749
v -0.109019 0.00151873 0.00877471
v -0.0934902 0.00151873 0.00877471
v -1.13175e-10 0.00151872 0.00877471
v -0.109886 0.00124839 0.117667
v -0.109485 0.00124822 0.117667
v -0.109085 0.00124807 0.117666
v -0.0933645 0.00124795 0.11764
v 0 0.00124716 0.117467
v -0.109861 0.00130002 0.117451
v -0.10946 0.00130001 0.117452
v -0.109059 0.00130001 0.117452
v -0.0933589 0.00129986 0.117425
v 0 0.00129887 0.117244
v -0.0915539 0.00222077 0.0489893
v -0.0914802 0.00221495 0.048656
v -0.0944465 0.0012993 0.022849
v -0.0946109 0.00129932 0.0224302
v -0.0914902 0.001 0.0084
v -0.0914902 0.001 0.0088
v -0.0914902 0.001 0.1172
v -0.0913767 0.001 0.117532
v -0.0914902 0.001 0.0236635
v -0.0914902 0.001 0.063
v -0.0914902 0.001 0.107503
v -0.0914902 0.001 0.0092
v -0.0914902 0.001 0.1168
v -0.091372 0.00108766 0.117666
v -0.0943528 0.00129928 0.0231838
v -0.0910163 0.00129873 0.0306683
v -0.0914902 0.00125383 0.00814392
v -0.0914802 0.00220959 0.0483493
v -0.0914802 0.00208985 0.0414903
v -0.0914902 0.00151172 0.00838515
v -0.0914902 0.00151873 0.00877471
v -0.0913607 0.00124793 0.117636
v -0.091355 0.00129984 0.117421
v -0.102754 0.00205703 0.0396031
v -0.103151 0.00205985 0.0397643
v -0.102394 0.00205506 0.0394908
v -0.0934902 0.00205497 0.0394907
v -5.46051e-09 0.00205485 0.0394896
v -0.0914802 0.00205495 0.0394907
v -0.10977 0.001 0.0257416
v -0.1096 0.001 0.0256635
v -0.0954815 0.00110929 0.0257277
v -0.0959375 0.00110929 0.0257711
v -0.109818 0.00105465 0.0257435
v -0.109755 0.00110941 0.0257458
v -0.109353 0.0011094 0.0257464
v -0.0962728 0.00110929 0.0257703
v -0.101681 0.00110934 0.0257571
v -0.1092 0.001 0.0256635
v -0.0934902 0.001 0.0256635
v 0 0.001 0.0256635
v -0.0914902 0.001 0.0256635
v -0.095971 0.00110937 0.105396
v -0.0955576 0.00110937 0.105488
v -0.1096 0.001 0.105503
v -0.109824 0.001 0.105435
v -0.109874 0.00105492 0.105433
v -0.109811 0.00110946 0.105431
v -0.109408 0.00110946 0.10543
v -0.0963069 0.00110938 0.105397
v -0.101723 0.00110941 0.105412
v -0.0934902 0.001 0.105503
v -0.1092 0.001 0.105503
v 0 0.001 0.105503
v -0.0914902 0.001 0.105503
v -0.10468 0.00129912 0.0325215
v -0.105119 0.00129914 0.0324108
v -0.104294 0.0012991 0.0326198
v -0.0929906 0.00129868 0.032663
v 0 0.00129489 0.0330475
v -0.0909755 0.00129859 0.0326716
v 0.0955126 0.00110967 0.0237186
v 0.0990006 0.00110979 0.0170034
v 0.096464 0.00110974 0.0199571
v 0.101477 0.00110987 0.115084
v 0.0955844 0.00110975 0.107499
v 0.0972604 0.00110982 0.112278
v 0.102681 0.00209465 0.0417815
v 0.0935655 0.00222055 0.0489894
v 0.0993876 0.00218519 0.0469679
v 0.0967064 0.00129937 0.0224232
v 0.105046 0.00129923 0.030404
v 0.102503 0.00129941 0.0247269
v 0.109919 0.001 0.00844038
v 0.109919 0.001 0.11756
v 0.11 0.00125384 0.00814395
v 0.109915 0.0010877 0.117694
v 0.102284 0.00209166 0.0416099
v 0.0991288 0.00218055 0.0467017
v 0.0934901 0.00221473 0.048656
v 0.104606 0.00129921 0.0305173
v 0.102128 0.00129939 0.0250619
v 0.0965388 0.00129935 0.0228418
v 0.1096 0.001 0.0084
v 0.109518 0.001 0.117559
v 0.1096 0.00125384 0.00814395
v 0.109515 0.0010877 0.117694
v 0.0934902 0.001 0.0084
v 0.0934902 0.00125384 0.00814395
v 0.09338 0.001 0.117536
v 0.0933755 0.00108766 0.117669
v 0.109426 0.001 0.063
v 0.1096 0.001 0.063
v 0.0934902 0.001 0.063
v 0.10171 0.00110987 0.11471
v 0.0976865 0.00110982 0.11204
v 0.0959966 0.00110975 0.107403
v 0.0959694 0.00110967 0.0237645
v 0.0968997 0.00110974 0.0200766
v 0.0993117 0.00110979 0.0172376
v 0.1096 0.001 0.0088
v 0.109916 0.001 0.00884125
v 0.0934902 0.001 0.0088
v 0.109916 0.001 0.117159
v 0.1096 0.001 0.1172
v 0.0934902 0.001 0.1172
v 0.0954442 0.0011091 0.063
v 0.0950035 0.00110909 0.063
v 0.0934902 0.001 0.0236635
v 0.1096 0.001 0.0236635
v 0.109792 0.001 0.0237379
v 0.0934902 0.001 0.107503
v 0.1096 0.001 0.107503
v 0.109843 0.001 0.10744
v 0.109893 0.00105506 0.107438
v 0.109464 0.00105471 0.063
v 0.10984 0.00105477 0.0237397
v 0.109832 0.00110983 0.107436
v 0.109389 0.00110939 0.063
v 0.109779 0.00110978 0.0237418
v 0.109429 0.00110983 0.107435
v 0.108983 0.00110938 0.063
v 0.109378 0.00110978 0.0237423
v 0.109968 0.00105361 0.117051
v 0.109971 0.00105372 0.117453
v 0.10991 0.00110991 0.116939
v 0.109911 0.00110991 0.117343
v 0.109504 0.00110991 0.116829
v 0.109502 0.00110991 0.117233
v 0.109969 0.00105136 0.00872365
v 0.109967 0.00105081 0.00912479
v 0.109914 0.00110978 0.00901861
v 0.109911 0.00110978 0.00942414
v 0.10952 0.00110991 0.00931724
v 0.109514 0.00110991 0.00972665
v 0.0934902 0.001 0.0092
v 0.1096 0.001 0.0092
v 0.109914 0.001 0.00924212
v 0.109965 0.00105092 0.00951809
v 0.109908 0.00110978 0.00980943
v 0.109512 0.0011099 0.0101038
v 0.0995302 0.00110979 0.0174673
v 0.0963045 0.00110968 0.0237638
v 0.0971885 0.00110974 0.0202024
v 0.0934902 0.001 0.1168
v 0.1096 0.001 0.1168
v 0.109914 0.001 0.116758
v 0.109966 0.00105367 0.116654
v 0.109907 0.00110991 0.116547
v 0.109501 0.00110991 0.116441
v 0.0963324 0.00110976 0.107404
v 0.101825 0.00110987 0.114386
v 0.0979915 0.00110982 0.11187
v 0.0957825 0.0011091 0.063
v 0.101746 0.00110979 0.107418
v 0.101252 0.00110923 0.063
v 0.101709 0.00110972 0.0237515
v 0.1092 0.00125384 0.00814395
v 0.1092 0.001 0.0084
v 0.109117 0.001 0.117559
v 0.109114 0.0010877 0.117693
v 0.1092 0.001 0.0088
v 0.1092 0.001 0.1172
v 0.1092 0.001 0.0236635
v 0.1092 0.001 0.063
v 0.1092 0.001 0.107503
v 0.1092 0.001 0.0092
v 0.1092 0.001 0.1168
v 0.104221 0.00129919 0.0306179
v 0.101789 0.00129937 0.0252652
v 0.0964433 0.00129933 0.0231766
v 0.0930302 0.0012988 0.0306599
v 0.0934901 0.00220938 0.0483494
v 0.101927 0.00208958 0.0414905
v 0.098892 0.00217685 0.0464898
v 0.0934901 0.00208968 0.0414904
v 0.109909 0.00151188 0.00838856
v 0.109509 0.00151178 0.00838657
v 0.10911 0.0015117 0.00838519
v 0.0934902 0.0015117 0.00838518
v 0.109818 0.00151883 0.00878152
v 0.109418 0.00151876 0.00877754
v 0.109019 0.00151871 0.00877476
v 0.0934902 0.00151871 0.00877474
v 0.109886 0.00124839 0.117667
v 0.109485 0.00124822 0.117667
v 0.109085 0.00124807 0.117666
v 0.0933645 0.00124795 0.11764
v 0.109861 0.00130002 0.117451
v 0.10946 0.00130001 0.117452
v 0.109059 0.00130001 0.117452
v 0.0933589 0.00129986 0.117425
v 0.0915539 0.00222058 0.0489894
v 0.0914802 0.00221476 0.048656
v 0.0944465 0.0012993 0.022849
v 0.0946109 0.00129932 0.0224302
v 0.0914902 0.001 0.0084
v 0.0914902 0.001 0.0088
v 0.0914902 0.001 0.1172
v 0.0913767 0.001 0.117532
v 0.0914902 0.001 0.0236635
v 0.0914902 0.001 0.063
v 0.0914902 0.001 0.107503
v 0.0914902 0.001 0.0092
v 0.0914902 0.001 0.1168
v 0.091372 0.00108766 0.117666
v 0.0943528 0.00129928 0.0231838
v 0.0910163 0.00129873 0.0306683
v 0.0914902 0.00125384 0.00814395
v 0.0914802 0.00220941 0.0483494
v 0.0914802 0.0020897 0.0414904
v 0.0914902 0.0015117 0.00838518
v 0.0914902 0.00151871 0.00877474
v 0.0913607 0.00124793 0.117636
v 0.0913549 0.00129984 0.117421
v 0.102754 0.00205664 0.0396031
v 0.103151 0.00205945 0.0397644
v 0.102394 0.00205468 0.0394908
v 0.0934901 0.00205478 0.0394907
v 0.0914802 0.0020548 0.0394907
v 0.10977 0.001 0.0257416
v 0.1096 0.001 0.0256635
v 0.095482 0.00110964 0.0257278
v 0.095938 0.00110964 0.0257711
v 0.109818 0.00105477 0.0257435
v 0.109755 0.00110976 0.0257458
v 0.109354 0.00110975 0.0257464
v 0.0962733 0.00110964 0.0257704
v 0.101682 0.00110969 0.0257571
v 0.1092 0.001 0.0256635
v 0.0934902 0.001 0.0256635
v 0.0914902 0.001 0.0256635
v 0.0959715 0.00110972 0.105396
v 0.0955581 0.00110972 0.105488
v 0.1096 0.001 0.105503
v 0.109824 0.001 0.105435
v 0.109874 0.00105504 0.105433
v 0.109812 0.00110981 0.105431
v 0.109409 0.00110981 0.10543
v 0.0963074 0.00110973 0.105397
v 0.101723 0.00110976 0.105411
v 0.0934902 0.001 0.105503
v 0.1092 0.001 0.105503
v 0.0914902 0.001 0.105503
v 0.10468 0.00129912 0.0325215
v 0.105119 0.00129914 0.0324108
v 0.104294 0.0012991 0.0326198
v 0.0929906 0.00129868 0.032663
v 0.0909755 0.00129859 0.0326716
v -0.10952 0.00100468 0.117878
v -0.109527 0.000800133 0.117564
v -0.109928 0.000800132 0.117564
v -0.10992 0.00100468 0.117879
v -0.1096 0.0008 0.0084
v -0.1096 0.00125208 0.00794393
v -0.11 0.00125208 0.00794393
v -0.109928 0.000800132 0.0084359
v -0.1096 0.0008 0.0088
v -0.109926 0.000800135 0.00883667
v -0.1096 0.0008 0.1172
v -0.109926 0.000800135 0.117163
v -0.0954784 0.00130861 0.0237325
v -0.0959353 0.00130862 0.0237782
v -0.096872 0.00130882 0.0200886
v -0.0964363 0.00130882 0.0199692
v -0.110171 0.0010493 0.117453
v -0.110168 0.0010488 0.117051
v -0.1099 0.00130937 0.117338
v -0.109901 0.00130936 0.116934
v -0.101462 0.00130924 0.115076
v -0.109491 0.00130937 0.117228
v -0.109493 0.00130936 0.116823
v -0.101695 0.00130923 0.114702
v -0.110167 0.00103584 0.00912417
v -0.11017 0.00103839 0.00872308
v -0.109917 0.00130877 0.00902376
v -0.109914 0.00130878 0.00942939
v -0.109503 0.00130935 0.00973209
v -0.109508 0.00130936 0.00932256
v -0.109923 0.000800139 0.00923745
v -0.109815 0.000800337 0.0237297
v -0.1096 0.0008 0.0236635
v -0.1096 0.0008 0.0092
v -0.110165 0.00103635 0.00951745
v -0.110041 0.00105444 0.0237392
v -0.10991 0.0013088 0.0098148
v -0.109753 0.00130895 0.0237511
v -0.0989781 0.001309 0.0170135
v -0.099289 0.00130899 0.0172478
v -0.1095 0.00130934 0.0101094
v -0.109351 0.00130895 0.0237517
v -0.0962706 0.00130863 0.0237774
v -0.0971608 0.00130883 0.0202144
v -0.109923 0.000800139 0.116763
v -0.1096 0.0008 0.1168
v -0.1096 0.0008 0.107503
v -0.109861 0.000800253 0.107447
v -0.110166 0.00104908 0.116654
v -0.110094 0.00105566 0.107438
v -0.109898 0.00130935 0.116542
v -0.109812 0.00130913 0.107428
v -0.10949 0.00130935 0.116436
v -0.109409 0.00130912 0.107427
v -0.0976674 0.00130909 0.112031
v -0.0972414 0.00130909 0.112269
v -0.0959708 0.00130887 0.107391
v -0.0955586 0.00130887 0.107487
v -0.101809 0.00130922 0.114379
v -0.0979723 0.00130909 0.111861
v -0.0963067 0.00130888 0.107392
v -0.0995073 0.00130899 0.0174776
v -0.101722 0.00130899 0.107408
v -0.101678 0.00130877 0.0237632
v -0.1092 0.0008 0.0088
v -0.0934902 0.0008 0.0088
v -0.0934902 0.0008 0.0084
v -0.1092 0.0008 0.0084
v -0.109126 0.000800135 0.117563
v -0.0933922 0.00080021 0.117543
v -0.0934902 0.0008 0.1172
v -0.1092 0.0008 0.1172
v -0.1092 0.0008 0.0236635
v -0.0934902 0.0008 0.0236635
v -0.0934902 0.0008 0.0092
v -0.1092 0.0008 0.0092
v -0.0934902 0.0008 0.1168
v -0.1092 0.0008 0.1168
v -0.0934902 0.0008 0.107503
v -0.1092 0.0008 0.107503
v -0.109119 0.00100468 0.117878
v -0.10247 0.00149866 0.0247394
v -0.102094 0.00149862 0.0250746
v -0.104564 0.00149829 0.0305303
v -0.105005 0.00149833 0.0304169
v -0.0966734 0.0014986 0.022437
v -0.096505 0.00149855 0.0228559
v -0.0964088 0.00149852 0.0231909
v -0.101754 0.00149859 0.0252782
v -0.104178 0.00149826 0.0306311
v -0.0933822 0.00100468 0.117855
v -0.0929785 0.00149754 0.0306779
v -0.1092 0.00125208 0.00794393
v -0.0934902 0.00125208 0.00794394
v -0.102681 0.00229495 0.0417779
v -0.102284 0.00229195 0.0416064
v -0.0991288 0.00238082 0.0466982
v -0.0993876 0.00238547 0.0469644
v -0.0935655 0.00242071 0.0489858
v -0.0934902 0.00241489 0.0486525
v -0.101927 0.00228986 0.041487
v -0.098892 0.00237712 0.0464862
v -0.0934902 0.00240954 0.0483458
v -0.0934902 0.00228981 0.0414869
v -0.109909 0.00171169 0.00837958
v -0.109509 0.00171152 0.00837603
v -0.10911 0.00171138 0.00837356
v -0.0934902 0.00171138 0.00837356
v -0.109818 0.00171882 0.00877799
v -0.109418 0.00171875 0.008774
v -0.109019 0.0017187 0.00877123
v -0.0934902 0.0017187 0.00877122
v -0.10948 0.00137902 0.117815
v -0.109881 0.00137941 0.117815
v -0.109079 0.00137867 0.117815
v -0.0933567 0.00137848 0.117787
v -0.109449 0.00149978 0.117446
v -0.10985 0.00149979 0.117446
v -0.109048 0.00149978 0.117446
v -0.0933442 0.0014995 0.117416
v -0.0914802 0.00241488 0.0486525
v -7.03855e-09 0.00241482 0.0486525
v -7.09659e-09 0.00242064 0.0489859
v -0.0915539 0.0024207 0.0489858
v -0.0945768 0.0014985 0.0224448
v 0 0.00149407 0.022805
v 0 0.00149394 0.0232276
v -0.0944116 0.00149845 0.0228638
v -0.0914902 0.0008 0.0088
v 0 0.0008 0.0088
v 0 0.0008 0.0084
v -0.0914902 0.0008 0.0084
v -0.0913893 0.000800221 0.11754
v 0 0.000800704 0.117408
v 0 0.0008 0.1172
v -0.0914902 0.0008 0.1172
v -0.0914902 0.0008 0.0236635
v 0 0.0008 0.0236635
v 0 0.0008 0.0092
v -0.0914902 0.0008 0.0092
v 0 0.0008 0.1168
v -0.0914902 0.0008 0.1168
v 0 0.0008 0.107503
v -0.0914902 0.0008 0.107503
v -0.0913789 0.00100468 0.117852
v 0 0.00100467 0.117705
v 0 0.00149382 0.0235657
v -0.0943171 0.00149842 0.0231989
v 0 0.00149108 0.0310975
v -0.0909631 0.0014974 0.0306872
v 2.46629e-11 0.00125209 0.00794394
v -0.0914902 0.00125208 0.00794394
v -0.0914802 0.00240953 0.0483458
v -6.98518e-09 0.00240947 0.0483459
v -0.0914802 0.00228979 0.0414869
v -5.79085e-09 0.00228973 0.0414857
v -2.68798e-11 0.00171137 0.00837356
v -0.0914902 0.00171138 0.00837356
v -9.53904e-11 0.00171869 0.00877122
v -0.0914902 0.0017187 0.00877122
v -0.0913527 0.00137845 0.117783
v 0 0.0013772 0.117602
v -0.0913398 0.00149946 0.117412
v 0 0.00149766 0.117215
v -0.103151 0.00225974 0.0397608
v -0.102754 0.00225692 0.0395996
v -0.102394 0.00225495 0.0394873
v -0.0934902 0.0022549 0.0394872
v -0.0914802 0.00225489 0.0394872
v -5.44272e-09 0.00225482 0.0394861
v -0.1096 0.0008 0.0256635
v -0.109795 0.000800372 0.0257329
v -0.10949 0.000800927 0.063
v -0.1096 0.0008 0.063
v -0.0959003 0.00130851 0.0257855
v -0.0954442 0.0013085 0.0257423
v -0.0949098 0.00130677 0.063
v -0.0953512 0.0013068 0.063
v -0.110019 0.00105446 0.025743
v -0.109666 0.00105481 0.063
v -0.109727 0.00130888 0.0257555
v -0.109317 0.00130773 0.063
v -0.109324 0.00130887 0.0257562
v -0.108911 0.00130771 0.063
v -0.0962359 0.00130852 0.0257846
v -0.0956899 0.00130683 0.063
v -0.101648 0.00130868 0.0257694
v -0.101168 0.00130722 0.063
v -0.0934902 0.0008 0.0256635
v -0.1092 0.0008 0.0256635
v -0.1092 0.0008 0.063
v -0.0934902 0.0008 0.063
v 0 0.0008 0.0256635
v -0.0914902 0.0008 0.0256635
v -0.0914902 0.0008 0.063
v 0 0.0008 0.063
v -0.0955292 0.00130877 0.105475
v -0.0959426 0.00130878 0.105383
v -0.109844 0.000800284 0.105443
v -0.1096 0.0008 0.105503
v -0.110074 0.00105562 0.105434
v -0.109789 0.00130906 0.105422
v -0.109386 0.00130906 0.105421
v -0.0962787 0.00130879 0.105384
v -0.101697 0.00130891 0.105401
v -0.1092 0.0008 0.105503
v -0.0934902 0.0008 0.105503
v -0.0914902 0.0008 0.105503
v 0 0.0008 0.105503
v -0.105074 0.00149817 0.0324239
v -0.104634 0.00149813 0.0325348
v -0.104247 0.0014981 0.0326332
v -0.0929344 0.00149731 0.0326813
v -0.0909177 0.00149715 0.0326908
v 0 0.00149029 0.033109
v 0.10952 0.00100468 0.117878
v 0.10992 0.00100468 0.117879
v 0.109928 0.000800132 0.117564
v 0.109527 0.000800133 0.117564
v 0.1096 0.0008 0.00839999
v 0.109928 0.000800132 0.0084359
v 0.11 0.0012521 0.00794396
v 0.1096 0.0012521 0.00794396
v 0.1096 0.0008 0.0088
v 0.109926 0.000800135 0.00883667
v 0.1096 0.0008 0.1172
v 0.109926 0.000800135 0.117163
v 0.0954789 0.00130896 0.0237325
v 0.0964368 0.00130917 0.0199693
v 0.0968725 0.00130917 0.0200886
v 0.0959358 0.00130897 0.0237782
v 0.110171 0.0010492 0.117453
v 0.110169 0.0010487 0.117051
v 0.109901 0.00130972 0.117338
v 0.109901 0.00130971 0.116934
v 0.101463 0.00130959 0.115076
v 0.101696 0.00130958 0.114702
v 0.109493 0.00130971 0.116823
v 0.109492 0.00130972 0.117228
v 0.110168 0.00103574 0.00912417
v 0.11017 0.00103829 0.00872307
v 0.109917 0.00130909 0.00902376
v 0.109914 0.00130909 0.0094294
v 0.109503 0.0013097 0.0097321
v 0.109509 0.00130971 0.00932257
v 0.109923 0.000800139 0.00923745
v 0.1096 0.0008 0.0092
v 0.1096 0.0008 0.0236635
v 0.109815 0.000800337 0.0237297
v 0.110165 0.00103625 0.00951745
v 0.110041 0.00105434 0.0237392
v 0.109911 0.00130912 0.00981481
v 0.109754 0.0013093 0.0237511
v 0.0989786 0.00130935 0.0170135
v 0.0992896 0.00130934 0.0172478
v 0.109351 0.0013093 0.0237517
v 0.1095 0.00130969 0.0101094
v 0.0971613 0.00130918 0.0202144
v 0.0962711 0.00130898 0.0237774
v 0.109923 0.000800139 0.116763
v 0.1096 0.0008 0.1168
v 0.109861 0.000800253 0.107447
v 0.1096 0.0008 0.107503
v 0.110166 0.00104898 0.116654
v 0.110094 0.00105556 0.107438
v 0.109898 0.0013097 0.116542
v 0.109812 0.00130948 0.107428
v 0.10949 0.0013097 0.116436
v 0.10941 0.00130947 0.107427
v 0.0972419 0.00130944 0.112269
v 0.097668 0.00130944 0.112031
v 0.0955591 0.00130922 0.107487
v 0.0959713 0.00130922 0.107391
v 0.0979728 0.00130944 0.111861
v 0.10181 0.00130957 0.114379
v 0.0963072 0.00130923 0.107392
v 0.0995078 0.00130934 0.0174776
v 0.101723 0.00130934 0.107408
v 0.101679 0.00130912 0.0237632
v 0.1092 0.0008 0.0088
v 0.1092 0.0008 0.00839999
v 0.0934902 0.0008 0.00839999
v 0.0934902 0.0008 0.0088
v 0.109126 0.000800135 0.117563
v 0.1092 0.0008 0.1172
v 0.0934902 0.0008 0.1172
v 0.0933922 0.00080021 0.117543
v 0.1092 0.0008 0.0236635
v 0.1092 0.0008 0.0092
v 0.0934902 0.0008 0.0092
v 0.0934902 0.0008 0.0236635
v 0.1092 0.0008 0.1168
v 0.0934902 0.0008 0.1168
v 0.1092 0.0008 0.107503
v 0.0934902 0.0008 0.107503
v 0.109119 0.00100468 0.117878
v 0.10247 0.00149866 0.0247394
v 0.105005 0.00149833 0.0304169
v 0.104564 0.00149829 0.0305303
v 0.102094 0.00149862 0.0250746
v 0.0966734 0.0014986 0.022437
v 0.096505 0.00149855 0.0228559
v 0.101754 0.00149859 0.0252782
v 0.0964088 0.00149852 0.0231909
v 0.104178 0.00149826 0.0306311
v 0.0933822 0.00100468 0.117855
v 0.0929785 0.00149754 0.0306779
v 0.1092 0.0012521 0.00794396
v 0.0934902 0.0012521 0.00794396
v 0.102681 0.00229471 0.041778
v 0.0993876 0.00238524 0.0469644
v 0.0991288 0.0023806 0.0466982
v 0.102284 0.00229172 0.0416065
v 0.0935655 0.00242057 0.0489859
v 0.0934901 0.00241475 0.0486525
v 0.098892 0.0023769 0.0464863
v 0.101927 0.00228963 0.041487
v 0.0934901 0.0024094 0.0483459
v 0.0934901 0.00228969 0.0414869
v 0.109909 0.00171168 0.00837963
v 0.109509 0.0017115 0.00837608
v 0.10911 0.00171137 0.00837361
v 0.0934902 0.00171137 0.0083736
v 0.109818 0.0017188 0.00877803
v 0.109418 0.00171873 0.00877404
v 0.109019 0.00171868 0.00877126
v 0.0934902 0.00171868 0.00877126
v 0.10948 0.00137902 0.117815
v 0.109881 0.00137941 0.117815
v 0.109079 0.00137867 0.117815
v 0.0933567 0.00137848 0.117787
v 0.109449 0.00149978 0.117446
v 0.10985 0.00149979 0.117446
v 0.109048 0.00149978 0.117446
v 0.0933441 0.0014995 0.117416
v 0.0914802 0.00241477 0.0486525
v 0.0915539 0.00242058 0.0489859
v 0.0945768 0.0014985 0.0224448
v 0.0944115 0.00149845 0.0228638
v 0.0914902 0.0008 0.0088
v 0.0914902 0.0008 0.00839999
v 0.0913893 0.000800221 0.11754
v 0.0914902 0.0008 0.1172
v 0.0914902 0.0008 0.0236635
v 0.0914902 0.0008 0.0092
v 0.0914902 0.0008 0.1168
v 0.0914902 0.0008 0.107503
v 0.091379 0.00100468 0.117852
v 0.0943171 0.00149842 0.0231989
v 0.0909631 0.0014974 0.0306872
v 0.0914902 0.0012521 0.00794396
v 0.0914802 0.00240941 0.0483459
v 0.0914802 0.0022897 0.0414869
v 0.0914902 0.00171137 0.0083736
v 0.0914902 0.00171868 0.00877126
v 0.0913527 0.00137845 0.117783
v 0.0913398 0.00149946 0.117412
v 0.103151 0.0022595 0.0397609
v 0.102754 0.00225669 0.0395996
v 0.102394 0.00225473 0.0394873
v 0.0934901 0.00225478 0.0394872
v 0.0914802 0.0022548 0.0394872
v 0.1096 0.0008 0.0256635
v 0.109795 0.000800372 0.0257329
v 0.1096 0.0008 0.063
v 0.10949 0.000800927 0.063
v 0.0959008 0.00130886 0.0257855
v 0.0954447 0.00130885 0.0257424
v 0.0953516 0.00130715 0.063
v 0.0949101 0.00130712 0.063
v 0.110019 0.00105436 0.025743
v 0.109666 0.00105471 0.063
v 0.109727 0.00130923 0.0257555
v 0.109318 0.00130808 0.063
v 0.109325 0.00130922 0.0257562
v 0.108911 0.00130806 0.063
v 0.0962364 0.00130887 0.0257847
v 0.0956903 0.00130718 0.063
v 0.101648 0.00130903 0.0257694
v 0.101168 0.00130757 0.063
v 0.0934902 0.0008 0.0256635
v 0.1092 0.0008 0.0256635
v 0.0934902 0.0008 0.063
v 0.1092 0.0008 0.063
v 0.0914902 0.0008 0.0256635
v 0.0914902 0.0008 0.063
v 0.0955297 0.00130912 0.105475
v 0.0959431 0.00130913 0.105383
v 0.109844 0.000800284 0.105443
v 0.1096 0.0008 0.105503
v 0.110075 0.00105552 0.105434
v 0.10979 0.00130941 0.105422
v 0.109387 0.00130941 0.105421
v 0.0962792 0.00130914 0.105384
v 0.101697 0.00130926 0.105401
v 0.1092 0.0008 0.105503
v 0.0934902 0.0008 0.105503
v 0.0914902 0.0008 0.105503
v 0.105074 0.00149817 0.0324239
v 0.104634 0.00149813 0.0325348
v 0.104247 0.0014981 0.0326332
v 0.0929344 0.00149731 0.0326813
v 0.0909177 0.00149715 0.0326908
v -0.10992 0.000980015 0.11756
v -0.109916 0.0010794 0.117713
v -0.109927 0.00082012 0.117564
v -0.10992 0.00101299 0.11786
v -0.11 0.00125366 0.00812393
v -0.10992 0.000980015 0.00843992
v -0.11 0.00125225 0.00796393
v -0.109927 0.00082012 0.00843634
v -0.0964609 0.00112934 0.0199583
v -0.0955089 0.00112926 0.02372
v -0.0964391 0.00128888 0.019968
v -0.0954819 0.00128869 0.0237311
v -0.10999 0.00105317 0.117453
v -0.110151 0.00104973 0.117453
v -0.10991 0.00112955 0.117342
v -0.109901 0.00128939 0.117338
v -0.101475 0.00112949 0.115083
v -0.109501 0.00112954 0.117233
v -0.101464 0.00128927 0.115077
v -0.109492 0.00128939 0.117229
v -0.109989 0.00104997 0.00872359
v -0.11015 0.00103968 0.00872313
v -0.109914 0.00112937 0.00901911
v -0.109916 0.00128884 0.00902323
v -0.109518 0.00112954 0.00931775
v -0.109509 0.00128938 0.00932201
v -0.0989979 0.0011294 0.0170043
v -0.0989804 0.00128905 0.0170125
v -0.0972581 0.00112944 0.112277
v -0.0972433 0.00128913 0.11227
v -0.0955815 0.00112935 0.107498
v -0.0955612 0.00128893 0.107489
v -0.105042 0.00131915 0.0304052
v -0.1025 0.00131934 0.0247281
v -0.105009 0.00147843 0.0304155
v -0.102473 0.00147875 0.0247381
v -0.0967032 0.0013193 0.0224245
v -0.0966768 0.00147868 0.0224356
v -0.0993876 0.00220557 0.0469675
v -0.102681 0.00211505 0.0417811
v -0.0993876 0.00236548 0.0469647
v -0.102681 0.00227496 0.0417783
v -0.0935655 0.00224078 0.048989
v -0.0935655 0.00240072 0.0489862
v -0.109909 0.00153187 0.00838763
v -0.109909 0.00169171 0.00838047
v -0.109818 0.00153885 0.00878113
v -0.109818 0.00169882 0.00877834
v -0.109886 0.00126149 0.117682
v -0.109881 0.0013663 0.1178
v -0.10986 0.00132 0.117451
v -0.109851 0.00147982 0.117446
v -7.1126e-09 0.00224067 0.048989
v -0.0915539 0.00224076 0.048989
v -7.09837e-09 0.00240064 0.0489862
v -0.0915539 0.0024007 0.0489862
v -0.0946076 0.00131925 0.0224316
v 0 0.00131667 0.0227589
v -0.0945803 0.00147859 0.0224433
v 0 0.00147438 0.0227997
v -0.103151 0.00207983 0.039764
v -0.103151 0.00223974 0.0397612
v -0.0954779 0.00112921 0.0257292
v -0.0954481 0.00128859 0.0257408
v -0.0949941 0.00112856 0.063
v -0.0949194 0.00128699 0.063
v -0.0955549 0.00112932 0.105486
v -0.0955321 0.00128884 0.105476
v -0.105115 0.00131905 0.032412
v -0.105079 0.00147827 0.0324225
v 0.109916 0.0010794 0.117713
v 0.10992 0.000980015 0.11756
v 0.10992 0.00101299 0.11786
v 0.109927 0.00082012 0.117564
v 0.10992 0.000980015 0.00843992
v 0.11 0.00125367 0.00812396
v 0.109927 0.00082012 0.00843633
v 0.11 0.00125228 0.00796396
v 0.0955094 0.00112961 0.02372
v 0.0964614 0.00112969 0.0199583
v 0.0954824 0.00128904 0.0237311
v 0.0964396 0.00128923 0.019968
v 0.109991 0.00105327 0.117453
v 0.110151 0.00104965 0.117453
v 0.10991 0.0011299 0.117342
v 0.109902 0.00128975 0.117338
v 0.109501 0.00112989 0.117233
v 0.101476 0.00112984 0.115083
v 0.109493 0.00128974 0.117229
v 0.101464 0.00128962 0.115077
v 0.10999 0.00105006 0.00872359
v 0.11015 0.0010396 0.00872313
v 0.109914 0.00112971 0.00901911
v 0.109917 0.00128916 0.00902323
v 0.109518 0.00112989 0.00931776
v 0.10951 0.00128973 0.00932202
v 0.0989984 0.00112975 0.0170043
v 0.0989809 0.0012894 0.0170125
v 0.0972586 0.00112979 0.112277
v 0.0972438 0.00128948 0.11227
v 0.095582 0.0011297 0.107498
v 0.0955617 0.00128928 0.107489
v 0.1025 0.00131934 0.0247281
v 0.105042 0.00131915 0.0304052
v 0.102473 0.00147875 0.0247381
v 0.105009 0.00147843 0.0304155
v 0.0967032 0.0013193 0.0224245
v 0.0966768 0.00147868 0.0224356
v 0.102681 0.00211466 0.0417811
v 0.0993876 0.0022052 0.0469676
v 0.102681 0.0022747 0.0417783
v 0.0993876 0.00236524 0.0469648
v 0.0935655 0.00224055 0.048989
v 0.0935655 0.00240057 0.0489862
v 0.109909 0.00153186 0.00838767
v 0.109909 0.0016917 0.00838052
v 0.109818 0.00153883 0.00878117
v 0.109818 0.0016988 0.00877838
v 0.109886 0.00126149 0.117682
v 0.109881 0.0013663 0.1178
v 0.10986 0.00132 0.117451
v 0.109851 0.00147982 0.117446
v 0.0915539 0.00224058 0.048989
v 0.0915539 0.00240058 0.0489862
v 0.0946076 0.00131925 0.0224316
v 0.0945803 0.00147859 0.0224433
v 0.103151 0.00207946 0.039764
v 0.103151 0.0022395 0.0397612
v 0.0954784 0.00112956 0.0257292
v 0.0954485 0.00128893 0.0257408
v 0.0949945 0.00112891 0.063
v 0.0949198 0.00128733 0.063
v 0.0955554 0.00112967 0.105486
v 0.0955326 0.00128919 0.105476
v 0.105115 0.00131905 0.032412
v 0.105079 0.00147827 0.0324225
v 0.0929948 0.00149763 0.0960746
v 0.0909799 0.00149749 0.0960653
v 0.09256 0.0014953 0.0748812
v 0.090532 0.00149504 0.0748749
v 0.0925237 0.00149511 0.0538459
v 0.0904946 0.00149484 0.0538509
v 0 0.00149138 0.095659
v 0 0.00148356 0.0745995
v 0 0.00148291 0.0540715
v 0.107664 0.00149852 0.0961335
v 0.106199 0.00149686 0.0749184
v 0.10504 0.0014966 0.0538183
v 0.108062 0.00149854 0.0961099
v 0.106595 0.00149689 0.0748707
v 0.105433 0.00149665 0.0537451
v 0.108473 0.00149855 0.0960833
v 0.107018 0.00149693 0.0748169
v 0.105866 0.0014967 0.0536627
v -0.0909798 0.00149749 0.0960653
v -0.0929948 0.00149763 0.0960746
v -0.090532 0.00149504 0.0748749
v -0.09256 0.0014953 0.0748812
v -0.0904946 0.00149484 0.0538509
v -0.0925237 0.00149511 0.0538459
v -0.107664 0.00149852 0.0961335
v -0.106199 0.00149686 0.0749184
v -0.10504 0.0014966 0.0538183
v -0.108062 0.00149854 0.0961099
v -0.106595 0.00149689 0.0748707
v -0.105433 0.00149665 0.0537451
v -0.108473 0.00149855 0.0960833
v -0.107018 0.00149693 0.0748169
v -0.105866 0.0014967 0.0536627
v -0.108511 0.00129935 0.0960948
v -0.1081 0.00129934 0.0961217
v -0.107091 0.00129847 0.074825
v -0.106669 0.00129845 0.0748789
v -0.105943 0.00129835 0.0536559
v -0.105511 0.00129832 0.0537383
v -0.107702 0.00129933 0.0961453
v -0.106273 0.00129843 0.0749267
v -0.105119 0.0012983 0.0538114
v -0.0930448 0.00129885 0.0960924
v -0.0926539 0.0012976 0.0748932
v -0.0926213 0.00129749 0.0538362
v -0.0910314 0.00129878 0.0960841
v 0 0.00129548 0.0957187
v -0.0906288 0.00129745 0.0748876
v 0 0.00129126 0.07464
v -0.0905951 0.00129734 0.0538408
v 0 0.00129091 0.054039
v 0.1081 0.00129934 0.0961217
v 0.108511 0.00129935 0.0960948
v 0.106669 0.00129845 0.0748789
v 0.107091 0.00129847 0.074825
v 0.105511 0.00129832 0.0537383
v 0.105943 0.00129835 0.0536559
v 0.107702 0.00129933 0.0961453
v 0.106273 0.00129843 0.0749267
v 0.105119 0.0012983 0.0538114
v 0.0930448 0.00129885 0.0960924
v 0.0926539 0.0012976 0.0748932
v 0.0926213 0.00129749 0.0538362
v 0.0910314 0.00129878 0.0960841
v 0.0906288 0.00129745 0.0748876
v 0.0905951 0.00129734 0.0538408
v -0.108507 0.00131928 0.0960937
v -0.107084 0.00131833 0.0748242
v -0.105936 0.0013182 0.0536565
v -0.108477 0.00147864 0.0960845
v -0.107025 0.0014771 0.0748177
v -0.105874 0.00147688 0.053662
v 0.108507 0.00131928 0.0960937
v 0.107084 0.00131833 0.0748242
v 0.105936 0.0013182 0.0536565
v 0.108477 0.00147864 0.0960845
v 0.107025 0.0014771 0.0748177
v 0.105874 0.00147688 0.053662
v 0.0934902 0.0008 0.0842515
v 0.0914902 0.0008 0.0842515
v 0 0.0008 0.0842515
v 0.1096 0.0008 0.0842515
v 0.1092 0.0008 0.0842515
v 0.10136 0.00130819 0.0841273
v 0.109087 0.00130855 0.0841523
v 0.0959048 0.0013079 0.0841075
v 0.095567 0.00130788 0.0841062
v 0.109492 0.00130857 0.0841535
v 0.109817 0.00105508 0.0841671
v 0.109621 0.00080069 0.0841782
v 0.0951392 0.00130786 0.0841507
v -0.0914902 0.0008 0.0842515
v -0.0934902 0.0008 0.0842515
v -0.1092 0.0008 0.0842515
v -0.1096 0.0008 0.0842515
v -0.109086 0.0013082 0.0841523
v -0.10136 0.00130784 0.0841274
v -0.0959044 0.00130755 0.0841075
v -0.0955665 0.00130753 0.0841062
v -0.109491 0.00130822 0.0841535
v -0.109817 0.00105518 0.0841671
v -0.109621 0.00080069 0.0841782
v -0.0951388 0.00130751 0.0841507
v -0.0952081 0.00110897 0.0841661
v -0.0956355 0.00110898 0.0841214
v -0.109573 0.001 0.0841691
v -0.1096 0.001 0.0842515
v -0.109615 0.00105473 0.0841666
v -0.109545 0.0011092 0.0841638
v -0.10914 0.00110919 0.0841627
v -0.0959729 0.00110899 0.0841226
v -0.101422 0.00110908 0.0841404
v -0.1092 0.001 0.0842515
v -0.0934902 0.001 0.0842515
v -0.0914902 0.001 0.0842515
v 0 0.001 0.0842515
v 0.0956359 0.00110933 0.0841214
v 0.0952086 0.00110932 0.0841661
v 0.1096 0.001 0.0842515
v 0.109573 0.001 0.0841691
v 0.109615 0.00105485 0.0841666
v 0.109545 0.00110955 0.0841638
v 0.10914 0.00110954 0.0841627
v 0.0959734 0.00110933 0.0841226
v 0.101423 0.00110943 0.0841404
v 0.0934902 0.001 0.0842515
v 0.1092 0.001 0.0842515
v 0.0914902 0.001 0.0842515
v -0.0952014 0.00112884 0.0841646
v -0.0951459 0.00128767 0.0841523
v 0.0952018 0.00112919 0.0841646
v 0.0951464 0.00128802 0.0841523
v 0.0934902 0.0008 0.0443317
v 0.0914902 0.0008 0.0443317
v 0 0.0008 0.0443317
v 0.1096 0.0008 0.0443317
v 0.1092 0.0008 0.0443317
v 0.101332 0.00130806 0.0444426
v 0.109053 0.00130845 0.0444244
v 0.0958796 0.00130775 0.0444595
v 0.095542 0.00130773 0.0444605
v 0.109458 0.00130847 0.0444235
v 0.109786 0.0010545 0.0444109
v 0.109594 0.000800738 0.0444006
v 0.0950925 0.00130771 0.0444399
v -0.0914902 0.0008 0.0443317
v -0.0934902 0.0008 0.0443317
v -0.1092 0.0008 0.0443317
v -0.1096 0.0008 0.0443317
v -0.109052 0.0013081 0.0444244
v -0.101331 0.00130772 0.0444426
v -0.0958791 0.00130741 0.0444595
v -0.0955415 0.00130739 0.0444605
v -0.109457 0.00130812 0.0444234
v -0.109786 0.0010546 0.0444109
v -0.109594 0.000800738 0.0444006
v -0.0950921 0.00130736 0.0444399
v -0.109543 0.001 0.0444092
v -0.1096 0.001 0.0443317
v -0.0951664 0.00110892 0.0444254
v -0.0956153 0.00110893 0.0444462
v -0.109584 0.00105459 0.0444113
v -0.109514 0.00110917 0.0444138
v -0.10911 0.00110916 0.0444146
v -0.0959525 0.00110894 0.0444453
v -0.101398 0.00110904 0.0444303
v -0.1092 0.001 0.0443317
v -0.0934902 0.001 0.0443317
v -0.0914902 0.001 0.0443317
v 0 0.001 0.0443317
v 0.1096 0.001 0.0443317
v 0.109543 0.001 0.0444092
v 0.0956157 0.00110928 0.0444462
v 0.0951668 0.00110927 0.0444254
v 0.109584 0.00105471 0.0444113
v 0.109514 0.00110952 0.0444138
v 0.10911 0.00110951 0.0444146
v 0.0959529 0.00110929 0.0444453
v 0.101399 0.00110939 0.0444304
v 0.0934902 0.001 0.0443317
v 0.1092 0.001 0.0443317
v 0.0914902 0.001 0.0443317
v -0.0951592 0.00112878 0.0444268
v -0.0950998 0.00128753 0.0444384
v 0.0951596 0.00112913 0.0444268
v 0.0951002 0.00128788 0.0444384
v 0.0451158 0.0014934 0.030947
v 0.0450617 0.00149281 0.0329556
v 0.0457451 0.0008 0.107503
v 0.0457451 0.0008 0.105503
v 0.0457451 0.0008 0.0256635
v 0.0457451 0.0008 0.0236635
v 0.0457401 0.00225481 0.0394866
v 0.0457401 0.00228971 0.0414863
v 0.0457451 0.00171869 0.00877123
v 0.0455655 0.00149832 0.117287
v 0.045581 0.00137766 0.117668
v 0.0456123 0.00100467 0.117759
v 0.0457451 0.00171137 0.00837358
v 0.0457451 0.00125209 0.00794395
v 0.0457401 0.00240944 0.0483459
v 0.0457401 0.00241479 0.0486525
v 0.0457451 0.0008 0.00839999
v 0.0468871 0.00149555 0.023428
v 0.0469386 0.00149563 0.023091
v 0.0456246 0.000800527 0.117456
v 0.0457451 0.0008 0.1168
v 0.0457451 0.0008 0.1172
v 0.0457451 0.0008 0.0092
v 0.0457451 0.0008 0.0088
v 0.0470264 0.00149574 0.0226696
v 0.0457769 0.00242061 0.0489859
v 0.0457769 0.00222062 0.0489894
v 0.0457401 0.00221481 0.048656
v 0.0469831 0.00129777 0.0230532
v 0.0470699 0.00129783 0.0226322
v 0.0457451 0.001 0.0084
v 0.0457451 0.001 0.0088
v 0.0457451 0.001 0.1172
v 0.0456096 0.001 0.117438
v 0.0457451 0.001 0.0092
v 0.0457451 0.001 0.0236635
v 0.0457451 0.001 0.1168
v 0.0457451 0.001 0.107503
v 0.045604 0.0010875 0.117568
v 0.0469323 0.00129773 0.0233898
v 0.0451794 0.00129657 0.0309019
v 0.0457451 0.00125384 0.00814395
v 0.0457401 0.00220945 0.0483494
v 0.0457401 0.00208973 0.0414898
v 0.0457451 0.00151171 0.00838517
v 0.0457451 0.00151872 0.00877473
v 0.0455905 0.00124745 0.117529
v 0.0455837 0.00129922 0.117309
v 0.0457401 0.00205482 0.0394901
v 0.0457451 0.001 0.0256635
v 0.0457451 0.001 0.105503
v 0.0451307 0.00129625 0.0329096
v 0.0457769 0.00224062 0.048989
v 0.0457769 0.00240061 0.0489862
v 0.0470657 0.00131764 0.0226359
v 0.0470308 0.00147597 0.0226657
v 0.0451359 0.00149362 0.095808
v 0.0446012 0.00148777 0.0747005
v 0.0445566 0.00148728 0.0539906
v 0.0451974 0.00129669 0.0958527
v 0.0447167 0.00129353 0.0747308
v 0.0446766 0.00129327 0.0539663
v 0.0457451 0.0008 0.0842515
v 0.0457451 0.0008 0.063
v 0.0457451 0.001 0.063
v 0.0457451 0.001 0.0842515
v 0.0457451 0.0008 0.0443317
v 0.0457451 0.001 0.0443317
v -0.0451158 0.0014934 0.030947
v -0.0450617 0.00149281 0.0329556
v -0.0457451 0.0008 0.107503
v -0.0457451 0.0008 0.105503
v -0.0457451 0.0008 0.0256635
v -0.0457451 0.0008 0.0236635
v -0.0457401 0.00225485 0.0394866
v -0.0457401 0.00228976 0.0414863
v -0.0457451 0.00171869 0.00877122
v -0.0455655 0.00149832 0.117287
v -0.045581 0.00137766 0.117668
v -0.0456123 0.00100467 0.117759
v -0.0457451 0.00171138 0.00837356
v -0.0457451 0.00125208 0.00794394
v -0.0457401 0.0024095 0.0483459
v -0.0457401 0.00241485 0.0486525
v -0.0457451 0.0008 0.0084
v -0.0468871 0.00149555 0.023428
v -0.0469386 0.00149563 0.023091
v -0.0456246 0.000800527 0.117456
v -0.0457451 0.0008 0.1168
v -0.0457451 0.0008 0.1172
v -0.0457451 0.0008 0.0092
v -0.0457451 0.0008 0.0088
v -0.0470264 0.00149574 0.0226696
v -0.0457769 0.00242067 0.0489858
v -0.0457769 0.00222072 0.0489893
v -0.0457401 0.0022149 0.048656
v -0.0469831 0.00129777 0.0230532
v -0.0470699 0.00129783 0.0226322
v -0.0457451 0.001 0.0084
v -0.0457451 0.001 0.0088
v -0.0457451 0.001 0.1172
v -0.0456096 0.001 0.117438
v -0.0457451 0.001 0.0092
v -0.0457451 0.001 0.0236635
v -0.0457451 0.001 0.1168
v -0.0457451 0.001 0.107503
v -0.045604 0.0010875 0.117568
v -0.0469323 0.00129773 0.0233898
v -0.0451794 0.00129657 0.0309019
v -0.0457451 0.00125383 0.00814393
v -0.0457401 0.00220955 0.0483493
v -0.0457401 0.00208981 0.0414898
v -0.0457451 0.00151171 0.00838515
v -0.0457451 0.00151872 0.00877471
v -0.0455905 0.00124745 0.117529
v -0.0455837 0.00129922 0.117309
v -0.0457401 0.0020549 0.0394901
v -0.0457451 0.001 0.0256635
v -0.0457451 0.001 0.105503
v -0.0451307 0.00129625 0.0329096
v -0.0457769 0.00224071 0.048989
v -0.0457769 0.00240067 0.0489862
v -0.0470657 0.00131764 0.0226359
v -0.0470308 0.00147597 0.0226657
v -0.0451359 0.00149362 0.095808
v -0.0446012 0.00148777 0.0747005
v -0.0445566 0.00148728 0.0539906
v -0.0451974 0.00129669 0.0958527
v -0.0447167 0.00129353 0.0747308
v -0.0446766 0.00129327 0.0539663
v -0.0457451 0.0008 0.0842515
v -0.0457451 0.0008 0.063
v -0.0457451 0.001 0.063
v -0.0457451 0.001 0.0842515
v -0.0457451 0.0008 0.0443317
v -0.0457451 0.001 0.0443317
v 0.0914852 0.00198674 0.0241292
v 0.0934902 0.00198673 0.0241292
v 0.105706 0.00198676 0.0241293
v 0.106086 0.00198776 0.0241868
v 0.106484 0.0019892 0.0242695
v -0.0934902 0.0019868 0.0241292
v -0.0914852 0.00198679 0.0241292
v -0.105706 0.00198677 0.0241293
v -0.106086 0.00198778 0.0241868
v -0.106484 0.00198922 0.0242694
v -0.106086 0.00178781 0.0241903
v -0.106484 0.00178925 0.0242729
v -0.105706 0.0017868 0.0241327
v -0.0934902 0.00178685 0.0241327
v -0.0914852 0.00178684 0.0241327
v 0.106484 0.00178924 0.0242729
v 0.106086 0.00178779 0.0241903
v 0.105706 0.00178679 0.0241328
v 0.0934902 0.00178674 0.0241327
v 0.0914852 0.00178675 0.0241327
v -0.106484 0.00180925 0.0242726
v -0.106484 0.00196923 0.0242698
v 0.106484 0.00180923 0.0242726
v 0.106484 0.00196921 0.0242698
v 0.0457426 0.00198675 0.0241289
v -2.76906e-09 0.00198676 0.0241287
v 0.0457426 0.00178677 0.0241324
v -2.78684e-09 0.00178679 0.0241321
v -0.0457426 0.00198677 0.0241289
v -0.0457426 0.00178681 0.0241324
v 0.0933399 0.00149948 0.117016
v 0.0913354 0.00149944 0.117011
v 0.109024 0.00149976 0.117047
v 0.109425 0.00149977 0.117046
v 0.109826 0.00149978 0.117045
v -0.0913354 0.00149944 0.117011
v -0.09334 0.00149948 0.117016
v -0.109024 0.00149976 0.117047
v -0.109425 0.00149977 0.117046
v -0.109826 0.00149978 0.117045
v -0.109838 0.00130001 0.117051
v -0.109436 0.00130001 0.117051
v -0.109036 0.0013 0.117052
v -0.0933551 0.00129985 0.117024
v -0.0913511 0.00129983 0.11702
v 0.109436 0.00130001 0.117051
v 0.109838 0.00130001 0.117051
v 0.109036 0.0013 0.117052
v 0.0933551 0.00129985 0.117024
v 0.0913511 0.00129983 0.11702
v -0.109837 0.00131999 0.11705
v -0.109828 0.0014798 0.117046
v 0.109837 0.00131999 0.11705
v 0.109828 0.0014798 0.117046
v 0.0455604 0.00149826 0.116884
v 0 0.00149758 0.116811
v 0.045579 0.00129919 0.116906
v 0 0.00129882 0.11684
v -0.0455604 0.00149826 0.116884
v -0.045579 0.00129919 0.116906
v 0.0934901 0.00212076 0.0318082
v 0.0914827 0.00212077 0.0318082
v 0.10405 0.00212081 0.0318083
v 0.10442 0.00212229 0.0318932
v 0.104818 0.00212441 0.0320152
v -0.0914827 0.00212084 0.0318082
v -0.0934902 0.00212085 0.0318082
v -0.10405 0.0021208 0.0318083
v -0.10442 0.00212229 0.0318932
v -0.104818 0.00212442 0.0320151
v -0.104818 0.00192444 0.0320186
v -0.10442 0.00192231 0.0318967
v -0.10405 0.00192082 0.0318118
v -0.0934902 0.00192091 0.0318117
v -0.0914827 0.00192089 0.0318117
v 0.10442 0.00192233 0.0318967
v 0.104818 0.00192445 0.0320187
v 0.10405 0.00192085 0.0318118
v 0.0934901 0.00192076 0.0318117
v 0.0914827 0.00192078 0.0318117
v -0.104818 0.00194444 0.0320183
v -0.104818 0.00210442 0.0320155
v 0.104818 0.00194445 0.0320183
v 0.104818 0.00210442 0.0320155
v 0.0457413 0.00212078 0.0318078
v -4.10589e-09 0.00212079 0.0318074
v 0.0457413 0.0019208 0.0318113
v -4.12368e-09 0.00192082 0.0318109
v -0.0457413 0.00212081 0.0318078
v -0.0457413 0.00192086 0.0318113
v 0.0934902 0.00185272 0.0164502
v 0.0914877 0.00185273 0.0164502
v 0.107363 0.00185272 0.0164503
v 0.107752 0.00185324 0.0164804
v 0.108151 0.001854 0.0165237
v -0.0914877 0.00185273 0.0164502
v -0.0934902 0.00185273 0.0164502
v -0.107363 0.00185274 0.0164502
v -0.107752 0.00185327 0.0164804
v -0.108151 0.00185402 0.0165237
v -0.108151 0.00165406 0.0165272
v -0.107752 0.0016533 0.0164839
v -0.107363 0.00165277 0.0164537
v -0.0934902 0.00165276 0.0164537
v -0.0914877 0.00165275 0.0164537
v 0.107752 0.00165327 0.0164839
v 0.108151 0.00165403 0.0165272
v 0.107363 0.00165275 0.0164538
v 0.0934902 0.00165276 0.0164537
v 0.0914877 0.00165276 0.0164537
v -0.108151 0.00167405 0.0165268
v -0.108151 0.00183403 0.0165241
v 0.108151 0.00167403 0.0165269
v 0.108151 0.001834 0.0165241
v 0.0457438 0.00185272 0.0164501
v -1.43222e-09 0.00185272 0.0164499
v 0.0457438 0.00165274 0.0164536
v -1.45001e-09 0.00165275 0.0164534
v -0.0457438 0.00185273 0.0164501
v -0.0457438 0.00165277 0.0164536
v -0.0679608 0.00149549 0.0308111
v -0.0679043 0.00149508 0.0328171
v -0.0686176 0.0008 0.107503
v -0.0686176 0.0008 0.105503
v -0.0686176 0.0008 0.0256635
v -0.0686176 0.0008 0.0236635
v -0.0686101 0.00225474 0.0394869
v -0.0686101 0.00228964 0.0414866
v -0.0684302 0.00149892 0.117352
v -0.0684464 0.00137807 0.117728
v -0.068479 0.00100468 0.117808
v -0.0686176 0.00171138 0.00837356
v -0.0686176 0.0017187 0.00877122
v -0.0686176 0.00125208 0.00794394
v -0.0686101 0.00240935 0.0483459
v -0.0686101 0.0024147 0.0486525
v -0.0686176 0.0008 0.0084
v -0.0705468 0.00149707 0.0233064
v -0.0706207 0.00149713 0.0229704
v -0.0684919 0.000800367 0.1175
v -0.0686176 0.0008 0.1168
v -0.0686176 0.0008 0.1172
v -0.0686176 0.0008 0.0092
v -0.0686176 0.0008 0.0088
v -0.0707484 0.00149721 0.0225501
v -0.0686654 0.00242052 0.0489858
v -0.0686654 0.00222045 0.0489893
v -0.0686101 0.00221463 0.048656
v -0.0706659 0.00129858 0.0229447
v -0.0707926 0.00129862 0.0225249
v -0.0686176 0.001 0.0084
v -0.0686176 0.001 0.0088
v -0.0686176 0.001 0.1172
v -0.0684762 0.001 0.117487
v -0.0686176 0.001 0.0092
v -0.0686176 0.001 0.0236635
v -0.0686176 0.001 0.1168
v -0.0686176 0.001 0.107503
v -0.0684704 0.00108758 0.117619
v -0.0705928 0.00129855 0.0232805
v -0.0680272 0.0012977 0.0307797
v -0.0686176 0.00125383 0.00814393
v -0.0686101 0.00220928 0.0483493
v -0.0686101 0.00208959 0.0414901
v -0.0686176 0.00151172 0.00838515
v -0.0686176 0.00151873 0.00877471
v -0.0684563 0.0012477 0.117585
v -0.0684491 0.00129954 0.117367
v -0.0686101 0.0020547 0.0394904
v -0.0686176 0.001 0.0256635
v -0.0686176 0.001 0.105503
v -0.0679764 0.00129748 0.032785
v -0.0686654 0.00224046 0.048989
v -0.0686654 0.00240052 0.0489862
v -0.0707883 0.00131849 0.0225273
v -0.070753 0.00147736 0.0225475
v -0.0674237 0.00149158 0.0747917
v -0.0679817 0.00149565 0.0959427
v -0.0673771 0.00149124 0.0539175
v -0.068046 0.00129778 0.0959738
v -0.0675443 0.00129558 0.0748128
v -0.0675024 0.0012954 0.0539006
v -0.0686176 0.0008 0.0842515
v -0.0686176 0.0008 0.063
v -0.0686176 0.001 0.063
v -0.0686176 0.001 0.0842515
v -0.0686176 0.0008 0.0443317
v -0.0686176 0.001 0.0443317
v -0.0684248 0.00149888 0.116951
v -0.0684443 0.00129952 0.116966
v -0.068612 0.00212083 0.031808
v -0.0686139 0.00198678 0.0241291
v -0.068612 0.00192087 0.0318115
v -0.0686139 0.00178682 0.0241325
v -0.0686158 0.00185274 0.0164501
v -0.0686158 0.00165278 0.0164536
v -0.0224814 0.00149173 0.0310557
v -0.0224478 0.00149099 0.0330664
v -0.0228725 0.0008 0.107503
v -0.0228725 0.0008 0.105503
v -0.0228725 0.0008 0.0256635
v -0.0228725 0.0008 0.0236635
v -0.02287 0.00225471 0.0394864
v -0.02287 0.00228961 0.041486
v -0.0227609 0.00149784 0.117235
v -0.0227706 0.00137733 0.11762
v -0.02279 0.00100467 0.11772
v -0.0228725 0.00171138 0.00837356
v -0.0228725 0.00171869 0.00877122
v -0.0228725 0.00125209 0.00794394
v -0.02287 0.00240932 0.0483459
v -0.02287 0.00241467 0.0486525
v -0.0228725 0.0008 0.0084
v -0.0233848 0.00149431 0.0235272
v -0.0234114 0.00149441 0.0231894
v -0.0227977 0.000800655 0.117421
v -0.0228725 0.0008 0.1168
v -0.0228725 0.0008 0.1172
v -0.0228725 0.0008 0.0092
v -0.0228725 0.0008 0.0088
v -0.0234563 0.00149454 0.0227671
v -0.0228885 0.00242049 0.0489859
v -0.0228885 0.0022204 0.0489894
v -0.02287 0.00221458 0.048656
v -0.0234395 0.00129711 0.0231417
v -0.0234838 0.00129718 0.0227199
v -0.0228725 0.001 0.0084
v -0.0228725 0.001 0.0088
v -0.0228725 0.001 0.1172
v -0.0227883 0.001 0.117399
v -0.0228725 0.001 0.0092
v -0.0228725 0.001 0.0236635
v -0.0228725 0.001 0.1168
v -0.0228725 0.001 0.107503
v -0.0227849 0.00108743 0.117527
v -0.0234133 0.00129706 0.023479
v -0.0225209 0.00129567 0.0309996
v -0.0228725 0.00125383 0.00814393
v -0.02287 0.00220923 0.0483494
v -0.02287 0.00208954 0.0414895
v -0.0228725 0.00151171 0.00838515
v -0.0228725 0.00151872 0.00877471
v -0.0227765 0.00124724 0.117484
v -0.0227722 0.00129896 0.117262
v -0.02287 0.00205465 0.0394899
v -0.0228725 0.001 0.0256635
v -0.0228725 0.001 0.105503
v -0.0224907 0.00129527 0.0330092
v -0.0228885 0.00224042 0.048989
v -0.0228885 0.00240049 0.0489862
v -0.0234812 0.00131694 0.0227245
v -0.0234592 0.00147483 0.0227622
v -0.0221616 0.00148473 0.0746275
v -0.0224939 0.001492 0.0957004
v -0.0221338 0.00148412 0.054049
v -0.0225321 0.00129581 0.095756
v -0.0222334 0.00129189 0.0746652
v -0.0222084 0.00129156 0.0540188
v -0.0228725 0.0008 0.0842515
v -0.0228725 0.0008 0.063
v -0.0228725 0.001 0.063
v -0.0228725 0.001 0.0842515
v -0.0228725 0.0008 0.0443317
v -0.0228725 0.001 0.0443317
v -0.0227577 0.00149777 0.116831
v -0.0227693 0.00129893 0.116858
v -0.0228707 0.0021208 0.0318076
v -0.0228713 0.00198677 0.0241288
v -0.0228707 0.00192084 0.0318111
v -0.0228713 0.0017868 0.0241323
v -0.0228719 0.00185273 0.01645
v -0.0228719 0.00165276 0.0164535
v 0.0224814 0.00149173 0.0310557
v 0.0224478 0.00149099 0.0330664
v 0.0228725 0.0008 0.107503
v 0.0228725 0.0008 0.105503
v 0.0228725 0.0008 0.0256635
v 0.0228725 0.0008 0.0236635
v 0.02287 0.00225494 0.0394864
v 0.02287 0.00228985 0.041486
v 0.0227609 0.00149784 0.117235
v 0.0227706 0.00137733 0.11762
v 0.02279 0.00100467 0.11772
v 0.0228725 0.00171137 0.00837357
v 0.0228725 0.00171869 0.00877123
v 0.0228725 0.00125209 0.00794395
v 0.02287 0.00240962 0.0483459
v 0.02287 0.00241497 0.0486525
v 0.0228725 0.0008 0.0084
v 0.0233848 0.00149431 0.0235272
v 0.0234114 0.00149441 0.0231894
v 0.0227977 0.000800655 0.117421
v 0.0228725 0.0008 0.1168
v 0.0228725 0.0008 0.1172
v 0.0228725 0.0008 0.0092
v 0.0228725 0.0008 0.0088
v 0.0234563 0.00149454 0.0227671
v 0.0228885 0.00242079 0.0489859
v 0.0228885 0.00222094 0.0489893
v 0.02287 0.00221512 0.048656
v 0.0234395 0.00129711 0.0231417
v 0.0234838 0.00129718 0.0227199
v 0.0228725 0.001 0.0084
v 0.0228725 0.001 0.0088
v 0.0228725 0.001 0.1172
v 0.0227883 0.001 0.117399
v 0.0228725 0.001 0.0092
v 0.0228725 0.001 0.0236635
v 0.0228725 0.001 0.1168
v 0.0228725 0.001 0.107503
v 0.0227849 0.00108743 0.117527
v 0.0234133 0.00129706 0.023479
v 0.0225209 0.00129567 0.0309996
v 0.0228725 0.00125384 0.00814394
v 0.02287 0.00220977 0.0483494
v 0.02287 0.00208998 0.0414895
v 0.0228725 0.00151171 0.00838516
v 0.0228725 0.00151872 0.00877472
v 0.0227765 0.00124724 0.117484
v 0.0227722 0.00129896 0.117262
v 0.02287 0.00205506 0.0394899
v 0.0228725 0.001 0.0256635
v 0.0228725 0.001 0.105503
v 0.0224907 0.00129527 0.0330092
v 0.0228885 0.00224092 0.048989
v 0.0228885 0.0024008 0.0489862
v 0.0234812 0.00131694 0.0227245
v 0.0234592 0.00147483 0.0227622
v 0.0221616 0.00148473 0.0746275
v 0.0224939 0.001492 0.0957004
v 0.0221338 0.00148412 0.054049
v 0.0225321 0.00129581 0.095756
v 0.0222334 0.00129189 0.0746652
v 0.0222084 0.00129156 0.0540188
v 0.0228725 0.0008 0.0842515
v 0.0228725 0.0008 0.063
v 0.0228725 0.001 0.063
v 0.0228725 0.001 0.0842515
v 0.0228725 0.0008 0.0443317
v 0.0228725 0.001 0.0443317
v 0.0227577 0.00149777 0.116831
v 0.0227693 0.00129893 0.116858
v 0.0228707 0.00212078 0.0318076
v 0.0228713 0.00198675 0.0241288
v 0.0228707 0.00192081 0.0318111
v 0.0228713 0.00178678 0.0241323
v 0.0228719 0.00185272 0.01645
v 0.0228719 0.00165275 0.0164535
v 0.0679608 0.00149549 0.0308111
v 0.0679043 0.00149508 0.0328171
v 0.0686176 0.0008 0.107503
v 0.0686176 0.0008 0.105503
v 0.0686176 0.0008 0.0256635
v 0.0686176 0.0008 0.0236635
v 0.0686101 0.00225493 0.0394869
v 0.0686101 0.00228984 0.0414866
v 0.0684302 0.00149892 0.117352
v 0.0684464 0.00137807 0.117728
v 0.068479 0.00100468 0.117808
v 0.0686176 0.00171137 0.00837359
v 0.0686176 0.00171868 0.00877124
v 0.0686176 0.0012521 0.00794396
v 0.0686101 0.00240959 0.0483459
v 0.0686101 0.00241494 0.0486525
v 0.0686176 0.0008 0.00839999
v 0.0705468 0.00149707 0.0233064
v 0.0706207 0.00149713 0.0229704
v 0.0684919 0.000800367 0.1175
v 0.0686176 0.0008 0.1168
v 0.0686176 0.0008 0.1172
v 0.0686176 0.0008 0.0092
v 0.0686176 0.0008 0.0088
v 0.0707484 0.00149721 0.0225501
v 0.0686654 0.00242076 0.0489859
v 0.0686654 0.0022209 0.0489894
v 0.0686101 0.00221508 0.048656
v 0.0706659 0.00129858 0.0229447
v 0.0707926 0.00129862 0.0225249
v 0.0686176 0.001 0.0084
v 0.0686176 0.001 0.0088
v 0.0686176 0.001 0.1172
v 0.0684762 0.001 0.117487
v 0.0686176 0.001 0.0092
v 0.0686176 0.001 0.0236635
v 0.0686176 0.001 0.1168
v 0.0686176 0.001 0.107503
v 0.0684704 0.00108758 0.117619
v 0.0705928 0.00129855 0.0232805
v 0.0680272 0.0012977 0.0307797
v 0.0686176 0.00125384 0.00814395
v 0.0686101 0.00220972 0.0483494
v 0.0686101 0.00208995 0.0414901
v 0.0686176 0.00151171 0.00838517
v 0.0686176 0.00151872 0.00877474
v 0.0684563 0.0012477 0.117585
v 0.0684491 0.00129954 0.117367
v 0.0686101 0.00205504 0.0394904
v 0.0686176 0.001 0.0256635
v 0.0686176 0.001 0.105503
v 0.0679764 0.00129748 0.032785
v 0.0686654 0.00224088 0.048989
v 0.0686654 0.00240077 0.0489862
v 0.0707883 0.00131849 0.0225273
v 0.0707529 0.00147736 0.0225475
v 0.0674237 0.00149158 0.0747917
v 0.0679817 0.00149565 0.0959427
v 0.0673771 0.00149124 0.0539175
v 0.068046 0.00129778 0.0959738
v 0.0675443 0.00129558 0.0748128
v 0.0675024 0.0012954 0.0539006
v 0.0686176 0.0008 0.0842515
v 0.0686176 0.0008 0.063
v 0.0686176 0.001 0.063
v 0.0686176 0.001 0.0842515
v 0.0686176 0.0008 0.0443317
v 0.0686176 0.001 0.0443317
v 0.0684248 0.00149888 0.116951
v 0.0684443 0.00129952 0.116966
v 0.068612 0.00212077 0.031808
v 0.0686139 0.00198674 0.0241291
v 0.068612 0.00192079 0.0318115
v 0.0686139 0.00178676 0.0241326
v 0.0686157 0.00185271 0.0164502
v 0.0686157 0.00165274 0.0164537
vn -7.31544e-05 1 0.000109216
vn -6.7426e-05 1 0.000107651
vn -7.66323e-05 1 0.000111807
vn -8.3186e-05 1 0.000114776
vn -6.65845e-05 1 7.9372e-05
vn -6.04166e-05 1 8.66851e-05
vn -6.35324e-05 1 7.84377e-05
vn -5.67562e-05 1 8.48967e-05
vn 0.620468 0.783916 -0.0222618
vn 0.603428 0.785134 -0.139422
vn 0 -1 0
vn 0.000582213 -1 0
vn 0.000485908 -1 0
vn -2.06413e-05 1 -4.47943e-05
vn -1.84378e-05 1 -3.67126e-05
vn -1.67242e-05 1 -2.8759e-05
vn -1.86216e-05 1 -3.57841e-05
vn -2.24558e-05 1 -5.19205e-05
vn -2.01075e-05 1 -4.27125e-05
vn -2.35179e-05 1 -5.23626e-05
vn -2.03094e-05 1 -4.30575e-05
vn 0.358653 0.933464 -0.0037234
vn 0.356163 0.934413 -0.00452255
vn 0.998802 0.0481592 -0.00872849
vn 0.998509 0.0534986 -0.010887
vn 0.403638 -0.914914 -0.00306658
vn 0.406179 -0.913785 -0.00385253
vn -0.756419 0.65397 0.0124111
vn -0.730912 0.669874 0.130523
vn 0.000782793 -1 0
vn 0.000952132 -1 0
vn -2.17691e-05 1 3.89129e-05
vn -1.89928e-05 1 3.29248e-05
vn -2.44266e-05 1 4.47848e-05
vn -2.69935e-05 1 4.85697e-05
vn -2.6588e-05 1 5.10546e-05
vn -2.93202e-05 1 5.63206e-05
vn -2.73031e-05 1 5.13693e-05
vn -3.00847e-05 1 5.68022e-05
vn 0.351659 0.936115 0.0048766
vn 0.354638 0.934994 0.0043301
vn 0.997809 0.065088 0.0118304
vn 0.99823 0.0586346 0.0099277
vn 0.412712 -0.910852 0.00425592
vn 0.409559 -0.912277 0.00354585
vn -0.75289 0.650359 -0.100949
vn -0.770679 0.637075 -0.0137718
vn 6.06796e-06 0.999848 -0.0174513
vn 6.43962e-06 0.999848 -0.0174513
vn 6.44387e-06 0.999848 -0.0174509
vn 6.05534e-06 0.999848 -0.0174509
vn 6.53883e-06 0.999848 -0.0174494
vn 5.19227e-06 0.999848 -0.017443
vn 6.50553e-06 0.999848 -0.0174494
vn 4.01212e-06 0.999848 -0.0174432
vn 0.647373 0.716766 0.259142
vn 0.689994 0.709711 0.142192
vn -0.00167872 0.658783 0.752331
vn -0.0014515 0.657908 0.753097
vn -0.000345979 0.98758 0.157114
vn -0.000400181 0.987605 0.156958
vn -0.0016525 -0.392975 0.919547
vn -0.0014266 -0.394111 0.919062
vn 1.04748e-07 0.999839 -0.0179224
vn 9.99751e-08 0.999839 -0.0179222
vn 1.73955e-07 0.913679 -0.406437
vn 2.1348e-07 0.913679 -0.406438
vn 1.66359e-09 -0.0188218 -0.999823
vn 1.60158e-09 -0.018822 -0.999823
vn 7.75591e-06 0.999848 -0.0174511
vn 7.65277e-06 0.999848 -0.0174505
vn 7.83927e-06 0.999848 -0.017451
vn 7.68632e-06 0.999848 -0.0174506
vn 0 -0.924707 -0.380681
vn 0 -0.924707 -0.380681
vn -4.93841e-05 1 9.86481e-05
vn -5.1817e-05 1 0.000103791
vn -4.71308e-05 1 8.95408e-05
vn -5.09132e-05 1 9.40565e-05
vn -0.000469852 -0.958129 0.286338
vn -0.000405505 -0.958199 0.286103
vn 0 -1 0.000305647
vn 0 -1 0.000324629
vn 0.123187 0.7477 -0.65251
vn -0.00280722 0.733059 -0.68016
vn 5.54972e-06 0.719358 0.694639
vn 0.116792 0.724041 0.679797
vn -0.00124665 0.651872 0.758328
vn -0.000120333 0.987412 0.15817
vn -0.00113259 0.652492 0.757795
vn 0.00010508 0.987515 0.157525
vn 0.744725 0.492928 0.449897
vn 0.693863 0.717173 0.0649451
vn -0.00122043 -0.401858 0.915701
vn -0.00112388 -0.401728 0.915758
vn 0.773166 -0.200818 0.601569
vn 1.77325e-06 0.999839 -0.017921
vn 0.00110155 0.913738 -0.406302
vn 3.01973e-06 0.999842 -0.0178029
vn 0.00269443 0.914419 -0.404761
vn 0.690331 0.709696 0.140621
vn 0.748476 0.651484 -0.123904
vn 1.1154e-09 -0.018815 -0.999823
vn 0 -0.0174571 -0.999848
vn 0.814371 -0.00375126 -0.580332
vn 7.51263e-06 0.999848 -0.0174496
vn 7.32118e-06 0.999848 -0.0174498
vn 0.42615 0.73637 0.525504
vn 0 -0.924706 -0.380682
vn 0.0209913 -0.924619 -0.380314
vn -4.59308e-05 1 8.22372e-05
vn -0.00034748 -0.95867 0.284521
vn -4.61043e-05 1 8.22288e-05
vn 0.429541 0.783211 -0.449528
vn -0.000318637 -0.958679 0.284489
vn 0.000215244 -1 0
vn 0.00022079 -1 0.000206558
vn 0 -1 0.000185501
vn 0.000207836 -1 0
vn -1.51516e-05 1 3.84984e-05
vn -1.71652e-05 1 4.83208e-05
vn 0.000704869 1 3.18841e-05
vn -1.13669e-05 1 -3.12502e-05
vn 1.04488e-06 1 -2.33073e-05
vn -1.22032e-05 1 -3.90878e-05
vn 2.12915e-06 1 -2.04339e-05
vn -1.21429e-05 1 -2.85791e-05
vn -1.60598e-05 1 3.68863e-05
vn -2.19681e-05 1 4.58912e-05
vn 0.000740474 1 2.90836e-05
vn -1.55139e-05 1 -3.63216e-05
vn -0.555128 0.710655 0.432205
vn -0.288662 0.713179 0.638788
vn 0.377117 0.92616 -0.00322141
vn 0.377362 0.926065 -0.00135916
vn 0.999909 0.0115797 -0.00698565
vn 0.999928 0.0103689 -0.00610273
vn 0.387958 -0.921674 -0.00235555
vn 0.387469 -0.92188 -0.00205457
vn -0.647351 0.683511 -0.337268
vn -0.487086 0.696118 -0.527415
vn 0.402899 0.915239 0.00324534
vn 0.402093 0.91559 0.00394558
vn -0.419093 0.703367 -0.57414
vn 0.999587 -0.0277431 0.00745116
vn 0.999557 -0.0291246 0.00609465
vn 0.375722 -0.926729 0.00242279
vn 0.375236 -0.926927 0.00199002
vn -0.258007 0.739997 -0.621158
vn 0.614733 0.592082 -0.521097
vn 0.688195 -0.652549 -0.317124
vn -0.181881 0.711356 0.67889
vn 0.0173392 0.676758 0.736001
vn 0.580185 0.338827 0.740663
vn 0.591159 -0.6935 0.411813
vn 7.31541e-05 1 0.000109216
vn 8.31857e-05 1 0.000114776
vn 7.66321e-05 1 0.000111807
vn 6.74257e-05 1 0.000107651
vn 6.65845e-05 1 7.9372e-05
vn 6.04166e-05 1 8.66851e-05
vn 6.35324e-05 1 7.84377e-05
vn 5.67571e-05 1 8.4897e-05
vn -0.620467 0.783916 -0.0222638
vn -0.603428 0.785134 -0.139424
vn -0.000582213 -1 0
vn -0.000485908 -1 0
vn 2.06158e-05 1 -4.47066e-05
vn 1.86066e-05 1 -3.5728e-05
vn 1.67168e-05 1 -2.87172e-05
vn 1.84197e-05 1 -3.66381e-05
vn 2.24449e-05 1 -5.18274e-05
vn 1.9924e-05 1 -4.26642e-05
vn 2.35105e-05 1 -5.22955e-05
vn 2.0266e-05 1 -4.30126e-05
vn -0.355496 0.934667 -0.00451241
vn -0.357959 0.93373 -0.00371508
vn -0.998453 0.0545169 -0.0108901
vn -0.998751 0.04919 -0.00873221
vn -0.406459 -0.913661 -0.00385517
vn -0.403902 -0.914797 -0.0030689
vn 0.756419 0.65397 0.0124073
vn 0.731149 0.669608 0.130564
vn -0.000952132 -1 0
vn -0.000782739 -1 0
vn 2.37792e-05 1 3.8802e-05
vn 2.6957e-05 1 4.85071e-05
vn 2.43932e-05 1 4.47226e-05
vn 2.1286e-05 1 3.28263e-05
vn 2.93003e-05 1 5.62257e-05
vn 2.64045e-05 1 5.09885e-05
vn 3.02097e-05 1 5.67305e-05
vn 2.71264e-05 1 5.13172e-05
vn -0.350988 0.936367 0.00486812
vn -0.353975 0.935245 0.00432412
vn -0.997743 0.0660967 0.0118304
vn -0.99817 0.0596495 0.00992697
vn -0.412982 -0.910729 0.00426005
vn -0.409842 -0.91215 0.00354981
vn 0.770679 0.637074 -0.0137706
vn 0.752659 0.650631 -0.100914
vn 6.0322e-06 0.999848 -0.0174536
vn 6.02667e-06 0.999848 -0.017454
vn 6.39612e-06 0.999848 -0.017454
vn 6.3897e-06 0.999848 -0.0174536
vn 5.2394e-06 0.999848 -0.0174619
vn 6.52193e-06 0.999848 -0.0174554
vn 4.23559e-06 0.999848 -0.0174617
vn 6.56494e-06 0.999848 -0.0174555
vn -0.689991 0.709716 0.142182
vn -0.647367 0.716772 0.259141
vn 0.00167872 0.658783 0.752331
vn 0.00040018 0.987605 0.156958
vn 0.000345977 0.98758 0.157114
vn 0.0014515 0.657908 0.753097
vn 0.0016525 -0.392975 0.919547
vn 0.0014266 -0.394111 0.919062
vn 1.03999e-07 0.999839 -0.0179229
vn 7.07693e-08 0.913665 -0.406468
vn 7.42599e-08 0.913665 -0.406468
vn 1.0262e-07 0.999839 -0.0179233
vn 2.1562e-09 -0.0188817 -0.999822
vn 2.39167e-07 -0.018882 -0.999822
vn 7.69798e-06 0.999848 -0.0174534
vn 7.56672e-06 0.999848 -0.0174543
vn 7.8364e-06 0.999848 -0.0174535
vn 7.63742e-06 0.999848 -0.017454
vn 0 -0.924717 -0.380655
vn 0 -0.924717 -0.380655
vn 5.1817e-05 1 0.00010379
vn 4.93838e-05 1 9.86472e-05
vn 5.09132e-05 1 9.40554e-05
vn 4.71307e-05 1 8.95398e-05
vn 0.000469854 -0.958129 0.286338
vn 0.000405507 -0.958199 0.286103
vn 0.00280721 0.73306 -0.680158
vn -0.123187 0.7477 -0.65251
vn 5.50443e-06 0.719361 0.694637
vn -0.116782 0.724045 0.679795
vn 0.000120333 0.987412 0.15817
vn 0.00124667 0.651872 0.758328
vn -0.00010508 0.987515 0.157525
vn 0.00113261 0.652492 0.757795
vn -0.694136 0.716913 0.0648961
vn -0.744441 0.493114 0.450162
vn 0.00122043 -0.401858 0.915701
vn 0.00112386 -0.401728 0.915758
vn -0.773445 -0.200662 0.601264
vn -1.54789e-06 0.999839 -0.0179229
vn -0.00110132 0.913723 -0.406336
vn -2.89041e-06 0.999841 -0.0178049
vn -0.00269399 0.914403 -0.404795
vn -0.690332 0.709696 0.140618
vn -0.748484 0.651471 -0.123925
vn 2.43564e-07 -0.0188844 -0.999822
vn 5.10108e-09 -0.0175268 -0.999846
vn -0.81437 -0.00380467 -0.580334
vn 7.75251e-06 0.999848 -0.0174556
vn 7.62832e-06 0.999848 -0.0174555
vn -0.426079 0.736471 0.525422
vn 0 -0.924719 -0.38065
vn -0.0209896 -0.924632 -0.380282
vn 4.59316e-05 1 8.22381e-05
vn 0.00034748 -0.95867 0.284521
vn 4.61045e-05 1 8.2229e-05
vn -0.429541 0.783211 -0.449528
vn 0.000318637 -0.958679 0.284489
vn -0.000215234 -1 0
vn -0.00022079 -1 0.000206558
vn -0.000207836 -1 0
vn 1.71369e-05 1 4.82614e-05
vn 1.50052e-05 1 3.85872e-05
vn -0.000660375 1 3.12926e-05
vn 3.71096e-06 1 -2.31058e-05
vn 1.14234e-05 1 -3.10753e-05
vn 1.20177e-05 1 -3.91915e-05
vn 3.18625e-06 1 -2.02726e-05
vn 1.21739e-05 1 -2.84055e-05
vn 1.6012e-05 1 3.68801e-05
vn 2.19469e-05 1 4.58323e-05
vn -0.00069468 1 2.84274e-05
vn 1.53513e-05 1 -3.63726e-05
vn 0.555128 0.710655 0.432205
vn 0.288663 0.713179 0.638788
vn -0.376406 0.926449 -0.00321598
vn -0.376635 0.926361 -0.00134527
vn -0.999896 0.0126223 -0.00700441
vn -0.999916 0.0113989 -0.0061032
vn -0.388221 -0.921563 -0.00235024
vn -0.387705 -0.921781 -0.00204861
vn 0.647543 0.683278 -0.33737
vn 0.487086 0.696118 -0.527415
vn -0.402175 0.915557 0.0032412
vn -0.401383 0.915902 0.00394034
vn 0.419144 0.703307 -0.574175
vn -0.999615 -0.0267342 0.00746954
vn -0.999586 -0.0281235 0.00609779
vn -0.375994 -0.926619 0.00241754
vn -0.375481 -0.926828 0.00198435
vn 0.258555 0.739724 -0.621255
vn -0.614089 0.592876 -0.520954
vn -0.68834 -0.652439 -0.317035
vn 0.181926 0.711162 0.679081
vn -0.0169981 0.676862 0.735913
vn -0.579624 0.339651 0.740724
vn -0.591318 -0.693387 0.411774
vn -0.00119104 0.401603 -0.915813
vn -0.000354356 0.958693 -0.284442
vn -0.406139 0.91328 -0.0311491
vn -0.752343 0.343757 -0.561971
vn 0.0240412 0.924608 0.380161
vn -2.55122e-09 0.0175322 0.999846
vn -0.808444 0.0445697 0.586883
vn -0.396674 0.882031 0.254305
vn 0 1 0
vn 0.375787 0.926703 -0.00222803
vn 0.387942 0.921681 0.0023001
vn 0.643483 -0.760702 -0.0852233
vn -8.58431e-06 -1 -1.62929e-05
vn -6.97498e-06 -1 -1.45405e-05
vn 0.590512 -0.74643 -0.306817
vn 0.568201 0.731013 0.377847
vn 0.999916 -0.0114248 0.00613772
vn 0.629161 -0.601876 0.491835
vn 0.376456 -0.926433 0.00161492
vn 0.289749 -0.710524 0.641249
vn 0.183897 -0.7032 0.686798
vn -1.62158e-06 -1 6.46768e-06
vn -3.82575e-06 -1 9.10252e-06
vn 0.999583 0.0282045 -0.00619092
vn 0.542543 0.825281 -0.156708
vn 0.196073 -0.920821 -0.337112
vn 0.402232 -0.915534 -0.00268642
vn 0.000153413 -1 -8.18437e-06
vn 0.41974 -0.710945 -0.564248
vn 0.37519 0.926944 -0.00270036
vn 0.410227 0.911975 -0.00397814
vn 0.999546 0.0291743 -0.00749273
vn 0.99816 -0.0598032 -0.00999509
vn 0.402549 -0.915393 -0.00324836
vn 0.354954 -0.934876 -0.00373357
vn 0.469658 -0.721959 -0.50813
vn -5.01894e-06 -1 -1.17583e-05
vn 0.000145761 -1 -9.24742e-06
vn -6.82044e-06 -1 -1.04189e-05
vn -8.43207e-06 -1 -1.61894e-05
vn -5.31044e-06 -1 -1.53771e-05
vn 0.388186 0.921577 0.00263194
vn 0.404326 0.914609 0.00344038
vn 0.999903 -0.012056 0.00701561
vn 0.998442 -0.0551065 0.00876517
vn 0.377113 -0.926163 0.00280474
vn 0.35331 -0.935501 0.00325152
vn -1.75429e-06 -1 7.39015e-06
vn -5.34011e-06 -1 9.10107e-06
vn -4.86158e-06 -1 1.15546e-05
vn 0.53155 -0.739347 0.413305
vn -6.56259e-06 -1 1.36283e-05
vn 0.652297 -0.749094 0.115611
vn -3.56677e-06 -1 9.97598e-06
vn -3.83011e-06 -1 1.24079e-05
vn -6.36595e-06 -1 1.35464e-05
vn -4.75819e-06 -1 -1.22458e-05
vn -5.83743e-06 -1 1.16141e-05
vn -7.74371e-06 -1 -1.41912e-05
vn 0 0.92472 0.380648
vn 0 0.92472 0.380648
vn -0.000384739 0.958683 -0.284476
vn -0.000450139 0.958224 -0.286019
vn -0.00129232 0.401738 -0.915754
vn -0.504715 -0.682546 -0.528577
vn -2.49368e-05 -1 -4.446e-05
vn -3.07193e-05 -1 -4.58654e-05
vn -0.749888 -0.638126 -0.174537
vn -0.136299 -0.679962 -0.720468
vn -2.54861e-05 -1 -4.8492e-05
vn -2.66828e-05 -1 -5.33194e-05
vn -2.48618e-05 -1 -4.44861e-05
vn -3.26567e-05 -1 -4.68337e-05
vn -0.00150897 0.393912 -0.919147
vn -3.64344e-05 -1 -5.81712e-05
vn -4.19873e-10 0.0188868 0.999822
vn -4.19812e-10 0.0188841 0.999822
vn -0.647389 -0.707267 0.284008
vn -1.13956e-05 -0.999848 0.0174578
vn -1.31099e-05 -0.999848 0.0174573
vn -0.426173 -0.717549 0.550908
vn -0.116824 -0.699704 0.704816
vn -1.34888e-05 -0.999848 0.0174554
vn -1.15316e-05 -0.999848 0.0174578
vn -1.34201e-05 -0.999848 0.0174577
vn -1.34242e-05 -0.999848 0.0174555
vn -1.13881e-05 -0.999848 0.0174553
vn -0.671125 -0.583528 0.45726
vn 0.00150937 -0.91447 0.404651
vn 0.000616346 -0.913807 0.406148
vn -9.405e-08 -0.913749 0.40628
vn -0.690079 -0.704304 0.166573
vn 1.46781e-06 -0.999844 0.0176541
vn 8.49305e-07 -0.999843 0.0177224
vn -1.03172e-07 -0.999843 0.017722
vn -0.00105057 -0.68237 -0.731006
vn -0.768925 -0.32956 -0.547854
vn -0.00114036 -0.681706 -0.731626
vn -0.00131237 -0.687212 -0.726456
vn 0.000101513 -0.993039 -0.117788
vn -0.721009 -0.678036 -0.142876
vn -6.53656e-05 -0.992952 -0.11852
vn -0.000231112 -0.993025 -0.117904
vn -8.57386e-06 -0.694903 0.719103
vn -1.38135e-05 -0.999848 0.0174549
vn -2.75065e-05 -1 -5.08815e-05
vn 0.00266217 -0.681657 -0.731667
vn -0.00052161 0.958156 -0.286248
vn -0.00174819 0.392766 -0.919637
vn -2.7996e-05 -1 -5.6084e-05
vn -4.14076e-05 -1 -6.04515e-05
vn -1.63275e-07 0.0188839 0.999822
vn -1.36968e-05 -0.999848 0.0174548
vn -1.13907e-05 -0.999848 0.0174546
vn -9.50442e-08 -0.913749 0.40628
vn -1.03657e-07 -0.999843 0.0177217
vn -0.00151796 -0.688012 -0.725698
vn -0.000267337 -0.993036 -0.117808
vn -6.76277e-06 -0.999847 0.0174689
vn -0.690003 -0.704306 0.166883
vn -9.17887e-06 -0.999847 0.0174693
vn -1.07352e-05 -0.999848 0.0174553
vn -1.07324e-05 -0.999848 0.0174546
vn 0.413399 0.910537 -0.00477568
vn -9.47932e-06 -1 -1.79968e-05
vn 0.641416 -0.767124 -0.0103036
vn 0.997724 -0.0663691 -0.0118823
vn 0.352056 -0.935969 -0.0043441
vn -7.6334e-06 -1 -1.23147e-05
vn -9.2082e-06 -1 -1.78573e-05
vn -8.56229e-06 -1 -1.53965e-05
vn 0.657185 -0.753667 0.00969318
vn -7.42802e-06 -1 1.66025e-05
vn 0.743359 0.668846 0.00789714
vn 0.998126 -0.0602128 0.0109293
vn 0.351147 -0.936312 0.00397129
vn -5.8097e-06 -1 1.13275e-05
vn -7.08647e-06 -1 1.64656e-05
vn -6.54687e-06 -1 1.41731e-05
vn -0.779517 -0.625693 -0.0293395
vn -3.42859e-05 -1 -4.23594e-05
vn -3.60469e-05 -1 -4.28798e-05
vn -3.95556e-05 -1 -5.90046e-05
vn -4.49728e-05 -1 -6.20406e-05
vn 0.00119106 0.401603 -0.915813
vn 0.752349 0.34372 -0.561986
vn 0.406036 0.91334 -0.0307281
vn 0.000354363 0.958693 -0.284442
vn -0.0240446 0.924593 0.380197
vn 0.396739 0.882064 0.254089
vn 0.808443 0.0445282 0.586887
vn 8.70619e-14 0.017459 0.999848
vn -0.375479 0.926828 -0.0022262
vn -0.387641 0.921808 0.00229831
vn -0.643212 -0.760935 -0.0851882
vn -0.590671 -0.746272 -0.306896
vn 6.87446e-06 -1 -1.46484e-05
vn 8.71369e-06 -1 -1.63498e-05
vn -0.567906 0.731059 0.378199
vn -0.999928 -0.0102845 0.00615658
vn -0.631088 -0.600374 0.491202
vn -0.377441 -0.926032 0.00182881
vn -0.289749 -0.710524 0.641249
vn 3.84335e-06 -1 9.11091e-06
vn 6.25132e-07 -1 6.46891e-06
vn -0.183894 -0.7032 0.686799
vn -0.999555 0.0291931 -0.00619016
vn -0.999644 0.0243934 -0.0108239
vn -0.773373 -0.540881 -0.330669
vn -0.402842 -0.915266 -0.00268984
vn -0.000164068 -1 -8.28991e-06
vn -0.419981 -0.710792 -0.564261
vn -0.374885 0.927067 -0.00269817
vn -0.409941 0.912103 -0.00397536
vn -0.999515 0.0302303 -0.00749327
vn -0.99822 -0.0587905 -0.00999632
vn -0.403201 -0.915106 -0.00324614
vn -0.35561 -0.934627 -0.00374078
vn -0.469658 -0.721959 -0.508131
vn 5.0491e-06 -1 -1.17921e-05
vn 6.26598e-06 -1 -1.04667e-05
vn -0.000156247 -1 -9.35067e-06
vn 5.35266e-06 -1 -1.54112e-05
vn 8.43196e-06 -1 -1.62347e-05
vn -0.38795 0.921677 0.00263034
vn -0.403995 0.914755 0.00343756
vn -0.999915 -0.0109862 0.0070339
vn -0.998592 -0.0523083 0.00876586
vn -0.377849 -0.925863 0.00280867
vn -0.355592 -0.934636 0.00326429
vn 7.52876e-07 -1 7.41024e-06
vn 5.34767e-06 -1 9.14296e-06
vn -0.531384 -0.739535 0.413183
vn 4.97946e-06 -1 1.15212e-05
vn -0.652274 -0.749115 0.115607
vn 6.43099e-06 -1 1.3689e-05
vn 3.83745e-06 -1 1.24674e-05
vn 3.58009e-06 -1 9.99604e-06
vn 6.38737e-06 -1 1.35813e-05
vn 4.78005e-06 -1 -1.22914e-05
vn 5.8664e-06 -1 1.16595e-05
vn 7.76642e-06 -1 -1.42227e-05
vn 0 0.924705 0.380683
vn 0 0.924708 0.380676
vn 0.000384746 0.958683 -0.284476
vn 0.000450139 0.958224 -0.286019
vn 0.00129235 0.401738 -0.915754
vn 0.504614 -0.682716 -0.528454
vn 0.749888 -0.638126 -0.174535
vn 3.07193e-05 -1 -4.58654e-05
vn 2.49367e-05 -1 -4.446e-05
vn 0.136299 -0.679962 -0.720468
vn 2.5486e-05 -1 -4.84916e-05
vn 2.48618e-05 -1 -4.44861e-05
vn 2.66829e-05 -1 -5.33193e-05
vn 3.26567e-05 -1 -4.68337e-05
vn 0.00150897 0.393912 -0.919147
vn 3.64344e-05 -1 -5.81713e-05
vn -2.40245e-07 0.018814 0.999823
vn -2.37508e-07 0.0188238 0.999823
vn 0.647332 -0.70733 0.283982
vn 0.426155 -0.717564 0.550903
vn -1.32332e-05 -0.999848 0.0174474
vn -1.14688e-05 -0.999848 0.0174471
vn 0.116783 -0.699843 0.704686
vn -1.35486e-05 -0.999848 0.0174495
vn -1.35739e-05 -0.999848 0.017447
vn -1.14208e-05 -0.999848 0.0174472
vn -1.34377e-05 -0.999848 0.0174497
vn -1.13958e-05 -0.999848 0.0174496
vn 0.671125 -0.583544 0.457239
vn -0.00150965 -0.914484 0.404619
vn -0.000616749 -0.913822 0.406115
vn -1.30945e-07 -0.913761 0.406251
vn 0.690051 -0.704333 0.166566
vn -1.72739e-06 -0.999844 0.0176526
vn -1.08069e-06 -0.999843 0.0177209
vn -1.04179e-07 -0.999843 0.0177218
vn 0.00105055 -0.68237 -0.731006
vn 0.768932 -0.32959 -0.547827
vn 0.00114036 -0.681705 -0.731626
vn 0.00131237 -0.687212 -0.726456
vn -0.000101511 -0.993039 -0.117788
vn 0.721007 -0.678035 -0.142889
vn 6.53657e-05 -0.992952 -0.11852
vn 0.000231111 -0.993025 -0.117904
vn -1.11206e-05 -0.694641 0.719356
vn -1.38636e-05 -0.999848 0.0174499
vn 2.75065e-05 -1 -5.08821e-05
vn -0.00266216 -0.681657 -0.731667
vn 0.00052161 0.958156 -0.286248
vn 0.00174819 0.392766 -0.919637
vn 2.79961e-05 -1 -5.60846e-05
vn 4.14076e-05 -1 -6.04516e-05
vn -4.31137e-10 0.0188238 0.999823
vn -1.37843e-05 -0.999848 0.0174502
vn -1.14083e-05 -0.999848 0.0174503
vn -1.01048e-07 -0.913761 0.406252
vn -1.04341e-07 -0.999843 0.0177225
vn 0.00151795 -0.688012 -0.725698
vn 0.000267336 -0.993036 -0.117808
vn -6.97433e-06 -0.999848 0.017436
vn 0.689999 -0.704315 0.166859
vn -9.13582e-06 -0.999848 0.0174356
vn -1.07112e-05 -0.999848 0.0174496
vn -1.07193e-05 -0.999848 0.0174503
vn -0.413103 0.910672 -0.00477226
vn 9.65719e-06 -1 -1.8083e-05
vn -0.641138 -0.767357 -0.0103005
vn -0.997792 -0.0653418 -0.0118835
vn -0.352715 -0.935721 -0.00435251
vn 7.21733e-06 -1 -1.23708e-05
vn 9.39238e-06 -1 -1.79175e-05
vn 8.58814e-06 -1 -1.54241e-05
vn -0.657187 -0.753665 0.00969442
vn 7.43159e-06 -1 1.66325e-05
vn -0.742861 0.669399 0.00789159
vn -0.99829 -0.0574212 0.0109317
vn -0.353416 -0.935458 0.00399727
vn 5.96167e-06 -1 1.13739e-05
vn 7.09713e-06 -1 1.64955e-05
vn 6.56503e-06 -1 1.42292e-05
vn 0.779294 -0.625971 -0.0293285
vn 3.42864e-05 -1 -4.23594e-05
vn 3.60469e-05 -1 -4.28798e-05
vn 3.95556e-05 -1 -5.90048e-05
vn 4.49727e-05 -1 -6.20408e-05
vn -0.95291 0.0506771 0.298988
vn -0.993749 0.109404 0.0222144
vn -0.84004 0.0490015 0.540307
vn -0.996804 0.0793736 0.00901001
vn -0.999841 0.0178253 -0.000156278
vn -0.998859 0.0456695 0.0139294
vn -0.999803 0.0198615 -0.000174097
vn -0.967707 0.0481928 -0.247428
vn 0.883633 -0.0910779 -0.459236
vn 0.979458 -0.154259 -0.129867
vn 0.882959 -0.0940694 -0.459929
vn 0.978553 -0.158904 -0.131083
vn -0.0166712 0.824731 0.565279
vn -0.00767071 0.433527 0.901108
vn 0.571771 -0.00844257 0.82037
vn 0.339544 0.00641368 0.940568
vn 0.411772 0.00386866 0.911279
vn 0.258646 0.0112703 0.965906
vn 0.411773 0.00396723 0.911278
vn 0.258734 0.0115041 0.96588
vn -0.0613282 0.966625 -0.248747
vn -0.0483949 0.780807 -0.622895
vn 0.830453 0.0281589 -0.556377
vn 0.690184 0.0292862 -0.723041
vn 0.596037 -0.0109451 -0.802882
vn 0.590689 -0.010905 -0.806826
vn 0.678282 -0.0365439 -0.733892
vn 0.677995 -0.0374381 -0.734113
vn 0.788667 -0.043117 0.613307
vn 0.788278 -0.0449186 0.613678
vn 0.9784 -0.112337 0.173531
vn 0.977807 -0.115925 0.174513
vn -0.952281 0.210045 -0.221456
vn -0.681993 0.157447 -0.71421
vn -0.951293 0.215938 -0.220027
vn -0.681703 0.16205 -0.713457
vn -0.184949 0.0970417 -0.977945
vn -0.184656 0.0999189 -0.977711
vn -0.620713 0.0136985 0.783918
vn -0.922126 0.00676888 0.386831
vn -0.620713 0.0138414 0.783916
vn -0.922126 0.0067673 0.386831
vn -0.166341 0.0174085 0.985915
vn -0.166337 0.0172226 0.985919
vn -0.96293 0.0120651 0.26948
vn -0.976866 0.00956505 0.213641
vn -0.975974 0.00380479 0.217852
vn -0.976237 0.0037842 0.216674
vn -0.98681 0.138213 -0.0842847
vn -0.99363 0.100972 -0.0500499
vn -0.995637 0.0514311 -0.0778595
vn -0.996591 0.0533382 -0.0629381
vn -3.48213e-06 0.0171407 0.999853
vn -1.80536e-07 0.0175114 0.999847
vn 0.0036972 0.0716057 -0.997426
vn 0.00402356 0.073597 -0.99728
vn -0.97582 0.00382401 0.218542
vn -0.97582 0.00382315 0.218542
vn 0.983533 -0.180023 -0.0159597
vn 0.982466 -0.185629 -0.0174208
vn 0.990309 -0.138099 0.0147553
vn 0.989682 -0.142369 0.0161112
vn -0.974817 0.220002 -0.0364944
vn -0.973498 0.225977 -0.03517
vn 0.993753 0.10938 0.0221532
vn 0.952753 0.0507255 0.29948
vn 0.99681 0.0792678 0.00931485
vn 0.839974 0.0490398 0.540406
vn 0.998861 0.0457223 0.013648
vn 0.999841 0.0178241 -0.000154919
vn 0.967664 0.0482452 -0.247587
vn 0.999802 0.0198785 -0.0001728
vn -0.97941 -0.154571 -0.129864
vn -0.88365 -0.0908658 -0.459245
vn -0.978503 -0.159216 -0.13108
vn -0.882984 -0.0937729 -0.45994
vn 0.0175245 0.824107 0.566163
vn 0.00810321 0.433286 0.90122
vn -0.572772 -0.00853759 0.81967
vn -0.339766 0.00651093 0.940488
vn -0.258642 0.0112705 0.965908
vn -0.411772 0.00386868 0.911279
vn -0.258733 0.0117806 0.965877
vn -0.411773 0.00396725 0.911278
vn 0.0622652 0.966431 -0.249267
vn 0.0490687 0.780571 -0.623138
vn -0.830388 0.0297145 -0.556393
vn -0.690062 0.03058 -0.723104
vn -0.596234 -0.0107461 -0.802739
vn -0.590708 -0.0108453 -0.806812
vn -0.678282 -0.0365439 -0.733893
vn -0.677994 -0.0374379 -0.734113
vn -0.788655 -0.0434104 0.613302
vn -0.788277 -0.0449185 0.613679
vn -0.978392 -0.11241 0.173529
vn -0.977844 -0.115606 0.17452
vn 0.682022 0.15723 -0.71423
vn 0.952281 0.210045 -0.221456
vn 0.681698 0.162081 -0.713455
vn 0.951294 0.215938 -0.220024
vn 0.184949 0.0970502 -0.977944
vn 0.184656 0.0999274 -0.97771
vn 0.922127 0.0066891 0.38683
vn 0.620713 0.0136838 0.783918
vn 0.922127 0.00676266 0.386828
vn 0.620713 0.0136867 0.783919
vn 0.166336 0.0172363 0.985919
vn 0.166337 0.0172387 0.985918
vn 0.96293 0.0120526 0.269482
vn 0.976865 0.00955524 0.213645
vn 0.975975 0.00376924 0.21785
vn 0.976236 0.00378929 0.216677
vn 0.986815 0.138211 -0.0842205
vn 0.993639 0.10076 -0.0502995
vn 0.995635 0.0514305 -0.0778779
vn 0.996576 0.0537113 -0.0628559
vn -1.62551e-06 0.0174579 0.999848
vn -1.82896e-07 0.0174597 0.999848
vn -0.00369719 0.0716058 -0.997426
vn -0.00402357 0.0735957 -0.99728
vn 0.975821 0.00381978 0.218539
vn 0.975821 0.0038206 0.218539
vn -0.983468 -0.180379 -0.0159598
vn -0.982466 -0.185628 -0.017426
vn -0.990303 -0.138141 0.0147569
vn -0.989676 -0.142415 0.0161128
vn 0.974885 0.219697 -0.036497
vn 0.973488 0.22602 -0.0351664
vn -6.44055e-05 1 -9.78011e-05
vn -0.000121281 1 -5.81569e-05
vn -0.000139358 1 -6.10501e-05
vn -7.42528e-05 1 -0.000102783
vn -0.000126599 1 4.6191e-05
vn -0.000144818 1 4.84907e-05
vn -5.58375e-05 1 -6.52231e-05
vn -0.000105625 1 -3.85702e-05
vn -0.000113308 1 3.45299e-05
vn -5.11904e-05 1 -6.473e-05
vn -9.74632e-05 1 -3.83985e-05
vn -0.000106925 1 3.41485e-05
vn 0.635669 0.770801 -0.0423195
vn 0.5686 0.821871 -0.0349716
vn 0.559309 0.828563 -0.0256281
vn 7.42525e-05 1 -0.000102783
vn 0.000139358 1 -6.10501e-05
vn 0.000121281 1 -5.81569e-05
vn 6.44053e-05 1 -9.78011e-05
vn 0.000144818 1 4.84907e-05
vn 0.0001266 1 4.6191e-05
vn 0.000105625 1 -3.85703e-05
vn 5.58366e-05 1 -6.52232e-05
vn 0.000113307 1 3.45299e-05
vn 9.74649e-05 1 -3.83984e-05
vn 5.11903e-05 1 -6.473e-05
vn 0.000106927 1 3.41486e-05
vn -0.5686 0.821871 -0.0349716
vn -0.635669 0.770801 -0.0423197
vn -0.55931 0.828563 -0.0256279
vn -0.76578 -0.641173 -0.049782
vn -0.814975 -0.577396 -0.0492881
vn -5.27121e-05 -1 2.07583e-05
vn -2.75111e-05 -1 3.49764e-05
vn -0.82198 -0.568232 -0.0382256
vn -5.78108e-05 -1 -1.84607e-05
vn -5.72976e-05 -1 2.08458e-05
vn -3.003e-05 -1 3.52487e-05
vn -6.12101e-05 -1 -1.86711e-05
vn -6.55402e-05 -1 3.14436e-05
vn -3.4806e-05 -1 5.28404e-05
vn -6.8433e-05 -1 -2.4977e-05
vn -7.52963e-05 -1 3.30182e-05
vn -4.01211e-05 -1 5.55419e-05
vn -7.82605e-05 -1 -2.62254e-05
vn 2.75116e-05 -1 3.49764e-05
vn 5.27122e-05 -1 2.07583e-05
vn 0.814975 -0.577396 -0.0492878
vn 0.76578 -0.641173 -0.0497818
vn 5.78097e-05 -1 -1.84607e-05
vn 0.82198 -0.568232 -0.0382259
vn 3.003e-05 -1 3.52487e-05
vn 5.72986e-05 -1 2.08457e-05
vn 6.1209e-05 -1 -1.8671e-05
vn 3.4806e-05 -1 5.28405e-05
vn 6.55402e-05 -1 3.14436e-05
vn 6.8433e-05 -1 -2.4977e-05
vn 4.01211e-05 -1 5.55419e-05
vn 7.52963e-05 -1 3.30182e-05
vn 7.82605e-05 -1 -2.62254e-05
vn -0.981493 0.180492 -0.0639809
vn -0.939551 0.337642 -0.056933
vn -0.932383 0.358872 -0.0432867
vn -0.980452 0.185689 -0.0650588
vn -0.936309 0.346445 -0.0574514
vn -0.928759 0.368223 -0.0426464
vn 0.939551 0.337642 -0.0569327
vn 0.981501 0.180448 -0.063981
vn 0.932383 0.358872 -0.0432867
vn 0.936309 0.346445 -0.0574514
vn 0.980461 0.185644 -0.0650593
vn 0.928759 0.368223 -0.0426467
vn 0.999991 -0.00421464 0
vn 3.46945e-18 -1 0
vn -6.71164e-05 1 -1.33711e-06
vn -4.99894e-05 1 -3.91635e-05
vn -4.5127e-05 1 -3.13053e-05
vn -6.0595e-05 1 -1.06475e-06
vn -7.30582e-05 1 -1.54911e-06
vn -5.43313e-05 1 -4.54218e-05
vn -7.50443e-05 1 -1.56319e-06
vn -5.51103e-05 1 -4.58202e-05
vn 0.325212 0.945634 -0.00364658
vn 0.309152 0.951013 -0.000110197
vn 0.992104 0.125058 -0.00954595
vn 0.985988 0.166816 -0.000323314
vn 0.79141 -0.61125 -0.00667775
vn 0.888044 0.459759 -0.000253241
vn -0.847956 0.530066 0.000423986
vn -0.817892 0.575248 0.0118907
vn -3.46945e-18 -1 0
vn -0.999991 -0.00421464 0
vn 6.055e-05 1 -1.06667e-06
vn 4.49618e-05 1 -3.12661e-05
vn 4.9935e-05 1 -3.91122e-05
vn 6.70291e-05 1 -1.33389e-06
vn 5.41284e-05 1 -4.53644e-05
vn 7.30142e-05 1 -1.54631e-06
vn 5.49353e-05 1 -4.57624e-05
vn 7.4912e-05 1 -1.55998e-06
vn -0.308606 0.95119 -0.000109895
vn -0.324617 0.945839 -0.00363936
vn -0.98583 0.167745 -0.000323623
vn -0.991983 0.126013 -0.00954516
vn -0.887874 0.460087 -0.000252836
vn -0.791817 -0.610722 -0.00668113
vn 0.818084 0.574976 0.0118912
vn 0.847793 0.530326 0.000423731
vn 0.540745 -0.841187 0.000242807
vn 0.58322 -0.812279 0.007617
vn -1.74678e-05 -1 1.45306e-05
vn -2.37606e-05 -1 4.94324e-07
vn 0.883989 -0.467507 0.000283486
vn 0.896116 -0.443741 0.00839912
vn 0 0 0
vn 0.985287 -0.17091 0.000325692
vn 0.991458 -0.130071 0.00957951
vn 0.309526 -0.950891 9.70628e-05
vn 0.323384 -0.946262 0.0032272
vn -1.9171e-05 -1 3.38299e-07
vn -1.43343e-05 -1 9.92757e-06
vn -1.7349e-05 -1 1.44018e-05
vn -2.31655e-05 -1 4.91066e-07
vn -1.58489e-05 -1 1.24187e-05
vn -2.12818e-05 -1 4.24502e-07
vn 2.38927e-05 -1 4.97944e-07
vn 1.76063e-05 -1 1.45782e-05
vn -0.58322 -0.812279 0.00761867
vn -0.541007 -0.841018 0.000243062
vn -0.896233 -0.443504 0.00840022
vn -0.884151 -0.467201 0.000283849
vn -0.991772 -0.127658 0.00958357
vn -0.985688 -0.16858 0.00032577
vn -0.325435 -0.945559 0.0032482
vn -0.311445 -0.950264 0.000101257
vn 1.43644e-05 -1 9.96015e-06
vn 1.93521e-05 -1 3.39464e-07
vn 2.31974e-05 -1 4.94676e-07
vn 1.73702e-05 -1 1.44509e-05
vn 2.13513e-05 -1 4.25339e-07
vn 1.59003e-05 -1 1.2462e-05
vn 0.907176 -0.420751 0.000411577
vn 0.945915 -0.324175 0.0124801
vn 0.901908 -0.431928 0.0004477
vn 0.942568 -0.333739 0.0135978
vn -0.945901 -0.324215 0.0124823
vn -0.907291 -0.420504 0.000411541
vn -0.942664 -0.333465 0.0136015
vn -0.901758 -0.43224 0.000447538
vn 1.38778e-17 -1 0
vn -5.3443e-05 1 3.84442e-05
vn -4.75037e-05 1 3.07435e-05
vn -5.80878e-05 1 4.45805e-05
vn -5.94157e-05 1 4.49644e-05
vn 0.322919 0.94642 0.00357787
vn 0.991242 0.131724 0.00937452
vn 0.795403 -0.606049 0.00617126
vn -0.82437 0.565928 -0.0117881
vn -6.93889e-18 -1 0
vn 4.8185e-05 1 3.06954e-05
vn 5.33736e-05 1 3.83921e-05
vn 5.78837e-05 1 4.45243e-05
vn 5.9241e-05 1 4.49077e-05
vn -0.322348 0.946615 0.00357096
vn -0.991113 0.132692 0.00937408
vn -0.795852 -0.60546 0.00617405
vn 0.82437 0.565929 -0.0117859
vn 0.800865 0.5988 -0.00737822
vn 0.574412 -0.818533 -0.00737793
vn -1.88821e-05 -1 -1.42596e-05
vn 0.990963 -0.133806 -0.00941145
vn 0.3242 -0.945983 -0.00319504
vn -1.52911e-05 -1 -9.74719e-06
vn -1.84556e-05 -1 -1.41357e-05
vn -1.69417e-05 -1 -1.21911e-05
vn -0.800425 0.599388 -0.00737417
vn 1.88828e-05 -1 -1.43064e-05
vn -0.574684 -0.818342 -0.00738306
vn -0.991102 -0.132772 -0.00941356
vn -0.324839 -0.945764 -0.00319809
vn 1.51847e-05 -1 -9.78257e-06
vn 1.84875e-05 -1 -1.41853e-05
vn 1.70038e-05 -1 -1.22341e-05
vn 0.938613 -0.344757 -0.0121794
vn 0.934982 -0.354446 -0.0132669
vn -0.938713 -0.344484 -0.0121826
vn -0.934967 -0.354486 -0.0132689
vn -2.25937e-05 1 -7.5756e-05
vn -1.95317e-05 1 -7.19038e-05
vn -1.68079e-05 1 -4.71192e-05
vn -1.54744e-05 1 -4.66976e-05
vn 0.685608 0.726719 -0.0426679
vn 1.95317e-05 1 -7.19038e-05
vn 2.25937e-05 1 -7.57564e-05
vn 1.68079e-05 1 -4.71189e-05
vn 1.54742e-05 1 -4.66973e-05
vn -0.685877 0.726465 -0.0426849
vn -8.32774e-06 -1 2.5297e-05
vn -0.724127 -0.688245 -0.0442666
vn -9.13366e-06 -1 2.55835e-05
vn -1.05371e-05 -1 3.88107e-05
vn -1.21938e-05 -1 4.09047e-05
vn 0.724126 -0.688245 -0.0442801
vn 8.3279e-06 -1 2.5297e-05
vn 9.13381e-06 -1 2.55836e-05
vn 1.05371e-05 -1 3.88105e-05
vn 1.21938e-05 -1 4.09047e-05
vn -0.9967 0.0534895 -0.0610523
vn -0.996573 0.054906 -0.0618729
vn 0.996702 0.0534426 -0.0610709
vn 0.996555 0.0552302 -0.0618718
vn 1.28298e-08 0.999848 -0.0174509
vn 2.45646e-06 0.999848 -0.0174513
vn 4.91032e-07 0.999848 -0.0174498
vn 1.7159e-06 0.999848 -0.0174502
vn -6.44655e-07 0.999848 -0.0174458
vn 4.07025e-07 0.999848 -0.0174532
vn 2.52357e-06 0.999848 -0.0174451
vn 3.08182e-06 0.999848 -0.0174525
vn 0.691285 0.709598 0.136369
vn 0.691286 0.709598 0.136364
vn 2.52897e-06 0.999848 -0.0174537
vn 8.46292e-08 0.999848 -0.017454
vn 1.74038e-06 0.999848 -0.0174547
vn 5.11935e-07 0.999848 -0.0174551
vn -8.24944e-07 0.999848 -0.0174591
vn 6.94275e-07 0.999848 -0.0174518
vn 2.53974e-06 0.999848 -0.0174599
vn 3.23409e-06 0.999848 -0.0174524
vn -0.691298 0.709586 0.136362
vn -0.691284 0.7096 0.136364
vn -0.691293 -0.704397 0.161055
vn -4.41763e-06 -0.999847 0.0174657
vn -0.691295 -0.704397 0.161046
vn -5.47406e-06 -0.999848 0.0174523
vn 1.45767e-06 -0.999847 0.0174643
vn -8.92424e-07 -0.999848 0.0174512
vn 4.33252e-09 -0.999848 0.0174553
vn -7.72718e-07 -0.999848 0.0174572
vn -4.34312e-06 -0.999848 0.0174546
vn -2.95355e-06 -0.999848 0.0174565
vn -4.44178e-06 -0.999848 0.0174392
vn 0.691279 -0.704416 0.161036
vn -5.48906e-06 -0.999848 0.0174526
vn 0.691264 -0.704429 0.161042
vn 1.51778e-06 -0.999848 0.0174407
vn -7.65537e-07 -0.999848 0.0174538
vn -3.7732e-08 -0.999848 0.0174496
vn -7.78356e-07 -0.999848 0.0174477
vn -4.38063e-06 -0.999848 0.0174503
vn -2.95895e-06 -0.999848 0.0174484
vn -0.97763 0.00367763 0.210301
vn -0.97763 0.00367779 0.210301
vn -0.97763 0.00365812 0.210301
vn 0.97763 0.00365837 0.210302
vn 0.97763 0.00363863 0.210302
vn 0.97763 0.00367789 0.210301
vn 0.97763 0.00367781 0.210301
vn 1.03437e-06 0.999848 -0.0174508
vn 5.52406e-07 0.999848 -0.0174512
vn 1.14646e-06 0.999848 -0.0174524
vn 1.74696e-06 0.999848 -0.0174522
vn 0.691312 0.709571 0.13637
vn 5.54085e-07 0.999848 -0.0174537
vn 1.03366e-06 0.999848 -0.0174541
vn 1.09008e-06 0.999848 -0.0174525
vn 1.60385e-06 0.999848 -0.0174527
vn -0.691311 0.709572 0.13637
vn -0.691294 -0.704398 0.161047
vn -2.92798e-06 -0.999848 0.0174529
vn -1.82604e-06 -0.999848 0.0174525
vn -1.78662e-06 -0.999848 0.0174553
vn -9.19835e-07 -0.999848 0.0174546
vn -2.74765e-06 -0.999848 0.017452
vn 0.691292 -0.7044 0.161047
vn -1.7231e-06 -0.999848 0.0174524
vn -1.76295e-06 -0.999848 0.0174496
vn -8.94177e-07 -0.999848 0.0174503
vn -0.97763 0.00367785 0.210301
vn -0.97763 0.00363867 0.210302
vn 0.97763 0.00367776 0.210301
vn 0.97763 0.00363861 0.210302
vn 8.12566e-05 1 0.000279544
vn 8.61601e-05 1 0.000191758
vn 9.36324e-05 1 0.000191292
vn 8.84052e-05 1 0.00027645
vn 4.95419e-07 0.999848 -0.017453
vn 4.97783e-07 0.999848 -0.017443
vn 5.2481e-07 0.999848 -0.0174493
vn 5.21919e-07 0.999848 -0.017453
vn 0.000414591 0.988273 0.152694
vn 0.00044539 0.987929 0.154904
vn 0.00186588 0.670341 0.742051
vn 0.00173359 0.682736 0.730663
vn 0.00187402 -0.377796 0.925887
vn 0.00178006 -0.361043 0.932548
vn 7.90554e-08 0.913665 -0.406468
vn 8.6031e-08 0.913666 -0.406466
vn 8.65117e-08 0.999839 -0.017924
vn 8.65117e-08 0.999839 -0.0179241
vn 1.64956e-07 -0.018874 -0.999822
vn 1.64956e-07 -0.0188777 -0.999822
vn 6.13587e-07 0.999848 -0.0174495
vn 6.13586e-07 0.999848 -0.0174531
vn 6.13587e-07 0.999848 -0.01745
vn 6.21519e-07 0.999848 -0.0174533
vn 0 -0.924714 -0.380661
vn 0 -0.924717 -0.380656
vn 5.74022e-05 1 0.000257762
vn 5.96501e-05 1 0.000177337
vn 5.64794e-05 1 0.000241847
vn 5.86488e-05 1 0.000164129
vn 0.000534984 -0.957172 0.289521
vn 0.000510748 -0.956056 0.293185
vn 0 -0.999999 0.00102759
vn 0 -1 0.000610873
vn 0.00296142 0.771397 -0.636347
vn 0.00316277 0.751335 -0.659913
vn 3.37076e-07 0.719486 0.694507
vn 3.37078e-07 0.71949 0.694503
vn -9.58441e-07 -0.694636 0.719361
vn -9.61981e-07 -0.694644 0.719353
vn -1.03377e-06 -0.999848 0.0174478
vn -1.02584e-06 -0.999848 0.017454
vn -3.05281e-05 -1 -0.000130708
vn -3.16944e-05 -1 -8.87639e-05
vn 0.0031619 -0.662713 -0.748867
vn 0.00314465 -0.64066 -0.767818
vn 0 0.924716 0.380657
vn 0 0.924717 0.380656
vn -0.000594085 0.957232 -0.28932
vn -0.000566926 0.956185 -0.292762
vn -0.00198355 0.37742 -0.92604
vn -0.00188428 0.36049 -0.932761
vn -3.10284e-05 -1 -0.000139311
vn -3.22387e-05 -1 -9.59423e-05
vn -4.39046e-05 -1 -0.00015104
vn -4.65614e-05 -1 -0.00010365
vn -8.16635e-10 0.0188761 0.999822
vn -1.63708e-07 0.0188802 0.999822
vn -1.02075e-06 -0.999848 0.0174465
vn -1.02359e-06 -0.999848 0.0174533
vn -8.65839e-07 -0.999848 0.0174468
vn -8.62912e-07 -0.999848 0.0174535
vn -7.90626e-08 -0.913748 0.406282
vn -8.37132e-08 -0.913747 0.406284
vn -8.6512e-08 -0.999843 0.0177233
vn -8.61698e-08 -0.999843 0.0177233
vn -0.00168691 -0.698557 -0.715553
vn -0.00156632 -0.709865 -0.704336
vn -0.000298077 -0.99318 -0.116593
vn -0.000278158 -0.993333 -0.11528
vn -8.13421e-07 -0.999848 0.0174357
vn -8.10965e-07 -0.999848 0.0174535
vn -4.77597e-05 -1 -0.000149246
vn -5.05937e-05 -1 -0.000103348
vn -1.45679e-07 0.0174645 0.999847
vn 1.70416e-08 0.0174508 0.999848
vn 1.14907e-08 0.0176499 0.999844
vn -3.14071e-07 0.0176416 0.999844
vn 0.00426746 0.123381 -0.99235
vn 0.00410267 0.181699 -0.983346
vn 0.00464652 0.127005 -0.991891
vn 0.00446742 0.187114 -0.982328
vn 0.000150566 1 -0.000148236
vn 0.000157949 1 -0.000102064
vn 8.35133e-05 1 -0.000171089
vn 7.87957e-05 1 -0.00024685
vn 0.000156727 1 0.000117813
vn 0.000164253 1 8.10874e-05
vn -4.25678e-05 -1 0.000133312
vn -4.51243e-05 -1 9.24331e-05
vn -8.52843e-05 -1 5.51648e-05
vn -8.1195e-05 -1 8.00367e-05
vn -8.86793e-05 -1 -4.38289e-05
vn -8.44997e-05 -1 -6.36125e-05
vn 2.37336e-05 1 -0.000179643
vn 2.52994e-05 1 -0.000125288
vn -1.36728e-05 -1 6.77043e-05
vn -1.28295e-05 -1 9.71824e-05
vn 3.90225e-07 0.999848 -0.0174531
vn 3.9621e-07 0.999848 -0.0174451
vn 2.92375e-07 0.999848 -0.017453
vn 2.9462e-07 0.999848 -0.0174534
vn -6.36882e-07 -0.999848 0.0174393
vn -6.34512e-07 -0.999848 0.0174535
vn -4.54927e-07 -0.999848 0.0174541
vn -4.55228e-07 -0.999848 0.0174535
vn 1.93407e-07 0.999848 -0.0174531
vn -1.65674e-07 0.999848 -0.0174534
vn 3.64152e-07 -0.999848 0.0174541
vn -2.80218e-07 -0.999848 0.0174535
vn 0 1 0.000378637
vn 5.00909e-05 1 0.000350853
vn 5.45586e-05 1 0.00034579
vn 0 1 0.000372886
vn -5.05614e-06 0.999848 -0.0174524
vn 4.98382e-07 0.999848 -0.0174424
vn 5.21973e-07 0.999848 -0.0174487
vn -5.3898e-06 0.999848 -0.0174524
vn -6.42592e-21 0.988642 0.150292
vn 0.000252771 0.98854 0.150957
vn 0.00105486 0.692424 0.72149
vn -3.0868e-20 0.6961 0.717945
vn 0.00110237 -0.34759 0.937646
vn 3.33153e-20 -0.342405 0.939553
vn 2.02158e-07 0.913667 -0.406463
vn 7.90555e-08 0.913666 -0.406465
vn 9.16006e-08 0.999839 -0.0179237
vn 8.94309e-08 0.999839 -0.0179235
vn 1.64955e-07 -0.0188662 -0.999822
vn 2.11297e-09 -0.0188702 -0.999822
vn 6.16427e-07 0.999848 -0.0174486
vn -6.52193e-06 0.999848 -0.0174528
vn 6.16427e-07 0.999848 -0.017449
vn -6.57282e-06 0.999848 -0.0174527
vn 0 -0.924713 -0.380664
vn 0 -0.924714 -0.380663
vn -8.47033e-22 1 0.000347843
vn 3.57918e-05 1 0.000322621
vn -8.47033e-22 1 0.000330142
vn 3.52306e-05 1 0.000305332
vn 0.000317824 -0.955099 0.296286
vn 4.20984e-21 -0.954712 0.297532
vn 0 -0.999999 0.00169316
vn 0 -0.999999 0.00147906
vn 0 0.79301 -0.609208
vn 0.0018021 0.787141 -0.616771
vn 2.20255e-07 0.719356 0.694641
vn -4.87316e-06 0.719359 0.694638
vn 8.35423e-06 -0.694772 0.71923
vn -8.41249e-07 -0.694513 0.719481
vn -1.03093e-06 -0.999848 0.0174461
vn 1.17772e-05 -0.999848 0.0174522
vn 0 -1 -0.00017834
vn -1.90438e-05 -1 -0.000165032
vn 0.00201105 -0.622191 -0.782863
vn 0 -0.614964 -0.788555
vn 0 0.924713 0.380666
vn 0 0.924716 0.380658
vn -0.000352556 0.955318 -0.29558
vn 0 0.954976 -0.296682
vn -0.00116715 0.346892 -0.937904
vn 3.32969e-20 0.341625 -0.939836
vn 0 -1 -0.000187901
vn -1.93487e-05 -1 -0.000174303
vn 0 -1 -0.000204475
vn -2.70585e-05 -1 -0.000189531
vn -1.63707e-07 0.0188689 0.999822
vn -1.63659e-07 0.0188725 0.999822
vn -1.02075e-06 -0.999848 0.0174458
vn 1.16884e-05 -0.999848 0.017452
vn -8.60166e-07 -0.999848 0.0174457
vn 9.67294e-06 -0.999848 0.0174525
vn -1.40584e-07 -0.913747 0.406283
vn -7.90627e-08 -0.913749 0.406279
vn -9.2285e-08 -0.999843 0.0177225
vn -9.1601e-08 -0.999843 0.0177228
vn -0.00095281 -0.718705 -0.695314
vn 1.57606e-20 -0.722072 -0.691818
vn -0.000169936 -0.993453 -0.114241
vn 1.27888e-21 -0.993499 -0.113844
vn -8.16272e-07 -0.999848 0.0174346
vn 9.07462e-06 -0.999848 0.0174524
vn 0 -1 -0.000201134
vn -2.94643e-05 -1 -0.000186591
vn -1.90229e-07 0.0172993 0.99985
vn -3.08312e-07 0.017658 0.999844
vn -2.83952e-07 0.0174856 0.999847
vn -1.51444e-07 0.0174774 0.999847
vn 0.00254788 0.228842 -0.97346
vn -5.42105e-20 0.246959 -0.969026
vn 0.00277455 0.235475 -0.971877
vn 0 0.253931 -0.967222
vn -1.69407e-21 1 -0.000201444
vn 9.37198e-05 1 -0.000186407
vn 4.85929e-05 1 -0.000308318
vn 8.47033e-22 1 -0.000332222
vn -1.69407e-21 1 0.000160211
vn 9.76326e-05 1 0.000148222
vn -4.23516e-22 -1 0.000179289
vn -2.62446e-05 -1 0.000166426
vn -5.04772e-05 -1 0.000100524
vn 0 -1 0.00010858
vn -5.25721e-05 -1 -7.99292e-05
vn 8.47033e-22 -1 -8.63501e-05
vn 0 1 -0.000239908
vn 1.45557e-05 1 -0.00022325
vn -7.8725e-06 -1 0.000120728
vn -2.11758e-22 -1 0.000129691
vn 3.99815e-07 0.999848 -0.0174525
vn 3.91126e-07 0.999848 -0.0174445
vn 2.98019e-07 0.999848 -0.0174525
vn 2.94623e-07 0.999848 -0.0174528
vn -6.35471e-07 -0.999848 0.0174383
vn -6.39016e-07 -0.999848 0.0174525
vn -4.57478e-07 -0.999848 0.017453
vn -4.58628e-07 -0.999848 0.0174525
vn 1.93684e-07 0.999848 -0.0174525
vn 1.98497e-07 0.999848 -0.0174528
vn -2.77079e-07 -0.999848 0.017453
vn -2.7511e-07 -0.999848 0.0174525
vn -8.12566e-05 1 0.000279543
vn -5.00909e-05 1 0.000350853
vn -5.45586e-05 1 0.00034579
vn -8.84052e-05 1 0.00027645
vn 4.9762e-07 0.999848 -0.0174518
vn 4.97748e-07 0.999848 -0.0174625
vn 5.24914e-07 0.999848 -0.0174562
vn 5.24857e-07 0.999848 -0.0174518
vn -0.000414591 0.988273 0.152694
vn -0.000252771 0.98854 0.150957
vn -0.00105486 0.692424 0.72149
vn -0.00173359 0.682736 0.730663
vn -0.00110237 -0.34759 0.937646
vn -0.00178006 -0.361043 0.932548
vn 1.97504e-07 0.913673 -0.406451
vn 2.63706e-07 0.91367 -0.406457
vn 8.72611e-08 0.999839 -0.0179229
vn 8.7261e-08 0.999839 -0.0179228
vn 1.65001e-07 -0.018842 -0.999822
vn 1.64954e-07 -0.0188543 -0.999822
vn 6.13586e-07 0.999848 -0.0174562
vn 6.08495e-07 0.999848 -0.0174521
vn 6.18676e-07 0.999848 -0.0174559
vn 6.18674e-07 0.999848 -0.017452
vn -6.20011e-08 -0.924709 -0.380674
vn -6.20002e-08 -0.924711 -0.380669
vn -5.74022e-05 1 0.000257762
vn -3.57918e-05 1 0.000322621
vn -5.64794e-05 1 0.000241847
vn -3.52306e-05 1 0.000305332
vn -0.000317824 -0.955099 0.296286
vn -0.000510748 -0.956056 0.293185
vn -0.00296142 0.771397 -0.636347
vn -0.0018021 0.787141 -0.616771
vn 3.33319e-07 0.719363 0.694635
vn 3.33316e-07 0.719359 0.694639
vn -8.41482e-07 -0.694774 0.719228
vn -8.41353e-07 -0.69463 0.719368
vn -1.02359e-06 -0.999848 0.0174589
vn -1.03093e-06 -0.999848 0.0174508
vn 3.05281e-05 -1 -0.000130708
vn 1.90438e-05 -1 -0.000165032
vn -0.00201105 -0.622191 -0.782863
vn -0.00314465 -0.64066 -0.767818
vn 0 0.924709 0.380674
vn 0 0.924712 0.380667
vn 0.000352556 0.955318 -0.29558
vn 0.000566926 0.956185 -0.292762
vn 0.00116715 0.346892 -0.937904
vn 0.00188428 0.36049 -0.932761
vn 3.10284e-05 -1 -0.000139311
vn 1.93487e-05 -1 -0.000174303
vn 4.39046e-05 -1 -0.00015104
vn 2.70585e-05 -1 -0.000189531
vn -1.63658e-07 0.0188467 0.999822
vn -1.63659e-07 0.0188576 0.999822
vn -1.02359e-06 -0.999848 0.0174592
vn -1.02359e-06 -0.999848 0.0174515
vn -8.60861e-07 -0.999848 0.0174592
vn -8.68692e-07 -0.999848 0.0174514
vn -2.04427e-07 -0.913753 0.406271
vn -2.02102e-07 -0.913752 0.406273
vn -8.46512e-08 -0.999843 0.0177213
vn -9.26267e-08 -0.999843 0.0177217
vn 0.00095281 -0.718705 -0.695314
vn 0.00156632 -0.709865 -0.704336
vn 0.000169936 -0.993453 -0.114241
vn 0.000278158 -0.993333 -0.11528
vn -8.16237e-07 -0.999847 0.0174703
vn -8.16007e-07 -0.999848 0.0174514
vn 4.77597e-05 -1 -0.000149246
vn 2.94643e-05 -1 -0.000186591
vn -3.08576e-07 0.0172972 0.99985
vn -1.45667e-07 0.0174761 0.999847
vn 1.13828e-08 0.0174842 0.999847
vn -1.5136e-07 0.0174705 0.999847
vn -0.00254788 0.228842 -0.97346
vn -0.00410267 0.181699 -0.983346
vn -0.00277455 0.235475 -0.971877
vn -0.00446742 0.187114 -0.982328
vn -0.000150566 1 -0.000148236
vn -9.37198e-05 1 -0.000186407
vn -4.85929e-05 1 -0.000308318
vn -7.87957e-05 1 -0.00024685
vn -0.000156727 1 0.000117813
vn -9.76326e-05 1 0.000148222
vn 4.25678e-05 -1 0.000133312
vn 2.62446e-05 -1 0.000166426
vn 5.04772e-05 -1 0.000100524
vn 8.1195e-05 -1 8.00367e-05
vn 5.25721e-05 -1 -7.99292e-05
vn 8.44997e-05 -1 -6.36125e-05
vn -2.37336e-05 1 -0.000179643
vn -1.45557e-05 1 -0.00022325
vn 7.8725e-06 -1 0.000120728
vn 1.28295e-05 -1 9.71824e-05
vn 3.90457e-07 0.999848 -0.0174519
vn 3.99889e-07 0.999848 -0.0174604
vn 2.93477e-07 0.999848 -0.0174519
vn 2.94075e-07 0.999848 -0.0174522
vn -6.39148e-07 -0.999847 0.0174667
vn -6.34743e-07 -0.999848 0.0174514
vn -4.56631e-07 -0.999848 0.0174519
vn -4.5633e-07 -0.999848 0.0174514
vn 1.96502e-07 0.999848 -0.0174518
vn 1.94257e-07 0.999848 -0.0174521
vn -2.75682e-07 -0.999848 0.0174519
vn -2.77926e-07 -0.999848 0.0174514
vn -8.61601e-05 1 0.000191758
vn -9.36324e-05 1 0.000191292
vn 4.95494e-07 0.999848 -0.0174619
vn 5.19218e-07 0.999848 -0.0174557
vn -0.00044539 0.987929 0.154904
vn -0.00186588 0.670341 0.742051
vn -0.00187402 -0.377796 0.925887
vn 2.54401e-07 0.913674 -0.406448
vn 9.01798e-08 0.999839 -0.017922
vn 1.65e-07 -0.0188343 -0.999823
vn 6.08495e-07 0.999848 -0.0174552
vn 6.18674e-07 0.999848 -0.0174549
vn 0 -0.924707 -0.380679
vn -5.96501e-05 1 0.000177337
vn -5.86488e-05 1 0.000164128
vn -0.000534984 -0.957172 0.289521
vn -0.00316277 0.751336 -0.659912
vn 3.40534e-07 0.719233 0.694769
vn -8.45009e-07 -0.694765 0.719236
vn -1.02808e-06 -0.999848 0.0174573
vn 3.16944e-05 -1 -8.87645e-05
vn -0.0031619 -0.662713 -0.748867
vn 0 0.924709 0.380675
vn 0.000594084 0.957232 -0.28932
vn 0.00198355 0.37742 -0.92604
vn 3.22387e-05 -1 -9.59422e-05
vn 4.65614e-05 -1 -0.00010365
vn -8.62798e-10 0.0188352 0.999823
vn -1.0179e-06 -0.999848 0.0174581
vn -8.63089e-07 -0.999848 0.0174581
vn -2.02099e-07 -0.913757 0.406261
vn -8.46512e-08 -0.999843 0.0177212
vn 0.00168691 -0.698557 -0.715553
vn 0.000298077 -0.99318 -0.116593
vn -8.13375e-07 -0.999847 0.0174692
vn 5.05937e-05 -1 -0.000103348
vn 1.69277e-08 0.0173341 0.99985
vn -1.51452e-07 0.0173294 0.99985
vn -0.00426746 0.123381 -0.99235
vn -0.00464652 0.127007 -0.991891
vn -0.000157949 1 -0.000102064
vn -8.35132e-05 1 -0.000171089
vn -0.000164253 1 8.10874e-05
vn 4.51243e-05 -1 9.24331e-05
vn 8.52843e-05 -1 5.51648e-05
vn 8.86793e-05 -1 -4.38289e-05
vn -2.52994e-05 1 -0.000125288
vn 1.36728e-05 -1 6.77043e-05
vn 3.98462e-07 0.999848 -0.0174598
vn 2.96318e-07 0.999848 -0.0174516
vn -6.32626e-07 -0.999847 0.0174656
vn -4.56625e-07 -0.999848 0.0174509
vn -1.64527e-07 0.999848 -0.0174515
vn 3.6046e-07 -0.999848 0.0174508
vt 0.859002 0.0649279
vt 0.859002 0.057248
vt 0.851322 0.057248
vt 0.851322 0.0649279
vt 0.902066 0.0649279
vt 0.901664 0.057248
vt 0.903532 0.0645559
vt 0.903128 0.0568671
vt 0.905199 0.0641369
vt 0.904798 0.0564384
vt 0.859002 0.442388
vt 0.859002 0.434708
vt 0.851322 0.434708
vt 0.851322 0.442388
vt 0.920864 0.442388
vt 0.920864 0.434708
vt 0.919328 0.434708
vt 0.919328 0.442388
vt 0.956416 0.442388
vt 0.956421 0.434708
vt 0.927022 0.434708
vt 0.927021 0.442388
vt 0.977129 0.442388
vt 0.977133 0.434708
vt 0.978414 0.442388
vt 0.978418 0.434708
vt 0.925481 0.434708
vt 0.925481 0.442388
vt 0.923941 0.434708
vt 0.923941 0.442388
vt 0.9224 0.434708
vt 0.9224 0.442388
vt 0.98 0.442033
vt 0.98 0.434336
vt 0.851322 0.748972
vt 0.851322 0.756652
vt 0.859002 0.756652
vt 0.859002 0.748972
vt 0.919328 0.748972
vt 0.919328 0.756652
vt 0.920864 0.756652
vt 0.920864 0.748972
vt 0.927008 0.748977
vt 0.927008 0.756657
vt 0.956315 0.7567
vt 0.956315 0.749017
vt 0.976971 0.756714
vt 0.976975 0.749031
vt 0.978252 0.756715
vt 0.978256 0.749032
vt 0.925472 0.748976
vt 0.925472 0.756656
vt 0.923936 0.748974
vt 0.923936 0.756654
vt 0.9224 0.748972
vt 0.9224 0.756652
vt 0.98 0.756896
vt 0.98 0.749204
vt 0.851284 0.93776
vt 0.851284 0.94544
vt 0.859002 0.94544
vt 0.859002 0.93776
vt 0.8914 0.94544
vt 0.893193 0.93776
vt 0.892771 0.945899
vt 0.894574 0.938191
vt 0.894296 0.946557
vt 0.8961 0.938811
vt 0.851322 0.392866
vt 0.859002 0.392866
vt 0.859002 0.391332
vt 0.851322 0.391332
vt 0.851322 0.3944
vt 0.859002 0.3944
vt 0.851322 0.819792
vt 0.859002 0.819792
vt 0.859002 0.818296
vt 0.851322 0.818296
vt 0.859002 0.8168
vt 0.851322 0.8168
vt 0.851284 0.971782
vt 0.859002 0.971782
vt 0.851284 0.97296
vt 0.859002 0.97296
vt 0.859002 0.815264
vt 0.851322 0.815264
vt 0.87152 0.0286399
vt 0.863533 0.0286399
vt 0.871865 0.02736
vt 0.86387 0.02736
vt 0.851322 0.395936
vt 0.859002 0.395936
vt 0.859002 0.399008
vt 0.851322 0.399008
vt 0.859002 0.397472
vt 0.851322 0.397472
vt 0.851322 0.813728
vt 0.859002 0.813728
vt 0.859002 0.812192
vt 0.851322 0.812192
vt 0.87248 0.02576
vt 0.864472 0.02576
vt 0.851567 0.97424
vt 0.859292 0.97424
vt 0.919248 0.392866
vt 0.919167 0.391332
vt 0.920783 0.392864
vt 0.920703 0.391329
vt 0.92232 0.392862
vt 0.92224 0.391325
vt 0.919328 0.3944
vt 0.920864 0.3944
vt 0.9224 0.3944
vt 0.918633 0.819792
vt 0.918981 0.818296
vt 0.920165 0.819803
vt 0.920515 0.818302
vt 0.921701 0.819818
vt 0.92205 0.818309
vt 0.919328 0.8168
vt 0.920864 0.8168
vt 0.9224 0.8168
vt 0.879745 0.96464
vt 0.880655 0.965454
vt 0.881648 0.966476
vt 0.919328 0.815264
vt 0.920864 0.815264
vt 0.892064 0.0367039
vt 0.919328 0.395936
vt 0.893346 0.0359291
vt 0.89476 0.0346509
vt 0.920864 0.395936
vt 0.920864 0.399008
vt 0.919328 0.399008
vt 0.920864 0.397472
vt 0.919328 0.397472
vt 0.919328 0.813728
vt 0.920864 0.813728
vt 0.920864 0.812192
vt 0.919328 0.812192
vt 0.964947 0.780781
vt 0.973779 0.770336
vt 0.926975 0.808903
vt 0.956384 0.408032
vt 0.927028 0.400209
vt 0.970976 0.417632
vt 0.927028 0.398725
vt 0.956833 0.406793
vt 0.965793 0.781662
vt 0.97489 0.770821
vt 0.926974 0.810348
vt 0.972151 0.416979
vt 0.973792 0.416066
vt 0.957738 0.405359
vt 0.925468 0.399804
vt 0.925468 0.398302
vt 0.923915 0.399401
vt 0.923914 0.397882
vt 0.9224 0.399008
vt 0.9224 0.397472
vt 0.976563 0.771282
vt 0.966994 0.782561
vt 0.925408 0.811505
vt 0.92541 0.810029
vt 0.926965 0.811917
vt 0.923866 0.811139
vt 0.923864 0.812646
vt 0.9224 0.812192
vt 0.9224 0.813728
vt 0.925407 0.813059
vt 0.923874 0.814183
vt 0.9224 0.815264
vt 0.927044 0.397174
vt 0.925479 0.396757
vt 0.923916 0.39634
vt 0.9224 0.395936
vt 0.140998 0.0649279
vt 0.148678 0.0649279
vt 0.148678 0.057248
vt 0.140998 0.057248
vt 0.0979336 0.0649279
vt 0.098336 0.057248
vt 0.0964684 0.0645559
vt 0.0968724 0.0568671
vt 0.0948012 0.0641369
vt 0.0952022 0.0564384
vt 0.140998 0.442388
vt 0.148678 0.442388
vt 0.148678 0.434708
vt 0.140998 0.434708
vt 0.079136 0.442388
vt 0.080672 0.442388
vt 0.080672 0.434708
vt 0.079136 0.434708
vt 0.043584 0.442388
vt 0.0729786 0.442388
vt 0.0729783 0.434708
vt 0.0435792 0.434708
vt 0.0228708 0.442388
vt 0.0228669 0.434708
vt 0.021586 0.442388
vt 0.0215819 0.434708
vt 0.0745191 0.442388
vt 0.0745189 0.434708
vt 0.0760596 0.442388
vt 0.0760594 0.434708
vt 0.0776 0.442388
vt 0.0776 0.434708
vt 0.02 0.442033
vt 0.02 0.434336
vt 0.148678 0.748972
vt 0.140998 0.748972
vt 0.140998 0.756652
vt 0.148678 0.756652
vt 0.080672 0.748972
vt 0.079136 0.748972
vt 0.079136 0.756652
vt 0.080672 0.756652
vt 0.0729917 0.748977
vt 0.0436853 0.749017
vt 0.0436853 0.7567
vt 0.072992 0.756657
vt 0.0230256 0.749031
vt 0.0230295 0.756714
vt 0.0217445 0.749032
vt 0.0217484 0.756715
vt 0.0745278 0.748976
vt 0.074528 0.756656
vt 0.0760639 0.748974
vt 0.076064 0.756654
vt 0.0776 0.748972
vt 0.0776 0.756652
vt 0.02 0.749204
vt 0.02 0.756896
vt 0.148716 0.93776
vt 0.140998 0.93776
vt 0.140998 0.94544
vt 0.148716 0.94544
vt 0.106807 0.93776
vt 0.1086 0.94544
vt 0.105426 0.938191
vt 0.107229 0.945899
vt 0.1039 0.938811
vt 0.105704 0.946557
vt 0.148678 0.392866
vt 0.148678 0.391332
vt 0.140998 0.391332
vt 0.140998 0.392866
vt 0.148678 0.3944
vt 0.140998 0.3944
vt 0.148678 0.819792
vt 0.148678 0.818296
vt 0.140998 0.818296
vt 0.140998 0.819792
vt 0.148678 0.8168
vt 0.140998 0.8168
vt 0.148716 0.971782
vt 0.140998 0.971782
vt 0.148716 0.97296
vt 0.140998 0.97296
vt 0.148678 0.815264
vt 0.140998 0.815264
vt 0.136468 0.0286399
vt 0.12848 0.0286399
vt 0.13613 0.02736
vt 0.128135 0.02736
vt 0.148678 0.395936
vt 0.140998 0.395936
vt 0.148678 0.399008
vt 0.140998 0.399008
vt 0.148678 0.397472
vt 0.140998 0.397472
vt 0.148678 0.813728
vt 0.148678 0.812192
vt 0.140998 0.812192
vt 0.140998 0.813728
vt 0.135528 0.02576
vt 0.12752 0.02576
vt 0.148433 0.97424
vt 0.140709 0.97424
vt 0.0808327 0.391332
vt 0.0807524 0.392866
vt 0.0792974 0.391329
vt 0.0792167 0.392864
vt 0.0777602 0.391325
vt 0.0776801 0.392862
vt 0.080672 0.3944
vt 0.079136 0.3944
vt 0.0776 0.3944
vt 0.0813669 0.819792
vt 0.0810195 0.818296
vt 0.079835 0.819803
vt 0.0794855 0.818302
vt 0.0782994 0.819818
vt 0.0779497 0.818309
vt 0.080672 0.8168
vt 0.079136 0.8168
vt 0.0776 0.8168
vt 0.120255 0.96464
vt 0.119345 0.965454
vt 0.118352 0.966476
vt 0.080672 0.815264
vt 0.079136 0.815264
vt 0.107936 0.0367039
vt 0.080672 0.395936
vt 0.106654 0.0359291
vt 0.10524 0.0346509
vt 0.079136 0.395936
vt 0.080672 0.399008
vt 0.079136 0.399008
vt 0.080672 0.397472
vt 0.079136 0.397472
vt 0.080672 0.813728
vt 0.080672 0.812192
vt 0.079136 0.812192
vt 0.079136 0.813728
vt 0.0262208 0.770336
vt 0.0350528 0.780781
vt 0.0730254 0.808903
vt 0.0729724 0.400209
vt 0.043616 0.408032
vt 0.029024 0.417632
vt 0.0729721 0.398725
vt 0.0431669 0.406793
vt 0.0342067 0.781662
vt 0.0251097 0.770821
vt 0.0730263 0.810348
vt 0.0278495 0.416979
vt 0.0262081 0.416066
vt 0.0422621 0.405359
vt 0.0745318 0.399804
vt 0.0745324 0.398302
vt 0.0760849 0.399401
vt 0.0760859 0.397882
vt 0.0776 0.399008
vt 0.0776 0.397472
vt 0.023437 0.771282
vt 0.0330057 0.782561
vt 0.0745918 0.811505
vt 0.0745901 0.810029
vt 0.0730355 0.811917
vt 0.0761338 0.811139
vt 0.0761358 0.812646
vt 0.0776 0.812192
vt 0.0776 0.813728
vt 0.0745928 0.813059
vt 0.076126 0.814183
vt 0.0776 0.815264
vt 0.0729562 0.397174
vt 0.0745206 0.396757
vt 0.076084 0.39634
vt 0.0776 0.395936
vt 0.859002 0.309731
vt 0.859002 0.22813
vt 0.851322 0.22813
vt 0.851322 0.309731
vt 0.859002 0.146529
vt 0.851322 0.146529
vt 0.914892 0.309731
vt 0.910617 0.22813
vt 0.906342 0.146529
vt 0.91641 0.309636
vt 0.912117 0.227942
vt 0.907825 0.146249
vt 0.91798 0.309528
vt 0.913719 0.227731
vt 0.909459 0.145934
vt 0.148678 0.309731
vt 0.148678 0.22813
vt 0.140998 0.22813
vt 0.140998 0.309731
vt 0.148678 0.146529
vt 0.140998 0.146529
vt 0.0893832 0.22813
vt 0.085108 0.309731
vt 0.0936584 0.146529
vt 0.0878829 0.227942
vt 0.0835901 0.309636
vt 0.0921756 0.146249
vt 0.0862807 0.227731
vt 0.0820205 0.309528
vt 0.090541 0.145934
vt 0.859002 0.6056
vt 0.859002 0.523994
vt 0.851322 0.523994
vt 0.851322 0.6056
vt 0.920864 0.6056
vt 0.920864 0.523994
vt 0.919328 0.523994
vt 0.919328 0.6056
vt 0.956315 0.6056
vt 0.956365 0.523994
vt 0.927018 0.523994
vt 0.927014 0.6056
vt 0.977047 0.6056
vt 0.977088 0.523994
vt 0.978329 0.6056
vt 0.978372 0.523994
vt 0.925479 0.523994
vt 0.925476 0.6056
vt 0.923939 0.523994
vt 0.923938 0.6056
vt 0.9224 0.523994
vt 0.9224 0.6056
vt 0.98 0.6056
vt 0.98 0.523816
vt 0.148678 0.6056
vt 0.148678 0.523994
vt 0.140998 0.523994
vt 0.140998 0.6056
vt 0.080672 0.6056
vt 0.080672 0.523994
vt 0.079136 0.523994
vt 0.079136 0.6056
vt 0.0729856 0.6056
vt 0.0729821 0.523994
vt 0.0436346 0.523994
vt 0.0436853 0.6056
vt 0.0229119 0.523994
vt 0.0229532 0.6056
vt 0.0216284 0.523994
vt 0.021671 0.6056
vt 0.0745238 0.6056
vt 0.0745215 0.523994
vt 0.0760619 0.6056
vt 0.0760607 0.523994
vt 0.0776 0.6056
vt 0.0776 0.523994
vt 0.02 0.523816
vt 0.02 0.6056
vt 0.859002 0.677286
vt 0.851322 0.677286
vt 0.920864 0.677286
vt 0.919328 0.677286
vt 0.956315 0.677309
vt 0.927011 0.677289
vt 0.977011 0.677315
vt 0.978292 0.677316
vt 0.925474 0.677288
vt 0.923937 0.677287
vt 0.9224 0.677286
vt 0.98 0.677402
vt 0.148678 0.677286
vt 0.140998 0.677286
vt 0.080672 0.677286
vt 0.079136 0.677286
vt 0.0729887 0.677289
vt 0.0436853 0.677309
vt 0.0229894 0.677315
vt 0.0217077 0.677316
vt 0.0745258 0.677288
vt 0.0760629 0.677287
vt 0.0776 0.677286
vt 0.02 0.677402
vt 0.851322 0.389802
vt 0.859002 0.389802
vt 0.919087 0.389802
vt 0.920622 0.389797
vt 0.92216 0.389791
vt 0.140998 0.389802
vt 0.148678 0.389802
vt 0.0809129 0.389802
vt 0.0793779 0.389797
vt 0.0778401 0.389791
vt 0.859002 0.908268
vt 0.851294 0.908268
vt 0.859002 0.878776
vt 0.851303 0.878776
vt 0.899553 0.908268
vt 0.905913 0.878776
vt 0.900972 0.908594
vt 0.907369 0.878997
vt 0.9025 0.909063
vt 0.9089 0.879315
vt 0.148707 0.908268
vt 0.140998 0.908268
vt 0.148697 0.878776
vt 0.140998 0.878776
vt 0.100447 0.908268
vt 0.0940872 0.878776
vt 0.0990285 0.908594
vt 0.0926307 0.878997
vt 0.0975 0.909063
vt 0.0910998 0.879315
vt 0.859002 0.849284
vt 0.851313 0.849284
vt 0.912273 0.849284
vt 0.913767 0.8494
vt 0.9153 0.849566
vt 0.148687 0.849284
vt 0.140998 0.849284
vt 0.0877271 0.849284
vt 0.0862328 0.8494
vt 0.0846996 0.849566
vt 0.324339 0.057248
vt 0.236508 0.057248
vt 0.236508 0.0649279
vt 0.324339 0.0649279
vt 0.324339 0.434708
vt 0.236508 0.434708
vt 0.236508 0.442388
vt 0.324339 0.442388
vt 0.324339 0.748972
vt 0.236508 0.748972
vt 0.236508 0.756652
vt 0.324339 0.756652
vt 0.324358 0.937757
vt 0.236537 0.937759
vt 0.236537 0.945439
vt 0.324358 0.945437
vt 0.324339 0.391332
vt 0.236508 0.391332
vt 0.236508 0.392866
vt 0.324339 0.392866
vt 0.236508 0.3944
vt 0.324339 0.3944
vt 0.324339 0.818296
vt 0.236508 0.818296
vt 0.236508 0.819792
vt 0.324339 0.819792
vt 0.324339 0.8168
vt 0.236508 0.8168
vt 0.236537 0.971782
vt 0.324358 0.971782
vt 0.236537 0.97296
vt 0.324358 0.97296
vt 0.324339 0.815264
vt 0.236508 0.815264
vt 0.318234 0.0286399
vt 0.227351 0.0286399
vt 0.318065 0.02736
vt 0.227098 0.02736
vt 0.236508 0.395936
vt 0.324339 0.395936
vt 0.324339 0.399008
vt 0.236508 0.399008
vt 0.324339 0.397472
vt 0.236508 0.397472
vt 0.324339 0.812192
vt 0.236508 0.812192
vt 0.236508 0.813728
vt 0.324339 0.813728
vt 0.317764 0.02576
vt 0.226646 0.02576
vt 0.236325 0.97424
vt 0.324217 0.97424
vt 0.324339 0.22813
vt 0.236508 0.22813
vt 0.236508 0.309731
vt 0.324339 0.309731
vt 0.324339 0.146529
vt 0.236508 0.146529
vt 0.324339 0.523994
vt 0.236508 0.523994
vt 0.236508 0.6056
vt 0.324339 0.6056
vt 0.324339 0.677286
vt 0.236508 0.677286
vt 0.324339 0.389802
vt 0.236508 0.389802
vt 0.324353 0.908266
vt 0.23653 0.908267
vt 0.324349 0.878775
vt 0.236523 0.878775
vt 0.324344 0.849284
vt 0.236516 0.849284
vt 0.5 0.057248
vt 0.412169 0.057248
vt 0.412169 0.0649279
vt 0.5 0.0649279
vt 0.5 0.434708
vt 0.412169 0.434708
vt 0.412169 0.442388
vt 0.5 0.442388
vt 0.5 0.748972
vt 0.412169 0.748972
vt 0.412169 0.756652
vt 0.5 0.756652
vt 0.5 0.937755
vt 0.412179 0.937756
vt 0.412179 0.945436
vt 0.5 0.945435
vt 0.5 0.391332
vt 0.412169 0.391332
vt 0.412169 0.392866
vt 0.5 0.392866
vt 0.412169 0.3944
vt 0.5 0.3944
vt 0.5 0.818296
vt 0.412169 0.818296
vt 0.412169 0.819792
vt 0.5 0.819792
vt 0.5 0.8168
vt 0.412169 0.8168
vt 0.412179 0.971782
vt 0.5 0.971782
vt 0.412179 0.97296
vt 0.5 0.97296
vt 0.5 0.815264
vt 0.412169 0.815264
vt 0.5 0.0286399
vt 0.409117 0.0286399
vt 0.5 0.02736
vt 0.409033 0.02736
vt 0.412169 0.395936
vt 0.5 0.395936
vt 0.5 0.399008
vt 0.412169 0.399008
vt 0.5 0.397472
vt 0.412169 0.397472
vt 0.5 0.812192
vt 0.412169 0.812192
vt 0.412169 0.813728
vt 0.5 0.813728
vt 0.5 0.02576
vt 0.408882 0.02576
vt 0.412108 0.97424
vt 0.5 0.97424
vt 0.5 0.22813
vt 0.412169 0.22813
vt 0.412169 0.309731
vt 0.5 0.309731
vt 0.5 0.146529
vt 0.412169 0.146529
vt 0.5 0.523994
vt 0.412169 0.523994
vt 0.412169 0.6056
vt 0.5 0.6056
vt 0.5 0.677286
vt 0.412169 0.677286
vt 0.5 0.389802
vt 0.412169 0.389802
vt 0.5 0.908265
vt 0.412177 0.908265
vt 0.5 0.878774
vt 0.412174 0.878774
vt 0.5 0.849283
vt 0.412172 0.849283
vt 0.675661 0.057248
vt 0.587831 0.057248
vt 0.587831 0.0649279
vt 0.675661 0.0649279
vt 0.675661 0.434708
vt 0.587831 0.434708
vt 0.587831 0.442388
vt 0.675661 0.442388
vt 0.675661 0.748972
vt 0.587831 0.748972
vt 0.587831 0.756652
vt 0.675661 0.756652
vt 0.675642 0.937757
vt 0.587821 0.937756
vt 0.587821 0.945436
vt 0.675642 0.945437
vt 0.675661 0.391332
vt 0.587831 0.391332
vt 0.587831 0.392866
vt 0.675661 0.392866
vt 0.587831 0.3944
vt 0.675661 0.3944
vt 0.675661 0.818296
vt 0.587831 0.818296
vt 0.587831 0.819792
vt 0.675661 0.819792
vt 0.675661 0.8168
vt 0.587831 0.8168
vt 0.587821 0.971782
vt 0.675642 0.971782
vt 0.587821 0.97296
vt 0.675642 0.97296
vt 0.675661 0.815264
vt 0.587831 0.815264
vt 0.681766 0.0286399
vt 0.590883 0.0286399
vt 0.681935 0.02736
vt 0.590967 0.02736
vt 0.587831 0.395936
vt 0.675661 0.395936
vt 0.675661 0.399008
vt 0.587831 0.399008
vt 0.675661 0.397472
vt 0.587831 0.397472
vt 0.675661 0.812192
vt 0.587831 0.812192
vt 0.587831 0.813728
vt 0.675661 0.813728
vt 0.682236 0.02576
vt 0.591118 0.02576
vt 0.587892 0.97424
vt 0.675784 0.97424
vt 0.675661 0.22813
vt 0.587831 0.22813
vt 0.587831 0.309731
vt 0.675661 0.309731
vt 0.675661 0.146529
vt 0.587831 0.146529
vt 0.675661 0.523994
vt 0.587831 0.523994
vt 0.587831 0.6056
vt 0.675661 0.6056
vt 0.675661 0.677286
vt 0.587831 0.677286
vt 0.675661 0.389802
vt 0.587831 0.389802
vt 0.675647 0.908266
vt 0.587823 0.908265
vt 0.675652 0.878775
vt 0.587826 0.878774
vt 0.675656 0.849284
vt 0.587828 0.849283
vt 0.763492 0.057248
vt 0.763492 0.0649279
vt 0.763492 0.434708
vt 0.763492 0.442388
vt 0.763492 0.748972
vt 0.763492 0.756652
vt 0.763463 0.937759
vt 0.763463 0.945439
vt 0.763492 0.391332
vt 0.763492 0.392866
vt 0.763492 0.3944
vt 0.763492 0.818296
vt 0.763492 0.819792
vt 0.763492 0.8168
vt 0.763463 0.971782
vt 0.763463 0.97296
vt 0.763492 0.815264
vt 0.772649 0.0286399
vt 0.772902 0.02736
vt 0.763492 0.395936
vt 0.763492 0.399008
vt 0.763492 0.397472
vt 0.763492 0.812192
vt 0.763492 0.813728
vt 0.773354 0.02576
vt 0.763675 0.97424
vt 0.763492 0.22813
vt 0.763492 0.309731
vt 0.763492 0.146529
vt 0.763492 0.523994
vt 0.763492 0.6056
vt 0.763492 0.677286
vt 0.763492 0.389802
vt 0.76347 0.908267
vt 0.763477 0.878775
vt 0.763485 0.849284
mtllib envelope-015.mtl
usemtl Default
g Default
f 2493/747/1415 2398/748/1416 2441/749/1417 2494/750/1418
f 2492/751/1419 2396/752/1420 2398/748/1416 2493/747/1415
f 2491/753/1421 2390/754/1422 2396/752/1420 2492/751/1419
f 2490/755/1423 2389/756/1424 2390/754/1422 2491/753/1421
f 2488/757/1425 2386/758/1425 2438/759/1425 2489/760/1425
f 2481/761/1426 2354/762/1427 2385/763/1425 2487/764/1425
f 2487/764/1425 2385/763/1425 2386/758/1425 2488/757/1425
f 2486/765/1428 2369/766/1429 2360/767/1430 2484/768/1431
f 2485/769/1432 2367/770/1433 2369/766/1429 2486/765/1428
f 2479/771/1434 2364/772/1435 2367/770/1433 2485/769/1432
f 2484/768/1431 2360/767/1430 2358/773/1436 2483/774/1437
f 2483/774/1437 2358/773/1436 2356/775/1438 2482/776/1439
f 2482/776/1439 2356/775/1438 2353/777/1440 2480/778/1441
f 2480/778/1441 2353/777/1440 2354/762/1427 2481/761/1426
f 2478/779/1442 2363/780/1443 2364/772/1435 2479/771/1434
f 2476/781/1425 2435/782/1425 2382/783/1425 2472/784/1425
f 2473/785/1425 2379/786/1425 2339/787/1444 2454/788/1445
f 2472/784/1425 2382/783/1425 2379/786/1425 2473/785/1425
f 2466/789/1446 2347/790/1447 2370/791/1448 2470/792/1449
f 2470/792/1449 2370/791/1448 2350/793/1450 2468/794/1451
f 2468/794/1451 2350/793/1450 2322/795/1452 2458/796/1453
f 2464/797/1454 2344/798/1455 2347/790/1447 2466/789/1446
f 2462/799/1456 2342/800/1457 2344/798/1455 2464/797/1454
f 2455/801/1458 2340/802/1459 2342/800/1457 2462/799/1456
f 2458/796/1453 2322/795/1452 2319/803/1460 2459/804/1461
f 2454/788/1445 2339/787/1444 2340/802/1459 2455/801/1458
f 2453/805/1462 2444/806/1463 2410/807/1464 2452/808/1465
f 2452/808/1465 2410/807/1464 2408/809/1466 2451/810/1467
f 2451/810/1467 2408/809/1466 2404/811/1468 2450/812/1469
f 2450/812/1469 2404/811/1468 2401/813/1470 2449/814/1471
f 2447/815/1472 2422/816/1473 2426/817/1474 2448/818/1475
f 2439/819/1476 2397/820/1477 2422/816/1473 2447/815/1472
f 2446/821/1478 2418/822/1479 2414/823/1480 2445/824/1481
f 2445/824/1481 2414/823/1480 2400/825/1482 2442/826/1483
f 2443/827/1484 2409/828/1485 2410/807/1464 2444/806/1463
f 2427/829/1486 2406/830/1487 2409/828/1485 2443/827/1484
f 2442/826/1483 2400/825/1482 2373/831/1488 2432/832/1489
f 2441/749/1417 2398/748/1416 2395/833/1490 2440/834/1491
f 2440/834/1491 2395/833/1490 2393/835/1492 2430/836/1493
f 2433/837/1494 2378/838/1495 2397/820/1477 2439/819/1476
f 2438/759/1425 2386/758/1425 2384/839/1425 2437/840/1425
f 2437/840/1425 2384/839/1425 2377/841/1496 2434/842/1497
f 2431/843/1425 2374/844/1425 2381/845/1425 2436/846/1425
f 2436/846/1425 2381/845/1425 2382/783/1425 2435/782/1425
f 2434/842/1497 2377/841/1496 2378/838/1495 2433/837/1494
f 2432/832/1489 2373/831/1488 2374/844/1425 2431/843/1425
f 2430/836/1493 2393/835/1492 2392/847/1498 2429/848/1499
f 2428/849/1500 2405/850/1501 2406/830/1487 2427/829/1486
f 2426/817/1474 2422/816/1473 2421/851/1502 2425/852/1503
f 2425/852/1503 2421/851/1502 2419/853/1504 2423/854/1505
f 2423/854/1505 2419/853/1504 2420/855/1506 2424/856/1507
f 2422/816/1473 2397/820/1477 2387/857/1508 2421/851/1502
f 2421/851/1502 2387/857/1508 2307/858/1509 2419/853/1504
f 2419/853/1504 2307/858/1509 2308/859/1510 2420/855/1506
f 2417/860/1511 2413/861/1512 2414/823/1480 2418/822/1479
f 2416/862/1513 2412/863/1514 2413/861/1512 2417/860/1511
f 2415/864/1515 2411/865/1516 2412/863/1514 2416/862/1513
f 2413/861/1512 2399/866/1517 2400/825/1482 2414/823/1480
f 2412/863/1514 2314/867/1518 2399/866/1517 2413/861/1512
f 2411/865/1516 2313/868/1519 2314/867/1518 2412/863/1514
f 2410/807/1464 2409/828/1485 2407/869/1520 2408/809/1466
f 2406/830/1487 2403/870/1521 2407/869/1520 2409/828/1485
f 2404/811/1468 2408/809/1466 2407/869/1520 2403/870/1521
f 2405/850/1501 2402/871/1522 2403/870/1521 2406/830/1487
f 2401/813/1470 2404/811/1468 2403/870/1521 2402/871/1522
f 2400/825/1482 2399/866/1517 2372/872/1523 2373/831/1488
f 2372/872/1523 2399/866/1517 2314/867/1518 2311/873/1524
f 2398/748/1416 2396/752/1420 2394/874/1525 2395/833/1490
f 2378/838/1495 2375/875/1526 2387/857/1508 2397/820/1477
f 2391/876/1527 2394/874/1525 2396/752/1420 2390/754/1422
f 2393/835/1492 2395/833/1490 2394/874/1525 2391/876/1527
f 2392/847/1498 2393/835/1492 2391/876/1527 2388/877/1528
f 2388/877/1528 2391/876/1527 2390/754/1422 2389/756/1424
f 2387/857/1508 2375/875/1526 2310/878/1529 2307/858/1509
f 2385/763/1425 2354/762/1427 2352/879/1530 2383/880/1425
f 2383/880/1425 2384/839/1425 2386/758/1425 2385/763/1425
f 2383/880/1425 2352/879/1530 2317/881/1531 2376/882/1532
f 2376/882/1532 2377/841/1496 2384/839/1425 2383/880/1425
f 2371/883/1425 2315/884/1533 2338/885/1530 2380/886/1425
f 2380/886/1425 2381/845/1425 2374/844/1425 2371/883/1425
f 2380/886/1425 2338/885/1530 2339/787/1444 2379/786/1425
f 2379/786/1425 2382/783/1425 2381/845/1425 2380/886/1425
f 2376/882/1532 2317/881/1531 2310/878/1529 2375/875/1526
f 2375/875/1526 2378/838/1495 2377/841/1496 2376/882/1532
f 2372/872/1523 2311/873/1524 2315/884/1533 2371/883/1425
f 2371/883/1425 2374/844/1425 2373/831/1488 2372/872/1523
f 2370/791/1448 2368/887/1534 2349/888/1535 2350/793/1450
f 2348/889/1536 2368/887/1534 2370/791/1448 2347/790/1447
f 2360/767/1430 2369/766/1429 2366/890/1537 2359/891/1538
f 2369/766/1429 2367/770/1433 2365/892/1539 2366/890/1537
f 2329/893/1540 2359/891/1538 2366/890/1537 2328/894/1541
f 2346/895/1542 2321/896/1543 2349/888/1535 2368/887/1534
f 2346/895/1542 2368/887/1534 2348/889/1536 2335/897/1544
f 2362/898/1545 2365/892/1539 2367/770/1433 2364/772/1435
f 2328/894/1541 2366/890/1537 2365/892/1539 2362/898/1545
f 2361/899/1546 2362/898/1545 2364/772/1435 2363/780/1443
f 2327/900/1547 2328/894/1541 2362/898/1545 2361/899/1546
f 2357/901/1548 2358/773/1436 2360/767/1430 2359/891/1538
f 2326/902/1549 2357/901/1548 2359/891/1538 2329/893/1540
f 2355/903/1550 2356/775/1438 2358/773/1436 2357/901/1548
f 2357/901/1548 2326/902/1549 2324/904/1551 2355/903/1550
f 2351/905/1552 2353/777/1440 2356/775/1438 2355/903/1550
f 2355/903/1550 2324/904/1551 2318/906/1553 2351/905/1552
f 2352/879/1530 2354/762/1427 2353/777/1440 2351/905/1552
f 2351/905/1552 2318/906/1553 2317/881/1531 2352/879/1530
f 2322/795/1452 2350/793/1450 2349/888/1535 2321/896/1543
f 2320/907/1554 2321/896/1543 2346/895/1542 2345/908/1555
f 2334/909/1556 2335/897/1544 2348/889/1536 2343/910/1557
f 2343/910/1557 2348/889/1536 2347/790/1447 2344/798/1455
f 2345/908/1555 2346/895/1542 2335/897/1544 2336/911/1558
f 2341/912/1559 2331/913/1560 2334/909/1556 2343/910/1557
f 2343/910/1557 2344/798/1455 2342/800/1457 2341/912/1559
f 2337/914/1561 2316/915/1562 2331/913/1560 2341/912/1559
f 2341/912/1559 2342/800/1457 2340/802/1459 2337/914/1561
f 2338/885/1530 2315/884/1533 2316/915/1562 2337/914/1561
f 2337/914/1561 2340/802/1459 2339/787/1444 2338/885/1530
f 2335/897/1544 2334/909/1556 2333/916/1563 2336/911/1558
f 2333/916/1563 2334/909/1556 2331/913/1560 2332/917/1564
f 2331/913/1560 2316/915/1562 2312/918/1565 2332/917/1564
f 2330/919/1566 2325/920/1567 2326/902/1549 2329/893/1540
f 2327/900/1547 2330/919/1566 2329/893/1540 2328/894/1541
f 2325/920/1567 2323/921/1568 2324/904/1551 2326/902/1549
f 2323/921/1568 2309/922/1569 2318/906/1553 2324/904/1551
f 2319/803/1460 2322/795/1452 2321/896/1543 2320/907/1554
f 2317/881/1531 2318/906/1553 2309/922/1569 2310/878/1529
f 2315/884/1533 2311/873/1524 2312/918/1565 2316/915/1562
f 2311/873/1524 2314/867/1518 2313/868/1519 2312/918/1565
f 2307/858/1509 2310/878/1529 2309/922/1569 2308/859/1510
f 2304/923/1570 2305/924/1571 2241/925/1572 2183/926/1573
f 2303/927/1574 2304/923/1570 2183/926/1573 2181/928/1575
f 2302/929/1576 2303/927/1574 2181/928/1575 2175/930/1577
f 2301/931/1578 2302/929/1576 2175/930/1577 2176/932/1579
f 2298/933/1425 2299/934/1425 2235/935/1425 2170/936/1425
f 2291/937/1580 2297/938/1425 2171/939/1425 2138/940/1581
f 2297/938/1425 2298/933/1425 2170/936/1425 2171/939/1425
f 2296/941/1582 2294/942/1583 2145/943/1584 2154/944/1585
f 2295/945/1586 2296/941/1582 2154/944/1585 2152/946/1587
f 2289/947/1588 2295/945/1586 2152/946/1587 2148/948/1589
f 2294/942/1583 2293/949/1590 2143/950/1591 2145/943/1584
f 2293/949/1590 2292/951/1592 2141/952/1593 2143/950/1591
f 2292/951/1592 2290/953/1594 2139/954/1595 2141/952/1593
f 2290/953/1594 2291/937/1580 2138/940/1581 2139/954/1595
f 2288/955/1596 2289/947/1588 2148/948/1589 2149/956/1597
f 2285/957/1425 2280/958/1425 2165/959/1425 2228/960/1425
f 2281/961/1425 2262/962/1598 2124/963/1599 2164/964/1425
f 2280/958/1425 2281/961/1425 2164/964/1425 2165/959/1425
f 2274/965/1600 2278/966/1601 2155/967/1602 2133/968/1603
f 2278/966/1601 2276/969/1604 2134/970/1605 2155/967/1602
f 2276/969/1604 2266/971/1606 2105/972/1607 2134/970/1605
f 2272/973/1608 2274/965/1600 2133/968/1603 2129/974/1609
f 2270/975/1610 2272/973/1608 2129/974/1609 2127/976/1611
f 2263/977/1612 2270/975/1610 2127/976/1611 2123/978/1613
f 2266/971/1606 2267/979/1614 2104/980/1615 2105/972/1607
f 2262/962/1598 2263/977/1612 2123/978/1613 2124/963/1599
f 2260/981/1616 2259/982/1617 2195/983/1618 2246/984/1619
f 2259/982/1617 2258/985/1620 2192/986/1621 2195/983/1618
f 2258/985/1620 2257/987/1622 2187/988/1623 2192/986/1621
f 2257/987/1622 2256/989/1624 2186/990/1625 2187/988/1623
f 2252/991/1626 2254/992/1627 2211/993/1628 2207/994/1629
f 2236/995/1630 2252/991/1626 2207/994/1629 2182/996/1631
f 2251/997/1632 2249/998/1633 2199/999/1634 2203/1000/1635
f 2249/998/1633 2243/1001/1636 2185/1002/1637 2199/999/1634
f 2244/1003/1638 2246/984/1619 2195/983/1618 2194/1004/1639
f 2212/1005/1640 2244/1003/1638 2194/1004/1639 2191/1006/1641
f 2243/1001/1636 2223/1007/1642 2158/1008/1643 2185/1002/1637
f 2241/925/1572 2239/1009/1644 2179/1010/1645 2183/926/1573
f 2239/1009/1644 2219/1011/1646 2178/1012/1647 2179/1010/1645
f 2224/1013/1648 2236/995/1630 2182/996/1631 2161/1014/1649
f 2235/935/1425 2233/1015/1425 2168/1016/1425 2170/936/1425
f 2233/1015/1425 2227/1017/1497 2162/1018/1496 2168/1016/1425
f 2220/1019/1425 2231/1020/1425 2166/1021/1425 2157/1022/1425
f 2231/1020/1425 2228/960/1425 2165/959/1425 2166/1021/1425
f 2227/1017/1497 2224/1013/1648 2161/1014/1649 2162/1018/1496
f 2223/1007/1642 2220/1019/1425 2157/1022/1425 2158/1008/1643
f 2219/1011/1646 2216/1023/1650 2177/1024/1651 2178/1012/1647
f 2215/1025/1652 2212/1005/1640 2191/1006/1641 2190/1026/1653
f 2211/993/1628 2210/1027/1654 2206/1028/1655 2207/994/1629
f 2210/1027/1654 2208/1029/1656 2204/1030/1657 2206/1028/1655
f 2208/1029/1656 2209/1031/1658 2205/1032/1659 2204/1030/1657
f 2207/994/1629 2206/1028/1655 2172/1033/1660 2182/996/1631
f 2206/1028/1655 2204/1030/1657 2092/1034/1661 2172/1033/1660
f 2204/1030/1657 2205/1032/1659 2095/1035/1662 2092/1034/1661
f 2202/1036/1663 2203/1000/1635 2199/999/1634 2198/1037/1664
f 2201/1038/1665 2202/1036/1663 2198/1037/1664 2197/1039/1666
f 2200/1040/1667 2201/1038/1665 2197/1039/1666 2196/1041/1668
f 2198/1037/1664 2199/999/1634 2185/1002/1637 2184/1042/1669
f 2197/1039/1666 2198/1037/1664 2184/1042/1669 2097/1043/1670
f 2196/1041/1668 2197/1039/1666 2097/1043/1670 2098/1044/1671
f 2195/983/1618 2192/986/1621 2193/1045/1672 2194/1004/1639
f 2191/1006/1641 2194/1004/1639 2193/1045/1672 2188/1046/1673
f 2187/988/1623 2188/1046/1673 2193/1045/1672 2192/986/1621
f 2190/1026/1653 2191/1006/1641 2188/1046/1673 2189/1047/1674
f 2186/990/1625 2189/1047/1674 2188/1046/1673 2187/988/1623
f 2185/1002/1637 2158/1008/1643 2159/1048/1675 2184/1042/1669
f 2159/1048/1675 2096/1049/1676 2097/1043/1670 2184/1042/1669
f 2183/926/1573 2179/1010/1645 2180/1050/1677 2181/928/1575
f 2161/1014/1649 2182/996/1631 2172/1033/1660 2160/1051/1678
f 2174/1052/1679 2175/930/1577 2181/928/1575 2180/1050/1677
f 2178/1012/1647 2174/1052/1679 2180/1050/1677 2179/1010/1645
f 2177/1024/1651 2173/1053/1680 2174/1052/1679 2178/1012/1647
f 2173/1053/1680 2176/932/1579 2175/930/1577 2174/1052/1679
f 2172/1033/1660 2092/1034/1661 2093/1054/1681 2160/1051/1678
f 2171/939/1425 2169/1055/1425 2137/1056/1682 2138/940/1581
f 2169/1055/1425 2171/939/1425 2170/936/1425 2168/1016/1425
f 2169/1055/1425 2163/1057/1532 2102/1058/1683 2137/1056/1682
f 2163/1057/1532 2169/1055/1425 2168/1016/1425 2162/1018/1496
f 2156/1059/1425 2167/1060/1425 2125/1061/1682 2100/1062/1684
f 2167/1060/1425 2156/1059/1425 2157/1022/1425 2166/1021/1425
f 2167/1060/1425 2164/964/1425 2124/963/1599 2125/1061/1682
f 2164/964/1425 2167/1060/1425 2166/1021/1425 2165/959/1425
f 2163/1057/1532 2160/1051/1678 2093/1054/1681 2102/1058/1683
f 2160/1051/1678 2163/1057/1532 2162/1018/1496 2161/1014/1649
f 2159/1048/1675 2156/1059/1425 2100/1062/1684 2096/1049/1676
f 2156/1059/1425 2159/1048/1675 2158/1008/1643 2157/1022/1425
f 2155/967/1602 2134/970/1605 2135/1063/1685 2153/1064/1686
f 2132/1065/1687 2133/968/1603 2155/967/1602 2153/1064/1686
f 2145/943/1584 2144/1066/1688 2150/1067/1689 2154/944/1585
f 2154/944/1585 2150/1067/1689 2151/1068/1690 2152/946/1587
f 2114/1069/1691 2115/1070/1692 2150/1067/1689 2144/1066/1688
f 2131/1071/1693 2153/1064/1686 2135/1063/1685 2106/1072/1694
f 2131/1071/1693 2120/1073/1695 2132/1065/1687 2153/1064/1686
f 2146/1074/1696 2148/948/1589 2152/946/1587 2151/1068/1690
f 2115/1070/1692 2146/1074/1696 2151/1068/1690 2150/1067/1689
f 2147/1075/1697 2149/956/1597 2148/948/1589 2146/1074/1696
f 2112/1076/1698 2147/1075/1697 2146/1074/1696 2115/1070/1692
f 2142/1077/1699 2144/1066/1688 2145/943/1584 2143/950/1591
f 2111/1078/1700 2114/1069/1691 2144/1066/1688 2142/1077/1699
f 2140/1079/1701 2142/1077/1699 2143/950/1591 2141/952/1593
f 2142/1077/1699 2140/1079/1701 2109/1080/1702 2111/1078/1700
f 2136/1081/1703 2140/1079/1701 2141/952/1593 2139/954/1595
f 2140/1079/1701 2136/1081/1703 2103/1082/1704 2109/1080/1702
f 2137/1056/1682 2136/1081/1703 2139/954/1595 2138/940/1581
f 2136/1081/1703 2137/1056/1682 2102/1058/1683 2103/1082/1704
f 2105/972/1607 2106/1072/1694 2135/1063/1685 2134/970/1605
f 2107/1083/1705 2130/1084/1706 2131/1071/1693 2106/1072/1694
f 2119/1085/1707 2128/1086/1708 2132/1065/1687 2120/1073/1695
f 2128/1086/1708 2129/974/1609 2133/968/1603 2132/1065/1687
f 2130/1084/1706 2121/1087/1709 2120/1073/1695 2131/1071/1693
f 2126/1088/1710 2128/1086/1708 2119/1085/1707 2116/1089/1711
f 2128/1086/1708 2126/1088/1710 2127/976/1611 2129/974/1609
f 2122/1090/1712 2126/1088/1710 2116/1089/1711 2101/1091/1713
f 2126/1088/1710 2122/1090/1712 2123/978/1613 2127/976/1611
f 2125/1061/1682 2122/1090/1712 2101/1091/1713 2100/1062/1684
f 2122/1090/1712 2125/1061/1682 2124/963/1599 2123/978/1613
f 2120/1073/1695 2121/1087/1709 2118/1092/1714 2119/1085/1707
f 2118/1092/1714 2117/1093/1715 2116/1089/1711 2119/1085/1707
f 2116/1089/1711 2117/1093/1715 2099/1094/1716 2101/1091/1713
f 2113/1095/1717 2114/1069/1691 2111/1078/1700 2110/1096/1718
f 2112/1076/1698 2115/1070/1692 2114/1069/1691 2113/1095/1717
f 2110/1096/1718 2111/1078/1700 2109/1080/1702 2108/1097/1719
f 2108/1097/1719 2109/1080/1702 2103/1082/1704 2094/1098/1720
f 2104/980/1615 2107/1083/1705 2106/1072/1694 2105/972/1607
f 2102/1058/1683 2093/1054/1681 2094/1098/1720 2103/1082/1704
f 2100/1062/1684 2101/1091/1713 2099/1094/1716 2096/1049/1676
f 2096/1049/1676 2099/1094/1716 2098/1044/1671 2097/1043/1670
f 2092/1034/1661 2095/1035/1662 2094/1098/1720 2093/1054/1681
f 1720/1034/1721 1718/1054/1722 1706/1098/1723 1708/1035/1724
f 1717/1049/1725 1719/1043/1726 1707/1044/1727 1705/1094/1728
f 1737/1062/1729 1717/1049/1725 1705/1094/1728 1738/1091/1730
f 1742/1058/1729 1741/1082/1731 1706/1098/1723 1718/1054/1722
f 1689/980/1732 1734/972/1733 1735/1072/1734 1691/1083/1735
f 1765/1097/1736 1706/1098/1723 1741/1082/1731 1764/1080/1737
f 1767/1096/1738 1765/1097/1736 1764/1080/1737 1766/1078/1739
f 1692/1076/1740 1769/1095/1741 1768/1069/1742 1731/1070/1743
f 1769/1095/1741 1767/1096/1738 1766/1078/1739 1768/1069/1742
f 1771/1089/1744 1738/1091/1730 1705/1094/1728 1770/1093/1745
f 1772/1092/1746 1773/1085/1747 1771/1089/1744 1770/1093/1745
f 1775/1073/1748 1773/1085/1747 1772/1092/1746 1774/1087/1749
f 1779/1090/1750 1750/978/1751 1749/963/1729 1778/1061/1729
f 1778/1061/1729 1737/1062/1729 1738/1091/1730 1779/1090/1750
f 1780/1088/1752 1757/976/1753 1750/978/1751 1779/1090/1750
f 1779/1090/1750 1738/1091/1730 1771/1089/1744 1780/1088/1752
f 1781/1086/1754 1760/974/1755 1757/976/1753 1780/1088/1752
f 1780/1088/1752 1771/1089/1744 1773/1085/1747 1781/1086/1754
f 1690/1084/1756 1736/1071/1757 1775/1073/1748 1774/1087/1749
f 1781/1086/1754 1782/1065/1758 1763/968/1759 1760/974/1755
f 1773/1085/1747 1775/1073/1748 1782/1065/1758 1781/1086/1754
f 1691/1083/1735 1735/1072/1734 1736/1071/1757 1690/1084/1756
f 1734/972/1733 1784/970/1760 1785/1063/1761 1735/1072/1734
f 1789/1081/1762 1741/1082/1731 1742/1058/1729 1788/1056/1729
f 1788/1056/1729 1753/940/1729 1754/954/1763 1789/1081/1762
f 1790/1079/1764 1764/1080/1737 1741/1082/1731 1789/1081/1762
f 1789/1081/1762 1754/954/1763 1755/952/1765 1790/1079/1764
f 1791/1077/1766 1766/1078/1739 1764/1080/1737 1790/1079/1764
f 1790/1079/1764 1755/952/1765 1758/950/1767 1791/1077/1766
f 1766/1078/1739 1791/1077/1766 1792/1066/1768 1768/1069/1742
f 1791/1077/1766 1758/950/1767 1761/943/1769 1792/1066/1768
f 1692/1076/1740 1731/1070/1743 1732/1074/1770 1694/1075/1771
f 1694/1075/1771 1732/1074/1770 1733/948/1772 1693/956/1773
f 1731/1070/1743 1794/1067/1774 1795/1068/1775 1732/1074/1770
f 1732/1074/1770 1795/1068/1775 1793/946/1776 1733/948/1772
f 1736/1071/1757 1783/1064/1777 1782/1065/1758 1775/1073/1748
f 1736/1071/1757 1735/1072/1734 1785/1063/1761 1783/1064/1777
f 1768/1069/1742 1792/1066/1768 1794/1067/1774 1731/1070/1743
f 1797/944/1778 1793/946/1776 1795/1068/1775 1794/1067/1774
f 1761/943/1769 1797/944/1778 1794/1067/1774 1792/1066/1768
f 1782/1065/1758 1783/1064/1777 1799/967/1779 1763/968/1759
f 1799/967/1779 1783/1064/1777 1785/1063/1761 1784/970/1760
f 1804/1059/1729 1740/1022/1729 1723/1008/1780 1801/1048/1781
f 1801/1048/1781 1717/1049/1725 1737/1062/1729 1804/1059/1729
f 1802/1051/1782 1725/1014/1783 1743/1018/1729 1805/1057/1729
f 1805/1057/1729 1742/1058/1729 1718/1054/1722 1802/1051/1782
f 1806/964/1729 1747/959/1729 1777/1021/1729 1809/1060/1729
f 1809/1060/1729 1778/1061/1729 1749/963/1729 1806/964/1729
f 1809/1060/1729 1777/1021/1729 1740/1022/1729 1804/1059/1729
f 1804/1059/1729 1737/1062/1729 1778/1061/1729 1809/1060/1729
f 1805/1057/1729 1743/1018/1729 1787/1016/1729 1810/1055/1729
f 1810/1055/1729 1788/1056/1729 1742/1058/1729 1805/1057/1729
f 1810/1055/1729 1787/1016/1729 1752/936/1729 1808/939/1729
f 1808/939/1729 1753/940/1729 1788/1056/1729 1810/1055/1729
f 1803/1033/1784 1802/1051/1782 1718/1054/1722 1720/1034/1721
f 1704/1053/1785 1715/1052/1786 1714/930/1787 1703/932/1788
f 1702/1024/1789 1716/1012/1790 1715/1052/1786 1704/1053/1785
f 1716/1012/1790 1813/1010/1791 1812/1050/1792 1715/1052/1786
f 1715/1052/1786 1812/1050/1792 1811/928/1793 1714/930/1787
f 1725/1014/1783 1802/1051/1782 1803/1033/1784 1726/996/1794
f 1816/926/1795 1811/928/1793 1812/1050/1792 1813/1010/1791
f 1801/1048/1781 1800/1042/1796 1719/1043/1726 1717/1049/1725
f 1724/1002/1797 1800/1042/1796 1801/1048/1781 1723/1008/1780
f 1698/990/1798 1711/988/1799 1712/1046/1800 1700/1047/1801
f 1699/1026/1802 1700/1047/1801 1712/1046/1800 1713/1006/1803
f 1711/988/1799 1818/986/1804 1819/1045/1805 1712/1046/1800
f 1713/1006/1803 1712/1046/1800 1819/1045/1805 1817/1004/1806
f 1821/983/1807 1817/1004/1806 1819/1045/1805 1818/986/1804
f 1823/1041/1808 1707/1044/1727 1719/1043/1726 1824/1039/1809
f 1824/1039/1809 1719/1043/1726 1800/1042/1796 1825/1037/1810
f 1825/1037/1810 1800/1042/1796 1724/1002/1797 1826/999/1811
f 1828/1040/1812 1823/1041/1808 1824/1039/1809 1829/1038/1813
f 1829/1038/1813 1824/1039/1809 1825/1037/1810 1830/1036/1814
f 1830/1036/1814 1825/1037/1810 1826/999/1811 1831/1000/1815
f 1834/1030/1816 1720/1034/1721 1708/1035/1724 1833/1032/1817
f 1835/1028/1818 1803/1033/1784 1720/1034/1721 1834/1030/1816
f 1836/994/1819 1726/996/1794 1803/1033/1784 1835/1028/1818
f 1839/1029/1820 1834/1030/1816 1833/1032/1817 1838/1031/1821
f 1840/1027/1822 1835/1028/1818 1834/1030/1816 1839/1029/1820
f 1841/993/1823 1836/994/1819 1835/1028/1818 1840/1027/1822
f 1843/1025/1824 1699/1026/1802 1713/1006/1803 1844/1005/1825
f 1845/1011/1826 1716/1012/1790 1702/1024/1789 1846/1023/1827
f 1847/1007/1780 1723/1008/1780 1740/1022/1729 1848/1019/1729
f 1849/1017/1729 1743/1018/1729 1725/1014/1783 1850/1013/1828
f 1854/1020/1729 1777/1021/1729 1747/959/1729 1851/960/1729
f 1848/1019/1729 1740/1022/1729 1777/1021/1729 1854/1020/1729
f 1855/1015/1729 1787/1016/1729 1743/1018/1729 1849/1017/1729
f 1853/935/1729 1752/936/1729 1787/1016/1729 1855/1015/1729
f 1850/1013/1828 1725/1014/1783 1726/996/1794 1856/995/1829
f 1857/1009/1830 1813/1010/1791 1716/1012/1790 1845/1011/1826
f 1858/925/1831 1816/926/1795 1813/1010/1791 1857/1009/1830
f 1859/1001/1832 1724/1002/1797 1723/1008/1780 1847/1007/1780
f 1844/1005/1825 1713/1006/1803 1817/1004/1806 1860/1003/1833
f 1860/1003/1833 1817/1004/1806 1821/983/1807 1861/984/1834
f 1862/998/1835 1826/999/1811 1724/1002/1797 1859/1001/1832
f 1863/997/1836 1831/1000/1815 1826/999/1811 1862/998/1835
f 1856/995/1829 1726/996/1794 1836/994/1819 1864/991/1837
f 1864/991/1837 1836/994/1819 1841/993/1823 1865/992/1838
f 1866/987/1839 1711/988/1799 1698/990/1798 1867/989/1840
f 1868/985/1841 1818/986/1804 1711/988/1799 1866/987/1839
f 1869/982/1842 1821/983/1807 1818/986/1804 1868/985/1841
f 1871/981/1843 1861/984/1834 1821/983/1807 1869/982/1842
f 1873/962/1729 1749/963/1729 1750/978/1751 1872/977/1844
f 1875/971/1845 1734/972/1733 1689/980/1732 1874/979/1846
f 1872/977/1844 1750/978/1751 1757/976/1753 1876/975/1847
f 1876/975/1847 1757/976/1753 1760/974/1755 1877/973/1848
f 1877/973/1848 1760/974/1755 1763/968/1759 1878/965/1849
f 1879/969/1850 1784/970/1760 1734/972/1733 1875/971/1845
f 1880/966/1851 1799/967/1779 1784/970/1760 1879/969/1850
f 1878/965/1849 1763/968/1759 1799/967/1779 1880/966/1851
f 1882/958/1729 1747/959/1729 1806/964/1729 1881/961/1729
f 1881/961/1729 1806/964/1729 1749/963/1729 1873/962/1729
f 1884/957/1729 1851/960/1729 1747/959/1729 1882/958/1729
f 1886/955/1852 1693/956/1773 1733/948/1772 1885/947/1853
f 1888/953/1854 1754/954/1763 1753/940/1729 1887/937/1729
f 1889/951/1855 1755/952/1765 1754/954/1763 1888/953/1854
f 1890/949/1856 1758/950/1767 1755/952/1765 1889/951/1855
f 1891/942/1857 1761/943/1769 1758/950/1767 1890/949/1856
f 1885/947/1853 1733/948/1772 1793/946/1776 1892/945/1858
f 1892/945/1858 1793/946/1776 1797/944/1778 1893/941/1859
f 1893/941/1859 1797/944/1778 1761/943/1769 1891/942/1857
f 1895/938/1729 1808/939/1729 1752/936/1729 1894/933/1729
f 1887/937/1729 1753/940/1729 1808/939/1729 1895/938/1729
f 1894/933/1729 1752/936/1729 1853/935/1729 1897/934/1729
f 1899/931/1860 1703/932/1788 1714/930/1787 1898/929/1861
f 1898/929/1861 1714/930/1787 1811/928/1793 1900/927/1862
f 1900/927/1862 1811/928/1793 1816/926/1795 1901/923/1863
f 1901/923/1863 1816/926/1795 1858/925/1831 1903/924/1864
f 1929/858/1865 1919/859/1866 1917/922/1867 1927/878/1868
f 1926/873/1869 1916/918/1870 1918/868/1871 1928/867/1872
f 1943/884/1729 1944/915/1873 1916/918/1870 1926/873/1869
f 1947/881/1729 1927/878/1868 1917/922/1867 1946/906/1874
f 1904/803/1875 1906/907/1876 1941/896/1877 1940/795/1878
f 1967/921/1879 1966/904/1880 1946/906/1874 1917/922/1867
f 1969/920/1881 1968/902/1882 1966/904/1880 1967/921/1879
f 1907/900/1883 1937/894/1884 1970/893/1885 1971/919/1886
f 1971/919/1886 1970/893/1885 1968/902/1882 1969/920/1881
f 1973/913/1887 1972/917/1888 1916/918/1870 1944/915/1873
f 1974/916/1889 1972/917/1888 1973/913/1887 1975/909/1890
f 1977/897/1891 1976/911/1892 1974/916/1889 1975/909/1890
f 1980/914/1893 1979/885/1729 1952/787/1729 1953/802/1894
f 1979/885/1729 1980/914/1893 1944/915/1873 1943/884/1729
f 1981/912/1895 1980/914/1893 1953/802/1894 1959/800/1896
f 1980/914/1893 1981/912/1895 1973/913/1887 1944/915/1873
f 1982/910/1897 1981/912/1895 1959/800/1896 1962/798/1898
f 1981/912/1895 1982/910/1897 1975/909/1890 1973/913/1887
f 1905/908/1899 1976/911/1892 1977/897/1891 1942/895/1900
f 1982/910/1897 1962/798/1898 1965/790/1901 1983/889/1902
f 1975/909/1890 1982/910/1897 1983/889/1902 1977/897/1891
f 1906/907/1876 1905/908/1899 1942/895/1900 1941/896/1877
f 1940/795/1878 1941/896/1877 1986/888/1903 1985/793/1904
f 1989/905/1905 1988/879/1729 1947/881/1729 1946/906/1874
f 1988/879/1729 1989/905/1905 1956/777/1906 1955/762/1729
f 1990/903/1907 1989/905/1905 1946/906/1874 1966/904/1880
f 1989/905/1905 1990/903/1907 1957/775/1908 1956/777/1906
f 1991/901/1909 1990/903/1907 1966/904/1880 1968/902/1882
f 1990/903/1907 1991/901/1909 1960/773/1910 1957/775/1908
f 1968/902/1882 1970/893/1885 1992/891/1911 1991/901/1909
f 1991/901/1909 1992/891/1911 1963/767/1912 1960/773/1910
f 1907/900/1883 1909/899/1913 1938/898/1914 1937/894/1884
f 1909/899/1913 1908/780/1915 1939/772/1916 1938/898/1914
f 1937/894/1884 1938/898/1914 1995/892/1917 1994/890/1918
f 1938/898/1914 1939/772/1916 1993/770/1919 1995/892/1917
f 1942/895/1900 1977/897/1891 1983/889/1902 1984/887/1920
f 1942/895/1900 1984/887/1920 1986/888/1903 1941/896/1877
f 1970/893/1885 1937/894/1884 1994/890/1918 1992/891/1911
f 1997/766/1921 1994/890/1918 1995/892/1917 1993/770/1919
f 1963/767/1912 1992/891/1911 1994/890/1918 1997/766/1921
f 1983/889/1902 1965/790/1901 1999/791/1922 1984/887/1920
f 1999/791/1922 1985/793/1904 1986/888/1903 1984/887/1920
f 2004/883/1729 2001/872/1923 1930/831/1924 1945/844/1729
f 2001/872/1923 2004/883/1729 1943/884/1729 1926/873/1869
f 2002/875/1925 2005/882/1729 1948/841/1729 1932/838/1926
f 2005/882/1729 2002/875/1925 1927/878/1868 1947/881/1729
f 2006/786/1729 2009/886/1729 1978/845/1729 1951/783/1729
f 2009/886/1729 2006/786/1729 1952/787/1729 1979/885/1729
f 2009/886/1729 2004/883/1729 1945/844/1729 1978/845/1729
f 2004/883/1729 2009/886/1729 1979/885/1729 1943/884/1729
f 2005/882/1729 2010/880/1729 1987/839/1729 1948/841/1729
f 2010/880/1729 2005/882/1729 1947/881/1729 1988/879/1729
f 2010/880/1729 2008/763/1729 1954/758/1729 1987/839/1729
f 2008/763/1729 2010/880/1729 1988/879/1729 1955/762/1729
f 2003/857/1927 1929/858/1865 1927/878/1868 2002/875/1925
f 1915/877/1928 1914/756/1929 1923/754/1930 1924/876/1931
f 1913/847/1932 1915/877/1928 1924/876/1931 1925/835/1933
f 1925/835/1933 1924/876/1931 2012/874/1934 2013/833/1935
f 1924/876/1931 1923/754/1930 2011/752/1936 2012/874/1934
f 1932/838/1926 1933/820/1937 2003/857/1927 2002/875/1925
f 2014/748/1938 2013/833/1935 2012/874/1934 2011/752/1936
f 2001/872/1923 1926/873/1869 1928/867/1872 2000/866/1939
f 1931/825/1940 1930/831/1924 2001/872/1923 2000/866/1939
f 1910/813/1941 1912/871/1942 1921/870/1943 1920/811/1944
f 1911/850/1945 1922/830/1946 1921/870/1943 1912/871/1942
f 1920/811/1944 1921/870/1943 2017/869/1947 2016/809/1948
f 1922/830/1946 2015/828/1949 2017/869/1947 1921/870/1943
f 2018/807/1950 2016/809/1948 2017/869/1947 2015/828/1949
f 2019/865/1951 2020/863/1952 1928/867/1872 1918/868/1871
f 2020/863/1952 2021/861/1953 2000/866/1939 1928/867/1872
f 2021/861/1953 2022/823/1954 1931/825/1940 2000/866/1939
f 2023/864/1955 2024/862/1956 2020/863/1952 2019/865/1951
f 2024/862/1956 2025/860/1957 2021/861/1953 2020/863/1952
f 2025/860/1957 2026/822/1958 2022/823/1954 2021/861/1953
f 2028/853/1959 2027/855/1960 1919/859/1866 1929/858/1865
f 2029/851/1961 2028/853/1959 1929/858/1865 2003/857/1927
f 2030/816/1962 2029/851/1961 2003/857/1927 1933/820/1937
f 2032/854/1963 2031/856/1964 2027/855/1960 2028/853/1959
f 2033/852/1965 2032/854/1963 2028/853/1959 2029/851/1961
f 2034/817/1966 2033/852/1965 2029/851/1961 2030/816/1962
f 2035/849/1967 2036/829/1968 1922/830/1946 1911/850/1945
f 2037/836/1969 2038/848/1970 1913/847/1932 1925/835/1933
f 2039/832/1924 2040/843/1729 1945/844/1729 1930/831/1924
f 2041/842/1729 2042/837/1971 1932/838/1926 1948/841/1729
f 2046/846/1729 2043/782/1729 1951/783/1729 1978/845/1729
f 2040/843/1729 2046/846/1729 1978/845/1729 1945/844/1729
f 2047/840/1729 2041/842/1729 1948/841/1729 1987/839/1729
f 2045/759/1729 2047/840/1729 1987/839/1729 1954/758/1729
f 2042/837/1971 2048/819/1972 1933/820/1937 1932/838/1926
f 2049/834/1973 2037/836/1969 1925/835/1933 2013/833/1935
f 2050/749/1974 2049/834/1973 2013/833/1935 2014/748/1938
f 2051/826/1975 2039/832/1924 1930/831/1924 1931/825/1940
f 2036/829/1968 2052/827/1976 2015/828/1949 1922/830/1946
f 2052/827/1976 2053/806/1977 2018/807/1950 2015/828/1949
f 2054/824/1978 2051/826/1975 1931/825/1940 2022/823/1954
f 2055/821/1979 2054/824/1978 2022/823/1954 2026/822/1958
f 2048/819/1972 2056/815/1980 2030/816/1962 1933/820/1937
f 2056/815/1980 2057/818/1981 2034/817/1966 2030/816/1962
f 2058/812/1982 2059/814/1983 1910/813/1941 1920/811/1944
f 2060/810/1984 2058/812/1982 1920/811/1944 2016/809/1948
f 2061/808/1985 2060/810/1984 2016/809/1948 2018/807/1950
f 2062/805/1986 2061/808/1985 2018/807/1950 2053/806/1977
f 2064/788/1729 2063/801/1987 1953/802/1894 1952/787/1729
f 2066/796/1988 2065/804/1989 1904/803/1875 1940/795/1878
f 2063/801/1987 2067/799/1990 1959/800/1896 1953/802/1894
f 2067/799/1990 2068/797/1991 1962/798/1898 1959/800/1896
f 2068/797/1991 2069/789/1992 1965/790/1901 1962/798/1898
f 2070/794/1993 2066/796/1988 1940/795/1878 1985/793/1904
f 2071/792/1994 2070/794/1993 1985/793/1904 1999/791/1922
f 2069/789/1992 2071/792/1994 1999/791/1922 1965/790/1901
f 2073/784/1729 2072/785/1729 2006/786/1729 1951/783/1729
f 2072/785/1729 2064/788/1729 1952/787/1729 2006/786/1729
f 2074/781/1729 2073/784/1729 1951/783/1729 2043/782/1729
f 2076/779/1995 2075/771/1996 1939/772/1916 1908/780/1915
f 2078/778/1997 2077/761/1729 1955/762/1729 1956/777/1906
f 2079/776/1998 2078/778/1997 1956/777/1906 1957/775/1908
f 2080/774/1999 2079/776/1998 1957/775/1908 1960/773/1910
f 2081/768/2000 2080/774/1999 1960/773/1910 1963/767/1912
f 2075/771/1996 2082/769/2001 1993/770/1919 1939/772/1916
f 2082/769/2001 2083/765/2002 1997/766/1921 1993/770/1919
f 2083/765/2002 2081/768/2000 1963/767/1912 1997/766/1921
f 2085/764/1729 2084/757/1729 1954/758/1729 2008/763/1729
f 2077/761/1729 2085/764/1729 2008/763/1729 1955/762/1729
f 2084/757/1729 2086/760/1729 2045/759/1729 1954/758/1729
f 2088/755/2003 2087/753/2004 1923/754/1930 1914/756/1929
f 2087/753/2004 2089/751/2005 2011/752/1936 1923/754/1930
f 2089/751/2005 2090/747/2006 2014/748/1938 2011/752/1936
f 2090/747/2006 2091/750/2007 2050/749/1974 2014/748/1938
f 1706/1098/1723 2495/1098/2008 2496/1035/2009 1708/1035/1724
f 2495/1098/2008 2497/1098/2010 2498/1035/2011 2496/1035/2009
f 2497/1098/2010 2094/1098/1720 2095/1035/1662 2498/1035/2011
f 1707/1044/1727 2499/1044/2012 2500/1094/2013 1705/1094/1728
f 2499/1044/2012 2501/1044/2014 2502/1094/2015 2500/1094/2013
f 2501/1044/2014 2098/1044/1671 2099/1094/1716 2502/1094/2015
f 1691/1083/1735 2503/1083/2016 2504/980/2017 1689/980/1732
f 2503/1083/2016 2505/1083/2018 2506/980/2019 2504/980/2017
f 2505/1083/2018 2107/1083/1705 2104/980/1615 2506/980/2019
f 1765/1097/1736 2507/1097/2020 2495/1098/2008 1706/1098/1723
f 2507/1097/2020 2508/1097/2021 2497/1098/2010 2495/1098/2008
f 2508/1097/2021 2108/1097/1719 2094/1098/1720 2497/1098/2010
f 1767/1096/1738 2509/1096/2022 2507/1097/2020 1765/1097/1736
f 2509/1096/2022 2510/1096/2023 2508/1097/2021 2507/1097/2020
f 2510/1096/2023 2110/1096/1718 2108/1097/1719 2508/1097/2021
f 1692/1076/1740 2511/1076/2024 2512/1095/2025 1769/1095/1741
f 2511/1076/2024 2513/1076/2026 2514/1095/2027 2512/1095/2025
f 2513/1076/2026 2112/1076/1698 2113/1095/1717 2514/1095/2027
f 1769/1095/1741 2512/1095/2025 2509/1096/2022 1767/1096/1738
f 2512/1095/2025 2514/1095/2027 2510/1096/2023 2509/1096/2022
f 2514/1095/2027 2113/1095/1717 2110/1096/1718 2510/1096/2023
f 1705/1094/1728 2500/1094/2013 2515/1093/2028 1770/1093/1745
f 2500/1094/2013 2502/1094/2015 2516/1093/2029 2515/1093/2028
f 2502/1094/2015 2099/1094/1716 2117/1093/1715 2516/1093/2029
f 1770/1093/1745 2515/1093/2028 2517/1092/2030 1772/1092/1746
f 2515/1093/2028 2516/1093/2029 2518/1092/2031 2517/1092/2030
f 2516/1093/2029 2117/1093/1715 2118/1092/1714 2518/1092/2031
f 1772/1092/1746 2517/1092/2030 2519/1087/2032 1774/1087/1749
f 2517/1092/2030 2518/1092/2031 2520/1087/2033 2519/1087/2032
f 2518/1092/2031 2118/1092/1714 2121/1087/1709 2520/1087/2033
f 1774/1087/1749 2519/1087/2032 2521/1084/2034 1690/1084/1756
f 2519/1087/2032 2520/1087/2033 2522/1084/2035 2521/1084/2034
f 2520/1087/2033 2121/1087/1709 2130/1084/1706 2522/1084/2035
f 1690/1084/1756 2521/1084/2034 2503/1083/2016 1691/1083/1735
f 2521/1084/2034 2522/1084/2035 2505/1083/2018 2503/1083/2016
f 2522/1084/2035 2130/1084/1706 2107/1083/1705 2505/1083/2018
f 1694/1075/1771 2523/1075/2036 2511/1076/2024 1692/1076/1740
f 2523/1075/2036 2524/1075/2037 2513/1076/2026 2511/1076/2024
f 2524/1075/2037 2147/1075/1697 2112/1076/1698 2513/1076/2026
f 1693/956/1773 2525/956/2038 2523/1075/2036 1694/1075/1771
f 2525/956/2038 2526/956/2039 2524/1075/2037 2523/1075/2036
f 2526/956/2039 2149/956/1597 2147/1075/1697 2524/1075/2037
f 1703/932/1788 2527/932/2040 2528/1053/2041 1704/1053/1785
f 2527/932/2040 2529/932/2042 2530/1053/2043 2528/1053/2041
f 2529/932/2042 2176/932/1579 2173/1053/1680 2530/1053/2043
f 1704/1053/1785 2528/1053/2041 2531/1024/2044 1702/1024/1789
f 2528/1053/2041 2530/1053/2043 2532/1024/2045 2531/1024/2044
f 2530/1053/2043 2173/1053/1680 2177/1024/1651 2532/1024/2045
f 1700/1047/1801 2533/1047/2046 2534/990/2047 1698/990/1798
f 2533/1047/2046 2535/1047/2048 2536/990/2049 2534/990/2047
f 2535/1047/2048 2189/1047/1674 2186/990/1625 2536/990/2049
f 1699/1026/1802 2537/1026/2050 2533/1047/2046 1700/1047/1801
f 2537/1026/2050 2538/1026/2051 2535/1047/2048 2533/1047/2046
f 2538/1026/2051 2190/1026/1653 2189/1047/1674 2535/1047/2048
f 1823/1041/1808 2539/1041/2052 2499/1044/2012 1707/1044/1727
f 2539/1041/2052 2540/1041/2053 2501/1044/2014 2499/1044/2012
f 2540/1041/2053 2196/1041/1668 2098/1044/1671 2501/1044/2014
f 1828/1040/1812 2541/1040/2054 2539/1041/2052 1823/1041/1808
f 2541/1040/2054 2542/1040/2055 2540/1041/2053 2539/1041/2052
f 2542/1040/2055 2200/1040/1667 2196/1041/1668 2540/1041/2053
f 1708/1035/1724 2496/1035/2009 2543/1032/2056 1833/1032/1817
f 2496/1035/2009 2498/1035/2011 2544/1032/2057 2543/1032/2056
f 2498/1035/2011 2095/1035/1662 2205/1032/1659 2544/1032/2057
f 1833/1032/1817 2543/1032/2056 2545/1031/2058 1838/1031/1821
f 2543/1032/2056 2544/1032/2057 2546/1031/2059 2545/1031/2058
f 2544/1032/2057 2205/1032/1659 2209/1031/1658 2546/1031/2059
f 1843/1025/1824 2548/1025/2060 2537/1026/2050 1699/1026/1802
f 2548/1025/2060 2550/1025/2061 2538/1026/2051 2537/1026/2050
f 2550/1025/2061 2215/1025/1652 2190/1026/1653 2538/1026/2051
f 1702/1024/1789 2531/1024/2044 2551/1023/2062 1846/1023/1827
f 2531/1024/2044 2532/1024/2045 2553/1023/2063 2551/1023/2062
f 2532/1024/2045 2177/1024/1651 2216/1023/1650 2553/1023/2063
f 1698/990/1798 2534/990/2047 2555/989/2064 1867/989/1840
f 2534/990/2047 2536/990/2049 2556/989/2065 2555/989/2064
f 2536/990/2049 2186/990/1625 2256/989/1624 2556/989/2065
f 1689/980/1732 2504/980/2017 2557/979/2066 1874/979/1846
f 2504/980/2017 2506/980/2019 2558/979/2067 2557/979/2066
f 2506/980/2019 2104/980/1615 2267/979/1614 2558/979/2067
f 1886/955/1852 2561/955/2068 2525/956/2038 1693/956/1773
f 2561/955/2068 2562/955/2069 2526/956/2039 2525/956/2038
f 2562/955/2069 2288/955/1596 2149/956/1597 2526/956/2039
f 1899/931/1860 2563/931/2070 2527/932/2040 1703/932/1788
f 2563/931/2070 2564/931/2071 2529/932/2042 2527/932/2040
f 2564/931/2071 2301/931/1578 2176/932/1579 2529/932/2042
f 1919/859/1866 2565/859/2072 2566/922/2073 1917/922/1867
f 2565/859/2072 2567/859/2074 2568/922/2075 2566/922/2073
f 2567/859/2074 2308/859/1510 2309/922/1569 2568/922/2075
f 1916/918/1870 2569/918/2076 2570/868/2077 1918/868/1871
f 2569/918/2076 2571/918/2078 2572/868/2079 2570/868/2077
f 2571/918/2078 2312/918/1565 2313/868/1519 2572/868/2079
f 1904/803/1875 2573/803/2080 2574/907/2081 1906/907/1876
f 2573/803/2080 2575/803/2082 2576/907/2083 2574/907/2081
f 2575/803/2082 2319/803/1460 2320/907/1554 2576/907/2083
f 1917/922/1867 2566/922/2073 2577/921/2084 1967/921/1879
f 2566/922/2073 2568/922/2075 2578/921/2085 2577/921/2084
f 2568/922/2075 2309/922/1569 2323/921/1568 2578/921/2085
f 1967/921/1879 2577/921/2084 2579/920/2086 1969/920/1881
f 2577/921/2084 2578/921/2085 2580/920/2087 2579/920/2086
f 2578/921/2085 2323/921/1568 2325/920/1567 2580/920/2087
f 1971/919/1886 2581/919/2088 2582/900/2089 1907/900/1883
f 2581/919/2088 2583/919/2090 2584/900/2091 2582/900/2089
f 2583/919/2090 2330/919/1566 2327/900/1547 2584/900/2091
f 1969/920/1881 2579/920/2086 2581/919/2088 1971/919/1886
f 2579/920/2086 2580/920/2087 2583/919/2090 2581/919/2088
f 2580/920/2087 2325/920/1567 2330/919/1566 2583/919/2090
f 1972/917/1888 2585/917/2092 2569/918/2076 1916/918/1870
f 2585/917/2092 2586/917/2093 2571/918/2078 2569/918/2076
f 2586/917/2093 2332/917/1564 2312/918/1565 2571/918/2078
f 1974/916/1889 2587/916/2094 2585/917/2092 1972/917/1888
f 2587/916/2094 2588/916/2095 2586/917/2093 2585/917/2092
f 2588/916/2095 2333/916/1563 2332/917/1564 2586/917/2093
f 1976/911/1892 2589/911/2096 2587/916/2094 1974/916/1889
f 2589/911/2096 2590/911/2097 2588/916/2095 2587/916/2094
f 2590/911/2097 2336/911/1558 2333/916/1563 2588/916/2095
f 1905/908/1899 2591/908/2098 2589/911/2096 1976/911/1892
f 2591/908/2098 2592/908/2099 2590/911/2097 2589/911/2096
f 2592/908/2099 2345/908/1555 2336/911/1558 2590/911/2097
f 1906/907/1876 2574/907/2081 2591/908/2098 1905/908/1899
f 2574/907/2081 2576/907/2083 2592/908/2099 2591/908/2098
f 2576/907/2083 2320/907/1554 2345/908/1555 2592/908/2099
f 1907/900/1883 2582/900/2089 2593/899/2100 1909/899/1913
f 2582/900/2089 2584/900/2091 2594/899/2101 2593/899/2100
f 2584/900/2091 2327/900/1547 2361/899/1546 2594/899/2101
f 1909/899/1913 2593/899/2100 2595/780/2102 1908/780/1915
f 2593/899/2100 2594/899/2101 2596/780/2103 2595/780/2102
f 2594/899/2101 2361/899/1546 2363/780/1443 2596/780/2103
f 1915/877/1928 2597/877/2104 2598/756/2105 1914/756/1929
f 2597/877/2104 2599/877/2106 2600/756/2107 2598/756/2105
f 2599/877/2106 2388/877/1528 2389/756/1424 2600/756/2107
f 1913/847/1932 2601/847/2108 2597/877/2104 1915/877/1928
f 2601/847/2108 2602/847/2109 2599/877/2106 2597/877/2104
f 2602/847/2109 2392/847/1498 2388/877/1528 2599/877/2106
f 1910/813/1941 2603/813/2110 2604/871/2111 1912/871/1942
f 2603/813/2110 2605/813/2112 2606/871/2113 2604/871/2111
f 2605/813/2112 2401/813/1470 2402/871/1522 2606/871/2113
f 1912/871/1942 2604/871/2111 2607/850/2114 1911/850/1945
f 2604/871/2111 2606/871/2113 2608/850/2115 2607/850/2114
f 2606/871/2113 2402/871/1522 2405/850/1501 2608/850/2115
f 1918/868/1871 2570/868/2077 2609/865/2116 2019/865/1951
f 2570/868/2077 2572/868/2079 2610/865/2117 2609/865/2116
f 2572/868/2079 2313/868/1519 2411/865/1516 2610/865/2117
f 2019/865/1951 2609/865/2116 2611/864/2118 2023/864/1955
f 2609/865/2116 2610/865/2117 2612/864/2119 2611/864/2118
f 2610/865/2117 2411/865/1516 2415/864/1515 2612/864/2119
f 2027/855/1960 2613/855/2120 2565/859/2072 1919/859/1866
f 2613/855/2120 2614/855/2121 2567/859/2074 2565/859/2072
f 2614/855/2121 2420/855/1506 2308/859/1510 2567/859/2074
f 2031/856/1964 2615/856/2122 2613/855/2120 2027/855/1960
f 2615/856/2122 2616/856/2123 2614/855/2121 2613/855/2120
f 2616/856/2123 2424/856/1507 2420/855/1506 2614/855/2121
f 1911/850/1945 2607/850/2114 2617/849/2124 2035/849/1967
f 2607/850/2114 2608/850/2115 2618/849/2125 2617/849/2124
f 2608/850/2115 2405/850/1501 2428/849/1500 2618/849/2125
f 2038/848/1970 2619/848/2126 2601/847/2108 1913/847/1932
f 2619/848/2126 2620/848/2127 2602/847/2109 2601/847/2108
f 2620/848/2127 2429/848/1499 2392/847/1498 2602/847/2109
f 2059/814/1983 2621/814/2128 2603/813/2110 1910/813/1941
f 2621/814/2128 2622/814/2129 2605/813/2112 2603/813/2110
f 2622/814/2129 2449/814/1471 2401/813/1470 2605/813/2112
f 2065/804/1989 2623/804/2130 2573/803/2080 1904/803/1875
f 2623/804/2130 2624/804/2131 2575/803/2082 2573/803/2080
f 2624/804/2131 2459/804/1461 2319/803/1460 2575/803/2082
f 1908/780/1915 2595/780/2102 2627/779/2132 2076/779/1995
f 2595/780/2102 2596/780/2103 2628/779/2133 2627/779/2132
f 2596/780/2103 2363/780/1443 2478/779/1442 2628/779/2133
f 1914/756/1929 2598/756/2105 2629/755/2134 2088/755/2003
f 2598/756/2105 2600/756/2107 2630/755/2135 2629/755/2134
f 2600/756/2107 2389/756/1424 2490/755/1423 2630/755/2135
f 2631/1099/2136 2633/1100/2137 2634/1101/2138 2632/1102/2139
f 2633/1100/2137 2635/1103/2140 2636/1104/2141 2634/1101/2138
f 2635/1103/2140 2493/747/1415 2494/750/1418 2636/1104/2141
f 2640/1105/2142 2641/1106/2143 2633/1100/2137 2631/1099/2136
f 2641/1106/2143 2642/1107/2144 2635/1103/2140 2633/1100/2137
f 2642/1107/2144 2492/751/1419 2493/747/1415 2635/1103/2140
f 2643/1108/2145 2644/1109/2146 2641/1106/2143 2640/1105/2142
f 2644/1109/2146 2645/1110/2147 2642/1107/2144 2641/1106/2143
f 2645/1110/2147 2491/753/1421 2492/751/1419 2642/1107/2144
f 2646/1111/2148 2647/1112/2149 2644/1109/2146 2643/1108/2145
f 2647/1112/2149 2648/1113/2150 2645/1110/2147 2644/1109/2146
f 2648/1113/2150 2490/755/1423 2491/753/1421 2645/1110/2147
f 2649/1114/2151 2651/1115/2152 2652/1116/2153 2650/1117/2154
f 2651/1115/2152 2653/1118/2155 2654/1119/2156 2652/1116/2153
f 2653/1118/2155 2305/924/1571 2304/923/1570 2654/1119/2156
f 2650/1117/2154 2652/1116/2153 2656/1120/2157 2655/1121/2158
f 2652/1116/2153 2654/1119/2156 2657/1122/2159 2656/1120/2157
f 2654/1119/2156 2304/923/1570 2303/927/1574 2657/1122/2159
f 2655/1121/2158 2656/1120/2157 2659/1123/2160 2658/1124/2161
f 2656/1120/2157 2657/1122/2159 2660/1125/2162 2659/1123/2160
f 2657/1122/2159 2303/927/1574 2302/929/1576 2660/1125/2162
f 2658/1124/2161 2659/1123/2160 2662/1126/2163 2661/1127/2164
f 2659/1123/2160 2660/1125/2162 2663/1128/2165 2662/1126/2163
f 2660/1125/2162 2302/929/1576 2301/931/1578 2663/1128/2165
f 2664/1127/2166 2666/1126/2167 2667/1123/2168 2665/1124/2169
f 2666/1126/2167 2668/1128/2170 2669/1125/2171 2667/1123/2168
f 2668/1128/2170 1899/931/1860 1898/929/1861 2669/1125/2171
f 2665/1124/2169 2667/1123/2168 2671/1120/2172 2670/1121/2173
f 2667/1123/2168 2669/1125/2171 2672/1122/2174 2671/1120/2172
f 2669/1125/2171 1898/929/1861 1900/927/1862 2672/1122/2174
f 2670/1121/2173 2671/1120/2172 2674/1116/2175 2673/1117/2176
f 2671/1120/2172 2672/1122/2174 2675/1119/2177 2674/1116/2175
f 2672/1122/2174 1900/927/1862 1901/923/1863 2675/1119/2177
f 2673/1117/2176 2674/1116/2175 2678/1115/2178 2676/1114/2179
f 2674/1116/2175 2675/1119/2177 2680/1118/2180 2678/1115/2178
f 2675/1119/2177 1901/923/1863 1903/924/1864 2680/1118/2180
f 2682/1108/2181 2684/1109/2182 2685/1112/2183 2683/1111/2184
f 2684/1109/2182 2686/1110/2185 2687/1113/2186 2685/1112/2183
f 2686/1110/2185 2087/753/2004 2088/755/2003 2687/1113/2186
f 2688/1105/2187 2689/1106/2188 2684/1109/2182 2682/1108/2181
f 2689/1106/2188 2690/1107/2189 2686/1110/2185 2684/1109/2182
f 2690/1107/2189 2089/751/2005 2087/753/2004 2686/1110/2185
f 2691/1099/2190 2692/1100/2191 2689/1106/2188 2688/1105/2187
f 2692/1100/2191 2693/1103/2192 2690/1107/2189 2689/1106/2188
f 2693/1103/2192 2090/747/2006 2089/751/2005 2690/1107/2189
f 2694/1102/2193 2695/1101/2194 2692/1100/2191 2691/1099/2190
f 2695/1101/2194 2696/1104/2195 2693/1103/2192 2692/1100/2191
f 2696/1104/2195 2091/750/2007 2090/747/2006 2693/1103/2192
f 2697/1127/2196 2698/1126/2197 2666/1126/2167 2664/1127/2166
f 2698/1126/2197 2699/1128/2198 2668/1128/2170 2666/1126/2167
f 2699/1128/2198 2563/931/2070 1899/931/1860 2668/1128/2170
f 2700/1127/2199 2701/1126/2200 2698/1126/2197 2697/1127/2196
f 2701/1126/2200 2702/1128/2201 2699/1128/2198 2698/1126/2197
f 2702/1128/2201 2564/931/2071 2563/931/2070 2699/1128/2198
f 2661/1127/2164 2662/1126/2163 2701/1126/2200 2700/1127/2199
f 2662/1126/2163 2663/1128/2165 2702/1128/2201 2701/1126/2200
f 2663/1128/2165 2301/931/1578 2564/931/2071 2702/1128/2201
f 2683/1111/2184 2685/1112/2183 2704/1112/2202 2703/1111/2203
f 2685/1112/2183 2687/1113/2186 2705/1113/2204 2704/1112/2202
f 2687/1113/2186 2088/755/2003 2629/755/2134 2705/1113/2204
f 2703/1111/2203 2704/1112/2202 2707/1112/2205 2706/1111/2206
f 2704/1112/2202 2705/1113/2204 2708/1113/2207 2707/1112/2205
f 2705/1113/2204 2629/755/2134 2630/755/2135 2708/1113/2207
f 2706/1111/2206 2707/1112/2205 2647/1112/2149 2646/1111/2148
f 2707/1112/2205 2708/1113/2207 2648/1113/2150 2647/1112/2149
f 2708/1113/2207 2630/755/2135 2490/755/1423 2648/1113/2150
f 2474/1129/1425 2709/1130/1425 2710/1131/1425 2477/1132/1425
f 2709/1130/1425 2488/757/1425 2489/760/1425 2710/1131/1425
f 2456/1133/2208 2712/1134/2209 2713/1135/1425 2475/1136/1425
f 2712/1134/2209 2481/761/1426 2487/764/1425 2713/1135/1425
f 2475/1136/1425 2713/1135/1425 2709/1130/1425 2474/1129/1425
f 2713/1135/1425 2487/764/1425 2488/757/1425 2709/1130/1425
f 2471/1137/2210 2714/1138/2211 2715/1139/2212 2467/1140/2213
f 2714/1138/2211 2486/765/1428 2484/768/1431 2715/1139/2212
f 2469/1141/2214 2716/1142/2215 2714/1138/2211 2471/1137/2210
f 2716/1142/2215 2485/769/1432 2486/765/1428 2714/1138/2211
f 2460/1143/2216 2717/1144/2217 2716/1142/2215 2469/1141/2214
f 2717/1144/2217 2479/771/1434 2485/769/1432 2716/1142/2215
f 2467/1140/2213 2715/1139/2212 2718/1145/2218 2465/1146/2219
f 2715/1139/2212 2484/768/1431 2483/774/1437 2718/1145/2218
f 2465/1146/2219 2718/1145/2218 2719/1147/2220 2463/1148/2221
f 2718/1145/2218 2483/774/1437 2482/776/1439 2719/1147/2220
f 2463/1148/2221 2719/1147/2220 2720/1149/2222 2457/1150/2223
f 2719/1147/2220 2482/776/1439 2480/778/1441 2720/1149/2222
f 2457/1150/2223 2720/1149/2222 2712/1134/2209 2456/1133/2208
f 2720/1149/2222 2480/778/1441 2481/761/1426 2712/1134/2209
f 2461/1151/2224 2721/1152/2225 2717/1144/2217 2460/1143/2216
f 2721/1152/2225 2478/779/1442 2479/771/1434 2717/1144/2217
f 2286/1153/1425 2722/1154/1425 2723/1155/1425 2283/1156/1425
f 2722/1154/1425 2299/934/1425 2298/933/1425 2723/1155/1425
f 2282/1157/1425 2724/1158/1425 2725/1159/2226 2265/1160/2227
f 2724/1158/1425 2297/938/1425 2291/937/1580 2725/1159/2226
f 2283/1156/1425 2723/1155/1425 2724/1158/1425 2282/1157/1425
f 2723/1155/1425 2298/933/1425 2297/938/1425 2724/1158/1425
f 2275/1161/2228 2726/1162/2229 2727/1163/2230 2279/1164/2231
f 2726/1162/2229 2294/942/1583 2296/941/1582 2727/1163/2230
f 2279/1164/2231 2727/1163/2230 2728/1165/2232 2277/1166/2233
f 2727/1163/2230 2296/941/1582 2295/945/1586 2728/1165/2232
f 2277/1166/2233 2728/1165/2232 2729/1167/2234 2269/1168/2235
f 2728/1165/2232 2295/945/1586 2289/947/1588 2729/1167/2234
f 2273/1169/2236 2730/1170/2237 2726/1162/2229 2275/1161/2228
f 2730/1170/2237 2293/949/1590 2294/942/1583 2726/1162/2229
f 2271/1171/2238 2731/1172/2239 2730/1170/2237 2273/1169/2236
f 2731/1172/2239 2292/951/1592 2293/949/1590 2730/1170/2237
f 2264/1173/2240 2732/1174/2241 2731/1172/2239 2271/1171/2238
f 2732/1174/2241 2290/953/1594 2292/951/1592 2731/1172/2239
f 2265/1160/2227 2725/1159/2226 2732/1174/2241 2264/1173/2240
f 2725/1159/2226 2291/937/1580 2290/953/1594 2732/1174/2241
f 2269/1168/2235 2729/1167/2234 2733/1175/2242 2268/1176/2243
f 2729/1167/2234 2289/947/1588 2288/955/1596 2733/1175/2242
f 1746/1176/2244 2734/1175/2245 2735/1167/2246 1745/1168/2247
f 2734/1175/2245 1886/955/1852 1885/947/1853 2735/1167/2246
f 1727/1173/2248 2736/1174/2249 2737/1159/2250 1728/1160/2250
f 2736/1174/2249 1888/953/1854 1887/937/1729 2737/1159/2250
f 1756/1171/2251 2738/1172/2252 2736/1174/2249 1727/1173/2248
f 2738/1172/2252 1889/951/1855 1888/953/1854 2736/1174/2249
f 1759/1169/2253 2739/1170/2254 2738/1172/2252 1756/1171/2251
f 2739/1170/2254 1890/949/1856 1889/951/1855 2738/1172/2252
f 1762/1161/2255 2740/1162/2256 2739/1170/2254 1759/1169/2253
f 2740/1162/2256 1891/942/1857 1890/949/1856 2739/1170/2254
f 1745/1168/2247 2735/1167/2246 2741/1165/2257 1796/1166/2258
f 2735/1167/2246 1885/947/1853 1892/945/1858 2741/1165/2257
f 1796/1166/2258 2741/1165/2257 2742/1163/2259 1798/1164/2260
f 2741/1165/2257 1892/945/1858 1893/941/1859 2742/1163/2259
f 1798/1164/2260 2742/1163/2259 2740/1162/2256 1762/1161/2255
f 2742/1163/2259 1893/941/1859 1891/942/1857 2740/1162/2256
f 1807/1157/1729 2743/1158/1729 2744/1155/1729 1730/1156/1729
f 2743/1158/1729 1895/938/1729 1894/933/1729 2744/1155/1729
f 1728/1160/2250 2737/1159/2250 2743/1158/1729 1807/1157/1729
f 2737/1159/2250 1887/937/1729 1895/938/1729 2743/1158/1729
f 1730/1156/1729 2744/1155/1729 2745/1154/1729 1852/1153/1729
f 2744/1155/1729 1894/933/1729 1897/934/1729 2745/1154/1729
f 1949/1143/2261 2747/1144/2262 2748/1152/2263 1950/1151/2264
f 2747/1144/2262 2075/771/1996 2076/779/1995 2748/1152/2263
f 1935/1133/2250 2749/1134/2250 2750/1149/2265 1934/1150/2266
f 2749/1134/2250 2077/761/1729 2078/778/1997 2750/1149/2265
f 1934/1150/2266 2750/1149/2265 2751/1147/2267 1958/1148/2268
f 2750/1149/2265 2078/778/1997 2079/776/1998 2751/1147/2267
f 1958/1148/2268 2751/1147/2267 2752/1145/2269 1961/1146/2270
f 2751/1147/2267 2079/776/1998 2080/774/1999 2752/1145/2269
f 1961/1146/2270 2752/1145/2269 2753/1139/2271 1964/1140/2272
f 2752/1145/2269 2080/774/1999 2081/768/2000 2753/1139/2271
f 1996/1141/2273 2754/1142/2274 2747/1144/2262 1949/1143/2261
f 2754/1142/2274 2082/769/2001 2075/771/1996 2747/1144/2262
f 1998/1137/2275 2755/1138/2276 2754/1142/2274 1996/1141/2273
f 2755/1138/2276 2083/765/2002 2082/769/2001 2754/1142/2274
f 1964/1140/2272 2753/1139/2271 2755/1138/2276 1998/1137/2275
f 2753/1139/2271 2081/768/2000 2083/765/2002 2755/1138/2276
f 1936/1129/1729 2756/1130/1729 2757/1135/1729 2007/1136/1729
f 2756/1130/1729 2084/757/1729 2085/764/1729 2757/1135/1729
f 2007/1136/1729 2757/1135/1729 2749/1134/2250 1935/1133/2250
f 2757/1135/1729 2085/764/1729 2077/761/1729 2749/1134/2250
f 2044/1132/1729 2758/1131/1729 2756/1130/1729 1936/1129/1729
f 2758/1131/1729 2086/760/1729 2084/757/1729 2756/1130/1729
f 2559/1176/2277 2759/1175/2278 2734/1175/2245 1746/1176/2244
f 2759/1175/2278 2561/955/2068 1886/955/1852 2734/1175/2245
f 2560/1176/2279 2760/1175/2280 2759/1175/2278 2559/1176/2277
f 2760/1175/2280 2562/955/2069 2561/955/2068 2759/1175/2278
f 2268/1176/2243 2733/1175/2242 2760/1175/2280 2560/1176/2279
f 2733/1175/2242 2288/955/1596 2562/955/2069 2760/1175/2280
f 1950/1151/2264 2748/1152/2263 2761/1152/2281 2625/1151/2282
f 2748/1152/2263 2076/779/1995 2627/779/2132 2761/1152/2281
f 2625/1151/2282 2761/1152/2281 2762/1152/2283 2626/1151/2284
f 2761/1152/2281 2627/779/2132 2628/779/2133 2762/1152/2283
f 2626/1151/2284 2762/1152/2283 2721/1152/2225 2461/1151/2224
f 2762/1152/2283 2628/779/2133 2478/779/1442 2721/1152/2225
f 2472/784/1425 2763/1177/1425 2764/1178/1425 2476/781/1425
f 2763/1177/1425 2474/1129/1425 2477/1132/1425 2764/1178/1425
f 2454/788/1445 2766/1179/2285 2767/1180/1425 2473/785/1425
f 2766/1179/2285 2456/1133/2208 2475/1136/1425 2767/1180/1425
f 2473/785/1425 2767/1180/1425 2763/1177/1425 2472/784/1425
f 2767/1180/1425 2475/1136/1425 2474/1129/1425 2763/1177/1425
f 2470/792/1449 2768/1181/2286 2769/1182/2287 2466/789/1446
f 2768/1181/2286 2471/1137/2210 2467/1140/2213 2769/1182/2287
f 2468/794/1451 2770/1183/2288 2768/1181/2286 2470/792/1449
f 2770/1183/2288 2469/1141/2214 2471/1137/2210 2768/1181/2286
f 2458/796/1453 2771/1184/2289 2770/1183/2288 2468/794/1451
f 2771/1184/2289 2460/1143/2216 2469/1141/2214 2770/1183/2288
f 2466/789/1446 2769/1182/2287 2772/1185/2290 2464/797/1454
f 2769/1182/2287 2467/1140/2213 2465/1146/2219 2772/1185/2290
f 2464/797/1454 2772/1185/2290 2773/1186/2291 2462/799/1456
f 2772/1185/2290 2465/1146/2219 2463/1148/2221 2773/1186/2291
f 2462/799/1456 2773/1186/2291 2774/1187/2292 2455/801/1458
f 2773/1186/2291 2463/1148/2221 2457/1150/2223 2774/1187/2292
f 2459/804/1461 2775/1188/2293 2771/1184/2289 2458/796/1453
f 2775/1188/2293 2461/1151/2224 2460/1143/2216 2771/1184/2289
f 2455/801/1458 2774/1187/2292 2766/1179/2285 2454/788/1445
f 2774/1187/2292 2457/1150/2223 2456/1133/2208 2766/1179/2285
f 2285/957/1425 2776/1189/1425 2777/1190/1425 2280/958/1425
f 2776/1189/1425 2286/1153/1425 2283/1156/1425 2777/1190/1425
f 2281/961/1425 2778/1191/1425 2779/1192/2294 2262/962/1598
f 2778/1191/1425 2282/1157/1425 2265/1160/2227 2779/1192/2294
f 2280/958/1425 2777/1190/1425 2778/1191/1425 2281/961/1425
f 2777/1190/1425 2283/1156/1425 2282/1157/1425 2778/1191/1425
f 2274/965/1600 2780/1193/2295 2781/1194/2296 2278/966/1601
f 2780/1193/2295 2275/1161/2228 2279/1164/2231 2781/1194/2296
f 2278/966/1601 2781/1194/2296 2782/1195/2297 2276/969/1604
f 2781/1194/2296 2279/1164/2231 2277/1166/2233 2782/1195/2297
f 2276/969/1604 2782/1195/2297 2783/1196/2298 2266/971/1606
f 2782/1195/2297 2277/1166/2233 2269/1168/2235 2783/1196/2298
f 2272/973/1608 2784/1197/2299 2780/1193/2295 2274/965/1600
f 2784/1197/2299 2273/1169/2236 2275/1161/2228 2780/1193/2295
f 2270/975/1610 2785/1198/2300 2784/1197/2299 2272/973/1608
f 2785/1198/2300 2271/1171/2238 2273/1169/2236 2784/1197/2299
f 2263/977/1612 2786/1199/2301 2785/1198/2300 2270/975/1610
f 2786/1199/2301 2264/1173/2240 2271/1171/2238 2785/1198/2300
f 2266/971/1606 2783/1196/2298 2787/1200/2302 2267/979/1614
f 2783/1196/2298 2269/1168/2235 2268/1176/2243 2787/1200/2302
f 2262/962/1598 2779/1192/2294 2786/1199/2301 2263/977/1612
f 2779/1192/2294 2265/1160/2227 2264/1173/2240 2786/1199/2301
f 1872/977/1844 2788/1199/2303 2789/1192/1729 1873/962/1729
f 2788/1199/2303 1727/1173/2248 1728/1160/2250 2789/1192/1729
f 1874/979/1846 2790/1200/2304 2791/1196/2305 1875/971/1845
f 2790/1200/2304 1746/1176/2244 1745/1168/2247 2791/1196/2305
f 1876/975/1847 2792/1198/2306 2788/1199/2303 1872/977/1844
f 2792/1198/2306 1756/1171/2251 1727/1173/2248 2788/1199/2303
f 1877/973/1848 2793/1197/2307 2792/1198/2306 1876/975/1847
f 2793/1197/2307 1759/1169/2253 1756/1171/2251 2792/1198/2306
f 1878/965/1849 2794/1193/2308 2793/1197/2307 1877/973/1848
f 2794/1193/2308 1762/1161/2255 1759/1169/2253 2793/1197/2307
f 1875/971/1845 2791/1196/2305 2795/1195/2309 1879/969/1850
f 2791/1196/2305 1745/1168/2247 1796/1166/2258 2795/1195/2309
f 1879/969/1850 2795/1195/2309 2796/1194/2310 1880/966/1851
f 2795/1195/2309 1796/1166/2258 1798/1164/2260 2796/1194/2310
f 1880/966/1851 2796/1194/2310 2794/1193/2308 1878/965/1849
f 2796/1194/2310 1798/1164/2260 1762/1161/2255 2794/1193/2308
f 1881/961/1729 2797/1191/1729 2798/1190/1729 1882/958/1729
f 2797/1191/1729 1807/1157/1729 1730/1156/1729 2798/1190/1729
f 1873/962/1729 2789/1192/1729 2797/1191/1729 1881/961/1729
f 2789/1192/1729 1728/1160/2250 1807/1157/1729 2797/1191/1729
f 1882/958/1729 2798/1190/1729 2799/1189/1729 1884/957/1729
f 2798/1190/1729 1730/1156/1729 1852/1153/1729 2799/1189/1729
f 2064/788/1729 2801/1179/1729 2802/1187/2311 2063/801/1987
f 2801/1179/1729 1935/1133/2250 1934/1150/2266 2802/1187/2311
f 2066/796/1988 2803/1184/2312 2804/1188/2313 2065/804/1989
f 2803/1184/2312 1949/1143/2261 1950/1151/2264 2804/1188/2313
f 2063/801/1987 2802/1187/2311 2805/1186/2314 2067/799/1990
f 2802/1187/2311 1934/1150/2266 1958/1148/2268 2805/1186/2314
f 2067/799/1990 2805/1186/2314 2806/1185/2315 2068/797/1991
f 2805/1186/2314 1958/1148/2268 1961/1146/2270 2806/1185/2315
f 2068/797/1991 2806/1185/2315 2807/1182/2316 2069/789/1992
f 2806/1185/2315 1961/1146/2270 1964/1140/2272 2807/1182/2316
f 2070/794/1993 2808/1183/2317 2803/1184/2312 2066/796/1988
f 2808/1183/2317 1996/1141/2273 1949/1143/2261 2803/1184/2312
f 2071/792/1994 2809/1181/2318 2808/1183/2317 2070/794/1993
f 2809/1181/2318 1998/1137/2275 1996/1141/2273 2808/1183/2317
f 2069/789/1992 2807/1182/2316 2809/1181/2318 2071/792/1994
f 2807/1182/2316 1964/1140/2272 1998/1137/2275 2809/1181/2318
f 2073/784/1729 2810/1177/1729 2811/1180/1729 2072/785/1729
f 2810/1177/1729 1936/1129/1729 2007/1136/1729 2811/1180/1729
f 2072/785/1729 2811/1180/1729 2801/1179/1729 2064/788/1729
f 2811/1180/1729 2007/1136/1729 1935/1133/2250 2801/1179/1729
f 2074/781/1729 2812/1178/1729 2810/1177/1729 2073/784/1729
f 2812/1178/1729 2044/1132/1729 1936/1129/1729 2810/1177/1729
f 2557/979/2066 2813/1200/2319 2790/1200/2304 1874/979/1846
f 2813/1200/2319 2559/1176/2277 1746/1176/2244 2790/1200/2304
f 2558/979/2067 2814/1200/2320 2813/1200/2319 2557/979/2066
f 2814/1200/2320 2560/1176/2279 2559/1176/2277 2813/1200/2319
f 2267/979/1614 2787/1200/2302 2814/1200/2320 2558/979/2067
f 2787/1200/2302 2268/1176/2243 2560/1176/2279 2814/1200/2320
f 2065/804/1989 2804/1188/2313 2815/1188/2321 2623/804/2130
f 2804/1188/2313 1950/1151/2264 2625/1151/2282 2815/1188/2321
f 2623/804/2130 2815/1188/2321 2816/1188/2322 2624/804/2131
f 2815/1188/2321 2625/1151/2282 2626/1151/2284 2816/1188/2322
f 2624/804/2131 2816/1188/2322 2775/1188/2293 2459/804/1461
f 2816/1188/2322 2626/1151/2284 2461/1151/2224 2775/1188/2293
f 2984/1201/2323 2448/818/1475 2426/817/1474 2983/1202/2324
f 2983/1202/2324 2631/1099/2136 2632/1102/2139 2984/1201/2323
f 2983/1202/2324 2426/817/1474 2425/852/1503 2985/1203/2325
f 2985/1203/2325 2640/1105/2142 2631/1099/2136 2983/1202/2324
f 2985/1203/2325 2425/852/1503 2423/854/1505 2986/1204/2326
f 2986/1204/2326 2643/1108/2145 2640/1105/2142 2985/1203/2325
f 2986/1204/2326 2423/854/1505 2424/856/1507 2987/1205/2327
f 2987/1205/2327 2646/1111/2148 2643/1108/2145 2986/1204/2326
f 2989/1206/2328 2211/993/1628 2254/992/1627 2988/1207/2329
f 2988/1207/2329 2649/1114/2151 2650/1117/2154 2989/1206/2328
f 2990/1208/2330 2210/1027/1654 2211/993/1628 2989/1206/2328
f 2989/1206/2328 2650/1117/2154 2655/1121/2158 2990/1208/2330
f 2991/1209/2331 2208/1029/1656 2210/1027/1654 2990/1208/2330
f 2990/1208/2330 2655/1121/2158 2658/1124/2161 2991/1209/2331
f 2992/1210/2332 2209/1031/1658 2208/1029/1656 2991/1209/2331
f 2991/1209/2331 2658/1124/2161 2661/1127/2164 2992/1210/2332
f 2994/1209/2333 1839/1029/1820 1838/1031/1821 2993/1210/2334
f 2993/1210/2334 2664/1127/2166 2665/1124/2169 2994/1209/2333
f 2995/1208/2335 1840/1027/1822 1839/1029/1820 2994/1209/2333
f 2994/1209/2333 2665/1124/2169 2670/1121/2173 2995/1208/2335
f 2996/1206/2336 1841/993/1823 1840/1027/1822 2995/1208/2335
f 2995/1208/2335 2670/1121/2173 2673/1117/2176 2996/1206/2336
f 2997/1207/2337 1865/992/1838 1841/993/1823 2996/1206/2336
f 2996/1206/2336 2673/1117/2176 2676/1114/2179 2997/1207/2337
f 2999/1205/2338 2031/856/1964 2032/854/1963 2998/1204/2339
f 2998/1204/2339 2682/1108/2181 2683/1111/2184 2999/1205/2338
f 2998/1204/2339 2032/854/1963 2033/852/1965 3000/1203/2340
f 3000/1203/2340 2688/1105/2187 2682/1108/2181 2998/1204/2339
f 3000/1203/2340 2033/852/1965 2034/817/1966 3001/1202/2341
f 3001/1202/2341 2691/1099/2190 2688/1105/2187 3000/1203/2340
f 3001/1202/2341 2034/817/1966 2057/818/1981 3002/1201/2342
f 3002/1201/2342 2694/1102/2193 2691/1099/2190 3001/1202/2341
f 2993/1210/2334 1838/1031/1821 2545/1031/2058 3003/1210/2343
f 3003/1210/2343 2697/1127/2196 2664/1127/2166 2993/1210/2334
f 3003/1210/2343 2545/1031/2058 2546/1031/2059 3004/1210/2344
f 3004/1210/2344 2700/1127/2199 2697/1127/2196 3003/1210/2343
f 3004/1210/2344 2546/1031/2059 2209/1031/1658 2992/1210/2332
f 2992/1210/2332 2661/1127/2164 2700/1127/2199 3004/1210/2344
f 3005/1205/2345 2615/856/2122 2031/856/1964 2999/1205/2338
f 2999/1205/2338 2683/1111/2184 2703/1111/2203 3005/1205/2345
f 3006/1205/2346 2616/856/2123 2615/856/2122 3005/1205/2345
f 3005/1205/2345 2703/1111/2203 2706/1111/2206 3006/1205/2346
f 2987/1205/2327 2424/856/1507 2616/856/2123 3006/1205/2346
f 3006/1205/2346 2706/1111/2206 2646/1111/2148 2987/1205/2327
f 2452/808/1465 3013/1211/2347 3014/1212/2348 2453/805/1462
f 3013/1211/2347 2954/1213/2349 2953/1214/2350 3014/1212/2348
f 2451/810/1467 3015/1215/2351 3013/1211/2347 2452/808/1465
f 3015/1215/2351 2955/1216/2352 2954/1213/2349 3013/1211/2347
f 2450/812/1469 3016/1217/2353 3015/1215/2351 2451/810/1467
f 3016/1217/2353 2956/1218/2354 2955/1216/2352 3015/1215/2351
f 2449/814/1471 3017/1219/2355 3016/1217/2353 2450/812/1469
f 3017/1219/2355 2957/1220/2356 2956/1218/2354 3016/1217/2353
f 2260/981/1616 3018/1221/2357 3019/1222/2358 2259/982/1617
f 3018/1221/2357 2959/1223/2359 2958/1224/2360 3019/1222/2358
f 2259/982/1617 3019/1222/2358 3020/1225/2361 2258/985/1620
f 3019/1222/2358 2958/1224/2360 2960/1226/2362 3020/1225/2361
f 2258/985/1620 3020/1225/2361 3021/1227/2363 2257/987/1622
f 3020/1225/2361 2960/1226/2362 2961/1228/2364 3021/1227/2363
f 2257/987/1622 3021/1227/2363 3022/1229/2365 2256/989/1624
f 3021/1227/2363 2961/1228/2364 2962/1230/2366 3022/1229/2365
f 1867/989/1840 3023/1229/2367 3024/1227/2368 1866/987/1839
f 3023/1229/2367 2964/1230/2369 2963/1228/2370 3024/1227/2368
f 1866/987/1839 3024/1227/2368 3025/1225/2371 1868/985/1841
f 3024/1227/2368 2963/1228/2370 2965/1226/2372 3025/1225/2371
f 1868/985/1841 3025/1225/2371 3026/1222/2373 1869/982/1842
f 3025/1225/2371 2965/1226/2372 2966/1224/2374 3026/1222/2373
f 1869/982/1842 3026/1222/2373 3027/1221/2375 1871/981/1843
f 3026/1222/2373 2966/1224/2374 2967/1223/2376 3027/1221/2375
f 2058/812/1982 3028/1217/2377 3029/1219/2378 2059/814/1983
f 3028/1217/2377 2969/1218/2379 2968/1220/2380 3029/1219/2378
f 2060/810/1984 3030/1215/2381 3028/1217/2377 2058/812/1982
f 3030/1215/2381 2970/1216/2382 2969/1218/2379 3028/1217/2377
f 2061/808/1985 3031/1211/2383 3030/1215/2381 2060/810/1984
f 3031/1211/2383 2971/1213/2384 2970/1216/2382 3030/1215/2381
f 2062/805/1986 3032/1212/2385 3031/1211/2383 2061/808/1985
f 3032/1212/2385 2972/1214/2386 2971/1213/2384 3031/1211/2383
f 2555/989/2064 3033/1229/2387 3023/1229/2367 1867/989/1840
f 3033/1229/2387 2973/1230/2388 2964/1230/2369 3023/1229/2367
f 2556/989/2065 3034/1229/2389 3033/1229/2387 2555/989/2064
f 3034/1229/2389 2974/1230/2388 2973/1230/2388 3033/1229/2387
f 2256/989/1624 3022/1229/2365 3034/1229/2389 2556/989/2065
f 3022/1229/2365 2962/1230/2366 2974/1230/2388 3034/1229/2389
f 2059/814/1983 3029/1219/2378 3035/1219/2390 2621/814/2128
f 3029/1219/2378 2968/1220/2380 2975/1220/2391 3035/1219/2390
f 2621/814/2128 3035/1219/2390 3036/1219/2392 2622/814/2129
f 3035/1219/2390 2975/1220/2391 2976/1220/2393 3036/1219/2392
f 2622/814/2129 3036/1219/2392 3017/1219/2355 2449/814/1471
f 3036/1219/2392 2976/1220/2393 2957/1220/2356 3017/1219/2355
f 2954/1213/2349 3043/1231/2394 3044/1232/2395 2953/1214/2350
f 3043/1231/2394 2418/822/1479 2446/821/1478 3044/1232/2395
f 2955/1216/2352 3045/1233/2396 3043/1231/2394 2954/1213/2349
f 3045/1233/2396 2417/860/1511 2418/822/1479 3043/1231/2394
f 2956/1218/2354 3046/1234/2397 3045/1233/2396 2955/1216/2352
f 3046/1234/2397 2416/862/1513 2417/860/1511 3045/1233/2396
f 2957/1220/2356 3047/1235/2398 3046/1234/2397 2956/1218/2354
f 3047/1235/2398 2415/864/1515 2416/862/1513 3046/1234/2397
f 2959/1223/2359 3048/1236/2399 3049/1237/2400 2958/1224/2360
f 3048/1236/2399 2251/997/1632 2203/1000/1635 3049/1237/2400
f 2958/1224/2360 3049/1237/2400 3050/1238/2401 2960/1226/2362
f 3049/1237/2400 2203/1000/1635 2202/1036/1663 3050/1238/2401
f 2960/1226/2362 3050/1238/2401 3051/1239/2402 2961/1228/2364
f 3050/1238/2401 2202/1036/1663 2201/1038/1665 3051/1239/2402
f 2961/1228/2364 3051/1239/2402 3052/1240/2403 2962/1230/2366
f 3051/1239/2402 2201/1038/1665 2200/1040/1667 3052/1240/2403
f 2964/1230/2369 3053/1240/2404 3054/1239/2405 2963/1228/2370
f 3053/1240/2404 1828/1040/1812 1829/1038/1813 3054/1239/2405
f 2963/1228/2370 3054/1239/2405 3055/1238/2406 2965/1226/2372
f 3054/1239/2405 1829/1038/1813 1830/1036/1814 3055/1238/2406
f 2965/1226/2372 3055/1238/2406 3056/1237/2407 2966/1224/2374
f 3055/1238/2406 1830/1036/1814 1831/1000/1815 3056/1237/2407
f 2966/1224/2374 3056/1237/2407 3057/1236/2408 2967/1223/2376
f 3056/1237/2407 1831/1000/1815 1863/997/1836 3057/1236/2408
f 2969/1218/2379 3058/1234/2409 3059/1235/2410 2968/1220/2380
f 3058/1234/2409 2024/862/1956 2023/864/1955 3059/1235/2410
f 2970/1216/2382 3060/1233/2411 3058/1234/2409 2969/1218/2379
f 3060/1233/2411 2025/860/1957 2024/862/1956 3058/1234/2409
f 2971/1213/2384 3061/1231/2412 3060/1233/2411 2970/1216/2382
f 3061/1231/2412 2026/822/1958 2025/860/1957 3060/1233/2411
f 2972/1214/2386 3062/1232/2413 3061/1231/2412 2971/1213/2384
f 3062/1232/2413 2055/821/1979 2026/822/1958 3061/1231/2412
f 2973/1230/2388 3063/1240/2414 3053/1240/2404 2964/1230/2369
f 3063/1240/2414 2541/1040/2054 1828/1040/1812 3053/1240/2404
f 2974/1230/2388 3064/1240/2415 3063/1240/2414 2973/1230/2388
f 3064/1240/2415 2542/1040/2055 2541/1040/2054 3063/1240/2414
f 2962/1230/2366 3052/1240/2403 3064/1240/2415 2974/1230/2388
f 3052/1240/2403 2200/1040/1667 2542/1040/2055 3064/1240/2415
f 2968/1220/2380 3059/1235/2410 3065/1235/2416 2975/1220/2391
f 3059/1235/2410 2023/864/1955 2611/864/2118 3065/1235/2416
f 2975/1220/2391 3065/1235/2416 3066/1235/2417 2976/1220/2393
f 3065/1235/2416 2611/864/2118 2612/864/2119 3066/1235/2417
f 2976/1220/2393 3066/1235/2417 3047/1235/2398 2957/1220/2356
f 3066/1235/2417 2612/864/2119 2415/864/1515 3047/1235/2398
f 2885/1241/2418 3073/1242/2419 3074/1243/2420 2886/1244/2421
f 3073/1242/2419 2241/925/1572 2305/924/1571 3074/1243/2420
f 2887/1245/1425 3075/1246/1425 3076/1247/1425 2888/1248/1425
f 3075/1246/1425 2235/935/1425 2299/934/1425 3076/1247/1425
f 2889/1249/1425 3077/1250/1425 3078/1251/1425 2890/1252/1425
f 3077/1250/1425 2285/957/1425 2228/960/1425 3078/1251/1425
f 2891/1253/2422 3079/1254/2423 3080/1255/2424 2892/1256/2425
f 3079/1254/2423 2260/981/1616 2246/984/1619 3080/1255/2424
f 2894/1257/2426 3081/1258/2427 3082/1259/2428 2895/1260/2429
f 3081/1258/2427 2254/992/1627 2252/991/1626 3082/1259/2428
f 2895/1260/2429 3082/1259/2428 3083/1261/2430 2896/1262/2431
f 3082/1259/2428 2252/991/1626 2236/995/1630 3083/1261/2430
f 2897/1263/2432 3084/1264/2433 3085/1265/2434 2893/1266/2435
f 3084/1264/2433 2249/998/1633 2251/997/1632 3085/1265/2434
f 2898/1267/2436 3086/1268/2437 3084/1264/2433 2897/1263/2432
f 3086/1268/2437 2243/1001/1636 2249/998/1633 3084/1264/2433
f 2892/1256/2425 3080/1255/2424 3087/1269/2438 2899/1270/2439
f 3080/1255/2424 2246/984/1619 2244/1003/1638 3087/1269/2438
f 2899/1270/2439 3087/1269/2438 3088/1271/2440 2900/1272/2441
f 3087/1269/2438 2244/1003/1638 2212/1005/1640 3088/1271/2440
f 2901/1273/2442 3089/1274/2443 3086/1268/2437 2898/1267/2436
f 3089/1274/2443 2223/1007/1642 2243/1001/1636 3086/1268/2437
f 2902/1275/2444 3090/1276/2445 3073/1242/2419 2885/1241/2418
f 3090/1276/2445 2239/1009/1644 2241/925/1572 3073/1242/2419
f 2903/1277/2446 3091/1278/2447 3090/1276/2445 2902/1275/2444
f 3091/1278/2447 2219/1011/1646 2239/1009/1644 3090/1276/2445
f 2896/1262/2431 3083/1261/2430 3092/1279/2448 2904/1280/2449
f 3083/1261/2430 2236/995/1630 2224/1013/1648 3092/1279/2448
f 2905/1281/1425 3093/1282/1425 3075/1246/1425 2887/1245/1425
f 3093/1282/1425 2233/1015/1425 2235/935/1425 3075/1246/1425
f 2906/1283/2450 3094/1284/2451 3093/1282/1425 2905/1281/1425
f 3094/1284/2451 2227/1017/1497 2233/1015/1425 3093/1282/1425
f 2907/1285/1425 3095/1286/1425 3096/1287/1425 2908/1288/1425
f 3095/1286/1425 2231/1020/1425 2220/1019/1425 3096/1287/1425
f 2890/1252/1425 3078/1251/1425 3095/1286/1425 2907/1285/1425
f 3078/1251/1425 2228/960/1425 2231/1020/1425 3095/1286/1425
f 2904/1280/2449 3092/1279/2448 3094/1284/2451 2906/1283/2450
f 3092/1279/2448 2224/1013/1648 2227/1017/1497 3094/1284/2451
f 2908/1288/1425 3096/1287/1425 3089/1274/2443 2901/1273/2442
f 3096/1287/1425 2220/1019/1425 2223/1007/1642 3089/1274/2443
f 2909/1289/2452 3097/1290/2453 3091/1278/2447 2903/1277/2446
f 3097/1290/2453 2216/1023/1650 2219/1011/1646 3091/1278/2447
f 2900/1272/2441 3088/1271/2440 3098/1291/2454 2910/1292/2455
f 3088/1271/2440 2212/1005/1640 2215/1025/1652 3098/1291/2454
f 2911/1292/2456 3099/1291/2457 3100/1271/2458 2912/1272/2459
f 3099/1291/2457 1843/1025/1824 1844/1005/1825 3100/1271/2458
f 2913/1277/2460 3101/1278/2461 3102/1290/2462 2914/1289/2463
f 3101/1278/2461 1845/1011/1826 1846/1023/1827 3102/1290/2462
f 2915/1273/2464 3103/1274/2465 3104/1287/1729 2916/1288/1729
f 3103/1274/2465 1847/1007/1780 1848/1019/1729 3104/1287/1729
f 2917/1283/1729 3105/1284/1729 3106/1279/2466 2918/1280/2467
f 3105/1284/1729 1849/1017/1729 1850/1013/1828 3106/1279/2466
f 2919/1285/1729 3107/1286/1729 3108/1251/1729 2920/1252/1729
f 3107/1286/1729 1854/1020/1729 1851/960/1729 3108/1251/1729
f 2916/1288/1729 3104/1287/1729 3107/1286/1729 2919/1285/1729
f 3104/1287/1729 1848/1019/1729 1854/1020/1729 3107/1286/1729
f 2921/1281/1729 3109/1282/1729 3105/1284/1729 2917/1283/1729
f 3109/1282/1729 1855/1015/1729 1849/1017/1729 3105/1284/1729
f 2922/1245/1729 3110/1246/1729 3109/1282/1729 2921/1281/1729
f 3110/1246/1729 1853/935/1729 1855/1015/1729 3109/1282/1729
f 2918/1280/2467 3106/1279/2466 3111/1261/2468 2923/1262/2469
f 3106/1279/2466 1850/1013/1828 1856/995/1829 3111/1261/2468
f 2924/1275/2470 3112/1276/2471 3101/1278/2461 2913/1277/2460
f 3112/1276/2471 1857/1009/1830 1845/1011/1826 3101/1278/2461
f 2925/1241/2472 3113/1242/2473 3112/1276/2471 2924/1275/2470
f 3113/1242/2473 1858/925/1831 1857/1009/1830 3112/1276/2471
f 2926/1267/2474 3114/1268/2475 3103/1274/2465 2915/1273/2464
f 3114/1268/2475 1859/1001/1832 1847/1007/1780 3103/1274/2465
f 2912/1272/2459 3100/1271/2458 3115/1269/2476 2927/1270/2477
f 3100/1271/2458 1844/1005/1825 1860/1003/1833 3115/1269/2476
f 2927/1270/2477 3115/1269/2476 3116/1255/2478 2928/1256/2479
f 3115/1269/2476 1860/1003/1833 1861/984/1834 3116/1255/2478
f 2929/1263/2480 3117/1264/2481 3114/1268/2475 2926/1267/2474
f 3117/1264/2481 1862/998/1835 1859/1001/1832 3114/1268/2475
f 2930/1266/2482 3118/1265/2483 3117/1264/2481 2929/1263/2480
f 3118/1265/2483 1863/997/1836 1862/998/1835 3117/1264/2481
f 2923/1262/2469 3111/1261/2468 3119/1259/2484 2931/1260/2485
f 3111/1261/2468 1856/995/1829 1864/991/1837 3119/1259/2484
f 2931/1260/2485 3119/1259/2484 3120/1258/2486 2932/1257/2487
f 3119/1259/2484 1864/991/1837 1865/992/1838 3120/1258/2486
f 2928/1256/2479 3116/1255/2478 3121/1254/2488 2933/1253/2489
f 3116/1255/2478 1861/984/1834 1871/981/1843 3121/1254/2488
f 2920/1252/1729 3108/1251/1729 3122/1250/1729 2934/1249/1729
f 3108/1251/1729 1851/960/1729 1884/957/1729 3122/1250/1729
f 2935/1248/1729 3123/1247/1729 3110/1246/1729 2922/1245/1729
f 3123/1247/1729 1897/934/1729 1853/935/1729 3110/1246/1729
f 2936/1244/2490 3124/1243/2491 3113/1242/2473 2925/1241/2472
f 3124/1243/2491 1903/924/1864 1858/925/1831 3113/1242/2473
f 2937/1292/2492 3125/1291/2493 3099/1291/2457 2911/1292/2456
f 3125/1291/2493 2548/1025/2060 1843/1025/1824 3099/1291/2457
f 2938/1292/2494 3126/1291/2495 3125/1291/2493 2937/1292/2492
f 3126/1291/2495 2550/1025/2061 2548/1025/2060 3125/1291/2493
f 2910/1292/2455 3098/1291/2454 3126/1291/2495 2938/1292/2494
f 3098/1291/2454 2215/1025/1652 2550/1025/2061 3126/1291/2495
f 2914/1289/2463 3102/1290/2462 3127/1290/2496 2939/1289/2497
f 3102/1290/2462 1846/1023/1827 2551/1023/2062 3127/1290/2496
f 2939/1289/2497 3127/1290/2496 3128/1290/2498 2940/1289/2499
f 3127/1290/2496 2551/1023/2062 2553/1023/2063 3128/1290/2498
f 2940/1289/2499 3128/1290/2498 3097/1290/2453 2909/1289/2452
f 3128/1290/2498 2553/1023/2063 2216/1023/1650 3097/1290/2453
f 2942/1293/2500 3129/1294/2501 3130/1295/2502 2941/1296/2503
f 3129/1294/2501 2651/1115/2152 2649/1114/2151 3130/1295/2502
f 2943/1297/2504 3131/1298/2505 3129/1294/2501 2942/1293/2500
f 3131/1298/2505 2653/1118/2155 2651/1115/2152 3129/1294/2501
f 2886/1244/2421 3074/1243/2420 3131/1298/2505 2943/1297/2504
f 3074/1243/2420 2305/924/1571 2653/1118/2155 3131/1298/2505
f 2944/1296/2506 3132/1295/2507 3133/1294/2508 2945/1293/2509
f 3132/1295/2507 2676/1114/2179 2678/1115/2178 3133/1294/2508
f 2945/1293/2509 3133/1294/2508 3134/1298/2510 2946/1297/2511
f 3133/1294/2508 2678/1115/2178 2680/1118/2180 3134/1298/2510
f 2946/1297/2511 3134/1298/2510 3124/1243/2491 2936/1244/2490
f 3134/1298/2510 2680/1118/2180 1903/924/1864 3124/1243/2491
f 2947/1299/1425 3135/1300/1425 3136/1301/1425 2948/1302/1425
f 3135/1300/1425 2722/1154/1425 2286/1153/1425 3136/1301/1425
f 2888/1248/1425 3076/1247/1425 3135/1300/1425 2947/1299/1425
f 3076/1247/1425 2299/934/1425 2722/1154/1425 3135/1300/1425
f 2949/1302/1729 3137/1301/1729 3138/1300/1729 2950/1299/1729
f 3137/1301/1729 1852/1153/1729 2745/1154/1729 3138/1300/1729
f 2950/1299/1729 3138/1300/1729 3123/1247/1729 2935/1248/1729
f 3138/1300/1729 2745/1154/1729 1897/934/1729 3123/1247/1729
f 2951/1303/1425 3139/1304/1425 3077/1250/1425 2889/1249/1425
f 3139/1304/1425 2776/1189/1425 2285/957/1425 3077/1250/1425
f 2948/1302/1425 3136/1301/1425 3139/1304/1425 2951/1303/1425
f 3136/1301/1425 2286/1153/1425 2776/1189/1425 3139/1304/1425
f 2934/1249/1729 3122/1250/1729 3140/1304/1729 2952/1303/1729
f 3122/1250/1729 1884/957/1729 2799/1189/1729 3140/1304/1729
f 2952/1303/1729 3140/1304/1729 3137/1301/1729 2949/1302/1729
f 3140/1304/1729 2799/1189/1729 1852/1153/1729 3137/1301/1729
f 3011/1305/2512 3141/1306/2513 3081/1258/2427 2894/1257/2426
f 3141/1306/2513 2988/1207/2329 2254/992/1627 3081/1258/2427
f 2941/1296/2503 3130/1295/2502 3141/1306/2513 3011/1305/2512
f 3130/1295/2502 2649/1114/2151 2988/1207/2329 3141/1306/2513
f 2932/1257/2487 3120/1258/2486 3142/1306/2514 3012/1305/2515
f 3120/1258/2486 1865/992/1838 2997/1207/2337 3142/1306/2514
f 3012/1305/2515 3142/1306/2514 3132/1295/2507 2944/1296/2506
f 3142/1306/2514 2997/1207/2337 2676/1114/2179 3132/1295/2507
f 3041/1307/2516 3143/1308/2517 3079/1254/2423 2891/1253/2422
f 3143/1308/2517 3018/1221/2357 2260/981/1616 3079/1254/2423
f 2981/1309/2518 3144/1310/2519 3143/1308/2517 3041/1307/2516
f 3144/1310/2519 2959/1223/2359 3018/1221/2357 3143/1308/2517
f 2933/1253/2489 3121/1254/2488 3145/1308/2520 3042/1307/2521
f 3121/1254/2488 1871/981/1843 3027/1221/2375 3145/1308/2520
f 3042/1307/2521 3145/1308/2520 3146/1310/2522 2982/1309/2523
f 3145/1308/2520 3027/1221/2375 2967/1223/2376 3146/1310/2522
f 3071/1311/2524 3147/1312/2525 3144/1310/2519 2981/1309/2518
f 3147/1312/2525 3048/1236/2399 2959/1223/2359 3144/1310/2519
f 2893/1266/2435 3085/1265/2434 3147/1312/2525 3071/1311/2524
f 3085/1265/2434 2251/997/1632 3048/1236/2399 3147/1312/2525
f 2982/1309/2523 3146/1310/2522 3148/1312/2526 3072/1311/2527
f 3146/1310/2522 2967/1223/2376 3057/1236/2408 3148/1312/2526
f 3072/1311/2527 3148/1312/2526 3118/1265/2483 2930/1266/2482
f 3148/1312/2526 3057/1236/2408 1863/997/1836 3118/1265/2483
f 2240/1313/2528 3149/1314/2529 3150/1315/2530 2306/1316/2531
f 3149/1314/2529 2885/1241/2418 2886/1244/2421 3150/1315/2530
f 2234/1317/1425 3151/1318/1425 3152/1319/1425 2300/1320/1425
f 3151/1318/1425 2887/1245/1425 2888/1248/1425 3152/1319/1425
f 2284/1321/1425 3153/1322/1425 3154/1323/1425 2229/1324/1425
f 3153/1322/1425 2889/1249/1425 2890/1252/1425 3154/1323/1425
f 2261/1325/2532 3155/1326/2533 3156/1327/2534 2247/1328/2535
f 3155/1326/2533 2891/1253/2422 2892/1256/2425 3156/1327/2534
f 2255/1329/2536 3157/1330/2537 3158/1331/2538 2253/1332/2539
f 3157/1330/2537 2894/1257/2426 2895/1260/2429 3158/1331/2538
f 2253/1332/2539 3158/1331/2538 3159/1333/2540 2237/1334/2541
f 3158/1331/2538 2895/1260/2429 2896/1262/2431 3159/1333/2540
f 2248/1335/2542 3160/1336/2543 3161/1337/2544 2250/1338/2545
f 3160/1336/2543 2897/1263/2432 2893/1266/2435 3161/1337/2544
f 2242/1339/2546 3162/1340/2547 3160/1336/2543 2248/1335/2542
f 3162/1340/2547 2898/1267/2436 2897/1263/2432 3160/1336/2543
f 2247/1328/2535 3156/1327/2534 3163/1341/2548 2245/1342/2549
f 3156/1327/2534 2892/1256/2425 2899/1270/2439 3163/1341/2548
f 2245/1342/2549 3163/1341/2548 3164/1343/2550 2213/1344/2551
f 3163/1341/2548 2899/1270/2439 2900/1272/2441 3164/1343/2550
f 2222/1345/2552 3165/1346/2553 3162/1340/2547 2242/1339/2546
f 3165/1346/2553 2901/1273/2442 2898/1267/2436 3162/1340/2547
f 2238/1347/2554 3166/1348/2555 3149/1314/2529 2240/1313/2528
f 3166/1348/2555 2902/1275/2444 2885/1241/2418 3149/1314/2529
f 2218/1349/2556 3167/1350/2557 3166/1348/2555 2238/1347/2554
f 3167/1350/2557 2903/1277/2446 2902/1275/2444 3166/1348/2555
f 2237/1334/2541 3159/1333/2540 3168/1351/2558 2225/1352/2559
f 3159/1333/2540 2896/1262/2431 2904/1280/2449 3168/1351/2558
f 2232/1353/1425 3169/1354/1425 3151/1318/1425 2234/1317/1425
f 3169/1354/1425 2905/1281/1425 2887/1245/1425 3151/1318/1425
f 2226/1355/2560 3170/1356/2561 3169/1354/1425 2232/1353/1425
f 3170/1356/2561 2906/1283/2450 2905/1281/1425 3169/1354/1425
f 2230/1357/1425 3171/1358/1425 3172/1359/1425 2221/1360/1425
f 3171/1358/1425 2907/1285/1425 2908/1288/1425 3172/1359/1425
f 2229/1324/1425 3154/1323/1425 3171/1358/1425 2230/1357/1425
f 3154/1323/1425 2890/1252/1425 2907/1285/1425 3171/1358/1425
f 2225/1352/2559 3168/1351/2558 3170/1356/2561 2226/1355/2560
f 3168/1351/2558 2904/1280/2449 2906/1283/2450 3170/1356/2561
f 2221/1360/1425 3172/1359/1425 3165/1346/2553 2222/1345/2552
f 3172/1359/1425 2908/1288/1425 2901/1273/2442 3165/1346/2553
f 2217/1361/2562 3173/1362/2563 3167/1350/2557 2218/1349/2556
f 3173/1362/2563 2909/1289/2452 2903/1277/2446 3167/1350/2557
f 2213/1344/2551 3164/1343/2550 3174/1363/2564 2214/1364/2565
f 3164/1343/2550 2900/1272/2441 2910/1292/2455 3174/1363/2564
f 1697/1364/2566 3175/1363/2567 3176/1343/2568 1721/1344/2569
f 3175/1363/2567 2911/1292/2456 2912/1272/2459 3176/1343/2568
f 1722/1349/2570 3177/1350/2571 3178/1362/2572 1701/1361/2573
f 3177/1350/2571 2913/1277/2460 2914/1289/2463 3178/1362/2572
f 1696/1345/2574 3179/1346/2575 3180/1359/1729 1739/1360/1729
f 3179/1346/2575 2915/1273/2464 2916/1288/1729 3180/1359/1729
f 1744/1355/1729 3181/1356/1729 3182/1351/2576 1695/1352/2577
f 3181/1356/1729 2917/1283/1729 2918/1280/2467 3182/1351/2576
f 1776/1357/1729 3183/1358/1729 3184/1323/1729 1748/1324/1729
f 3183/1358/1729 2919/1285/1729 2920/1252/1729 3184/1323/1729
f 1739/1360/1729 3180/1359/1729 3183/1358/1729 1776/1357/1729
f 3180/1359/1729 2916/1288/1729 2919/1285/1729 3183/1358/1729
f 1786/1353/1729 3185/1354/1729 3181/1356/1729 1744/1355/1729
f 3185/1354/1729 2921/1281/1729 2917/1283/1729 3181/1356/1729
f 1751/1317/1729 3186/1318/1729 3185/1354/1729 1786/1353/1729
f 3186/1318/1729 2922/1245/1729 2921/1281/1729 3185/1354/1729
f 1695/1352/2577 3182/1351/2576 3187/1333/2578 1709/1334/2579
f 3182/1351/2576 2918/1280/2467 2923/1262/2469 3187/1333/2578
f 1814/1347/2580 3188/1348/2581 3177/1350/2571 1722/1349/2570
f 3188/1348/2581 2924/1275/2470 2913/1277/2460 3177/1350/2571
f 1815/1313/2582 3189/1314/2583 3188/1348/2581 1814/1347/2580
f 3189/1314/2583 2925/1241/2472 2924/1275/2470 3188/1348/2581
f 1710/1339/2584 3190/1340/2585 3179/1346/2575 1696/1345/2574
f 3190/1340/2585 2926/1267/2474 2915/1273/2464 3179/1346/2575
f 1721/1344/2569 3176/1343/2568 3191/1341/2586 1820/1342/2587
f 3176/1343/2568 2912/1272/2459 2927/1270/2477 3191/1341/2586
f 1820/1342/2587 3191/1341/2586 3192/1327/2588 1822/1328/2589
f 3191/1341/2586 2927/1270/2477 2928/1256/2479 3192/1327/2588
f 1827/1335/2590 3193/1336/2591 3190/1340/2585 1710/1339/2584
f 3193/1336/2591 2929/1263/2480 2926/1267/2474 3190/1340/2585
f 1832/1338/2592 3194/1337/2593 3193/1336/2591 1827/1335/2590
f 3194/1337/2593 2930/1266/2482 2929/1263/2480 3193/1336/2591
f 1709/1334/2579 3187/1333/2578 3195/1331/2594 1837/1332/2595
f 3187/1333/2578 2923/1262/2469 2931/1260/2485 3195/1331/2594
f 1837/1332/2595 3195/1331/2594 3196/1330/2596 1842/1329/2597
f 3195/1331/2594 2931/1260/2485 2932/1257/2487 3196/1330/2596
f 1822/1328/2589 3192/1327/2588 3197/1326/2598 1870/1325/2599
f 3192/1327/2588 2928/1256/2479 2933/1253/2489 3197/1326/2598
f 1748/1324/1729 3184/1323/1729 3198/1322/1729 1883/1321/1729
f 3184/1323/1729 2920/1252/1729 2934/1249/1729 3198/1322/1729
f 1896/1320/1729 3199/1319/1729 3186/1318/1729 1751/1317/1729
f 3199/1319/1729 2935/1248/1729 2922/1245/1729 3186/1318/1729
f 1902/1316/2600 3200/1315/2601 3189/1314/2583 1815/1313/2582
f 3200/1315/2601 2936/1244/2490 2925/1241/2472 3189/1314/2583
f 2547/1364/2602 3201/1363/2603 3175/1363/2567 1697/1364/2566
f 3201/1363/2603 2937/1292/2492 2911/1292/2456 3175/1363/2567
f 2549/1364/2604 3202/1363/2605 3201/1363/2603 2547/1364/2602
f 3202/1363/2605 2938/1292/2494 2937/1292/2492 3201/1363/2603
f 2214/1364/2565 3174/1363/2564 3202/1363/2605 2549/1364/2604
f 3174/1363/2564 2910/1292/2455 2938/1292/2494 3202/1363/2605
f 1701/1361/2573 3178/1362/2572 3203/1362/2606 2552/1361/2607
f 3178/1362/2572 2914/1289/2463 2939/1289/2497 3203/1362/2606
f 2552/1361/2607 3203/1362/2606 3204/1362/2608 2554/1361/2609
f 3203/1362/2606 2939/1289/2497 2940/1289/2499 3204/1362/2608
f 2554/1361/2609 3204/1362/2608 3173/1362/2563 2217/1361/2562
f 3204/1362/2608 2940/1289/2499 2909/1289/2452 3173/1362/2563
f 2638/1365/2610 3205/1366/2611 3206/1367/2612 2637/1368/2613
f 3205/1366/2611 2942/1293/2500 2941/1296/2503 3206/1367/2612
f 2639/1369/2614 3207/1370/2615 3205/1366/2611 2638/1365/2610
f 3207/1370/2615 2943/1297/2504 2942/1293/2500 3205/1366/2611
f 2306/1316/2531 3150/1315/2530 3207/1370/2615 2639/1369/2614
f 3150/1315/2530 2886/1244/2421 2943/1297/2504 3207/1370/2615
f 2677/1368/2616 3208/1367/2617 3209/1366/2618 2679/1365/2619
f 3208/1367/2617 2944/1296/2506 2945/1293/2509 3209/1366/2618
f 2679/1365/2619 3209/1366/2618 3210/1370/2620 2681/1369/2621
f 3209/1366/2618 2945/1293/2509 2946/1297/2511 3210/1370/2620
f 2681/1369/2621 3210/1370/2620 3200/1315/2601 1902/1316/2600
f 3210/1370/2620 2946/1297/2511 2936/1244/2490 3200/1315/2601
f 2711/1371/1425 3211/1372/1425 3212/1373/1425 2287/1374/1425
f 3211/1372/1425 2947/1299/1425 2948/1302/1425 3212/1373/1425
f 2300/1320/1425 3152/1319/1425 3211/1372/1425 2711/1371/1425
f 3152/1319/1425 2888/1248/1425 2947/1299/1425 3211/1372/1425
f 1729/1374/1729 3213/1373/1729 3214/1372/1729 2746/1371/1729
f 3213/1373/1729 2949/1302/1729 2950/1299/1729 3214/1372/1729
f 2746/1371/1729 3214/1372/1729 3199/1319/1729 1896/1320/1729
f 3214/1372/1729 2950/1299/1729 2935/1248/1729 3199/1319/1729
f 2765/1375/1425 3215/1376/1425 3153/1322/1425 2284/1321/1425
f 3215/1376/1425 2951/1303/1425 2889/1249/1425 3153/1322/1425
f 2287/1374/1425 3212/1373/1425 3215/1376/1425 2765/1375/1425
f 3212/1373/1425 2948/1302/1425 2951/1303/1425 3215/1376/1425
f 1883/1321/1729 3198/1322/1729 3216/1376/1729 2800/1375/1729
f 3198/1322/1729 2934/1249/1729 2952/1303/1729 3216/1376/1729
f 2800/1375/1729 3216/1376/1729 3213/1373/1729 1729/1374/1729
f 3216/1376/1729 2952/1303/1729 2949/1302/1729 3213/1373/1729
f 3008/1377/2622 3217/1378/2623 3157/1330/2537 2255/1329/2536
f 3217/1378/2623 3011/1305/2512 2894/1257/2426 3157/1330/2537
f 2637/1368/2613 3206/1367/2612 3217/1378/2623 3008/1377/2622
f 3206/1367/2612 2941/1296/2503 3011/1305/2512 3217/1378/2623
f 1842/1329/2597 3196/1330/2596 3218/1378/2624 3010/1377/2625
f 3196/1330/2596 2932/1257/2487 3012/1305/2515 3218/1378/2624
f 3010/1377/2625 3218/1378/2624 3208/1367/2617 2677/1368/2616
f 3218/1378/2624 3012/1305/2515 2944/1296/2506 3208/1367/2617
f 3038/1379/2626 3219/1380/2627 3155/1326/2533 2261/1325/2532
f 3219/1380/2627 3041/1307/2516 2891/1253/2422 3155/1326/2533
f 2978/1381/2628 3220/1382/2629 3219/1380/2627 3038/1379/2626
f 3220/1382/2629 2981/1309/2518 3041/1307/2516 3219/1380/2627
f 1870/1325/2599 3197/1326/2598 3221/1380/2630 3040/1379/2631
f 3197/1326/2598 2933/1253/2489 3042/1307/2521 3221/1380/2630
f 3040/1379/2631 3221/1380/2630 3222/1382/2632 2980/1381/2633
f 3221/1380/2630 3042/1307/2521 2982/1309/2523 3222/1382/2632
f 3068/1383/2634 3223/1384/2635 3220/1382/2629 2978/1381/2628
f 3223/1384/2635 3071/1311/2524 2981/1309/2518 3220/1382/2629
f 2250/1338/2545 3161/1337/2544 3223/1384/2635 3068/1383/2634
f 3161/1337/2544 2893/1266/2435 3071/1311/2524 3223/1384/2635
f 2980/1381/2633 3222/1382/2632 3224/1384/2636 3070/1383/2637
f 3222/1382/2632 2982/1309/2523 3072/1311/2527 3224/1384/2636
f 3070/1383/2637 3224/1384/2636 3194/1337/2593 1832/1338/2592
f 3224/1384/2636 3072/1311/2527 2930/1266/2482 3194/1337/2593
f 2817/1385/2638 3225/1386/2639 3226/1387/2640 2818/1388/2641
f 3225/1386/2639 2240/1313/2528 2306/1316/2531 3226/1387/2640
f 2819/1389/1425 3227/1390/1425 3228/1391/1425 2820/1392/1425
f 3227/1390/1425 2234/1317/1425 2300/1320/1425 3228/1391/1425
f 2821/1393/1425 3229/1394/1425 3230/1395/1425 2822/1396/1425
f 3229/1394/1425 2284/1321/1425 2229/1324/1425 3230/1395/1425
f 2823/1397/2642 3231/1398/2643 3232/1399/2644 2824/1400/2645
f 3231/1398/2643 2261/1325/2532 2247/1328/2535 3232/1399/2644
f 2826/1401/2646 3233/1402/2647 3234/1403/2648 2827/1404/2649
f 3233/1402/2647 2255/1329/2536 2253/1332/2539 3234/1403/2648
f 2827/1404/2649 3234/1403/2648 3235/1405/2650 2828/1406/2651
f 3234/1403/2648 2253/1332/2539 2237/1334/2541 3235/1405/2650
f 2829/1407/2652 3236/1408/2653 3237/1409/2654 2825/1410/2655
f 3236/1408/2653 2248/1335/2542 2250/1338/2545 3237/1409/2654
f 2830/1411/2656 3238/1412/2657 3236/1408/2653 2829/1407/2652
f 3238/1412/2657 2242/1339/2546 2248/1335/2542 3236/1408/2653
f 2824/1400/2645 3232/1399/2644 3239/1413/2658 2831/1414/2659
f 3232/1399/2644 2247/1328/2535 2245/1342/2549 3239/1413/2658
f 2831/1414/2659 3239/1413/2658 3240/1415/2660 2832/1416/2661
f 3239/1413/2658 2245/1342/2549 2213/1344/2551 3240/1415/2660
f 2833/1417/2662 3241/1418/2663 3238/1412/2657 2830/1411/2656
f 3241/1418/2663 2222/1345/2552 2242/1339/2546 3238/1412/2657
f 2834/1419/2664 3242/1420/2665 3225/1386/2639 2817/1385/2638
f 3242/1420/2665 2238/1347/2554 2240/1313/2528 3225/1386/2639
f 2835/1421/2666 3243/1422/2667 3242/1420/2665 2834/1419/2664
f 3243/1422/2667 2218/1349/2556 2238/1347/2554 3242/1420/2665
f 2828/1406/2651 3235/1405/2650 3244/1423/2668 2836/1424/2669
f 3235/1405/2650 2237/1334/2541 2225/1352/2559 3244/1423/2668
f 2837/1425/1425 3245/1426/1425 3227/1390/1425 2819/1389/1425
f 3245/1426/1425 2232/1353/1425 2234/1317/1425 3227/1390/1425
f 2838/1427/2450 3246/1428/2561 3245/1426/1425 2837/1425/1425
f 3246/1428/2561 2226/1355/2560 2232/1353/1425 3245/1426/1425
f 2839/1429/1425 3247/1430/1425 3248/1431/1425 2840/1432/1425
f 3247/1430/1425 2230/1357/1425 2221/1360/1425 3248/1431/1425
f 2822/1396/1425 3230/1395/1425 3247/1430/1425 2839/1429/1425
f 3230/1395/1425 2229/1324/1425 2230/1357/1425 3247/1430/1425
f 2836/1424/2669 3244/1423/2668 3246/1428/2561 2838/1427/2450
f 3244/1423/2668 2225/1352/2559 2226/1355/2560 3246/1428/2561
f 2840/1432/1425 3248/1431/1425 3241/1418/2663 2833/1417/2662
f 3248/1431/1425 2221/1360/1425 2222/1345/2552 3241/1418/2663
f 2841/1433/2670 3249/1434/2671 3243/1422/2667 2835/1421/2666
f 3249/1434/2671 2217/1361/2562 2218/1349/2556 3243/1422/2667
f 2832/1416/2661 3240/1415/2660 3250/1435/2672 2842/1436/2673
f 3240/1415/2660 2213/1344/2551 2214/1364/2565 3250/1435/2672
f 2843/1436/2674 3251/1435/2675 3252/1415/2676 2844/1416/2677
f 3251/1435/2675 1697/1364/2566 1721/1344/2569 3252/1415/2676
f 2845/1421/2678 3253/1422/2679 3254/1434/2680 2846/1433/2681
f 3253/1422/2679 1722/1349/2570 1701/1361/2573 3254/1434/2680
f 2847/1417/2682 3255/1418/2683 3256/1431/1729 2848/1432/1729
f 3255/1418/2683 1696/1345/2574 1739/1360/1729 3256/1431/1729
f 2849/1427/1729 3257/1428/1729 3258/1423/2684 2850/1424/2685
f 3257/1428/1729 1744/1355/1729 1695/1352/2577 3258/1423/2684
f 2851/1429/1729 3259/1430/1729 3260/1395/1729 2852/1396/1729
f 3259/1430/1729 1776/1357/1729 1748/1324/1729 3260/1395/1729
f 2848/1432/1729 3256/1431/1729 3259/1430/1729 2851/1429/1729
f 3256/1431/1729 1739/1360/1729 1776/1357/1729 3259/1430/1729
f 2853/1425/1729 3261/1426/1729 3257/1428/1729 2849/1427/1729
f 3261/1426/1729 1786/1353/1729 1744/1355/1729 3257/1428/1729
f 2854/1389/1729 3262/1390/1729 3261/1426/1729 2853/1425/1729
f 3262/1390/1729 1751/1317/1729 1786/1353/1729 3261/1426/1729
f 2850/1424/2685 3258/1423/2684 3263/1405/2686 2855/1406/2687
f 3258/1423/2684 1695/1352/2577 1709/1334/2579 3263/1405/2686
f 2856/1419/2688 3264/1420/2689 3253/1422/2679 2845/1421/2678
f 3264/1420/2689 1814/1347/2580 1722/1349/2570 3253/1422/2679
f 2857/1385/2690 3265/1386/2691 3264/1420/2689 2856/1419/2688
f 3265/1386/2691 1815/1313/2582 1814/1347/2580 3264/1420/2689
f 2858/1411/2692 3266/1412/2693 3255/1418/2683 2847/1417/2682
f 3266/1412/2693 1710/1339/2584 1696/1345/2574 3255/1418/2683
f 2844/1416/2677 3252/1415/2676 3267/1413/2694 2859/1414/2695
f 3252/1415/2676 1721/1344/2569 1820/1342/2587 3267/1413/2694
f 2859/1414/2695 3267/1413/2694 3268/1399/2696 2860/1400/2697
f 3267/1413/2694 1820/1342/2587 1822/1328/2589 3268/1399/2696
f 2861/1407/2698 3269/1408/2699 3266/1412/2693 2858/1411/2692
f 3269/1408/2699 1827/1335/2590 1710/1339/2584 3266/1412/2693
f 2862/1410/2700 3270/1409/2701 3269/1408/2699 2861/1407/2698
f 3270/1409/2701 1832/1338/2592 1827/1335/2590 3269/1408/2699
f 2855/1406/2687 3263/1405/2686 3271/1403/2702 2863/1404/2703
f 3263/1405/2686 1709/1334/2579 1837/1332/2595 3271/1403/2702
f 2863/1404/2703 3271/1403/2702 3272/1402/2704 2864/1401/2705
f 3271/1403/2702 1837/1332/2595 1842/1329/2597 3272/1402/2704
f 2860/1400/2697 3268/1399/2696 3273/1398/2706 2865/1397/2707
f 3268/1399/2696 1822/1328/2589 1870/1325/2599 3273/1398/2706
f 2852/1396/1729 3260/1395/1729 3274/1394/1729 2866/1393/1729
f 3260/1395/1729 1748/1324/1729 1883/1321/1729 3274/1394/1729
f 2867/1392/1729 3275/1391/1729 3262/1390/1729 2854/1389/1729
f 3275/1391/1729 1896/1320/1729 1751/1317/1729 3262/1390/1729
f 2868/1388/2708 3276/1387/2709 3265/1386/2691 2857/1385/2690
f 3276/1387/2709 1902/1316/2600 1815/1313/2582 3265/1386/2691
f 2869/1436/2710 3277/1435/2711 3251/1435/2675 2843/1436/2674
f 3277/1435/2711 2547/1364/2602 1697/1364/2566 3251/1435/2675
f 2870/1436/2712 3278/1435/2713 3277/1435/2711 2869/1436/2710
f 3278/1435/2713 2549/1364/2604 2547/1364/2602 3277/1435/2711
f 2842/1436/2673 3250/1435/2672 3278/1435/2713 2870/1436/2712
f 3250/1435/2672 2214/1364/2565 2549/1364/2604 3278/1435/2713
f 2846/1433/2681 3254/1434/2680 3279/1434/2714 2871/1433/2715
f 3254/1434/2680 1701/1361/2573 2552/1361/2607 3279/1434/2714
f 2871/1433/2715 3279/1434/2714 3280/1434/2716 2872/1433/2717
f 3279/1434/2714 2552/1361/2607 2554/1361/2609 3280/1434/2716
f 2872/1433/2717 3280/1434/2716 3249/1434/2671 2841/1433/2670
f 3280/1434/2716 2554/1361/2609 2217/1361/2562 3249/1434/2671
f 2874/1437/2718 3281/1438/2719 3282/1439/2720 2873/1440/2721
f 3281/1438/2719 2638/1365/2610 2637/1368/2613 3282/1439/2720
f 2875/1441/2722 3283/1442/2723 3281/1438/2719 2874/1437/2718
f 3283/1442/2723 2639/1369/2614 2638/1365/2610 3281/1438/2719
f 2818/1388/2641 3226/1387/2640 3283/1442/2723 2875/1441/2722
f 3226/1387/2640 2306/1316/2531 2639/1369/2614 3283/1442/2723
f 2876/1440/2724 3284/1439/2725 3285/1438/2726 2877/1437/2727
f 3284/1439/2725 2677/1368/2616 2679/1365/2619 3285/1438/2726
f 2877/1437/2727 3285/1438/2726 3286/1442/2728 2878/1441/2729
f 3285/1438/2726 2679/1365/2619 2681/1369/2621 3286/1442/2728
f 2878/1441/2729 3286/1442/2728 3276/1387/2709 2868/1388/2708
f 3286/1442/2728 2681/1369/2621 1902/1316/2600 3276/1387/2709
f 2879/1443/1425 3287/1444/1425 3288/1445/1425 2880/1446/1425
f 3287/1444/1425 2711/1371/1425 2287/1374/1425 3288/1445/1425
f 2820/1392/1425 3228/1391/1425 3287/1444/1425 2879/1443/1425
f 3228/1391/1425 2300/1320/1425 2711/1371/1425 3287/1444/1425
f 2881/1446/1729 3289/1445/1729 3290/1444/1729 2882/1443/1729
f 3289/1445/1729 1729/1374/1729 2746/1371/1729 3290/1444/1729
f 2882/1443/1729 3290/1444/1729 3275/1391/1729 2867/1392/1729
f 3290/1444/1729 2746/1371/1729 1896/1320/1729 3275/1391/1729
f 2883/1447/1425 3291/1448/1425 3229/1394/1425 2821/1393/1425
f 3291/1448/1425 2765/1375/1425 2284/1321/1425 3229/1394/1425
f 2880/1446/1425 3288/1445/1425 3291/1448/1425 2883/1447/1425
f 3288/1445/1425 2287/1374/1425 2765/1375/1425 3291/1448/1425
f 2866/1393/1729 3274/1394/1729 3292/1448/1729 2884/1447/1729
f 3274/1394/1729 1883/1321/1729 2800/1375/1729 3292/1448/1729
f 2884/1447/1729 3292/1448/1729 3289/1445/1729 2881/1446/1729
f 3292/1448/1729 2800/1375/1729 1729/1374/1729 3289/1445/1729
f 3007/1449/2730 3293/1450/2731 3233/1402/2647 2826/1401/2646
f 3293/1450/2731 3008/1377/2622 2255/1329/2536 3233/1402/2647
f 2873/1440/2721 3282/1439/2720 3293/1450/2731 3007/1449/2730
f 3282/1439/2720 2637/1368/2613 3008/1377/2622 3293/1450/2731
f 2864/1401/2705 3272/1402/2704 3294/1450/2732 3009/1449/2733
f 3272/1402/2704 1842/1329/2597 3010/1377/2625 3294/1450/2732
f 3009/1449/2733 3294/1450/2732 3284/1439/2725 2876/1440/2724
f 3294/1450/2732 3010/1377/2625 2677/1368/2616 3284/1439/2725
f 3037/1451/2734 3295/1452/2735 3231/1398/2643 2823/1397/2642
f 3295/1452/2735 3038/1379/2626 2261/1325/2532 3231/1398/2643
f 2977/1453/2736 3296/1454/2737 3295/1452/2735 3037/1451/2734
f 3296/1454/2737 2978/1381/2628 3038/1379/2626 3295/1452/2735
f 2865/1397/2707 3273/1398/2706 3297/1452/2738 3039/1451/2739
f 3273/1398/2706 1870/1325/2599 3040/1379/2631 3297/1452/2738
f 3039/1451/2739 3297/1452/2738 3298/1454/2740 2979/1453/2741
f 3297/1452/2738 3040/1379/2631 2980/1381/2633 3298/1454/2740
f 3067/1455/2742 3299/1456/2743 3296/1454/2737 2977/1453/2736
f 3299/1456/2743 3068/1383/2634 2978/1381/2628 3296/1454/2737
f 2825/1410/2655 3237/1409/2654 3299/1456/2743 3067/1455/2742
f 3237/1409/2654 2250/1338/2545 3068/1383/2634 3299/1456/2743
f 2979/1453/2741 3298/1454/2740 3300/1456/2744 3069/1455/2745
f 3298/1454/2740 2980/1381/2633 3070/1383/2637 3300/1456/2744
f 3069/1455/2745 3300/1456/2744 3270/1409/2701 2862/1410/2700
f 3300/1456/2744 3070/1383/2637 1832/1338/2592 3270/1409/2701
f 2441/749/1417 3301/1457/2746 3302/1458/2747 2494/750/1418
f 3301/1457/2746 2817/1385/2638 2818/1388/2641 3302/1458/2747
f 2438/759/1425 3303/1459/1425 3304/1460/1425 2489/760/1425
f 3303/1459/1425 2819/1389/1425 2820/1392/1425 3304/1460/1425
f 2476/781/1425 3305/1461/1425 3306/1462/1425 2435/782/1425
f 3305/1461/1425 2821/1393/1425 2822/1396/1425 3306/1462/1425
f 2453/805/1462 3307/1463/2748 3308/1464/2749 2444/806/1463
f 3307/1463/2748 2823/1397/2642 2824/1400/2645 3308/1464/2749
f 2448/818/1475 3309/1465/2750 3310/1466/2751 2447/815/1472
f 3309/1465/2750 2826/1401/2646 2827/1404/2649 3310/1466/2751
f 2447/815/1472 3310/1466/2751 3311/1467/2752 2439/819/1476
f 3310/1466/2751 2827/1404/2649 2828/1406/2651 3311/1467/2752
f 2445/824/1481 3312/1468/2753 3313/1469/2754 2446/821/1478
f 3312/1468/2753 2829/1407/2652 2825/1410/2655 3313/1469/2754
f 2442/826/1483 3314/1470/2755 3312/1468/2753 2445/824/1481
f 3314/1470/2755 2830/1411/2656 2829/1407/2652 3312/1468/2753
f 2444/806/1463 3308/1464/2749 3315/1471/2756 2443/827/1484
f 3308/1464/2749 2824/1400/2645 2831/1414/2659 3315/1471/2756
f 2443/827/1484 3315/1471/2756 3316/1472/2757 2427/829/1486
f 3315/1471/2756 2831/1414/2659 2832/1416/2661 3316/1472/2757
f 2432/832/1489 3317/1473/2758 3314/1470/2755 2442/826/1483
f 3317/1473/2758 2833/1417/2662 2830/1411/2656 3314/1470/2755
f 2440/834/1491 3318/1474/2759 3301/1457/2746 2441/749/1417
f 3318/1474/2759 2834/1419/2664 2817/1385/2638 3301/1457/2746
f 2430/836/1493 3319/1475/2760 3318/1474/2759 2440/834/1491
f 3319/1475/2760 2835/1421/2666 2834/1419/2664 3318/1474/2759
f 2439/819/1476 3311/1467/2752 3320/1476/2761 2433/837/1494
f 3311/1467/2752 2828/1406/2651 2836/1424/2669 3320/1476/2761
f 2437/840/1425 3321/1477/1425 3303/1459/1425 2438/759/1425
f 3321/1477/1425 2837/1425/1425 2819/1389/1425 3303/1459/1425
f 2434/842/1497 3322/1478/2451 3321/1477/1425 2437/840/1425
f 3322/1478/2451 2838/1427/2450 2837/1425/1425 3321/1477/1425
f 2436/846/1425 3323/1479/1425 3324/1480/1425 2431/843/1425
f 3323/1479/1425 2839/1429/1425 2840/1432/1425 3324/1480/1425
f 2435/782/1425 3306/1462/1425 3323/1479/1425 2436/846/1425
f 3306/1462/1425 2822/1396/1425 2839/1429/1425 3323/1479/1425
f 2433/837/1494 3320/1476/2761 3322/1478/2451 2434/842/1497
f 3320/1476/2761 2836/1424/2669 2838/1427/2450 3322/1478/2451
f 2431/843/1425 3324/1480/1425 3317/1473/2758 2432/832/1489
f 3324/1480/1425 2840/1432/1425 2833/1417/2662 3317/1473/2758
f 2429/848/1499 3325/1481/2762 3319/1475/2760 2430/836/1493
f 3325/1481/2762 2841/1433/2670 2835/1421/2666 3319/1475/2760
f 2427/829/1486 3316/1472/2757 3326/1482/2763 2428/849/1500
f 3316/1472/2757 2832/1416/2661 2842/1436/2673 3326/1482/2763
f 2035/849/1967 3327/1482/2764 3328/1472/2765 2036/829/1968
f 3327/1482/2764 2843/1436/2674 2844/1416/2677 3328/1472/2765
f 2037/836/1969 3329/1475/2766 3330/1481/2767 2038/848/1970
f 3329/1475/2766 2845/1421/2678 2846/1433/2681 3330/1481/2767
f 2039/832/1924 3331/1473/2768 3332/1480/1729 2040/843/1729
f 3331/1473/2768 2847/1417/2682 2848/1432/1729 3332/1480/1729
f 2041/842/1729 3333/1478/1729 3334/1476/2769 2042/837/1971
f 3333/1478/1729 2849/1427/1729 2850/1424/2685 3334/1476/2769
f 2046/846/1729 3335/1479/1729 3336/1462/1729 2043/782/1729
f 3335/1479/1729 2851/1429/1729 2852/1396/1729 3336/1462/1729
f 2040/843/1729 3332/1480/1729 3335/1479/1729 2046/846/1729
f 3332/1480/1729 2848/1432/1729 2851/1429/1729 3335/1479/1729
f 2047/840/1729 3337/1477/1729 3333/1478/1729 2041/842/1729
f 3337/1477/1729 2853/1425/1729 2849/1427/1729 3333/1478/1729
f 2045/759/1729 3338/1459/1729 3337/1477/1729 2047/840/1729
f 3338/1459/1729 2854/1389/1729 2853/1425/1729 3337/1477/1729
f 2042/837/1971 3334/1476/2769 3339/1467/2770 2048/819/1972
f 3334/1476/2769 2850/1424/2685 2855/1406/2687 3339/1467/2770
f 2049/834/1973 3340/1474/2771 3329/1475/2766 2037/836/1969
f 3340/1474/2771 2856/1419/2688 2845/1421/2678 3329/1475/2766
f 2050/749/1974 3341/1457/2772 3340/1474/2771 2049/834/1973
f 3341/1457/2772 2857/1385/2690 2856/1419/2688 3340/1474/2771
f 2051/826/1975 3342/1470/2773 3331/1473/2768 2039/832/1924
f 3342/1470/2773 2858/1411/2692 2847/1417/2682 3331/1473/2768
f 2036/829/1968 3328/1472/2765 3343/1471/2774 2052/827/1976
f 3328/1472/2765 2844/1416/2677 2859/1414/2695 3343/1471/2774
f 2052/827/1976 3343/1471/2774 3344/1464/2775 2053/806/1977
f 3343/1471/2774 2859/1414/2695 2860/1400/2697 3344/1464/2775
f 2054/824/1978 3345/1468/2776 3342/1470/2773 2051/826/1975
f 3345/1468/2776 2861/1407/2698 2858/1411/2692 3342/1470/2773
f 2055/821/1979 3346/1469/2777 3345/1468/2776 2054/824/1978
f 3346/1469/2777 2862/1410/2700 2861/1407/2698 3345/1468/2776
f 2048/819/1972 3339/1467/2770 3347/1466/2778 2056/815/1980
f 3339/1467/2770 2855/1406/2687 2863/1404/2703 3347/1466/2778
f 2056/815/1980 3347/1466/2778 3348/1465/2779 2057/818/1981
f 3347/1466/2778 2863/1404/2703 2864/1401/2705 3348/1465/2779
f 2053/806/1977 3344/1464/2775 3349/1463/2780 2062/805/1986
f 3344/1464/2775 2860/1400/2697 2865/1397/2707 3349/1463/2780
f 2043/782/1729 3336/1462/1729 3350/1461/1729 2074/781/1729
f 3336/1462/1729 2852/1396/1729 2866/1393/1729 3350/1461/1729
f 2086/760/1729 3351/1460/1729 3338/1459/1729 2045/759/1729
f 3351/1460/1729 2867/1392/1729 2854/1389/1729 3338/1459/1729
f 2091/750/2007 3352/1458/2781 3341/1457/2772 2050/749/1974
f 3352/1458/2781 2868/1388/2708 2857/1385/2690 3341/1457/2772
f 2617/849/2124 3353/1482/2782 3327/1482/2764 2035/849/1967
f 3353/1482/2782 2869/1436/2710 2843/1436/2674 3327/1482/2764
f 2618/849/2125 3354/1482/2783 3353/1482/2782 2617/849/2124
f 3354/1482/2783 2870/1436/2712 2869/1436/2710 3353/1482/2782
f 2428/849/1500 3326/1482/2763 3354/1482/2783 2618/849/2125
f 3326/1482/2763 2842/1436/2673 2870/1436/2712 3354/1482/2783
f 2038/848/1970 3330/1481/2767 3355/1481/2784 2619/848/2126
f 3330/1481/2767 2846/1433/2681 2871/1433/2715 3355/1481/2784
f 2619/848/2126 3355/1481/2784 3356/1481/2785 2620/848/2127
f 3355/1481/2784 2871/1433/2715 2872/1433/2717 3356/1481/2785
f 2620/848/2127 3356/1481/2785 3325/1481/2762 2429/848/1499
f 3356/1481/2785 2872/1433/2717 2841/1433/2670 3325/1481/2762
f 2634/1101/2138 3357/1483/2786 3358/1484/2787 2632/1102/2139
f 3357/1483/2786 2874/1437/2718 2873/1440/2721 3358/1484/2787
f 2636/1104/2141 3359/1485/2788 3357/1483/2786 2634/1101/2138
f 3359/1485/2788 2875/1441/2722 2874/1437/2718 3357/1483/2786
f 2494/750/1418 3302/1458/2747 3359/1485/2788 2636/1104/2141
f 3302/1458/2747 2818/1388/2641 2875/1441/2722 3359/1485/2788
f 2694/1102/2193 3360/1484/2789 3361/1483/2790 2695/1101/2194
f 3360/1484/2789 2876/1440/2724 2877/1437/2727 3361/1483/2790
f 2695/1101/2194 3361/1483/2790 3362/1485/2791 2696/1104/2195
f 3361/1483/2790 2877/1437/2727 2878/1441/2729 3362/1485/2791
f 2696/1104/2195 3362/1485/2791 3352/1458/2781 2091/750/2007
f 3362/1485/2791 2878/1441/2729 2868/1388/2708 3352/1458/2781
f 2710/1131/1425 3363/1486/1425 3364/1487/1425 2477/1132/1425
f 3363/1486/1425 2879/1443/1425 2880/1446/1425 3364/1487/1425
f 2489/760/1425 3304/1460/1425 3363/1486/1425 2710/1131/1425
f 3304/1460/1425 2820/1392/1425 2879/1443/1425 3363/1486/1425
f 2044/1132/1729 3365/1487/1729 3366/1486/1729 2758/1131/1729
f 3365/1487/1729 2881/1446/1729 2882/1443/1729 3366/1486/1729
f 2758/1131/1729 3366/1486/1729 3351/1460/1729 2086/760/1729
f 3366/1486/1729 2882/1443/1729 2867/1392/1729 3351/1460/1729
f 2764/1178/1425 3367/1488/1425 3305/1461/1425 2476/781/1425
f 3367/1488/1425 2883/1447/1425 2821/1393/1425 3305/1461/1425
f 2477/1132/1425 3364/1487/1425 3367/1488/1425 2764/1178/1425
f 3364/1487/1425 2880/1446/1425 2883/1447/1425 3367/1488/1425
f 2074/781/1729 3350/1461/1729 3368/1488/1729 2812/1178/1729
f 3350/1461/1729 2866/1393/1729 2884/1447/1729 3368/1488/1729
f 2812/1178/1729 3368/1488/1729 3365/1487/1729 2044/1132/1729
f 3368/1488/1729 2884/1447/1729 2881/1446/1729 3365/1487/1729
f 2984/1201/2323 3369/1489/2792 3309/1465/2750 2448/818/1475
f 3369/1489/2792 3007/1449/2730 2826/1401/2646 3309/1465/2750
f 2632/1102/2139 3358/1484/2787 3369/1489/2792 2984/1201/2323
f 3358/1484/2787 2873/1440/2721 3007/1449/2730 3369/1489/2792
f 2057/818/1981 3348/1465/2779 3370/1489/2793 3002/1201/2342
f 3348/1465/2779 2864/1401/2705 3009/1449/2733 3370/1489/2793
f 3002/1201/2342 3370/1489/2793 3360/1484/2789 2694/1102/2193
f 3370/1489/2793 3009/1449/2733 2876/1440/2724 3360/1484/2789
f 3014/1212/2348 3371/1490/2794 3307/1463/2748 2453/805/1462
f 3371/1490/2794 3037/1451/2734 2823/1397/2642 3307/1463/2748
f 2953/1214/2350 3372/1491/2795 3371/1490/2794 3014/1212/2348
f 3372/1491/2795 2977/1453/2736 3037/1451/2734 3371/1490/2794
f 2062/805/1986 3349/1463/2780 3373/1490/2796 3032/1212/2385
f 3349/1463/2780 2865/1397/2707 3039/1451/2739 3373/1490/2796
f 3032/1212/2385 3373/1490/2796 3374/1491/2797 2972/1214/2386
f 3373/1490/2796 3039/1451/2739 2979/1453/2741 3374/1491/2797
f 3044/1232/2395 3375/1492/2798 3372/1491/2795 2953/1214/2350
f 3375/1492/2798 3067/1455/2742 2977/1453/2736 3372/1491/2795
f 2446/821/1478 3313/1469/2754 3375/1492/2798 3044/1232/2395
f 3313/1469/2754 2825/1410/2655 3067/1455/2742 3375/1492/2798
f 2972/1214/2386 3374/1491/2797 3376/1492/2799 3062/1232/2413
f 3374/1491/2797 2979/1453/2741 3069/1455/2745 3376/1492/2799
f 3062/1232/2413 3376/1492/2799 3346/1469/2777 2055/821/1979
f 3376/1492/2799 3069/1455/2745 2862/1410/2700 3346/1469/2777
