# Blender v3.2.2 OBJ File: 'envelope-024.blend'
# www.blender.org
mtllib envelope-024.mtl
o envelope-closed
v 0.078614 0.000497 0.029915
v 0.078854 0.000495 0.030034
v 0.078614 0.000497 0.029615
v 0.078615 0.000647 0.029915
v 0.078617 0.000797 0.029915
v 0.078615 0.000647 0.029615
v 0.078855 0.000645 0.030034
v 0.088345 0.000550 0.034742
v 0.078857 0.000795 0.030034
v 0.088345 0.000700 0.034742
v 0.078857 0.000795 0.029729
v 0.078617 0.000797 0.029615
v 0.088345 0.000700 0.034226
v 0.078857 0.000795 0.023225
v 0.078617 0.000797 0.023225
v 0.088345 0.000700 0.023225
v 0.078857 0.000795 0.011558
v 0.078617 0.000797 0.011558
v 0.088345 0.000700 0.011558
v 0.078857 0.000795 -0.000108
v 0.078617 0.000797 -0.000108
v 0.088345 0.000700 -0.000108
v 0.078857 0.000795 -0.011775
v 0.078617 0.000797 -0.011775
v 0.088345 0.000700 -0.011775
v 0.078857 0.000795 -0.023442
v 0.078617 0.000797 -0.023442
v 0.088345 0.000700 -0.023442
v 0.078857 0.000795 -0.029911
v 0.078617 0.000797 -0.029798
v 0.088345 0.000700 -0.034388
v 0.078857 0.000795 -0.030251
v 0.078617 0.000797 -0.030132
v 0.088345 0.000700 -0.034963
v 0.078855 0.000645 -0.030251
v 0.078615 0.000647 -0.030132
v 0.078854 0.000495 -0.030251
v 0.088345 0.000550 -0.034963
v 0.088501 0.000548 -0.035040
v 0.088345 0.000400 -0.034963
v 0.088500 0.000398 -0.035040
v 0.088345 0.000400 -0.034388
v 0.078854 0.000495 -0.029911
v 0.088500 0.000398 -0.034461
v 0.088345 0.000400 -0.023442
v 0.078854 0.000495 -0.023442
v 0.088500 0.000398 -0.023442
v 0.088345 0.000400 -0.011775
v 0.078854 0.000495 -0.011775
v 0.088500 0.000398 -0.011775
v 0.088345 0.000400 -0.000108
v 0.078854 0.000495 -0.000108
v 0.088500 0.000398 -0.000108
v 0.088345 0.000400 0.011558
v 0.078854 0.000495 0.011558
v 0.088500 0.000398 0.011558
v 0.088345 0.000400 0.023225
v 0.078854 0.000495 0.023225
v 0.088500 0.000398 0.023225
v 0.088345 0.000400 0.034226
v 0.078854 0.000495 0.029729
v 0.088500 0.000398 0.034300
v 0.088345 0.000400 0.034742
v 0.088500 0.000398 0.034819
v 0.088677 0.000400 0.034819
v 0.088501 0.000548 0.034819
v 0.088501 0.000698 0.034819
v 0.088677 0.000550 0.034819
v 0.096736 0.000611 0.034819
v 0.088677 0.000700 0.034819
v 0.096736 0.000761 0.034819
v 0.088677 0.000700 0.034300
v 0.088501 0.000698 0.034300
v 0.096736 0.000761 0.034300
v 0.088677 0.000700 0.023225
v 0.088501 0.000698 0.023225
v 0.096736 0.000761 0.023225
v 0.088677 0.000700 0.011558
v 0.088501 0.000698 0.011558
v 0.096736 0.000761 0.011558
v 0.088677 0.000700 -0.000108
v 0.088501 0.000698 -0.000108
v 0.096736 0.000761 -0.000108
v 0.088677 0.000700 -0.011775
v 0.088501 0.000698 -0.011775
v 0.096736 0.000761 -0.011775
v 0.088677 0.000700 -0.023442
v 0.088501 0.000698 -0.023442
v 0.096736 0.000761 -0.023442
v 0.088677 0.000700 -0.034461
v 0.088501 0.000698 -0.034461
v 0.096736 0.000761 -0.034461
v 0.088677 0.000700 -0.035040
v 0.096736 0.000761 -0.035040
v 0.088501 0.000698 -0.035040
v 0.088677 0.000550 -0.035040
v 0.096736 0.000611 -0.035040
v 0.088677 0.000400 -0.035040
v 0.096737 0.000461 -0.035040
v 0.088677 0.000400 -0.034461
v 0.096737 0.000461 -0.034461
v 0.088677 0.000400 -0.023442
v 0.096737 0.000461 -0.023442
v 0.088677 0.000400 -0.011775
v 0.096737 0.000461 -0.011775
v 0.088677 0.000400 -0.000108
v 0.096737 0.000461 -0.000108
v 0.088677 0.000400 0.011558
v 0.096737 0.000461 0.011558
v 0.088677 0.000400 0.023225
v 0.096737 0.000461 0.023225
v 0.088677 0.000400 0.034300
v 0.096737 0.000461 0.034300
v 0.096737 0.000461 0.034819
v 0.104975 0.000465 0.034300
v 0.104975 0.000465 0.023225
v 0.104975 0.000465 0.034819
v 0.113239 0.000715 0.034300
v 0.113239 0.000715 0.023225
v 0.113239 0.000715 0.034820
v 0.121521 0.001090 0.034300
v 0.121521 0.001090 0.023226
v 0.121521 0.001090 0.034820
v 0.129818 0.001628 0.034300
v 0.129818 0.001627 0.023226
v 0.129818 0.001628 0.034820
v 0.135413 0.002287 0.034290
v 0.135414 0.002287 0.022993
v 0.135413 0.002287 0.034820
v 0.136092 0.003336 0.034287
v 0.136092 0.003336 0.022930
v 0.136092 0.003336 0.034819
v 0.135794 0.004629 0.034281
v 0.135798 0.004625 0.034819
v 0.135793 0.004629 0.022799
v 0.126726 0.005555 0.029171
v 0.126726 0.005555 0.019181
v 0.126726 0.005555 0.029640
v 0.118431 0.005968 0.024747
v 0.118438 0.005968 0.015955
v 0.118430 0.005968 0.025160
v 0.110131 0.006337 0.020972
v 0.110131 0.006337 0.013283
v 0.110131 0.006337 0.021333
v 0.101814 0.006560 0.018141
v 0.101820 0.006559 0.010986
v 0.101814 0.006560 0.018477
v 0.093485 0.006684 0.016497
v 0.093486 0.006684 0.009618
v 0.093485 0.006684 0.016820
v 0.085157 0.006716 0.015879
v 0.085157 0.006716 0.009253
v 0.085157 0.006716 0.016189
v 0.076829 0.006672 0.016497
v 0.076828 0.006672 0.009618
v 0.076829 0.006672 0.016820
v 0.068501 0.006537 0.018128
v 0.068495 0.006537 0.010697
v 0.068501 0.006537 0.018477
v 0.060186 0.006295 0.020951
v 0.060186 0.006295 0.012794
v 0.060186 0.006295 0.021333
v 0.051887 0.005909 0.024725
v 0.051876 0.005908 0.015446
v 0.051887 0.005909 0.025160
v 0.043596 0.005417 0.029173
v 0.043596 0.005417 0.019218
v 0.043596 0.005417 0.029640
v 0.036056 0.004641 0.034030
v 0.036056 0.004641 0.022631
v 0.036050 0.004637 0.034564
v 0.035333 0.003370 0.034287
v 0.035333 0.003370 0.022935
v 0.035333 0.003368 0.034820
v 0.036031 0.002112 0.034291
v 0.036031 0.002112 0.034821
v 0.036031 0.002111 0.022997
v 0.041686 0.001604 0.034301
v 0.041686 0.001603 0.023226
v 0.041686 0.001604 0.034821
v 0.049912 0.001031 0.034301
v 0.049911 0.001030 0.023226
v 0.049912 0.001031 0.034821
v 0.058113 0.000616 0.034301
v 0.058113 0.000616 0.023226
v 0.058113 0.000616 0.034820
v 0.069466 0.000344 0.034301
v 0.069465 0.000344 0.023225
v 0.069466 0.000344 0.034820
v 0.079763 0.000047 0.034300
v 0.079763 0.000047 0.023225
v 0.079763 0.000047 0.034820
v 0.085503 0.000046 0.034300
v 0.085503 0.000046 0.023225
v 0.085503 0.000046 0.034820
v 0.090819 0.000046 0.034300
v 0.090819 0.000046 0.023225
v 0.090819 0.000046 0.034820
v 0.091238 0.000046 0.034300
v 0.091238 0.000046 0.034820
v 0.091238 0.000046 0.023225
v 0.091238 0.000196 0.034300
v 0.091238 0.000346 0.034300
v 0.091238 0.000196 0.023225
v 0.091238 0.000196 0.034820
v 0.091238 0.000346 0.034820
v 0.090819 0.000196 0.034820
v 0.090819 0.000346 0.034820
v 0.085503 0.000196 0.034820
v 0.085503 0.000346 0.034820
v 0.079765 0.000197 0.034820
v 0.079767 0.000347 0.034820
v 0.069470 0.000494 0.034820
v 0.069474 0.000644 0.034819
v 0.058119 0.000766 0.034820
v 0.058124 0.000916 0.034819
v 0.049921 0.001180 0.034820
v 0.049930 0.001330 0.034819
v 0.041697 0.001754 0.034820
v 0.041709 0.001903 0.034820
v 0.036113 0.002238 0.034820
v 0.036194 0.002364 0.034820
v 0.035483 0.003368 0.034820
v 0.035633 0.003368 0.034820
v 0.036134 0.004513 0.034564
v 0.036219 0.004389 0.034564
v 0.043608 0.005267 0.029640
v 0.043619 0.005118 0.029640
v 0.051895 0.005759 0.025160
v 0.051903 0.005609 0.025160
v 0.060192 0.006145 0.021333
v 0.060198 0.005995 0.021333
v 0.068505 0.006387 0.018477
v 0.068508 0.006237 0.018477
v 0.076830 0.006522 0.016820
v 0.076832 0.006372 0.016820
v 0.085157 0.006566 0.016189
v 0.085157 0.006416 0.016189
v 0.093484 0.006534 0.016820
v 0.093482 0.006384 0.016820
v 0.101810 0.006410 0.018477
v 0.101807 0.006260 0.018477
v 0.110125 0.006187 0.021333
v 0.110120 0.006037 0.021333
v 0.118423 0.005818 0.025160
v 0.118416 0.005669 0.025160
v 0.126715 0.005406 0.029640
v 0.126704 0.005256 0.029640
v 0.135695 0.004515 0.034819
v 0.135593 0.004406 0.034819
v 0.135944 0.003363 0.034819
v 0.135797 0.003391 0.034819
v 0.135334 0.002414 0.034819
v 0.135255 0.002542 0.034819
v 0.129805 0.001777 0.034819
v 0.129791 0.001927 0.034819
v 0.121513 0.001240 0.034819
v 0.121505 0.001390 0.034819
v 0.113233 0.000865 0.034819
v 0.113227 0.001015 0.034819
v 0.104973 0.000615 0.034819
v 0.104970 0.000765 0.034819
v 0.104970 0.000765 0.034300
v 0.104970 0.000765 0.023225
v 0.113228 0.001015 0.034300
v 0.113228 0.001015 0.023225
v 0.121505 0.001390 0.034300
v 0.121505 0.001389 0.023225
v 0.129791 0.001927 0.034300
v 0.129791 0.001926 0.023225
v 0.135255 0.002542 0.034289
v 0.135255 0.002541 0.022993
v 0.135797 0.003391 0.034286
v 0.135797 0.003391 0.022930
v 0.135593 0.004406 0.034281
v 0.135592 0.004406 0.022799
v 0.126704 0.005256 0.029171
v 0.126704 0.005256 0.019181
v 0.118416 0.005669 0.024748
v 0.118424 0.005668 0.015955
v 0.110120 0.006037 0.020972
v 0.110121 0.006037 0.013283
v 0.101808 0.006260 0.018141
v 0.101814 0.006259 0.010986
v 0.093482 0.006384 0.016497
v 0.093483 0.006384 0.009618
v 0.085157 0.006416 0.015879
v 0.085157 0.006416 0.009253
v 0.076832 0.006372 0.016497
v 0.076831 0.006372 0.009618
v 0.068508 0.006237 0.018128
v 0.068502 0.006237 0.010697
v 0.060198 0.005995 0.020951
v 0.060197 0.005995 0.012794
v 0.051903 0.005609 0.024725
v 0.051892 0.005609 0.015446
v 0.043619 0.005118 0.029173
v 0.043620 0.005118 0.019218
v 0.036219 0.004389 0.034030
v 0.036219 0.004389 0.022631
v 0.035633 0.003368 0.034287
v 0.035633 0.003368 0.022935
v 0.036194 0.002364 0.034290
v 0.036194 0.002363 0.022996
v 0.041709 0.001903 0.034300
v 0.041709 0.001902 0.023225
v 0.049930 0.001330 0.034300
v 0.049929 0.001329 0.023225
v 0.058124 0.000916 0.034300
v 0.058124 0.000915 0.023225
v 0.069473 0.000644 0.034300
v 0.069473 0.000644 0.023225
v 0.079767 0.000347 0.034300
v 0.079767 0.000347 0.023225
v 0.085503 0.000346 0.034300
v 0.085503 0.000346 0.023225
v 0.090819 0.000346 0.034300
v 0.090819 0.000346 0.023225
v 0.091238 0.000346 0.023225
v 0.090819 0.000346 0.011558
v 0.085503 0.000346 0.011558
v 0.091238 0.000346 0.011558
v 0.090819 0.000346 -0.000108
v 0.085503 0.000346 -0.000108
v 0.091238 0.000346 -0.000108
v 0.090819 0.000346 -0.011775
v 0.085503 0.000346 -0.011775
v 0.091238 0.000346 -0.011775
v 0.090819 0.000346 -0.023442
v 0.085503 0.000346 -0.023442
v 0.091238 0.000346 -0.023442
v 0.090819 0.000346 -0.034459
v 0.090819 0.000346 -0.035038
v 0.091238 0.000346 -0.034459
v 0.085503 0.000346 -0.034459
v 0.085503 0.000346 -0.035038
v 0.079767 0.000347 -0.034459
v 0.079767 0.000347 -0.035038
v 0.079767 0.000347 -0.023442
v 0.069473 0.000643 -0.034459
v 0.069473 0.000643 -0.035038
v 0.069473 0.000643 -0.023442
v 0.058124 0.000915 -0.034459
v 0.058124 0.000915 -0.035038
v 0.058124 0.000915 -0.023442
v 0.049929 0.001329 -0.034459
v 0.049929 0.001329 -0.035038
v 0.049929 0.001329 -0.023442
v 0.041709 0.001902 -0.034459
v 0.041709 0.001902 -0.035038
v 0.041709 0.001902 -0.023442
v 0.036193 0.002363 -0.034448
v 0.036193 0.002363 -0.023225
v 0.036193 0.002363 -0.035038
v 0.035633 0.003368 -0.034446
v 0.035633 0.003368 -0.035038
v 0.035633 0.003368 -0.023167
v 0.036219 0.004389 -0.034192
v 0.036219 0.004389 -0.034787
v 0.036219 0.004389 -0.022871
v 0.043620 0.005118 -0.029433
v 0.043620 0.005118 -0.029953
v 0.043620 0.005118 -0.019529
v 0.051903 0.005610 -0.025323
v 0.051903 0.005609 -0.025821
v 0.051906 0.005610 -0.015857
v 0.060198 0.005995 -0.021994
v 0.060198 0.005995 -0.022418
v 0.060198 0.005995 -0.013922
v 0.068508 0.006237 -0.019686
v 0.068508 0.006237 -0.020037
v 0.068510 0.006237 -0.013001
v 0.076832 0.006372 -0.018290
v 0.076832 0.006372 -0.018593
v 0.076832 0.006372 -0.012527
v 0.085157 0.006416 -0.017762
v 0.085157 0.006416 -0.018046
v 0.085157 0.006416 -0.012362
v 0.093482 0.006384 -0.018290
v 0.093482 0.006384 -0.018593
v 0.093482 0.006384 -0.012527
v 0.101807 0.006260 -0.019694
v 0.101807 0.006260 -0.020037
v 0.101806 0.006260 -0.013170
v 0.110120 0.006037 -0.022021
v 0.110120 0.006037 -0.022418
v 0.110120 0.006037 -0.014457
v 0.118416 0.005669 -0.025349
v 0.118416 0.005669 -0.025821
v 0.118416 0.005669 -0.016379
v 0.126704 0.005256 -0.029431
v 0.126704 0.005256 -0.029953
v 0.126704 0.005256 -0.019492
v 0.135592 0.004406 -0.034441
v 0.135592 0.004406 -0.023035
v 0.135592 0.004406 -0.035040
v 0.135797 0.003391 -0.034447
v 0.135797 0.003391 -0.035040
v 0.135797 0.003391 -0.023162
v 0.135255 0.002541 -0.034450
v 0.135255 0.002541 -0.035040
v 0.135255 0.002541 -0.023222
v 0.129791 0.001926 -0.034461
v 0.129791 0.001926 -0.035040
v 0.129791 0.001926 -0.023442
v 0.121505 0.001389 -0.034461
v 0.121505 0.001389 -0.035040
v 0.121505 0.001389 -0.023442
v 0.113228 0.001015 -0.034461
v 0.113228 0.001015 -0.035040
v 0.113228 0.001015 -0.023442
v 0.104970 0.000765 -0.034461
v 0.104970 0.000765 -0.035040
v 0.104970 0.000765 -0.023442
v 0.104970 0.000765 -0.011775
v 0.113228 0.001015 -0.011775
v 0.104970 0.000765 -0.000108
v 0.113228 0.001015 -0.000108
v 0.104970 0.000765 0.011558
v 0.113228 0.001015 0.011558
v 0.121505 0.001389 0.011558
v 0.129791 0.001926 0.011558
v 0.121505 0.001389 -0.000108
v 0.129791 0.001926 -0.000108
v 0.121505 0.001389 -0.011775
v 0.129791 0.001926 -0.011775
v 0.135255 0.002541 -0.011640
v 0.135797 0.003391 -0.011602
v 0.135255 0.002541 -0.000106
v 0.135797 0.003391 -0.000105
v 0.135255 0.002541 0.011422
v 0.135797 0.003391 0.011383
v 0.135592 0.004406 0.011305
v 0.135592 0.004406 -0.000103
v 0.126704 0.005256 0.009220
v 0.118426 0.005668 0.007297
v 0.126704 0.005256 -0.000128
v 0.118424 0.005668 -0.000306
v 0.126704 0.005256 -0.009511
v 0.118420 0.005668 -0.007852
v 0.135592 0.004406 -0.011526
v 0.110120 0.006037 -0.007108
v 0.110120 0.006037 -0.000610
v 0.101808 0.006260 -0.007005
v 0.093482 0.006384 -0.006853
v 0.101811 0.006260 -0.000968
v 0.093483 0.006384 -0.001265
v 0.101814 0.006259 0.004318
v 0.110121 0.006037 0.005619
v 0.093483 0.006384 0.003459
v 0.085157 0.006416 0.003270
v 0.085157 0.006416 -0.001383
v 0.076831 0.006372 0.003459
v 0.068501 0.006237 0.004296
v 0.076831 0.006372 -0.001265
v 0.068504 0.006237 -0.000968
v 0.076832 0.006372 -0.006853
v 0.085157 0.006416 -0.006875
v 0.068508 0.006237 -0.006766
v 0.060198 0.005995 -0.006935
v 0.060197 0.005995 -0.000610
v 0.051902 0.005609 -0.007725
v 0.043620 0.005118 -0.009546
v 0.051895 0.005609 -0.000306
v 0.043620 0.005118 -0.000128
v 0.051891 0.005609 0.006979
v 0.060197 0.005995 0.005445
v 0.043620 0.005118 0.009256
v 0.036219 0.004389 0.011210
v 0.035633 0.003368 0.011387
v 0.036219 0.004389 -0.000105
v 0.035633 0.003368 -0.000105
v 0.036219 0.004389 -0.011434
v 0.035633 0.003368 -0.011605
v 0.036193 0.002363 -0.011642
v 0.036193 0.002363 -0.000106
v 0.041709 0.001902 -0.011775
v 0.049929 0.001329 -0.011775
v 0.041709 0.001902 -0.000108
v 0.049929 0.001329 -0.000108
v 0.041709 0.001902 0.011558
v 0.049929 0.001329 0.011558
v 0.036194 0.002363 0.011424
v 0.058124 0.000915 0.011558
v 0.058124 0.000915 -0.000108
v 0.069473 0.000643 0.011558
v 0.079767 0.000347 0.011558
v 0.069473 0.000643 -0.000108
v 0.079767 0.000347 -0.000108
v 0.069473 0.000643 -0.011775
v 0.058124 0.000915 -0.011775
v 0.079767 0.000347 -0.011775
v 0.104973 0.000615 -0.035040
v 0.104975 0.000465 -0.035040
v 0.113233 0.000865 -0.035040
v 0.113239 0.000715 -0.035040
v 0.121513 0.001239 -0.035040
v 0.121521 0.001089 -0.035040
v 0.129805 0.001776 -0.035040
v 0.129818 0.001627 -0.035040
v 0.135334 0.002414 -0.035040
v 0.135414 0.002287 -0.035040
v 0.135944 0.003363 -0.035040
v 0.136092 0.003336 -0.035040
v 0.135695 0.004515 -0.035040
v 0.135798 0.004625 -0.035040
v 0.126715 0.005406 -0.029953
v 0.126726 0.005555 -0.029953
v 0.118423 0.005818 -0.025821
v 0.118430 0.005968 -0.025821
v 0.110125 0.006187 -0.022418
v 0.110131 0.006337 -0.022418
v 0.101810 0.006410 -0.020037
v 0.101814 0.006560 -0.020037
v 0.093484 0.006534 -0.018593
v 0.093485 0.006684 -0.018593
v 0.085157 0.006566 -0.018046
v 0.085157 0.006716 -0.018046
v 0.076830 0.006522 -0.018593
v 0.076829 0.006672 -0.018593
v 0.068505 0.006387 -0.020037
v 0.068501 0.006537 -0.020037
v 0.060192 0.006145 -0.022418
v 0.060186 0.006295 -0.022418
v 0.051895 0.005759 -0.025821
v 0.051887 0.005909 -0.025821
v 0.043608 0.005267 -0.029953
v 0.043596 0.005417 -0.029953
v 0.036135 0.004513 -0.034787
v 0.036051 0.004637 -0.034787
v 0.035483 0.003368 -0.035038
v 0.035333 0.003368 -0.035038
v 0.036112 0.002237 -0.035038
v 0.036031 0.002111 -0.035038
v 0.041697 0.001753 -0.035038
v 0.041686 0.001603 -0.035038
v 0.049920 0.001179 -0.035038
v 0.049911 0.001029 -0.035038
v 0.058119 0.000765 -0.035038
v 0.058113 0.000615 -0.035038
v 0.069469 0.000493 -0.035038
v 0.069465 0.000344 -0.035038
v 0.079765 0.000197 -0.035038
v 0.079763 0.000047 -0.035038
v 0.085503 0.000196 -0.035038
v 0.085503 0.000046 -0.035038
v 0.090819 0.000196 -0.035038
v 0.090819 0.000046 -0.035038
v 0.091238 0.000196 -0.035038
v 0.091238 0.000346 -0.035038
v 0.091238 0.000046 -0.035038
v 0.091238 0.000196 -0.034459
v 0.091238 0.000046 -0.034459
v 0.091238 0.000196 -0.023442
v 0.091238 0.000046 -0.023442
v 0.091238 0.000196 -0.011775
v 0.091238 0.000046 -0.011775
v 0.091238 0.000196 -0.000108
v 0.091238 0.000046 -0.000108
v 0.091238 0.000196 0.011558
v 0.091238 0.000046 0.011558
v 0.090819 0.000046 0.011558
v 0.085503 0.000046 0.011558
v 0.090819 0.000046 -0.000108
v 0.085503 0.000046 -0.000108
v 0.090819 0.000046 -0.011775
v 0.085503 0.000046 -0.011775
v 0.090819 0.000046 -0.023442
v 0.085503 0.000046 -0.023442
v 0.090819 0.000046 -0.034459
v 0.085503 0.000046 -0.034459
v 0.079763 0.000047 -0.034459
v 0.079763 0.000047 -0.023442
v 0.069465 0.000344 -0.034459
v 0.069465 0.000344 -0.023442
v 0.058113 0.000615 -0.034459
v 0.058113 0.000615 -0.023442
v 0.049911 0.001029 -0.034459
v 0.049911 0.001029 -0.023442
v 0.041686 0.001603 -0.034459
v 0.041686 0.001603 -0.023442
v 0.036031 0.002111 -0.034448
v 0.036031 0.002111 -0.023225
v 0.035333 0.003370 -0.034446
v 0.035333 0.003370 -0.023167
v 0.036056 0.004641 -0.034192
v 0.036056 0.004641 -0.022871
v 0.043596 0.005417 -0.029433
v 0.043596 0.005417 -0.019529
v 0.051887 0.005909 -0.025323
v 0.051890 0.005909 -0.015857
v 0.060186 0.006295 -0.021994
v 0.060187 0.006295 -0.013922
v 0.068501 0.006537 -0.019686
v 0.068503 0.006537 -0.013001
v 0.076829 0.006672 -0.018290
v 0.076829 0.006672 -0.012527
v 0.085157 0.006716 -0.017762
v 0.085157 0.006716 -0.012362
v 0.093485 0.006684 -0.018290
v 0.093485 0.006684 -0.012527
v 0.101813 0.006560 -0.019694
v 0.101812 0.006560 -0.013170
v 0.110131 0.006337 -0.022021
v 0.110131 0.006337 -0.014457
v 0.118430 0.005968 -0.025349
v 0.118430 0.005968 -0.016378
v 0.126726 0.005555 -0.029431
v 0.126726 0.005555 -0.019492
v 0.135793 0.004629 -0.034441
v 0.135793 0.004629 -0.023035
v 0.136092 0.003336 -0.034447
v 0.136092 0.003336 -0.023162
v 0.135414 0.002287 -0.034450
v 0.135414 0.002287 -0.023222
v 0.129818 0.001627 -0.034461
v 0.129818 0.001627 -0.023442
v 0.121521 0.001089 -0.034461
v 0.121521 0.001089 -0.023442
v 0.113239 0.000715 -0.034461
v 0.113239 0.000715 -0.023442
v 0.104975 0.000465 -0.034461
v 0.104975 0.000465 -0.023442
v 0.104975 0.000465 -0.011775
v 0.113239 0.000715 -0.011775
v 0.104975 0.000465 -0.000108
v 0.113239 0.000715 -0.000108
v 0.104975 0.000465 0.011558
v 0.113239 0.000715 0.011558
v 0.121521 0.001089 0.011559
v 0.129818 0.001627 0.011558
v 0.121521 0.001089 -0.000108
v 0.129818 0.001627 -0.000108
v 0.121521 0.001089 -0.011775
v 0.129818 0.001627 -0.011775
v 0.135414 0.002287 -0.011640
v 0.136092 0.003336 -0.011602
v 0.135414 0.002287 -0.000106
v 0.136092 0.003336 -0.000105
v 0.135414 0.002287 0.011422
v 0.136092 0.003336 0.011383
v 0.135793 0.004629 0.011305
v 0.135793 0.004629 -0.000103
v 0.126726 0.005555 0.009220
v 0.118440 0.005968 0.007297
v 0.126726 0.005555 -0.000128
v 0.118438 0.005968 -0.000306
v 0.126726 0.005555 -0.009511
v 0.118434 0.005968 -0.007852
v 0.135793 0.004629 -0.011526
v 0.110131 0.006337 -0.007108
v 0.110131 0.006337 -0.000610
v 0.101814 0.006560 -0.007005
v 0.093485 0.006684 -0.006853
v 0.101818 0.006559 -0.000968
v 0.093486 0.006684 -0.001265
v 0.101820 0.006559 0.004318
v 0.110131 0.006337 0.005619
v 0.093486 0.006684 0.003459
v 0.085157 0.006716 0.003270
v 0.085157 0.006716 -0.001383
v 0.076828 0.006672 0.003459
v 0.068494 0.006537 0.004296
v 0.076828 0.006672 -0.001265
v 0.068497 0.006537 -0.000968
v 0.076829 0.006672 -0.006853
v 0.085157 0.006716 -0.006875
v 0.068501 0.006537 -0.006766
v 0.060186 0.006295 -0.006935
v 0.060186 0.006295 -0.000610
v 0.051886 0.005909 -0.007725
v 0.043596 0.005417 -0.009546
v 0.051879 0.005909 -0.000306
v 0.043596 0.005417 -0.000128
v 0.051875 0.005908 0.006979
v 0.060186 0.006295 0.005446
v 0.043596 0.005417 0.009256
v 0.036056 0.004641 0.011210
v 0.035333 0.003370 0.011387
v 0.036056 0.004641 -0.000105
v 0.035333 0.003370 -0.000105
v 0.036056 0.004641 -0.011434
v 0.035333 0.003370 -0.011605
v 0.036031 0.002111 -0.011642
v 0.036031 0.002111 -0.000106
v 0.041686 0.001603 -0.011775
v 0.049911 0.001029 -0.011775
v 0.041686 0.001603 -0.000108
v 0.049911 0.001029 -0.000108
v 0.041686 0.001603 0.011559
v 0.049911 0.001029 0.011559
v 0.036031 0.002111 0.011424
v 0.058113 0.000615 0.011559
v 0.058113 0.000615 -0.000108
v 0.069465 0.000344 0.011558
v 0.079763 0.000047 0.011558
v 0.069465 0.000344 -0.000108
v 0.079763 0.000047 -0.000108
v 0.069465 0.000344 -0.011775
v 0.058113 0.000615 -0.011775
v 0.079763 0.000047 -0.011775
v 0.078614 0.000497 0.023225
v 0.078614 0.000497 0.011558
v 0.078615 0.000647 0.023225
v 0.078615 0.000647 0.011558
v 0.078615 0.000647 -0.000108
v 0.078614 0.000497 -0.000108
v 0.078615 0.000647 -0.011775
v 0.078614 0.000497 -0.011775
v 0.078615 0.000647 -0.023442
v 0.078614 0.000497 -0.023442
v 0.078615 0.000647 -0.029798
v 0.078614 0.000497 -0.029798
v 0.078614 0.000497 -0.030132
v 0.085505 0.007041 -0.038923
v 0.085505 0.007065 -0.033349
v 0.087578 0.007045 -0.038483
v 0.083431 0.007045 -0.038483
v 0.085505 0.006956 -0.044286
v 0.085505 0.006956 -0.044321
v 0.087444 0.007007 -0.041272
v 0.083565 0.007007 -0.041272
v 0.083561 0.007006 -0.041326
v 0.081290 0.006975 -0.042221
v 0.078568 0.006960 -0.042112
v 0.081299 0.006974 -0.042293
v 0.081027 0.007039 -0.038167
v 0.078499 0.007023 -0.037901
v 0.080368 0.007053 -0.032973
v 0.077514 0.007029 -0.032631
v 0.079940 0.007051 -0.028372
v 0.083102 0.007063 -0.033217
v 0.082803 0.007064 -0.028602
v 0.082733 0.007063 -0.025459
v 0.085505 0.007066 -0.028720
v 0.085505 0.007066 -0.025575
v 0.088206 0.007064 -0.028602
v 0.088276 0.007064 -0.025459
v 0.087907 0.007064 -0.033217
v 0.091069 0.007054 -0.028372
v 0.093864 0.007030 -0.028098
v 0.091217 0.007053 -0.025232
v 0.090642 0.007055 -0.032973
v 0.093495 0.007033 -0.032631
v 0.089983 0.007041 -0.038167
v 0.092511 0.007027 -0.037901
v 0.089720 0.006977 -0.042221
v 0.089712 0.006976 -0.042294
v 0.092442 0.006963 -0.042112
v 0.092445 0.006962 -0.042186
v 0.095753 0.006945 -0.041424
v 0.095768 0.006944 -0.041491
v 0.098325 0.006941 -0.039391
v 0.095473 0.006996 -0.037612
v 0.095971 0.007004 -0.032186
v 0.097347 0.006980 -0.035356
v 0.099220 0.006955 -0.033101
v 0.097706 0.006979 -0.031772
v 0.099738 0.006947 -0.031182
v 0.098494 0.006967 -0.027396
v 0.096214 0.007001 -0.027811
v 0.100576 0.006933 -0.026912
v 0.099024 0.006959 -0.024296
v 0.101199 0.006921 -0.023828
v 0.096578 0.006996 -0.024700
v 0.099621 0.006949 -0.020735
v 0.101909 0.006908 -0.020337
v 0.096992 0.006990 -0.021074
v 0.100182 0.006940 -0.015562
v 0.097373 0.006985 -0.015816
v 0.102580 0.006895 -0.015288
v 0.100602 0.006932 -0.010379
v 0.103095 0.006884 -0.010134
v 0.097652 0.006980 -0.010610
v 0.100854 0.006928 -0.005854
v 0.103398 0.006877 -0.005741
v 0.097825 0.006978 -0.005962
v 0.100921 0.006926 -0.002424
v 0.103475 0.006876 -0.002385
v 0.097877 0.006977 -0.002462
v 0.100957 0.006926 -0.000581
v 0.103517 0.006875 -0.000581
v 0.097905 0.006977 -0.000581
v 0.100921 0.006926 0.001262
v 0.103475 0.006876 0.001223
v 0.097877 0.006977 0.001300
v 0.100854 0.006928 0.004692
v 0.103398 0.006877 0.004579
v 0.097825 0.006978 0.004800
v 0.100602 0.006932 0.009218
v 0.103095 0.006884 0.008973
v 0.097652 0.006980 0.009449
v 0.100182 0.006940 0.014400
v 0.097373 0.006985 0.014654
v 0.102580 0.006895 0.014126
v 0.099621 0.006949 0.019573
v 0.101909 0.006908 0.019176
v 0.096992 0.006990 0.019912
v 0.099024 0.006959 0.023134
v 0.101199 0.006921 0.022666
v 0.096578 0.006996 0.023538
v 0.098494 0.006967 0.026234
v 0.096214 0.007001 0.026649
v 0.100576 0.006933 0.025751
v 0.097706 0.006980 0.030611
v 0.099738 0.006947 0.030021
v 0.095971 0.007004 0.031025
v 0.097347 0.006985 0.034197
v 0.099221 0.006956 0.031940
v 0.095474 0.007011 0.036455
v 0.098325 0.006970 0.038238
v 0.098355 0.006970 0.038281
v 0.095753 0.007007 0.040283
v 0.099561 0.006950 0.034861
v 0.100818 0.006928 0.035580
v 0.099570 0.006950 0.034916
v 0.100818 0.006928 0.035663
v 0.099570 0.006886 0.034948
v 0.100830 0.006864 0.035669
v 0.098341 0.006906 0.038306
v 0.099568 0.006800 0.034948
v 0.099567 0.006713 0.034948
v 0.100828 0.006778 0.035669
v 0.098339 0.006820 0.038306
v 0.098338 0.006733 0.038306
v 0.095757 0.006857 0.040358
v 0.095758 0.006943 0.040358
v 0.095756 0.006771 0.040358
v 0.092440 0.006893 0.041046
v 0.092439 0.006807 0.041046
v 0.092441 0.006980 0.041046
v 0.089715 0.006910 0.041168
v 0.089715 0.006997 0.041168
v 0.089714 0.006824 0.041168
v 0.087439 0.006915 0.040207
v 0.087440 0.007002 0.040207
v 0.087439 0.006829 0.040207
v 0.085505 0.006946 0.043593
v 0.085505 0.007032 0.043593
v 0.085505 0.006859 0.043593
v 0.083570 0.006915 0.040207
v 0.083570 0.006828 0.040207
v 0.083569 0.007001 0.040207
v 0.081296 0.006909 0.041168
v 0.081296 0.006822 0.041168
v 0.081295 0.006995 0.041168
v 0.078570 0.006890 0.041046
v 0.078569 0.006976 0.041046
v 0.078571 0.006803 0.041046
v 0.075252 0.006852 0.040358
v 0.075251 0.006938 0.040358
v 0.075253 0.006765 0.040358
v 0.072670 0.006813 0.038306
v 0.072671 0.006727 0.038306
v 0.072668 0.006900 0.038306
v 0.071441 0.006793 0.034948
v 0.071439 0.006879 0.034948
v 0.071442 0.006707 0.034948
v 0.070181 0.006771 0.035669
v 0.070179 0.006857 0.035669
v 0.070183 0.006684 0.035669
v 0.064018 0.006626 0.035909
v 0.064016 0.006712 0.035910
v 0.064020 0.006539 0.035909
v 0.062571 0.006580 0.031243
v 0.062574 0.006494 0.031243
v 0.062568 0.006667 0.031243
v 0.059363 0.006463 0.032258
v 0.059366 0.006376 0.032258
v 0.059359 0.006549 0.032258
v 0.059120 0.006453 0.028428
v 0.059124 0.006367 0.028428
v 0.059116 0.006539 0.028428
v 0.055718 0.006303 0.029012
v 0.055722 0.006217 0.029012
v 0.055714 0.006389 0.029012
v 0.056133 0.006322 0.025404
v 0.056129 0.006409 0.025404
v 0.056137 0.006236 0.025404
v 0.053362 0.006187 0.024946
v 0.053357 0.006273 0.024946
v 0.053366 0.006101 0.024946
v 0.052388 0.006136 0.020136
v 0.052392 0.006050 0.020136
v 0.052383 0.006222 0.020136
v 0.053332 0.006185 0.016495
v 0.053328 0.006272 0.016495
v 0.053337 0.006099 0.016495
v 0.049944 0.006003 0.014473
v 0.049939 0.006089 0.014473
v 0.049948 0.005916 0.014473
v 0.047883 0.005883 0.011200
v 0.047888 0.005797 0.011201
v 0.047878 0.005970 0.011200
v 0.046977 0.005829 0.007438
v 0.046972 0.005915 0.007438
v 0.046982 0.005743 0.007438
v 0.048048 0.005893 0.002641
v 0.048043 0.005979 0.002641
v 0.048053 0.005807 0.002641
v 0.046153 0.005779 0.001499
v 0.046147 0.005865 0.001499
v 0.046158 0.005693 0.001499
v 0.045051 0.005711 -0.000581
v 0.045056 0.005624 -0.000581
v 0.045046 0.005797 -0.000581
v 0.046153 0.005779 -0.002661
v 0.046147 0.005865 -0.002661
v 0.046158 0.005693 -0.002661
v 0.048048 0.005893 -0.003803
v 0.048053 0.005807 -0.003803
v 0.048043 0.005979 -0.003803
v 0.046977 0.005829 -0.008600
v 0.046982 0.005743 -0.008600
v 0.046972 0.005915 -0.008600
v 0.047883 0.005883 -0.012362
v 0.047878 0.005970 -0.012362
v 0.047888 0.005797 -0.012362
v 0.049944 0.006003 -0.015634
v 0.049948 0.005916 -0.015634
v 0.049939 0.006089 -0.015634
v 0.053332 0.006185 -0.017656
v 0.053337 0.006099 -0.017656
v 0.053328 0.006272 -0.017656
v 0.052388 0.006136 -0.021298
v 0.052383 0.006222 -0.021298
v 0.052392 0.006050 -0.021298
v 0.053362 0.006187 -0.026108
v 0.053366 0.006101 -0.026108
v 0.053357 0.006273 -0.026108
v 0.056133 0.006322 -0.026566
v 0.056137 0.006236 -0.026566
v 0.056129 0.006409 -0.026566
v 0.055718 0.006303 -0.030174
v 0.055714 0.006389 -0.030174
v 0.055722 0.006217 -0.030174
v 0.059120 0.006453 -0.029589
v 0.059116 0.006539 -0.029590
v 0.059124 0.006367 -0.029589
v 0.059363 0.006461 -0.033419
v 0.059359 0.006548 -0.033419
v 0.059366 0.006375 -0.033419
v 0.062571 0.006580 -0.032405
v 0.062568 0.006666 -0.032405
v 0.062574 0.006494 -0.032404
v 0.064019 0.006615 -0.037065
v 0.064021 0.006528 -0.037064
v 0.064016 0.006701 -0.037065
v 0.070181 0.006761 -0.036827
v 0.070183 0.006674 -0.036827
v 0.070180 0.006847 -0.036828
v 0.071441 0.006786 -0.036106
v 0.071442 0.006699 -0.036106
v 0.071439 0.006872 -0.036107
v 0.072670 0.006784 -0.039457
v 0.072669 0.006870 -0.039458
v 0.072671 0.006697 -0.039457
v 0.075253 0.006789 -0.041496
v 0.075252 0.006875 -0.041497
v 0.075254 0.006702 -0.041495
v 0.078571 0.006809 -0.042184
v 0.078572 0.006722 -0.042183
v 0.078570 0.006895 -0.042186
v 0.081296 0.006824 -0.042293
v 0.081296 0.006911 -0.042295
v 0.081297 0.006738 -0.042292
v 0.083569 0.006856 -0.041346
v 0.083569 0.006942 -0.041347
v 0.083570 0.006769 -0.041345
v 0.085505 0.006805 -0.044356
v 0.085505 0.006719 -0.044355
v 0.085505 0.006892 -0.044358
v 0.087440 0.006856 -0.041346
v 0.087439 0.006770 -0.041345
v 0.087440 0.006942 -0.041347
v 0.089714 0.006826 -0.042293
v 0.089713 0.006739 -0.042292
v 0.089714 0.006912 -0.042295
v 0.092439 0.006812 -0.042184
v 0.092440 0.006899 -0.042186
v 0.092439 0.006726 -0.042183
v 0.095756 0.006794 -0.041496
v 0.095757 0.006880 -0.041497
v 0.095755 0.006707 -0.041495
v 0.098339 0.006790 -0.039457
v 0.098338 0.006704 -0.039457
v 0.098340 0.006877 -0.039458
v 0.099568 0.006793 -0.036106
v 0.099570 0.006879 -0.036107
v 0.099567 0.006706 -0.036106
v 0.100828 0.006768 -0.036828
v 0.100830 0.006855 -0.036828
v 0.100826 0.006682 -0.036827
v 0.106991 0.006627 -0.037065
v 0.106993 0.006713 -0.037065
v 0.106989 0.006541 -0.037064
v 0.108438 0.006593 -0.032405
v 0.108436 0.006507 -0.032404
v 0.108441 0.006680 -0.032405
v 0.111647 0.006478 -0.033419
v 0.111644 0.006392 -0.033419
v 0.111650 0.006565 -0.033419
v 0.111890 0.006470 -0.029589
v 0.111886 0.006383 -0.029589
v 0.111893 0.006556 -0.029590
v 0.115292 0.006323 -0.030174
v 0.115289 0.006236 -0.030174
v 0.115296 0.006409 -0.030174
v 0.114877 0.006342 -0.026566
v 0.114881 0.006428 -0.026566
v 0.114873 0.006256 -0.026566
v 0.117651 0.006208 -0.026108
v 0.117655 0.006295 -0.026108
v 0.117647 0.006122 -0.026108
v 0.118623 0.006159 -0.021298
v 0.118618 0.006072 -0.021298
v 0.118627 0.006245 -0.021298
v 0.117681 0.006207 -0.017656
v 0.117685 0.006293 -0.017656
v 0.117676 0.006121 -0.017656
v 0.121070 0.006027 -0.015634
v 0.121074 0.006113 -0.015634
v 0.121065 0.005940 -0.015634
v 0.123128 0.005909 -0.012362
v 0.123123 0.005823 -0.012362
v 0.123133 0.005995 -0.012362
v 0.124034 0.005856 -0.008600
v 0.124039 0.005942 -0.008600
v 0.124029 0.005769 -0.008600
v 0.122963 0.005919 -0.003803
v 0.122967 0.006005 -0.003803
v 0.122958 0.005832 -0.003803
v 0.124858 0.005806 -0.002661
v 0.124853 0.005720 -0.002661
v 0.124863 0.005892 -0.002661
v 0.125960 0.005739 -0.000581
v 0.125965 0.005825 -0.000581
v 0.125955 0.005652 -0.000581
v 0.124858 0.005806 0.001499
v 0.124853 0.005720 0.001499
v 0.124863 0.005892 0.001499
v 0.122963 0.005919 0.002641
v 0.122958 0.005832 0.002641
v 0.122967 0.006005 0.002641
v 0.124034 0.005856 0.007438
v 0.124029 0.005769 0.007438
v 0.124039 0.005942 0.007438
v 0.123128 0.005909 0.011200
v 0.123133 0.005995 0.011200
v 0.123123 0.005823 0.011200
v 0.121070 0.006027 0.014473
v 0.121065 0.005940 0.014473
v 0.121074 0.006113 0.014473
v 0.117681 0.006207 0.016495
v 0.117676 0.006121 0.016494
v 0.117685 0.006293 0.016495
v 0.118623 0.006159 0.020136
v 0.118627 0.006245 0.020136
v 0.118618 0.006072 0.020136
v 0.117651 0.006208 0.024946
v 0.117647 0.006122 0.024946
v 0.117655 0.006295 0.024946
v 0.114877 0.006342 0.025404
v 0.114873 0.006256 0.025404
v 0.114881 0.006428 0.025404
v 0.115292 0.006323 0.029012
v 0.115296 0.006409 0.029012
v 0.115289 0.006236 0.029012
v 0.111890 0.006470 0.028428
v 0.111893 0.006556 0.028428
v 0.111886 0.006383 0.028428
v 0.111647 0.006479 0.032258
v 0.111650 0.006566 0.032258
v 0.111644 0.006393 0.032258
v 0.108438 0.006594 0.031243
v 0.108441 0.006680 0.031243
v 0.108436 0.006508 0.031243
v 0.106991 0.006638 0.035909
v 0.106989 0.006552 0.035909
v 0.106993 0.006724 0.035910
v 0.106994 0.006788 0.035891
v 0.106958 0.006789 0.035818
v 0.108429 0.006744 0.031225
v 0.108396 0.006745 0.031171
v 0.111640 0.006630 0.032228
v 0.111616 0.006631 0.032184
v 0.111880 0.006620 0.028409
v 0.111852 0.006621 0.028376
v 0.115275 0.006474 0.028989
v 0.115241 0.006475 0.028954
v 0.114867 0.006493 0.025392
v 0.114825 0.006494 0.025361
v 0.117643 0.006359 0.024943
v 0.117593 0.006361 0.024903
v 0.118628 0.006308 0.020129
v 0.118556 0.006312 0.020123
v 0.117669 0.006358 0.016500
v 0.117614 0.006360 0.016489
v 0.121067 0.006177 0.014480
v 0.121025 0.006179 0.014450
v 0.123134 0.006059 0.011205
v 0.123077 0.006062 0.011186
v 0.124041 0.006005 0.007432
v 0.123981 0.006009 0.007426
v 0.122953 0.006070 0.002647
v 0.122909 0.006072 0.002638
v 0.124845 0.005957 0.001517
v 0.124801 0.005960 0.001498
v 0.125961 0.005889 -0.000581
v 0.124845 0.005957 -0.002679
v 0.125902 0.005892 -0.000581
v 0.124801 0.005960 -0.002659
v 0.122404 0.006101 -0.000581
v 0.117008 0.006391 -0.000581
v 0.121791 0.006136 -0.002595
v 0.121791 0.006136 0.001433
v 0.120195 0.006225 0.002535
v 0.116957 0.006393 0.000892
v 0.116858 0.006398 0.003631
v 0.113390 0.006558 0.001004
v 0.113454 0.006555 -0.000581
v 0.113270 0.006563 0.003951
v 0.110088 0.006688 0.001092
v 0.109983 0.006692 0.004206
v 0.110145 0.006686 -0.000581
v 0.106124 0.006812 0.001180
v 0.106038 0.006814 0.004456
v 0.106170 0.006811 -0.000581
v 0.106124 0.006812 -0.002342
v 0.106038 0.006814 -0.005618
v 0.110088 0.006688 -0.002254
v 0.109983 0.006692 -0.005367
v 0.113390 0.006558 -0.002165
v 0.113270 0.006563 -0.005113
v 0.116957 0.006393 -0.002053
v 0.116858 0.006398 -0.004793
v 0.120195 0.006225 -0.003697
v 0.116374 0.006422 -0.008602
v 0.112852 0.006581 -0.009121
v 0.115434 0.006466 -0.013070
v 0.121264 0.006166 -0.008050
v 0.120355 0.006216 -0.011668
v 0.123981 0.006009 -0.008588
v 0.124041 0.006005 -0.008594
v 0.123077 0.006062 -0.012347
v 0.122909 0.006072 -0.003800
v 0.122953 0.006070 -0.003809
v 0.123134 0.006059 -0.012367
v 0.121025 0.006179 -0.015612
v 0.121067 0.006177 -0.015642
v 0.117614 0.006360 -0.017651
v 0.119218 0.006278 -0.014840
v 0.114428 0.006512 -0.017009
v 0.116446 0.006418 -0.017569
v 0.116660 0.006408 -0.020942
v 0.113642 0.006547 -0.019733
v 0.110363 0.006678 -0.021056
v 0.112550 0.006593 -0.022630
v 0.109558 0.006707 -0.023955
v 0.111010 0.006654 -0.026117
v 0.108455 0.006744 -0.027513
v 0.110061 0.006689 -0.030237
v 0.113669 0.006546 -0.028538
v 0.115830 0.006448 -0.024904
v 0.114071 0.006528 -0.025982
v 0.117593 0.006361 -0.026065
v 0.117643 0.006359 -0.026105
v 0.114825 0.006495 -0.026523
v 0.118556 0.006312 -0.021285
v 0.118628 0.006308 -0.021291
v 0.117669 0.006358 -0.017662
v 0.114867 0.006493 -0.026554
v 0.115241 0.006475 -0.030115
v 0.115275 0.006474 -0.030151
v 0.111852 0.006621 -0.029538
v 0.111880 0.006620 -0.029571
v 0.111616 0.006630 -0.033345
v 0.111347 0.006641 -0.028942
v 0.111640 0.006629 -0.033390
v 0.108396 0.006745 -0.032332
v 0.108429 0.006744 -0.032386
v 0.106957 0.006778 -0.036973
v 0.107122 0.006784 -0.030374
v 0.105641 0.006823 -0.033724
v 0.104601 0.006850 -0.029426
v 0.100471 0.006932 -0.034292
v 0.102049 0.006905 -0.030476
v 0.100818 0.006919 -0.036739
v 0.100818 0.006918 -0.036822
v 0.099561 0.006943 -0.036020
v 0.099570 0.006943 -0.036075
v 0.098354 0.006940 -0.039434
v 0.106994 0.006777 -0.037046
v 0.103277 0.006880 -0.026259
v 0.103965 0.006865 -0.023208
v 0.106683 0.006797 -0.025129
v 0.107459 0.006774 -0.022141
v 0.108287 0.006749 -0.018943
v 0.104652 0.006849 -0.019842
v 0.111160 0.006649 -0.018084
v 0.109036 0.006725 -0.014401
v 0.109641 0.006704 -0.009344
v 0.105279 0.006834 -0.014966
v 0.112116 0.006611 -0.013779
v 0.105766 0.006821 -0.009858
v 0.105766 0.006821 0.008696
v 0.105279 0.006834 0.013804
v 0.109641 0.006704 0.008182
v 0.109036 0.006725 0.013239
v 0.112852 0.006581 0.007959
v 0.112116 0.006611 0.012617
v 0.116374 0.006422 0.007440
v 0.115434 0.006466 0.011908
v 0.121264 0.006166 0.006888
v 0.120355 0.006216 0.010506
v 0.119218 0.006278 0.013678
v 0.114428 0.006512 0.015847
v 0.116446 0.006418 0.016407
v 0.116660 0.006408 0.019780
v 0.113642 0.006547 0.018571
v 0.110363 0.006678 0.019894
v 0.112550 0.006593 0.021468
v 0.109558 0.006707 0.022793
v 0.111010 0.006654 0.024956
v 0.108455 0.006743 0.026352
v 0.110061 0.006689 0.029076
v 0.113669 0.006546 0.027376
v 0.115830 0.006448 0.023743
v 0.114071 0.006528 0.024820
v 0.111347 0.006641 0.027780
v 0.107122 0.006784 0.029212
v 0.105641 0.006825 0.032564
v 0.104601 0.006850 0.028264
v 0.100471 0.006934 0.033131
v 0.102049 0.006905 0.029315
v 0.103277 0.006880 0.025097
v 0.103965 0.006865 0.022046
v 0.106683 0.006797 0.023967
v 0.107459 0.006774 0.020979
v 0.108287 0.006749 0.017781
v 0.104652 0.006849 0.018680
v 0.111160 0.006648 0.016923
v 0.106987 0.006488 0.035891
v 0.100826 0.006692 0.035669
v 0.100812 0.006628 0.035663
v 0.099566 0.006650 0.034916
v 0.100812 0.006628 0.035580
v 0.099556 0.006650 0.034861
v 0.106950 0.006489 0.035817
v 0.100465 0.006635 0.033131
v 0.099216 0.006656 0.031940
v 0.102043 0.006605 0.029314
v 0.105633 0.006525 0.032564
v 0.104593 0.006550 0.028264
v 0.107114 0.006484 0.029212
v 0.110050 0.006389 0.029075
v 0.108445 0.006444 0.026352
v 0.108386 0.006445 0.031171
v 0.108419 0.006445 0.031225
v 0.111605 0.006331 0.032184
v 0.111629 0.006330 0.032228
v 0.111840 0.006322 0.028376
v 0.111867 0.006321 0.028409
v 0.115228 0.006176 0.028954
v 0.111336 0.006342 0.027780
v 0.113656 0.006246 0.027376
v 0.110998 0.006354 0.024956
v 0.114058 0.006229 0.024820
v 0.115816 0.006148 0.023743
v 0.114811 0.006195 0.025361
v 0.114853 0.006193 0.025392
v 0.117578 0.006062 0.024903
v 0.117628 0.006059 0.024943
v 0.118541 0.006012 0.020123
v 0.118613 0.006009 0.020129
v 0.117599 0.006061 0.016489
v 0.116646 0.006108 0.019780
v 0.116431 0.006119 0.016408
v 0.112537 0.006294 0.021468
v 0.113629 0.006248 0.018571
v 0.109547 0.006407 0.022793
v 0.110352 0.006379 0.019894
v 0.106674 0.006497 0.023967
v 0.107450 0.006474 0.020979
v 0.103271 0.006580 0.025097
v 0.103958 0.006565 0.022046
v 0.100570 0.006633 0.025751
v 0.101194 0.006621 0.022666
v 0.099733 0.006647 0.030021
v 0.098489 0.006667 0.026234
v 0.096210 0.006701 0.026649
v 0.099019 0.006659 0.023134
v 0.097701 0.006680 0.030611
v 0.095967 0.006704 0.031025
v 0.097342 0.006685 0.034197
v 0.095470 0.006711 0.036455
v 0.098321 0.006670 0.038238
v 0.098350 0.006670 0.038281
v 0.095750 0.006707 0.040283
v 0.095766 0.006707 0.040350
v 0.092440 0.006743 0.040971
v 0.092443 0.006743 0.041045
v 0.089719 0.006760 0.041093
v 0.092508 0.006743 0.036744
v 0.089982 0.006759 0.037010
v 0.093492 0.006734 0.031469
v 0.090640 0.006756 0.031812
v 0.093861 0.006730 0.026937
v 0.094008 0.006728 0.023816
v 0.091067 0.006754 0.027210
v 0.091215 0.006753 0.024070
v 0.088206 0.006764 0.027440
v 0.088276 0.006764 0.024297
v 0.085505 0.006766 0.027558
v 0.087907 0.006765 0.032056
v 0.087578 0.006765 0.037326
v 0.085505 0.006766 0.032187
v 0.085505 0.006766 0.037769
v 0.083102 0.006764 0.032056
v 0.083432 0.006765 0.037326
v 0.082804 0.006764 0.027440
v 0.080370 0.006754 0.031812
v 0.077517 0.006729 0.031469
v 0.081028 0.006757 0.037010
v 0.079942 0.006751 0.027210
v 0.077148 0.006725 0.026937
v 0.079794 0.006750 0.024070
v 0.077002 0.006724 0.023816
v 0.079755 0.006750 0.020352
v 0.082734 0.006763 0.024297
v 0.085505 0.006766 0.024414
v 0.082699 0.006763 0.020553
v 0.085505 0.006766 0.020658
v 0.082520 0.006763 0.015080
v 0.082416 0.006763 0.009824
v 0.085505 0.006766 0.015098
v 0.079517 0.006748 0.014970
v 0.076492 0.006718 0.014831
v 0.079357 0.006747 0.009727
v 0.076306 0.006715 0.009607
v 0.079263 0.006746 0.004928
v 0.076186 0.006714 0.004873
v 0.079234 0.006746 0.001345
v 0.082365 0.006762 0.004973
v 0.085505 0.006766 0.004999
v 0.082349 0.006762 0.001361
v 0.082341 0.006762 -0.000581
v 0.085505 0.006766 0.001370
v 0.085505 0.006766 -0.000581
v 0.088660 0.006763 0.001361
v 0.088668 0.006763 -0.000581
v 0.088644 0.006764 0.004973
v 0.091775 0.006749 0.001345
v 0.094859 0.006718 0.001326
v 0.091746 0.006749 0.004928
v 0.091790 0.006749 -0.000581
v 0.094879 0.006718 -0.000581
v 0.091775 0.006749 -0.002507
v 0.094859 0.006718 -0.002488
v 0.091746 0.006749 -0.006090
v 0.088660 0.006763 -0.002523
v 0.088644 0.006764 -0.006135
v 0.085505 0.006766 -0.002532
v 0.085505 0.006766 -0.006161
v 0.082349 0.006762 -0.002523
v 0.082365 0.006762 -0.006135
v 0.079234 0.006746 -0.002507
v 0.076150 0.006713 -0.002488
v 0.079263 0.006746 -0.006090
v 0.079219 0.006745 -0.000581
v 0.076130 0.006713 -0.000581
v 0.073110 0.006670 -0.000581
v 0.076150 0.006713 0.001326
v 0.073138 0.006671 0.001300
v 0.073189 0.006672 0.004800
v 0.070094 0.006619 0.001262
v 0.067542 0.006567 0.001223
v 0.070161 0.006620 0.004692
v 0.070058 0.006618 -0.000581
v 0.067501 0.006566 -0.000581
v 0.070094 0.006619 -0.002424
v 0.067542 0.006567 -0.002385
v 0.073138 0.006671 -0.002462
v 0.070161 0.006620 -0.005854
v 0.067620 0.006568 -0.005741
v 0.073189 0.006672 -0.005962
v 0.070413 0.006625 -0.010379
v 0.067921 0.006575 -0.010134
v 0.073361 0.006674 -0.010610
v 0.070833 0.006632 -0.015562
v 0.073640 0.006679 -0.015816
v 0.068436 0.006586 -0.015288
v 0.071394 0.006642 -0.020735
v 0.069106 0.006600 -0.020337
v 0.074022 0.006684 -0.021074
v 0.071991 0.006652 -0.024296
v 0.069817 0.006614 -0.023828
v 0.074436 0.006690 -0.024700
v 0.072520 0.006661 -0.027396
v 0.074800 0.006695 -0.027811
v 0.070439 0.006625 -0.026912
v 0.073308 0.006673 -0.031772
v 0.071277 0.006640 -0.031182
v 0.075043 0.006698 -0.032186
v 0.073667 0.006674 -0.035355
v 0.071794 0.006648 -0.033101
v 0.075539 0.006691 -0.037610
v 0.072689 0.006634 -0.039389
v 0.072659 0.006634 -0.039432
v 0.075260 0.006640 -0.041420
v 0.071454 0.006636 -0.036019
v 0.071444 0.006636 -0.036074
v 0.070197 0.006611 -0.036738
v 0.070198 0.006611 -0.036821
v 0.064060 0.006466 -0.036972
v 0.070544 0.006624 -0.034291
v 0.068967 0.006597 -0.030476
v 0.065378 0.006512 -0.033723
v 0.066418 0.006540 -0.029426
v 0.063896 0.006472 -0.030374
v 0.060962 0.006374 -0.030237
v 0.062564 0.006430 -0.027513
v 0.062623 0.006431 -0.032332
v 0.062591 0.006431 -0.032386
v 0.059405 0.006313 -0.033345
v 0.059381 0.006312 -0.033389
v 0.059170 0.006305 -0.029538
v 0.059143 0.006304 -0.029571
v 0.055783 0.006156 -0.030115
v 0.059677 0.006325 -0.028941
v 0.057354 0.006228 -0.028538
v 0.060015 0.006339 -0.026118
v 0.056952 0.006210 -0.025982
v 0.055197 0.006128 -0.024904
v 0.056199 0.006175 -0.026523
v 0.056157 0.006173 -0.026554
v 0.053435 0.006040 -0.026065
v 0.053385 0.006038 -0.026105
v 0.052469 0.005990 -0.021285
v 0.052397 0.005986 -0.021291
v 0.053414 0.006039 -0.017651
v 0.054367 0.006087 -0.020941
v 0.054579 0.006098 -0.017569
v 0.058473 0.006276 -0.022630
v 0.057381 0.006229 -0.019733
v 0.061463 0.006392 -0.023955
v 0.060658 0.006363 -0.021056
v 0.064338 0.006485 -0.025129
v 0.063559 0.006462 -0.022141
v 0.067740 0.006571 -0.026259
v 0.067052 0.006555 -0.023208
v 0.066367 0.006539 -0.019842
v 0.062732 0.006436 -0.018943
v 0.065738 0.006523 -0.014966
v 0.065254 0.006510 -0.009858
v 0.061986 0.006411 -0.014401
v 0.061379 0.006389 -0.009344
v 0.058908 0.006294 -0.013779
v 0.058171 0.006263 -0.009121
v 0.055593 0.006147 -0.013070
v 0.059865 0.006333 -0.018084
v 0.056598 0.006194 -0.017009
v 0.051808 0.005955 -0.014840
v 0.050672 0.005893 -0.011668
v 0.050004 0.005856 -0.015612
v 0.049963 0.005853 -0.015642
v 0.047951 0.005737 -0.012347
v 0.047894 0.005734 -0.012367
v 0.047048 0.005683 -0.008588
v 0.046987 0.005680 -0.008594
v 0.048119 0.005747 -0.003800
v 0.049765 0.005842 -0.008050
v 0.054650 0.006101 -0.008602
v 0.050834 0.005902 -0.003697
v 0.049237 0.005812 -0.002595
v 0.054170 0.006077 -0.004793
v 0.057756 0.006245 -0.005113
v 0.054070 0.006072 -0.002054
v 0.054017 0.006070 -0.000581
v 0.057636 0.006240 -0.002165
v 0.057572 0.006237 -0.000581
v 0.060935 0.006373 -0.002254
v 0.061040 0.006377 -0.005367
v 0.060879 0.006371 -0.000581
v 0.064894 0.006501 -0.002342
v 0.064980 0.006503 -0.005618
v 0.064848 0.006499 -0.000581
v 0.064894 0.006501 0.001180
v 0.064980 0.006503 0.004456
v 0.060935 0.006373 0.001092
v 0.061040 0.006377 0.004206
v 0.057636 0.006240 0.001004
v 0.057756 0.006245 0.003951
v 0.054070 0.006072 0.000892
v 0.054170 0.006077 0.003631
v 0.049237 0.005812 0.001433
v 0.050834 0.005902 0.002535
v 0.048626 0.005777 -0.000581
v 0.046228 0.005633 0.001498
v 0.046184 0.005631 0.001517
v 0.048119 0.005747 0.002638
v 0.045127 0.005565 -0.000581
v 0.045068 0.005562 -0.000581
v 0.046228 0.005633 -0.002660
v 0.046184 0.005631 -0.002679
v 0.048075 0.005744 -0.003809
v 0.048075 0.005744 0.002647
v 0.047048 0.005683 0.007426
v 0.046987 0.005680 0.007432
v 0.047951 0.005737 0.011186
v 0.049765 0.005842 0.006888
v 0.050672 0.005893 0.010506
v 0.054650 0.006101 0.007440
v 0.058171 0.006263 0.007959
v 0.055593 0.006147 0.011908
v 0.058908 0.006294 0.012617
v 0.056598 0.006194 0.015847
v 0.059865 0.006333 0.016923
v 0.051808 0.005955 0.013678
v 0.057381 0.006229 0.018571
v 0.060658 0.006363 0.019894
v 0.058473 0.006276 0.021468
v 0.054579 0.006098 0.016408
v 0.054367 0.006087 0.019780
v 0.053414 0.006039 0.016489
v 0.053359 0.006037 0.016500
v 0.052469 0.005990 0.020123
v 0.050004 0.005856 0.014450
v 0.049963 0.005853 0.014480
v 0.047894 0.005734 0.011205
v 0.052397 0.005986 0.020129
v 0.053435 0.006040 0.024903
v 0.053385 0.006038 0.024943
v 0.056199 0.006175 0.025361
v 0.055197 0.006128 0.023743
v 0.060015 0.006339 0.024956
v 0.056952 0.006210 0.024820
v 0.057354 0.006228 0.027376
v 0.059677 0.006325 0.027780
v 0.055783 0.006156 0.028954
v 0.055748 0.006154 0.028989
v 0.059170 0.006305 0.028376
v 0.059143 0.006304 0.028409
v 0.059405 0.006314 0.032184
v 0.059381 0.006313 0.032228
v 0.062623 0.006432 0.031171
v 0.060962 0.006374 0.029075
v 0.063896 0.006472 0.029212
v 0.062564 0.006430 0.026352
v 0.065378 0.006514 0.032564
v 0.066418 0.006540 0.028264
v 0.070544 0.006627 0.033131
v 0.064059 0.006477 0.035817
v 0.064023 0.006476 0.035891
v 0.070197 0.006621 0.035580
v 0.070198 0.006621 0.035663
v 0.071454 0.006643 0.034861
v 0.071444 0.006643 0.034916
v 0.072688 0.006664 0.038238
v 0.071795 0.006649 0.031940
v 0.071277 0.006640 0.030021
v 0.073667 0.006679 0.034197
v 0.075539 0.006705 0.036455
v 0.073308 0.006673 0.030611
v 0.075043 0.006699 0.031025
v 0.072520 0.006661 0.026234
v 0.074800 0.006695 0.026649
v 0.070439 0.006625 0.025751
v 0.071991 0.006652 0.023134
v 0.069817 0.006614 0.022666
v 0.074436 0.006690 0.023538
v 0.071394 0.006642 0.019573
v 0.069106 0.006600 0.019176
v 0.074022 0.006684 0.019912
v 0.070833 0.006632 0.014400
v 0.073640 0.006678 0.014654
v 0.068436 0.006586 0.014126
v 0.070413 0.006625 0.009218
v 0.067921 0.006575 0.008973
v 0.073361 0.006674 0.009449
v 0.065254 0.006510 0.008696
v 0.067620 0.006568 0.004579
v 0.065738 0.006523 0.013804
v 0.061379 0.006389 0.008182
v 0.061986 0.006411 0.013239
v 0.062732 0.006436 0.017781
v 0.066367 0.006539 0.018680
v 0.063559 0.006462 0.020979
v 0.067052 0.006555 0.022046
v 0.064338 0.006485 0.023967
v 0.067740 0.006571 0.025097
v 0.061463 0.006392 0.022793
v 0.068967 0.006597 0.029314
v 0.076739 0.006720 0.020116
v 0.078502 0.006739 0.036744
v 0.075259 0.006702 0.040283
v 0.075243 0.006702 0.040350
v 0.078570 0.006740 0.040971
v 0.078567 0.006740 0.041045
v 0.081291 0.006759 0.041093
v 0.081300 0.006759 0.041166
v 0.083567 0.006765 0.040131
v 0.083563 0.006765 0.040182
v 0.085505 0.006795 0.043522
v 0.085505 0.006795 0.043552
v 0.087443 0.006765 0.040131
v 0.087447 0.006765 0.040182
v 0.089710 0.006760 0.041166
v 0.072659 0.006663 0.038281
v 0.062590 0.006431 0.031225
v 0.056157 0.006173 0.025392
v 0.053359 0.006037 -0.017662
v 0.055748 0.006154 -0.030151
v 0.064023 0.006465 -0.037045
v 0.075244 0.006639 -0.041487
v 0.078571 0.006660 -0.042108
v 0.078568 0.006658 -0.042181
v 0.081292 0.006675 -0.042216
v 0.078502 0.006723 -0.037899
v 0.081029 0.006739 -0.038164
v 0.077517 0.006729 -0.032630
v 0.080370 0.006753 -0.032973
v 0.077148 0.006725 -0.028098
v 0.077002 0.006724 -0.024977
v 0.079942 0.006751 -0.028372
v 0.079794 0.006750 -0.025232
v 0.082804 0.006764 -0.028602
v 0.082734 0.006763 -0.025459
v 0.085505 0.006766 -0.028720
v 0.083102 0.006763 -0.033217
v 0.083432 0.006745 -0.038480
v 0.085505 0.006765 -0.033348
v 0.085505 0.006742 -0.038920
v 0.087907 0.006764 -0.033217
v 0.087578 0.006745 -0.038480
v 0.088206 0.006764 -0.028602
v 0.090640 0.006755 -0.032973
v 0.093492 0.006733 -0.032630
v 0.089982 0.006741 -0.038164
v 0.091067 0.006754 -0.028372
v 0.093861 0.006730 -0.028098
v 0.091215 0.006753 -0.025232
v 0.094008 0.006728 -0.024977
v 0.091254 0.006752 -0.021514
v 0.088276 0.006764 -0.025459
v 0.085505 0.006766 -0.025575
v 0.088311 0.006764 -0.021715
v 0.085505 0.006766 -0.021820
v 0.088490 0.006764 -0.016242
v 0.088593 0.006764 -0.010986
v 0.085505 0.006766 -0.016259
v 0.091493 0.006751 -0.016132
v 0.094517 0.006722 -0.015993
v 0.091654 0.006750 -0.010889
v 0.094703 0.006720 -0.010769
v 0.094824 0.006719 -0.006035
v 0.097648 0.006680 -0.010610
v 0.097369 0.006685 -0.015816
v 0.097820 0.006678 -0.005962
v 0.100596 0.006632 -0.010379
v 0.103088 0.006584 -0.010134
v 0.100177 0.006640 -0.015562
v 0.100849 0.006628 -0.005854
v 0.103391 0.006577 -0.005741
v 0.100916 0.006626 -0.002424
v 0.103469 0.006576 -0.002385
v 0.097872 0.006677 -0.002462
v 0.100952 0.006626 -0.000581
v 0.103510 0.006575 -0.000581
v 0.097900 0.006677 -0.000581
v 0.100916 0.006626 0.001262
v 0.103469 0.006576 0.001223
v 0.097872 0.006677 0.001300
v 0.100849 0.006628 0.004692
v 0.103391 0.006577 0.004579
v 0.097820 0.006678 0.004800
v 0.100596 0.006632 0.009218
v 0.103088 0.006584 0.008973
v 0.097648 0.006680 0.009449
v 0.100177 0.006640 0.014400
v 0.097369 0.006685 0.014654
v 0.102573 0.006595 0.014127
v 0.099616 0.006649 0.019573
v 0.101903 0.006608 0.019176
v 0.096988 0.006690 0.019912
v 0.096574 0.006696 0.023538
v 0.094271 0.006725 0.020116
v 0.091254 0.006752 0.020352
v 0.094517 0.006722 0.014831
v 0.094703 0.006720 0.009607
v 0.091493 0.006751 0.014970
v 0.091654 0.006750 0.009727
v 0.088490 0.006764 0.015080
v 0.088593 0.006764 0.009824
v 0.088311 0.006764 0.020553
v 0.085505 0.006766 0.009881
v 0.094824 0.006719 0.004873
v 0.104645 0.006549 0.018680
v 0.108277 0.006449 0.017781
v 0.105271 0.006534 0.013804
v 0.105758 0.006522 0.008696
v 0.109027 0.006425 0.013239
v 0.109631 0.006404 0.008182
v 0.112104 0.006311 0.012617
v 0.112839 0.006281 0.007959
v 0.115420 0.006167 0.011908
v 0.111148 0.006349 0.016923
v 0.114415 0.006213 0.015847
v 0.119202 0.005978 0.013678
v 0.120339 0.005917 0.010506
v 0.121009 0.005880 0.014450
v 0.121051 0.005877 0.014480
v 0.123060 0.005763 0.011186
v 0.123117 0.005759 0.011205
v 0.123963 0.005709 0.007426
v 0.124024 0.005706 0.007432
v 0.122892 0.005772 0.002638
v 0.121248 0.005867 0.006888
v 0.116360 0.006122 0.007440
v 0.120179 0.005926 0.002535
v 0.121774 0.005837 0.001433
v 0.116843 0.006099 0.003631
v 0.113257 0.006263 0.003951
v 0.116943 0.006094 0.000892
v 0.116993 0.006091 -0.000581
v 0.113377 0.006258 0.001004
v 0.113441 0.006256 -0.000581
v 0.110078 0.006388 0.001092
v 0.109973 0.006392 0.004206
v 0.110134 0.006386 -0.000581
v 0.106115 0.006512 0.001180
v 0.106030 0.006514 0.004456
v 0.106162 0.006511 -0.000581
v 0.106115 0.006512 -0.002342
v 0.106030 0.006514 -0.005618
v 0.110078 0.006388 -0.002254
v 0.109973 0.006392 -0.005367
v 0.113377 0.006258 -0.002165
v 0.113257 0.006263 -0.005113
v 0.116943 0.006094 -0.002054
v 0.116843 0.006099 -0.004793
v 0.121774 0.005837 -0.002595
v 0.120179 0.005926 -0.003697
v 0.122387 0.005802 -0.000581
v 0.124783 0.005660 -0.002660
v 0.124827 0.005658 -0.002679
v 0.122892 0.005772 -0.003800
v 0.125884 0.005593 -0.000581
v 0.125943 0.005589 -0.000581
v 0.124783 0.005660 0.001498
v 0.124827 0.005658 0.001517
v 0.122936 0.005770 0.002647
v 0.122936 0.005770 -0.003809
v 0.123963 0.005709 -0.008588
v 0.124024 0.005706 -0.008594
v 0.123060 0.005763 -0.012347
v 0.121248 0.005867 -0.008050
v 0.120339 0.005917 -0.011668
v 0.116360 0.006122 -0.008602
v 0.112839 0.006281 -0.009121
v 0.115420 0.006167 -0.013070
v 0.112104 0.006311 -0.013779
v 0.114415 0.006213 -0.017009
v 0.111148 0.006349 -0.018084
v 0.119202 0.005978 -0.014840
v 0.113629 0.006248 -0.019733
v 0.110352 0.006379 -0.021056
v 0.112537 0.006294 -0.022630
v 0.116431 0.006119 -0.017569
v 0.116646 0.006108 -0.020941
v 0.117599 0.006061 -0.017651
v 0.117654 0.006058 -0.017662
v 0.118541 0.006012 -0.021285
v 0.121009 0.005880 -0.015612
v 0.121051 0.005877 -0.015642
v 0.123117 0.005759 -0.012367
v 0.118613 0.006009 -0.021291
v 0.117578 0.006062 -0.026065
v 0.117628 0.006059 -0.026105
v 0.114811 0.006195 -0.026523
v 0.115816 0.006148 -0.024904
v 0.110998 0.006354 -0.026118
v 0.114058 0.006229 -0.025982
v 0.113656 0.006246 -0.028538
v 0.111336 0.006342 -0.028941
v 0.115228 0.006175 -0.030115
v 0.115262 0.006174 -0.030151
v 0.111840 0.006322 -0.029538
v 0.111867 0.006321 -0.029571
v 0.111605 0.006330 -0.033345
v 0.111629 0.006329 -0.033389
v 0.108386 0.006445 -0.032332
v 0.110050 0.006389 -0.030237
v 0.107114 0.006484 -0.030374
v 0.108445 0.006444 -0.027513
v 0.105633 0.006523 -0.033724
v 0.104593 0.006550 -0.029426
v 0.100465 0.006632 -0.034291
v 0.106950 0.006478 -0.036972
v 0.106986 0.006477 -0.037045
v 0.100812 0.006619 -0.036738
v 0.100811 0.006618 -0.036821
v 0.099556 0.006643 -0.036019
v 0.099565 0.006643 -0.036074
v 0.098321 0.006641 -0.039389
v 0.099216 0.006655 -0.033101
v 0.099733 0.006647 -0.031182
v 0.097342 0.006680 -0.035355
v 0.095470 0.006696 -0.037610
v 0.097701 0.006679 -0.031772
v 0.095967 0.006704 -0.032186
v 0.098489 0.006667 -0.027396
v 0.096210 0.006701 -0.027811
v 0.100570 0.006633 -0.026912
v 0.099019 0.006659 -0.024296
v 0.101194 0.006621 -0.023828
v 0.096574 0.006696 -0.024700
v 0.099616 0.006649 -0.020735
v 0.101903 0.006608 -0.020337
v 0.096988 0.006690 -0.021074
v 0.094271 0.006725 -0.021278
v 0.104645 0.006549 -0.019842
v 0.102573 0.006595 -0.015288
v 0.105271 0.006534 -0.014966
v 0.105758 0.006522 -0.009858
v 0.109027 0.006425 -0.014401
v 0.109631 0.006404 -0.009344
v 0.108277 0.006449 -0.018943
v 0.107450 0.006474 -0.022141
v 0.103958 0.006565 -0.023208
v 0.106674 0.006497 -0.025129
v 0.103271 0.006580 -0.026259
v 0.109547 0.006407 -0.023955
v 0.102043 0.006605 -0.030476
v 0.092508 0.006727 -0.037899
v 0.095749 0.006645 -0.041420
v 0.095765 0.006644 -0.041487
v 0.092439 0.006663 -0.042108
v 0.092442 0.006662 -0.042181
v 0.089718 0.006677 -0.042216
v 0.089710 0.006676 -0.042289
v 0.087443 0.006707 -0.041268
v 0.087447 0.006706 -0.041321
v 0.085505 0.006656 -0.044282
v 0.085505 0.006656 -0.044317
v 0.083566 0.006707 -0.041268
v 0.083562 0.006706 -0.041321
v 0.081301 0.006674 -0.042289
v 0.098350 0.006640 -0.039432
v 0.108419 0.006444 -0.032386
v 0.114853 0.006193 -0.026554
v 0.117654 0.006058 0.016500
v 0.085505 0.006766 -0.011043
v 0.082520 0.006763 -0.016242
v 0.082416 0.006763 -0.010986
v 0.082699 0.006763 -0.021715
v 0.079517 0.006748 -0.016132
v 0.076492 0.006718 -0.015993
v 0.079357 0.006747 -0.010889
v 0.079755 0.006750 -0.021514
v 0.076739 0.006720 -0.021278
v 0.076306 0.006715 -0.010769
v 0.076186 0.006714 -0.006035
v 0.115262 0.006174 0.028989
v 0.087448 0.007006 -0.041326
v 0.078565 0.006958 -0.042186
v 0.075241 0.006939 -0.041490
v 0.075256 0.006940 -0.041423
v 0.072655 0.006934 -0.039434
v 0.072684 0.006934 -0.039391
v 0.071439 0.006936 -0.036075
v 0.071449 0.006936 -0.036020
v 0.070192 0.006911 -0.036822
v 0.070191 0.006911 -0.036739
v 0.064016 0.006765 -0.037046
v 0.064052 0.006766 -0.036973
v 0.062581 0.006730 -0.032386
v 0.062614 0.006731 -0.032332
v 0.059370 0.006612 -0.033390
v 0.059394 0.006613 -0.033345
v 0.059130 0.006604 -0.029571
v 0.059158 0.006605 -0.029538
v 0.055735 0.006454 -0.030151
v 0.055769 0.006455 -0.030116
v 0.056143 0.006473 -0.026554
v 0.056185 0.006475 -0.026523
v 0.053370 0.006337 -0.026105
v 0.053420 0.006340 -0.026065
v 0.052382 0.006286 -0.021291
v 0.052454 0.006290 -0.021285
v 0.053344 0.006336 -0.017662
v 0.053398 0.006339 -0.017651
v 0.049946 0.006153 -0.015642
v 0.049988 0.006155 -0.015612
v 0.047877 0.006033 -0.012367
v 0.047934 0.006037 -0.012347
v 0.046970 0.005979 -0.008594
v 0.047030 0.005983 -0.008588
v 0.048058 0.006044 -0.003809
v 0.048101 0.006046 -0.003800
v 0.046166 0.005930 -0.002679
v 0.046210 0.005933 -0.002659
v 0.045050 0.005861 -0.000581
v 0.045109 0.005865 -0.000581
v 0.046166 0.005930 0.001517
v 0.048058 0.006044 0.002647
v 0.046210 0.005933 0.001498
v 0.048101 0.006046 0.002638
v 0.049219 0.006111 0.001433
v 0.050818 0.006201 0.002535
v 0.048609 0.006076 -0.000581
v 0.054055 0.006372 0.000892
v 0.054155 0.006377 0.003631
v 0.054002 0.006369 -0.000581
v 0.057623 0.006540 0.001004
v 0.057559 0.006537 -0.000581
v 0.057743 0.006545 0.003951
v 0.060924 0.006673 0.001092
v 0.061029 0.006677 0.004206
v 0.060868 0.006671 -0.000581
v 0.064886 0.006801 0.001180
v 0.064972 0.006803 0.004456
v 0.064839 0.006799 -0.000581
v 0.067536 0.006867 0.001223
v 0.067494 0.006866 -0.000581
v 0.067613 0.006868 0.004579
v 0.070088 0.006919 0.001262
v 0.073133 0.006971 0.001300
v 0.070155 0.006920 0.004692
v 0.070052 0.006918 -0.000581
v 0.073105 0.006970 -0.000581
v 0.070088 0.006919 -0.002424
v 0.067536 0.006867 -0.002385
v 0.073133 0.006971 -0.002462
v 0.070155 0.006920 -0.005854
v 0.067613 0.006868 -0.005741
v 0.073185 0.006972 -0.005962
v 0.070407 0.006925 -0.010379
v 0.067915 0.006875 -0.010134
v 0.073357 0.006974 -0.010610
v 0.070828 0.006932 -0.015562
v 0.073636 0.006978 -0.015816
v 0.068430 0.006886 -0.015288
v 0.071389 0.006942 -0.020735
v 0.069100 0.006900 -0.020337
v 0.074018 0.006984 -0.021074
v 0.071986 0.006952 -0.024296
v 0.069811 0.006914 -0.023828
v 0.074431 0.006990 -0.024700
v 0.072515 0.006961 -0.027396
v 0.074796 0.006995 -0.027811
v 0.070433 0.006925 -0.026912
v 0.073303 0.006973 -0.031772
v 0.071271 0.006940 -0.031182
v 0.075039 0.006998 -0.032186
v 0.073663 0.006974 -0.035356
v 0.071789 0.006948 -0.033101
v 0.075536 0.006991 -0.037612
v 0.070538 0.006924 -0.034292
v 0.068960 0.006897 -0.030476
v 0.065371 0.006812 -0.033724
v 0.066410 0.006840 -0.029426
v 0.063887 0.006772 -0.030374
v 0.060951 0.006674 -0.030237
v 0.062555 0.006730 -0.027513
v 0.060003 0.006638 -0.026117
v 0.061452 0.006692 -0.023955
v 0.060646 0.006663 -0.021056
v 0.058460 0.006576 -0.022630
v 0.064329 0.006785 -0.025129
v 0.063550 0.006762 -0.022141
v 0.067734 0.006871 -0.026259
v 0.067044 0.006855 -0.023208
v 0.066359 0.006839 -0.019842
v 0.062723 0.006735 -0.018943
v 0.065730 0.006823 -0.014966
v 0.065246 0.006810 -0.009858
v 0.061976 0.006710 -0.014401
v 0.061369 0.006689 -0.009344
v 0.058896 0.006594 -0.013779
v 0.058158 0.006563 -0.009121
v 0.055579 0.006447 -0.013070
v 0.059853 0.006632 -0.018084
v 0.056584 0.006493 -0.017009
v 0.051793 0.006254 -0.014840
v 0.057368 0.006529 -0.019733
v 0.054564 0.006397 -0.017569
v 0.054352 0.006387 -0.020942
v 0.055183 0.006427 -0.024904
v 0.056939 0.006509 -0.025982
v 0.057341 0.006527 -0.028538
v 0.059665 0.006625 -0.028942
v 0.050656 0.006192 -0.011668
v 0.049749 0.006142 -0.008050
v 0.054636 0.006401 -0.008602
v 0.050818 0.006201 -0.003697
v 0.049219 0.006111 -0.002595
v 0.054155 0.006377 -0.004793
v 0.057743 0.006545 -0.005113
v 0.054055 0.006372 -0.002053
v 0.057623 0.006540 -0.002165
v 0.060924 0.006673 -0.002254
v 0.061029 0.006677 -0.005367
v 0.064886 0.006801 -0.002342
v 0.064972 0.006803 -0.005618
v 0.077145 0.007025 -0.028098
v 0.076999 0.007024 -0.024977
v 0.079792 0.007050 -0.025232
v 0.076735 0.007020 -0.021278
v 0.079753 0.007050 -0.021514
v 0.076488 0.007018 -0.015993
v 0.076303 0.007015 -0.010769
v 0.079515 0.007048 -0.016132
v 0.079354 0.007047 -0.010889
v 0.082519 0.007063 -0.016242
v 0.082415 0.007063 -0.010986
v 0.085505 0.007066 -0.016259
v 0.082698 0.007063 -0.021715
v 0.085505 0.007066 -0.021820
v 0.088311 0.007064 -0.021715
v 0.088490 0.007064 -0.016242
v 0.091256 0.007052 -0.021514
v 0.094275 0.007025 -0.021278
v 0.091495 0.007051 -0.016132
v 0.094521 0.007022 -0.015993
v 0.091656 0.007050 -0.010889
v 0.094706 0.007020 -0.010769
v 0.091749 0.007049 -0.006090
v 0.088594 0.007064 -0.010986
v 0.085505 0.007066 -0.011043
v 0.088645 0.007064 -0.006135
v 0.085505 0.007066 -0.006161
v 0.088661 0.007063 -0.002523
v 0.088669 0.007063 -0.000581
v 0.085505 0.007066 -0.002532
v 0.091777 0.007049 -0.002507
v 0.094863 0.007018 -0.002488
v 0.091793 0.007049 -0.000581
v 0.094883 0.007018 -0.000581
v 0.091777 0.007049 0.001345
v 0.094863 0.007018 0.001326
v 0.091749 0.007049 0.004928
v 0.088661 0.007063 0.001361
v 0.088645 0.007064 0.004973
v 0.085505 0.007066 0.001370
v 0.085505 0.007066 0.004999
v 0.085505 0.007066 -0.000581
v 0.082348 0.007062 0.001361
v 0.082340 0.007062 -0.000581
v 0.082364 0.007062 0.004973
v 0.079232 0.007046 0.001345
v 0.076146 0.007013 0.001326
v 0.079260 0.007046 0.004928
v 0.079216 0.007045 -0.000581
v 0.076127 0.007013 -0.000581
v 0.079232 0.007046 -0.002507
v 0.076146 0.007013 -0.002488
v 0.079260 0.007046 -0.006090
v 0.082348 0.007062 -0.002523
v 0.082364 0.007062 -0.006135
v 0.076182 0.007014 -0.006035
v 0.076182 0.007014 0.004873
v 0.079354 0.007047 0.009727
v 0.076303 0.007015 0.009607
v 0.079515 0.007048 0.014970
v 0.082415 0.007063 0.009824
v 0.082519 0.007063 0.015080
v 0.085505 0.007066 0.009881
v 0.085505 0.007066 0.015098
v 0.088594 0.007064 0.009824
v 0.088490 0.007064 0.015080
v 0.091656 0.007050 0.009727
v 0.094706 0.007020 0.009607
v 0.091495 0.007051 0.014970
v 0.094521 0.007022 0.014831
v 0.091256 0.007052 0.020352
v 0.091217 0.007053 0.024070
v 0.094275 0.007025 0.020116
v 0.088311 0.007064 0.020553
v 0.085505 0.007066 0.020658
v 0.088276 0.007064 0.024297
v 0.088206 0.007064 0.027440
v 0.085505 0.007066 0.024414
v 0.085505 0.007066 0.027558
v 0.082733 0.007063 0.024297
v 0.082803 0.007064 0.027440
v 0.082698 0.007063 0.020553
v 0.079792 0.007050 0.024070
v 0.076999 0.007024 0.023816
v 0.079940 0.007051 0.027210
v 0.079753 0.007050 0.020352
v 0.076735 0.007020 0.020116
v 0.076488 0.007017 0.014831
v 0.074018 0.006984 0.019912
v 0.074431 0.006990 0.023538
v 0.073636 0.006978 0.014654
v 0.071389 0.006942 0.019573
v 0.069100 0.006900 0.019176
v 0.070828 0.006932 0.014400
v 0.071986 0.006952 0.023134
v 0.069811 0.006914 0.022666
v 0.072515 0.006961 0.026234
v 0.074796 0.006995 0.026649
v 0.070433 0.006925 0.025751
v 0.073303 0.006973 0.030611
v 0.071271 0.006940 0.030021
v 0.075039 0.006999 0.031025
v 0.073662 0.006979 0.034197
v 0.071789 0.006949 0.031940
v 0.075536 0.007005 0.036455
v 0.072684 0.006964 0.038238
v 0.072654 0.006963 0.038281
v 0.075256 0.007002 0.040283
v 0.071448 0.006943 0.034861
v 0.071439 0.006943 0.034916
v 0.070191 0.006921 0.035580
v 0.070191 0.006921 0.035663
v 0.064052 0.006777 0.035818
v 0.070538 0.006927 0.033131
v 0.068960 0.006897 0.029315
v 0.065371 0.006814 0.032564
v 0.066410 0.006840 0.028264
v 0.063887 0.006772 0.029212
v 0.060951 0.006674 0.029076
v 0.062555 0.006730 0.026352
v 0.062614 0.006732 0.031171
v 0.062581 0.006731 0.031225
v 0.059394 0.006614 0.032184
v 0.059370 0.006613 0.032228
v 0.059158 0.006605 0.028376
v 0.059130 0.006604 0.028409
v 0.055769 0.006456 0.028954
v 0.059665 0.006625 0.027780
v 0.057341 0.006527 0.027376
v 0.060003 0.006638 0.024956
v 0.056939 0.006509 0.024820
v 0.055183 0.006427 0.023743
v 0.056185 0.006475 0.025361
v 0.056143 0.006473 0.025392
v 0.053420 0.006340 0.024903
v 0.053370 0.006337 0.024943
v 0.052454 0.006290 0.020123
v 0.052382 0.006286 0.020129
v 0.053398 0.006339 0.016489
v 0.054352 0.006387 0.019780
v 0.054564 0.006397 0.016407
v 0.058460 0.006576 0.021468
v 0.057368 0.006529 0.018571
v 0.061452 0.006692 0.022793
v 0.060646 0.006663 0.019894
v 0.064329 0.006785 0.023967
v 0.063550 0.006762 0.020979
v 0.067734 0.006871 0.025097
v 0.067044 0.006855 0.022046
v 0.066359 0.006839 0.018680
v 0.062723 0.006735 0.017781
v 0.065730 0.006823 0.013804
v 0.065246 0.006810 0.008696
v 0.068430 0.006886 0.014126
v 0.061976 0.006710 0.013239
v 0.061369 0.006689 0.008182
v 0.058896 0.006594 0.012617
v 0.058158 0.006563 0.007959
v 0.055579 0.006447 0.011908
v 0.059853 0.006632 0.016923
v 0.056584 0.006493 0.015847
v 0.051793 0.006254 0.013678
v 0.050656 0.006192 0.010506
v 0.049988 0.006155 0.014450
v 0.049946 0.006153 0.014480
v 0.047934 0.006037 0.011186
v 0.047877 0.006033 0.011205
v 0.047030 0.005983 0.007426
v 0.046970 0.005979 0.007432
v 0.049749 0.006142 0.006888
v 0.054636 0.006401 0.007440
v 0.053344 0.006336 0.016500
v 0.067915 0.006875 0.008973
v 0.070407 0.006925 0.009218
v 0.073357 0.006974 0.009449
v 0.073185 0.006972 0.004800
v 0.055735 0.006454 0.028989
v 0.064015 0.006776 0.035891
v 0.075240 0.007002 0.040350
v 0.078568 0.007040 0.040971
v 0.078564 0.007040 0.041045
v 0.081290 0.007059 0.041093
v 0.078499 0.007039 0.036744
v 0.081027 0.007057 0.037010
v 0.077514 0.007029 0.031469
v 0.080368 0.007054 0.031812
v 0.077145 0.007025 0.026937
v 0.083102 0.007064 0.032056
v 0.083431 0.007065 0.037326
v 0.085505 0.007066 0.032187
v 0.085505 0.007066 0.037769
v 0.087907 0.007065 0.032056
v 0.087578 0.007065 0.037326
v 0.090642 0.007056 0.031812
v 0.093495 0.007034 0.031469
v 0.089983 0.007059 0.037010
v 0.091069 0.007054 0.027210
v 0.093864 0.007030 0.026937
v 0.094011 0.007028 0.023816
v 0.092511 0.007043 0.036744
v 0.089720 0.007060 0.041093
v 0.092442 0.007043 0.040971
v 0.089712 0.007060 0.041166
v 0.087444 0.007065 0.040131
v 0.087448 0.007065 0.040182
v 0.085505 0.007095 0.043521
v 0.085505 0.007095 0.043551
v 0.083565 0.007065 0.040131
v 0.083561 0.007065 0.040182
v 0.081298 0.007059 0.041166
v 0.092446 0.007043 0.041045
v 0.095769 0.007007 0.040350
v 0.094827 0.007019 0.004873
v 0.094827 0.007019 -0.006035
v 0.094011 0.007028 -0.024977
v 0.069808 0.001477 0.032964
v 0.069808 0.001477 -0.033703
v 0.101475 0.001474 0.032964
v 0.101475 0.001474 -0.033703
v 0.069808 0.001477 -0.067036
v 0.101475 0.001474 -0.067036
v 0.069808 0.001477 -0.000369
v 0.101475 0.001474 -0.000369
v 0.069808 0.001477 0.066297
v 0.101475 0.001474 0.066297
v 0.069808 0.001477 -0.083703
v 0.069808 0.001477 0.049631
v 0.069808 0.001477 -0.017036
v 0.101475 0.001474 -0.083703
v 0.101475 0.001474 0.049631
v 0.101475 0.001474 -0.017036
v 0.053975 0.001979 0.032964
v 0.053975 0.001979 -0.033703
v 0.085642 0.001419 0.032964
v 0.085642 0.001419 -0.033703
v 0.117308 0.001991 0.032964
v 0.117308 0.001991 -0.033703
v 0.069808 0.001477 -0.050369
v 0.101475 0.001474 -0.050369
v 0.085642 0.001419 -0.067036
v 0.053975 0.001979 -0.067036
v 0.117308 0.001991 -0.067036
v 0.069808 0.001477 0.016297
v 0.101475 0.001474 0.016297
v 0.117308 0.001991 -0.000369
v 0.085642 0.001419 -0.000369
v 0.053975 0.001979 -0.000369
v 0.069808 0.001477 0.082964
v 0.101475 0.001474 0.082964
v 0.117308 0.001991 0.066297
v 0.085642 0.001419 0.066297
v 0.053975 0.001979 0.066297
v 0.053975 0.001979 0.082964
v 0.085642 0.001419 0.082964
v 0.117308 0.001991 0.082964
v 0.053975 0.001979 0.016297
v 0.085642 0.001419 0.016297
v 0.117308 0.001991 0.016297
v 0.117308 0.001991 -0.050369
v 0.053975 0.001979 -0.050369
v 0.085642 0.001419 -0.050369
v 0.117308 0.001991 -0.017036
v 0.117308 0.001991 0.049631
v 0.085642 0.001419 -0.017036
v 0.085642 0.001419 0.049631
v 0.053975 0.001979 -0.017036
v 0.053975 0.001979 0.049631
v 0.085642 0.001419 -0.083703
v 0.053975 0.001979 -0.083703
v 0.117308 0.001991 -0.083703
v 0.069808 0.001177 0.032964
v 0.069808 0.001177 -0.033703
v 0.101475 0.001174 0.032964
v 0.101475 0.001174 -0.033703
v 0.069808 0.001177 -0.067036
v 0.101475 0.001174 -0.067036
v 0.069808 0.001177 -0.000369
v 0.101475 0.001174 -0.000369
v 0.069808 0.001177 0.066297
v 0.101475 0.001174 0.066297
v 0.069808 0.001177 -0.083703
v 0.069808 0.001177 0.049631
v 0.069808 0.001177 -0.017036
v 0.101475 0.001174 -0.083703
v 0.101475 0.001174 0.049631
v 0.101475 0.001174 -0.017036
v 0.053975 0.001679 0.032964
v 0.053975 0.001679 -0.033703
v 0.085642 0.001119 0.032964
v 0.085642 0.001119 -0.033703
v 0.117308 0.001691 0.032964
v 0.117308 0.001691 -0.033703
v 0.069808 0.001177 -0.050369
v 0.101475 0.001174 -0.050369
v 0.085642 0.001119 -0.067036
v 0.053975 0.001679 -0.067036
v 0.117308 0.001691 -0.067036
v 0.069808 0.001177 0.016297
v 0.101475 0.001174 0.016297
v 0.117308 0.001691 -0.000369
v 0.085642 0.001119 -0.000369
v 0.053975 0.001679 -0.000369
v 0.069808 0.001177 0.082964
v 0.101475 0.001174 0.082964
v 0.117308 0.001691 0.066297
v 0.085642 0.001119 0.066297
v 0.053975 0.001679 0.066297
v 0.053975 0.001679 0.082964
v 0.085642 0.001119 0.082964
v 0.117308 0.001691 0.082964
v 0.053975 0.001679 0.016297
v 0.085642 0.001119 0.016297
v 0.117308 0.001691 0.016297
v 0.117308 0.001691 -0.050369
v 0.053975 0.001679 -0.050369
v 0.085642 0.001119 -0.050369
v 0.117308 0.001691 -0.017036
v 0.117308 0.001691 0.049631
v 0.085642 0.001119 -0.017036
v 0.085642 0.001119 0.049631
v 0.053975 0.001679 -0.017036
v 0.053975 0.001679 0.049631
v 0.085642 0.001119 -0.083703
v 0.053975 0.001679 -0.083703
v 0.117308 0.001691 -0.083703
v 0.038142 0.003021 0.099571
v 0.038202 0.003018 0.099631
v 0.038202 0.003077 0.099571
v 0.038142 0.003020 0.099631
v 0.038142 0.003079 0.099631
v 0.038202 0.003078 0.099631
v 0.038142 0.003079 0.099571
v 0.133082 0.002986 0.099631
v 0.133142 0.002989 0.099571
v 0.133082 0.003045 0.099571
v 0.133142 0.002988 0.099631
v 0.133142 0.003047 0.099631
v 0.133142 0.003047 0.099571
v 0.133082 0.003046 0.099631
v 0.038202 0.003018 -0.100369
v 0.038142 0.003021 -0.100309
v 0.038202 0.003077 -0.100309
v 0.038142 0.003020 -0.100369
v 0.038142 0.003079 -0.100369
v 0.038142 0.003079 -0.100309
v 0.038202 0.003078 -0.100369
v 0.133142 0.002989 -0.100309
v 0.133082 0.002986 -0.100369
v 0.133082 0.003045 -0.100309
v 0.133142 0.002988 -0.100369
v 0.133142 0.003047 -0.100369
v 0.133082 0.003046 -0.100369
v 0.133142 0.003047 -0.100309
v 0.038142 0.003020 -0.033703
v 0.038202 0.003077 -0.033703
v 0.038142 0.003079 -0.033703
v 0.038142 0.003020 0.032964
v 0.038202 0.003077 0.032964
v 0.038142 0.003079 0.032964
v 0.069808 0.001417 0.099631
v 0.069808 0.001477 0.099571
v 0.069808 0.001477 0.099631
v 0.101475 0.001414 0.099631
v 0.101475 0.001474 0.099571
v 0.101475 0.001474 0.099631
v 0.133142 0.002988 0.032964
v 0.133082 0.003045 0.032964
v 0.133142 0.003047 0.032964
v 0.133142 0.002988 -0.033703
v 0.133082 0.003045 -0.033703
v 0.133142 0.003047 -0.033703
v 0.101475 0.001414 -0.100369
v 0.101475 0.001474 -0.100309
v 0.101475 0.001474 -0.100369
v 0.069808 0.001417 -0.100369
v 0.069808 0.001477 -0.100309
v 0.069808 0.001477 -0.100369
v 0.133142 0.002988 -0.067036
v 0.133082 0.003045 -0.067036
v 0.133142 0.003047 -0.067036
v 0.038142 0.003020 -0.067036
v 0.038202 0.003077 -0.067036
v 0.038142 0.003079 -0.067036
v 0.038142 0.003020 -0.000369
v 0.038202 0.003077 -0.000369
v 0.038142 0.003079 -0.000369
v 0.133142 0.002988 -0.000369
v 0.133082 0.003045 -0.000369
v 0.133142 0.003047 -0.000369
v 0.038142 0.003020 0.066297
v 0.038202 0.003077 0.066297
v 0.038142 0.003079 0.066297
v 0.133142 0.002988 0.066297
v 0.133082 0.003045 0.066297
v 0.133142 0.003047 0.066297
v 0.038202 0.003077 0.082964
v 0.038142 0.003020 0.082964
v 0.038142 0.003079 0.082964
v 0.117308 0.001991 0.099571
v 0.117308 0.001931 0.099631
v 0.117308 0.001991 0.099631
v 0.133082 0.003045 -0.083703
v 0.133142 0.002988 -0.083703
v 0.133142 0.003047 -0.083703
v 0.053975 0.001979 -0.100309
v 0.053975 0.001919 -0.100369
v 0.053975 0.001979 -0.100369
v 0.038202 0.003077 -0.050369
v 0.038142 0.003020 -0.050369
v 0.038142 0.003079 -0.050369
v 0.038202 0.003077 0.016297
v 0.038142 0.003020 0.016297
v 0.038142 0.003079 0.016297
v 0.053975 0.001979 0.099571
v 0.053975 0.001919 0.099631
v 0.053975 0.001979 0.099631
v 0.085642 0.001419 0.099571
v 0.085642 0.001359 0.099631
v 0.085642 0.001419 0.099631
v 0.133082 0.003045 0.049631
v 0.133142 0.002988 0.049631
v 0.133142 0.003047 0.049631
v 0.133082 0.003045 -0.017036
v 0.133142 0.002988 -0.017036
v 0.133142 0.003047 -0.017036
v 0.117308 0.001991 -0.100309
v 0.117308 0.001931 -0.100369
v 0.117308 0.001991 -0.100369
v 0.085642 0.001419 -0.100309
v 0.085642 0.001359 -0.100369
v 0.085642 0.001419 -0.100369
v 0.133082 0.003045 -0.050369
v 0.133142 0.002988 -0.050369
v 0.133142 0.003047 -0.050369
v 0.038202 0.003077 -0.083703
v 0.038142 0.003020 -0.083703
v 0.038142 0.003079 -0.083703
v 0.038202 0.003077 -0.017036
v 0.038142 0.003020 -0.017036
v 0.038142 0.003079 -0.017036
v 0.133082 0.003045 0.016297
v 0.133142 0.002988 0.016297
v 0.133142 0.003047 0.016297
v 0.038202 0.003077 0.049631
v 0.038142 0.003020 0.049631
v 0.038142 0.003079 0.049631
v 0.133082 0.003045 0.082964
v 0.133142 0.002988 0.082964
v 0.133142 0.003047 0.082964
v 0.038142 0.002841 0.099571
v 0.038202 0.002777 0.099571
v 0.038202 0.002838 0.099631
v 0.038142 0.002779 0.099571
v 0.038142 0.002779 0.099631
v 0.038202 0.002778 0.099631
v 0.038142 0.002840 0.099631
v 0.133082 0.002806 0.099631
v 0.133082 0.002745 0.099571
v 0.133142 0.002809 0.099571
v 0.133082 0.002746 0.099631
v 0.133142 0.002747 0.099631
v 0.133142 0.002747 0.099571
v 0.133142 0.002808 0.099631
v 0.038202 0.002838 -0.100369
v 0.038202 0.002777 -0.100309
v 0.038142 0.002841 -0.100309
v 0.038202 0.002778 -0.100369
v 0.038142 0.002779 -0.100369
v 0.038142 0.002779 -0.100309
v 0.038142 0.002840 -0.100369
v 0.133142 0.002809 -0.100309
v 0.133082 0.002745 -0.100309
v 0.133082 0.002806 -0.100369
v 0.133142 0.002747 -0.100309
v 0.133142 0.002747 -0.100369
v 0.133082 0.002746 -0.100369
v 0.133142 0.002808 -0.100369
v 0.038202 0.002777 -0.033703
v 0.038142 0.002840 -0.033703
v 0.038142 0.002779 -0.033703
v 0.038202 0.002777 0.032964
v 0.038142 0.002840 0.032964
v 0.038142 0.002779 0.032964
v 0.069808 0.001177 0.099571
v 0.069808 0.001237 0.099631
v 0.069808 0.001177 0.099631
v 0.101475 0.001174 0.099571
v 0.101475 0.001234 0.099631
v 0.101475 0.001174 0.099631
v 0.133082 0.002745 0.032964
v 0.133142 0.002808 0.032964
v 0.133142 0.002747 0.032964
v 0.133082 0.002745 -0.033703
v 0.133142 0.002808 -0.033703
v 0.133142 0.002747 -0.033703
v 0.101475 0.001174 -0.100309
v 0.101475 0.001234 -0.100369
v 0.101475 0.001174 -0.100369
v 0.069808 0.001177 -0.100309
v 0.069808 0.001237 -0.100369
v 0.069808 0.001177 -0.100369
v 0.133082 0.002745 -0.067036
v 0.133142 0.002808 -0.067036
v 0.133142 0.002747 -0.067036
v 0.038202 0.002777 -0.067036
v 0.038142 0.002840 -0.067036
v 0.038142 0.002779 -0.067036
v 0.038202 0.002777 -0.000369
v 0.038142 0.002840 -0.000369
v 0.038142 0.002779 -0.000369
v 0.133082 0.002745 -0.000369
v 0.133142 0.002808 -0.000369
v 0.133142 0.002747 -0.000369
v 0.038202 0.002777 0.066297
v 0.038142 0.002840 0.066297
v 0.038142 0.002779 0.066297
v 0.133082 0.002745 0.066297
v 0.133142 0.002808 0.066297
v 0.133142 0.002747 0.066297
v 0.038142 0.002840 0.082964
v 0.038202 0.002777 0.082964
v 0.038142 0.002779 0.082964
v 0.117308 0.001751 0.099631
v 0.117308 0.001691 0.099571
v 0.117308 0.001691 0.099631
v 0.133142 0.002808 -0.083703
v 0.133082 0.002745 -0.083703
v 0.133142 0.002747 -0.083703
v 0.053975 0.001739 -0.100369
v 0.053975 0.001679 -0.100309
v 0.053975 0.001679 -0.100369
v 0.038142 0.002840 -0.050369
v 0.038202 0.002777 -0.050369
v 0.038142 0.002779 -0.050369
v 0.038142 0.002840 0.016297
v 0.038202 0.002777 0.016297
v 0.038142 0.002779 0.016297
v 0.053975 0.001739 0.099631
v 0.053975 0.001679 0.099571
v 0.053975 0.001679 0.099631
v 0.085642 0.001179 0.099631
v 0.085642 0.001119 0.099571
v 0.085642 0.001119 0.099631
v 0.133142 0.002808 0.049631
v 0.133082 0.002745 0.049631
v 0.133142 0.002747 0.049631
v 0.133142 0.002808 -0.017036
v 0.133082 0.002745 -0.017036
v 0.133142 0.002747 -0.017036
v 0.117308 0.001751 -0.100369
v 0.117308 0.001691 -0.100309
v 0.117308 0.001691 -0.100369
v 0.085642 0.001179 -0.100369
v 0.085642 0.001119 -0.100309
v 0.085642 0.001119 -0.100369
v 0.133142 0.002808 -0.050369
v 0.133082 0.002745 -0.050369
v 0.133142 0.002747 -0.050369
v 0.038142 0.002840 -0.083703
v 0.038202 0.002777 -0.083703
v 0.038142 0.002779 -0.083703
v 0.038142 0.002840 -0.017036
v 0.038202 0.002777 -0.017036
v 0.038142 0.002779 -0.017036
v 0.133142 0.002808 0.016297
v 0.133082 0.002745 0.016297
v 0.133142 0.002747 0.016297
v 0.038142 0.002840 0.049631
v 0.038202 0.002777 0.049631
v 0.038142 0.002779 0.049631
v 0.133142 0.002808 0.082964
v 0.133082 0.002745 0.082964
v 0.133142 0.002747 0.082964
v 0.131019 0.002757 0.099631
v 0.131019 0.002817 0.099631
v 0.131019 0.002816 0.099571
v 0.131019 0.002757 -0.100369
v 0.131019 0.002817 -0.100369
v 0.131019 0.002816 -0.100309
v 0.131019 0.002516 0.099571
v 0.131019 0.002517 0.099631
v 0.131019 0.002577 0.099631
v 0.131019 0.002516 -0.100309
v 0.131019 0.002517 -0.100369
v 0.131019 0.002577 -0.100369
v 0.131019 0.002816 0.082964
v 0.131019 0.002816 -0.083703
v 0.131019 0.002816 0.049631
v 0.131019 0.002816 0.032964
v 0.131019 0.002816 0.016297
v 0.131019 0.002816 -0.017036
v 0.131019 0.002816 -0.033703
v 0.131019 0.002816 -0.050369
v 0.131019 0.002816 -0.067036
v 0.131019 0.002816 -0.000369
v 0.131019 0.002816 0.066297
v 0.131019 0.002516 0.082964
v 0.131019 0.002516 -0.083703
v 0.131019 0.002516 0.049631
v 0.131019 0.002516 0.032964
v 0.131019 0.002516 0.016297
v 0.131019 0.002516 -0.017036
v 0.131019 0.002516 -0.033703
v 0.131019 0.002516 -0.050369
v 0.131019 0.002516 -0.067036
v 0.131019 0.002516 -0.000369
v 0.131019 0.002516 0.066297
v 0.040079 0.002776 -0.100369
v 0.040079 0.002836 -0.100369
v 0.040079 0.002835 -0.100309
v 0.040079 0.002776 0.099631
v 0.040079 0.002836 0.099631
v 0.040079 0.002835 0.099571
v 0.040079 0.002535 -0.100309
v 0.040079 0.002536 -0.100369
v 0.040079 0.002596 -0.100369
v 0.040079 0.002535 0.099571
v 0.040079 0.002536 0.099631
v 0.040079 0.002596 0.099631
v 0.040079 0.002835 0.082964
v 0.040079 0.002835 -0.083703
v 0.040079 0.002835 -0.033703
v 0.040079 0.002835 -0.050369
v 0.040079 0.002835 -0.017036
v 0.040079 0.002835 0.032964
v 0.040079 0.002835 0.016297
v 0.040079 0.002835 0.049631
v 0.040079 0.002835 -0.067036
v 0.040079 0.002835 -0.000369
v 0.040079 0.002835 0.066297
v 0.040079 0.002535 0.082964
v 0.040079 0.002535 -0.083703
v 0.040079 0.002535 -0.033703
v 0.040079 0.002535 -0.050369
v 0.040079 0.002535 -0.017036
v 0.040079 0.002535 0.032964
v 0.040079 0.002535 0.016297
v 0.040079 0.002535 0.049631
v 0.040079 0.002535 -0.067036
v 0.040079 0.002535 -0.000369
v 0.040079 0.002535 0.066297
v 0.099080 0.005857 0.097009
v 0.093614 0.005916 0.094742
v 0.099082 0.005819 0.089312
v 0.107944 0.005593 0.097009
v 0.097994 0.005788 0.102450
v 0.097985 0.005787 0.102499
v 0.089449 0.005916 0.098906
v 0.107940 0.005516 0.102450
v 0.107940 0.005516 0.102500
v 0.116897 0.005085 0.102450
v 0.116897 0.005084 0.102500
v 0.125840 0.004561 0.102450
v 0.116901 0.005182 0.097009
v 0.116904 0.005288 0.088988
v 0.125844 0.004670 0.097009
v 0.134782 0.004105 0.097009
v 0.125848 0.004785 0.088826
v 0.134785 0.004212 0.088664
v 0.125847 0.004777 0.074295
v 0.134784 0.004203 0.074295
v 0.116904 0.005282 0.074295
v 0.125847 0.004765 0.059417
v 0.134784 0.004191 0.059417
v 0.116904 0.005270 0.059417
v 0.125847 0.004759 0.044539
v 0.134784 0.004184 0.044539
v 0.116904 0.005267 0.044539
v 0.125847 0.004759 0.029661
v 0.134784 0.004183 0.029661
v 0.116904 0.005267 0.029661
v 0.125847 0.004759 0.014783
v 0.134784 0.004183 0.014783
v 0.116904 0.005267 0.014783
v 0.125847 0.004759 -0.000095
v 0.134784 0.004183 -0.000095
v 0.116904 0.005267 -0.000095
v 0.125847 0.004759 -0.014973
v 0.134784 0.004183 -0.014973
v 0.116904 0.005267 -0.014973
v 0.125847 0.004759 -0.029851
v 0.134784 0.004183 -0.029851
v 0.116904 0.005267 -0.029851
v 0.125847 0.004759 -0.044729
v 0.134784 0.004183 -0.044729
v 0.116904 0.005267 -0.044729
v 0.125847 0.004759 -0.059607
v 0.134784 0.004183 -0.059607
v 0.116904 0.005267 -0.059607
v 0.125847 0.004759 -0.074486
v 0.134784 0.004183 -0.074486
v 0.116904 0.005267 -0.074486
v 0.125847 0.004752 -0.089269
v 0.116904 0.005261 -0.089269
v 0.134784 0.004177 -0.089269
v 0.125844 0.004653 -0.097009
v 0.116900 0.005174 -0.097009
v 0.134782 0.004083 -0.097009
v 0.125840 0.004556 -0.102449
v 0.125840 0.004556 -0.102500
v 0.134779 0.003990 -0.102450
v 0.116897 0.005085 -0.102449
v 0.116897 0.005084 -0.102500
v 0.107940 0.005516 -0.102449
v 0.107940 0.005516 -0.102500
v 0.099050 0.005772 -0.102449
v 0.107944 0.005593 -0.097009
v 0.099080 0.005857 -0.097009
v 0.107947 0.005638 -0.089269
v 0.099082 0.005818 -0.089269
v 0.107947 0.005642 -0.074486
v 0.099082 0.005818 -0.074486
v 0.107947 0.005642 -0.059607
v 0.099082 0.005818 -0.059607
v 0.107947 0.005642 -0.044729
v 0.099082 0.005818 -0.044729
v 0.107947 0.005642 -0.029851
v 0.099082 0.005818 -0.029851
v 0.107947 0.005642 -0.014973
v 0.099082 0.005818 -0.014973
v 0.107947 0.005642 -0.000095
v 0.099082 0.005818 -0.000095
v 0.107947 0.005642 0.014783
v 0.099082 0.005818 0.014783
v 0.107947 0.005642 0.029661
v 0.099082 0.005818 0.029661
v 0.107947 0.005642 0.044539
v 0.099082 0.005818 0.044539
v 0.107947 0.005642 0.059417
v 0.099082 0.005818 0.059417
v 0.107947 0.005650 0.074295
v 0.099082 0.005818 0.074295
v 0.107947 0.005654 0.089150
v 0.091349 0.005916 0.074295
v 0.091349 0.005916 0.089269
v 0.091349 0.005916 0.059417
v 0.085910 0.005916 0.074295
v 0.085860 0.005916 0.074295
v 0.085910 0.005916 0.090351
v 0.085910 0.005916 0.059417
v 0.085860 0.005916 0.059417
v 0.085910 0.005916 0.044539
v 0.085860 0.005916 0.044539
v 0.085909 0.005916 0.029661
v 0.091349 0.005916 0.044539
v 0.091349 0.005916 0.029661
v 0.091349 0.005916 0.014783
v 0.091349 0.005916 -0.000095
v 0.085909 0.005916 0.014783
v 0.085860 0.005916 0.014783
v 0.085909 0.005916 -0.000095
v 0.085860 0.005916 -0.000095
v 0.085909 0.005916 -0.014973
v 0.085860 0.005916 -0.014973
v 0.085909 0.005916 -0.029851
v 0.091349 0.005916 -0.014973
v 0.091349 0.005916 -0.029851
v 0.091349 0.005916 -0.044729
v 0.091349 0.005916 -0.059607
v 0.085909 0.005916 -0.044729
v 0.085860 0.005916 -0.044729
v 0.085909 0.005916 -0.059607
v 0.085860 0.005916 -0.059607
v 0.085909 0.005916 -0.074486
v 0.085860 0.005916 -0.074486
v 0.085909 0.005916 -0.090351
v 0.091349 0.005916 -0.074486
v 0.091349 0.005916 -0.089269
v 0.093614 0.005916 -0.094742
v 0.089448 0.005916 -0.098907
v 0.089414 0.005916 -0.098942
v 0.089411 0.005966 -0.098945
v 0.085860 0.005916 -0.090361
v 0.099046 0.005771 -0.102498
v 0.099051 0.005821 -0.102501
v 0.107942 0.005566 -0.102501
v 0.099055 0.006021 -0.102503
v 0.099052 0.006071 -0.102503
v 0.089412 0.006166 -0.098946
v 0.107949 0.005766 -0.102504
v 0.107951 0.005815 -0.102505
v 0.116910 0.005334 -0.102504
v 0.116912 0.005384 -0.102505
v 0.125856 0.004805 -0.102504
v 0.116899 0.005134 -0.102501
v 0.125843 0.004605 -0.102501
v 0.134802 0.004038 -0.102501
v 0.134780 0.003993 -0.102500
v 0.135552 0.003219 -0.102500
v 0.134885 0.004211 -0.102504
v 0.134907 0.004256 -0.102505
v 0.135719 0.003217 -0.102500
v 0.135770 0.003217 -0.102500
v 0.134879 0.002228 -0.102497
v 0.134901 0.002183 -0.102496
v 0.118430 0.001288 -0.102498
v 0.134798 0.002401 -0.102499
v 0.134777 0.002446 -0.102500
v 0.118421 0.001487 -0.102500
v 0.118419 0.001538 -0.102500
v 0.102083 0.001054 -0.102500
v 0.102082 0.001104 -0.102500
v 0.085749 0.001051 -0.102500
v 0.102086 0.000855 -0.102499
v 0.102086 0.000804 -0.102499
v 0.085749 0.000852 -0.102500
v 0.085749 0.000802 -0.102500
v 0.069412 0.000855 -0.102499
v 0.069411 0.000804 -0.102499
v 0.053065 0.001288 -0.102498
v 0.069415 0.001054 -0.102500
v 0.069415 0.001104 -0.102500
v 0.053073 0.001487 -0.102500
v 0.053075 0.001538 -0.102500
v 0.036678 0.002401 -0.102499
v 0.036700 0.002446 -0.102500
v 0.035923 0.003219 -0.102500
v 0.036597 0.002228 -0.102497
v 0.036575 0.002182 -0.102496
v 0.035755 0.003217 -0.102500
v 0.035705 0.003217 -0.102500
v 0.036588 0.004211 -0.102504
v 0.036566 0.004256 -0.102505
v 0.045603 0.004805 -0.102504
v 0.036671 0.004038 -0.102501
v 0.036693 0.003993 -0.102500
v 0.045616 0.004605 -0.102501
v 0.045619 0.004556 -0.102500
v 0.054539 0.005134 -0.102501
v 0.054542 0.005084 -0.102500
v 0.063478 0.005565 -0.102501
v 0.054528 0.005333 -0.102504
v 0.054526 0.005383 -0.102505
v 0.063470 0.005765 -0.102504
v 0.063468 0.005815 -0.102505
v 0.073430 0.006037 -0.102504
v 0.073429 0.006087 -0.102503
v 0.082000 0.006166 -0.098946
v 0.073434 0.005837 -0.102501
v 0.073435 0.005787 -0.102499
v 0.082001 0.005966 -0.098945
v 0.081998 0.005916 -0.098942
v 0.085548 0.005966 -0.090361
v 0.085547 0.005916 -0.090361
v 0.085548 0.005966 -0.074486
v 0.085548 0.006166 -0.090361
v 0.085547 0.006216 -0.090361
v 0.085548 0.006166 -0.074486
v 0.085548 0.006216 -0.074486
v 0.085548 0.006166 -0.059607
v 0.085548 0.006216 -0.059607
v 0.085548 0.006166 -0.044729
v 0.085548 0.005966 -0.059607
v 0.085548 0.005916 -0.059607
v 0.085548 0.005966 -0.044729
v 0.085548 0.005916 -0.044729
v 0.085548 0.005966 -0.029851
v 0.085548 0.005916 -0.029851
v 0.085548 0.005966 -0.014973
v 0.085548 0.006166 -0.029851
v 0.085548 0.006216 -0.029851
v 0.085548 0.006166 -0.014973
v 0.085548 0.006216 -0.014973
v 0.085548 0.006166 -0.000095
v 0.085548 0.006216 -0.000095
v 0.085548 0.006166 0.014783
v 0.085548 0.005966 -0.000095
v 0.085548 0.005916 -0.000095
v 0.085548 0.005966 0.014783
v 0.085548 0.005916 0.014783
v 0.085548 0.005966 0.029661
v 0.085548 0.005916 0.029661
v 0.085548 0.005966 0.044539
v 0.085548 0.006166 0.029661
v 0.085548 0.006216 0.029661
v 0.085548 0.006166 0.044539
v 0.085548 0.006216 0.044539
v 0.085548 0.006166 0.059417
v 0.085548 0.006216 0.059417
v 0.085548 0.006166 0.074295
v 0.085548 0.005966 0.059417
v 0.085548 0.005916 0.059417
v 0.085548 0.005966 0.074295
v 0.085548 0.005916 0.074295
v 0.085548 0.005966 0.090361
v 0.085547 0.005916 0.090361
v 0.082001 0.005966 0.098945
v 0.085548 0.006166 0.090361
v 0.085547 0.006216 0.090361
v 0.082000 0.006166 0.098946
v 0.081997 0.006216 0.098943
v 0.073430 0.006037 0.102504
v 0.073429 0.006087 0.102503
v 0.063470 0.005765 0.102504
v 0.073434 0.005837 0.102501
v 0.073435 0.005787 0.102499
v 0.063478 0.005565 0.102501
v 0.063480 0.005515 0.102500
v 0.054539 0.005133 0.102501
v 0.054542 0.005084 0.102500
v 0.045616 0.004611 0.102501
v 0.054529 0.005333 0.102504
v 0.054526 0.005383 0.102505
v 0.045603 0.004810 0.102505
v 0.045600 0.004860 0.102506
v 0.036588 0.004224 0.102504
v 0.036566 0.004268 0.102505
v 0.035755 0.003230 0.102500
v 0.036671 0.004050 0.102501
v 0.036693 0.004005 0.102500
v 0.035923 0.003232 0.102500
v 0.035975 0.003233 0.102500
v 0.036678 0.002415 0.102499
v 0.036700 0.002461 0.102500
v 0.053073 0.001504 0.102499
v 0.036597 0.002242 0.102496
v 0.036575 0.002197 0.102496
v 0.053065 0.001305 0.102497
v 0.053062 0.001255 0.102497
v 0.069412 0.000857 0.102499
v 0.069411 0.000806 0.102499
v 0.085749 0.000852 0.102500
v 0.069415 0.001056 0.102500
v 0.069415 0.001106 0.102500
v 0.085749 0.001051 0.102500
v 0.085749 0.001102 0.102500
v 0.102083 0.001056 0.102500
v 0.102082 0.001106 0.102500
v 0.118421 0.001501 0.102499
v 0.102086 0.000856 0.102499
v 0.102086 0.000806 0.102499
v 0.118430 0.001302 0.102497
v 0.118432 0.001252 0.102497
v 0.134879 0.002239 0.102496
v 0.134901 0.002194 0.102496
v 0.135719 0.003228 0.102500
v 0.134798 0.002412 0.102499
v 0.134777 0.002458 0.102500
v 0.135552 0.003230 0.102500
v 0.135499 0.003231 0.102500
v 0.134802 0.004048 0.102501
v 0.134780 0.004003 0.102500
v 0.125843 0.004610 0.102501
v 0.134885 0.004222 0.102504
v 0.134907 0.004266 0.102505
v 0.125856 0.004810 0.102505
v 0.125859 0.004860 0.102506
v 0.116910 0.005334 0.102504
v 0.116912 0.005384 0.102505
v 0.107949 0.005765 0.102504
v 0.116899 0.005134 0.102501
v 0.107942 0.005566 0.102501
v 0.097985 0.005837 0.102501
v 0.089411 0.005966 0.098945
v 0.097989 0.006037 0.102503
v 0.097990 0.006087 0.102503
v 0.089412 0.006166 0.098946
v 0.089415 0.006216 0.098943
v 0.085860 0.006166 0.090361
v 0.085861 0.006216 0.090361
v 0.085860 0.006166 0.074295
v 0.085860 0.005966 0.090361
v 0.085861 0.005916 0.090361
v 0.085860 0.005966 0.074295
v 0.085860 0.005966 0.059417
v 0.085860 0.005966 0.044539
v 0.085860 0.006166 0.059417
v 0.085860 0.006216 0.059417
v 0.085860 0.006166 0.044539
v 0.085860 0.006216 0.044539
v 0.085860 0.006166 0.029661
v 0.085860 0.006216 0.029661
v 0.085860 0.006166 0.014783
v 0.085860 0.005966 0.029661
v 0.085860 0.005916 0.029661
v 0.085860 0.005966 0.014783
v 0.085860 0.005966 -0.000095
v 0.085860 0.005966 -0.014973
v 0.085860 0.006166 -0.000095
v 0.085860 0.006216 -0.000095
v 0.085860 0.006166 -0.014973
v 0.085860 0.006216 -0.014973
v 0.085860 0.006166 -0.029851
v 0.085860 0.006216 -0.029851
v 0.085860 0.006166 -0.044729
v 0.085860 0.005966 -0.029851
v 0.085860 0.005916 -0.029851
v 0.085860 0.005966 -0.044729
v 0.085860 0.005966 -0.059607
v 0.085860 0.005966 -0.074486
v 0.085860 0.006166 -0.059607
v 0.085860 0.006216 -0.059607
v 0.085860 0.006166 -0.074486
v 0.085860 0.006216 -0.074486
v 0.085860 0.006166 -0.090361
v 0.085860 0.006216 -0.090361
v 0.085860 0.005966 -0.090361
v 0.085909 0.006216 -0.090351
v 0.089415 0.006216 -0.098944
v 0.089449 0.006216 -0.098909
v 0.099056 0.006072 -0.102453
v 0.093616 0.006216 -0.094742
v 0.091351 0.006216 -0.089268
v 0.099086 0.006157 -0.097011
v 0.099087 0.006118 -0.089268
v 0.107955 0.005893 -0.097011
v 0.116916 0.005473 -0.097013
v 0.107957 0.005938 -0.089269
v 0.107951 0.005816 -0.102454
v 0.116912 0.005384 -0.102454
v 0.125859 0.004856 -0.102455
v 0.125859 0.004855 -0.102505
v 0.134909 0.004261 -0.102454
v 0.125862 0.004953 -0.097013
v 0.134911 0.004354 -0.097013
v 0.125866 0.005052 -0.089270
v 0.116919 0.005561 -0.089270
v 0.134914 0.004448 -0.089270
v 0.125866 0.005058 -0.074486
v 0.134914 0.004453 -0.074486
v 0.116919 0.005567 -0.074486
v 0.125866 0.005058 -0.059607
v 0.134914 0.004453 -0.059607
v 0.116919 0.005567 -0.059607
v 0.125866 0.005058 -0.044729
v 0.134914 0.004453 -0.044729
v 0.116919 0.005567 -0.044729
v 0.125866 0.005058 -0.029851
v 0.134914 0.004453 -0.029851
v 0.116919 0.005567 -0.029851
v 0.125866 0.005058 -0.014973
v 0.134914 0.004453 -0.014973
v 0.116919 0.005567 -0.014973
v 0.125866 0.005058 -0.000095
v 0.134914 0.004453 -0.000095
v 0.116919 0.005567 -0.000095
v 0.125866 0.005058 0.014783
v 0.134914 0.004453 0.014783
v 0.116919 0.005567 0.014783
v 0.125866 0.005058 0.029661
v 0.134914 0.004453 0.029661
v 0.116919 0.005567 0.029661
v 0.125866 0.005059 0.044539
v 0.134914 0.004455 0.044539
v 0.116919 0.005567 0.044539
v 0.125866 0.005064 0.059417
v 0.134914 0.004461 0.059417
v 0.116919 0.005570 0.059417
v 0.125866 0.005077 0.074295
v 0.134914 0.004473 0.074295
v 0.116919 0.005581 0.074295
v 0.125866 0.005085 0.088828
v 0.134914 0.004482 0.088666
v 0.116919 0.005588 0.088990
v 0.125862 0.004969 0.097013
v 0.134911 0.004375 0.097013
v 0.116916 0.005481 0.097013
v 0.125859 0.004861 0.102456
v 0.116912 0.005384 0.102455
v 0.134909 0.004271 0.102455
v 0.135784 0.003229 0.102450
v 0.134903 0.002191 0.102446
v 0.135770 0.003228 0.102500
v 0.135787 0.003334 0.097009
v 0.134906 0.002292 0.097005
v 0.135790 0.003439 0.088658
v 0.134909 0.002395 0.088650
v 0.135789 0.003430 0.074295
v 0.135789 0.003418 0.059417
v 0.134909 0.002387 0.074295
v 0.134909 0.002375 0.059417
v 0.118435 0.001373 0.074295
v 0.102087 0.000824 0.074295
v 0.118435 0.001365 0.059417
v 0.118435 0.001377 0.088742
v 0.102087 0.000825 0.088834
v 0.118433 0.001315 0.097006
v 0.102087 0.000814 0.097008
v 0.118432 0.001252 0.102447
v 0.102086 0.000806 0.102449
v 0.085749 0.000802 0.102450
v 0.069411 0.000807 0.102449
v 0.085749 0.000802 0.102500
v 0.085749 0.000802 0.097008
v 0.069411 0.000815 0.097008
v 0.085749 0.000802 0.088926
v 0.069410 0.000827 0.089018
v 0.085749 0.000802 0.074295
v 0.069410 0.000826 0.074295
v 0.085749 0.000802 0.059417
v 0.102087 0.000822 0.059417
v 0.069410 0.000824 0.059417
v 0.085749 0.000802 0.044539
v 0.102087 0.000821 0.044539
v 0.069410 0.000821 0.044539
v 0.085749 0.000802 0.029661
v 0.102087 0.000820 0.029661
v 0.069410 0.000821 0.029661
v 0.085749 0.000802 0.014783
v 0.102087 0.000820 0.014783
v 0.069410 0.000820 0.014783
v 0.085749 0.000802 -0.000095
v 0.102087 0.000820 -0.000095
v 0.069410 0.000820 -0.000095
v 0.085749 0.000802 -0.014973
v 0.102087 0.000820 -0.014973
v 0.069410 0.000820 -0.014973
v 0.085749 0.000802 -0.029851
v 0.102087 0.000820 -0.029851
v 0.069410 0.000820 -0.029851
v 0.085749 0.000802 -0.044729
v 0.102087 0.000820 -0.044729
v 0.069410 0.000820 -0.044729
v 0.085749 0.000802 -0.059607
v 0.102087 0.000820 -0.059607
v 0.069410 0.000820 -0.059607
v 0.085749 0.000802 -0.074486
v 0.102087 0.000820 -0.074486
v 0.069410 0.000820 -0.074486
v 0.085749 0.000802 -0.089268
v 0.069410 0.000820 -0.089268
v 0.102087 0.000820 -0.089268
v 0.085749 0.000802 -0.097008
v 0.069411 0.000811 -0.097008
v 0.102087 0.000811 -0.097008
v 0.085749 0.000802 -0.102450
v 0.102086 0.000804 -0.102449
v 0.069411 0.000804 -0.102449
v 0.053063 0.001238 -0.102447
v 0.053063 0.001238 -0.102497
v 0.036574 0.002179 -0.102446
v 0.053060 0.001296 -0.097006
v 0.036568 0.002270 -0.097005
v 0.053058 0.001353 -0.089268
v 0.036563 0.002361 -0.089267
v 0.053058 0.001357 -0.074486
v 0.036563 0.002367 -0.074486
v 0.053058 0.001357 -0.059607
v 0.036563 0.002367 -0.059607
v 0.053058 0.001357 -0.044729
v 0.036563 0.002367 -0.044729
v 0.053058 0.001357 -0.029851
v 0.036563 0.002367 -0.029851
v 0.053058 0.001357 -0.014973
v 0.036563 0.002367 -0.014973
v 0.053058 0.001357 -0.000095
v 0.036563 0.002367 -0.000095
v 0.053058 0.001357 0.014783
v 0.036563 0.002367 0.014783
v 0.053058 0.001358 0.029661
v 0.036563 0.002367 0.029661
v 0.053057 0.001360 0.044539
v 0.036563 0.002369 0.044539
v 0.053057 0.001370 0.059417
v 0.036563 0.002380 0.059417
v 0.053057 0.001382 0.074295
v 0.036563 0.002398 0.074295
v 0.053057 0.001384 0.089109
v 0.036563 0.002401 0.089200
v 0.053060 0.001320 0.097006
v 0.036568 0.002297 0.097005
v 0.053062 0.001255 0.102447
v 0.036574 0.002193 0.102446
v 0.035691 0.003231 0.102450
v 0.035704 0.003230 0.102500
v 0.036564 0.004273 0.102455
v 0.035686 0.003338 0.097009
v 0.036559 0.004380 0.097013
v 0.035681 0.003445 0.089207
v 0.036554 0.004488 0.089213
v 0.035681 0.003441 0.074295
v 0.035681 0.003422 0.059417
v 0.036554 0.004485 0.074295
v 0.036554 0.004466 0.059417
v 0.045588 0.005087 0.074295
v 0.054513 0.005589 0.074295
v 0.045588 0.005067 0.059417
v 0.045588 0.005090 0.089251
v 0.054513 0.005592 0.089288
v 0.045594 0.004972 0.097014
v 0.054519 0.005482 0.097013
v 0.045600 0.004861 0.102456
v 0.054526 0.005384 0.102455
v 0.063468 0.005816 0.102455
v 0.063468 0.005815 0.102505
v 0.073420 0.006088 0.102454
v 0.063462 0.005892 0.097012
v 0.072331 0.006157 0.097011
v 0.063457 0.005957 0.089324
v 0.072328 0.006119 0.089360
v 0.063457 0.005955 0.074295
v 0.072328 0.006118 0.074295
v 0.063457 0.005941 0.059417
v 0.054513 0.005571 0.059417
v 0.072328 0.006118 0.059417
v 0.063457 0.005941 0.044539
v 0.054513 0.005566 0.044539
v 0.072328 0.006118 0.044539
v 0.063457 0.005942 0.029661
v 0.054513 0.005566 0.029661
v 0.072328 0.006118 0.029661
v 0.063457 0.005942 0.014783
v 0.054513 0.005566 0.014783
v 0.072328 0.006118 0.014783
v 0.063457 0.005942 -0.000095
v 0.054513 0.005566 -0.000095
v 0.072328 0.006118 -0.000095
v 0.063457 0.005942 -0.014973
v 0.054513 0.005566 -0.014973
v 0.072328 0.006118 -0.014973
v 0.063457 0.005942 -0.029851
v 0.054513 0.005566 -0.029851
v 0.072328 0.006118 -0.029851
v 0.063457 0.005942 -0.044729
v 0.054513 0.005566 -0.044729
v 0.072328 0.006118 -0.044729
v 0.063457 0.005942 -0.059607
v 0.054513 0.005566 -0.059607
v 0.072328 0.006118 -0.059607
v 0.063457 0.005942 -0.074486
v 0.054513 0.005566 -0.074486
v 0.072328 0.006118 -0.074486
v 0.063456 0.005937 -0.089269
v 0.054513 0.005561 -0.089270
v 0.072328 0.006118 -0.089268
v 0.063461 0.005892 -0.097012
v 0.054519 0.005473 -0.097013
v 0.072331 0.006157 -0.097011
v 0.063468 0.005816 -0.102455
v 0.073420 0.006088 -0.102454
v 0.054526 0.005384 -0.102455
v 0.045600 0.004856 -0.102455
v 0.045600 0.004855 -0.102505
v 0.036564 0.004260 -0.102455
v 0.045594 0.004953 -0.097013
v 0.036559 0.004354 -0.097013
v 0.045588 0.005052 -0.089270
v 0.036554 0.004447 -0.089270
v 0.045588 0.005058 -0.074486
v 0.036554 0.004453 -0.074486
v 0.045588 0.005058 -0.059607
v 0.036554 0.004453 -0.059607
v 0.045588 0.005058 -0.044729
v 0.036554 0.004453 -0.044729
v 0.045588 0.005058 -0.029851
v 0.036554 0.004453 -0.029851
v 0.045588 0.005058 -0.014973
v 0.036554 0.004453 -0.014973
v 0.045588 0.005058 -0.000095
v 0.036554 0.004453 -0.000095
v 0.045588 0.005058 0.014783
v 0.036554 0.004453 0.014783
v 0.045588 0.005058 0.029661
v 0.036554 0.004453 0.029661
v 0.045588 0.005059 0.044539
v 0.036554 0.004455 0.044539
v 0.035681 0.003412 0.044539
v 0.035681 0.003410 0.029661
v 0.035681 0.003409 0.014783
v 0.035681 0.003409 -0.000095
v 0.035681 0.003409 -0.014973
v 0.035681 0.003409 -0.029851
v 0.035681 0.003409 -0.044729
v 0.035681 0.003409 -0.059607
v 0.035681 0.003410 -0.074486
v 0.035681 0.003404 -0.089269
v 0.035686 0.003312 -0.097009
v 0.035691 0.003217 -0.102450
v 0.081961 0.006216 -0.098908
v 0.081997 0.006216 -0.098943
v 0.085498 0.006216 -0.090351
v 0.077795 0.006216 -0.094742
v 0.080058 0.006216 -0.089268
v 0.080058 0.006216 -0.074486
v 0.080058 0.006216 -0.059607
v 0.085498 0.006216 -0.074486
v 0.085498 0.006216 -0.059607
v 0.085498 0.006216 -0.044729
v 0.085548 0.006216 -0.044729
v 0.085498 0.006216 -0.029851
v 0.080058 0.006216 -0.044729
v 0.080058 0.006216 -0.029851
v 0.080058 0.006216 -0.014973
v 0.080058 0.006216 -0.000095
v 0.085498 0.006216 -0.014973
v 0.085498 0.006216 -0.000095
v 0.085498 0.006216 0.014783
v 0.085548 0.006216 0.014783
v 0.085498 0.006216 0.029661
v 0.080058 0.006216 0.014783
v 0.080058 0.006216 0.029661
v 0.080058 0.006216 0.044539
v 0.080058 0.006216 0.059417
v 0.085498 0.006216 0.044539
v 0.085498 0.006216 0.059417
v 0.085498 0.006216 0.074295
v 0.085548 0.006216 0.074295
v 0.085498 0.006216 0.090351
v 0.080058 0.006216 0.074295
v 0.080058 0.006216 0.089268
v 0.077795 0.006216 0.094742
v 0.081962 0.006216 0.098908
v 0.118432 0.001238 -0.102447
v 0.134903 0.002179 -0.102446
v 0.118432 0.001238 -0.102497
v 0.118433 0.001296 -0.097006
v 0.134906 0.002270 -0.097005
v 0.118435 0.001353 -0.089268
v 0.134909 0.002361 -0.089267
v 0.118435 0.001357 -0.074486
v 0.134909 0.002367 -0.074486
v 0.118435 0.001357 -0.059607
v 0.134909 0.002367 -0.059607
v 0.118435 0.001357 -0.044729
v 0.134909 0.002367 -0.044729
v 0.118435 0.001357 -0.029851
v 0.134909 0.002367 -0.029851
v 0.118435 0.001357 -0.014973
v 0.134909 0.002367 -0.014973
v 0.118435 0.001357 -0.000095
v 0.134909 0.002367 -0.000095
v 0.118435 0.001357 0.014783
v 0.134909 0.002367 0.014783
v 0.118435 0.001358 0.029661
v 0.134909 0.002367 0.029661
v 0.118435 0.001359 0.044539
v 0.134909 0.002368 0.044539
v 0.135789 0.003411 0.044539
v 0.135789 0.003410 0.029661
v 0.135789 0.003410 0.014783
v 0.135789 0.003410 -0.000095
v 0.135789 0.003410 -0.014973
v 0.135789 0.003410 -0.029851
v 0.135789 0.003410 -0.044729
v 0.135789 0.003410 -0.059607
v 0.135789 0.003410 -0.074486
v 0.135789 0.003405 -0.089269
v 0.135787 0.003312 -0.097009
v 0.135784 0.003218 -0.102450
v 0.107951 0.005816 0.102455
v 0.107951 0.005815 0.102505
v 0.098000 0.006088 0.102454
v 0.107955 0.005892 0.097012
v 0.099086 0.006157 0.097011
v 0.107957 0.005954 0.089151
v 0.099087 0.006118 0.089312
v 0.107956 0.005950 0.074295
v 0.099087 0.006118 0.074295
v 0.107956 0.005942 0.059417
v 0.099087 0.006118 0.059417
v 0.107956 0.005942 0.044539
v 0.099087 0.006118 0.044539
v 0.107956 0.005942 0.029661
v 0.099087 0.006118 0.029661
v 0.107956 0.005942 0.014783
v 0.099087 0.006118 0.014783
v 0.107956 0.005942 -0.000095
v 0.099087 0.006118 -0.000095
v 0.107956 0.005942 -0.014973
v 0.099087 0.006118 -0.014973
v 0.107956 0.005942 -0.029851
v 0.099087 0.006118 -0.029851
v 0.107956 0.005942 -0.044729
v 0.099087 0.006118 -0.044729
v 0.107956 0.005942 -0.059607
v 0.099087 0.006118 -0.059607
v 0.107957 0.005942 -0.074486
v 0.099087 0.006118 -0.074486
v 0.091351 0.006216 -0.074486
v 0.091351 0.006216 -0.059607
v 0.085909 0.006216 -0.074486
v 0.085909 0.006216 -0.059607
v 0.085909 0.006216 -0.044729
v 0.085909 0.006216 -0.029851
v 0.085860 0.006216 -0.044729
v 0.091351 0.006216 -0.044729
v 0.091351 0.006216 -0.029851
v 0.091351 0.006216 -0.014973
v 0.091351 0.006216 -0.000095
v 0.085909 0.006216 -0.014973
v 0.085909 0.006216 -0.000095
v 0.085909 0.006216 0.014783
v 0.085909 0.006216 0.029661
v 0.085860 0.006216 0.014783
v 0.091351 0.006216 0.014783
v 0.091351 0.006216 0.029661
v 0.091351 0.006216 0.044539
v 0.091351 0.006216 0.059417
v 0.085910 0.006216 0.044539
v 0.085910 0.006216 0.059417
v 0.085910 0.006216 0.074295
v 0.085910 0.006216 0.090351
v 0.085860 0.006216 0.074295
v 0.091351 0.006216 0.074295
v 0.091351 0.006216 0.089268
v 0.093616 0.006216 0.094742
v 0.089450 0.006216 0.098908
v 0.089413 0.005916 0.098942
v 0.125840 0.004560 0.102500
v 0.134779 0.004001 0.102450
v 0.135484 0.003232 0.102450
v 0.134775 0.002462 0.102450
v 0.135487 0.003334 0.097009
v 0.134778 0.002563 0.097009
v 0.135490 0.003439 0.088658
v 0.134780 0.002666 0.088651
v 0.135489 0.003430 0.074295
v 0.135489 0.003418 0.059417
v 0.134780 0.002658 0.074295
v 0.134780 0.002646 0.059417
v 0.118421 0.001673 0.074295
v 0.102082 0.001124 0.074295
v 0.118421 0.001665 0.059417
v 0.118421 0.001677 0.088743
v 0.102082 0.001125 0.088835
v 0.118420 0.001615 0.097009
v 0.102082 0.001114 0.097009
v 0.118419 0.001552 0.102450
v 0.118419 0.001551 0.102500
v 0.102082 0.001106 0.102450
v 0.085749 0.001102 0.102450
v 0.069415 0.001106 0.102450
v 0.085749 0.001102 0.097009
v 0.069415 0.001115 0.097009
v 0.085749 0.001102 0.088927
v 0.069415 0.001127 0.089018
v 0.085749 0.001102 0.074295
v 0.069415 0.001126 0.074295
v 0.085749 0.001102 0.059417
v 0.102082 0.001122 0.059417
v 0.069415 0.001123 0.059417
v 0.085749 0.001102 0.044539
v 0.102082 0.001121 0.044539
v 0.069415 0.001121 0.044539
v 0.085749 0.001102 0.029661
v 0.102082 0.001120 0.029661
v 0.069415 0.001120 0.029661
v 0.085749 0.001102 0.014783
v 0.102082 0.001120 0.014783
v 0.069415 0.001120 0.014783
v 0.085749 0.001102 -0.000095
v 0.102082 0.001120 -0.000095
v 0.069415 0.001120 -0.000095
v 0.085749 0.001102 -0.014973
v 0.102082 0.001120 -0.014973
v 0.069415 0.001120 -0.014973
v 0.085749 0.001102 -0.029851
v 0.102082 0.001120 -0.029851
v 0.069415 0.001120 -0.029851
v 0.085749 0.001102 -0.044729
v 0.102082 0.001120 -0.044729
v 0.069415 0.001120 -0.044729
v 0.085749 0.001102 -0.059607
v 0.102082 0.001120 -0.059607
v 0.069415 0.001120 -0.059607
v 0.085749 0.001102 -0.074486
v 0.102082 0.001120 -0.074486
v 0.069415 0.001120 -0.074486
v 0.085749 0.001102 -0.089269
v 0.069415 0.001120 -0.089269
v 0.102082 0.001120 -0.089269
v 0.085749 0.001102 -0.097009
v 0.069415 0.001110 -0.097009
v 0.102082 0.001110 -0.097009
v 0.085749 0.001102 -0.102450
v 0.085749 0.001102 -0.102500
v 0.102082 0.001104 -0.102450
v 0.069415 0.001104 -0.102450
v 0.053075 0.001538 -0.102450
v 0.036701 0.002451 -0.102450
v 0.053073 0.001596 -0.097009
v 0.036696 0.002541 -0.097009
v 0.053072 0.001653 -0.089269
v 0.036692 0.002632 -0.089269
v 0.053071 0.001657 -0.074486
v 0.036692 0.002638 -0.074486
v 0.053071 0.001657 -0.059607
v 0.036692 0.002638 -0.059607
v 0.053071 0.001657 -0.044729
v 0.036692 0.002638 -0.044729
v 0.053071 0.001657 -0.029851
v 0.036692 0.002638 -0.029851
v 0.053071 0.001657 -0.014973
v 0.036692 0.002638 -0.014973
v 0.053071 0.001657 -0.000095
v 0.036692 0.002638 -0.000095
v 0.053071 0.001657 0.014783
v 0.036692 0.002638 0.014783
v 0.053071 0.001657 0.029661
v 0.036692 0.002638 0.029661
v 0.053071 0.001660 0.044539
v 0.036692 0.002640 0.044539
v 0.053071 0.001669 0.059417
v 0.036692 0.002651 0.059417
v 0.053071 0.001682 0.074295
v 0.036692 0.002669 0.074295
v 0.053071 0.001684 0.089110
v 0.036691 0.002672 0.089202
v 0.053073 0.001620 0.097009
v 0.036696 0.002568 0.097009
v 0.053075 0.001555 0.102450
v 0.053075 0.001555 0.102500
v 0.036701 0.002465 0.102450
v 0.035991 0.003234 0.102450
v 0.036694 0.004003 0.102450
v 0.035986 0.003339 0.097009
v 0.036689 0.004110 0.097009
v 0.035981 0.003445 0.089207
v 0.036684 0.004217 0.089211
v 0.035981 0.003442 0.074295
v 0.035981 0.003423 0.059417
v 0.036684 0.004214 0.074295
v 0.036684 0.004196 0.059417
v 0.045606 0.004788 0.074295
v 0.054528 0.005290 0.074295
v 0.045606 0.004768 0.059417
v 0.045606 0.004790 0.089249
v 0.054528 0.005292 0.089286
v 0.045612 0.004673 0.097009
v 0.054534 0.005183 0.097009
v 0.045618 0.004562 0.102450
v 0.045619 0.004561 0.102500
v 0.054542 0.005085 0.102450
v 0.063479 0.005516 0.102450
v 0.073425 0.005788 0.102450
v 0.063472 0.005592 0.097009
v 0.072337 0.005857 0.097009
v 0.063466 0.005657 0.089323
v 0.072333 0.005819 0.089360
v 0.063466 0.005655 0.074295
v 0.072333 0.005818 0.074295
v 0.063466 0.005642 0.059417
v 0.054528 0.005271 0.059417
v 0.072333 0.005818 0.059417
v 0.063466 0.005642 0.044539
v 0.054528 0.005267 0.044539
v 0.072333 0.005818 0.044539
v 0.063466 0.005642 0.029661
v 0.054528 0.005267 0.029661
v 0.072333 0.005818 0.029661
v 0.063466 0.005642 0.014783
v 0.054528 0.005267 0.014783
v 0.072333 0.005818 0.014783
v 0.063466 0.005642 -0.000095
v 0.054528 0.005267 -0.000095
v 0.072333 0.005818 -0.000095
v 0.063466 0.005642 -0.014973
v 0.054528 0.005267 -0.014973
v 0.072333 0.005818 -0.014973
v 0.063466 0.005642 -0.029851
v 0.054528 0.005267 -0.029851
v 0.072333 0.005818 -0.029851
v 0.063466 0.005642 -0.044729
v 0.054528 0.005267 -0.044729
v 0.072333 0.005818 -0.044729
v 0.063466 0.005642 -0.059607
v 0.054528 0.005267 -0.059607
v 0.072333 0.005818 -0.059607
v 0.063466 0.005642 -0.074486
v 0.054528 0.005267 -0.074486
v 0.072333 0.005818 -0.074486
v 0.063466 0.005638 -0.089269
v 0.054528 0.005261 -0.089269
v 0.072333 0.005818 -0.089269
v 0.063472 0.005592 -0.097009
v 0.054535 0.005174 -0.097009
v 0.072337 0.005857 -0.097009
v 0.063479 0.005516 -0.102450
v 0.063480 0.005515 -0.102500
v 0.073425 0.005788 -0.102450
v 0.054542 0.005085 -0.102450
v 0.045618 0.004556 -0.102450
v 0.036694 0.003990 -0.102450
v 0.045612 0.004653 -0.097009
v 0.036689 0.004083 -0.097009
v 0.045606 0.004752 -0.089269
v 0.036684 0.004177 -0.089269
v 0.045606 0.004759 -0.074486
v 0.036684 0.004183 -0.074486
v 0.045606 0.004759 -0.059607
v 0.036684 0.004183 -0.059607
v 0.045606 0.004759 -0.044729
v 0.036684 0.004183 -0.044729
v 0.045606 0.004759 -0.029851
v 0.036684 0.004183 -0.029851
v 0.045606 0.004759 -0.014973
v 0.036684 0.004183 -0.014973
v 0.045606 0.004759 -0.000095
v 0.036684 0.004183 -0.000095
v 0.045606 0.004759 0.014783
v 0.036684 0.004183 0.014783
v 0.045606 0.004759 0.029661
v 0.036684 0.004183 0.029661
v 0.045606 0.004760 0.044539
v 0.036684 0.004185 0.044539
v 0.035981 0.003412 0.044539
v 0.035981 0.003410 0.029661
v 0.035981 0.003410 0.014783
v 0.035981 0.003410 -0.000095
v 0.035981 0.003410 -0.014973
v 0.035981 0.003410 -0.029851
v 0.035981 0.003410 -0.044729
v 0.035981 0.003410 -0.059607
v 0.035981 0.003410 -0.074486
v 0.035981 0.003404 -0.089269
v 0.035986 0.003312 -0.097009
v 0.035991 0.003220 -0.102450
v 0.035975 0.003219 -0.102500
v 0.081963 0.005916 -0.098906
v 0.085498 0.005916 -0.090351
v 0.077797 0.005916 -0.094742
v 0.080060 0.005916 -0.089269
v 0.080060 0.005916 -0.074486
v 0.080060 0.005916 -0.059607
v 0.085498 0.005916 -0.074486
v 0.085548 0.005916 -0.074486
v 0.085498 0.005916 -0.059607
v 0.085498 0.005916 -0.044729
v 0.085498 0.005916 -0.029851
v 0.080060 0.005916 -0.044729
v 0.080060 0.005916 -0.029851
v 0.080060 0.005916 -0.014973
v 0.080060 0.005916 -0.000095
v 0.085498 0.005916 -0.014973
v 0.085548 0.005916 -0.014973
v 0.085498 0.005916 -0.000095
v 0.085498 0.005916 0.014783
v 0.085498 0.005916 0.029661
v 0.080060 0.005916 0.014783
v 0.080060 0.005916 0.029661
v 0.080060 0.005916 0.044539
v 0.080060 0.005916 0.059417
v 0.085498 0.005916 0.044539
v 0.085548 0.005916 0.044539
v 0.085498 0.005916 0.059417
v 0.085498 0.005916 0.074295
v 0.085498 0.005916 0.090351
v 0.080060 0.005916 0.074295
v 0.080060 0.005916 0.089269
v 0.077797 0.005916 0.094742
v 0.081963 0.005916 0.098906
v 0.081998 0.005916 0.098942
v 0.118419 0.001538 -0.102450
v 0.134775 0.002451 -0.102450
v 0.118420 0.001596 -0.097009
v 0.134778 0.002541 -0.097009
v 0.118421 0.001653 -0.089269
v 0.134780 0.002632 -0.089269
v 0.118421 0.001657 -0.074486
v 0.134780 0.002638 -0.074486
v 0.118421 0.001657 -0.059607
v 0.134780 0.002638 -0.059607
v 0.118421 0.001657 -0.044729
v 0.134780 0.002638 -0.044729
v 0.118421 0.001657 -0.029851
v 0.134780 0.002638 -0.029851
v 0.118421 0.001657 -0.014973
v 0.134780 0.002638 -0.014973
v 0.118421 0.001657 -0.000095
v 0.134780 0.002638 -0.000095
v 0.118421 0.001657 0.014783
v 0.134780 0.002638 0.014783
v 0.118421 0.001657 0.029661
v 0.134780 0.002638 0.029661
v 0.118421 0.001659 0.044539
v 0.134780 0.002639 0.044539
v 0.135489 0.003412 0.044539
v 0.135489 0.003410 0.029661
v 0.135489 0.003410 0.014783
v 0.135489 0.003410 -0.000095
v 0.135489 0.003410 -0.014973
v 0.135489 0.003410 -0.029851
v 0.135489 0.003410 -0.044729
v 0.135489 0.003410 -0.059607
v 0.135489 0.003410 -0.074486
v 0.135489 0.003404 -0.089269
v 0.135487 0.003312 -0.097009
v 0.135484 0.003220 -0.102450
v 0.135499 0.003219 -0.102500
vt 0.771702 0.753198
vt 0.771257 0.752980
vt 0.771257 0.752980
vt 0.771702 0.753198
vt 0.771257 0.753538
vt 0.771702 0.753746
vt 0.771702 0.753746
vt 0.369721 0.881462
vt 0.370163 0.881245
vt 0.370163 0.881245
vt 0.369721 0.881462
vt 0.369721 0.882008
vt 0.369721 0.882008
vt 0.387649 0.872670
vt 0.387649 0.872670
vt 0.753686 0.744363
vt 0.753687 0.744363
vt 0.370163 0.881801
vt 0.387649 0.873610
vt 0.370163 0.893648
vt 0.369721 0.893648
vt 0.387649 0.893648
vt 0.370163 0.914899
vt 0.369721 0.914899
vt 0.387649 0.914899
vt 0.370163 0.936150
vt 0.369721 0.936150
vt 0.387649 0.936150
vt 0.370163 0.957401
vt 0.369721 0.957401
vt 0.387649 0.957401
vt 0.370163 0.978653
vt 0.369721 0.978653
vt 0.387649 0.978653
vt 0.370163 0.990436
vt 0.369721 0.990230
vt 0.387649 0.998591
vt 0.370163 0.991055
vt 0.369721 0.990838
vt 0.387649 0.999639
vt 0.370163 0.991055
vt 0.369721 0.990838
vt 0.387649 0.999639
vt 0.771257 0.863321
vt 0.771702 0.863102
vt 0.771702 0.863102
vt 0.771257 0.863321
vt 0.753686 0.871946
vt 0.753687 0.871945
vt 0.753398 0.872087
vt 0.753398 0.872087
vt 0.387936 0.999780
vt 0.387936 0.999780
vt 0.753687 0.870893
vt 0.771257 0.862698
vt 0.753398 0.871027
vt 0.753687 0.850858
vt 0.771257 0.850858
vt 0.753398 0.850858
vt 0.753687 0.829504
vt 0.771257 0.829504
vt 0.753398 0.829504
vt 0.753687 0.808150
vt 0.771257 0.808150
vt 0.753398 0.808150
vt 0.753687 0.786796
vt 0.771257 0.786796
vt 0.753398 0.786796
vt 0.753687 0.765442
vt 0.771257 0.765442
vt 0.753398 0.765442
vt 0.753687 0.745307
vt 0.753398 0.745172
vt 0.753398 0.744222
vt 0.753398 0.744222
vt 0.753072 0.744222
vt 0.753071 0.744222
vt 0.753072 0.745172
vt 0.387936 0.872529
vt 0.388261 0.872529
vt 0.388261 0.872529
vt 0.387936 0.872530
vt 0.738146 0.744222
vt 0.738146 0.744222
vt 0.403115 0.872529
vt 0.403115 0.872529
vt 0.388261 0.873476
vt 0.387936 0.873476
vt 0.403115 0.873476
vt 0.388261 0.893648
vt 0.387936 0.893648
vt 0.403115 0.893648
vt 0.388261 0.914899
vt 0.387936 0.914899
vt 0.403115 0.914899
vt 0.388261 0.936150
vt 0.387936 0.936150
vt 0.403115 0.936150
vt 0.388261 0.957401
vt 0.387936 0.957401
vt 0.403115 0.957401
vt 0.388261 0.978653
vt 0.387936 0.978653
vt 0.403115 0.978653
vt 0.388261 0.998725
vt 0.387936 0.998725
vt 0.403115 0.998725
vt 0.388261 0.999780
vt 0.403115 0.999780
vt 0.403115 0.999780
vt 0.388261 0.999780
vt 0.738146 0.872087
vt 0.753072 0.872087
vt 0.753071 0.872087
vt 0.738146 0.872087
vt 0.738146 0.871027
vt 0.753072 0.871027
vt 0.753072 0.850858
vt 0.738146 0.850858
vt 0.753072 0.829504
vt 0.738146 0.829504
vt 0.753072 0.808150
vt 0.738146 0.808150
vt 0.753072 0.786796
vt 0.738146 0.786796
vt 0.753072 0.765442
vt 0.738146 0.765442
vt 0.738146 0.745172
vt 0.722893 0.765442
vt 0.722893 0.745172
vt 0.722893 0.744222
vt 0.707640 0.765442
vt 0.707640 0.745172
vt 0.707640 0.744222
vt 0.692387 0.765442
vt 0.692387 0.745172
vt 0.692388 0.744222
vt 0.677135 0.765442
vt 0.677135 0.745172
vt 0.677135 0.744222
vt 0.666868 0.765867
vt 0.666868 0.745192
vt 0.666867 0.744222
vt 0.664890 0.765983
vt 0.664890 0.745196
vt 0.664890 0.744221
vt 0.662831 0.766222
vt 0.662832 0.745207
vt 0.662832 0.744222
vt 0.644920 0.754559
vt 0.644920 0.753701
vt 0.644920 0.772844
vt 0.629683 0.778749
vt 0.629668 0.762656
vt 0.629668 0.761901
vt 0.614416 0.783640
vt 0.614415 0.769566
vt 0.614415 0.768905
vt 0.599174 0.787843
vt 0.599163 0.774748
vt 0.599162 0.774134
vt 0.583911 0.790348
vt 0.583910 0.777757
vt 0.583910 0.777166
vt 0.568657 0.791015
vt 0.568657 0.778889
vt 0.568657 0.778320
vt 0.553403 0.790348
vt 0.553404 0.777757
vt 0.553404 0.777166
vt 0.538140 0.788373
vt 0.538151 0.774772
vt 0.538151 0.774134
vt 0.522897 0.784535
vt 0.522898 0.769605
vt 0.522899 0.768905
vt 0.507625 0.779681
vt 0.507645 0.762698
vt 0.507646 0.761901
vt 0.492393 0.772776
vt 0.492393 0.754556
vt 0.492393 0.753701
vt 0.476819 0.766529
vt 0.476811 0.745667
vt 0.476810 0.744688
vt 0.473838 0.765972
vt 0.473825 0.745195
vt 0.473823 0.744220
vt 0.472465 0.765861
vt 0.472465 0.745190
vt 0.472466 0.744221
vt 0.462317 0.745171
vt 0.462317 0.744220
vt 0.462317 0.765442
vt 0.447064 0.765442
vt 0.447064 0.745172
vt 0.447064 0.744220
vt 0.431811 0.765442
vt 0.431811 0.745171
vt 0.431811 0.744220
vt 0.410554 0.765442
vt 0.410554 0.745171
vt 0.410554 0.744220
vt 0.391218 0.765442
vt 0.391218 0.745172
vt 0.391218 0.744220
vt 0.380469 0.765442
vt 0.380469 0.745171
vt 0.380469 0.744220
vt 0.370507 0.765442
vt 0.370507 0.745172
vt 0.370507 0.744220
vt 0.369721 0.765442
vt 0.369721 0.745171
vt 0.369721 0.744220
vt 0.369721 0.745171
vt 0.369721 0.744220
vt 0.369721 0.765442
vt 0.769767 0.873475
vt 0.769767 0.893648
vt 0.769767 0.893648
vt 0.769767 0.873475
vt 0.769767 0.872528
vt 0.769767 0.872528
vt 0.768984 0.872528
vt 0.768985 0.872528
vt 0.370507 0.744220
vt 0.759070 0.872528
vt 0.759070 0.872528
vt 0.380469 0.744220
vt 0.748373 0.872528
vt 0.748373 0.872528
vt 0.391218 0.744220
vt 0.729130 0.872528
vt 0.729130 0.872528
vt 0.410554 0.744220
vt 0.707975 0.872528
vt 0.707975 0.872529
vt 0.431811 0.744220
vt 0.692796 0.872528
vt 0.692796 0.872528
vt 0.447064 0.744220
vt 0.677617 0.872528
vt 0.677617 0.872528
vt 0.462317 0.744220
vt 0.667517 0.872528
vt 0.667516 0.872528
vt 0.472466 0.744221
vt 0.666166 0.872528
vt 0.666166 0.872528
vt 0.473823 0.744220
vt 0.663193 0.872994
vt 0.663193 0.872994
vt 0.476810 0.744688
vt 0.647685 0.881963
vt 0.647685 0.881963
vt 0.492393 0.753701
vt 0.632506 0.890124
vt 0.632506 0.890124
vt 0.507646 0.761901
vt 0.617326 0.897094
vt 0.617326 0.897094
vt 0.522899 0.768905
vt 0.602147 0.902297
vt 0.602147 0.902297
vt 0.538151 0.774134
vt 0.586968 0.905315
vt 0.586968 0.905315
vt 0.553404 0.777166
vt 0.571788 0.906464
vt 0.571788 0.906464
vt 0.568657 0.778320
vt 0.556609 0.905315
vt 0.556609 0.905315
vt 0.583909 0.777166
vt 0.541430 0.902297
vt 0.541430 0.902297
vt 0.599162 0.774134
vt 0.526250 0.897094
vt 0.526250 0.897094
vt 0.614415 0.768905
vt 0.511071 0.890124
vt 0.511071 0.890124
vt 0.629668 0.761901
vt 0.495892 0.881963
vt 0.495892 0.881963
vt 0.644920 0.753701
vt 0.478066 0.872529
vt 0.478066 0.872530
vt 0.662832 0.744222
vt 0.476018 0.872529
vt 0.476018 0.872529
vt 0.664890 0.744221
vt 0.474050 0.872530
vt 0.474050 0.872530
vt 0.666867 0.744222
vt 0.463832 0.872529
vt 0.463832 0.872529
vt 0.677135 0.744222
vt 0.448653 0.872529
vt 0.448653 0.872529
vt 0.692388 0.744222
vt 0.433474 0.872529
vt 0.433474 0.872529
vt 0.707640 0.744222
vt 0.418294 0.872529
vt 0.418294 0.872530
vt 0.722893 0.744222
vt 0.433474 0.873476
vt 0.418294 0.873476
vt 0.433474 0.893648
vt 0.418294 0.893648
vt 0.448653 0.893648
vt 0.448653 0.873476
vt 0.463832 0.893648
vt 0.463832 0.873476
vt 0.474050 0.894071
vt 0.474050 0.873495
vt 0.476019 0.894186
vt 0.476018 0.873500
vt 0.478067 0.894424
vt 0.478066 0.873510
vt 0.495892 0.882817
vt 0.495892 0.901014
vt 0.511056 0.906891
vt 0.511070 0.890875
vt 0.526249 0.911758
vt 0.526250 0.897751
vt 0.541418 0.915941
vt 0.541429 0.902909
vt 0.556607 0.918433
vt 0.556609 0.905903
vt 0.571788 0.919098
vt 0.571788 0.907030
vt 0.586969 0.918433
vt 0.586968 0.905903
vt 0.602159 0.916469
vt 0.602147 0.902932
vt 0.617328 0.912649
vt 0.617326 0.897791
vt 0.632526 0.907818
vt 0.632506 0.890917
vt 0.647685 0.900946
vt 0.647685 0.882814
vt 0.663183 0.894730
vt 0.663193 0.873968
vt 0.666151 0.894176
vt 0.666164 0.873498
vt 0.667517 0.894065
vt 0.667517 0.873493
vt 0.677616 0.873475
vt 0.677616 0.893648
vt 0.692796 0.893648
vt 0.692796 0.873475
vt 0.707975 0.893648
vt 0.707975 0.873475
vt 0.729130 0.893648
vt 0.729130 0.873475
vt 0.748373 0.893648
vt 0.748373 0.873475
vt 0.759070 0.893648
vt 0.759070 0.873475
vt 0.768985 0.893648
vt 0.768985 0.873475
vt 0.768985 0.914899
vt 0.759070 0.914899
vt 0.769767 0.914899
vt 0.768985 0.936150
vt 0.759070 0.936150
vt 0.769767 0.936150
vt 0.768985 0.957401
vt 0.759070 0.957401
vt 0.769767 0.957401
vt 0.768985 0.978653
vt 0.759070 0.978653
vt 0.769767 0.978653
vt 0.768985 0.998721
vt 0.759070 0.998721
vt 0.769767 0.998721
vt 0.768985 0.999776
vt 0.759070 0.999776
vt 0.769767 0.999776
vt 0.748373 0.999776
vt 0.748373 0.998721
vt 0.748373 0.978653
vt 0.729130 0.999776
vt 0.729130 0.998721
vt 0.729130 0.978652
vt 0.707975 0.999776
vt 0.707975 0.998721
vt 0.707975 0.978653
vt 0.692796 0.999776
vt 0.692796 0.998721
vt 0.692796 0.978653
vt 0.677617 0.999776
vt 0.677616 0.998721
vt 0.677616 0.978653
vt 0.667516 0.999776
vt 0.667517 0.998702
vt 0.667517 0.978258
vt 0.666163 0.998696
vt 0.666151 0.978152
vt 0.666165 0.999776
vt 0.663192 0.999319
vt 0.663192 0.998235
vt 0.663183 0.977612
vt 0.647685 0.990514
vt 0.647685 0.989566
vt 0.647685 0.971525
vt 0.632506 0.982986
vt 0.632505 0.982080
vt 0.632500 0.964838
vt 0.617326 0.976789
vt 0.617326 0.976016
vt 0.617326 0.961313
vt 0.602147 0.972451
vt 0.602147 0.971811
vt 0.602144 0.959634
vt 0.586968 0.969820
vt 0.586967 0.969268
vt 0.586967 0.958772
vt 0.571788 0.968825
vt 0.571788 0.968308
vt 0.571788 0.958470
vt 0.556609 0.969820
vt 0.556609 0.969268
vt 0.556609 0.958772
vt 0.541430 0.972451
vt 0.541430 0.971827
vt 0.541432 0.959943
vt 0.526250 0.976789
vt 0.526250 0.976065
vt 0.526251 0.962287
vt 0.511071 0.982986
vt 0.511071 0.982127
vt 0.511072 0.965787
vt 0.495892 0.990514
vt 0.495892 0.989563
vt 0.495892 0.971459
vt 0.478066 0.999780
vt 0.478066 0.998688
vt 0.478067 0.977912
vt 0.476018 0.998699
vt 0.476019 0.978142
vt 0.476018 0.999780
vt 0.474050 0.999780
vt 0.474050 0.998705
vt 0.474050 0.978252
vt 0.463832 0.999780
vt 0.463832 0.998725
vt 0.463832 0.978653
vt 0.448653 0.999780
vt 0.448653 0.998725
vt 0.448653 0.978653
vt 0.433474 0.999780
vt 0.433474 0.998725
vt 0.433474 0.978653
vt 0.418294 0.999780
vt 0.418294 0.998725
vt 0.418294 0.978653
vt 0.418294 0.957401
vt 0.433474 0.957401
vt 0.418294 0.936150
vt 0.433474 0.936150
vt 0.418294 0.914899
vt 0.433474 0.914899
vt 0.448653 0.936150
vt 0.448653 0.914899
vt 0.463832 0.914899
vt 0.463832 0.936150
vt 0.448653 0.957401
vt 0.463832 0.957401
vt 0.474050 0.957155
vt 0.474050 0.936145
vt 0.476019 0.957087
vt 0.476019 0.936144
vt 0.474050 0.915149
vt 0.476019 0.915218
vt 0.478066 0.915360
vt 0.478065 0.936141
vt 0.495892 0.936186
vt 0.495892 0.919158
vt 0.511053 0.922661
vt 0.511057 0.936511
vt 0.511065 0.950255
vt 0.495892 0.953277
vt 0.478066 0.956948
vt 0.526250 0.948901
vt 0.526249 0.937065
vt 0.541428 0.948712
vt 0.541422 0.937716
vt 0.556609 0.948436
vt 0.556608 0.938257
vt 0.526249 0.925717
vt 0.541418 0.928087
vt 0.556607 0.929652
vt 0.571788 0.929997
vt 0.571788 0.938472
vt 0.586968 0.938257
vt 0.586969 0.929652
vt 0.602160 0.928128
vt 0.602154 0.937716
vt 0.586968 0.948436
vt 0.571788 0.948476
vt 0.602147 0.948278
vt 0.617326 0.948585
vt 0.617327 0.937065
vt 0.632508 0.950025
vt 0.632520 0.936511
vt 0.647685 0.953342
vt 0.647685 0.936186
vt 0.617328 0.926034
vt 0.632528 0.923241
vt 0.647685 0.919093
vt 0.663178 0.936143
vt 0.663180 0.915534
vt 0.666167 0.936144
vt 0.666161 0.915212
vt 0.666162 0.957092
vt 0.663180 0.956780
vt 0.667516 0.957158
vt 0.667516 0.936145
vt 0.677616 0.957401
vt 0.677616 0.936150
vt 0.692796 0.957401
vt 0.692796 0.936150
vt 0.677616 0.914899
vt 0.692796 0.914899
vt 0.667516 0.915145
vt 0.707975 0.914899
vt 0.707975 0.936150
vt 0.729130 0.936150
vt 0.729130 0.914899
vt 0.748373 0.914899
vt 0.748373 0.936150
vt 0.729130 0.957401
vt 0.707975 0.957401
vt 0.748373 0.957401
vt 0.433474 0.999780
vt 0.418294 0.999780
vt 0.707640 0.872087
vt 0.722893 0.872087
vt 0.722893 0.872087
vt 0.707640 0.872087
vt 0.448653 0.999780
vt 0.692387 0.872087
vt 0.692388 0.872087
vt 0.463832 0.999780
vt 0.677135 0.872087
vt 0.677135 0.872087
vt 0.474050 0.999780
vt 0.666868 0.872087
vt 0.666868 0.872087
vt 0.476018 0.999780
vt 0.664890 0.872087
vt 0.664890 0.872087
vt 0.478066 0.999780
vt 0.662832 0.872087
vt 0.662832 0.872087
vt 0.495892 0.990514
vt 0.644920 0.862776
vt 0.644920 0.862777
vt 0.511071 0.982986
vt 0.629668 0.855212
vt 0.629668 0.855212
vt 0.526250 0.976789
vt 0.614415 0.848985
vt 0.614415 0.848985
vt 0.541430 0.972452
vt 0.599162 0.844627
vt 0.599162 0.844627
vt 0.556609 0.969820
vt 0.583910 0.841983
vt 0.583909 0.841983
vt 0.571788 0.968825
vt 0.568657 0.840983
vt 0.568657 0.840982
vt 0.586968 0.969820
vt 0.553404 0.841983
vt 0.553404 0.841983
vt 0.602147 0.972452
vt 0.538151 0.844627
vt 0.538151 0.844627
vt 0.617326 0.976789
vt 0.522899 0.848985
vt 0.522899 0.848985
vt 0.632506 0.982986
vt 0.507646 0.855212
vt 0.507646 0.855212
vt 0.647685 0.990514
vt 0.492393 0.862776
vt 0.492393 0.862777
vt 0.663192 0.999319
vt 0.476811 0.871624
vt 0.476811 0.871624
vt 0.666165 0.999776
vt 0.473823 0.872083
vt 0.473823 0.872083
vt 0.667517 0.999776
vt 0.472466 0.872083
vt 0.472466 0.872083
vt 0.677617 0.999776
vt 0.462317 0.872083
vt 0.462317 0.872083
vt 0.692796 0.999776
vt 0.447064 0.872083
vt 0.447064 0.872083
vt 0.707975 0.999776
vt 0.431811 0.872083
vt 0.431811 0.872083
vt 0.729130 0.999776
vt 0.410554 0.872083
vt 0.410554 0.872083
vt 0.748373 0.999776
vt 0.391218 0.872083
vt 0.391218 0.872083
vt 0.759070 0.999776
vt 0.380469 0.872083
vt 0.380469 0.872083
vt 0.768985 0.999776
vt 0.370507 0.872083
vt 0.370507 0.872083
vt 0.769767 0.999776
vt 0.369721 0.872083
vt 0.369721 0.872083
vt 0.769767 0.998721
vt 0.369721 0.871024
vt 0.369721 0.871024
vt 0.769767 0.978652
vt 0.369721 0.850858
vt 0.369721 0.850858
vt 0.769767 0.957401
vt 0.369721 0.829504
vt 0.369721 0.829504
vt 0.769767 0.936150
vt 0.369721 0.808150
vt 0.369721 0.808150
vt 0.769767 0.914899
vt 0.369721 0.786796
vt 0.369721 0.786796
vt 0.370507 0.786796
vt 0.370507 0.808150
vt 0.380469 0.786796
vt 0.380469 0.808150
vt 0.370507 0.829504
vt 0.380469 0.829504
vt 0.370507 0.850858
vt 0.380469 0.850858
vt 0.370507 0.871024
vt 0.380469 0.871024
vt 0.391218 0.871024
vt 0.391218 0.850858
vt 0.410554 0.871024
vt 0.410554 0.850858
vt 0.431811 0.871024
vt 0.431811 0.850858
vt 0.447064 0.871024
vt 0.447064 0.850858
vt 0.462317 0.871024
vt 0.462317 0.850858
vt 0.472465 0.871004
vt 0.472466 0.850461
vt 0.473837 0.850355
vt 0.473825 0.870998
vt 0.476811 0.870535
vt 0.476820 0.849813
vt 0.492393 0.861824
vt 0.492393 0.843696
vt 0.507646 0.854302
vt 0.507651 0.836976
vt 0.522898 0.848209
vt 0.522899 0.833434
vt 0.538151 0.843984
vt 0.538154 0.831747
vt 0.553404 0.841429
vt 0.553404 0.830881
vt 0.568657 0.840463
vt 0.568657 0.830578
vt 0.583909 0.841429
vt 0.583909 0.830881
vt 0.599162 0.843999
vt 0.599160 0.832058
vt 0.614415 0.848257
vt 0.614415 0.834414
vt 0.629668 0.854349
vt 0.629667 0.837930
vt 0.644920 0.861820
vt 0.644920 0.843629
vt 0.662832 0.870990
vt 0.662831 0.850114
vt 0.664890 0.850345
vt 0.664890 0.871002
vt 0.666868 0.871007
vt 0.666868 0.850456
vt 0.677135 0.871027
vt 0.677135 0.850858
vt 0.692387 0.871027
vt 0.692387 0.850858
vt 0.707640 0.871027
vt 0.707640 0.850858
vt 0.722893 0.871027
vt 0.722893 0.850858
vt 0.707640 0.829504
vt 0.722893 0.829504
vt 0.707640 0.808150
vt 0.722893 0.808150
vt 0.707640 0.786796
vt 0.722893 0.786796
vt 0.692387 0.808150
vt 0.692387 0.786796
vt 0.677135 0.786796
vt 0.677135 0.808150
vt 0.692387 0.829504
vt 0.677135 0.829504
vt 0.666868 0.829257
vt 0.666867 0.808145
vt 0.664890 0.829188
vt 0.664890 0.808143
vt 0.664890 0.787117
vt 0.666868 0.787047
vt 0.662833 0.787259
vt 0.662833 0.808141
vt 0.644920 0.808186
vt 0.644920 0.791076
vt 0.629686 0.794596
vt 0.629682 0.808512
vt 0.629674 0.822323
vt 0.644920 0.825360
vt 0.662833 0.829048
vt 0.614415 0.820963
vt 0.614416 0.809069
vt 0.599164 0.820773
vt 0.599170 0.809723
vt 0.583910 0.820496
vt 0.583910 0.810267
vt 0.599174 0.800048
vt 0.614416 0.797667
vt 0.583911 0.801620
vt 0.568657 0.801967
vt 0.568657 0.810483
vt 0.553403 0.810267
vt 0.553402 0.801620
vt 0.538138 0.800089
vt 0.538144 0.809723
vt 0.553404 0.820496
vt 0.568657 0.820535
vt 0.538151 0.820336
vt 0.522898 0.820645
vt 0.522898 0.809069
vt 0.507644 0.822092
vt 0.507632 0.808512
vt 0.492393 0.825425
vt 0.492393 0.808186
vt 0.507623 0.795178
vt 0.522897 0.797985
vt 0.492393 0.791010
vt 0.476825 0.808143
vt 0.476823 0.787434
vt 0.473821 0.808144
vt 0.473827 0.787111
vt 0.473827 0.829193
vt 0.476824 0.828879
vt 0.472466 0.829260
vt 0.472466 0.808145
vt 0.462317 0.829504
vt 0.462317 0.808150
vt 0.447064 0.829504
vt 0.447064 0.808150
vt 0.447064 0.786796
vt 0.462317 0.786796
vt 0.472466 0.787043
vt 0.431811 0.786796
vt 0.431811 0.808150
vt 0.410554 0.808150
vt 0.410554 0.786796
vt 0.391218 0.786796
vt 0.391218 0.808150
vt 0.410554 0.829504
vt 0.431811 0.829504
vt 0.391218 0.829504
vt 0.771702 0.765442
vt 0.771702 0.786796
vt 0.771702 0.765442
vt 0.771702 0.786796
vt 0.369721 0.893648
vt 0.369721 0.914899
vt 0.369721 0.936150
vt 0.771702 0.808150
vt 0.771702 0.808150
vt 0.369721 0.957401
vt 0.771702 0.829504
vt 0.771702 0.829504
vt 0.369721 0.978652
vt 0.771702 0.850858
vt 0.771702 0.850858
vt 0.369721 0.990230
vt 0.771702 0.862491
vt 0.771702 0.862491
vt 0.074890 0.530021
vt 0.071073 0.529206
vt 0.070467 0.519510
vt 0.074890 0.519752
vt 0.079313 0.519510
vt 0.078707 0.529206
vt 0.078459 0.534366
vt 0.074890 0.540595
vt 0.071321 0.534366
vt 0.074890 0.540683
vt 0.071328 0.534507
vt 0.078452 0.534507
vt 0.067129 0.536137
vt 0.067141 0.536274
vt 0.066645 0.528624
vt 0.062114 0.535914
vt 0.062112 0.536051
vt 0.061988 0.528136
vt 0.060173 0.518431
vt 0.065431 0.519061
vt 0.059494 0.510091
vt 0.064644 0.510595
vt 0.069917 0.511018
vt 0.074890 0.511234
vt 0.074890 0.505448
vt 0.069788 0.505234
vt 0.064371 0.504816
vt 0.079992 0.505234
vt 0.079863 0.511018
vt 0.085409 0.504816
vt 0.085136 0.510595
vt 0.084349 0.519061
vt 0.090286 0.510091
vt 0.089607 0.518431
vt 0.090557 0.504348
vt 0.087792 0.528136
vt 0.083136 0.528624
vt 0.087666 0.535914
vt 0.082651 0.536137
vt 0.082639 0.536274
vt 0.087668 0.536051
vt 0.093785 0.534777
vt 0.093766 0.534648
vt 0.093251 0.527604
vt 0.098542 0.530985
vt 0.098503 0.530885
vt 0.096701 0.523450
vt 0.094166 0.517613
vt 0.097362 0.516851
vt 0.100151 0.519296
vt 0.100778 0.524671
vt 0.101105 0.515765
vt 0.098814 0.508799
vt 0.102648 0.507909
vt 0.094614 0.509562
vt 0.095285 0.503837
vt 0.099789 0.503094
vt 0.103796 0.502234
vt 0.100889 0.496542
vt 0.105105 0.495811
vt 0.096047 0.497166
vt 0.101922 0.487025
vt 0.106341 0.486521
vt 0.096750 0.487492
vt 0.097264 0.477914
vt 0.102696 0.477489
vt 0.107289 0.477038
vt 0.103161 0.469162
vt 0.107847 0.468954
vt 0.097580 0.469361
vt 0.103284 0.462852
vt 0.107990 0.462779
vt 0.097676 0.462921
vt 0.103351 0.459460
vt 0.108067 0.459460
vt 0.097728 0.459460
vt 0.103284 0.456068
vt 0.107990 0.456141
vt 0.097676 0.455999
vt 0.103161 0.449758
vt 0.107847 0.449966
vt 0.097580 0.449559
vt 0.102696 0.441431
vt 0.107289 0.441882
vt 0.097264 0.441006
vt 0.101922 0.431895
vt 0.106341 0.432399
vt 0.096750 0.431428
vt 0.096047 0.421754
vt 0.100889 0.422378
vt 0.105105 0.423109
vt 0.099789 0.415826
vt 0.103796 0.416686
vt 0.095285 0.415083
vt 0.098814 0.410121
vt 0.102648 0.411011
vt 0.094614 0.409358
vt 0.094166 0.401307
vt 0.097362 0.402068
vt 0.101105 0.403155
vt 0.096701 0.395470
vt 0.100151 0.399624
vt 0.093251 0.391316
vt 0.098503 0.388035
vt 0.100778 0.394249
vt 0.093766 0.384272
vt 0.098542 0.387935
vt 0.100797 0.394088
vt 0.093785 0.384143
vt 0.103095 0.392926
vt 0.103107 0.392768
vt 0.102456 0.397431
vt 0.100797 0.394088
vt 0.103118 0.392762
vt 0.098533 0.387911
vt 0.100797 0.394088
vt 0.103118 0.392762
vt 0.098533 0.387911
vt 0.252875 0.392758
vt 0.250554 0.394085
vt 0.250554 0.394085
vt 0.252875 0.392758
vt 0.248291 0.387909
vt 0.248291 0.387909
vt 0.093776 0.384135
vt 0.093776 0.384135
vt 0.243534 0.384134
vt 0.243535 0.384134
vt 0.087664 0.382868
vt 0.087664 0.382868
vt 0.237424 0.382867
vt 0.237424 0.382867
vt 0.232404 0.382643
vt 0.232403 0.382643
vt 0.082643 0.382645
vt 0.082642 0.382644
vt 0.078452 0.384413
vt 0.078452 0.384413
vt 0.228214 0.384411
vt 0.228214 0.384411
vt 0.074890 0.378183
vt 0.074890 0.378183
vt 0.224653 0.378183
vt 0.224653 0.378183
vt 0.071328 0.384413
vt 0.071328 0.384413
vt 0.221092 0.384411
vt 0.221091 0.384411
vt 0.216902 0.382643
vt 0.216902 0.382643
vt 0.067138 0.382645
vt 0.067138 0.382644
vt 0.211882 0.382867
vt 0.211882 0.382867
vt 0.062116 0.382868
vt 0.062116 0.382868
vt 0.056004 0.384135
vt 0.056004 0.384135
vt 0.205771 0.384134
vt 0.205771 0.384134
vt 0.051247 0.387911
vt 0.051247 0.387911
vt 0.201015 0.387909
vt 0.201015 0.387909
vt 0.198752 0.394085
vt 0.198752 0.394085
vt 0.048983 0.394088
vt 0.048983 0.394088
vt 0.046662 0.392762
vt 0.046662 0.392762
vt 0.196431 0.392758
vt 0.196431 0.392758
vt 0.035295 0.392319
vt 0.035295 0.392319
vt 0.185067 0.392316
vt 0.185067 0.392316
vt 0.032623 0.400905
vt 0.032623 0.400905
vt 0.182396 0.400899
vt 0.182396 0.400899
vt 0.176469 0.399033
vt 0.176469 0.399033
vt 0.026695 0.399038
vt 0.026695 0.399038
vt 0.176021 0.406079
vt 0.176021 0.406079
vt 0.026247 0.406086
vt 0.026247 0.406086
vt 0.169735 0.405004
vt 0.169735 0.405004
vt 0.019959 0.405010
vt 0.019959 0.405010
vt 0.170499 0.411641
vt 0.170499 0.411641
vt 0.020724 0.411649
vt 0.020724 0.411649
vt 0.015598 0.412491
vt 0.015598 0.412491
vt 0.165374 0.412483
vt 0.165374 0.412483
vt 0.013801 0.421342
vt 0.013801 0.421342
vt 0.163578 0.421332
vt 0.163578 0.421332
vt 0.165319 0.428030
vt 0.165319 0.428030
vt 0.015543 0.428042
vt 0.015543 0.428042
vt 0.009275 0.431762
vt 0.009275 0.431762
vt 0.159053 0.431750
vt 0.159053 0.431750
vt 0.005465 0.437783
vt 0.005465 0.437783
vt 0.155244 0.437769
vt 0.155244 0.437769
vt 0.153567 0.444689
vt 0.153567 0.444689
vt 0.003787 0.444705
vt 0.003787 0.444705
vt 0.005770 0.453532
vt 0.005770 0.453532
vt 0.155549 0.453515
vt 0.155549 0.453515
vt 0.002260 0.455633
vt 0.002260 0.455633
vt 0.152040 0.455615
vt 0.152040 0.455615
vt 0.000220 0.459460
vt 0.000220 0.459460
vt 0.150001 0.459441
vt 0.150001 0.459441
vt 0.152040 0.463267
vt 0.152040 0.463267
vt 0.002260 0.463287
vt 0.002260 0.463287
vt 0.005770 0.465388
vt 0.005770 0.465388
vt 0.155549 0.465367
vt 0.155549 0.465367
vt 0.153567 0.474193
vt 0.153567 0.474193
vt 0.003787 0.474215
vt 0.003787 0.474215
vt 0.155244 0.481113
vt 0.155244 0.481113
vt 0.005465 0.481137
vt 0.005465 0.481137
vt 0.009275 0.487158
vt 0.009275 0.487158
vt 0.159053 0.487132
vt 0.159053 0.487132
vt 0.165319 0.490852
vt 0.165319 0.490852
vt 0.015543 0.490878
vt 0.015543 0.490878
vt 0.163578 0.497550
vt 0.163578 0.497550
vt 0.013801 0.497578
vt 0.013801 0.497578
vt 0.015598 0.506429
vt 0.015598 0.506429
vt 0.165374 0.506399
vt 0.165374 0.506399
vt 0.170499 0.507240
vt 0.170499 0.507241
vt 0.020724 0.507270
vt 0.020724 0.507271
vt 0.169735 0.513878
vt 0.169735 0.513878
vt 0.019959 0.513910
vt 0.019959 0.513910
vt 0.026247 0.512834
vt 0.026247 0.512834
vt 0.176021 0.512803
vt 0.176021 0.512803
vt 0.026695 0.519882
vt 0.026695 0.519882
vt 0.176469 0.519849
vt 0.176469 0.519849
vt 0.032623 0.518015
vt 0.032623 0.518015
vt 0.182396 0.517982
vt 0.182396 0.517983
vt 0.035295 0.526600
vt 0.035295 0.526600
vt 0.185067 0.526566
vt 0.185067 0.526566
vt 0.196431 0.526124
vt 0.196431 0.526124
vt 0.046662 0.526158
vt 0.046662 0.526158
vt 0.198752 0.524797
vt 0.198752 0.524797
vt 0.048983 0.524832
vt 0.048983 0.524832
vt 0.201015 0.530973
vt 0.201015 0.530973
vt 0.051247 0.531009
vt 0.051247 0.531009
vt 0.056004 0.534785
vt 0.056004 0.534785
vt 0.205771 0.534748
vt 0.205771 0.534748
vt 0.062116 0.536052
vt 0.062116 0.536052
vt 0.211882 0.536015
vt 0.211882 0.536015
vt 0.216902 0.536238
vt 0.216902 0.536238
vt 0.067138 0.536275
vt 0.067138 0.536275
vt 0.071328 0.534507
vt 0.071328 0.534507
vt 0.221092 0.534471
vt 0.221091 0.534471
vt 0.074890 0.540737
vt 0.074890 0.540737
vt 0.224653 0.540699
vt 0.224653 0.540699
vt 0.228214 0.534471
vt 0.228214 0.534471
vt 0.078452 0.534507
vt 0.078452 0.534507
vt 0.232403 0.536238
vt 0.232403 0.536238
vt 0.082642 0.536275
vt 0.082642 0.536275
vt 0.237424 0.536015
vt 0.237424 0.536015
vt 0.087664 0.536052
vt 0.087664 0.536052
vt 0.093776 0.534785
vt 0.093776 0.534785
vt 0.243534 0.534748
vt 0.243535 0.534748
vt 0.098533 0.531009
vt 0.098533 0.531009
vt 0.248291 0.530973
vt 0.248291 0.530973
vt 0.250554 0.524797
vt 0.250554 0.524797
vt 0.100797 0.524832
vt 0.100797 0.524832
vt 0.103118 0.526158
vt 0.103118 0.526158
vt 0.252875 0.526124
vt 0.252875 0.526124
vt 0.114485 0.526600
vt 0.114485 0.526600
vt 0.264238 0.526566
vt 0.264238 0.526566
vt 0.117157 0.518015
vt 0.117157 0.518015
vt 0.266910 0.517982
vt 0.266910 0.517983
vt 0.272837 0.519849
vt 0.272837 0.519849
vt 0.123085 0.519882
vt 0.123085 0.519882
vt 0.273285 0.512803
vt 0.273285 0.512803
vt 0.123533 0.512834
vt 0.123533 0.512834
vt 0.279571 0.513878
vt 0.279571 0.513878
vt 0.129821 0.513910
vt 0.129821 0.513910
vt 0.278807 0.507240
vt 0.278807 0.507241
vt 0.129056 0.507270
vt 0.129056 0.507271
vt 0.134182 0.506429
vt 0.134182 0.506429
vt 0.283931 0.506399
vt 0.283931 0.506399
vt 0.135980 0.497578
vt 0.135980 0.497578
vt 0.285728 0.497550
vt 0.285728 0.497550
vt 0.283987 0.490852
vt 0.283987 0.490852
vt 0.134238 0.490878
vt 0.134238 0.490878
vt 0.140506 0.487158
vt 0.140506 0.487158
vt 0.290253 0.487132
vt 0.290253 0.487132
vt 0.144315 0.481137
vt 0.144315 0.481137
vt 0.294062 0.481113
vt 0.294062 0.481113
vt 0.295739 0.474193
vt 0.295739 0.474193
vt 0.145993 0.474215
vt 0.145993 0.474215
vt 0.144010 0.465388
vt 0.144010 0.465388
vt 0.293757 0.465367
vt 0.293757 0.465367
vt 0.147520 0.463287
vt 0.147520 0.463287
vt 0.297266 0.463267
vt 0.297266 0.463267
vt 0.299305 0.459441
vt 0.299305 0.459441
vt 0.149560 0.459460
vt 0.149560 0.459460
vt 0.147520 0.455633
vt 0.147520 0.455633
vt 0.297266 0.455615
vt 0.297266 0.455615
vt 0.293757 0.453515
vt 0.293757 0.453515
vt 0.144010 0.453532
vt 0.144010 0.453532
vt 0.295739 0.444689
vt 0.295739 0.444689
vt 0.145993 0.444705
vt 0.145993 0.444705
vt 0.294062 0.437769
vt 0.294062 0.437769
vt 0.144315 0.437783
vt 0.144315 0.437783
vt 0.140506 0.431762
vt 0.140506 0.431762
vt 0.290253 0.431750
vt 0.290253 0.431750
vt 0.283987 0.428030
vt 0.283987 0.428031
vt 0.134238 0.428042
vt 0.134238 0.428042
vt 0.285728 0.421332
vt 0.285728 0.421332
vt 0.135980 0.421342
vt 0.135980 0.421342
vt 0.134182 0.412491
vt 0.134182 0.412491
vt 0.283931 0.412483
vt 0.283931 0.412483
vt 0.278807 0.411641
vt 0.278807 0.411641
vt 0.129056 0.411649
vt 0.129056 0.411649
vt 0.279571 0.405004
vt 0.279571 0.405004
vt 0.129821 0.405010
vt 0.129821 0.405010
vt 0.123533 0.406086
vt 0.123533 0.406086
vt 0.273285 0.406079
vt 0.273285 0.406079
vt 0.123085 0.399038
vt 0.123085 0.399038
vt 0.272837 0.399033
vt 0.272837 0.399033
vt 0.117157 0.400905
vt 0.117157 0.400905
vt 0.266910 0.400899
vt 0.266910 0.400899
vt 0.114485 0.392319
vt 0.114485 0.392319
vt 0.264238 0.392316
vt 0.264238 0.392316
vt 0.117157 0.400905
vt 0.114488 0.392335
vt 0.117070 0.401038
vt 0.114416 0.392489
vt 0.123016 0.399174
vt 0.123068 0.399070
vt 0.123452 0.406181
vt 0.123533 0.406086
vt 0.129713 0.405118
vt 0.129794 0.405038
vt 0.128947 0.411728
vt 0.129056 0.411649
vt 0.134060 0.412571
vt 0.134169 0.412489
vt 0.135843 0.421366
vt 0.135978 0.421348
vt 0.134101 0.428052
vt 0.134238 0.428041
vt 0.140408 0.431803
vt 0.140495 0.431756
vt 0.144205 0.437810
vt 0.144313 0.437779
vt 0.145878 0.444728
vt 0.145992 0.444711
vt 0.143895 0.453537
vt 0.144010 0.453530
vt 0.147397 0.455635
vt 0.147497 0.455619
vt 0.149435 0.459460
vt 0.149557 0.459460
vt 0.147497 0.463300
vt 0.147397 0.463284
vt 0.141827 0.463166
vt 0.142959 0.459460
vt 0.141827 0.455754
vt 0.132884 0.456751
vt 0.132983 0.459460
vt 0.132884 0.462169
vt 0.138872 0.453727
vt 0.132701 0.451710
vt 0.126291 0.456544
vt 0.126070 0.451121
vt 0.126410 0.459460
vt 0.120192 0.456381
vt 0.120296 0.459460
vt 0.119999 0.450653
vt 0.112718 0.450192
vt 0.112876 0.456220
vt 0.112961 0.459460
vt 0.112876 0.462700
vt 0.120192 0.462539
vt 0.112718 0.468728
vt 0.119999 0.468267
vt 0.126291 0.462375
vt 0.126070 0.467799
vt 0.132701 0.467210
vt 0.138872 0.465193
vt 0.131809 0.474218
vt 0.125300 0.475174
vt 0.140850 0.473202
vt 0.130070 0.482439
vt 0.123939 0.483744
vt 0.139172 0.479859
vt 0.145878 0.474192
vt 0.144205 0.481110
vt 0.143895 0.465383
vt 0.144010 0.465390
vt 0.145992 0.474209
vt 0.144313 0.481141
vt 0.140495 0.487164
vt 0.140408 0.487116
vt 0.137068 0.485696
vt 0.134238 0.490878
vt 0.134101 0.490868
vt 0.131941 0.490718
vt 0.126761 0.494699
vt 0.128211 0.489687
vt 0.135843 0.497553
vt 0.132336 0.496922
vt 0.124743 0.500029
vt 0.120704 0.497133
vt 0.119215 0.502467
vt 0.122171 0.491666
vt 0.121895 0.506446
vt 0.117179 0.509014
vt 0.130800 0.504214
vt 0.120143 0.514026
vt 0.114720 0.514277
vt 0.126811 0.510899
vt 0.122517 0.511642
vt 0.127552 0.506196
vt 0.134060 0.506349
vt 0.128947 0.507192
vt 0.135978 0.497572
vt 0.134169 0.506431
vt 0.129056 0.507271
vt 0.129794 0.513882
vt 0.129713 0.513802
vt 0.123533 0.512834
vt 0.123452 0.512739
vt 0.123068 0.519849
vt 0.123016 0.519745
vt 0.117157 0.518015
vt 0.117070 0.517881
vt 0.114488 0.526585
vt 0.114416 0.526431
vt 0.111983 0.520445
vt 0.110065 0.512533
vt 0.102456 0.521489
vt 0.105362 0.514466
vt 0.103095 0.525994
vt 0.103107 0.526151
vt 0.100797 0.524832
vt 0.107625 0.506707
vt 0.113905 0.504627
vt 0.108894 0.501092
vt 0.115340 0.499129
vt 0.110159 0.494899
vt 0.116869 0.493245
vt 0.111317 0.485927
vt 0.118250 0.484888
vt 0.119368 0.475584
vt 0.112213 0.476530
vt 0.112213 0.442390
vt 0.119368 0.443336
vt 0.111317 0.432993
vt 0.118250 0.434032
vt 0.123939 0.435176
vt 0.125300 0.443746
vt 0.130070 0.436481
vt 0.131809 0.444702
vt 0.139172 0.439061
vt 0.140850 0.445718
vt 0.128211 0.429233
vt 0.137068 0.433224
vt 0.126761 0.424221
vt 0.131941 0.428202
vt 0.132336 0.421998
vt 0.124743 0.418891
vt 0.120704 0.421787
vt 0.119215 0.416453
vt 0.122171 0.427254
vt 0.117179 0.409906
vt 0.121895 0.412474
vt 0.130800 0.414706
vt 0.114720 0.404642
vt 0.120143 0.404894
vt 0.122517 0.407278
vt 0.126811 0.408021
vt 0.127552 0.412724
vt 0.111983 0.398475
vt 0.110065 0.406387
vt 0.105362 0.404454
vt 0.107625 0.412213
vt 0.113905 0.414292
vt 0.108894 0.417828
vt 0.115340 0.419791
vt 0.116869 0.425675
vt 0.110159 0.424021
vt 0.264242 0.392332
vt 0.266910 0.400899
vt 0.252863 0.392765
vt 0.250554 0.394085
vt 0.250535 0.394246
vt 0.252851 0.392923
vt 0.264170 0.392485
vt 0.252212 0.397427
vt 0.249908 0.399619
vt 0.261737 0.398470
vt 0.255117 0.404448
vt 0.250861 0.403149
vt 0.259819 0.406380
vt 0.266931 0.409898
vt 0.264473 0.404636
vt 0.266823 0.401033
vt 0.271647 0.412466
vt 0.269895 0.404887
vt 0.272768 0.399169
vt 0.272820 0.399065
vt 0.273285 0.406079
vt 0.273204 0.406174
vt 0.272269 0.407271
vt 0.279544 0.405032
vt 0.279463 0.405112
vt 0.276561 0.408014
vt 0.280550 0.414697
vt 0.277302 0.412716
vt 0.278697 0.411720
vt 0.283810 0.412563
vt 0.283918 0.412481
vt 0.278807 0.411641
vt 0.285726 0.421338
vt 0.285592 0.421356
vt 0.282086 0.421987
vt 0.283987 0.428030
vt 0.283850 0.428040
vt 0.281690 0.428190
vt 0.276512 0.424210
vt 0.274495 0.418882
vt 0.270456 0.421776
vt 0.268967 0.416444
vt 0.265093 0.419781
vt 0.263659 0.414284
vt 0.258649 0.417819
vt 0.257380 0.412205
vt 0.253552 0.416677
vt 0.252405 0.411004
vt 0.249546 0.415817
vt 0.248571 0.410114
vt 0.247120 0.402063
vt 0.243924 0.401302
vt 0.244372 0.409351
vt 0.245043 0.415074
vt 0.246459 0.395466
vt 0.243010 0.391313
vt 0.248261 0.388032
vt 0.243525 0.384270
vt 0.248299 0.387932
vt 0.243544 0.384141
vt 0.237428 0.382868
vt 0.237426 0.383005
vt 0.237552 0.390781
vt 0.232400 0.382645
vt 0.232412 0.382781
vt 0.232897 0.390292
vt 0.239367 0.400484
vt 0.234110 0.399854
vt 0.234897 0.408318
vt 0.240045 0.408822
vt 0.240316 0.414563
vt 0.235170 0.414095
vt 0.229754 0.413678
vt 0.229625 0.407895
vt 0.229075 0.399405
vt 0.224653 0.413463
vt 0.224653 0.407679
vt 0.224653 0.399163
vt 0.224653 0.388896
vt 0.228469 0.389711
vt 0.220837 0.389711
vt 0.220231 0.399405
vt 0.219681 0.407895
vt 0.215196 0.399854
vt 0.216409 0.390292
vt 0.214409 0.408318
vt 0.209939 0.400484
vt 0.209261 0.408822
vt 0.211754 0.390781
vt 0.208990 0.414563
vt 0.214136 0.414095
vt 0.219552 0.413678
vt 0.208505 0.421369
vt 0.214064 0.420934
vt 0.219488 0.420565
vt 0.224653 0.420371
vt 0.219158 0.430632
vt 0.224653 0.430600
vt 0.213624 0.430835
vt 0.224653 0.440197
vt 0.218966 0.440301
vt 0.213329 0.440479
vt 0.208051 0.431090
vt 0.207710 0.440701
vt 0.207488 0.449409
vt 0.213156 0.449307
vt 0.218872 0.449225
vt 0.207421 0.455934
vt 0.213104 0.455898
vt 0.218844 0.455869
vt 0.224653 0.449176
vt 0.224653 0.455852
vt 0.213075 0.459441
vt 0.218829 0.459441
vt 0.224653 0.459441
vt 0.230462 0.455869
vt 0.230434 0.449225
vt 0.230477 0.459441
vt 0.236231 0.459441
vt 0.236202 0.455898
vt 0.236150 0.449307
vt 0.241921 0.459441
vt 0.241885 0.455934
vt 0.241819 0.449409
vt 0.236202 0.462984
vt 0.241885 0.462948
vt 0.230462 0.463013
vt 0.236150 0.469575
vt 0.241819 0.469473
vt 0.230434 0.469657
vt 0.224653 0.463030
vt 0.224653 0.469706
vt 0.218844 0.463013
vt 0.218872 0.469657
vt 0.213104 0.462984
vt 0.213156 0.469575
vt 0.207385 0.459441
vt 0.207421 0.462948
vt 0.207488 0.469473
vt 0.201821 0.459441
vt 0.201872 0.462901
vt 0.201872 0.455980
vt 0.201968 0.449543
vt 0.196389 0.449741
vt 0.196266 0.456050
vt 0.196199 0.459441
vt 0.191704 0.449949
vt 0.191561 0.456123
vt 0.191484 0.459441
vt 0.196266 0.462832
vt 0.191561 0.462759
vt 0.196389 0.469140
vt 0.191704 0.468932
vt 0.201968 0.469339
vt 0.196853 0.477466
vt 0.192261 0.477015
vt 0.202285 0.477891
vt 0.193209 0.486495
vt 0.197628 0.486999
vt 0.202798 0.487467
vt 0.203501 0.497138
vt 0.198661 0.496514
vt 0.194445 0.495783
vt 0.199760 0.503065
vt 0.195754 0.502205
vt 0.204263 0.503808
vt 0.196901 0.507878
vt 0.200735 0.508768
vt 0.204934 0.509531
vt 0.205382 0.517580
vt 0.202186 0.516819
vt 0.198445 0.515733
vt 0.202847 0.523416
vt 0.199398 0.519263
vt 0.206296 0.527569
vt 0.198771 0.524636
vt 0.201045 0.530850
vt 0.205782 0.534611
vt 0.198752 0.524797
vt 0.201006 0.530950
vt 0.205762 0.534741
vt 0.196443 0.526117
vt 0.196455 0.525959
vt 0.197094 0.521456
vt 0.185064 0.526550
vt 0.185136 0.526397
vt 0.187569 0.520412
vt 0.194189 0.514434
vt 0.189487 0.512502
vt 0.182374 0.508984
vt 0.184833 0.514246
vt 0.182483 0.517849
vt 0.177659 0.506416
vt 0.179411 0.513995
vt 0.176538 0.519712
vt 0.182396 0.517983
vt 0.176486 0.519816
vt 0.176021 0.512803
vt 0.176102 0.512708
vt 0.177037 0.511611
vt 0.169762 0.513850
vt 0.169842 0.513771
vt 0.172745 0.510868
vt 0.168756 0.504184
vt 0.172004 0.506166
vt 0.170609 0.507162
vt 0.165496 0.506319
vt 0.165388 0.506401
vt 0.170499 0.507241
vt 0.163579 0.497544
vt 0.163714 0.497526
vt 0.167220 0.496895
vt 0.165319 0.490852
vt 0.165457 0.490842
vt 0.167616 0.490691
vt 0.172794 0.494672
vt 0.174811 0.500000
vt 0.178850 0.497105
vt 0.180339 0.502438
vt 0.184213 0.499101
vt 0.185647 0.504598
vt 0.190657 0.501063
vt 0.191926 0.506677
vt 0.189392 0.494872
vt 0.182684 0.493218
vt 0.188235 0.485902
vt 0.181304 0.484863
vt 0.187339 0.476506
vt 0.180185 0.475561
vt 0.174255 0.475151
vt 0.175615 0.483719
vt 0.177383 0.491639
vt 0.167747 0.474196
vt 0.169486 0.482415
vt 0.171344 0.489661
vt 0.162489 0.485671
vt 0.160386 0.479835
vt 0.159150 0.487091
vt 0.155354 0.481086
vt 0.155246 0.481117
vt 0.159063 0.487138
vt 0.153568 0.474187
vt 0.153682 0.474170
vt 0.158709 0.473180
vt 0.155549 0.465369
vt 0.155664 0.465363
vt 0.160686 0.465173
vt 0.166856 0.467189
vt 0.166672 0.462150
vt 0.157732 0.463146
vt 0.152163 0.463265
vt 0.173485 0.467778
vt 0.173264 0.462356
vt 0.166573 0.459441
vt 0.173145 0.459441
vt 0.156600 0.459441
vt 0.179361 0.462519
vt 0.179257 0.459441
vt 0.179555 0.468246
vt 0.186834 0.468707
vt 0.186676 0.462680
vt 0.186591 0.459441
vt 0.186676 0.456202
vt 0.179361 0.456363
vt 0.186834 0.450175
vt 0.179555 0.450636
vt 0.173485 0.451104
vt 0.173264 0.456526
vt 0.166672 0.456732
vt 0.166856 0.451693
vt 0.160686 0.453709
vt 0.157732 0.455736
vt 0.155664 0.453519
vt 0.152163 0.455617
vt 0.150125 0.459441
vt 0.152063 0.455601
vt 0.150004 0.459441
vt 0.155549 0.453513
vt 0.152063 0.463280
vt 0.153682 0.444712
vt 0.153568 0.444695
vt 0.158709 0.445702
vt 0.155354 0.437796
vt 0.155246 0.437765
vt 0.160386 0.439047
vt 0.167747 0.444686
vt 0.169486 0.436467
vt 0.174255 0.443731
vt 0.175615 0.435163
vt 0.177383 0.427243
vt 0.171344 0.429221
vt 0.162489 0.433211
vt 0.178850 0.421776
vt 0.172794 0.424210
vt 0.167616 0.428190
vt 0.180339 0.416444
vt 0.174811 0.418882
vt 0.167220 0.421987
vt 0.163714 0.421356
vt 0.165457 0.428040
vt 0.159150 0.431791
vt 0.165319 0.428030
vt 0.159063 0.431743
vt 0.163579 0.421338
vt 0.165496 0.412563
vt 0.165388 0.412481
vt 0.168756 0.414697
vt 0.170609 0.411720
vt 0.170499 0.411641
vt 0.172004 0.412716
vt 0.177659 0.412466
vt 0.172745 0.408014
vt 0.169842 0.405111
vt 0.179411 0.404887
vt 0.177037 0.407271
vt 0.176102 0.406174
vt 0.169762 0.405032
vt 0.176021 0.406079
vt 0.176538 0.399170
vt 0.176486 0.399065
vt 0.182483 0.401033
vt 0.182396 0.400899
vt 0.184833 0.404636
vt 0.182374 0.409898
vt 0.187569 0.398470
vt 0.189487 0.406380
vt 0.185136 0.392485
vt 0.197094 0.397427
vt 0.194189 0.404448
vt 0.196455 0.392923
vt 0.185064 0.392332
vt 0.196443 0.392765
vt 0.198771 0.394246
vt 0.198752 0.394085
vt 0.199398 0.399619
vt 0.201045 0.388032
vt 0.201006 0.387932
vt 0.202847 0.395466
vt 0.198445 0.403149
vt 0.202186 0.402063
vt 0.206296 0.391313
vt 0.205382 0.401302
vt 0.205781 0.384270
vt 0.196901 0.411004
vt 0.200735 0.410114
vt 0.204934 0.409351
vt 0.204263 0.415074
vt 0.199760 0.415817
vt 0.195754 0.416677
vt 0.194445 0.423099
vt 0.198661 0.422368
vt 0.203501 0.421744
vt 0.193209 0.432386
vt 0.197628 0.431883
vt 0.202798 0.431415
vt 0.202285 0.440991
vt 0.196853 0.441416
vt 0.192261 0.441867
vt 0.188235 0.432980
vt 0.187339 0.442375
vt 0.181304 0.434019
vt 0.180185 0.443321
vt 0.189392 0.424010
vt 0.182684 0.425664
vt 0.190657 0.417819
vt 0.184213 0.419781
vt 0.191926 0.412205
vt 0.185647 0.414284
vt 0.211880 0.383005
vt 0.205762 0.384141
vt 0.211878 0.382868
vt 0.216894 0.382781
vt 0.216906 0.382645
vt 0.221085 0.384551
vt 0.221091 0.384411
vt 0.224653 0.378315
vt 0.224653 0.378240
vt 0.228214 0.384411
vt 0.228221 0.384551
vt 0.211878 0.536014
vt 0.211880 0.535877
vt 0.211754 0.528101
vt 0.216906 0.536237
vt 0.216894 0.536100
vt 0.216409 0.528589
vt 0.209939 0.518398
vt 0.215196 0.519028
vt 0.214409 0.510564
vt 0.209261 0.510060
vt 0.208990 0.504319
vt 0.214136 0.504787
vt 0.219552 0.505204
vt 0.219681 0.510987
vt 0.220231 0.519477
vt 0.224653 0.505419
vt 0.224653 0.511203
vt 0.224653 0.519719
vt 0.224653 0.529986
vt 0.220837 0.529171
vt 0.228469 0.529171
vt 0.229075 0.519477
vt 0.229625 0.510987
vt 0.234110 0.519028
vt 0.232897 0.528589
vt 0.234897 0.510564
vt 0.239367 0.518398
vt 0.240045 0.510060
vt 0.237552 0.528101
vt 0.240316 0.504319
vt 0.235170 0.504787
vt 0.229754 0.505204
vt 0.240801 0.497513
vt 0.235242 0.497948
vt 0.229818 0.498317
vt 0.224653 0.498511
vt 0.230148 0.488250
vt 0.224653 0.488282
vt 0.235682 0.488047
vt 0.224653 0.478685
vt 0.230340 0.478581
vt 0.235977 0.478403
vt 0.241255 0.487792
vt 0.241596 0.478181
vt 0.246508 0.487467
vt 0.247021 0.477891
vt 0.247338 0.469339
vt 0.251679 0.486999
vt 0.252453 0.477466
vt 0.252917 0.469140
vt 0.256097 0.486495
vt 0.257045 0.477015
vt 0.257602 0.468932
vt 0.257745 0.462759
vt 0.253040 0.462832
vt 0.247434 0.462901
vt 0.257822 0.459441
vt 0.253107 0.459441
vt 0.247485 0.459441
vt 0.253040 0.456050
vt 0.257745 0.456123
vt 0.247434 0.455980
vt 0.252917 0.449741
vt 0.257602 0.449949
vt 0.247338 0.449543
vt 0.252453 0.441416
vt 0.257045 0.441867
vt 0.247021 0.440991
vt 0.256097 0.432386
vt 0.251679 0.431883
vt 0.246508 0.431415
vt 0.245805 0.421744
vt 0.250645 0.422368
vt 0.254861 0.423099
vt 0.240801 0.421369
vt 0.241255 0.431090
vt 0.235242 0.420934
vt 0.235682 0.430835
vt 0.241596 0.440701
vt 0.235977 0.440479
vt 0.230340 0.440301
vt 0.230148 0.430632
vt 0.229818 0.420565
vt 0.261071 0.432980
vt 0.259914 0.424010
vt 0.268002 0.434019
vt 0.266622 0.425664
vt 0.261967 0.442375
vt 0.269121 0.443321
vt 0.275051 0.443731
vt 0.273691 0.435163
vt 0.271923 0.427243
vt 0.281559 0.444686
vt 0.279820 0.436467
vt 0.277962 0.429221
vt 0.286817 0.433211
vt 0.288920 0.439047
vt 0.290156 0.431791
vt 0.293952 0.437796
vt 0.294060 0.437765
vt 0.290243 0.431743
vt 0.295738 0.444695
vt 0.295624 0.444712
vt 0.290597 0.445702
vt 0.293757 0.453513
vt 0.293642 0.453519
vt 0.288620 0.453709
vt 0.282450 0.451693
vt 0.282634 0.456732
vt 0.291574 0.455736
vt 0.297143 0.455617
vt 0.275821 0.451104
vt 0.276042 0.456526
vt 0.282732 0.459441
vt 0.276161 0.459441
vt 0.292706 0.459441
vt 0.269945 0.456363
vt 0.270049 0.459441
vt 0.269751 0.450636
vt 0.262472 0.450175
vt 0.262630 0.456202
vt 0.262715 0.459441
vt 0.262630 0.462680
vt 0.269945 0.462519
vt 0.262472 0.468707
vt 0.269751 0.468246
vt 0.275821 0.467778
vt 0.276042 0.462356
vt 0.282634 0.462150
vt 0.282450 0.467189
vt 0.288620 0.465173
vt 0.291574 0.463146
vt 0.293642 0.465363
vt 0.297143 0.463265
vt 0.299180 0.459441
vt 0.297243 0.463280
vt 0.299302 0.459441
vt 0.293757 0.465369
vt 0.297243 0.455601
vt 0.295624 0.474170
vt 0.295738 0.474187
vt 0.290597 0.473180
vt 0.293952 0.481086
vt 0.294060 0.481117
vt 0.288920 0.479835
vt 0.281559 0.474196
vt 0.279820 0.482415
vt 0.275051 0.475151
vt 0.273691 0.483719
vt 0.271923 0.491639
vt 0.277962 0.489661
vt 0.286817 0.485671
vt 0.270456 0.497105
vt 0.276512 0.494672
vt 0.281690 0.490691
vt 0.268967 0.502438
vt 0.274495 0.500000
vt 0.282086 0.496895
vt 0.285592 0.497526
vt 0.283850 0.490842
vt 0.290156 0.487091
vt 0.283987 0.490852
vt 0.290243 0.487138
vt 0.285726 0.497544
vt 0.283810 0.506319
vt 0.283918 0.506401
vt 0.280550 0.504184
vt 0.278697 0.507162
vt 0.278807 0.507241
vt 0.277302 0.506166
vt 0.271647 0.506416
vt 0.276561 0.510868
vt 0.279463 0.513770
vt 0.269895 0.513995
vt 0.272269 0.511611
vt 0.273204 0.512708
vt 0.279544 0.513850
vt 0.273285 0.512803
vt 0.272768 0.519712
vt 0.272820 0.519816
vt 0.266823 0.517849
vt 0.266910 0.517983
vt 0.264473 0.514246
vt 0.266931 0.508984
vt 0.261737 0.520412
vt 0.259819 0.512502
vt 0.264170 0.526397
vt 0.252212 0.521456
vt 0.255117 0.514434
vt 0.252851 0.525959
vt 0.264242 0.526550
vt 0.252863 0.526117
vt 0.250535 0.524636
vt 0.250554 0.524797
vt 0.249908 0.519263
vt 0.248261 0.530850
vt 0.248299 0.530950
vt 0.246459 0.523416
vt 0.250861 0.515733
vt 0.247120 0.516819
vt 0.243010 0.527569
vt 0.243924 0.517580
vt 0.243525 0.534611
vt 0.252405 0.507878
vt 0.248571 0.508768
vt 0.244372 0.509531
vt 0.245043 0.503808
vt 0.249546 0.503065
vt 0.253552 0.502205
vt 0.254861 0.495783
vt 0.250645 0.496514
vt 0.245805 0.497138
vt 0.261071 0.485902
vt 0.259914 0.494872
vt 0.258649 0.501063
vt 0.261967 0.476506
vt 0.268002 0.484863
vt 0.269121 0.475561
vt 0.266622 0.493218
vt 0.265093 0.499101
vt 0.257380 0.506677
vt 0.263659 0.504598
vt 0.237426 0.535877
vt 0.243544 0.534741
vt 0.237428 0.536014
vt 0.232413 0.536100
vt 0.232400 0.536237
vt 0.228221 0.534330
vt 0.228214 0.534471
vt 0.224653 0.540557
vt 0.224653 0.540645
vt 0.221091 0.534471
vt 0.221085 0.534330
vt 0.218966 0.478581
vt 0.219158 0.488250
vt 0.219488 0.498317
vt 0.213329 0.478403
vt 0.213624 0.488047
vt 0.214064 0.497948
vt 0.208051 0.487792
vt 0.208505 0.497513
vt 0.207710 0.478181
vt 0.055995 0.534777
vt 0.056014 0.534648
vt 0.051277 0.530885
vt 0.051238 0.530985
vt 0.049002 0.524671
vt 0.048983 0.524832
vt 0.046685 0.525994
vt 0.046674 0.526151
vt 0.035364 0.526431
vt 0.035292 0.526585
vt 0.032711 0.517881
vt 0.032623 0.518015
vt 0.026764 0.519745
vt 0.026712 0.519849
vt 0.026328 0.512739
vt 0.026247 0.512834
vt 0.020067 0.513802
vt 0.019987 0.513882
vt 0.020833 0.507192
vt 0.020724 0.507271
vt 0.015720 0.506349
vt 0.015611 0.506431
vt 0.013937 0.497554
vt 0.013802 0.497572
vt 0.015680 0.490868
vt 0.015542 0.490878
vt 0.009372 0.487116
vt 0.009285 0.487164
vt 0.005575 0.481110
vt 0.005467 0.481141
vt 0.003902 0.474192
vt 0.003789 0.474209
vt 0.005885 0.465383
vt 0.005770 0.465390
vt 0.002384 0.463284
vt 0.002283 0.463300
vt 0.000345 0.459460
vt 0.000224 0.459460
vt 0.002283 0.455619
vt 0.002384 0.455636
vt 0.005770 0.453530
vt 0.005885 0.453537
vt 0.010908 0.453727
vt 0.007953 0.455754
vt 0.006821 0.459460
vt 0.017079 0.451710
vt 0.016896 0.456751
vt 0.016797 0.459460
vt 0.023710 0.451121
vt 0.023489 0.456544
vt 0.023370 0.459460
vt 0.029588 0.456381
vt 0.029484 0.459460
vt 0.029781 0.450653
vt 0.037062 0.450192
vt 0.036904 0.456220
vt 0.036819 0.459460
vt 0.041933 0.449966
vt 0.041790 0.456141
vt 0.041713 0.459460
vt 0.046496 0.456068
vt 0.046430 0.459460
vt 0.046619 0.449758
vt 0.052104 0.455999
vt 0.052053 0.459460
vt 0.052200 0.449559
vt 0.046496 0.462852
vt 0.041790 0.462779
vt 0.052104 0.462921
vt 0.046619 0.469162
vt 0.041933 0.468954
vt 0.052200 0.469361
vt 0.047084 0.477489
vt 0.042491 0.477038
vt 0.052517 0.477914
vt 0.047858 0.487025
vt 0.043439 0.486521
vt 0.053030 0.487492
vt 0.053734 0.497166
vt 0.048892 0.496542
vt 0.044676 0.495811
vt 0.049991 0.503094
vt 0.045984 0.502234
vt 0.054496 0.503837
vt 0.050967 0.508799
vt 0.047132 0.507909
vt 0.055167 0.509562
vt 0.055614 0.517613
vt 0.052418 0.516851
vt 0.048676 0.515765
vt 0.053079 0.523450
vt 0.049629 0.519296
vt 0.056529 0.527604
vt 0.047324 0.521489
vt 0.044419 0.514466
vt 0.037797 0.520445
vt 0.039716 0.512533
vt 0.035061 0.514277
vt 0.032602 0.509014
vt 0.029638 0.514026
vt 0.027885 0.506446
vt 0.025037 0.500029
vt 0.030565 0.502467
vt 0.035875 0.504627
vt 0.034440 0.499129
vt 0.029076 0.497133
vt 0.023019 0.494699
vt 0.040886 0.501092
vt 0.042155 0.506707
vt 0.039621 0.494899
vt 0.032911 0.493245
vt 0.038463 0.485927
vt 0.031531 0.484888
vt 0.037568 0.476530
vt 0.030412 0.475584
vt 0.025841 0.483744
vt 0.024481 0.475174
vt 0.027609 0.491666
vt 0.019711 0.482439
vt 0.017971 0.474218
vt 0.021569 0.489687
vt 0.017839 0.490718
vt 0.012712 0.485696
vt 0.010609 0.479859
vt 0.017444 0.496922
vt 0.018980 0.504214
vt 0.022970 0.510899
vt 0.022228 0.506196
vt 0.027263 0.511642
vt 0.008930 0.473202
vt 0.010908 0.465193
vt 0.017079 0.467210
vt 0.007953 0.463166
vt 0.016896 0.462169
vt 0.023489 0.462375
vt 0.023710 0.467799
vt 0.029588 0.462539
vt 0.029781 0.468267
vt 0.037062 0.468728
vt 0.036904 0.462700
vt 0.059223 0.504348
vt 0.058739 0.497541
vt 0.064298 0.497976
vt 0.058284 0.487817
vt 0.063859 0.488072
vt 0.057943 0.478205
vt 0.063563 0.478427
vt 0.069202 0.478604
vt 0.069394 0.488276
vt 0.069724 0.498345
vt 0.074890 0.478709
vt 0.074890 0.488308
vt 0.074890 0.498539
vt 0.080386 0.488276
vt 0.080057 0.498345
vt 0.085482 0.497976
vt 0.085922 0.488072
vt 0.091042 0.497541
vt 0.091496 0.487817
vt 0.091838 0.478205
vt 0.086217 0.478427
vt 0.080578 0.478604
vt 0.086390 0.469596
vt 0.092060 0.469495
vt 0.080672 0.469678
vt 0.074890 0.469727
vt 0.074890 0.463049
vt 0.080701 0.463032
vt 0.086442 0.463004
vt 0.086470 0.459460
vt 0.080716 0.459460
vt 0.074890 0.459460
vt 0.092162 0.459460
vt 0.092126 0.462968
vt 0.086442 0.455916
vt 0.092126 0.455952
vt 0.080701 0.455888
vt 0.086390 0.449323
vt 0.092060 0.449425
vt 0.080672 0.449241
vt 0.074890 0.455870
vt 0.074890 0.449193
vt 0.069080 0.455888
vt 0.069108 0.449241
vt 0.069065 0.459460
vt 0.063310 0.459460
vt 0.063338 0.455916
vt 0.063391 0.449323
vt 0.057618 0.459460
vt 0.057654 0.455952
vt 0.057720 0.449425
vt 0.063338 0.463004
vt 0.057654 0.462968
vt 0.069080 0.463032
vt 0.063391 0.469596
vt 0.057720 0.469495
vt 0.069108 0.469678
vt 0.063563 0.440493
vt 0.057943 0.440715
vt 0.069202 0.440316
vt 0.058284 0.431103
vt 0.063859 0.430848
vt 0.069394 0.430644
vt 0.074890 0.440211
vt 0.074890 0.430612
vt 0.080386 0.430644
vt 0.080578 0.440316
vt 0.085922 0.430848
vt 0.086217 0.440493
vt 0.091838 0.440715
vt 0.091496 0.431103
vt 0.085482 0.420944
vt 0.091042 0.421379
vt 0.080057 0.420575
vt 0.085409 0.414103
vt 0.090557 0.414572
vt 0.079992 0.413686
vt 0.074890 0.420381
vt 0.074890 0.413472
vt 0.074890 0.407686
vt 0.079863 0.407902
vt 0.085136 0.408325
vt 0.069788 0.413686
vt 0.069917 0.407902
vt 0.069724 0.420575
vt 0.064371 0.414103
vt 0.064644 0.408325
vt 0.064298 0.420944
vt 0.058739 0.421379
vt 0.059223 0.414572
vt 0.059494 0.408829
vt 0.053734 0.421754
vt 0.054496 0.415083
vt 0.053030 0.431428
vt 0.048892 0.422378
vt 0.049991 0.415826
vt 0.047858 0.431895
vt 0.043439 0.432399
vt 0.044676 0.423109
vt 0.045984 0.416686
vt 0.047132 0.411011
vt 0.050967 0.410121
vt 0.055167 0.409358
vt 0.055614 0.401307
vt 0.052418 0.402068
vt 0.048676 0.403155
vt 0.053079 0.395470
vt 0.049629 0.399624
vt 0.056529 0.391316
vt 0.049002 0.394249
vt 0.051277 0.388035
vt 0.056014 0.384272
vt 0.048983 0.394088
vt 0.051238 0.387935
vt 0.055995 0.384143
vt 0.046674 0.392768
vt 0.046685 0.392926
vt 0.047324 0.397431
vt 0.035292 0.392335
vt 0.035364 0.392489
vt 0.037797 0.398475
vt 0.044419 0.404454
vt 0.039716 0.406387
vt 0.032602 0.409906
vt 0.035061 0.404642
vt 0.032710 0.401038
vt 0.029638 0.404894
vt 0.026764 0.399175
vt 0.027885 0.412474
vt 0.032623 0.400905
vt 0.026712 0.399070
vt 0.026247 0.406086
vt 0.026328 0.406181
vt 0.027263 0.407278
vt 0.019987 0.405038
vt 0.020067 0.405117
vt 0.022970 0.408021
vt 0.018980 0.414706
vt 0.022228 0.412724
vt 0.020833 0.411727
vt 0.015720 0.412571
vt 0.015611 0.412489
vt 0.020724 0.411649
vt 0.013802 0.421348
vt 0.013937 0.421366
vt 0.017444 0.421998
vt 0.015542 0.428041
vt 0.015680 0.428052
vt 0.017839 0.428202
vt 0.023019 0.424221
vt 0.025037 0.418891
vt 0.029076 0.421787
vt 0.030565 0.416453
vt 0.034440 0.419791
vt 0.035875 0.414292
vt 0.040886 0.417828
vt 0.042155 0.412213
vt 0.039621 0.424021
vt 0.032911 0.425675
vt 0.038463 0.432993
vt 0.031531 0.434032
vt 0.037568 0.442390
vt 0.030412 0.443336
vt 0.042491 0.441882
vt 0.024481 0.443746
vt 0.025841 0.435176
vt 0.027609 0.427254
vt 0.017971 0.444702
vt 0.019711 0.436481
vt 0.021569 0.429233
vt 0.012712 0.433224
vt 0.010609 0.439061
vt 0.009372 0.431803
vt 0.005575 0.437810
vt 0.005467 0.437779
vt 0.009285 0.431756
vt 0.003789 0.444711
vt 0.003902 0.444727
vt 0.008930 0.445718
vt 0.047084 0.441431
vt 0.052517 0.441006
vt 0.062112 0.382869
vt 0.062114 0.383006
vt 0.061988 0.390784
vt 0.067141 0.382646
vt 0.067129 0.382782
vt 0.066645 0.390295
vt 0.060173 0.400489
vt 0.065431 0.399859
vt 0.071073 0.389714
vt 0.070467 0.399410
vt 0.074890 0.388899
vt 0.074890 0.399168
vt 0.078707 0.389714
vt 0.079313 0.399410
vt 0.084349 0.399859
vt 0.083136 0.390295
vt 0.089607 0.400489
vt 0.090286 0.408829
vt 0.087792 0.390784
vt 0.082651 0.382782
vt 0.087666 0.383006
vt 0.078459 0.384553
vt 0.082639 0.382646
vt 0.087668 0.382869
vt 0.078452 0.384413
vt 0.074890 0.378316
vt 0.074890 0.378240
vt 0.071328 0.384413
vt 0.071321 0.384553
vt 0.308695 0.482810
vt 0.308716 0.485103
vt 0.308314 0.485118
vt 0.308331 0.482821
vt 0.308653 0.397348
vt 0.308653 0.414901
vt 0.308348 0.414902
vt 0.308347 0.397349
vt 0.308653 0.432454
vt 0.308653 0.450007
vt 0.308348 0.450008
vt 0.308347 0.432455
vt 0.398772 0.468560
vt 0.427822 0.468560
vt 0.427822 0.499140
vt 0.398772 0.499140
vt 0.398772 0.590880
vt 0.427822 0.590880
vt 0.427822 0.621460
vt 0.398772 0.621460
vt 0.456874 0.468560
vt 0.485924 0.468560
vt 0.485924 0.499140
vt 0.456874 0.499140
vt 0.456874 0.590880
vt 0.485924 0.590880
vt 0.485924 0.621460
vt 0.456874 0.621460
vt 0.540132 0.499140
vt 0.543916 0.499140
vt 0.543916 0.529720
vt 0.540132 0.529720
vt 0.540132 0.621460
vt 0.543916 0.621460
vt 0.543916 0.652040
vt 0.540132 0.652040
vt 0.456874 0.652040
vt 0.485924 0.652040
vt 0.485924 0.682620
vt 0.456874 0.682620
vt 0.398772 0.652040
vt 0.427822 0.652040
vt 0.427822 0.682620
vt 0.398772 0.682620
vt 0.305141 0.397962
vt 0.305142 0.415956
vt 0.304828 0.415957
vt 0.304828 0.397963
vt 0.305142 0.469939
vt 0.305142 0.487933
vt 0.304828 0.487934
vt 0.304828 0.469940
vt 0.456874 0.529720
vt 0.485924 0.529720
vt 0.485924 0.560300
vt 0.456874 0.560300
vt 0.398772 0.529720
vt 0.427822 0.529720
vt 0.427822 0.560300
vt 0.398772 0.560300
vt 0.305142 0.541916
vt 0.305142 0.559910
vt 0.304828 0.559911
vt 0.304828 0.541917
vt 0.456874 0.407400
vt 0.485924 0.407400
vt 0.485924 0.437980
vt 0.456874 0.437980
vt 0.398772 0.407400
vt 0.427822 0.407400
vt 0.427822 0.437980
vt 0.398772 0.437980
vt 0.303686 0.397936
vt 0.303686 0.415931
vt 0.303373 0.415932
vt 0.303373 0.397937
vt 0.307338 0.483012
vt 0.307358 0.485099
vt 0.306956 0.485115
vt 0.306973 0.483023
vt 0.307295 0.432452
vt 0.307295 0.450005
vt 0.306990 0.450006
vt 0.306990 0.432453
vt 0.398772 0.376930
vt 0.427822 0.376930
vt 0.307295 0.397347
vt 0.307295 0.414900
vt 0.306990 0.414901
vt 0.306990 0.397348
vt 0.514975 0.407400
vt 0.514975 0.437980
vt 0.456874 0.376930
vt 0.485924 0.376930
vt 0.305142 0.577904
vt 0.305205 0.595886
vt 0.304794 0.595902
vt 0.304828 0.577905
vt 0.303686 0.469914
vt 0.303686 0.487908
vt 0.303373 0.487909
vt 0.303373 0.469915
vt 0.373275 0.468560
vt 0.373275 0.499140
vt 0.514975 0.529720
vt 0.514975 0.560300
vt 0.514975 0.499140
vt 0.305141 0.505927
vt 0.305142 0.523922
vt 0.304828 0.523923
vt 0.304828 0.505928
vt 0.514975 0.652040
vt 0.514975 0.682620
vt 0.514975 0.621460
vt 0.305142 0.433950
vt 0.305142 0.451945
vt 0.304828 0.451946
vt 0.304828 0.433951
vt 0.303686 0.541892
vt 0.303686 0.559886
vt 0.303373 0.559887
vt 0.303373 0.541893
vt 0.373275 0.590880
vt 0.373275 0.621460
vt 0.514975 0.590880
vt 0.543916 0.560300
vt 0.540132 0.560300
vt 0.514975 0.468560
vt 0.540132 0.407400
vt 0.543916 0.407400
vt 0.543916 0.437980
vt 0.540132 0.437980
vt 0.303686 0.505903
vt 0.303686 0.523897
vt 0.303373 0.523898
vt 0.303373 0.505904
vt 0.373275 0.529720
vt 0.373275 0.560300
vt 0.303686 0.433925
vt 0.303686 0.451919
vt 0.303373 0.451920
vt 0.303373 0.433926
vt 0.373275 0.407400
vt 0.373275 0.437980
vt 0.398772 0.713199
vt 0.427822 0.713199
vt 0.427822 0.743669
vt 0.398772 0.743669
vt 0.456874 0.713199
vt 0.485924 0.713199
vt 0.303686 0.577880
vt 0.303750 0.595863
vt 0.303339 0.595879
vt 0.303373 0.577881
vt 0.373275 0.652040
vt 0.373275 0.682620
vt 0.485924 0.743669
vt 0.456874 0.743669
vt 0.514975 0.713199
vt 0.543916 0.682620
vt 0.540132 0.682620
vt 0.715218 0.621460
vt 0.715218 0.652040
vt 0.689722 0.652040
vt 0.689722 0.621460
vt 0.548361 0.652040
vt 0.548361 0.682620
vt 0.544577 0.682620
vt 0.544577 0.652040
vt 0.660671 0.713199
vt 0.660671 0.743669
vt 0.631620 0.743669
vt 0.631620 0.713199
vt 0.689722 0.468560
vt 0.689722 0.499140
vt 0.660671 0.499140
vt 0.660671 0.468560
vt 0.689722 0.590880
vt 0.660671 0.621460
vt 0.660671 0.590880
vt 0.631620 0.468560
vt 0.631620 0.499140
vt 0.602569 0.499140
vt 0.602569 0.468560
vt 0.631620 0.590880
vt 0.631620 0.621460
vt 0.602569 0.621460
vt 0.602569 0.590880
vt 0.548361 0.499140
vt 0.548361 0.529720
vt 0.544577 0.529720
vt 0.544577 0.499140
vt 0.548361 0.621460
vt 0.544577 0.621460
vt 0.631620 0.652040
vt 0.631620 0.682620
vt 0.602569 0.682620
vt 0.602569 0.652040
vt 0.689722 0.682620
vt 0.660671 0.682620
vt 0.660671 0.652040
vt 0.548361 0.713199
vt 0.544577 0.713199
vt 0.548361 0.560300
vt 0.548361 0.590880
vt 0.544577 0.590880
vt 0.544577 0.560300
vt 0.631620 0.529720
vt 0.631620 0.560300
vt 0.602569 0.560300
vt 0.602569 0.529720
vt 0.689722 0.529720
vt 0.689722 0.560300
vt 0.660671 0.560300
vt 0.660671 0.529720
vt 0.548361 0.437980
vt 0.548361 0.468560
vt 0.544577 0.468560
vt 0.544577 0.437980
vt 0.631620 0.407400
vt 0.631620 0.437980
vt 0.602569 0.437980
vt 0.602569 0.407400
vt 0.689722 0.407400
vt 0.689722 0.437980
vt 0.660671 0.437980
vt 0.660671 0.407400
vt 0.548361 0.407400
vt 0.544577 0.407400
vt 0.548361 0.376930
vt 0.544577 0.376930
vt 0.660671 0.376930
vt 0.631620 0.376930
vt 0.602569 0.376930
vt 0.573518 0.407400
vt 0.573518 0.376930
vt 0.573518 0.437980
vt 0.715218 0.713199
vt 0.715218 0.743669
vt 0.689722 0.743669
vt 0.689722 0.713199
vt 0.715218 0.468560
vt 0.715218 0.499140
vt 0.573518 0.560300
vt 0.573518 0.529720
vt 0.573518 0.499140
vt 0.573518 0.682620
vt 0.573518 0.652040
vt 0.573518 0.621460
vt 0.602569 0.713199
vt 0.602569 0.743669
vt 0.573518 0.743669
vt 0.573518 0.713199
vt 0.715218 0.560300
vt 0.715218 0.590880
vt 0.573518 0.590880
vt 0.715218 0.437980
vt 0.573518 0.468560
vt 0.715218 0.529720
vt 0.689722 0.376930
vt 0.715218 0.407400
vt 0.548361 0.743669
vt 0.544577 0.743669
vt 0.715218 0.682620
vt 0.373275 0.376930
vt 0.540132 0.376930
vt 0.543916 0.376930
vt 0.540132 0.713199
vt 0.543916 0.713199
vt 0.543916 0.743669
vt 0.540132 0.743669
vt 0.373275 0.713199
vt 0.373275 0.743670
vt 0.514975 0.376930
vt 0.540132 0.468560
vt 0.543916 0.468560
vt 0.540132 0.590880
vt 0.543916 0.590880
vt 0.514975 0.743669
vt 0.307313 0.382088
vt 0.306948 0.382099
vt 0.715218 0.376930
vt 0.308653 0.467560
vt 0.308348 0.467561
vt 0.305176 0.379965
vt 0.304765 0.379981
vt 0.307295 0.467557
vt 0.306990 0.467558
vt 0.308670 0.381882
vt 0.308306 0.381893
vt 0.303720 0.379939
vt 0.303729 0.379767
vt 0.303928 0.379751
vt 0.303944 0.379950
vt 0.307574 0.485088
vt 0.307557 0.485281
vt 0.307364 0.485264
vt 0.369831 0.376930
vt 0.369721 0.376930
vt 0.369721 0.376820
vt 0.369831 0.376820
vt 0.307329 0.379791
vt 0.307338 0.379623
vt 0.307532 0.379608
vt 0.307548 0.379802
vt 0.305427 0.595875
vt 0.305409 0.596073
vt 0.305212 0.596055
vt 0.543916 0.376820
vt 0.544026 0.376820
vt 0.544026 0.376930
vt 0.308687 0.379791
vt 0.308696 0.379623
vt 0.308890 0.379608
vt 0.308905 0.379802
vt 0.303972 0.595852
vt 0.303954 0.596050
vt 0.303756 0.596032
vt 0.369831 0.743669
vt 0.369831 0.743779
vt 0.369721 0.743779
vt 0.369721 0.743669
vt 0.305185 0.379793
vt 0.305384 0.379777
vt 0.305400 0.379976
vt 0.308932 0.485092
vt 0.308914 0.485285
vt 0.308722 0.485268
vt 0.544026 0.743669
vt 0.544026 0.743779
vt 0.543916 0.743779
vt 0.303309 0.379955
vt 0.303087 0.379966
vt 0.303105 0.379768
vt 0.303303 0.379786
vt 0.718663 0.376930
vt 0.718663 0.376820
vt 0.718773 0.376820
vt 0.718773 0.376930
vt 0.306947 0.485282
vt 0.306753 0.485298
vt 0.306738 0.485104
vt 0.306928 0.379806
vt 0.306711 0.379817
vt 0.306729 0.379624
vt 0.306921 0.379642
vt 0.544467 0.376930
vt 0.544467 0.376820
vt 0.544577 0.376820
vt 0.304785 0.596074
vt 0.304586 0.596090
vt 0.304570 0.595891
vt 0.308285 0.379806
vt 0.308069 0.379817
vt 0.308087 0.379624
vt 0.308279 0.379642
vt 0.718663 0.743669
vt 0.718773 0.743669
vt 0.718773 0.743779
vt 0.718663 0.743780
vt 0.303330 0.596051
vt 0.303131 0.596067
vt 0.303115 0.595868
vt 0.304543 0.379992
vt 0.304561 0.379794
vt 0.304758 0.379812
vt 0.544577 0.743780
vt 0.544467 0.743779
vt 0.544467 0.743669
vt 0.308305 0.485286
vt 0.308111 0.485301
vt 0.308096 0.485107
vt 0.304000 0.397934
vt 0.369721 0.407400
vt 0.369831 0.407400
vt 0.307566 0.382093
vt 0.540132 0.376820
vt 0.305455 0.397960
vt 0.544026 0.713199
vt 0.308923 0.381888
vt 0.373275 0.743779
vt 0.303999 0.523895
vt 0.303999 0.541890
vt 0.369721 0.652040
vt 0.369721 0.621460
vt 0.369831 0.621460
vt 0.369831 0.652040
vt 0.303999 0.451917
vt 0.303999 0.469912
vt 0.369721 0.529720
vt 0.369721 0.499140
vt 0.369831 0.499140
vt 0.369831 0.529720
vt 0.307601 0.450003
vt 0.307601 0.467555
vt 0.398772 0.376820
vt 0.427823 0.376820
vt 0.307601 0.414898
vt 0.307601 0.432450
vt 0.456873 0.376820
vt 0.485924 0.376820
vt 0.305455 0.523919
vt 0.305455 0.541914
vt 0.544026 0.468560
vt 0.544026 0.499140
vt 0.305455 0.451942
vt 0.305455 0.469937
vt 0.544026 0.590880
vt 0.544026 0.621460
vt 0.308959 0.450005
vt 0.308959 0.467558
vt 0.514975 0.743779
vt 0.485924 0.743779
vt 0.308959 0.414899
vt 0.308959 0.432452
vt 0.456873 0.743779
vt 0.427823 0.743779
vt 0.305455 0.415954
vt 0.305455 0.433948
vt 0.544026 0.652040
vt 0.544026 0.682619
vt 0.303999 0.559884
vt 0.304000 0.577878
vt 0.369721 0.713199
vt 0.369721 0.682619
vt 0.369831 0.682620
vt 0.369831 0.713199
vt 0.303999 0.487906
vt 0.303999 0.505901
vt 0.369721 0.590880
vt 0.369721 0.560300
vt 0.369831 0.560300
vt 0.369831 0.590880
vt 0.305455 0.487931
vt 0.305455 0.505925
vt 0.544026 0.529720
vt 0.544026 0.560300
vt 0.303999 0.415928
vt 0.303999 0.433923
vt 0.369721 0.468560
vt 0.369721 0.437980
vt 0.369831 0.437980
vt 0.369831 0.468560
vt 0.305455 0.559908
vt 0.305455 0.577902
vt 0.544026 0.407400
vt 0.544026 0.437980
vt 0.307601 0.397345
vt 0.514975 0.376820
vt 0.308959 0.397346
vt 0.398772 0.743779
vt 0.307589 0.483003
vt 0.373275 0.376820
vt 0.308947 0.482801
vt 0.540132 0.743779
vt 0.718663 0.407400
vt 0.718773 0.407400
vt 0.303059 0.397939
vt 0.548361 0.376820
vt 0.306696 0.382108
vt 0.544467 0.713199
vt 0.304515 0.397965
vt 0.715218 0.743780
vt 0.308054 0.381903
vt 0.718663 0.652040
vt 0.718663 0.621460
vt 0.718773 0.621460
vt 0.718773 0.652040
vt 0.303059 0.541895
vt 0.303059 0.523901
vt 0.718663 0.529720
vt 0.718663 0.499140
vt 0.718773 0.499140
vt 0.718773 0.529720
vt 0.303059 0.469917
vt 0.303059 0.451923
vt 0.660671 0.376820
vt 0.689722 0.376820
vt 0.306684 0.467560
vt 0.306684 0.450008
vt 0.602569 0.376820
vt 0.631620 0.376820
vt 0.306684 0.432455
vt 0.306684 0.414903
vt 0.544467 0.499140
vt 0.544467 0.468560
vt 0.304515 0.541919
vt 0.304515 0.523925
vt 0.544467 0.621460
vt 0.544467 0.590880
vt 0.304515 0.469942
vt 0.304515 0.451948
vt 0.602569 0.743780
vt 0.573518 0.743779
vt 0.308042 0.467564
vt 0.308042 0.450010
vt 0.660671 0.743780
vt 0.631620 0.743780
vt 0.308042 0.432457
vt 0.308042 0.414904
vt 0.544467 0.682619
vt 0.544467 0.652040
vt 0.304515 0.433954
vt 0.304515 0.415959
vt 0.718663 0.713199
vt 0.718663 0.682620
vt 0.718773 0.682619
vt 0.718773 0.713199
vt 0.303059 0.577884
vt 0.303059 0.559889
vt 0.718663 0.590880
vt 0.718663 0.560300
vt 0.718773 0.560300
vt 0.718773 0.590880
vt 0.303059 0.505906
vt 0.303059 0.487912
vt 0.544467 0.560300
vt 0.544467 0.529720
vt 0.304515 0.505930
vt 0.304515 0.487936
vt 0.718663 0.468560
vt 0.718663 0.437980
vt 0.718773 0.437980
vt 0.718773 0.468560
vt 0.303059 0.433928
vt 0.303059 0.415934
vt 0.544467 0.437980
vt 0.544467 0.407400
vt 0.304515 0.577907
vt 0.304515 0.559913
vt 0.573518 0.376820
vt 0.306684 0.397350
vt 0.689722 0.743780
vt 0.308042 0.397351
vt 0.715218 0.376820
vt 0.306719 0.483017
vt 0.548361 0.743780
vt 0.308077 0.482815
vt 0.712427 0.010297
vt 0.722469 0.014456
vt 0.726629 0.024499
vt 0.712427 0.024419
vt 0.714413 0.000312
vt 0.730111 0.006814
vt 0.696138 0.010297
vt 0.696138 0.024717
vt 0.696138 0.000312
vt 0.714431 0.000220
vt 0.730180 0.006745
vt 0.696138 0.000220
vt 0.679672 0.000220
vt 0.679672 0.000312
vt 0.679672 0.010297
vt 0.663228 0.000220
vt 0.663227 0.000312
vt 0.663227 0.010297
vt 0.679672 0.025014
vt 0.663227 0.025311
vt 0.646794 0.010297
vt 0.646794 0.000312
vt 0.646794 0.025608
vt 0.663227 0.051974
vt 0.646794 0.051974
vt 0.679672 0.051974
vt 0.663227 0.079274
vt 0.646794 0.079274
vt 0.679672 0.079274
vt 0.663227 0.106575
vt 0.646794 0.106575
vt 0.679672 0.106575
vt 0.663227 0.133875
vt 0.646794 0.133875
vt 0.679672 0.133875
vt 0.663227 0.161175
vt 0.646794 0.161175
vt 0.679672 0.161175
vt 0.663227 0.188475
vt 0.646794 0.188475
vt 0.679672 0.188475
vt 0.663227 0.215775
vt 0.646794 0.215775
vt 0.679672 0.215775
vt 0.663227 0.243075
vt 0.646794 0.243075
vt 0.679672 0.243075
vt 0.663227 0.270375
vt 0.646794 0.270375
vt 0.679672 0.270375
vt 0.663227 0.297675
vt 0.646794 0.297675
vt 0.679672 0.297675
vt 0.663227 0.324975
vt 0.646794 0.324975
vt 0.679672 0.324975
vt 0.663227 0.352101
vt 0.646794 0.352101
vt 0.679672 0.352101
vt 0.679672 0.366303
vt 0.663227 0.366303
vt 0.646794 0.366303
vt 0.679672 0.376287
vt 0.663227 0.376287
vt 0.646794 0.376287
vt 0.663228 0.376380
vt 0.646794 0.376380
vt 0.679672 0.376380
vt 0.696138 0.376380
vt 0.696138 0.376286
vt 0.696138 0.366303
vt 0.712477 0.376378
vt 0.712472 0.376286
vt 0.712427 0.366303
vt 0.696138 0.352101
vt 0.712427 0.352101
vt 0.696138 0.324975
vt 0.712427 0.324975
vt 0.696138 0.297675
vt 0.712427 0.297675
vt 0.696138 0.270375
vt 0.712427 0.270375
vt 0.696138 0.243075
vt 0.712427 0.243075
vt 0.696138 0.215775
vt 0.712427 0.215775
vt 0.696138 0.188475
vt 0.712427 0.188475
vt 0.696138 0.161175
vt 0.712427 0.161175
vt 0.696138 0.133875
vt 0.712427 0.133875
vt 0.696138 0.106575
vt 0.712427 0.106575
vt 0.696138 0.079275
vt 0.712427 0.079274
vt 0.696138 0.051974
vt 0.712427 0.051974
vt 0.726629 0.051974
vt 0.726629 0.079274
vt 0.736613 0.022513
vt 0.736613 0.051974
vt 0.736613 0.079274
vt 0.736705 0.022495
vt 0.736705 0.051974
vt 0.736705 0.079274
vt 0.736705 0.106575
vt 0.736613 0.106575
vt 0.726629 0.106575
vt 0.736705 0.133875
vt 0.736613 0.133875
vt 0.726629 0.133875
vt 0.726629 0.161175
vt 0.736613 0.161175
vt 0.726629 0.188475
vt 0.736614 0.188475
vt 0.736705 0.161175
vt 0.736705 0.188475
vt 0.736705 0.215775
vt 0.736614 0.215775
vt 0.726629 0.215775
vt 0.736705 0.243075
vt 0.736614 0.243075
vt 0.726629 0.243075
vt 0.726629 0.270375
vt 0.736614 0.270375
vt 0.726629 0.297675
vt 0.736614 0.297675
vt 0.736705 0.270375
vt 0.736705 0.297675
vt 0.736705 0.324975
vt 0.736614 0.324975
vt 0.726629 0.324975
vt 0.736705 0.354105
vt 0.736614 0.354087
vt 0.726629 0.352101
vt 0.722469 0.362144
vt 0.730112 0.369786
vt 0.730180 0.369855
vt 0.300491 0.595135
vt 0.300552 0.610609
vt 0.300282 0.610600
vt 0.300213 0.595134
vt 0.320427 0.447283
vt 0.320020 0.434283
vt 0.320242 0.434298
vt 0.320653 0.447266
vt 0.319851 0.421900
vt 0.320067 0.421899
vt 0.320174 0.447293
vt 0.319756 0.434289
vt 0.319573 0.421900
vt 0.319947 0.447294
vt 0.319535 0.434314
vt 0.319357 0.421902
vt 0.319470 0.409471
vt 0.319686 0.409473
vt 0.319964 0.409477
vt 0.319718 0.397042
vt 0.319936 0.397046
vt 0.320212 0.397050
vt 0.320180 0.409479
vt 0.320428 0.397054
vt 0.320441 0.384653
vt 0.320625 0.384729
vt 0.320146 0.384483
vt 0.323369 0.382120
vt 0.323363 0.382301
vt 0.323359 0.381548
vt 0.319964 0.384416
vt 0.323353 0.381377
vt 0.319155 0.488868
vt 0.314467 0.484948
vt 0.314710 0.484849
vt 0.319155 0.488637
vt 0.315056 0.484634
vt 0.319151 0.487870
vt 0.313589 0.467801
vt 0.313885 0.467788
vt 0.314179 0.467777
vt 0.315304 0.484522
vt 0.319137 0.487627
vt 0.314473 0.467764
vt 0.313828 0.450858
vt 0.314123 0.450853
vt 0.313533 0.450861
vt 0.313922 0.433936
vt 0.314217 0.433936
vt 0.313627 0.433936
vt 0.313238 0.450866
vt 0.313333 0.433936
vt 0.313239 0.417006
vt 0.313535 0.417010
vt 0.313829 0.417014
vt 0.313591 0.400070
vt 0.313887 0.400083
vt 0.314181 0.400095
vt 0.314124 0.417018
vt 0.314475 0.400107
vt 0.315058 0.383238
vt 0.315306 0.383350
vt 0.314712 0.383023
vt 0.319152 0.379995
vt 0.319138 0.380238
vt 0.319155 0.379229
vt 0.314469 0.382924
vt 0.319155 0.378998
vt 0.327265 0.448628
vt 0.324003 0.445458
vt 0.324188 0.445399
vt 0.327278 0.448456
vt 0.324491 0.445241
vt 0.327311 0.447885
vt 0.324277 0.432835
vt 0.324495 0.432839
vt 0.324772 0.432846
vt 0.324677 0.445172
vt 0.327312 0.447704
vt 0.324988 0.432851
vt 0.325036 0.420426
vt 0.325252 0.420433
vt 0.324758 0.420418
vt 0.325430 0.407996
vt 0.325650 0.408007
vt 0.325163 0.407984
vt 0.324541 0.420411
vt 0.324942 0.407974
vt 0.325676 0.395113
vt 0.325897 0.395126
vt 0.326160 0.395144
vt 0.326606 0.382604
vt 0.326825 0.382614
vt 0.327094 0.382636
vt 0.327312 0.382661
vt 0.326381 0.395160
vt 0.301872 0.379626
vt 0.301949 0.395100
vt 0.301670 0.395103
vt 0.301602 0.379638
vt 0.302205 0.379622
vt 0.302258 0.395098
vt 0.302022 0.411758
vt 0.301731 0.411761
vt 0.302312 0.411757
vt 0.302474 0.379629
vt 0.302536 0.395099
vt 0.302603 0.411757
vt 0.302589 0.428438
vt 0.302299 0.428440
vt 0.302009 0.428441
vt 0.302575 0.445107
vt 0.302285 0.445109
vt 0.301995 0.445109
vt 0.301718 0.428442
vt 0.301704 0.445111
vt 0.301981 0.461777
vt 0.301691 0.461779
vt 0.302271 0.461777
vt 0.301968 0.478446
vt 0.301677 0.478448
vt 0.302258 0.478445
vt 0.302562 0.461775
vt 0.302548 0.478444
vt 0.302535 0.495112
vt 0.302244 0.495114
vt 0.301954 0.495114
vt 0.302521 0.511780
vt 0.302230 0.511782
vt 0.301940 0.511783
vt 0.301663 0.495116
vt 0.301650 0.511784
vt 0.301927 0.528451
vt 0.301636 0.528453
vt 0.302217 0.528450
vt 0.301913 0.545119
vt 0.301623 0.545121
vt 0.302203 0.545119
vt 0.302507 0.528449
vt 0.302494 0.545117
vt 0.302480 0.561786
vt 0.302189 0.561787
vt 0.301899 0.561788
vt 0.302467 0.578467
vt 0.302176 0.578470
vt 0.301886 0.578471
vt 0.301609 0.561789
vt 0.301595 0.578471
vt 0.301940 0.595130
vt 0.301661 0.595129
vt 0.302248 0.595128
vt 0.302001 0.610603
vt 0.301731 0.610592
vt 0.302334 0.610604
vt 0.302528 0.595125
vt 0.302603 0.610594
vt 0.317512 0.447239
vt 0.317108 0.434700
vt 0.317329 0.434696
vt 0.317731 0.447238
vt 0.317593 0.434690
vt 0.318001 0.447227
vt 0.316915 0.421821
vt 0.317136 0.421820
vt 0.317403 0.421819
vt 0.317815 0.434683
vt 0.318220 0.447211
vt 0.317624 0.421818
vt 0.317531 0.409385
vt 0.317747 0.409387
vt 0.317253 0.409382
vt 0.317781 0.396967
vt 0.317997 0.396971
vt 0.317504 0.396962
vt 0.317036 0.409380
vt 0.317286 0.396958
vt 0.317531 0.384335
vt 0.317713 0.384402
vt 0.318009 0.384572
vt 0.320923 0.381303
vt 0.320929 0.381475
vt 0.320937 0.382046
vt 0.320930 0.382228
vt 0.318193 0.384648
vt 0.316208 0.487877
vt 0.312122 0.484637
vt 0.312369 0.484525
vt 0.316194 0.487634
vt 0.316210 0.488643
vt 0.311776 0.484851
vt 0.311248 0.467777
vt 0.311541 0.467765
vt 0.310954 0.467789
vt 0.316210 0.488873
vt 0.311533 0.484951
vt 0.310658 0.467802
vt 0.310292 0.450865
vt 0.310587 0.450860
vt 0.310881 0.450857
vt 0.310383 0.433932
vt 0.310677 0.433932
vt 0.310972 0.433932
vt 0.311176 0.450852
vt 0.311267 0.433932
vt 0.310880 0.417008
vt 0.311175 0.417013
vt 0.310585 0.417005
vt 0.311244 0.400087
vt 0.311537 0.400100
vt 0.310949 0.400076
vt 0.310290 0.417000
vt 0.310653 0.400063
vt 0.311530 0.382914
vt 0.311773 0.383013
vt 0.312119 0.383228
vt 0.316210 0.378998
vt 0.316210 0.379229
vt 0.316207 0.379994
vt 0.316192 0.380237
vt 0.312367 0.383340
vt 0.324902 0.448189
vt 0.322080 0.445537
vt 0.322267 0.445468
vt 0.324903 0.448008
vt 0.324869 0.448761
vt 0.321778 0.445695
vt 0.322368 0.433131
vt 0.322584 0.433136
vt 0.322091 0.433124
vt 0.324856 0.448932
vt 0.321593 0.445754
vt 0.321873 0.433119
vt 0.322141 0.420682
vt 0.322358 0.420689
vt 0.322635 0.420697
vt 0.322540 0.408231
vt 0.322760 0.408241
vt 0.323027 0.408253
vt 0.322852 0.420704
vt 0.323248 0.408264
vt 0.323755 0.395396
vt 0.323976 0.395412
vt 0.323491 0.395378
vt 0.324686 0.382879
vt 0.324903 0.382905
vt 0.324416 0.382857
vt 0.323270 0.395365
vt 0.324198 0.382848
vt 0.301027 0.379629
vt 0.301088 0.395100
vt 0.300809 0.395099
vt 0.300757 0.379622
vt 0.300501 0.395101
vt 0.300423 0.379626
vt 0.301154 0.411758
vt 0.300863 0.411759
vt 0.300573 0.411760
vt 0.300222 0.395104
vt 0.300154 0.379638
vt 0.300282 0.411762
vt 0.300560 0.428443
vt 0.300269 0.428444
vt 0.300850 0.428442
vt 0.300546 0.445111
vt 0.300255 0.445113
vt 0.300836 0.445111
vt 0.301140 0.428440
vt 0.301126 0.445109
vt 0.301113 0.461778
vt 0.300822 0.461780
vt 0.300532 0.461780
vt 0.301099 0.478447
vt 0.300809 0.478449
vt 0.300519 0.478449
vt 0.300242 0.461782
vt 0.300228 0.478451
vt 0.300505 0.495118
vt 0.300215 0.495119
vt 0.300795 0.495117
vt 0.300492 0.511786
vt 0.300201 0.511788
vt 0.300782 0.511786
vt 0.301086 0.495115
vt 0.301072 0.511784
vt 0.301059 0.528453
vt 0.300768 0.528455
vt 0.300478 0.528455
vt 0.301045 0.545122
vt 0.300755 0.545124
vt 0.300465 0.545124
vt 0.300188 0.528457
vt 0.300174 0.545126
vt 0.300451 0.561793
vt 0.300161 0.561795
vt 0.300741 0.561792
vt 0.300437 0.578476
vt 0.300146 0.578476
vt 0.300727 0.578475
vt 0.301032 0.561791
vt 0.301018 0.578472
vt 0.301079 0.595130
vt 0.300800 0.595134
vt 0.301154 0.610602
vt 0.300885 0.610610
vt 0.000311 0.355369
vt 0.006837 0.371125
vt 0.006770 0.371194
vt 0.000220 0.355387
vt 0.000312 0.326152
vt 0.000220 0.326152
vt 0.024541 0.377648
vt 0.024535 0.377741
vt 0.014508 0.363455
vt 0.010333 0.353376
vt 0.024587 0.367630
vt 0.024587 0.353376
vt 0.040935 0.353376
vt 0.040935 0.367629
vt 0.040935 0.377649
vt 0.057460 0.367629
vt 0.057460 0.377649
vt 0.057460 0.353376
vt 0.057460 0.377742
vt 0.040935 0.377742
vt 0.073964 0.377649
vt 0.073965 0.377742
vt 0.073964 0.367629
vt 0.090457 0.377650
vt 0.090457 0.377742
vt 0.090457 0.367629
vt 0.073964 0.353376
vt 0.090457 0.353376
vt 0.073964 0.326152
vt 0.057460 0.326152
vt 0.090457 0.326152
vt 0.090457 0.298753
vt 0.073964 0.298753
vt 0.057460 0.298753
vt 0.090457 0.271354
vt 0.073964 0.271354
vt 0.057460 0.271354
vt 0.090457 0.243955
vt 0.073964 0.243955
vt 0.057460 0.243955
vt 0.090457 0.216556
vt 0.073964 0.216556
vt 0.057460 0.216556
vt 0.090457 0.189157
vt 0.073964 0.189157
vt 0.057460 0.189157
vt 0.090457 0.161758
vt 0.073964 0.161758
vt 0.057460 0.161758
vt 0.090457 0.134359
vt 0.073964 0.134359
vt 0.057460 0.134359
vt 0.090457 0.106960
vt 0.073964 0.106960
vt 0.057460 0.106960
vt 0.090457 0.079561
vt 0.073964 0.079561
vt 0.057460 0.079561
vt 0.090457 0.052162
vt 0.073964 0.052162
vt 0.057460 0.052162
vt 0.090457 0.025701
vt 0.073964 0.025402
vt 0.057460 0.025104
vt 0.090457 0.010333
vt 0.073964 0.010333
vt 0.057460 0.010333
vt 0.073964 0.000312
vt 0.090457 0.000312
vt 0.057460 0.000312
vt 0.057460 0.000220
vt 0.073965 0.000220
vt 0.090457 0.000220
vt 0.092299 0.010333
vt 0.092299 0.000312
vt 0.092298 0.000220
vt 0.094140 0.010333
vt 0.094140 0.000312
vt 0.094141 0.000220
vt 0.094140 0.025724
vt 0.092299 0.025712
vt 0.094141 0.052162
vt 0.092299 0.052162
vt 0.094140 0.079561
vt 0.092299 0.079561
vt 0.124220 0.025555
vt 0.124220 0.052162
vt 0.124220 0.079561
vt 0.154299 0.052162
vt 0.154299 0.079561
vt 0.154299 0.025386
vt 0.124220 0.010333
vt 0.154299 0.010333
vt 0.124220 0.000312
vt 0.154299 0.000312
vt 0.124220 0.000220
vt 0.154299 0.000220
vt 0.184378 0.000312
vt 0.184377 0.010333
vt 0.184378 0.000220
vt 0.214456 0.000312
vt 0.214456 0.010333
vt 0.214456 0.000220
vt 0.184378 0.025217
vt 0.214456 0.025048
vt 0.184377 0.052162
vt 0.214456 0.052162
vt 0.184378 0.079561
vt 0.214456 0.079561
vt 0.184378 0.106960
vt 0.154299 0.106960
vt 0.214456 0.106960
vt 0.184378 0.134359
vt 0.154299 0.134359
vt 0.214456 0.134359
vt 0.184378 0.161758
vt 0.154299 0.161758
vt 0.214456 0.161758
vt 0.184378 0.189157
vt 0.154299 0.189157
vt 0.214456 0.189157
vt 0.184378 0.216556
vt 0.154299 0.216556
vt 0.214456 0.216556
vt 0.184378 0.243955
vt 0.154299 0.243955
vt 0.214456 0.243955
vt 0.184378 0.271354
vt 0.154299 0.271354
vt 0.214456 0.271354
vt 0.184378 0.298753
vt 0.154299 0.298753
vt 0.214456 0.298753
vt 0.184377 0.326152
vt 0.154299 0.326152
vt 0.214456 0.326152
vt 0.184378 0.353376
vt 0.154299 0.353376
vt 0.214456 0.353376
vt 0.214456 0.367629
vt 0.184378 0.367629
vt 0.154299 0.367629
vt 0.214456 0.377650
vt 0.184378 0.377650
vt 0.154299 0.377650
vt 0.184378 0.377742
vt 0.154299 0.377742
vt 0.214456 0.377742
vt 0.244535 0.377650
vt 0.244535 0.377742
vt 0.244535 0.367629
vt 0.274615 0.377650
vt 0.274614 0.377742
vt 0.274615 0.367629
vt 0.274614 0.353376
vt 0.244535 0.353376
vt 0.274615 0.326152
vt 0.244535 0.326152
vt 0.274615 0.298753
vt 0.244536 0.298753
vt 0.274615 0.271354
vt 0.244536 0.271354
vt 0.274615 0.243955
vt 0.244536 0.243955
vt 0.274615 0.216556
vt 0.244536 0.216556
vt 0.274615 0.189157
vt 0.244536 0.189157
vt 0.274615 0.161758
vt 0.244536 0.161758
vt 0.274615 0.134359
vt 0.244536 0.134359
vt 0.274615 0.106960
vt 0.244536 0.106960
vt 0.274615 0.079561
vt 0.244536 0.079561
vt 0.274615 0.052162
vt 0.244536 0.052162
vt 0.274614 0.024710
vt 0.244536 0.024879
vt 0.274615 0.010333
vt 0.244536 0.010333
vt 0.244536 0.000312
vt 0.274615 0.000312
vt 0.244536 0.000220
vt 0.274614 0.000220
vt 0.276456 0.000312
vt 0.276456 0.010333
vt 0.276456 0.000220
vt 0.278298 0.000312
vt 0.278298 0.000220
vt 0.278298 0.010333
vt 0.276456 0.024701
vt 0.278298 0.024692
vt 0.276456 0.052162
vt 0.278298 0.052162
vt 0.276456 0.079561
vt 0.278298 0.079561
vt 0.294791 0.052162
vt 0.294791 0.024623
vt 0.294791 0.079561
vt 0.311283 0.079561
vt 0.311283 0.052162
vt 0.311283 0.024555
vt 0.294791 0.010333
vt 0.311283 0.010333
vt 0.294791 0.000312
vt 0.311283 0.000312
vt 0.294791 0.000220
vt 0.311283 0.000220
vt 0.327799 0.000312
vt 0.327799 0.010333
vt 0.327799 0.000220
vt 0.346161 0.000312
vt 0.346180 0.000220
vt 0.344168 0.010333
vt 0.344168 0.024418
vt 0.327799 0.024486
vt 0.344168 0.052162
vt 0.327799 0.052162
vt 0.327799 0.079561
vt 0.344168 0.079561
vt 0.327799 0.106960
vt 0.311283 0.106960
vt 0.344168 0.106960
vt 0.327799 0.134359
vt 0.311283 0.134359
vt 0.344168 0.134359
vt 0.327799 0.161758
vt 0.311283 0.161758
vt 0.344168 0.161758
vt 0.327799 0.189157
vt 0.311283 0.189157
vt 0.344168 0.189157
vt 0.327799 0.216556
vt 0.311283 0.216556
vt 0.344168 0.216556
vt 0.327799 0.243955
vt 0.311283 0.243955
vt 0.344168 0.243955
vt 0.327799 0.271354
vt 0.311283 0.271354
vt 0.344168 0.271354
vt 0.327799 0.298753
vt 0.311283 0.298753
vt 0.344168 0.298753
vt 0.327799 0.326152
vt 0.311283 0.326152
vt 0.344168 0.326152
vt 0.327799 0.353376
vt 0.311283 0.353376
vt 0.344168 0.353376
vt 0.327799 0.367629
vt 0.311283 0.367629
vt 0.344168 0.367630
vt 0.327799 0.377650
vt 0.311283 0.377650
vt 0.346161 0.377650
vt 0.346180 0.377742
vt 0.327799 0.377742
vt 0.311283 0.377742
vt 0.294791 0.377650
vt 0.294791 0.367629
vt 0.294791 0.377742
vt 0.278298 0.377650
vt 0.278298 0.377742
vt 0.278298 0.367629
vt 0.294791 0.353376
vt 0.278298 0.353376
vt 0.278298 0.326152
vt 0.294791 0.326152
vt 0.278298 0.298753
vt 0.294791 0.298753
vt 0.278298 0.271354
vt 0.294791 0.271354
vt 0.278298 0.243955
vt 0.294791 0.243955
vt 0.278298 0.216556
vt 0.294791 0.216556
vt 0.278298 0.189157
vt 0.294791 0.189157
vt 0.278298 0.161758
vt 0.294791 0.161758
vt 0.278298 0.134359
vt 0.294791 0.134359
vt 0.278298 0.106960
vt 0.294791 0.106960
vt 0.276456 0.134359
vt 0.276456 0.106960
vt 0.276456 0.161758
vt 0.276456 0.189157
vt 0.276456 0.216556
vt 0.276456 0.243955
vt 0.276456 0.271354
vt 0.276456 0.298753
vt 0.276456 0.326152
vt 0.276456 0.353376
vt 0.276456 0.367629
vt 0.276456 0.377650
vt 0.276456 0.377742
vt 0.361917 0.371124
vt 0.361986 0.371194
vt 0.354247 0.363455
vt 0.368442 0.355369
vt 0.368783 0.355293
vt 0.358422 0.353376
vt 0.358422 0.326152
vt 0.368442 0.326152
vt 0.358422 0.298753
vt 0.368442 0.298753
vt 0.369280 0.325891
vt 0.369280 0.298514
vt 0.368442 0.271354
vt 0.369280 0.271137
vt 0.358422 0.271354
vt 0.368442 0.243955
vt 0.369280 0.243760
vt 0.358422 0.243955
vt 0.358422 0.216556
vt 0.368442 0.216556
vt 0.358422 0.189157
vt 0.368442 0.189157
vt 0.369280 0.216383
vt 0.369280 0.189006
vt 0.368442 0.161758
vt 0.369280 0.161629
vt 0.358422 0.161758
vt 0.368442 0.134359
vt 0.369280 0.134252
vt 0.358422 0.134359
vt 0.358422 0.106960
vt 0.368442 0.106960
vt 0.358422 0.079561
vt 0.368442 0.079561
vt 0.369280 0.106874
vt 0.369280 0.079497
vt 0.368442 0.052162
vt 0.369280 0.052120
vt 0.358422 0.052162
vt 0.368442 0.022594
vt 0.368783 0.022569
vt 0.358422 0.024587
vt 0.354247 0.014508
vt 0.361917 0.006838
vt 0.361986 0.006769
vt 0.124220 0.377650
vt 0.124220 0.367629
vt 0.124220 0.377742
vt 0.094140 0.377650
vt 0.094140 0.367629
vt 0.094141 0.377742
vt 0.124220 0.353376
vt 0.094140 0.353376
vt 0.124220 0.326152
vt 0.094141 0.326152
vt 0.124220 0.298753
vt 0.094141 0.298753
vt 0.124220 0.271354
vt 0.094140 0.271354
vt 0.124220 0.243955
vt 0.094140 0.243955
vt 0.124220 0.216556
vt 0.094140 0.216556
vt 0.124220 0.189157
vt 0.094140 0.189157
vt 0.124220 0.161758
vt 0.094140 0.161758
vt 0.124220 0.134359
vt 0.094140 0.134359
vt 0.124220 0.106960
vt 0.094140 0.106960
vt 0.092299 0.134359
vt 0.092299 0.106960
vt 0.092299 0.161758
vt 0.092299 0.189157
vt 0.092299 0.216556
vt 0.092299 0.243955
vt 0.092299 0.271354
vt 0.092299 0.298753
vt 0.092299 0.326152
vt 0.092299 0.353376
vt 0.092299 0.367629
vt 0.092299 0.377650
vt 0.092299 0.377742
vt 0.040935 0.000312
vt 0.040935 0.000220
vt 0.040935 0.010333
vt 0.022594 0.000312
vt 0.022575 0.000220
vt 0.024587 0.010333
vt 0.040935 0.024805
vt 0.024587 0.024507
vt 0.040935 0.052162
vt 0.024587 0.052162
vt 0.040935 0.079561
vt 0.024587 0.079561
vt 0.040935 0.106960
vt 0.024587 0.106960
vt 0.040935 0.134359
vt 0.024587 0.134359
vt 0.040935 0.161758
vt 0.024587 0.161758
vt 0.040935 0.189157
vt 0.024587 0.189157
vt 0.040935 0.216556
vt 0.024587 0.216556
vt 0.040935 0.243955
vt 0.024587 0.243955
vt 0.040935 0.271354
vt 0.024587 0.271354
vt 0.040935 0.298753
vt 0.024587 0.298753
vt 0.040935 0.326152
vt 0.024587 0.326152
vt 0.010333 0.326152
vt 0.010333 0.298753
vt 0.000312 0.298753
vt 0.000220 0.298753
vt 0.000312 0.271354
vt 0.010333 0.271354
vt 0.000220 0.271354
vt 0.000312 0.243955
vt 0.010333 0.243955
vt 0.000220 0.243955
vt 0.010333 0.216556
vt 0.000312 0.216556
vt 0.010333 0.189157
vt 0.000312 0.189157
vt 0.000220 0.216556
vt 0.000220 0.189157
vt 0.000312 0.161758
vt 0.010333 0.161758
vt 0.000220 0.161758
vt 0.000312 0.134359
vt 0.010333 0.134359
vt 0.000220 0.134359
vt 0.010333 0.106960
vt 0.000312 0.106960
vt 0.010333 0.079561
vt 0.000312 0.079561
vt 0.000220 0.106960
vt 0.000220 0.079561
vt 0.000312 0.052162
vt 0.010333 0.052162
vt 0.000220 0.052162
vt 0.000312 0.022594
vt 0.010333 0.024587
vt 0.000220 0.022575
vt 0.014508 0.014508
vt 0.006838 0.006838
vt 0.006769 0.006769
vt 0.646794 0.000220
vt 0.644959 0.000220
vt 0.644959 0.000312
vt 0.644959 0.010297
vt 0.643124 0.000220
vt 0.643124 0.000312
vt 0.643124 0.010297
vt 0.643124 0.025632
vt 0.644959 0.025620
vt 0.643124 0.051974
vt 0.644959 0.051974
vt 0.643124 0.079274
vt 0.644959 0.079274
vt 0.613154 0.025463
vt 0.613154 0.051974
vt 0.613154 0.079274
vt 0.583183 0.051974
vt 0.583183 0.079274
vt 0.583183 0.025295
vt 0.613154 0.010297
vt 0.583183 0.010297
vt 0.613154 0.000312
vt 0.583183 0.000312
vt 0.613154 0.000220
vt 0.583183 0.000220
vt 0.553213 0.000220
vt 0.553213 0.000312
vt 0.553213 0.010297
vt 0.523243 0.000220
vt 0.523243 0.000312
vt 0.523243 0.010297
vt 0.553213 0.025127
vt 0.523243 0.024958
vt 0.553213 0.051974
vt 0.523243 0.051974
vt 0.553213 0.079274
vt 0.523243 0.079274
vt 0.583183 0.106575
vt 0.553213 0.106575
vt 0.523243 0.106575
vt 0.583183 0.133875
vt 0.553213 0.133875
vt 0.523243 0.133875
vt 0.583183 0.161175
vt 0.553213 0.161175
vt 0.523243 0.161175
vt 0.583183 0.188475
vt 0.553213 0.188475
vt 0.523243 0.188475
vt 0.583183 0.215775
vt 0.553213 0.215775
vt 0.523243 0.215775
vt 0.583183 0.243075
vt 0.553213 0.243075
vt 0.523243 0.243075
vt 0.583183 0.270375
vt 0.553213 0.270375
vt 0.523243 0.270375
vt 0.583183 0.297675
vt 0.553213 0.297675
vt 0.523243 0.297675
vt 0.583183 0.324975
vt 0.553213 0.324975
vt 0.523243 0.324975
vt 0.583183 0.352101
vt 0.553213 0.352101
vt 0.523243 0.352101
vt 0.553213 0.366303
vt 0.523243 0.366303
vt 0.583183 0.366303
vt 0.553213 0.376288
vt 0.523243 0.376288
vt 0.583183 0.376288
vt 0.583183 0.376380
vt 0.553213 0.376380
vt 0.523243 0.376380
vt 0.493272 0.376380
vt 0.493272 0.376288
vt 0.493272 0.366303
vt 0.463302 0.376380
vt 0.463302 0.376288
vt 0.463302 0.366303
vt 0.463302 0.352101
vt 0.493272 0.352101
vt 0.463302 0.324975
vt 0.493272 0.324975
vt 0.463302 0.297675
vt 0.493272 0.297675
vt 0.463302 0.270375
vt 0.493272 0.270375
vt 0.463302 0.243075
vt 0.493272 0.243075
vt 0.463302 0.215775
vt 0.493272 0.215775
vt 0.463302 0.188475
vt 0.493272 0.188475
vt 0.463302 0.161175
vt 0.493272 0.161175
vt 0.463302 0.133875
vt 0.493272 0.133875
vt 0.463302 0.106575
vt 0.493272 0.106575
vt 0.463302 0.079274
vt 0.493272 0.079274
vt 0.463302 0.051974
vt 0.493272 0.051974
vt 0.463302 0.024622
vt 0.493272 0.024790
vt 0.463302 0.010297
vt 0.493272 0.010297
vt 0.463302 0.000312
vt 0.493272 0.000312
vt 0.463302 0.000220
vt 0.493272 0.000220
vt 0.461467 0.000220
vt 0.461467 0.000312
vt 0.461467 0.010297
vt 0.459632 0.000220
vt 0.459632 0.000312
vt 0.459632 0.010297
vt 0.461467 0.024613
vt 0.459632 0.024604
vt 0.461467 0.051974
vt 0.459632 0.051974
vt 0.461467 0.079274
vt 0.459632 0.079274
vt 0.443198 0.051974
vt 0.443198 0.024535
vt 0.443198 0.079274
vt 0.426765 0.079274
vt 0.426765 0.051974
vt 0.426765 0.024467
vt 0.426765 0.010297
vt 0.443198 0.010297
vt 0.426765 0.000312
vt 0.443198 0.000312
vt 0.443198 0.000220
vt 0.426765 0.000220
vt 0.410309 0.000220
vt 0.410309 0.000312
vt 0.410309 0.010297
vt 0.391995 0.000220
vt 0.392013 0.000312
vt 0.393999 0.010297
vt 0.393999 0.024330
vt 0.410309 0.024399
vt 0.393999 0.051974
vt 0.410309 0.051974
vt 0.410309 0.079275
vt 0.393999 0.079274
vt 0.410309 0.106575
vt 0.426765 0.106575
vt 0.393999 0.106575
vt 0.410309 0.133875
vt 0.426765 0.133875
vt 0.393999 0.133875
vt 0.410309 0.161175
vt 0.426765 0.161175
vt 0.393999 0.161175
vt 0.410309 0.188475
vt 0.426765 0.188475
vt 0.393999 0.188475
vt 0.410309 0.215775
vt 0.426765 0.215775
vt 0.393999 0.215775
vt 0.410309 0.243075
vt 0.426765 0.243075
vt 0.393999 0.243075
vt 0.410309 0.270375
vt 0.426765 0.270375
vt 0.393999 0.270375
vt 0.410309 0.297675
vt 0.426765 0.297675
vt 0.393999 0.297675
vt 0.410309 0.324975
vt 0.426765 0.324975
vt 0.393999 0.324975
vt 0.410309 0.352101
vt 0.426765 0.352101
vt 0.393999 0.352101
vt 0.426765 0.366303
vt 0.410309 0.366303
vt 0.393999 0.366303
vt 0.426765 0.376288
vt 0.410309 0.376288
vt 0.392013 0.376288
vt 0.410309 0.376380
vt 0.391995 0.376380
vt 0.426765 0.376380
vt 0.443198 0.376380
vt 0.443198 0.376288
vt 0.443198 0.366303
vt 0.459632 0.376380
vt 0.459632 0.376288
vt 0.459632 0.366303
vt 0.443198 0.352101
vt 0.459632 0.352101
vt 0.443198 0.324975
vt 0.459632 0.324975
vt 0.443198 0.297675
vt 0.459632 0.297675
vt 0.443198 0.270375
vt 0.459632 0.270375
vt 0.443198 0.243075
vt 0.459632 0.243075
vt 0.443198 0.215775
vt 0.459632 0.215775
vt 0.443198 0.188475
vt 0.459632 0.188475
vt 0.443198 0.161175
vt 0.459632 0.161175
vt 0.443198 0.133875
vt 0.459632 0.133875
vt 0.443198 0.106575
vt 0.459632 0.106575
vt 0.461467 0.133875
vt 0.461467 0.106575
vt 0.461467 0.161175
vt 0.461467 0.188475
vt 0.461467 0.215775
vt 0.461467 0.243075
vt 0.461467 0.270375
vt 0.461467 0.297675
vt 0.461467 0.324975
vt 0.461467 0.352101
vt 0.461467 0.366303
vt 0.461467 0.376288
vt 0.461467 0.376380
vt 0.376245 0.369855
vt 0.376315 0.369785
vt 0.383957 0.362144
vt 0.369721 0.354105
vt 0.369812 0.354087
vt 0.379797 0.352101
vt 0.379797 0.324975
vt 0.369812 0.324975
vt 0.379797 0.297675
vt 0.369812 0.297675
vt 0.369721 0.324975
vt 0.369721 0.297675
vt 0.369721 0.270375
vt 0.369812 0.270375
vt 0.379797 0.270375
vt 0.369721 0.243075
vt 0.369812 0.243075
vt 0.379797 0.243075
vt 0.379797 0.215775
vt 0.369812 0.215775
vt 0.379797 0.188475
vt 0.369812 0.188475
vt 0.369721 0.215775
vt 0.369721 0.188475
vt 0.369721 0.161175
vt 0.369812 0.161175
vt 0.379797 0.161175
vt 0.369721 0.133875
vt 0.369812 0.133875
vt 0.379797 0.133875
vt 0.379797 0.106575
vt 0.369812 0.106575
vt 0.379797 0.079274
vt 0.369812 0.079274
vt 0.369721 0.106575
vt 0.369721 0.079274
vt 0.369721 0.051974
vt 0.369812 0.051974
vt 0.379797 0.051974
vt 0.369721 0.022495
vt 0.369812 0.022513
vt 0.379797 0.024499
vt 0.383957 0.014456
vt 0.376315 0.006814
vt 0.376245 0.006745
vt 0.613154 0.376380
vt 0.613154 0.376288
vt 0.613154 0.366303
vt 0.643124 0.376380
vt 0.643124 0.376288
vt 0.643124 0.366303
vt 0.613154 0.352101
vt 0.643124 0.352101
vt 0.613154 0.324975
vt 0.643124 0.324975
vt 0.613154 0.297675
vt 0.643124 0.297675
vt 0.613154 0.270375
vt 0.643124 0.270375
vt 0.613154 0.243075
vt 0.643124 0.243075
vt 0.613154 0.215775
vt 0.643124 0.215775
vt 0.613154 0.188475
vt 0.643124 0.188475
vt 0.613154 0.161175
vt 0.643124 0.161175
vt 0.613154 0.133875
vt 0.643124 0.133875
vt 0.613154 0.106575
vt 0.643124 0.106575
vt 0.644959 0.106575
vt 0.644959 0.133875
vt 0.644959 0.161175
vt 0.644959 0.188475
vt 0.644959 0.215775
vt 0.644959 0.243075
vt 0.644959 0.270375
vt 0.644959 0.297675
vt 0.644959 0.324975
vt 0.644959 0.352101
vt 0.644959 0.366303
vt 0.644959 0.376287
vt 0.644959 0.376380
usemtl None
s 1
f 1/1 2/2 7/3 4/4
f 61/5 2/2 1/1 3/6
f 3/6 1/1 4/4 6/7
f 4/8 7/9 9/10 5/11
f 6/12 4/8 5/11 12/13
f 7/9 8/14 10/15 9/10
f 2/2 63/16 8/17 7/3
f 11/18 12/13 5/11 9/10
f 13/19 11/18 9/10 10/15
f 14/20 15/21 12/13 11/18
f 16/22 14/20 11/18 13/19
f 17/23 18/24 15/21 14/20
f 19/25 17/23 14/20 16/22
f 20/26 21/27 18/24 17/23
f 22/28 20/26 17/23 19/25
f 23/29 24/30 21/27 20/26
f 25/31 23/29 20/26 22/28
f 26/32 27/33 24/30 23/29
f 28/34 26/32 23/29 25/31
f 29/35 30/36 27/33 26/32
f 31/37 29/35 26/32 28/34
f 32/38 33/39 30/36 29/35
f 34/40 32/38 29/35 31/37
f 35/41 36/42 33/39 32/38
f 38/43 35/41 32/38 34/40
f 37/44 714/45 36/46 35/47
f 40/48 37/44 35/47 38/49
f 41/50 40/48 38/49 39/51
f 39/52 38/43 34/40 95/53
f 40/48 42/54 43/55 37/44
f 41/50 44/56 42/54 40/48
f 42/54 45/57 46/58 43/55
f 44/56 47/59 45/57 42/54
f 45/57 48/60 49/61 46/58
f 47/59 50/62 48/60 45/57
f 48/60 51/63 52/64 49/61
f 50/62 53/65 51/63 48/60
f 51/63 54/66 55/67 52/64
f 53/65 56/68 54/66 51/63
f 54/66 57/69 58/70 55/67
f 56/68 59/71 57/69 54/66
f 57/69 60/72 61/5 58/70
f 59/71 62/73 60/72 57/69
f 60/72 63/16 2/2 61/5
f 62/73 64/74 63/16 60/72
f 63/16 64/74 66/75 8/17
f 64/74 65/76 68/77 66/75
f 112/78 65/76 64/74 62/73
f 66/79 68/80 70/81 67/82
f 8/14 66/79 67/82 10/15
f 65/76 114/83 69/84 68/77
f 68/80 69/85 71/86 70/81
f 72/87 73/88 67/82 70/81
f 74/89 72/87 70/81 71/86
f 75/90 76/91 73/88 72/87
f 77/92 75/90 72/87 74/89
f 78/93 79/94 76/91 75/90
f 80/95 78/93 75/90 77/92
f 81/96 82/97 79/94 78/93
f 83/98 81/96 78/93 80/95
f 84/99 85/100 82/97 81/96
f 86/101 84/99 81/96 83/98
f 87/102 88/103 85/100 84/99
f 89/104 87/102 84/99 86/101
f 90/105 91/106 88/103 87/102
f 92/107 90/105 87/102 89/104
f 93/108 95/53 91/106 90/105
f 94/109 93/108 90/105 92/107
f 97/110 96/111 93/108 94/109
f 96/111 39/52 95/53 93/108
f 99/112 98/113 96/114 97/115
f 98/113 41/50 39/51 96/114
f 99/112 101/116 100/117 98/113
f 98/113 100/117 44/56 41/50
f 100/117 102/118 47/59 44/56
f 101/116 103/119 102/118 100/117
f 102/118 104/120 50/62 47/59
f 103/119 105/121 104/120 102/118
f 104/120 106/122 53/65 50/62
f 105/121 107/123 106/122 104/120
f 106/122 108/124 56/68 53/65
f 107/123 109/125 108/124 106/122
f 108/124 110/126 59/71 56/68
f 109/125 111/127 110/126 108/124
f 110/126 112/78 62/73 59/71
f 111/127 113/128 112/78 110/126
f 113/128 114/83 65/76 112/78
f 116/129 115/130 113/128 111/127
f 115/130 117/131 114/83 113/128
f 119/132 118/133 115/130 116/129
f 118/133 120/134 117/131 115/130
f 122/135 121/136 118/133 119/132
f 121/136 123/137 120/134 118/133
f 125/138 124/139 121/136 122/135
f 124/139 126/140 123/137 121/136
f 128/141 127/142 124/139 125/138
f 127/142 129/143 126/140 124/139
f 131/144 130/145 127/142 128/141
f 130/145 132/146 129/143 127/142
f 135/147 133/148 130/145 131/144
f 133/148 134/149 132/146 130/145
f 136/150 138/151 134/149 133/148
f 137/152 136/150 133/148 135/147
f 140/153 139/154 136/150 137/152
f 139/154 141/155 138/151 136/150
f 143/156 142/157 139/154 140/153
f 142/157 144/158 141/155 139/154
f 146/159 145/160 142/157 143/156
f 145/160 147/161 144/158 142/157
f 149/162 148/163 145/160 146/159
f 148/163 150/164 147/161 145/160
f 152/165 151/166 148/163 149/162
f 151/166 153/167 150/164 148/163
f 155/168 154/169 151/166 152/165
f 154/169 156/170 153/167 151/166
f 158/171 157/172 154/169 155/168
f 157/172 159/173 156/170 154/169
f 161/174 160/175 157/172 158/171
f 160/175 162/176 159/173 157/172
f 164/177 163/178 160/175 161/174
f 163/178 165/179 162/176 160/175
f 167/180 166/181 163/178 164/177
f 166/181 168/182 165/179 163/178
f 170/183 169/184 166/181 167/180
f 169/184 171/185 168/182 166/181
f 173/186 172/187 169/184 170/183
f 172/187 174/188 171/185 169/184
f 177/189 175/190 172/187 173/186
f 175/190 176/191 174/188 172/187
f 178/192 180/193 176/191 175/190
f 179/194 178/192 175/190 177/189
f 182/195 181/196 178/192 179/194
f 181/196 183/197 180/193 178/192
f 185/198 184/199 181/196 182/195
f 184/199 186/200 183/197 181/196
f 188/201 187/202 184/199 185/198
f 187/202 189/203 186/200 184/199
f 191/204 190/205 187/202 188/201
f 190/205 192/206 189/203 187/202
f 194/207 193/208 190/205 191/204
f 193/208 195/209 192/206 190/205
f 197/210 196/211 193/208 194/207
f 196/211 198/212 195/209 193/208
f 201/213 199/214 196/211 197/210
f 199/214 200/215 198/212 196/211
f 200/215 199/214 202/216 205/217
f 199/214 201/213 204/218 202/216
f 202/219 204/220 319/221 203/222
f 205/223 202/219 203/222 206/224
f 207/225 205/223 206/224 208/226
f 198/212 200/215 205/217 207/227
f 209/228 207/225 208/226 210/229
f 195/209 198/212 207/227 209/230
f 211/231 209/228 210/229 212/232
f 192/206 195/209 209/230 211/233
f 213/234 211/231 212/232 214/235
f 189/203 192/206 211/233 213/236
f 215/237 213/234 214/235 216/238
f 186/200 189/203 213/236 215/239
f 217/240 215/237 216/238 218/241
f 183/197 186/200 215/239 217/242
f 219/243 217/240 218/241 220/244
f 180/193 183/197 217/242 219/245
f 221/246 219/243 220/244 222/247
f 176/191 180/193 219/245 221/248
f 223/249 221/246 222/247 224/250
f 174/188 176/191 221/248 223/251
f 225/252 223/249 224/250 226/253
f 171/185 174/188 223/251 225/254
f 227/255 225/252 226/253 228/256
f 168/182 171/185 225/254 227/257
f 229/258 227/255 228/256 230/259
f 165/179 168/182 227/257 229/260
f 231/261 229/258 230/259 232/262
f 162/176 165/179 229/260 231/263
f 233/264 231/261 232/262 234/265
f 159/173 162/176 231/263 233/266
f 235/267 233/264 234/265 236/268
f 156/170 159/173 233/266 235/269
f 237/270 235/267 236/268 238/271
f 153/167 156/170 235/269 237/272
f 239/273 237/270 238/271 240/274
f 150/164 153/167 237/272 239/275
f 241/276 239/273 240/274 242/277
f 147/161 150/164 239/275 241/278
f 243/279 241/276 242/277 244/280
f 144/158 147/161 241/278 243/281
f 245/282 243/279 244/280 246/283
f 141/155 144/158 243/281 245/284
f 247/285 245/282 246/283 248/286
f 138/151 141/155 245/284 247/287
f 249/288 247/285 248/286 250/289
f 134/149 138/151 247/287 249/290
f 251/291 249/288 250/289 252/292
f 132/146 134/149 249/290 251/293
f 253/294 251/291 252/292 254/295
f 129/143 132/146 251/293 253/296
f 255/297 253/294 254/295 256/298
f 126/140 129/143 253/296 255/299
f 257/300 255/297 256/298 258/301
f 123/137 126/140 255/299 257/302
f 259/303 257/300 258/301 260/304
f 120/134 123/137 257/302 259/305
f 261/306 259/303 260/304 262/307
f 117/131 120/134 259/305 261/308
f 69/85 261/306 262/307 71/86
f 114/83 117/131 261/308 69/84
f 265/309 263/310 262/307 260/304
f 263/310 74/89 71/86 262/307
f 266/311 264/312 263/310 265/309
f 264/312 77/92 74/89 263/310
f 268/313 266/311 265/309 267/314
f 267/314 265/309 260/304 258/301
f 270/315 268/313 267/314 269/316
f 269/316 267/314 258/301 256/298
f 272/317 270/315 269/316 271/318
f 271/318 269/316 256/298 254/295
f 274/319 272/317 271/318 273/320
f 273/320 271/318 254/295 252/292
f 276/321 274/319 273/320 275/322
f 275/322 273/320 252/292 250/289
f 277/323 275/322 250/289 248/286
f 278/324 276/321 275/322 277/323
f 280/325 278/324 277/323 279/326
f 279/326 277/323 248/286 246/283
f 282/327 280/325 279/326 281/328
f 281/328 279/326 246/283 244/280
f 284/329 282/327 281/328 283/330
f 283/330 281/328 244/280 242/277
f 286/331 284/329 283/330 285/332
f 285/332 283/330 242/277 240/274
f 288/333 286/331 285/332 287/334
f 287/334 285/332 240/274 238/271
f 290/335 288/333 287/334 289/336
f 289/336 287/334 238/271 236/268
f 292/337 290/335 289/336 291/338
f 291/338 289/336 236/268 234/265
f 294/339 292/337 291/338 293/340
f 293/340 291/338 234/265 232/262
f 296/341 294/339 293/340 295/342
f 295/342 293/340 232/262 230/259
f 298/343 296/341 295/342 297/344
f 297/344 295/342 230/259 228/256
f 300/345 298/343 297/344 299/346
f 299/346 297/344 228/256 226/253
f 302/347 300/345 299/346 301/348
f 301/348 299/346 226/253 224/250
f 304/349 302/347 301/348 303/350
f 303/350 301/348 224/250 222/247
f 305/351 303/350 222/247 220/244
f 306/352 304/349 303/350 305/351
f 308/353 306/352 305/351 307/354
f 307/354 305/351 220/244 218/241
f 310/355 308/353 307/354 309/356
f 309/356 307/354 218/241 216/238
f 312/357 310/355 309/356 311/358
f 311/358 309/356 216/238 214/235
f 314/359 312/357 311/358 313/360
f 313/360 311/358 214/235 212/232
f 316/361 314/359 313/360 315/362
f 315/362 313/360 212/232 210/229
f 318/363 316/361 315/362 317/364
f 317/364 315/362 210/229 208/226
f 319/221 318/363 317/364 203/222
f 203/222 317/364 208/226 206/224
f 320/365 321/366 316/361 318/363
f 322/367 320/365 318/363 319/221
f 323/368 324/369 321/366 320/365
f 325/370 323/368 320/365 322/367
f 326/371 327/372 324/369 323/368
f 328/373 326/371 323/368 325/370
f 329/374 330/375 327/372 326/371
f 331/376 329/374 326/371 328/373
f 332/377 335/378 330/375 329/374
f 334/379 332/377 329/374 331/376
f 333/380 336/381 335/378 332/377
f 550/382 333/380 332/377 334/379
f 336/381 338/383 337/384 335/378
f 335/378 337/384 339/385 330/375
f 338/383 341/386 340/387 337/384
f 337/384 340/387 342/388 339/385
f 341/386 344/389 343/390 340/387
f 340/387 343/390 345/391 342/388
f 344/389 347/392 346/393 343/390
f 343/390 346/393 348/394 345/391
f 347/392 350/395 349/396 346/393
f 346/393 349/396 351/397 348/394
f 350/395 354/398 352/399 349/396
f 349/396 352/399 353/400 351/397
f 352/399 355/401 357/402 353/400
f 354/398 356/403 355/401 352/399
f 356/403 359/404 358/405 355/401
f 355/401 358/405 360/406 357/402
f 359/404 362/407 361/408 358/405
f 358/405 361/408 363/409 360/406
f 362/407 365/410 364/411 361/408
f 361/408 364/411 366/412 363/409
f 365/410 368/413 367/414 364/411
f 364/411 367/414 369/415 366/412
f 368/413 371/416 370/417 367/414
f 367/414 370/417 372/418 369/415
f 371/416 374/419 373/420 370/417
f 370/417 373/420 375/421 372/418
f 374/419 377/422 376/423 373/420
f 373/420 376/423 378/424 375/421
f 377/422 380/425 379/426 376/423
f 376/423 379/426 381/427 378/424
f 380/425 383/428 382/429 379/426
f 379/426 382/429 384/430 381/427
f 383/428 386/431 385/432 382/429
f 382/429 385/432 387/433 384/430
f 386/431 389/434 388/435 385/432
f 385/432 388/435 390/436 387/433
f 389/434 392/437 391/438 388/435
f 388/435 391/438 393/439 390/436
f 392/437 396/440 394/441 391/438
f 391/438 394/441 395/442 393/439
f 394/441 397/443 399/444 395/442
f 396/440 398/445 397/443 394/441
f 398/445 401/446 400/447 397/443
f 397/443 400/447 402/448 399/444
f 401/446 404/449 403/450 400/447
f 400/447 403/450 405/451 402/448
f 404/449 407/452 406/453 403/450
f 403/450 406/453 408/454 405/451
f 407/452 410/455 409/456 406/453
f 406/453 409/456 411/457 408/454
f 410/455 413/458 412/459 409/456
f 409/456 412/459 414/460 411/457
f 413/458 94/109 92/107 412/459
f 412/459 92/107 89/104 414/460
f 411/457 414/460 415/461 416/462
f 414/460 89/104 86/101 415/461
f 416/462 415/461 417/463 418/464
f 415/461 86/101 83/98 417/463
f 418/464 417/463 419/465 420/466
f 417/463 83/98 80/95 419/465
f 420/466 419/465 264/312 266/311
f 419/465 80/95 77/92 264/312
f 423/467 418/464 420/466 421/468
f 421/468 420/466 266/311 268/313
f 422/469 421/468 268/313 270/315
f 424/470 423/467 421/468 422/469
f 425/471 416/462 418/464 423/467
f 426/472 425/471 423/467 424/470
f 408/454 411/457 416/462 425/471
f 405/451 408/454 425/471 426/472
f 402/448 405/451 426/472 427/473
f 427/473 426/472 424/470 429/474
f 399/444 402/448 427/473 428/475
f 428/475 427/473 429/474 430/476
f 430/476 429/474 431/477 432/478
f 429/474 424/470 422/469 431/477
f 432/478 431/477 272/317 274/319
f 431/477 422/469 270/315 272/317
f 433/479 432/478 274/319 276/321
f 434/480 430/476 432/478 433/479
f 437/481 434/480 433/479 435/482
f 435/482 433/479 276/321 278/324
f 436/483 435/482 278/324 280/325
f 438/484 437/481 435/482 436/483
f 440/485 439/486 437/481 438/484
f 439/486 441/487 434/480 437/481
f 390/436 393/439 439/486 440/485
f 393/439 395/442 441/487 439/486
f 395/442 399/444 428/475 441/487
f 441/487 428/475 430/476 434/480
f 442/488 440/485 438/484 443/489
f 387/433 390/436 440/485 442/488
f 444/490 442/488 443/489 446/491
f 384/430 387/433 442/488 444/490
f 445/492 444/490 446/491 447/493
f 381/427 384/430 444/490 445/492
f 446/491 443/489 449/494 448/495
f 447/493 446/491 448/495 450/496
f 448/495 449/494 282/327 284/329
f 450/496 448/495 284/329 286/331
f 451/497 450/496 286/331 288/333
f 452/498 447/493 450/496 451/497
f 455/499 452/498 451/497 453/500
f 453/500 451/497 288/333 290/335
f 454/501 453/500 290/335 292/337
f 456/502 455/499 453/500 454/501
f 457/503 458/504 452/498 455/499
f 459/505 457/503 455/499 456/502
f 375/421 378/424 458/504 457/503
f 372/418 375/421 457/503 459/505
f 460/506 459/505 456/502 461/507
f 369/415 372/418 459/505 460/506
f 462/508 460/506 461/507 464/509
f 366/412 369/415 460/506 462/508
f 463/510 462/508 464/509 465/511
f 363/409 366/412 462/508 463/510
f 464/509 461/507 467/512 466/513
f 465/511 464/509 466/513 468/514
f 466/513 467/512 294/339 296/341
f 468/514 466/513 296/341 298/343
f 471/515 465/511 468/514 469/516
f 469/516 468/514 298/343 300/345
f 472/517 471/515 469/516 470/518
f 470/518 469/516 300/345 302/347
f 474/519 473/520 471/515 472/517
f 473/520 463/510 465/511 471/515
f 357/402 360/406 473/520 474/519
f 360/406 363/409 463/510 473/520
f 353/400 357/402 474/519 475/521
f 475/521 474/519 472/517 476/522
f 477/523 475/521 476/522 479/524
f 351/397 353/400 475/521 477/523
f 478/525 477/523 479/524 480/526
f 348/394 351/397 477/523 478/525
f 480/526 479/524 481/527 482/528
f 479/524 476/522 483/529 481/527
f 482/528 481/527 306/352 308/353
f 481/527 483/529 304/349 306/352
f 476/522 472/517 470/518 483/529
f 483/529 470/518 302/347 304/349
f 484/530 482/528 308/353 310/355
f 485/531 480/526 482/528 484/530
f 488/532 485/531 484/530 486/533
f 486/533 484/530 310/355 312/357
f 487/534 486/533 312/357 314/359
f 489/535 488/532 486/533 487/534
f 490/536 491/537 485/531 488/532
f 492/538 490/536 488/532 489/535
f 342/388 345/391 491/537 490/536
f 339/385 342/388 490/536 492/538
f 327/372 492/538 489/535 324/369
f 330/375 339/385 492/538 327/372
f 491/537 478/525 480/526 485/531
f 345/391 348/394 478/525 491/537
f 324/369 489/535 487/534 321/366
f 321/366 487/534 314/359 316/361
f 461/507 456/502 454/501 467/512
f 467/512 454/501 292/337 294/339
f 458/504 445/492 447/493 452/498
f 378/424 381/427 445/492 458/504
f 443/489 438/484 436/483 449/494
f 449/494 436/483 280/325 282/327
f 495/539 493/540 413/458 410/455
f 493/540 97/110 94/109 413/458
f 496/541 494/542 493/543 495/544
f 494/542 99/112 97/115 493/543
f 497/545 495/539 410/455 407/452
f 498/546 496/541 495/544 497/547
f 499/548 497/545 407/452 404/449
f 500/549 498/546 497/547 499/550
f 501/551 499/548 404/449 401/446
f 502/552 500/549 499/550 501/553
f 503/554 501/551 401/446 398/445
f 504/555 502/552 501/553 503/556
f 505/557 503/554 398/445 396/440
f 506/558 504/555 503/556 505/559
f 507/560 505/557 396/440 392/437
f 508/561 506/558 505/559 507/562
f 509/563 507/560 392/437 389/434
f 510/564 508/561 507/562 509/565
f 511/566 509/563 389/434 386/431
f 512/567 510/564 509/565 511/568
f 513/569 511/566 386/431 383/428
f 514/570 512/567 511/568 513/571
f 515/572 513/569 383/428 380/425
f 516/573 514/570 513/571 515/574
f 517/575 515/572 380/425 377/422
f 518/576 516/573 515/574 517/577
f 519/578 517/575 377/422 374/419
f 520/579 518/576 517/577 519/580
f 521/581 519/578 374/419 371/416
f 522/582 520/579 519/580 521/583
f 523/584 521/581 371/416 368/413
f 524/585 522/582 521/583 523/586
f 525/587 523/584 368/413 365/410
f 526/588 524/585 523/586 525/589
f 527/590 525/587 365/410 362/407
f 528/591 526/588 525/589 527/592
f 529/593 527/590 362/407 359/404
f 530/594 528/591 527/592 529/595
f 531/596 529/593 359/404 356/403
f 532/597 530/594 529/595 531/598
f 533/599 531/596 356/403 354/398
f 534/600 532/597 531/598 533/601
f 535/602 533/599 354/398 350/395
f 536/603 534/600 533/601 535/604
f 537/605 535/602 350/395 347/392
f 538/606 536/603 535/604 537/607
f 539/608 537/605 347/392 344/389
f 540/609 538/606 537/607 539/610
f 541/611 539/608 344/389 341/386
f 542/612 540/609 539/610 541/613
f 543/614 541/611 341/386 338/383
f 544/615 542/612 541/613 543/616
f 545/617 543/614 338/383 336/381
f 546/618 544/615 543/616 545/619
f 547/620 545/617 336/381 333/380
f 548/621 546/618 545/619 547/622
f 549/623 547/620 333/380 550/382
f 551/624 548/621 547/622 549/625
f 552/626 549/623 550/382 334/379
f 553/627 551/624 549/625 552/628
f 554/629 552/626 334/379 331/376
f 555/630 553/627 552/628 554/631
f 556/632 554/629 331/376 328/373
f 557/633 555/630 554/631 556/634
f 558/635 556/632 328/373 325/370
f 559/636 557/633 556/634 558/637
f 560/638 558/635 325/370 322/367
f 561/639 559/636 558/637 560/640
f 204/220 560/638 322/367 319/221
f 201/213 561/639 560/640 204/218
f 559/636 561/639 562/641 564/642
f 561/639 201/213 197/210 562/641
f 564/642 562/641 563/643 565/644
f 562/641 197/210 194/207 563/643
f 566/645 564/642 565/644 567/646
f 557/633 559/636 564/642 566/645
f 568/647 566/645 567/646 569/648
f 555/630 557/633 566/645 568/647
f 570/649 568/647 569/648 571/650
f 553/627 555/630 568/647 570/649
f 548/621 570/649 571/650 546/618
f 551/624 553/627 570/649 548/621
f 546/618 571/650 572/651 544/615
f 571/650 569/648 573/652 572/651
f 544/615 572/651 574/653 542/612
f 572/651 573/652 575/654 574/653
f 542/612 574/653 576/655 540/609
f 574/653 575/654 577/656 576/655
f 540/609 576/655 578/657 538/606
f 576/655 577/656 579/658 578/657
f 538/606 578/657 580/659 536/603
f 578/657 579/658 581/660 580/659
f 536/603 580/659 582/661 534/600
f 580/659 581/660 583/662 582/661
f 582/661 583/662 585/663 584/664
f 534/600 582/661 584/664 532/597
f 532/597 584/664 586/665 530/594
f 584/664 585/663 587/666 586/665
f 530/594 586/665 588/667 528/591
f 586/665 587/666 589/668 588/667
f 528/591 588/667 590/669 526/588
f 588/667 589/668 591/670 590/669
f 526/588 590/669 592/671 524/585
f 590/669 591/670 593/672 592/671
f 524/585 592/671 594/673 522/582
f 592/671 593/672 595/674 594/673
f 522/582 594/673 596/675 520/579
f 594/673 595/674 597/676 596/675
f 520/579 596/675 598/677 518/576
f 596/675 597/676 599/678 598/677
f 518/576 598/677 600/679 516/573
f 598/677 599/678 601/680 600/679
f 516/573 600/679 602/681 514/570
f 600/679 601/680 603/682 602/681
f 514/570 602/681 604/683 512/567
f 602/681 603/682 605/684 604/683
f 512/567 604/683 606/685 510/564
f 604/683 605/684 607/686 606/685
f 510/564 606/685 608/687 508/561
f 606/685 607/686 609/688 608/687
f 508/561 608/687 610/689 506/558
f 608/687 609/688 611/690 610/689
f 610/689 611/690 613/691 612/692
f 506/558 610/689 612/692 504/555
f 504/555 612/692 614/693 502/552
f 612/692 613/691 615/694 614/693
f 502/552 614/693 616/695 500/549
f 614/693 615/694 617/696 616/695
f 500/549 616/695 618/697 498/546
f 616/695 617/696 619/698 618/697
f 498/546 618/697 620/699 496/541
f 618/697 619/698 621/700 620/699
f 496/541 620/699 622/701 494/542
f 620/699 621/700 623/702 622/701
f 494/542 622/701 101/116 99/112
f 622/701 623/702 103/119 101/116
f 621/700 625/703 624/704 623/702
f 623/702 624/704 105/121 103/119
f 625/703 627/705 626/706 624/704
f 624/704 626/706 107/123 105/121
f 627/705 629/707 628/708 626/706
f 626/706 628/708 109/125 107/123
f 629/707 119/132 116/129 628/708
f 628/708 116/129 111/127 109/125
f 632/709 630/710 629/707 627/705
f 630/710 122/135 119/132 629/707
f 631/711 125/138 122/135 630/710
f 633/712 631/711 630/710 632/709
f 634/713 632/709 627/705 625/703
f 635/714 633/712 632/709 634/713
f 619/698 634/713 625/703 621/700
f 617/696 635/714 634/713 619/698
f 615/694 636/715 635/714 617/696
f 636/715 638/716 633/712 635/714
f 613/691 637/717 636/715 615/694
f 637/717 639/718 638/716 636/715
f 639/718 641/719 640/720 638/716
f 638/716 640/720 631/711 633/712
f 641/719 131/144 128/141 640/720
f 640/720 128/141 125/138 631/711
f 642/721 135/147 131/144 641/719
f 643/722 642/721 641/719 639/718
f 646/723 644/724 642/721 643/722
f 644/724 137/152 135/147 642/721
f 645/725 140/153 137/152 644/724
f 647/726 645/725 644/724 646/723
f 649/727 647/726 646/723 648/728
f 648/728 646/723 643/722 650/729
f 607/686 649/727 648/728 609/688
f 609/688 648/728 650/729 611/690
f 611/690 650/729 637/717 613/691
f 650/729 643/722 639/718 637/717
f 651/730 652/731 647/726 649/727
f 605/684 651/730 649/727 607/686
f 653/732 655/733 652/731 651/730
f 603/682 653/732 651/730 605/684
f 654/734 656/735 655/733 653/732
f 601/680 654/734 653/732 603/682
f 655/733 657/736 658/737 652/731
f 656/735 659/738 657/736 655/733
f 657/736 146/159 143/156 658/737
f 659/738 149/162 146/159 657/736
f 660/739 152/165 149/162 659/738
f 661/740 660/739 659/738 656/735
f 664/741 662/742 660/739 661/740
f 662/742 155/168 152/165 660/739
f 663/743 158/171 155/168 662/742
f 665/744 663/743 662/742 664/741
f 666/745 664/741 661/740 667/746
f 668/747 665/744 664/741 666/745
f 597/676 666/745 667/746 599/678
f 595/674 668/747 666/745 597/676
f 669/748 670/749 665/744 668/747
f 593/672 669/748 668/747 595/674
f 671/750 673/751 670/749 669/748
f 591/670 671/750 669/748 593/672
f 672/752 674/753 673/751 671/750
f 589/668 672/752 671/750 591/670
f 673/751 675/754 676/755 670/749
f 674/753 677/756 675/754 673/751
f 675/754 164/177 161/174 676/755
f 677/756 167/180 164/177 675/754
f 680/757 678/758 677/756 674/753
f 678/758 170/183 167/180 677/756
f 681/759 679/760 678/758 680/757
f 679/760 173/186 170/183 678/758
f 683/761 681/759 680/757 682/762
f 682/762 680/757 674/753 672/752
f 585/663 683/761 682/762 587/666
f 587/666 682/762 672/752 589/668
f 583/662 684/763 683/761 585/663
f 684/763 685/764 681/759 683/761
f 686/765 688/766 685/764 684/763
f 581/660 686/765 684/763 583/662
f 687/767 689/768 688/766 686/765
f 579/658 687/767 686/765 581/660
f 689/768 691/769 690/770 688/766
f 688/766 690/770 692/771 685/764
f 691/769 182/195 179/194 690/770
f 690/770 179/194 177/189 692/771
f 685/764 692/771 679/760 681/759
f 692/771 177/189 173/186 679/760
f 693/772 185/198 182/195 691/769
f 694/773 693/772 691/769 689/768
f 697/774 695/775 693/772 694/773
f 695/775 188/201 185/198 693/772
f 696/776 191/204 188/201 695/775
f 698/777 696/776 695/775 697/774
f 699/778 697/774 694/773 700/779
f 701/780 698/777 697/774 699/778
f 575/654 699/778 700/779 577/656
f 573/652 701/780 699/778 575/654
f 567/646 565/644 698/777 701/780
f 569/648 567/646 701/780 573/652
f 700/779 694/773 689/768 687/767
f 577/656 700/779 687/767 579/658
f 565/644 563/643 696/776 698/777
f 563/643 194/207 191/204 696/776
f 670/749 676/755 663/743 665/744
f 676/755 161/174 158/171 663/743
f 667/746 661/740 656/735 654/734
f 599/678 667/746 654/734 601/680
f 652/731 658/737 645/725 647/726
f 658/737 143/156 140/153 645/725
f 95/53 34/40 31/37 91/106
f 91/106 31/37 28/34 88/103
f 88/103 28/34 25/31 85/100
f 85/100 25/31 22/28 82/97
f 82/97 22/28 19/25 79/94
f 79/94 19/25 16/22 76/91
f 76/91 16/22 13/19 73/88
f 73/88 13/19 10/15 67/82
f 58/70 61/5 3/6 702/781
f 55/67 58/70 702/781 703/782
f 703/782 702/781 704/783 705/784
f 702/781 3/6 6/7 704/783
f 704/785 6/12 12/13 15/21
f 705/786 704/785 15/21 18/24
f 706/787 705/786 18/24 21/27
f 707/788 703/782 705/784 706/789
f 708/790 706/787 21/27 24/30
f 709/791 707/788 706/789 708/792
f 710/793 708/790 24/30 27/33
f 711/794 709/791 708/792 710/795
f 712/796 710/793 27/33 30/36
f 713/797 711/794 710/795 712/798
f 36/42 712/796 30/36 33/39
f 714/45 713/797 712/798 36/46
f 43/55 46/58 711/794 713/797
f 37/44 43/55 713/797 714/45
f 46/58 49/61 709/791 711/794
f 49/61 52/64 707/788 709/791
f 52/64 55/67 703/782 707/788
f 715/799 718/800 732/801 716/802
f 715/799 716/802 739/803 717/804
f 715/799 717/804 721/805 719/806
f 715/799 719/806 722/807 718/800
f 722/807 719/806 720/808 723/809
f 1865/810 720/808 719/806 721/805
f 724/811 722/807 723/809 726/812
f 727/813 718/800 722/807 724/811
f 725/814 724/811 726/812 1866/815
f 728/816 727/813 724/811 725/814
f 730/817 729/818 727/813 728/816
f 729/818 732/801 718/800 727/813
f 729/818 730/817 2006/819 731/820
f 731/820 733/821 732/801 729/818
f 716/802 732/801 733/821 735/822
f 736/823 735/822 733/821 734/824
f 734/824 733/821 731/820 2008/825
f 736/823 738/826 737/827 735/822
f 716/802 735/822 737/827 739/803
f 738/826 742/828 740/829 737/827
f 740/829 743/830 739/803 737/827
f 743/830 740/829 741/831 744/832
f 2220/833 741/831 740/829 742/828
f 744/832 746/834 745/835 743/830
f 743/830 745/835 717/804 739/803
f 746/834 749/836 747/837 745/835
f 745/835 747/837 721/805 717/804
f 748/838 1865/810 721/805 747/837
f 750/839 748/838 747/837 749/836
f 752/840 750/839 749/836 751/841
f 746/834 754/842 751/841 749/836
f 1192/843 752/840 751/841 753/844
f 754/842 756/845 753/844 751/841
f 754/842 755/846 758/847 756/845
f 746/834 744/832 755/846 754/842
f 756/845 757/848 1190/849 753/844
f 756/845 758/847 759/850 757/848
f 758/847 760/851 762/852 759/850
f 755/846 761/853 760/851 758/847
f 765/854 763/855 760/851 761/853
f 763/855 764/856 762/852 760/851
f 763/855 766/857 767/858 764/856
f 765/854 768/859 766/857 763/855
f 766/857 769/860 771/861 767/858
f 768/859 770/862 769/860 766/857
f 774/863 772/864 769/860 770/862
f 772/864 773/865 771/861 769/860
f 772/864 775/866 776/867 773/865
f 774/863 777/868 775/866 772/864
f 775/866 778/869 779/870 776/867
f 777/868 780/871 778/869 775/866
f 778/869 781/872 782/873 779/870
f 780/871 783/874 781/872 778/869
f 784/875 785/876 782/873 781/872
f 786/877 784/875 781/872 783/874
f 787/878 788/879 785/876 784/875
f 789/880 787/878 784/875 786/877
f 790/881 791/882 788/879 787/878
f 792/883 790/881 787/878 789/880
f 790/881 793/884 795/885 791/882
f 792/883 794/886 793/884 790/881
f 798/887 796/888 793/884 794/886
f 796/888 797/889 795/885 793/884
f 799/890 800/891 797/889 796/888
f 801/892 799/890 796/888 798/887
f 799/890 802/893 804/894 800/891
f 801/892 803/895 802/893 799/890
f 807/896 805/897 802/893 803/895
f 805/897 806/898 804/894 802/893
f 808/899 809/900 806/898 805/897
f 810/901 808/899 805/897 807/896
f 808/899 811/902 814/903 809/900
f 810/901 813/904 811/902 808/899
f 814/903 811/902 812/905 816/906
f 811/902 813/904 2217/907 812/905
f 815/908 814/903 816/906 817/909
f 1234/910 809/900 814/903 815/908
f 817/909 816/906 818/911 819/912
f 816/906 812/905 820/913 818/911
f 819/912 818/911 821/914 823/915
f 818/911 820/913 824/916 821/914
f 823/917 821/918 822/919 1244/920
f 821/918 824/921 825/922 822/919
f 820/913 827/923 826/924 824/916
f 824/921 826/925 828/926 825/922
f 827/923 831/927 829/928 826/924
f 826/925 829/929 830/930 828/926
f 829/929 832/931 834/932 830/930
f 831/927 833/933 832/934 829/928
f 833/933 836/935 835/936 832/934
f 832/931 835/937 837/938 834/932
f 836/935 839/939 838/940 835/936
f 835/937 838/941 840/942 837/938
f 839/939 843/943 841/944 838/940
f 838/941 841/945 842/946 840/942
f 841/945 844/947 845/948 842/946
f 843/943 846/949 844/950 841/944
f 844/947 847/951 849/952 845/948
f 846/949 848/953 847/954 844/950
f 848/953 851/955 850/956 847/954
f 847/951 850/957 852/958 849/952
f 851/955 855/959 853/960 850/956
f 850/957 853/961 854/962 852/958
f 853/961 856/963 858/964 854/962
f 855/959 857/965 856/966 853/960
f 857/965 860/967 859/968 856/966
f 856/963 859/969 861/970 858/964
f 860/967 863/971 862/972 859/968
f 859/969 862/973 864/974 861/970
f 863/971 867/975 865/976 862/972
f 862/973 865/977 866/978 864/974
f 865/977 868/979 869/980 866/978
f 867/975 870/981 868/982 865/976
f 868/979 871/983 872/984 869/980
f 870/981 873/985 871/986 868/982
f 871/983 874/987 875/988 872/984
f 873/985 876/989 874/990 871/986
f 874/987 877/991 879/992 875/988
f 876/989 878/993 877/994 874/990
f 878/993 881/995 880/996 877/994
f 877/991 880/997 882/998 879/992
f 881/995 885/999 883/1000 880/996
f 880/997 883/1001 884/1002 882/998
f 883/1001 886/1003 888/1004 884/1002
f 885/999 887/1005 886/1006 883/1000
f 887/1005 890/1007 889/1008 886/1006
f 886/1003 889/1009 891/1010 888/1004
f 890/1007 894/1011 892/1012 889/1008
f 889/1009 892/1013 893/1014 891/1010
f 892/1013 895/1015 897/1016 893/1014
f 894/1011 896/1017 895/1018 892/1012
f 896/1017 899/1019 898/1020 895/1018
f 895/1015 898/1021 900/1022 897/1016
f 899/1019 902/1023 901/1024 898/1020
f 898/1021 901/1025 903/1026 900/1022
f 902/1023 906/1027 904/1028 901/1024
f 901/1025 904/1029 905/1030 903/1026
f 904/1029 907/1031 909/1032 905/1030
f 906/1027 908/1033 907/1034 904/1028
f 908/1033 912/1035 910/1036 907/1034
f 907/1031 910/1037 911/1038 909/1032
f 910/1037 913/1039 914/1040 911/1038
f 912/1035 915/1041 913/1042 910/1036
f 913/1039 916/1043 918/1044 914/1040
f 915/1041 917/1045 916/1046 913/1042
f 917/1045 921/1047 919/1048 916/1046
f 916/1043 919/1049 920/1050 918/1044
f 919/1049 922/1051 923/1052 920/1050
f 921/1047 924/1053 922/1054 919/1048
f 922/1051 925/1055 927/1056 923/1052
f 924/1053 926/1057 925/1058 922/1054
f 926/1057 930/1059 928/1060 925/1058
f 925/1055 928/1061 929/1062 927/1056
f 928/1061 931/1063 932/1064 929/1062
f 930/1059 933/1065 931/1066 928/1060
f 931/1063 934/1067 936/1068 932/1064
f 933/1065 935/1069 934/1070 931/1066
f 935/1069 938/1071 937/1072 934/1070
f 934/1067 937/1073 939/1074 936/1068
f 938/1071 941/1075 940/1076 937/1072
f 937/1073 940/1077 942/1078 939/1074
f 941/1075 944/1079 943/1080 940/1076
f 940/1077 943/1081 945/1082 942/1078
f 944/1079 948/1083 946/1084 943/1080
f 943/1081 946/1085 947/1086 945/1082
f 946/1085 949/1087 950/1088 947/1086
f 948/1083 951/1089 949/1090 946/1084
f 949/1087 952/1091 953/1092 950/1088
f 951/1089 954/1093 952/1094 949/1090
f 952/1091 955/1095 957/1096 953/1092
f 954/1093 956/1097 955/1098 952/1094
f 956/1097 959/1099 958/1100 955/1098
f 955/1095 958/1101 960/1102 957/1096
f 959/1099 963/1103 961/1104 958/1100
f 958/1101 961/1105 962/1106 960/1102
f 961/1105 964/1107 966/1108 962/1106
f 963/1103 965/1109 964/1110 961/1104
f 965/1109 968/1111 967/1112 964/1110
f 964/1107 967/1113 969/1114 966/1108
f 968/1111 972/1115 970/1116 967/1112
f 967/1113 970/1117 971/1118 969/1114
f 970/1117 973/1119 974/1120 971/1118
f 972/1115 975/1121 973/1122 970/1116
f 973/1119 976/1123 977/1124 974/1120
f 975/1121 978/1125 976/1126 973/1122
f 976/1123 979/1127 981/1128 977/1124
f 978/1125 980/1129 979/1130 976/1126
f 980/1129 983/1131 982/1132 979/1130
f 979/1127 982/1133 984/1134 981/1128
f 983/1131 987/1135 985/1136 982/1132
f 982/1133 985/1137 986/1138 984/1134
f 985/1137 988/1139 990/1140 986/1138
f 987/1135 989/1141 988/1142 985/1136
f 989/1141 992/1143 991/1144 988/1142
f 988/1139 991/1145 993/1146 990/1140
f 992/1143 995/1147 994/1148 991/1144
f 991/1145 994/1149 996/1150 993/1146
f 995/1147 999/1151 997/1152 994/1148
f 994/1149 997/1153 998/1154 996/1150
f 997/1153 1000/1155 1001/1156 998/1154
f 999/1151 1002/1157 1000/1158 997/1152
f 1000/1155 1003/1159 1004/1160 1001/1156
f 1002/1157 1005/1161 1003/1162 1000/1158
f 1003/1159 1006/1163 1007/1164 1004/1160
f 1005/1161 1008/1165 1006/1166 1003/1162
f 1006/1163 1009/1167 1011/1168 1007/1164
f 1008/1165 1010/1169 1009/1170 1006/1166
f 1010/1169 1013/1171 1012/1172 1009/1170
f 1009/1167 1012/1173 1014/1174 1011/1168
f 1013/1171 1017/1175 1015/1176 1012/1172
f 1012/1173 1015/1177 1016/1178 1014/1174
f 1015/1177 1018/1179 1020/1180 1016/1178
f 1017/1175 1019/1181 1018/1182 1015/1176
f 1019/1181 1022/1183 1021/1184 1018/1182
f 1018/1179 1021/1185 1023/1186 1020/1180
f 1022/1183 1026/1187 1024/1188 1021/1184
f 1021/1185 1024/1189 1025/1190 1023/1186
f 1024/1189 1027/1191 1029/1192 1025/1190
f 1026/1187 1028/1193 1027/1194 1024/1188
f 1028/1193 1031/1195 1030/1196 1027/1194
f 1027/1191 1030/1197 1032/1198 1029/1192
f 1031/1195 1035/1199 1033/1200 1030/1196
f 1030/1197 1033/1201 1034/1202 1032/1198
f 1033/1201 1036/1203 1038/1204 1034/1202
f 1035/1199 1037/1205 1036/1206 1033/1200
f 1037/1205 1041/1207 1039/1208 1036/1206
f 1036/1203 1039/1209 1040/1210 1038/1204
f 1039/1209 1042/1211 1043/1212 1040/1210
f 1041/1207 1044/1213 1042/1214 1039/1208
f 1042/1211 1045/1215 1046/1216 1043/1212
f 1044/1213 1047/1217 1045/1218 1042/1214
f 1045/1215 1048/1219 1050/1220 1046/1216
f 1047/1217 1049/1221 1048/1222 1045/1218
f 1049/1221 1053/1223 1051/1224 1048/1222
f 1048/1219 1051/1225 1052/1226 1050/1220
f 1051/1225 1054/1227 1055/1228 1052/1226
f 1053/1223 1056/1229 1054/1230 1051/1224
f 1054/1227 1057/1231 1059/1232 1055/1228
f 1056/1229 1058/1233 1057/1234 1054/1230
f 1058/1233 1062/1235 1060/1236 1057/1234
f 1057/1231 1060/1237 1061/1238 1059/1232
f 1060/1237 1063/1239 1064/1240 1061/1238
f 1062/1235 1065/1241 1063/1242 1060/1236
f 1063/1239 1066/1243 1068/1244 1064/1240
f 1065/1241 1067/1245 1066/1246 1063/1242
f 1067/1245 1070/1247 1069/1248 1066/1246
f 1066/1243 1069/1249 1071/1250 1068/1244
f 1070/1247 1073/1251 1072/1252 1069/1248
f 1069/1249 1072/1253 1074/1254 1071/1250
f 1073/1251 1076/1255 1075/1256 1072/1252
f 1072/1253 1075/1257 1077/1258 1074/1254
f 1076/1255 1080/1259 1078/1260 1075/1256
f 1075/1257 1078/1261 1079/1262 1077/1258
f 1078/1261 823/917 1244/920 1079/1262
f 1080/1259 819/912 823/915 1078/1260
f 1083/1263 1081/1264 1080/1259 1076/1255
f 1081/1264 817/909 819/912 1080/1259
f 1084/1265 1082/1266 1081/1264 1083/1263
f 1082/1266 815/908 817/909 1081/1264
f 1086/1267 1084/1265 1083/1263 1085/1268
f 1085/1268 1083/1263 1076/1255 1073/1251
f 1088/1269 1086/1267 1085/1268 1087/1270
f 1087/1270 1085/1268 1073/1251 1070/1247
f 1090/1271 1088/1269 1087/1270 1089/1272
f 1089/1272 1087/1270 1070/1247 1067/1245
f 1092/1273 1090/1271 1089/1272 1091/1274
f 1091/1274 1089/1272 1067/1245 1065/1241
f 1094/1275 1092/1273 1091/1274 1093/1276
f 1093/1276 1091/1274 1065/1241 1062/1235
f 1096/1277 1094/1275 1093/1276 1095/1278
f 1095/1278 1093/1276 1062/1235 1058/1233
f 1098/1279 1096/1277 1095/1278 1097/1280
f 1097/1280 1095/1278 1058/1233 1056/1229
f 1100/1281 1098/1279 1097/1280 1099/1282
f 1099/1282 1097/1280 1056/1229 1053/1223
f 1102/1283 1100/1281 1099/1282 1101/1284
f 1101/1284 1099/1282 1053/1223 1049/1221
f 1104/1285 1102/1283 1101/1284 1103/1286
f 1103/1286 1101/1284 1049/1221 1047/1217
f 1106/1287 1104/1285 1103/1286 1105/1288
f 1105/1288 1103/1286 1047/1217 1044/1213
f 1108/1289 1106/1287 1105/1288 1107/1290
f 1107/1290 1105/1288 1044/1213 1041/1207
f 1111/1291 1108/1289 1107/1290 1109/1292
f 1109/1292 1107/1290 1041/1207 1037/1205
f 1037/1205 1035/1199 1110/1293 1109/1292
f 1109/1292 1110/1293 1112/1294 1111/1291
f 1115/1295 1113/1296 1111/1291 1112/1294
f 1116/1297 1108/1289 1111/1291 1113/1296
f 1118/1298 1116/1297 1113/1296 1114/1299
f 1135/1300 1114/1299 1113/1296 1115/1295
f 1117/1301 1106/1287 1108/1289 1116/1297
f 1119/1302 1117/1301 1116/1297 1118/1298
f 1118/1298 1120/1303 1122/1304 1119/1302
f 1114/1299 1121/1305 1120/1303 1118/1298
f 1123/1306 1120/1303 1121/1305 1125/1307
f 1124/1308 1122/1304 1120/1303 1123/1306
f 1127/1309 1124/1308 1123/1306 1126/1310
f 1126/1310 1123/1306 1125/1307 1128/1311
f 1126/1310 785/876 788/879 1127/1309
f 1128/1311 782/873 785/876 1126/1310
f 1128/1311 1129/1312 779/870 782/873
f 1129/1312 1128/1311 1125/1307 1131/1313
f 1130/1314 1129/1312 1131/1313 1132/1315
f 1129/1312 1130/1314 776/867 779/870
f 1132/1315 1131/1313 1133/1316 1134/1317
f 1131/1313 1125/1307 1121/1305 1133/1316
f 1114/1299 1135/1300 1133/1316 1121/1305
f 1135/1300 1136/1318 1134/1317 1133/1316
f 1136/1318 1135/1300 1115/1295 1137/1319
f 1136/1318 1138/1320 1139/1321 1134/1317
f 1138/1320 1136/1318 1137/1319 1141/1322
f 1139/1321 1138/1320 1140/1323 1204/1324
f 1138/1320 1141/1322 1142/1325 1140/1323
f 1141/1322 1143/1326 1145/1327 1142/1325
f 1141/1322 1137/1319 1146/1328 1143/1326
f 1147/1329 1144/1330 1143/1326 1146/1328
f 1144/1330 1148/1331 1145/1327 1143/1326
f 1110/1293 1147/1329 1146/1328 1112/1294
f 1137/1319 1115/1295 1112/1294 1146/1328
f 1031/1195 1028/1193 1144/1330 1147/1329
f 1035/1199 1031/1195 1147/1329 1110/1293
f 1148/1331 1150/1332 1149/1333 1145/1327
f 1152/1334 1142/1325 1145/1327 1149/1333
f 1150/1332 1171/1335 1151/1336 1149/1333
f 1154/1337 1152/1334 1149/1333 1151/1336
f 1156/1338 1153/1339 1152/1334 1154/1337
f 1153/1339 1140/1323 1142/1325 1152/1334
f 1154/1337 1151/1336 1169/1340 1155/1341
f 1156/1338 1154/1337 1155/1341 1158/1342
f 1157/1343 1156/1338 1158/1342 1159/1344
f 1153/1339 1156/1338 1157/1343 1200/1345
f 1158/1342 1160/1346 1161/1347 1159/1344
f 1160/1346 1158/1342 1155/1341 1164/1348
f 1160/1346 1162/1349 1183/1350 1161/1347
f 1162/1349 1160/1346 1163/1351 1178/1352
f 1160/1346 1164/1348 1165/1353 1163/1351
f 1165/1353 1164/1348 1166/1354 1168/1355
f 1164/1348 1155/1341 1169/1340 1166/1354
f 1170/1356 1167/1357 1166/1354 1169/1340
f 1167/1357 1172/1358 1168/1355 1166/1354
f 1171/1335 1170/1356 1169/1340 1151/1336
f 1017/1175 1013/1171 1167/1357 1170/1356
f 1019/1181 1017/1175 1170/1356 1171/1335
f 1022/1183 1019/1181 1171/1335 1150/1332
f 1172/1358 1174/1359 1173/1360 1168/1355
f 1165/1353 1168/1355 1173/1360 1163/1351
f 1174/1359 1176/1361 1175/1362 1173/1360
f 1163/1351 1173/1360 1175/1362 1178/1352
f 1176/1361 1179/1363 1177/1364 1175/1362
f 1162/1349 1178/1352 1175/1362 1177/1364
f 1179/1363 1181/1365 1180/1366 1177/1364
f 1162/1349 1177/1364 1180/1366 1183/1350
f 1181/1365 1193/1367 1182/1368 1180/1366
f 1184/1369 1183/1350 1180/1366 1182/1368
f 1184/1369 1185/1370 1161/1347 1183/1350
f 1186/1371 1187/1372 1185/1370 1184/1369
f 1186/1371 1184/1369 1182/1368 1188/1373
f 1186/1371 1188/1373 1190/849 757/848
f 1187/1372 1186/1371 757/848 759/850
f 1193/1367 1189/1374 1188/1373 1182/1368
f 1189/1374 1191/1375 1190/849 1188/1373
f 1191/1375 1192/843 753/844 1190/849
f 989/1141 987/1135 1192/843 1191/1375
f 992/1143 989/1141 1191/1375 1189/1374
f 987/1135 983/1131 752/840 1192/843
f 995/1147 992/1143 1189/1374 1193/1367
f 999/1151 995/1147 1193/1367 1181/1365
f 1194/1376 1187/1372 759/850 762/852
f 1187/1372 1194/1376 1196/1377 1185/1370
f 1195/1378 1197/1379 1196/1377 1194/1376
f 764/856 1195/1378 1194/1376 762/852
f 1197/1379 1157/1343 1159/1344 1196/1377
f 1185/1370 1196/1377 1159/1344 1161/1347
f 1195/1378 1199/1380 1198/1381 1197/1379
f 1197/1379 1198/1381 1200/1345 1157/1343
f 1199/1380 1203/1382 1201/1383 1198/1381
f 1198/1381 1201/1383 1204/1324 1200/1345
f 1202/1384 1139/1321 1204/1324 1201/1383
f 1205/1385 1202/1384 1201/1383 1203/1382
f 1140/1323 1153/1339 1200/1345 1204/1324
f 773/865 1205/1385 1203/1382 771/861
f 1203/1382 1199/1380 767/858 771/861
f 1130/1314 1205/1385 773/865 776/867
f 1205/1385 1130/1314 1132/1315 1202/1384
f 1202/1384 1132/1315 1134/1317 1139/1321
f 1199/1380 1195/1378 764/856 767/858
f 1002/1157 999/1151 1181/1365 1179/1363
f 1005/1161 1002/1157 1179/1363 1176/1361
f 1008/1165 1005/1161 1176/1361 1174/1359
f 1010/1169 1008/1165 1174/1359 1172/1358
f 1013/1171 1010/1169 1172/1358 1167/1357
f 1026/1187 1022/1183 1150/1332 1148/1331
f 1028/1193 1026/1187 1148/1331 1144/1330
f 1127/1309 788/879 791/882 1206/1386
f 1206/1386 1208/1387 1124/1308 1127/1309
f 791/882 795/885 1207/1388 1206/1386
f 1206/1386 1207/1388 1209/1389 1208/1387
f 1208/1387 1209/1389 1211/1390 1210/1391
f 1208/1387 1210/1391 1122/1304 1124/1308
f 1210/1391 1211/1390 1213/1392 1212/1393
f 1119/1302 1122/1304 1210/1391 1212/1393
f 1212/1393 1213/1392 1215/1394 1214/1395
f 1212/1393 1214/1395 1117/1301 1119/1302
f 1214/1395 1215/1394 1102/1283 1104/1285
f 1214/1395 1104/1285 1106/1287 1117/1301
f 1217/1396 1216/1397 1215/1394 1213/1392
f 1216/1397 1100/1281 1102/1283 1215/1394
f 1220/1398 1218/1399 1216/1397 1217/1396
f 1218/1399 1098/1279 1100/1281 1216/1397
f 1218/1399 1219/1400 1096/1277 1098/1279
f 1220/1398 1222/1401 1219/1400 1218/1399
f 1221/1402 1223/1403 1222/1401 1220/1398
f 1217/1396 1242/1404 1221/1402 1220/1398
f 1222/1401 1223/1403 1225/1405 1224/1406
f 1224/1406 1228/1407 1219/1400 1222/1401
f 1224/1406 1225/1405 1231/1408 1226/1409
f 1226/1409 1230/1410 1227/1411 1224/1406
f 1224/1406 1227/1411 1229/1412 1228/1407
f 1229/1412 1092/1273 1094/1275 1228/1407
f 1228/1407 1094/1275 1096/1277 1219/1400
f 1229/1412 1227/1411 1090/1271 1092/1273
f 1227/1411 1230/1410 1088/1269 1090/1271
f 1226/1409 1086/1267 1088/1269 1230/1410
f 1226/1409 1231/1408 1084/1265 1086/1267
f 1232/1413 1231/1408 1225/1405 1233/1414
f 1232/1413 1082/1266 1084/1265 1231/1408
f 1234/910 1232/1413 1233/1414 1235/1415
f 1234/910 815/908 1082/1266 1232/1413
f 1235/1415 806/898 809/900 1234/910
f 1236/1416 804/894 806/898 1235/1415
f 1235/1415 1233/1414 1238/1417 1236/1416
f 1237/1418 1236/1416 1238/1417 1239/1419
f 800/891 804/894 1236/1416 1237/1418
f 1239/1419 1238/1417 1223/1403 1221/1402
f 1233/1414 1225/1405 1223/1403 1238/1417
f 1237/1418 1239/1419 1240/1420 1241/1421
f 1239/1419 1221/1402 1242/1404 1240/1420
f 1241/1421 1240/1420 1209/1389 1207/1388
f 1240/1420 1242/1404 1211/1390 1209/1389
f 1213/1392 1211/1390 1242/1404 1217/1396
f 1207/1388 795/885 797/889 1241/1421
f 1241/1421 797/889 800/891 1237/1418
f 1077/1258 1079/1262 1243/1422 1259/1423
f 1079/1262 1244/920 1245/1424 1243/1422
f 1244/920 822/919 1246/1425 1245/1424
f 1245/1424 1246/1425 1248/1426 1247/1427
f 1243/1422 1245/1424 1247/1427 1249/1428
f 1250/1429 1247/1427 1248/1426 1251/1430
f 1250/1429 1253/1431 1249/1428 1247/1427
f 1252/1432 1250/1429 1251/1430 1289/1433
f 1250/1429 1252/1432 1254/1434 1253/1431
f 1253/1431 1254/1434 1257/1435 1255/1436
f 1253/1431 1255/1436 1258/1437 1249/1428
f 1267/1438 1256/1439 1255/1436 1257/1435
f 1256/1439 1260/1440 1258/1437 1255/1436
f 1259/1423 1243/1422 1249/1428 1258/1437
f 1261/1441 1259/1423 1258/1437 1260/1440
f 1263/1442 1261/1441 1260/1440 1262/1443
f 1256/1439 1265/1444 1262/1443 1260/1440
f 1864/1445 1263/1442 1262/1443 1264/1446
f 1266/1447 1264/1446 1262/1443 1265/1444
f 1256/1439 1267/1438 1266/1447 1265/1444
f 1267/1438 1269/1448 1268/1449 1266/1447
f 1268/1449 1270/1450 1264/1446 1266/1447
f 1268/1449 1269/1448 1272/1451 1270/1450
f 1273/1452 1271/1453 1270/1450 1272/1451
f 1271/1453 1864/1445 1264/1446 1270/1450
f 1275/1454 1273/1452 1272/1451 1274/1455
f 1269/1448 1277/1456 1274/1455 1272/1451
f 1852/1457 1275/1454 1274/1455 1276/1458
f 1278/1459 1276/1458 1274/1455 1277/1456
f 1280/1460 1278/1459 1277/1456 1279/1461
f 1267/1438 1279/1461 1277/1456 1269/1448
f 1282/1462 1280/1460 1279/1461 1281/1463
f 1279/1461 1267/1438 1257/1435 1281/1463
f 1284/1464 1282/1462 1281/1463 1283/1465
f 1254/1434 1283/1465 1281/1463 1257/1435
f 1286/1466 1284/1464 1283/1465 1285/1467
f 1252/1432 1285/1467 1283/1465 1254/1434
f 1288/1468 1286/1466 1285/1467 1287/1469
f 1285/1467 1252/1432 1289/1433 1287/1469
f 1292/1470 1288/1468 1287/1469 1290/1471
f 1293/1472 1290/1471 1287/1469 1289/1433
f 1294/1473 1291/1474 1290/1471 1293/1472
f 1686/1475 1292/1470 1290/1471 1291/1474
f 1295/1476 1293/1472 1289/1433 1251/1430
f 1296/1477 1294/1473 1293/1472 1295/1476
f 1295/1476 1251/1430 1248/1426 1297/1478
f 1296/1477 1295/1476 1297/1478 1299/1479
f 1246/1425 1298/1480 1297/1478 1248/1426
f 1298/1480 1300/1481 1299/1479 1297/1478
f 1300/1481 1302/1482 1301/1483 1299/1479
f 1304/1484 1296/1477 1299/1479 1301/1483
f 1302/1482 1608/1485 1303/1486 1301/1483
f 1304/1484 1301/1483 1303/1486 1305/1487
f 1306/1488 1304/1484 1305/1487 1307/1489
f 1304/1484 1306/1488 1294/1473 1296/1477
f 1307/1489 1310/1490 1308/1491 1306/1488
f 1306/1488 1308/1491 1291/1474 1294/1473
f 1309/1492 1308/1491 1310/1490 1311/1493
f 1309/1492 1686/1475 1291/1474 1308/1491
f 1313/1494 1311/1493 1310/1490 1312/1495
f 1310/1490 1307/1489 1315/1496 1312/1495
f 1331/1497 1313/1494 1312/1495 1314/1498
f 1317/1499 1314/1498 1312/1495 1315/1496
f 1318/1500 1317/1499 1315/1496 1316/1501
f 1307/1489 1305/1487 1316/1501 1315/1496
f 1318/1500 1320/1502 1319/1503 1317/1499
f 1317/1499 1319/1503 1321/1504 1314/1498
f 1322/1505 1319/1503 1320/1502 1324/1506
f 1325/1507 1321/1504 1319/1503 1322/1505
f 1322/1505 1323/1508 1326/1509 1325/1507
f 1323/1508 1322/1505 1324/1506 1595/1510
f 1328/1511 1327/1512 1325/1507 1326/1509
f 1330/1513 1321/1504 1325/1507 1327/1512
f 1327/1512 1328/1511 1594/1514 1329/1515
f 1329/1515 1332/1516 1330/1513 1327/1512
f 1331/1497 1314/1498 1321/1504 1330/1513
f 1331/1497 1330/1513 1332/1516 1333/1517
f 1333/1517 1332/1516 1334/1518 1336/1519
f 1337/1520 1334/1518 1332/1516 1329/1515
f 1696/1521 1336/1519 1334/1518 1335/1522
f 1335/1522 1334/1518 1337/1520 1339/1523
f 1329/1515 1594/1514 1338/1524 1337/1520
f 1340/1525 1339/1523 1337/1520 1338/1524
f 1339/1523 1340/1525 1342/1526 1341/1527
f 1341/1527 1344/1528 1335/1522 1339/1523
f 1373/1529 1343/1530 1341/1527 1342/1526
f 1343/1530 1346/1531 1344/1528 1341/1527
f 1345/1532 1344/1528 1346/1531 1348/1533
f 1696/1521 1335/1522 1344/1528 1345/1532
f 1370/1534 1347/1535 1346/1531 1343/1530
f 1348/1533 1346/1531 1347/1535 1349/1536
f 1345/1532 1348/1533 1350/1537 1352/1538
f 1348/1533 1349/1536 1351/1539 1350/1537
f 1356/1540 1353/1541 1350/1537 1351/1539
f 1353/1541 1355/1542 1352/1538 1350/1537
f 1357/1543 1354/1544 1353/1541 1356/1540
f 1354/1544 1697/1545 1355/1542 1353/1541
f 1357/1543 1356/1540 1358/1546 1359/1547
f 1356/1540 1351/1539 1361/1548 1358/1546
f 1359/1547 1358/1546 1360/1549 1656/1550
f 1358/1546 1361/1548 1362/1551 1360/1549
f 1363/1552 1361/1548 1351/1539 1349/1536
f 1364/1553 1362/1551 1361/1548 1363/1552
f 1364/1553 1363/1552 1365/1554 1366/1555
f 1363/1552 1349/1536 1347/1535 1365/1554
f 1370/1534 1367/1556 1365/1554 1347/1535
f 1367/1556 1369/1557 1366/1555 1365/1554
f 1371/1558 1368/1559 1367/1556 1370/1534
f 1368/1559 1863/1560 1369/1557 1367/1556
f 1371/1558 1370/1534 1343/1530 1373/1529
f 1368/1559 1371/1558 1372/1561 1383/1562
f 1373/1529 1374/1563 1372/1561 1371/1558
f 1342/1526 1375/1564 1374/1563 1373/1529
f 1375/1564 1378/1565 1376/1566 1374/1563
f 1374/1563 1376/1566 1379/1567 1372/1561
f 1378/1565 1582/1568 1377/1569 1376/1566
f 1376/1566 1377/1569 1380/1570 1379/1567
f 1381/1571 1379/1567 1380/1570 1382/1572
f 1383/1562 1372/1561 1379/1567 1381/1571
f 1384/1573 1381/1571 1382/1572 1385/1574
f 1386/1575 1383/1562 1381/1571 1384/1573
f 1387/1576 1384/1573 1385/1574 1388/1577
f 1389/1578 1386/1575 1384/1573 1387/1576
f 1387/1576 1388/1577 1392/1579 1390/1580
f 1389/1578 1387/1576 1390/1580 1391/1581
f 1395/1582 1391/1581 1390/1580 1393/1583
f 1393/1583 1390/1580 1392/1579 1394/1584
f 1396/1585 1393/1583 1394/1584 1397/1586
f 1398/1587 1395/1582 1393/1583 1396/1585
f 1396/1585 1397/1586 1401/1588 1399/1589
f 1398/1587 1396/1585 1399/1589 1400/1590
f 1404/1591 1400/1590 1399/1589 1402/1592
f 1402/1592 1399/1589 1401/1588 1403/1593
f 1405/1594 1402/1592 1403/1593 1406/1595
f 1407/1596 1404/1591 1402/1592 1405/1594
f 1405/1594 1406/1595 1411/1597 1408/1598
f 1407/1596 1405/1594 1408/1598 1410/1599
f 1412/1600 1409/1601 1408/1598 1411/1597
f 1409/1601 1615/1602 1410/1599 1408/1598
f 1414/1603 1412/1600 1411/1597 1413/1604
f 1416/1605 1413/1604 1411/1597 1406/1595
f 1614/1606 1414/1603 1413/1604 1415/1607
f 1416/1605 1418/1608 1415/1607 1413/1604
f 1417/1609 1416/1605 1406/1595 1403/1593
f 1416/1605 1417/1609 1419/1610 1418/1608
f 1418/1608 1419/1610 1422/1611 1420/1612
f 1418/1608 1420/1612 1423/1613 1415/1607
f 1432/1614 1421/1615 1420/1612 1422/1611
f 1421/1615 1425/1616 1423/1613 1420/1612
f 1424/1617 1614/1606 1415/1607 1423/1613
f 1426/1618 1424/1617 1423/1613 1425/1616
f 1428/1619 1426/1618 1425/1616 1427/1620
f 1421/1615 1430/1621 1427/1620 1425/1616
f 1613/1622 1428/1619 1427/1620 1429/1623
f 1431/1624 1429/1623 1427/1620 1430/1621
f 1421/1615 1432/1614 1431/1624 1430/1621
f 1432/1614 1434/1625 1433/1626 1431/1624
f 1433/1626 1435/1627 1429/1623 1431/1624
f 1433/1626 1434/1625 1437/1628 1435/1627
f 1438/1629 1436/1630 1435/1627 1437/1628
f 1436/1630 1613/1622 1429/1623 1435/1627
f 1440/1631 1438/1629 1437/1628 1439/1632
f 1434/1625 1442/1633 1439/1632 1437/1628
f 1612/1634 1440/1631 1439/1632 1441/1635
f 1443/1636 1441/1635 1439/1632 1442/1633
f 1445/1637 1443/1636 1442/1633 1444/1638
f 1432/1614 1444/1638 1442/1633 1434/1625
f 1447/1639 1445/1637 1444/1638 1446/1640
f 1444/1638 1432/1614 1422/1611 1446/1640
f 1449/1641 1447/1639 1446/1640 1448/1642
f 1419/1610 1448/1642 1446/1640 1422/1611
f 1451/1643 1449/1641 1448/1642 1450/1644
f 1417/1609 1450/1644 1448/1642 1419/1610
f 1397/1586 1451/1643 1450/1644 1401/1588
f 1450/1644 1417/1609 1403/1593 1401/1588
f 1452/1645 1451/1643 1397/1586 1394/1584
f 1451/1643 1452/1645 1453/1646 1449/1641
f 1454/1647 1452/1645 1394/1584 1392/1579
f 1452/1645 1454/1647 1456/1648 1453/1646
f 1455/1649 1457/1650 1456/1648 1454/1647
f 1388/1577 1455/1649 1454/1647 1392/1579
f 1457/1650 1459/1651 1458/1652 1456/1648
f 1453/1646 1456/1648 1458/1652 1461/1653
f 1459/1651 1473/1654 1460/1655 1458/1652
f 1460/1655 1462/1656 1461/1653 1458/1652
f 1462/1656 1445/1637 1447/1639 1461/1653
f 1449/1641 1453/1646 1461/1653 1447/1639
f 1445/1637 1462/1656 1463/1657 1443/1636
f 1462/1656 1460/1655 1464/1658 1463/1657
f 1443/1636 1463/1657 1465/1659 1441/1635
f 1463/1657 1464/1658 1467/1660 1465/1659
f 1468/1661 1466/1662 1465/1659 1467/1660
f 1466/1662 1612/1634 1441/1635 1465/1659
f 1470/1663 1468/1661 1467/1660 1469/1664
f 1472/1665 1469/1664 1467/1660 1464/1658
f 1506/1666 1470/1663 1469/1664 1471/1667
f 1472/1665 1474/1668 1471/1667 1469/1664
f 1473/1654 1472/1665 1464/1658 1460/1655
f 1473/1654 1476/1669 1474/1668 1472/1665
f 1476/1669 1478/1670 1475/1671 1474/1668
f 1474/1668 1475/1671 1504/1672 1471/1667
f 1478/1670 1476/1669 1477/1673 1480/1674
f 1476/1669 1473/1654 1459/1651 1477/1673
f 1479/1675 1478/1670 1480/1674 1481/1676
f 1478/1670 1479/1675 1498/1677 1475/1671
f 1482/1678 1484/1679 1481/1676 1480/1674
f 1483/1680 1482/1678 1480/1674 1477/1673
f 1486/1681 1485/1682 1482/1678 1483/1680
f 1485/1682 1487/1683 1484/1679 1482/1678
f 1485/1682 1486/1681 1385/1574 1382/1572
f 1487/1683 1485/1682 1382/1572 1380/1570
f 1487/1683 1380/1570 1377/1569 1488/1684
f 1488/1684 1490/1685 1484/1679 1487/1683
f 1489/1686 1491/1687 1490/1685 1488/1684
f 1488/1684 1377/1569 1582/1568 1489/1686
f 1491/1687 1493/1688 1492/1689 1490/1685
f 1490/1685 1492/1689 1481/1676 1484/1679
f 1479/1675 1481/1676 1492/1689 1494/1690
f 1494/1690 1492/1689 1493/1688 1495/1691
f 1495/1691 1497/1692 1496/1693 1494/1690
f 1494/1690 1496/1693 1498/1677 1479/1675
f 1497/1692 1501/1694 1499/1695 1496/1693
f 1496/1693 1499/1695 1502/1696 1498/1677
f 1502/1696 1499/1695 1500/1697 1503/1698
f 1499/1695 1501/1694 1507/1699 1500/1697
f 1503/1698 1505/1700 1504/1672 1502/1696
f 1475/1671 1498/1677 1502/1696 1504/1672
f 1505/1700 1506/1666 1471/1667 1504/1672
f 905/1030 909/1032 1505/1700 1503/1698
f 909/1032 911/1038 1506/1666 1505/1700
f 911/1038 914/1040 1470/1663 1506/1666
f 1503/1698 1500/1697 903/1026 905/1030
f 1501/1694 1508/1701 1509/1702 1507/1699
f 1511/1703 1508/1701 1501/1694 1497/1692
f 1508/1701 1510/1704 1530/1705 1509/1702
f 1511/1703 1512/1706 1510/1704 1508/1701
f 1513/1707 1515/1708 1512/1706 1511/1703
f 1513/1707 1511/1703 1497/1692 1495/1691
f 1514/1709 1516/1710 1515/1708 1513/1707
f 1495/1691 1493/1688 1514/1709 1513/1707
f 1515/1708 1516/1710 1518/1711 1517/1712
f 1517/1712 1519/1713 1512/1706 1515/1708
f 1517/1712 1518/1711 1521/1714 1520/1715
f 1520/1715 1523/1716 1519/1713 1517/1712
f 1521/1714 1592/1717 1522/1718 1520/1715
f 1520/1715 1522/1718 1524/1719 1523/1716
f 1523/1716 1524/1719 1527/1720 1525/1721
f 1523/1716 1525/1721 1528/1722 1519/1713
f 1528/1722 1525/1721 1526/1723 1529/1724
f 1525/1721 1527/1720 1531/1725 1526/1723
f 1510/1704 1528/1722 1529/1724 1530/1705
f 1519/1713 1528/1722 1510/1704 1512/1706
f 1529/1724 1526/1723 888/1004 891/1010
f 1530/1705 1529/1724 891/1010 893/1014
f 1509/1702 1530/1705 893/1014 897/1016
f 1527/1720 1532/1726 1533/1727 1531/1725
f 1535/1728 1532/1726 1527/1720 1524/1719
f 1532/1726 1534/1729 1611/1730 1533/1727
f 1537/1731 1534/1729 1532/1726 1535/1728
f 1536/1732 1535/1728 1524/1719 1522/1718
f 1536/1732 1538/1733 1537/1731 1535/1728
f 1537/1731 1538/1733 1540/1734 1534/1729
f 1547/1735 1539/1736 1538/1733 1536/1732
f 1538/1733 1539/1736 1542/1737 1540/1734
f 1534/1729 1540/1734 1541/1738 1611/1730
f 1540/1734 1542/1737 1543/1739 1541/1738
f 1542/1737 1544/1740 1545/1741 1543/1739
f 1547/1735 1544/1740 1542/1737 1539/1736
f 1544/1740 1546/1742 1610/1743 1545/1741
f 1547/1735 1548/1744 1546/1742 1544/1740
f 1536/1732 1549/1745 1548/1744 1547/1735
f 1550/1746 1548/1744 1549/1745 1551/1747
f 1550/1746 1553/1748 1546/1742 1548/1744
f 1552/1749 1550/1746 1551/1747 1593/1750
f 1552/1749 1555/1751 1553/1748 1550/1746
f 1546/1742 1553/1748 1554/1752 1610/1743
f 1553/1748 1555/1751 1556/1753 1554/1752
f 1555/1751 1557/1754 1558/1755 1556/1753
f 1552/1749 1560/1756 1557/1754 1555/1751
f 1557/1754 1559/1757 1609/1758 1558/1755
f 1562/1759 1559/1757 1557/1754 1560/1756
f 1593/1750 1561/1760 1560/1756 1552/1749
f 1562/1759 1560/1756 1561/1760 1564/1761
f 1563/1762 1562/1759 1564/1761 1565/1763
f 1563/1762 1596/1764 1559/1757 1562/1759
f 1564/1761 1561/1760 1568/1765 1566/1766
f 1565/1763 1564/1761 1566/1766 1567/1767
f 1571/1768 1567/1767 1566/1766 1569/1769
f 1569/1769 1566/1766 1568/1765 1570/1770
f 1569/1769 1570/1770 1573/1771 1572/1772
f 1571/1768 1569/1769 1572/1772 1574/1773
f 1572/1772 1573/1771 1577/1774 1575/1775
f 1574/1773 1572/1772 1575/1775 1576/1776
f 1580/1777 1576/1776 1575/1775 1578/1778
f 1578/1778 1575/1775 1577/1774 1579/1779
f 1578/1778 1579/1779 1582/1568 1378/1565
f 1580/1777 1578/1778 1378/1565 1375/1564
f 1340/1525 1338/1524 1576/1776 1580/1777
f 1340/1525 1580/1777 1375/1564 1342/1526
f 1579/1779 1577/1774 1583/1780 1581/1781
f 1489/1686 1582/1568 1579/1779 1581/1781
f 1581/1781 1583/1780 1585/1782 1584/1783
f 1581/1781 1584/1783 1491/1687 1489/1686
f 1584/1783 1585/1782 1516/1710 1514/1709
f 1584/1783 1514/1709 1493/1688 1491/1687
f 1587/1784 1586/1785 1585/1782 1583/1780
f 1586/1785 1518/1711 1516/1710 1585/1782
f 1589/1786 1588/1787 1586/1785 1587/1784
f 1588/1787 1521/1714 1518/1711 1586/1785
f 1589/1786 1591/1788 1590/1789 1588/1787
f 1588/1787 1590/1789 1592/1717 1521/1714
f 1593/1750 1551/1747 1590/1789 1591/1788
f 1551/1747 1549/1745 1592/1717 1590/1789
f 1522/1718 1592/1717 1549/1745 1536/1732
f 1570/1770 1568/1765 1591/1788 1589/1786
f 1591/1788 1568/1765 1561/1760 1593/1750
f 1587/1784 1573/1771 1570/1770 1589/1786
f 1583/1780 1577/1774 1573/1771 1587/1784
f 1594/1514 1574/1773 1576/1776 1338/1524
f 1328/1511 1571/1768 1574/1773 1594/1514
f 1328/1511 1326/1509 1567/1767 1571/1768
f 1323/1508 1565/1763 1567/1767 1326/1509
f 1595/1510 1563/1762 1565/1763 1323/1508
f 1595/1510 1598/1790 1596/1764 1563/1762
f 1559/1757 1596/1764 1597/1791 1609/1758
f 1596/1764 1598/1790 1599/1792 1597/1791
f 1598/1790 1600/1793 1601/1794 1599/1792
f 1595/1510 1324/1506 1600/1793 1598/1790
f 1600/1793 1602/1795 1603/1796 1601/1794
f 1324/1506 1320/1502 1602/1795 1600/1793
f 1602/1795 1604/1797 1605/1798 1603/1796
f 1318/1500 1604/1797 1602/1795 1320/1502
f 1607/1799 1605/1798 1604/1797 1606/1800
f 1318/1500 1316/1501 1606/1800 1604/1797
f 1608/1485 1607/1799 1606/1800 1303/1486
f 1305/1487 1303/1486 1606/1800 1316/1501
f 834/932 837/938 1607/1799 1608/1485
f 837/938 840/942 1605/1798 1607/1799
f 830/930 834/932 1608/1485 1302/1482
f 1603/1796 1605/1798 840/942 842/946
f 1601/1794 1603/1796 842/946 845/948
f 1599/1792 1601/1794 845/948 849/952
f 1597/1791 1599/1792 849/952 852/958
f 1609/1758 1597/1791 852/958 854/962
f 1558/1755 1609/1758 854/962 858/964
f 1556/1753 1558/1755 858/964 861/970
f 1554/1752 1556/1753 861/970 864/974
f 1610/1743 1554/1752 864/974 866/978
f 1545/1741 1610/1743 866/978 869/980
f 1543/1739 1545/1741 869/980 872/984
f 1541/1738 1543/1739 872/984 875/988
f 1611/1730 1541/1738 875/988 879/992
f 1533/1727 1611/1730 879/992 882/998
f 1531/1725 1533/1727 882/998 884/1002
f 1526/1723 1531/1725 884/1002 888/1004
f 1507/1699 1509/1702 897/1016 900/1022
f 1500/1697 1507/1699 900/1022 903/1026
f 1486/1681 1455/1649 1388/1577 1385/1574
f 1455/1649 1486/1681 1483/1680 1457/1650
f 1457/1650 1483/1680 1477/1673 1459/1651
f 914/1040 918/1044 1468/1661 1470/1663
f 918/1044 920/1050 1466/1662 1468/1661
f 920/1050 923/1052 1612/1634 1466/1662
f 923/1052 927/1056 1440/1631 1612/1634
f 927/1056 929/1062 1438/1629 1440/1631
f 929/1062 932/1064 1436/1630 1438/1629
f 932/1064 936/1068 1613/1622 1436/1630
f 936/1068 939/1074 1428/1619 1613/1622
f 939/1074 942/1078 1426/1618 1428/1619
f 942/1078 945/1082 1424/1617 1426/1618
f 945/1082 947/1086 1614/1606 1424/1617
f 947/1086 950/1088 1414/1603 1614/1606
f 950/1088 953/1092 1412/1600 1414/1603
f 953/1092 957/1096 1409/1601 1412/1600
f 1615/1602 1617/1801 1616/1802 1410/1599
f 1619/1803 1407/1596 1410/1599 1616/1802
f 1617/1801 1848/1804 1618/1805 1616/1802
f 1619/1803 1616/1802 1618/1805 1620/1806
f 1621/1807 1619/1803 1620/1806 1622/1808
f 1619/1803 1621/1807 1404/1591 1407/1596
f 1622/1808 1625/1809 1623/1810 1621/1807
f 1621/1807 1623/1810 1400/1590 1404/1591
f 1624/1811 1623/1810 1625/1809 1626/1812
f 1624/1811 1398/1587 1400/1590 1623/1810
f 1628/1813 1626/1812 1625/1809 1627/1814
f 1625/1809 1622/1808 1630/1815 1627/1814
f 1646/1816 1628/1813 1627/1814 1629/1817
f 1632/1818 1629/1817 1627/1814 1630/1815
f 1633/1819 1632/1818 1630/1815 1631/1820
f 1622/1808 1620/1806 1631/1820 1630/1815
f 1633/1819 1635/1821 1634/1822 1632/1818
f 1632/1818 1634/1822 1636/1823 1629/1817
f 1637/1824 1634/1822 1635/1821 1639/1825
f 1640/1826 1636/1823 1634/1822 1637/1824
f 1637/1824 1638/1827 1641/1828 1640/1826
f 1638/1827 1637/1824 1639/1825 1835/1829
f 1643/1830 1642/1831 1640/1826 1641/1828
f 1645/1832 1636/1823 1640/1826 1642/1831
f 1642/1831 1643/1830 1821/1833 1644/1834
f 1644/1834 1647/1835 1645/1832 1642/1831
f 1646/1816 1629/1817 1636/1823 1645/1832
f 1646/1816 1645/1832 1647/1835 1648/1836
f 1648/1836 1647/1835 1649/1837 1651/1838
f 1652/1839 1649/1837 1647/1835 1644/1834
f 1853/1840 1651/1838 1649/1837 1650/1841
f 1650/1841 1649/1837 1652/1839 1654/1842
f 1644/1834 1821/1833 1653/1843 1652/1839
f 1655/1844 1654/1842 1652/1839 1653/1843
f 1654/1842 1655/1844 1656/1550 1360/1549
f 1360/1549 1362/1551 1650/1841 1654/1842
f 1655/1844 1653/1843 1658/1845 1657/1846
f 1655/1844 1657/1846 1659/1847 1656/1550
f 1657/1846 1658/1845 1662/1848 1660/1849
f 1657/1846 1660/1849 1663/1850 1659/1847
f 1660/1849 1662/1848 1823/1851 1661/1852
f 1660/1849 1661/1852 1664/1853 1663/1850
f 1663/1850 1664/1853 1666/1854 1665/1855
f 1659/1847 1663/1850 1665/1855 1667/1856
f 1665/1855 1666/1854 1669/1857 1668/1858
f 1667/1856 1665/1855 1668/1858 1670/1859
f 1671/1860 1668/1858 1669/1857 1672/1861
f 1673/1862 1670/1859 1668/1858 1671/1860
f 1674/1863 1671/1860 1672/1861 1675/1864
f 1676/1865 1673/1862 1671/1860 1674/1863
f 1677/1866 1674/1863 1675/1864 1678/1867
f 1679/1868 1676/1865 1674/1863 1677/1866
f 1677/1866 1678/1867 1682/1869 1680/1870
f 1679/1868 1677/1866 1680/1870 1681/1871
f 1685/1872 1681/1871 1680/1870 1683/1873
f 1683/1873 1680/1870 1682/1869 1684/1874
f 1292/1470 1683/1873 1684/1874 1288/1468
f 1686/1475 1685/1872 1683/1873 1292/1470
f 1309/1492 1687/1875 1685/1872 1686/1475
f 1687/1875 1689/1876 1681/1871 1685/1872
f 1688/1877 1691/1878 1689/1876 1687/1875
f 1311/1493 1688/1877 1687/1875 1309/1492
f 1690/1879 1689/1876 1691/1878 1692/1880
f 1690/1879 1679/1868 1681/1871 1689/1876
f 1694/1881 1692/1880 1691/1878 1693/1882
f 1691/1878 1688/1877 1695/1883 1693/1882
f 1696/1521 1694/1881 1693/1882 1336/1519
f 1333/1517 1336/1519 1693/1882 1695/1883
f 1331/1497 1333/1517 1695/1883 1313/1494
f 1688/1877 1311/1493 1313/1494 1695/1883
f 1696/1521 1345/1532 1352/1538 1694/1881
f 1355/1542 1692/1880 1694/1881 1352/1538
f 1692/1880 1355/1542 1697/1545 1690/1879
f 1690/1879 1697/1545 1676/1865 1679/1868
f 1697/1545 1354/1544 1673/1862 1676/1865
f 1700/1884 1698/1885 1684/1874 1682/1869
f 1698/1885 1286/1466 1288/1468 1684/1874
f 1698/1885 1700/1884 1702/1886 1699/1887
f 1286/1466 1698/1885 1699/1887 1284/1464
f 1701/1888 1703/1889 1702/1886 1700/1884
f 1678/1867 1701/1888 1700/1884 1682/1869
f 1703/1889 1705/1890 1704/1891 1702/1886
f 1699/1887 1702/1886 1704/1891 1707/1892
f 1705/1890 1719/1893 1706/1894 1704/1891
f 1706/1894 1708/1895 1707/1892 1704/1891
f 1708/1895 1280/1460 1282/1462 1707/1892
f 1284/1464 1699/1887 1707/1892 1282/1462
f 1280/1460 1708/1895 1709/1896 1278/1459
f 1708/1895 1706/1894 1710/1897 1709/1896
f 1278/1459 1709/1896 1711/1898 1276/1458
f 1709/1896 1710/1897 1713/1899 1711/1898
f 1714/1900 1712/1901 1711/1898 1713/1899
f 1712/1901 1852/1457 1276/1458 1711/1898
f 1716/1902 1714/1900 1713/1899 1715/1903
f 1718/1904 1715/1903 1713/1899 1710/1897
f 1752/1905 1716/1902 1715/1903 1717/1906
f 1718/1904 1720/1907 1717/1906 1715/1903
f 1719/1893 1718/1904 1710/1897 1706/1894
f 1719/1893 1722/1908 1720/1907 1718/1904
f 1722/1908 1724/1909 1721/1910 1720/1907
f 1720/1907 1721/1910 1750/1911 1717/1906
f 1724/1909 1722/1908 1723/1912 1726/1913
f 1722/1908 1719/1893 1705/1890 1723/1912
f 1725/1914 1724/1909 1726/1913 1727/1915
f 1724/1909 1725/1914 1744/1916 1721/1910
f 1728/1917 1730/1918 1727/1915 1726/1913
f 1729/1919 1728/1917 1726/1913 1723/1912
f 1732/1920 1731/1921 1728/1917 1729/1919
f 1731/1921 1733/1922 1730/1918 1728/1917
f 1731/1921 1732/1920 1675/1864 1672/1861
f 1733/1922 1731/1921 1672/1861 1669/1857
f 1733/1922 1669/1857 1666/1854 1734/1923
f 1734/1923 1736/1924 1730/1918 1733/1922
f 1735/1925 1737/1926 1736/1924 1734/1923
f 1734/1923 1666/1854 1664/1853 1735/1925
f 1737/1926 1739/1927 1738/1928 1736/1924
f 1736/1924 1738/1928 1727/1915 1730/1918
f 1725/1914 1727/1915 1738/1928 1740/1929
f 1740/1929 1738/1928 1739/1927 1741/1930
f 1741/1930 1743/1931 1742/1932 1740/1929
f 1740/1929 1742/1932 1744/1916 1725/1914
f 1743/1931 1747/1933 1745/1934 1742/1932
f 1742/1932 1745/1934 1748/1935 1744/1916
f 1748/1935 1745/1934 1746/1936 1749/1937
f 1745/1934 1747/1933 1753/1938 1746/1936
f 1749/1937 1751/1939 1750/1911 1748/1935
f 1721/1910 1744/1916 1748/1935 1750/1911
f 1751/1939 1752/1905 1717/1906 1750/1911
f 1038/1204 1040/1210 1751/1939 1749/1937
f 1040/1210 1043/1212 1752/1905 1751/1939
f 1043/1212 1046/1216 1716/1902 1752/1905
f 1749/1937 1746/1936 1034/1202 1038/1204
f 1747/1933 1754/1940 1755/1941 1753/1938
f 1757/1942 1754/1940 1747/1933 1743/1931
f 1754/1940 1756/1943 1776/1944 1755/1941
f 1757/1942 1758/1945 1756/1943 1754/1940
f 1759/1946 1761/1947 1758/1945 1757/1942
f 1759/1946 1757/1942 1743/1931 1741/1930
f 1760/1948 1762/1949 1761/1947 1759/1946
f 1741/1930 1739/1927 1760/1948 1759/1946
f 1761/1947 1762/1949 1764/1950 1763/1951
f 1763/1951 1765/1952 1758/1945 1761/1947
f 1763/1951 1764/1950 1767/1953 1766/1954
f 1766/1954 1769/1955 1765/1952 1763/1951
f 1767/1953 1833/1956 1768/1957 1766/1954
f 1766/1954 1768/1957 1770/1958 1769/1955
f 1769/1955 1770/1958 1773/1959 1771/1960
f 1769/1955 1771/1960 1774/1961 1765/1952
f 1774/1961 1771/1960 1772/1962 1775/1963
f 1771/1960 1773/1959 1777/1964 1772/1962
f 1756/1943 1774/1961 1775/1963 1776/1944
f 1765/1952 1774/1961 1756/1943 1758/1945
f 1775/1963 1772/1962 1020/1180 1023/1186
f 1776/1944 1775/1963 1023/1186 1025/1190
f 1755/1941 1776/1944 1025/1190 1029/1192
f 1773/1959 1778/1965 1779/1966 1777/1964
f 1781/1967 1778/1965 1773/1959 1770/1958
f 1778/1965 1780/1968 1851/1969 1779/1966
f 1783/1970 1780/1968 1778/1965 1781/1967
f 1782/1971 1781/1967 1770/1958 1768/1957
f 1782/1971 1784/1972 1783/1970 1781/1967
f 1783/1970 1784/1972 1786/1973 1780/1968
f 1793/1974 1785/1975 1784/1972 1782/1971
f 1784/1972 1785/1975 1788/1976 1786/1973
f 1780/1968 1786/1973 1787/1977 1851/1969
f 1786/1973 1788/1976 1789/1978 1787/1977
f 1788/1976 1790/1979 1791/1980 1789/1978
f 1793/1974 1790/1979 1788/1976 1785/1975
f 1790/1979 1792/1981 1850/1982 1791/1980
f 1793/1974 1794/1983 1792/1981 1790/1979
f 1782/1971 1795/1984 1794/1983 1793/1974
f 1796/1985 1794/1983 1795/1984 1797/1986
f 1796/1985 1799/1987 1792/1981 1794/1983
f 1798/1988 1796/1985 1797/1986 1834/1989
f 1798/1988 1801/1990 1799/1987 1796/1985
f 1792/1981 1799/1987 1800/1991 1850/1982
f 1799/1987 1801/1990 1802/1992 1800/1991
f 1801/1990 1803/1993 1804/1994 1802/1992
f 1798/1988 1806/1995 1803/1993 1801/1990
f 1803/1993 1805/1996 1849/1997 1804/1994
f 1808/1998 1805/1996 1803/1993 1806/1995
f 1834/1989 1807/1999 1806/1995 1798/1988
f 1808/1998 1806/1995 1807/1999 1810/2000
f 1809/2001 1808/1998 1810/2000 1811/2002
f 1809/2001 1836/2003 1805/1996 1808/1998
f 1810/2000 1807/1999 1814/2004 1812/2005
f 1811/2002 1810/2000 1812/2005 1813/2006
f 1817/2007 1813/2006 1812/2005 1815/2008
f 1815/2008 1812/2005 1814/2004 1816/2009
f 1815/2008 1816/2009 1819/2010 1818/2011
f 1817/2007 1815/2008 1818/2011 1820/2012
f 1818/2011 1819/2010 1823/1851 1662/1848
f 1820/2012 1818/2011 1662/1848 1658/1845
f 1643/1830 1817/2007 1820/2012 1821/1833
f 1821/1833 1820/2012 1658/1845 1653/1843
f 1824/2013 1823/1851 1819/2010 1822/2014
f 1822/2014 1819/2010 1816/2009 1830/2015
f 1661/1852 1823/1851 1824/2013 1825/2016
f 1825/2016 1824/2013 1826/2017 1827/2018
f 1822/2014 1828/2019 1826/2017 1824/2013
f 1827/2018 1826/2017 1762/1949 1760/1948
f 1828/2019 1764/1950 1762/1949 1826/2017
f 1830/2015 1829/2020 1828/2019 1822/2014
f 1829/2020 1767/1953 1764/1950 1828/2019
f 1830/2015 1832/2021 1831/2022 1829/2020
f 1829/2020 1831/2022 1833/1956 1767/1953
f 1834/1989 1797/1986 1831/2022 1832/2021
f 1797/1986 1795/1984 1833/1956 1831/2022
f 1768/1957 1833/1956 1795/1984 1782/1971
f 1816/2009 1814/2004 1832/2021 1830/2015
f 1832/2021 1814/2004 1807/1999 1834/1989
f 1825/2016 1827/2018 1737/1926 1735/1925
f 1827/2018 1760/1948 1739/1927 1737/1926
f 1735/1925 1664/1853 1661/1852 1825/2016
f 1643/1830 1641/1828 1813/2006 1817/2007
f 1638/1827 1811/2002 1813/2006 1641/1828
f 1835/1829 1809/2001 1811/2002 1638/1827
f 1835/1829 1838/2023 1836/2003 1809/2001
f 1805/1996 1836/2003 1837/2024 1849/1997
f 1836/2003 1838/2023 1839/2025 1837/2024
f 1838/2023 1840/2026 1841/2027 1839/2025
f 1835/1829 1639/1825 1840/2026 1838/2023
f 1840/2026 1842/2028 1843/2029 1841/2027
f 1639/1825 1635/1821 1842/2028 1840/2026
f 1842/2028 1844/2030 1845/2031 1843/2029
f 1633/1819 1844/2030 1842/2028 1635/1821
f 1847/2032 1845/2031 1844/2030 1846/2033
f 1633/1819 1631/1820 1846/2033 1844/2030
f 1848/1804 1847/2032 1846/2033 1618/1805
f 1620/1806 1618/1805 1846/2033 1631/1820
f 966/1108 969/1114 1847/2032 1848/1804
f 969/1114 971/1118 1845/2031 1847/2032
f 962/1106 966/1108 1848/1804 1617/1801
f 1843/2029 1845/2031 971/1118 974/1120
f 1841/2027 1843/2029 974/1120 977/1124
f 1839/2025 1841/2027 977/1124 981/1128
f 1837/2024 1839/2025 981/1128 984/1134
f 1849/1997 1837/2024 984/1134 986/1138
f 1804/1994 1849/1997 986/1138 990/1140
f 1802/1992 1804/1994 990/1140 993/1146
f 1800/1991 1802/1992 993/1146 996/1150
f 1850/1982 1800/1991 996/1150 998/1154
f 1791/1980 1850/1982 998/1154 1001/1156
f 1789/1978 1791/1980 1001/1156 1004/1160
f 1787/1977 1789/1978 1004/1160 1007/1164
f 1851/1969 1787/1977 1007/1164 1011/1168
f 1779/1966 1851/1969 1011/1168 1014/1174
f 1777/1964 1779/1966 1014/1174 1016/1178
f 1772/1962 1777/1964 1016/1178 1020/1180
f 1753/1938 1755/1941 1029/1192 1032/1198
f 1746/1936 1753/1938 1032/1198 1034/1202
f 1732/1920 1701/1888 1678/1867 1675/1864
f 1701/1888 1732/1920 1729/1919 1703/1889
f 1703/1889 1729/1919 1723/1912 1705/1890
f 1046/1216 1050/1220 1714/1900 1716/1902
f 1050/1220 1052/1226 1712/1901 1714/1900
f 1052/1226 1055/1228 1852/1457 1712/1901
f 1055/1228 1059/1232 1275/1454 1852/1457
f 1354/1544 1357/1543 1670/1859 1673/1862
f 1359/1547 1667/1856 1670/1859 1357/1543
f 1656/1550 1659/1847 1667/1856 1359/1547
f 1853/1840 1855/2034 1854/2035 1651/1838
f 1648/1836 1651/1838 1854/2035 1856/2036
f 1855/2034 1859/2037 1857/2038 1854/2035
f 1857/2038 1860/2039 1856/2036 1854/2035
f 1860/2039 1857/2038 1858/2040 1861/2041
f 1862/2042 1858/2040 1857/2038 1859/2037
f 1626/1812 1860/2039 1861/2041 1624/1811
f 1860/2039 1626/1812 1628/1813 1856/2036
f 1624/1811 1861/2041 1395/1582 1398/1587
f 1861/2041 1858/2040 1391/1581 1395/1582
f 1859/2037 1369/1557 1863/1560 1862/2042
f 1369/1557 1859/2037 1855/2034 1366/1555
f 1862/2042 1389/1578 1391/1581 1858/2040
f 1862/2042 1863/1560 1386/1575 1389/1578
f 1863/1560 1368/1559 1383/1562 1386/1575
f 1646/1816 1648/1836 1856/2036 1628/1813
f 1853/1840 1364/1553 1366/1555 1855/2034
f 1853/1840 1650/1841 1362/1551 1364/1553
f 960/1102 962/1106 1617/1801 1615/1602
f 957/1096 960/1102 1615/1602 1409/1601
f 828/926 830/930 1302/1482 1300/1481
f 825/922 828/926 1300/1481 1298/1480
f 822/919 825/922 1298/1480 1246/1425
f 1059/1232 1061/1238 1273/1452 1275/1454
f 1061/1238 1064/1240 1271/1453 1273/1452
f 1064/1240 1068/1244 1864/1445 1271/1453
f 1068/1244 1071/1250 1263/1442 1864/1445
f 1071/1250 1074/1254 1261/1441 1263/1442
f 1074/1254 1077/1258 1259/1423 1261/1441
f 983/1131 980/1129 750/839 752/840
f 980/1129 978/1125 748/838 750/839
f 978/1125 975/1121 1865/810 748/838
f 975/1121 972/1115 720/808 1865/810
f 723/809 720/808 972/1115 968/1111
f 726/812 723/809 968/1111 965/1109
f 1866/815 726/812 965/1109 963/1103
f 1867/2043 1866/815 963/1103 959/1099
f 1868/2044 725/814 1866/815 1867/2043
f 1870/2045 1868/2044 1867/2043 1869/2046
f 1869/2046 1867/2043 959/1099 956/1097
f 1872/2047 1870/2045 1869/2046 1871/2048
f 1871/2048 1869/2046 956/1097 954/1093
f 1874/2049 1872/2047 1871/2048 1873/2050
f 1873/2050 1871/2048 954/1093 951/1089
f 1876/2051 1874/2049 1873/2050 1875/2052
f 1875/2052 1873/2050 951/1089 948/1083
f 1878/2053 1876/2051 1875/2052 1877/2054
f 1877/2054 1875/2052 948/1083 944/1079
f 1880/2055 1878/2053 1877/2054 1879/2056
f 1879/2056 1877/2054 944/1079 941/1075
f 1882/2057 1880/2055 1879/2056 1881/2058
f 1881/2058 1879/2056 941/1075 938/1071
f 1884/2059 1882/2057 1881/2058 1883/2060
f 1883/2060 1881/2058 938/1071 935/1069
f 1886/2061 1884/2059 1883/2060 1885/2062
f 1885/2062 1883/2060 935/1069 933/1065
f 1888/2063 1886/2061 1885/2062 1887/2064
f 1887/2064 1885/2062 933/1065 930/1059
f 1890/2065 1888/2063 1887/2064 1889/2066
f 1889/2066 1887/2064 930/1059 926/1057
f 1892/2067 1890/2065 1889/2066 1891/2068
f 1891/2068 1889/2066 926/1057 924/1053
f 1894/2069 1892/2067 1891/2068 1893/2070
f 1893/2070 1891/2068 924/1053 921/1047
f 1896/2071 1894/2069 1893/2070 1895/2072
f 1895/2072 1893/2070 921/1047 917/1045
f 1898/2073 1896/2071 1895/2072 1897/2074
f 1897/2074 1895/2072 917/1045 915/1041
f 1900/2075 1898/2073 1897/2074 1899/2076
f 1899/2076 1897/2074 915/1041 912/1035
f 1902/2077 1900/2075 1899/2076 1901/2078
f 1901/2078 1899/2076 912/1035 908/1033
f 1904/2079 1902/2077 1901/2078 1903/2080
f 1903/2080 1901/2078 908/1033 906/1027
f 1903/2080 1905/2081 1907/2082 1904/2079
f 906/1027 902/1023 1905/2081 1903/2080
f 902/1023 899/1019 1906/2083 1905/2081
f 1905/2081 1906/2083 1908/2084 1907/2082
f 1910/2085 1909/2086 1907/2082 1908/2084
f 1909/2086 1911/2087 1904/2079 1907/2082
f 1913/2088 1912/2089 1909/2086 1910/2085
f 1912/2089 1914/2090 1911/2087 1909/2086
f 1912/2089 1913/2088 1917/2091 1915/2092
f 1914/2090 1912/2089 1915/2092 1916/2093
f 1918/2094 1920/2095 1916/2093 1915/2092
f 1919/2096 1918/2094 1915/2092 1917/2091
f 1922/2097 1921/2098 1918/2094 1919/2096
f 1921/2098 1923/2099 1920/2095 1918/2094
f 1921/2098 1922/2097 1926/2100 1924/2101
f 1923/2099 1921/2098 1924/2101 1925/2102
f 1927/2103 1930/2104 1925/2102 1924/2101
f 1929/2105 1927/2103 1924/2101 1926/2100
f 1928/2106 1931/2107 1930/2104 1927/2103
f 2181/2108 1928/2106 1927/2103 1929/2105
f 1932/2109 1933/2110 1925/2102 1930/2104
f 1934/2111 1932/2109 1930/2104 1931/2107
f 1935/2112 1936/2113 1933/2110 1932/2109
f 1937/2114 1935/2112 1932/2109 1934/2111
f 1938/2115 1939/2116 1936/2113 1935/2112
f 1940/2117 1938/2115 1935/2112 1937/2114
f 1938/2115 1941/2118 1943/2119 1939/2116
f 1940/2117 1942/2120 1941/2118 1938/2115
f 1946/2121 1944/2122 1941/2118 1942/2120
f 1944/2122 1945/2123 1943/2119 1941/2118
f 1947/2124 1948/2125 1945/2123 1944/2122
f 1949/2126 1947/2124 1944/2122 1946/2121
f 1947/2124 1950/2127 1952/2128 1948/2125
f 1949/2126 1951/2129 1950/2127 1947/2124
f 1955/2130 1953/2131 1950/2127 1951/2129
f 1953/2131 1954/2132 1952/2128 1950/2127
f 1956/2133 1957/2134 1954/2132 1953/2131
f 1958/2135 1956/2133 1953/2131 1955/2130
f 1956/2133 1870/2045 1872/2047 1957/2134
f 1958/2135 1868/2044 1870/2045 1956/2133
f 728/816 1958/2135 1955/2130 730/817
f 728/816 725/814 1868/2044 1958/2135
f 1959/2136 1957/2134 1872/2047 1874/2049
f 1960/2137 1954/2132 1957/2134 1959/2136
f 1959/2136 1961/2138 1962/2139 1960/2137
f 1959/2136 1874/2049 1876/2051 1961/2138
f 1961/2138 1963/2140 1965/2141 1962/2139
f 1961/2138 1876/2051 1878/2053 1963/2140
f 1964/2142 1963/2140 1878/2053 1880/2055
f 1966/2143 1965/2141 1963/2140 1964/2142
f 1969/2144 1967/2145 1965/2141 1966/2143
f 1962/2139 1965/2141 1967/2145 1970/2146
f 1971/2147 1970/2146 1967/2145 1968/2148
f 1968/2148 1967/2145 1969/2144 1986/2149
f 1973/2150 1972/2151 1970/2146 1971/2147
f 1960/2137 1962/2139 1970/2146 1972/2151
f 1948/2125 1952/2128 1972/2151 1973/2150
f 1972/2151 1952/2128 1954/2132 1960/2137
f 1974/2152 1945/2123 1948/2125 1973/2150
f 1973/2150 1971/2147 1975/2153 1974/2152
f 1976/2154 1943/2119 1945/2123 1974/2152
f 1974/2152 1975/2153 1978/2155 1976/2154
f 1977/2156 1976/2154 1978/2155 1979/2157
f 1939/2116 1943/2119 1976/2154 1977/2156
f 1979/2157 1978/2155 1980/2158 1981/2159
f 1975/2153 1983/2160 1980/2158 1978/2155
f 1981/2159 1980/2158 1982/2161 1995/2162
f 1982/2161 1980/2158 1983/2160 1984/2163
f 1984/2163 1983/2160 1968/2148 1986/2149
f 1971/2147 1968/2148 1983/2160 1975/2153
f 1986/2149 1987/2164 1985/2165 1984/2163
f 1984/2163 1985/2165 1993/2166 1982/2161
f 1986/2149 1969/2144 1988/2167 1987/2164
f 1987/2164 1988/2167 1890/2065 1892/2067
f 1987/2164 1892/2067 1894/2069 1985/2165
f 1966/2143 1989/2168 1988/2167 1969/2144
f 1989/2168 1888/2063 1890/2065 1988/2167
f 1966/2143 1991/2169 1990/2170 1989/2168
f 1990/2170 1886/2061 1888/2063 1989/2168
f 1990/2170 1991/2169 1884/2059 1886/2061
f 1964/2142 1992/2171 1991/2169 1966/2143
f 1991/2169 1992/2171 1882/2057 1884/2059
f 1964/2142 1880/2055 1882/2057 1992/2171
f 1985/2165 1894/2069 1896/2071 1993/2166
f 1994/2172 1993/2166 1896/2071 1898/2073
f 1995/2162 1982/2161 1993/2166 1994/2172
f 1995/2162 1994/2172 1996/2173 1998/2174
f 1994/2172 1898/2073 1900/2075 1996/2173
f 1996/2173 1900/2075 1902/2077 1997/2175
f 1998/2174 1996/2173 1997/2175 2000/2176
f 2000/2176 2001/2177 1999/2178 1998/2174
f 1998/2174 1999/2178 1981/2159 1995/2162
f 1914/2090 1916/2093 2001/2177 2000/2176
f 2000/2176 1997/2175 1911/2087 1914/2090
f 2002/2179 2001/2177 1916/2093 1920/2095
f 2003/2180 1999/2178 2001/2177 2002/2179
f 2005/2181 2003/2180 2002/2179 2004/2182
f 2004/2182 2002/2179 1920/2095 1923/2099
f 2004/2182 1933/2110 1936/2113 2005/2181
f 1923/2099 1925/2102 1933/2110 2004/2182
f 2005/2181 1936/2113 1939/2116 1977/2156
f 1977/2156 1979/2157 2003/2180 2005/2181
f 1979/2157 1981/2159 1999/2178 2003/2180
f 1997/2175 1902/2077 1904/2079 1911/2087
f 730/817 1955/2130 1951/2129 2006/819
f 2007/2183 2006/819 1951/2129 1949/2126
f 2007/2183 2008/825 731/820 2006/819
f 2008/825 2007/2183 2009/2184 2010/2185
f 2007/2183 1949/2126 1946/2121 2009/2184
f 2010/2185 2009/2184 2011/2186 2013/2187
f 2009/2184 1946/2121 1942/2120 2011/2186
f 2012/2188 2014/2189 2013/2187 2011/2186
f 2012/2188 2011/2186 1942/2120 1940/2117
f 2016/2190 2015/2191 2013/2187 2014/2189
f 2013/2187 2015/2191 2018/2192 2010/2185
f 2030/2193 2017/2194 2015/2191 2016/2190
f 2019/2195 2018/2192 2015/2191 2017/2194
f 736/823 734/824 2018/2192 2019/2195
f 2010/2185 2018/2192 734/824 2008/825
f 2019/2195 2017/2194 2021/2196 2020/2197
f 736/823 2019/2195 2020/2197 738/826
f 2022/2198 742/828 738/826 2020/2197
f 2024/2199 2022/2198 2020/2197 2021/2196
f 742/828 2022/2198 2023/2200 2220/833
f 2022/2198 2024/2199 2025/2201 2023/2200
f 2027/2202 2025/2201 2024/2199 2026/2203
f 2029/2204 2026/2203 2024/2199 2021/2196
f 2026/2203 2028/2205 2219/2206 2027/2202
f 2028/2205 2026/2203 2029/2204 2031/2207
f 2030/2193 2029/2204 2021/2196 2017/2194
f 2030/2193 2032/2208 2031/2207 2029/2204
f 2032/2208 2035/2209 2033/2210 2031/2207
f 2036/2211 2028/2205 2031/2207 2033/2210
f 2038/2212 2036/2211 2033/2210 2034/2213
f 2035/2209 2047/2214 2034/2213 2033/2210
f 2039/2215 2037/2216 2036/2211 2038/2212
f 2037/2216 2219/2206 2028/2205 2036/2211
f 2039/2215 2038/2212 2040/2217 2041/2218
f 2038/2212 2034/2213 2043/2219 2040/2217
f 2041/2218 2040/2217 2042/2220 2218/2221
f 2040/2217 2043/2219 2044/2222 2042/2220
f 2045/2223 2043/2219 2034/2213 2047/2214
f 2046/2224 2044/2222 2043/2219 2045/2223
f 2046/2224 2045/2223 2048/2225 2050/2226
f 2045/2223 2047/2214 2049/2227 2048/2225
f 2054/2228 2051/2229 2048/2225 2049/2227
f 2051/2229 2053/2230 2050/2226 2048/2225
f 2055/2231 2052/2232 2051/2229 2054/2228
f 2052/2232 2062/2233 2053/2230 2051/2229
f 2055/2231 2054/2228 2056/2234 2057/2235
f 2054/2228 2049/2227 2059/2236 2056/2234
f 2057/2235 2056/2234 2058/2237 2061/2238
f 2056/2234 2059/2236 2060/2239 2058/2237
f 2035/2209 2059/2236 2049/2227 2047/2214
f 2032/2208 2060/2239 2059/2236 2035/2209
f 2030/2193 2016/2190 2060/2239 2032/2208
f 2058/2237 2060/2239 2016/2190 2014/2189
f 2014/2189 2012/2188 2061/2238 2058/2237
f 2061/2238 1937/2114 1934/2111 2057/2235
f 2012/2188 1940/2117 1937/2114 2061/2238
f 2057/2235 1934/2111 1931/2107 2055/2231
f 2052/2232 2055/2231 1931/2107 1928/2106
f 2063/2240 2053/2230 2062/2233 2064/2241
f 2053/2230 2063/2240 2066/2242 2050/2226
f 2064/2241 2093/2243 2065/2244 2063/2240
f 2066/2242 2063/2240 2065/2244 2067/2245
f 2068/2246 2066/2242 2067/2245 2069/2247
f 2068/2246 2046/2224 2050/2226 2066/2242
f 2068/2246 2069/2247 2071/2248 2070/2249
f 2068/2246 2070/2249 2044/2222 2046/2224
f 2070/2249 2071/2248 2074/2250 2072/2251
f 2042/2220 2044/2222 2070/2249 2072/2251
f 2072/2251 2073/2252 2218/2221 2042/2220
f 2073/2252 2072/2251 2074/2250 2075/2253
f 2076/2254 2078/2255 2075/2253 2074/2250
f 2074/2250 2071/2248 2079/2256 2076/2254
f 2077/2257 2204/2258 2078/2255 2076/2254
f 2076/2254 2079/2256 2081/2259 2077/2257
f 2080/2260 2079/2256 2071/2248 2069/2247
f 2083/2261 2081/2259 2079/2256 2080/2260
f 2083/2261 2084/2262 2082/2263 2081/2259
f 2081/2259 2082/2263 2202/2264 2077/2257
f 2083/2261 2085/2265 2086/2266 2084/2262
f 2083/2261 2080/2260 2087/2267 2085/2265
f 2085/2265 2088/2268 2090/2269 2086/2266
f 2091/2270 2088/2268 2085/2265 2087/2267
f 2088/2268 2091/2270 2092/2271 2089/2272
f 2089/2272 2192/2273 2090/2269 2088/2268
f 2091/2270 2065/2244 2093/2243 2092/2271
f 2065/2244 2091/2270 2087/2267 2067/2245
f 2089/2272 2092/2271 2094/2274 2095/2275
f 2092/2271 2093/2243 2096/2276 2094/2274
f 2095/2275 2094/2274 2097/2277 2100/2278
f 2094/2274 2096/2276 2099/2279 2097/2277
f 2097/2277 2099/2279 2159/2280 2098/2281
f 2100/2278 2097/2277 2098/2281 2101/2282
f 2100/2278 2101/2282 2104/2283 2102/2284
f 2095/2275 2100/2278 2102/2284 2103/2285
f 2107/2286 2103/2285 2102/2284 2105/2287
f 2105/2287 2102/2284 2104/2283 2106/2288
f 2108/2289 2105/2287 2106/2288 2109/2290
f 2110/2291 2107/2286 2105/2287 2108/2289
f 2108/2289 2109/2290 2114/2292 2111/2293
f 2110/2291 2108/2289 2111/2293 2113/2294
f 2115/2295 2112/2296 2111/2293 2114/2292
f 2112/2296 2184/2297 2113/2294 2111/2293
f 2117/2298 2115/2295 2114/2292 2116/2299
f 2119/2300 2116/2299 2114/2292 2109/2290
f 2183/2301 2117/2298 2116/2299 2118/2302
f 2119/2300 2121/2303 2118/2302 2116/2299
f 2120/2304 2119/2300 2109/2290 2106/2288
f 2119/2300 2120/2304 2122/2305 2121/2303
f 2121/2303 2122/2305 2125/2306 2123/2307
f 2121/2303 2123/2307 2126/2308 2118/2302
f 2124/2309 2128/2310 2126/2308 2123/2307
f 2135/2311 2124/2309 2123/2307 2125/2306
f 2127/2312 2183/2301 2118/2302 2126/2308
f 2129/2313 2127/2312 2126/2308 2128/2310
f 2131/2314 2129/2313 2128/2310 2130/2315
f 2124/2309 2133/2316 2130/2315 2128/2310
f 2182/2317 2131/2314 2130/2315 2132/2318
f 2134/2319 2132/2318 2130/2315 2133/2316
f 2124/2309 2135/2311 2134/2319 2133/2316
f 2135/2311 2137/2320 2136/2321 2134/2319
f 2136/2321 2138/2322 2132/2318 2134/2319
f 2136/2321 2137/2320 2140/2323 2138/2322
f 2141/2324 2139/2325 2138/2322 2140/2323
f 2139/2325 2182/2317 2132/2318 2138/2322
f 2143/2326 2141/2324 2140/2323 2142/2327
f 2137/2320 2145/2328 2142/2327 2140/2323
f 2177/2329 2143/2326 2142/2327 2144/2330
f 2146/2331 2144/2330 2142/2327 2145/2328
f 2148/2332 2146/2331 2145/2328 2147/2333
f 2135/2311 2147/2333 2145/2328 2137/2320
f 2150/2334 2148/2332 2147/2333 2149/2335
f 2147/2333 2135/2311 2125/2306 2149/2335
f 2152/2336 2150/2334 2149/2335 2151/2337
f 2122/2305 2151/2337 2149/2335 2125/2306
f 2154/2338 2152/2336 2151/2337 2153/2339
f 2120/2304 2153/2339 2151/2337 2122/2305
f 2101/2282 2154/2338 2153/2339 2104/2283
f 2153/2339 2120/2304 2106/2288 2104/2283
f 2155/2340 2154/2338 2101/2282 2098/2281
f 2154/2338 2155/2340 2156/2341 2152/2336
f 2157/2342 2155/2340 2098/2281 2159/2280
f 2155/2340 2157/2342 2160/2343 2156/2341
f 2158/2344 2161/2345 2160/2343 2157/2342
f 2178/2346 2158/2344 2157/2342 2159/2280
f 2161/2345 2163/2347 2162/2348 2160/2343
f 2156/2341 2160/2343 2162/2348 2165/2349
f 2163/2347 2176/2350 2164/2351 2162/2348
f 2164/2351 2166/2352 2165/2349 2162/2348
f 2166/2352 2148/2332 2150/2334 2165/2349
f 2152/2336 2156/2341 2165/2349 2150/2334
f 2148/2332 2166/2352 2167/2353 2146/2331
f 2166/2352 2164/2351 2168/2354 2167/2353
f 2146/2331 2167/2353 2169/2355 2144/2330
f 2167/2353 2168/2354 2171/2356 2169/2355
f 2172/2357 2170/2358 2169/2355 2171/2356
f 2170/2358 2177/2329 2144/2330 2169/2355
f 2174/2359 2172/2357 2171/2356 2173/2360
f 2175/2361 2173/2360 2171/2356 2168/2354
f 1906/2083 2174/2359 2173/2360 1908/2084
f 2175/2361 1910/2085 1908/2084 2173/2360
f 2176/2350 2175/2361 2168/2354 2164/2351
f 2176/2350 1913/2088 1910/2085 2175/2361
f 1913/2088 2176/2350 2163/2347 1917/2091
f 899/1019 896/1017 2174/2359 1906/2083
f 896/1017 894/1011 2172/2357 2174/2359
f 894/1011 890/1007 2170/2358 2172/2357
f 890/1007 887/1005 2177/2329 2170/2358
f 887/1005 885/999 2143/2326 2177/2329
f 2161/2345 1919/2096 1917/2091 2163/2347
f 2158/2344 1922/2097 1919/2096 2161/2345
f 2179/2362 2178/2346 2159/2280 2099/2279
f 1922/2097 2158/2344 2178/2346 1926/2100
f 2179/2362 1929/2105 1926/2100 2178/2346
f 2180/2363 2181/2108 1929/2105 2179/2362
f 2180/2363 2179/2362 2099/2279 2096/2276
f 2064/2241 2180/2363 2096/2276 2093/2243
f 2064/2241 2062/2233 2181/2108 2180/2363
f 2062/2233 2052/2232 1928/2106 2181/2108
f 885/999 881/995 2141/2324 2143/2326
f 881/995 878/993 2139/2325 2141/2324
f 878/993 876/989 2182/2317 2139/2325
f 876/989 873/985 2131/2314 2182/2317
f 873/985 870/981 2129/2313 2131/2314
f 870/981 867/975 2127/2312 2129/2313
f 867/975 863/971 2183/2301 2127/2312
f 863/971 860/967 2117/2298 2183/2301
f 860/967 857/965 2115/2295 2117/2298
f 857/965 855/959 2112/2296 2115/2295
f 2184/2297 2186/2364 2185/2365 2113/2294
f 2188/2366 2110/2291 2113/2294 2185/2365
f 2186/2364 2215/2367 2187/2368 2185/2365
f 2188/2366 2185/2365 2187/2368 2189/2369
f 2190/2370 2188/2366 2189/2369 2191/2371
f 2188/2366 2190/2370 2107/2286 2110/2291
f 2191/2371 2090/2269 2192/2273 2190/2370
f 2190/2370 2192/2273 2103/2285 2107/2286
f 2089/2272 2095/2275 2103/2285 2192/2273
f 2191/2371 2189/2369 2194/2372 2193/2373
f 2090/2269 2191/2371 2193/2373 2086/2266
f 2196/2374 2195/2375 2193/2373 2194/2372
f 2195/2375 2084/2262 2086/2266 2193/2373
f 2196/2374 2198/2376 2197/2377 2195/2375
f 2195/2375 2197/2377 2082/2263 2084/2262
f 2199/2378 2197/2377 2198/2376 2201/2379
f 2202/2264 2082/2263 2197/2377 2199/2378
f 2199/2378 2200/2380 2203/2381 2202/2264
f 2200/2380 2199/2378 2201/2379 2205/2382
f 2204/2258 2077/2257 2202/2264 2203/2381
f 2204/2258 2203/2381 803/895 801/892
f 2200/2380 807/896 803/895 2203/2381
f 2204/2258 801/892 798/887 2078/2255
f 2205/2382 2201/2379 2206/2383 2207/2384
f 2201/2379 2198/2376 2209/2385 2206/2383
f 2207/2384 2206/2383 2208/2386 2216/2387
f 2206/2383 2209/2385 2210/2388 2208/2386
f 2209/2385 2211/2389 2212/2390 2210/2388
f 2196/2374 2211/2389 2209/2385 2198/2376
f 2214/2391 2212/2390 2211/2389 2213/2392
f 2196/2374 2194/2372 2213/2392 2211/2389
f 2215/2367 2214/2391 2213/2392 2187/2368
f 2189/2369 2187/2368 2213/2392 2194/2372
f 846/949 843/943 2214/2391 2215/2367
f 843/943 839/939 2212/2390 2214/2391
f 848/953 846/949 2215/2367 2186/2364
f 2210/2388 2212/2390 839/939 836/935
f 2208/2386 2210/2388 836/935 833/933
f 2216/2387 2208/2386 833/933 831/927
f 813/904 2207/2384 2216/2387 2217/907
f 2217/907 2216/2387 831/927 827/923
f 812/905 2217/907 827/923 820/913
f 2205/2382 2207/2384 813/904 810/901
f 2205/2382 810/901 807/896 2200/2380
f 851/955 848/953 2186/2364 2184/2297
f 855/959 851/955 2184/2297 2112/2296
f 2080/2260 2069/2247 2067/2245 2087/2267
f 2078/2255 798/887 794/886 2075/2253
f 2073/2252 2075/2253 794/886 792/883
f 2073/2252 792/883 789/880 2218/2221
f 2218/2221 789/880 786/877 2041/2218
f 2041/2218 786/877 783/874 2039/2215
f 2037/2216 2039/2215 783/874 780/871
f 2219/2206 2037/2216 780/871 777/868
f 2027/2202 2219/2206 777/868 774/863
f 2027/2202 774/863 770/862 2025/2201
f 2023/2200 2025/2201 770/862 768/859
f 2220/833 2023/2200 768/859 765/854
f 2220/833 765/854 761/853 741/831
f 744/832 741/831 761/853 755/846
f 2582/2393 2353/2394 2478/2395 2590/2396
f 2411/2397 2380/2398 2505/2399 2534/2400
f 2435/2401 2377/2402 2502/2403 2558/2404
f 2272/2405 2232/2406 2221/2407 2237/2408
f 2271/2409 2233/2410 2222/2411 2238/2412
f 2270/2413 2235/2414 2223/2415 2239/2416
f 2269/2417 2236/2418 2224/2419 2240/2420
f 2594/2421 2372/2422 2446/2423 2595/2424
f 2597/2425 2375/2426 2437/2427 2598/2428
f 2266/2429 2244/2430 2226/2431 2245/2432
f 2265/2433 2243/2434 2225/2435 2246/2436
f 2408/2437 2383/2438 2508/2439 2531/2440
f 2429/2441 2392/2442 2517/2443 2552/2444
f 2262/2445 2249/2446 2228/2447 2251/2448
f 2261/2449 2248/2450 2227/2451 2252/2452
f 2426/2453 2398/2454 2523/2455 2549/2456
f 2259/2457 2254/2458 2230/2459 2256/2460
f 2258/2461 2253/2462 2229/2463 2257/2464
f 2402/2465 2395/2466 2520/2467 2525/2468
f 2616/2469 2332/2470 2457/2471 2624/2472
f 2423/2473 2365/2474 2490/2475 2546/2476
f 2253/2462 2259/2457 2256/2460 2229/2463
f 2419/2477 2366/2478 2253/2462 2258/2461
f 2405/2479 2368/2480 2493/2481 2528/2482
f 2254/2458 2260/2483 2255/2484 2230/2459
f 2422/2485 2369/2486 2254/2458 2259/2457
f 2453/2487 2339/2488 2464/2489 2576/2490
f 2417/2491 2389/2492 2514/2493 2540/2494
f 2632/2495 2272/2405 2237/2408 2630/2496
f 2237/2408 2221/2407 2248/2450 2261/2449
f 2248/2450 2262/2445 2251/2448 2227/2451
f 2221/2407 2239/2416 2262/2445 2248/2450
f 2239/2416 2223/2415 2249/2446 2262/2445
f 2249/2446 2263/2497 2250/2498 2228/2447
f 2223/2415 2241/2499 2263/2497 2249/2446
f 2447/2500 2371/2501 2496/2502 2570/2503
f 2244/2430 2264/2504 2247/2505 2226/2431
f 2224/2419 2242/2506 2264/2504 2244/2430
f 2438/2507 2374/2508 2499/2509 2561/2510
f 2414/2511 2386/2512 2511/2513 2537/2514
f 2629/2515 2271/2409 2238/2412 2627/2516
f 2238/2412 2222/2411 2243/2434 2265/2433
f 2243/2434 2266/2429 2245/2432 2225/2435
f 2222/2411 2240/2420 2266/2429 2243/2434
f 2240/2420 2224/2419 2244/2430 2266/2429
f 2236/2418 2267/2517 2242/2506 2224/2419
f 2228/2447 2250/2498 2267/2517 2236/2418
f 2595/2424 2446/2423 2393/2518 2600/2519
f 2235/2414 2268/2520 2241/2499 2223/2415
f 2230/2459 2255/2484 2268/2520 2235/2414
f 2591/2521 2452/2522 2399/2523 2601/2524
f 2233/2410 2269/2417 2240/2420 2222/2411
f 2227/2451 2251/2448 2269/2417 2233/2410
f 2251/2448 2228/2447 2236/2418 2269/2417
f 2232/2406 2270/2413 2239/2416 2221/2407
f 2229/2463 2256/2460 2270/2413 2232/2406
f 2256/2460 2230/2459 2235/2414 2270/2413
f 2444/2525 2359/2526 2484/2527 2567/2528
f 2631/2529 2261/2449 2252/2452 2634/2530
f 2252/2452 2227/2451 2233/2410 2271/2409
f 2450/2531 2362/2532 2487/2533 2573/2534
f 2625/2535 2258/2461 2257/2464 2635/2536
f 2257/2464 2229/2463 2232/2406 2272/2405
f 2274/2537 2231/2538 2381/2539 2410/2540
f 2225/2435 2245/2432 2273/2541 2231/2538
f 2245/2432 2226/2431 2234/2542 2273/2541
f 2441/2543 2346/2544 2471/2545 2564/2546
f 2628/2547 2265/2433 2246/2436 2633/2548
f 2246/2436 2225/2435 2231/2538 2274/2537
f 2273/2541 2234/2542 2378/2549 2434/2550
f 2226/2431 2247/2505 2275/2551 2234/2542
f 2598/2428 2437/2427 2384/2552 2599/2553
f 2638/2554 2639/2555 2320/2556 2293/2557
f 2609/2558 2610/2559 2507/2560 2562/2561
f 2286/2562 2504/2563 2559/2564 2328/2565
f 2327/2566 2292/2567 2276/2568 2287/2569
f 2326/2570 2293/2557 2277/2571 2288/2572
f 2325/2573 2294/2574 2278/2575 2290/2576
f 2324/2577 2295/2578 2279/2579 2291/2580
f 2605/2581 2606/2582 2571/2583 2495/2584
f 2608/2585 2609/2558 2562/2561 2498/2586
f 2321/2587 2300/2588 2281/2589 2299/2590
f 2320/2556 2301/2591 2280/2592 2298/2593
f 2610/2559 2603/2594 2532/2595 2507/2560
f 2611/2596 2607/2597 2553/2598 2516/2599
f 2317/2600 2306/2601 2283/2602 2304/2603
f 2316/2604 2307/2605 2282/2606 2303/2607
f 2612/2608 2604/2609 2550/2610 2522/2611
f 2314/2612 2311/2613 2285/2614 2309/2615
f 2313/2616 2312/2617 2284/2618 2308/2619
f 2602/2620 2612/2608 2522/2611 2577/2621
f 2585/2622 2602/2620 2577/2621 2463/2623
f 2489/2624 2308/2619 2314/2612 2547/2625
f 2308/2619 2284/2618 2311/2613 2314/2612
f 2547/2625 2314/2612 2309/2615 2492/2626
f 2492/2626 2309/2615 2315/2627 2529/2628
f 2309/2615 2285/2614 2310/2629 2315/2627
f 2604/2609 2605/2581 2495/2584 2550/2610
f 2637/2630 2619/2631 2535/2632 2329/2633
f 2606/2582 2611/2596 2516/2599 2571/2583
f 2643/2634 2641/2635 2292/2567 2327/2566
f 2292/2567 2316/2604 2303/2607 2276/2568
f 2303/2607 2282/2606 2306/2601 2317/2600
f 2276/2568 2303/2607 2317/2600 2294/2574
f 2294/2574 2317/2600 2304/2603 2278/2575
f 2304/2603 2283/2602 2305/2636 2318/2637
f 2278/2575 2304/2603 2318/2637 2296/2638
f 2607/2597 2608/2585 2498/2586 2553/2598
f 2299/2590 2281/2589 2302/2639 2319/2640
f 2279/2579 2299/2590 2319/2640 2297/2641
f 2289/2642 2501/2643 2556/2644 2330/2645
f 2645/2646 2640/2647 2326/2570 2307/2605
f 2640/2647 2638/2554 2293/2557 2326/2570
f 2293/2557 2320/2556 2298/2593 2277/2571
f 2298/2593 2280/2592 2300/2588 2321/2587
f 2277/2571 2298/2593 2321/2587 2295/2578
f 2295/2578 2321/2587 2299/2590 2279/2579
f 2291/2580 2279/2579 2297/2641 2322/2648
f 2283/2602 2291/2580 2322/2648 2305/2636
f 2646/2649 2643/2634 2327/2566 2312/2617
f 2290/2576 2278/2575 2296/2638 2323/2650
f 2285/2614 2290/2576 2323/2650 2310/2629
f 2288/2572 2277/2571 2295/2578 2324/2577
f 2282/2606 2288/2572 2324/2577 2306/2601
f 2306/2601 2324/2577 2291/2580 2283/2602
f 2287/2569 2276/2568 2294/2574 2325/2573
f 2284/2618 2287/2569 2325/2573 2311/2613
f 2311/2613 2325/2573 2290/2576 2285/2614
f 2641/2635 2642/2651 2316/2604 2292/2567
f 2642/2651 2645/2646 2307/2605 2316/2604
f 2307/2605 2326/2570 2288/2572 2282/2606
f 2544/2652 2313/2616 2308/2619 2489/2624
f 2636/2653 2646/2649 2312/2617 2313/2616
f 2312/2617 2327/2566 2287/2569 2284/2618
f 2329/2633 2535/2632 2504/2563 2286/2562
f 2280/2592 2286/2562 2328/2565 2300/2588
f 2300/2588 2328/2565 2289/2642 2281/2589
f 2603/2594 2588/2654 2477/2655 2532/2595
f 2639/2555 2644/2656 2301/2591 2320/2556
f 2301/2591 2329/2633 2286/2562 2280/2592
f 2328/2565 2559/2564 2501/2643 2289/2642
f 2281/2589 2289/2642 2330/2645 2302/2639
f 2644/2656 2637/2630 2329/2633 2301/2591
f 2618/2657 2419/2477 2258/2461 2625/2535
f 2581/2658 2340/2659 2452/2522 2591/2521
f 2592/2660 2407/2661 2354/2662 2584/2663
f 2626/2664 2274/2537 2410/2540 2615/2665
f 2627/2516 2238/2412 2265/2433 2628/2547
f 2630/2496 2237/2408 2261/2449 2631/2529
f 2366/2478 2422/2485 2259/2457 2253/2462
f 2369/2486 2404/2666 2260/2483 2254/2458
f 2593/2667 2425/2668 2372/2422 2594/2421
f 2596/2669 2428/2670 2375/2426 2597/2425
f 2234/2542 2275/2551 2431/2671 2378/2549
f 2231/2538 2273/2541 2434/2550 2381/2539
f 2599/2553 2384/2552 2407/2661 2592/2660
f 2633/2548 2246/2436 2274/2537 2626/2664
f 2634/2530 2252/2452 2271/2409 2629/2515
f 2600/2519 2393/2518 2428/2670 2596/2669
f 2635/2536 2257/2464 2272/2405 2632/2495
f 2601/2524 2399/2523 2425/2668 2593/2667
f 2398/2454 2453/2487 2576/2490 2523/2455
f 2371/2501 2426/2453 2549/2456 2496/2502
f 2386/2512 2441/2543 2564/2546 2511/2513
f 2383/2438 2438/2507 2561/2510 2508/2439
f 2389/2492 2444/2525 2567/2528 2514/2493
f 2392/2442 2447/2500 2570/2503 2517/2443
f 2579/2672 2405/2479 2528/2482 2587/2673
f 2368/2480 2423/2473 2546/2476 2493/2481
f 2622/2674 2636/2653 2313/2616 2544/2652
f 2395/2466 2450/2531 2573/2534 2520/2467
f 2359/2526 2414/2511 2537/2514 2484/2527
f 2380/2398 2435/2401 2558/2404 2505/2399
f 2377/2402 2432/2675 2555/2676 2502/2403
f 2352/2677 2408/2437 2531/2440 2476/2678
f 2362/2532 2417/2491 2540/2494 2487/2533
f 2374/2508 2429/2441 2552/2444 2499/2509
f 2365/2474 2420/2679 2543/2680 2490/2475
f 2613/2681 2411/2397 2534/2400 2621/2682
f 2331/2683 2334/2684 2335/2685 2337/2686
f 2332/2470 2336/2687 2335/2688 2334/2689
f 2333/2690 2337/2691 2335/2692 2336/2693
f 2338/2694 2341/2695 2342/2696 2344/2697
f 2339/2488 2343/2698 2342/2699 2341/2700
f 2340/2659 2344/2701 2342/2702 2343/2703
f 2345/2704 2348/2705 2349/2706 2351/2707
f 2346/2544 2350/2708 2349/2709 2348/2710
f 2347/2711 2351/2712 2349/2713 2350/2714
f 2352/2677 2355/2715 2356/2716 2358/2717
f 2353/2394 2357/2718 2356/2719 2355/2720
f 2354/2662 2358/2721 2356/2722 2357/2723
f 2455/2724 2458/2725 2459/2726 2461/2727
f 2456/2728 2460/2729 2459/2730 2458/2731
f 2457/2471 2461/2732 2459/2733 2460/2734
f 2462/2735 2465/2736 2466/2737 2468/2738
f 2463/2623 2467/2739 2466/2740 2465/2741
f 2464/2489 2468/2742 2466/2743 2467/2744
f 2469/2745 2472/2746 2473/2747 2475/2748
f 2470/2749 2474/2750 2473/2751 2472/2752
f 2471/2545 2475/2753 2473/2754 2474/2755
f 2476/2678 2479/2756 2480/2757 2482/2758
f 2477/2655 2481/2759 2480/2760 2479/2761
f 2478/2395 2482/2762 2480/2763 2481/2764
f 2402/2465 2331/2683 2337/2686 2403/2765
f 2403/2766 2337/2691 2333/2690 2401/2767
f 2579/2672 2338/2694 2344/2697 2580/2768
f 2580/2769 2344/2701 2340/2659 2581/2658
f 2408/2437 2352/2677 2358/2717 2409/2770
f 2409/2771 2358/2721 2354/2662 2407/2661
f 2613/2681 2345/2704 2351/2707 2614/2772
f 2614/2773 2351/2712 2347/2711 2615/2665
f 2414/2511 2359/2526 2361/2774 2415/2775
f 2415/2776 2361/2777 2360/2778 2413/2779
f 2417/2491 2362/2532 2364/2780 2418/2781
f 2418/2782 2364/2783 2363/2784 2416/2785
f 2420/2679 2365/2474 2367/2786 2421/2787
f 2421/2788 2367/2789 2366/2478 2419/2477
f 2423/2473 2368/2480 2370/2790 2424/2791
f 2424/2792 2370/2793 2369/2486 2422/2485
f 2426/2453 2371/2501 2373/2794 2427/2795
f 2427/2796 2373/2797 2372/2422 2425/2668
f 2429/2441 2374/2508 2376/2798 2430/2799
f 2430/2800 2376/2801 2375/2426 2428/2670
f 2432/2675 2377/2402 2379/2802 2433/2803
f 2433/2804 2379/2805 2378/2549 2431/2671
f 2435/2401 2380/2398 2382/2806 2436/2807
f 2436/2808 2382/2809 2381/2539 2434/2550
f 2438/2507 2383/2438 2385/2810 2439/2811
f 2439/2812 2385/2813 2384/2552 2437/2427
f 2441/2543 2386/2512 2388/2814 2442/2815
f 2442/2816 2388/2817 2387/2818 2440/2819
f 2444/2525 2389/2492 2391/2820 2445/2821
f 2445/2822 2391/2823 2390/2824 2443/2825
f 2447/2500 2392/2442 2394/2826 2448/2827
f 2448/2828 2394/2829 2393/2518 2446/2423
f 2450/2531 2395/2466 2397/2830 2451/2831
f 2451/2832 2397/2833 2396/2834 2449/2835
f 2453/2487 2398/2454 2400/2836 2454/2837
f 2454/2838 2400/2839 2399/2523 2452/2522
f 2395/2466 2402/2465 2403/2765 2397/2830
f 2397/2833 2403/2766 2401/2767 2396/2834
f 2368/2480 2405/2479 2406/2840 2370/2790
f 2370/2793 2406/2841 2404/2666 2369/2486
f 2383/2438 2408/2437 2409/2770 2385/2810
f 2385/2813 2409/2771 2407/2661 2384/2552
f 2380/2398 2411/2397 2412/2842 2382/2806
f 2382/2809 2412/2843 2410/2540 2381/2539
f 2386/2512 2414/2511 2415/2775 2388/2814
f 2388/2817 2415/2776 2413/2779 2387/2818
f 2389/2492 2417/2491 2418/2781 2391/2820
f 2391/2823 2418/2782 2416/2785 2390/2824
f 2616/2469 2420/2679 2421/2787 2617/2844
f 2617/2845 2421/2788 2419/2477 2618/2657
f 2365/2474 2423/2473 2424/2791 2367/2786
f 2367/2789 2424/2792 2422/2485 2366/2478
f 2398/2454 2426/2453 2427/2795 2400/2836
f 2400/2839 2427/2796 2425/2668 2399/2523
f 2392/2442 2429/2441 2430/2799 2394/2826
f 2394/2829 2430/2800 2428/2670 2393/2518
f 2582/2393 2432/2675 2433/2803 2583/2846
f 2583/2847 2433/2804 2431/2671 2584/2663
f 2377/2402 2435/2401 2436/2807 2379/2802
f 2379/2805 2436/2808 2434/2550 2378/2549
f 2374/2508 2438/2507 2439/2811 2376/2798
f 2376/2801 2439/2812 2437/2427 2375/2426
f 2346/2544 2441/2543 2442/2815 2350/2708
f 2350/2714 2442/2816 2440/2819 2347/2711
f 2359/2526 2444/2525 2445/2821 2361/2774
f 2361/2777 2445/2822 2443/2825 2360/2778
f 2371/2501 2447/2500 2448/2827 2373/2794
f 2373/2797 2448/2828 2446/2423 2372/2422
f 2362/2532 2450/2531 2451/2831 2364/2780
f 2364/2783 2451/2832 2449/2835 2363/2784
f 2339/2488 2453/2487 2454/2837 2343/2698
f 2343/2703 2454/2838 2452/2522 2340/2659
f 2526/2848 2456/2728 2458/2731 2527/2849
f 2527/2850 2458/2725 2455/2724 2525/2468
f 2585/2622 2463/2623 2465/2741 2586/2851
f 2586/2852 2465/2736 2462/2735 2587/2673
f 2532/2595 2477/2655 2479/2761 2533/2853
f 2533/2854 2479/2756 2476/2678 2531/2440
f 2619/2631 2470/2749 2472/2752 2620/2855
f 2620/2856 2472/2746 2469/2745 2621/2682
f 2538/2857 2483/2858 2485/2859 2539/2860
f 2539/2861 2485/2862 2484/2527 2537/2514
f 2541/2863 2486/2864 2488/2865 2542/2866
f 2542/2867 2488/2868 2487/2533 2540/2494
f 2544/2652 2489/2624 2491/2869 2545/2870
f 2545/2871 2491/2872 2490/2475 2543/2680
f 2547/2625 2492/2626 2494/2873 2548/2874
f 2548/2875 2494/2876 2493/2481 2546/2476
f 2550/2610 2495/2584 2497/2877 2551/2878
f 2551/2879 2497/2880 2496/2502 2549/2456
f 2553/2598 2498/2586 2500/2881 2554/2882
f 2554/2883 2500/2884 2499/2509 2552/2444
f 2556/2644 2501/2643 2503/2885 2557/2886
f 2557/2887 2503/2888 2502/2403 2555/2676
f 2559/2564 2504/2563 2506/2889 2560/2890
f 2560/2891 2506/2892 2505/2399 2558/2404
f 2562/2561 2507/2560 2509/2893 2563/2894
f 2563/2895 2509/2896 2508/2439 2561/2510
f 2565/2897 2510/2898 2512/2899 2566/2900
f 2566/2901 2512/2902 2511/2513 2564/2546
f 2568/2903 2513/2904 2515/2905 2569/2906
f 2569/2907 2515/2908 2514/2493 2567/2528
f 2571/2583 2516/2599 2518/2909 2572/2910
f 2572/2911 2518/2912 2517/2443 2570/2503
f 2574/2913 2519/2914 2521/2915 2575/2916
f 2575/2917 2521/2918 2520/2467 2573/2534
f 2577/2621 2522/2611 2524/2919 2578/2920
f 2578/2921 2524/2922 2523/2455 2576/2490
f 2519/2914 2526/2848 2527/2849 2521/2915
f 2521/2918 2527/2850 2525/2468 2520/2467
f 2492/2626 2529/2628 2530/2923 2494/2873
f 2494/2876 2530/2924 2528/2482 2493/2481
f 2507/2560 2532/2595 2533/2853 2509/2893
f 2509/2896 2533/2854 2531/2440 2508/2439
f 2504/2563 2535/2632 2536/2925 2506/2889
f 2506/2892 2536/2926 2534/2400 2505/2399
f 2510/2898 2538/2857 2539/2860 2512/2899
f 2512/2902 2539/2861 2537/2514 2511/2513
f 2513/2904 2541/2863 2542/2866 2515/2905
f 2515/2908 2542/2867 2540/2494 2514/2493
f 2622/2674 2544/2652 2545/2870 2623/2927
f 2623/2928 2545/2871 2543/2680 2624/2472
f 2489/2624 2547/2625 2548/2874 2491/2869
f 2491/2872 2548/2875 2546/2476 2490/2475
f 2522/2611 2550/2610 2551/2878 2524/2919
f 2524/2922 2551/2879 2549/2456 2523/2455
f 2516/2599 2553/2598 2554/2882 2518/2909
f 2518/2912 2554/2883 2552/2444 2517/2443
f 2588/2654 2556/2644 2557/2886 2589/2929
f 2589/2930 2557/2887 2555/2676 2590/2396
f 2501/2643 2559/2564 2560/2890 2503/2885
f 2503/2888 2560/2891 2558/2404 2502/2403
f 2498/2586 2562/2561 2563/2894 2500/2881
f 2500/2884 2563/2895 2561/2510 2499/2509
f 2470/2749 2565/2897 2566/2900 2474/2750
f 2474/2755 2566/2901 2564/2546 2471/2545
f 2483/2858 2568/2903 2569/2906 2485/2859
f 2485/2862 2569/2907 2567/2528 2484/2527
f 2495/2584 2571/2583 2572/2910 2497/2877
f 2497/2880 2572/2911 2570/2503 2496/2502
f 2486/2864 2574/2913 2575/2916 2488/2865
f 2488/2868 2575/2917 2573/2534 2487/2533
f 2463/2623 2577/2621 2578/2920 2467/2739
f 2467/2744 2578/2921 2576/2490 2464/2489
f 2331/2683 2455/2724 2461/2727 2334/2684
f 2334/2689 2461/2732 2457/2471 2332/2470
f 2338/2694 2462/2735 2468/2738 2341/2695
f 2341/2700 2468/2742 2464/2489 2339/2488
f 2345/2704 2469/2745 2475/2748 2348/2705
f 2348/2710 2475/2753 2471/2545 2346/2544
f 2352/2677 2476/2678 2482/2758 2355/2715
f 2355/2720 2482/2762 2478/2395 2353/2394
f 2331/2683 2402/2465 2525/2468 2455/2724
f 2481/2764 2589/2930 2590/2396 2478/2395
f 2477/2655 2588/2654 2589/2929 2481/2759
f 2530/2924 2586/2852 2587/2673 2528/2482
f 2529/2628 2585/2622 2586/2851 2530/2923
f 2357/2723 2583/2847 2584/2663 2354/2662
f 2353/2394 2582/2393 2583/2846 2357/2718
f 2406/2841 2580/2769 2581/2658 2404/2666
f 2405/2479 2579/2672 2580/2768 2406/2840
f 2338/2694 2579/2672 2587/2673 2462/2735
f 2255/2484 2601/2524 2593/2667 2268/2520
f 2250/2498 2600/2519 2596/2669 2267/2517
f 2247/2505 2599/2553 2592/2660 2275/2551
f 2267/2517 2596/2669 2597/2425 2242/2506
f 2268/2520 2593/2667 2594/2421 2241/2499
f 2275/2551 2592/2660 2584/2663 2431/2671
f 2404/2666 2581/2658 2591/2521 2260/2483
f 2330/2645 2556/2644 2588/2654 2603/2594
f 2322/2648 2297/2641 2608/2585 2607/2597
f 2318/2637 2305/2636 2611/2596 2606/2582
f 2323/2650 2296/2638 2605/2581 2604/2609
f 2529/2628 2315/2627 2602/2620 2585/2622
f 2315/2627 2310/2629 2612/2608 2602/2620
f 2310/2629 2323/2650 2604/2609 2612/2608
f 2305/2636 2322/2648 2607/2597 2611/2596
f 2302/2639 2330/2645 2603/2594 2610/2559
f 2297/2641 2319/2640 2609/2558 2608/2585
f 2296/2638 2318/2637 2606/2582 2605/2581
f 2319/2640 2302/2639 2610/2559 2609/2558
f 2264/2504 2598/2428 2599/2553 2247/2505
f 2260/2483 2591/2521 2601/2524 2255/2484
f 2263/2497 2595/2424 2600/2519 2250/2498
f 2242/2506 2597/2425 2598/2428 2264/2504
f 2241/2499 2594/2421 2595/2424 2263/2497
f 2432/2675 2582/2393 2590/2396 2555/2676
f 2460/2734 2623/2928 2624/2472 2457/2471
f 2456/2728 2622/2674 2623/2927 2460/2729
f 2536/2926 2620/2856 2621/2682 2534/2400
f 2535/2632 2619/2631 2620/2855 2536/2925
f 2336/2693 2617/2845 2618/2657 2333/2690
f 2332/2470 2616/2469 2617/2844 2336/2687
f 2412/2843 2614/2773 2615/2665 2410/2540
f 2411/2397 2613/2681 2614/2772 2412/2842
f 2345/2704 2613/2681 2621/2682 2469/2745
f 2456/2728 2526/2848 2636/2653 2622/2674
f 2396/2834 2635/2536 2632/2495 2449/2835
f 2390/2824 2634/2530 2629/2515 2443/2825
f 2387/2818 2633/2548 2626/2664 2440/2819
f 2363/2784 2630/2496 2631/2529 2416/2785
f 2360/2778 2627/2516 2628/2547 2413/2779
f 2440/2819 2626/2664 2615/2665 2347/2711
f 2333/2690 2618/2657 2625/2535 2401/2767
f 2510/2898 2565/2897 2637/2630 2644/2656
f 2538/2857 2510/2898 2644/2656 2639/2555
f 2526/2848 2519/2914 2646/2649 2636/2653
f 2541/2863 2513/2904 2645/2646 2642/2651
f 2486/2864 2541/2863 2642/2651 2641/2635
f 2519/2914 2574/2913 2643/2634 2646/2649
f 2568/2903 2483/2858 2638/2554 2640/2647
f 2513/2904 2568/2903 2640/2647 2645/2646
f 2574/2913 2486/2864 2641/2635 2643/2634
f 2565/2897 2470/2749 2619/2631 2637/2630
f 2483/2858 2538/2857 2639/2555 2638/2554
f 2413/2779 2628/2547 2633/2548 2387/2818
f 2401/2767 2625/2535 2635/2536 2396/2834
f 2416/2785 2631/2529 2634/2530 2390/2824
f 2443/2825 2629/2515 2627/2516 2360/2778
f 2449/2835 2632/2495 2630/2496 2363/2784
f 2420/2679 2616/2469 2624/2472 2543/2680
f 2647/2931 2648/2932 2740/2933 2649/2934
f 2648/2932 2647/2931 2651/2935 2653/2936
f 2650/2937 2647/2931 2649/2934 2738/2938
f 2647/2931 2650/2937 2654/2939 2651/2935
f 2652/2940 3403/2941 2653/2936 2651/2935
f 2655/2942 2652/2940 2651/2935 2654/2939
f 2657/2943 2655/2942 2654/2939 2656/2944
f 2650/2937 2659/2945 2656/2944 2654/2939
f 3404/2946 2657/2943 2656/2944 2658/2947
f 2659/2945 2661/2948 2658/2947 2656/2944
f 2659/2945 2650/2937 2738/2938 2660/2949
f 2661/2948 2659/2945 2660/2949 2663/2950
f 2661/2948 2662/2951 3405/2952 2658/2947
f 2662/2951 2661/2948 2663/2950 2664/2953
f 2664/2953 2663/2950 2665/2954 2666/2955
f 2663/2950 2660/2949 2667/2956 2665/2954
f 2666/2955 2665/2954 2668/2957 2669/2958
f 2665/2954 2667/2956 2670/2959 2668/2957
f 2669/2958 2668/2957 2671/2960 2672/2961
f 2668/2957 2670/2959 2673/2962 2671/2960
f 2672/2961 2671/2960 2674/2963 2675/2964
f 2671/2960 2673/2962 2676/2965 2674/2963
f 2675/2964 2674/2963 2677/2966 2678/2967
f 2674/2963 2676/2965 2679/2968 2677/2966
f 2678/2967 2677/2966 2680/2969 2681/2970
f 2677/2966 2679/2968 2682/2971 2680/2969
f 2681/2970 2680/2969 2683/2972 2684/2973
f 2680/2969 2682/2971 2685/2974 2683/2972
f 2684/2973 2683/2972 2686/2975 2687/2976
f 2683/2972 2685/2974 2688/2977 2686/2975
f 2687/2976 2686/2975 2689/2978 2690/2979
f 2686/2975 2688/2977 2691/2980 2689/2978
f 2690/2979 2689/2978 2692/2981 2693/2982
f 2689/2978 2691/2980 2694/2983 2692/2981
f 2693/2982 2692/2981 2695/2984 2696/2985
f 2692/2981 2694/2983 2697/2986 2695/2984
f 2696/2985 2695/2984 2698/2987 2700/2988
f 2695/2984 2697/2986 2699/2989 2698/2987
f 2698/2987 2699/2989 2702/2990 2701/2991
f 2700/2988 2698/2987 2701/2991 2703/2992
f 2701/2991 2702/2990 2707/2993 2704/2994
f 2703/2992 2701/2991 2704/2994 2706/2995
f 2705/2996 2793/2997 2706/2995 2704/2994
f 2708/2998 2705/2996 2704/2994 2707/2993
f 2710/2999 2708/2998 2707/2993 2709/3000
f 2702/2990 2712/3001 2709/3000 2707/2993
f 2779/3002 2710/2999 2709/3000 2711/3003
f 2712/3001 2713/3004 2711/3003 2709/3000
f 2714/3005 2715/3006 2713/3004 2712/3001
f 2699/2989 2714/3005 2712/3001 2702/2990
f 2716/3007 2717/3008 2715/3006 2714/3005
f 2697/2986 2716/3007 2714/3005 2699/2989
f 2694/2983 2718/3009 2716/3007 2697/2986
f 2718/3009 2719/3010 2717/3008 2716/3007
f 2691/2980 2720/3011 2718/3009 2694/2983
f 2720/3011 2721/3012 2719/3010 2718/3009
f 2688/2977 2722/3013 2720/3011 2691/2980
f 2722/3013 2723/3014 2721/3012 2720/3011
f 2685/2974 2724/3015 2722/3013 2688/2977
f 2724/3015 2725/3016 2723/3014 2722/3013
f 2682/2971 2726/3017 2724/3015 2685/2974
f 2726/3017 2727/3018 2725/3016 2724/3015
f 2679/2968 2728/3019 2726/3017 2682/2971
f 2728/3019 2729/3020 2727/3018 2726/3017
f 2676/2965 2730/3021 2728/3019 2679/2968
f 2730/3021 2731/3022 2729/3020 2728/3019
f 2673/2962 2732/3023 2730/3021 2676/2965
f 2732/3023 2733/3024 2731/3022 2730/3021
f 2670/2959 2734/3025 2732/3023 2673/2962
f 2734/3025 2735/3026 2733/3024 2732/3023
f 2667/2956 2736/3027 2734/3025 2670/2959
f 2736/3027 2737/3028 2735/3026 2734/3025
f 2660/2949 2738/2938 2736/3027 2667/2956
f 2738/2938 2649/2934 2737/3028 2736/3027
f 2649/2934 2740/2933 2739/3029 2737/3028
f 2737/3028 2739/3029 2741/3030 2735/3026
f 2739/3029 2740/2933 2744/3031 2742/3032
f 2741/3030 2739/3029 2742/3032 2745/3033
f 2968/3034 2743/3035 2742/3032 2744/3031
f 2743/3035 2746/3036 2745/3033 2742/3032
f 2746/3036 2748/3037 2747/3038 2745/3033
f 2750/3039 2741/3030 2745/3033 2747/3038
f 2748/3037 2980/3040 2749/3041 2747/3038
f 2751/3042 2750/3039 2747/3038 2749/3041
f 2735/3026 2741/3030 2750/3039 2733/3024
f 2733/3024 2750/3039 2751/3042 2731/3022
f 2731/3022 2751/3042 2752/3043 2729/3020
f 2752/3043 2751/3042 2749/3041 2754/3044
f 2729/3020 2752/3043 2753/3045 2727/3018
f 2753/3045 2752/3043 2754/3044 2756/3046
f 2980/3040 2755/3047 2754/3044 2749/3041
f 2755/3047 2757/3048 2756/3046 2754/3044
f 2757/3048 2759/3049 2758/3050 2756/3046
f 2761/3051 2753/3045 2756/3046 2758/3050
f 2759/3049 2992/3052 2760/3053 2758/3050
f 2762/3054 2761/3051 2758/3050 2760/3053
f 2727/3018 2753/3045 2761/3051 2725/3016
f 2725/3016 2761/3051 2762/3054 2723/3014
f 2723/3014 2762/3054 2763/3055 2721/3012
f 2763/3055 2762/3054 2760/3053 2765/3056
f 2721/3012 2763/3055 2764/3057 2719/3010
f 2764/3057 2763/3055 2765/3056 2767/3058
f 2992/3052 2766/3059 2765/3056 2760/3053
f 2766/3059 2768/3060 2767/3058 2765/3056
f 2768/3060 2770/3061 2769/3062 2767/3058
f 2772/3063 2764/3057 2767/3058 2769/3062
f 2770/3061 2778/3064 2771/3065 2769/3062
f 2773/3066 2772/3063 2769/3062 2771/3065
f 2717/3008 2772/3063 2773/3066 2715/3006
f 2719/3010 2764/3057 2772/3063 2717/3008
f 2715/3006 2773/3066 2774/3067 2713/3004
f 2774/3067 2773/3066 2771/3065 2775/3068
f 2713/3004 2774/3067 2775/3068 2711/3003
f 2778/3064 2776/3069 2775/3068 2771/3065
f 2776/3069 2779/3002 2711/3003 2775/3068
f 3002/3070 2777/3071 2776/3072 2778/3073
f 2777/3074 2780/3075 2779/3076 2776/3077
f 2780/3075 2781/3078 2710/3079 2779/3076
f 2780/3075 2777/3074 2784/3080 2782/3081
f 2781/3078 2780/3075 2782/3081 2785/3082
f 3004/3083 2783/3084 2782/3081 2784/3080
f 2783/3084 2786/3085 2785/3082 2782/3081
f 2786/3085 2788/3086 2787/3087 2785/3082
f 2790/3088 2781/3078 2785/3082 2787/3087
f 2788/3086 3017/3089 2789/3090 2787/3087
f 2791/3091 2790/3088 2787/3087 2789/3090
f 2781/3078 2790/3088 2708/3092 2710/3079
f 2790/3088 2791/3091 2705/3093 2708/3092
f 2791/3091 2792/3094 2793/3095 2705/3093
f 2792/3094 2791/3091 2789/3090 2795/3096
f 2792/3094 2794/3097 3684/3098 2793/3095
f 2794/3097 2792/3094 2795/3096 2797/3099
f 2796/3100 2798/3101 2797/3099 2795/3096
f 3017/3089 2796/3100 2795/3096 2789/3090
f 2798/3102 2800/3103 2799/3104 2797/3105
f 2802/3106 2794/3107 2797/3105 2799/3104
f 2800/3103 3310/3108 2801/3109 2799/3104
f 2804/3110 2802/3106 2799/3104 2801/3109
f 2794/3107 2802/3106 2803/3111 3684/3112
f 2802/3106 2804/3110 2805/3113 2803/3111
f 2804/3110 2806/3114 2807/3115 2805/3113
f 2806/3114 2804/3110 2801/3109 2809/3116
f 2806/3114 2808/3117 3471/3118 2807/3115
f 2808/3117 2806/3114 2809/3116 2811/3119
f 3310/3108 2810/3120 2809/3116 2801/3109
f 2810/3120 2812/3121 2811/3119 2809/3116
f 2812/3121 2814/3122 2813/3123 2811/3119
f 2816/3124 2808/3117 2811/3119 2813/3123
f 2814/3122 3135/3125 2815/3126 2813/3123
f 2818/3127 2816/3124 2813/3123 2815/3126
f 2808/3117 2816/3124 2817/3128 3471/3118
f 2816/3124 2818/3127 2819/3129 2817/3128
f 2818/3127 2820/3130 2821/3131 2819/3129
f 2820/3130 2818/3127 2815/3126 2823/3132
f 2820/3130 2822/3133 3613/3134 2821/3131
f 2822/3133 2820/3130 2823/3132 2825/3135
f 2824/3136 2826/3137 2825/3135 2823/3132
f 3135/3125 2824/3136 2823/3132 2815/3126
f 2826/3138 2828/3139 2827/3140 2825/3141
f 2830/3142 2822/3143 2825/3141 2827/3140
f 2828/3139 3238/3144 2829/3145 2827/3140
f 2832/3146 2830/3142 2827/3140 2829/3145
f 2822/3143 2830/3142 2831/3147 3613/3148
f 2830/3142 2832/3146 2833/3149 2831/3147
f 2832/3146 2834/3150 2835/3151 2833/3149
f 2834/3150 2832/3146 2829/3145 2837/3152
f 2834/3150 2836/3153 3574/3154 2835/3151
f 2836/3153 2834/3150 2837/3152 2839/3155
f 3238/3144 2838/3156 2837/3152 2829/3145
f 2838/3156 2840/3157 2839/3155 2837/3152
f 2840/3157 2842/3158 2841/3159 2839/3155
f 2844/3160 2836/3153 2839/3155 2841/3159
f 2842/3158 3275/3161 2843/3162 2841/3159
f 2846/3163 2844/3160 2841/3159 2843/3162
f 2844/3160 2846/3163 2847/3164 2845/3165
f 2836/3153 2844/3160 2845/3165 3574/3154
f 2846/3166 2848/3167 2849/3168 2847/3169
f 2848/3167 2846/3166 2843/3170 2851/3171
f 2848/3167 2850/3172 3621/3173 2849/3168
f 2850/3172 2848/3167 2851/3171 2853/3174
f 3275/3175 2852/3176 2851/3171 2843/3170
f 2852/3176 2854/3177 2853/3174 2851/3171
f 2854/3177 2856/3178 2855/3179 2853/3174
f 2858/3180 2850/3172 2853/3174 2855/3179
f 2856/3178 3284/3181 2857/3182 2855/3179
f 2860/3183 2858/3180 2855/3179 2857/3182
f 2850/3172 2858/3180 2859/3184 3621/3173
f 2858/3180 2860/3183 2861/3185 2859/3184
f 2860/3183 2862/3186 2863/3187 2861/3185
f 2862/3186 2860/3183 2857/3182 2865/3188
f 2862/3186 2864/3189 3630/3190 2863/3187
f 2864/3189 2862/3186 2865/3188 2867/3191
f 3284/3181 2866/3192 2865/3188 2857/3182
f 2866/3192 2868/3193 2867/3191 2865/3188
f 2868/3193 2870/3194 2869/3195 2867/3191
f 2872/3196 2864/3189 2867/3191 2869/3195
f 2870/3194 3293/3197 2871/3198 2869/3195
f 2874/3199 2872/3196 2869/3195 2871/3198
f 2864/3189 2872/3196 2873/3200 3630/3190
f 2872/3196 2874/3199 2875/3201 2873/3200
f 2874/3199 2876/3202 2877/3203 2875/3201
f 2876/3202 2874/3199 2871/3198 2879/3204
f 2876/3202 2878/3205 3639/3206 2877/3203
f 2878/3205 2876/3202 2879/3204 2881/3207
f 3293/3197 2880/3208 2879/3204 2871/3198
f 2880/3208 2882/3209 2881/3207 2879/3204
f 2882/3209 2884/3210 2883/3211 2881/3207
f 2886/3212 2878/3205 2881/3207 2883/3211
f 2884/3210 3302/3213 2885/3214 2883/3211
f 2888/3215 2886/3212 2883/3211 2885/3214
f 2878/3205 2886/3212 2887/3216 3639/3206
f 2886/3212 2888/3215 2889/3217 2887/3216
f 2888/3215 2890/3218 2891/3219 2889/3217
f 2890/3218 2888/3215 2885/3214 2893/3220
f 2890/3218 2892/3221 3647/3222 2891/3219
f 2892/3221 2890/3218 2893/3220 2895/3223
f 2894/3224 2896/3225 2895/3223 2893/3220
f 3302/3213 2894/3224 2893/3220 2885/3214
f 2896/3226 2898/3227 2897/3228 2895/3229
f 2900/3230 2892/3231 2895/3229 2897/3228
f 2898/3227 3190/3232 2899/3233 2897/3228
f 2902/3234 2900/3230 2897/3228 2899/3233
f 2892/3231 2900/3230 2901/3235 3647/3236
f 2900/3230 2902/3234 2903/3237 2901/3235
f 2902/3234 2904/3238 2905/3239 2903/3237
f 2904/3238 2902/3234 2899/3233 2907/3240
f 2904/3238 2906/3241 3527/3242 2905/3239
f 2906/3241 2904/3238 2907/3240 2909/3243
f 3190/3232 2908/3244 2907/3240 2899/3233
f 2908/3244 2910/3245 2909/3243 2907/3240
f 2910/3245 2912/3246 2911/3247 2909/3243
f 2914/3248 2906/3241 2909/3243 2911/3247
f 2912/3246 3170/3249 2913/3250 2911/3247
f 2916/3251 2914/3248 2911/3247 2913/3250
f 2914/3248 2916/3251 2917/3252 2915/3253
f 2906/3241 2914/3248 2915/3253 3527/3242
f 2916/3254 2918/3255 2919/3256 2917/3257
f 2918/3255 2916/3254 2913/3258 2921/3259
f 2918/3255 2920/3260 3507/3261 2919/3256
f 2920/3260 2918/3255 2921/3259 2923/3262
f 3170/3263 2922/3264 2921/3259 2913/3258
f 2922/3264 2924/3265 2923/3262 2921/3259
f 2924/3265 2926/3266 2925/3267 2923/3262
f 2928/3268 2920/3260 2923/3262 2925/3267
f 2926/3266 3088/3269 2927/3270 2925/3267
f 2930/3271 2928/3268 2925/3267 2927/3270
f 2920/3260 2928/3268 2929/3272 3507/3261
f 2928/3268 2930/3271 2931/3273 2929/3272
f 2930/3271 2932/3274 2933/3275 2931/3273
f 2932/3274 2930/3271 2927/3270 2935/3276
f 2932/3274 2934/3277 3424/3278 2933/3275
f 2934/3277 2932/3274 2935/3276 2937/3279
f 3088/3269 2936/3280 2935/3276 2927/3270
f 2936/3280 2938/3281 2937/3279 2935/3276
f 2938/3281 2940/3282 2939/3283 2937/3279
f 2942/3284 2934/3277 2937/3279 2939/3283
f 2940/3282 3068/3285 2941/3286 2939/3283
f 2944/3287 2942/3284 2939/3283 2941/3286
f 2942/3284 2944/3287 2945/3288 2943/3289
f 2934/3277 2942/3284 2943/3289 3424/3278
f 2944/3290 2946/3291 2947/3292 2945/3293
f 2946/3291 2944/3290 2941/3294 2949/3295
f 2946/3291 2948/3296 3404/3297 2947/3292
f 2948/3296 2946/3291 2949/3295 2951/3298
f 3068/3299 2950/3300 2949/3295 2941/3294
f 2950/3300 2952/3301 2951/3298 2949/3295
f 2952/3301 2954/3302 2953/3303 2951/3298
f 2956/3304 2948/3296 2951/3298 2953/3303
f 2954/3302 3346/3305 2955/3306 2953/3303
f 2957/3307 2956/3304 2953/3303 2955/3306
f 2948/3296 2956/3304 2657/3308 3404/3297
f 2956/3304 2957/3307 2655/3309 2657/3308
f 2957/3307 2958/3310 2652/3311 2655/3309
f 2958/3310 2957/3307 2955/3306 2960/3312
f 2958/3310 2959/3313 3403/3314 2652/3311
f 2959/3313 2958/3310 2960/3312 2962/3315
f 2961/3316 2963/3317 2962/3315 2960/3312
f 3346/3305 2961/3316 2960/3312 2955/3306
f 2963/3318 2965/3319 2964/3320 2962/3321
f 2967/3322 2959/3323 2962/3321 2964/3320
f 2965/3319 3398/3324 2966/3325 2964/3320
f 2969/3326 2967/3322 2964/3320 2966/3325
f 2959/3323 2967/3322 2968/3327 3403/3328
f 2967/3322 2969/3326 2743/3329 2968/3327
f 2969/3326 2970/3330 2746/3331 2743/3329
f 2970/3330 2969/3326 2966/3325 2972/3332
f 2970/3330 2971/3333 2748/3334 2746/3331
f 2971/3333 2970/3330 2972/3332 2974/3335
f 3398/3324 2973/3336 2972/3332 2966/3325
f 2973/3336 2975/3337 2974/3335 2972/3332
f 2975/3337 2977/3338 2976/3339 2974/3335
f 2979/3340 2971/3333 2974/3335 2976/3339
f 2977/3338 3389/3341 2978/3342 2976/3339
f 2981/3343 2979/3340 2976/3339 2978/3342
f 2971/3333 2979/3340 2980/3344 2748/3334
f 2979/3340 2981/3343 2755/3345 2980/3344
f 2981/3343 2982/3346 2757/3347 2755/3345
f 2982/3346 2981/3343 2978/3342 2984/3348
f 2982/3346 2983/3349 2759/3350 2757/3347
f 2983/3349 2982/3346 2984/3348 2986/3351
f 3389/3341 2985/3352 2984/3348 2978/3342
f 2985/3352 2987/3353 2986/3351 2984/3348
f 2987/3353 2989/3354 2988/3355 2986/3351
f 2991/3356 2983/3349 2986/3351 2988/3355
f 2989/3354 3380/3357 2990/3358 2988/3355
f 2993/3359 2991/3356 2988/3355 2990/3358
f 2983/3349 2991/3356 2992/3360 2759/3350
f 2991/3356 2993/3359 2766/3361 2992/3360
f 2993/3359 2994/3362 2768/3363 2766/3361
f 2994/3362 2993/3359 2990/3358 2996/3364
f 2994/3362 2995/3365 2770/3366 2768/3363
f 2995/3365 2994/3362 2996/3364 2998/3367
f 3380/3357 2997/3368 2996/3364 2990/3358
f 2997/3368 2999/3369 2998/3367 2996/3364
f 2999/3369 3001/3370 3000/3371 2998/3367
f 3002/3070 2995/3365 2998/3367 3000/3371
f 3001/3370 3004/3372 2784/3373 3000/3371
f 2777/3071 3002/3070 3000/3371 2784/3373
f 2995/3365 3002/3070 2778/3073 2770/3366
f 3003/3374 3005/3375 3004/3376 3001/3377
f 3376/3378 3003/3374 3001/3377 2999/3379
f 3005/3375 3006/3380 2783/3381 3004/3376
f 3007/3382 3005/3375 3003/3374 3008/3383
f 3009/3384 3006/3380 3005/3375 3007/3382
f 3010/3385 3009/3384 3007/3382 3008/3383
f 3013/3386 3011/3387 3009/3384 3010/3385
f 3011/3387 3014/3388 3006/3380 3009/3384
f 3012/3389 3015/3390 3014/3388 3011/3387
f 3022/3391 3012/3389 3011/3387 3013/3386
f 3014/3388 3015/3390 2788/3392 2786/3393
f 3006/3380 3014/3388 2786/3393 2783/3381
f 3015/3390 3016/3394 3017/3395 2788/3392
f 3019/3396 3016/3394 3015/3390 3012/3389
f 3016/3394 3018/3397 2796/3398 3017/3395
f 3020/3399 3018/3397 3016/3394 3019/3396
f 3021/3400 3019/3396 3012/3389 3022/3391
f 3023/3401 3020/3399 3019/3396 3021/3400
f 3024/3402 3021/3400 3022/3391 3026/3403
f 3025/3404 3023/3401 3021/3400 3024/3402
f 3028/3405 3025/3404 3024/3402 3027/3406
f 3027/3406 3024/3402 3026/3403 3029/3407
f 3031/3408 3028/3405 3027/3406 3030/3409
f 3030/3409 3027/3406 3029/3407 3032/3410
f 3034/3411 3031/3408 3030/3409 3033/3412
f 3033/3412 3030/3409 3032/3410 3035/3413
f 3037/3414 3034/3411 3033/3412 3036/3415
f 3036/3415 3033/3412 3035/3413 3038/3416
f 3040/3417 3037/3414 3036/3415 3039/3418
f 3039/3418 3036/3415 3038/3416 3041/3419
f 3043/3420 3040/3417 3039/3418 3042/3421
f 3042/3421 3039/3418 3041/3419 3044/3422
f 3046/3423 3043/3420 3042/3421 3045/3424
f 3045/3424 3042/3421 3044/3422 3047/3425
f 3049/3426 3046/3423 3045/3424 3048/3427
f 3048/3427 3045/3424 3047/3425 3050/3428
f 3052/3429 3049/3426 3048/3427 3051/3430
f 3051/3430 3048/3427 3050/3428 3053/3431
f 3055/3432 3052/3429 3051/3430 3054/3433
f 3054/3433 3051/3430 3053/3431 3056/3434
f 3058/3435 3055/3432 3054/3433 3057/3436
f 3057/3436 3054/3433 3056/3434 3059/3437
f 3061/3438 3058/3435 3057/3436 3060/3439
f 3060/3439 3057/3436 3059/3437 3062/3440
f 3060/3439 3063/3441 3065/3442 3061/3438
f 3062/3440 3064/3443 3063/3441 3060/3439
f 3063/3441 3064/3443 2954/3444 2952/3445
f 3065/3442 3063/3441 2952/3445 2950/3446
f 3069/3447 3061/3438 3065/3442 3066/3448
f 3066/3448 3065/3442 2950/3446 3068/3449
f 3070/3450 3069/3447 3066/3448 3067/3451
f 3067/3451 3066/3448 3068/3449 2940/3452
f 3072/3453 3071/3454 3069/3447 3070/3450
f 3071/3454 3058/3435 3061/3438 3069/3447
f 3075/3455 3073/3456 3071/3454 3072/3453
f 3073/3456 3055/3432 3058/3435 3071/3454
f 3076/3457 3074/3458 3073/3456 3075/3455
f 3074/3458 3052/3429 3055/3432 3073/3456
f 3080/3459 3077/3460 3075/3455 3072/3453
f 3077/3460 3079/3461 3076/3457 3075/3455
f 3078/3462 3096/3463 3079/3461 3077/3460
f 3081/3464 3078/3462 3077/3460 3080/3459
f 3082/3465 3080/3459 3072/3453 3070/3450
f 3083/3466 3081/3464 3080/3459 3082/3465
f 3070/3450 3067/3451 3084/3467 3082/3465
f 3082/3465 3084/3467 3085/3468 3083/3466
f 3084/3467 3067/3451 2940/3452 2938/3469
f 3085/3468 3084/3467 2938/3469 2936/3470
f 3083/3466 3085/3468 3086/3471 3089/3472
f 3086/3471 3085/3468 2936/3470 3088/3473
f 3089/3472 3086/3471 3087/3474 3090/3475
f 3087/3474 3086/3471 3088/3473 2926/3476
f 3089/3472 3091/3477 3081/3464 3083/3466
f 3090/3475 3092/3478 3091/3477 3089/3472
f 3091/3477 3093/3479 3078/3462 3081/3464
f 3092/3478 3094/3480 3093/3479 3091/3477
f 3093/3479 3095/3481 3096/3463 3078/3462
f 3094/3480 3097/3482 3095/3481 3093/3479
f 3095/3481 3098/3483 3099/3484 3096/3463
f 3097/3482 3100/3485 3098/3483 3095/3481
f 3098/3483 3101/3486 3102/3487 3099/3484
f 3100/3485 3103/3488 3101/3486 3098/3483
f 3101/3486 3104/3489 3105/3490 3102/3487
f 3103/3488 3106/3491 3104/3489 3101/3486
f 3104/3489 3107/3492 3108/3493 3105/3490
f 3106/3491 3109/3494 3107/3492 3104/3489
f 3107/3492 3110/3495 3111/3496 3108/3493
f 3109/3494 3112/3497 3110/3495 3107/3492
f 3110/3495 3113/3498 3114/3499 3111/3496
f 3112/3497 3115/3500 3113/3498 3110/3495
f 3113/3498 3116/3501 3117/3502 3114/3499
f 3115/3500 3118/3503 3116/3501 3113/3498
f 3116/3501 3119/3504 3120/3505 3117/3502
f 3118/3503 3121/3506 3119/3504 3116/3501
f 3119/3504 3122/3507 3123/3508 3120/3505
f 3121/3506 3124/3509 3122/3507 3119/3504
f 3122/3507 3125/3510 3127/3511 3123/3508
f 3124/3509 3126/3512 3125/3510 3122/3507
f 3126/3512 3129/3513 3128/3514 3125/3510
f 3125/3510 3128/3514 3130/3515 3127/3511
f 3129/3513 3133/3516 3131/3517 3128/3514
f 3128/3514 3131/3517 3132/3518 3130/3515
f 3132/3518 3131/3517 2812/3519 2810/3520
f 3131/3517 3133/3516 2814/3521 2812/3519
f 3133/3516 3134/3522 3135/3523 2814/3521
f 3137/3524 3134/3522 3133/3516 3129/3513
f 3134/3522 3136/3525 2824/3526 3135/3523
f 3138/3527 3136/3525 3134/3522 3137/3524
f 3140/3528 3138/3527 3137/3524 3139/3529
f 3139/3529 3137/3524 3129/3513 3126/3512
f 3142/3530 3140/3528 3139/3529 3141/3531
f 3141/3531 3139/3529 3126/3512 3124/3509
f 3144/3532 3142/3530 3141/3531 3143/3533
f 3143/3533 3141/3531 3124/3509 3121/3506
f 3146/3534 3144/3532 3143/3533 3145/3535
f 3145/3535 3143/3533 3121/3506 3118/3503
f 3148/3536 3146/3534 3145/3535 3147/3537
f 3147/3537 3145/3535 3118/3503 3115/3500
f 3150/3538 3148/3536 3147/3537 3149/3539
f 3149/3539 3147/3537 3115/3500 3112/3497
f 3152/3540 3150/3538 3149/3539 3151/3541
f 3151/3541 3149/3539 3112/3497 3109/3494
f 3154/3542 3152/3540 3151/3541 3153/3543
f 3153/3543 3151/3541 3109/3494 3106/3491
f 3156/3544 3154/3542 3153/3543 3155/3545
f 3155/3545 3153/3543 3106/3491 3103/3488
f 3158/3546 3156/3544 3155/3545 3157/3547
f 3157/3547 3155/3545 3103/3488 3100/3485
f 3160/3548 3158/3546 3157/3547 3159/3549
f 3159/3549 3157/3547 3100/3485 3097/3482
f 3162/3550 3160/3548 3159/3549 3161/3551
f 3161/3551 3159/3549 3097/3482 3094/3480
f 3164/3552 3162/3550 3161/3551 3163/3553
f 3163/3553 3161/3551 3094/3480 3092/3478
f 3166/3554 3164/3552 3163/3553 3165/3555
f 3165/3555 3163/3553 3092/3478 3090/3475
f 3165/3555 3167/3556 3168/3557 3166/3554
f 3090/3475 3087/3474 3167/3556 3165/3555
f 3168/3557 3167/3556 2924/3558 2922/3559
f 3167/3556 3087/3474 2926/3476 2924/3558
f 3168/3557 3169/3560 3172/3561 3166/3554
f 3169/3560 3168/3557 2922/3559 3170/3562
f 3171/3563 3169/3560 3170/3562 2912/3564
f 3169/3560 3171/3563 3173/3565 3172/3561
f 3166/3554 3172/3561 3174/3566 3164/3552
f 3172/3561 3173/3565 3175/3567 3174/3566
f 3164/3552 3174/3566 3176/3568 3162/3550
f 3176/3568 3174/3566 3175/3567 3178/3569
f 3162/3550 3176/3568 3177/3570 3160/3548
f 3177/3570 3176/3568 3178/3569 3179/3571
f 3180/3572 3178/3569 3175/3567 3183/3573
f 3182/3574 3179/3571 3178/3569 3180/3572
f 3199/3575 3182/3574 3180/3572 3181/3576
f 3181/3576 3180/3572 3183/3573 3184/3577
f 3184/3577 3183/3573 3185/3578 3186/3579
f 3183/3573 3175/3567 3173/3565 3185/3578
f 3185/3578 3187/3580 3188/3581 3186/3579
f 3173/3565 3171/3563 3187/3580 3185/3578
f 3187/3580 3171/3563 2912/3564 2910/3582
f 3188/3581 3187/3580 2910/3582 2908/3583
f 3186/3579 3188/3581 3189/3584 3192/3585
f 3189/3584 3188/3581 2908/3583 3190/3586
f 3191/3587 3189/3584 3190/3586 2898/3588
f 3192/3585 3189/3584 3191/3587 3193/3589
f 3195/3590 3194/3591 3192/3585 3193/3589
f 3194/3591 3184/3577 3186/3579 3192/3585
f 3197/3592 3196/3593 3194/3591 3195/3590
f 3196/3593 3181/3576 3184/3577 3194/3591
f 3198/3594 3199/3575 3181/3576 3196/3593
f 3200/3595 3198/3594 3196/3593 3197/3592
f 3201/3596 3202/3597 3199/3575 3198/3594
f 3203/3598 3201/3596 3198/3594 3200/3595
f 3204/3599 3205/3600 3202/3597 3201/3596
f 3206/3601 3204/3599 3201/3596 3203/3598
f 3207/3602 3208/3603 3205/3600 3204/3599
f 3209/3604 3207/3602 3204/3599 3206/3601
f 3210/3605 3211/3606 3208/3603 3207/3602
f 3212/3607 3210/3605 3207/3602 3209/3604
f 3213/3608 3214/3609 3211/3606 3210/3605
f 3215/3610 3213/3608 3210/3605 3212/3607
f 3216/3611 3217/3612 3214/3609 3213/3608
f 3218/3613 3216/3611 3213/3608 3215/3610
f 3219/3614 3220/3615 3217/3612 3216/3611
f 3221/3616 3219/3614 3216/3611 3218/3613
f 3222/3617 3223/3618 3220/3615 3219/3614
f 3224/3619 3222/3617 3219/3614 3221/3616
f 3225/3620 3226/3621 3223/3618 3222/3617
f 3227/3622 3225/3620 3222/3617 3224/3619
f 3228/3623 3229/3624 3226/3621 3225/3620
f 3230/3625 3228/3623 3225/3620 3227/3622
f 3228/3623 3231/3626 3232/3627 3229/3624
f 3230/3625 3233/3628 3231/3626 3228/3623
f 3231/3626 3234/3629 3236/3630 3232/3627
f 3233/3628 3235/3631 3234/3629 3231/3626
f 3234/3629 3235/3631 2842/3632 2840/3633
f 3236/3630 3234/3629 2840/3633 2838/3634
f 3232/3627 3236/3630 3237/3635 3240/3636
f 3237/3635 3236/3630 2838/3634 3238/3637
f 3239/3638 3237/3635 3238/3637 2828/3639
f 3240/3636 3237/3635 3239/3638 3241/3640
f 3242/3641 3240/3636 3241/3640 3243/3642
f 3229/3624 3232/3627 3240/3636 3242/3641
f 3242/3641 3243/3642 3245/3643 3244/3644
f 3229/3624 3242/3641 3244/3644 3226/3621
f 3244/3644 3245/3643 3247/3645 3246/3646
f 3226/3621 3244/3644 3246/3646 3223/3618
f 3246/3646 3247/3645 3249/3647 3248/3648
f 3223/3618 3246/3646 3248/3648 3220/3615
f 3248/3648 3249/3647 3251/3649 3250/3650
f 3220/3615 3248/3648 3250/3650 3217/3612
f 3250/3650 3251/3649 3253/3651 3252/3652
f 3217/3612 3250/3650 3252/3652 3214/3609
f 3252/3652 3253/3651 3255/3653 3254/3654
f 3214/3609 3252/3652 3254/3654 3211/3606
f 3254/3654 3255/3653 3257/3655 3256/3656
f 3211/3606 3254/3654 3256/3656 3208/3603
f 3256/3656 3257/3655 3259/3657 3258/3658
f 3208/3603 3256/3656 3258/3658 3205/3600
f 3258/3658 3259/3657 3261/3659 3260/3660
f 3205/3600 3258/3658 3260/3660 3202/3597
f 3260/3660 3261/3659 3179/3571 3182/3574
f 3202/3597 3260/3660 3182/3574 3199/3575
f 3263/3661 3262/3662 3261/3659 3259/3657
f 3262/3662 3177/3570 3179/3571 3261/3659
f 3158/3546 3262/3662 3263/3661 3156/3544
f 3160/3548 3177/3570 3262/3662 3158/3546
f 3156/3544 3263/3661 3264/3663 3154/3542
f 3264/3663 3263/3661 3259/3657 3257/3655
f 3154/3542 3264/3663 3265/3664 3152/3540
f 3265/3664 3264/3663 3257/3655 3255/3653
f 3152/3540 3265/3664 3266/3665 3150/3538
f 3266/3665 3265/3664 3255/3653 3253/3651
f 3150/3538 3266/3665 3267/3666 3148/3536
f 3267/3666 3266/3665 3253/3651 3251/3649
f 3148/3536 3267/3666 3268/3667 3146/3534
f 3268/3667 3267/3666 3251/3649 3249/3647
f 3146/3534 3268/3667 3269/3668 3144/3532
f 3269/3668 3268/3667 3249/3647 3247/3645
f 3144/3532 3269/3668 3270/3669 3142/3530
f 3270/3669 3269/3668 3247/3645 3245/3643
f 3142/3530 3270/3669 3271/3670 3140/3528
f 3271/3670 3270/3669 3245/3643 3243/3642
f 3140/3528 3271/3670 3272/3671 3138/3527
f 3271/3670 3243/3642 3241/3640 3272/3671
f 3138/3527 3272/3671 3273/3672 3136/3525
f 3272/3671 3241/3640 3239/3638 3273/3672
f 3136/3525 3273/3672 2826/3673 2824/3526
f 3273/3672 3239/3638 2828/3639 2826/3673
f 3235/3631 3274/3674 3275/3675 2842/3632
f 3277/3676 3274/3674 3235/3631 3233/3628
f 3274/3674 3276/3677 2852/3678 3275/3675
f 3278/3679 3276/3677 3274/3674 3277/3676
f 3278/3679 3277/3676 3233/3628 3230/3625
f 3279/3680 3278/3679 3230/3625 3227/3622
f 3279/3680 3281/3681 3276/3677 3278/3679
f 3280/3682 3282/3683 3281/3681 3279/3680
f 3280/3682 3279/3680 3227/3622 3224/3619
f 3276/3677 3281/3681 2854/3684 2852/3678
f 3281/3681 3282/3683 2856/3685 2854/3684
f 3282/3683 3283/3686 3284/3687 2856/3685
f 3286/3688 3283/3686 3282/3683 3280/3682
f 3283/3686 3285/3689 2866/3690 3284/3687
f 3287/3691 3285/3689 3283/3686 3286/3688
f 3286/3688 3280/3682 3224/3619 3221/3616
f 3287/3691 3286/3688 3221/3616 3218/3613
f 3288/3692 3290/3693 3285/3689 3287/3691
f 3288/3692 3287/3691 3218/3613 3215/3610
f 3289/3694 3291/3695 3290/3693 3288/3692
f 3289/3694 3288/3692 3215/3610 3212/3607
f 3285/3689 3290/3693 2868/3696 2866/3690
f 3290/3693 3291/3695 2870/3697 2868/3696
f 3291/3695 3292/3698 3293/3699 2870/3697
f 3295/3700 3292/3698 3291/3695 3289/3694
f 3292/3698 3294/3701 2880/3702 3293/3699
f 3296/3703 3294/3701 3292/3698 3295/3700
f 3295/3700 3289/3694 3212/3607 3209/3604
f 3296/3703 3295/3700 3209/3604 3206/3601
f 3297/3704 3299/3705 3294/3701 3296/3703
f 3297/3704 3296/3703 3206/3601 3203/3598
f 3298/3706 3300/3707 3299/3705 3297/3704
f 3298/3706 3297/3704 3203/3598 3200/3595
f 3294/3701 3299/3705 2882/3708 2880/3702
f 3299/3705 3300/3707 2884/3709 2882/3708
f 3300/3707 3301/3710 3302/3711 2884/3709
f 3304/3712 3301/3710 3300/3707 3298/3706
f 3301/3710 3303/3713 2894/3714 3302/3711
f 3305/3715 3303/3713 3301/3710 3304/3712
f 3305/3715 3304/3712 3197/3592 3195/3590
f 3304/3712 3298/3706 3200/3595 3197/3592
f 3306/3716 3307/3717 3303/3713 3305/3715
f 3305/3715 3195/3590 3193/3589 3306/3716
f 3193/3589 3191/3587 3307/3717 3306/3716
f 3303/3713 3307/3717 2896/3718 2894/3714
f 3307/3717 3191/3587 2898/3588 2896/3718
f 3130/3515 3132/3518 3308/3719 3311/3720
f 3308/3719 3132/3518 2810/3520 3310/3721
f 3311/3720 3308/3719 3309/3722 3312/3723
f 3309/3722 3308/3719 3310/3721 2800/3724
f 3313/3725 3311/3720 3312/3723 3314/3726
f 3127/3511 3130/3515 3311/3720 3313/3725
f 3315/3727 3313/3725 3314/3726 3316/3728
f 3123/3508 3127/3511 3313/3725 3315/3727
f 3317/3729 3315/3727 3316/3728 3318/3730
f 3120/3505 3123/3508 3315/3727 3317/3729
f 3319/3731 3317/3729 3318/3730 3320/3732
f 3117/3502 3120/3505 3317/3729 3319/3731
f 3321/3733 3319/3731 3320/3732 3322/3734
f 3114/3499 3117/3502 3319/3731 3321/3733
f 3323/3735 3321/3733 3322/3734 3324/3736
f 3111/3496 3114/3499 3321/3733 3323/3735
f 3325/3737 3323/3735 3324/3736 3326/3738
f 3108/3493 3111/3496 3323/3735 3325/3737
f 3327/3739 3325/3737 3326/3738 3328/3740
f 3105/3490 3108/3493 3325/3737 3327/3739
f 3329/3741 3327/3739 3328/3740 3330/3742
f 3102/3487 3105/3490 3327/3739 3329/3741
f 3331/3743 3329/3741 3330/3742 3332/3744
f 3099/3484 3102/3487 3329/3741 3331/3743
f 3079/3461 3331/3743 3332/3744 3076/3457
f 3096/3463 3099/3484 3331/3743 3079/3461
f 3330/3742 3334/3745 3333/3746 3332/3744
f 3332/3744 3333/3746 3074/3458 3076/3457
f 3333/3746 3049/3426 3052/3429 3074/3458
f 3334/3745 3046/3423 3049/3426 3333/3746
f 3328/3740 3335/3747 3334/3745 3330/3742
f 3335/3747 3043/3420 3046/3423 3334/3745
f 3326/3738 3336/3748 3335/3747 3328/3740
f 3336/3748 3040/3417 3043/3420 3335/3747
f 3324/3736 3337/3749 3336/3748 3326/3738
f 3337/3749 3037/3414 3040/3417 3336/3748
f 3322/3734 3338/3750 3337/3749 3324/3736
f 3338/3750 3034/3411 3037/3414 3337/3749
f 3320/3732 3339/3751 3338/3750 3322/3734
f 3339/3751 3031/3408 3034/3411 3338/3750
f 3318/3730 3340/3752 3339/3751 3320/3732
f 3340/3752 3028/3405 3031/3408 3339/3751
f 3316/3728 3341/3753 3340/3752 3318/3730
f 3341/3753 3025/3404 3028/3405 3340/3752
f 3314/3726 3342/3754 3341/3753 3316/3728
f 3342/3754 3023/3401 3025/3404 3341/3753
f 3312/3723 3343/3755 3342/3754 3314/3726
f 3343/3755 3020/3399 3023/3401 3342/3754
f 3309/3722 3344/3756 3343/3755 3312/3723
f 3344/3756 3018/3397 3020/3399 3343/3755
f 3344/3756 3309/3722 2800/3724 2798/3757
f 3018/3397 3344/3756 2798/3757 2796/3398
f 3064/3443 3345/3758 3346/3759 2954/3444
f 3348/3760 3345/3758 3064/3443 3062/3440
f 3345/3758 3347/3761 2961/3762 3346/3759
f 3349/3763 3347/3761 3345/3758 3348/3760
f 3062/3440 3059/3437 3350/3764 3348/3760
f 3348/3760 3350/3764 3351/3765 3349/3763
f 3059/3437 3056/3434 3352/3766 3350/3764
f 3350/3764 3352/3766 3353/3767 3351/3765
f 3056/3434 3053/3431 3354/3768 3352/3766
f 3352/3766 3354/3768 3355/3769 3353/3767
f 3053/3431 3050/3428 3356/3770 3354/3768
f 3354/3768 3356/3770 3357/3771 3355/3769
f 3050/3428 3047/3425 3358/3772 3356/3770
f 3356/3770 3358/3772 3359/3773 3357/3771
f 3047/3425 3044/3422 3360/3774 3358/3772
f 3358/3772 3360/3774 3361/3775 3359/3773
f 3044/3422 3041/3419 3362/3776 3360/3774
f 3360/3774 3362/3776 3363/3777 3361/3775
f 3041/3419 3038/3416 3364/3778 3362/3776
f 3362/3776 3364/3778 3365/3779 3363/3777
f 3038/3416 3035/3413 3366/3780 3364/3778
f 3364/3778 3366/3780 3367/3781 3365/3779
f 3035/3413 3032/3410 3368/3782 3366/3780
f 3366/3780 3368/3782 3369/3783 3367/3781
f 3032/3410 3029/3407 3370/3784 3368/3782
f 3368/3782 3370/3784 3371/3785 3369/3783
f 3029/3407 3026/3403 3372/3786 3370/3784
f 3370/3784 3372/3786 3373/3787 3371/3785
f 3026/3403 3022/3391 3013/3386 3372/3786
f 3372/3786 3013/3386 3010/3385 3373/3787
f 3373/3787 3010/3385 3008/3383 3374/3788
f 3371/3785 3373/3787 3374/3788 3375/3789
f 3008/3383 3003/3374 3376/3378 3374/3788
f 3374/3788 3376/3378 3377/3790 3375/3789
f 3377/3790 3376/3378 2999/3379 2997/3791
f 3375/3789 3377/3790 3378/3792 3381/3793
f 3378/3792 3377/3790 2997/3791 3380/3794
f 3381/3793 3378/3792 3379/3795 3382/3796
f 3379/3795 3378/3792 3380/3794 2989/3797
f 3367/3781 3369/3783 3381/3793 3382/3796
f 3369/3783 3371/3785 3375/3789 3381/3793
f 3365/3779 3367/3781 3382/3796 3383/3798
f 3382/3796 3379/3795 3385/3799 3383/3798
f 3363/3777 3365/3779 3383/3798 3384/3800
f 3383/3798 3385/3799 3386/3801 3384/3800
f 3386/3801 3385/3799 2987/3802 2985/3803
f 3385/3799 3379/3795 2989/3797 2987/3802
f 3384/3800 3386/3801 3387/3804 3390/3805
f 3387/3804 3386/3801 2985/3803 3389/3806
f 3390/3805 3387/3804 3388/3807 3391/3808
f 3388/3807 3387/3804 3389/3806 2977/3809
f 3359/3773 3361/3775 3390/3805 3391/3808
f 3361/3775 3363/3777 3384/3800 3390/3805
f 3357/3771 3359/3773 3391/3808 3392/3810
f 3391/3808 3388/3807 3394/3811 3392/3810
f 3355/3769 3357/3771 3392/3810 3393/3812
f 3392/3810 3394/3811 3395/3813 3393/3812
f 3395/3813 3394/3811 2975/3814 2973/3815
f 3394/3811 3388/3807 2977/3809 2975/3814
f 3393/3812 3395/3813 3396/3816 3399/3817
f 3396/3816 3395/3813 2973/3815 3398/3818
f 3399/3817 3396/3816 3397/3819 3400/3820
f 3397/3819 3396/3816 3398/3818 2965/3821
f 3351/3765 3353/3767 3399/3817 3400/3820
f 3353/3767 3355/3769 3393/3812 3399/3817
f 3349/3763 3351/3765 3400/3820 3401/3822
f 3400/3820 3397/3819 3402/3823 3401/3822
f 3401/3822 3402/3823 3347/3761 3349/3763
f 3347/3761 3402/3823 2963/3824 2961/3762
f 3402/3823 3397/3819 2965/3821 2963/3824
f 3403/2941 2968/3034 2744/3031 2653/2936
f 2947/3825 3404/2946 2658/2947 3405/2952
f 2945/3826 2947/3825 3405/2952 3406/3827
f 3408/3828 3406/3827 3405/2952 2662/2951
f 2943/3829 2945/3826 3406/3827 3407/3830
f 3409/3831 3407/3830 3406/3827 3408/3828
f 3411/3832 3409/3831 3408/3828 3410/3833
f 3410/3833 3408/3828 2662/2951 2664/2953
f 3414/3834 3411/3832 3410/3833 3412/3835
f 3412/3835 3410/3833 2664/2953 2666/2955
f 3415/3836 3414/3834 3412/3835 3413/3837
f 3413/3837 3412/3835 2666/2955 2669/2958
f 3419/3838 3411/3832 3414/3834 3416/3839
f 3416/3839 3414/3834 3415/3836 3418/3840
f 3417/3841 3416/3839 3418/3840 3435/3842
f 3420/3843 3419/3838 3416/3839 3417/3841
f 3421/3844 3409/3831 3411/3832 3419/3838
f 3422/3845 3421/3844 3419/3838 3420/3843
f 3409/3831 3421/3844 3423/3846 3407/3830
f 3421/3844 3422/3845 3425/3847 3423/3846
f 3424/3848 2943/3829 3407/3830 3423/3846
f 2933/3849 3424/3848 3423/3846 3425/3847
f 2931/3850 2933/3849 3425/3847 3426/3851
f 3422/3845 3428/3852 3426/3851 3425/3847
f 2929/3853 2931/3850 3426/3851 3427/3854
f 3428/3852 3429/3855 3427/3854 3426/3851
f 3428/3852 3422/3845 3420/3843 3430/3856
f 3429/3855 3428/3852 3430/3856 3431/3857
f 3430/3856 3420/3843 3417/3841 3432/3858
f 3431/3857 3430/3856 3432/3858 3433/3859
f 3432/3858 3417/3841 3435/3842 3434/3860
f 3433/3859 3432/3858 3434/3860 3436/3861
f 3434/3860 3435/3842 3438/3862 3437/3863
f 3436/3861 3434/3860 3437/3863 3439/3864
f 3437/3863 3438/3862 3441/3865 3440/3866
f 3439/3864 3437/3863 3440/3866 3442/3867
f 3440/3866 3441/3865 3444/3868 3443/3869
f 3442/3867 3440/3866 3443/3869 3445/3870
f 3443/3869 3444/3868 3447/3871 3446/3872
f 3445/3870 3443/3869 3446/3872 3448/3873
f 3446/3872 3447/3871 3450/3874 3449/3875
f 3448/3873 3446/3872 3449/3875 3451/3876
f 3449/3875 3450/3874 3453/3877 3452/3878
f 3451/3876 3449/3875 3452/3878 3454/3879
f 3452/3878 3453/3877 3456/3880 3455/3881
f 3454/3879 3452/3878 3455/3881 3457/3882
f 3455/3881 3456/3880 3459/3883 3458/3884
f 3457/3882 3455/3881 3458/3884 3460/3885
f 3458/3884 3459/3883 3462/3886 3461/3887
f 3460/3885 3458/3884 3461/3887 3463/3888
f 3461/3887 3462/3886 3466/3889 3464/3890
f 3463/3888 3461/3887 3464/3890 3465/3891
f 3465/3891 3464/3890 3467/3892 3468/3893
f 3464/3890 3466/3889 3469/3894 3467/3892
f 3468/3893 3467/3892 3470/3895 3473/3896
f 3467/3892 3469/3894 3472/3897 3470/3895
f 2807/3898 3471/3899 3470/3895 3472/3897
f 3471/3899 2817/3900 3473/3896 3470/3895
f 2817/3900 2819/3901 3474/3902 3473/3896
f 3476/3903 3468/3893 3473/3896 3474/3902
f 2819/3901 2821/3904 3475/3905 3474/3902
f 3477/3906 3476/3903 3474/3902 3475/3905
f 3479/3907 3478/3908 3476/3903 3477/3906
f 3478/3908 3465/3891 3468/3893 3476/3903
f 3481/3909 3480/3910 3478/3908 3479/3907
f 3480/3910 3463/3888 3465/3891 3478/3908
f 3483/3911 3482/3912 3480/3910 3481/3909
f 3482/3912 3460/3885 3463/3888 3480/3910
f 3485/3913 3484/3914 3482/3912 3483/3911
f 3484/3914 3457/3882 3460/3885 3482/3912
f 3487/3915 3486/3916 3484/3914 3485/3913
f 3486/3916 3454/3879 3457/3882 3484/3914
f 3489/3917 3488/3918 3486/3916 3487/3915
f 3488/3918 3451/3876 3454/3879 3486/3916
f 3491/3919 3490/3920 3488/3918 3489/3917
f 3490/3920 3448/3873 3451/3876 3488/3918
f 3493/3921 3492/3922 3490/3920 3491/3919
f 3492/3922 3445/3870 3448/3873 3490/3920
f 3495/3923 3494/3924 3492/3922 3493/3921
f 3494/3924 3442/3867 3445/3870 3492/3922
f 3497/3925 3496/3926 3494/3924 3495/3923
f 3496/3926 3439/3864 3442/3867 3494/3924
f 3499/3927 3498/3928 3496/3926 3497/3925
f 3498/3928 3436/3861 3439/3864 3496/3926
f 3501/3929 3500/3930 3498/3928 3499/3927
f 3500/3930 3433/3859 3436/3861 3498/3928
f 3503/3931 3502/3932 3500/3930 3501/3929
f 3502/3932 3431/3857 3433/3859 3500/3930
f 3505/3933 3504/3934 3502/3932 3503/3931
f 3504/3934 3429/3855 3431/3857 3502/3932
f 3504/3934 3505/3933 3508/3935 3506/3936
f 3429/3855 3504/3934 3506/3936 3427/3854
f 2919/3937 3507/3938 3506/3936 3508/3935
f 3507/3938 2929/3853 3427/3854 3506/3936
f 2917/3939 2919/3937 3508/3935 3509/3940
f 3508/3935 3505/3933 3511/3941 3509/3940
f 2915/3942 2917/3939 3509/3940 3510/3943
f 3509/3940 3511/3941 3512/3944 3510/3943
f 3505/3933 3503/3931 3513/3945 3511/3941
f 3511/3941 3513/3945 3514/3946 3512/3944
f 3503/3931 3501/3929 3515/3947 3513/3945
f 3515/3947 3517/3948 3514/3946 3513/3945
f 3501/3929 3499/3927 3516/3949 3515/3947
f 3516/3949 3518/3950 3517/3948 3515/3947
f 3519/3951 3522/3952 3514/3946 3517/3948
f 3521/3953 3519/3951 3517/3948 3518/3950
f 3538/3954 3520/3955 3519/3951 3521/3953
f 3520/3955 3523/3956 3522/3952 3519/3951
f 3523/3956 3525/3957 3524/3958 3522/3952
f 3522/3952 3524/3958 3512/3944 3514/3946
f 3524/3958 3525/3957 3528/3959 3526/3960
f 3512/3944 3524/3958 3526/3960 3510/3943
f 3527/3961 2915/3942 3510/3943 3526/3960
f 2905/3962 3527/3961 3526/3960 3528/3959
f 2903/3963 2905/3962 3528/3959 3529/3964
f 3525/3957 3531/3965 3529/3964 3528/3959
f 2901/3966 2903/3963 3529/3964 3530/3967
f 3531/3965 3532/3968 3530/3967 3529/3964
f 3534/3969 3532/3968 3531/3965 3533/3970
f 3533/3970 3531/3965 3525/3957 3523/3956
f 3536/3971 3534/3969 3533/3970 3535/3972
f 3535/3972 3533/3970 3523/3956 3520/3955
f 3537/3973 3535/3972 3520/3955 3538/3954
f 3539/3974 3536/3971 3535/3972 3537/3973
f 3540/3975 3537/3973 3538/3954 3541/3976
f 3542/3977 3539/3974 3537/3973 3540/3975
f 3543/3978 3540/3975 3541/3976 3544/3979
f 3545/3980 3542/3977 3540/3975 3543/3978
f 3546/3981 3543/3978 3544/3979 3547/3982
f 3548/3983 3545/3980 3543/3978 3546/3981
f 3549/3984 3546/3981 3547/3982 3550/3985
f 3551/3986 3548/3983 3546/3981 3549/3984
f 3552/3987 3549/3984 3550/3985 3553/3988
f 3554/3989 3551/3986 3549/3984 3552/3987
f 3555/3990 3552/3987 3553/3988 3556/3991
f 3557/3992 3554/3989 3552/3987 3555/3990
f 3558/3993 3555/3990 3556/3991 3559/3994
f 3560/3995 3557/3992 3555/3990 3558/3993
f 3561/3996 3558/3993 3559/3994 3562/3997
f 3563/3998 3560/3995 3558/3993 3561/3996
f 3564/3999 3561/3996 3562/3997 3565/4000
f 3566/4001 3563/3998 3561/3996 3564/3999
f 3567/4002 3564/3999 3565/4000 3568/4003
f 3569/4004 3566/4001 3564/3999 3567/4002
f 3567/4002 3568/4003 3571/4005 3570/4006
f 3569/4004 3567/4002 3570/4006 3572/4007
f 3570/4006 3571/4005 3576/4008 3573/4009
f 3572/4007 3570/4006 3573/4009 3575/4010
f 3574/4011 2845/4012 3575/4010 3573/4009
f 2835/4013 3574/4011 3573/4009 3576/4008
f 2833/4014 2835/4013 3576/4008 3577/4015
f 3571/4005 3579/4016 3577/4015 3576/4008
f 2831/4017 2833/4014 3577/4015 3578/4018
f 3579/4016 3580/4019 3578/4018 3577/4015
f 3581/4020 3582/4021 3580/4019 3579/4016
f 3568/4003 3581/4020 3579/4016 3571/4005
f 3581/4020 3583/4022 3584/4023 3582/4021
f 3568/4003 3565/4000 3583/4022 3581/4020
f 3583/4022 3585/4024 3586/4025 3584/4023
f 3565/4000 3562/3997 3585/4024 3583/4022
f 3585/4024 3587/4026 3588/4027 3586/4025
f 3562/3997 3559/3994 3587/4026 3585/4024
f 3587/4026 3589/4028 3590/4029 3588/4027
f 3559/3994 3556/3991 3589/4028 3587/4026
f 3589/4028 3591/4030 3592/4031 3590/4029
f 3556/3991 3553/3988 3591/4030 3589/4028
f 3591/4030 3593/4032 3594/4033 3592/4031
f 3553/3988 3550/3985 3593/4032 3591/4030
f 3593/4032 3595/4034 3596/4035 3594/4033
f 3550/3985 3547/3982 3595/4034 3593/4032
f 3595/4034 3597/4036 3598/4037 3596/4035
f 3547/3982 3544/3979 3597/4036 3595/4034
f 3597/4036 3599/4038 3600/4039 3598/4037
f 3544/3979 3541/3976 3599/4038 3597/4036
f 3599/4038 3521/3953 3518/3950 3600/4039
f 3541/3976 3538/3954 3521/3953 3599/4038
f 3602/4040 3598/4037 3600/4039 3601/4041
f 3601/4041 3600/4039 3518/3950 3516/3949
f 3497/3925 3495/3923 3602/4040 3601/4041
f 3499/3927 3497/3925 3601/4041 3516/3949
f 3495/3923 3493/3921 3603/4042 3602/4040
f 3603/4042 3596/4035 3598/4037 3602/4040
f 3493/3921 3491/3919 3604/4043 3603/4042
f 3604/4043 3594/4033 3596/4035 3603/4042
f 3491/3919 3489/3917 3605/4044 3604/4043
f 3605/4044 3592/4031 3594/4033 3604/4043
f 3489/3917 3487/3915 3606/4045 3605/4044
f 3606/4045 3590/4029 3592/4031 3605/4044
f 3487/3915 3485/3913 3607/4046 3606/4045
f 3607/4046 3588/4027 3590/4029 3606/4045
f 3485/3913 3483/3911 3608/4047 3607/4046
f 3608/4047 3586/4025 3588/4027 3607/4046
f 3483/3911 3481/3909 3609/4048 3608/4047
f 3609/4048 3584/4023 3586/4025 3608/4047
f 3481/3909 3479/3907 3610/4049 3609/4048
f 3610/4049 3582/4021 3584/4023 3609/4048
f 3479/3907 3477/3906 3611/4050 3610/4049
f 3610/4049 3611/4050 3580/4019 3582/4021
f 3477/3906 3475/3905 3612/4051 3611/4050
f 3611/4050 3612/4051 3578/4018 3580/4019
f 2821/3904 3613/4052 3612/4051 3475/3905
f 3613/4052 2831/4017 3578/4018 3612/4051
f 2845/4012 2847/4053 3614/4054 3575/4010
f 3616/4055 3572/4007 3575/4010 3614/4054
f 2847/4053 2849/4056 3615/4057 3614/4054
f 3617/4058 3616/4055 3614/4054 3615/4057
f 3617/4058 3569/4004 3572/4007 3616/4055
f 3618/4059 3566/4001 3569/4004 3617/4058
f 3618/4059 3617/4058 3615/4057 3620/4060
f 3619/4061 3563/3998 3566/4001 3618/4059
f 3619/4061 3618/4059 3620/4060 3622/4062
f 2849/4056 3621/4063 3620/4060 3615/4057
f 3621/4063 2859/4064 3622/4062 3620/4060
f 2859/4064 2861/4065 3623/4066 3622/4062
f 3625/4067 3619/4061 3622/4062 3623/4066
f 2861/4065 2863/4068 3624/4069 3623/4066
f 3626/4070 3625/4067 3623/4066 3624/4069
f 3625/4067 3560/3995 3563/3998 3619/4061
f 3626/4070 3557/3992 3560/3995 3625/4067
f 3627/4071 3554/3989 3557/3992 3626/4070
f 3627/4071 3626/4070 3624/4069 3629/4072
f 3628/4073 3551/3986 3554/3989 3627/4071
f 3628/4073 3627/4071 3629/4072 3631/4074
f 2863/4068 3630/4075 3629/4072 3624/4069
f 3630/4075 2873/4076 3631/4074 3629/4072
f 2873/4076 2875/4077 3632/4078 3631/4074
f 3634/4079 3628/4073 3631/4074 3632/4078
f 2875/4077 2877/4080 3633/4081 3632/4078
f 3635/4082 3634/4079 3632/4078 3633/4081
f 3634/4079 3548/3983 3551/3986 3628/4073
f 3635/4082 3545/3980 3548/3983 3634/4079
f 3636/4083 3542/3977 3545/3980 3635/4082
f 3636/4083 3635/4082 3633/4081 3638/4084
f 3637/4085 3539/3974 3542/3977 3636/4083
f 3637/4085 3636/4083 3638/4084 3640/4086
f 2877/4080 3639/4087 3638/4084 3633/4081
f 3639/4087 2887/4088 3640/4086 3638/4084
f 2887/4088 2889/4089 3641/4090 3640/4086
f 3643/4091 3637/4085 3640/4086 3641/4090
f 2889/4089 2891/4092 3642/4093 3641/4090
f 3644/4094 3643/4091 3641/4090 3642/4093
f 3644/4094 3534/3969 3536/3971 3643/4091
f 3643/4091 3536/3971 3539/3974 3637/4085
f 3644/4094 3645/4095 3532/3968 3534/3969
f 3645/4095 3644/4094 3642/4093 3646/4096
f 3532/3968 3645/4095 3646/4096 3530/3967
f 2891/4092 3647/4097 3646/4096 3642/4093
f 3647/4097 2901/3966 3530/3967 3646/4096
f 2805/4098 2807/3898 3472/3897 3648/4099
f 3469/3894 3650/4100 3648/4099 3472/3897
f 2803/4101 2805/4098 3648/4099 3649/4102
f 3650/4100 3651/4103 3649/4102 3648/4099
f 3652/4104 3653/4105 3651/4103 3650/4100
f 3466/3889 3652/4104 3650/4100 3469/3894
f 3654/4106 3655/4107 3653/4105 3652/4104
f 3462/3886 3654/4106 3652/4104 3466/3889
f 3656/4108 3657/4109 3655/4107 3654/4106
f 3459/3883 3656/4108 3654/4106 3462/3886
f 3658/4110 3659/4111 3657/4109 3656/4108
f 3456/3880 3658/4110 3656/4108 3459/3883
f 3660/4112 3661/4113 3659/4111 3658/4110
f 3453/3877 3660/4112 3658/4110 3456/3880
f 3662/4114 3663/4115 3661/4113 3660/4112
f 3450/3874 3662/4114 3660/4112 3453/3877
f 3664/4116 3665/4117 3663/4115 3662/4114
f 3447/3871 3664/4116 3662/4114 3450/3874
f 3666/4118 3667/4119 3665/4117 3664/4116
f 3444/3868 3666/4118 3664/4116 3447/3871
f 3668/4120 3669/4121 3667/4119 3666/4118
f 3441/3865 3668/4120 3666/4118 3444/3868
f 3670/4122 3671/4123 3669/4121 3668/4120
f 3438/3862 3670/4122 3668/4120 3441/3865
f 3418/3840 3415/3836 3671/4123 3670/4122
f 3435/3842 3418/3840 3670/4122 3438/3862
f 3669/4121 3671/4123 3672/4124 3673/4125
f 3671/4123 3415/3836 3413/3837 3672/4124
f 3672/4124 3413/3837 2669/2958 2672/2961
f 3673/4125 3672/4124 2672/2961 2675/2964
f 3667/4119 3669/4121 3673/4125 3674/4126
f 3674/4126 3673/4125 2675/2964 2678/2967
f 3665/4117 3667/4119 3674/4126 3675/4127
f 3675/4127 3674/4126 2678/2967 2681/2970
f 3663/4115 3665/4117 3675/4127 3676/4128
f 3676/4128 3675/4127 2681/2970 2684/2973
f 3661/4113 3663/4115 3676/4128 3677/4129
f 3677/4129 3676/4128 2684/2973 2687/2976
f 3659/4111 3661/4113 3677/4129 3678/4130
f 3678/4130 3677/4129 2687/2976 2690/2979
f 3657/4109 3659/4111 3678/4130 3679/4131
f 3679/4131 3678/4130 2690/2979 2693/2982
f 3655/4107 3657/4109 3679/4131 3680/4132
f 3680/4132 3679/4131 2693/2982 2696/2985
f 3653/4105 3655/4107 3680/4132 3681/4133
f 3681/4133 3680/4132 2696/2985 2700/2988
f 3651/4103 3653/4105 3681/4133 3682/4134
f 3682/4134 3681/4133 2700/2988 2703/2992
f 3649/4102 3651/4103 3682/4134 3683/4135
f 3683/4135 3682/4134 2703/2992 2706/2995
f 3684/4136 2803/4101 3649/4102 3683/4135
f 2793/2997 3684/4136 3683/4135 2706/2995
f 2740/2933 2648/2932 2653/2936 2744/3031
o letter
v -0.098194 0.000657 0.032971
v -0.098194 0.000657 -0.033695
v -0.066522 0.000680 0.032961
v -0.066522 0.000680 -0.033706
v -0.098194 0.000657 -0.067029
v -0.066522 0.000680 -0.067039
v -0.098194 0.000657 -0.000362
v -0.066522 0.000680 -0.000373
v -0.098194 0.000657 0.066305
v -0.066522 0.000680 0.066294
v -0.098194 0.000657 -0.083695
v -0.098194 0.000657 0.049638
v -0.098194 0.000657 -0.017029
v -0.066522 0.000680 -0.083706
v -0.066522 0.000680 0.049627
v -0.066522 0.000680 -0.017039
v -0.114031 0.001210 0.032945
v -0.114031 0.001210 -0.033722
v -0.082357 0.000680 0.032972
v -0.082357 0.000680 -0.033695
v -0.050686 0.001257 0.032959
v -0.050686 0.001257 -0.033708
v -0.098194 0.000657 -0.050362
v -0.066522 0.000680 -0.050373
v -0.082357 0.000680 -0.067028
v -0.114031 0.001210 -0.067055
v -0.050686 0.001257 -0.067041
v -0.098194 0.000657 0.016305
v -0.066522 0.000680 0.016294
v -0.050686 0.001257 -0.000374
v -0.082357 0.000680 -0.000362
v -0.114031 0.001210 -0.000388
v -0.098194 0.000657 0.082971
v -0.066522 0.000680 0.082961
v -0.050686 0.001257 0.066292
v -0.082357 0.000680 0.066305
v -0.114031 0.001210 0.066278
v -0.114031 0.001210 0.082945
v -0.082357 0.000680 0.082972
v -0.050686 0.001257 0.082959
v -0.114031 0.001210 0.016278
v -0.082357 0.000680 0.016305
v -0.050686 0.001257 0.016292
v -0.050686 0.001257 -0.050374
v -0.114031 0.001210 -0.050388
v -0.082357 0.000680 -0.050362
v -0.050686 0.001257 -0.017041
v -0.050686 0.001257 0.049626
v -0.082357 0.000680 -0.017028
v -0.082357 0.000680 0.049638
v -0.114031 0.001210 -0.017055
v -0.114031 0.001210 0.049612
v -0.082357 0.000680 -0.083695
v -0.114031 0.001210 -0.083722
v -0.050686 0.001257 -0.083708
v -0.098194 0.000357 0.032971
v -0.098194 0.000357 -0.033695
v -0.066522 0.000380 0.032961
v -0.066522 0.000380 -0.033706
v -0.098194 0.000357 -0.067029
v -0.066522 0.000380 -0.067039
v -0.098194 0.000357 -0.000362
v -0.066522 0.000380 -0.000373
v -0.098194 0.000357 0.066305
v -0.066522 0.000380 0.066294
v -0.098194 0.000357 -0.083695
v -0.098194 0.000357 0.049638
v -0.098194 0.000357 -0.017029
v -0.066522 0.000380 -0.083706
v -0.066522 0.000380 0.049627
v -0.066522 0.000380 -0.017039
v -0.114031 0.000910 0.032945
v -0.114031 0.000910 -0.033722
v -0.082357 0.000380 0.032972
v -0.082357 0.000380 -0.033695
v -0.050686 0.000957 0.032959
v -0.050686 0.000957 -0.033708
v -0.098194 0.000357 -0.050362
v -0.066522 0.000380 -0.050373
v -0.082357 0.000380 -0.067028
v -0.114031 0.000910 -0.067055
v -0.050686 0.000957 -0.067041
v -0.098194 0.000357 0.016305
v -0.066522 0.000380 0.016294
v -0.050686 0.000957 -0.000374
v -0.082357 0.000380 -0.000362
v -0.114031 0.000910 -0.000388
v -0.098194 0.000357 0.082971
v -0.066522 0.000380 0.082961
v -0.050686 0.000957 0.066292
v -0.082357 0.000380 0.066305
v -0.114031 0.000910 0.066278
v -0.114031 0.000910 0.082945
v -0.082357 0.000380 0.082972
v -0.050686 0.000957 0.082959
v -0.114031 0.000910 0.016278
v -0.082357 0.000380 0.016305
v -0.050686 0.000957 0.016292
v -0.050686 0.000957 -0.050374
v -0.114031 0.000910 -0.050388
v -0.082357 0.000380 -0.050362
v -0.050686 0.000957 -0.017041
v -0.050686 0.000957 0.049626
v -0.082357 0.000380 -0.017028
v -0.082357 0.000380 0.049638
v -0.114031 0.000910 -0.017055
v -0.114031 0.000910 0.049612
v -0.082357 0.000380 -0.083695
v -0.114031 0.000910 -0.083722
v -0.050686 0.000957 -0.083708
v -0.129858 0.002106 0.099571
v -0.129798 0.002104 0.099631
v -0.129798 0.002163 0.099571
v -0.129858 0.002106 0.099631
v -0.129858 0.002165 0.099631
v -0.129798 0.002164 0.099631
v -0.129858 0.002165 0.099571
v -0.034918 0.002099 0.099630
v -0.034858 0.002101 0.099570
v -0.034918 0.002158 0.099570
v -0.034858 0.002100 0.099630
v -0.034858 0.002160 0.099630
v -0.034858 0.002159 0.099570
v -0.034918 0.002158 0.099630
v -0.129798 0.002104 -0.100369
v -0.129858 0.002106 -0.100309
v -0.129798 0.002163 -0.100309
v -0.129858 0.002106 -0.100369
v -0.129858 0.002165 -0.100369
v -0.129858 0.002165 -0.100309
v -0.129798 0.002164 -0.100369
v -0.034858 0.002101 -0.100310
v -0.034918 0.002099 -0.100370
v -0.034918 0.002158 -0.100310
v -0.034858 0.002100 -0.100370
v -0.034858 0.002160 -0.100370
v -0.034918 0.002158 -0.100370
v -0.034858 0.002159 -0.100310
v -0.129858 0.002106 -0.033703
v -0.129798 0.002163 -0.033703
v -0.129858 0.002165 -0.033703
v -0.129858 0.002106 0.032964
v -0.129798 0.002163 0.032964
v -0.129858 0.002165 0.032964
v -0.098194 0.000597 0.099638
v -0.098194 0.000657 0.099578
v -0.098194 0.000657 0.099638
v -0.066522 0.000620 0.099627
v -0.066522 0.000680 0.099567
v -0.066522 0.000680 0.099627
v -0.034858 0.002101 0.032964
v -0.034918 0.002157 0.032964
v -0.034858 0.002159 0.032964
v -0.034858 0.002101 -0.033703
v -0.034918 0.002157 -0.033703
v -0.034858 0.002159 -0.033703
v -0.066522 0.000620 -0.100373
v -0.066522 0.000680 -0.100313
v -0.066522 0.000680 -0.100373
v -0.098194 0.000597 -0.100362
v -0.098194 0.000657 -0.100302
v -0.098194 0.000657 -0.100362
v -0.034858 0.002101 -0.067036
v -0.034918 0.002157 -0.067036
v -0.034858 0.002159 -0.067036
v -0.129858 0.002106 -0.067036
v -0.129798 0.002163 -0.067036
v -0.129858 0.002165 -0.067036
v -0.129858 0.002106 -0.000369
v -0.129798 0.002163 -0.000369
v -0.129858 0.002165 -0.000369
v -0.034858 0.002101 -0.000370
v -0.034918 0.002157 -0.000370
v -0.034858 0.002159 -0.000370
v -0.129858 0.002106 0.066297
v -0.129798 0.002163 0.066297
v -0.129858 0.002165 0.066297
v -0.034858 0.002101 0.066297
v -0.034918 0.002157 0.066297
v -0.034858 0.002159 0.066297
v -0.129798 0.002163 0.082964
v -0.129858 0.002106 0.082964
v -0.129858 0.002165 0.082964
v -0.050686 0.001257 0.099566
v -0.050686 0.001197 0.099626
v -0.050686 0.001257 0.099626
v -0.034918 0.002157 -0.083703
v -0.034858 0.002101 -0.083703
v -0.034858 0.002159 -0.083703
v -0.114031 0.001210 -0.100328
v -0.114031 0.001150 -0.100388
v -0.114031 0.001210 -0.100388
v -0.129798 0.002163 -0.050369
v -0.129858 0.002106 -0.050369
v -0.129858 0.002165 -0.050369
v -0.129798 0.002163 0.016297
v -0.129858 0.002106 0.016297
v -0.129858 0.002165 0.016297
v -0.114031 0.001210 0.099552
v -0.114031 0.001150 0.099612
v -0.114031 0.001210 0.099612
v -0.082357 0.000680 0.099578
v -0.082357 0.000620 0.099638
v -0.082357 0.000680 0.099638
v -0.034918 0.002157 0.049630
v -0.034858 0.002101 0.049630
v -0.034858 0.002159 0.049630
v -0.034918 0.002157 -0.017036
v -0.034858 0.002101 -0.017036
v -0.034858 0.002159 -0.017036
v -0.050686 0.001257 -0.100314
v -0.050686 0.001197 -0.100374
v -0.050686 0.001257 -0.100374
v -0.082357 0.000680 -0.100302
v -0.082357 0.000620 -0.100362
v -0.082357 0.000680 -0.100362
v -0.034918 0.002157 -0.050370
v -0.034858 0.002101 -0.050370
v -0.034858 0.002159 -0.050370
v -0.129798 0.002163 -0.083703
v -0.129858 0.002106 -0.083703
v -0.129858 0.002165 -0.083703
v -0.129798 0.002163 -0.017036
v -0.129858 0.002106 -0.017036
v -0.129858 0.002165 -0.017036
v -0.034918 0.002157 0.016297
v -0.034858 0.002101 0.016297
v -0.034858 0.002159 0.016297
v -0.129798 0.002163 0.049631
v -0.129858 0.002106 0.049631
v -0.129858 0.002165 0.049631
v -0.034918 0.002157 0.082964
v -0.034858 0.002101 0.082964
v -0.034858 0.002159 0.082964
v -0.129858 0.001926 0.099571
v -0.129798 0.001863 0.099571
v -0.129798 0.001924 0.099631
v -0.129858 0.001865 0.099571
v -0.129858 0.001865 0.099631
v -0.129798 0.001864 0.099631
v -0.129858 0.001926 0.099631
v -0.034918 0.001919 0.099630
v -0.034918 0.001858 0.099570
v -0.034858 0.001921 0.099570
v -0.034918 0.001858 0.099630
v -0.034858 0.001860 0.099630
v -0.034858 0.001859 0.099570
v -0.034858 0.001920 0.099630
v -0.129798 0.001924 -0.100369
v -0.129798 0.001863 -0.100309
v -0.129858 0.001926 -0.100309
v -0.129798 0.001864 -0.100369
v -0.129858 0.001865 -0.100369
v -0.129858 0.001865 -0.100309
v -0.129858 0.001926 -0.100369
v -0.034858 0.001921 -0.100310
v -0.034918 0.001858 -0.100310
v -0.034918 0.001919 -0.100370
v -0.034858 0.001859 -0.100310
v -0.034858 0.001860 -0.100370
v -0.034918 0.001858 -0.100370
v -0.034858 0.001920 -0.100370
v -0.129798 0.001863 -0.033703
v -0.129858 0.001926 -0.033703
v -0.129858 0.001865 -0.033703
v -0.129798 0.001863 0.032964
v -0.129858 0.001926 0.032964
v -0.129858 0.001865 0.032964
v -0.098194 0.000357 0.099578
v -0.098194 0.000417 0.099638
v -0.098194 0.000357 0.099638
v -0.066522 0.000380 0.099567
v -0.066522 0.000440 0.099627
v -0.066522 0.000380 0.099627
v -0.034918 0.001857 0.032964
v -0.034858 0.001921 0.032964
v -0.034858 0.001859 0.032964
v -0.034918 0.001857 -0.033703
v -0.034858 0.001921 -0.033703
v -0.034858 0.001859 -0.033703
v -0.066522 0.000380 -0.100313
v -0.066522 0.000440 -0.100373
v -0.066522 0.000380 -0.100373
v -0.098194 0.000357 -0.100302
v -0.098194 0.000417 -0.100362
v -0.098194 0.000357 -0.100362
v -0.034918 0.001857 -0.067036
v -0.034858 0.001921 -0.067036
v -0.034858 0.001859 -0.067036
v -0.129798 0.001863 -0.067036
v -0.129858 0.001926 -0.067036
v -0.129858 0.001865 -0.067036
v -0.129798 0.001863 -0.000369
v -0.129858 0.001926 -0.000369
v -0.129858 0.001865 -0.000369
v -0.034918 0.001857 -0.000370
v -0.034858 0.001921 -0.000370
v -0.034858 0.001859 -0.000370
v -0.129798 0.001863 0.066297
v -0.129858 0.001926 0.066297
v -0.129858 0.001865 0.066297
v -0.034918 0.001857 0.066297
v -0.034858 0.001921 0.066297
v -0.034858 0.001859 0.066297
v -0.129858 0.001926 0.082964
v -0.129798 0.001863 0.082964
v -0.129858 0.001865 0.082964
v -0.050686 0.001017 0.099626
v -0.050686 0.000957 0.099566
v -0.050686 0.000957 0.099626
v -0.034858 0.001921 -0.083703
v -0.034918 0.001857 -0.083703
v -0.034858 0.001859 -0.083703
v -0.114031 0.000970 -0.100388
v -0.114031 0.000910 -0.100328
v -0.114031 0.000910 -0.100388
v -0.129858 0.001926 -0.050369
v -0.129798 0.001863 -0.050369
v -0.129858 0.001865 -0.050369
v -0.129858 0.001926 0.016297
v -0.129798 0.001863 0.016297
v -0.129858 0.001865 0.016297
v -0.114031 0.000970 0.099612
v -0.114031 0.000910 0.099552
v -0.114031 0.000910 0.099612
v -0.082357 0.000440 0.099638
v -0.082357 0.000380 0.099578
v -0.082357 0.000380 0.099638
v -0.034858 0.001921 0.049630
v -0.034918 0.001857 0.049630
v -0.034858 0.001859 0.049630
v -0.034858 0.001921 -0.017036
v -0.034918 0.001857 -0.017036
v -0.034858 0.001859 -0.017036
v -0.050686 0.001017 -0.100374
v -0.050686 0.000957 -0.100314
v -0.050686 0.000957 -0.100374
v -0.082357 0.000440 -0.100362
v -0.082357 0.000380 -0.100302
v -0.082357 0.000380 -0.100362
v -0.034858 0.001921 -0.050370
v -0.034918 0.001857 -0.050370
v -0.034858 0.001859 -0.050370
v -0.129858 0.001926 -0.083703
v -0.129798 0.001863 -0.083703
v -0.129858 0.001865 -0.083703
v -0.129858 0.001926 -0.017036
v -0.129798 0.001863 -0.017036
v -0.129858 0.001865 -0.017036
v -0.034858 0.001921 0.016297
v -0.034918 0.001857 0.016297
v -0.034858 0.001859 0.016297
v -0.129858 0.001926 0.049631
v -0.129798 0.001863 0.049631
v -0.129858 0.001865 0.049631
v -0.034858 0.001921 0.082964
v -0.034918 0.001857 0.082964
v -0.034858 0.001859 0.082964
v -0.126922 0.001852 -0.100370
v -0.126922 0.001911 -0.100370
v -0.126922 0.001911 -0.100310
v -0.126922 0.001852 0.099630
v -0.126922 0.001911 0.099630
v -0.126922 0.001911 0.099570
v -0.126922 0.001611 -0.100310
v -0.126922 0.001611 -0.100370
v -0.126922 0.001672 -0.100370
v -0.126922 0.001611 0.099570
v -0.126922 0.001611 0.099630
v -0.126922 0.001672 0.099630
v -0.126922 0.001911 0.082964
v -0.126922 0.001911 -0.083703
v -0.126922 0.001911 -0.033703
v -0.126922 0.001911 -0.050370
v -0.126922 0.001911 -0.017036
v -0.126922 0.001911 0.032964
v -0.126922 0.001911 0.016297
v -0.126922 0.001911 0.049630
v -0.126922 0.001911 -0.067036
v -0.126922 0.001911 -0.000370
v -0.126922 0.001911 0.066297
v -0.126922 0.001611 0.082964
v -0.126922 0.001611 -0.083703
v -0.126922 0.001611 -0.033703
v -0.126922 0.001611 -0.050370
v -0.126922 0.001611 -0.017036
v -0.126922 0.001611 0.032964
v -0.126922 0.001611 0.016297
v -0.126922 0.001611 0.049630
v -0.126922 0.001611 -0.067036
v -0.126922 0.001611 -0.000370
v -0.126922 0.001611 0.066297
v -0.038433 0.001840 0.099628
v -0.038433 0.001900 0.099628
v -0.038433 0.001899 0.099568
v -0.038433 0.001840 -0.100372
v -0.038433 0.001900 -0.100372
v -0.038433 0.001899 -0.100312
v -0.038433 0.001599 0.099568
v -0.038433 0.001600 0.099628
v -0.038433 0.001660 0.099628
v -0.038433 0.001599 -0.100312
v -0.038433 0.001600 -0.100372
v -0.038433 0.001660 -0.100372
v -0.038433 0.001899 0.082961
v -0.038433 0.001899 -0.083705
v -0.038433 0.001899 0.049628
v -0.038433 0.001899 0.032961
v -0.038433 0.001899 0.016295
v -0.038433 0.001899 -0.017039
v -0.038433 0.001899 -0.033705
v -0.038433 0.001899 -0.050372
v -0.038433 0.001899 -0.067039
v -0.038433 0.001899 -0.000372
v -0.038433 0.001899 0.066295
v -0.038433 0.001599 0.082961
v -0.038433 0.001599 -0.083705
v -0.038433 0.001599 0.049628
v -0.038433 0.001599 0.032961
v -0.038433 0.001599 0.016295
v -0.038433 0.001599 -0.017039
v -0.038433 0.001599 -0.033705
v -0.038433 0.001599 -0.050372
v -0.038433 0.001599 -0.067039
v -0.038433 0.001599 -0.000372
v -0.038433 0.001599 0.066295
vt 0.316759 0.478755
vt 0.316782 0.482666
vt 0.316381 0.482681
vt 0.316398 0.478764
vt 0.316720 0.394875
vt 0.316720 0.412435
vt 0.316414 0.412436
vt 0.316414 0.394876
vt 0.316720 0.429996
vt 0.316720 0.447556
vt 0.316414 0.447557
vt 0.316414 0.429997
vt 0.572471 0.468575
vt 0.601520 0.468575
vt 0.601520 0.499153
vt 0.572471 0.499153
vt 0.572471 0.590888
vt 0.601520 0.590888
vt 0.601520 0.621467
vt 0.572471 0.621467
vt 0.630570 0.468575
vt 0.659619 0.468575
vt 0.659619 0.499153
vt 0.630570 0.499153
vt 0.630570 0.590888
vt 0.659619 0.590888
vt 0.659619 0.621467
vt 0.630570 0.621467
vt 0.711156 0.499153
vt 0.717608 0.499153
vt 0.717608 0.529731
vt 0.711156 0.529731
vt 0.711156 0.621467
vt 0.717608 0.621467
vt 0.717608 0.652045
vt 0.711156 0.652045
vt 0.630570 0.652045
vt 0.659619 0.652045
vt 0.659619 0.682623
vt 0.630570 0.682623
vt 0.572471 0.652045
vt 0.601520 0.652045
vt 0.601520 0.682623
vt 0.572471 0.682623
vt 0.314006 0.395313
vt 0.314006 0.413308
vt 0.313693 0.413309
vt 0.313693 0.395314
vt 0.314006 0.467293
vt 0.314006 0.485288
vt 0.313693 0.485289
vt 0.313693 0.467294
vt 0.630570 0.529731
vt 0.659619 0.529731
vt 0.659619 0.560310
vt 0.630570 0.560310
vt 0.572471 0.529731
vt 0.601520 0.529731
vt 0.601520 0.560310
vt 0.572471 0.560310
vt 0.314006 0.539273
vt 0.314006 0.557268
vt 0.313693 0.557269
vt 0.313693 0.539274
vt 0.630570 0.407418
vt 0.659619 0.407418
vt 0.659619 0.437996
vt 0.630570 0.437996
vt 0.572471 0.407418
vt 0.601520 0.407418
vt 0.601520 0.437996
vt 0.572471 0.437996
vt 0.312631 0.395313
vt 0.312631 0.413308
vt 0.312318 0.413309
vt 0.312318 0.395314
vt 0.315407 0.479464
vt 0.315429 0.482667
vt 0.315028 0.482682
vt 0.315045 0.479474
vt 0.315367 0.429996
vt 0.315367 0.447557
vt 0.315061 0.447557
vt 0.315061 0.429997
vt 0.572471 0.376949
vt 0.601520 0.376949
vt 0.315367 0.394875
vt 0.315367 0.412435
vt 0.315061 0.412436
vt 0.315061 0.394876
vt 0.688669 0.407418
vt 0.688669 0.437996
vt 0.630570 0.376950
vt 0.659619 0.376949
vt 0.314007 0.575263
vt 0.314070 0.593246
vt 0.313659 0.593262
vt 0.313693 0.575263
vt 0.312631 0.467293
vt 0.312631 0.485288
vt 0.312318 0.485289
vt 0.312318 0.467294
vt 0.548814 0.468575
vt 0.548814 0.499153
vt 0.688669 0.529731
vt 0.688669 0.560310
vt 0.688669 0.499153
vt 0.314006 0.503283
vt 0.314006 0.521278
vt 0.313693 0.521279
vt 0.313693 0.503284
vt 0.688669 0.652045
vt 0.688669 0.682623
vt 0.688669 0.621467
vt 0.314007 0.431303
vt 0.314007 0.449298
vt 0.313693 0.449299
vt 0.313693 0.431304
vt 0.312631 0.539273
vt 0.312631 0.557268
vt 0.312318 0.557269
vt 0.312318 0.539274
vt 0.548814 0.590888
vt 0.548814 0.621467
vt 0.688669 0.590888
vt 0.717608 0.560310
vt 0.711156 0.560310
vt 0.688669 0.468575
vt 0.711156 0.407418
vt 0.717608 0.407418
vt 0.717608 0.437996
vt 0.711156 0.437996
vt 0.312631 0.503283
vt 0.312631 0.521278
vt 0.312318 0.521279
vt 0.312318 0.503284
vt 0.548814 0.529731
vt 0.548814 0.560310
vt 0.312631 0.431303
vt 0.312631 0.449298
vt 0.312318 0.449299
vt 0.312318 0.431304
vt 0.548814 0.407418
vt 0.548814 0.437996
vt 0.572471 0.713202
vt 0.601520 0.713202
vt 0.601520 0.743670
vt 0.572471 0.743670
vt 0.630570 0.713202
vt 0.659619 0.713202
vt 0.312631 0.575263
vt 0.312695 0.593246
vt 0.312284 0.593262
vt 0.312318 0.575264
vt 0.548814 0.652045
vt 0.548814 0.682623
vt 0.659619 0.743670
vt 0.630570 0.743670
vt 0.688669 0.713202
vt 0.717608 0.682623
vt 0.711156 0.682623
vt 0.537593 0.621467
vt 0.537593 0.652045
vt 0.513936 0.652045
vt 0.513936 0.621467
vt 0.375251 0.652045
vt 0.375251 0.682623
vt 0.368799 0.682623
vt 0.368799 0.652045
vt 0.484887 0.713202
vt 0.484887 0.743670
vt 0.455837 0.743670
vt 0.455837 0.713202
vt 0.513936 0.468575
vt 0.513936 0.499153
vt 0.484887 0.499153
vt 0.484887 0.468575
vt 0.513936 0.590888
vt 0.484887 0.621467
vt 0.484887 0.590888
vt 0.455837 0.468575
vt 0.455837 0.499153
vt 0.426788 0.499153
vt 0.426788 0.468575
vt 0.455837 0.590888
vt 0.455837 0.621467
vt 0.426788 0.621467
vt 0.426788 0.590888
vt 0.375251 0.499153
vt 0.375251 0.529731
vt 0.368799 0.529731
vt 0.368799 0.499153
vt 0.375251 0.621467
vt 0.368799 0.621467
vt 0.455837 0.652045
vt 0.455837 0.682623
vt 0.426788 0.682623
vt 0.426788 0.652045
vt 0.513936 0.682623
vt 0.484887 0.682623
vt 0.484887 0.652045
vt 0.375251 0.713202
vt 0.368799 0.713202
vt 0.375251 0.560310
vt 0.375251 0.590888
vt 0.368799 0.590888
vt 0.368799 0.560310
vt 0.455837 0.529731
vt 0.455837 0.560310
vt 0.426788 0.560310
vt 0.426788 0.529731
vt 0.513936 0.529731
vt 0.513936 0.560310
vt 0.484887 0.560310
vt 0.484887 0.529731
vt 0.375251 0.437996
vt 0.375251 0.468575
vt 0.368799 0.468575
vt 0.368799 0.437996
vt 0.455837 0.407418
vt 0.455837 0.437996
vt 0.426788 0.437996
vt 0.426788 0.407418
vt 0.513936 0.407418
vt 0.513936 0.437996
vt 0.484887 0.437996
vt 0.484887 0.407418
vt 0.375251 0.407418
vt 0.368799 0.407418
vt 0.375251 0.376949
vt 0.368799 0.376950
vt 0.484887 0.376950
vt 0.455837 0.376949
vt 0.426788 0.376950
vt 0.397738 0.407418
vt 0.397738 0.376949
vt 0.397738 0.437996
vt 0.537593 0.713202
vt 0.537593 0.743670
vt 0.513936 0.743670
vt 0.513936 0.713202
vt 0.537593 0.468575
vt 0.537593 0.499153
vt 0.397738 0.560310
vt 0.397738 0.529731
vt 0.397738 0.499153
vt 0.397738 0.682623
vt 0.397738 0.652045
vt 0.397738 0.621467
vt 0.426788 0.713202
vt 0.426788 0.743670
vt 0.397738 0.743670
vt 0.397738 0.713202
vt 0.537593 0.560310
vt 0.537593 0.590888
vt 0.397738 0.590888
vt 0.537593 0.437996
vt 0.397738 0.468575
vt 0.537593 0.529731
vt 0.513936 0.376949
vt 0.537593 0.407418
vt 0.375251 0.743670
vt 0.368799 0.743670
vt 0.537593 0.682624
vt 0.548814 0.376950
vt 0.711156 0.376950
vt 0.717608 0.376949
vt 0.711156 0.713202
vt 0.717608 0.713202
vt 0.717608 0.743670
vt 0.711156 0.743670
vt 0.548814 0.713202
vt 0.548814 0.743670
vt 0.688669 0.376949
vt 0.711156 0.468575
vt 0.717608 0.468575
vt 0.711156 0.590888
vt 0.717608 0.590888
vt 0.688669 0.743670
vt 0.315384 0.381228
vt 0.315023 0.381237
vt 0.537593 0.376949
vt 0.316720 0.465116
vt 0.316414 0.465117
vt 0.314041 0.377315
vt 0.313629 0.377331
vt 0.315367 0.465117
vt 0.315061 0.465118
vt 0.316737 0.380518
vt 0.316374 0.380529
vt 0.312665 0.377315
vt 0.312674 0.377143
vt 0.312873 0.377127
vt 0.312889 0.377326
vt 0.315646 0.482656
vt 0.315628 0.482849
vt 0.315435 0.482832
vt 0.543531 0.376950
vt 0.543421 0.376950
vt 0.543421 0.376839
vt 0.543531 0.376839
vt 0.315401 0.377310
vt 0.315409 0.377143
vt 0.315604 0.377127
vt 0.315619 0.377321
vt 0.314292 0.593235
vt 0.314274 0.593432
vt 0.314077 0.593415
vt 0.717608 0.376839
vt 0.717718 0.376839
vt 0.717718 0.376950
vt 0.316753 0.377310
vt 0.316762 0.377143
vt 0.316957 0.377127
vt 0.316972 0.377321
vt 0.312917 0.593235
vt 0.312899 0.593433
vt 0.312701 0.593415
vt 0.543531 0.743670
vt 0.543531 0.743780
vt 0.543421 0.743780
vt 0.543421 0.743670
vt 0.314050 0.377143
vt 0.314249 0.377127
vt 0.314265 0.377326
vt 0.316999 0.482655
vt 0.316981 0.482848
vt 0.316788 0.482831
vt 0.717718 0.743670
vt 0.717718 0.743780
vt 0.717608 0.743780
vt 0.312254 0.377331
vt 0.312032 0.377342
vt 0.312050 0.377144
vt 0.312248 0.377162
vt 0.542876 0.376949
vt 0.542876 0.376839
vt 0.542986 0.376839
vt 0.542986 0.376950
vt 0.315019 0.482850
vt 0.314825 0.482866
vt 0.314809 0.482671
vt 0.314999 0.377326
vt 0.314783 0.377337
vt 0.314800 0.377144
vt 0.314993 0.377161
vt 0.368689 0.376950
vt 0.368689 0.376839
vt 0.368799 0.376839
vt 0.313650 0.593434
vt 0.313451 0.593450
vt 0.313435 0.593251
vt 0.316352 0.377326
vt 0.316136 0.377337
vt 0.316153 0.377144
vt 0.316346 0.377161
vt 0.542876 0.743670
vt 0.542986 0.743670
vt 0.542986 0.743780
vt 0.542876 0.743780
vt 0.312275 0.593434
vt 0.312076 0.593450
vt 0.312060 0.593251
vt 0.313408 0.377342
vt 0.313426 0.377144
vt 0.313623 0.377162
vt 0.368799 0.743780
vt 0.368689 0.743780
vt 0.368689 0.743670
vt 0.316372 0.482850
vt 0.316178 0.482865
vt 0.316162 0.482671
vt 0.312945 0.395311
vt 0.543421 0.407418
vt 0.543531 0.407418
vt 0.315640 0.381233
vt 0.711156 0.376839
vt 0.314320 0.395311
vt 0.717718 0.713202
vt 0.316992 0.380524
vt 0.548814 0.743780
vt 0.312944 0.521276
vt 0.312944 0.539271
vt 0.543421 0.652045
vt 0.543421 0.621466
vt 0.543531 0.621467
vt 0.543531 0.652045
vt 0.312944 0.449296
vt 0.312944 0.467291
vt 0.543421 0.529731
vt 0.543421 0.499153
vt 0.543531 0.499153
vt 0.543531 0.529731
vt 0.315673 0.447554
vt 0.315673 0.465115
vt 0.572471 0.376839
vt 0.601520 0.376839
vt 0.315673 0.412433
vt 0.315673 0.429994
vt 0.630570 0.376839
vt 0.659619 0.376839
vt 0.314320 0.521276
vt 0.314320 0.539271
vt 0.717718 0.468575
vt 0.717718 0.499153
vt 0.314320 0.449296
vt 0.314320 0.467291
vt 0.717718 0.590888
vt 0.717718 0.621467
vt 0.317026 0.447554
vt 0.317026 0.465114
vt 0.688669 0.743780
vt 0.659619 0.743780
vt 0.317026 0.412433
vt 0.317026 0.429993
vt 0.630570 0.743780
vt 0.601520 0.743780
vt 0.314320 0.413306
vt 0.314320 0.431301
vt 0.717718 0.652045
vt 0.717718 0.682623
vt 0.312945 0.557266
vt 0.312945 0.575261
vt 0.543421 0.713202
vt 0.543421 0.682623
vt 0.543531 0.682623
vt 0.543531 0.713202
vt 0.312944 0.485286
vt 0.312944 0.503281
vt 0.543421 0.590888
vt 0.543421 0.560310
vt 0.543531 0.560310
vt 0.543531 0.590888
vt 0.314320 0.485286
vt 0.314320 0.503281
vt 0.717718 0.529731
vt 0.717718 0.560310
vt 0.312945 0.413306
vt 0.312945 0.431301
vt 0.543421 0.468575
vt 0.543421 0.437996
vt 0.543531 0.437996
vt 0.543531 0.468575
vt 0.314320 0.557266
vt 0.314320 0.575261
vt 0.717718 0.407418
vt 0.717718 0.437996
vt 0.315673 0.394873
vt 0.688669 0.376839
vt 0.317026 0.394873
vt 0.572471 0.743780
vt 0.315661 0.479455
vt 0.548814 0.376839
vt 0.317014 0.478746
vt 0.711156 0.743780
vt 0.542876 0.407418
vt 0.542986 0.407418
vt 0.312004 0.395316
vt 0.375251 0.376839
vt 0.314767 0.381246
vt 0.368689 0.713202
vt 0.313380 0.395316
vt 0.537593 0.743780
vt 0.316120 0.380538
vt 0.542876 0.652045
vt 0.542876 0.621467
vt 0.542986 0.621467
vt 0.542986 0.652045
vt 0.312004 0.539276
vt 0.312004 0.521281
vt 0.542876 0.529731
vt 0.542876 0.499153
vt 0.542986 0.499153
vt 0.542986 0.529731
vt 0.312004 0.467296
vt 0.312004 0.449301
vt 0.484887 0.376839
vt 0.513936 0.376839
vt 0.314755 0.465120
vt 0.314755 0.447560
vt 0.426788 0.376839
vt 0.455837 0.376839
vt 0.314755 0.429999
vt 0.314755 0.412438
vt 0.368689 0.499153
vt 0.368689 0.468575
vt 0.313380 0.539276
vt 0.313380 0.521281
vt 0.368689 0.621467
vt 0.368689 0.590888
vt 0.313380 0.467296
vt 0.313380 0.449301
vt 0.426788 0.743780
vt 0.397738 0.743780
vt 0.316108 0.465120
vt 0.316108 0.447559
vt 0.484887 0.743780
vt 0.455837 0.743780
vt 0.316108 0.429999
vt 0.316108 0.412438
vt 0.368689 0.682623
vt 0.368689 0.652045
vt 0.313380 0.431306
vt 0.313380 0.413311
vt 0.542876 0.713202
vt 0.542876 0.682623
vt 0.542986 0.682623
vt 0.542986 0.713202
vt 0.312004 0.575266
vt 0.312004 0.557271
vt 0.542876 0.590888
vt 0.542876 0.560310
vt 0.542986 0.560310
vt 0.542986 0.590888
vt 0.312004 0.503286
vt 0.312004 0.485291
vt 0.368689 0.560310
vt 0.368689 0.529731
vt 0.313380 0.503286
vt 0.313380 0.485291
vt 0.542876 0.468575
vt 0.542876 0.437996
vt 0.542986 0.437996
vt 0.542986 0.468575
vt 0.312004 0.431306
vt 0.312004 0.413311
vt 0.368689 0.437996
vt 0.368689 0.407418
vt 0.313380 0.575266
vt 0.313380 0.557271
vt 0.397738 0.376839
vt 0.314755 0.394878
vt 0.513936 0.743780
vt 0.316108 0.394878
vt 0.537593 0.376839
vt 0.314789 0.479469
vt 0.375251 0.743780
vt 0.316141 0.478759
usemtl None
s 1
f 4080/4137 3817/4138 3942/4139 4088/4140
f 3875/4141 3844/4142 3969/4143 3998/4144
f 3899/4145 3841/4146 3966/4147 4022/4148
f 3736/4149 3696/4150 3685/4151 3701/4152
f 3735/4153 3697/4154 3686/4155 3702/4156
f 3734/4157 3699/4158 3687/4159 3703/4160
f 3733/4161 3700/4162 3688/4163 3704/4164
f 4092/4165 3836/4166 3910/4167 4093/4168
f 4095/4169 3839/4170 3901/4171 4096/4172
f 3730/4173 3708/4174 3690/4175 3709/4176
f 3729/4177 3707/4178 3689/4179 3710/4180
f 3872/4181 3847/4182 3972/4183 3995/4184
f 3893/4185 3856/4186 3981/4187 4016/4188
f 3726/4189 3713/4190 3692/4191 3715/4192
f 3725/4193 3712/4194 3691/4195 3716/4196
f 3890/4197 3862/4198 3987/4199 4013/4200
f 3723/4201 3718/4202 3694/4203 3720/4204
f 3722/4205 3717/4206 3693/4207 3721/4208
f 3866/4209 3859/4210 3984/4211 3989/4212
f 4046/4213 3796/4214 3921/4215 4054/4216
f 3887/4217 3829/4218 3954/4219 4010/4220
f 3717/4206 3723/4201 3720/4204 3693/4207
f 3883/4221 3830/4222 3717/4206 3722/4205
f 3869/4223 3832/4224 3957/4225 3992/4226
f 3718/4202 3724/4227 3719/4228 3694/4203
f 3886/4229 3833/4230 3718/4202 3723/4201
f 3917/4231 3803/4232 3928/4233 4040/4234
f 3881/4235 3853/4236 3978/4237 4004/4238
f 4062/4239 3736/4149 3701/4152 4060/4240
f 3701/4152 3685/4151 3712/4194 3725/4193
f 3712/4194 3726/4189 3715/4192 3691/4195
f 3685/4151 3703/4160 3726/4189 3712/4194
f 3703/4160 3687/4159 3713/4190 3726/4189
f 3713/4190 3727/4241 3714/4242 3692/4191
f 3687/4159 3705/4243 3727/4241 3713/4190
f 3911/4244 3835/4245 3960/4246 4034/4247
f 3708/4174 3728/4248 3711/4249 3690/4175
f 3688/4163 3706/4250 3728/4248 3708/4174
f 3902/4251 3838/4252 3963/4253 4025/4254
f 3878/4255 3850/4256 3975/4257 4001/4258
f 4059/4259 3735/4153 3702/4156 4057/4260
f 3702/4156 3686/4155 3707/4178 3729/4177
f 3707/4178 3730/4173 3709/4176 3689/4179
f 3686/4155 3704/4164 3730/4173 3707/4178
f 3704/4164 3688/4163 3708/4174 3730/4173
f 3700/4162 3731/4261 3706/4250 3688/4163
f 3692/4191 3714/4242 3731/4261 3700/4162
f 4093/4168 3910/4167 3857/4262 4098/4263
f 3699/4158 3732/4264 3705/4243 3687/4159
f 3694/4203 3719/4228 3732/4264 3699/4158
f 4089/4265 3916/4266 3863/4267 4099/4268
f 3697/4154 3733/4161 3704/4164 3686/4155
f 3691/4195 3715/4192 3733/4161 3697/4154
f 3715/4192 3692/4191 3700/4162 3733/4161
f 3696/4150 3734/4157 3703/4160 3685/4151
f 3693/4207 3720/4204 3734/4157 3696/4150
f 3720/4204 3694/4203 3699/4158 3734/4157
f 3908/4269 3823/4270 3948/4271 4031/4272
f 4061/4273 3725/4193 3716/4196 4064/4274
f 3716/4196 3691/4195 3697/4154 3735/4153
f 3914/4275 3826/4276 3951/4277 4037/4278
f 4055/4279 3722/4205 3721/4208 4065/4280
f 3721/4208 3693/4207 3696/4150 3736/4149
f 3738/4281 3695/4282 3845/4283 3874/4284
f 3689/4179 3709/4176 3737/4285 3695/4282
f 3709/4176 3690/4175 3698/4286 3737/4285
f 3905/4287 3810/4288 3935/4289 4028/4290
f 4058/4291 3729/4177 3710/4180 4063/4292
f 3710/4180 3689/4179 3695/4282 3738/4281
f 3737/4285 3698/4286 3842/4293 3898/4294
f 3690/4175 3711/4249 3739/4295 3698/4286
f 4096/4172 3901/4171 3848/4296 4097/4297
f 4068/4298 4069/4299 3784/4300 3757/4301
f 4107/4302 4108/4303 3971/4304 4026/4305
f 3750/4306 3968/4307 4023/4308 3792/4309
f 3791/4310 3756/4311 3740/4312 3751/4313
f 3790/4314 3757/4301 3741/4315 3752/4316
f 3789/4317 3758/4318 3742/4319 3754/4320
f 3788/4321 3759/4322 3743/4323 3755/4324
f 4103/4325 4104/4326 4035/4327 3959/4328
f 4106/4329 4107/4302 4026/4305 3962/4330
f 3785/4331 3764/4332 3745/4333 3763/4334
f 3784/4300 3765/4335 3744/4336 3762/4337
f 4108/4303 4101/4338 3996/4339 3971/4304
f 4109/4340 4105/4341 4017/4342 3980/4343
f 3781/4344 3770/4345 3747/4346 3768/4347
f 3780/4348 3771/4349 3746/4350 3767/4351
f 4110/4352 4102/4353 4014/4354 3986/4355
f 3778/4356 3775/4357 3749/4358 3773/4359
f 3777/4360 3776/4361 3748/4362 3772/4363
f 4100/4364 4110/4352 3986/4355 4041/4365
f 4083/4366 4100/4364 4041/4365 3927/4367
f 3953/4368 3772/4363 3778/4356 4011/4369
f 3772/4363 3748/4362 3775/4357 3778/4356
f 4011/4369 3778/4356 3773/4359 3956/4370
f 3956/4370 3773/4359 3779/4371 3993/4372
f 3773/4359 3749/4358 3774/4373 3779/4371
f 4102/4353 4103/4325 3959/4328 4014/4354
f 4067/4374 4049/4375 3999/4376 3793/4377
f 4104/4326 4109/4340 3980/4343 4035/4327
f 4073/4378 4071/4379 3756/4311 3791/4310
f 3756/4311 3780/4348 3767/4351 3740/4312
f 3767/4351 3746/4350 3770/4345 3781/4344
f 3740/4312 3767/4351 3781/4344 3758/4318
f 3758/4318 3781/4344 3768/4347 3742/4319
f 3768/4347 3747/4346 3769/4380 3782/4381
f 3742/4319 3768/4347 3782/4381 3760/4382
f 4105/4341 4106/4329 3962/4330 4017/4342
f 3763/4334 3745/4333 3766/4383 3783/4384
f 3743/4323 3763/4334 3783/4384 3761/4385
f 3753/4386 3965/4387 4020/4388 3794/4389
f 4075/4390 4070/4391 3790/4314 3771/4349
f 4070/4391 4068/4298 3757/4301 3790/4314
f 3757/4301 3784/4300 3762/4337 3741/4315
f 3762/4337 3744/4336 3764/4332 3785/4331
f 3741/4315 3762/4337 3785/4331 3759/4322
f 3759/4322 3785/4331 3763/4334 3743/4323
f 3755/4324 3743/4323 3761/4385 3786/4392
f 3747/4346 3755/4324 3786/4392 3769/4380
f 4076/4393 4073/4378 3791/4310 3776/4361
f 3754/4320 3742/4319 3760/4382 3787/4394
f 3749/4358 3754/4320 3787/4394 3774/4373
f 3752/4316 3741/4315 3759/4322 3788/4321
f 3746/4350 3752/4316 3788/4321 3770/4345
f 3770/4345 3788/4321 3755/4324 3747/4346
f 3751/4313 3740/4312 3758/4318 3789/4317
f 3748/4362 3751/4313 3789/4317 3775/4357
f 3775/4357 3789/4317 3754/4320 3749/4358
f 4071/4379 4072/4395 3780/4348 3756/4311
f 4072/4395 4075/4390 3771/4349 3780/4348
f 3771/4349 3790/4314 3752/4316 3746/4350
f 4008/4396 3777/4360 3772/4363 3953/4368
f 4066/4397 4076/4393 3776/4361 3777/4360
f 3776/4361 3791/4310 3751/4313 3748/4362
f 3793/4377 3999/4376 3968/4307 3750/4306
f 3744/4336 3750/4306 3792/4309 3764/4332
f 3764/4332 3792/4309 3753/4386 3745/4333
f 4101/4338 4086/4398 3941/4399 3996/4339
f 4069/4299 4074/4400 3765/4335 3784/4300
f 3765/4335 3793/4377 3750/4306 3744/4336
f 3792/4309 4023/4308 3965/4387 3753/4386
f 3745/4333 3753/4386 3794/4389 3766/4383
f 4074/4400 4067/4374 3793/4377 3765/4335
f 4048/4401 3883/4221 3722/4205 4055/4279
f 4079/4402 3804/4403 3916/4266 4089/4265
f 4090/4404 3871/4405 3818/4406 4082/4407
f 4056/4408 3738/4281 3874/4284 4045/4409
f 4057/4260 3702/4156 3729/4177 4058/4291
f 4060/4240 3701/4152 3725/4193 4061/4273
f 3830/4222 3886/4229 3723/4201 3717/4206
f 3833/4230 3868/4410 3724/4227 3718/4202
f 4091/4411 3889/4412 3836/4166 4092/4165
f 4094/4413 3892/4414 3839/4170 4095/4169
f 3698/4286 3739/4295 3895/4415 3842/4293
f 3695/4282 3737/4285 3898/4294 3845/4283
f 4097/4297 3848/4296 3871/4405 4090/4404
f 4063/4292 3710/4180 3738/4281 4056/4408
f 4064/4274 3716/4196 3735/4153 4059/4259
f 4098/4263 3857/4262 3892/4414 4094/4413
f 4065/4280 3721/4208 3736/4149 4062/4239
f 4099/4268 3863/4267 3889/4412 4091/4411
f 3862/4198 3917/4231 4040/4234 3987/4199
f 3835/4245 3890/4197 4013/4200 3960/4246
f 3850/4256 3905/4287 4028/4290 3975/4257
f 3847/4182 3902/4251 4025/4254 3972/4183
f 3853/4236 3908/4269 4031/4272 3978/4237
f 3856/4186 3911/4244 4034/4247 3981/4187
f 4077/4416 3869/4223 3992/4226 4085/4417
f 3832/4224 3887/4217 4010/4220 3957/4225
f 4052/4418 4066/4397 3777/4360 4008/4396
f 3859/4210 3914/4275 4037/4278 3984/4211
f 3823/4270 3878/4255 4001/4258 3948/4271
f 3844/4142 3899/4145 4022/4148 3969/4143
f 3841/4146 3896/4419 4019/4420 3966/4147
f 3816/4421 3872/4181 3995/4184 3940/4422
f 3826/4276 3881/4235 4004/4238 3951/4277
f 3838/4252 3893/4185 4016/4188 3963/4253
f 3829/4218 3884/4423 4007/4424 3954/4219
f 4043/4425 3875/4141 3998/4144 4051/4426
f 3795/4427 3798/4428 3799/4429 3801/4430
f 3796/4214 3800/4431 3799/4432 3798/4433
f 3797/4434 3801/4435 3799/4436 3800/4437
f 3802/4438 3805/4439 3806/4440 3808/4441
f 3803/4232 3807/4442 3806/4443 3805/4444
f 3804/4403 3808/4445 3806/4446 3807/4447
f 3809/4448 3812/4449 3813/4450 3815/4451
f 3810/4288 3814/4452 3813/4453 3812/4454
f 3811/4455 3815/4456 3813/4457 3814/4458
f 3816/4421 3819/4459 3820/4460 3822/4461
f 3817/4138 3821/4462 3820/4463 3819/4464
f 3818/4406 3822/4465 3820/4466 3821/4467
f 3919/4468 3922/4469 3923/4470 3925/4471
f 3920/4472 3924/4473 3923/4474 3922/4475
f 3921/4215 3925/4476 3923/4477 3924/4478
f 3926/4479 3929/4480 3930/4481 3932/4482
f 3927/4367 3931/4483 3930/4484 3929/4485
f 3928/4233 3932/4486 3930/4487 3931/4488
f 3933/4489 3936/4490 3937/4491 3939/4492
f 3934/4493 3938/4494 3937/4495 3936/4496
f 3935/4289 3939/4497 3937/4498 3938/4499
f 3940/4422 3943/4500 3944/4501 3946/4502
f 3941/4399 3945/4503 3944/4504 3943/4505
f 3942/4139 3946/4506 3944/4507 3945/4508
f 3866/4209 3795/4427 3801/4430 3867/4509
f 3867/4510 3801/4435 3797/4434 3865/4511
f 4077/4416 3802/4438 3808/4441 4078/4512
f 4078/4513 3808/4445 3804/4403 4079/4402
f 3872/4181 3816/4421 3822/4461 3873/4514
f 3873/4515 3822/4465 3818/4406 3871/4405
f 4043/4425 3809/4448 3815/4451 4044/4516
f 4044/4517 3815/4456 3811/4455 4045/4409
f 3878/4255 3823/4270 3825/4518 3879/4519
f 3879/4520 3825/4521 3824/4522 3877/4523
f 3881/4235 3826/4276 3828/4524 3882/4525
f 3882/4526 3828/4527 3827/4528 3880/4529
f 3884/4423 3829/4218 3831/4530 3885/4531
f 3885/4532 3831/4533 3830/4222 3883/4221
f 3887/4217 3832/4224 3834/4534 3888/4535
f 3888/4536 3834/4537 3833/4230 3886/4229
f 3890/4197 3835/4245 3837/4538 3891/4539
f 3891/4540 3837/4541 3836/4166 3889/4412
f 3893/4185 3838/4252 3840/4542 3894/4543
f 3894/4544 3840/4545 3839/4170 3892/4414
f 3896/4419 3841/4146 3843/4546 3897/4547
f 3897/4548 3843/4549 3842/4293 3895/4415
f 3899/4145 3844/4142 3846/4550 3900/4551
f 3900/4552 3846/4553 3845/4283 3898/4294
f 3902/4251 3847/4182 3849/4554 3903/4555
f 3903/4556 3849/4557 3848/4296 3901/4171
f 3905/4287 3850/4256 3852/4558 3906/4559
f 3906/4560 3852/4561 3851/4562 3904/4563
f 3908/4269 3853/4236 3855/4564 3909/4565
f 3909/4566 3855/4567 3854/4568 3907/4569
f 3911/4244 3856/4186 3858/4570 3912/4571
f 3912/4572 3858/4573 3857/4262 3910/4167
f 3914/4275 3859/4210 3861/4574 3915/4575
f 3915/4576 3861/4577 3860/4578 3913/4579
f 3917/4231 3862/4198 3864/4580 3918/4581
f 3918/4582 3864/4583 3863/4267 3916/4266
f 3859/4210 3866/4209 3867/4509 3861/4574
f 3861/4577 3867/4510 3865/4511 3860/4578
f 3832/4224 3869/4223 3870/4584 3834/4534
f 3834/4537 3870/4585 3868/4410 3833/4230
f 3847/4182 3872/4181 3873/4514 3849/4554
f 3849/4557 3873/4515 3871/4405 3848/4296
f 3844/4142 3875/4141 3876/4586 3846/4550
f 3846/4553 3876/4587 3874/4284 3845/4283
f 3850/4256 3878/4255 3879/4519 3852/4558
f 3852/4561 3879/4520 3877/4523 3851/4562
f 3853/4236 3881/4235 3882/4525 3855/4564
f 3855/4567 3882/4526 3880/4529 3854/4568
f 4046/4213 3884/4423 3885/4531 4047/4588
f 4047/4589 3885/4532 3883/4221 4048/4401
f 3829/4218 3887/4217 3888/4535 3831/4530
f 3831/4533 3888/4536 3886/4229 3830/4222
f 3862/4198 3890/4197 3891/4539 3864/4580
f 3864/4583 3891/4540 3889/4412 3863/4267
f 3856/4186 3893/4185 3894/4543 3858/4570
f 3858/4573 3894/4544 3892/4414 3857/4262
f 4080/4137 3896/4419 3897/4547 4081/4590
f 4081/4591 3897/4548 3895/4415 4082/4407
f 3841/4146 3899/4145 3900/4551 3843/4546
f 3843/4549 3900/4552 3898/4294 3842/4293
f 3838/4252 3902/4251 3903/4555 3840/4542
f 3840/4545 3903/4556 3901/4171 3839/4170
f 3810/4288 3905/4287 3906/4559 3814/4452
f 3814/4458 3906/4560 3904/4563 3811/4455
f 3823/4270 3908/4269 3909/4565 3825/4518
f 3825/4521 3909/4566 3907/4569 3824/4522
f 3835/4245 3911/4244 3912/4571 3837/4538
f 3837/4541 3912/4572 3910/4167 3836/4166
f 3826/4276 3914/4275 3915/4575 3828/4524
f 3828/4527 3915/4576 3913/4579 3827/4528
f 3803/4232 3917/4231 3918/4581 3807/4442
f 3807/4447 3918/4582 3916/4266 3804/4403
f 3990/4592 3920/4472 3922/4475 3991/4593
f 3991/4594 3922/4469 3919/4468 3989/4212
f 4083/4366 3927/4367 3929/4485 4084/4595
f 4084/4596 3929/4480 3926/4479 4085/4417
f 3996/4339 3941/4399 3943/4505 3997/4597
f 3997/4598 3943/4500 3940/4422 3995/4184
f 4049/4375 3934/4493 3936/4496 4050/4599
f 4050/4600 3936/4490 3933/4489 4051/4426
f 4002/4601 3947/4602 3949/4603 4003/4604
f 4003/4605 3949/4606 3948/4271 4001/4258
f 4005/4607 3950/4608 3952/4609 4006/4610
f 4006/4611 3952/4612 3951/4277 4004/4238
f 4008/4396 3953/4368 3955/4613 4009/4614
f 4009/4615 3955/4616 3954/4219 4007/4424
f 4011/4369 3956/4370 3958/4617 4012/4618
f 4012/4619 3958/4620 3957/4225 4010/4220
f 4014/4354 3959/4328 3961/4621 4015/4622
f 4015/4623 3961/4624 3960/4246 4013/4200
f 4017/4342 3962/4330 3964/4625 4018/4626
f 4018/4627 3964/4628 3963/4253 4016/4188
f 4020/4388 3965/4387 3967/4629 4021/4630
f 4021/4631 3967/4632 3966/4147 4019/4420
f 4023/4308 3968/4307 3970/4633 4024/4634
f 4024/4635 3970/4636 3969/4143 4022/4148
f 4026/4305 3971/4304 3973/4637 4027/4638
f 4027/4639 3973/4640 3972/4183 4025/4254
f 4029/4641 3974/4642 3976/4643 4030/4644
f 4030/4645 3976/4646 3975/4257 4028/4290
f 4032/4647 3977/4648 3979/4649 4033/4650
f 4033/4651 3979/4652 3978/4237 4031/4272
f 4035/4327 3980/4343 3982/4653 4036/4654
f 4036/4655 3982/4656 3981/4187 4034/4247
f 4038/4657 3983/4658 3985/4659 4039/4660
f 4039/4661 3985/4662 3984/4211 4037/4278
f 4041/4365 3986/4355 3988/4663 4042/4664
f 4042/4665 3988/4666 3987/4199 4040/4234
f 3983/4658 3990/4592 3991/4593 3985/4659
f 3985/4662 3991/4594 3989/4212 3984/4211
f 3956/4370 3993/4372 3994/4667 3958/4617
f 3958/4620 3994/4668 3992/4226 3957/4225
f 3971/4304 3996/4339 3997/4597 3973/4637
f 3973/4640 3997/4598 3995/4184 3972/4183
f 3968/4307 3999/4376 4000/4669 3970/4633
f 3970/4636 4000/4670 3998/4144 3969/4143
f 3974/4642 4002/4601 4003/4604 3976/4643
f 3976/4646 4003/4605 4001/4258 3975/4257
f 3977/4648 4005/4607 4006/4610 3979/4649
f 3979/4652 4006/4611 4004/4238 3978/4237
f 4052/4418 4008/4396 4009/4614 4053/4671
f 4053/4672 4009/4615 4007/4424 4054/4216
f 3953/4368 4011/4369 4012/4618 3955/4613
f 3955/4616 4012/4619 4010/4220 3954/4219
f 3986/4355 4014/4354 4015/4622 3988/4663
f 3988/4666 4015/4623 4013/4200 3987/4199
f 3980/4343 4017/4342 4018/4626 3982/4653
f 3982/4656 4018/4627 4016/4188 3981/4187
f 4086/4398 4020/4388 4021/4630 4087/4673
f 4087/4674 4021/4631 4019/4420 4088/4140
f 3965/4387 4023/4308 4024/4634 3967/4629
f 3967/4632 4024/4635 4022/4148 3966/4147
f 3962/4330 4026/4305 4027/4638 3964/4625
f 3964/4628 4027/4639 4025/4254 3963/4253
f 3934/4493 4029/4641 4030/4644 3938/4494
f 3938/4499 4030/4645 4028/4290 3935/4289
f 3947/4602 4032/4647 4033/4650 3949/4603
f 3949/4606 4033/4651 4031/4272 3948/4271
f 3959/4328 4035/4327 4036/4654 3961/4621
f 3961/4624 4036/4655 4034/4247 3960/4246
f 3950/4608 4038/4657 4039/4660 3952/4609
f 3952/4612 4039/4661 4037/4278 3951/4277
f 3927/4367 4041/4365 4042/4664 3931/4483
f 3931/4488 4042/4665 4040/4234 3928/4233
f 3795/4427 3919/4468 3925/4471 3798/4428
f 3798/4433 3925/4476 3921/4215 3796/4214
f 3802/4438 3926/4479 3932/4482 3805/4439
f 3805/4444 3932/4486 3928/4233 3803/4232
f 3809/4448 3933/4489 3939/4492 3812/4449
f 3812/4454 3939/4497 3935/4289 3810/4288
f 3816/4421 3940/4422 3946/4502 3819/4459
f 3819/4464 3946/4506 3942/4139 3817/4138
f 3795/4427 3866/4209 3989/4212 3919/4468
f 3924/4478 4053/4672 4054/4216 3921/4215
f 3920/4472 4052/4418 4053/4671 3924/4473
f 4000/4670 4050/4600 4051/4426 3998/4144
f 3999/4376 4049/4375 4050/4599 4000/4669
f 3800/4437 4047/4589 4048/4401 3797/4434
f 3796/4214 4046/4213 4047/4588 3800/4431
f 3876/4587 4044/4517 4045/4409 3874/4284
f 3875/4141 4043/4425 4044/4516 3876/4586
f 3809/4448 4043/4425 4051/4426 3933/4489
f 3920/4472 3990/4592 4066/4397 4052/4418
f 3860/4578 4065/4280 4062/4239 3913/4579
f 3854/4568 4064/4274 4059/4259 3907/4569
f 3851/4562 4063/4292 4056/4408 3904/4563
f 3827/4528 4060/4240 4061/4273 3880/4529
f 3824/4522 4057/4260 4058/4291 3877/4523
f 3904/4563 4056/4408 4045/4409 3811/4455
f 3797/4434 4048/4401 4055/4279 3865/4511
f 3974/4642 4029/4641 4067/4374 4074/4400
f 4002/4601 3974/4642 4074/4400 4069/4299
f 3990/4592 3983/4658 4076/4393 4066/4397
f 4005/4607 3977/4648 4075/4390 4072/4395
f 3950/4608 4005/4607 4072/4395 4071/4379
f 3983/4658 4038/4657 4073/4378 4076/4393
f 4032/4647 3947/4602 4068/4298 4070/4391
f 3977/4648 4032/4647 4070/4391 4075/4390
f 4038/4657 3950/4608 4071/4379 4073/4378
f 4029/4641 3934/4493 4049/4375 4067/4374
f 3947/4602 4002/4601 4069/4299 4068/4298
f 3877/4523 4058/4291 4063/4292 3851/4562
f 3865/4511 4055/4279 4065/4280 3860/4578
f 3880/4529 4061/4273 4064/4274 3854/4568
f 3907/4569 4059/4259 4057/4260 3824/4522
f 3913/4579 4062/4239 4060/4240 3827/4528
f 3884/4423 4046/4213 4054/4216 4007/4424
f 3945/4508 4087/4674 4088/4140 3942/4139
f 3941/4399 4086/4398 4087/4673 3945/4503
f 3994/4668 4084/4596 4085/4417 3992/4226
f 3993/4372 4083/4366 4084/4595 3994/4667
f 3821/4467 4081/4591 4082/4407 3818/4406
f 3817/4138 4080/4137 4081/4590 3821/4462
f 3870/4585 4078/4513 4079/4402 3868/4410
f 3869/4223 4077/4416 4078/4512 3870/4584
f 3802/4438 4077/4416 4085/4417 3926/4479
f 3719/4228 4099/4268 4091/4411 3732/4264
f 3714/4242 4098/4263 4094/4413 3731/4261
f 3711/4249 4097/4297 4090/4404 3739/4295
f 3731/4261 4094/4413 4095/4169 3706/4250
f 3732/4264 4091/4411 4092/4165 3705/4243
f 3739/4295 4090/4404 4082/4407 3895/4415
f 3868/4410 4079/4402 4089/4265 3724/4227
f 3794/4389 4020/4388 4086/4398 4101/4338
f 3786/4392 3761/4385 4106/4329 4105/4341
f 3782/4381 3769/4380 4109/4340 4104/4326
f 3787/4394 3760/4382 4103/4325 4102/4353
f 3993/4372 3779/4371 4100/4364 4083/4366
f 3779/4371 3774/4373 4110/4352 4100/4364
f 3774/4373 3787/4394 4102/4353 4110/4352
f 3769/4380 3786/4392 4105/4341 4109/4340
f 3766/4383 3794/4389 4101/4338 4108/4303
f 3761/4385 3783/4384 4107/4302 4106/4329
f 3760/4382 3782/4381 4104/4326 4103/4325
f 3783/4384 3766/4383 4108/4303 4107/4302
f 3728/4248 4096/4172 4097/4297 3711/4249
f 3724/4227 4089/4265 4099/4268 3719/4228
f 3727/4241 4093/4168 4098/4263 3714/4242
f 3706/4250 4095/4169 4096/4172 3728/4248
f 3705/4243 4092/4165 4093/4168 3727/4241
f 3896/4419 4080/4137 4088/4140 4019/4420
o envelope-opened
v -0.013006 0.033099 0.097009
v -0.010288 0.037842 0.094742
v -0.013041 0.033116 0.089312
v -0.017561 0.025491 0.097009
v -0.012537 0.034080 0.102450
v -0.012533 0.034089 0.102499
v -0.008256 0.041478 0.098906
v -0.017626 0.025531 0.102450
v -0.017627 0.025532 0.102500
v -0.022373 0.017923 0.102450
v -0.022373 0.017924 0.102500
v -0.027193 0.010372 0.102450
v -0.022290 0.017873 0.097009
v -0.022199 0.017817 0.088988
v -0.027100 0.010316 0.097009
v -0.031954 0.002790 0.097009
v -0.027001 0.010256 0.088826
v -0.031862 0.002735 0.088664
v -0.027008 0.010260 0.074295
v -0.031870 0.002739 0.074295
v -0.022205 0.017821 0.074295
v -0.027019 0.010266 0.059417
v -0.031880 0.002745 0.059417
v -0.022215 0.017826 0.059417
v -0.027024 0.010269 0.044539
v -0.031886 0.002748 0.044539
v -0.022217 0.017828 0.044539
v -0.027024 0.010269 0.029661
v -0.031887 0.002749 0.029661
v -0.022217 0.017828 0.029661
v -0.027024 0.010269 0.014783
v -0.031887 0.002749 0.014783
v -0.022217 0.017828 0.014783
v -0.027024 0.010269 -0.000095
v -0.031887 0.002749 -0.000095
v -0.022217 0.017828 -0.000095
v -0.027024 0.010269 -0.014973
v -0.031887 0.002749 -0.014973
v -0.022217 0.017828 -0.014973
v -0.027024 0.010269 -0.029851
v -0.031887 0.002749 -0.029851
v -0.022217 0.017828 -0.029851
v -0.027024 0.010269 -0.044729
v -0.031887 0.002749 -0.044729
v -0.022217 0.017828 -0.044729
v -0.027024 0.010269 -0.059607
v -0.031887 0.002749 -0.059607
v -0.022217 0.017828 -0.059607
v -0.027024 0.010269 -0.074486
v -0.031887 0.002749 -0.074486
v -0.022217 0.017828 -0.074486
v -0.027030 0.010272 -0.089269
v -0.022222 0.017831 -0.089269
v -0.031892 0.002752 -0.089269
v -0.027115 0.010324 -0.097009
v -0.022297 0.017877 -0.097009
v -0.031973 0.002800 -0.097009
v -0.027197 0.010374 -0.102449
v -0.027198 0.010375 -0.102500
v -0.032053 0.002848 -0.102450
v -0.022373 0.017923 -0.102449
v -0.022373 0.017924 -0.102500
v -0.017626 0.025531 -0.102449
v -0.017627 0.025532 -0.102500
v -0.013066 0.033166 -0.102449
v -0.017561 0.025491 -0.097009
v -0.013006 0.033099 -0.097009
v -0.017524 0.025466 -0.089269
v -0.013041 0.033116 -0.089269
v -0.017520 0.025464 -0.074486
v -0.013041 0.033116 -0.074486
v -0.017520 0.025464 -0.059607
v -0.013041 0.033116 -0.059607
v -0.017520 0.025464 -0.044729
v -0.013041 0.033116 -0.044729
v -0.017520 0.025464 -0.029851
v -0.013041 0.033116 -0.029851
v -0.017520 0.025464 -0.014973
v -0.013041 0.033116 -0.014973
v -0.017520 0.025464 -0.000095
v -0.013041 0.033116 -0.000095
v -0.017520 0.025464 0.014783
v -0.013041 0.033116 0.014783
v -0.017520 0.025464 0.029661
v -0.013041 0.033116 0.029661
v -0.017520 0.025464 0.044539
v -0.013041 0.033116 0.044539
v -0.017520 0.025464 0.059417
v -0.013041 0.033116 0.059417
v -0.017513 0.025459 0.074295
v -0.013041 0.033116 0.074295
v -0.017509 0.025457 0.089150
v -0.009183 0.039818 0.074295
v -0.009183 0.039819 0.089269
v -0.009183 0.039818 0.059417
v -0.006529 0.044567 0.074295
v -0.006505 0.044611 0.074295
v -0.006529 0.044567 0.090351
v -0.006529 0.044567 0.059417
v -0.006505 0.044611 0.059417
v -0.006529 0.044567 0.044539
v -0.006505 0.044611 0.044539
v -0.006529 0.044567 0.029661
v -0.009183 0.039818 0.044539
v -0.009183 0.039818 0.029661
v -0.009183 0.039818 0.014783
v -0.009183 0.039818 -0.000095
v -0.006529 0.044567 0.014783
v -0.006505 0.044611 0.014783
v -0.006529 0.044567 -0.000095
v -0.006505 0.044611 -0.000095
v -0.006529 0.044567 -0.014973
v -0.006505 0.044611 -0.014973
v -0.006529 0.044567 -0.029851
v -0.009183 0.039818 -0.014973
v -0.009183 0.039818 -0.029851
v -0.009183 0.039818 -0.044729
v -0.009183 0.039818 -0.059607
v -0.006529 0.044567 -0.044729
v -0.006505 0.044611 -0.044729
v -0.006529 0.044567 -0.059607
v -0.006505 0.044611 -0.059607
v -0.006529 0.044567 -0.074486
v -0.006505 0.044611 -0.074486
v -0.006529 0.044567 -0.090351
v -0.009183 0.039818 -0.074486
v -0.009183 0.039819 -0.089269
v -0.010288 0.037842 -0.094742
v -0.008256 0.041478 -0.098907
v -0.008239 0.041508 -0.098942
v -0.008194 0.041486 -0.098945
v -0.006505 0.044610 -0.090361
v -0.013064 0.033170 -0.102498
v -0.013023 0.033142 -0.102501
v -0.017584 0.025506 -0.102501
v -0.012851 0.033040 -0.102503
v -0.012806 0.033019 -0.102503
v -0.008020 0.041388 -0.098946
v -0.017413 0.025401 -0.102504
v -0.017371 0.025375 -0.102505
v -0.022162 0.017790 -0.102504
v -0.022120 0.017764 -0.102505
v -0.026988 0.010239 -0.102504
v -0.022331 0.017897 -0.102501
v -0.027156 0.010348 -0.102501
v -0.032013 0.002819 -0.102501
v -0.032053 0.002848 -0.102500
v -0.032743 0.001927 -0.102500
v -0.031852 0.002700 -0.102504
v -0.031812 0.002671 -0.102505
v -0.032642 0.001760 -0.102501
v -0.032616 0.001718 -0.102502
v -0.033718 0.001474 -0.102498
v -0.033710 0.001424 -0.102498
v -0.049997 0.000520 -0.102498
v -0.033745 0.001671 -0.102500
v -0.033752 0.001721 -0.102500
v -0.050005 0.000719 -0.102500
v -0.050007 0.000769 -0.102500
v -0.066344 0.000286 -0.102500
v -0.066344 0.000336 -0.102500
v -0.082678 0.000283 -0.102500
v -0.066341 0.000086 -0.102499
v -0.066340 0.000036 -0.102499
v -0.082678 0.000084 -0.102500
v -0.082678 0.000033 -0.102500
v -0.099015 0.000086 -0.102499
v -0.099015 0.000036 -0.102499
v -0.115362 0.000520 -0.102498
v -0.099012 0.000286 -0.102500
v -0.099011 0.000336 -0.102500
v -0.115353 0.000719 -0.102500
v -0.115351 0.000769 -0.102500
v -0.131668 0.001652 -0.102500
v -0.131655 0.001700 -0.102500
v -0.132583 0.002160 -0.102500
v -0.131719 0.001462 -0.102498
v -0.131733 0.001413 -0.102498
v -0.132713 0.002012 -0.102502
v -0.132746 0.001975 -0.102502
v -0.133389 0.003019 -0.102504
v -0.133432 0.002993 -0.102505
v -0.137819 0.010799 -0.102504
v -0.133219 0.003125 -0.102501
v -0.133177 0.003151 -0.102500
v -0.137645 0.010897 -0.102501
v -0.137602 0.010922 -0.102500
v -0.142035 0.018684 -0.102501
v -0.141992 0.018708 -0.102500
v -0.146345 0.026527 -0.102501
v -0.142210 0.018587 -0.102504
v -0.142254 0.018563 -0.102505
v -0.146522 0.026432 -0.102504
v -0.146566 0.026409 -0.102505
v -0.151137 0.035263 -0.102504
v -0.151181 0.035240 -0.102503
v -0.155013 0.042907 -0.098946
v -0.150959 0.035354 -0.102501
v -0.150914 0.035377 -0.102499
v -0.154833 0.042996 -0.098945
v -0.154787 0.043015 -0.098942
v -0.156390 0.046183 -0.090361
v -0.156345 0.046204 -0.090361
v -0.156390 0.046183 -0.074486
v -0.156570 0.046096 -0.090361
v -0.156614 0.046073 -0.090361
v -0.156570 0.046096 -0.074486
v -0.156615 0.046074 -0.074486
v -0.156570 0.046096 -0.059607
v -0.156615 0.046074 -0.059607
v -0.156570 0.046096 -0.044729
v -0.156390 0.046183 -0.059607
v -0.156345 0.046205 -0.059607
v -0.156390 0.046183 -0.044729
v -0.156345 0.046205 -0.044729
v -0.156390 0.046183 -0.029851
v -0.156345 0.046205 -0.029851
v -0.156390 0.046183 -0.014973
v -0.156570 0.046096 -0.029851
v -0.156615 0.046074 -0.029851
v -0.156570 0.046096 -0.014973
v -0.156615 0.046074 -0.014973
v -0.156570 0.046096 -0.000095
v -0.156615 0.046074 -0.000095
v -0.156570 0.046096 0.014783
v -0.156390 0.046183 -0.000095
v -0.156345 0.046205 -0.000095
v -0.156390 0.046183 0.014783
v -0.156345 0.046205 0.014783
v -0.156390 0.046183 0.029661
v -0.156345 0.046205 0.029661
v -0.156390 0.046183 0.044539
v -0.156570 0.046096 0.029661
v -0.156615 0.046074 0.029661
v -0.156570 0.046096 0.044539
v -0.156615 0.046074 0.044539
v -0.156570 0.046096 0.059417
v -0.156615 0.046074 0.059417
v -0.156570 0.046096 0.074295
v -0.156390 0.046183 0.059417
v -0.156345 0.046205 0.059417
v -0.156390 0.046183 0.074295
v -0.156345 0.046205 0.074295
v -0.156390 0.046183 0.090361
v -0.156345 0.046204 0.090361
v -0.154833 0.042996 0.098945
v -0.156570 0.046096 0.090361
v -0.156614 0.046073 0.090361
v -0.155013 0.042907 0.098946
v -0.155056 0.042882 0.098943
v -0.151137 0.035263 0.102504
v -0.151181 0.035240 0.102503
v -0.146522 0.026432 0.102504
v -0.150959 0.035354 0.102501
v -0.150914 0.035377 0.102499
v -0.146345 0.026527 0.102501
v -0.146301 0.026550 0.102500
v -0.142035 0.018684 0.102501
v -0.141992 0.018708 0.102500
v -0.137650 0.010895 0.102501
v -0.142210 0.018587 0.102504
v -0.142254 0.018563 0.102505
v -0.137824 0.010796 0.102505
v -0.137867 0.010772 0.102506
v -0.133400 0.003013 0.102505
v -0.133443 0.002987 0.102506
v -0.132724 0.002013 0.102502
v -0.133230 0.003120 0.102501
v -0.133188 0.003146 0.102500
v -0.132595 0.002162 0.102500
v -0.132563 0.002200 0.102500
v -0.131674 0.001664 0.102500
v -0.131661 0.001713 0.102500
v -0.115353 0.000736 0.102499
v -0.131723 0.001474 0.102498
v -0.131737 0.001425 0.102497
v -0.115362 0.000537 0.102497
v -0.115364 0.000487 0.102497
v -0.099015 0.000089 0.102499
v -0.099015 0.000038 0.102499
v -0.082678 0.000084 0.102500
v -0.099012 0.000288 0.102500
v -0.099011 0.000338 0.102500
v -0.082678 0.000283 0.102500
v -0.082678 0.000333 0.102500
v -0.066344 0.000287 0.102500
v -0.066344 0.000338 0.102500
v -0.050005 0.000733 0.102500
v -0.066341 0.000088 0.102499
v -0.066340 0.000038 0.102499
v -0.049996 0.000534 0.102498
v -0.049994 0.000483 0.102497
v -0.033712 0.001483 0.102498
v -0.033704 0.001433 0.102497
v -0.032633 0.001760 0.102502
v -0.033738 0.001680 0.102500
v -0.033745 0.001730 0.102500
v -0.032732 0.001928 0.102500
v -0.032758 0.001971 0.102500
v -0.032004 0.002814 0.102501
v -0.032044 0.002843 0.102500
v -0.027152 0.010345 0.102501
v -0.031843 0.002694 0.102504
v -0.031803 0.002665 0.102505
v -0.026984 0.010237 0.102505
v -0.026942 0.010210 0.102506
v -0.022162 0.017791 0.102504
v -0.022119 0.017764 0.102505
v -0.017413 0.025402 0.102504
v -0.022331 0.017897 0.102501
v -0.017584 0.025506 0.102501
v -0.012489 0.034064 0.102501
v -0.008194 0.041486 0.098945
v -0.012316 0.033963 0.102503
v -0.012273 0.033938 0.102503
v -0.008020 0.041388 0.098946
v -0.007978 0.041361 0.098943
v -0.006287 0.044489 0.090361
v -0.006244 0.044463 0.090361
v -0.006287 0.044489 0.074295
v -0.006461 0.044586 0.090361
v -0.006505 0.044610 0.090361
v -0.006461 0.044586 0.074295
v -0.006461 0.044586 0.059417
v -0.006461 0.044586 0.044539
v -0.006287 0.044489 0.059417
v -0.006243 0.044464 0.059417
v -0.006287 0.044489 0.044539
v -0.006243 0.044464 0.044539
v -0.006287 0.044489 0.029661
v -0.006243 0.044464 0.029661
v -0.006287 0.044489 0.014783
v -0.006461 0.044586 0.029661
v -0.006505 0.044611 0.029661
v -0.006461 0.044586 0.014783
v -0.006461 0.044586 -0.000095
v -0.006461 0.044586 -0.014973
v -0.006287 0.044489 -0.000095
v -0.006243 0.044464 -0.000095
v -0.006287 0.044489 -0.014973
v -0.006243 0.044464 -0.014973
v -0.006287 0.044489 -0.029851
v -0.006243 0.044464 -0.029851
v -0.006287 0.044489 -0.044729
v -0.006461 0.044586 -0.029851
v -0.006505 0.044611 -0.029851
v -0.006461 0.044586 -0.044729
v -0.006461 0.044586 -0.059607
v -0.006461 0.044586 -0.074486
v -0.006287 0.044489 -0.059607
v -0.006243 0.044464 -0.059607
v -0.006287 0.044489 -0.074486
v -0.006243 0.044464 -0.074486
v -0.006287 0.044489 -0.090361
v -0.006244 0.044463 -0.090361
v -0.006461 0.044586 -0.090361
v -0.006267 0.044421 -0.090351
v -0.007978 0.041360 -0.098944
v -0.007994 0.041331 -0.098909
v -0.012807 0.033015 -0.102453
v -0.010027 0.037694 -0.094742
v -0.008922 0.039671 -0.089268
v -0.012747 0.032948 -0.097011
v -0.012782 0.032965 -0.089268
v -0.017305 0.025335 -0.097011
v -0.022043 0.017717 -0.097013
v -0.017267 0.025311 -0.089269
v -0.017370 0.025375 -0.102454
v -0.022119 0.017763 -0.102454
v -0.026945 0.010212 -0.102455
v -0.026946 0.010212 -0.102505
v -0.031811 0.002670 -0.102454
v -0.026862 0.010162 -0.097013
v -0.031732 0.002621 -0.097013
v -0.026777 0.010110 -0.089270
v -0.021968 0.017671 -0.089270
v -0.031654 0.002570 -0.089270
v -0.026772 0.010107 -0.074486
v -0.031649 0.002566 -0.074486
v -0.021963 0.017669 -0.074486
v -0.026772 0.010107 -0.059607
v -0.031649 0.002566 -0.059607
v -0.021963 0.017669 -0.059607
v -0.026772 0.010107 -0.044729
v -0.031649 0.002566 -0.044729
v -0.021963 0.017669 -0.044729
v -0.026772 0.010107 -0.029851
v -0.031649 0.002566 -0.029851
v -0.021963 0.017669 -0.029851
v -0.026772 0.010107 -0.014973
v -0.031649 0.002566 -0.014973
v -0.021963 0.017669 -0.014973
v -0.026772 0.010107 -0.000095
v -0.031649 0.002566 -0.000095
v -0.021963 0.017669 -0.000095
v -0.026772 0.010107 0.014783
v -0.031649 0.002566 0.014783
v -0.021963 0.017669 0.014783
v -0.026772 0.010107 0.029661
v -0.031649 0.002566 0.029661
v -0.021963 0.017669 0.029661
v -0.026771 0.010107 0.044539
v -0.031648 0.002565 0.044539
v -0.021963 0.017669 0.044539
v -0.026767 0.010105 0.059417
v -0.031643 0.002562 0.059417
v -0.021960 0.017667 0.059417
v -0.026756 0.010098 0.074295
v -0.031632 0.002556 0.074295
v -0.021950 0.017662 0.074295
v -0.026749 0.010094 0.088828
v -0.031624 0.002552 0.088666
v -0.021945 0.017658 0.088990
v -0.026848 0.010154 0.097013
v -0.031714 0.002609 0.097013
v -0.022036 0.017713 0.097013
v -0.026941 0.010210 0.102456
v -0.022119 0.017764 0.102455
v -0.031802 0.002664 0.102455
v -0.032605 0.001715 0.102452
v -0.033705 0.001433 0.102447
v -0.032607 0.001718 0.102502
v -0.032509 0.001720 0.097010
v -0.033644 0.001508 0.097006
v -0.032414 0.001722 0.088658
v -0.033584 0.001585 0.088650
v -0.032425 0.001720 0.074295
v -0.032435 0.001720 0.059417
v -0.033591 0.001579 0.074295
v -0.033597 0.001570 0.059417
v -0.049991 0.000605 0.074295
v -0.066339 0.000056 0.074295
v -0.049991 0.000597 0.059417
v -0.049991 0.000609 0.088742
v -0.066339 0.000056 0.088834
v -0.049993 0.000547 0.097006
v -0.066340 0.000046 0.097008
v -0.049994 0.000484 0.102447
v -0.066340 0.000038 0.102449
v -0.082678 0.000033 0.102450
v -0.099015 0.000038 0.102449
v -0.082678 0.000033 0.102500
v -0.082678 0.000033 0.097008
v -0.099016 0.000047 0.097008
v -0.082678 0.000033 0.088926
v -0.099016 0.000059 0.089018
v -0.082678 0.000033 0.074295
v -0.099016 0.000058 0.074295
v -0.082678 0.000033 0.059417
v -0.066339 0.000054 0.059417
v -0.099016 0.000055 0.059417
v -0.082678 0.000033 0.044539
v -0.066339 0.000053 0.044539
v -0.099016 0.000053 0.044539
v -0.082678 0.000033 0.029661
v -0.066339 0.000052 0.029661
v -0.099016 0.000052 0.029661
v -0.082678 0.000033 0.014783
v -0.066339 0.000052 0.014783
v -0.099016 0.000052 0.014783
v -0.082678 0.000033 -0.000095
v -0.066339 0.000052 -0.000095
v -0.099016 0.000052 -0.000095
v -0.082678 0.000033 -0.014973
v -0.066339 0.000052 -0.014973
v -0.099016 0.000052 -0.014973
v -0.082678 0.000033 -0.029851
v -0.066339 0.000052 -0.029851
v -0.099016 0.000052 -0.029851
v -0.082678 0.000033 -0.044729
v -0.066339 0.000052 -0.044729
v -0.099016 0.000052 -0.044729
v -0.082678 0.000033 -0.059607
v -0.066339 0.000052 -0.059607
v -0.099016 0.000052 -0.059607
v -0.082678 0.000033 -0.074486
v -0.066339 0.000052 -0.074486
v -0.099016 0.000052 -0.074486
v -0.082678 0.000033 -0.089268
v -0.099016 0.000051 -0.089268
v -0.066339 0.000051 -0.089268
v -0.082678 0.000033 -0.097008
v -0.099016 0.000042 -0.097008
v -0.066340 0.000042 -0.097008
v -0.082678 0.000033 -0.102450
v -0.066340 0.000036 -0.102449
v -0.099015 0.000036 -0.102449
v -0.115364 0.000470 -0.102447
v -0.115364 0.000470 -0.102497
v -0.131733 0.001412 -0.102448
v -0.115366 0.000528 -0.097006
v -0.131772 0.001490 -0.097007
v -0.115369 0.000585 -0.089268
v -0.131808 0.001568 -0.089268
v -0.115369 0.000589 -0.074486
v -0.131807 0.001572 -0.074486
v -0.115369 0.000589 -0.059607
v -0.131807 0.001572 -0.059607
v -0.115369 0.000589 -0.044729
v -0.131807 0.001572 -0.044729
v -0.115369 0.000589 -0.029851
v -0.131807 0.001572 -0.029851
v -0.115369 0.000589 -0.014973
v -0.131807 0.001572 -0.014973
v -0.115369 0.000589 -0.000095
v -0.131807 0.001572 -0.000095
v -0.115369 0.000589 0.014783
v -0.131807 0.001572 0.014783
v -0.115369 0.000589 0.029661
v -0.131807 0.001572 0.029661
v -0.115369 0.000592 0.044539
v -0.131808 0.001574 0.044539
v -0.115369 0.000601 0.059417
v -0.131811 0.001584 0.059417
v -0.115369 0.000614 0.074295
v -0.131818 0.001600 0.074295
v -0.115369 0.000616 0.089109
v -0.131822 0.001603 0.089201
v -0.115366 0.000552 0.097006
v -0.131781 0.001514 0.097006
v -0.115364 0.000487 0.102447
v -0.131737 0.001425 0.102447
v -0.132758 0.001974 0.102452
v -0.132757 0.001975 0.102502
v -0.133444 0.002987 0.102456
v -0.132856 0.001985 0.097010
v -0.133536 0.002933 0.097013
v -0.132951 0.001994 0.089207
v -0.133629 0.002878 0.089213
v -0.132945 0.001992 0.074295
v -0.132928 0.001989 0.059417
v -0.133625 0.002879 0.074295
v -0.133609 0.002888 0.059417
v -0.138066 0.010661 0.074295
v -0.142433 0.018461 0.074295
v -0.138048 0.010670 0.059417
v -0.138068 0.010660 0.089251
v -0.142436 0.018460 0.089288
v -0.137965 0.010717 0.097014
v -0.142340 0.018513 0.097013
v -0.137868 0.010771 0.102456
v -0.142255 0.018562 0.102455
v -0.146566 0.026408 0.102455
v -0.146566 0.026409 0.102505
v -0.151178 0.035231 0.102454
v -0.146632 0.026369 0.097012
v -0.150762 0.034222 0.097011
v -0.146688 0.026336 0.089324
v -0.150727 0.034236 0.089360
v -0.146686 0.026337 0.074295
v -0.150726 0.034237 0.074295
v -0.146675 0.026343 0.059417
v -0.142417 0.018469 0.059417
v -0.150726 0.034237 0.059417
v -0.146674 0.026343 0.044539
v -0.142413 0.018471 0.044539
v -0.150726 0.034237 0.044539
v -0.146674 0.026343 0.029661
v -0.142413 0.018471 0.029661
v -0.150726 0.034237 0.029661
v -0.146674 0.026343 0.014783
v -0.142413 0.018471 0.014783
v -0.150726 0.034237 0.014783
v -0.146674 0.026343 -0.000095
v -0.142413 0.018471 -0.000095
v -0.150726 0.034237 -0.000095
v -0.146674 0.026343 -0.014973
v -0.142413 0.018471 -0.014973
v -0.150726 0.034237 -0.014973
v -0.146674 0.026343 -0.029851
v -0.142413 0.018471 -0.029851
v -0.150726 0.034237 -0.029851
v -0.146674 0.026343 -0.044729
v -0.142413 0.018471 -0.044729
v -0.150726 0.034237 -0.044729
v -0.146674 0.026343 -0.059607
v -0.142413 0.018471 -0.059607
v -0.150726 0.034237 -0.059607
v -0.146674 0.026343 -0.074486
v -0.142413 0.018471 -0.074486
v -0.150726 0.034237 -0.074486
v -0.146671 0.026344 -0.089269
v -0.142408 0.018473 -0.089270
v -0.150725 0.034237 -0.089268
v -0.146632 0.026369 -0.097012
v -0.142332 0.018517 -0.097013
v -0.150762 0.034222 -0.097011
v -0.146566 0.026408 -0.102455
v -0.151178 0.035231 -0.102454
v -0.142255 0.018562 -0.102455
v -0.137863 0.010774 -0.102455
v -0.137863 0.010774 -0.102505
v -0.133432 0.002993 -0.102455
v -0.137948 0.010725 -0.097013
v -0.133513 0.002946 -0.097013
v -0.138034 0.010677 -0.089270
v -0.133593 0.002897 -0.089270
v -0.138040 0.010674 -0.074486
v -0.133598 0.002894 -0.074486
v -0.138040 0.010674 -0.059607
v -0.133598 0.002894 -0.059607
v -0.138040 0.010674 -0.044729
v -0.133598 0.002894 -0.044729
v -0.138040 0.010674 -0.029851
v -0.133598 0.002894 -0.029851
v -0.138040 0.010674 -0.014973
v -0.133598 0.002894 -0.014973
v -0.138040 0.010674 -0.000095
v -0.133598 0.002894 -0.000095
v -0.138040 0.010674 0.014783
v -0.133598 0.002894 0.014783
v -0.138040 0.010674 0.029661
v -0.133598 0.002894 0.029661
v -0.138040 0.010673 0.044539
v -0.133600 0.002893 0.044539
v -0.132919 0.001988 0.044539
v -0.132918 0.001988 0.029661
v -0.132918 0.001988 0.014783
v -0.132918 0.001988 -0.000095
v -0.132918 0.001988 -0.014973
v -0.132918 0.001988 -0.029851
v -0.132918 0.001988 -0.044729
v -0.132918 0.001988 -0.059607
v -0.132918 0.001988 -0.074486
v -0.132916 0.001990 -0.089269
v -0.132833 0.001983 -0.097010
v -0.132747 0.001973 -0.102452
v -0.155041 0.042851 -0.098908
v -0.155056 0.042882 -0.098943
v -0.156593 0.046029 -0.090351
v -0.153213 0.039107 -0.094742
v -0.154206 0.041140 -0.089268
v -0.154206 0.041140 -0.074486
v -0.154206 0.041140 -0.059607
v -0.156593 0.046029 -0.074486
v -0.156593 0.046029 -0.059607
v -0.156593 0.046029 -0.044729
v -0.156615 0.046074 -0.044729
v -0.156593 0.046029 -0.029851
v -0.154206 0.041140 -0.044729
v -0.154206 0.041140 -0.029851
v -0.154206 0.041140 -0.014973
v -0.154206 0.041140 -0.000095
v -0.156593 0.046029 -0.014973
v -0.156593 0.046029 -0.000095
v -0.156593 0.046029 0.014783
v -0.156615 0.046074 0.014783
v -0.156593 0.046029 0.029661
v -0.154206 0.041140 0.014783
v -0.154206 0.041140 0.029661
v -0.154206 0.041140 0.044539
v -0.154206 0.041140 0.059417
v -0.156593 0.046029 0.044539
v -0.156593 0.046029 0.059417
v -0.156593 0.046029 0.074295
v -0.156615 0.046074 0.074295
v -0.156593 0.046029 0.090351
v -0.154206 0.041140 0.074295
v -0.154206 0.041140 0.089268
v -0.153213 0.039107 0.094742
v -0.155041 0.042851 0.098908
v -0.049994 0.000470 -0.102447
v -0.033711 0.001424 -0.102448
v -0.049994 0.000470 -0.102497
v -0.049993 0.000528 -0.097006
v -0.033655 0.001492 -0.097007
v -0.049991 0.000585 -0.089268
v -0.033603 0.001559 -0.089268
v -0.049991 0.000589 -0.074486
v -0.033602 0.001564 -0.074486
v -0.049991 0.000589 -0.059607
v -0.033602 0.001563 -0.059607
v -0.049991 0.000589 -0.044729
v -0.033602 0.001563 -0.044729
v -0.049991 0.000589 -0.029851
v -0.033602 0.001563 -0.029851
v -0.049991 0.000589 -0.014973
v -0.033602 0.001563 -0.014973
v -0.049991 0.000589 -0.000095
v -0.033602 0.001563 -0.000095
v -0.049991 0.000589 0.014783
v -0.033602 0.001563 0.014783
v -0.049991 0.000589 0.029661
v -0.033602 0.001564 0.029661
v -0.049991 0.000591 0.044539
v -0.033601 0.001565 0.044539
v -0.032441 0.001719 0.044539
v -0.032442 0.001719 0.029661
v -0.032442 0.001719 0.014783
v -0.032442 0.001719 -0.000095
v -0.032442 0.001719 -0.014973
v -0.032442 0.001719 -0.029851
v -0.032442 0.001719 -0.044729
v -0.032442 0.001719 -0.059607
v -0.032442 0.001719 -0.074486
v -0.032444 0.001721 -0.089269
v -0.032528 0.001719 -0.097010
v -0.032614 0.001715 -0.102451
v -0.017370 0.025375 0.102455
v -0.017371 0.025376 0.102505
v -0.012278 0.033929 0.102454
v -0.017305 0.025335 0.097012
v -0.012747 0.032947 0.097011
v -0.017252 0.025303 0.089151
v -0.012781 0.032965 0.089312
v -0.017255 0.025305 0.074295
v -0.012782 0.032966 0.074295
v -0.017263 0.025309 0.059417
v -0.012782 0.032966 0.059417
v -0.017263 0.025309 0.044539
v -0.012782 0.032966 0.044539
v -0.017263 0.025309 0.029661
v -0.012782 0.032966 0.029661
v -0.017263 0.025309 0.014783
v -0.012782 0.032966 0.014783
v -0.017263 0.025309 -0.000095
v -0.012782 0.032966 -0.000095
v -0.017263 0.025309 -0.014973
v -0.012782 0.032966 -0.014973
v -0.017263 0.025309 -0.029851
v -0.012782 0.032966 -0.029851
v -0.017263 0.025309 -0.044729
v -0.012782 0.032966 -0.044729
v -0.017263 0.025309 -0.059607
v -0.012782 0.032966 -0.059607
v -0.017263 0.025309 -0.074486
v -0.012782 0.032966 -0.074486
v -0.008922 0.039670 -0.074486
v -0.008922 0.039670 -0.059607
v -0.006267 0.044421 -0.074486
v -0.006267 0.044421 -0.059607
v -0.006267 0.044421 -0.044729
v -0.006267 0.044421 -0.029851
v -0.006243 0.044464 -0.044729
v -0.008922 0.039670 -0.044729
v -0.008922 0.039670 -0.029851
v -0.008922 0.039670 -0.014973
v -0.008922 0.039670 -0.000095
v -0.006267 0.044421 -0.014973
v -0.006267 0.044421 -0.000095
v -0.006267 0.044421 0.014783
v -0.006267 0.044421 0.029661
v -0.006243 0.044464 0.014783
v -0.008922 0.039670 0.014783
v -0.008922 0.039670 0.029661
v -0.008922 0.039670 0.044539
v -0.008922 0.039670 0.059417
v -0.006267 0.044421 0.044539
v -0.006267 0.044421 0.059417
v -0.006267 0.044421 0.074295
v -0.006267 0.044421 0.090351
v -0.006243 0.044464 0.074295
v -0.008922 0.039670 0.074295
v -0.008922 0.039671 0.089268
v -0.010027 0.037694 0.094742
v -0.007995 0.041330 0.098908
v -0.008239 0.041509 0.098942
v -0.027194 0.010372 0.102500
v -0.032043 0.002843 0.102450
v -0.032758 0.001973 0.102450
v -0.033744 0.001731 0.102450
v -0.032656 0.001981 0.097009
v -0.033678 0.001806 0.097009
v -0.032551 0.001989 0.088658
v -0.033610 0.001884 0.088651
v -0.032560 0.001988 0.074295
v -0.032572 0.001987 0.059417
v -0.033615 0.001878 0.074295
v -0.033623 0.001869 0.059417
v -0.050005 0.000905 0.074295
v -0.066344 0.000356 0.074295
v -0.050005 0.000897 0.059417
v -0.050005 0.000909 0.088743
v -0.066344 0.000356 0.088835
v -0.050006 0.000846 0.097009
v -0.066344 0.000346 0.097009
v -0.050007 0.000784 0.102450
v -0.050007 0.000783 0.102500
v -0.066344 0.000338 0.102450
v -0.082678 0.000333 0.102450
v -0.099011 0.000338 0.102450
v -0.082678 0.000333 0.097009
v -0.099011 0.000347 0.097009
v -0.082678 0.000333 0.088927
v -0.099011 0.000359 0.089018
v -0.082678 0.000333 0.074295
v -0.099011 0.000358 0.074295
v -0.082678 0.000333 0.059417
v -0.066344 0.000354 0.059417
v -0.099011 0.000355 0.059417
v -0.082678 0.000333 0.044539
v -0.066344 0.000353 0.044539
v -0.099011 0.000353 0.044539
v -0.082678 0.000333 0.029661
v -0.066344 0.000352 0.029661
v -0.099011 0.000352 0.029661
v -0.082678 0.000333 0.014783
v -0.066344 0.000352 0.014783
v -0.099011 0.000352 0.014783
v -0.082678 0.000333 -0.000095
v -0.066344 0.000352 -0.000095
v -0.099011 0.000352 -0.000095
v -0.082678 0.000333 -0.014973
v -0.066344 0.000352 -0.014973
v -0.099011 0.000352 -0.014973
v -0.082678 0.000333 -0.029851
v -0.066344 0.000352 -0.029851
v -0.099011 0.000352 -0.029851
v -0.082678 0.000333 -0.044729
v -0.066344 0.000352 -0.044729
v -0.099011 0.000352 -0.044729
v -0.082678 0.000333 -0.059607
v -0.066344 0.000352 -0.059607
v -0.099011 0.000352 -0.059607
v -0.082678 0.000333 -0.074486
v -0.066344 0.000352 -0.074486
v -0.099011 0.000352 -0.074486
v -0.082678 0.000333 -0.089269
v -0.099011 0.000351 -0.089269
v -0.066344 0.000351 -0.089269
v -0.082678 0.000333 -0.097009
v -0.099011 0.000342 -0.097009
v -0.066344 0.000342 -0.097009
v -0.082678 0.000333 -0.102450
v -0.082678 0.000333 -0.102500
v -0.066344 0.000336 -0.102450
v -0.099011 0.000336 -0.102450
v -0.115351 0.000770 -0.102450
v -0.131655 0.001702 -0.102450
v -0.115353 0.000827 -0.097009
v -0.131699 0.001781 -0.097009
v -0.115355 0.000885 -0.089269
v -0.131744 0.001861 -0.089269
v -0.115355 0.000889 -0.074486
v -0.131746 0.001866 -0.074486
v -0.115355 0.000889 -0.059607
v -0.131746 0.001866 -0.059607
v -0.115355 0.000889 -0.044729
v -0.131746 0.001866 -0.044729
v -0.115355 0.000889 -0.029851
v -0.131746 0.001866 -0.029851
v -0.115355 0.000889 -0.014973
v -0.131746 0.001866 -0.014973
v -0.115355 0.000889 -0.000095
v -0.131746 0.001866 -0.000095
v -0.115355 0.000889 0.014783
v -0.131746 0.001866 0.014783
v -0.115355 0.000889 0.029661
v -0.131746 0.001866 0.029661
v -0.115355 0.000892 0.044539
v -0.131747 0.001868 0.044539
v -0.115355 0.000901 0.059417
v -0.131752 0.001878 0.059417
v -0.115355 0.000914 0.074295
v -0.131760 0.001894 0.074295
v -0.115355 0.000916 0.089110
v -0.131761 0.001897 0.089202
v -0.115353 0.000852 0.097009
v -0.131712 0.001806 0.097009
v -0.115351 0.000787 0.102450
v -0.115351 0.000786 0.102500
v -0.131662 0.001715 0.102450
v -0.132563 0.002202 0.102450
v -0.133189 0.003145 0.102450
v -0.132667 0.002218 0.097009
v -0.133283 0.003094 0.097009
v -0.132771 0.002235 0.089207
v -0.133377 0.003042 0.089211
v -0.132769 0.002234 0.074295
v -0.132750 0.002231 0.059417
v -0.133375 0.003043 0.074295
v -0.133358 0.003052 0.059417
v -0.137805 0.010809 0.074295
v -0.142170 0.018605 0.074295
v -0.137787 0.010817 0.059417
v -0.137807 0.010807 0.089249
v -0.142173 0.018604 0.089286
v -0.137704 0.010864 0.097009
v -0.142077 0.018658 0.097009
v -0.137607 0.010919 0.102450
v -0.137606 0.010920 0.102500
v -0.141992 0.018708 0.102450
v -0.146302 0.026550 0.102450
v -0.150911 0.035368 0.102450
v -0.146367 0.026510 0.097009
v -0.150495 0.034359 0.097009
v -0.146423 0.026476 0.089323
v -0.150460 0.034372 0.089360
v -0.146421 0.026477 0.074295
v -0.150458 0.034373 0.074295
v -0.146409 0.026483 0.059417
v -0.142154 0.018613 0.059417
v -0.150458 0.034373 0.059417
v -0.146409 0.026483 0.044539
v -0.142150 0.018616 0.044539
v -0.150458 0.034373 0.044539
v -0.146409 0.026483 0.029661
v -0.142150 0.018616 0.029661
v -0.150458 0.034373 0.029661
v -0.146409 0.026483 0.014783
v -0.142150 0.018616 0.014783
v -0.150458 0.034373 0.014783
v -0.146409 0.026483 -0.000095
v -0.142150 0.018616 -0.000095
v -0.150458 0.034373 -0.000095
v -0.146409 0.026483 -0.014973
v -0.142150 0.018616 -0.014973
v -0.150458 0.034373 -0.014973
v -0.146409 0.026483 -0.029851
v -0.142150 0.018616 -0.029851
v -0.150458 0.034373 -0.029851
v -0.146409 0.026483 -0.044729
v -0.142150 0.018616 -0.044729
v -0.150458 0.034373 -0.044729
v -0.146409 0.026483 -0.059607
v -0.142150 0.018616 -0.059607
v -0.150458 0.034373 -0.059607
v -0.146409 0.026483 -0.074486
v -0.142150 0.018616 -0.074486
v -0.150458 0.034373 -0.074486
v -0.146405 0.026485 -0.089269
v -0.142145 0.018618 -0.089269
v -0.150458 0.034373 -0.089269
v -0.146367 0.026510 -0.097009
v -0.142069 0.018663 -0.097009
v -0.150495 0.034359 -0.097009
v -0.146302 0.026550 -0.102450
v -0.146301 0.026550 -0.102500
v -0.150911 0.035368 -0.102450
v -0.141992 0.018708 -0.102450
v -0.137602 0.010921 -0.102450
v -0.133178 0.003151 -0.102450
v -0.137687 0.010873 -0.097009
v -0.133259 0.003106 -0.097009
v -0.137773 0.010824 -0.089269
v -0.133341 0.003060 -0.089269
v -0.137779 0.010821 -0.074486
v -0.133346 0.003057 -0.074486
v -0.137779 0.010821 -0.059607
v -0.133346 0.003057 -0.059607
v -0.137779 0.010821 -0.044729
v -0.133346 0.003057 -0.044729
v -0.137779 0.010821 -0.029851
v -0.133346 0.003057 -0.029851
v -0.137779 0.010821 -0.014973
v -0.133346 0.003057 -0.014973
v -0.137779 0.010821 -0.000095
v -0.133346 0.003057 -0.000095
v -0.137779 0.010821 0.014783
v -0.133346 0.003057 0.014783
v -0.137779 0.010821 0.029661
v -0.133346 0.003057 0.029661
v -0.137779 0.010821 0.044539
v -0.133348 0.003056 0.044539
v -0.132740 0.002228 0.044539
v -0.132738 0.002228 0.029661
v -0.132738 0.002228 0.014783
v -0.132738 0.002228 -0.000095
v -0.132738 0.002228 -0.014973
v -0.132738 0.002228 -0.029851
v -0.132738 0.002228 -0.044729
v -0.132738 0.002228 -0.059607
v -0.132738 0.002228 -0.074486
v -0.132732 0.002227 -0.089269
v -0.132640 0.002213 -0.097009
v -0.132550 0.002199 -0.102450
v -0.132550 0.002197 -0.102500
v -0.154772 0.042983 -0.098906
v -0.156323 0.046160 -0.090351
v -0.152944 0.039240 -0.094742
v -0.153937 0.041274 -0.089269
v -0.153937 0.041273 -0.074486
v -0.153937 0.041273 -0.059607
v -0.156323 0.046160 -0.074486
v -0.156345 0.046205 -0.074486
v -0.156323 0.046160 -0.059607
v -0.156323 0.046160 -0.044729
v -0.156323 0.046160 -0.029851
v -0.153937 0.041273 -0.044729
v -0.153937 0.041273 -0.029851
v -0.153937 0.041273 -0.014973
v -0.153937 0.041273 -0.000095
v -0.156323 0.046160 -0.014973
v -0.156345 0.046205 -0.014973
v -0.156323 0.046160 -0.000095
v -0.156323 0.046160 0.014783
v -0.156323 0.046160 0.029661
v -0.153937 0.041273 0.014783
v -0.153937 0.041273 0.029661
v -0.153937 0.041273 0.044539
v -0.153937 0.041273 0.059417
v -0.156323 0.046160 0.044539
v -0.156345 0.046205 0.044539
v -0.156323 0.046160 0.059417
v -0.156323 0.046160 0.074295
v -0.156323 0.046160 0.090351
v -0.153937 0.041273 0.074295
v -0.153937 0.041274 0.089269
v -0.152944 0.039240 0.094742
v -0.154772 0.042983 0.098906
v -0.154787 0.043015 0.098942
v -0.050007 0.000770 -0.102450
v -0.033752 0.001722 -0.102450
v -0.050006 0.000827 -0.097009
v -0.033692 0.001790 -0.097009
v -0.050005 0.000885 -0.089269
v -0.033632 0.001858 -0.089269
v -0.050005 0.000889 -0.074486
v -0.033628 0.001862 -0.074486
v -0.050005 0.000889 -0.059607
v -0.033628 0.001862 -0.059607
v -0.050005 0.000889 -0.044729
v -0.033628 0.001862 -0.044729
v -0.050005 0.000889 -0.029851
v -0.033628 0.001862 -0.029851
v -0.050005 0.000889 -0.014973
v -0.033628 0.001862 -0.014973
v -0.050005 0.000889 -0.000095
v -0.033628 0.001862 -0.000095
v -0.050005 0.000889 0.014783
v -0.033628 0.001862 0.014783
v -0.050005 0.000889 0.029661
v -0.033628 0.001862 0.029661
v -0.050005 0.000891 0.044539
v -0.033627 0.001863 0.044539
v -0.032578 0.001986 0.044539
v -0.032580 0.001986 0.029661
v -0.032580 0.001986 0.014783
v -0.032580 0.001986 -0.000095
v -0.032580 0.001986 -0.014973
v -0.032580 0.001986 -0.029851
v -0.032580 0.001986 -0.044729
v -0.032580 0.001986 -0.059607
v -0.032580 0.001986 -0.074486
v -0.032586 0.001986 -0.089269
v -0.032678 0.001979 -0.097009
v -0.032769 0.001972 -0.102450
v -0.032769 0.001970 -0.102500
vt 0.721463 0.014455
vt 0.711420 0.010295
vt 0.713406 0.000309
vt 0.729106 0.006812
vt 0.725623 0.024498
vt 0.711420 0.024418
vt 0.695130 0.010295
vt 0.695130 0.024716
vt 0.695130 0.000309
vt 0.695130 0.000218
vt 0.713424 0.000218
vt 0.729175 0.006743
vt 0.678663 0.000218
vt 0.678663 0.000309
vt 0.678663 0.010295
vt 0.662217 0.000218
vt 0.662217 0.000309
vt 0.662217 0.010295
vt 0.678663 0.025013
vt 0.662217 0.025310
vt 0.645783 0.010295
vt 0.645783 0.025608
vt 0.645783 0.000309
vt 0.662217 0.051976
vt 0.645783 0.051976
vt 0.678663 0.051976
vt 0.662217 0.079278
vt 0.645783 0.079278
vt 0.678663 0.079278
vt 0.662217 0.106580
vt 0.645783 0.106580
vt 0.678663 0.106580
vt 0.662217 0.133882
vt 0.645783 0.133882
vt 0.678663 0.133882
vt 0.662217 0.161184
vt 0.645783 0.161184
vt 0.678663 0.161184
vt 0.662217 0.188486
vt 0.645783 0.188486
vt 0.678663 0.188486
vt 0.662217 0.215788
vt 0.645783 0.215788
vt 0.678663 0.215788
vt 0.662217 0.243090
vt 0.645783 0.243090
vt 0.678663 0.243090
vt 0.662217 0.270392
vt 0.645783 0.270392
vt 0.678663 0.270392
vt 0.662217 0.297694
vt 0.645783 0.297694
vt 0.678663 0.297694
vt 0.662217 0.324996
vt 0.645783 0.324996
vt 0.678663 0.324996
vt 0.662217 0.352124
vt 0.645783 0.352124
vt 0.678663 0.352124
vt 0.678663 0.366327
vt 0.662217 0.366327
vt 0.645783 0.366327
vt 0.678663 0.376311
vt 0.662217 0.376311
vt 0.645783 0.376312
vt 0.678663 0.376404
vt 0.662217 0.376404
vt 0.645783 0.376404
vt 0.695130 0.376404
vt 0.695130 0.376311
vt 0.695130 0.366327
vt 0.711470 0.376403
vt 0.711466 0.376310
vt 0.711420 0.366327
vt 0.695130 0.352124
vt 0.711420 0.352124
vt 0.695130 0.324996
vt 0.711420 0.324996
vt 0.695130 0.297694
vt 0.711420 0.297694
vt 0.695130 0.270392
vt 0.711420 0.270392
vt 0.695130 0.243090
vt 0.711420 0.243090
vt 0.695130 0.215788
vt 0.711420 0.215788
vt 0.695130 0.188486
vt 0.711420 0.188486
vt 0.695130 0.161184
vt 0.711420 0.161184
vt 0.695130 0.133882
vt 0.711420 0.133882
vt 0.695130 0.106580
vt 0.711420 0.106580
vt 0.695130 0.079278
vt 0.711420 0.079278
vt 0.695130 0.051976
vt 0.711420 0.051976
vt 0.725623 0.051976
vt 0.725623 0.079278
vt 0.735609 0.022512
vt 0.735609 0.051976
vt 0.735609 0.079278
vt 0.735700 0.051976
vt 0.735700 0.079278
vt 0.735700 0.022494
vt 0.735700 0.106580
vt 0.735609 0.106580
vt 0.725623 0.106580
vt 0.735700 0.133882
vt 0.735609 0.133882
vt 0.725623 0.133882
vt 0.725623 0.161184
vt 0.735609 0.161184
vt 0.725623 0.188486
vt 0.735609 0.188486
vt 0.735700 0.161184
vt 0.735700 0.188486
vt 0.735700 0.215788
vt 0.735609 0.215788
vt 0.725623 0.215788
vt 0.735700 0.243090
vt 0.735609 0.243090
vt 0.725623 0.243090
vt 0.725623 0.270392
vt 0.735609 0.270392
vt 0.725623 0.297694
vt 0.735609 0.297694
vt 0.735700 0.270392
vt 0.735700 0.297694
vt 0.735700 0.324996
vt 0.735609 0.324996
vt 0.725623 0.324996
vt 0.735700 0.354128
vt 0.735610 0.354110
vt 0.725623 0.352124
vt 0.721463 0.362167
vt 0.729107 0.369811
vt 0.729174 0.369879
vt 0.320757 0.443896
vt 0.320229 0.430904
vt 0.320450 0.430917
vt 0.320983 0.443877
vt 0.309462 0.592649
vt 0.309522 0.608121
vt 0.309253 0.608112
vt 0.309183 0.592648
vt 0.319943 0.418527
vt 0.320159 0.418524
vt 0.320505 0.443908
vt 0.319964 0.430912
vt 0.319665 0.418530
vt 0.319744 0.430940
vt 0.319449 0.418534
vt 0.320278 0.443911
vt 0.319445 0.406107
vt 0.319661 0.406106
vt 0.319939 0.406108
vt 0.319576 0.393681
vt 0.319792 0.393683
vt 0.320070 0.393685
vt 0.320155 0.406107
vt 0.320286 0.393687
vt 0.320187 0.381273
vt 0.320371 0.381288
vt 0.319852 0.381240
vt 0.320837 0.377477
vt 0.320983 0.377557
vt 0.320253 0.377194
vt 0.319668 0.381232
vt 0.320102 0.377127
vt 0.302876 0.488850
vt 0.301718 0.483891
vt 0.301969 0.483860
vt 0.303071 0.488737
vt 0.302321 0.483795
vt 0.303827 0.488294
vt 0.300631 0.466891
vt 0.300927 0.466875
vt 0.301222 0.466860
vt 0.302574 0.483753
vt 0.304014 0.488163
vt 0.301517 0.466844
vt 0.300694 0.449881
vt 0.300989 0.449873
vt 0.300398 0.449887
vt 0.300610 0.432892
vt 0.300906 0.432889
vt 0.300315 0.432895
vt 0.300102 0.449895
vt 0.300019 0.432898
vt 0.299748 0.415904
vt 0.300044 0.415906
vt 0.300340 0.415906
vt 0.299923 0.398900
vt 0.300219 0.398911
vt 0.300515 0.398919
vt 0.300635 0.415907
vt 0.300810 0.398929
vt 0.301239 0.381971
vt 0.301492 0.382039
vt 0.300887 0.381859
vt 0.303851 0.377892
vt 0.304014 0.378055
vt 0.303203 0.377273
vt 0.300638 0.381803
vt 0.303031 0.377127
vt 0.321968 0.443863
vt 0.321755 0.439803
vt 0.321938 0.439798
vt 0.322127 0.443815
vt 0.322275 0.439775
vt 0.322746 0.443603
vt 0.321623 0.427374
vt 0.321839 0.427371
vt 0.322117 0.427368
vt 0.322458 0.439763
vt 0.322901 0.443542
vt 0.322334 0.427365
vt 0.321947 0.414955
vt 0.322164 0.414955
vt 0.321669 0.414957
vt 0.321907 0.402528
vt 0.322127 0.402531
vt 0.321639 0.402525
vt 0.321453 0.414958
vt 0.321418 0.402523
vt 0.321702 0.389653
vt 0.321923 0.389658
vt 0.322187 0.389666
vt 0.322194 0.377127
vt 0.322413 0.377129
vt 0.322683 0.377142
vt 0.322408 0.389675
vt 0.322901 0.377160
vt 0.310837 0.377131
vt 0.310915 0.392605
vt 0.310636 0.392608
vt 0.310568 0.377144
vt 0.311170 0.377127
vt 0.311223 0.392603
vt 0.310987 0.409264
vt 0.310697 0.409266
vt 0.311278 0.409262
vt 0.311502 0.392604
vt 0.311569 0.409262
vt 0.311440 0.377134
vt 0.311554 0.425945
vt 0.311264 0.425946
vt 0.310974 0.425947
vt 0.311541 0.442614
vt 0.311250 0.442616
vt 0.310960 0.442616
vt 0.310683 0.425948
vt 0.310670 0.442618
vt 0.310947 0.459285
vt 0.310656 0.459287
vt 0.311237 0.459285
vt 0.310933 0.475954
vt 0.310642 0.475956
vt 0.311223 0.475954
vt 0.311527 0.459283
vt 0.311514 0.475952
vt 0.311500 0.492621
vt 0.311210 0.492623
vt 0.310919 0.492624
vt 0.311486 0.509291
vt 0.311196 0.509292
vt 0.310906 0.509293
vt 0.310629 0.492625
vt 0.310615 0.509295
vt 0.310892 0.525962
vt 0.310602 0.525964
vt 0.311182 0.525962
vt 0.310879 0.542631
vt 0.310588 0.542633
vt 0.311169 0.542631
vt 0.311473 0.525960
vt 0.311459 0.542629
vt 0.311446 0.559298
vt 0.311155 0.559300
vt 0.310865 0.559300
vt 0.311432 0.575981
vt 0.311142 0.575983
vt 0.310851 0.575984
vt 0.310575 0.559302
vt 0.310560 0.575985
vt 0.310905 0.592644
vt 0.310627 0.592643
vt 0.311214 0.592643
vt 0.310966 0.608119
vt 0.310696 0.608108
vt 0.311299 0.608119
vt 0.311493 0.592640
vt 0.311569 0.608110
vt 0.324108 0.443854
vt 0.323618 0.431327
vt 0.323839 0.431322
vt 0.324327 0.443852
vt 0.324103 0.431314
vt 0.324597 0.443839
vt 0.323336 0.418455
vt 0.323557 0.418453
vt 0.323824 0.418451
vt 0.324324 0.431305
vt 0.324815 0.443821
vt 0.324044 0.418447
vt 0.323866 0.406023
vt 0.324082 0.406023
vt 0.323588 0.406020
vt 0.324030 0.393608
vt 0.324247 0.393611
vt 0.323752 0.393605
vt 0.323372 0.406020
vt 0.323536 0.393603
vt 0.323659 0.381172
vt 0.323842 0.381177
vt 0.324179 0.381201
vt 0.323885 0.377127
vt 0.324043 0.377177
vt 0.324661 0.377396
vt 0.324363 0.381214
vt 0.324815 0.377458
vt 0.308518 0.488146
vt 0.305952 0.484050
vt 0.306205 0.483984
vt 0.308681 0.487985
vt 0.307866 0.488756
vt 0.305600 0.484158
vt 0.305232 0.467095
vt 0.305528 0.467085
vt 0.304936 0.467103
vt 0.305350 0.484212
vt 0.304640 0.467114
vt 0.307693 0.488901
vt 0.304449 0.450104
vt 0.304746 0.450102
vt 0.305042 0.450102
vt 0.304718 0.433103
vt 0.305013 0.433106
vt 0.305309 0.433109
vt 0.305337 0.450100
vt 0.305606 0.433112
vt 0.305394 0.416115
vt 0.305690 0.416123
vt 0.305098 0.416108
vt 0.305935 0.399130
vt 0.306230 0.399146
vt 0.305639 0.399115
vt 0.304802 0.416101
vt 0.305343 0.399099
vt 0.306425 0.382096
vt 0.306675 0.382126
vt 0.307028 0.382187
vt 0.307539 0.377127
vt 0.307734 0.377238
vt 0.308493 0.377674
vt 0.307282 0.382228
vt 0.308681 0.377804
vt 0.318864 0.443629
vt 0.318204 0.439849
vt 0.318388 0.439833
vt 0.319009 0.443548
vt 0.318282 0.443917
vt 0.317868 0.439882
vt 0.318088 0.427427
vt 0.318305 0.427425
vt 0.317810 0.427429
vt 0.317685 0.439891
vt 0.317594 0.427431
vt 0.318131 0.443986
vt 0.317462 0.414994
vt 0.317679 0.414994
vt 0.317957 0.414993
vt 0.317461 0.402542
vt 0.317682 0.402545
vt 0.317949 0.402548
vt 0.318174 0.414993
vt 0.318170 0.402552
vt 0.318263 0.389679
vt 0.318484 0.389688
vt 0.317999 0.389670
vt 0.318791 0.377143
vt 0.319009 0.377162
vt 0.318521 0.377130
vt 0.317778 0.389664
vt 0.318302 0.377127
vt 0.309998 0.377134
vt 0.310059 0.392604
vt 0.309780 0.392603
vt 0.309728 0.377127
vt 0.309472 0.392605
vt 0.309395 0.377131
vt 0.310125 0.409263
vt 0.309834 0.409264
vt 0.309544 0.409265
vt 0.309193 0.392608
vt 0.309125 0.377143
vt 0.309253 0.409267
vt 0.309530 0.425948
vt 0.309239 0.425950
vt 0.309820 0.425948
vt 0.309516 0.442618
vt 0.309226 0.442620
vt 0.309806 0.442618
vt 0.310111 0.425946
vt 0.310097 0.442616
vt 0.310083 0.459285
vt 0.309793 0.459287
vt 0.309503 0.459287
vt 0.310070 0.475955
vt 0.309779 0.475957
vt 0.309489 0.475957
vt 0.309212 0.459289
vt 0.309198 0.475959
vt 0.309475 0.492626
vt 0.309185 0.492628
vt 0.309765 0.492626
vt 0.309462 0.509296
vt 0.309171 0.509298
vt 0.309752 0.509296
vt 0.310056 0.492624
vt 0.310042 0.509294
vt 0.310029 0.525963
vt 0.309738 0.525965
vt 0.309448 0.525965
vt 0.310015 0.542633
vt 0.309725 0.542635
vt 0.309435 0.542635
vt 0.309158 0.525967
vt 0.309144 0.542637
vt 0.309421 0.559304
vt 0.309131 0.559307
vt 0.309711 0.559304
vt 0.309407 0.575989
vt 0.309116 0.575989
vt 0.309698 0.575988
vt 0.310002 0.559302
vt 0.309988 0.575985
vt 0.310049 0.592644
vt 0.309770 0.592647
vt 0.310125 0.608114
vt 0.309855 0.608122
vt 0.001053 0.325244
vt 0.001053 0.354381
vt 0.000714 0.354473
vt 0.000218 0.325449
vt 0.007561 0.370093
vt 0.007493 0.370162
vt 0.025215 0.376598
vt 0.025209 0.376690
vt 0.015210 0.362444
vt 0.011047 0.352393
vt 0.025261 0.366607
vt 0.025261 0.352393
vt 0.041563 0.352393
vt 0.041563 0.366607
vt 0.041563 0.376598
vt 0.058043 0.352393
vt 0.058043 0.366607
vt 0.058043 0.376599
vt 0.041563 0.376692
vt 0.058043 0.376692
vt 0.074501 0.376599
vt 0.074501 0.376692
vt 0.074501 0.366607
vt 0.090948 0.376599
vt 0.090948 0.376692
vt 0.090948 0.366607
vt 0.074501 0.352393
vt 0.090948 0.352393
vt 0.074501 0.325244
vt 0.058043 0.325244
vt 0.090948 0.325244
vt 0.090948 0.297921
vt 0.074501 0.297921
vt 0.058043 0.297921
vt 0.090948 0.270598
vt 0.074501 0.270598
vt 0.058043 0.270598
vt 0.090948 0.243276
vt 0.074501 0.243276
vt 0.058043 0.243276
vt 0.090948 0.215953
vt 0.074501 0.215953
vt 0.058043 0.215953
vt 0.090948 0.188630
vt 0.074501 0.188630
vt 0.058043 0.188630
vt 0.090948 0.161307
vt 0.074501 0.161307
vt 0.058043 0.161307
vt 0.090948 0.133984
vt 0.074501 0.133984
vt 0.058043 0.133984
vt 0.090948 0.106661
vt 0.074501 0.106661
vt 0.058043 0.106661
vt 0.090948 0.079338
vt 0.074501 0.079338
vt 0.058043 0.079338
vt 0.090948 0.052015
vt 0.074501 0.052015
vt 0.058043 0.052015
vt 0.090948 0.025627
vt 0.074501 0.025330
vt 0.058043 0.025032
vt 0.090948 0.010302
vt 0.074501 0.010302
vt 0.058043 0.010302
vt 0.074501 0.000309
vt 0.090948 0.000309
vt 0.058043 0.000309
vt 0.074501 0.000218
vt 0.090948 0.000218
vt 0.058043 0.000218
vt 0.092785 0.000309
vt 0.092784 0.000218
vt 0.092785 0.010302
vt 0.094621 0.000309
vt 0.094621 0.000218
vt 0.094621 0.010302
vt 0.094621 0.025650
vt 0.092785 0.025639
vt 0.094621 0.052015
vt 0.092785 0.052015
vt 0.092785 0.079338
vt 0.094621 0.079338
vt 0.124617 0.025482
vt 0.124617 0.052015
vt 0.124617 0.079338
vt 0.154612 0.025313
vt 0.154612 0.052015
vt 0.154612 0.079338
vt 0.124617 0.010302
vt 0.154612 0.010302
vt 0.124617 0.000309
vt 0.154612 0.000309
vt 0.124617 0.000218
vt 0.154612 0.000218
vt 0.184608 0.000309
vt 0.184608 0.000218
vt 0.184608 0.010302
vt 0.214603 0.000309
vt 0.214603 0.000218
vt 0.214603 0.010302
vt 0.184608 0.025145
vt 0.214603 0.024976
vt 0.184608 0.052015
vt 0.214603 0.052015
vt 0.184608 0.079338
vt 0.214603 0.079338
vt 0.184608 0.106661
vt 0.154612 0.106661
vt 0.214603 0.106661
vt 0.184608 0.133984
vt 0.154612 0.133984
vt 0.214603 0.133984
vt 0.184608 0.161307
vt 0.154612 0.161307
vt 0.214603 0.161307
vt 0.184608 0.188630
vt 0.154612 0.188630
vt 0.214603 0.188630
vt 0.184608 0.215953
vt 0.154612 0.215953
vt 0.214603 0.215953
vt 0.184608 0.243276
vt 0.154612 0.243276
vt 0.214603 0.243276
vt 0.184608 0.270598
vt 0.154612 0.270598
vt 0.214603 0.270598
vt 0.184608 0.297921
vt 0.154612 0.297921
vt 0.214603 0.297921
vt 0.184608 0.325244
vt 0.154612 0.325244
vt 0.214603 0.325244
vt 0.184608 0.352393
vt 0.154612 0.352393
vt 0.214603 0.352393
vt 0.214603 0.366607
vt 0.184608 0.366607
vt 0.154612 0.366607
vt 0.214603 0.376600
vt 0.184608 0.376600
vt 0.154612 0.376600
vt 0.184608 0.376692
vt 0.154612 0.376692
vt 0.214603 0.376692
vt 0.244599 0.376600
vt 0.244599 0.376692
vt 0.244599 0.366607
vt 0.274594 0.376600
vt 0.274595 0.376692
vt 0.274594 0.366607
vt 0.274594 0.352393
vt 0.244599 0.352393
vt 0.274594 0.325244
vt 0.244599 0.325244
vt 0.274594 0.297921
vt 0.244599 0.297921
vt 0.274594 0.270598
vt 0.244599 0.270598
vt 0.274594 0.243276
vt 0.244599 0.243276
vt 0.274594 0.215953
vt 0.244599 0.215953
vt 0.274594 0.188630
vt 0.244599 0.188630
vt 0.274594 0.161307
vt 0.244599 0.161307
vt 0.274594 0.133984
vt 0.244599 0.133984
vt 0.274594 0.106661
vt 0.244599 0.106661
vt 0.274594 0.079338
vt 0.244599 0.079338
vt 0.274594 0.052015
vt 0.244599 0.052015
vt 0.274594 0.024640
vt 0.244599 0.024808
vt 0.274594 0.010302
vt 0.244599 0.010302
vt 0.244599 0.000309
vt 0.274594 0.000309
vt 0.244599 0.000218
vt 0.274595 0.000218
vt 0.276431 0.000309
vt 0.276432 0.000218
vt 0.276431 0.010302
vt 0.278267 0.000309
vt 0.278267 0.000218
vt 0.278267 0.010302
vt 0.276431 0.024631
vt 0.278267 0.024622
vt 0.276431 0.052015
vt 0.278267 0.052015
vt 0.276431 0.079338
vt 0.278267 0.079338
vt 0.294714 0.052015
vt 0.294714 0.024553
vt 0.294714 0.079338
vt 0.311161 0.052015
vt 0.311161 0.024485
vt 0.311161 0.079338
vt 0.294714 0.010302
vt 0.311161 0.010302
vt 0.294714 0.000309
vt 0.311161 0.000309
vt 0.294714 0.000218
vt 0.311161 0.000218
vt 0.327631 0.000309
vt 0.327631 0.000218
vt 0.327631 0.010302
vt 0.345943 0.000309
vt 0.345961 0.000218
vt 0.343955 0.010302
vt 0.343955 0.024348
vt 0.327631 0.024416
vt 0.343955 0.052015
vt 0.327631 0.052015
vt 0.327631 0.079338
vt 0.343955 0.079338
vt 0.327631 0.106661
vt 0.311161 0.106661
vt 0.343955 0.106661
vt 0.327631 0.133984
vt 0.311161 0.133984
vt 0.343955 0.133984
vt 0.327631 0.161307
vt 0.311161 0.161307
vt 0.343955 0.161307
vt 0.327631 0.188630
vt 0.311161 0.188630
vt 0.343955 0.188630
vt 0.327631 0.215953
vt 0.311161 0.215953
vt 0.343955 0.215953
vt 0.327631 0.243276
vt 0.311161 0.243276
vt 0.343955 0.243276
vt 0.327631 0.270598
vt 0.311161 0.270598
vt 0.343955 0.270598
vt 0.327631 0.297921
vt 0.311161 0.297921
vt 0.343955 0.297921
vt 0.327631 0.325244
vt 0.311161 0.325244
vt 0.343955 0.325244
vt 0.327631 0.352393
vt 0.311161 0.352393
vt 0.343955 0.352393
vt 0.327631 0.366607
vt 0.311161 0.366607
vt 0.343955 0.366607
vt 0.327631 0.376600
vt 0.311161 0.376600
vt 0.345943 0.376600
vt 0.327631 0.376692
vt 0.311161 0.376692
vt 0.345961 0.376692
vt 0.294714 0.376600
vt 0.294714 0.376692
vt 0.294714 0.366607
vt 0.278267 0.376600
vt 0.278267 0.376692
vt 0.278267 0.366607
vt 0.294714 0.352393
vt 0.278267 0.352393
vt 0.278267 0.325244
vt 0.294714 0.325244
vt 0.278267 0.297921
vt 0.294714 0.297921
vt 0.278267 0.270598
vt 0.294714 0.270598
vt 0.278267 0.243276
vt 0.294714 0.243276
vt 0.278267 0.215953
vt 0.294714 0.215953
vt 0.278267 0.188630
vt 0.294714 0.188630
vt 0.278267 0.161307
vt 0.294714 0.161307
vt 0.278267 0.133984
vt 0.294714 0.133984
vt 0.278267 0.106661
vt 0.294714 0.106661
vt 0.276431 0.133984
vt 0.276431 0.106661
vt 0.276431 0.161307
vt 0.276431 0.188630
vt 0.276431 0.215953
vt 0.276431 0.243276
vt 0.276431 0.270598
vt 0.276431 0.297921
vt 0.276431 0.325244
vt 0.276431 0.352393
vt 0.276431 0.366607
vt 0.276431 0.376600
vt 0.276432 0.376692
vt 0.361654 0.370092
vt 0.361723 0.370162
vt 0.354006 0.362444
vt 0.368162 0.354381
vt 0.368254 0.354399
vt 0.358169 0.352393
vt 0.358169 0.325244
vt 0.368162 0.325244
vt 0.358169 0.297921
vt 0.368162 0.297921
vt 0.368254 0.325244
vt 0.368254 0.297921
vt 0.368162 0.270598
vt 0.368254 0.270598
vt 0.358169 0.270598
vt 0.368162 0.243276
vt 0.368254 0.243276
vt 0.358169 0.243276
vt 0.358169 0.215953
vt 0.368162 0.215953
vt 0.358169 0.188630
vt 0.368162 0.188630
vt 0.368254 0.215953
vt 0.368254 0.188630
vt 0.368162 0.161307
vt 0.368254 0.161307
vt 0.358169 0.161307
vt 0.368162 0.133984
vt 0.368254 0.133984
vt 0.358169 0.133984
vt 0.358169 0.106661
vt 0.368162 0.106661
vt 0.358169 0.079338
vt 0.368162 0.079338
vt 0.368254 0.106661
vt 0.368254 0.079338
vt 0.368162 0.052015
vt 0.368254 0.052015
vt 0.358169 0.052015
vt 0.368162 0.022529
vt 0.368254 0.022511
vt 0.358169 0.024517
vt 0.354006 0.014466
vt 0.361654 0.006817
vt 0.361724 0.006748
vt 0.124617 0.376600
vt 0.124617 0.376692
vt 0.124617 0.366607
vt 0.094621 0.376599
vt 0.094621 0.376692
vt 0.094621 0.366607
vt 0.124617 0.352393
vt 0.094621 0.352393
vt 0.124617 0.325244
vt 0.094621 0.325244
vt 0.124617 0.297921
vt 0.094621 0.297921
vt 0.124617 0.270598
vt 0.094621 0.270598
vt 0.124617 0.243276
vt 0.094621 0.243276
vt 0.124617 0.215953
vt 0.094621 0.215953
vt 0.124617 0.188630
vt 0.094621 0.188630
vt 0.124617 0.161307
vt 0.094621 0.161307
vt 0.124617 0.133984
vt 0.094621 0.133984
vt 0.124617 0.106661
vt 0.094621 0.106661
vt 0.092785 0.133984
vt 0.092785 0.106661
vt 0.092785 0.161307
vt 0.092785 0.188630
vt 0.092785 0.215953
vt 0.092785 0.243276
vt 0.092785 0.270598
vt 0.092785 0.297921
vt 0.092785 0.325244
vt 0.092785 0.352393
vt 0.092785 0.366607
vt 0.092785 0.376599
vt 0.092784 0.376692
vt 0.041563 0.000309
vt 0.041563 0.000218
vt 0.041563 0.010302
vt 0.023273 0.000309
vt 0.023255 0.000218
vt 0.025261 0.010302
vt 0.041563 0.024734
vt 0.025261 0.024437
vt 0.041563 0.052015
vt 0.025261 0.052015
vt 0.041563 0.079338
vt 0.025261 0.079338
vt 0.041563 0.106661
vt 0.025261 0.106661
vt 0.041563 0.133984
vt 0.025261 0.133984
vt 0.041563 0.161307
vt 0.025261 0.161307
vt 0.041563 0.188630
vt 0.025261 0.188630
vt 0.041563 0.215953
vt 0.025261 0.215953
vt 0.041563 0.243276
vt 0.025261 0.243276
vt 0.041563 0.270598
vt 0.025261 0.270598
vt 0.041563 0.297921
vt 0.025261 0.297921
vt 0.041563 0.325244
vt 0.025261 0.325244
vt 0.011047 0.325244
vt 0.011047 0.297921
vt 0.001053 0.297921
vt 0.000218 0.298109
vt 0.001053 0.270598
vt 0.000218 0.270769
vt 0.011047 0.270598
vt 0.001053 0.243276
vt 0.000218 0.243429
vt 0.011047 0.243276
vt 0.001053 0.215953
vt 0.011047 0.215953
vt 0.001053 0.188630
vt 0.011047 0.188630
vt 0.000218 0.216088
vt 0.000218 0.188748
vt 0.001054 0.161307
vt 0.000218 0.161408
vt 0.011047 0.161307
vt 0.001054 0.133984
vt 0.000218 0.134068
vt 0.011047 0.133984
vt 0.001054 0.106661
vt 0.011047 0.106661
vt 0.001054 0.079338
vt 0.011047 0.079338
vt 0.000218 0.106728
vt 0.000218 0.079388
vt 0.001054 0.052015
vt 0.000218 0.052048
vt 0.011047 0.052015
vt 0.001054 0.022529
vt 0.000714 0.022515
vt 0.011047 0.024517
vt 0.007562 0.006817
vt 0.015210 0.014466
vt 0.007492 0.006748
vt 0.645783 0.000218
vt 0.643948 0.000218
vt 0.643948 0.000309
vt 0.643948 0.010295
vt 0.642112 0.000218
vt 0.642112 0.000309
vt 0.642112 0.010295
vt 0.642113 0.025631
vt 0.643948 0.025619
vt 0.642113 0.051976
vt 0.643948 0.051976
vt 0.643948 0.079278
vt 0.642112 0.079278
vt 0.612140 0.025462
vt 0.612140 0.051976
vt 0.612140 0.079278
vt 0.582167 0.025294
vt 0.582167 0.051976
vt 0.582167 0.079278
vt 0.612140 0.010295
vt 0.582167 0.010295
vt 0.612140 0.000309
vt 0.582167 0.000309
vt 0.582167 0.000218
vt 0.612140 0.000218
vt 0.552195 0.000218
vt 0.552195 0.000309
vt 0.552195 0.010295
vt 0.522222 0.000218
vt 0.522222 0.000309
vt 0.522222 0.010295
vt 0.552195 0.025126
vt 0.522222 0.024957
vt 0.552195 0.051976
vt 0.522222 0.051976
vt 0.552195 0.079278
vt 0.522222 0.079278
vt 0.582167 0.106580
vt 0.552195 0.106580
vt 0.522222 0.106580
vt 0.582167 0.133882
vt 0.552195 0.133882
vt 0.522222 0.133882
vt 0.582167 0.161184
vt 0.552195 0.161184
vt 0.522222 0.161184
vt 0.582167 0.188486
vt 0.552195 0.188486
vt 0.522222 0.188486
vt 0.582167 0.215788
vt 0.552195 0.215788
vt 0.522222 0.215788
vt 0.582167 0.243090
vt 0.552195 0.243090
vt 0.522222 0.243090
vt 0.582167 0.270392
vt 0.552195 0.270392
vt 0.522222 0.270392
vt 0.582167 0.297694
vt 0.552195 0.297694
vt 0.522222 0.297694
vt 0.582167 0.324996
vt 0.552195 0.324996
vt 0.522222 0.324996
vt 0.582167 0.352124
vt 0.552195 0.352124
vt 0.522222 0.352124
vt 0.552195 0.366327
vt 0.522222 0.366327
vt 0.582167 0.366327
vt 0.552195 0.376312
vt 0.522222 0.376312
vt 0.582167 0.376312
vt 0.552195 0.376404
vt 0.522222 0.376404
vt 0.582167 0.376404
vt 0.492250 0.376404
vt 0.492250 0.376312
vt 0.492250 0.366327
vt 0.462277 0.376404
vt 0.462277 0.376312
vt 0.462277 0.366327
vt 0.462277 0.352124
vt 0.492250 0.352124
vt 0.462277 0.324996
vt 0.492250 0.324996
vt 0.462277 0.297694
vt 0.492249 0.297694
vt 0.462277 0.270392
vt 0.492249 0.270392
vt 0.462277 0.243090
vt 0.492249 0.243090
vt 0.462277 0.215788
vt 0.492249 0.215788
vt 0.462277 0.188486
vt 0.492249 0.188486
vt 0.462277 0.161184
vt 0.492249 0.161184
vt 0.462277 0.133882
vt 0.492249 0.133882
vt 0.462277 0.106580
vt 0.492249 0.106580
vt 0.462277 0.079278
vt 0.492249 0.079278
vt 0.462277 0.051976
vt 0.492249 0.051976
vt 0.462277 0.024621
vt 0.492249 0.024789
vt 0.462277 0.010295
vt 0.492249 0.010295
vt 0.462277 0.000309
vt 0.492249 0.000309
vt 0.492249 0.000218
vt 0.462277 0.000218
vt 0.460442 0.000218
vt 0.460442 0.000309
vt 0.460442 0.010295
vt 0.458607 0.000218
vt 0.458607 0.000309
vt 0.458607 0.010295
vt 0.460442 0.024612
vt 0.458607 0.024603
vt 0.460442 0.051976
vt 0.458607 0.051976
vt 0.460442 0.079278
vt 0.458607 0.079278
vt 0.442172 0.051976
vt 0.442172 0.024535
vt 0.442172 0.079278
vt 0.425738 0.051976
vt 0.425738 0.024466
vt 0.425738 0.079278
vt 0.425738 0.010295
vt 0.442172 0.010295
vt 0.425738 0.000309
vt 0.442172 0.000309
vt 0.425738 0.000218
vt 0.442172 0.000218
vt 0.409281 0.000218
vt 0.409281 0.000309
vt 0.409281 0.010295
vt 0.390965 0.000218
vt 0.390983 0.000309
vt 0.392969 0.010295
vt 0.392969 0.024329
vt 0.409281 0.024398
vt 0.392969 0.051976
vt 0.409281 0.051976
vt 0.409281 0.079278
vt 0.392969 0.079278
vt 0.409281 0.106580
vt 0.425738 0.106580
vt 0.392969 0.106580
vt 0.409281 0.133882
vt 0.425738 0.133882
vt 0.392969 0.133882
vt 0.409281 0.161184
vt 0.425738 0.161184
vt 0.392969 0.161184
vt 0.409281 0.188486
vt 0.425738 0.188486
vt 0.392969 0.188486
vt 0.409281 0.215788
vt 0.425738 0.215788
vt 0.392969 0.215788
vt 0.409281 0.243090
vt 0.425738 0.243090
vt 0.392969 0.243090
vt 0.409281 0.270392
vt 0.425738 0.270392
vt 0.392969 0.270392
vt 0.409281 0.297694
vt 0.425738 0.297694
vt 0.392969 0.297694
vt 0.409281 0.324996
vt 0.425738 0.324996
vt 0.392969 0.324996
vt 0.409281 0.352124
vt 0.425738 0.352124
vt 0.392969 0.352124
vt 0.425738 0.366327
vt 0.409281 0.366327
vt 0.392969 0.366327
vt 0.425738 0.376312
vt 0.409281 0.376312
vt 0.390983 0.376312
vt 0.425738 0.376404
vt 0.409281 0.376404
vt 0.390965 0.376404
vt 0.442172 0.376404
vt 0.442172 0.376312
vt 0.442172 0.366327
vt 0.458607 0.376404
vt 0.458607 0.376312
vt 0.458607 0.366327
vt 0.442172 0.352124
vt 0.458607 0.352124
vt 0.442172 0.324996
vt 0.458607 0.324996
vt 0.442172 0.297694
vt 0.458607 0.297694
vt 0.442172 0.270392
vt 0.458607 0.270392
vt 0.442172 0.243090
vt 0.458607 0.243090
vt 0.442172 0.215788
vt 0.458607 0.215788
vt 0.442172 0.188486
vt 0.458607 0.188486
vt 0.442172 0.161184
vt 0.458607 0.161184
vt 0.442172 0.133882
vt 0.458607 0.133882
vt 0.442172 0.106580
vt 0.458607 0.106580
vt 0.460442 0.133882
vt 0.460442 0.106580
vt 0.460442 0.161184
vt 0.460442 0.188486
vt 0.460442 0.215788
vt 0.460442 0.243090
vt 0.460442 0.270392
vt 0.460442 0.297694
vt 0.460442 0.324996
vt 0.460442 0.352124
vt 0.460442 0.366327
vt 0.460442 0.376312
vt 0.460442 0.376404
vt 0.375214 0.369879
vt 0.375284 0.369810
vt 0.382926 0.362167
vt 0.368689 0.354128
vt 0.368781 0.354110
vt 0.378766 0.352124
vt 0.378766 0.324996
vt 0.368781 0.324996
vt 0.378766 0.297694
vt 0.368781 0.297694
vt 0.368689 0.324996
vt 0.368689 0.297694
vt 0.368689 0.270392
vt 0.368781 0.270392
vt 0.378766 0.270392
vt 0.368689 0.243090
vt 0.368781 0.243090
vt 0.378766 0.243090
vt 0.378766 0.215788
vt 0.368781 0.215788
vt 0.378766 0.188486
vt 0.368781 0.188486
vt 0.368689 0.215788
vt 0.368689 0.188486
vt 0.368689 0.161184
vt 0.368781 0.161184
vt 0.378766 0.161184
vt 0.368689 0.133882
vt 0.368781 0.133882
vt 0.378766 0.133882
vt 0.378766 0.106580
vt 0.368781 0.106580
vt 0.378766 0.079278
vt 0.368781 0.079278
vt 0.368689 0.106580
vt 0.368689 0.079278
vt 0.368689 0.051976
vt 0.368781 0.051976
vt 0.378766 0.051976
vt 0.368689 0.022494
vt 0.368781 0.022512
vt 0.378766 0.024498
vt 0.382926 0.014455
vt 0.375284 0.006812
vt 0.375214 0.006743
vt 0.612140 0.376404
vt 0.612140 0.376312
vt 0.612140 0.366327
vt 0.642112 0.376404
vt 0.642112 0.376312
vt 0.642112 0.366327
vt 0.612140 0.352124
vt 0.642112 0.352124
vt 0.612140 0.324996
vt 0.642113 0.324996
vt 0.612140 0.297694
vt 0.642112 0.297694
vt 0.612140 0.270392
vt 0.642112 0.270392
vt 0.612140 0.243090
vt 0.642112 0.243090
vt 0.612140 0.215788
vt 0.642112 0.215788
vt 0.612140 0.188486
vt 0.642112 0.188486
vt 0.612140 0.161184
vt 0.642113 0.161184
vt 0.612140 0.133882
vt 0.642112 0.133882
vt 0.612140 0.106580
vt 0.642112 0.106580
vt 0.643948 0.106580
vt 0.643948 0.133882
vt 0.643948 0.161184
vt 0.643948 0.188486
vt 0.643948 0.215788
vt 0.643948 0.243090
vt 0.643948 0.270392
vt 0.643948 0.297694
vt 0.643948 0.324996
vt 0.643948 0.352124
vt 0.643948 0.366327
vt 0.643948 0.376312
vt 0.643948 0.376404
usemtl None
s 1
f 4112/4675 4111/4676 4115/4677 4117/4678
f 4111/4676 4112/4675 4204/4679 4113/4680
f 4114/4681 4111/4676 4113/4680 4202/4682
f 4111/4676 4114/4681 4118/4683 4115/4677
f 4119/4684 4116/4685 4115/4677 4118/4683
f 4116/4685 4867/4686 4117/4678 4115/4677
f 4121/4687 4119/4684 4118/4683 4120/4688
f 4114/4681 4123/4689 4120/4688 4118/4683
f 4868/4690 4121/4687 4120/4688 4122/4691
f 4123/4689 4125/4692 4122/4691 4120/4688
f 4123/4689 4114/4681 4202/4682 4124/4693
f 4125/4692 4123/4689 4124/4693 4127/4694
f 4126/4695 4125/4692 4127/4694 4128/4696
f 4125/4692 4126/4695 4869/4697 4122/4691
f 4128/4696 4127/4694 4129/4698 4130/4699
f 4127/4694 4124/4693 4131/4700 4129/4698
f 4130/4699 4129/4698 4132/4701 4133/4702
f 4129/4698 4131/4700 4134/4703 4132/4701
f 4133/4702 4132/4701 4135/4704 4136/4705
f 4132/4701 4134/4703 4137/4706 4135/4704
f 4136/4705 4135/4704 4138/4707 4139/4708
f 4135/4704 4137/4706 4140/4709 4138/4707
f 4139/4708 4138/4707 4141/4710 4142/4711
f 4138/4707 4140/4709 4143/4712 4141/4710
f 4142/4711 4141/4710 4144/4713 4145/4714
f 4141/4710 4143/4712 4146/4715 4144/4713
f 4145/4714 4144/4713 4147/4716 4148/4717
f 4144/4713 4146/4715 4149/4718 4147/4716
f 4148/4717 4147/4716 4150/4719 4151/4720
f 4147/4716 4149/4718 4152/4721 4150/4719
f 4151/4720 4150/4719 4153/4722 4154/4723
f 4150/4719 4152/4721 4155/4724 4153/4722
f 4154/4723 4153/4722 4156/4725 4157/4726
f 4153/4722 4155/4724 4158/4727 4156/4725
f 4157/4726 4156/4725 4159/4728 4160/4729
f 4156/4725 4158/4727 4161/4730 4159/4728
f 4160/4729 4159/4728 4162/4731 4164/4732
f 4159/4728 4161/4730 4163/4733 4162/4731
f 4162/4731 4163/4733 4166/4734 4165/4735
f 4164/4732 4162/4731 4165/4735 4167/4736
f 4165/4735 4166/4734 4171/4737 4168/4738
f 4167/4736 4165/4735 4168/4738 4170/4739
f 4172/4740 4169/4741 4168/4738 4171/4737
f 4169/4741 4257/4742 4170/4739 4168/4738
f 4174/4743 4172/4740 4171/4737 4173/4744
f 4166/4734 4176/4745 4173/4744 4171/4737
f 4243/4746 4174/4743 4173/4744 4175/4747
f 4176/4745 4177/4748 4175/4747 4173/4744
f 4178/4749 4179/4750 4177/4748 4176/4745
f 4163/4733 4178/4749 4176/4745 4166/4734
f 4180/4751 4181/4752 4179/4750 4178/4749
f 4161/4730 4180/4751 4178/4749 4163/4733
f 4158/4727 4182/4753 4180/4751 4161/4730
f 4182/4753 4183/4754 4181/4752 4180/4751
f 4155/4724 4184/4755 4182/4753 4158/4727
f 4184/4755 4185/4756 4183/4754 4182/4753
f 4152/4721 4186/4757 4184/4755 4155/4724
f 4186/4757 4187/4758 4185/4756 4184/4755
f 4149/4718 4188/4759 4186/4757 4152/4721
f 4188/4759 4189/4760 4187/4758 4186/4757
f 4146/4715 4190/4761 4188/4759 4149/4718
f 4190/4761 4191/4762 4189/4760 4188/4759
f 4143/4712 4192/4763 4190/4761 4146/4715
f 4192/4763 4193/4764 4191/4762 4190/4761
f 4140/4709 4194/4765 4192/4763 4143/4712
f 4194/4765 4195/4766 4193/4764 4192/4763
f 4137/4706 4196/4767 4194/4765 4140/4709
f 4196/4767 4197/4768 4195/4766 4194/4765
f 4134/4703 4198/4769 4196/4767 4137/4706
f 4198/4769 4199/4770 4197/4768 4196/4767
f 4131/4700 4200/4771 4198/4769 4134/4703
f 4200/4771 4201/4772 4199/4770 4198/4769
f 4124/4693 4202/4682 4200/4771 4131/4700
f 4202/4682 4113/4680 4201/4772 4200/4771
f 4113/4680 4204/4679 4203/4773 4201/4772
f 4201/4772 4203/4773 4205/4774 4199/4770
f 4203/4773 4204/4679 4208/4775 4206/4776
f 4205/4774 4203/4773 4206/4776 4209/4777
f 4207/4778 4210/4779 4209/4777 4206/4776
f 4432/4780 4207/4778 4206/4776 4208/4775
f 4210/4779 4212/4781 4211/4782 4209/4777
f 4214/4783 4205/4774 4209/4777 4211/4782
f 4212/4781 4444/4784 4213/4785 4211/4782
f 4215/4786 4214/4783 4211/4782 4213/4785
f 4199/4770 4205/4774 4214/4783 4197/4768
f 4197/4768 4214/4783 4215/4786 4195/4766
f 4216/4787 4215/4786 4213/4785 4218/4788
f 4195/4766 4215/4786 4216/4787 4193/4764
f 4217/4789 4216/4787 4218/4788 4220/4790
f 4193/4764 4216/4787 4217/4789 4191/4762
f 4219/4791 4221/4792 4220/4790 4218/4788
f 4444/4784 4219/4791 4218/4788 4213/4785
f 4221/4792 4223/4793 4222/4794 4220/4790
f 4225/4795 4217/4789 4220/4790 4222/4794
f 4223/4793 4456/4796 4224/4797 4222/4794
f 4226/4798 4225/4795 4222/4794 4224/4797
f 4191/4762 4217/4789 4225/4795 4189/4760
f 4189/4760 4225/4795 4226/4798 4187/4758
f 4227/4799 4226/4798 4224/4797 4229/4800
f 4187/4758 4226/4798 4227/4799 4185/4756
f 4228/4801 4227/4799 4229/4800 4231/4802
f 4185/4756 4227/4799 4228/4801 4183/4754
f 4230/4803 4232/4804 4231/4802 4229/4800
f 4456/4796 4230/4803 4229/4800 4224/4797
f 4232/4804 4234/4805 4233/4806 4231/4802
f 4236/4807 4228/4801 4231/4802 4233/4806
f 4234/4805 4242/4808 4235/4809 4233/4806
f 4237/4810 4236/4807 4233/4806 4235/4809
f 4181/4752 4236/4807 4237/4810 4179/4750
f 4183/4754 4228/4801 4236/4807 4181/4752
f 4238/4811 4237/4810 4235/4809 4239/4812
f 4179/4750 4237/4810 4238/4811 4177/4748
f 4177/4748 4238/4811 4239/4812 4175/4747
f 4240/4813 4243/4746 4175/4747 4239/4812
f 4242/4808 4240/4813 4239/4812 4235/4809
f 4241/4814 4244/4815 4243/4816 4240/4817
f 4466/4818 4241/4819 4240/4820 4242/4821
f 4244/4815 4245/4822 4174/4823 4243/4816
f 4244/4815 4241/4814 4248/4824 4246/4825
f 4245/4822 4244/4815 4246/4825 4249/4826
f 4247/4827 4250/4828 4249/4826 4246/4825
f 4468/4829 4247/4827 4246/4825 4248/4824
f 4250/4828 4252/4830 4251/4831 4249/4826
f 4254/4832 4245/4822 4249/4826 4251/4831
f 4252/4830 4481/4833 4253/4834 4251/4831
f 4255/4835 4254/4832 4251/4831 4253/4834
f 4245/4822 4254/4832 4172/4836 4174/4823
f 4254/4832 4255/4835 4169/4837 4172/4836
f 4255/4835 4256/4838 4257/4839 4169/4837
f 4256/4838 4255/4835 4253/4834 4259/4840
f 4256/4838 4258/4841 5148/4842 4257/4839
f 4258/4841 4256/4838 4259/4840 4261/4843
f 4481/4833 4260/4844 4259/4840 4253/4834
f 4260/4844 4262/4845 4261/4843 4259/4840
f 4262/4846 4264/4847 4263/4848 4261/4849
f 4266/4850 4258/4851 4261/4849 4263/4848
f 4264/4847 4774/4852 4265/4853 4263/4848
f 4268/4854 4266/4850 4263/4848 4265/4853
f 4258/4851 4266/4850 4267/4855 5148/4856
f 4266/4850 4268/4854 4269/4857 4267/4855
f 4268/4854 4270/4858 4271/4859 4269/4857
f 4270/4858 4268/4854 4265/4853 4273/4860
f 4270/4858 4272/4861 4935/4862 4271/4859
f 4272/4861 4270/4858 4273/4860 4275/4863
f 4274/4864 4276/4865 4275/4863 4273/4860
f 4774/4852 4274/4864 4273/4860 4265/4853
f 4276/4865 4278/4866 4277/4867 4275/4863
f 4280/4868 4272/4861 4275/4863 4277/4867
f 4278/4866 4599/4869 4279/4870 4277/4867
f 4282/4871 4280/4868 4277/4867 4279/4870
f 4272/4861 4280/4868 4281/4872 4935/4862
f 4280/4868 4282/4871 4283/4873 4281/4872
f 4282/4871 4284/4874 4285/4875 4283/4873
f 4284/4874 4282/4871 4279/4870 4287/4876
f 4284/4874 4286/4877 5077/4878 4285/4875
f 4286/4877 4284/4874 4287/4876 4289/4879
f 4599/4869 4288/4880 4287/4876 4279/4870
f 4288/4880 4290/4881 4289/4879 4287/4876
f 4290/4882 4292/4883 4291/4884 4289/4885
f 4294/4886 4286/4887 4289/4885 4291/4884
f 4292/4883 4702/4888 4293/4889 4291/4884
f 4296/4890 4294/4886 4291/4884 4293/4889
f 4286/4887 4294/4886 4295/4891 5077/4892
f 4294/4886 4296/4890 4297/4893 4295/4891
f 4296/4890 4298/4894 4299/4895 4297/4893
f 4298/4894 4296/4890 4293/4889 4301/4896
f 4298/4894 4300/4897 5038/4898 4299/4895
f 4300/4897 4298/4894 4301/4896 4303/4899
f 4302/4900 4304/4901 4303/4899 4301/4896
f 4702/4888 4302/4900 4301/4896 4293/4889
f 4304/4901 4306/4902 4305/4903 4303/4899
f 4308/4904 4300/4897 4303/4899 4305/4903
f 4306/4902 4739/4905 4307/4906 4305/4903
f 4310/4907 4308/4904 4305/4903 4307/4906
f 4300/4897 4308/4904 4309/4908 5038/4898
f 4308/4904 4310/4907 4311/4909 4309/4908
f 4310/4910 4312/4911 4313/4912 4311/4913
f 4312/4911 4310/4910 4307/4914 4315/4915
f 4312/4911 4314/4916 5085/4917 4313/4912
f 4314/4916 4312/4911 4315/4915 4317/4918
f 4316/4919 4318/4920 4317/4918 4315/4915
f 4739/4921 4316/4919 4315/4915 4307/4914
f 4318/4920 4320/4922 4319/4923 4317/4918
f 4322/4924 4314/4916 4317/4918 4319/4923
f 4320/4922 4748/4925 4321/4926 4319/4923
f 4324/4927 4322/4924 4319/4923 4321/4926
f 4314/4916 4322/4924 4323/4928 5085/4917
f 4322/4924 4324/4927 4325/4929 4323/4928
f 4324/4927 4326/4930 4327/4931 4325/4929
f 4326/4930 4324/4927 4321/4926 4329/4932
f 4326/4930 4328/4933 5094/4934 4327/4931
f 4328/4933 4326/4930 4329/4932 4331/4935
f 4330/4936 4332/4937 4331/4935 4329/4932
f 4748/4925 4330/4936 4329/4932 4321/4926
f 4332/4937 4334/4938 4333/4939 4331/4935
f 4336/4940 4328/4933 4331/4935 4333/4939
f 4334/4938 4757/4941 4335/4942 4333/4939
f 4338/4943 4336/4940 4333/4939 4335/4942
f 4328/4933 4336/4940 4337/4944 5094/4934
f 4336/4940 4338/4943 4339/4945 4337/4944
f 4338/4943 4340/4946 4341/4947 4339/4945
f 4340/4946 4338/4943 4335/4942 4343/4948
f 4340/4946 4342/4949 5103/4950 4341/4947
f 4342/4949 4340/4946 4343/4948 4345/4951
f 4344/4952 4346/4953 4345/4951 4343/4948
f 4757/4941 4344/4952 4343/4948 4335/4942
f 4346/4953 4348/4954 4347/4955 4345/4951
f 4350/4956 4342/4949 4345/4951 4347/4955
f 4348/4954 4766/4957 4349/4958 4347/4955
f 4352/4959 4350/4956 4347/4955 4349/4958
f 4342/4949 4350/4956 4351/4960 5103/4950
f 4350/4956 4352/4959 4353/4961 4351/4960
f 4352/4959 4354/4962 4355/4963 4353/4961
f 4354/4962 4352/4959 4349/4958 4357/4964
f 4354/4962 4356/4965 5111/4966 4355/4963
f 4356/4965 4354/4962 4357/4964 4359/4967
f 4766/4957 4358/4968 4357/4964 4349/4958
f 4358/4968 4360/4969 4359/4967 4357/4964
f 4360/4970 4362/4971 4361/4972 4359/4973
f 4364/4974 4356/4975 4359/4973 4361/4972
f 4362/4971 4654/4976 4363/4977 4361/4972
f 4366/4978 4364/4974 4361/4972 4363/4977
f 4356/4975 4364/4974 4365/4979 5111/4980
f 4364/4974 4366/4978 4367/4981 4365/4979
f 4366/4978 4368/4982 4369/4983 4367/4981
f 4368/4982 4366/4978 4363/4977 4371/4984
f 4368/4982 4370/4985 4991/4986 4369/4983
f 4370/4985 4368/4982 4371/4984 4373/4987
f 4372/4988 4374/4989 4373/4987 4371/4984
f 4654/4976 4372/4988 4371/4984 4363/4977
f 4374/4989 4376/4990 4375/4991 4373/4987
f 4378/4992 4370/4985 4373/4987 4375/4991
f 4376/4990 4634/4993 4377/4994 4375/4991
f 4380/4995 4378/4992 4375/4991 4377/4994
f 4370/4985 4378/4992 4379/4996 4991/4986
f 4378/4992 4380/4995 4381/4997 4379/4996
f 4380/4998 4382/4999 4383/5000 4381/5001
f 4382/4999 4380/4998 4377/5002 4385/5003
f 4382/4999 4384/5004 4971/5005 4383/5000
f 4384/5004 4382/4999 4385/5003 4387/5006
f 4386/5007 4388/5008 4387/5006 4385/5003
f 4634/5009 4386/5007 4385/5003 4377/5002
f 4388/5008 4390/5010 4389/5011 4387/5006
f 4392/5012 4384/5004 4387/5006 4389/5011
f 4390/5010 4552/5013 4391/5014 4389/5011
f 4394/5015 4392/5012 4389/5011 4391/5014
f 4384/5004 4392/5012 4393/5016 4971/5005
f 4392/5012 4394/5015 4395/5017 4393/5016
f 4394/5015 4396/5018 4397/5019 4395/5017
f 4396/5018 4394/5015 4391/5014 4399/5020
f 4396/5018 4398/5021 4888/5022 4397/5019
f 4398/5021 4396/5018 4399/5020 4401/5023
f 4400/5024 4402/5025 4401/5023 4399/5020
f 4552/5013 4400/5024 4399/5020 4391/5014
f 4402/5025 4404/5026 4403/5027 4401/5023
f 4406/5028 4398/5021 4401/5023 4403/5027
f 4404/5026 4532/5029 4405/5030 4403/5027
f 4408/5031 4406/5028 4403/5027 4405/5030
f 4398/5021 4406/5028 4407/5032 4888/5022
f 4406/5028 4408/5031 4409/5033 4407/5032
f 4408/5034 4410/5035 4411/5036 4409/5037
f 4410/5035 4408/5034 4405/5038 4413/5039
f 4410/5035 4412/5040 4868/5041 4411/5036
f 4412/5040 4410/5035 4413/5039 4415/5042
f 4414/5043 4416/5044 4415/5042 4413/5039
f 4532/5045 4414/5043 4413/5039 4405/5038
f 4416/5044 4418/5046 4417/5047 4415/5042
f 4420/5048 4412/5040 4415/5042 4417/5047
f 4418/5046 4810/5049 4419/5050 4417/5047
f 4421/5051 4420/5048 4417/5047 4419/5050
f 4412/5040 4420/5048 4121/5052 4868/5041
f 4420/5048 4421/5051 4119/5053 4121/5052
f 4421/5051 4422/5054 4116/5055 4119/5053
f 4422/5054 4421/5051 4419/5050 4424/5056
f 4422/5054 4423/5057 4867/5058 4116/5055
f 4423/5057 4422/5054 4424/5056 4426/5059
f 4810/5049 4425/5060 4424/5056 4419/5050
f 4425/5060 4427/5061 4426/5059 4424/5056
f 4427/5062 4429/5063 4428/5064 4426/5065
f 4431/5066 4423/5067 4426/5065 4428/5064
f 4429/5063 4862/5068 4430/5069 4428/5064
f 4433/5070 4431/5066 4428/5064 4430/5069
f 4423/5067 4431/5066 4432/5071 4867/5072
f 4431/5066 4433/5070 4207/5073 4432/5071
f 4433/5070 4434/5074 4210/5075 4207/5073
f 4434/5074 4433/5070 4430/5069 4436/5076
f 4434/5074 4435/5077 4212/5078 4210/5075
f 4435/5077 4434/5074 4436/5076 4438/5079
f 4437/5080 4439/5081 4438/5079 4436/5076
f 4862/5068 4437/5080 4436/5076 4430/5069
f 4439/5081 4441/5082 4440/5083 4438/5079
f 4443/5084 4435/5077 4438/5079 4440/5083
f 4441/5082 4853/5085 4442/5086 4440/5083
f 4445/5087 4443/5084 4440/5083 4442/5086
f 4435/5077 4443/5084 4444/5088 4212/5078
f 4443/5084 4445/5087 4219/5089 4444/5088
f 4445/5087 4446/5090 4221/5091 4219/5089
f 4446/5090 4445/5087 4442/5086 4448/5092
f 4446/5090 4447/5093 4223/5094 4221/5091
f 4447/5093 4446/5090 4448/5092 4450/5095
f 4449/5096 4451/5097 4450/5095 4448/5092
f 4853/5085 4449/5096 4448/5092 4442/5086
f 4451/5097 4453/5098 4452/5099 4450/5095
f 4455/5100 4447/5093 4450/5095 4452/5099
f 4453/5098 4844/5101 4454/5102 4452/5099
f 4457/5103 4455/5100 4452/5099 4454/5102
f 4447/5093 4455/5100 4456/5104 4223/5094
f 4455/5100 4457/5103 4230/5105 4456/5104
f 4457/5103 4458/5106 4232/5107 4230/5105
f 4458/5106 4457/5103 4454/5102 4460/5108
f 4458/5106 4459/5109 4234/5110 4232/5107
f 4459/5109 4458/5106 4460/5108 4462/5111
f 4461/5112 4463/5113 4462/5111 4460/5108
f 4844/5101 4461/5112 4460/5108 4454/5102
f 4463/5113 4465/5114 4464/5115 4462/5111
f 4466/4818 4459/5109 4462/5111 4464/5115
f 4465/5114 4468/5116 4248/5117 4464/5115
f 4241/4819 4466/4818 4464/5115 4248/5117
f 4459/5109 4466/4818 4242/4821 4234/5110
f 4840/5118 4467/5119 4465/5120 4463/5121
f 4467/5119 4469/5122 4468/5123 4465/5120
f 4469/5122 4470/5124 4247/5125 4468/5123
f 4471/5126 4469/5122 4467/5119 4472/5127
f 4473/5128 4470/5124 4469/5122 4471/5126
f 4474/5129 4473/5128 4471/5126 4472/5127
f 4477/5130 4475/5131 4473/5128 4474/5129
f 4475/5131 4478/5132 4470/5124 4473/5128
f 4486/5133 4476/5134 4475/5131 4477/5130
f 4476/5134 4479/5135 4478/5132 4475/5131
f 4470/5124 4478/5132 4250/5136 4247/5125
f 4478/5132 4479/5135 4252/5137 4250/5136
f 4479/5135 4480/5138 4481/5139 4252/5137
f 4483/5140 4480/5138 4479/5135 4476/5134
f 4480/5138 4482/5141 4260/5142 4481/5139
f 4484/5143 4482/5141 4480/5138 4483/5140
f 4485/5144 4483/5140 4476/5134 4486/5133
f 4487/5145 4484/5143 4483/5140 4485/5144
f 4488/5146 4485/5144 4486/5133 4490/5147
f 4489/5148 4487/5145 4485/5144 4488/5146
f 4492/5149 4489/5148 4488/5146 4491/5150
f 4491/5150 4488/5146 4490/5147 4493/5151
f 4495/5152 4492/5149 4491/5150 4494/5153
f 4494/5153 4491/5150 4493/5151 4496/5154
f 4498/5155 4495/5152 4494/5153 4497/5156
f 4497/5156 4494/5153 4496/5154 4499/5157
f 4501/5158 4498/5155 4497/5156 4500/5159
f 4500/5159 4497/5156 4499/5157 4502/5160
f 4504/5161 4501/5158 4500/5159 4503/5162
f 4503/5162 4500/5159 4502/5160 4505/5163
f 4507/5164 4504/5161 4503/5162 4506/5165
f 4506/5165 4503/5162 4505/5163 4508/5166
f 4510/5167 4507/5164 4506/5165 4509/5168
f 4509/5168 4506/5165 4508/5166 4511/5169
f 4513/5170 4510/5167 4509/5168 4512/5171
f 4512/5171 4509/5168 4511/5169 4514/5172
f 4516/5173 4513/5170 4512/5171 4515/5174
f 4515/5174 4512/5171 4514/5172 4517/5175
f 4519/5176 4516/5173 4515/5174 4518/5177
f 4518/5177 4515/5174 4517/5175 4520/5178
f 4522/5179 4519/5176 4518/5177 4521/5180
f 4521/5180 4518/5177 4520/5178 4523/5181
f 4525/5182 4522/5179 4521/5180 4524/5183
f 4524/5183 4521/5180 4523/5181 4526/5184
f 4524/5183 4527/5185 4529/5186 4525/5182
f 4526/5184 4528/5187 4527/5185 4524/5183
f 4529/5186 4527/5185 4416/5188 4414/5189
f 4527/5185 4528/5187 4418/5190 4416/5188
f 4530/5191 4529/5186 4414/5189 4532/5192
f 4533/5193 4525/5182 4529/5186 4530/5191
f 4531/5194 4530/5191 4532/5192 4404/5195
f 4534/5196 4533/5193 4530/5191 4531/5194
f 4536/5197 4535/5198 4533/5193 4534/5196
f 4535/5198 4522/5179 4525/5182 4533/5193
f 4539/5199 4537/5200 4535/5198 4536/5197
f 4537/5200 4519/5176 4522/5179 4535/5198
f 4538/5201 4516/5173 4519/5176 4537/5200
f 4540/5202 4538/5201 4537/5200 4539/5199
f 4544/5203 4541/5204 4539/5199 4536/5197
f 4541/5204 4543/5205 4540/5202 4539/5199
f 4545/5206 4542/5207 4541/5204 4544/5203
f 4542/5207 4560/5208 4543/5205 4541/5204
f 4546/5209 4544/5203 4536/5197 4534/5196
f 4547/5210 4545/5206 4544/5203 4546/5209
f 4534/5196 4531/5194 4548/5211 4546/5209
f 4546/5209 4548/5211 4549/5212 4547/5210
f 4549/5212 4548/5211 4402/5213 4400/5214
f 4548/5211 4531/5194 4404/5195 4402/5213
f 4550/5215 4549/5212 4400/5214 4552/5216
f 4547/5210 4549/5212 4550/5215 4553/5217
f 4551/5218 4550/5215 4552/5216 4390/5219
f 4553/5217 4550/5215 4551/5218 4554/5220
f 4553/5217 4555/5221 4545/5206 4547/5210
f 4554/5220 4556/5222 4555/5221 4553/5217
f 4555/5221 4557/5223 4542/5207 4545/5206
f 4556/5222 4558/5224 4557/5223 4555/5221
f 4557/5223 4559/5225 4560/5208 4542/5207
f 4558/5224 4561/5226 4559/5225 4557/5223
f 4559/5225 4562/5227 4563/5228 4560/5208
f 4561/5226 4564/5229 4562/5227 4559/5225
f 4562/5227 4565/5230 4566/5231 4563/5228
f 4564/5229 4567/5232 4565/5230 4562/5227
f 4565/5230 4568/5233 4569/5234 4566/5231
f 4567/5232 4570/5235 4568/5233 4565/5230
f 4568/5233 4571/5236 4572/5237 4569/5234
f 4570/5235 4573/5238 4571/5236 4568/5233
f 4571/5236 4574/5239 4575/5240 4572/5237
f 4573/5238 4576/5241 4574/5239 4571/5236
f 4574/5239 4577/5242 4578/5243 4575/5240
f 4576/5241 4579/5244 4577/5242 4574/5239
f 4577/5242 4580/5245 4581/5246 4578/5243
f 4579/5244 4582/5247 4580/5245 4577/5242
f 4580/5245 4583/5248 4584/5249 4581/5246
f 4582/5247 4585/5250 4583/5248 4580/5245
f 4583/5248 4586/5251 4587/5252 4584/5249
f 4585/5250 4588/5253 4586/5251 4583/5248
f 4586/5251 4589/5254 4591/5255 4587/5252
f 4588/5253 4590/5256 4589/5254 4586/5251
f 4590/5256 4593/5257 4592/5258 4589/5254
f 4589/5254 4592/5258 4594/5259 4591/5255
f 4593/5257 4597/5260 4595/5261 4592/5258
f 4592/5258 4595/5261 4596/5262 4594/5259
f 4596/5262 4595/5261 4276/5263 4274/5264
f 4595/5261 4597/5260 4278/5265 4276/5263
f 4597/5260 4598/5266 4599/5267 4278/5265
f 4601/5268 4598/5266 4597/5260 4593/5257
f 4598/5266 4600/5269 4288/5270 4599/5267
f 4602/5271 4600/5269 4598/5266 4601/5268
f 4604/5272 4602/5271 4601/5268 4603/5273
f 4603/5273 4601/5268 4593/5257 4590/5256
f 4606/5274 4604/5272 4603/5273 4605/5275
f 4605/5275 4603/5273 4590/5256 4588/5253
f 4608/5276 4606/5274 4605/5275 4607/5277
f 4607/5277 4605/5275 4588/5253 4585/5250
f 4610/5278 4608/5276 4607/5277 4609/5279
f 4609/5279 4607/5277 4585/5250 4582/5247
f 4612/5280 4610/5278 4609/5279 4611/5281
f 4611/5281 4609/5279 4582/5247 4579/5244
f 4614/5282 4612/5280 4611/5281 4613/5283
f 4613/5283 4611/5281 4579/5244 4576/5241
f 4616/5284 4614/5282 4613/5283 4615/5285
f 4615/5285 4613/5283 4576/5241 4573/5238
f 4618/5286 4616/5284 4615/5285 4617/5287
f 4617/5287 4615/5285 4573/5238 4570/5235
f 4620/5288 4618/5286 4617/5287 4619/5289
f 4619/5289 4617/5287 4570/5235 4567/5232
f 4622/5290 4620/5288 4619/5289 4621/5291
f 4621/5291 4619/5289 4567/5232 4564/5229
f 4624/5292 4622/5290 4621/5291 4623/5293
f 4623/5293 4621/5291 4564/5229 4561/5226
f 4626/5294 4624/5292 4623/5293 4625/5295
f 4625/5295 4623/5293 4561/5226 4558/5224
f 4628/5296 4626/5294 4625/5295 4627/5297
f 4627/5297 4625/5295 4558/5224 4556/5222
f 4630/5298 4628/5296 4627/5297 4629/5299
f 4629/5299 4627/5297 4556/5222 4554/5220
f 4629/5299 4631/5300 4632/5301 4630/5298
f 4554/5220 4551/5218 4631/5300 4629/5299
f 4632/5301 4631/5300 4388/5302 4386/5303
f 4631/5300 4551/5218 4390/5219 4388/5302
f 4633/5304 4632/5301 4386/5303 4634/5305
f 4632/5301 4633/5304 4636/5306 4630/5298
f 4635/5307 4633/5304 4634/5305 4376/5308
f 4633/5304 4635/5307 4637/5309 4636/5306
f 4630/5298 4636/5306 4638/5310 4628/5296
f 4636/5306 4637/5309 4639/5311 4638/5310
f 4628/5296 4638/5310 4640/5312 4626/5294
f 4640/5312 4638/5310 4639/5311 4642/5313
f 4641/5314 4640/5312 4642/5313 4643/5315
f 4626/5294 4640/5312 4641/5314 4624/5292
f 4644/5316 4642/5313 4639/5311 4647/5317
f 4646/5318 4643/5315 4642/5313 4644/5316
f 4645/5319 4644/5316 4647/5317 4648/5320
f 4663/5321 4646/5318 4644/5316 4645/5319
f 4648/5320 4647/5317 4649/5322 4650/5323
f 4647/5317 4639/5311 4637/5309 4649/5322
f 4649/5322 4651/5324 4652/5325 4650/5323
f 4637/5309 4635/5307 4651/5324 4649/5322
f 4652/5325 4651/5324 4374/5326 4372/5327
f 4651/5324 4635/5307 4376/5308 4374/5326
f 4653/5328 4652/5325 4372/5327 4654/5329
f 4650/5323 4652/5325 4653/5328 4656/5330
f 4655/5331 4653/5328 4654/5329 4362/5332
f 4656/5330 4653/5328 4655/5331 4657/5333
f 4659/5334 4658/5335 4656/5330 4657/5333
f 4658/5335 4648/5320 4650/5323 4656/5330
f 4661/5336 4660/5337 4658/5335 4659/5334
f 4660/5337 4645/5319 4648/5320 4658/5335
f 4662/5338 4663/5321 4645/5319 4660/5337
f 4664/5339 4662/5338 4660/5337 4661/5336
f 4665/5340 4666/5341 4663/5321 4662/5338
f 4667/5342 4665/5340 4662/5338 4664/5339
f 4668/5343 4669/5344 4666/5341 4665/5340
f 4670/5345 4668/5343 4665/5340 4667/5342
f 4671/5346 4672/5347 4669/5344 4668/5343
f 4673/5348 4671/5346 4668/5343 4670/5345
f 4674/5349 4675/5350 4672/5347 4671/5346
f 4676/5351 4674/5349 4671/5346 4673/5348
f 4677/5352 4678/5353 4675/5350 4674/5349
f 4679/5354 4677/5352 4674/5349 4676/5351
f 4680/5355 4681/5356 4678/5353 4677/5352
f 4682/5357 4680/5355 4677/5352 4679/5354
f 4683/5358 4684/5359 4681/5356 4680/5355
f 4685/5360 4683/5358 4680/5355 4682/5357
f 4686/5361 4687/5362 4684/5359 4683/5358
f 4688/5363 4686/5361 4683/5358 4685/5360
f 4689/5364 4690/5365 4687/5362 4686/5361
f 4691/5366 4689/5364 4686/5361 4688/5363
f 4692/5367 4693/5368 4690/5365 4689/5364
f 4694/5369 4692/5367 4689/5364 4691/5366
f 4692/5367 4695/5370 4696/5371 4693/5368
f 4694/5369 4697/5372 4695/5370 4692/5367
f 4695/5370 4698/5373 4700/5374 4696/5371
f 4697/5372 4699/5375 4698/5373 4695/5370
f 4700/5374 4698/5373 4304/5376 4302/5377
f 4698/5373 4699/5375 4306/5378 4304/5376
f 4701/5379 4700/5374 4302/5377 4702/5380
f 4696/5371 4700/5374 4701/5379 4704/5381
f 4703/5382 4701/5379 4702/5380 4292/5383
f 4704/5381 4701/5379 4703/5382 4705/5384
f 4706/5385 4704/5381 4705/5384 4707/5386
f 4693/5368 4696/5371 4704/5381 4706/5385
f 4706/5385 4707/5386 4709/5387 4708/5388
f 4693/5368 4706/5385 4708/5388 4690/5365
f 4708/5388 4709/5387 4711/5389 4710/5390
f 4690/5365 4708/5388 4710/5390 4687/5362
f 4710/5390 4711/5389 4713/5391 4712/5392
f 4687/5362 4710/5390 4712/5392 4684/5359
f 4712/5392 4713/5391 4715/5393 4714/5394
f 4684/5359 4712/5392 4714/5394 4681/5356
f 4714/5394 4715/5393 4717/5395 4716/5396
f 4681/5356 4714/5394 4716/5396 4678/5353
f 4716/5396 4717/5395 4719/5397 4718/5398
f 4678/5353 4716/5396 4718/5398 4675/5350
f 4718/5398 4719/5397 4721/5399 4720/5400
f 4675/5350 4718/5398 4720/5400 4672/5347
f 4720/5400 4721/5399 4723/5401 4722/5402
f 4672/5347 4720/5400 4722/5402 4669/5344
f 4722/5402 4723/5401 4725/5403 4724/5404
f 4669/5344 4722/5402 4724/5404 4666/5341
f 4724/5404 4725/5403 4643/5315 4646/5318
f 4666/5341 4724/5404 4646/5318 4663/5321
f 4727/5405 4726/5406 4725/5403 4723/5401
f 4726/5406 4641/5314 4643/5315 4725/5403
f 4622/5290 4726/5406 4727/5405 4620/5288
f 4624/5292 4641/5314 4726/5406 4622/5290
f 4728/5407 4727/5405 4723/5401 4721/5399
f 4620/5288 4727/5405 4728/5407 4618/5286
f 4729/5408 4728/5407 4721/5399 4719/5397
f 4618/5286 4728/5407 4729/5408 4616/5284
f 4730/5409 4729/5408 4719/5397 4717/5395
f 4616/5284 4729/5408 4730/5409 4614/5282
f 4731/5410 4730/5409 4717/5395 4715/5393
f 4614/5282 4730/5409 4731/5410 4612/5280
f 4732/5411 4731/5410 4715/5393 4713/5391
f 4612/5280 4731/5410 4732/5411 4610/5278
f 4733/5412 4732/5411 4713/5391 4711/5389
f 4610/5278 4732/5411 4733/5412 4608/5276
f 4734/5413 4733/5412 4711/5389 4709/5387
f 4608/5276 4733/5412 4734/5413 4606/5274
f 4735/5414 4734/5413 4709/5387 4707/5386
f 4606/5274 4734/5413 4735/5414 4604/5272
f 4604/5272 4735/5414 4736/5415 4602/5271
f 4735/5414 4707/5386 4705/5384 4736/5415
f 4602/5271 4736/5415 4737/5416 4600/5269
f 4736/5415 4705/5384 4703/5382 4737/5416
f 4600/5269 4737/5416 4290/5417 4288/5270
f 4737/5416 4703/5382 4292/5383 4290/5417
f 4699/5375 4738/5418 4739/5419 4306/5378
f 4741/5420 4738/5418 4699/5375 4697/5372
f 4738/5418 4740/5421 4316/5422 4739/5419
f 4742/5423 4740/5421 4738/5418 4741/5420
f 4742/5423 4741/5420 4697/5372 4694/5369
f 4743/5424 4742/5423 4694/5369 4691/5366
f 4743/5424 4745/5425 4740/5421 4742/5423
f 4744/5426 4743/5424 4691/5366 4688/5363
f 4744/5426 4746/5427 4745/5425 4743/5424
f 4740/5421 4745/5425 4318/5428 4316/5422
f 4745/5425 4746/5427 4320/5429 4318/5428
f 4746/5427 4747/5430 4748/5431 4320/5429
f 4750/5432 4747/5430 4746/5427 4744/5426
f 4747/5430 4749/5433 4330/5434 4748/5431
f 4751/5435 4749/5433 4747/5430 4750/5432
f 4750/5432 4744/5426 4688/5363 4685/5360
f 4751/5435 4750/5432 4685/5360 4682/5357
f 4752/5436 4751/5435 4682/5357 4679/5354
f 4752/5436 4754/5437 4749/5433 4751/5435
f 4753/5438 4752/5436 4679/5354 4676/5351
f 4753/5438 4755/5439 4754/5437 4752/5436
f 4749/5433 4754/5437 4332/5440 4330/5434
f 4754/5437 4755/5439 4334/5441 4332/5440
f 4755/5439 4756/5442 4757/5443 4334/5441
f 4759/5444 4756/5442 4755/5439 4753/5438
f 4756/5442 4758/5445 4344/5446 4757/5443
f 4760/5447 4758/5445 4756/5442 4759/5444
f 4759/5444 4753/5438 4676/5351 4673/5348
f 4760/5447 4759/5444 4673/5348 4670/5345
f 4761/5448 4760/5447 4670/5345 4667/5342
f 4761/5448 4763/5449 4758/5445 4760/5447
f 4762/5450 4761/5448 4667/5342 4664/5339
f 4762/5450 4764/5451 4763/5449 4761/5448
f 4758/5445 4763/5449 4346/5452 4344/5446
f 4763/5449 4764/5451 4348/5453 4346/5452
f 4764/5451 4765/5454 4766/5455 4348/5453
f 4768/5456 4765/5454 4764/5451 4762/5450
f 4765/5454 4767/5457 4358/5458 4766/5455
f 4769/5459 4767/5457 4765/5454 4768/5456
f 4769/5459 4768/5456 4661/5336 4659/5334
f 4768/5456 4762/5450 4664/5339 4661/5336
f 4769/5459 4659/5334 4657/5333 4770/5460
f 4770/5460 4771/5461 4767/5457 4769/5459
f 4657/5333 4655/5331 4771/5461 4770/5460
f 4767/5457 4771/5461 4360/5462 4358/5458
f 4771/5461 4655/5331 4362/5332 4360/5462
f 4772/5463 4596/5262 4274/5264 4774/5464
f 4594/5259 4596/5262 4772/5463 4775/5465
f 4773/5466 4772/5463 4774/5464 4264/5467
f 4775/5465 4772/5463 4773/5466 4776/5468
f 4777/5469 4775/5465 4776/5468 4778/5470
f 4591/5255 4594/5259 4775/5465 4777/5469
f 4779/5471 4777/5469 4778/5470 4780/5472
f 4587/5252 4591/5255 4777/5469 4779/5471
f 4781/5473 4779/5471 4780/5472 4782/5474
f 4584/5249 4587/5252 4779/5471 4781/5473
f 4783/5475 4781/5473 4782/5474 4784/5476
f 4581/5246 4584/5249 4781/5473 4783/5475
f 4785/5477 4783/5475 4784/5476 4786/5478
f 4578/5243 4581/5246 4783/5475 4785/5477
f 4787/5479 4785/5477 4786/5478 4788/5480
f 4575/5240 4578/5243 4785/5477 4787/5479
f 4789/5481 4787/5479 4788/5480 4790/5482
f 4572/5237 4575/5240 4787/5479 4789/5481
f 4791/5483 4789/5481 4790/5482 4792/5484
f 4569/5234 4572/5237 4789/5481 4791/5483
f 4793/5485 4791/5483 4792/5484 4794/5486
f 4566/5231 4569/5234 4791/5483 4793/5485
f 4795/5487 4793/5485 4794/5486 4796/5488
f 4563/5228 4566/5231 4793/5485 4795/5487
f 4543/5205 4795/5487 4796/5488 4540/5202
f 4560/5208 4563/5228 4795/5487 4543/5205
f 4794/5486 4798/5489 4797/5490 4796/5488
f 4796/5488 4797/5490 4538/5201 4540/5202
f 4797/5490 4513/5170 4516/5173 4538/5201
f 4798/5489 4510/5167 4513/5170 4797/5490
f 4799/5491 4507/5164 4510/5167 4798/5489
f 4792/5484 4799/5491 4798/5489 4794/5486
f 4800/5492 4504/5161 4507/5164 4799/5491
f 4790/5482 4800/5492 4799/5491 4792/5484
f 4801/5493 4501/5158 4504/5161 4800/5492
f 4788/5480 4801/5493 4800/5492 4790/5482
f 4802/5494 4498/5155 4501/5158 4801/5493
f 4786/5478 4802/5494 4801/5493 4788/5480
f 4803/5495 4495/5152 4498/5155 4802/5494
f 4784/5476 4803/5495 4802/5494 4786/5478
f 4804/5496 4492/5149 4495/5152 4803/5495
f 4782/5474 4804/5496 4803/5495 4784/5476
f 4805/5497 4489/5148 4492/5149 4804/5496
f 4780/5472 4805/5497 4804/5496 4782/5474
f 4806/5498 4487/5145 4489/5148 4805/5497
f 4778/5470 4806/5498 4805/5497 4780/5472
f 4776/5468 4807/5499 4806/5498 4778/5470
f 4807/5499 4484/5143 4487/5145 4806/5498
f 4773/5466 4808/5500 4807/5499 4776/5468
f 4808/5500 4482/5141 4484/5143 4807/5499
f 4482/5141 4808/5500 4262/5501 4260/5142
f 4808/5500 4773/5466 4264/5467 4262/5501
f 4528/5187 4809/5502 4810/5503 4418/5190
f 4812/5504 4809/5502 4528/5187 4526/5184
f 4809/5502 4811/5505 4425/5506 4810/5503
f 4813/5507 4811/5505 4809/5502 4812/5504
f 4526/5184 4523/5181 4814/5508 4812/5504
f 4812/5504 4814/5508 4815/5509 4813/5507
f 4523/5181 4520/5178 4816/5510 4814/5508
f 4814/5508 4816/5510 4817/5511 4815/5509
f 4520/5178 4517/5175 4818/5512 4816/5510
f 4816/5510 4818/5512 4819/5513 4817/5511
f 4517/5175 4514/5172 4820/5514 4818/5512
f 4818/5512 4820/5514 4821/5515 4819/5513
f 4514/5172 4511/5169 4822/5516 4820/5514
f 4820/5514 4822/5516 4823/5517 4821/5515
f 4511/5169 4508/5166 4824/5518 4822/5516
f 4822/5516 4824/5518 4825/5519 4823/5517
f 4508/5166 4505/5163 4826/5520 4824/5518
f 4824/5518 4826/5520 4827/5521 4825/5519
f 4505/5163 4502/5160 4828/5522 4826/5520
f 4826/5520 4828/5522 4829/5523 4827/5521
f 4502/5160 4499/5157 4830/5524 4828/5522
f 4828/5522 4830/5524 4831/5525 4829/5523
f 4499/5157 4496/5154 4832/5526 4830/5524
f 4830/5524 4832/5526 4833/5527 4831/5525
f 4496/5154 4493/5151 4834/5528 4832/5526
f 4832/5526 4834/5528 4835/5529 4833/5527
f 4493/5151 4490/5147 4836/5530 4834/5528
f 4834/5528 4836/5530 4837/5531 4835/5529
f 4490/5147 4486/5133 4477/5130 4836/5530
f 4836/5530 4477/5130 4474/5129 4837/5531
f 4837/5531 4474/5129 4472/5127 4838/5532
f 4835/5529 4837/5531 4838/5532 4839/5533
f 4472/5127 4467/5119 4840/5118 4838/5532
f 4838/5532 4840/5118 4841/5534 4839/5533
f 4841/5534 4840/5118 4463/5121 4461/5535
f 4842/5536 4841/5534 4461/5535 4844/5537
f 4839/5533 4841/5534 4842/5536 4845/5538
f 4843/5539 4842/5536 4844/5537 4453/5540
f 4845/5538 4842/5536 4843/5539 4846/5541
f 4831/5525 4833/5527 4845/5538 4846/5541
f 4833/5527 4835/5529 4839/5533 4845/5538
f 4846/5541 4843/5539 4849/5542 4847/5543
f 4829/5523 4831/5525 4846/5541 4847/5543
f 4847/5543 4849/5542 4850/5544 4848/5545
f 4827/5521 4829/5523 4847/5543 4848/5545
f 4850/5544 4849/5542 4451/5546 4449/5547
f 4849/5542 4843/5539 4453/5540 4451/5546
f 4851/5548 4850/5544 4449/5547 4853/5549
f 4848/5545 4850/5544 4851/5548 4854/5550
f 4852/5551 4851/5548 4853/5549 4441/5552
f 4854/5550 4851/5548 4852/5551 4855/5553
f 4823/5517 4825/5519 4854/5550 4855/5553
f 4825/5519 4827/5521 4848/5545 4854/5550
f 4855/5553 4852/5551 4858/5554 4856/5555
f 4821/5515 4823/5517 4855/5553 4856/5555
f 4856/5555 4858/5554 4859/5556 4857/5557
f 4819/5513 4821/5515 4856/5555 4857/5557
f 4859/5556 4858/5554 4439/5558 4437/5559
f 4858/5554 4852/5551 4441/5552 4439/5558
f 4860/5560 4859/5556 4437/5559 4862/5561
f 4857/5557 4859/5556 4860/5560 4863/5562
f 4861/5563 4860/5560 4862/5561 4429/5564
f 4863/5562 4860/5560 4861/5563 4864/5565
f 4815/5509 4817/5511 4863/5562 4864/5565
f 4817/5511 4819/5513 4857/5557 4863/5562
f 4864/5565 4861/5563 4866/5566 4865/5567
f 4813/5507 4815/5509 4864/5565 4865/5567
f 4865/5567 4866/5566 4811/5505 4813/5507
f 4811/5505 4866/5566 4427/5568 4425/5506
f 4866/5566 4861/5563 4429/5564 4427/5568
f 4867/4686 4432/4780 4208/4775 4117/4678
f 4411/5569 4868/4690 4122/4691 4869/4697
f 4409/5570 4411/5569 4869/4697 4870/5571
f 4872/5572 4870/5571 4869/4697 4126/4695
f 4407/5573 4409/5570 4870/5571 4871/5574
f 4873/5575 4871/5574 4870/5571 4872/5572
f 4875/5576 4873/5575 4872/5572 4874/5577
f 4874/5577 4872/5572 4126/4695 4128/4696
f 4878/5578 4875/5576 4874/5577 4876/5579
f 4876/5579 4874/5577 4128/4696 4130/4699
f 4877/5580 4876/5579 4130/4699 4133/4702
f 4879/5581 4878/5578 4876/5579 4877/5580
f 4883/5582 4875/5576 4878/5578 4880/5583
f 4880/5583 4878/5578 4879/5581 4882/5584
f 4884/5585 4883/5582 4880/5583 4881/5586
f 4881/5586 4880/5583 4882/5584 4899/5587
f 4885/5588 4873/5575 4875/5576 4883/5582
f 4886/5589 4885/5588 4883/5582 4884/5585
f 4873/5575 4885/5588 4887/5590 4871/5574
f 4885/5588 4886/5589 4889/5591 4887/5590
f 4397/5592 4888/5593 4887/5590 4889/5591
f 4888/5593 4407/5573 4871/5574 4887/5590
f 4395/5594 4397/5592 4889/5591 4890/5595
f 4886/5589 4892/5596 4890/5595 4889/5591
f 4393/5597 4395/5594 4890/5595 4891/5598
f 4892/5596 4893/5599 4891/5598 4890/5595
f 4892/5596 4886/5589 4884/5585 4894/5600
f 4893/5599 4892/5596 4894/5600 4895/5601
f 4894/5600 4884/5585 4881/5586 4896/5602
f 4895/5601 4894/5600 4896/5602 4897/5603
f 4896/5602 4881/5586 4899/5587 4898/5604
f 4897/5603 4896/5602 4898/5604 4900/5605
f 4898/5604 4899/5587 4902/5606 4901/5607
f 4900/5605 4898/5604 4901/5607 4903/5608
f 4901/5607 4902/5606 4905/5609 4904/5610
f 4903/5608 4901/5607 4904/5610 4906/5611
f 4904/5610 4905/5609 4908/5612 4907/5613
f 4906/5611 4904/5610 4907/5613 4909/5614
f 4907/5613 4908/5612 4911/5615 4910/5616
f 4909/5614 4907/5613 4910/5616 4912/5617
f 4910/5616 4911/5615 4914/5618 4913/5619
f 4912/5617 4910/5616 4913/5619 4915/5620
f 4913/5619 4914/5618 4917/5621 4916/5622
f 4915/5620 4913/5619 4916/5622 4918/5623
f 4916/5622 4917/5621 4920/5624 4919/5625
f 4918/5623 4916/5622 4919/5625 4921/5626
f 4919/5625 4920/5624 4923/5627 4922/5628
f 4921/5626 4919/5625 4922/5628 4924/5629
f 4922/5628 4923/5627 4926/5630 4925/5631
f 4924/5629 4922/5628 4925/5631 4927/5632
f 4925/5631 4926/5630 4930/5633 4928/5634
f 4927/5632 4925/5631 4928/5634 4929/5635
f 4929/5635 4928/5634 4931/5636 4932/5637
f 4928/5634 4930/5633 4933/5638 4931/5636
f 4932/5637 4931/5636 4934/5639 4937/5640
f 4931/5636 4933/5638 4936/5641 4934/5639
f 4935/5642 4281/5643 4937/5640 4934/5639
f 4271/5644 4935/5642 4934/5639 4936/5641
f 4281/5643 4283/5645 4938/5646 4937/5640
f 4940/5647 4932/5637 4937/5640 4938/5646
f 4283/5645 4285/5648 4939/5649 4938/5646
f 4941/5650 4940/5647 4938/5646 4939/5649
f 4943/5651 4942/5652 4940/5647 4941/5650
f 4942/5652 4929/5635 4932/5637 4940/5647
f 4945/5653 4944/5654 4942/5652 4943/5651
f 4944/5654 4927/5632 4929/5635 4942/5652
f 4947/5655 4946/5656 4944/5654 4945/5653
f 4946/5656 4924/5629 4927/5632 4944/5654
f 4949/5657 4948/5658 4946/5656 4947/5655
f 4948/5658 4921/5626 4924/5629 4946/5656
f 4951/5659 4950/5660 4948/5658 4949/5657
f 4950/5660 4918/5623 4921/5626 4948/5658
f 4953/5661 4952/5662 4950/5660 4951/5659
f 4952/5662 4915/5620 4918/5623 4950/5660
f 4955/5663 4954/5664 4952/5662 4953/5661
f 4954/5664 4912/5617 4915/5620 4952/5662
f 4957/5665 4956/5666 4954/5664 4955/5663
f 4956/5666 4909/5614 4912/5617 4954/5664
f 4959/5667 4958/5668 4956/5666 4957/5665
f 4958/5668 4906/5611 4909/5614 4956/5666
f 4961/5669 4960/5670 4958/5668 4959/5667
f 4960/5670 4903/5608 4906/5611 4958/5668
f 4963/5671 4962/5672 4960/5670 4961/5669
f 4962/5672 4900/5605 4903/5608 4960/5670
f 4965/5673 4964/5674 4962/5672 4963/5671
f 4964/5674 4897/5603 4900/5605 4962/5672
f 4967/5675 4966/5676 4964/5674 4965/5673
f 4966/5676 4895/5601 4897/5603 4964/5674
f 4969/5677 4968/5678 4966/5676 4967/5675
f 4968/5678 4893/5599 4895/5601 4966/5676
f 4968/5678 4969/5677 4972/5679 4970/5680
f 4893/5599 4968/5678 4970/5680 4891/5598
f 4971/5681 4393/5597 4891/5598 4970/5680
f 4383/5682 4971/5681 4970/5680 4972/5679
f 4381/5683 4383/5682 4972/5679 4973/5684
f 4972/5679 4969/5677 4975/5685 4973/5684
f 4379/5686 4381/5683 4973/5684 4974/5687
f 4973/5684 4975/5685 4976/5688 4974/5687
f 4969/5677 4967/5675 4977/5689 4975/5685
f 4975/5685 4977/5689 4978/5690 4976/5688
f 4967/5675 4965/5673 4979/5691 4977/5689
f 4979/5691 4981/5692 4978/5690 4977/5689
f 4980/5693 4982/5694 4981/5692 4979/5691
f 4965/5673 4963/5671 4980/5693 4979/5691
f 4983/5695 4986/5696 4978/5690 4981/5692
f 4985/5697 4983/5695 4981/5692 4982/5694
f 4984/5698 4987/5699 4986/5696 4983/5695
f 5002/5700 4984/5698 4983/5695 4985/5697
f 4987/5699 4989/5701 4988/5702 4986/5696
f 4986/5696 4988/5702 4976/5688 4978/5690
f 4988/5702 4989/5701 4992/5703 4990/5704
f 4976/5688 4988/5702 4990/5704 4974/5687
f 4369/5705 4991/5706 4990/5704 4992/5703
f 4991/5706 4379/5686 4974/5687 4990/5704
f 4367/5707 4369/5705 4992/5703 4993/5708
f 4989/5701 4995/5709 4993/5708 4992/5703
f 4365/5710 4367/5707 4993/5708 4994/5711
f 4995/5709 4996/5712 4994/5711 4993/5708
f 4998/5713 4996/5712 4995/5709 4997/5714
f 4997/5714 4995/5709 4989/5701 4987/5699
f 5000/5715 4998/5713 4997/5714 4999/5716
f 4999/5716 4997/5714 4987/5699 4984/5698
f 5001/5717 4999/5716 4984/5698 5002/5700
f 5003/5718 5000/5715 4999/5716 5001/5717
f 5004/5719 5001/5717 5002/5700 5005/5720
f 5006/5721 5003/5718 5001/5717 5004/5719
f 5007/5722 5004/5719 5005/5720 5008/5723
f 5009/5724 5006/5721 5004/5719 5007/5722
f 5010/5725 5007/5722 5008/5723 5011/5726
f 5012/5727 5009/5724 5007/5722 5010/5725
f 5013/5728 5010/5725 5011/5726 5014/5729
f 5015/5730 5012/5727 5010/5725 5013/5728
f 5016/5731 5013/5728 5014/5729 5017/5732
f 5018/5733 5015/5730 5013/5728 5016/5731
f 5019/5734 5016/5731 5017/5732 5020/5735
f 5021/5736 5018/5733 5016/5731 5019/5734
f 5022/5737 5019/5734 5020/5735 5023/5738
f 5024/5739 5021/5736 5019/5734 5022/5737
f 5025/5740 5022/5737 5023/5738 5026/5741
f 5027/5742 5024/5739 5022/5737 5025/5740
f 5028/5743 5025/5740 5026/5741 5029/5744
f 5030/5745 5027/5742 5025/5740 5028/5743
f 5031/5746 5028/5743 5029/5744 5032/5747
f 5033/5748 5030/5745 5028/5743 5031/5746
f 5031/5746 5032/5747 5035/5749 5034/5750
f 5033/5748 5031/5746 5034/5750 5036/5751
f 5034/5750 5035/5749 5040/5752 5037/5753
f 5036/5751 5034/5750 5037/5753 5039/5754
f 4299/5755 5038/5756 5037/5753 5040/5752
f 5038/5756 4309/5757 5039/5754 5037/5753
f 4297/5758 4299/5755 5040/5752 5041/5759
f 5035/5749 5043/5760 5041/5759 5040/5752
f 4295/5761 4297/5758 5041/5759 5042/5762
f 5043/5760 5044/5763 5042/5762 5041/5759
f 5045/5764 5046/5765 5044/5763 5043/5760
f 5032/5747 5045/5764 5043/5760 5035/5749
f 5045/5764 5047/5766 5048/5767 5046/5765
f 5032/5747 5029/5744 5047/5766 5045/5764
f 5047/5766 5049/5768 5050/5769 5048/5767
f 5029/5744 5026/5741 5049/5768 5047/5766
f 5049/5768 5051/5770 5052/5771 5050/5769
f 5026/5741 5023/5738 5051/5770 5049/5768
f 5051/5770 5053/5772 5054/5773 5052/5771
f 5023/5738 5020/5735 5053/5772 5051/5770
f 5053/5772 5055/5774 5056/5775 5054/5773
f 5020/5735 5017/5732 5055/5774 5053/5772
f 5055/5774 5057/5776 5058/5777 5056/5775
f 5017/5732 5014/5729 5057/5776 5055/5774
f 5057/5776 5059/5778 5060/5779 5058/5777
f 5014/5729 5011/5726 5059/5778 5057/5776
f 5059/5778 5061/5780 5062/5781 5060/5779
f 5011/5726 5008/5723 5061/5780 5059/5778
f 5061/5780 5063/5782 5064/5783 5062/5781
f 5008/5723 5005/5720 5063/5782 5061/5780
f 5063/5782 4985/5697 4982/5694 5064/5783
f 5005/5720 5002/5700 4985/5697 5063/5782
f 5066/5784 5062/5781 5064/5783 5065/5785
f 5065/5785 5064/5783 4982/5694 4980/5693
f 4961/5669 4959/5667 5066/5784 5065/5785
f 4963/5671 4961/5669 5065/5785 4980/5693
f 5067/5786 5060/5779 5062/5781 5066/5784
f 4959/5667 4957/5665 5067/5786 5066/5784
f 5068/5787 5058/5777 5060/5779 5067/5786
f 4957/5665 4955/5663 5068/5787 5067/5786
f 5069/5788 5056/5775 5058/5777 5068/5787
f 4955/5663 4953/5661 5069/5788 5068/5787
f 5070/5789 5054/5773 5056/5775 5069/5788
f 4953/5661 4951/5659 5070/5789 5069/5788
f 5071/5790 5052/5771 5054/5773 5070/5789
f 4951/5659 4949/5657 5071/5790 5070/5789
f 5072/5791 5050/5769 5052/5771 5071/5790
f 4949/5657 4947/5655 5072/5791 5071/5790
f 5073/5792 5048/5767 5050/5769 5072/5791
f 4947/5655 4945/5653 5073/5792 5072/5791
f 5074/5793 5046/5765 5048/5767 5073/5792
f 4945/5653 4943/5651 5074/5793 5073/5792
f 4943/5651 4941/5650 5075/5794 5074/5793
f 5074/5793 5075/5794 5044/5763 5046/5765
f 4941/5650 4939/5649 5076/5795 5075/5794
f 5075/5794 5076/5795 5042/5762 5044/5763
f 5077/5796 4295/5761 5042/5762 5076/5795
f 4285/5648 5077/5796 5076/5795 4939/5649
f 4309/5757 4311/5797 5078/5798 5039/5754
f 5080/5799 5036/5751 5039/5754 5078/5798
f 4311/5797 4313/5800 5079/5801 5078/5798
f 5081/5802 5080/5799 5078/5798 5079/5801
f 5081/5802 5033/5748 5036/5751 5080/5799
f 5082/5803 5030/5745 5033/5748 5081/5802
f 5082/5803 5081/5802 5079/5801 5084/5804
f 5083/5805 5082/5803 5084/5804 5086/5806
f 5083/5805 5027/5742 5030/5745 5082/5803
f 5085/5807 4323/5808 5086/5806 5084/5804
f 4313/5800 5085/5807 5084/5804 5079/5801
f 4323/5808 4325/5809 5087/5810 5086/5806
f 5089/5811 5083/5805 5086/5806 5087/5810
f 4325/5809 4327/5812 5088/5813 5087/5810
f 5090/5814 5089/5811 5087/5810 5088/5813
f 5089/5811 5024/5739 5027/5742 5083/5805
f 5090/5814 5021/5736 5024/5739 5089/5811
f 5091/5815 5090/5814 5088/5813 5093/5816
f 5091/5815 5018/5733 5021/5736 5090/5814
f 5092/5817 5091/5815 5093/5816 5095/5818
f 5092/5817 5015/5730 5018/5733 5091/5815
f 5094/5819 4337/5820 5095/5818 5093/5816
f 4327/5812 5094/5819 5093/5816 5088/5813
f 4337/5820 4339/5821 5096/5822 5095/5818
f 5098/5823 5092/5817 5095/5818 5096/5822
f 4339/5821 4341/5824 5097/5825 5096/5822
f 5099/5826 5098/5823 5096/5822 5097/5825
f 5098/5823 5012/5727 5015/5730 5092/5817
f 5099/5826 5009/5724 5012/5727 5098/5823
f 5100/5827 5099/5826 5097/5825 5102/5828
f 5100/5827 5006/5721 5009/5724 5099/5826
f 5101/5829 5100/5827 5102/5828 5104/5830
f 5101/5829 5003/5718 5006/5721 5100/5827
f 5103/5831 4351/5832 5104/5830 5102/5828
f 4341/5824 5103/5831 5102/5828 5097/5825
f 4351/5832 4353/5833 5105/5834 5104/5830
f 5107/5835 5101/5829 5104/5830 5105/5834
f 4353/5833 4355/5836 5106/5837 5105/5834
f 5108/5838 5107/5835 5105/5834 5106/5837
f 5108/5838 4998/5713 5000/5715 5107/5835
f 5107/5835 5000/5715 5003/5718 5101/5829
f 5109/5839 5108/5838 5106/5837 5110/5840
f 5108/5838 5109/5839 4996/5712 4998/5713
f 4996/5712 5109/5839 5110/5840 4994/5711
f 5111/5841 4365/5710 4994/5711 5110/5840
f 4355/5836 5111/5841 5110/5840 5106/5837
f 4269/5842 4271/5644 4936/5641 5112/5843
f 4933/5638 5114/5844 5112/5843 4936/5641
f 4267/5845 4269/5842 5112/5843 5113/5846
f 5114/5844 5115/5847 5113/5846 5112/5843
f 5116/5848 5117/5849 5115/5847 5114/5844
f 4930/5633 5116/5848 5114/5844 4933/5638
f 5118/5850 5119/5851 5117/5849 5116/5848
f 4926/5630 5118/5850 5116/5848 4930/5633
f 5120/5852 5121/5853 5119/5851 5118/5850
f 4923/5627 5120/5852 5118/5850 4926/5630
f 5122/5854 5123/5855 5121/5853 5120/5852
f 4920/5624 5122/5854 5120/5852 4923/5627
f 5124/5856 5125/5857 5123/5855 5122/5854
f 4917/5621 5124/5856 5122/5854 4920/5624
f 5126/5858 5127/5859 5125/5857 5124/5856
f 4914/5618 5126/5858 5124/5856 4917/5621
f 5128/5860 5129/5861 5127/5859 5126/5858
f 4911/5615 5128/5860 5126/5858 4914/5618
f 5130/5862 5131/5863 5129/5861 5128/5860
f 4908/5612 5130/5862 5128/5860 4911/5615
f 5132/5864 5133/5865 5131/5863 5130/5862
f 4905/5609 5132/5864 5130/5862 4908/5612
f 5134/5866 5135/5867 5133/5865 5132/5864
f 4902/5606 5134/5866 5132/5864 4905/5609
f 4882/5584 4879/5581 5135/5867 5134/5866
f 4899/5587 4882/5584 5134/5866 4902/5606
f 5133/5865 5135/5867 5136/5868 5137/5869
f 5135/5867 4879/5581 4877/5580 5136/5868
f 5136/5868 4877/5580 4133/4702 4136/4705
f 5137/5869 5136/5868 4136/4705 4139/4708
f 5138/5870 5137/5869 4139/4708 4142/4711
f 5131/5863 5133/5865 5137/5869 5138/5870
f 5139/5871 5138/5870 4142/4711 4145/4714
f 5129/5861 5131/5863 5138/5870 5139/5871
f 5140/5872 5139/5871 4145/4714 4148/4717
f 5127/5859 5129/5861 5139/5871 5140/5872
f 5141/5873 5140/5872 4148/4717 4151/4720
f 5125/5857 5127/5859 5140/5872 5141/5873
f 5142/5874 5141/5873 4151/4720 4154/4723
f 5123/5855 5125/5857 5141/5873 5142/5874
f 5143/5875 5142/5874 4154/4723 4157/4726
f 5121/5853 5123/5855 5142/5874 5143/5875
f 5144/5876 5143/5875 4157/4726 4160/4729
f 5119/5851 5121/5853 5143/5875 5144/5876
f 5145/5877 5144/5876 4160/4729 4164/4732
f 5117/5849 5119/5851 5144/5876 5145/5877
f 5115/5847 5117/5849 5145/5877 5146/5878
f 5146/5878 5145/5877 4164/4732 4167/4736
f 5113/5846 5115/5847 5146/5878 5147/5879
f 5147/5879 5146/5878 4167/4736 4170/4739
f 4257/4742 5148/5880 5147/5879 4170/4739
f 5148/5880 4267/5845 5113/5846 5147/5879
f 4204/4679 4112/4675 4117/4678 4208/4775
o label
v -0.102307 0.000659 0.146580
v -0.102120 0.000653 0.146772
v -0.102206 0.000662 0.146297
v -0.102305 0.000809 0.146582
v -0.102303 0.000959 0.146585
v -0.102204 0.000812 0.146300
v -0.102118 0.000803 0.146775
v -0.094752 0.000585 0.154385
v -0.102117 0.000953 0.146777
v -0.094752 0.000735 0.154387
v -0.102015 0.000957 0.146490
v -0.102203 0.000962 0.146302
v -0.094579 0.000741 0.153901
v -0.099837 0.001037 0.140362
v -0.100064 0.001041 0.140281
v -0.090897 0.000877 0.143536
v -0.095932 0.001181 0.129369
v -0.096158 0.001185 0.129289
v -0.086992 0.001021 0.132543
v -0.092027 0.001325 0.118376
v -0.092253 0.001329 0.118296
v -0.083086 0.001165 0.121550
v -0.088122 0.001469 0.107384
v -0.088348 0.001473 0.107303
v -0.079181 0.001309 0.110558
v -0.084216 0.001613 0.096391
v -0.084443 0.001617 0.096311
v -0.075276 0.001453 0.099565
v -0.082051 0.001693 0.090295
v -0.082315 0.001695 0.090322
v -0.071612 0.001588 0.089251
v -0.081937 0.001697 0.089975
v -0.082203 0.001699 0.090007
v -0.071419 0.001595 0.088709
v -0.081939 0.001547 0.089972
v -0.082205 0.001549 0.090004
v -0.081941 0.001397 0.089970
v -0.071420 0.001445 0.088707
v -0.071247 0.001443 0.088686
v -0.071420 0.001295 0.088705
v -0.071248 0.001293 0.088684
v -0.071613 0.001288 0.089247
v -0.082054 0.001393 0.090290
v -0.071441 0.001286 0.089230
v -0.075277 0.001153 0.099561
v -0.084220 0.001313 0.096386
v -0.075130 0.001150 0.099613
v -0.079182 0.001009 0.110553
v -0.088125 0.001169 0.107378
v -0.079035 0.001006 0.110605
v -0.083087 0.000865 0.121546
v -0.092030 0.001025 0.118371
v -0.082941 0.000862 0.121598
v -0.086993 0.000721 0.132539
v -0.095936 0.000881 0.129364
v -0.086846 0.000718 0.132591
v -0.090898 0.000577 0.143532
v -0.099841 0.000737 0.140356
v -0.090751 0.000574 0.143584
v -0.094580 0.000441 0.153897
v -0.102018 0.000657 0.146485
v -0.094458 0.000438 0.154018
v -0.094753 0.000435 0.154383
v -0.094632 0.000431 0.154508
v -0.094466 0.000431 0.154567
v -0.094632 0.000581 0.154510
v -0.094631 0.000731 0.154512
v -0.094465 0.000581 0.154569
v -0.086871 0.000587 0.157267
v -0.094465 0.000731 0.154571
v -0.086871 0.000737 0.157269
v -0.094291 0.000738 0.154082
v -0.094457 0.000738 0.154023
v -0.086697 0.000743 0.156779
v -0.090584 0.000874 0.143647
v -0.090750 0.000874 0.143588
v -0.082990 0.000880 0.146345
v -0.086679 0.001018 0.132654
v -0.086845 0.001018 0.132595
v -0.079085 0.001024 0.135352
v -0.082773 0.001162 0.121661
v -0.082940 0.001162 0.121602
v -0.075180 0.001168 0.124359
v -0.078868 0.001306 0.110669
v -0.079034 0.001306 0.110610
v -0.071274 0.001312 0.113367
v -0.074963 0.001450 0.099676
v -0.075129 0.001450 0.099617
v -0.067369 0.001455 0.102374
v -0.071274 0.001586 0.089293
v -0.071440 0.001586 0.089234
v -0.063680 0.001591 0.091991
v -0.071080 0.001593 0.088747
v -0.063487 0.001599 0.091445
v -0.071247 0.001593 0.088688
v -0.071081 0.001443 0.088745
v -0.063486 0.001449 0.091443
v -0.071081 0.001293 0.088743
v -0.063486 0.001299 0.091441
v -0.071275 0.001286 0.089289
v -0.063680 0.001291 0.091987
v -0.074964 0.001150 0.099672
v -0.067369 0.001156 0.102370
v -0.078869 0.001006 0.110664
v -0.071274 0.001012 0.113363
v -0.082774 0.000862 0.121657
v -0.075179 0.000868 0.124356
v -0.086680 0.000718 0.132650
v -0.079084 0.000724 0.135348
v -0.090585 0.000574 0.143643
v -0.082990 0.000580 0.146341
v -0.094292 0.000438 0.154078
v -0.086697 0.000443 0.156776
v -0.086871 0.000437 0.157265
v -0.078934 0.000391 0.159533
v -0.075227 0.000527 0.149098
v -0.079108 0.000385 0.160023
v -0.071146 0.000584 0.162303
v -0.067439 0.000721 0.151868
v -0.071320 0.000578 0.162792
v -0.063341 0.000902 0.165080
v -0.059634 0.001038 0.154645
v -0.063515 0.000896 0.165569
v -0.055522 0.001383 0.167864
v -0.051815 0.001519 0.157429
v -0.055696 0.001376 0.168353
v -0.050244 0.002004 0.169736
v -0.046462 0.002143 0.159092
v -0.050421 0.001997 0.170235
v -0.049601 0.003047 0.169975
v -0.045800 0.003188 0.159274
v -0.049779 0.003041 0.170476
v -0.049877 0.004342 0.169887
v -0.050053 0.004332 0.170396
v -0.046034 0.004484 0.159069
v -0.056709 0.005394 0.162051
v -0.053365 0.005518 0.152638
v -0.056866 0.005389 0.162493
v -0.063044 0.005919 0.155112
v -0.060094 0.006027 0.146830
v -0.063183 0.005914 0.155501
v -0.069601 0.006391 0.148783
v -0.067026 0.006486 0.141538
v -0.069721 0.006386 0.149123
v -0.076490 0.006706 0.143335
v -0.074089 0.006794 0.136595
v -0.076602 0.006702 0.143651
v -0.083787 0.006908 0.139000
v -0.081484 0.006992 0.132519
v -0.083895 0.006904 0.139304
v -0.091428 0.007005 0.135630
v -0.089210 0.007086 0.129388
v -0.091532 0.007001 0.135923
v -0.099483 0.007010 0.133426
v -0.097181 0.007095 0.126944
v -0.099591 0.007006 0.133730
v -0.107876 0.006913 0.132173
v -0.105395 0.007005 0.125169
v -0.107993 0.006909 0.132502
v -0.116656 0.006693 0.132047
v -0.113927 0.006794 0.124361
v -0.116785 0.006688 0.132407
v -0.125741 0.006318 0.132820
v -0.122646 0.006432 0.124073
v -0.125887 0.006312 0.133230
v -0.135044 0.005828 0.134229
v -0.131712 0.005950 0.124850
v -0.135201 0.005822 0.134669
v -0.143777 0.005044 0.136271
v -0.139961 0.005184 0.125531
v -0.143961 0.005034 0.136773
v -0.144547 0.003774 0.136255
v -0.140747 0.003915 0.125558
v -0.144725 0.003766 0.136756
v -0.143893 0.002512 0.136474
v -0.144071 0.002505 0.136973
v -0.140113 0.002650 0.125832
v -0.138570 0.001965 0.138369
v -0.134863 0.002101 0.127933
v -0.138744 0.001959 0.138859
v -0.130820 0.001335 0.141114
v -0.127113 0.001471 0.130678
v -0.130994 0.001329 0.141603
v -0.123092 0.000865 0.143853
v -0.119385 0.001000 0.133417
v -0.123266 0.000858 0.144342
v -0.112395 0.000514 0.147648
v -0.108688 0.000650 0.137213
v -0.112569 0.000508 0.148137
v -0.102693 0.000146 0.151090
v -0.098986 0.000283 0.140655
v -0.102867 0.000140 0.151579
v -0.097284 0.000106 0.153011
v -0.093577 0.000243 0.142575
v -0.097458 0.000100 0.153500
v -0.092275 0.000069 0.154790
v -0.088567 0.000206 0.144355
v -0.092449 0.000063 0.155279
v -0.091879 0.000066 0.154930
v -0.092053 0.000060 0.155420
v -0.088172 0.000203 0.144495
v -0.091879 0.000216 0.154932
v -0.091879 0.000366 0.154934
v -0.088172 0.000353 0.144497
v -0.092053 0.000210 0.155422
v -0.092052 0.000360 0.155424
v -0.092448 0.000213 0.155281
v -0.092448 0.000363 0.155283
v -0.097457 0.000250 0.153502
v -0.097457 0.000400 0.153504
v -0.102864 0.000290 0.151582
v -0.102862 0.000440 0.151585
v -0.112565 0.000658 0.148141
v -0.112561 0.000808 0.148144
v -0.123260 0.001008 0.144346
v -0.123255 0.001158 0.144349
v -0.130985 0.001478 0.141608
v -0.130976 0.001628 0.141612
v -0.138732 0.002108 0.138864
v -0.138721 0.002258 0.138869
v -0.143994 0.002631 0.137002
v -0.143917 0.002756 0.137030
v -0.144584 0.003765 0.136806
v -0.144442 0.003764 0.136856
v -0.143882 0.004909 0.136799
v -0.143803 0.004784 0.136826
v -0.135190 0.005672 0.134671
v -0.135179 0.005523 0.134673
v -0.125880 0.006163 0.133230
v -0.125872 0.006013 0.133231
v -0.116780 0.006539 0.132407
v -0.116775 0.006389 0.132407
v -0.107990 0.006759 0.132501
v -0.107987 0.006609 0.132500
v -0.099589 0.006856 0.133728
v -0.099588 0.006706 0.133726
v -0.091532 0.006851 0.135921
v -0.091533 0.006701 0.135919
v -0.083897 0.006754 0.139302
v -0.083898 0.006604 0.139299
v -0.076605 0.006552 0.143648
v -0.076609 0.006402 0.143645
v -0.069727 0.006237 0.149119
v -0.069732 0.006087 0.149115
v -0.063190 0.005764 0.155497
v -0.063197 0.005614 0.155492
v -0.056876 0.005239 0.162487
v -0.056887 0.005090 0.162481
v -0.050150 0.004223 0.170360
v -0.050247 0.004114 0.170324
v -0.049918 0.003069 0.170427
v -0.050057 0.003098 0.170378
v -0.050496 0.002125 0.170210
v -0.050570 0.002253 0.170185
v -0.055708 0.001526 0.168351
v -0.055720 0.001675 0.168348
v -0.063522 0.001046 0.165568
v -0.063530 0.001195 0.165567
v -0.071325 0.000728 0.162792
v -0.071330 0.000878 0.162792
v -0.079110 0.000535 0.160024
v -0.079112 0.000685 0.160025
v -0.078938 0.000691 0.159535
v -0.075231 0.000827 0.149101
v -0.071156 0.000884 0.162302
v -0.067449 0.001020 0.151868
v -0.063356 0.001202 0.165078
v -0.059649 0.001338 0.154643
v -0.055546 0.001682 0.167859
v -0.051839 0.001818 0.157424
v -0.050393 0.002259 0.169686
v -0.046611 0.002398 0.159042
v -0.049879 0.003105 0.169877
v -0.046077 0.003245 0.159176
v -0.050067 0.004121 0.169817
v -0.046224 0.004263 0.158999
v -0.056730 0.005095 0.162040
v -0.053386 0.005219 0.152627
v -0.063058 0.005619 0.155104
v -0.060108 0.005727 0.146822
v -0.069612 0.006091 0.148775
v -0.067037 0.006186 0.141530
v -0.076496 0.006406 0.143328
v -0.074096 0.006494 0.136589
v -0.083790 0.006608 0.138995
v -0.081487 0.006693 0.132514
v -0.091429 0.006705 0.135626
v -0.089211 0.006786 0.129384
v -0.099480 0.006710 0.133422
v -0.097178 0.006795 0.126940
v -0.107871 0.006613 0.132171
v -0.105389 0.006705 0.125167
v -0.116646 0.006393 0.132046
v -0.113917 0.006494 0.124360
v -0.125727 0.006018 0.132821
v -0.122631 0.006132 0.124074
v -0.135023 0.005528 0.134233
v -0.131691 0.005651 0.124853
v -0.143624 0.004791 0.136322
v -0.139808 0.004931 0.125582
v -0.144264 0.003771 0.136355
v -0.140464 0.003911 0.125659
v -0.143739 0.002763 0.136531
v -0.139959 0.002901 0.125890
v -0.138547 0.002264 0.138380
v -0.134840 0.002400 0.127944
v -0.130802 0.001635 0.141123
v -0.127095 0.001770 0.130688
v -0.123081 0.001164 0.143860
v -0.119374 0.001300 0.133425
v -0.112387 0.000814 0.147654
v -0.108680 0.000950 0.137219
v -0.102688 0.000446 0.151095
v -0.098981 0.000583 0.140660
v -0.097283 0.000406 0.153015
v -0.093576 0.000543 0.142580
v -0.092274 0.000369 0.154794
v -0.088567 0.000506 0.144359
v -0.088171 0.000503 0.144499
v -0.084661 0.000650 0.133366
v -0.089671 0.000687 0.131587
v -0.084266 0.000647 0.133506
v -0.080756 0.000794 0.122373
v -0.085765 0.000831 0.120594
v -0.080361 0.000791 0.122514
v -0.076851 0.000937 0.111381
v -0.081860 0.000975 0.109602
v -0.076455 0.000935 0.111521
v -0.072946 0.001081 0.100388
v -0.077955 0.001118 0.098609
v -0.072550 0.001078 0.100528
v -0.069258 0.001217 0.090007
v -0.069064 0.001224 0.089461
v -0.068862 0.001214 0.090147
v -0.074267 0.001254 0.088228
v -0.074073 0.001262 0.087682
v -0.079672 0.001294 0.086308
v -0.079478 0.001302 0.085763
v -0.083360 0.001158 0.096689
v -0.089371 0.001662 0.082867
v -0.089177 0.001669 0.082322
v -0.093059 0.001526 0.093248
v -0.100065 0.002012 0.079073
v -0.099871 0.002019 0.078527
v -0.103753 0.001876 0.089454
v -0.107786 0.002482 0.076336
v -0.107592 0.002489 0.075790
v -0.111474 0.002346 0.086717
v -0.115531 0.003111 0.073593
v -0.115337 0.003119 0.073047
v -0.119219 0.002976 0.083974
v -0.120730 0.003610 0.071763
v -0.124487 0.003471 0.082338
v -0.120533 0.003617 0.071208
v -0.121257 0.004619 0.071593
v -0.121058 0.004626 0.071034
v -0.125032 0.004479 0.082220
v -0.120787 0.005632 0.072041
v -0.120588 0.005640 0.071481
v -0.124577 0.005493 0.082709
v -0.115405 0.006251 0.079013
v -0.115231 0.006258 0.078522
v -0.118720 0.006129 0.088345
v -0.108974 0.006636 0.085664
v -0.108807 0.006642 0.085196
v -0.112140 0.006519 0.094584
v -0.102271 0.006923 0.091582
v -0.102129 0.006928 0.091183
v -0.104973 0.006824 0.099188
v -0.095212 0.007080 0.096542
v -0.095095 0.007084 0.096211
v -0.097449 0.006997 0.102841
v -0.087836 0.007139 0.100645
v -0.087734 0.007143 0.100360
v -0.089764 0.007068 0.106075
v -0.080168 0.007120 0.103929
v -0.080073 0.007123 0.103661
v -0.081976 0.007053 0.109017
v -0.072146 0.007037 0.106218
v -0.072044 0.007041 0.105932
v -0.074075 0.006966 0.111647
v -0.063832 0.006873 0.107679
v -0.063717 0.006877 0.107355
v -0.066017 0.006792 0.113825
v -0.055220 0.006622 0.108265
v -0.055087 0.006626 0.107891
v -0.057752 0.006528 0.115392
v -0.046289 0.006237 0.107901
v -0.046132 0.006243 0.107457
v -0.049292 0.006127 0.116353
v -0.037114 0.005818 0.106823
v -0.036939 0.005825 0.106331
v -0.040441 0.005696 0.116187
v -0.027064 0.004969 0.105065
v -0.030881 0.004828 0.115812
v -0.026863 0.004976 0.104500
v -0.026871 0.003953 0.105114
v -0.026673 0.003960 0.104555
v -0.030649 0.003813 0.115747
v -0.027383 0.003107 0.104917
v -0.027185 0.003114 0.104361
v -0.031141 0.002968 0.115497
v -0.032529 0.002529 0.103070
v -0.032335 0.002536 0.102524
v -0.036218 0.002393 0.113453
v -0.040339 0.002049 0.100289
v -0.040145 0.002057 0.099744
v -0.044028 0.001913 0.110672
v -0.048139 0.001732 0.097514
v -0.047946 0.001739 0.096968
v -0.051828 0.001596 0.107897
v -0.055921 0.001539 0.094747
v -0.055727 0.001546 0.094201
v -0.059610 0.001403 0.105130
v -0.063515 0.001259 0.116123
v -0.055733 0.001452 0.118890
v -0.067420 0.001115 0.127115
v -0.059639 0.001308 0.129882
v -0.071325 0.000971 0.138108
v -0.063544 0.001164 0.140875
v -0.055743 0.001482 0.143650
v -0.047933 0.001962 0.146431
v -0.051838 0.001626 0.132658
v -0.044028 0.002105 0.135438
v -0.047933 0.001770 0.121665
v -0.040123 0.002249 0.124446
v -0.035018 0.002825 0.126410
v -0.034518 0.003671 0.126639
v -0.038879 0.002683 0.137278
v -0.038367 0.003529 0.137472
v -0.042738 0.002541 0.148139
v -0.042212 0.003387 0.148296
v -0.042377 0.004405 0.148169
v -0.038558 0.004545 0.137419
v -0.050052 0.005341 0.143241
v -0.057208 0.005834 0.138664
v -0.046923 0.005457 0.134433
v -0.054665 0.005928 0.131500
v -0.043782 0.005573 0.125592
v -0.052143 0.006021 0.124389
v -0.034734 0.004686 0.126656
v -0.060212 0.006438 0.122317
v -0.062386 0.006357 0.128439
v -0.068078 0.006716 0.119635
v -0.075974 0.006896 0.116994
v -0.070096 0.006642 0.125325
v -0.077844 0.006827 0.122259
v -0.071863 0.006576 0.130306
v -0.064472 0.006281 0.134309
v -0.079425 0.006769 0.126711
v -0.087208 0.006860 0.123746
v -0.085651 0.006918 0.119362
v -0.095117 0.006871 0.121137
v -0.103247 0.006784 0.119136
v -0.093535 0.006929 0.116686
v -0.101482 0.006849 0.114177
v -0.091664 0.006998 0.111421
v -0.083812 0.006985 0.114187
v -0.099537 0.006920 0.108715
v -0.107312 0.006737 0.105772
v -0.109430 0.006659 0.111731
v -0.114866 0.006418 0.102245
v -0.122062 0.006006 0.097750
v -0.117355 0.006327 0.109233
v -0.125215 0.005890 0.106625
v -0.119798 0.006236 0.116096
v -0.111457 0.006585 0.117437
v -0.128356 0.005774 0.115467
v -0.135985 0.005072 0.114821
v -0.136598 0.004053 0.114777
v -0.132198 0.005212 0.104160
v -0.132752 0.004195 0.103950
v -0.128406 0.005352 0.093485
v -0.128902 0.004337 0.093113
v -0.128365 0.003329 0.093253
v -0.132226 0.003186 0.104122
v -0.123124 0.002832 0.094966
v -0.115379 0.002202 0.097710
v -0.127030 0.002688 0.105959
v -0.119284 0.002058 0.108702
v -0.130935 0.002544 0.116952
v -0.123189 0.001914 0.119695
v -0.136085 0.003044 0.114985
v -0.115468 0.001444 0.122432
v -0.111563 0.001588 0.111439
v -0.104775 0.001094 0.126226
v -0.095075 0.000727 0.129667
v -0.100869 0.001238 0.115234
v -0.091170 0.000871 0.118675
v -0.096964 0.001382 0.104241
v -0.107658 0.001732 0.100447
v -0.087265 0.001015 0.107682
v -0.055725 0.001396 0.094200
v -0.055723 0.001246 0.094199
v -0.047941 0.001589 0.096968
v -0.047936 0.001439 0.096968
v -0.040138 0.001907 0.099744
v -0.040130 0.001757 0.099745
v -0.032323 0.002387 0.102527
v -0.032311 0.002237 0.102529
v -0.027111 0.002986 0.104386
v -0.027036 0.002859 0.104411
v -0.026534 0.003931 0.104604
v -0.026395 0.003903 0.104653
v -0.026766 0.005085 0.104536
v -0.026669 0.005194 0.104572
v -0.036928 0.005974 0.106336
v -0.036918 0.006124 0.106342
v -0.046125 0.006393 0.107461
v -0.046118 0.006543 0.107466
v -0.055082 0.006776 0.107895
v -0.055076 0.006926 0.107899
v -0.063713 0.007027 0.107359
v -0.063710 0.007177 0.107362
v -0.072043 0.007191 0.105935
v -0.072041 0.007341 0.105937
v -0.080072 0.007273 0.103663
v -0.080072 0.007423 0.103665
v -0.087736 0.007293 0.100361
v -0.087737 0.007443 0.100363
v -0.095098 0.007234 0.096212
v -0.095101 0.007384 0.096213
v -0.102134 0.007078 0.091183
v -0.102139 0.007228 0.091183
v -0.108815 0.006791 0.085195
v -0.108822 0.006941 0.085195
v -0.115242 0.006407 0.078520
v -0.115253 0.006557 0.078519
v -0.120667 0.005765 0.071454
v -0.120746 0.005889 0.071428
v -0.121200 0.004627 0.070984
v -0.121341 0.004628 0.070934
v -0.120610 0.003492 0.071179
v -0.120687 0.003366 0.071150
v -0.115348 0.002969 0.073041
v -0.115359 0.002820 0.073035
v -0.107601 0.002339 0.075785
v -0.107609 0.002189 0.075780
v -0.099876 0.001869 0.078523
v -0.099882 0.001719 0.078519
v -0.089181 0.001519 0.082318
v -0.089185 0.001369 0.082315
v -0.079480 0.001152 0.085760
v -0.079483 0.001002 0.085757
v -0.074073 0.001112 0.087680
v -0.074074 0.000962 0.087678
v -0.069064 0.001075 0.089459
v -0.069064 0.000925 0.089457
v -0.068669 0.001072 0.089600
v -0.068668 0.001222 0.089602
v -0.068669 0.000922 0.089597
v -0.068863 0.001064 0.090145
v -0.068863 0.000914 0.090143
v -0.072551 0.000929 0.100526
v -0.072551 0.000779 0.100524
v -0.076456 0.000785 0.111519
v -0.076456 0.000635 0.111517
v -0.080361 0.000641 0.122512
v -0.080361 0.000491 0.122510
v -0.084266 0.000497 0.133504
v -0.084267 0.000347 0.133502
v -0.084662 0.000350 0.133362
v -0.089671 0.000387 0.131583
v -0.080757 0.000494 0.122369
v -0.085766 0.000531 0.120590
v -0.076852 0.000638 0.111376
v -0.081861 0.000675 0.109597
v -0.072946 0.000781 0.100384
v -0.077956 0.000819 0.098605
v -0.069258 0.000917 0.090003
v -0.074268 0.000954 0.088223
v -0.079676 0.000994 0.086302
v -0.083364 0.000859 0.096684
v -0.089379 0.001362 0.082860
v -0.093067 0.001226 0.093242
v -0.100076 0.001712 0.079065
v -0.103764 0.001576 0.089446
v -0.107803 0.002182 0.076326
v -0.111491 0.002046 0.086707
v -0.115553 0.002812 0.073581
v -0.119241 0.002677 0.083962
v -0.120884 0.003359 0.071705
v -0.124641 0.003220 0.082280
v -0.121539 0.004623 0.071492
v -0.125315 0.004483 0.082119
v -0.120940 0.005885 0.071990
v -0.124730 0.005746 0.082658
v -0.115427 0.006551 0.079009
v -0.118742 0.006428 0.088341
v -0.108988 0.006935 0.085663
v -0.112154 0.006819 0.094583
v -0.102281 0.007223 0.091583
v -0.104983 0.007123 0.099188
v -0.095218 0.007380 0.096544
v -0.097455 0.007297 0.102843
v -0.087838 0.007439 0.100648
v -0.089767 0.007368 0.106078
v -0.080167 0.007420 0.103933
v -0.081975 0.007353 0.109021
v -0.072142 0.007337 0.106223
v -0.074072 0.007266 0.111652
v -0.063825 0.007173 0.107685
v -0.066010 0.007092 0.113832
v -0.055209 0.006921 0.108273
v -0.057741 0.006828 0.115400
v -0.046275 0.006537 0.107910
v -0.049278 0.006426 0.116362
v -0.037093 0.006117 0.106834
v -0.040420 0.005995 0.116199
v -0.026874 0.005190 0.105135
v -0.030692 0.005050 0.115882
v -0.026593 0.003896 0.105211
v -0.030371 0.003756 0.115845
v -0.027234 0.002851 0.104967
v -0.030993 0.002713 0.115547
v -0.032505 0.002230 0.103075
v -0.036193 0.002094 0.113458
v -0.040324 0.001750 0.100291
v -0.044013 0.001614 0.110674
v -0.048129 0.001432 0.097513
v -0.051818 0.001296 0.107897
v -0.055917 0.001239 0.094744
v -0.059606 0.001103 0.105127
v -0.063511 0.000959 0.116120
v -0.055723 0.001152 0.118889
v -0.067416 0.000815 0.127113
v -0.059629 0.001008 0.129882
v -0.071322 0.000671 0.138105
v -0.063534 0.000864 0.140875
v -0.055729 0.001182 0.143652
v -0.047909 0.001663 0.146436
v -0.051823 0.001326 0.132659
v -0.044004 0.001806 0.135443
v -0.047918 0.001470 0.121666
v -0.040099 0.001950 0.124450
v -0.034869 0.002570 0.126460
v -0.034240 0.003614 0.126737
v -0.038730 0.002428 0.137328
v -0.038089 0.003472 0.137570
v -0.042589 0.002285 0.148189
v -0.041934 0.003330 0.148394
v -0.042187 0.004626 0.148239
v -0.038368 0.004767 0.137490
v -0.050031 0.005640 0.143253
v -0.057194 0.006134 0.138673
v -0.046902 0.005756 0.134445
v -0.054651 0.006228 0.131509
v -0.043761 0.005872 0.125604
v -0.052129 0.006321 0.124398
v -0.034544 0.004908 0.126727
v -0.060201 0.006737 0.122324
v -0.062376 0.006657 0.128447
v -0.068072 0.007016 0.119642
v -0.075971 0.007196 0.116999
v -0.070090 0.006942 0.125331
v -0.077841 0.007127 0.122264
v -0.071857 0.006876 0.130313
v -0.064461 0.006580 0.134317
v -0.079422 0.007068 0.126716
v -0.087208 0.007160 0.123750
v -0.085650 0.007218 0.119366
v -0.095119 0.007171 0.121141
v -0.103253 0.007084 0.119137
v -0.093537 0.007229 0.116689
v -0.101488 0.007149 0.114179
v -0.091666 0.007298 0.111424
v -0.083812 0.007285 0.114191
v -0.099543 0.007220 0.108717
v -0.107322 0.007037 0.105772
v -0.109440 0.006959 0.111731
v -0.114880 0.006718 0.102244
v -0.122083 0.006305 0.097747
v -0.117370 0.006626 0.109232
v -0.125236 0.006189 0.106621
v -0.119812 0.006536 0.116095
v -0.111467 0.006884 0.117437
v -0.128377 0.006073 0.115463
v -0.136138 0.005325 0.114770
v -0.136881 0.004057 0.114677
v -0.132351 0.005465 0.104109
v -0.133035 0.004199 0.103849
v -0.128559 0.005605 0.093434
v -0.129185 0.004341 0.093013
v -0.128518 0.003078 0.093195
v -0.132380 0.002935 0.104064
v -0.123147 0.002533 0.094955
v -0.115397 0.001902 0.097700
v -0.127052 0.002389 0.105947
v -0.119302 0.001759 0.108692
v -0.130957 0.002245 0.116940
v -0.123207 0.001615 0.119685
v -0.136239 0.002793 0.114927
v -0.115480 0.001144 0.122424
v -0.111574 0.001288 0.111431
v -0.104783 0.000794 0.126220
v -0.095080 0.000427 0.129662
v -0.100878 0.000938 0.115227
v -0.091175 0.000571 0.118669
v -0.096972 0.001082 0.104234
v -0.107669 0.001432 0.100439
v -0.087270 0.000715 0.107676
v -0.100067 0.000741 0.140276
v -0.096162 0.000885 0.129283
v -0.100065 0.000891 0.140279
v -0.096160 0.001035 0.129286
v -0.092255 0.001179 0.118293
v -0.092257 0.001029 0.118291
v -0.088350 0.001323 0.107301
v -0.088351 0.001173 0.107298
v -0.084444 0.001467 0.096308
v -0.084446 0.001317 0.096305
v -0.082317 0.001545 0.090319
v -0.082319 0.001395 0.090317
v -0.082207 0.001399 0.090002
v -0.072755 0.008004 0.084116
v -0.074621 0.007958 0.089368
v -0.070948 0.007988 0.085224
v -0.074856 0.008016 0.083836
v -0.070960 0.007985 0.079061
v -0.070948 0.007985 0.079028
v -0.070142 0.007985 0.082550
v -0.073796 0.008012 0.081252
v -0.073782 0.008012 0.081201
v -0.075623 0.008008 0.079597
v -0.078224 0.008009 0.078788
v -0.075591 0.008007 0.079531
v -0.077228 0.008023 0.083329
v -0.079698 0.008021 0.082734
v -0.079587 0.007977 0.088003
v -0.082391 0.007968 0.087370
v -0.081530 0.007922 0.092195
v -0.076929 0.007972 0.088688
v -0.078755 0.007917 0.092937
v -0.079874 0.007879 0.095875
v -0.076171 0.007902 0.093729
v -0.077223 0.007864 0.096693
v -0.073664 0.007881 0.094745
v -0.074650 0.007842 0.097730
v -0.072401 0.007939 0.090296
v -0.071044 0.007848 0.095919
v -0.068502 0.007801 0.097112
v -0.071955 0.007807 0.098928
v -0.069906 0.007909 0.091441
v -0.067332 0.007863 0.092718
v -0.068788 0.007964 0.086327
v -0.066495 0.007928 0.087423
v -0.067680 0.007951 0.082418
v -0.067663 0.007951 0.082347
v -0.065151 0.007917 0.083431
v -0.065123 0.007917 0.083363
v -0.062262 0.007868 0.085188
v -0.062224 0.007867 0.085130
v -0.060518 0.007821 0.087963
v -0.063801 0.007874 0.088687
v -0.065148 0.007811 0.093965
v -0.062790 0.007818 0.091439
v -0.061780 0.007751 0.094190
v -0.063652 0.007770 0.094936
v -0.061934 0.007716 0.096171
v -0.064374 0.007698 0.099323
v -0.066383 0.007753 0.098169
v -0.062574 0.007643 0.100475
v -0.064912 0.007648 0.102421
v -0.063019 0.007590 0.103589
v -0.067082 0.007707 0.101222
v -0.065542 0.007590 0.105976
v -0.063519 0.007528 0.107116
v -0.067906 0.007653 0.104778
v -0.066745 0.007513 0.111038
v -0.069306 0.007580 0.109859
v -0.064577 0.007448 0.112097
v -0.068084 0.007439 0.116061
v -0.065817 0.007370 0.117126
v -0.070786 0.007510 0.114857
v -0.069361 0.007377 0.120410
v -0.067002 0.007308 0.121367
v -0.072180 0.007449 0.119295
v -0.070446 0.007333 0.123664
v -0.068052 0.007264 0.124555
v -0.073302 0.007405 0.122610
v -0.071029 0.007309 0.125413
v -0.068617 0.007241 0.126269
v -0.073905 0.007381 0.124392
v -0.071680 0.007287 0.127138
v -0.069260 0.007219 0.127954
v -0.074561 0.007358 0.126155
v -0.072891 0.007246 0.130347
v -0.070457 0.007180 0.131090
v -0.075782 0.007316 0.129435
v -0.074644 0.007197 0.134526
v -0.072213 0.007134 0.135129
v -0.077500 0.007263 0.133758
v -0.076774 0.007143 0.139269
v -0.079506 0.007205 0.138569
v -0.074423 0.007085 0.139813
v -0.079035 0.007093 0.143955
v -0.076745 0.007041 0.144346
v -0.081625 0.007148 0.143395
v -0.080789 0.007063 0.147111
v -0.078583 0.007016 0.147398
v -0.083229 0.007112 0.146674
v -0.082326 0.007037 0.149855
v -0.084613 0.007081 0.149483
v -0.080202 0.006994 0.150096
v -0.084534 0.007000 0.153715
v -0.082421 0.006961 0.153839
v -0.086307 0.007032 0.153525
v -0.086073 0.006964 0.156974
v -0.083551 0.006950 0.155474
v -0.088593 0.006975 0.158475
v -0.086503 0.006893 0.161109
v -0.086490 0.006891 0.161159
v -0.089611 0.006922 0.162176
v -0.084208 0.006906 0.158340
v -0.083264 0.006866 0.159438
v -0.084218 0.006905 0.158395
v -0.083292 0.006865 0.159516
v -0.084229 0.006841 0.158424
v -0.083283 0.006801 0.159525
v -0.086511 0.006828 0.161177
v -0.084231 0.006754 0.158423
v -0.084232 0.006668 0.158421
v -0.083285 0.006715 0.159523
v -0.086513 0.006741 0.161175
v -0.086514 0.006655 0.161174
v -0.089633 0.006771 0.162245
v -0.089632 0.006857 0.162246
v -0.089634 0.006684 0.162243
v -0.092989 0.006822 0.161784
v -0.092990 0.006735 0.161783
v -0.092988 0.006908 0.161785
v -0.095598 0.006856 0.160987
v -0.095597 0.006942 0.160988
v -0.095598 0.006769 0.160985
v -0.097420 0.006888 0.159320
v -0.097420 0.006975 0.159321
v -0.097421 0.006802 0.159319
v -0.100377 0.006890 0.161863
v -0.100376 0.006977 0.161864
v -0.100377 0.006804 0.161863
v -0.101067 0.006914 0.158025
v -0.101067 0.006828 0.158024
v -0.101067 0.007001 0.158026
v -0.103531 0.006912 0.158169
v -0.103531 0.006826 0.158168
v -0.103531 0.006999 0.158170
v -0.106059 0.006913 0.157142
v -0.106059 0.007000 0.157143
v -0.106058 0.006827 0.157141
v -0.108955 0.006907 0.155382
v -0.108956 0.006993 0.155383
v -0.108954 0.006820 0.155381
v -0.110701 0.006911 0.152584
v -0.110700 0.006825 0.152583
v -0.110702 0.006998 0.152585
v -0.110736 0.006941 0.149009
v -0.110737 0.007027 0.149010
v -0.110735 0.006854 0.149008
v -0.112164 0.006918 0.149267
v -0.112166 0.007005 0.149267
v -0.112162 0.006832 0.149266
v -0.118052 0.006813 0.147428
v -0.118054 0.006899 0.147429
v -0.118050 0.006726 0.147428
v -0.117854 0.006835 0.142547
v -0.117852 0.006749 0.142547
v -0.117856 0.006922 0.142547
v -0.121217 0.006727 0.142427
v -0.121215 0.006640 0.142427
v -0.121220 0.006813 0.142428
v -0.120164 0.006766 0.138737
v -0.120161 0.006680 0.138737
v -0.120167 0.006853 0.138737
v -0.123566 0.006632 0.138147
v -0.123562 0.006546 0.138147
v -0.123569 0.006719 0.138147
v -0.121967 0.006693 0.134886
v -0.121970 0.006780 0.134886
v -0.121963 0.006607 0.134887
v -0.124425 0.006583 0.133526
v -0.124429 0.006669 0.133526
v -0.124421 0.006496 0.133526
v -0.123733 0.006598 0.128667
v -0.123729 0.006512 0.128667
v -0.123737 0.006684 0.128667
v -0.121624 0.006686 0.125553
v -0.121628 0.006772 0.125552
v -0.121620 0.006599 0.125553
v -0.124141 0.006551 0.122511
v -0.124145 0.006637 0.122510
v -0.124136 0.006465 0.122511
v -0.124988 0.006486 0.118736
v -0.124983 0.006400 0.118737
v -0.124992 0.006573 0.118736
v -0.124582 0.006485 0.114888
v -0.124587 0.006571 0.114887
v -0.124578 0.006399 0.114888
v -0.121966 0.006601 0.110727
v -0.121971 0.006687 0.110726
v -0.121962 0.006514 0.110727
v -0.123371 0.006514 0.109015
v -0.123375 0.006600 0.109014
v -0.123366 0.006427 0.109015
v -0.123713 0.006479 0.106685
v -0.123708 0.006392 0.106686
v -0.123717 0.006565 0.106685
v -0.121978 0.006565 0.105095
v -0.121983 0.006651 0.105095
v -0.121974 0.006479 0.105096
v -0.119809 0.006680 0.104655
v -0.119805 0.006594 0.104656
v -0.119814 0.006766 0.104655
v -0.119214 0.006683 0.099776
v -0.119209 0.006596 0.099776
v -0.119218 0.006769 0.099775
v -0.117100 0.006777 0.096535
v -0.117105 0.006863 0.096534
v -0.117096 0.006691 0.096535
v -0.114063 0.006923 0.094143
v -0.114058 0.006836 0.094143
v -0.114067 0.007009 0.094143
v -0.110192 0.007107 0.093374
v -0.110188 0.007021 0.093375
v -0.110196 0.007193 0.093374
v -0.109863 0.007109 0.089627
v -0.109867 0.007195 0.089626
v -0.109860 0.007023 0.089627
v -0.107335 0.007213 0.085421
v -0.107332 0.007126 0.085421
v -0.107339 0.007299 0.085420
v -0.104571 0.007334 0.085919
v -0.104567 0.007248 0.085919
v -0.104574 0.007421 0.085919
v -0.103754 0.007363 0.082380
v -0.103757 0.007449 0.082380
v -0.103751 0.007276 0.082380
v -0.100743 0.007482 0.084072
v -0.100746 0.007568 0.084071
v -0.100740 0.007396 0.084072
v -0.099233 0.007536 0.080544
v -0.099236 0.007622 0.080545
v -0.099230 0.007450 0.080544
v -0.096549 0.007620 0.082576
v -0.096551 0.007706 0.082576
v -0.096546 0.007533 0.082576
v -0.093625 0.007702 0.078670
v -0.093623 0.007616 0.078670
v -0.093627 0.007789 0.078670
v -0.087897 0.007803 0.080958
v -0.087895 0.007716 0.080958
v -0.087898 0.007889 0.080958
v -0.086951 0.007810 0.082059
v -0.086950 0.007724 0.082059
v -0.086952 0.007897 0.082060
v -0.084671 0.007841 0.079313
v -0.084672 0.007927 0.079313
v -0.084670 0.007755 0.079313
v -0.081555 0.007853 0.078257
v -0.081555 0.007940 0.078257
v -0.081555 0.007767 0.078257
v -0.078198 0.007859 0.078719
v -0.078198 0.007773 0.078719
v -0.078198 0.007945 0.078719
v -0.075593 0.007857 0.079529
v -0.075593 0.007944 0.079528
v -0.075593 0.007771 0.079529
v -0.073768 0.007861 0.081182
v -0.073768 0.007948 0.081182
v -0.073769 0.007775 0.081182
v -0.070937 0.007835 0.078993
v -0.070938 0.007748 0.078993
v -0.070937 0.007921 0.078993
v -0.070121 0.007835 0.082477
v -0.070122 0.007749 0.082477
v -0.070120 0.007922 0.082477
v -0.067661 0.007801 0.082346
v -0.067662 0.007715 0.082346
v -0.067660 0.007887 0.082346
v -0.065129 0.007767 0.083360
v -0.065128 0.007854 0.083360
v -0.065131 0.007681 0.083360
v -0.062234 0.007718 0.085119
v -0.062233 0.007804 0.085120
v -0.062236 0.007631 0.085119
v -0.060483 0.007671 0.087904
v -0.060484 0.007585 0.087903
v -0.060481 0.007757 0.087905
v -0.060446 0.007624 0.091473
v -0.060445 0.007710 0.091474
v -0.060448 0.007537 0.091471
v -0.059018 0.007599 0.091215
v -0.059016 0.007686 0.091216
v -0.059020 0.007513 0.091213
v -0.053132 0.007419 0.093052
v -0.053129 0.007505 0.093053
v -0.053134 0.007333 0.093050
v -0.053328 0.007318 0.097927
v -0.053330 0.007231 0.097925
v -0.053325 0.007404 0.097929
v -0.049964 0.007193 0.098043
v -0.049968 0.007107 0.098041
v -0.049961 0.007279 0.098045
v -0.051018 0.007136 0.101732
v -0.051021 0.007049 0.101730
v -0.051014 0.007222 0.101735
v -0.047616 0.006973 0.102319
v -0.047620 0.006886 0.102316
v -0.047613 0.007059 0.102321
v -0.049215 0.006950 0.105580
v -0.049211 0.007036 0.105582
v -0.049219 0.006864 0.105577
v -0.046755 0.006792 0.106937
v -0.046751 0.006878 0.106940
v -0.046759 0.006705 0.106935
v -0.047450 0.006676 0.111794
v -0.047454 0.006590 0.111791
v -0.047445 0.006762 0.111797
v -0.049556 0.006686 0.114911
v -0.049552 0.006772 0.114913
v -0.049560 0.006600 0.114908
v -0.047040 0.006457 0.117947
v -0.047035 0.006544 0.117950
v -0.047045 0.006371 0.117945
v -0.046196 0.006285 0.121718
v -0.046201 0.006199 0.121715
v -0.046191 0.006372 0.121721
v -0.046601 0.006179 0.125565
v -0.046597 0.006265 0.125568
v -0.046606 0.006093 0.125562
v -0.049217 0.006190 0.129728
v -0.049212 0.006277 0.129731
v -0.049222 0.006104 0.129725
v -0.047813 0.006051 0.131436
v -0.047818 0.005964 0.131433
v -0.047808 0.006137 0.131439
v -0.047471 0.005950 0.133764
v -0.047466 0.006036 0.133767
v -0.047476 0.005864 0.133761
v -0.049206 0.005999 0.135356
v -0.049211 0.005913 0.135353
v -0.049201 0.006086 0.135359
v -0.051374 0.006111 0.135799
v -0.051379 0.006025 0.135796
v -0.051369 0.006197 0.135802
v -0.051970 0.005981 0.140677
v -0.051975 0.005895 0.140674
v -0.051965 0.006067 0.140680
v -0.054083 0.005995 0.143919
v -0.054078 0.006081 0.143922
v -0.054088 0.005908 0.143917
v -0.057118 0.006086 0.146315
v -0.057123 0.006000 0.146312
v -0.057113 0.006172 0.146318
v -0.060988 0.006264 0.147089
v -0.060992 0.006178 0.147086
v -0.060983 0.006351 0.147091
v -0.061319 0.006165 0.150834
v -0.061315 0.006251 0.150837
v -0.061323 0.006078 0.150832
v -0.063845 0.006162 0.155042
v -0.063849 0.006076 0.155040
v -0.063840 0.006248 0.155045
v -0.066611 0.006309 0.154547
v -0.066615 0.006223 0.154544
v -0.066607 0.006395 0.154549
v -0.067428 0.006242 0.158085
v -0.067424 0.006329 0.158088
v -0.067432 0.006156 0.158083
v -0.070438 0.006420 0.156398
v -0.070435 0.006506 0.156400
v -0.070442 0.006334 0.156396
v -0.071949 0.006384 0.159926
v -0.071946 0.006470 0.159928
v -0.071952 0.006298 0.159924
v -0.074633 0.006533 0.157898
v -0.074630 0.006620 0.157900
v -0.074636 0.006447 0.157896
v -0.077558 0.006530 0.161811
v -0.077560 0.006443 0.161809
v -0.077556 0.006616 0.161812
v -0.077549 0.006680 0.161796
v -0.077559 0.006682 0.161715
v -0.074635 0.006684 0.157879
v -0.074648 0.006686 0.157817
v -0.071946 0.006535 0.159898
v -0.071954 0.006536 0.159848
v -0.070441 0.006571 0.156379
v -0.070456 0.006572 0.156339
v -0.067436 0.006394 0.158060
v -0.067457 0.006396 0.158015
v -0.066616 0.006460 0.154535
v -0.066646 0.006462 0.154492
v -0.063851 0.006313 0.155039
v -0.063885 0.006316 0.154984
v -0.061311 0.006315 0.150832
v -0.061377 0.006319 0.150802
v -0.061000 0.006415 0.147092
v -0.061048 0.006418 0.147064
v -0.057123 0.006236 0.146324
v -0.057152 0.006239 0.146281
v -0.054079 0.006144 0.143927
v -0.054126 0.006148 0.143890
v -0.051961 0.006131 0.140676
v -0.052016 0.006135 0.140650
v -0.051385 0.006262 0.135804
v -0.051423 0.006265 0.135781
v -0.049224 0.006150 0.135371
v -0.049259 0.006153 0.135337
v -0.047470 0.006100 0.133766
v -0.047819 0.006202 0.131417
v -0.047526 0.006104 0.133747
v -0.047868 0.006205 0.131421
v -0.050821 0.006337 0.132579
v -0.055905 0.006664 0.130777
v -0.050725 0.006401 0.130476
v -0.052073 0.006351 0.134272
v -0.053945 0.006438 0.134777
v -0.056446 0.006648 0.132148
v -0.057457 0.006620 0.134695
v -0.059845 0.006836 0.131061
v -0.059254 0.006853 0.129590
v -0.060945 0.006806 0.133799
v -0.062985 0.006988 0.130042
v -0.064126 0.006954 0.132940
v -0.062372 0.007006 0.128484
v -0.066750 0.007138 0.128799
v -0.067928 0.007100 0.131857
v -0.066117 0.007158 0.127156
v -0.065571 0.007181 0.125481
v -0.064556 0.007225 0.122365
v -0.061865 0.007029 0.126889
v -0.060922 0.007072 0.123920
v -0.058784 0.006875 0.128075
v -0.057910 0.006918 0.125258
v -0.055460 0.006685 0.129373
v -0.054637 0.006724 0.126758
v -0.051859 0.006515 0.128906
v -0.053817 0.006798 0.123008
v -0.056963 0.006988 0.121342
v -0.053208 0.006904 0.118484
v -0.049395 0.006502 0.125161
v -0.049041 0.006603 0.121448
v -0.046656 0.006333 0.125561
v -0.046597 0.006329 0.125575
v -0.046249 0.006439 0.121717
v -0.049268 0.006344 0.129714
v -0.049224 0.006341 0.129721
v -0.046189 0.006435 0.121718
v -0.047089 0.006610 0.117956
v -0.047040 0.006608 0.117941
v -0.049620 0.006840 0.114895
v -0.049050 0.006711 0.118080
v -0.052837 0.007006 0.114436
v -0.050748 0.006905 0.114582
v -0.049418 0.006934 0.111477
v -0.052666 0.007080 0.111607
v -0.055312 0.007250 0.109265
v -0.052725 0.007169 0.108513
v -0.055101 0.007319 0.106264
v -0.053009 0.007283 0.104712
v -0.054949 0.007407 0.102543
v -0.052524 0.007376 0.100513
v -0.049693 0.007187 0.103320
v -0.048874 0.007029 0.107465
v -0.050170 0.007135 0.105863
v -0.046824 0.006945 0.106961
v -0.046763 0.006942 0.106940
v -0.049278 0.007102 0.105604
v -0.047516 0.006830 0.111787
v -0.047446 0.006826 0.111804
v -0.049565 0.006837 0.114903
v -0.049228 0.007101 0.105589
v -0.047684 0.007125 0.102358
v -0.047640 0.007123 0.102337
v -0.051070 0.007287 0.101771
v -0.051033 0.007286 0.101749
v -0.050019 0.007344 0.098104
v -0.051745 0.007303 0.102164
v -0.049981 0.007343 0.098070
v -0.053392 0.007469 0.097983
v -0.053342 0.007468 0.097943
v -0.053193 0.007569 0.093129
v -0.055247 0.007493 0.099402
v -0.055521 0.007583 0.095750
v -0.057940 0.007564 0.099452
v -0.060203 0.007734 0.093487
v -0.059993 0.007650 0.097609
v -0.059057 0.007749 0.091297
v -0.059029 0.007750 0.091219
v -0.060482 0.007773 0.091554
v -0.060455 0.007774 0.091505
v -0.060476 0.007821 0.087933
v -0.053135 0.007569 0.093072
v -0.060247 0.007564 0.101994
v -0.060621 0.007506 0.105099
v -0.057417 0.007443 0.104197
v -0.057686 0.007379 0.107272
v -0.057976 0.007308 0.110562
v -0.061100 0.007445 0.108500
v -0.055557 0.007178 0.112331
v -0.058790 0.007223 0.115092
v -0.059913 0.007136 0.120059
v -0.062142 0.007365 0.113304
v -0.056096 0.007080 0.116707
v -0.063393 0.007286 0.118279
v -0.069604 0.007057 0.135762
v -0.071772 0.007010 0.140411
v -0.065780 0.006919 0.136573
v -0.068042 0.006882 0.141135
v -0.062680 0.006777 0.137436
v -0.064932 0.006755 0.141579
v -0.059187 0.006600 0.138123
v -0.061569 0.006596 0.142019
v -0.054395 0.006318 0.139236
v -0.056463 0.006330 0.142341
v -0.058596 0.006359 0.144950
v -0.063835 0.006600 0.145395
v -0.062122 0.006485 0.146596
v -0.063048 0.006432 0.149845
v -0.065488 0.006607 0.147698
v -0.069020 0.006744 0.147850
v -0.067486 0.006625 0.150063
v -0.070749 0.006742 0.150312
v -0.070105 0.006653 0.152835
v -0.072979 0.006743 0.153296
v -0.072378 0.006644 0.156399
v -0.068410 0.006497 0.156004
v -0.065157 0.006429 0.153302
v -0.067175 0.006508 0.153729
v -0.070732 0.006603 0.155608
v -0.075193 0.006757 0.155546
v -0.077710 0.006767 0.158209
v -0.077251 0.006853 0.153810
v -0.082772 0.006905 0.157015
v -0.080007 0.006912 0.153946
v -0.077438 0.006930 0.150383
v -0.075769 0.006948 0.147738
v -0.073851 0.006838 0.150457
v -0.072119 0.006847 0.147901
v -0.070269 0.006855 0.145164
v -0.073995 0.006969 0.144797
v -0.067275 0.006746 0.145316
v -0.077557 0.006380 0.161789
v -0.083287 0.006628 0.159521
v -0.083299 0.006565 0.159510
v -0.084223 0.006605 0.158389
v -0.083270 0.006566 0.159432
v -0.084214 0.006606 0.158334
v -0.077566 0.006382 0.161708
v -0.082778 0.006605 0.157009
v -0.083557 0.006650 0.155468
v -0.080014 0.006612 0.153940
v -0.077718 0.006467 0.158202
v -0.077259 0.006553 0.153803
v -0.075202 0.006458 0.155539
v -0.072389 0.006344 0.156392
v -0.072989 0.006443 0.153289
v -0.074658 0.006386 0.157810
v -0.074645 0.006384 0.157872
v -0.071964 0.006237 0.159840
v -0.071957 0.006235 0.159890
v -0.070468 0.006273 0.156330
v -0.070453 0.006271 0.156371
v -0.067470 0.006096 0.158006
v -0.070744 0.006304 0.155600
v -0.068423 0.006197 0.155995
v -0.070117 0.006354 0.152827
v -0.067188 0.006208 0.153721
v -0.065171 0.006129 0.153293
v -0.066660 0.006163 0.154483
v -0.066630 0.006160 0.154526
v -0.063899 0.006016 0.154975
v -0.063865 0.006013 0.155029
v -0.061392 0.006019 0.150793
v -0.061326 0.006015 0.150823
v -0.061063 0.006119 0.147054
v -0.063063 0.006132 0.149836
v -0.062136 0.006186 0.146587
v -0.067499 0.006325 0.150055
v -0.065501 0.006307 0.147690
v -0.070760 0.006443 0.150304
v -0.069031 0.006445 0.147842
v -0.073860 0.006538 0.150450
v -0.072128 0.006547 0.147894
v -0.077445 0.006631 0.150377
v -0.075776 0.006648 0.147731
v -0.080208 0.006694 0.150090
v -0.078589 0.006716 0.147392
v -0.082427 0.006661 0.153833
v -0.082331 0.006737 0.149849
v -0.084618 0.006781 0.149478
v -0.080794 0.006763 0.147105
v -0.084539 0.006700 0.153710
v -0.086312 0.006732 0.153519
v -0.086077 0.006664 0.156969
v -0.088598 0.006675 0.158470
v -0.086508 0.006593 0.161103
v -0.086495 0.006591 0.161154
v -0.089615 0.006622 0.162170
v -0.089623 0.006621 0.162239
v -0.092964 0.006673 0.161712
v -0.092986 0.006672 0.161782
v -0.095569 0.006707 0.160915
v -0.091485 0.006724 0.157751
v -0.093954 0.006754 0.157156
v -0.088792 0.006773 0.153111
v -0.091594 0.006811 0.152479
v -0.086927 0.006822 0.148963
v -0.085744 0.006858 0.146071
v -0.089652 0.006862 0.148286
v -0.088461 0.006899 0.145377
v -0.092425 0.006890 0.147545
v -0.091307 0.006928 0.144607
v -0.095010 0.006908 0.146752
v -0.094252 0.006835 0.151794
v -0.096326 0.006773 0.156650
v -0.096559 0.006851 0.151114
v -0.098428 0.006782 0.156374
v -0.098779 0.006868 0.150186
v -0.100232 0.006801 0.155262
v -0.097515 0.006926 0.145738
v -0.101272 0.006879 0.149042
v -0.103846 0.006878 0.147764
v -0.102391 0.006814 0.154160
v -0.100135 0.006936 0.144563
v -0.102676 0.006933 0.143369
v -0.099223 0.006975 0.141555
v -0.101769 0.006971 0.140380
v -0.098015 0.007021 0.138038
v -0.096529 0.006965 0.142752
v -0.093957 0.006947 0.143789
v -0.095308 0.007011 0.139213
v -0.092700 0.006993 0.140251
v -0.093645 0.007080 0.133996
v -0.091984 0.007145 0.129009
v -0.090839 0.007062 0.135012
v -0.096438 0.007087 0.132887
v -0.099242 0.007079 0.131744
v -0.094834 0.007151 0.127894
v -0.097668 0.007142 0.126759
v -0.093316 0.007210 0.123340
v -0.096197 0.007200 0.122258
v -0.092144 0.007255 0.119955
v -0.090408 0.007205 0.124421
v -0.087458 0.007186 0.125497
v -0.089213 0.007250 0.121012
v -0.088571 0.007274 0.119180
v -0.086243 0.007231 0.122077
v -0.085590 0.007255 0.120239
v -0.083267 0.007207 0.123124
v -0.082610 0.007231 0.121298
v -0.084491 0.007163 0.126523
v -0.080327 0.007171 0.124152
v -0.077414 0.007120 0.125166
v -0.081553 0.007128 0.127518
v -0.079667 0.007195 0.122342
v -0.076757 0.007143 0.123376
v -0.079037 0.007219 0.120522
v -0.076137 0.007167 0.121573
v -0.077865 0.007264 0.117137
v -0.081967 0.007255 0.119465
v -0.080773 0.007300 0.116057
v -0.084937 0.007279 0.118401
v -0.083723 0.007324 0.114981
v -0.087914 0.007298 0.117353
v -0.086690 0.007342 0.113955
v -0.090854 0.007302 0.116325
v -0.093767 0.007291 0.115311
v -0.089628 0.007346 0.112959
v -0.091514 0.007278 0.118135
v -0.094424 0.007267 0.117101
v -0.097270 0.007245 0.116089
v -0.095044 0.007244 0.118904
v -0.097874 0.007222 0.117871
v -0.098997 0.007180 0.121186
v -0.100730 0.007192 0.116816
v -0.103121 0.007157 0.115924
v -0.101815 0.007150 0.120070
v -0.100147 0.007214 0.115067
v -0.102556 0.007179 0.114211
v -0.099496 0.007237 0.113342
v -0.101913 0.007202 0.112525
v -0.096614 0.007269 0.114326
v -0.098285 0.007280 0.110133
v -0.100717 0.007245 0.109389
v -0.095394 0.007312 0.111046
v -0.096532 0.007339 0.105954
v -0.098962 0.007304 0.105350
v -0.093676 0.007371 0.106723
v -0.094401 0.007408 0.101211
v -0.091671 0.007438 0.101912
v -0.096752 0.007374 0.100666
v -0.092141 0.007477 0.096525
v -0.094430 0.007446 0.096133
v -0.089551 0.007506 0.097086
v -0.090386 0.007527 0.093370
v -0.092592 0.007498 0.093082
v -0.087948 0.007554 0.093808
v -0.088850 0.007571 0.090626
v -0.086563 0.007595 0.090998
v -0.090973 0.007543 0.090384
v -0.086643 0.007632 0.086766
v -0.088755 0.007605 0.086642
v -0.084869 0.007650 0.086958
v -0.085105 0.007674 0.083510
v -0.087624 0.007633 0.085008
v -0.082586 0.007706 0.082013
v -0.084677 0.007691 0.079382
v -0.084690 0.007691 0.079331
v -0.081574 0.007703 0.078329
v -0.086969 0.007660 0.082144
v -0.086960 0.007660 0.082089
v -0.087912 0.007652 0.081046
v -0.087884 0.007653 0.080968
v -0.093617 0.007552 0.078769
v -0.088404 0.007633 0.083467
v -0.091168 0.007569 0.086534
v -0.093462 0.007549 0.082272
v -0.093921 0.007517 0.086669
v -0.095980 0.007478 0.084931
v -0.098791 0.007399 0.084077
v -0.098193 0.007410 0.087180
v -0.096524 0.007470 0.082660
v -0.096537 0.007470 0.082598
v -0.099218 0.007386 0.080627
v -0.099226 0.007386 0.080577
v -0.100714 0.007333 0.084135
v -0.100729 0.007332 0.084095
v -0.103713 0.007214 0.082455
v -0.100436 0.007342 0.084867
v -0.102760 0.007256 0.084468
v -0.101063 0.007319 0.087641
v -0.103994 0.007209 0.086742
v -0.106009 0.007126 0.087169
v -0.104523 0.007186 0.085979
v -0.104552 0.007185 0.085936
v -0.107281 0.007065 0.085484
v -0.107315 0.007063 0.085430
v -0.109792 0.006962 0.089664
v -0.109857 0.006959 0.089634
v -0.110117 0.006960 0.093405
v -0.108118 0.007042 0.090624
v -0.109047 0.007010 0.093872
v -0.103683 0.007223 0.090410
v -0.105682 0.007148 0.092774
v -0.100422 0.007336 0.090163
v -0.102151 0.007276 0.092625
v -0.097320 0.007423 0.090021
v -0.099053 0.007369 0.092576
v -0.093735 0.007500 0.090096
v -0.095405 0.007451 0.092741
v -0.097177 0.007398 0.095682
v -0.100903 0.007308 0.095312
v -0.099402 0.007326 0.100067
v -0.101568 0.007254 0.104717
v -0.103127 0.007232 0.099341
v -0.105391 0.007153 0.103902
v -0.106235 0.007130 0.098895
v -0.108490 0.007046 0.103037
v -0.109597 0.006996 0.098452
v -0.103893 0.007214 0.095159
v -0.107332 0.007085 0.095077
v -0.112571 0.006852 0.095515
v -0.114705 0.006759 0.098123
v -0.114013 0.006775 0.094182
v -0.114043 0.006773 0.094140
v -0.117041 0.006630 0.096570
v -0.117089 0.006628 0.096532
v -0.119151 0.006536 0.099809
v -0.119206 0.006533 0.099783
v -0.119744 0.006533 0.104679
v -0.116770 0.006670 0.101228
v -0.111981 0.006902 0.102346
v -0.117220 0.006668 0.105688
v -0.119094 0.006576 0.106190
v -0.113709 0.006834 0.105774
v -0.110222 0.006982 0.106674
v -0.114720 0.006796 0.108321
v -0.115263 0.006776 0.109691
v -0.111322 0.006941 0.109412
v -0.111913 0.006919 0.110883
v -0.108183 0.007052 0.110434
v -0.107042 0.007094 0.107536
v -0.108797 0.007030 0.111992
v -0.104423 0.007154 0.111678
v -0.103245 0.007196 0.108620
v -0.105056 0.007131 0.113322
v -0.105602 0.007110 0.114997
v -0.106618 0.007072 0.118112
v -0.109304 0.007011 0.113587
v -0.110247 0.006976 0.116556
v -0.112383 0.006902 0.112398
v -0.113257 0.006870 0.115215
v -0.115706 0.006760 0.111097
v -0.116529 0.006731 0.113711
v -0.120443 0.006526 0.109986
v -0.119306 0.006592 0.111559
v -0.120344 0.006520 0.107883
v -0.123300 0.006367 0.109037
v -0.123348 0.006365 0.109040
v -0.121899 0.006454 0.110746
v -0.123641 0.006333 0.106709
v -0.123697 0.006329 0.106689
v -0.121908 0.006419 0.105120
v -0.121943 0.006417 0.105086
v -0.119782 0.006531 0.104656
v -0.121943 0.006452 0.110739
v -0.124512 0.006338 0.114898
v -0.124571 0.006335 0.114883
v -0.124919 0.006340 0.118743
v -0.121770 0.006485 0.115302
v -0.122127 0.006485 0.119015
v -0.117351 0.006704 0.117461
v -0.114207 0.006835 0.119131
v -0.117958 0.006688 0.121987
v -0.115071 0.006804 0.123767
v -0.118330 0.006679 0.126036
v -0.115611 0.006783 0.128144
v -0.122118 0.006500 0.122386
v -0.118503 0.006676 0.128865
v -0.115859 0.006771 0.131210
v -0.118445 0.006679 0.131960
v -0.120420 0.006591 0.125887
v -0.121749 0.006540 0.128993
v -0.121545 0.006539 0.125573
v -0.121601 0.006537 0.125565
v -0.123652 0.006451 0.128680
v -0.124076 0.006404 0.122508
v -0.124126 0.006402 0.122522
v -0.124979 0.006337 0.118742
v -0.123722 0.006448 0.128662
v -0.124342 0.006436 0.133508
v -0.124403 0.006433 0.133528
v -0.121891 0.006546 0.134866
v -0.122293 0.006526 0.133005
v -0.118159 0.006688 0.135763
v -0.120999 0.006582 0.134609
v -0.121476 0.006566 0.137152
v -0.119422 0.006642 0.138311
v -0.123485 0.006485 0.138112
v -0.123530 0.006484 0.138133
v -0.120100 0.006618 0.138703
v -0.120137 0.006617 0.138725
v -0.121153 0.006579 0.142370
v -0.121190 0.006578 0.142404
v -0.117781 0.006687 0.142494
v -0.118645 0.006667 0.139963
v -0.115926 0.006743 0.141075
v -0.116223 0.006745 0.137933
v -0.115651 0.006733 0.144730
v -0.113232 0.006805 0.141027
v -0.110973 0.006804 0.146995
v -0.117983 0.006665 0.147353
v -0.118042 0.006663 0.147410
v -0.112119 0.006770 0.149185
v -0.112147 0.006769 0.149264
v -0.110695 0.006792 0.148929
v -0.110722 0.006791 0.148977
v -0.110662 0.006762 0.152525
v -0.109396 0.006832 0.146291
v -0.109241 0.006850 0.144309
v -0.108387 0.006821 0.149045
v -0.107378 0.006807 0.151799
v -0.107525 0.006862 0.145546
v -0.106028 0.006870 0.146517
v -0.106802 0.006909 0.141158
v -0.104792 0.006923 0.142312
v -0.108601 0.006894 0.140005
v -0.106263 0.006942 0.138060
v -0.108155 0.006924 0.136891
v -0.104094 0.006958 0.139259
v -0.105634 0.006980 0.134504
v -0.107656 0.006958 0.133364
v -0.103270 0.007000 0.135704
v -0.104430 0.007038 0.129443
v -0.101870 0.007062 0.130622
v -0.106598 0.007011 0.128382
v -0.103092 0.007097 0.124419
v -0.105358 0.007068 0.123353
v -0.100391 0.007124 0.125624
v -0.107779 0.007025 0.122199
v -0.104171 0.007117 0.119112
v -0.109032 0.006971 0.127174
v -0.111258 0.006937 0.120417
v -0.112379 0.006891 0.125385
v -0.113196 0.006855 0.129914
v -0.110072 0.006923 0.131979
v -0.113487 0.006837 0.133205
v -0.110553 0.006893 0.135380
v -0.113754 0.006817 0.136281
v -0.110926 0.006866 0.138486
v -0.116070 0.006759 0.134211
v -0.111182 0.006832 0.142870
v -0.100779 0.007015 0.136806
v -0.104683 0.006816 0.153064
v -0.108923 0.006758 0.155313
v -0.108961 0.006757 0.155371
v -0.106034 0.006764 0.157070
v -0.106062 0.006763 0.157138
v -0.103510 0.006763 0.158095
v -0.103527 0.006762 0.158166
v -0.101044 0.006765 0.157950
v -0.101065 0.006765 0.157997
v -0.100353 0.006741 0.161794
v -0.100363 0.006740 0.161823
v -0.097392 0.006739 0.159248
v -0.097405 0.006738 0.159297
v -0.095601 0.006706 0.160981
v -0.110704 0.006762 0.152555
v -0.117830 0.006686 0.142534
v -0.121941 0.006544 0.134881
v -0.110165 0.006958 0.093376
v -0.103734 0.007213 0.082410
v -0.093627 0.007552 0.078688
v -0.081567 0.007703 0.078260
v -0.078224 0.007709 0.078789
v -0.078202 0.007709 0.078719
v -0.075623 0.007708 0.079598
v -0.079697 0.007721 0.082733
v -0.077228 0.007723 0.083329
v -0.082389 0.007668 0.087367
v -0.079586 0.007677 0.088000
v -0.084254 0.007612 0.091514
v -0.085436 0.007573 0.094406
v -0.081529 0.007622 0.092191
v -0.082720 0.007583 0.095101
v -0.078755 0.007617 0.092933
v -0.079873 0.007579 0.095871
v -0.076171 0.007602 0.093725
v -0.076930 0.007672 0.088684
v -0.074857 0.007716 0.083835
v -0.074622 0.007658 0.089365
v -0.072757 0.007704 0.084114
v -0.072403 0.007639 0.090292
v -0.070951 0.007688 0.085223
v -0.073665 0.007581 0.094740
v -0.069908 0.007609 0.091437
v -0.067335 0.007563 0.092714
v -0.068791 0.007664 0.086325
v -0.071046 0.007548 0.095914
v -0.068505 0.007501 0.097107
v -0.071958 0.007507 0.098923
v -0.069411 0.007460 0.100097
v -0.073165 0.007461 0.102439
v -0.074652 0.007542 0.097725
v -0.077224 0.007564 0.096688
v -0.075872 0.007495 0.101265
v -0.078481 0.007517 0.100226
v -0.077535 0.007426 0.106481
v -0.079197 0.007360 0.111469
v -0.080342 0.007449 0.105466
v -0.074742 0.007391 0.107590
v -0.071939 0.007340 0.108733
v -0.076346 0.007324 0.112584
v -0.073513 0.007272 0.113718
v -0.074984 0.007211 0.118218
v -0.070791 0.007210 0.114852
v -0.069311 0.007281 0.109853
v -0.072185 0.007149 0.119289
v -0.068090 0.007139 0.116055
v -0.065824 0.007070 0.117119
v -0.066750 0.007213 0.111032
v -0.069367 0.007077 0.120404
v -0.067009 0.007008 0.121361
v -0.070452 0.007033 0.123658
v -0.068059 0.006964 0.124549
v -0.073307 0.007105 0.122604
v -0.071035 0.007009 0.125407
v -0.068624 0.006941 0.126262
v -0.073910 0.007081 0.124386
v -0.071686 0.006987 0.127132
v -0.069267 0.006920 0.127948
v -0.074566 0.007058 0.126149
v -0.072897 0.006947 0.130341
v -0.070463 0.006880 0.131084
v -0.075787 0.007016 0.129429
v -0.074649 0.006897 0.134520
v -0.072220 0.006835 0.135123
v -0.077505 0.006963 0.133752
v -0.076780 0.006843 0.139263
v -0.079511 0.006905 0.138564
v -0.074430 0.006785 0.139807
v -0.079040 0.006793 0.143949
v -0.076751 0.006741 0.144340
v -0.081630 0.006848 0.143390
v -0.083234 0.006812 0.146668
v -0.084257 0.006899 0.142673
v -0.087180 0.006944 0.141887
v -0.082257 0.006960 0.137776
v -0.080333 0.007021 0.132916
v -0.085153 0.007007 0.136895
v -0.083247 0.007070 0.132009
v -0.088020 0.007040 0.135994
v -0.086163 0.007104 0.131076
v -0.090021 0.006974 0.141091
v -0.089092 0.007126 0.130096
v -0.078635 0.007077 0.128496
v -0.074003 0.006669 0.144790
v -0.070278 0.006555 0.145157
v -0.071780 0.006710 0.140405
v -0.069612 0.006757 0.135755
v -0.068052 0.006582 0.141128
v -0.065790 0.006620 0.136565
v -0.064944 0.006455 0.141571
v -0.062693 0.006477 0.137427
v -0.061583 0.006296 0.142010
v -0.067286 0.006446 0.145308
v -0.063848 0.006301 0.145386
v -0.058612 0.006060 0.144941
v -0.056479 0.006030 0.142331
v -0.057168 0.005940 0.146272
v -0.057139 0.005937 0.146314
v -0.054143 0.005849 0.143880
v -0.054095 0.005845 0.143918
v -0.052033 0.005836 0.140640
v -0.051978 0.005832 0.140666
v -0.051440 0.005965 0.135771
v -0.054411 0.006018 0.139226
v -0.059202 0.006300 0.138114
v -0.053961 0.006138 0.134768
v -0.052090 0.006052 0.134262
v -0.057471 0.006321 0.134686
v -0.060957 0.006506 0.133790
v -0.056461 0.006349 0.132139
v -0.055920 0.006364 0.130768
v -0.059858 0.006537 0.131053
v -0.059267 0.006553 0.129581
v -0.062996 0.006688 0.130034
v -0.064137 0.006654 0.132932
v -0.062383 0.006707 0.128476
v -0.066759 0.006838 0.128792
v -0.067936 0.006800 0.131851
v -0.066126 0.006858 0.127149
v -0.065580 0.006881 0.125474
v -0.064564 0.006925 0.122359
v -0.061876 0.006730 0.126881
v -0.060933 0.006772 0.123913
v -0.058797 0.006576 0.128067
v -0.057923 0.006618 0.125249
v -0.055475 0.006385 0.129363
v -0.054651 0.006425 0.126749
v -0.050741 0.006102 0.130466
v -0.051875 0.006215 0.128896
v -0.050838 0.006038 0.132569
v -0.047885 0.005905 0.131410
v -0.047836 0.005903 0.131407
v -0.049285 0.006045 0.129704
v -0.047543 0.005805 0.133736
v -0.047487 0.005801 0.133756
v -0.049276 0.005854 0.135327
v -0.049241 0.005851 0.135361
v -0.051402 0.005962 0.135794
v -0.049241 0.006042 0.129711
v -0.046673 0.006033 0.125551
v -0.046613 0.006029 0.125565
v -0.046265 0.006139 0.121707
v -0.049411 0.006202 0.125151
v -0.049057 0.006304 0.121439
v -0.053832 0.006498 0.122999
v -0.056975 0.006688 0.121333
v -0.053222 0.006605 0.118475
v -0.056108 0.006781 0.116699
v -0.052850 0.006706 0.114427
v -0.055568 0.006878 0.112323
v -0.049066 0.006412 0.118070
v -0.052679 0.006780 0.111598
v -0.055323 0.006950 0.109257
v -0.052738 0.006869 0.108504
v -0.050763 0.006605 0.114573
v -0.049432 0.006635 0.111468
v -0.049635 0.006540 0.114886
v -0.049580 0.006537 0.114894
v -0.047531 0.006530 0.111777
v -0.047105 0.006311 0.117946
v -0.047056 0.006308 0.117932
v -0.046205 0.006136 0.121708
v -0.047461 0.006526 0.111795
v -0.046839 0.006645 0.106952
v -0.046778 0.006643 0.106931
v -0.049292 0.006803 0.105596
v -0.048887 0.006730 0.107456
v -0.053021 0.006984 0.104704
v -0.050183 0.006835 0.105854
v -0.049706 0.006887 0.103311
v -0.051757 0.007004 0.102156
v -0.047697 0.006825 0.102350
v -0.047653 0.006824 0.102328
v -0.051082 0.006987 0.101763
v -0.051046 0.006987 0.101741
v -0.050030 0.007044 0.098097
v -0.049992 0.007043 0.098063
v -0.053401 0.007169 0.097976
v -0.052534 0.007076 0.100505
v -0.055256 0.007193 0.099395
v -0.054959 0.007108 0.102535
v -0.055529 0.007283 0.095744
v -0.057948 0.007265 0.099446
v -0.060209 0.007434 0.093481
v -0.053201 0.007269 0.093123
v -0.053143 0.007269 0.093066
v -0.059063 0.007449 0.091292
v -0.059036 0.007450 0.091213
v -0.060488 0.007473 0.091549
v -0.060460 0.007474 0.091501
v -0.060524 0.007521 0.087960
v -0.061785 0.007451 0.094185
v -0.061940 0.007416 0.096165
v -0.062796 0.007518 0.091434
v -0.063805 0.007574 0.088683
v -0.063657 0.007470 0.094930
v -0.065152 0.007511 0.093960
v -0.064379 0.007399 0.099317
v -0.066388 0.007453 0.098164
v -0.062580 0.007343 0.100469
v -0.064918 0.007348 0.102415
v -0.063025 0.007290 0.103583
v -0.067087 0.007407 0.101217
v -0.065548 0.007290 0.105970
v -0.063525 0.007228 0.107110
v -0.067910 0.007354 0.104772
v -0.070402 0.007410 0.103671
v -0.061108 0.007145 0.108493
v -0.064584 0.007148 0.112091
v -0.062150 0.007065 0.113297
v -0.063401 0.006986 0.118272
v -0.058800 0.006923 0.115085
v -0.059924 0.006836 0.120051
v -0.057986 0.007009 0.110555
v -0.057695 0.007079 0.107265
v -0.060628 0.007207 0.105092
v -0.057425 0.007144 0.104190
v -0.060254 0.007264 0.101987
v -0.055111 0.007020 0.106256
v -0.060000 0.007350 0.097603
v -0.066499 0.007628 0.087420
v -0.062267 0.007568 0.085186
v -0.062229 0.007568 0.085128
v -0.065155 0.007617 0.083431
v -0.065128 0.007617 0.083362
v -0.067683 0.007651 0.082418
v -0.067667 0.007651 0.082346
v -0.070145 0.007685 0.082550
v -0.070123 0.007685 0.082501
v -0.070962 0.007685 0.079061
v -0.070951 0.007685 0.079028
v -0.073798 0.007712 0.081253
v -0.073784 0.007712 0.081201
v -0.075591 0.007707 0.079532
v -0.060482 0.007521 0.087930
v -0.053352 0.007168 0.097936
v -0.049242 0.006801 0.105581
v -0.061015 0.006116 0.147083
v -0.082089 0.007384 0.110382
v -0.083160 0.007466 0.104484
v -0.085018 0.007402 0.109401
v -0.081160 0.007533 0.099387
v -0.086027 0.007470 0.103582
v -0.088924 0.007459 0.102700
v -0.087933 0.007406 0.108468
v -0.084001 0.007537 0.098591
v -0.086923 0.007526 0.097803
v -0.090848 0.007394 0.107561
v -0.092546 0.007335 0.111981
v -0.067449 0.006094 0.158051
v -0.070120 0.007985 0.082501
v -0.078202 0.008009 0.078718
v -0.081568 0.008003 0.078260
v -0.081575 0.008003 0.078328
v -0.084693 0.007991 0.079332
v -0.084679 0.007991 0.079382
v -0.086963 0.007960 0.082090
v -0.086972 0.007959 0.082146
v -0.087889 0.007953 0.080969
v -0.087917 0.007952 0.081047
v -0.093633 0.007852 0.078688
v -0.093624 0.007852 0.078769
v -0.096545 0.007770 0.082598
v -0.096533 0.007770 0.082661
v -0.099235 0.007686 0.080577
v -0.099227 0.007686 0.080627
v -0.100740 0.007632 0.084095
v -0.100725 0.007633 0.084135
v -0.103746 0.007513 0.082410
v -0.103725 0.007514 0.082454
v -0.104565 0.007485 0.085935
v -0.104535 0.007486 0.085979
v -0.107329 0.007363 0.085429
v -0.107294 0.007365 0.085483
v -0.109871 0.007259 0.089633
v -0.109805 0.007262 0.089663
v -0.110179 0.007258 0.093375
v -0.110131 0.007260 0.093404
v -0.114057 0.007073 0.094139
v -0.114028 0.007075 0.094181
v -0.117104 0.006927 0.096531
v -0.117057 0.006930 0.096568
v -0.119222 0.006833 0.099781
v -0.119167 0.006836 0.099807
v -0.119798 0.006831 0.104655
v -0.119760 0.006833 0.104678
v -0.121959 0.006716 0.105085
v -0.121924 0.006718 0.105118
v -0.123713 0.006629 0.106687
v -0.123657 0.006632 0.106707
v -0.123364 0.006664 0.109038
v -0.121959 0.006751 0.110738
v -0.123316 0.006667 0.109035
v -0.121915 0.006754 0.110744
v -0.120458 0.006826 0.109984
v -0.119321 0.006891 0.111558
v -0.120359 0.006820 0.107881
v -0.115719 0.007060 0.111096
v -0.116542 0.007030 0.113710
v -0.115277 0.007076 0.109690
v -0.112394 0.007202 0.112397
v -0.111925 0.007219 0.110883
v -0.113268 0.007170 0.115215
v -0.109313 0.007311 0.113588
v -0.110256 0.007276 0.116556
v -0.108806 0.007330 0.111992
v -0.105609 0.007410 0.114998
v -0.106625 0.007371 0.118114
v -0.105063 0.007431 0.113323
v -0.103126 0.007457 0.115926
v -0.102562 0.007479 0.114212
v -0.104176 0.007417 0.119114
v -0.100734 0.007492 0.116818
v -0.097877 0.007522 0.117874
v -0.101819 0.007450 0.120072
v -0.100151 0.007514 0.115069
v -0.097274 0.007545 0.116092
v -0.099500 0.007537 0.113345
v -0.101919 0.007502 0.112527
v -0.096618 0.007569 0.114329
v -0.098289 0.007580 0.110136
v -0.100722 0.007545 0.109391
v -0.095398 0.007612 0.111048
v -0.096536 0.007639 0.105956
v -0.098967 0.007603 0.105352
v -0.093680 0.007671 0.106726
v -0.094405 0.007708 0.101214
v -0.091674 0.007738 0.101914
v -0.096757 0.007674 0.100668
v -0.092145 0.007777 0.096528
v -0.094435 0.007746 0.096135
v -0.089554 0.007806 0.097089
v -0.090390 0.007827 0.093372
v -0.092596 0.007798 0.093084
v -0.087951 0.007853 0.093811
v -0.088854 0.007871 0.090628
v -0.086566 0.007895 0.091001
v -0.090978 0.007843 0.090387
v -0.086646 0.007932 0.086769
v -0.088759 0.007905 0.086644
v -0.084872 0.007950 0.086960
v -0.085108 0.007974 0.083512
v -0.087628 0.007933 0.085010
v -0.082588 0.008006 0.082014
v -0.088409 0.007933 0.083469
v -0.091173 0.007869 0.086535
v -0.093468 0.007849 0.082273
v -0.093927 0.007817 0.086671
v -0.095988 0.007778 0.084932
v -0.098800 0.007698 0.084077
v -0.098201 0.007710 0.087181
v -0.101073 0.007618 0.087641
v -0.100431 0.007636 0.090164
v -0.102161 0.007576 0.092626
v -0.103695 0.007523 0.090410
v -0.097327 0.007723 0.090022
v -0.099061 0.007668 0.092577
v -0.093740 0.007800 0.090098
v -0.095411 0.007751 0.092742
v -0.097184 0.007698 0.095684
v -0.100912 0.007608 0.095313
v -0.099409 0.007626 0.100068
v -0.101575 0.007554 0.104718
v -0.103136 0.007532 0.099342
v -0.105401 0.007453 0.103903
v -0.106246 0.007429 0.098895
v -0.108501 0.007346 0.103037
v -0.109610 0.007296 0.098452
v -0.103904 0.007514 0.095160
v -0.107344 0.007385 0.095077
v -0.112586 0.007152 0.095514
v -0.105693 0.007448 0.092773
v -0.109060 0.007309 0.093872
v -0.108131 0.007342 0.090623
v -0.106022 0.007426 0.087168
v -0.104006 0.007509 0.086742
v -0.102771 0.007556 0.084468
v -0.100446 0.007642 0.084867
v -0.114719 0.007059 0.098121
v -0.116785 0.006969 0.101226
v -0.111994 0.007202 0.102345
v -0.117235 0.006968 0.105686
v -0.119110 0.006875 0.106188
v -0.113723 0.007134 0.105773
v -0.110234 0.007282 0.106674
v -0.114733 0.007096 0.108321
v -0.111334 0.007241 0.109411
v -0.108193 0.007352 0.110434
v -0.107052 0.007394 0.107536
v -0.104430 0.007454 0.111680
v -0.103253 0.007496 0.108621
v -0.084256 0.007912 0.091517
v -0.085439 0.007873 0.094409
v -0.082721 0.007883 0.095104
v -0.086925 0.007826 0.097806
v -0.084003 0.007837 0.098594
v -0.088927 0.007759 0.102703
v -0.090851 0.007694 0.107564
v -0.086029 0.007770 0.103586
v -0.087935 0.007706 0.108472
v -0.083160 0.007766 0.104488
v -0.085018 0.007702 0.109405
v -0.080342 0.007749 0.105470
v -0.081160 0.007833 0.099391
v -0.078480 0.007817 0.100231
v -0.075871 0.007795 0.101270
v -0.077534 0.007726 0.106486
v -0.073163 0.007761 0.102444
v -0.070398 0.007710 0.103677
v -0.074739 0.007691 0.107595
v -0.071935 0.007640 0.108738
v -0.076343 0.007624 0.112589
v -0.073509 0.007572 0.113723
v -0.077862 0.007564 0.117142
v -0.079195 0.007660 0.111473
v -0.082088 0.007684 0.110386
v -0.080771 0.007600 0.116061
v -0.083722 0.007624 0.114985
v -0.081966 0.007555 0.119470
v -0.082608 0.007531 0.121302
v -0.084937 0.007579 0.118405
v -0.079035 0.007519 0.120527
v -0.076133 0.007467 0.121578
v -0.079665 0.007495 0.122347
v -0.076753 0.007443 0.123381
v -0.080324 0.007471 0.124157
v -0.077410 0.007420 0.125171
v -0.081550 0.007428 0.127523
v -0.083266 0.007507 0.123129
v -0.084489 0.007463 0.126527
v -0.086243 0.007531 0.122081
v -0.087458 0.007486 0.125501
v -0.085590 0.007555 0.120243
v -0.089214 0.007550 0.121016
v -0.088571 0.007574 0.119184
v -0.090408 0.007505 0.124425
v -0.092145 0.007554 0.119958
v -0.095047 0.007544 0.118907
v -0.093318 0.007510 0.123344
v -0.091515 0.007578 0.118138
v -0.094427 0.007567 0.117104
v -0.090856 0.007602 0.116329
v -0.093770 0.007591 0.115314
v -0.089630 0.007646 0.112962
v -0.087914 0.007598 0.117357
v -0.086690 0.007642 0.113959
v -0.092549 0.007635 0.111984
v -0.096200 0.007500 0.122261
v -0.094836 0.007451 0.127897
v -0.097671 0.007442 0.126762
v -0.096439 0.007387 0.132891
v -0.091984 0.007445 0.129013
v -0.093645 0.007380 0.134000
v -0.089092 0.007426 0.130100
v -0.090838 0.007362 0.135016
v -0.086161 0.007404 0.131081
v -0.088019 0.007340 0.135999
v -0.083244 0.007370 0.132014
v -0.080329 0.007321 0.132921
v -0.085150 0.007307 0.136900
v -0.082253 0.007260 0.137782
v -0.087177 0.007244 0.141892
v -0.088459 0.007199 0.145382
v -0.084254 0.007199 0.142679
v -0.090019 0.007274 0.141095
v -0.092699 0.007293 0.140255
v -0.091305 0.007228 0.144611
v -0.092424 0.007190 0.147550
v -0.093956 0.007247 0.143794
v -0.095009 0.007208 0.146757
v -0.096529 0.007265 0.142756
v -0.097515 0.007226 0.145742
v -0.095308 0.007311 0.139217
v -0.099224 0.007275 0.141558
v -0.101772 0.007271 0.140383
v -0.100136 0.007236 0.144567
v -0.098017 0.007321 0.138042
v -0.100781 0.007315 0.136809
v -0.099245 0.007379 0.131746
v -0.103274 0.007300 0.135707
v -0.104098 0.007258 0.139262
v -0.101874 0.007362 0.130625
v -0.105638 0.007280 0.134507
v -0.107662 0.007258 0.133366
v -0.104435 0.007338 0.129445
v -0.106267 0.007242 0.138062
v -0.108160 0.007224 0.136893
v -0.106806 0.007209 0.141161
v -0.104796 0.007223 0.142315
v -0.108606 0.007193 0.140008
v -0.107528 0.007162 0.145548
v -0.109246 0.007150 0.144312
v -0.106031 0.007170 0.146520
v -0.108390 0.007121 0.149048
v -0.109400 0.007132 0.146293
v -0.107381 0.007107 0.151802
v -0.110665 0.007062 0.152527
v -0.110707 0.007062 0.152558
v -0.108926 0.007058 0.155316
v -0.110699 0.007092 0.148931
v -0.110727 0.007091 0.148980
v -0.112125 0.007069 0.149188
v -0.112152 0.007068 0.149266
v -0.117990 0.006965 0.147355
v -0.110978 0.007104 0.146997
v -0.111187 0.007132 0.142872
v -0.115658 0.007033 0.144731
v -0.113238 0.007105 0.141028
v -0.115934 0.007042 0.141076
v -0.118655 0.006967 0.139963
v -0.116232 0.007045 0.137934
v -0.117789 0.006987 0.142495
v -0.117839 0.006986 0.142535
v -0.121162 0.006879 0.142370
v -0.121200 0.006878 0.142404
v -0.120111 0.006918 0.138703
v -0.120148 0.006917 0.138725
v -0.123497 0.006785 0.138111
v -0.119433 0.006942 0.138311
v -0.121488 0.006866 0.137152
v -0.118169 0.006988 0.135764
v -0.121011 0.006882 0.134608
v -0.122306 0.006826 0.133005
v -0.121903 0.006846 0.134866
v -0.121953 0.006844 0.134881
v -0.124355 0.006736 0.133507
v -0.124416 0.006733 0.133528
v -0.123666 0.006751 0.128679
v -0.123736 0.006748 0.128661
v -0.121559 0.006839 0.125572
v -0.121762 0.006840 0.128992
v -0.120433 0.006890 0.125886
v -0.118456 0.006979 0.131960
v -0.118515 0.006975 0.128865
v -0.116080 0.007059 0.134212
v -0.115869 0.007071 0.131210
v -0.113761 0.007117 0.136283
v -0.113495 0.007136 0.133206
v -0.110931 0.007166 0.138488
v -0.110559 0.007193 0.135382
v -0.110079 0.007222 0.131981
v -0.113205 0.007155 0.129915
v -0.109039 0.007271 0.127175
v -0.107786 0.007325 0.122201
v -0.106603 0.007311 0.128384
v -0.112388 0.007191 0.125385
v -0.111268 0.007237 0.120417
v -0.115082 0.007104 0.123767
v -0.114218 0.007135 0.119131
v -0.117971 0.006988 0.121987
v -0.115622 0.007082 0.128144
v -0.118342 0.006979 0.126035
v -0.122132 0.006800 0.122385
v -0.122142 0.006785 0.119014
v -0.124091 0.006704 0.122507
v -0.124141 0.006701 0.122521
v -0.124934 0.006639 0.118741
v -0.124994 0.006636 0.118740
v -0.124527 0.006638 0.114896
v -0.124586 0.006635 0.114881
v -0.121785 0.006785 0.115301
v -0.117364 0.007004 0.117460
v -0.121615 0.006836 0.125564
v -0.105363 0.007368 0.123355
v -0.103096 0.007397 0.124421
v -0.100394 0.007424 0.125626
v -0.099000 0.007480 0.121189
v -0.123542 0.006783 0.138133
v -0.118048 0.006963 0.147412
v -0.108964 0.007057 0.155374
v -0.106036 0.007064 0.157073
v -0.106063 0.007063 0.157142
v -0.103511 0.007063 0.158099
v -0.104685 0.007116 0.153067
v -0.102392 0.007114 0.154163
v -0.103848 0.007178 0.147767
v -0.101273 0.007179 0.149045
v -0.102678 0.007233 0.143373
v -0.098779 0.007168 0.150190
v -0.100232 0.007101 0.155266
v -0.096558 0.007151 0.151118
v -0.098427 0.007082 0.156377
v -0.094250 0.007135 0.151799
v -0.096324 0.007073 0.156654
v -0.091592 0.007111 0.152484
v -0.088789 0.007073 0.153116
v -0.093952 0.007054 0.157161
v -0.089649 0.007162 0.148291
v -0.086924 0.007122 0.148968
v -0.085740 0.007158 0.146077
v -0.091482 0.007024 0.157756
v -0.095567 0.007007 0.160920
v -0.092961 0.006973 0.161717
v -0.095599 0.007006 0.160986
v -0.097390 0.007039 0.159252
v -0.097404 0.007038 0.159301
v -0.100352 0.007041 0.161797
v -0.100362 0.007040 0.161826
v -0.101045 0.007065 0.157954
v -0.101066 0.007065 0.158001
v -0.103528 0.007062 0.158170
v -0.092983 0.006972 0.161787
v -0.089618 0.006921 0.162244
v -0.078631 0.007377 0.128501
v -0.074980 0.007511 0.118224
v -0.069407 0.007760 0.100102
vt 0.770246 0.753534
vt 0.770246 0.752975
vt 0.770690 0.753193
vt 0.770690 0.753742
vt 0.770246 0.752975
vt 0.770690 0.753193
vt 0.770690 0.753742
vt 0.368689 0.882005
vt 0.368689 0.881459
vt 0.368689 0.881459
vt 0.368689 0.882005
vt 0.369131 0.881242
vt 0.369132 0.881242
vt 0.752674 0.744358
vt 0.752675 0.744358
vt 0.386619 0.872666
vt 0.386618 0.872666
vt 0.369131 0.881798
vt 0.386618 0.873606
vt 0.369131 0.893645
vt 0.368689 0.893645
vt 0.386618 0.893645
vt 0.369131 0.914897
vt 0.368689 0.914897
vt 0.386618 0.914897
vt 0.369132 0.936150
vt 0.368689 0.936150
vt 0.386618 0.936150
vt 0.369131 0.957402
vt 0.368689 0.957402
vt 0.386618 0.957402
vt 0.369131 0.978654
vt 0.368689 0.978654
vt 0.386618 0.978654
vt 0.369131 0.990438
vt 0.368689 0.990232
vt 0.386618 0.998594
vt 0.369132 0.991058
vt 0.368689 0.990840
vt 0.386618 0.999641
vt 0.369131 0.991058
vt 0.368689 0.990840
vt 0.386619 0.999642
vt 0.770246 0.863322
vt 0.770690 0.863104
vt 0.770690 0.863104
vt 0.770246 0.863322
vt 0.752674 0.871948
vt 0.752675 0.871947
vt 0.386905 0.999782
vt 0.386905 0.999782
vt 0.752386 0.872089
vt 0.752386 0.872089
vt 0.752675 0.870894
vt 0.770246 0.862700
vt 0.752386 0.871029
vt 0.752674 0.850858
vt 0.770246 0.850858
vt 0.752386 0.850858
vt 0.752674 0.829503
vt 0.770246 0.829503
vt 0.752386 0.829503
vt 0.752674 0.808148
vt 0.770246 0.808148
vt 0.752386 0.808148
vt 0.752674 0.786794
vt 0.770246 0.786794
vt 0.752386 0.786794
vt 0.752674 0.765438
vt 0.770246 0.765439
vt 0.752386 0.765439
vt 0.752674 0.745302
vt 0.752386 0.745167
vt 0.752386 0.744217
vt 0.752386 0.744217
vt 0.752060 0.745167
vt 0.752060 0.744217
vt 0.752059 0.744217
vt 0.386905 0.872526
vt 0.386905 0.872526
vt 0.387230 0.872526
vt 0.387230 0.872525
vt 0.402085 0.872526
vt 0.402085 0.872526
vt 0.737133 0.744217
vt 0.737133 0.744217
vt 0.387230 0.873472
vt 0.386905 0.873472
vt 0.402085 0.873472
vt 0.387230 0.893645
vt 0.386905 0.893645
vt 0.402085 0.893645
vt 0.387230 0.914897
vt 0.386905 0.914897
vt 0.402085 0.914897
vt 0.387230 0.936150
vt 0.386905 0.936150
vt 0.402085 0.936150
vt 0.387230 0.957402
vt 0.386905 0.957402
vt 0.402085 0.957402
vt 0.387230 0.978654
vt 0.386905 0.978654
vt 0.402085 0.978654
vt 0.387230 0.998728
vt 0.386905 0.998728
vt 0.402085 0.998728
vt 0.387230 0.999782
vt 0.402085 0.999782
vt 0.402085 0.999782
vt 0.387230 0.999782
vt 0.737133 0.872089
vt 0.752060 0.872089
vt 0.752059 0.872089
vt 0.737133 0.872089
vt 0.737133 0.871029
vt 0.752060 0.871029
vt 0.752060 0.850858
vt 0.737133 0.850858
vt 0.752060 0.829503
vt 0.737133 0.829503
vt 0.752060 0.808148
vt 0.737133 0.808148
vt 0.752060 0.786794
vt 0.737133 0.786794
vt 0.752060 0.765439
vt 0.737133 0.765439
vt 0.737133 0.745167
vt 0.721879 0.765439
vt 0.721879 0.745167
vt 0.721879 0.744217
vt 0.706626 0.765439
vt 0.706626 0.745167
vt 0.706626 0.744217
vt 0.691372 0.765439
vt 0.691372 0.745167
vt 0.691372 0.744217
vt 0.676119 0.765439
vt 0.676119 0.745167
vt 0.676119 0.744217
vt 0.665851 0.765864
vt 0.665851 0.745187
vt 0.665851 0.744217
vt 0.663873 0.765979
vt 0.663874 0.745192
vt 0.663874 0.744216
vt 0.661815 0.766218
vt 0.661815 0.745202
vt 0.661815 0.744217
vt 0.643903 0.754554
vt 0.643903 0.753697
vt 0.643903 0.772840
vt 0.628664 0.778746
vt 0.628650 0.762652
vt 0.628649 0.761897
vt 0.613397 0.783637
vt 0.613396 0.769562
vt 0.613396 0.768902
vt 0.598154 0.787841
vt 0.598143 0.774745
vt 0.598142 0.774130
vt 0.582890 0.790345
vt 0.582889 0.777753
vt 0.582889 0.777163
vt 0.567635 0.791013
vt 0.567635 0.778886
vt 0.567635 0.778317
vt 0.552380 0.790345
vt 0.552382 0.777753
vt 0.552382 0.777163
vt 0.537116 0.788370
vt 0.537128 0.774768
vt 0.537128 0.774130
vt 0.521873 0.784533
vt 0.521875 0.769602
vt 0.521875 0.768902
vt 0.506601 0.779678
vt 0.506620 0.762694
vt 0.506621 0.761897
vt 0.491368 0.772773
vt 0.491368 0.754551
vt 0.491368 0.753697
vt 0.475793 0.766525
vt 0.475784 0.745662
vt 0.475784 0.744683
vt 0.472811 0.765969
vt 0.472799 0.745190
vt 0.472796 0.744215
vt 0.471439 0.765857
vt 0.471438 0.745185
vt 0.471439 0.744216
vt 0.461290 0.745167
vt 0.461290 0.744216
vt 0.461290 0.765439
vt 0.446036 0.765439
vt 0.446036 0.745167
vt 0.446036 0.744216
vt 0.430783 0.765439
vt 0.430783 0.745167
vt 0.430783 0.744216
vt 0.409524 0.765439
vt 0.409524 0.745167
vt 0.409524 0.744216
vt 0.390188 0.765439
vt 0.390188 0.745167
vt 0.390187 0.744216
vt 0.379438 0.765439
vt 0.379438 0.745167
vt 0.379438 0.744216
vt 0.369475 0.765439
vt 0.369475 0.745167
vt 0.369475 0.744216
vt 0.368689 0.765439
vt 0.368689 0.745167
vt 0.368689 0.744216
vt 0.368689 0.745167
vt 0.368689 0.744216
vt 0.368689 0.765439
vt 0.768756 0.872524
vt 0.768756 0.873471
vt 0.768756 0.873471
vt 0.768756 0.872524
vt 0.768756 0.893645
vt 0.768756 0.893645
vt 0.767974 0.872524
vt 0.767974 0.872525
vt 0.369475 0.744216
vt 0.758059 0.872524
vt 0.758059 0.872524
vt 0.379438 0.744216
vt 0.747361 0.872524
vt 0.747361 0.872525
vt 0.390187 0.744216
vt 0.728118 0.872524
vt 0.728118 0.872524
vt 0.409524 0.744216
vt 0.706961 0.872524
vt 0.706961 0.872525
vt 0.430783 0.744216
vt 0.691781 0.872524
vt 0.691781 0.872525
vt 0.446036 0.744216
vt 0.676601 0.872524
vt 0.676601 0.872524
vt 0.461290 0.744216
vt 0.666501 0.872525
vt 0.666501 0.872525
vt 0.471439 0.744216
vt 0.665150 0.872524
vt 0.665150 0.872524
vt 0.472796 0.744215
vt 0.662176 0.872990
vt 0.662176 0.872990
vt 0.475784 0.744683
vt 0.646668 0.881960
vt 0.646668 0.881960
vt 0.491368 0.753697
vt 0.631488 0.890121
vt 0.631488 0.890121
vt 0.506621 0.761897
vt 0.616308 0.897092
vt 0.616308 0.897092
vt 0.521875 0.768902
vt 0.601127 0.902295
vt 0.601127 0.902295
vt 0.537128 0.774130
vt 0.585947 0.905313
vt 0.585947 0.905313
vt 0.552382 0.777163
vt 0.570767 0.906462
vt 0.570767 0.906462
vt 0.567635 0.778317
vt 0.555587 0.905313
vt 0.555587 0.905313
vt 0.582889 0.777163
vt 0.540407 0.902295
vt 0.540407 0.902295
vt 0.598142 0.774130
vt 0.525227 0.897092
vt 0.525227 0.897092
vt 0.613396 0.768902
vt 0.510047 0.890121
vt 0.510047 0.890121
vt 0.628649 0.761897
vt 0.494867 0.881960
vt 0.494867 0.881960
vt 0.643903 0.753697
vt 0.477040 0.872525
vt 0.477040 0.872526
vt 0.661815 0.744217
vt 0.474992 0.872525
vt 0.474992 0.872525
vt 0.663874 0.744216
vt 0.473024 0.872526
vt 0.473024 0.872526
vt 0.665851 0.744217
vt 0.462806 0.872525
vt 0.462806 0.872526
vt 0.676119 0.744217
vt 0.447625 0.872525
vt 0.447625 0.872526
vt 0.691372 0.744217
vt 0.432445 0.872526
vt 0.432445 0.872526
vt 0.706626 0.744217
vt 0.417265 0.872526
vt 0.417265 0.872526
vt 0.721879 0.744217
vt 0.432445 0.873472
vt 0.417265 0.873472
vt 0.417265 0.893645
vt 0.432445 0.893645
vt 0.447625 0.893645
vt 0.447625 0.873472
vt 0.462806 0.893645
vt 0.462806 0.873472
vt 0.473024 0.894068
vt 0.473024 0.873491
vt 0.474993 0.894183
vt 0.474992 0.873496
vt 0.477041 0.894421
vt 0.477040 0.873507
vt 0.494867 0.882814
vt 0.494867 0.901011
vt 0.510032 0.906889
vt 0.510046 0.890872
vt 0.525226 0.911756
vt 0.525227 0.897749
vt 0.540396 0.915940
vt 0.540407 0.902906
vt 0.555586 0.918432
vt 0.555587 0.905901
vt 0.570767 0.919096
vt 0.570767 0.907028
vt 0.585949 0.918432
vt 0.585947 0.905901
vt 0.601139 0.916467
vt 0.601128 0.902930
vt 0.616309 0.912647
vt 0.616308 0.897789
vt 0.631508 0.907816
vt 0.631489 0.890914
vt 0.646668 0.900944
vt 0.646668 0.882810
vt 0.662167 0.894727
vt 0.662176 0.873964
vt 0.665135 0.894173
vt 0.665148 0.873494
vt 0.666501 0.894062
vt 0.666501 0.873489
vt 0.676601 0.873471
vt 0.676601 0.893645
vt 0.691781 0.893645
vt 0.691781 0.873471
vt 0.706961 0.893645
vt 0.706961 0.873471
vt 0.728118 0.893645
vt 0.728118 0.873471
vt 0.747361 0.893645
vt 0.747361 0.873471
vt 0.758059 0.893645
vt 0.758059 0.873471
vt 0.767974 0.893645
vt 0.767974 0.873471
vt 0.767974 0.914897
vt 0.758059 0.914897
vt 0.768756 0.914897
vt 0.767974 0.936150
vt 0.758059 0.936150
vt 0.768756 0.936150
vt 0.767974 0.957402
vt 0.758059 0.957402
vt 0.768756 0.957402
vt 0.767974 0.978654
vt 0.758059 0.978654
vt 0.768756 0.978654
vt 0.767974 0.998724
vt 0.758059 0.998724
vt 0.768756 0.998724
vt 0.768756 0.999779
vt 0.767974 0.999779
vt 0.758059 0.999779
vt 0.747361 0.999779
vt 0.747361 0.998724
vt 0.747361 0.978654
vt 0.728118 0.999779
vt 0.728118 0.998724
vt 0.728118 0.978654
vt 0.706961 0.999779
vt 0.706961 0.998724
vt 0.706961 0.978654
vt 0.691781 0.999779
vt 0.691781 0.998724
vt 0.691781 0.978654
vt 0.676601 0.999779
vt 0.676601 0.998724
vt 0.676601 0.978654
vt 0.666501 0.999779
vt 0.666501 0.998704
vt 0.666501 0.978259
vt 0.665147 0.998699
vt 0.665135 0.978153
vt 0.665149 0.999779
vt 0.662176 0.999322
vt 0.662176 0.998238
vt 0.662167 0.977614
vt 0.646668 0.990516
vt 0.646668 0.989568
vt 0.646668 0.971527
vt 0.631488 0.982988
vt 0.631487 0.982081
vt 0.631482 0.964839
vt 0.616308 0.976790
vt 0.616308 0.976018
vt 0.616307 0.961314
vt 0.601127 0.972453
vt 0.601127 0.971813
vt 0.601124 0.959635
vt 0.585947 0.969821
vt 0.585947 0.969270
vt 0.585947 0.958773
vt 0.570767 0.968826
vt 0.570767 0.968309
vt 0.570767 0.958471
vt 0.555587 0.969821
vt 0.555587 0.969270
vt 0.555587 0.958773
vt 0.540407 0.972453
vt 0.540407 0.971828
vt 0.540410 0.959944
vt 0.525227 0.976790
vt 0.525227 0.976066
vt 0.525227 0.962288
vt 0.510047 0.982988
vt 0.510047 0.982129
vt 0.510047 0.965788
vt 0.494867 0.990516
vt 0.494867 0.989565
vt 0.494867 0.971460
vt 0.477040 0.999782
vt 0.477040 0.998691
vt 0.477041 0.977914
vt 0.474992 0.998702
vt 0.474993 0.978144
vt 0.474992 0.999782
vt 0.473024 0.999782
vt 0.473024 0.998708
vt 0.473024 0.978254
vt 0.462806 0.999782
vt 0.462806 0.998728
vt 0.462806 0.978654
vt 0.447625 0.999782
vt 0.447625 0.998728
vt 0.447625 0.978654
vt 0.432445 0.999782
vt 0.432445 0.998728
vt 0.432445 0.978654
vt 0.417265 0.999782
vt 0.417265 0.998728
vt 0.417265 0.978654
vt 0.417265 0.957402
vt 0.432445 0.957402
vt 0.417265 0.936150
vt 0.432445 0.936150
vt 0.417265 0.914897
vt 0.432445 0.914897
vt 0.447625 0.936150
vt 0.447625 0.914897
vt 0.462806 0.936150
vt 0.462806 0.914897
vt 0.447625 0.957402
vt 0.462806 0.957402
vt 0.473024 0.957156
vt 0.473024 0.936145
vt 0.474992 0.957087
vt 0.474992 0.936143
vt 0.473024 0.915147
vt 0.474992 0.915216
vt 0.477039 0.936141
vt 0.477040 0.915358
vt 0.494867 0.936185
vt 0.494867 0.919157
vt 0.510033 0.936510
vt 0.510029 0.922660
vt 0.510040 0.950255
vt 0.494867 0.953277
vt 0.477040 0.956948
vt 0.525227 0.948901
vt 0.525226 0.937064
vt 0.540406 0.948712
vt 0.540400 0.937715
vt 0.555587 0.948436
vt 0.555586 0.938257
vt 0.525225 0.925717
vt 0.540395 0.928086
vt 0.555585 0.929651
vt 0.570767 0.938472
vt 0.570767 0.929996
vt 0.585948 0.938257
vt 0.585949 0.929651
vt 0.601135 0.937715
vt 0.601141 0.928127
vt 0.585947 0.948436
vt 0.570767 0.948476
vt 0.601127 0.948278
vt 0.616308 0.948585
vt 0.616308 0.937064
vt 0.631490 0.950025
vt 0.631502 0.936510
vt 0.646668 0.953342
vt 0.646668 0.936185
vt 0.616309 0.926033
vt 0.631510 0.923240
vt 0.646668 0.919091
vt 0.662162 0.936143
vt 0.662164 0.915532
vt 0.665145 0.915211
vt 0.665151 0.936143
vt 0.665146 0.957093
vt 0.662163 0.956780
vt 0.666500 0.957159
vt 0.666500 0.936145
vt 0.676601 0.957402
vt 0.676601 0.936150
vt 0.691781 0.957402
vt 0.691781 0.936150
vt 0.676601 0.914897
vt 0.691781 0.914897
vt 0.666500 0.915143
vt 0.706961 0.936150
vt 0.706961 0.914897
vt 0.728118 0.936150
vt 0.728118 0.914897
vt 0.747361 0.936150
vt 0.747361 0.914897
vt 0.728118 0.957402
vt 0.706961 0.957402
vt 0.747361 0.957402
vt 0.432445 0.999782
vt 0.417265 0.999782
vt 0.721879 0.872089
vt 0.721879 0.872089
vt 0.706626 0.872089
vt 0.706626 0.872089
vt 0.447625 0.999782
vt 0.691372 0.872089
vt 0.691372 0.872089
vt 0.462806 0.999782
vt 0.676119 0.872089
vt 0.676119 0.872089
vt 0.473024 0.999782
vt 0.665851 0.872089
vt 0.665851 0.872089
vt 0.474992 0.999782
vt 0.663874 0.872089
vt 0.663873 0.872089
vt 0.477040 0.999782
vt 0.661815 0.872089
vt 0.661815 0.872089
vt 0.494867 0.990516
vt 0.643903 0.862778
vt 0.643903 0.862778
vt 0.510047 0.982988
vt 0.628649 0.855213
vt 0.628649 0.855213
vt 0.525227 0.976790
vt 0.613396 0.848985
vt 0.613396 0.848985
vt 0.540407 0.972453
vt 0.598142 0.844627
vt 0.598142 0.844627
vt 0.555587 0.969821
vt 0.582889 0.841983
vt 0.582889 0.841983
vt 0.570767 0.968826
vt 0.567635 0.840983
vt 0.567635 0.840982
vt 0.585947 0.969821
vt 0.552382 0.841983
vt 0.552382 0.841983
vt 0.601127 0.972453
vt 0.537128 0.844627
vt 0.537128 0.844627
vt 0.616308 0.976790
vt 0.521875 0.848985
vt 0.521875 0.848985
vt 0.631488 0.982988
vt 0.506621 0.855213
vt 0.506621 0.855213
vt 0.646668 0.990516
vt 0.491368 0.862778
vt 0.491368 0.862778
vt 0.662176 0.999322
vt 0.475785 0.871626
vt 0.475785 0.871626
vt 0.665149 0.999779
vt 0.472797 0.872085
vt 0.472797 0.872085
vt 0.666501 0.999779
vt 0.471439 0.872085
vt 0.471439 0.872085
vt 0.676601 0.999779
vt 0.461290 0.872085
vt 0.461290 0.872085
vt 0.691781 0.999779
vt 0.446036 0.872085
vt 0.446036 0.872085
vt 0.706961 0.999779
vt 0.430783 0.872085
vt 0.430783 0.872085
vt 0.728118 0.999779
vt 0.409524 0.872085
vt 0.409524 0.872085
vt 0.747361 0.999779
vt 0.390187 0.872085
vt 0.390187 0.872085
vt 0.758059 0.999779
vt 0.379438 0.872085
vt 0.379438 0.872085
vt 0.767974 0.999779
vt 0.369475 0.872085
vt 0.369475 0.872085
vt 0.768756 0.999779
vt 0.368689 0.872085
vt 0.368689 0.872085
vt 0.768756 0.998724
vt 0.368689 0.871025
vt 0.368689 0.871025
vt 0.768756 0.978654
vt 0.368689 0.850858
vt 0.368689 0.850858
vt 0.768756 0.957402
vt 0.368689 0.829503
vt 0.368689 0.829503
vt 0.768756 0.936150
vt 0.368689 0.808148
vt 0.368689 0.808148
vt 0.768756 0.914897
vt 0.368689 0.786794
vt 0.368689 0.786793
vt 0.369475 0.786794
vt 0.369475 0.808148
vt 0.379438 0.786794
vt 0.379438 0.808148
vt 0.369475 0.829503
vt 0.379438 0.829503
vt 0.369475 0.850858
vt 0.379438 0.850858
vt 0.369475 0.871025
vt 0.379438 0.871025
vt 0.390188 0.871025
vt 0.390188 0.850858
vt 0.409524 0.871025
vt 0.409524 0.850858
vt 0.430783 0.871025
vt 0.430783 0.850858
vt 0.446036 0.871025
vt 0.446036 0.850858
vt 0.461290 0.871025
vt 0.461290 0.850858
vt 0.471438 0.871005
vt 0.471439 0.850462
vt 0.472811 0.850355
vt 0.472799 0.871000
vt 0.475785 0.870537
vt 0.475794 0.849813
vt 0.491368 0.861825
vt 0.491368 0.843696
vt 0.506621 0.854302
vt 0.506627 0.836976
vt 0.521875 0.848209
vt 0.521875 0.833434
vt 0.537128 0.843984
vt 0.537131 0.831747
vt 0.552382 0.841429
vt 0.552382 0.830881
vt 0.567635 0.840463
vt 0.567635 0.830577
vt 0.582889 0.841429
vt 0.582888 0.830881
vt 0.598142 0.843999
vt 0.598139 0.832058
vt 0.613396 0.848258
vt 0.613396 0.834413
vt 0.628649 0.854350
vt 0.628649 0.837930
vt 0.643903 0.861822
vt 0.643903 0.843629
vt 0.661815 0.870992
vt 0.661815 0.850115
vt 0.663873 0.850346
vt 0.663873 0.871003
vt 0.665851 0.871009
vt 0.665851 0.850456
vt 0.676119 0.871029
vt 0.676119 0.850858
vt 0.691372 0.871029
vt 0.691372 0.850858
vt 0.706626 0.871029
vt 0.706626 0.850858
vt 0.721879 0.871029
vt 0.721879 0.850858
vt 0.706626 0.829503
vt 0.721879 0.829503
vt 0.706626 0.808148
vt 0.721879 0.808148
vt 0.706626 0.786794
vt 0.721879 0.786794
vt 0.691372 0.808148
vt 0.691372 0.786794
vt 0.676119 0.808148
vt 0.676119 0.786794
vt 0.691372 0.829503
vt 0.676119 0.829503
vt 0.665851 0.829256
vt 0.665851 0.808143
vt 0.663873 0.829187
vt 0.663873 0.808142
vt 0.663873 0.787114
vt 0.665851 0.787044
vt 0.661816 0.808139
vt 0.661816 0.787256
vt 0.643903 0.808184
vt 0.643903 0.791073
vt 0.628663 0.808511
vt 0.628667 0.794594
vt 0.628656 0.822322
vt 0.643903 0.825359
vt 0.661816 0.829047
vt 0.613396 0.820962
vt 0.613397 0.809068
vt 0.598144 0.820772
vt 0.598150 0.809721
vt 0.582889 0.820495
vt 0.582890 0.810266
vt 0.598154 0.800046
vt 0.613397 0.797665
vt 0.582891 0.801618
vt 0.567635 0.810481
vt 0.567635 0.801965
vt 0.552381 0.810266
vt 0.552380 0.801618
vt 0.537121 0.809721
vt 0.537115 0.800087
vt 0.552382 0.820495
vt 0.567635 0.820534
vt 0.537128 0.820335
vt 0.521875 0.820644
vt 0.521874 0.809068
vt 0.506619 0.822091
vt 0.506607 0.808511
vt 0.491368 0.825424
vt 0.491368 0.808184
vt 0.506599 0.795176
vt 0.521873 0.797983
vt 0.491368 0.791008
vt 0.475799 0.808142
vt 0.475797 0.787431
vt 0.472801 0.787108
vt 0.472795 0.808142
vt 0.472801 0.829193
vt 0.475797 0.828879
vt 0.471439 0.829259
vt 0.471440 0.808143
vt 0.461290 0.829503
vt 0.461290 0.808148
vt 0.446036 0.829503
vt 0.446036 0.808148
vt 0.446036 0.786794
vt 0.461290 0.786794
vt 0.471439 0.787040
vt 0.430783 0.808148
vt 0.430783 0.786793
vt 0.409524 0.808148
vt 0.409524 0.786794
vt 0.390188 0.808148
vt 0.390188 0.786794
vt 0.409524 0.829503
vt 0.430783 0.829503
vt 0.390188 0.829503
vt 0.770690 0.765439
vt 0.770690 0.786794
vt 0.770690 0.765439
vt 0.770690 0.786794
vt 0.368689 0.914897
vt 0.368689 0.893645
vt 0.368689 0.936150
vt 0.770690 0.808148
vt 0.770690 0.808148
vt 0.368689 0.957402
vt 0.770690 0.829503
vt 0.770690 0.829503
vt 0.368689 0.978654
vt 0.770690 0.850858
vt 0.770690 0.850858
vt 0.368689 0.990232
vt 0.770690 0.862492
vt 0.770690 0.862492
vt 0.074891 0.528973
vt 0.074891 0.518703
vt 0.079314 0.518461
vt 0.078708 0.528158
vt 0.071074 0.528158
vt 0.070468 0.518461
vt 0.078460 0.533318
vt 0.074891 0.539547
vt 0.071322 0.533318
vt 0.078454 0.533459
vt 0.074891 0.539635
vt 0.071329 0.533459
vt 0.067129 0.535089
vt 0.067142 0.535226
vt 0.066645 0.527576
vt 0.061988 0.527088
vt 0.062114 0.534866
vt 0.062113 0.535003
vt 0.060173 0.517382
vt 0.065432 0.518012
vt 0.059495 0.509041
vt 0.064644 0.509545
vt 0.069918 0.509968
vt 0.074891 0.510185
vt 0.069789 0.504184
vt 0.064371 0.503767
vt 0.074891 0.504399
vt 0.079994 0.504184
vt 0.079865 0.509968
vt 0.085411 0.503767
vt 0.085138 0.509545
vt 0.084351 0.518012
vt 0.090559 0.503298
vt 0.090288 0.509041
vt 0.089609 0.517382
vt 0.087794 0.527088
vt 0.083137 0.527576
vt 0.087668 0.534866
vt 0.082653 0.535089
vt 0.087670 0.535003
vt 0.082641 0.535226
vt 0.093787 0.533729
vt 0.093768 0.533600
vt 0.093253 0.526556
vt 0.098544 0.529937
vt 0.098506 0.529837
vt 0.096703 0.522401
vt 0.094168 0.516564
vt 0.097364 0.515802
vt 0.101107 0.514716
vt 0.100153 0.518247
vt 0.100781 0.523622
vt 0.098816 0.507749
vt 0.102651 0.506859
vt 0.094616 0.508512
vt 0.095287 0.502788
vt 0.099791 0.502045
vt 0.103799 0.501184
vt 0.100891 0.495492
vt 0.105107 0.494761
vt 0.096049 0.496116
vt 0.101924 0.485974
vt 0.106344 0.485470
vt 0.096752 0.486442
vt 0.097266 0.476863
vt 0.102699 0.476438
vt 0.107292 0.475987
vt 0.103163 0.468110
vt 0.107850 0.467902
vt 0.097583 0.468309
vt 0.103287 0.461800
vt 0.107993 0.461727
vt 0.097678 0.461869
vt 0.103353 0.458408
vt 0.108070 0.458408
vt 0.097730 0.458408
vt 0.103287 0.455016
vt 0.107993 0.455089
vt 0.097678 0.454947
vt 0.103163 0.448706
vt 0.107850 0.448914
vt 0.097583 0.448507
vt 0.102699 0.440378
vt 0.107292 0.440829
vt 0.097266 0.439953
vt 0.101924 0.430842
vt 0.106344 0.431346
vt 0.096752 0.430374
vt 0.096049 0.420700
vt 0.100891 0.421324
vt 0.105107 0.422055
vt 0.099791 0.414771
vt 0.103799 0.415632
vt 0.095287 0.414028
vt 0.098816 0.409067
vt 0.102651 0.409957
vt 0.094616 0.408304
vt 0.094168 0.400252
vt 0.097364 0.401014
vt 0.101107 0.402100
vt 0.096703 0.394415
vt 0.100153 0.398569
vt 0.093253 0.390260
vt 0.098506 0.386979
vt 0.100781 0.393194
vt 0.093768 0.383216
vt 0.093787 0.383087
vt 0.098544 0.386879
vt 0.100799 0.393033
vt 0.102458 0.396376
vt 0.103097 0.391871
vt 0.103109 0.391713
vt 0.100799 0.393033
vt 0.103121 0.391706
vt 0.098536 0.386855
vt 0.100799 0.393033
vt 0.103121 0.391706
vt 0.098536 0.386855
vt 0.250558 0.393029
vt 0.248295 0.386853
vt 0.248295 0.386853
vt 0.250558 0.393029
vt 0.252879 0.391703
vt 0.252879 0.391703
vt 0.093778 0.383080
vt 0.093778 0.383080
vt 0.243539 0.383078
vt 0.243539 0.383078
vt 0.087666 0.381813
vt 0.087666 0.381813
vt 0.237428 0.381811
vt 0.237428 0.381811
vt 0.232407 0.381588
vt 0.232407 0.381588
vt 0.082644 0.381589
vt 0.082644 0.381589
vt 0.078453 0.383357
vt 0.078454 0.383357
vt 0.228218 0.383356
vt 0.228218 0.383356
vt 0.074891 0.377127
vt 0.074891 0.377127
vt 0.224656 0.377127
vt 0.224656 0.377127
vt 0.071329 0.383357
vt 0.071329 0.383357
vt 0.221095 0.383356
vt 0.221095 0.383356
vt 0.216905 0.381588
vt 0.216905 0.381588
vt 0.067138 0.381589
vt 0.067138 0.381589
vt 0.211885 0.381811
vt 0.211885 0.381811
vt 0.062117 0.381813
vt 0.062117 0.381813
vt 0.056004 0.383080
vt 0.056004 0.383080
vt 0.205774 0.383078
vt 0.205774 0.383078
vt 0.051247 0.386855
vt 0.051247 0.386855
vt 0.201017 0.386853
vt 0.201017 0.386853
vt 0.198754 0.393029
vt 0.198754 0.393029
vt 0.048983 0.393033
vt 0.048983 0.393033
vt 0.046662 0.391706
vt 0.046662 0.391706
vt 0.196433 0.391703
vt 0.196433 0.391703
vt 0.035294 0.391264
vt 0.035294 0.391264
vt 0.185069 0.391261
vt 0.185069 0.391261
vt 0.032622 0.399850
vt 0.032622 0.399850
vt 0.182397 0.399844
vt 0.182397 0.399845
vt 0.176470 0.397978
vt 0.176470 0.397978
vt 0.026694 0.397983
vt 0.026694 0.397983
vt 0.176022 0.405024
vt 0.176022 0.405024
vt 0.026246 0.405031
vt 0.026246 0.405031
vt 0.169735 0.403949
vt 0.169735 0.403949
vt 0.019958 0.403956
vt 0.019957 0.403956
vt 0.170500 0.410587
vt 0.170500 0.410587
vt 0.020722 0.410595
vt 0.020722 0.410595
vt 0.015596 0.411437
vt 0.015596 0.411437
vt 0.165375 0.411429
vt 0.165375 0.411429
vt 0.013799 0.420288
vt 0.013799 0.420288
vt 0.163578 0.420278
vt 0.163578 0.420278
vt 0.165320 0.426977
vt 0.165320 0.426977
vt 0.015541 0.426988
vt 0.015541 0.426989
vt 0.009273 0.430709
vt 0.009272 0.430709
vt 0.159053 0.430696
vt 0.159053 0.430696
vt 0.005462 0.436730
vt 0.005462 0.436730
vt 0.155244 0.436716
vt 0.155244 0.436716
vt 0.153566 0.443637
vt 0.153566 0.443637
vt 0.003785 0.443652
vt 0.003785 0.443652
vt 0.005768 0.452480
vt 0.005768 0.452480
vt 0.155549 0.452462
vt 0.155549 0.452462
vt 0.002258 0.454581
vt 0.002258 0.454581
vt 0.152040 0.454563
vt 0.152040 0.454563
vt 0.000218 0.458408
vt 0.000218 0.458408
vt 0.150000 0.458389
vt 0.150000 0.458389
vt 0.152040 0.462215
vt 0.152040 0.462215
vt 0.002258 0.462235
vt 0.002258 0.462235
vt 0.005768 0.464336
vt 0.005768 0.464336
vt 0.155549 0.464316
vt 0.155549 0.464316
vt 0.153566 0.473141
vt 0.153566 0.473141
vt 0.003785 0.473164
vt 0.003785 0.473164
vt 0.155244 0.480062
vt 0.155244 0.480062
vt 0.005462 0.480086
vt 0.005462 0.480086
vt 0.009273 0.486107
vt 0.009272 0.486107
vt 0.159053 0.486082
vt 0.159053 0.486082
vt 0.165320 0.489801
vt 0.165320 0.489801
vt 0.015541 0.489828
vt 0.015541 0.489828
vt 0.163578 0.496500
vt 0.163578 0.496500
vt 0.013799 0.496528
vt 0.013799 0.496528
vt 0.015596 0.505379
vt 0.015596 0.505379
vt 0.165375 0.505349
vt 0.165375 0.505349
vt 0.170500 0.506191
vt 0.170500 0.506191
vt 0.020722 0.506221
vt 0.020722 0.506221
vt 0.169735 0.512829
vt 0.169735 0.512829
vt 0.019958 0.512861
vt 0.019958 0.512860
vt 0.026246 0.511785
vt 0.026246 0.511785
vt 0.176022 0.511754
vt 0.176022 0.511754
vt 0.026694 0.518833
vt 0.026694 0.518833
vt 0.176470 0.518800
vt 0.176470 0.518800
vt 0.032622 0.516966
vt 0.032622 0.516966
vt 0.182397 0.516933
vt 0.182397 0.516934
vt 0.035294 0.525552
vt 0.035294 0.525552
vt 0.185069 0.525517
vt 0.185069 0.525517
vt 0.196433 0.525075
vt 0.196433 0.525075
vt 0.046662 0.525110
vt 0.046662 0.525110
vt 0.198754 0.523749
vt 0.198754 0.523749
vt 0.048983 0.523783
vt 0.048983 0.523783
vt 0.201017 0.529925
vt 0.201017 0.529925
vt 0.051247 0.529961
vt 0.051247 0.529961
vt 0.056004 0.533736
vt 0.056004 0.533736
vt 0.205774 0.533700
vt 0.205774 0.533700
vt 0.062117 0.535004
vt 0.062117 0.535003
vt 0.211885 0.534967
vt 0.211885 0.534967
vt 0.216905 0.535190
vt 0.216905 0.535190
vt 0.067139 0.535227
vt 0.067138 0.535227
vt 0.071329 0.533459
vt 0.071329 0.533459
vt 0.221095 0.533422
vt 0.221095 0.533423
vt 0.074891 0.539689
vt 0.074891 0.539689
vt 0.224656 0.539651
vt 0.224656 0.539651
vt 0.228218 0.533422
vt 0.228218 0.533423
vt 0.078454 0.533459
vt 0.078454 0.533459
vt 0.232407 0.535190
vt 0.232407 0.535190
vt 0.082644 0.535227
vt 0.082644 0.535227
vt 0.237428 0.534967
vt 0.237428 0.534967
vt 0.087666 0.535004
vt 0.087666 0.535003
vt 0.093778 0.533736
vt 0.093778 0.533736
vt 0.243539 0.533700
vt 0.243539 0.533700
vt 0.098536 0.529961
vt 0.098536 0.529961
vt 0.248295 0.529925
vt 0.248295 0.529925
vt 0.250558 0.523749
vt 0.250558 0.523749
vt 0.100799 0.523783
vt 0.100800 0.523783
vt 0.103121 0.525110
vt 0.103121 0.525110
vt 0.252879 0.525075
vt 0.252879 0.525075
vt 0.114488 0.525552
vt 0.114488 0.525552
vt 0.264244 0.525517
vt 0.264244 0.525517
vt 0.117160 0.516966
vt 0.117160 0.516966
vt 0.266915 0.516933
vt 0.266915 0.516934
vt 0.272842 0.518800
vt 0.272842 0.518800
vt 0.123089 0.518833
vt 0.123089 0.518833
vt 0.273290 0.511754
vt 0.273290 0.511754
vt 0.123537 0.511785
vt 0.123537 0.511785
vt 0.279577 0.512829
vt 0.279577 0.512829
vt 0.129825 0.512861
vt 0.129825 0.512860
vt 0.278813 0.506191
vt 0.278813 0.506191
vt 0.129060 0.506221
vt 0.129060 0.506221
vt 0.134186 0.505379
vt 0.134186 0.505379
vt 0.283938 0.505349
vt 0.283938 0.505349
vt 0.135984 0.496528
vt 0.135984 0.496528
vt 0.285735 0.496500
vt 0.285735 0.496500
vt 0.283993 0.489801
vt 0.283993 0.489801
vt 0.134242 0.489828
vt 0.134242 0.489828
vt 0.140510 0.486107
vt 0.140510 0.486107
vt 0.290260 0.486082
vt 0.290260 0.486082
vt 0.144320 0.480086
vt 0.144320 0.480086
vt 0.294069 0.480062
vt 0.294069 0.480062
vt 0.295746 0.473141
vt 0.295746 0.473141
vt 0.145998 0.473164
vt 0.145998 0.473164
vt 0.144014 0.464336
vt 0.144014 0.464336
vt 0.293763 0.464316
vt 0.293763 0.464316
vt 0.147525 0.462235
vt 0.147524 0.462235
vt 0.297273 0.462215
vt 0.297273 0.462215
vt 0.299312 0.458389
vt 0.299312 0.458389
vt 0.149565 0.458408
vt 0.149565 0.458408
vt 0.147525 0.454581
vt 0.147524 0.454581
vt 0.297273 0.454563
vt 0.297273 0.454563
vt 0.293763 0.452462
vt 0.293763 0.452462
vt 0.144014 0.452480
vt 0.144014 0.452480
vt 0.295746 0.443637
vt 0.295746 0.443637
vt 0.145998 0.443652
vt 0.145998 0.443652
vt 0.294069 0.436716
vt 0.294069 0.436716
vt 0.144320 0.436730
vt 0.144320 0.436730
vt 0.140510 0.430709
vt 0.140510 0.430709
vt 0.290260 0.430696
vt 0.290260 0.430696
vt 0.283993 0.426977
vt 0.283993 0.426977
vt 0.134242 0.426988
vt 0.134242 0.426989
vt 0.285735 0.420278
vt 0.285735 0.420278
vt 0.135984 0.420288
vt 0.135984 0.420288
vt 0.134186 0.411437
vt 0.134186 0.411437
vt 0.283938 0.411429
vt 0.283938 0.411429
vt 0.278813 0.410587
vt 0.278813 0.410587
vt 0.129060 0.410595
vt 0.129060 0.410595
vt 0.279577 0.403949
vt 0.279577 0.403949
vt 0.129825 0.403956
vt 0.129825 0.403956
vt 0.123537 0.405031
vt 0.123537 0.405031
vt 0.273291 0.405024
vt 0.273290 0.405024
vt 0.123089 0.397983
vt 0.123089 0.397983
vt 0.272842 0.397978
vt 0.272842 0.397978
vt 0.117160 0.399850
vt 0.117160 0.399850
vt 0.266915 0.399844
vt 0.266915 0.399845
vt 0.114488 0.391264
vt 0.114488 0.391264
vt 0.264244 0.391261
vt 0.264244 0.391261
vt 0.114491 0.391280
vt 0.117160 0.399850
vt 0.114419 0.391434
vt 0.117073 0.399984
vt 0.123020 0.398120
vt 0.123072 0.398015
vt 0.123456 0.405126
vt 0.123537 0.405031
vt 0.129717 0.404063
vt 0.129797 0.403983
vt 0.128951 0.410673
vt 0.129060 0.410595
vt 0.134064 0.411517
vt 0.134173 0.411435
vt 0.135847 0.420312
vt 0.135982 0.420294
vt 0.134105 0.426998
vt 0.134242 0.426988
vt 0.140413 0.430750
vt 0.140499 0.430703
vt 0.144210 0.436757
vt 0.144318 0.436726
vt 0.145883 0.443675
vt 0.145996 0.443658
vt 0.143900 0.452484
vt 0.144015 0.452478
vt 0.147401 0.454583
vt 0.147502 0.454567
vt 0.149440 0.458408
vt 0.149562 0.458408
vt 0.147502 0.462249
vt 0.147401 0.462233
vt 0.141831 0.462114
vt 0.142963 0.458408
vt 0.141831 0.454702
vt 0.132888 0.461117
vt 0.132987 0.458408
vt 0.132888 0.455699
vt 0.132705 0.450658
vt 0.138877 0.452675
vt 0.126295 0.455492
vt 0.126074 0.450068
vt 0.126414 0.458408
vt 0.120196 0.455329
vt 0.120300 0.458408
vt 0.120002 0.449601
vt 0.112721 0.449140
vt 0.112879 0.455168
vt 0.112964 0.458408
vt 0.112879 0.461648
vt 0.120196 0.461487
vt 0.112721 0.467676
vt 0.120002 0.467215
vt 0.126295 0.461324
vt 0.126074 0.466748
vt 0.132705 0.466158
vt 0.138877 0.464141
vt 0.131813 0.473167
vt 0.125303 0.474122
vt 0.140854 0.472151
vt 0.130073 0.481388
vt 0.123943 0.482693
vt 0.139176 0.478808
vt 0.145883 0.473141
vt 0.144210 0.480059
vt 0.143900 0.464332
vt 0.145996 0.473158
vt 0.144318 0.480090
vt 0.144015 0.464338
vt 0.140499 0.486113
vt 0.140413 0.486066
vt 0.137072 0.484646
vt 0.134242 0.489828
vt 0.134105 0.489818
vt 0.131945 0.489667
vt 0.128215 0.488637
vt 0.126765 0.493649
vt 0.132340 0.495872
vt 0.124747 0.498979
vt 0.135847 0.496503
vt 0.120707 0.496083
vt 0.122175 0.490615
vt 0.119218 0.501418
vt 0.121899 0.505396
vt 0.117182 0.507965
vt 0.130804 0.503164
vt 0.120146 0.512977
vt 0.114723 0.513228
vt 0.126814 0.509850
vt 0.122521 0.510592
vt 0.127556 0.505146
vt 0.134064 0.505299
vt 0.128951 0.506143
vt 0.134173 0.505381
vt 0.129060 0.506221
vt 0.135982 0.496522
vt 0.129797 0.512833
vt 0.129717 0.512753
vt 0.123537 0.511785
vt 0.123456 0.511690
vt 0.123072 0.518801
vt 0.123020 0.518697
vt 0.117160 0.516966
vt 0.117073 0.516832
vt 0.114491 0.525536
vt 0.114419 0.525383
vt 0.111986 0.519396
vt 0.110068 0.511484
vt 0.102458 0.520440
vt 0.105364 0.513417
vt 0.103097 0.524945
vt 0.103109 0.525103
vt 0.100799 0.523783
vt 0.107628 0.505657
vt 0.113908 0.503578
vt 0.108897 0.500042
vt 0.115343 0.498079
vt 0.110162 0.493849
vt 0.116872 0.492195
vt 0.111320 0.484876
vt 0.118253 0.483837
vt 0.112216 0.475479
vt 0.119372 0.474533
vt 0.112216 0.441338
vt 0.119372 0.442283
vt 0.111320 0.431940
vt 0.118253 0.432979
vt 0.123943 0.434123
vt 0.125303 0.442694
vt 0.130073 0.435428
vt 0.131813 0.443649
vt 0.139176 0.438008
vt 0.140854 0.444665
vt 0.128215 0.428179
vt 0.137072 0.432170
vt 0.126765 0.423167
vt 0.131945 0.427149
vt 0.124747 0.417837
vt 0.132340 0.420944
vt 0.122175 0.426201
vt 0.120707 0.420733
vt 0.119218 0.415399
vt 0.117182 0.408851
vt 0.121899 0.411420
vt 0.130804 0.413652
vt 0.114723 0.403588
vt 0.120146 0.403839
vt 0.122521 0.406223
vt 0.126814 0.406966
vt 0.127556 0.411670
vt 0.111986 0.397420
vt 0.110068 0.405332
vt 0.105364 0.403399
vt 0.107628 0.411159
vt 0.113908 0.413238
vt 0.108897 0.416774
vt 0.115343 0.418737
vt 0.116872 0.424621
vt 0.110162 0.422967
vt 0.252868 0.391709
vt 0.264247 0.391276
vt 0.266915 0.399844
vt 0.250558 0.393029
vt 0.250540 0.393190
vt 0.252856 0.391867
vt 0.264175 0.391430
vt 0.252217 0.396372
vt 0.249912 0.398564
vt 0.261743 0.397415
vt 0.255122 0.403393
vt 0.250866 0.402094
vt 0.259824 0.405326
vt 0.266937 0.408844
vt 0.264478 0.403581
vt 0.266828 0.399978
vt 0.269900 0.403833
vt 0.272774 0.398115
vt 0.271653 0.411412
vt 0.272825 0.398010
vt 0.273290 0.405024
vt 0.273209 0.405120
vt 0.272275 0.406217
vt 0.279550 0.403977
vt 0.279470 0.404057
vt 0.276567 0.406959
vt 0.280556 0.413643
vt 0.277308 0.411662
vt 0.278703 0.410665
vt 0.283816 0.411509
vt 0.278813 0.410587
vt 0.283924 0.411427
vt 0.285733 0.420284
vt 0.285598 0.420302
vt 0.282092 0.420933
vt 0.283993 0.426976
vt 0.283856 0.426986
vt 0.281696 0.427137
vt 0.276518 0.423157
vt 0.274500 0.417828
vt 0.270462 0.420723
vt 0.268973 0.415390
vt 0.265099 0.418727
vt 0.263664 0.413230
vt 0.258654 0.416765
vt 0.257385 0.411151
vt 0.253557 0.415623
vt 0.252409 0.409949
vt 0.249550 0.414763
vt 0.248576 0.409059
vt 0.247124 0.401008
vt 0.245047 0.414020
vt 0.244376 0.408296
vt 0.243928 0.400247
vt 0.246463 0.394411
vt 0.243014 0.390257
vt 0.248265 0.386977
vt 0.243529 0.383215
vt 0.248304 0.386877
vt 0.243548 0.383085
vt 0.237432 0.381812
vt 0.237430 0.381949
vt 0.237556 0.389725
vt 0.232404 0.381589
vt 0.232416 0.381725
vt 0.232900 0.389237
vt 0.239371 0.399429
vt 0.234114 0.398799
vt 0.234901 0.407264
vt 0.240049 0.407768
vt 0.240321 0.413509
vt 0.235174 0.413041
vt 0.229757 0.412623
vt 0.229628 0.406841
vt 0.229078 0.398350
vt 0.224656 0.412409
vt 0.224656 0.406624
vt 0.224656 0.398108
vt 0.228472 0.388656
vt 0.224656 0.387840
vt 0.220840 0.388656
vt 0.220234 0.398350
vt 0.219684 0.406841
vt 0.215199 0.398799
vt 0.216412 0.389237
vt 0.214412 0.407264
vt 0.209942 0.399429
vt 0.211757 0.389725
vt 0.209263 0.407768
vt 0.208992 0.413509
vt 0.214139 0.413041
vt 0.219555 0.412623
vt 0.208508 0.420315
vt 0.214067 0.419880
vt 0.219491 0.419511
vt 0.224656 0.419317
vt 0.219161 0.429579
vt 0.224656 0.429547
vt 0.213627 0.429782
vt 0.218969 0.439248
vt 0.213331 0.439426
vt 0.224656 0.439144
vt 0.207712 0.439648
vt 0.208053 0.430037
vt 0.207490 0.448356
vt 0.213159 0.448254
vt 0.218875 0.448172
vt 0.207424 0.454881
vt 0.213107 0.454846
vt 0.218847 0.454817
vt 0.224656 0.448124
vt 0.224656 0.454800
vt 0.218832 0.458389
vt 0.224656 0.458389
vt 0.213078 0.458389
vt 0.230465 0.454817
vt 0.230437 0.448172
vt 0.230481 0.458389
vt 0.236235 0.458389
vt 0.236206 0.454846
vt 0.236154 0.448254
vt 0.241889 0.454881
vt 0.241823 0.448356
vt 0.241925 0.458389
vt 0.236206 0.461932
vt 0.241889 0.461897
vt 0.230465 0.461961
vt 0.236154 0.468523
vt 0.241823 0.468422
vt 0.230437 0.468606
vt 0.224656 0.461978
vt 0.224656 0.468654
vt 0.218847 0.461961
vt 0.218875 0.468606
vt 0.213107 0.461932
vt 0.213159 0.468523
vt 0.207424 0.461897
vt 0.207490 0.468422
vt 0.207388 0.458389
vt 0.201823 0.458389
vt 0.201874 0.461850
vt 0.201874 0.454928
vt 0.201970 0.448490
vt 0.196391 0.448689
vt 0.196267 0.454998
vt 0.196201 0.458389
vt 0.191562 0.455071
vt 0.191486 0.458389
vt 0.191705 0.448897
vt 0.196267 0.461780
vt 0.191562 0.461707
vt 0.196391 0.468089
vt 0.191705 0.467881
vt 0.201970 0.468288
vt 0.196855 0.476415
vt 0.192263 0.475964
vt 0.202287 0.476840
vt 0.193211 0.485445
vt 0.197629 0.485948
vt 0.202801 0.486416
vt 0.203504 0.496088
vt 0.198662 0.495464
vt 0.194447 0.494733
vt 0.199762 0.502015
vt 0.195756 0.501155
vt 0.204266 0.502758
vt 0.196903 0.506829
vt 0.200737 0.507719
vt 0.204937 0.508481
vt 0.205384 0.516531
vt 0.202189 0.515770
vt 0.198447 0.514684
vt 0.202849 0.522367
vt 0.199400 0.518214
vt 0.206299 0.526521
vt 0.198773 0.523588
vt 0.201047 0.529801
vt 0.205784 0.533563
vt 0.201009 0.529901
vt 0.205765 0.533693
vt 0.198754 0.523749
vt 0.196445 0.525068
vt 0.196457 0.524911
vt 0.197095 0.520407
vt 0.185065 0.525502
vt 0.185138 0.525348
vt 0.187570 0.519363
vt 0.194190 0.513385
vt 0.189488 0.511452
vt 0.182375 0.507934
vt 0.184834 0.513197
vt 0.182484 0.516800
vt 0.179412 0.512945
vt 0.176539 0.518663
vt 0.177660 0.505366
vt 0.176487 0.518767
vt 0.182397 0.516934
vt 0.176022 0.511754
vt 0.176103 0.511659
vt 0.177038 0.510561
vt 0.169763 0.512801
vt 0.169843 0.512721
vt 0.172745 0.509819
vt 0.168757 0.503135
vt 0.172004 0.505116
vt 0.170609 0.506113
vt 0.165497 0.505269
vt 0.170500 0.506191
vt 0.165388 0.505351
vt 0.163580 0.496494
vt 0.163714 0.496476
vt 0.167220 0.495845
vt 0.165319 0.489802
vt 0.165457 0.489792
vt 0.167616 0.489641
vt 0.172795 0.493621
vt 0.174812 0.498950
vt 0.178851 0.496055
vt 0.180340 0.501389
vt 0.184214 0.498051
vt 0.185648 0.503548
vt 0.190659 0.500013
vt 0.191927 0.505627
vt 0.189394 0.493822
vt 0.182685 0.492168
vt 0.188236 0.484851
vt 0.181305 0.483812
vt 0.187341 0.475455
vt 0.180186 0.474510
vt 0.174256 0.474100
vt 0.175616 0.482669
vt 0.177384 0.490589
vt 0.167747 0.473144
vt 0.169487 0.481364
vt 0.171345 0.488610
vt 0.160387 0.478784
vt 0.162489 0.484620
vt 0.159150 0.486040
vt 0.155354 0.480035
vt 0.159063 0.486088
vt 0.155246 0.480066
vt 0.153568 0.473136
vt 0.153681 0.473119
vt 0.158708 0.472129
vt 0.155549 0.464318
vt 0.155663 0.464311
vt 0.160686 0.464121
vt 0.166856 0.466137
vt 0.157732 0.462094
vt 0.152163 0.462213
vt 0.166673 0.461098
vt 0.173486 0.466727
vt 0.173264 0.461304
vt 0.166574 0.458389
vt 0.156600 0.458389
vt 0.173146 0.458389
vt 0.179362 0.461467
vt 0.179258 0.458389
vt 0.179556 0.467194
vt 0.186835 0.467655
vt 0.186677 0.461628
vt 0.186592 0.458389
vt 0.186677 0.455150
vt 0.179362 0.455311
vt 0.186835 0.449123
vt 0.179556 0.449584
vt 0.173486 0.450051
vt 0.173264 0.455474
vt 0.166673 0.455680
vt 0.166856 0.450641
vt 0.160686 0.452657
vt 0.157732 0.454684
vt 0.155663 0.452467
vt 0.152163 0.454565
vt 0.150125 0.458389
vt 0.155549 0.452460
vt 0.152062 0.454549
vt 0.150003 0.458389
vt 0.152062 0.462229
vt 0.153681 0.443659
vt 0.153568 0.443642
vt 0.158708 0.444649
vt 0.155354 0.436743
vt 0.155246 0.436712
vt 0.160387 0.437994
vt 0.167747 0.443634
vt 0.169487 0.435414
vt 0.174256 0.442678
vt 0.175616 0.434109
vt 0.177384 0.426189
vt 0.171345 0.428168
vt 0.162489 0.432158
vt 0.178851 0.420723
vt 0.172795 0.423157
vt 0.167616 0.427137
vt 0.180340 0.415390
vt 0.174812 0.417828
vt 0.167220 0.420933
vt 0.163714 0.420302
vt 0.165457 0.426986
vt 0.159150 0.430738
vt 0.163580 0.420284
vt 0.165319 0.426976
vt 0.159063 0.430690
vt 0.165497 0.411508
vt 0.165388 0.411427
vt 0.168757 0.413643
vt 0.170609 0.410665
vt 0.170500 0.410587
vt 0.172004 0.411662
vt 0.177660 0.411412
vt 0.172745 0.406959
vt 0.169843 0.404057
vt 0.179412 0.403833
vt 0.177038 0.406217
vt 0.176103 0.405119
vt 0.169763 0.403977
vt 0.176022 0.405024
vt 0.176539 0.398115
vt 0.176487 0.398010
vt 0.182484 0.399978
vt 0.182397 0.399844
vt 0.184834 0.403581
vt 0.182375 0.408844
vt 0.187570 0.397415
vt 0.189488 0.405326
vt 0.185137 0.391430
vt 0.197095 0.396372
vt 0.194190 0.403393
vt 0.196457 0.391867
vt 0.196445 0.391709
vt 0.185065 0.391276
vt 0.198773 0.393190
vt 0.198754 0.393029
vt 0.199400 0.398564
vt 0.201047 0.386977
vt 0.201009 0.386877
vt 0.202849 0.394411
vt 0.198447 0.402094
vt 0.202189 0.401008
vt 0.206299 0.390257
vt 0.205784 0.383215
vt 0.205384 0.400247
vt 0.196903 0.409949
vt 0.200737 0.409059
vt 0.204937 0.408296
vt 0.204266 0.414020
vt 0.199762 0.414763
vt 0.195756 0.415623
vt 0.194447 0.422045
vt 0.198662 0.421314
vt 0.203504 0.420690
vt 0.193211 0.431333
vt 0.197629 0.430829
vt 0.202801 0.430362
vt 0.202287 0.439938
vt 0.196855 0.440363
vt 0.192263 0.440814
vt 0.188236 0.431927
vt 0.187341 0.441323
vt 0.181305 0.432966
vt 0.180186 0.442268
vt 0.189394 0.422956
vt 0.182685 0.424610
vt 0.190659 0.416765
vt 0.184214 0.418727
vt 0.191927 0.411151
vt 0.185648 0.413230
vt 0.211882 0.381949
vt 0.205765 0.383085
vt 0.211881 0.381812
vt 0.216896 0.381725
vt 0.216909 0.381589
vt 0.221088 0.383496
vt 0.221095 0.383356
vt 0.224656 0.377259
vt 0.224656 0.377184
vt 0.228218 0.383356
vt 0.228224 0.383496
vt 0.211881 0.534966
vt 0.211882 0.534829
vt 0.211757 0.527053
vt 0.216909 0.535189
vt 0.216896 0.535052
vt 0.216412 0.527541
vt 0.209942 0.517349
vt 0.215199 0.517979
vt 0.214412 0.509514
vt 0.209263 0.509010
vt 0.208992 0.503269
vt 0.214139 0.503737
vt 0.219555 0.504155
vt 0.219684 0.509937
vt 0.220234 0.518428
vt 0.224656 0.504369
vt 0.224656 0.510154
vt 0.224656 0.518670
vt 0.220840 0.528122
vt 0.224656 0.528937
vt 0.228472 0.528122
vt 0.229078 0.518428
vt 0.229628 0.509937
vt 0.234114 0.517979
vt 0.232900 0.527541
vt 0.234901 0.509514
vt 0.239371 0.517349
vt 0.237556 0.527053
vt 0.240049 0.509010
vt 0.240321 0.503269
vt 0.235174 0.503737
vt 0.229757 0.504155
vt 0.240805 0.496463
vt 0.235246 0.496898
vt 0.229822 0.497267
vt 0.224656 0.497461
vt 0.230151 0.487199
vt 0.224656 0.487231
vt 0.235686 0.486996
vt 0.230344 0.477530
vt 0.235981 0.477352
vt 0.224656 0.477634
vt 0.241601 0.477130
vt 0.241259 0.486741
vt 0.246512 0.486416
vt 0.247026 0.476840
vt 0.247342 0.468288
vt 0.251683 0.485948
vt 0.252457 0.476415
vt 0.252922 0.468089
vt 0.257050 0.475964
vt 0.257607 0.467881
vt 0.256102 0.485445
vt 0.257750 0.461707
vt 0.253045 0.461780
vt 0.247438 0.461850
vt 0.257827 0.458389
vt 0.253111 0.458389
vt 0.247490 0.458389
vt 0.253045 0.454998
vt 0.257750 0.455071
vt 0.247438 0.454928
vt 0.252922 0.448689
vt 0.257607 0.448897
vt 0.247342 0.448490
vt 0.252457 0.440363
vt 0.257050 0.440814
vt 0.247026 0.439938
vt 0.256102 0.431333
vt 0.251683 0.430829
vt 0.246512 0.430362
vt 0.245809 0.420690
vt 0.250650 0.421314
vt 0.254865 0.422045
vt 0.240805 0.420315
vt 0.241259 0.430037
vt 0.235246 0.419880
vt 0.235686 0.429782
vt 0.241601 0.439648
vt 0.235981 0.439426
vt 0.230344 0.439248
vt 0.230151 0.429579
vt 0.229822 0.419511
vt 0.259919 0.422956
vt 0.261076 0.431927
vt 0.266628 0.424610
vt 0.268008 0.432966
vt 0.261972 0.441323
vt 0.269126 0.442268
vt 0.275057 0.442678
vt 0.273697 0.434109
vt 0.271929 0.426189
vt 0.281565 0.443634
vt 0.279826 0.435414
vt 0.277968 0.428168
vt 0.288926 0.437994
vt 0.286823 0.432158
vt 0.290163 0.430738
vt 0.293958 0.436743
vt 0.290249 0.430690
vt 0.294066 0.436712
vt 0.295745 0.443642
vt 0.295631 0.443659
vt 0.290604 0.444649
vt 0.293764 0.452460
vt 0.293649 0.452467
vt 0.288627 0.452657
vt 0.282456 0.450641
vt 0.291581 0.454684
vt 0.297150 0.454565
vt 0.282640 0.455680
vt 0.275827 0.450051
vt 0.276048 0.455474
vt 0.282739 0.458389
vt 0.292712 0.458389
vt 0.276167 0.458389
vt 0.269950 0.455311
vt 0.270054 0.458389
vt 0.269757 0.449584
vt 0.262477 0.449123
vt 0.262635 0.455150
vt 0.262720 0.458389
vt 0.262635 0.461628
vt 0.269950 0.461467
vt 0.262477 0.467655
vt 0.269757 0.467194
vt 0.275827 0.466727
vt 0.276048 0.461304
vt 0.282640 0.461098
vt 0.282456 0.466137
vt 0.288627 0.464121
vt 0.291581 0.462094
vt 0.293649 0.464311
vt 0.297150 0.462213
vt 0.299188 0.458389
vt 0.293764 0.464318
vt 0.297250 0.462229
vt 0.299309 0.458389
vt 0.297250 0.454549
vt 0.295631 0.473119
vt 0.295745 0.473136
vt 0.290604 0.472129
vt 0.293958 0.480035
vt 0.294066 0.480066
vt 0.288926 0.478784
vt 0.281565 0.473144
vt 0.279826 0.481364
vt 0.275057 0.474100
vt 0.273697 0.482669
vt 0.271929 0.490589
vt 0.277968 0.488610
vt 0.286823 0.484620
vt 0.270462 0.496055
vt 0.276518 0.493621
vt 0.281696 0.489641
vt 0.268973 0.501389
vt 0.274500 0.498950
vt 0.282092 0.495845
vt 0.285598 0.496476
vt 0.283856 0.489792
vt 0.290163 0.486040
vt 0.285733 0.496494
vt 0.283993 0.489802
vt 0.290249 0.486088
vt 0.283816 0.505269
vt 0.283924 0.505351
vt 0.280556 0.503135
vt 0.278703 0.506113
vt 0.278813 0.506191
vt 0.277308 0.505116
vt 0.271653 0.505366
vt 0.276567 0.509819
vt 0.279470 0.512721
vt 0.269900 0.512945
vt 0.272275 0.510561
vt 0.273209 0.511658
vt 0.279550 0.512801
vt 0.273290 0.511754
vt 0.272774 0.518663
vt 0.272825 0.518767
vt 0.266828 0.516800
vt 0.266915 0.516934
vt 0.264478 0.513197
vt 0.266937 0.507934
vt 0.261743 0.519363
vt 0.259824 0.511452
vt 0.264175 0.525348
vt 0.252217 0.520407
vt 0.255122 0.513385
vt 0.252856 0.524911
vt 0.252868 0.525068
vt 0.264247 0.525502
vt 0.250540 0.523588
vt 0.250558 0.523749
vt 0.249912 0.518214
vt 0.248265 0.529801
vt 0.248304 0.529901
vt 0.246463 0.522367
vt 0.250866 0.514684
vt 0.247124 0.515770
vt 0.243014 0.526521
vt 0.243529 0.533563
vt 0.243928 0.516531
vt 0.252409 0.506829
vt 0.248576 0.507719
vt 0.244376 0.508481
vt 0.245047 0.502758
vt 0.249550 0.502015
vt 0.253557 0.501155
vt 0.254865 0.494733
vt 0.250650 0.495464
vt 0.245809 0.496088
vt 0.259919 0.493822
vt 0.258654 0.500013
vt 0.261076 0.484851
vt 0.261972 0.475455
vt 0.268008 0.483812
vt 0.269126 0.474510
vt 0.266628 0.492168
vt 0.265099 0.498051
vt 0.257385 0.505627
vt 0.263664 0.503548
vt 0.237430 0.534829
vt 0.243548 0.533693
vt 0.237432 0.534966
vt 0.232416 0.535052
vt 0.232404 0.535189
vt 0.228225 0.533282
vt 0.228218 0.533422
vt 0.224656 0.539509
vt 0.224656 0.539597
vt 0.221095 0.533422
vt 0.221088 0.533282
vt 0.218969 0.477530
vt 0.219161 0.487199
vt 0.219491 0.497267
vt 0.213331 0.477352
vt 0.213627 0.486996
vt 0.214067 0.496898
vt 0.207712 0.477130
vt 0.208053 0.486741
vt 0.208508 0.496463
vt 0.055995 0.533729
vt 0.056014 0.533600
vt 0.051277 0.529837
vt 0.051238 0.529937
vt 0.049002 0.523622
vt 0.048983 0.523783
vt 0.046685 0.524945
vt 0.046673 0.525103
vt 0.035363 0.525383
vt 0.035291 0.525536
vt 0.032710 0.516832
vt 0.032622 0.516966
vt 0.026763 0.518696
vt 0.026711 0.518801
vt 0.026327 0.511690
vt 0.026246 0.511785
vt 0.020065 0.512753
vt 0.019985 0.512833
vt 0.020831 0.506143
vt 0.020722 0.506221
vt 0.015718 0.505300
vt 0.015609 0.505381
vt 0.013935 0.496504
vt 0.013800 0.496522
vt 0.015678 0.489818
vt 0.015541 0.489828
vt 0.009370 0.486066
vt 0.009283 0.486113
vt 0.005573 0.480059
vt 0.005465 0.480090
vt 0.003900 0.473141
vt 0.003786 0.473158
vt 0.005882 0.464332
vt 0.005768 0.464338
vt 0.002381 0.462233
vt 0.002280 0.462249
vt 0.000343 0.458408
vt 0.000221 0.458408
vt 0.002280 0.454567
vt 0.002381 0.454583
vt 0.005768 0.452478
vt 0.005882 0.452484
vt 0.010906 0.452675
vt 0.007951 0.454702
vt 0.006819 0.458408
vt 0.017077 0.450658
vt 0.016894 0.455699
vt 0.016795 0.458408
vt 0.023709 0.450068
vt 0.023488 0.455492
vt 0.023369 0.458408
vt 0.029587 0.455329
vt 0.029483 0.458408
vt 0.029780 0.449601
vt 0.037062 0.449140
vt 0.036903 0.455168
vt 0.036818 0.458408
vt 0.041933 0.448914
vt 0.041790 0.455089
vt 0.041713 0.458408
vt 0.046496 0.455016
vt 0.046429 0.458408
vt 0.046619 0.448706
vt 0.052200 0.448507
vt 0.052104 0.454947
vt 0.052053 0.458408
vt 0.046496 0.461800
vt 0.041790 0.461727
vt 0.052104 0.461869
vt 0.046619 0.468110
vt 0.041933 0.467902
vt 0.052200 0.468309
vt 0.047084 0.476438
vt 0.042490 0.475987
vt 0.052517 0.476863
vt 0.047858 0.485974
vt 0.043438 0.485470
vt 0.053030 0.486442
vt 0.053734 0.496116
vt 0.048891 0.495492
vt 0.044675 0.494761
vt 0.049991 0.502045
vt 0.045984 0.501184
vt 0.054496 0.502788
vt 0.050967 0.507749
vt 0.047132 0.506859
vt 0.055167 0.508512
vt 0.055614 0.516564
vt 0.052418 0.515802
vt 0.048675 0.514716
vt 0.053079 0.522401
vt 0.049629 0.518247
vt 0.056529 0.526556
vt 0.044418 0.513417
vt 0.047324 0.520440
vt 0.037796 0.519396
vt 0.039715 0.511484
vt 0.035060 0.513228
vt 0.032601 0.507965
vt 0.027884 0.505396
vt 0.029637 0.512977
vt 0.025035 0.498979
vt 0.030564 0.501418
vt 0.035874 0.503578
vt 0.029075 0.496083
vt 0.023018 0.493649
vt 0.034440 0.498079
vt 0.040886 0.500042
vt 0.042154 0.505657
vt 0.039620 0.493849
vt 0.032910 0.492195
vt 0.038463 0.484876
vt 0.031530 0.483837
vt 0.037567 0.475479
vt 0.030411 0.474533
vt 0.025839 0.482693
vt 0.024479 0.474122
vt 0.027608 0.490615
vt 0.019709 0.481388
vt 0.017969 0.473167
vt 0.021568 0.488637
vt 0.012710 0.484646
vt 0.010606 0.478808
vt 0.017838 0.489667
vt 0.017442 0.495872
vt 0.018979 0.503164
vt 0.022968 0.509850
vt 0.022227 0.505146
vt 0.027261 0.510592
vt 0.008928 0.472151
vt 0.010906 0.464141
vt 0.017077 0.466158
vt 0.007951 0.462114
vt 0.016894 0.461117
vt 0.023709 0.466748
vt 0.023488 0.461324
vt 0.029587 0.461487
vt 0.029780 0.467215
vt 0.037062 0.467676
vt 0.036903 0.461648
vt 0.059223 0.503298
vt 0.058739 0.496491
vt 0.064299 0.496926
vt 0.058284 0.486767
vt 0.063859 0.487022
vt 0.057943 0.477154
vt 0.063564 0.477376
vt 0.069203 0.477553
vt 0.069395 0.487225
vt 0.069725 0.497295
vt 0.074891 0.477658
vt 0.074891 0.487257
vt 0.074891 0.497489
vt 0.080058 0.497295
vt 0.080387 0.487225
vt 0.085483 0.496926
vt 0.085923 0.487022
vt 0.091044 0.496491
vt 0.091498 0.486767
vt 0.091839 0.477154
vt 0.086219 0.477376
vt 0.080580 0.477553
vt 0.086391 0.468545
vt 0.092062 0.468443
vt 0.080674 0.468627
vt 0.074891 0.468676
vt 0.074891 0.461998
vt 0.080702 0.461981
vt 0.086443 0.461952
vt 0.074891 0.458408
vt 0.080717 0.458408
vt 0.086472 0.458408
vt 0.092128 0.461916
vt 0.092164 0.458408
vt 0.086443 0.454864
vt 0.092128 0.454900
vt 0.080702 0.454836
vt 0.086391 0.448271
vt 0.092062 0.448373
vt 0.080674 0.448189
vt 0.074891 0.454818
vt 0.074891 0.448140
vt 0.069081 0.454836
vt 0.069109 0.448189
vt 0.069066 0.458408
vt 0.063310 0.458408
vt 0.063339 0.454864
vt 0.063391 0.448271
vt 0.057655 0.454900
vt 0.057721 0.448373
vt 0.057619 0.458408
vt 0.063339 0.461952
vt 0.057655 0.461916
vt 0.069081 0.461981
vt 0.063391 0.468545
vt 0.057721 0.468443
vt 0.069109 0.468627
vt 0.063564 0.439441
vt 0.057943 0.439662
vt 0.069203 0.439263
vt 0.058284 0.430049
vt 0.063859 0.429794
vt 0.069395 0.429591
vt 0.074891 0.439158
vt 0.074891 0.429559
vt 0.080387 0.429591
vt 0.080580 0.439263
vt 0.085923 0.429794
vt 0.086219 0.439441
vt 0.091839 0.439662
vt 0.091498 0.430049
vt 0.085483 0.419890
vt 0.091044 0.420325
vt 0.080058 0.419521
vt 0.079994 0.412632
vt 0.085411 0.413049
vt 0.090559 0.413518
vt 0.074891 0.412417
vt 0.074891 0.419327
vt 0.079865 0.406848
vt 0.085138 0.407271
vt 0.074891 0.406631
vt 0.069789 0.412632
vt 0.069918 0.406848
vt 0.069725 0.419521
vt 0.064371 0.413049
vt 0.064644 0.407271
vt 0.064299 0.419890
vt 0.059223 0.413518
vt 0.059495 0.407775
vt 0.058739 0.420325
vt 0.053734 0.420700
vt 0.054496 0.414028
vt 0.053030 0.430374
vt 0.048891 0.421324
vt 0.049991 0.414771
vt 0.047858 0.430842
vt 0.044675 0.422055
vt 0.045984 0.415632
vt 0.043438 0.431346
vt 0.047132 0.409957
vt 0.050967 0.409067
vt 0.055167 0.408304
vt 0.055614 0.400252
vt 0.052418 0.401014
vt 0.048675 0.402100
vt 0.053079 0.394415
vt 0.049629 0.398569
vt 0.056529 0.390260
vt 0.049002 0.393194
vt 0.051277 0.386979
vt 0.056014 0.383216
vt 0.051238 0.386879
vt 0.055995 0.383087
vt 0.048983 0.393033
vt 0.046673 0.391713
vt 0.046685 0.391871
vt 0.047324 0.396376
vt 0.035291 0.391280
vt 0.035363 0.391434
vt 0.037796 0.397420
vt 0.044418 0.403399
vt 0.039715 0.405332
vt 0.032601 0.408851
vt 0.035060 0.403588
vt 0.032709 0.399984
vt 0.027884 0.411420
vt 0.029637 0.403839
vt 0.026763 0.398120
vt 0.026711 0.398015
vt 0.032622 0.399850
vt 0.026246 0.405031
vt 0.026327 0.405126
vt 0.027261 0.406223
vt 0.019985 0.403983
vt 0.020065 0.404063
vt 0.022968 0.406966
vt 0.018979 0.413652
vt 0.022227 0.411670
vt 0.020831 0.410673
vt 0.015718 0.411517
vt 0.020722 0.410595
vt 0.015609 0.411435
vt 0.013800 0.420294
vt 0.013935 0.420312
vt 0.017442 0.420944
vt 0.015541 0.426988
vt 0.015678 0.426998
vt 0.017838 0.427149
vt 0.023018 0.423167
vt 0.025035 0.417837
vt 0.029075 0.420733
vt 0.030564 0.415399
vt 0.034440 0.418737
vt 0.035874 0.413238
vt 0.040886 0.416774
vt 0.042154 0.411159
vt 0.039620 0.422967
vt 0.032910 0.424621
vt 0.038463 0.431940
vt 0.031530 0.432979
vt 0.042490 0.440829
vt 0.037567 0.441338
vt 0.030411 0.442283
vt 0.024479 0.442694
vt 0.025839 0.434123
vt 0.027608 0.426201
vt 0.017969 0.443649
vt 0.019709 0.435428
vt 0.021568 0.428179
vt 0.010606 0.438008
vt 0.012710 0.432170
vt 0.009370 0.430750
vt 0.005573 0.436757
vt 0.009283 0.430703
vt 0.005465 0.436726
vt 0.003786 0.443658
vt 0.003900 0.443675
vt 0.008928 0.444665
vt 0.047084 0.440378
vt 0.052517 0.439953
vt 0.062113 0.381813
vt 0.062114 0.381950
vt 0.061988 0.389728
vt 0.067142 0.381590
vt 0.067130 0.381727
vt 0.066645 0.389240
vt 0.060173 0.399434
vt 0.065432 0.398804
vt 0.071074 0.388658
vt 0.070468 0.398355
vt 0.074891 0.387843
vt 0.074891 0.398113
vt 0.078708 0.388658
vt 0.079314 0.398355
vt 0.084351 0.398804
vt 0.083137 0.389240
vt 0.089609 0.399434
vt 0.087794 0.389728
vt 0.090288 0.407775
vt 0.082653 0.381727
vt 0.087668 0.381950
vt 0.078460 0.383497
vt 0.082641 0.381590
vt 0.087670 0.381813
vt 0.078454 0.383357
vt 0.074891 0.377260
vt 0.074891 0.377184
vt 0.071329 0.383357
vt 0.071322 0.383497
usemtl None
s 1
f 5209/5881 5150/5882 5149/5883 5151/5884
f 5149/5883 5150/5882 5155/5885 5152/5886
f 5151/5884 5149/5883 5152/5886 5154/5887
f 5154/5888 5152/5889 5153/5890 5160/5891
f 5152/5889 5155/5892 5157/5893 5153/5890
f 5150/5882 5211/5894 5156/5895 5155/5885
f 5155/5892 5156/5896 5158/5897 5157/5893
f 5159/5898 5160/5891 5153/5890 5157/5893
f 5161/5899 5159/5898 5157/5893 5158/5897
f 5162/5900 5163/5901 5160/5891 5159/5898
f 5164/5902 5162/5900 5159/5898 5161/5899
f 5165/5903 5166/5904 5163/5901 5162/5900
f 5167/5905 5165/5903 5162/5900 5164/5902
f 5168/5906 5169/5907 5166/5904 5165/5903
f 5170/5908 5168/5906 5165/5903 5167/5905
f 5171/5909 5172/5910 5169/5907 5168/5906
f 5173/5911 5171/5909 5168/5906 5170/5908
f 5174/5912 5175/5913 5172/5910 5171/5909
f 5176/5914 5174/5912 5171/5909 5173/5911
f 5177/5915 5178/5916 5175/5913 5174/5912
f 5179/5917 5177/5915 5174/5912 5176/5914
f 5180/5918 5181/5919 5178/5916 5177/5915
f 5182/5920 5180/5918 5177/5915 5179/5917
f 5183/5921 5184/5922 5181/5919 5180/5918
f 5186/5923 5183/5921 5180/5918 5182/5920
f 5185/5924 5862/5925 5184/5926 5183/5927
f 5188/5928 5185/5924 5183/5927 5186/5929
f 5187/5930 5186/5923 5182/5920 5243/5931
f 5189/5932 5188/5928 5186/5929 5187/5933
f 5188/5928 5190/5934 5191/5935 5185/5924
f 5189/5932 5192/5936 5190/5934 5188/5928
f 5190/5934 5193/5937 5194/5938 5191/5935
f 5192/5936 5195/5939 5193/5937 5190/5934
f 5193/5937 5196/5940 5197/5941 5194/5938
f 5195/5939 5198/5942 5196/5940 5193/5937
f 5196/5940 5199/5943 5200/5944 5197/5941
f 5198/5942 5201/5945 5199/5943 5196/5940
f 5199/5943 5202/5946 5203/5947 5200/5944
f 5201/5945 5204/5948 5202/5946 5199/5943
f 5202/5946 5205/5949 5206/5950 5203/5947
f 5204/5948 5207/5951 5205/5949 5202/5946
f 5205/5949 5208/5952 5209/5881 5206/5950
f 5207/5951 5210/5953 5208/5952 5205/5949
f 5208/5952 5211/5894 5150/5882 5209/5881
f 5210/5953 5212/5954 5211/5894 5208/5952
f 5211/5894 5212/5954 5214/5955 5156/5895
f 5260/5956 5213/5957 5212/5954 5210/5953
f 5212/5954 5213/5957 5216/5958 5214/5955
f 5156/5896 5214/5959 5215/5960 5158/5897
f 5214/5959 5216/5961 5218/5962 5215/5960
f 5216/5961 5217/5963 5219/5964 5218/5962
f 5213/5957 5262/5965 5217/5966 5216/5958
f 5220/5967 5221/5968 5215/5960 5218/5962
f 5222/5969 5220/5967 5218/5962 5219/5964
f 5223/5970 5224/5971 5221/5968 5220/5967
f 5225/5972 5223/5970 5220/5967 5222/5969
f 5226/5973 5227/5974 5224/5971 5223/5970
f 5228/5975 5226/5973 5223/5970 5225/5972
f 5229/5976 5230/5977 5227/5974 5226/5973
f 5231/5978 5229/5976 5226/5973 5228/5975
f 5232/5979 5233/5980 5230/5977 5229/5976
f 5234/5981 5232/5979 5229/5976 5231/5978
f 5235/5982 5236/5983 5233/5980 5232/5979
f 5237/5984 5235/5982 5232/5979 5234/5981
f 5238/5985 5239/5986 5236/5983 5235/5982
f 5240/5987 5238/5985 5235/5982 5237/5984
f 5241/5988 5243/5931 5239/5986 5238/5985
f 5242/5989 5241/5988 5238/5985 5240/5987
f 5245/5990 5244/5991 5241/5988 5242/5989
f 5244/5991 5187/5930 5243/5931 5241/5988
f 5247/5992 5246/5993 5244/5994 5245/5995
f 5246/5993 5189/5932 5187/5933 5244/5994
f 5247/5992 5249/5996 5248/5997 5246/5993
f 5246/5993 5248/5997 5192/5936 5189/5932
f 5248/5997 5250/5998 5195/5939 5192/5936
f 5249/5996 5251/5999 5250/5998 5248/5997
f 5250/5998 5252/6000 5198/5942 5195/5939
f 5251/5999 5253/6001 5252/6000 5250/5998
f 5252/6000 5254/6002 5201/5945 5198/5942
f 5253/6001 5255/6003 5254/6002 5252/6000
f 5254/6002 5256/6004 5204/5948 5201/5945
f 5255/6003 5257/6005 5256/6004 5254/6002
f 5256/6004 5258/6006 5207/5951 5204/5948
f 5257/6005 5259/6007 5258/6006 5256/6004
f 5258/6006 5260/5956 5210/5953 5207/5951
f 5259/6007 5261/6008 5260/5956 5258/6006
f 5261/6008 5262/5965 5213/5957 5260/5956
f 5264/6009 5263/6010 5261/6008 5259/6007
f 5263/6010 5265/6011 5262/5965 5261/6008
f 5267/6012 5266/6013 5263/6010 5264/6009
f 5266/6013 5268/6014 5265/6011 5263/6010
f 5270/6015 5269/6016 5266/6013 5267/6012
f 5269/6016 5271/6017 5268/6014 5266/6013
f 5273/6018 5272/6019 5269/6016 5270/6015
f 5272/6019 5274/6020 5271/6017 5269/6016
f 5276/6021 5275/6022 5272/6019 5273/6018
f 5275/6022 5277/6023 5274/6020 5272/6019
f 5279/6024 5278/6025 5275/6022 5276/6021
f 5278/6025 5280/6026 5277/6023 5275/6022
f 5283/6027 5281/6028 5278/6025 5279/6024
f 5281/6028 5282/6029 5280/6026 5278/6025
f 5284/6030 5286/6031 5282/6029 5281/6028
f 5285/6032 5284/6030 5281/6028 5283/6027
f 5288/6033 5287/6034 5284/6030 5285/6032
f 5287/6034 5289/6035 5286/6031 5284/6030
f 5291/6036 5290/6037 5287/6034 5288/6033
f 5290/6037 5292/6038 5289/6035 5287/6034
f 5294/6039 5293/6040 5290/6037 5291/6036
f 5293/6040 5295/6041 5292/6038 5290/6037
f 5297/6042 5296/6043 5293/6040 5294/6039
f 5296/6043 5298/6044 5295/6041 5293/6040
f 5300/6045 5299/6046 5296/6043 5297/6042
f 5299/6046 5301/6047 5298/6044 5296/6043
f 5303/6048 5302/6049 5299/6046 5300/6045
f 5302/6049 5304/6050 5301/6047 5299/6046
f 5306/6051 5305/6052 5302/6049 5303/6048
f 5305/6052 5307/6053 5304/6050 5302/6049
f 5309/6054 5308/6055 5305/6052 5306/6051
f 5308/6055 5310/6056 5307/6053 5305/6052
f 5312/6057 5311/6058 5308/6055 5309/6054
f 5311/6058 5313/6059 5310/6056 5308/6055
f 5315/6060 5314/6061 5311/6058 5312/6057
f 5314/6061 5316/6062 5313/6059 5311/6058
f 5318/6063 5317/6064 5314/6061 5315/6060
f 5317/6064 5319/6065 5316/6062 5314/6061
f 5321/6066 5320/6067 5317/6064 5318/6063
f 5320/6067 5322/6068 5319/6065 5317/6064
f 5325/6069 5323/6070 5320/6067 5321/6066
f 5323/6070 5324/6071 5322/6068 5320/6067
f 5326/6072 5328/6073 5324/6071 5323/6070
f 5327/6074 5326/6072 5323/6070 5325/6069
f 5330/6075 5329/6076 5326/6072 5327/6074
f 5329/6076 5331/6077 5328/6073 5326/6072
f 5333/6078 5332/6079 5329/6076 5330/6075
f 5332/6079 5334/6080 5331/6077 5329/6076
f 5336/6081 5335/6082 5332/6079 5333/6078
f 5335/6082 5337/6083 5334/6080 5332/6079
f 5339/6084 5338/6085 5335/6082 5336/6081
f 5338/6085 5340/6086 5337/6083 5335/6082
f 5342/6087 5341/6088 5338/6085 5339/6084
f 5341/6088 5343/6089 5340/6086 5338/6085
f 5345/6090 5344/6091 5341/6088 5342/6087
f 5344/6091 5346/6092 5343/6089 5341/6088
f 5349/6093 5347/6094 5344/6091 5345/6090
f 5347/6094 5348/6095 5346/6092 5344/6091
f 5348/6095 5347/6094 5350/6096 5353/6097
f 5347/6094 5349/6093 5352/6098 5350/6096
f 5353/6099 5350/6100 5351/6101 5354/6102
f 5350/6100 5352/6103 5467/6104 5351/6101
f 5355/6105 5353/6099 5354/6102 5356/6106
f 5346/6092 5348/6095 5353/6097 5355/6107
f 5357/6108 5355/6105 5356/6106 5358/6109
f 5343/6089 5346/6092 5355/6107 5357/6110
f 5359/6111 5357/6108 5358/6109 5360/6112
f 5340/6086 5343/6089 5357/6110 5359/6113
f 5361/6114 5359/6111 5360/6112 5362/6115
f 5337/6083 5340/6086 5359/6113 5361/6116
f 5363/6117 5361/6114 5362/6115 5364/6118
f 5334/6080 5337/6083 5361/6116 5363/6119
f 5365/6120 5363/6117 5364/6118 5366/6121
f 5331/6077 5334/6080 5363/6119 5365/6122
f 5367/6123 5365/6120 5366/6121 5368/6124
f 5328/6073 5331/6077 5365/6122 5367/6125
f 5369/6126 5367/6123 5368/6124 5370/6127
f 5324/6071 5328/6073 5367/6125 5369/6128
f 5371/6129 5369/6126 5370/6127 5372/6130
f 5322/6068 5324/6071 5369/6128 5371/6131
f 5373/6132 5371/6129 5372/6130 5374/6133
f 5319/6065 5322/6068 5371/6131 5373/6134
f 5375/6135 5373/6132 5374/6133 5376/6136
f 5316/6062 5319/6065 5373/6134 5375/6137
f 5377/6138 5375/6135 5376/6136 5378/6139
f 5313/6059 5316/6062 5375/6137 5377/6140
f 5379/6141 5377/6138 5378/6139 5380/6142
f 5310/6056 5313/6059 5377/6140 5379/6143
f 5381/6144 5379/6141 5380/6142 5382/6145
f 5307/6053 5310/6056 5379/6143 5381/6146
f 5383/6147 5381/6144 5382/6145 5384/6148
f 5304/6050 5307/6053 5381/6146 5383/6149
f 5385/6150 5383/6147 5384/6148 5386/6151
f 5301/6047 5304/6050 5383/6149 5385/6152
f 5387/6153 5385/6150 5386/6151 5388/6154
f 5298/6044 5301/6047 5385/6152 5387/6155
f 5389/6156 5387/6153 5388/6154 5390/6157
f 5295/6041 5298/6044 5387/6155 5389/6158
f 5391/6159 5389/6156 5390/6157 5392/6160
f 5292/6038 5295/6041 5389/6158 5391/6161
f 5393/6162 5391/6159 5392/6160 5394/6163
f 5289/6035 5292/6038 5391/6161 5393/6164
f 5395/6165 5393/6162 5394/6163 5396/6166
f 5286/6031 5289/6035 5393/6164 5395/6167
f 5397/6168 5395/6165 5396/6166 5398/6169
f 5282/6029 5286/6031 5395/6167 5397/6170
f 5399/6171 5397/6168 5398/6169 5400/6172
f 5280/6026 5282/6029 5397/6170 5399/6173
f 5401/6174 5399/6171 5400/6172 5402/6175
f 5277/6023 5280/6026 5399/6173 5401/6176
f 5403/6177 5401/6174 5402/6175 5404/6178
f 5274/6020 5277/6023 5401/6176 5403/6179
f 5405/6180 5403/6177 5404/6178 5406/6181
f 5271/6017 5274/6020 5403/6179 5405/6182
f 5407/6183 5405/6180 5406/6181 5408/6184
f 5268/6014 5271/6017 5405/6182 5407/6185
f 5409/6186 5407/6183 5408/6184 5410/6187
f 5265/6011 5268/6014 5407/6185 5409/6188
f 5217/5963 5409/6186 5410/6187 5219/5964
f 5262/5965 5265/6011 5409/6188 5217/5966
f 5413/6189 5411/6190 5410/6187 5408/6184
f 5411/6190 5222/5969 5219/5964 5410/6187
f 5412/6191 5225/5972 5222/5969 5411/6190
f 5414/6192 5412/6191 5411/6190 5413/6189
f 5416/6193 5414/6192 5413/6189 5415/6194
f 5415/6194 5413/6189 5408/6184 5406/6181
f 5418/6195 5416/6193 5415/6194 5417/6196
f 5417/6196 5415/6194 5406/6181 5404/6178
f 5420/6197 5418/6195 5417/6196 5419/6198
f 5419/6198 5417/6196 5404/6178 5402/6175
f 5422/6199 5420/6197 5419/6198 5421/6200
f 5421/6200 5419/6198 5402/6175 5400/6172
f 5424/6201 5422/6199 5421/6200 5423/6202
f 5423/6202 5421/6200 5400/6172 5398/6169
f 5425/6203 5423/6202 5398/6169 5396/6166
f 5426/6204 5424/6201 5423/6202 5425/6203
f 5428/6205 5426/6204 5425/6203 5427/6206
f 5427/6206 5425/6203 5396/6166 5394/6163
f 5430/6207 5428/6205 5427/6206 5429/6208
f 5429/6208 5427/6206 5394/6163 5392/6160
f 5432/6209 5430/6207 5429/6208 5431/6210
f 5431/6210 5429/6208 5392/6160 5390/6157
f 5434/6211 5432/6209 5431/6210 5433/6212
f 5433/6212 5431/6210 5390/6157 5388/6154
f 5436/6213 5434/6211 5433/6212 5435/6214
f 5435/6214 5433/6212 5388/6154 5386/6151
f 5438/6215 5436/6213 5435/6214 5437/6216
f 5437/6216 5435/6214 5386/6151 5384/6148
f 5440/6217 5438/6215 5437/6216 5439/6218
f 5439/6218 5437/6216 5384/6148 5382/6145
f 5442/6219 5440/6217 5439/6218 5441/6220
f 5441/6220 5439/6218 5382/6145 5380/6142
f 5444/6221 5442/6219 5441/6220 5443/6222
f 5443/6222 5441/6220 5380/6142 5378/6139
f 5446/6223 5444/6221 5443/6222 5445/6224
f 5445/6224 5443/6222 5378/6139 5376/6136
f 5448/6225 5446/6223 5445/6224 5447/6226
f 5447/6226 5445/6224 5376/6136 5374/6133
f 5450/6227 5448/6225 5447/6226 5449/6228
f 5449/6228 5447/6226 5374/6133 5372/6130
f 5452/6229 5450/6227 5449/6228 5451/6230
f 5451/6230 5449/6228 5372/6130 5370/6127
f 5453/6231 5451/6230 5370/6127 5368/6124
f 5454/6232 5452/6229 5451/6230 5453/6231
f 5456/6233 5454/6232 5453/6231 5455/6234
f 5455/6234 5453/6231 5368/6124 5366/6121
f 5458/6235 5456/6233 5455/6234 5457/6236
f 5457/6236 5455/6234 5366/6121 5364/6118
f 5460/6237 5458/6235 5457/6236 5459/6238
f 5459/6238 5457/6236 5364/6118 5362/6115
f 5462/6239 5460/6237 5459/6238 5461/6240
f 5461/6240 5459/6238 5362/6115 5360/6112
f 5464/6241 5462/6239 5461/6240 5463/6242
f 5463/6242 5461/6240 5360/6112 5358/6109
f 5466/6243 5464/6241 5463/6242 5465/6244
f 5465/6244 5463/6242 5358/6109 5356/6106
f 5467/6104 5466/6243 5465/6244 5351/6101
f 5351/6101 5465/6244 5356/6106 5354/6102
f 5468/6245 5469/6246 5464/6241 5466/6243
f 5470/6247 5468/6245 5466/6243 5467/6104
f 5471/6248 5472/6249 5469/6246 5468/6245
f 5473/6250 5471/6248 5468/6245 5470/6247
f 5474/6251 5475/6252 5472/6249 5471/6248
f 5476/6253 5474/6251 5471/6248 5473/6250
f 5477/6254 5478/6255 5475/6252 5474/6251
f 5479/6256 5477/6254 5474/6251 5476/6253
f 5480/6257 5483/6258 5478/6255 5477/6254
f 5482/6259 5480/6257 5477/6254 5479/6256
f 5698/6260 5481/6261 5480/6257 5482/6259
f 5481/6261 5484/6262 5483/6258 5480/6257
f 5484/6262 5486/6263 5485/6264 5483/6258
f 5483/6258 5485/6264 5487/6265 5478/6255
f 5486/6263 5489/6266 5488/6267 5485/6264
f 5485/6264 5488/6267 5490/6268 5487/6265
f 5489/6266 5492/6269 5491/6270 5488/6267
f 5488/6267 5491/6270 5493/6271 5490/6268
f 5492/6269 5495/6272 5494/6273 5491/6270
f 5491/6270 5494/6273 5496/6274 5493/6271
f 5495/6272 5498/6275 5497/6276 5494/6273
f 5494/6273 5497/6276 5499/6277 5496/6274
f 5498/6275 5502/6278 5500/6279 5497/6276
f 5497/6276 5500/6279 5501/6280 5499/6277
f 5500/6279 5503/6281 5505/6282 5501/6280
f 5502/6278 5504/6283 5503/6281 5500/6279
f 5504/6283 5507/6284 5506/6285 5503/6281
f 5503/6281 5506/6285 5508/6286 5505/6282
f 5507/6284 5510/6287 5509/6288 5506/6285
f 5506/6285 5509/6288 5511/6289 5508/6286
f 5510/6287 5513/6290 5512/6291 5509/6288
f 5509/6288 5512/6291 5514/6292 5511/6289
f 5513/6290 5516/6293 5515/6294 5512/6291
f 5512/6291 5515/6294 5517/6295 5514/6292
f 5516/6293 5519/6296 5518/6297 5515/6294
f 5515/6294 5518/6297 5520/6298 5517/6295
f 5519/6296 5522/6299 5521/6300 5518/6297
f 5518/6297 5521/6300 5523/6301 5520/6298
f 5522/6299 5525/6302 5524/6303 5521/6300
f 5521/6300 5524/6303 5526/6304 5523/6301
f 5525/6302 5528/6305 5527/6306 5524/6303
f 5524/6303 5527/6306 5529/6307 5526/6304
f 5528/6305 5531/6308 5530/6309 5527/6306
f 5527/6306 5530/6309 5532/6310 5529/6307
f 5531/6308 5534/6311 5533/6312 5530/6309
f 5530/6309 5533/6312 5535/6313 5532/6310
f 5534/6311 5537/6314 5536/6315 5533/6312
f 5533/6312 5536/6315 5538/6316 5535/6313
f 5537/6314 5540/6317 5539/6318 5536/6315
f 5536/6315 5539/6318 5541/6319 5538/6316
f 5540/6317 5544/6320 5542/6321 5539/6318
f 5539/6318 5542/6321 5543/6322 5541/6319
f 5542/6321 5545/6323 5547/6324 5543/6322
f 5544/6320 5546/6325 5545/6323 5542/6321
f 5546/6325 5549/6326 5548/6327 5545/6323
f 5545/6323 5548/6327 5550/6328 5547/6324
f 5549/6326 5552/6329 5551/6330 5548/6327
f 5548/6327 5551/6330 5553/6331 5550/6328
f 5552/6329 5555/6332 5554/6333 5551/6330
f 5551/6330 5554/6333 5556/6334 5553/6331
f 5555/6332 5558/6335 5557/6336 5554/6333
f 5554/6333 5557/6336 5559/6337 5556/6334
f 5558/6335 5561/6338 5560/6339 5557/6336
f 5557/6336 5560/6339 5562/6340 5559/6337
f 5561/6338 5242/5989 5240/5987 5560/6339
f 5560/6339 5240/5987 5237/5984 5562/6340
f 5559/6337 5562/6340 5563/6341 5564/6342
f 5562/6340 5237/5984 5234/5981 5563/6341
f 5564/6342 5563/6341 5565/6343 5566/6344
f 5563/6341 5234/5981 5231/5978 5565/6343
f 5566/6344 5565/6343 5567/6345 5568/6346
f 5565/6343 5231/5978 5228/5975 5567/6345
f 5568/6346 5567/6345 5412/6191 5414/6192
f 5567/6345 5228/5975 5225/5972 5412/6191
f 5571/6347 5566/6344 5568/6346 5569/6348
f 5569/6348 5568/6346 5414/6192 5416/6193
f 5572/6349 5571/6347 5569/6348 5570/6350
f 5570/6350 5569/6348 5416/6193 5418/6195
f 5573/6351 5564/6342 5566/6344 5571/6347
f 5574/6352 5573/6351 5571/6347 5572/6349
f 5556/6334 5559/6337 5564/6342 5573/6351
f 5553/6331 5556/6334 5573/6351 5574/6352
f 5550/6328 5553/6331 5574/6352 5575/6353
f 5575/6353 5574/6352 5572/6349 5577/6354
f 5576/6355 5575/6353 5577/6354 5578/6356
f 5547/6324 5550/6328 5575/6353 5576/6355
f 5578/6356 5577/6354 5579/6357 5580/6358
f 5577/6354 5572/6349 5570/6350 5579/6357
f 5580/6358 5579/6357 5420/6197 5422/6199
f 5579/6357 5570/6350 5418/6195 5420/6197
f 5582/6359 5578/6356 5580/6358 5581/6360
f 5581/6360 5580/6358 5422/6199 5424/6201
f 5585/6361 5582/6359 5581/6360 5583/6362
f 5583/6362 5581/6360 5424/6201 5426/6204
f 5586/6363 5585/6361 5583/6362 5584/6364
f 5584/6364 5583/6362 5426/6204 5428/6205
f 5588/6365 5587/6366 5585/6361 5586/6363
f 5587/6366 5589/6367 5582/6359 5585/6361
f 5538/6316 5541/6319 5587/6366 5588/6365
f 5541/6319 5543/6322 5589/6367 5587/6366
f 5589/6367 5576/6355 5578/6356 5582/6359
f 5543/6322 5547/6324 5576/6355 5589/6367
f 5535/6313 5538/6316 5588/6365 5590/6368
f 5590/6368 5588/6365 5586/6363 5591/6369
f 5592/6370 5590/6368 5591/6369 5594/6371
f 5532/6310 5535/6313 5590/6368 5592/6370
f 5529/6307 5532/6310 5592/6370 5593/6372
f 5593/6372 5592/6370 5594/6371 5595/6373
f 5594/6371 5591/6369 5597/6374 5596/6375
f 5595/6373 5594/6371 5596/6375 5598/6376
f 5596/6375 5597/6374 5430/6207 5432/6209
f 5598/6376 5596/6375 5432/6209 5434/6211
f 5600/6377 5595/6373 5598/6376 5599/6378
f 5599/6378 5598/6376 5434/6211 5436/6213
f 5603/6379 5600/6377 5599/6378 5601/6380
f 5601/6380 5599/6378 5436/6213 5438/6215
f 5604/6381 5603/6379 5601/6380 5602/6382
f 5602/6382 5601/6380 5438/6215 5440/6217
f 5605/6383 5606/6384 5600/6377 5603/6379
f 5607/6385 5605/6383 5603/6379 5604/6381
f 5523/6301 5526/6304 5606/6384 5605/6383
f 5520/6298 5523/6301 5605/6383 5607/6385
f 5517/6295 5520/6298 5607/6385 5608/6386
f 5608/6386 5607/6385 5604/6381 5609/6387
f 5610/6388 5608/6386 5609/6387 5612/6389
f 5514/6292 5517/6295 5608/6386 5610/6388
f 5511/6289 5514/6292 5610/6388 5611/6390
f 5611/6390 5610/6388 5612/6389 5613/6391
f 5612/6389 5609/6387 5615/6392 5614/6393
f 5613/6391 5612/6389 5614/6393 5616/6394
f 5614/6393 5615/6392 5442/6219 5444/6221
f 5616/6394 5614/6393 5444/6221 5446/6223
f 5619/6395 5613/6391 5616/6394 5617/6396
f 5617/6396 5616/6394 5446/6223 5448/6225
f 5618/6397 5617/6396 5448/6225 5450/6227
f 5620/6398 5619/6395 5617/6396 5618/6397
f 5622/6399 5621/6400 5619/6395 5620/6398
f 5621/6400 5611/6390 5613/6391 5619/6395
f 5505/6282 5508/6286 5621/6400 5622/6399
f 5508/6286 5511/6289 5611/6390 5621/6400
f 5623/6401 5622/6399 5620/6398 5624/6402
f 5501/6280 5505/6282 5622/6399 5623/6401
f 5625/6403 5623/6401 5624/6402 5627/6404
f 5499/6277 5501/6280 5623/6401 5625/6403
f 5496/6274 5499/6277 5625/6403 5626/6405
f 5626/6405 5625/6403 5627/6404 5628/6406
f 5628/6406 5627/6404 5629/6407 5630/6408
f 5627/6404 5624/6402 5631/6409 5629/6407
f 5630/6408 5629/6407 5454/6232 5456/6233
f 5629/6407 5631/6409 5452/6229 5454/6232
f 5631/6409 5618/6397 5450/6227 5452/6229
f 5624/6402 5620/6398 5618/6397 5631/6409
f 5633/6410 5628/6406 5630/6408 5632/6411
f 5632/6411 5630/6408 5456/6233 5458/6235
f 5636/6412 5633/6410 5632/6411 5634/6413
f 5634/6413 5632/6411 5458/6235 5460/6237
f 5637/6414 5636/6412 5634/6413 5635/6415
f 5635/6415 5634/6413 5460/6237 5462/6239
f 5638/6416 5639/6417 5633/6410 5636/6412
f 5640/6418 5638/6416 5636/6412 5637/6414
f 5490/6268 5493/6271 5639/6417 5638/6416
f 5487/6265 5490/6268 5638/6416 5640/6418
f 5478/6255 5487/6265 5640/6418 5475/6252
f 5475/6252 5640/6418 5637/6414 5472/6249
f 5639/6417 5626/6405 5628/6406 5633/6410
f 5493/6271 5496/6274 5626/6405 5639/6417
f 5472/6249 5637/6414 5635/6415 5469/6246
f 5469/6246 5635/6415 5462/6239 5464/6241
f 5609/6387 5604/6381 5602/6382 5615/6392
f 5615/6392 5602/6382 5440/6217 5442/6219
f 5606/6384 5593/6372 5595/6373 5600/6377
f 5526/6304 5529/6307 5593/6372 5606/6384
f 5591/6369 5586/6363 5584/6364 5597/6374
f 5597/6374 5584/6364 5428/6205 5430/6207
f 5643/6419 5641/6420 5561/6338 5558/6335
f 5641/6420 5245/5990 5242/5989 5561/6338
f 5642/6421 5247/5992 5245/5995 5641/6422
f 5644/6423 5642/6421 5641/6422 5643/6424
f 5645/6425 5643/6419 5558/6335 5555/6332
f 5646/6426 5644/6423 5643/6424 5645/6427
f 5647/6428 5645/6425 5555/6332 5552/6329
f 5648/6429 5646/6426 5645/6427 5647/6430
f 5649/6431 5647/6428 5552/6329 5549/6326
f 5650/6432 5648/6429 5647/6430 5649/6433
f 5651/6434 5649/6431 5549/6326 5546/6325
f 5652/6435 5650/6432 5649/6433 5651/6436
f 5653/6437 5651/6434 5546/6325 5544/6320
f 5654/6438 5652/6435 5651/6436 5653/6439
f 5655/6440 5653/6437 5544/6320 5540/6317
f 5656/6441 5654/6438 5653/6439 5655/6442
f 5657/6443 5655/6440 5540/6317 5537/6314
f 5658/6444 5656/6441 5655/6442 5657/6445
f 5659/6446 5657/6443 5537/6314 5534/6311
f 5660/6447 5658/6444 5657/6445 5659/6448
f 5661/6449 5659/6446 5534/6311 5531/6308
f 5662/6450 5660/6447 5659/6448 5661/6451
f 5663/6452 5661/6449 5531/6308 5528/6305
f 5664/6453 5662/6450 5661/6451 5663/6454
f 5665/6455 5663/6452 5528/6305 5525/6302
f 5666/6456 5664/6453 5663/6454 5665/6457
f 5667/6458 5665/6455 5525/6302 5522/6299
f 5668/6459 5666/6456 5665/6457 5667/6460
f 5669/6461 5667/6458 5522/6299 5519/6296
f 5670/6462 5668/6459 5667/6460 5669/6463
f 5671/6464 5669/6461 5519/6296 5516/6293
f 5672/6465 5670/6462 5669/6463 5671/6466
f 5673/6467 5671/6464 5516/6293 5513/6290
f 5674/6468 5672/6465 5671/6466 5673/6469
f 5675/6470 5673/6467 5513/6290 5510/6287
f 5676/6471 5674/6468 5673/6469 5675/6472
f 5677/6473 5675/6470 5510/6287 5507/6284
f 5678/6474 5676/6471 5675/6472 5677/6475
f 5679/6476 5677/6473 5507/6284 5504/6283
f 5680/6477 5678/6474 5677/6475 5679/6478
f 5681/6479 5679/6476 5504/6283 5502/6278
f 5682/6480 5680/6477 5679/6478 5681/6481
f 5683/6482 5681/6479 5502/6278 5498/6275
f 5684/6483 5682/6480 5681/6481 5683/6484
f 5685/6485 5683/6482 5498/6275 5495/6272
f 5686/6486 5684/6483 5683/6484 5685/6487
f 5687/6488 5685/6485 5495/6272 5492/6269
f 5688/6489 5686/6486 5685/6487 5687/6490
f 5689/6491 5687/6488 5492/6269 5489/6266
f 5690/6492 5688/6489 5687/6490 5689/6493
f 5691/6494 5689/6491 5489/6266 5486/6263
f 5692/6495 5690/6492 5689/6493 5691/6496
f 5693/6497 5691/6494 5486/6263 5484/6262
f 5694/6498 5692/6495 5691/6496 5693/6499
f 5695/6500 5693/6497 5484/6262 5481/6261
f 5696/6501 5694/6498 5693/6499 5695/6502
f 5697/6503 5695/6500 5481/6261 5698/6260
f 5699/6504 5696/6501 5695/6502 5697/6505
f 5700/6506 5697/6503 5698/6260 5482/6259
f 5701/6507 5699/6504 5697/6505 5700/6508
f 5702/6509 5700/6506 5482/6259 5479/6256
f 5703/6510 5701/6507 5700/6508 5702/6511
f 5704/6512 5702/6509 5479/6256 5476/6253
f 5705/6513 5703/6510 5702/6511 5704/6514
f 5706/6515 5704/6512 5476/6253 5473/6250
f 5707/6516 5705/6513 5704/6514 5706/6517
f 5708/6518 5706/6515 5473/6250 5470/6247
f 5709/6519 5707/6516 5706/6517 5708/6520
f 5352/6103 5708/6518 5470/6247 5467/6104
f 5349/6093 5709/6519 5708/6520 5352/6098
f 5707/6516 5709/6519 5710/6521 5712/6522
f 5709/6519 5349/6093 5345/6090 5710/6521
f 5710/6521 5345/6090 5342/6087 5711/6523
f 5712/6522 5710/6521 5711/6523 5713/6524
f 5714/6525 5712/6522 5713/6524 5715/6526
f 5705/6513 5707/6516 5712/6522 5714/6525
f 5716/6527 5714/6525 5715/6526 5717/6528
f 5703/6510 5705/6513 5714/6525 5716/6527
f 5718/6529 5716/6527 5717/6528 5719/6530
f 5701/6507 5703/6510 5716/6527 5718/6529
f 5699/6504 5701/6507 5718/6529 5696/6501
f 5696/6501 5718/6529 5719/6530 5694/6498
f 5694/6498 5719/6530 5720/6531 5692/6495
f 5719/6530 5717/6528 5721/6532 5720/6531
f 5692/6495 5720/6531 5722/6533 5690/6492
f 5720/6531 5721/6532 5723/6534 5722/6533
f 5690/6492 5722/6533 5724/6535 5688/6489
f 5722/6533 5723/6534 5725/6536 5724/6535
f 5688/6489 5724/6535 5726/6537 5686/6486
f 5724/6535 5725/6536 5727/6538 5726/6537
f 5686/6486 5726/6537 5728/6539 5684/6483
f 5726/6537 5727/6538 5729/6540 5728/6539
f 5684/6483 5728/6539 5730/6541 5682/6480
f 5728/6539 5729/6540 5731/6542 5730/6541
f 5730/6541 5731/6542 5733/6543 5732/6544
f 5682/6480 5730/6541 5732/6544 5680/6477
f 5680/6477 5732/6544 5734/6545 5678/6474
f 5732/6544 5733/6543 5735/6546 5734/6545
f 5678/6474 5734/6545 5736/6547 5676/6471
f 5734/6545 5735/6546 5737/6548 5736/6547
f 5676/6471 5736/6547 5738/6549 5674/6468
f 5736/6547 5737/6548 5739/6550 5738/6549
f 5674/6468 5738/6549 5740/6551 5672/6465
f 5738/6549 5739/6550 5741/6552 5740/6551
f 5672/6465 5740/6551 5742/6553 5670/6462
f 5740/6551 5741/6552 5743/6554 5742/6553
f 5670/6462 5742/6553 5744/6555 5668/6459
f 5742/6553 5743/6554 5745/6556 5744/6555
f 5668/6459 5744/6555 5746/6557 5666/6456
f 5744/6555 5745/6556 5747/6558 5746/6557
f 5666/6456 5746/6557 5748/6559 5664/6453
f 5746/6557 5747/6558 5749/6560 5748/6559
f 5664/6453 5748/6559 5750/6561 5662/6450
f 5748/6559 5749/6560 5751/6562 5750/6561
f 5662/6450 5750/6561 5752/6563 5660/6447
f 5750/6561 5751/6562 5753/6564 5752/6563
f 5660/6447 5752/6563 5754/6565 5658/6444
f 5752/6563 5753/6564 5755/6566 5754/6565
f 5658/6444 5754/6565 5756/6567 5656/6441
f 5754/6565 5755/6566 5757/6568 5756/6567
f 5656/6441 5756/6567 5758/6569 5654/6438
f 5756/6567 5757/6568 5759/6570 5758/6569
f 5758/6569 5759/6570 5761/6571 5760/6572
f 5654/6438 5758/6569 5760/6572 5652/6435
f 5652/6435 5760/6572 5762/6573 5650/6432
f 5760/6572 5761/6571 5763/6574 5762/6573
f 5650/6432 5762/6573 5764/6575 5648/6429
f 5762/6573 5763/6574 5765/6576 5764/6575
f 5648/6429 5764/6575 5766/6577 5646/6426
f 5764/6575 5765/6576 5767/6578 5766/6577
f 5646/6426 5766/6577 5768/6579 5644/6423
f 5766/6577 5767/6578 5769/6580 5768/6579
f 5644/6423 5768/6579 5770/6581 5642/6421
f 5768/6579 5769/6580 5771/6582 5770/6581
f 5642/6421 5770/6581 5249/5996 5247/5992
f 5770/6581 5771/6582 5251/5999 5249/5996
f 5769/6580 5773/6583 5772/6584 5771/6582
f 5771/6582 5772/6584 5253/6001 5251/5999
f 5773/6583 5775/6585 5774/6586 5772/6584
f 5772/6584 5774/6586 5255/6003 5253/6001
f 5775/6585 5777/6587 5776/6588 5774/6586
f 5774/6586 5776/6588 5257/6005 5255/6003
f 5777/6587 5267/6012 5264/6009 5776/6588
f 5776/6588 5264/6009 5259/6007 5257/6005
f 5780/6589 5778/6590 5777/6587 5775/6585
f 5778/6590 5270/6015 5267/6012 5777/6587
f 5781/6591 5779/6592 5778/6590 5780/6589
f 5779/6592 5273/6018 5270/6015 5778/6590
f 5782/6593 5780/6589 5775/6585 5773/6583
f 5783/6594 5781/6591 5780/6589 5782/6593
f 5767/6578 5782/6593 5773/6583 5769/6580
f 5765/6576 5783/6594 5782/6593 5767/6578
f 5763/6574 5784/6595 5783/6594 5765/6576
f 5784/6595 5786/6596 5781/6591 5783/6594
f 5785/6597 5787/6598 5786/6596 5784/6595
f 5761/6571 5785/6597 5784/6595 5763/6574
f 5787/6598 5789/6599 5788/6600 5786/6596
f 5786/6596 5788/6600 5779/6592 5781/6591
f 5789/6599 5279/6024 5276/6021 5788/6600
f 5788/6600 5276/6021 5273/6018 5779/6592
f 5791/6601 5790/6602 5789/6599 5787/6598
f 5790/6602 5283/6027 5279/6024 5789/6599
f 5794/6603 5792/6604 5790/6602 5791/6601
f 5792/6604 5285/6032 5283/6027 5790/6602
f 5795/6605 5793/6606 5792/6604 5794/6603
f 5793/6606 5288/6033 5285/6032 5792/6604
f 5797/6607 5795/6605 5794/6603 5796/6608
f 5796/6608 5794/6603 5791/6601 5798/6609
f 5755/6566 5797/6607 5796/6608 5757/6568
f 5757/6568 5796/6608 5798/6609 5759/6570
f 5798/6609 5791/6601 5787/6598 5785/6597
f 5759/6570 5798/6609 5785/6597 5761/6571
f 5753/6564 5799/6610 5797/6607 5755/6566
f 5799/6610 5800/6611 5795/6605 5797/6607
f 5801/6612 5803/6613 5800/6611 5799/6610
f 5751/6562 5801/6612 5799/6610 5753/6564
f 5749/6560 5802/6614 5801/6612 5751/6562
f 5802/6614 5804/6615 5803/6613 5801/6612
f 5803/6613 5805/6616 5806/6617 5800/6611
f 5804/6615 5807/6618 5805/6616 5803/6613
f 5805/6616 5294/6039 5291/6036 5806/6617
f 5807/6618 5297/6042 5294/6039 5805/6616
f 5809/6619 5808/6620 5807/6618 5804/6615
f 5808/6620 5300/6045 5297/6042 5807/6618
f 5812/6621 5810/6622 5808/6620 5809/6619
f 5810/6622 5303/6048 5300/6045 5808/6620
f 5813/6623 5811/6624 5810/6622 5812/6621
f 5811/6624 5306/6051 5303/6048 5810/6622
f 5814/6625 5812/6621 5809/6619 5815/6626
f 5816/6627 5813/6623 5812/6621 5814/6625
f 5745/6556 5814/6625 5815/6626 5747/6558
f 5743/6554 5816/6627 5814/6625 5745/6556
f 5741/6552 5817/6628 5816/6627 5743/6554
f 5817/6628 5818/6629 5813/6623 5816/6627
f 5819/6630 5821/6631 5818/6629 5817/6628
f 5739/6550 5819/6630 5817/6628 5741/6552
f 5737/6548 5820/6632 5819/6630 5739/6550
f 5820/6632 5822/6633 5821/6631 5819/6630
f 5821/6631 5823/6634 5824/6635 5818/6629
f 5822/6633 5825/6636 5823/6634 5821/6631
f 5823/6634 5312/6057 5309/6054 5824/6635
f 5825/6636 5315/6060 5312/6057 5823/6634
f 5828/6637 5826/6638 5825/6636 5822/6633
f 5826/6638 5318/6063 5315/6060 5825/6636
f 5827/6639 5321/6066 5318/6063 5826/6638
f 5829/6640 5827/6639 5826/6638 5828/6637
f 5831/6641 5829/6640 5828/6637 5830/6642
f 5830/6642 5828/6637 5822/6633 5820/6632
f 5733/6543 5831/6641 5830/6642 5735/6546
f 5735/6546 5830/6642 5820/6632 5737/6548
f 5832/6643 5833/6644 5829/6640 5831/6641
f 5731/6542 5832/6643 5831/6641 5733/6543
f 5834/6645 5836/6646 5833/6644 5832/6643
f 5729/6540 5834/6645 5832/6643 5731/6542
f 5727/6538 5835/6647 5834/6645 5729/6540
f 5835/6647 5837/6648 5836/6646 5834/6645
f 5837/6648 5839/6649 5838/6650 5836/6646
f 5836/6646 5838/6650 5840/6651 5833/6644
f 5839/6649 5330/6075 5327/6074 5838/6650
f 5838/6650 5327/6074 5325/6069 5840/6651
f 5840/6651 5325/6069 5321/6066 5827/6639
f 5833/6644 5840/6651 5827/6639 5829/6640
f 5842/6652 5841/6653 5839/6649 5837/6648
f 5841/6653 5333/6078 5330/6075 5839/6649
f 5845/6654 5843/6655 5841/6653 5842/6652
f 5843/6655 5336/6081 5333/6078 5841/6653
f 5846/6656 5844/6657 5843/6655 5845/6654
f 5844/6657 5339/6084 5336/6081 5843/6655
f 5847/6658 5845/6654 5842/6652 5848/6659
f 5849/6660 5846/6656 5845/6654 5847/6658
f 5723/6534 5847/6658 5848/6659 5725/6536
f 5721/6532 5849/6660 5847/6658 5723/6534
f 5717/6528 5715/6526 5849/6660 5721/6532
f 5715/6526 5713/6524 5846/6656 5849/6660
f 5848/6659 5842/6652 5837/6648 5835/6647
f 5725/6536 5848/6659 5835/6647 5727/6538
f 5713/6524 5711/6523 5844/6657 5846/6656
f 5711/6523 5342/6087 5339/6084 5844/6657
f 5818/6629 5824/6635 5811/6624 5813/6623
f 5824/6635 5309/6054 5306/6051 5811/6624
f 5815/6626 5809/6619 5804/6615 5802/6614
f 5747/6558 5815/6626 5802/6614 5749/6560
f 5800/6611 5806/6617 5793/6606 5795/6605
f 5806/6617 5291/6036 5288/6033 5793/6606
f 5243/5931 5182/5920 5179/5917 5239/5986
f 5239/5986 5179/5917 5176/5914 5236/5983
f 5236/5983 5176/5914 5173/5911 5233/5980
f 5233/5980 5173/5911 5170/5908 5230/5977
f 5230/5977 5170/5908 5167/5905 5227/5974
f 5227/5974 5167/5905 5164/5902 5224/5971
f 5224/5971 5164/5902 5161/5899 5221/5968
f 5221/5968 5161/5899 5158/5897 5215/5960
f 5206/5950 5209/5881 5151/5884 5850/6661
f 5203/5947 5206/5950 5850/6661 5851/6662
f 5851/6662 5850/6661 5852/6663 5853/6664
f 5850/6661 5151/5884 5154/5887 5852/6663
f 5853/6665 5852/6666 5163/5901 5166/5904
f 5852/6666 5154/5888 5160/5891 5163/5901
f 5854/6667 5853/6665 5166/5904 5169/5907
f 5855/6668 5851/6662 5853/6664 5854/6669
f 5856/6670 5854/6667 5169/5907 5172/5910
f 5857/6671 5855/6668 5854/6669 5856/6672
f 5858/6673 5856/6670 5172/5910 5175/5913
f 5859/6674 5857/6671 5856/6672 5858/6675
f 5860/6676 5858/6673 5175/5913 5178/5916
f 5861/6677 5859/6674 5858/6675 5860/6678
f 5184/5922 5860/6676 5178/5916 5181/5919
f 5862/5925 5861/6677 5860/6678 5184/5926
f 5191/5935 5194/5938 5859/6674 5861/6677
f 5185/5924 5191/5935 5861/6677 5862/5925
f 5194/5938 5197/5941 5857/6671 5859/6674
f 5197/5941 5200/5944 5855/6668 5857/6671
f 5200/5944 5203/5947 5851/6662 5855/6668
f 5863/6679 5864/6680 5887/6681 5865/6682
f 5863/6679 5866/6683 5880/6684 5864/6680
f 5863/6679 5865/6682 5869/6685 5867/6686
f 5863/6679 5867/6686 5870/6687 5866/6683
f 7013/6688 5868/6689 5867/6686 5869/6685
f 5870/6687 5867/6686 5868/6689 5871/6690
f 5872/6691 5870/6687 5871/6690 5874/6692
f 5875/6693 5866/6683 5870/6687 5872/6691
f 5876/6694 5875/6693 5872/6691 5873/6695
f 5873/6695 5872/6691 5874/6692 7014/6696
f 5878/6697 5877/6698 5875/6693 5876/6694
f 5877/6698 5880/6684 5866/6683 5875/6693
f 5877/6698 5878/6697 7154/6699 5879/6700
f 5879/6700 5881/6701 5880/6684 5877/6698
f 5864/6680 5880/6684 5881/6701 5883/6702
f 5882/6703 5881/6701 5879/6700 7156/6704
f 5884/6705 5883/6702 5881/6701 5882/6703
f 5884/6705 5886/6706 5885/6707 5883/6702
f 5864/6680 5883/6702 5885/6707 5887/6681
f 5886/6706 5890/6708 5888/6709 5885/6707
f 5888/6709 5891/6710 5887/6681 5885/6707
f 7368/6711 5889/6712 5888/6709 5890/6708
f 5891/6710 5888/6709 5889/6712 5892/6713
f 5892/6713 5894/6714 5893/6715 5891/6710
f 5891/6710 5893/6715 5865/6682 5887/6681
f 5894/6714 5897/6716 5895/6717 5893/6715
f 5893/6715 5895/6717 5869/6685 5865/6682
f 5898/6718 5896/6719 5895/6717 5897/6716
f 5896/6719 7013/6688 5869/6685 5895/6717
f 5900/6720 5898/6718 5897/6716 5899/6721
f 5894/6714 5902/6722 5899/6721 5897/6716
f 6340/6723 5900/6720 5899/6721 5901/6724
f 5902/6722 5904/6725 5901/6724 5899/6721
f 5894/6714 5892/6713 5903/6726 5902/6722
f 5902/6722 5903/6726 5906/6727 5904/6725
f 5904/6725 5906/6727 5907/6728 5905/6729
f 5904/6725 5905/6729 6338/6730 5901/6724
f 5906/6727 5908/6731 5910/6732 5907/6728
f 5903/6726 5909/6733 5908/6731 5906/6727
f 5913/6734 5911/6735 5908/6731 5909/6733
f 5911/6735 5912/6736 5910/6732 5908/6731
f 5911/6735 5914/6737 5915/6738 5912/6736
f 5913/6734 5916/6739 5914/6737 5911/6735
f 5914/6737 5917/6740 5919/6741 5915/6738
f 5916/6739 5918/6742 5917/6740 5914/6737
f 5922/6743 5920/6744 5917/6740 5918/6742
f 5920/6744 5921/6745 5919/6741 5917/6740
f 5920/6744 5923/6746 5924/6747 5921/6745
f 5922/6743 5925/6748 5923/6746 5920/6744
f 5923/6746 5926/6749 5927/6750 5924/6747
f 5925/6748 5928/6751 5926/6749 5923/6746
f 5926/6749 5929/6752 5930/6753 5927/6750
f 5928/6751 5931/6754 5929/6752 5926/6749
f 5932/6755 5933/6756 5930/6753 5929/6752
f 5934/6757 5932/6755 5929/6752 5931/6754
f 5935/6758 5936/6759 5933/6756 5932/6755
f 5937/6760 5935/6758 5932/6755 5934/6757
f 5938/6761 5939/6762 5936/6759 5935/6758
f 5940/6763 5938/6761 5935/6758 5937/6760
f 5938/6761 5941/6764 5943/6765 5939/6762
f 5940/6763 5942/6766 5941/6764 5938/6761
f 5946/6767 5944/6768 5941/6764 5942/6766
f 5944/6768 5945/6769 5943/6765 5941/6764
f 5947/6770 5948/6771 5945/6769 5944/6768
f 5949/6772 5947/6770 5944/6768 5946/6767
f 5947/6770 5950/6773 5952/6774 5948/6771
f 5949/6772 5951/6775 5950/6773 5947/6770
f 5955/6776 5953/6777 5950/6773 5951/6775
f 5953/6777 5954/6778 5952/6774 5950/6773
f 5956/6779 5957/6780 5954/6778 5953/6777
f 5958/6781 5956/6779 5953/6777 5955/6776
f 5956/6779 5959/6782 5962/6783 5957/6780
f 5958/6781 5961/6784 5959/6782 5956/6779
f 5959/6782 5961/6784 7365/6785 5960/6786
f 5962/6783 5959/6782 5960/6786 5964/6787
f 6382/6788 5957/6780 5962/6783 5963/6789
f 5963/6789 5962/6783 5964/6787 5965/6790
f 5965/6790 5964/6787 5966/6791 5967/6792
f 5964/6787 5960/6786 5968/6793 5966/6791
f 5967/6792 5966/6791 5969/6794 5971/6795
f 5966/6791 5968/6793 5972/6796 5969/6794
f 5969/6797 5972/6798 5973/6799 5970/6800
f 5971/6801 5969/6797 5970/6800 6392/6802
f 5968/6793 5975/6803 5974/6804 5972/6796
f 5972/6798 5974/6805 5976/6806 5973/6799
f 5975/6803 5979/6807 5977/6808 5974/6804
f 5974/6805 5977/6809 5978/6810 5976/6806
f 5977/6809 5980/6811 5982/6812 5978/6810
f 5979/6807 5981/6813 5980/6814 5977/6808
f 5981/6813 5984/6815 5983/6816 5980/6814
f 5980/6811 5983/6817 5985/6818 5982/6812
f 5984/6815 5987/6819 5986/6820 5983/6816
f 5983/6817 5986/6821 5988/6822 5985/6818
f 5987/6819 5991/6823 5989/6824 5986/6820
f 5986/6821 5989/6825 5990/6826 5988/6822
f 5989/6825 5992/6827 5993/6828 5990/6826
f 5991/6823 5994/6829 5992/6830 5989/6824
f 5992/6827 5995/6831 5997/6832 5993/6828
f 5994/6829 5996/6833 5995/6834 5992/6830
f 5996/6833 5999/6835 5998/6836 5995/6834
f 5995/6831 5998/6837 6000/6838 5997/6832
f 5999/6835 6003/6839 6001/6840 5998/6836
f 5998/6837 6001/6841 6002/6842 6000/6838
f 6001/6841 6004/6843 6006/6844 6002/6842
f 6003/6839 6005/6845 6004/6846 6001/6840
f 6005/6845 6008/6847 6007/6848 6004/6846
f 6004/6843 6007/6849 6009/6850 6006/6844
f 6008/6847 6011/6851 6010/6852 6007/6848
f 6007/6849 6010/6853 6012/6854 6009/6850
f 6011/6851 6015/6855 6013/6856 6010/6852
f 6010/6853 6013/6857 6014/6858 6012/6854
f 6013/6857 6016/6859 6017/6860 6014/6858
f 6015/6855 6018/6861 6016/6862 6013/6856
f 6016/6859 6019/6863 6020/6864 6017/6860
f 6018/6861 6021/6865 6019/6866 6016/6862
f 6019/6863 6022/6867 6023/6868 6020/6864
f 6021/6865 6024/6869 6022/6870 6019/6866
f 6022/6867 6025/6871 6027/6872 6023/6868
f 6024/6869 6026/6873 6025/6874 6022/6870
f 6026/6873 6029/6875 6028/6876 6025/6874
f 6025/6871 6028/6877 6030/6878 6027/6872
f 6029/6875 6033/6879 6031/6880 6028/6876
f 6028/6877 6031/6881 6032/6882 6030/6878
f 6031/6881 6034/6883 6036/6884 6032/6882
f 6033/6879 6035/6885 6034/6886 6031/6880
f 6035/6885 6038/6887 6037/6888 6034/6886
f 6034/6883 6037/6889 6039/6890 6036/6884
f 6038/6887 6042/6891 6040/6892 6037/6888
f 6037/6889 6040/6893 6041/6894 6039/6890
f 6040/6893 6043/6895 6045/6896 6041/6894
f 6042/6891 6044/6897 6043/6898 6040/6892
f 6044/6897 6047/6899 6046/6900 6043/6898
f 6043/6895 6046/6901 6048/6902 6045/6896
f 6047/6899 6050/6903 6049/6904 6046/6900
f 6046/6901 6049/6905 6051/6906 6048/6902
f 6050/6903 6054/6907 6052/6908 6049/6904
f 6049/6905 6052/6909 6053/6910 6051/6906
f 6052/6909 6055/6911 6057/6912 6053/6910
f 6054/6907 6056/6913 6055/6914 6052/6908
f 6056/6913 6060/6915 6058/6916 6055/6914
f 6055/6911 6058/6917 6059/6918 6057/6912
f 6058/6917 6061/6919 6062/6920 6059/6918
f 6060/6915 6063/6921 6061/6922 6058/6916
f 6061/6919 6064/6923 6066/6924 6062/6920
f 6063/6921 6065/6925 6064/6926 6061/6922
f 6065/6925 6069/6927 6067/6928 6064/6926
f 6064/6923 6067/6929 6068/6930 6066/6924
f 6067/6929 6070/6931 6071/6932 6068/6930
f 6069/6927 6072/6933 6070/6934 6067/6928
f 6070/6931 6073/6935 6075/6936 6071/6932
f 6072/6933 6074/6937 6073/6938 6070/6934
f 6074/6937 6078/6939 6076/6940 6073/6938
f 6073/6935 6076/6941 6077/6942 6075/6936
f 6076/6941 6079/6943 6080/6944 6077/6942
f 6078/6939 6081/6945 6079/6946 6076/6940
f 6079/6943 6082/6947 6084/6948 6080/6944
f 6081/6945 6083/6949 6082/6950 6079/6946
f 6083/6949 6086/6951 6085/6952 6082/6950
f 6082/6947 6085/6953 6087/6954 6084/6948
f 6086/6951 6089/6955 6088/6956 6085/6952
f 6085/6953 6088/6957 6090/6958 6087/6954
f 6089/6955 6092/6959 6091/6960 6088/6956
f 6088/6957 6091/6961 6093/6962 6090/6958
f 6092/6959 6096/6963 6094/6964 6091/6960
f 6091/6961 6094/6965 6095/6966 6093/6962
f 6094/6965 6097/6967 6098/6968 6095/6966
f 6096/6963 6099/6969 6097/6970 6094/6964
f 6097/6967 6100/6971 6101/6972 6098/6968
f 6099/6969 6102/6973 6100/6974 6097/6970
f 6100/6971 6103/6975 6105/6976 6101/6972
f 6102/6973 6104/6977 6103/6978 6100/6974
f 6104/6977 6107/6979 6106/6980 6103/6978
f 6103/6975 6106/6981 6108/6982 6105/6976
f 6107/6979 6111/6983 6109/6984 6106/6980
f 6106/6981 6109/6985 6110/6986 6108/6982
f 6109/6985 6112/6987 6114/6988 6110/6986
f 6111/6983 6113/6989 6112/6990 6109/6984
f 6113/6989 6116/6991 6115/6992 6112/6990
f 6112/6987 6115/6993 6117/6994 6114/6988
f 6116/6991 6120/6995 6118/6996 6115/6992
f 6115/6993 6118/6997 6119/6998 6117/6994
f 6118/6997 6121/6999 6122/7000 6119/6998
f 6120/6995 6123/7001 6121/7002 6118/6996
f 6121/6999 6124/7003 6125/7004 6122/7000
f 6123/7001 6126/7005 6124/7006 6121/7002
f 6124/7003 6127/7007 6129/7008 6125/7004
f 6126/7005 6128/7009 6127/7010 6124/7006
f 6128/7009 6131/7011 6130/7012 6127/7010
f 6127/7007 6130/7013 6132/7014 6129/7008
f 6131/7011 6135/7015 6133/7016 6130/7012
f 6130/7013 6133/7017 6134/7018 6132/7014
f 6133/7017 6136/7019 6138/7020 6134/7018
f 6135/7015 6137/7021 6136/7022 6133/7016
f 6137/7021 6140/7023 6139/7024 6136/7022
f 6136/7019 6139/7025 6141/7026 6138/7020
f 6140/7023 6143/7027 6142/7028 6139/7024
f 6139/7025 6142/7029 6144/7030 6141/7026
f 6143/7027 6147/7031 6145/7032 6142/7028
f 6142/7029 6145/7033 6146/7034 6144/7030
f 6145/7033 6148/7035 6149/7036 6146/7034
f 6147/7031 6150/7037 6148/7038 6145/7032
f 6148/7035 6151/7039 6152/7040 6149/7036
f 6150/7037 6153/7041 6151/7042 6148/7038
f 6151/7039 6154/7043 6155/7044 6152/7040
f 6153/7041 6156/7045 6154/7046 6151/7042
f 6154/7043 6157/7047 6159/7048 6155/7044
f 6156/7045 6158/7049 6157/7050 6154/7046
f 6158/7049 6161/7051 6160/7052 6157/7050
f 6157/7047 6160/7053 6162/7054 6159/7048
f 6161/7051 6165/7055 6163/7056 6160/7052
f 6160/7053 6163/7057 6164/7058 6162/7054
f 6163/7057 6166/7059 6168/7060 6164/7058
f 6165/7055 6167/7061 6166/7062 6163/7056
f 6167/7061 6170/7063 6169/7064 6166/7062
f 6166/7059 6169/7065 6171/7066 6168/7060
f 6170/7063 6174/7067 6172/7068 6169/7064
f 6169/7065 6172/7069 6173/7070 6171/7066
f 6172/7069 6175/7071 6177/7072 6173/7070
f 6174/7067 6176/7073 6175/7074 6172/7068
f 6176/7073 6179/7075 6178/7076 6175/7074
f 6175/7071 6178/7077 6180/7078 6177/7072
f 6179/7075 6183/7079 6181/7080 6178/7076
f 6178/7077 6181/7081 6182/7082 6180/7078
f 6181/7081 6184/7083 6186/7084 6182/7082
f 6183/7079 6185/7085 6184/7086 6181/7080
f 6185/7085 6189/7087 6187/7088 6184/7086
f 6184/7083 6187/7089 6188/7090 6186/7084
f 6187/7089 6190/7091 6191/7092 6188/7090
f 6189/7087 6192/7093 6190/7094 6187/7088
f 6190/7091 6193/7095 6194/7096 6191/7092
f 6192/7093 6195/7097 6193/7098 6190/7094
f 6193/7095 6196/7099 6198/7100 6194/7096
f 6195/7097 6197/7101 6196/7102 6193/7098
f 6197/7101 6201/7103 6199/7104 6196/7102
f 6196/7099 6199/7105 6200/7106 6198/7100
f 6199/7105 6202/7107 6203/7108 6200/7106
f 6201/7103 6204/7109 6202/7110 6199/7104
f 6202/7107 6205/7111 6207/7112 6203/7108
f 6204/7109 6206/7113 6205/7114 6202/7110
f 6206/7113 6210/7115 6208/7116 6205/7114
f 6205/7111 6208/7117 6209/7118 6207/7112
f 6208/7117 6211/7119 6212/7120 6209/7118
f 6210/7115 6213/7121 6211/7122 6208/7116
f 6211/7119 6214/7123 6216/7124 6212/7120
f 6213/7121 6215/7125 6214/7126 6211/7122
f 6215/7125 6218/7127 6217/7128 6214/7126
f 6214/7123 6217/7129 6219/7130 6216/7124
f 6218/7127 6221/7131 6220/7132 6217/7128
f 6217/7129 6220/7133 6222/7134 6219/7130
f 6221/7131 6224/7135 6223/7136 6220/7132
f 6220/7133 6223/7137 6225/7138 6222/7134
f 6224/7135 6228/7139 6226/7140 6223/7136
f 6223/7137 6226/7141 6227/7142 6225/7138
f 6226/7141 5971/6801 6392/6802 6227/7142
f 6228/7139 5967/6792 5971/6795 6226/7140
f 6229/7143 5965/6790 5967/6792 6228/7139
f 6231/7144 6229/7143 6228/7139 6224/7135
f 6230/7145 5963/6789 5965/6790 6229/7143
f 6232/7146 6230/7145 6229/7143 6231/7144
f 6234/7147 6232/7146 6231/7144 6233/7148
f 6233/7148 6231/7144 6224/7135 6221/7131
f 6236/7149 6234/7147 6233/7148 6235/7150
f 6235/7150 6233/7148 6221/7131 6218/7127
f 6238/7151 6236/7149 6235/7150 6237/7152
f 6237/7152 6235/7150 6218/7127 6215/7125
f 6240/7153 6238/7151 6237/7152 6239/7154
f 6239/7154 6237/7152 6215/7125 6213/7121
f 6242/7155 6240/7153 6239/7154 6241/7156
f 6241/7156 6239/7154 6213/7121 6210/7115
f 6244/7157 6242/7155 6241/7156 6243/7158
f 6243/7158 6241/7156 6210/7115 6206/7113
f 6246/7159 6244/7157 6243/7158 6245/7160
f 6245/7160 6243/7158 6206/7113 6204/7109
f 6248/7161 6246/7159 6245/7160 6247/7162
f 6247/7162 6245/7160 6204/7109 6201/7103
f 6250/7163 6248/7161 6247/7162 6249/7164
f 6249/7164 6247/7162 6201/7103 6197/7101
f 6252/7165 6250/7163 6249/7164 6251/7166
f 6251/7166 6249/7164 6197/7101 6195/7097
f 6254/7167 6252/7165 6251/7166 6253/7168
f 6253/7168 6251/7166 6195/7097 6192/7093
f 6256/7169 6254/7167 6253/7168 6255/7170
f 6255/7170 6253/7168 6192/7093 6189/7087
f 6259/7171 6256/7169 6255/7170 6257/7172
f 6257/7172 6255/7170 6189/7087 6185/7085
f 6185/7085 6183/7079 6258/7173 6257/7172
f 6257/7172 6258/7173 6260/7174 6259/7171
f 6263/7175 6261/7176 6259/7171 6260/7174
f 6264/7177 6256/7169 6259/7171 6261/7176
f 6283/7178 6262/7179 6261/7176 6263/7175
f 6266/7180 6264/7177 6261/7176 6262/7179
f 6267/7181 6265/7182 6264/7177 6266/7180
f 6265/7182 6254/7167 6256/7169 6264/7177
f 6266/7180 6268/7183 6270/7184 6267/7181
f 6262/7179 6269/7185 6268/7183 6266/7180
f 6271/7186 6268/7183 6269/7185 6273/7187
f 6272/7188 6270/7184 6268/7183 6271/7186
f 6275/7189 6272/7188 6271/7186 6274/7190
f 6274/7190 6271/7186 6273/7187 6276/7191
f 6274/7190 5933/6756 5936/6759 6275/7189
f 6276/7191 5930/6753 5933/6756 6274/7190
f 6276/7191 6277/7192 5927/6750 5930/6753
f 6277/7192 6276/7191 6273/7187 6279/7193
f 6277/7192 6278/7194 5924/6747 5927/6750
f 6278/7194 6277/7192 6279/7193 6280/7195
f 6280/7195 6279/7193 6281/7196 6282/7197
f 6279/7193 6273/7187 6269/7185 6281/7196
f 6262/7179 6283/7178 6281/7196 6269/7185
f 6283/7178 6284/7198 6282/7197 6281/7196
f 6284/7198 6283/7178 6263/7175 6285/7199
f 6284/7198 6286/7200 6287/7201 6282/7197
f 6286/7200 6284/7198 6285/7199 6289/7202
f 6287/7201 6286/7200 6288/7203 6352/7204
f 6286/7200 6289/7202 6290/7205 6288/7203
f 6289/7202 6291/7206 6293/7207 6290/7205
f 6289/7202 6285/7199 6294/7208 6291/7206
f 6292/7209 6296/7210 6293/7207 6291/7206
f 6295/7211 6292/7209 6291/7206 6294/7208
f 6258/7173 6295/7211 6294/7208 6260/7174
f 6285/7199 6263/7175 6260/7174 6294/7208
f 6183/7079 6179/7075 6295/7211 6258/7173
f 6179/7075 6176/7073 6292/7209 6295/7211
f 6296/7210 6298/7212 6297/7213 6293/7207
f 6300/7214 6290/7205 6293/7207 6297/7213
f 6298/7212 6319/7215 6299/7216 6297/7213
f 6302/7217 6300/7214 6297/7213 6299/7216
f 6301/7218 6288/7203 6290/7205 6300/7214
f 6304/7219 6301/7218 6300/7214 6302/7217
f 6304/7219 6302/7217 6303/7220 6306/7221
f 6302/7217 6299/7216 6317/7222 6303/7220
f 6301/7218 6304/7219 6305/7223 6348/7224
f 6305/7223 6304/7219 6306/7221 6307/7225
f 6306/7221 6308/7226 6309/7227 6307/7225
f 6308/7226 6306/7221 6303/7220 6312/7228
f 6308/7226 6310/7229 6331/7230 6309/7227
f 6310/7229 6308/7226 6311/7231 6326/7232
f 6308/7226 6312/7228 6313/7233 6311/7231
f 6313/7233 6312/7228 6314/7234 6316/7235
f 6312/7228 6303/7220 6317/7222 6314/7234
f 6315/7236 6320/7237 6316/7235 6314/7234
f 6318/7238 6315/7236 6314/7234 6317/7222
f 6319/7215 6318/7238 6317/7222 6299/7216
f 6167/7061 6165/7055 6318/7238 6319/7215
f 6165/7055 6161/7051 6315/7236 6318/7238
f 6170/7063 6167/7061 6319/7215 6298/7212
f 6320/7237 6322/7239 6321/7240 6316/7235
f 6313/7233 6316/7235 6321/7240 6311/7231
f 6322/7239 6324/7241 6323/7242 6321/7240
f 6311/7231 6321/7240 6323/7242 6326/7232
f 6324/7241 6327/7243 6325/7244 6323/7242
f 6310/7229 6326/7232 6323/7242 6325/7244
f 6327/7243 6329/7245 6328/7246 6325/7244
f 6310/7229 6325/7244 6328/7246 6331/7230
f 6329/7245 6341/7247 6330/7248 6328/7246
f 6332/7249 6331/7230 6328/7246 6330/7248
f 6332/7249 6333/7250 6309/7227 6331/7230
f 6334/7251 6335/7252 6333/7250 6332/7249
f 6334/7251 6332/7249 6330/7248 6336/7253
f 6335/7252 6334/7251 5905/6729 5907/6728
f 6334/7251 6336/7253 6338/6730 5905/6729
f 6337/7254 6339/7255 6338/6730 6336/7253
f 6341/7247 6337/7254 6336/7253 6330/7248
f 6339/7255 6340/6723 5901/6724 6338/6730
f 6140/7023 6137/7021 6339/7255 6337/7254
f 6137/7021 6135/7015 6340/6723 6339/7255
f 6135/7015 6131/7011 5900/6720 6340/6723
f 6143/7027 6140/7023 6337/7254 6341/7247
f 6147/7031 6143/7027 6341/7247 6329/7245
f 6342/7256 6335/7252 5907/6728 5910/6732
f 6335/7252 6342/7256 6344/7257 6333/7250
f 5912/6736 6343/7258 6342/7256 5910/6732
f 6343/7258 6345/7259 6344/7257 6342/7256
f 6345/7259 6305/7223 6307/7225 6344/7257
f 6333/7250 6344/7257 6307/7225 6309/7227
f 6343/7258 6347/7260 6346/7261 6345/7259
f 6345/7259 6346/7261 6348/7224 6305/7223
f 6347/7260 6351/7262 6349/7263 6346/7261
f 6346/7261 6349/7263 6352/7204 6348/7224
f 6353/7264 6350/7265 6349/7263 6351/7262
f 6350/7265 6287/7201 6352/7204 6349/7263
f 6288/7203 6301/7218 6348/7224 6352/7204
f 5921/6745 6353/7264 6351/7262 5919/6741
f 6351/7262 6347/7260 5915/6738 5919/6741
f 6278/7194 6353/7264 5921/6745 5924/6747
f 6353/7264 6278/7194 6280/7195 6350/7265
f 6350/7265 6280/7195 6282/7197 6287/7201
f 6347/7260 6343/7258 5912/6736 5915/6738
f 6150/7037 6147/7031 6329/7245 6327/7243
f 6153/7041 6150/7037 6327/7243 6324/7241
f 6156/7045 6153/7041 6324/7241 6322/7239
f 6158/7049 6156/7045 6322/7239 6320/7237
f 6161/7051 6158/7049 6320/7237 6315/7236
f 6174/7067 6170/7063 6298/7212 6296/7210
f 6176/7073 6174/7067 6296/7210 6292/7209
f 6275/7189 5936/6759 5939/6762 6354/7266
f 6354/7266 6356/7267 6272/7188 6275/7189
f 5939/6762 5943/6765 6355/7268 6354/7266
f 6354/7266 6355/7268 6357/7269 6356/7267
f 6356/7267 6357/7269 6359/7270 6358/7271
f 6356/7267 6358/7271 6270/7184 6272/7188
f 6358/7271 6359/7270 6361/7272 6360/7273
f 6267/7181 6270/7184 6358/7271 6360/7273
f 6360/7273 6361/7272 6363/7274 6362/7275
f 6360/7273 6362/7275 6265/7182 6267/7181
f 6362/7275 6363/7274 6250/7163 6252/7165
f 6362/7275 6252/7165 6254/7167 6265/7182
f 6365/7276 6364/7277 6363/7274 6361/7272
f 6364/7277 6248/7161 6250/7163 6363/7274
f 6368/7278 6366/7279 6364/7277 6365/7276
f 6366/7279 6246/7159 6248/7161 6364/7277
f 6368/7278 6370/7280 6367/7281 6366/7279
f 6366/7279 6367/7281 6244/7157 6246/7159
f 6365/7276 6390/7282 6369/7283 6368/7278
f 6369/7283 6371/7284 6370/7280 6368/7278
f 6370/7280 6371/7284 6373/7285 6372/7286
f 6372/7286 6376/7287 6367/7281 6370/7280
f 6372/7286 6373/7285 6379/7288 6374/7289
f 6374/7289 6378/7290 6375/7291 6372/7286
f 6372/7286 6375/7291 6377/7292 6376/7287
f 6377/7292 6240/7153 6242/7155 6376/7287
f 6376/7287 6242/7155 6244/7157 6367/7281
f 6377/7292 6375/7291 6238/7151 6240/7153
f 6375/7291 6378/7290 6236/7149 6238/7151
f 6374/7289 6234/7147 6236/7149 6378/7290
f 6374/7289 6379/7288 6232/7146 6234/7147
f 6380/7293 6379/7288 6373/7285 6381/7294
f 6380/7293 6230/7145 6232/7146 6379/7288
f 6382/6788 6380/7293 6381/7294 6383/7295
f 6382/6788 5963/6789 6230/7145 6380/7293
f 6383/7295 5954/6778 5957/6780 6382/6788
f 6384/7296 5952/6774 5954/6778 6383/7295
f 6383/7295 6381/7294 6386/7297 6384/7296
f 5948/6771 5952/6774 6384/7296 6385/7298
f 6385/7298 6384/7296 6386/7297 6387/7299
f 6387/7299 6386/7297 6371/7284 6369/7283
f 6381/7294 6373/7285 6371/7284 6386/7297
f 6385/7298 6387/7299 6388/7300 6389/7301
f 6387/7299 6369/7283 6390/7282 6388/7300
f 6389/7301 6388/7300 6357/7269 6355/7268
f 6388/7300 6390/7282 6359/7270 6357/7269
f 6361/7272 6359/7270 6390/7282 6365/7276
f 6389/7301 5945/6769 5948/6771 6385/7298
f 6355/7268 5943/6765 5945/6769 6389/7301
f 6227/7142 6392/6802 6393/7302 6391/7303
f 6225/7138 6227/7142 6391/7303 6407/7304
f 6392/6802 5970/6800 6394/7305 6393/7302
f 6393/7302 6394/7305 6396/7306 6395/7307
f 6391/7303 6393/7302 6395/7307 6397/7308
f 6398/7309 6395/7307 6396/7306 6399/7310
f 6398/7309 6401/7311 6397/7308 6395/7307
f 6400/7312 6398/7309 6399/7310 6437/7313
f 6398/7309 6400/7312 6402/7314 6401/7311
f 6401/7311 6402/7314 6405/7315 6403/7316
f 6401/7311 6403/7316 6406/7317 6397/7308
f 6404/7318 6408/7319 6406/7317 6403/7316
f 6415/7320 6404/7318 6403/7316 6405/7315
f 6409/7321 6407/7304 6406/7317 6408/7319
f 6407/7304 6391/7303 6397/7308 6406/7317
f 6411/7322 6409/7321 6408/7319 6410/7323
f 6404/7318 6413/7324 6410/7323 6408/7319
f 7012/7325 6411/7322 6410/7323 6412/7326
f 6414/7327 6412/7326 6410/7323 6413/7324
f 6404/7318 6415/7320 6414/7327 6413/7324
f 6415/7320 6417/7328 6416/7329 6414/7327
f 6416/7329 6418/7330 6412/7326 6414/7327
f 6416/7329 6417/7328 6420/7331 6418/7330
f 6419/7332 7012/7325 6412/7326 6418/7330
f 6421/7333 6419/7332 6418/7330 6420/7331
f 6423/7334 6421/7333 6420/7331 6422/7335
f 6417/7328 6425/7336 6422/7335 6420/7331
f 7000/7337 6423/7334 6422/7335 6424/7338
f 6426/7339 6424/7338 6422/7335 6425/7336
f 6428/7340 6426/7339 6425/7336 6427/7341
f 6415/7320 6427/7341 6425/7336 6417/7328
f 6430/7342 6428/7340 6427/7341 6429/7343
f 6427/7341 6415/7320 6405/7315 6429/7343
f 6432/7344 6430/7342 6429/7343 6431/7345
f 6402/7314 6431/7345 6429/7343 6405/7315
f 6434/7346 6432/7344 6431/7345 6433/7347
f 6400/7312 6433/7347 6431/7345 6402/7314
f 6436/7348 6434/7346 6433/7347 6435/7349
f 6433/7347 6400/7312 6437/7313 6435/7349
f 6440/7350 6436/7348 6435/7349 6438/7351
f 6441/7352 6438/7351 6435/7349 6437/7313
f 6834/7353 6440/7350 6438/7351 6439/7354
f 6442/7355 6439/7354 6438/7351 6441/7352
f 6443/7356 6441/7352 6437/7313 6399/7310
f 6444/7357 6442/7355 6441/7352 6443/7356
f 6443/7356 6399/7310 6396/7306 6445/7358
f 6444/7357 6443/7356 6445/7358 6447/7359
f 6446/7360 6448/7361 6447/7359 6445/7358
f 6394/7305 6446/7360 6445/7358 6396/7306
f 6448/7361 6450/7362 6449/7363 6447/7359
f 6452/7364 6444/7357 6447/7359 6449/7363
f 6450/7362 6756/7365 6451/7366 6449/7363
f 6452/7364 6449/7363 6451/7366 6453/7367
f 6454/7368 6452/7364 6453/7367 6455/7369
f 6452/7364 6454/7368 6442/7355 6444/7357
f 6455/7369 6458/7370 6456/7371 6454/7368
f 6454/7368 6456/7371 6439/7354 6442/7355
f 6457/7372 6834/7353 6439/7354 6456/7371
f 6457/7372 6456/7371 6458/7370 6459/7373
f 6461/7374 6459/7373 6458/7370 6460/7375
f 6458/7370 6455/7369 6463/7376 6460/7375
f 6479/7377 6461/7374 6460/7375 6462/7378
f 6465/7379 6462/7378 6460/7375 6463/7376
f 6455/7369 6453/7367 6464/7380 6463/7376
f 6466/7381 6465/7379 6463/7376 6464/7380
f 6466/7381 6468/7382 6467/7383 6465/7379
f 6465/7379 6467/7383 6469/7384 6462/7378
f 6470/7385 6467/7383 6468/7382 6472/7386
f 6473/7387 6469/7384 6467/7383 6470/7385
f 6471/7388 6470/7385 6472/7386 6743/7389
f 6470/7385 6471/7388 6474/7390 6473/7387
f 6476/7391 6475/7392 6473/7387 6474/7390
f 6478/7393 6469/7384 6473/7387 6475/7392
f 6475/7392 6476/7391 6742/7394 6477/7395
f 6477/7395 6480/7396 6478/7393 6475/7392
f 6479/7377 6462/7378 6469/7384 6478/7393
f 6479/7377 6478/7393 6480/7396 6481/7397
f 6481/7397 6480/7396 6482/7398 6484/7399
f 6485/7400 6482/7398 6480/7396 6477/7395
f 6483/7401 6482/7398 6485/7400 6487/7402
f 6844/7403 6484/7399 6482/7398 6483/7401
f 6488/7404 6487/7402 6485/7400 6486/7405
f 6477/7395 6742/7394 6486/7405 6485/7400
f 6487/7402 6488/7404 6490/7406 6489/7407
f 6489/7407 6492/7408 6483/7401 6487/7402
f 6521/7409 6491/7410 6489/7407 6490/7406
f 6491/7410 6494/7411 6492/7408 6489/7407
f 6844/7403 6483/7401 6492/7408 6493/7412
f 6493/7412 6492/7408 6494/7411 6496/7413
f 6496/7413 6494/7411 6495/7414 6497/7415
f 6518/7416 6495/7414 6494/7411 6491/7410
f 6493/7412 6496/7413 6498/7417 6500/7418
f 6496/7413 6497/7415 6499/7419 6498/7417
f 6504/7420 6501/7421 6498/7417 6499/7419
f 6501/7421 6503/7422 6500/7418 6498/7417
f 6502/7423 6845/7424 6503/7422 6501/7421
f 6505/7425 6502/7423 6501/7421 6504/7420
f 6505/7425 6504/7420 6506/7426 6507/7427
f 6504/7420 6499/7419 6509/7428 6506/7426
f 6507/7427 6506/7426 6508/7429 6804/7430
f 6506/7426 6509/7428 6510/7431 6508/7429
f 6511/7432 6509/7428 6499/7419 6497/7415
f 6512/7433 6510/7431 6509/7428 6511/7432
f 6512/7433 6511/7432 6513/7434 6514/7435
f 6511/7432 6497/7415 6495/7414 6513/7434
f 6518/7416 6515/7436 6513/7434 6495/7414
f 6515/7436 6517/7437 6514/7435 6513/7434
f 6516/7438 7011/7439 6517/7437 6515/7436
f 6519/7440 6516/7438 6515/7436 6518/7416
f 6519/7440 6518/7416 6491/7410 6521/7409
f 6516/7438 6519/7440 6520/7441 6531/7442
f 6521/7409 6522/7443 6520/7441 6519/7440
f 6490/7406 6523/7444 6522/7443 6521/7409
f 6523/7444 6526/7445 6524/7446 6522/7443
f 6522/7443 6524/7446 6527/7447 6520/7441
f 6524/7446 6525/7448 6528/7449 6527/7447
f 6526/7445 6730/7450 6525/7448 6524/7446
f 6529/7451 6527/7447 6528/7449 6530/7452
f 6531/7442 6520/7441 6527/7447 6529/7451
f 6532/7453 6529/7451 6530/7452 6533/7454
f 6534/7455 6531/7442 6529/7451 6532/7453
f 6535/7456 6532/7453 6533/7454 6536/7457
f 6537/7458 6534/7455 6532/7453 6535/7456
f 6535/7456 6536/7457 6540/7459 6538/7460
f 6537/7458 6535/7456 6538/7460 6539/7461
f 6543/7462 6539/7461 6538/7460 6541/7463
f 6541/7463 6538/7460 6540/7459 6542/7464
f 6544/7465 6541/7463 6542/7464 6545/7466
f 6546/7467 6543/7462 6541/7463 6544/7465
f 6544/7465 6545/7466 6549/7468 6547/7469
f 6546/7467 6544/7465 6547/7469 6548/7470
f 6552/7471 6548/7470 6547/7469 6550/7472
f 6550/7472 6547/7469 6549/7468 6551/7473
f 6553/7474 6550/7472 6551/7473 6554/7475
f 6555/7476 6552/7471 6550/7472 6553/7474
f 6553/7474 6554/7475 6559/7477 6556/7478
f 6555/7476 6553/7474 6556/7478 6558/7479
f 6557/7480 6763/7481 6558/7479 6556/7478
f 6560/7482 6557/7480 6556/7478 6559/7477
f 6562/7483 6560/7482 6559/7477 6561/7484
f 6564/7485 6561/7484 6559/7477 6554/7475
f 6762/7486 6562/7483 6561/7484 6563/7487
f 6564/7485 6566/7488 6563/7487 6561/7484
f 6565/7489 6564/7485 6554/7475 6551/7473
f 6564/7485 6565/7489 6567/7490 6566/7488
f 6566/7488 6567/7490 6570/7491 6568/7492
f 6566/7488 6568/7492 6571/7493 6563/7487
f 6569/7494 6573/7495 6571/7493 6568/7492
f 6580/7496 6569/7494 6568/7492 6570/7491
f 6574/7497 6572/7498 6571/7493 6573/7495
f 6572/7498 6762/7486 6563/7487 6571/7493
f 6576/7499 6574/7497 6573/7495 6575/7500
f 6569/7494 6578/7501 6575/7500 6573/7495
f 6761/7502 6576/7499 6575/7500 6577/7503
f 6579/7504 6577/7503 6575/7500 6578/7501
f 6569/7494 6580/7496 6579/7504 6578/7501
f 6580/7496 6582/7505 6581/7506 6579/7504
f 6581/7506 6583/7507 6577/7503 6579/7504
f 6581/7506 6582/7505 6585/7508 6583/7507
f 6584/7509 6761/7502 6577/7503 6583/7507
f 6586/7510 6584/7509 6583/7507 6585/7508
f 6588/7511 6586/7510 6585/7508 6587/7512
f 6582/7505 6590/7513 6587/7512 6585/7508
f 6760/7514 6588/7511 6587/7512 6589/7515
f 6591/7516 6589/7515 6587/7512 6590/7513
f 6593/7517 6591/7516 6590/7513 6592/7518
f 6580/7496 6592/7518 6590/7513 6582/7505
f 6595/7519 6593/7517 6592/7518 6594/7520
f 6592/7518 6580/7496 6570/7491 6594/7520
f 6597/7521 6595/7519 6594/7520 6596/7522
f 6567/7490 6596/7522 6594/7520 6570/7491
f 6599/7523 6597/7521 6596/7522 6598/7524
f 6565/7489 6598/7524 6596/7522 6567/7490
f 6545/7466 6599/7523 6598/7524 6549/7468
f 6598/7524 6565/7489 6551/7473 6549/7468
f 6600/7525 6599/7523 6545/7466 6542/7464
f 6599/7523 6600/7525 6601/7526 6597/7521
f 6602/7527 6600/7525 6542/7464 6540/7459
f 6600/7525 6602/7527 6604/7528 6601/7526
f 6536/7457 6603/7529 6602/7527 6540/7459
f 6603/7529 6605/7530 6604/7528 6602/7527
f 6605/7530 6607/7531 6606/7532 6604/7528
f 6601/7526 6604/7528 6606/7532 6609/7533
f 6607/7531 6621/7534 6608/7535 6606/7532
f 6608/7535 6610/7536 6609/7533 6606/7532
f 6610/7536 6593/7517 6595/7519 6609/7533
f 6597/7521 6601/7526 6609/7533 6595/7519
f 6610/7536 6608/7535 6612/7537 6611/7538
f 6593/7517 6610/7536 6611/7538 6591/7516
f 6591/7516 6611/7538 6613/7539 6589/7515
f 6611/7538 6612/7537 6615/7540 6613/7539
f 6614/7541 6760/7514 6589/7515 6613/7539
f 6616/7542 6614/7541 6613/7539 6615/7540
f 6618/7543 6616/7542 6615/7540 6617/7544
f 6620/7545 6617/7544 6615/7540 6612/7537
f 6654/7546 6618/7543 6617/7544 6619/7547
f 6620/7545 6622/7548 6619/7547 6617/7544
f 6621/7534 6620/7545 6612/7537 6608/7535
f 6621/7534 6624/7549 6622/7548 6620/7545
f 6622/7548 6623/7550 6652/7551 6619/7547
f 6624/7549 6626/7552 6623/7550 6622/7548
f 6624/7549 6621/7534 6607/7531 6625/7553
f 6626/7552 6624/7549 6625/7553 6628/7554
f 6626/7552 6627/7555 6646/7556 6623/7550
f 6627/7555 6626/7552 6628/7554 6629/7557
f 6630/7558 6632/7559 6629/7557 6628/7554
f 6631/7560 6630/7558 6628/7554 6625/7553
f 6634/7561 6633/7562 6630/7558 6631/7560
f 6633/7562 6635/7563 6632/7559 6630/7558
f 6633/7562 6634/7561 6533/7454 6530/7452
f 6635/7563 6633/7562 6530/7452 6528/7449
f 6635/7563 6528/7449 6525/7448 6636/7564
f 6636/7564 6638/7565 6632/7559 6635/7563
f 6636/7564 6525/7448 6730/7450 6637/7566
f 6637/7566 6639/7567 6638/7565 6636/7564
f 6639/7567 6641/7568 6640/7569 6638/7565
f 6638/7565 6640/7569 6629/7557 6632/7559
f 6627/7555 6629/7557 6640/7569 6642/7570
f 6642/7570 6640/7569 6641/7568 6643/7571
f 6643/7571 6645/7572 6644/7573 6642/7570
f 6642/7570 6644/7573 6646/7556 6627/7555
f 6645/7572 6649/7574 6647/7575 6644/7573
f 6644/7573 6647/7575 6650/7576 6646/7556
f 6647/7575 6649/7574 6655/7577 6648/7578
f 6650/7576 6647/7575 6648/7578 6651/7579
f 6651/7579 6653/7580 6652/7551 6650/7576
f 6623/7550 6646/7556 6650/7576 6652/7551
f 6653/7580 6654/7546 6619/7547 6652/7551
f 6057/6912 6059/6918 6654/7546 6653/7580
f 6053/6910 6057/6912 6653/7580 6651/7579
f 6059/6918 6062/6920 6618/7543 6654/7546
f 6651/7579 6648/7578 6051/6906 6053/6910
f 6649/7574 6656/7581 6657/7582 6655/7577
f 6659/7583 6656/7581 6649/7574 6645/7572
f 6656/7581 6658/7584 6678/7585 6657/7582
f 6659/7583 6660/7586 6658/7584 6656/7581
f 6661/7587 6663/7588 6660/7586 6659/7583
f 6661/7587 6659/7583 6645/7572 6643/7571
f 6643/7571 6641/7568 6662/7589 6661/7587
f 6662/7589 6664/7590 6663/7588 6661/7587
f 6663/7588 6664/7590 6666/7591 6665/7592
f 6665/7592 6667/7593 6660/7586 6663/7588
f 6665/7592 6666/7591 6669/7594 6668/7595
f 6668/7595 6671/7596 6667/7593 6665/7592
f 6669/7594 6740/7597 6670/7598 6668/7595
f 6668/7595 6670/7598 6672/7599 6671/7596
f 6671/7596 6672/7599 6675/7600 6673/7601
f 6671/7596 6673/7601 6676/7602 6667/7593
f 6673/7601 6675/7600 6679/7603 6674/7604
f 6676/7602 6673/7601 6674/7604 6677/7605
f 6658/7584 6676/7602 6677/7605 6678/7585
f 6667/7593 6676/7602 6658/7584 6660/7586
f 6677/7605 6674/7604 6036/6884 6039/6890
f 6678/7585 6677/7605 6039/6890 6041/6894
f 6657/7582 6678/7585 6041/6894 6045/6896
f 6675/7600 6680/7606 6681/7607 6679/7603
f 6683/7608 6680/7606 6675/7600 6672/7599
f 6680/7606 6682/7609 6759/7610 6681/7607
f 6685/7611 6682/7609 6680/7606 6683/7608
f 6684/7612 6686/7613 6685/7611 6683/7608
f 6684/7612 6683/7608 6672/7599 6670/7598
f 6685/7611 6686/7613 6688/7614 6682/7609
f 6695/7615 6687/7616 6686/7613 6684/7612
f 6686/7613 6687/7616 6690/7617 6688/7614
f 6682/7609 6688/7614 6689/7618 6759/7610
f 6688/7614 6690/7617 6691/7619 6689/7618
f 6690/7617 6692/7620 6693/7621 6691/7619
f 6695/7615 6692/7620 6690/7617 6687/7616
f 6692/7620 6694/7622 6758/7623 6693/7621
f 6695/7615 6696/7624 6694/7622 6692/7620
f 6684/7612 6697/7625 6696/7624 6695/7615
f 6698/7626 6696/7624 6697/7625 6699/7627
f 6698/7626 6701/7628 6694/7622 6696/7624
f 6700/7629 6698/7626 6699/7627 6741/7630
f 6700/7629 6703/7631 6701/7628 6698/7626
f 6701/7628 6703/7631 6704/7632 6702/7633
f 6694/7622 6701/7628 6702/7633 6758/7623
f 6703/7631 6705/7634 6706/7635 6704/7632
f 6700/7629 6708/7636 6705/7634 6703/7631
f 6705/7634 6707/7637 6757/7638 6706/7635
f 6710/7639 6707/7637 6705/7634 6708/7636
f 6741/7630 6709/7640 6708/7636 6700/7629
f 6710/7639 6708/7636 6709/7640 6712/7641
f 6711/7642 6744/7643 6707/7637 6710/7639
f 6711/7642 6710/7639 6712/7641 6713/7644
f 6712/7641 6709/7640 6716/7645 6714/7646
f 6713/7644 6712/7641 6714/7646 6715/7647
f 6719/7648 6715/7647 6714/7646 6717/7649
f 6717/7649 6714/7646 6716/7645 6718/7650
f 6717/7649 6718/7650 6721/7651 6720/7652
f 6719/7648 6717/7649 6720/7652 6722/7653
f 6720/7652 6721/7651 6725/7654 6723/7655
f 6722/7653 6720/7652 6723/7655 6724/7656
f 6728/7657 6724/7656 6723/7655 6726/7658
f 6726/7658 6723/7655 6725/7654 6727/7659
f 6726/7658 6727/7659 6730/7450 6526/7445
f 6728/7657 6726/7658 6526/7445 6523/7444
f 6488/7404 6486/7405 6724/7656 6728/7657
f 6488/7404 6728/7657 6523/7444 6490/7406
f 6727/7659 6725/7654 6731/7660 6729/7661
f 6637/7566 6730/7450 6727/7659 6729/7661
f 6729/7661 6731/7660 6733/7662 6732/7663
f 6729/7661 6732/7663 6639/7567 6637/7566
f 6732/7663 6733/7662 6664/7590 6662/7589
f 6732/7663 6662/7589 6641/7568 6639/7567
f 6735/7664 6734/7665 6733/7662 6731/7660
f 6734/7665 6666/7591 6664/7590 6733/7662
f 6737/7666 6736/7667 6734/7665 6735/7664
f 6736/7667 6669/7594 6666/7591 6734/7665
f 6737/7666 6739/7668 6738/7669 6736/7667
f 6736/7667 6738/7669 6740/7597 6669/7594
f 6741/7630 6699/7627 6738/7669 6739/7668
f 6699/7627 6697/7625 6740/7597 6738/7669
f 6670/7598 6740/7597 6697/7625 6684/7612
f 6718/7650 6716/7645 6739/7668 6737/7666
f 6739/7668 6716/7645 6709/7640 6741/7630
f 6735/7664 6721/7651 6718/7650 6737/7666
f 6731/7660 6725/7654 6721/7651 6735/7664
f 6742/7394 6722/7653 6724/7656 6486/7405
f 6476/7391 6719/7648 6722/7653 6742/7394
f 6476/7391 6474/7390 6715/7647 6719/7648
f 6471/7388 6713/7644 6715/7647 6474/7390
f 6743/7389 6711/7642 6713/7644 6471/7388
f 6743/7389 6746/7670 6744/7643 6711/7642
f 6707/7637 6744/7643 6745/7671 6757/7638
f 6744/7643 6746/7670 6747/7672 6745/7671
f 6746/7670 6748/7673 6749/7674 6747/7672
f 6743/7389 6472/7386 6748/7673 6746/7670
f 6748/7673 6750/7675 6751/7676 6749/7674
f 6472/7386 6468/7382 6750/7675 6748/7673
f 6750/7675 6752/7677 6753/7678 6751/7676
f 6466/7381 6752/7677 6750/7675 6468/7382
f 6755/7679 6753/7678 6752/7677 6754/7680
f 6466/7381 6464/7380 6754/7680 6752/7677
f 6756/7365 6755/7679 6754/7680 6451/7366
f 6453/7367 6451/7366 6754/7680 6464/7380
f 5985/6818 5988/6822 6753/7678 6755/7679
f 5982/6812 5985/6818 6755/7679 6756/7365
f 5978/6810 5982/6812 6756/7365 6450/7362
f 6751/7676 6753/7678 5988/6822 5990/6826
f 6749/7674 6751/7676 5990/6826 5993/6828
f 6747/7672 6749/7674 5993/6828 5997/6832
f 6745/7671 6747/7672 5997/6832 6000/6838
f 6757/7638 6745/7671 6000/6838 6002/6842
f 6706/7635 6757/7638 6002/6842 6006/6844
f 6704/7632 6706/7635 6006/6844 6009/6850
f 6702/7633 6704/7632 6009/6850 6012/6854
f 6758/7623 6702/7633 6012/6854 6014/6858
f 6693/7621 6758/7623 6014/6858 6017/6860
f 6691/7619 6693/7621 6017/6860 6020/6864
f 6689/7618 6691/7619 6020/6864 6023/6868
f 6759/7610 6689/7618 6023/6868 6027/6872
f 6681/7607 6759/7610 6027/6872 6030/6878
f 6679/7603 6681/7607 6030/6878 6032/6882
f 6674/7604 6679/7603 6032/6882 6036/6884
f 6655/7577 6657/7582 6045/6896 6048/6902
f 6648/7578 6655/7577 6048/6902 6051/6906
f 6634/7561 6603/7529 6536/7457 6533/7454
f 6603/7529 6634/7561 6631/7560 6605/7530
f 6605/7530 6631/7560 6625/7553 6607/7531
f 6062/6920 6066/6924 6616/7542 6618/7543
f 6066/6924 6068/6930 6614/7541 6616/7542
f 6068/6930 6071/6932 6760/7514 6614/7541
f 6071/6932 6075/6936 6588/7511 6760/7514
f 6075/6936 6077/6942 6586/7510 6588/7511
f 6077/6942 6080/6944 6584/7509 6586/7510
f 6080/6944 6084/6948 6761/7502 6584/7509
f 6084/6948 6087/6954 6576/7499 6761/7502
f 6087/6954 6090/6958 6574/7497 6576/7499
f 6090/6958 6093/6962 6572/7498 6574/7497
f 6093/6962 6095/6966 6762/7486 6572/7498
f 6095/6966 6098/6968 6562/7483 6762/7486
f 6098/6968 6101/6972 6560/7482 6562/7483
f 6101/6972 6105/6976 6557/7480 6560/7482
f 6763/7481 6765/7681 6764/7682 6558/7479
f 6767/7683 6555/7476 6558/7479 6764/7682
f 6765/7681 6996/7684 6766/7685 6764/7682
f 6767/7683 6764/7682 6766/7685 6768/7686
f 6769/7687 6767/7683 6768/7686 6770/7688
f 6767/7683 6769/7687 6552/7471 6555/7476
f 6770/7688 6773/7689 6771/7690 6769/7687
f 6769/7687 6771/7690 6548/7470 6552/7471
f 6772/7691 6546/7467 6548/7470 6771/7690
f 6772/7691 6771/7690 6773/7689 6774/7692
f 6776/7693 6774/7692 6773/7689 6775/7694
f 6773/7689 6770/7688 6778/7695 6775/7694
f 6794/7696 6776/7693 6775/7694 6777/7697
f 6780/7698 6777/7697 6775/7694 6778/7695
f 6770/7688 6768/7686 6779/7699 6778/7695
f 6781/7700 6780/7698 6778/7695 6779/7699
f 6781/7700 6783/7701 6782/7702 6780/7698
f 6780/7698 6782/7702 6784/7703 6777/7697
f 6785/7704 6782/7702 6783/7701 6787/7705
f 6788/7706 6784/7703 6782/7702 6785/7704
f 6786/7707 6785/7704 6787/7705 6983/7708
f 6785/7704 6786/7707 6789/7709 6788/7706
f 6791/7710 6790/7711 6788/7706 6789/7709
f 6793/7712 6784/7703 6788/7706 6790/7711
f 6790/7711 6791/7710 6969/7713 6792/7714
f 6792/7714 6795/7715 6793/7712 6790/7711
f 6794/7696 6777/7697 6784/7703 6793/7712
f 6794/7696 6793/7712 6795/7715 6796/7716
f 6796/7716 6795/7715 6797/7717 6799/7718
f 6800/7719 6797/7717 6795/7715 6792/7714
f 6798/7720 6797/7717 6800/7719 6802/7721
f 7001/7722 6799/7718 6797/7717 6798/7720
f 6803/7723 6802/7721 6800/7719 6801/7724
f 6792/7714 6969/7713 6801/7724 6800/7719
f 6802/7721 6803/7723 6804/7430 6508/7429
f 6508/7429 6510/7431 6798/7720 6802/7721
f 6803/7723 6801/7724 6806/7725 6805/7726
f 6803/7723 6805/7726 6807/7727 6804/7430
f 6805/7726 6806/7725 6810/7728 6808/7729
f 6805/7726 6808/7729 6811/7730 6807/7727
f 6808/7729 6809/7731 6812/7732 6811/7730
f 6808/7729 6810/7728 6971/7733 6809/7731
f 6811/7730 6812/7732 6814/7734 6813/7735
f 6807/7727 6811/7730 6813/7735 6815/7736
f 6813/7735 6814/7734 6817/7737 6816/7738
f 6815/7736 6813/7735 6816/7738 6818/7739
f 6819/7740 6816/7738 6817/7737 6820/7741
f 6821/7742 6818/7739 6816/7738 6819/7740
f 6822/7743 6819/7740 6820/7741 6823/7744
f 6824/7745 6821/7742 6819/7740 6822/7743
f 6825/7746 6822/7743 6823/7744 6826/7747
f 6827/7748 6824/7745 6822/7743 6825/7746
f 6825/7746 6826/7747 6830/7749 6828/7750
f 6827/7748 6825/7746 6828/7750 6829/7751
f 6833/7752 6829/7751 6828/7750 6831/7753
f 6831/7753 6828/7750 6830/7749 6832/7754
f 6440/7350 6831/7753 6832/7754 6436/7348
f 6834/7353 6833/7752 6831/7753 6440/7350
f 6457/7372 6835/7755 6833/7752 6834/7353
f 6835/7755 6837/7756 6829/7751 6833/7752
f 6459/7373 6836/7757 6835/7755 6457/7372
f 6836/7757 6839/7758 6837/7756 6835/7755
f 6838/7759 6827/7748 6829/7751 6837/7756
f 6838/7759 6837/7756 6839/7758 6840/7760
f 6842/7761 6840/7760 6839/7758 6841/7762
f 6839/7758 6836/7757 6843/7763 6841/7762
f 6844/7403 6842/7761 6841/7762 6484/7399
f 6481/7397 6484/7399 6841/7762 6843/7763
f 6479/7377 6481/7397 6843/7763 6461/7374
f 6836/7757 6459/7373 6461/7374 6843/7763
f 6844/7403 6493/7412 6500/7418 6842/7761
f 6503/7422 6840/7760 6842/7761 6500/7418
f 6840/7760 6503/7422 6845/7424 6838/7759
f 6838/7759 6845/7424 6824/7745 6827/7748
f 6845/7424 6502/7423 6821/7742 6824/7745
f 6846/7764 6434/7346 6436/7348 6832/7754
f 6848/7765 6846/7764 6832/7754 6830/7749
f 6434/7346 6846/7764 6847/7766 6432/7344
f 6846/7764 6848/7765 6850/7767 6847/7766
f 6826/7747 6849/7768 6848/7765 6830/7749
f 6849/7768 6851/7769 6850/7767 6848/7765
f 6851/7769 6853/7770 6852/7771 6850/7767
f 6847/7766 6850/7767 6852/7771 6855/7772
f 6853/7770 6867/7773 6854/7774 6852/7771
f 6854/7774 6856/7775 6855/7772 6852/7771
f 6856/7775 6428/7340 6430/7342 6855/7772
f 6432/7344 6847/7766 6855/7772 6430/7342
f 6856/7775 6854/7774 6858/7776 6857/7777
f 6428/7340 6856/7775 6857/7777 6426/7339
f 6426/7339 6857/7777 6859/7778 6424/7338
f 6857/7777 6858/7776 6861/7779 6859/7778
f 6860/7780 7000/7337 6424/7338 6859/7778
f 6862/7781 6860/7780 6859/7778 6861/7779
f 6864/7782 6862/7781 6861/7779 6863/7783
f 6866/7784 6863/7783 6861/7779 6858/7776
f 6900/7785 6864/7782 6863/7783 6865/7786
f 6866/7784 6868/7787 6865/7786 6863/7783
f 6867/7773 6866/7784 6858/7776 6854/7774
f 6867/7773 6870/7788 6868/7787 6866/7784
f 6868/7787 6869/7789 6898/7790 6865/7786
f 6870/7788 6872/7791 6869/7789 6868/7787
f 6870/7788 6867/7773 6853/7770 6871/7792
f 6872/7791 6870/7788 6871/7792 6874/7793
f 6872/7791 6873/7794 6892/7795 6869/7789
f 6873/7794 6872/7791 6874/7793 6875/7796
f 6876/7797 6878/7798 6875/7796 6874/7793
f 6877/7799 6876/7797 6874/7793 6871/7792
f 6880/7800 6879/7801 6876/7797 6877/7799
f 6879/7801 6881/7802 6878/7798 6876/7797
f 6879/7801 6880/7800 6823/7744 6820/7741
f 6881/7802 6879/7801 6820/7741 6817/7737
f 6881/7802 6817/7737 6814/7734 6882/7803
f 6882/7803 6884/7804 6878/7798 6881/7802
f 6882/7803 6814/7734 6812/7732 6883/7805
f 6883/7805 6885/7806 6884/7804 6882/7803
f 6885/7806 6887/7807 6886/7808 6884/7804
f 6884/7804 6886/7808 6875/7796 6878/7798
f 6873/7794 6875/7796 6886/7808 6888/7809
f 6888/7809 6886/7808 6887/7807 6889/7810
f 6889/7810 6891/7811 6890/7812 6888/7809
f 6888/7809 6890/7812 6892/7795 6873/7794
f 6891/7811 6895/7813 6893/7814 6890/7812
f 6890/7812 6893/7814 6896/7815 6892/7795
f 6893/7814 6895/7813 6901/7816 6894/7817
f 6896/7815 6893/7814 6894/7817 6897/7818
f 6897/7818 6899/7819 6898/7790 6896/7815
f 6869/7789 6892/7795 6896/7815 6898/7790
f 6899/7819 6900/7785 6865/7786 6898/7790
f 6188/7090 6191/7092 6900/7785 6899/7819
f 6186/7084 6188/7090 6899/7819 6897/7818
f 6191/7092 6194/7096 6864/7782 6900/7785
f 6897/7818 6894/7817 6182/7082 6186/7084
f 6895/7813 6902/7820 6903/7821 6901/7816
f 6905/7822 6902/7820 6895/7813 6891/7811
f 6902/7820 6904/7823 6924/7824 6903/7821
f 6905/7822 6906/7825 6904/7823 6902/7820
f 6907/7826 6909/7827 6906/7825 6905/7822
f 6907/7826 6905/7822 6891/7811 6889/7810
f 6889/7810 6887/7807 6908/7828 6907/7826
f 6908/7828 6910/7829 6909/7827 6907/7826
f 6909/7827 6910/7829 6912/7830 6911/7831
f 6911/7831 6913/7832 6906/7825 6909/7827
f 6911/7831 6912/7830 6915/7833 6914/7834
f 6914/7834 6917/7835 6913/7832 6911/7831
f 6915/7833 6981/7836 6916/7837 6914/7834
f 6914/7834 6916/7837 6918/7838 6917/7835
f 6917/7835 6918/7838 6921/7839 6919/7840
f 6917/7835 6919/7840 6922/7841 6913/7832
f 6919/7840 6921/7839 6925/7842 6920/7843
f 6922/7841 6919/7840 6920/7843 6923/7844
f 6904/7823 6922/7841 6923/7844 6924/7824
f 6913/7832 6922/7841 6904/7823 6906/7825
f 6923/7844 6920/7843 6168/7060 6171/7066
f 6924/7824 6923/7844 6171/7066 6173/7070
f 6903/7821 6924/7824 6173/7070 6177/7072
f 6921/7839 6926/7845 6927/7846 6925/7842
f 6929/7847 6926/7845 6921/7839 6918/7838
f 6926/7845 6928/7848 6999/7849 6927/7846
f 6931/7850 6928/7848 6926/7845 6929/7847
f 6930/7851 6932/7852 6931/7850 6929/7847
f 6930/7851 6929/7847 6918/7838 6916/7837
f 6931/7850 6932/7852 6934/7853 6928/7848
f 6941/7854 6933/7855 6932/7852 6930/7851
f 6932/7852 6933/7855 6936/7856 6934/7853
f 6928/7848 6934/7853 6935/7857 6999/7849
f 6934/7853 6936/7856 6937/7858 6935/7857
f 6936/7856 6938/7859 6939/7860 6937/7858
f 6941/7854 6938/7859 6936/7856 6933/7855
f 6938/7859 6940/7861 6998/7862 6939/7860
f 6941/7854 6942/7863 6940/7861 6938/7859
f 6930/7851 6943/7864 6942/7863 6941/7854
f 6944/7865 6942/7863 6943/7864 6945/7866
f 6944/7865 6947/7867 6940/7861 6942/7863
f 6946/7868 6944/7865 6945/7866 6982/7869
f 6946/7868 6949/7870 6947/7867 6944/7865
f 6947/7867 6949/7870 6950/7871 6948/7872
f 6940/7861 6947/7867 6948/7872 6998/7862
f 6949/7870 6951/7873 6952/7874 6950/7871
f 6946/7868 6954/7875 6951/7873 6949/7870
f 6951/7873 6953/7876 6997/7877 6952/7874
f 6956/7878 6953/7876 6951/7873 6954/7875
f 6982/7869 6955/7879 6954/7875 6946/7868
f 6956/7878 6954/7875 6955/7879 6958/7880
f 6957/7881 6984/7882 6953/7876 6956/7878
f 6957/7881 6956/7878 6958/7880 6959/7883
f 6958/7880 6955/7879 6962/7884 6960/7885
f 6959/7883 6958/7880 6960/7885 6961/7886
f 6965/7887 6961/7886 6960/7885 6963/7888
f 6963/7888 6960/7885 6962/7884 6964/7889
f 6963/7888 6964/7889 6967/7890 6966/7891
f 6965/7887 6963/7888 6966/7891 6968/7892
f 6966/7891 6967/7890 6971/7733 6810/7728
f 6968/7892 6966/7891 6810/7728 6806/7725
f 6791/7710 6965/7887 6968/7892 6969/7713
f 6969/7713 6968/7892 6806/7725 6801/7724
f 6970/7893 6967/7890 6964/7889 6978/7894
f 6972/7895 6971/7733 6967/7890 6970/7893
f 6809/7731 6971/7733 6972/7895 6973/7896
f 6973/7896 6972/7895 6974/7897 6975/7898
f 6970/7893 6976/7899 6974/7897 6972/7895
f 6975/7898 6974/7897 6910/7829 6908/7828
f 6976/7899 6912/7830 6910/7829 6974/7897
f 6978/7894 6977/7900 6976/7899 6970/7893
f 6977/7900 6915/7833 6912/7830 6976/7899
f 6978/7894 6980/7901 6979/7902 6977/7900
f 6977/7900 6979/7902 6981/7836 6915/7833
f 6982/7869 6945/7866 6979/7902 6980/7901
f 6945/7866 6943/7864 6981/7836 6979/7902
f 6916/7837 6981/7836 6943/7864 6930/7851
f 6964/7889 6962/7884 6980/7901 6978/7894
f 6980/7901 6962/7884 6955/7879 6982/7869
f 6973/7896 6975/7898 6885/7806 6883/7805
f 6975/7898 6908/7828 6887/7807 6885/7806
f 6883/7805 6812/7732 6809/7731 6973/7896
f 6791/7710 6789/7709 6961/7886 6965/7887
f 6786/7707 6959/7883 6961/7886 6789/7709
f 6983/7708 6957/7881 6959/7883 6786/7707
f 6983/7708 6986/7903 6984/7882 6957/7881
f 6953/7876 6984/7882 6985/7904 6997/7877
f 6984/7882 6986/7903 6987/7905 6985/7904
f 6986/7903 6988/7906 6989/7907 6987/7905
f 6983/7708 6787/7705 6988/7906 6986/7903
f 6988/7906 6990/7908 6991/7909 6989/7907
f 6787/7705 6783/7701 6990/7908 6988/7906
f 6990/7908 6992/7910 6993/7911 6991/7909
f 6781/7700 6992/7910 6990/7908 6783/7701
f 6995/7912 6993/7911 6992/7910 6994/7913
f 6781/7700 6779/7699 6994/7913 6992/7910
f 6996/7684 6995/7912 6994/7913 6766/7685
f 6768/7686 6766/7685 6994/7913 6779/7699
f 6117/6994 6119/6998 6993/7911 6995/7912
f 6114/6988 6117/6994 6995/7912 6996/7684
f 6110/6986 6114/6988 6996/7684 6765/7681
f 6991/7909 6993/7911 6119/6998 6122/7000
f 6989/7907 6991/7909 6122/7000 6125/7004
f 6987/7905 6989/7907 6125/7004 6129/7008
f 6985/7904 6987/7905 6129/7008 6132/7014
f 6997/7877 6985/7904 6132/7014 6134/7018
f 6952/7874 6997/7877 6134/7018 6138/7020
f 6950/7871 6952/7874 6138/7020 6141/7026
f 6948/7872 6950/7871 6141/7026 6144/7030
f 6998/7862 6948/7872 6144/7030 6146/7034
f 6939/7860 6998/7862 6146/7034 6149/7036
f 6937/7858 6939/7860 6149/7036 6152/7040
f 6935/7857 6937/7858 6152/7040 6155/7044
f 6999/7849 6935/7857 6155/7044 6159/7048
f 6927/7846 6999/7849 6159/7048 6162/7054
f 6925/7842 6927/7846 6162/7054 6164/7058
f 6920/7843 6925/7842 6164/7058 6168/7060
f 6901/7816 6903/7821 6177/7072 6180/7078
f 6894/7817 6901/7816 6180/7078 6182/7082
f 6880/7800 6849/7768 6826/7747 6823/7744
f 6849/7768 6880/7800 6877/7799 6851/7769
f 6851/7769 6877/7799 6871/7792 6853/7770
f 6194/7096 6198/7100 6862/7781 6864/7782
f 6198/7100 6200/7106 6860/7780 6862/7781
f 6200/7106 6203/7108 7000/7337 6860/7780
f 6203/7108 6207/7112 6423/7334 7000/7337
f 6502/7423 6505/7425 6818/7739 6821/7742
f 6507/7427 6815/7736 6818/7739 6505/7425
f 6804/7430 6807/7727 6815/7736 6507/7427
f 7001/7722 7003/7914 7002/7915 6799/7718
f 6796/7716 6799/7718 7002/7915 7004/7916
f 7003/7914 7007/7917 7005/7918 7002/7915
f 7005/7918 7008/7919 7004/7916 7002/7915
f 7010/7920 7006/7921 7005/7918 7007/7917
f 7008/7919 7005/7918 7006/7921 7009/7922
f 7008/7919 6774/7692 6776/7693 7004/7916
f 6774/7692 7008/7919 7009/7922 6772/7691
f 6772/7691 7009/7922 6543/7462 6546/7467
f 7009/7922 7006/7921 6539/7461 6543/7462
f 7007/7917 6517/7437 7011/7439 7010/7920
f 6517/7437 7007/7917 7003/7914 6514/7435
f 7010/7920 6537/7458 6539/7461 7006/7921
f 7010/7920 7011/7439 6534/7455 6537/7458
f 7011/7439 6516/7438 6531/7442 6534/7455
f 6794/7696 6796/7716 7004/7916 6776/7693
f 7001/7722 6512/7433 6514/7435 7003/7914
f 7001/7722 6798/7720 6510/7431 6512/7433
f 6108/6982 6110/6986 6765/7681 6763/7481
f 6105/6976 6108/6982 6763/7481 6557/7480
f 5976/6806 5978/6810 6450/7362 6448/7361
f 5973/6799 5976/6806 6448/7361 6446/7360
f 5970/6800 5973/6799 6446/7360 6394/7305
f 6207/7112 6209/7118 6421/7333 6423/7334
f 6209/7118 6212/7120 6419/7332 6421/7333
f 6212/7120 6216/7124 7012/7325 6419/7332
f 6216/7124 6219/7130 6411/7322 7012/7325
f 6219/7130 6222/7134 6409/7321 6411/7322
f 6222/7134 6225/7138 6407/7304 6409/7321
f 6131/7011 6128/7009 5898/6718 5900/6720
f 6128/7009 6126/7005 5896/6719 5898/6718
f 6126/7005 6123/7001 7013/6688 5896/6719
f 6123/7001 6120/6995 5868/6689 7013/6688
f 5871/6690 5868/6689 6120/6995 6116/6991
f 5874/6692 5871/6690 6116/6991 6113/6989
f 7014/6696 5874/6692 6113/6989 6111/6983
f 7015/7923 7014/6696 6111/6983 6107/6979
f 7016/7924 5873/6695 7014/6696 7015/7923
f 7018/7925 7016/7924 7015/7923 7017/7926
f 7017/7926 7015/7923 6107/6979 6104/6977
f 7020/7927 7018/7925 7017/7926 7019/7928
f 7019/7928 7017/7926 6104/6977 6102/6973
f 7022/7929 7020/7927 7019/7928 7021/7930
f 7021/7930 7019/7928 6102/6973 6099/6969
f 7024/7931 7022/7929 7021/7930 7023/7932
f 7023/7932 7021/7930 6099/6969 6096/6963
f 7026/7933 7024/7931 7023/7932 7025/7934
f 7025/7934 7023/7932 6096/6963 6092/6959
f 7028/7935 7026/7933 7025/7934 7027/7936
f 7027/7936 7025/7934 6092/6959 6089/6955
f 7030/7937 7028/7935 7027/7936 7029/7938
f 7029/7938 7027/7936 6089/6955 6086/6951
f 7032/7939 7030/7937 7029/7938 7031/7940
f 7031/7940 7029/7938 6086/6951 6083/6949
f 7034/7941 7032/7939 7031/7940 7033/7942
f 7033/7942 7031/7940 6083/6949 6081/6945
f 7036/7943 7034/7941 7033/7942 7035/7944
f 7035/7944 7033/7942 6081/6945 6078/6939
f 7038/7945 7036/7943 7035/7944 7037/7946
f 7037/7946 7035/7944 6078/6939 6074/6937
f 7040/7947 7038/7945 7037/7946 7039/7948
f 7039/7948 7037/7946 6074/6937 6072/6933
f 7042/7949 7040/7947 7039/7948 7041/7950
f 7041/7950 7039/7948 6072/6933 6069/6927
f 7044/7951 7042/7949 7041/7950 7043/7952
f 7043/7952 7041/7950 6069/6927 6065/6925
f 7046/7953 7044/7951 7043/7952 7045/7954
f 7045/7954 7043/7952 6065/6925 6063/6921
f 7048/7955 7046/7953 7045/7954 7047/7956
f 7047/7956 7045/7954 6063/6921 6060/6915
f 7050/7957 7048/7955 7047/7956 7049/7958
f 7049/7958 7047/7956 6060/6915 6056/6913
f 7052/7959 7050/7957 7049/7958 7051/7960
f 7051/7960 7049/7958 6056/6913 6054/6907
f 7051/7960 7053/7961 7055/7962 7052/7959
f 6054/6907 6050/6903 7053/7961 7051/7960
f 6050/6903 6047/6899 7054/7963 7053/7961
f 7053/7961 7054/7963 7056/7964 7055/7962
f 7058/7965 7057/7966 7055/7962 7056/7964
f 7057/7966 7059/7967 7052/7959 7055/7962
f 7061/7968 7060/7969 7057/7966 7058/7965
f 7060/7969 7062/7970 7059/7967 7057/7966
f 7060/7969 7061/7968 7065/7971 7063/7972
f 7062/7970 7060/7969 7063/7972 7064/7973
f 7066/7974 7068/7975 7064/7973 7063/7972
f 7067/7976 7066/7974 7063/7972 7065/7971
f 7070/7977 7069/7978 7066/7974 7067/7976
f 7069/7978 7071/7979 7068/7975 7066/7974
f 7069/7978 7070/7977 7074/7980 7072/7981
f 7071/7979 7069/7978 7072/7981 7073/7982
f 7075/7983 7078/7984 7073/7982 7072/7981
f 7077/7985 7075/7983 7072/7981 7074/7980
f 7329/7986 7076/7987 7075/7983 7077/7985
f 7076/7987 7079/7988 7078/7984 7075/7983
f 7080/7989 7081/7990 7073/7982 7078/7984
f 7082/7991 7080/7989 7078/7984 7079/7988
f 7083/7992 7084/7993 7081/7990 7080/7989
f 7085/7994 7083/7992 7080/7989 7082/7991
f 7086/7995 7087/7996 7084/7993 7083/7992
f 7088/7997 7086/7995 7083/7992 7085/7994
f 7086/7995 7089/7998 7091/7999 7087/7996
f 7088/7997 7090/8000 7089/7998 7086/7995
f 7094/8001 7092/8002 7089/7998 7090/8000
f 7092/8002 7093/8003 7091/7999 7089/7998
f 7095/8004 7096/8005 7093/8003 7092/8002
f 7097/8006 7095/8004 7092/8002 7094/8001
f 7095/8004 7098/8007 7100/8008 7096/8005
f 7097/8006 7099/8009 7098/8007 7095/8004
f 7103/8010 7101/8011 7098/8007 7099/8009
f 7101/8011 7102/8012 7100/8008 7098/8007
f 7104/8013 7105/8014 7102/8012 7101/8011
f 7106/8015 7104/8013 7101/8011 7103/8010
f 7104/8013 7018/7925 7020/7927 7105/8014
f 7106/8015 7016/7924 7018/7925 7104/8013
f 5876/6694 7106/8015 7103/8010 5878/6697
f 5876/6694 5873/6695 7016/7924 7106/8015
f 7108/8016 7102/8012 7105/8014 7107/8017
f 7107/8017 7105/8014 7020/7927 7022/7929
f 7107/8017 7109/8018 7110/8019 7108/8016
f 7107/8017 7022/7929 7024/7931 7109/8018
f 7109/8018 7111/8020 7113/8021 7110/8019
f 7109/8018 7024/7931 7026/7933 7111/8020
f 7114/8022 7113/8021 7111/8020 7112/8023
f 7112/8023 7111/8020 7026/7933 7028/7935
f 7117/8024 7115/8025 7113/8021 7114/8022
f 7110/8019 7113/8021 7115/8025 7118/8026
f 7116/8027 7115/8025 7117/8024 7134/8028
f 7119/8029 7118/8026 7115/8025 7116/8027
f 7121/8030 7120/8031 7118/8026 7119/8029
f 7108/8016 7110/8019 7118/8026 7120/8031
f 7096/8005 7100/8008 7120/8031 7121/8030
f 7120/8031 7100/8008 7102/8012 7108/8016
f 7122/8032 7093/8003 7096/8005 7121/8030
f 7121/8030 7119/8029 7123/8033 7122/8032
f 7124/8034 7091/7999 7093/8003 7122/8032
f 7122/8032 7123/8033 7126/8035 7124/8034
f 7087/7996 7091/7999 7124/8034 7125/8036
f 7125/8036 7124/8034 7126/8035 7127/8037
f 7127/8037 7126/8035 7128/8038 7129/8039
f 7123/8033 7131/8040 7128/8038 7126/8035
f 7129/8039 7128/8038 7130/8041 7143/8042
f 7130/8041 7128/8038 7131/8040 7132/8043
f 7132/8043 7131/8040 7116/8027 7134/8028
f 7119/8029 7116/8027 7131/8040 7123/8033
f 7132/8043 7133/8044 7141/8045 7130/8041
f 7134/8028 7135/8046 7133/8044 7132/8043
f 7134/8028 7117/8024 7136/8047 7135/8046
f 7135/8046 7136/8047 7038/7945 7040/7947
f 7135/8046 7040/7947 7042/7949 7133/8044
f 7114/8022 7137/8048 7136/8047 7117/8024
f 7137/8048 7036/7943 7038/7945 7136/8047
f 7114/8022 7139/8049 7138/8050 7137/8048
f 7138/8050 7034/7941 7036/7943 7137/8048
f 7138/8050 7139/8049 7032/7939 7034/7941
f 7112/8023 7140/8051 7139/8049 7114/8022
f 7139/8049 7140/8051 7030/7937 7032/7939
f 7112/8023 7028/7935 7030/7937 7140/8051
f 7133/8044 7042/7949 7044/7951 7141/8045
f 7143/8042 7130/8041 7141/8045 7142/8052
f 7142/8052 7141/8045 7044/7951 7046/7953
f 7143/8042 7142/8052 7144/8053 7146/8054
f 7142/8052 7046/7953 7048/7955 7144/8053
f 7146/8054 7144/8053 7145/8055 7148/8056
f 7144/8053 7048/7955 7050/7957 7145/8055
f 7146/8054 7147/8057 7129/8039 7143/8042
f 7148/8056 7149/8058 7147/8057 7146/8054
f 7148/8056 7145/8055 7059/7967 7062/7970
f 7062/7970 7064/7973 7149/8058 7148/8056
f 7150/8059 7149/8058 7064/7973 7068/7975
f 7151/8060 7147/8057 7149/8058 7150/8059
f 7153/8061 7151/8060 7150/8059 7152/8062
f 7152/8062 7150/8059 7068/7975 7071/7979
f 7152/8062 7081/7990 7084/7993 7153/8061
f 7071/7979 7073/7982 7081/7990 7152/8062
f 7153/8061 7084/7993 7087/7996 7125/8036
f 7125/8036 7127/8037 7151/8060 7153/8061
f 7127/8037 7129/8039 7147/8057 7151/8060
f 7145/8055 7050/7957 7052/7959 7059/7967
f 5878/6697 7103/8010 7099/8009 7154/6699
f 7155/8063 7154/6699 7099/8009 7097/8006
f 7155/8063 7156/6704 5879/6700 7154/6699
f 7156/6704 7155/8063 7157/8064 7158/8065
f 7155/8063 7097/8006 7094/8001 7157/8064
f 7158/8065 7157/8064 7159/8066 7161/8067
f 7157/8064 7094/8001 7090/8000 7159/8066
f 7160/8068 7159/8066 7090/8000 7088/7997
f 7160/8068 7162/8069 7161/8067 7159/8066
f 7164/8070 7163/8071 7161/8067 7162/8069
f 7161/8067 7163/8071 7166/8072 7158/8065
f 7178/8073 7165/8074 7163/8071 7164/8070
f 7167/8075 7166/8072 7163/8071 7165/8074
f 5884/6705 5882/6703 7166/8072 7167/8075
f 7158/8065 7166/8072 5882/6703 7156/6704
f 5884/6705 7167/8075 7168/8076 5886/6706
f 7167/8075 7165/8074 7169/8077 7168/8076
f 7170/8078 5890/6708 5886/6706 7168/8076
f 7172/8079 7170/8078 7168/8076 7169/8077
f 5890/6708 7170/8078 7171/8080 7368/6711
f 7170/8078 7172/8079 7173/8081 7171/8080
f 7175/8082 7173/8081 7172/8079 7174/8083
f 7177/8084 7174/8083 7172/8079 7169/8077
f 7174/8083 7176/8085 7367/8086 7175/8082
f 7176/8085 7174/8083 7177/8084 7179/8087
f 7178/8073 7177/8084 7169/8077 7165/8074
f 7178/8073 7180/8088 7179/8087 7177/8084
f 7180/8088 7183/8089 7181/8090 7179/8087
f 7184/8091 7176/8085 7179/8087 7181/8090
f 7183/8089 7195/8092 7182/8093 7181/8090
f 7186/8094 7184/8091 7181/8090 7182/8093
f 7185/8095 7367/8086 7176/8085 7184/8091
f 7187/8096 7185/8095 7184/8091 7186/8094
f 7187/8096 7186/8094 7188/8097 7189/8098
f 7186/8094 7182/8093 7191/8099 7188/8097
f 7189/8098 7188/8097 7190/8100 7366/8101
f 7188/8097 7191/8099 7192/8102 7190/8100
f 7193/8103 7191/8099 7182/8093 7195/8092
f 7194/8104 7192/8102 7191/8099 7193/8103
f 7194/8104 7193/8103 7196/8105 7198/8106
f 7193/8103 7195/8092 7197/8107 7196/8105
f 7202/8108 7199/8109 7196/8105 7197/8107
f 7199/8109 7201/8110 7198/8106 7196/8105
f 7200/8111 7210/8112 7201/8110 7199/8109
f 7203/8113 7200/8111 7199/8109 7202/8108
f 7203/8113 7202/8108 7204/8114 7205/8115
f 7202/8108 7197/8107 7207/8116 7204/8114
f 7205/8115 7204/8114 7206/8117 7209/8118
f 7204/8114 7207/8116 7208/8119 7206/8117
f 7183/8089 7207/8116 7197/8107 7195/8092
f 7180/8088 7208/8119 7207/8116 7183/8089
f 7178/8073 7164/8070 7208/8119 7180/8088
f 7206/8117 7208/8119 7164/8070 7162/8069
f 7162/8069 7160/8068 7209/8118 7206/8117
f 7209/8118 7085/7994 7082/7991 7205/8115
f 7160/8068 7088/7997 7085/7994 7209/8118
f 7205/8115 7082/7991 7079/7988 7203/8113
f 7200/8111 7203/8113 7079/7988 7076/7987
f 7211/8120 7201/8110 7210/8112 7212/8121
f 7201/8110 7211/8120 7214/8122 7198/8106
f 7212/8121 7241/8123 7213/8124 7211/8120
f 7214/8122 7211/8120 7213/8124 7215/8125
f 7216/8126 7214/8122 7215/8125 7217/8127
f 7216/8126 7194/8104 7198/8106 7214/8122
f 7216/8126 7217/8127 7219/8128 7218/8129
f 7216/8126 7218/8129 7192/8102 7194/8104
f 7218/8129 7219/8128 7222/8130 7220/8131
f 7190/8100 7192/8102 7218/8129 7220/8131
f 7221/8132 7220/8131 7222/8130 7223/8133
f 7220/8131 7221/8132 7366/8101 7190/8100
f 7224/8134 7226/8135 7223/8133 7222/8130
f 7222/8130 7219/8128 7227/8136 7224/8134
f 7224/8134 7227/8136 7229/8137 7225/8138
f 7225/8138 7352/8139 7226/8135 7224/8134
f 7231/8140 7229/8137 7227/8136 7228/8141
f 7228/8141 7227/8136 7219/8128 7217/8127
f 7229/8137 7230/8142 7350/8143 7225/8138
f 7231/8140 7232/8144 7230/8142 7229/8137
f 7231/8140 7233/8145 7234/8146 7232/8144
f 7231/8140 7228/8141 7235/8147 7233/8145
f 7233/8145 7236/8148 7238/8149 7234/8146
f 7239/8150 7236/8148 7233/8145 7235/8147
f 7237/8151 7340/8152 7238/8149 7236/8148
f 7236/8148 7239/8150 7240/8153 7237/8151
f 7239/8150 7213/8124 7241/8123 7240/8153
f 7213/8124 7239/8150 7235/8147 7215/8125
f 7237/8151 7240/8153 7242/8154 7243/8155
f 7240/8153 7241/8123 7244/8156 7242/8154
f 7243/8155 7242/8154 7245/8157 7248/8158
f 7242/8154 7244/8156 7247/8159 7245/8157
f 7248/8158 7245/8157 7246/8160 7249/8161
f 7245/8157 7247/8159 7307/8162 7246/8160
f 7248/8158 7249/8161 7252/8163 7250/8164
f 7243/8155 7248/8158 7250/8164 7251/8165
f 7255/8166 7251/8165 7250/8164 7253/8167
f 7253/8167 7250/8164 7252/8163 7254/8168
f 7256/8169 7253/8167 7254/8168 7257/8170
f 7258/8171 7255/8166 7253/8167 7256/8169
f 7256/8169 7257/8170 7262/8172 7259/8173
f 7258/8171 7256/8169 7259/8173 7261/8174
f 7260/8175 7332/8176 7261/8174 7259/8173
f 7263/8177 7260/8175 7259/8173 7262/8172
f 7265/8178 7263/8177 7262/8172 7264/8179
f 7267/8180 7264/8179 7262/8172 7257/8170
f 7331/8181 7265/8178 7264/8179 7266/8182
f 7267/8180 7269/8183 7266/8182 7264/8179
f 7268/8184 7267/8180 7257/8170 7254/8168
f 7267/8180 7268/8184 7270/8185 7269/8183
f 7269/8183 7270/8185 7273/8186 7271/8187
f 7269/8183 7271/8187 7274/8188 7266/8182
f 7283/8189 7272/8190 7271/8187 7273/8186
f 7272/8190 7276/8191 7274/8188 7271/8187
f 7277/8192 7275/8193 7274/8188 7276/8191
f 7275/8193 7331/8181 7266/8182 7274/8188
f 7279/8194 7277/8192 7276/8191 7278/8195
f 7272/8190 7281/8196 7278/8195 7276/8191
f 7330/8197 7279/8194 7278/8195 7280/8198
f 7282/8199 7280/8198 7278/8195 7281/8196
f 7272/8190 7283/8189 7282/8199 7281/8196
f 7283/8189 7285/8200 7284/8201 7282/8199
f 7284/8201 7286/8202 7280/8198 7282/8199
f 7284/8201 7285/8200 7288/8203 7286/8202
f 7287/8204 7330/8197 7280/8198 7286/8202
f 7289/8205 7287/8204 7286/8202 7288/8203
f 7291/8206 7289/8205 7288/8203 7290/8207
f 7285/8200 7293/8208 7290/8207 7288/8203
f 7325/8209 7291/8206 7290/8207 7292/8210
f 7294/8211 7292/8210 7290/8207 7293/8208
f 7296/8212 7294/8211 7293/8208 7295/8213
f 7283/8189 7295/8213 7293/8208 7285/8200
f 7298/8214 7296/8212 7295/8213 7297/8215
f 7295/8213 7283/8189 7273/8186 7297/8215
f 7300/8216 7298/8214 7297/8215 7299/8217
f 7270/8185 7299/8217 7297/8215 7273/8186
f 7302/8218 7300/8216 7299/8217 7301/8219
f 7268/8184 7301/8219 7299/8217 7270/8185
f 7249/8161 7302/8218 7301/8219 7252/8163
f 7301/8219 7268/8184 7254/8168 7252/8163
f 7303/8220 7302/8218 7249/8161 7246/8160
f 7302/8218 7303/8220 7304/8221 7300/8216
f 7305/8222 7303/8220 7246/8160 7307/8162
f 7303/8220 7305/8222 7308/8223 7304/8221
f 7326/8224 7306/8225 7305/8222 7307/8162
f 7306/8225 7309/8226 7308/8223 7305/8222
f 7309/8226 7311/8227 7310/8228 7308/8223
f 7304/8221 7308/8223 7310/8228 7313/8229
f 7311/8227 7324/8230 7312/8231 7310/8228
f 7312/8231 7314/8232 7313/8229 7310/8228
f 7314/8232 7296/8212 7298/8214 7313/8229
f 7300/8216 7304/8221 7313/8229 7298/8214
f 7314/8232 7312/8231 7316/8233 7315/8234
f 7296/8212 7314/8232 7315/8234 7294/8211
f 7294/8211 7315/8234 7317/8235 7292/8210
f 7315/8234 7316/8233 7319/8236 7317/8235
f 7318/8237 7325/8209 7292/8210 7317/8235
f 7320/8238 7318/8237 7317/8235 7319/8236
f 7322/8239 7320/8238 7319/8236 7321/8240
f 7323/8241 7321/8240 7319/8236 7316/8233
f 7054/7963 7322/8239 7321/8240 7056/7964
f 7323/8241 7058/7965 7056/7964 7321/8240
f 7324/8230 7323/8241 7316/8233 7312/8231
f 7324/8230 7061/7968 7058/7965 7323/8241
f 7061/7968 7324/8230 7311/8227 7065/7971
f 6044/6897 6042/6891 7320/8238 7322/8239
f 6047/6899 6044/6897 7322/8239 7054/7963
f 6042/6891 6038/6887 7318/8237 7320/8238
f 6038/6887 6035/6885 7325/8209 7318/8237
f 6035/6885 6033/6879 7291/8206 7325/8209
f 7309/8226 7067/7976 7065/7971 7311/8227
f 7306/8225 7070/7977 7067/7976 7309/8226
f 7327/8242 7326/8224 7307/8162 7247/8159
f 7070/7977 7306/8225 7326/8224 7074/7980
f 7327/8242 7077/7985 7074/7980 7326/8224
f 7328/8243 7327/8242 7247/8159 7244/8156
f 7328/8243 7329/7986 7077/7985 7327/8242
f 7212/8121 7328/8243 7244/8156 7241/8123
f 7212/8121 7210/8112 7329/7986 7328/8243
f 7210/8112 7200/8111 7076/7987 7329/7986
f 6033/6879 6029/6875 7289/8205 7291/8206
f 6029/6875 6026/6873 7287/8204 7289/8205
f 6026/6873 6024/6869 7330/8197 7287/8204
f 6024/6869 6021/6865 7279/8194 7330/8197
f 6021/6865 6018/6861 7277/8192 7279/8194
f 6018/6861 6015/6855 7275/8193 7277/8192
f 6015/6855 6011/6851 7331/8181 7275/8193
f 6011/6851 6008/6847 7265/8178 7331/8181
f 6008/6847 6005/6845 7263/8177 7265/8178
f 6005/6845 6003/6839 7260/8175 7263/8177
f 7332/8176 7334/8244 7333/8245 7261/8174
f 7336/8246 7258/8171 7261/8174 7333/8245
f 7334/8244 7363/8247 7335/8248 7333/8245
f 7336/8246 7333/8245 7335/8248 7337/8249
f 7338/8250 7336/8246 7337/8249 7339/8251
f 7336/8246 7338/8250 7255/8166 7258/8171
f 7339/8251 7238/8149 7340/8152 7338/8250
f 7338/8250 7340/8152 7251/8165 7255/8166
f 7237/8151 7243/8155 7251/8165 7340/8152
f 7339/8251 7337/8249 7342/8252 7341/8253
f 7238/8149 7339/8251 7341/8253 7234/8146
f 7344/8254 7343/8255 7341/8253 7342/8252
f 7343/8255 7232/8144 7234/8146 7341/8253
f 7344/8254 7346/8256 7345/8257 7343/8255
f 7343/8255 7345/8257 7230/8142 7232/8144
f 7347/8258 7345/8257 7346/8256 7349/8259
f 7350/8143 7230/8142 7345/8257 7347/8258
f 7348/8260 7347/8258 7349/8259 7353/8261
f 7347/8258 7348/8260 7351/8262 7350/8143
f 7352/8139 7225/8138 7350/8143 7351/8262
f 7352/8139 7351/8262 5951/6775 5949/6772
f 7348/8260 5955/6776 5951/6775 7351/8262
f 7352/8139 5949/6772 5946/6767 7226/8135
f 7353/8261 7349/8259 7354/8263 7355/8264
f 7349/8259 7346/8256 7357/8265 7354/8263
f 7355/8264 7354/8263 7356/8266 7364/8267
f 7354/8263 7357/8265 7358/8268 7356/8266
f 7357/8265 7359/8269 7360/8270 7358/8268
f 7344/8254 7359/8269 7357/8265 7346/8256
f 7362/8271 7360/8270 7359/8269 7361/8272
f 7344/8254 7342/8252 7361/8272 7359/8269
f 7363/8247 7362/8271 7361/8272 7335/8248
f 7337/8249 7335/8248 7361/8272 7342/8252
f 5991/6823 5987/6819 7360/8270 7362/8271
f 5994/6829 5991/6823 7362/8271 7363/8247
f 5996/6833 5994/6829 7363/8247 7334/8244
f 7358/8268 7360/8270 5987/6819 5984/6815
f 7356/8266 7358/8268 5984/6815 5981/6813
f 7364/8267 7356/8266 5981/6813 5979/6807
f 5961/6784 7355/8264 7364/8267 7365/6785
f 7365/6785 7364/8267 5979/6807 5975/6803
f 5960/6786 7365/6785 5975/6803 5968/6793
f 7353/8261 7355/8264 5961/6784 5958/6781
f 7353/8261 5958/6781 5955/6776 7348/8260
f 5999/6835 5996/6833 7334/8244 7332/8176
f 6003/6839 5999/6835 7332/8176 7260/8175
f 7228/8141 7217/8127 7215/8125 7235/8147
f 7226/8135 5946/6767 5942/6766 7223/8133
f 7221/8132 7223/8133 5942/6766 5940/6763
f 7221/8132 5940/6763 5937/6760 7366/8101
f 7366/8101 5937/6760 5934/6757 7189/8098
f 7189/8098 5934/6757 5931/6754 7187/8096
f 7185/8095 7187/8096 5931/6754 5928/6751
f 7367/8086 7185/8095 5928/6751 5925/6748
f 7175/8082 7367/8086 5925/6748 5922/6743
f 7175/8082 5922/6743 5918/6742 7173/8081
f 7171/8080 7173/8081 5918/6742 5916/6739
f 7368/6711 7171/8080 5916/6739 5913/6734
f 7368/6711 5913/6734 5909/6733 5889/6712
f 5892/6713 5889/6712 5909/6733 5903/6726
